trip_id,arrival_time,stop_id,stop_sequence,Required_Pods,pod_id,label,Node_id
MV_A5-Weekday-028000_M11_601,4:40:00,403461,1,1,1,requester,17765
MV_A5-Weekday-028000_M11_601,5:33:00,403876,52,1,1,releaser,17765
MV_A5-Weekday-030000_M11_602,5:00:00,403461,1,1,1,requester,17774
MV_A5-Weekday-030000_M11_602,5:53:00,403876,52,1,1,releaser,17774
MV_A5-Weekday-031500_M11_603,5:15:00,403461,1,1,1,requester,17784
MV_A5-Weekday-031500_M11_603,6:08:00,403876,52,1,1,releaser,17784
MV_A5-Weekday-032500_M11_604,5:25:00,403461,1,1,1,requester,17790
MV_A5-Weekday-032500_M11_604,6:18:00,403876,52,1,1,releaser,17790
MV_A5-Weekday-033500_M11_605,5:35:00,403461,1,1,1,requester,17800
MV_A5-Weekday-033500_M11_605,6:28:00,403876,52,1,1,releaser,17800
MV_A5-Weekday-034500_M11_606,5:45:00,403461,1,1,1,requester,17811
MV_A5-Weekday-034500_M11_606,6:38:00,403876,52,1,1,releaser,17811
MV_A5-Weekday-035300_M11_607,5:53:00,403461,1,1,1,requester,17830
MV_A5-Weekday-035300_M11_607,6:34:00,401497,40,2,2,requester,17831
MV_A5-Weekday-035300_M11_607,6:35:14,405026,41,2,2,releaser,17831
MV_A5-Weekday-035300_M11_607,6:48:00,403876,52,1,1,releaser,17830
MV_A5-Weekday-036000_M11_601,6:00:00,401393,1,1,1,requester,17845
MV_A5-Weekday-036000_M11_601,6:59:00,803194,62,1,1,releaser,17845
MV_A5-Weekday-036100_M11_608,6:01:00,403461,1,1,1,requester,17849
MV_A5-Weekday-036100_M11_608,6:43:00,401497,40,2,2,requester,17850
MV_A5-Weekday-036100_M11_608,6:44:14,405026,41,2,2,releaser,17850
MV_A5-Weekday-036100_M11_608,6:57:00,403876,52,1,1,releaser,17849
MV_A5-Weekday-036900_M11_609,6:09:00,403461,1,1,1,requester,17863
MV_A5-Weekday-036900_M11_609,7:06:00,403876,52,1,1,releaser,17863
MV_A5-Weekday-037500_M11_602,6:15:00,401393,1,1,1,requester,17882
MV_A5-Weekday-037500_M11_602,6:44:32,401025,32,2,2,requester,17883
MV_A5-Weekday-037500_M11_602,6:49:14,401030,37,2,2,releaser,17883
MV_A5-Weekday-037500_M11_602,7:15:00,803194,62,1,1,releaser,17882
MV_A5-Weekday-037700_M11_610,6:17:00,403461,1,1,1,requester,17887
MV_A5-Weekday-037700_M11_610,7:17:00,403876,52,1,1,releaser,17887
MV_A5-Weekday-038500_M11_611,6:25:00,403461,1,1,1,requester,17902
MV_A5-Weekday-038500_M11_611,7:03:13,404030,32,2,2,requester,17903
MV_A5-Weekday-038500_M11_611,7:24:15,401506,48,2,2,releaser,17903
MV_A5-Weekday-038500_M11_611,7:28:00,403876,52,1,1,releaser,17902
MV_A5-Weekday-038700_M11_603,6:27:00,401393,1,1,1,requester,17912
MV_A5-Weekday-038700_M11_603,6:39:10,404279,14,2,2,requester,17913
MV_A5-Weekday-038700_M11_603,6:43:48,401410,19,2,2,releaser,17913
MV_A5-Weekday-038700_M11_603,7:28:00,803194,62,1,1,releaser,17912
MV_A5-Weekday-039300_M11_612,6:33:00,403461,1,1,1,requester,17923
MV_A5-Weekday-039300_M11_612,7:15:27,401491,35,2,2,requester,17924
MV_A5-Weekday-039300_M11_612,7:26:12,401500,42,2,2,releaser,17924
MV_A5-Weekday-039300_M11_612,7:37:00,403876,52,1,1,releaser,17923
MV_A5-Weekday-039700_M11_604,6:37:00,401393,1,1,1,requester,17942
MV_A5-Weekday-039700_M11_604,7:42:00,803194,62,1,1,releaser,17942
MV_A5-Weekday-040100_M11_613,6:41:00,403461,1,1,1,requester,17953
MV_A5-Weekday-040100_M11_613,7:05:25,401091,21,2,2,requester,17954
MV_A5-Weekday-040100_M11_613,7:20:29,405290,31,3,3,requester,17955
MV_A5-Weekday-040100_M11_613,7:30:57,401495,38,3,3,releaser,17955
MV_A5-Weekday-040100_M11_613,7:44:15,401506,48,2,2,releaser,17954
MV_A5-Weekday-040100_M11_613,7:48:00,403876,52,1,1,releaser,17953
MV_A5-Weekday-040700_M11_605,6:47:00,401393,1,1,1,requester,17974
MV_A5-Weekday-040700_M11_605,7:11:32,401416,24,2,2,requester,17975
MV_A5-Weekday-040700_M11_605,7:15:10,403555,27,2,2,releaser,17975
MV_A5-Weekday-040700_M11_605,7:55:00,803194,62,1,1,releaser,17974
MV_A5-Weekday-040900_M11_614,6:49:00,403461,1,1,1,requester,17978
MV_A5-Weekday-040900_M11_614,7:23:09,401096,26,2,2,requester,17979
MV_A5-Weekday-040900_M11_614,7:36:24,401492,36,2,2,releaser,17979
MV_A5-Weekday-040900_M11_614,7:57:00,403876,52,1,1,releaser,17978
MV_A5-Weekday-041700_M11_606,6:57:00,401393,1,1,1,requester,18022
MV_A5-Weekday-041700_M11_606,7:15:39,401410,19,2,2,requester,18023
MV_A5-Weekday-041700_M11_606,7:32:49,401025,32,2,2,releaser,18023
MV_A5-Weekday-041700_M11_606,8:06:00,803194,62,1,1,releaser,18022
MV_A5-Weekday-041700_M11_615,6:57:00,403461,1,1,1,requester,18024
MV_A5-Weekday-041700_M11_615,7:15:00,401086,16,2,2,requester,18025
MV_A5-Weekday-041700_M11_615,7:59:57,405316,46,2,2,releaser,18025
MV_A5-Weekday-041700_M11_615,8:06:00,403876,52,1,1,releaser,18024
MV_A5-Weekday-042300_M11_616,7:03:00,803195,1,1,1,requester,18046
MV_A5-Weekday-042300_M11_616,7:23:00,401086,20,2,2,requester,18047
MV_A5-Weekday-042300_M11_616,7:52:59,401492,40,2,2,releaser,18047
MV_A5-Weekday-042300_M11_616,8:14:00,403876,56,1,1,releaser,18046
MV_A5-Weekday-042700_M11_607,7:07:00,401393,1,1,1,requester,18084
MV_A5-Weekday-042700_M11_607,7:14:52,401400,10,3,2,requester,18085
MV_A5-Weekday-042700_M11_607,7:14:52,401400,10,3,3,requester,18087
MV_A5-Weekday-042700_M11_607,7:24:37,401409,18,3,3,releaser,18087
MV_A5-Weekday-042700_M11_607,8:02:58,401440,47,2,2,releaser,18085
MV_A5-Weekday-042700_M11_607,8:11:12,401447,54,2,2,requester,18086
MV_A5-Weekday-042700_M11_607,8:17:00,803194,62,2,1,releaser,18084
MV_A5-Weekday-042700_M11_607,8:17:00,803194,62,2,2,releaser,18086
MV_A5-Weekday-043100_M11_617,7:11:00,803195,1,1,1,requester,18100
MV_A5-Weekday-043100_M11_617,7:31:00,401086,20,2,2,requester,18101
MV_A5-Weekday-043100_M11_617,7:32:35,401087,21,2,2,releaser,18101
MV_A5-Weekday-043100_M11_617,8:24:00,403876,56,1,1,releaser,18100
MV_A5-Weekday-043700_M11_608,7:17:00,401393,1,1,1,requester,18141
MV_A5-Weekday-043700_M11_608,8:28:00,803194,62,1,1,releaser,18141
MV_A5-Weekday-043900_M11_601,7:19:00,803195,1,1,1,requester,18144
MV_A5-Weekday-043900_M11_601,7:40:35,401087,21,2,2,requester,18145
MV_A5-Weekday-043900_M11_601,7:43:00,403362,23,2,2,releaser,18145
MV_A5-Weekday-043900_M11_601,8:33:00,403876,56,1,1,releaser,18144
MV_A5-Weekday-044700_M11_609,7:27:00,401393,1,1,1,requester,18208
MV_A5-Weekday-044700_M11_609,7:31:15,405151,6,2,2,requester,18209
MV_A5-Weekday-044700_M11_609,8:28:58,401440,47,2,2,releaser,18209
MV_A5-Weekday-044700_M11_609,8:43:00,803194,62,1,1,releaser,18208
MV_A5-Weekday-044800_M11_618,7:28:00,803195,1,1,1,requester,18214
MV_A5-Weekday-044800_M11_618,7:47:51,401469,18,2,2,requester,18215
MV_A5-Weekday-044800_M11_618,7:57:43,401091,25,2,2,releaser,18215
MV_A5-Weekday-044800_M11_618,8:02:08,401093,27,2,2,requester,18216
MV_A5-Weekday-044800_M11_618,8:17:48,401489,37,3,3,requester,18217
MV_A5-Weekday-044800_M11_618,8:32:55,401500,46,3,3,releaser,18217
MV_A5-Weekday-044800_M11_618,8:36:01,401502,48,3,3,requester,18218
MV_A5-Weekday-044800_M11_618,8:37:11,401503,49,3,3,releaser,18218
MV_A5-Weekday-044800_M11_618,8:40:00,404881,51,2,2,releaser,18216
MV_A5-Weekday-044800_M11_618,8:45:00,403876,56,1,1,releaser,18214
MV_A5-Weekday-045700_M11_602,7:37:00,803195,1,1,1,requester,18266
MV_A5-Weekday-045700_M11_602,8:17:21,401096,30,2,2,requester,18267
MV_A5-Weekday-045700_M11_602,8:42:55,401500,46,2,2,releaser,18267
MV_A5-Weekday-045700_M11_602,8:55:00,403876,56,1,1,releaser,18266
MV_A5-Weekday-045700_M11_610,7:37:00,401393,1,1,1,requester,18268
MV_A5-Weekday-045700_M11_610,7:56:13,405631,15,2,2,requester,18269
MV_A5-Weekday-045700_M11_610,8:12:00,403472,26,2,2,releaser,18269
MV_A5-Weekday-045700_M11_610,8:16:10,401022,29,2,2,requester,18270
MV_A5-Weekday-045700_M11_610,8:33:13,401035,42,2,2,releaser,18270
MV_A5-Weekday-045700_M11_610,8:54:00,803194,62,1,1,releaser,18268
MV_A5-Weekday-046700_M11_603,7:47:00,803195,1,1,1,requester,18311
MV_A5-Weekday-046700_M11_603,7:55:46,401458,8,2,2,requester,18312
MV_A5-Weekday-046700_M11_603,8:02:14,401464,13,2,2,releaser,18312
MV_A5-Weekday-046700_M11_603,8:22:27,401093,27,2,2,requester,18313
MV_A5-Weekday-046700_M11_603,9:05:00,403876,56,2,1,releaser,18311
MV_A5-Weekday-046700_M11_603,9:05:00,403876,56,2,2,releaser,18313
MV_A5-Weekday-046700_M11_611,7:47:00,401393,1,1,1,requester,18314
MV_A5-Weekday-046700_M11_611,9:04:00,803194,62,1,1,releaser,18314
MV_A5-Weekday-047700_M11_604,7:57:00,803195,1,1,1,requester,18375
MV_A5-Weekday-047700_M11_604,8:34:48,401094,28,2,2,requester,18376
MV_A5-Weekday-047700_M11_604,9:00:00,401497,44,2,2,releaser,18376
MV_A5-Weekday-047700_M11_604,9:16:00,403876,56,1,1,releaser,18375
MV_A5-Weekday-047700_M11_612,7:57:00,401393,1,1,1,requester,18377
MV_A5-Weekday-047700_M11_612,8:07:47,401401,11,2,2,requester,18378
MV_A5-Weekday-047700_M11_612,8:14:35,404279,14,2,2,releaser,18378
MV_A5-Weekday-047700_M11_612,8:19:41,401408,17,2,2,requester,18379
MV_A5-Weekday-047700_M11_612,8:23:49,401411,20,2,2,releaser,18379
MV_A5-Weekday-047700_M11_612,8:26:03,401413,22,2,2,requester,18380
MV_A5-Weekday-047700_M11_612,8:40:08,401025,32,2,2,releaser,18380
MV_A5-Weekday-047700_M11_612,8:48:44,401031,38,2,2,requester,18381
MV_A5-Weekday-047700_M11_612,8:53:13,401035,42,2,2,releaser,18381
MV_A5-Weekday-047700_M11_612,9:14:00,803194,62,1,1,releaser,18377
MV_A5-Weekday-048700_M11_613,8:07:00,401393,1,2,1,requester,18434
MV_A5-Weekday-048700_M11_613,8:07:00,401393,1,2,2,requester,18435
MV_A5-Weekday-048700_M11_613,8:22:07,401404,13,2,2,releaser,18435
MV_A5-Weekday-048700_M11_613,9:24:00,803194,62,1,1,releaser,18434
MV_A5-Weekday-048900_M11_605,8:09:00,803195,1,1,1,requester,18449
MV_A5-Weekday-048900_M11_605,8:31:49,401470,19,2,2,requester,18450
MV_A5-Weekday-048900_M11_605,8:33:00,401086,20,2,2,releaser,18450
MV_A5-Weekday-048900_M11_605,9:03:22,401491,39,2,2,requester,18451
MV_A5-Weekday-048900_M11_605,9:15:55,401500,46,2,2,releaser,18451
MV_A5-Weekday-048900_M11_605,9:28:00,403876,56,1,1,releaser,18449
MV_A5-Weekday-049700_M11_614,8:17:00,401393,1,1,1,requester,18495
MV_A5-Weekday-049700_M11_614,8:21:42,405151,6,2,2,requester,18496
MV_A5-Weekday-049700_M11_614,8:26:25,401400,10,2,2,releaser,18496
MV_A5-Weekday-049700_M11_614,8:55:00,401021,28,2,2,requester,18497
MV_A5-Weekday-049700_M11_614,9:34:00,803194,62,2,1,releaser,18495
MV_A5-Weekday-049700_M11_614,9:34:00,803194,62,2,2,releaser,18497
MV_A5-Weekday-050100_M11_606,8:21:00,803195,1,1,1,requester,18523
MV_A5-Weekday-050100_M11_606,8:32:00,401459,9,2,2,requester,18524
MV_A5-Weekday-050100_M11_606,8:39:06,401466,15,2,2,releaser,18524
MV_A5-Weekday-050100_M11_606,9:12:48,401489,37,2,2,requester,18525
MV_A5-Weekday-050100_M11_606,9:27:55,401500,46,2,2,releaser,18525
MV_A5-Weekday-050100_M11_606,9:40:00,403876,56,1,1,releaser,18523
MV_A5-Weekday-050700_M11_615,8:27:00,401393,1,1,1,requester,18558
MV_A5-Weekday-050700_M11_615,9:44:00,803194,62,1,1,releaser,18558
MV_A5-Weekday-051300_M11_607,8:33:00,803195,1,1,1,requester,18585
MV_A5-Weekday-051300_M11_607,9:09:27,401093,27,2,2,requester,18586
MV_A5-Weekday-051300_M11_607,9:52:00,403876,56,2,1,releaser,18585
MV_A5-Weekday-051300_M11_607,9:52:00,403876,56,2,2,releaser,18586
MV_A5-Weekday-051700_M11_616,8:37:00,401393,1,1,1,requester,18614
MV_A5-Weekday-051700_M11_616,8:41:42,405151,6,2,2,requester,18615
MV_A5-Weekday-051700_M11_616,9:52:12,404012,57,2,2,releaser,18615
MV_A5-Weekday-051700_M11_616,9:54:00,803194,62,1,1,releaser,18614
MV_A5-Weekday-052500_M11_608,8:45:00,803195,1,1,1,requester,18650
MV_A5-Weekday-052500_M11_608,9:46:38,401496,43,2,2,requester,18651
MV_A5-Weekday-052500_M11_608,9:55:01,401502,48,2,2,releaser,18651
MV_A5-Weekday-052500_M11_608,10:04:00,403876,56,1,1,releaser,18650
MV_A5-Weekday-052700_M11_617,8:47:00,401393,1,1,1,requester,18661
MV_A5-Weekday-052700_M11_617,8:53:59,401398,8,2,2,requester,18662
MV_A5-Weekday-052700_M11_617,9:06:13,405631,15,2,2,releaser,18662
MV_A5-Weekday-052700_M11_617,9:41:59,401034,41,2,2,requester,18663
MV_A5-Weekday-052700_M11_617,9:49:58,401440,47,2,2,releaser,18663
MV_A5-Weekday-052700_M11_617,10:04:00,803194,62,1,1,releaser,18661
MV_A5-Weekday-053700_M11_601,8:57:00,401393,1,1,1,requester,18709
MV_A5-Weekday-053700_M11_601,9:18:00,401407,16,2,2,requester,18710
MV_A5-Weekday-053700_M11_601,9:25:14,401412,21,2,2,releaser,18710
MV_A5-Weekday-053700_M11_601,10:14:00,803194,62,1,1,releaser,18709
MV_A5-Weekday-053700_M11_609,8:57:00,803195,1,1,1,requester,18711
MV_A5-Weekday-053700_M11_609,9:28:05,401090,24,2,2,requester,18712
MV_A5-Weekday-053700_M11_609,10:01:30,405026,45,2,2,releaser,18712
MV_A5-Weekday-053700_M11_609,10:16:00,403876,56,1,1,releaser,18711
MV_A5-Weekday-054700_M11_618,9:07:00,401393,1,2,1,requester,18755
MV_A5-Weekday-054700_M11_618,9:07:00,401393,1,2,2,requester,18756
MV_A5-Weekday-054700_M11_618,10:04:22,401435,43,2,2,releaser,18756
MV_A5-Weekday-054700_M11_618,10:24:00,803194,62,1,1,releaser,18755
MV_A5-Weekday-054900_M11_610,9:09:00,803195,1,1,1,requester,18766
MV_A5-Weekday-054900_M11_610,9:12:18,404019,5,2,2,requester,18767
MV_A5-Weekday-054900_M11_610,9:21:30,405079,10,2,2,releaser,18767
MV_A5-Weekday-054900_M11_610,9:36:25,401088,22,2,2,requester,18768
MV_A5-Weekday-054900_M11_610,9:56:00,405283,34,2,2,releaser,18768
MV_A5-Weekday-054900_M11_610,10:03:22,401491,39,2,2,requester,18769
MV_A5-Weekday-054900_M11_610,10:20:11,401503,49,2,2,releaser,18769
MV_A5-Weekday-054900_M11_610,10:28:00,403876,56,1,1,releaser,18766
MV_A5-Weekday-055700_M11_602,9:17:00,401393,1,1,1,requester,18807
MV_A5-Weekday-055700_M11_602,9:25:00,403802,9,2,2,requester,18808
MV_A5-Weekday-055700_M11_602,9:27:47,401401,11,2,2,releaser,18808
MV_A5-Weekday-055700_M11_602,9:34:35,404279,14,2,2,requester,18809
MV_A5-Weekday-055700_M11_602,9:50:51,401417,25,2,2,releaser,18809
MV_A5-Weekday-055700_M11_602,9:55:00,401021,28,2,2,requester,18810
MV_A5-Weekday-055700_M11_602,10:03:03,401027,34,2,2,releaser,18810
MV_A5-Weekday-055700_M11_602,10:05:51,401029,36,2,2,requester,18811
MV_A5-Weekday-055700_M11_602,10:19:58,401440,47,2,2,releaser,18811
MV_A5-Weekday-055700_M11_602,10:22:09,401442,49,2,2,requester,18812
MV_A5-Weekday-055700_M11_602,10:33:13,404014,60,2,2,releaser,18812
MV_A5-Weekday-055700_M11_602,10:34:00,803194,62,1,1,releaser,18807
MV_A5-Weekday-056100_M11_619,9:21:00,803195,1,1,1,requester,18833
MV_A5-Weekday-056100_M11_619,10:17:35,401492,40,2,2,requester,18834
MV_A5-Weekday-056100_M11_619,10:41:00,403876,56,2,1,releaser,18833
MV_A5-Weekday-056100_M11_619,10:41:00,403876,56,2,2,releaser,18834
MV_A5-Weekday-056700_M11_603,9:27:00,401393,1,1,1,requester,18856
MV_A5-Weekday-056700_M11_603,9:46:13,405631,15,2,2,requester,18857
MV_A5-Weekday-056700_M11_603,10:16:58,401030,37,2,2,releaser,18857
MV_A5-Weekday-056700_M11_603,10:44:00,803194,62,1,1,releaser,18856
MV_A5-Weekday-057300_M11_612,9:33:00,803195,1,1,1,requester,18901
MV_A5-Weekday-057300_M11_612,9:55:49,401470,19,2,2,requester,18902
MV_A5-Weekday-057300_M11_612,10:09:27,401093,27,3,3,requester,18903
MV_A5-Weekday-057300_M11_612,10:10:48,401094,28,3,3,releaser,18903
MV_A5-Weekday-057300_M11_612,10:23:40,404030,36,2,2,releaser,18902
MV_A5-Weekday-057300_M11_612,10:53:00,403876,56,1,1,releaser,18901
MV_A5-Weekday-057700_M11_604,9:37:00,401393,1,1,1,requester,18921
MV_A5-Weekday-057700_M11_604,10:16:10,401022,29,2,2,requester,18922
MV_A5-Weekday-057700_M11_604,10:37:45,401438,45,2,2,releaser,18922
MV_A5-Weekday-057700_M11_604,10:43:30,401443,50,2,2,requester,18923
MV_A5-Weekday-057700_M11_604,10:44:56,403292,51,2,2,releaser,18923
MV_A5-Weekday-057700_M11_604,10:54:00,803194,62,1,1,releaser,18921
MV_A5-Weekday-058500_M11_613,9:45:00,803195,1,1,1,requester,18951
MV_A5-Weekday-058500_M11_613,9:46:42,404017,3,2,2,requester,18952
MV_A5-Weekday-058500_M11_613,10:02:11,401465,14,2,2,releaser,18952
MV_A5-Weekday-058500_M11_613,10:04:01,401467,16,2,2,requester,18953
MV_A5-Weekday-058500_M11_613,11:00:00,404881,51,2,2,releaser,18953
MV_A5-Weekday-058500_M11_613,11:06:00,403876,56,1,1,releaser,18951
MV_A5-Weekday-058900_M11_605,9:49:00,401393,1,1,1,requester,18970
MV_A5-Weekday-058900_M11_605,10:10:00,401407,16,2,2,requester,18971
MV_A5-Weekday-058900_M11_605,10:43:00,401033,40,2,2,releaser,18971
MV_A5-Weekday-058900_M11_605,10:45:13,401035,42,2,2,requester,18972
MV_A5-Weekday-058900_M11_605,10:49:45,401438,45,2,2,releaser,18972
MV_A5-Weekday-058900_M11_605,11:07:00,803194,62,1,1,releaser,18970
MV_A5-Weekday-059700_M11_614,9:57:00,803195,1,1,1,requester,19009
MV_A5-Weekday-059700_M11_614,10:19:49,401470,19,2,2,requester,19010
MV_A5-Weekday-059700_M11_614,10:21:00,401086,20,2,2,releaser,19010
MV_A5-Weekday-059700_M11_614,10:33:27,401093,27,2,2,requester,19011
MV_A5-Weekday-059700_M11_614,10:44:00,405283,34,2,2,releaser,19011
MV_A5-Weekday-059700_M11_614,10:51:50,401491,39,2,2,requester,19012
MV_A5-Weekday-059700_M11_614,11:01:00,401497,44,2,2,releaser,19012
MV_A5-Weekday-059700_M11_614,11:18:00,403876,56,1,1,releaser,19009
MV_A5-Weekday-060100_M11_606,10:01:00,401393,1,1,1,requester,19035
MV_A5-Weekday-060100_M11_606,10:20:13,405631,15,2,2,requester,19036
MV_A5-Weekday-060100_M11_606,10:23:41,401408,17,3,3,requester,19038
MV_A5-Weekday-060100_M11_606,10:29:14,401412,21,3,3,releaser,19038
MV_A5-Weekday-060100_M11_606,10:34:51,401417,25,3,3,requester,19039
MV_A5-Weekday-060100_M11_606,10:36:00,403472,26,3,3,releaser,19039
MV_A5-Weekday-060100_M11_606,11:03:17,403886,46,3,3,requester,19040
MV_A5-Weekday-060100_M11_606,11:05:59,401441,48,3,2,releaser,19036
MV_A5-Weekday-060100_M11_606,11:05:59,401441,48,3,3,releaser,19040
MV_A5-Weekday-060100_M11_606,11:10:33,403292,51,2,2,requester,19037
MV_A5-Weekday-060100_M11_606,11:21:00,803194,62,2,1,releaser,19035
MV_A5-Weekday-060100_M11_606,11:21:00,803194,62,2,2,releaser,19037
MV_A5-Weekday-060600_M11_611,10:06:00,403942,1,1,1,requester,19060
MV_A5-Weekday-060600_M11_611,10:30:41,403158,19,2,2,requester,19061
MV_A5-Weekday-060600_M11_611,10:31:54,403159,20,2,2,releaser,19061
MV_A5-Weekday-060600_M11_611,10:38:04,403164,24,2,2,requester,19062
MV_A5-Weekday-060600_M11_611,10:44:09,403167,27,2,2,releaser,19062
MV_A5-Weekday-060600_M11_611,11:09:00,803144,43,1,1,releaser,19060
MV_A5-Weekday-060900_M11_615,10:09:00,803195,1,1,1,requester,19081
MV_A5-Weekday-060900_M11_615,10:14:39,403786,7,2,2,requester,19082
MV_A5-Weekday-060900_M11_615,10:30:51,401469,18,3,3,requester,19085
MV_A5-Weekday-060900_M11_615,10:40:16,401090,24,3,3,releaser,19085
MV_A5-Weekday-060900_M11_615,10:43:52,401092,26,3,3,requester,19086
MV_A5-Weekday-060900_M11_615,11:04:50,401491,39,3,2,releaser,19082
MV_A5-Weekday-060900_M11_615,11:04:50,401491,39,3,3,releaser,19086
MV_A5-Weekday-060900_M11_615,11:08:36,401493,41,3,2,requester,19083
MV_A5-Weekday-060900_M11_615,11:08:36,401493,41,3,3,requester,19087
MV_A5-Weekday-060900_M11_615,11:21:01,401502,48,3,2,releaser,19083
MV_A5-Weekday-060900_M11_615,11:21:01,401502,48,3,3,releaser,19087
MV_A5-Weekday-060900_M11_615,11:26:33,401506,52,2,2,requester,19084
MV_A5-Weekday-060900_M11_615,11:30:00,401386,54,2,2,releaser,19084
MV_A5-Weekday-060900_M11_615,11:31:00,403876,56,1,1,releaser,19081
MV_A5-Weekday-061300_M11_607,10:13:00,401393,1,1,1,requester,19105
MV_A5-Weekday-061300_M11_607,10:21:00,403802,9,2,2,requester,19106
MV_A5-Weekday-061300_M11_607,10:37:55,401410,19,3,3,requester,19109
MV_A5-Weekday-061300_M11_607,10:51:00,401021,28,3,3,releaser,19109
MV_A5-Weekday-061300_M11_607,11:02:58,401030,37,2,2,releaser,19106
MV_A5-Weekday-061300_M11_607,11:07:00,401033,40,2,2,requester,19107
MV_A5-Weekday-061300_M11_607,11:17:59,401441,48,2,2,releaser,19107
MV_A5-Weekday-061300_M11_607,11:25:00,401446,53,2,2,requester,19108
MV_A5-Weekday-061300_M11_607,11:30:18,404012,57,2,2,releaser,19108
MV_A5-Weekday-061300_M11_607,11:33:00,803194,62,1,1,releaser,19105
MV_A5-Weekday-062100_M11_622,10:21:00,803195,1,1,1,requester,19144
MV_A5-Weekday-062100_M11_622,10:43:51,401469,18,2,2,requester,19145
MV_A5-Weekday-062100_M11_622,10:51:00,403362,23,2,2,releaser,19145
MV_A5-Weekday-062100_M11_622,10:54:43,401091,25,2,2,requester,19146
MV_A5-Weekday-062100_M11_622,10:56:52,401092,26,2,2,releaser,19146
MV_A5-Weekday-062100_M11_622,11:03:00,404838,29,2,2,requester,19147
MV_A5-Weekday-062100_M11_622,11:05:48,403372,31,2,2,releaser,19147
MV_A5-Weekday-062100_M11_622,11:17:50,401491,39,2,2,requester,19148
MV_A5-Weekday-062100_M11_622,11:21:36,401493,41,2,2,releaser,19148
MV_A5-Weekday-062100_M11_622,11:44:00,403876,56,1,1,releaser,19144
MV_A5-Weekday-062500_M11_608,10:25:00,401393,1,1,1,requester,19166
MV_A5-Weekday-062500_M11_608,11:08:08,401024,31,2,2,requester,19167
MV_A5-Weekday-062500_M11_608,11:16:43,401030,37,2,2,releaser,19167
MV_A5-Weekday-062500_M11_608,11:47:00,803194,62,1,1,releaser,19166
MV_A5-Weekday-063300_M11_623,10:33:00,803195,1,1,1,requester,19201
MV_A5-Weekday-063300_M11_623,11:02:25,401088,22,2,2,requester,19202
MV_A5-Weekday-063300_M11_623,11:06:16,401090,24,2,2,releaser,19202
MV_A5-Weekday-063300_M11_623,11:13:36,401094,28,2,2,requester,19203
MV_A5-Weekday-063300_M11_623,11:56:00,401386,54,2,2,releaser,19203
MV_A5-Weekday-063300_M11_623,11:57:00,403876,56,1,1,releaser,19201
MV_A5-Weekday-063700_M11_609,10:37:00,401393,1,1,1,requester,19227
MV_A5-Weekday-063700_M11_609,10:54:35,404279,14,2,2,requester,19228
MV_A5-Weekday-063700_M11_609,11:21:28,401025,32,3,3,requester,19229
MV_A5-Weekday-063700_M11_609,11:27:31,401029,36,3,3,releaser,19229
MV_A5-Weekday-063700_M11_609,11:49:35,401444,52,2,2,releaser,19228
MV_A5-Weekday-063700_M11_609,11:59:00,803194,62,1,1,releaser,19227
MV_A5-Weekday-064500_M11_618,10:45:00,803195,1,1,1,requester,19253
MV_A5-Weekday-064500_M11_618,11:11:00,401086,20,2,2,requester,19254
MV_A5-Weekday-064500_M11_618,11:30:48,403372,31,2,2,releaser,19254
MV_A5-Weekday-064500_M11_618,11:35:00,405283,34,2,2,requester,19255
MV_A5-Weekday-064500_M11_618,11:36:48,405290,35,2,2,releaser,19255
MV_A5-Weekday-064500_M11_618,11:52:00,401497,44,2,2,requester,19256
MV_A5-Weekday-064500_M11_618,11:53:30,405026,45,2,2,releaser,19256
MV_A5-Weekday-064500_M11_618,12:09:00,403876,56,1,1,releaser,19253
MV_A5-Weekday-064900_M11_610,10:49:00,401393,1,1,1,requester,19278
MV_A5-Weekday-064900_M11_610,10:57:00,403802,9,2,2,requester,19279
MV_A5-Weekday-064900_M11_610,10:58:25,401400,10,2,2,releaser,19279
MV_A5-Weekday-064900_M11_610,11:06:35,404279,14,2,2,requester,19280
MV_A5-Weekday-064900_M11_610,11:20:14,401414,23,2,2,releaser,19280
MV_A5-Weekday-064900_M11_610,11:35:40,401026,33,2,2,requester,19281
MV_A5-Weekday-064900_M11_610,11:39:01,404320,35,2,2,releaser,19281
MV_A5-Weekday-064900_M11_610,11:41:43,401030,37,2,2,requester,19282
MV_A5-Weekday-064900_M11_610,11:44:48,401032,39,2,2,releaser,19282
MV_A5-Weekday-064900_M11_610,12:12:00,803194,62,1,1,releaser,19278
MV_A5-Weekday-065400_M11_617,10:54:00,403942,1,1,1,requester,19302
MV_A5-Weekday-065400_M11_617,11:12:52,403154,16,2,2,requester,19303
MV_A5-Weekday-065400_M11_617,11:29:00,403165,25,3,3,requester,19304
MV_A5-Weekday-065400_M11_617,11:31:25,403166,26,3,3,releaser,19304
MV_A5-Weekday-065400_M11_617,11:45:42,400861,35,2,2,releaser,19303
MV_A5-Weekday-065400_M11_617,11:58:00,803144,43,1,1,releaser,19302
MV_A5-Weekday-065700_M11_612,10:57:00,803195,1,2,1,requester,19309
MV_A5-Weekday-065700_M11_612,10:57:00,803195,1,2,2,requester,19310
MV_A5-Weekday-065700_M11_612,10:59:07,404017,3,2,2,releaser,19310
MV_A5-Weekday-065700_M11_612,11:12:10,401462,11,2,2,requester,19311
MV_A5-Weekday-065700_M11_612,11:17:55,401467,16,2,2,releaser,19311
MV_A5-Weekday-065700_M11_612,11:30:16,401090,24,2,2,requester,19312
MV_A5-Weekday-065700_M11_612,11:42:48,403372,31,2,2,releaser,19312
MV_A5-Weekday-065700_M11_612,11:48:48,405290,35,2,2,requester,19313
MV_A5-Weekday-065700_M11_612,11:54:50,401491,39,2,2,releaser,19313
MV_A5-Weekday-065700_M11_612,11:58:36,401493,41,2,2,requester,19314
MV_A5-Weekday-065700_M11_612,12:04:00,401497,44,2,2,releaser,19314
MV_A5-Weekday-065700_M11_612,12:21:00,403876,56,1,1,releaser,19309
MV_A5-Weekday-066100_M11_619,11:01:00,401393,1,1,1,requester,19339
MV_A5-Weekday-066100_M11_619,11:03:00,405265,4,2,2,requester,19340
MV_A5-Weekday-066100_M11_619,11:14:51,401402,12,3,3,requester,19341
MV_A5-Weekday-066100_M11_619,11:59:00,401033,40,3,3,releaser,19341
MV_A5-Weekday-066100_M11_619,12:02:22,401435,43,3,3,requester,19342
MV_A5-Weekday-066100_M11_619,12:06:04,401438,45,3,2,releaser,19340
MV_A5-Weekday-066100_M11_619,12:06:04,401438,45,3,3,releaser,19342
MV_A5-Weekday-066100_M11_619,12:25:00,803194,62,1,1,releaser,19339
MV_A5-Weekday-067300_M11_620,11:13:00,401393,1,1,1,requester,19405
MV_A5-Weekday-067300_M11_620,11:29:07,401404,13,2,2,requester,19406
MV_A5-Weekday-067300_M11_620,11:33:13,405631,15,2,2,releaser,19406
MV_A5-Weekday-067300_M11_620,11:36:48,401408,17,2,2,requester,19407
MV_A5-Weekday-067300_M11_620,11:38:01,401409,18,2,2,releaser,19407
MV_A5-Weekday-067300_M11_620,11:41:14,401411,20,2,2,requester,19408
MV_A5-Weekday-067300_M11_620,11:55:14,401022,29,2,2,releaser,19408
MV_A5-Weekday-067300_M11_620,12:37:00,803194,62,1,1,releaser,19405
MV_A5-Weekday-067800_M11_601,11:18:00,403942,1,1,1,requester,19432
MV_A5-Weekday-067800_M11_601,12:25:00,803144,43,1,1,releaser,19432
MV_A5-Weekday-068100_M11_613,11:21:00,803195,1,1,1,requester,19447
MV_A5-Weekday-068100_M11_613,11:33:00,401459,9,2,2,requester,19448
MV_A5-Weekday-068100_M11_613,12:00:08,401093,27,3,3,requester,19449
MV_A5-Weekday-068100_M11_613,12:09:38,401100,33,3,3,releaser,19449
MV_A5-Weekday-068100_M11_613,12:45:00,403876,56,2,1,releaser,19447
MV_A5-Weekday-068100_M11_613,12:45:00,403876,56,2,2,releaser,19448
MV_A5-Weekday-068300_M11_611,11:23:00,405374,1,1,1,requester,19454
MV_A5-Weekday-068300_M11_611,12:18:00,903352,36,1,1,releaser,19454
MV_A5-Weekday-068500_M11_621,11:25:00,401393,1,2,1,requester,19464
MV_A5-Weekday-068500_M11_621,11:25:00,401393,1,2,2,requester,19465
MV_A5-Weekday-068500_M11_621,12:49:00,803194,62,2,1,releaser,19464
MV_A5-Weekday-068500_M11_621,12:49:00,803194,62,2,2,releaser,19465
MV_A5-Weekday-069000_M11_615,11:30:00,403942,1,1,1,requester,19482
MV_A5-Weekday-069000_M11_615,11:50:21,403153,15,2,2,requester,19483
MV_A5-Weekday-069000_M11_615,12:03:15,403162,22,2,2,releaser,19483
MV_A5-Weekday-069000_M11_615,12:08:00,403165,25,2,2,requester,19484
MV_A5-Weekday-069000_M11_615,12:16:05,403169,29,2,2,releaser,19484
MV_A5-Weekday-069000_M11_615,12:37:00,803144,43,1,1,releaser,19482
MV_A5-Weekday-069300_M11_616,11:33:00,803195,1,1,1,requester,19489
MV_A5-Weekday-069300_M11_616,11:46:40,405079,10,2,2,requester,19490
MV_A5-Weekday-069300_M11_616,11:50:48,401464,13,2,2,releaser,19490
MV_A5-Weekday-069300_M11_616,11:52:53,401466,15,2,2,requester,19491
MV_A5-Weekday-069300_M11_616,12:12:08,401093,27,2,2,releaser,19491
MV_A5-Weekday-069300_M11_616,12:20:16,401099,32,2,2,requester,19492
MV_A5-Weekday-069300_M11_616,12:28:06,401489,37,3,3,requester,19493
MV_A5-Weekday-069300_M11_616,12:38:33,401496,43,3,3,releaser,19493
MV_A5-Weekday-069300_M11_616,12:52:33,401506,52,2,2,releaser,19492
MV_A5-Weekday-069300_M11_616,12:57:00,403876,56,1,1,releaser,19489
MV_A5-Weekday-069700_M11_624,11:37:00,401393,1,1,1,requester,19518
MV_A5-Weekday-069700_M11_624,12:07:37,401413,22,2,2,requester,19519
MV_A5-Weekday-069700_M11_624,12:11:09,401416,24,2,2,releaser,19519
MV_A5-Weekday-069700_M11_624,12:14:00,403472,26,2,2,requester,19520
MV_A5-Weekday-069700_M11_624,12:19:14,401022,29,2,2,releaser,19520
MV_A5-Weekday-069700_M11_624,13:01:00,803194,62,1,1,releaser,19518
MV_A5-Weekday-070200_M11_603,11:42:00,403942,1,1,1,requester,19537
MV_A5-Weekday-070200_M11_603,12:49:00,803144,43,1,1,releaser,19537
MV_A5-Weekday-070500_M11_602,11:45:00,803195,1,2,1,requester,19539
MV_A5-Weekday-070500_M11_602,11:45:00,803195,1,2,2,requester,19540
MV_A5-Weekday-070500_M11_602,11:51:39,403786,7,2,2,releaser,19540
MV_A5-Weekday-070500_M11_602,12:45:11,401492,40,2,2,requester,19541
MV_A5-Weekday-070500_M11_602,13:05:35,401507,53,2,2,releaser,19541
MV_A5-Weekday-070500_M11_602,13:09:00,403876,56,1,1,releaser,19539
MV_A5-Weekday-071400_M11_605,11:54:00,403942,1,2,1,requester,19604
MV_A5-Weekday-071400_M11_605,11:54:00,403942,1,2,2,requester,19605
MV_A5-Weekday-071400_M11_605,12:41:39,400856,30,2,2,releaser,19605
MV_A5-Weekday-071400_M11_605,13:01:00,803144,43,1,1,releaser,19604
MV_A5-Weekday-072100_M11_622,12:01:00,401393,1,1,1,requester,19632
MV_A5-Weekday-072100_M11_622,12:11:25,401400,10,2,2,requester,19633
MV_A5-Weekday-072100_M11_622,12:33:14,401414,23,2,2,releaser,19633
MV_A5-Weekday-072100_M11_622,12:39:33,403555,27,2,2,requester,19634
MV_A5-Weekday-072100_M11_622,12:43:14,401022,29,3,3,requester,19635
MV_A5-Weekday-072100_M11_622,12:59:59,401034,41,3,3,releaser,19635
MV_A5-Weekday-072100_M11_622,13:18:12,401447,54,2,2,releaser,19634
MV_A5-Weekday-072100_M11_622,13:25:00,803194,62,1,1,releaser,19632
MV_A5-Weekday-072900_M11_604,12:09:00,803195,1,2,1,requester,19681
MV_A5-Weekday-072900_M11_604,12:09:00,803195,1,2,2,requester,19682
MV_A5-Weekday-072900_M11_604,12:40:00,403362,23,2,2,releaser,19682
MV_A5-Weekday-072900_M11_604,12:45:52,401092,26,3,2,requester,19683
MV_A5-Weekday-072900_M11_604,12:45:52,401092,26,3,3,requester,19684
MV_A5-Weekday-072900_M11_604,12:52:00,404838,29,4,4,requester,19686
MV_A5-Weekday-072900_M11_604,12:53:21,401096,30,4,4,releaser,19686
MV_A5-Weekday-072900_M11_604,13:02:54,404030,36,3,3,releaser,19684
MV_A5-Weekday-072900_M11_604,13:05:35,401490,38,3,3,requester,19685
MV_A5-Weekday-072900_M11_604,13:19:55,401500,46,3,3,releaser,19685
MV_A5-Weekday-072900_M11_604,13:25:51,405316,50,2,2,releaser,19683
MV_A5-Weekday-072900_M11_604,13:33:00,403876,56,1,1,releaser,19681
MV_A5-Weekday-073100_M11_617,12:11:00,405374,1,1,1,requester,19688
MV_A5-Weekday-073100_M11_617,12:34:53,403107,16,2,2,requester,19689
MV_A5-Weekday-073100_M11_617,12:37:28,403109,18,2,2,releaser,19689
MV_A5-Weekday-073100_M11_617,13:06:00,903352,36,1,1,releaser,19688
MV_A5-Weekday-073300_M11_623,12:13:00,401393,1,1,1,requester,19714
MV_A5-Weekday-073300_M11_623,12:41:14,401411,20,3,2,requester,19715
MV_A5-Weekday-073300_M11_623,12:41:14,401411,20,3,3,requester,19717
MV_A5-Weekday-073300_M11_623,12:54:00,401021,28,3,3,releaser,19717
MV_A5-Weekday-073300_M11_623,13:00:40,401026,33,2,2,releaser,19715
MV_A5-Weekday-073300_M11_623,13:11:00,401033,40,2,2,requester,19716
MV_A5-Weekday-073300_M11_623,13:23:16,401442,49,2,2,releaser,19716
MV_A5-Weekday-073300_M11_623,13:37:00,803194,62,1,1,releaser,19714
MV_A5-Weekday-073800_M11_606,12:18:00,403942,1,1,1,requester,19742
MV_A5-Weekday-073800_M11_606,12:34:34,403150,12,2,2,requester,19743
MV_A5-Weekday-073800_M11_606,12:39:52,403154,16,2,2,releaser,19743
MV_A5-Weekday-073800_M11_606,12:51:15,403162,22,2,2,requester,19744
MV_A5-Weekday-073800_M11_606,12:52:36,403163,23,2,2,releaser,19744
MV_A5-Weekday-073800_M11_606,13:25:00,803144,43,1,1,releaser,19742
MV_A5-Weekday-074500_M11_614,12:25:00,401393,1,1,1,requester,19783
MV_A5-Weekday-074500_M11_614,12:50:01,401409,18,2,2,requester,19784
MV_A5-Weekday-074500_M11_614,13:26:22,401435,43,2,2,releaser,19784
MV_A5-Weekday-074500_M11_614,13:49:00,803194,62,1,1,releaser,19783
MV_A5-Weekday-075000_M11_611,12:30:00,403942,1,1,1,requester,19803
MV_A5-Weekday-075000_M11_611,12:45:27,403149,11,2,2,requester,19804
MV_A5-Weekday-075000_M11_611,12:53:21,403155,17,3,3,requester,19805
MV_A5-Weekday-075000_M11_611,12:59:10,403159,20,3,3,releaser,19805
MV_A5-Weekday-075000_M11_611,13:23:27,400860,33,2,2,releaser,19804
MV_A5-Weekday-075000_M11_611,13:37:00,803144,43,1,1,releaser,19803
MV_A5-Weekday-075500_M11_601,12:35:00,405374,1,1,1,requester,19840
MV_A5-Weekday-075500_M11_601,12:38:54,404846,4,2,2,requester,19841
MV_A5-Weekday-075500_M11_601,12:42:00,405393,6,2,2,releaser,19841
MV_A5-Weekday-075500_M11_601,12:54:25,403104,13,2,2,requester,19842
MV_A5-Weekday-075500_M11_601,13:15:55,403118,27,2,2,releaser,19842
MV_A5-Weekday-075500_M11_601,13:30:00,903352,36,1,1,releaser,19840
MV_A5-Weekday-075700_M11_612,12:37:00,401393,1,1,1,requester,19856
MV_A5-Weekday-075700_M11_612,12:44:49,401398,8,2,2,requester,19857
MV_A5-Weekday-075700_M11_612,12:46:00,403802,9,2,2,releaser,19857
MV_A5-Weekday-075700_M11_612,12:48:47,401401,11,2,2,requester,19858
MV_A5-Weekday-075700_M11_612,12:57:13,405631,15,3,3,requester,19859
MV_A5-Weekday-075700_M11_612,13:11:09,401416,24,3,3,releaser,19859
MV_A5-Weekday-075700_M11_612,13:14:00,403472,26,3,3,requester,19860
MV_A5-Weekday-075700_M11_612,13:19:14,401022,29,3,3,releaser,19860
MV_A5-Weekday-075700_M11_612,13:23:28,401025,32,3,3,requester,19861
MV_A5-Weekday-075700_M11_612,13:29:31,401029,36,4,4,requester,19862
MV_A5-Weekday-075700_M11_612,13:32:35,401031,38,4,4,releaser,19862
MV_A5-Weekday-075700_M11_612,13:48:52,401443,50,3,3,releaser,19861
MV_A5-Weekday-075700_M11_612,14:01:00,803194,62,2,1,releaser,19856
MV_A5-Weekday-075700_M11_612,14:01:00,803194,62,2,2,releaser,19858
MV_A5-Weekday-076100_M11_619,12:41:00,803195,1,1,1,requester,19875
MV_A5-Weekday-076100_M11_619,12:47:39,403786,7,2,2,requester,19876
MV_A5-Weekday-076100_M11_619,13:26:48,403372,31,3,3,requester,19877
MV_A5-Weekday-076100_M11_619,13:36:06,401489,37,4,4,requester,19878
MV_A5-Weekday-076100_M11_619,13:41:11,401492,40,4,4,releaser,19878
MV_A5-Weekday-076100_M11_619,13:45:30,401495,42,4,4,requester,19879
MV_A5-Weekday-076100_M11_619,13:55:01,401502,48,4,4,releaser,19879
MV_A5-Weekday-076100_M11_619,14:00:33,401506,52,3,2,releaser,19876
MV_A5-Weekday-076100_M11_619,14:00:33,401506,52,3,3,releaser,19877
MV_A5-Weekday-076100_M11_619,14:05:00,403876,56,1,1,releaser,19875
MV_A5-Weekday-076700_M11_615,12:47:00,405374,1,1,1,requester,19911
MV_A5-Weekday-076700_M11_615,12:56:33,401016,8,2,2,requester,19912
MV_A5-Weekday-076700_M11_615,13:28:54,403119,28,2,2,releaser,19912
MV_A5-Weekday-076700_M11_615,13:42:00,903352,36,1,1,releaser,19911
MV_A5-Weekday-077100_M11_607,12:51:00,803195,1,1,1,requester,19948
MV_A5-Weekday-077100_M11_607,13:03:00,401459,9,2,2,requester,19949
MV_A5-Weekday-077100_M11_607,13:55:30,401495,42,2,2,releaser,19949
MV_A5-Weekday-077100_M11_607,14:02:51,401501,47,2,2,requester,19950
MV_A5-Weekday-077100_M11_607,14:07:51,405316,50,2,2,releaser,19950
MV_A5-Weekday-077100_M11_607,14:11:35,401507,53,2,2,requester,19951
MV_A5-Weekday-077100_M11_607,14:15:00,403876,56,2,1,releaser,19948
MV_A5-Weekday-077100_M11_607,14:15:00,403876,56,2,2,releaser,19951
MV_A5-Weekday-077900_M11_603,12:59:00,405374,1,1,1,requester,19978
MV_A5-Weekday-077900_M11_603,13:56:00,903352,36,1,1,releaser,19978
MV_A5-Weekday-078100_M11_613,13:01:00,401393,1,1,1,requester,19987
MV_A5-Weekday-078100_M11_613,13:08:49,401398,8,2,2,requester,19988
MV_A5-Weekday-078100_M11_613,13:17:07,401404,13,2,2,releaser,19988
MV_A5-Weekday-078100_M11_613,13:21:13,405631,15,2,2,requester,19989
MV_A5-Weekday-078100_M11_613,13:26:01,401409,18,3,3,requester,19990
MV_A5-Weekday-078100_M11_613,13:31:37,401413,22,3,3,releaser,19990
MV_A5-Weekday-078100_M11_613,14:24:00,404011,56,2,2,releaser,19989
MV_A5-Weekday-078100_M11_613,14:27:00,803194,62,1,1,releaser,19987
MV_A5-Weekday-078100_M11_620,13:01:00,803195,1,1,1,requester,19991
MV_A5-Weekday-078100_M11_620,13:20:53,401466,15,2,2,requester,19992
MV_A5-Weekday-078100_M11_620,13:21:55,401467,16,2,2,releaser,19992
MV_A5-Weekday-078100_M11_620,13:27:00,401086,20,2,2,requester,19993
MV_A5-Weekday-078100_M11_620,13:32:00,403362,23,2,2,releaser,19993
MV_A5-Weekday-078100_M11_620,13:40:08,401093,27,2,2,requester,19994
MV_A5-Weekday-078100_M11_620,13:49:38,401100,33,2,2,releaser,19994
MV_A5-Weekday-078100_M11_620,14:02:36,401493,41,2,2,requester,19995
MV_A5-Weekday-078100_M11_620,14:06:33,401496,43,2,2,releaser,19995
MV_A5-Weekday-078100_M11_620,14:25:00,403876,56,1,1,releaser,19991
MV_A5-Weekday-079100_M11_605,13:11:00,405374,1,1,1,requester,20035
MV_A5-Weekday-079100_M11_605,14:08:00,903352,36,1,1,releaser,20035
MV_A5-Weekday-079100_M11_625,13:11:00,803195,1,2,1,requester,20036
MV_A5-Weekday-079100_M11_625,13:11:00,803195,1,2,2,requester,20037
MV_A5-Weekday-079100_M11_625,13:15:07,404019,5,2,2,releaser,20037
MV_A5-Weekday-079100_M11_625,14:35:00,403876,56,1,1,releaser,20036
MV_A5-Weekday-079300_M11_616,13:13:00,401393,1,1,1,requester,20051
MV_A5-Weekday-079300_M11_616,13:24:47,401401,11,2,2,requester,20052
MV_A5-Weekday-079300_M11_616,13:31:35,404279,14,3,3,requester,20053
MV_A5-Weekday-079300_M11_616,13:38:01,401409,18,3,3,releaser,20053
MV_A5-Weekday-079300_M11_616,14:11:59,401034,41,3,3,requester,20054
MV_A5-Weekday-079300_M11_616,14:16:00,401436,44,3,3,releaser,20054
MV_A5-Weekday-079300_M11_616,14:39:00,803194,62,2,1,releaser,20051
MV_A5-Weekday-079300_M11_616,14:39:00,803194,62,2,2,releaser,20052
MV_A5-Weekday-079400_M11_618,13:14:00,403942,1,1,1,requester,20057
MV_A5-Weekday-079400_M11_618,13:30:34,403150,12,2,2,requester,20058
MV_A5-Weekday-079400_M11_618,13:57:54,403168,28,2,2,releaser,20058
MV_A5-Weekday-079400_M11_618,14:01:39,400856,30,2,2,requester,20059
MV_A5-Weekday-079400_M11_618,14:04:06,403171,31,2,2,releaser,20059
MV_A5-Weekday-079400_M11_618,14:21:00,803144,43,1,1,releaser,20057
MV_A5-Weekday-080100_M11_624,13:21:00,803195,1,1,1,requester,20101
MV_A5-Weekday-080100_M11_624,13:52:00,403362,23,2,2,requester,20102
MV_A5-Weekday-080100_M11_624,13:55:43,401091,25,2,2,releaser,20102
MV_A5-Weekday-080100_M11_624,14:44:00,403876,56,1,1,releaser,20101
MV_A5-Weekday-080400_M11_617,13:24:00,403942,1,1,1,requester,20114
MV_A5-Weekday-080400_M11_617,13:35:11,405234,8,2,2,requester,20115
MV_A5-Weekday-080400_M11_617,14:18:42,400861,35,2,2,releaser,20115
MV_A5-Weekday-080400_M11_617,14:31:00,803144,43,1,1,releaser,20114
MV_A5-Weekday-080500_M11_602,13:25:00,401393,1,1,1,requester,20121
MV_A5-Weekday-080500_M11_602,13:45:13,405631,15,2,2,requester,20122
MV_A5-Weekday-080500_M11_602,14:07:18,401022,29,3,3,requester,20123
MV_A5-Weekday-080500_M11_602,14:11:47,401025,32,3,3,releaser,20123
MV_A5-Weekday-080500_M11_602,14:52:00,803194,62,2,1,releaser,20121
MV_A5-Weekday-080500_M11_602,14:52:00,803194,62,2,2,releaser,20122
MV_A5-Weekday-081100_M11_626,13:31:00,803195,1,1,1,requester,20148
MV_A5-Weekday-081100_M11_626,13:54:51,401469,18,2,2,requester,20149
MV_A5-Weekday-081100_M11_626,14:15:21,401096,30,2,2,releaser,20149
MV_A5-Weekday-081100_M11_626,14:21:00,405283,34,2,2,requester,20150
MV_A5-Weekday-081100_M11_626,14:39:22,405026,45,2,2,releaser,20150
MV_A5-Weekday-081100_M11_626,14:53:00,403876,56,1,1,releaser,20148
MV_A5-Weekday-081500_M11_606,13:35:00,405374,1,1,1,requester,20183
MV_A5-Weekday-081500_M11_606,14:33:00,903352,36,1,1,releaser,20183
MV_A5-Weekday-082700_M11_611,13:47:00,405374,1,1,1,requester,20249
MV_A5-Weekday-082700_M11_611,14:02:30,400750,11,2,2,requester,20250
MV_A5-Weekday-082700_M11_611,14:29:10,403118,27,2,2,releaser,20250
MV_A5-Weekday-082700_M11_611,14:45:00,903352,36,1,1,releaser,20249
MV_A5-Weekday-082900_M11_604,13:49:00,401393,1,1,1,requester,20268
MV_A5-Weekday-082900_M11_604,13:52:15,405152,5,2,2,requester,20269
MV_A5-Weekday-082900_M11_604,14:19:37,401413,22,3,3,requester,20270
MV_A5-Weekday-082900_M11_604,14:31:27,401022,29,3,3,releaser,20270
MV_A5-Weekday-082900_M11_604,14:48:35,401032,39,3,3,requester,20271
MV_A5-Weekday-082900_M11_604,14:58:23,401438,45,3,3,releaser,20271
MV_A5-Weekday-082900_M11_604,15:17:49,404014,60,2,2,releaser,20269
MV_A5-Weekday-082900_M11_604,15:19:00,803194,62,1,1,releaser,20268
MV_A5-Weekday-083100_M11_622,13:51:00,803195,1,1,1,requester,20275
MV_A5-Weekday-083100_M11_622,14:06:10,401462,11,2,2,requester,20276
MV_A5-Weekday-083100_M11_622,14:42:00,405283,34,3,3,requester,20277
MV_A5-Weekday-083100_M11_622,14:53:59,401492,40,3,3,releaser,20277
MV_A5-Weekday-083100_M11_622,15:06:25,401501,47,2,2,releaser,20276
MV_A5-Weekday-083100_M11_622,15:17:00,403876,56,1,1,releaser,20275
MV_A5-Weekday-083400_M11_615,13:54:00,403942,1,1,1,requester,20294
MV_A5-Weekday-083400_M11_615,14:29:53,403164,24,2,2,requester,20295
MV_A5-Weekday-083400_M11_615,14:37:54,403168,28,2,2,releaser,20295
MV_A5-Weekday-083400_M11_615,15:01:00,803144,43,1,1,releaser,20294
MV_A5-Weekday-084100_M11_623,14:01:00,803195,1,1,1,requester,20333
MV_A5-Weekday-084100_M11_623,14:20:53,401466,15,2,2,requester,20334
MV_A5-Weekday-084100_M11_623,14:25:49,401470,19,2,2,releaser,20334
MV_A5-Weekday-084100_M11_623,14:40:49,401093,27,2,2,requester,20335
MV_A5-Weekday-084100_M11_623,14:46:33,401096,30,2,2,releaser,20335
MV_A5-Weekday-084100_M11_623,14:55:08,405290,35,2,2,requester,20336
MV_A5-Weekday-084100_M11_623,15:21:57,405316,50,2,2,releaser,20336
MV_A5-Weekday-084100_M11_623,15:28:00,403876,56,1,1,releaser,20333
MV_A5-Weekday-085100_M11_614,14:11:00,803195,1,1,1,requester,20393
MV_A5-Weekday-085100_M11_614,14:51:49,401093,27,2,2,requester,20394
MV_A5-Weekday-085100_M11_614,14:57:33,401096,30,3,3,requester,20395
MV_A5-Weekday-085100_M11_614,15:13:13,401491,39,3,3,releaser,20395
MV_A5-Weekday-085100_M11_614,15:34:00,404881,51,2,2,releaser,20394
MV_A5-Weekday-085100_M11_614,15:39:00,403876,56,1,1,releaser,20393
MV_A5-Weekday-085400_M11_620,14:14:00,403942,1,1,1,requester,20419
MV_A5-Weekday-085400_M11_620,15:21:00,803144,43,1,1,releaser,20419
MV_A5-Weekday-086100_M11_612,14:21:00,803195,1,1,1,requester,20462
MV_A5-Weekday-086100_M11_612,14:36:10,401462,11,2,2,requester,20463
MV_A5-Weekday-086100_M11_612,14:40:53,401466,15,2,2,releaser,20463
MV_A5-Weekday-086100_M11_612,14:43:00,400677,17,3,2,requester,20464
MV_A5-Weekday-086100_M11_612,14:43:00,400677,17,3,3,requester,20466
MV_A5-Weekday-086100_M11_612,14:51:25,401088,22,3,3,releaser,20466
MV_A5-Weekday-086100_M11_612,15:01:49,401093,27,2,2,releaser,20464
MV_A5-Weekday-086100_M11_612,15:16:08,405290,35,2,2,requester,20465
MV_A5-Weekday-086100_M11_612,15:49:00,403876,56,2,1,releaser,20462
MV_A5-Weekday-086100_M11_612,15:49:00,403876,56,2,2,releaser,20465
MV_A5-Weekday-086500_M11_610,14:25:00,401393,1,1,1,requester,20497
MV_A5-Weekday-086500_M11_610,14:38:38,401401,11,2,2,requester,20498
MV_A5-Weekday-086500_M11_610,14:52:00,401407,16,3,3,requester,20500
MV_A5-Weekday-086500_M11_610,15:04:09,401416,24,3,3,releaser,20500
MV_A5-Weekday-086500_M11_610,15:15:52,401024,31,2,2,releaser,20498
MV_A5-Weekday-086500_M11_610,15:18:50,401026,33,2,2,requester,20499
MV_A5-Weekday-086500_M11_610,15:52:00,401446,53,2,2,releaser,20499
MV_A5-Weekday-086500_M11_610,16:02:00,803194,62,1,1,releaser,20497
MV_A5-Weekday-087500_M11_618,14:35:00,405374,1,1,1,requester,20579
MV_A5-Weekday-087500_M11_618,14:55:11,403104,13,2,2,requester,20580
MV_A5-Weekday-087500_M11_618,15:17:10,403118,27,2,2,releaser,20580
MV_A5-Weekday-087500_M11_618,15:20:07,404260,29,2,2,requester,20581
MV_A5-Weekday-087500_M11_618,15:25:34,403125,32,2,2,releaser,20581
MV_A5-Weekday-087500_M11_618,15:33:00,903352,36,1,1,releaser,20579
MV_A5-Weekday-087700_M11_607,14:37:00,401393,1,1,1,requester,20583
MV_A5-Weekday-087700_M11_607,14:48:00,403802,9,2,2,requester,20584
MV_A5-Weekday-087700_M11_607,15:00:32,404279,14,3,3,requester,20586
MV_A5-Weekday-087700_M11_607,15:15:14,401414,23,4,4,requester,20587
MV_A5-Weekday-087700_M11_607,15:20:00,403472,26,4,4,releaser,20587
MV_A5-Weekday-087700_M11_607,15:27:29,401023,30,3,3,releaser,20586
MV_A5-Weekday-087700_M11_607,15:49:00,401436,44,2,2,releaser,20584
MV_A5-Weekday-087700_M11_607,16:01:59,403292,51,2,2,requester,20585
MV_A5-Weekday-087700_M11_607,16:05:00,401446,53,2,2,releaser,20585
MV_A5-Weekday-087700_M11_607,16:15:00,803194,62,1,1,releaser,20583
MV_A5-Weekday-088300_M11_628,14:43:00,803195,1,1,1,requester,20631
MV_A5-Weekday-088300_M11_628,15:10:00,401086,20,2,2,requester,20632
MV_A5-Weekday-088300_M11_628,15:17:28,401090,24,2,2,releaser,20632
MV_A5-Weekday-088300_M11_628,15:21:21,401092,26,3,2,requester,20633
MV_A5-Weekday-088300_M11_628,15:21:21,401092,26,3,3,requester,20637
MV_A5-Weekday-088300_M11_628,15:28:00,404838,29,3,3,releaser,20637
MV_A5-Weekday-088300_M11_628,15:42:00,401489,37,2,2,releaser,20633
MV_A5-Weekday-088300_M11_628,15:45:13,401491,39,2,2,requester,20634
MV_A5-Weekday-088300_M11_628,15:47:59,401492,40,2,2,releaser,20634
MV_A5-Weekday-088300_M11_628,15:56:00,401497,44,2,2,requester,20635
MV_A5-Weekday-088300_M11_628,15:57:22,405026,45,2,2,releaser,20635
MV_A5-Weekday-088300_M11_628,16:03:26,401503,49,2,2,requester,20636
MV_A5-Weekday-088300_M11_628,16:06:00,404881,51,2,2,releaser,20636
MV_A5-Weekday-088300_M11_628,16:11:00,403876,56,1,1,releaser,20631
MV_A5-Weekday-088400_M11_621,14:44:00,403942,1,1,1,requester,20648
MV_A5-Weekday-088400_M11_621,14:55:11,405234,8,2,2,requester,20649
MV_A5-Weekday-088400_M11_621,15:27:54,403168,28,2,2,releaser,20649
MV_A5-Weekday-088400_M11_621,15:51:00,803144,43,1,1,releaser,20648
MV_A5-Weekday-088500_M11_617,14:45:00,405374,1,1,1,requester,20657
MV_A5-Weekday-088500_M11_617,15:43:00,903352,36,1,1,releaser,20657
MV_A5-Weekday-089500_M11_613,14:55:00,803195,1,1,1,requester,20732
MV_A5-Weekday-089500_M11_613,15:15:55,401467,16,2,2,requester,20733
MV_A5-Weekday-089500_M11_613,15:31:02,401091,25,3,3,requester,20735
MV_A5-Weekday-089500_M11_613,15:35:49,401093,27,4,4,requester,20738
MV_A5-Weekday-089500_M11_613,15:37:24,401094,28,4,3,releaser,20735
MV_A5-Weekday-089500_M11_613,15:37:24,401094,28,4,4,releaser,20738
MV_A5-Weekday-089500_M11_613,15:43:12,403372,31,4,3,requester,20736
MV_A5-Weekday-089500_M11_613,15:43:12,403372,31,4,4,requester,20739
MV_A5-Weekday-089500_M11_613,15:46:27,401100,33,4,4,releaser,20739
MV_A5-Weekday-089500_M11_613,15:48:00,405283,34,3,2,releaser,20733
MV_A5-Weekday-089500_M11_613,15:48:00,405283,34,3,3,releaser,20736
MV_A5-Weekday-089500_M11_613,15:54:00,401489,37,3,2,requester,20734
MV_A5-Weekday-089500_M11_613,15:54:00,401489,37,3,3,requester,20737
MV_A5-Weekday-089500_M11_613,16:15:26,401503,49,3,3,releaser,20737
MV_A5-Weekday-089500_M11_613,16:23:00,403876,56,2,1,releaser,20732
MV_A5-Weekday-089500_M11_613,16:23:00,403876,56,2,2,releaser,20734
MV_A5-Weekday-089700_M11_625,14:57:00,401393,1,1,1,requester,20744
MV_A5-Weekday-089700_M11_625,15:00:36,405152,5,2,2,requester,20745
MV_A5-Weekday-089700_M11_625,15:06:29,401398,8,3,3,requester,20746
MV_A5-Weekday-089700_M11_625,15:25:00,401407,16,3,3,releaser,20746
MV_A5-Weekday-089700_M11_625,15:31:14,401411,20,3,3,requester,20747
MV_A5-Weekday-089700_M11_625,15:33:37,401413,22,3,3,releaser,20747
MV_A5-Weekday-089700_M11_625,15:44:00,401021,28,3,3,requester,20748
MV_A5-Weekday-089700_M11_625,15:47:09,401023,30,3,3,releaser,20748
MV_A5-Weekday-089700_M11_625,16:12:47,401440,47,2,2,releaser,20745
MV_A5-Weekday-089700_M11_625,16:33:00,803194,62,1,1,releaser,20744
MV_A5-Weekday-090400_M11_622,15:04:00,403942,1,1,1,requester,20798
MV_A5-Weekday-090400_M11_622,15:20:34,403150,12,2,2,requester,20799
MV_A5-Weekday-090400_M11_622,15:33:10,403159,20,2,2,releaser,20799
MV_A5-Weekday-090400_M11_622,15:39:53,403164,24,2,2,requester,20800
MV_A5-Weekday-090400_M11_622,15:46:09,403167,27,2,2,releaser,20800
MV_A5-Weekday-090400_M11_622,16:11:00,803144,43,1,1,releaser,20798
MV_A5-Weekday-090700_M11_616,15:07:00,803195,1,1,1,requester,20834
MV_A5-Weekday-090700_M11_616,15:27:55,401467,16,2,2,requester,20835
MV_A5-Weekday-090700_M11_616,15:35:59,401087,21,2,2,releaser,20835
MV_A5-Weekday-090700_M11_616,15:41:28,401090,24,2,2,requester,20836
MV_A5-Weekday-090700_M11_616,15:52:00,404838,29,2,2,releaser,20836
MV_A5-Weekday-090700_M11_616,15:55:12,403372,31,2,2,requester,20837
MV_A5-Weekday-090700_M11_616,15:58:27,401100,33,2,2,releaser,20837
MV_A5-Weekday-090700_M11_616,16:11:59,401492,40,2,2,requester,20838
MV_A5-Weekday-090700_M11_616,16:18:18,401496,43,2,2,releaser,20838
MV_A5-Weekday-090700_M11_616,16:23:34,401500,46,2,2,requester,20839
MV_A5-Weekday-090700_M11_616,16:27:26,401503,49,2,2,releaser,20839
MV_A5-Weekday-090700_M11_616,16:35:00,403876,56,1,1,releaser,20834
MV_A5-Weekday-091500_M11_615,15:15:00,405374,1,1,1,requester,20882
MV_A5-Weekday-091500_M11_615,15:24:33,401016,8,2,2,requester,20883
MV_A5-Weekday-091500_M11_615,15:33:33,403103,12,2,2,releaser,20883
MV_A5-Weekday-091500_M11_615,15:36:34,403105,14,2,2,requester,20884
MV_A5-Weekday-091500_M11_615,15:41:25,903299,17,3,3,requester,20886
MV_A5-Weekday-091500_M11_615,15:46:50,403112,21,3,3,releaser,20886
MV_A5-Weekday-091500_M11_615,15:55:00,405394,26,2,2,releaser,20884
MV_A5-Weekday-091500_M11_615,15:58:15,403119,28,2,2,requester,20885
MV_A5-Weekday-091500_M11_615,16:00:07,404260,29,2,2,releaser,20885
MV_A5-Weekday-091500_M11_615,16:13:00,903352,36,1,1,releaser,20882
MV_A5-Weekday-091700_M11_626,15:17:00,401393,1,2,1,requester,20895
MV_A5-Weekday-091700_M11_626,15:17:00,401393,1,2,2,requester,20896
MV_A5-Weekday-091700_M11_626,15:56:21,401416,24,2,2,releaser,20896
MV_A5-Weekday-091700_M11_626,15:59:00,403472,26,2,2,requester,20897
MV_A5-Weekday-091700_M11_626,16:23:13,401035,42,2,2,releaser,20897
MV_A5-Weekday-091700_M11_626,16:26:00,401436,44,2,2,requester,20898
MV_A5-Weekday-091700_M11_626,16:34:57,401442,49,2,2,releaser,20898
MV_A5-Weekday-091700_M11_626,16:52:00,803194,62,1,1,releaser,20895
MV_A5-Weekday-092400_M11_623,15:24:00,403942,1,1,1,requester,20951
MV_A5-Weekday-092400_M11_623,15:43:00,403152,14,2,2,requester,20952
MV_A5-Weekday-092400_M11_623,16:06:09,403167,27,2,2,releaser,20952
MV_A5-Weekday-092400_M11_623,16:11:39,400856,30,2,2,requester,20953
MV_A5-Weekday-092400_M11_623,16:18:26,903233,34,2,2,releaser,20953
MV_A5-Weekday-092400_M11_623,16:19:30,403781,36,2,2,requester,20954
MV_A5-Weekday-092400_M11_623,16:25:13,403797,40,2,2,releaser,20954
MV_A5-Weekday-092400_M11_623,16:31:00,803144,43,1,1,releaser,20951
MV_A5-Weekday-092700_M11_608,15:27:00,401393,1,1,1,requester,20969
MV_A5-Weekday-092700_M11_608,15:41:25,401401,11,2,2,requester,20970
MV_A5-Weekday-092700_M11_608,15:55:41,401408,17,2,2,releaser,20970
MV_A5-Weekday-092700_M11_608,16:13:18,401022,29,2,2,requester,20971
MV_A5-Weekday-092700_M11_608,16:19:03,401026,33,2,2,releaser,20971
MV_A5-Weekday-092700_M11_608,16:22:36,404320,35,2,2,requester,20972
MV_A5-Weekday-092700_M11_608,16:30:00,401033,40,2,2,releaser,20972
MV_A5-Weekday-092700_M11_608,16:32:13,401035,42,2,2,requester,20973
MV_A5-Weekday-092700_M11_608,16:45:55,401443,50,2,2,releaser,20973
MV_A5-Weekday-092700_M11_608,17:01:00,803194,62,1,1,releaser,20969
MV_A5-Weekday-093100_M11_619,15:31:00,803195,1,1,1,requester,21003
MV_A5-Weekday-093100_M11_619,15:51:55,401467,16,2,2,requester,21004
MV_A5-Weekday-093100_M11_619,16:09:21,401092,26,2,2,releaser,21004
MV_A5-Weekday-093100_M11_619,16:13:24,401094,28,2,2,requester,21005
MV_A5-Weekday-093100_M11_619,16:30:00,401489,37,3,3,requester,21006
MV_A5-Weekday-093100_M11_619,16:35:59,401492,40,3,3,releaser,21006
MV_A5-Weekday-093100_M11_619,16:59:00,403876,56,2,1,releaser,21003
MV_A5-Weekday-093100_M11_619,16:59:00,403876,56,2,2,releaser,21005
MV_A5-Weekday-093500_M11_620,15:35:00,405374,1,1,1,requester,21039
MV_A5-Weekday-093500_M11_620,15:40:14,401239,5,2,2,requester,21040
MV_A5-Weekday-093500_M11_620,15:43:34,903209,7,3,3,requester,21041
MV_A5-Weekday-093500_M11_620,15:48:15,403271,10,3,3,releaser,21041
MV_A5-Weekday-093500_M11_620,16:17:10,403118,27,2,2,releaser,21040
MV_A5-Weekday-093500_M11_620,16:33:00,903352,36,1,1,releaser,21039
MV_A5-Weekday-093700_M11_609,15:37:00,401393,1,1,1,requester,21055
MV_A5-Weekday-093700_M11_609,15:44:26,404161,7,2,2,requester,21056
MV_A5-Weekday-093700_M11_609,16:05:49,401409,18,3,3,requester,21058
MV_A5-Weekday-093700_M11_609,16:12:33,401414,23,3,2,releaser,21056
MV_A5-Weekday-093700_M11_609,16:12:33,401414,23,3,3,releaser,21058
MV_A5-Weekday-093700_M11_609,16:18:33,403555,27,2,2,requester,21057
MV_A5-Weekday-093700_M11_609,16:33:12,401029,36,2,2,releaser,21057
MV_A5-Weekday-093700_M11_609,17:10:00,803194,62,1,1,releaser,21055
MV_A5-Weekday-094400_M11_618,15:44:00,403942,1,1,1,requester,21101
MV_A5-Weekday-094400_M11_618,16:04:21,403153,15,2,2,requester,21102
MV_A5-Weekday-094400_M11_618,16:10:00,405249,18,2,2,releaser,21102
MV_A5-Weekday-094400_M11_618,16:15:03,405541,21,2,2,requester,21103
MV_A5-Weekday-094400_M11_618,16:22:00,403165,25,3,3,requester,21105
MV_A5-Weekday-094400_M11_618,16:26:09,403167,27,3,2,releaser,21103
MV_A5-Weekday-094400_M11_618,16:26:09,403167,27,3,3,releaser,21105
MV_A5-Weekday-094400_M11_618,16:31:39,400856,30,2,2,requester,21104
MV_A5-Weekday-094400_M11_618,16:51:00,803144,43,2,1,releaser,21101
MV_A5-Weekday-094400_M11_618,16:51:00,803144,43,2,2,releaser,21104
MV_A5-Weekday-094700_M11_627,15:47:00,401393,1,1,1,requester,21129
MV_A5-Weekday-094700_M11_627,16:02:58,401402,12,3,2,requester,21130
MV_A5-Weekday-094700_M11_627,16:02:58,401402,12,3,3,requester,21131
MV_A5-Weekday-094700_M11_627,16:14:41,401408,17,4,4,requester,21133
MV_A5-Weekday-094700_M11_627,16:18:49,401411,20,4,4,releaser,21133
MV_A5-Weekday-094700_M11_627,16:28:33,403555,27,3,3,releaser,21131
MV_A5-Weekday-094700_M11_627,16:34:09,401023,30,3,3,requester,21132
MV_A5-Weekday-094700_M11_627,16:51:13,401035,42,3,3,releaser,21132
MV_A5-Weekday-094700_M11_627,17:02:57,401442,49,2,2,releaser,21130
MV_A5-Weekday-094700_M11_627,17:20:00,803194,62,1,1,releaser,21129
MV_A5-Weekday-096400_M11_624,16:04:00,403942,1,1,1,requester,21260
MV_A5-Weekday-096400_M11_624,16:19:27,403149,11,3,2,requester,21261
MV_A5-Weekday-096400_M11_624,16:19:27,403149,11,3,3,requester,21263
MV_A5-Weekday-096400_M11_624,16:25:52,403154,16,3,3,releaser,21263
MV_A5-Weekday-096400_M11_624,16:27:21,403155,17,2,2,releaser,21261
MV_A5-Weekday-096400_M11_624,16:37:15,403162,22,2,2,requester,21262
MV_A5-Weekday-096400_M11_624,16:46:09,403167,27,2,2,releaser,21262
MV_A5-Weekday-096400_M11_624,17:11:00,803144,43,1,1,releaser,21260
MV_A5-Weekday-096500_M11_621,16:05:00,405374,1,1,1,requester,21271
MV_A5-Weekday-096500_M11_621,16:13:34,903209,7,2,2,requester,21272
MV_A5-Weekday-096500_M11_621,16:16:00,400747,9,2,2,releaser,21272
MV_A5-Weekday-096500_M11_621,16:20:30,400750,11,2,2,requester,21273
MV_A5-Weekday-096500_M11_621,16:47:10,403118,27,2,2,releaser,21273
MV_A5-Weekday-096500_M11_621,17:03:00,903352,36,1,1,releaser,21271
MV_A5-Weekday-096700_M11_629,16:07:00,401393,1,1,1,requester,21288
MV_A5-Weekday-096700_M11_629,16:15:39,401398,8,2,2,requester,21289
MV_A5-Weekday-096700_M11_629,16:18:44,401400,10,3,3,requester,21290
MV_A5-Weekday-096700_M11_629,16:25:46,401404,13,3,3,releaser,21290
MV_A5-Weekday-096700_M11_629,16:34:41,401408,17,3,3,requester,21291
MV_A5-Weekday-096700_M11_629,16:36:55,401410,19,4,4,requester,21292
MV_A5-Weekday-096700_M11_629,16:47:00,403472,26,4,4,releaser,21292
MV_A5-Weekday-096700_M11_629,17:11:13,401035,42,3,3,releaser,21291
MV_A5-Weekday-096700_M11_629,17:36:00,404011,56,2,2,releaser,21289
MV_A5-Weekday-096700_M11_629,17:39:00,803194,62,1,1,releaser,21288
MV_A5-Weekday-096700_M11_631,16:07:00,803195,1,1,1,requester,21293
MV_A5-Weekday-096700_M11_631,16:31:19,401469,18,2,2,requester,21294
MV_A5-Weekday-096700_M11_631,17:02:08,405290,35,3,3,requester,21295
MV_A5-Weekday-096700_M11_631,17:24:25,401501,47,3,3,releaser,21295
MV_A5-Weekday-096700_M11_631,17:30:00,404881,51,2,2,releaser,21294
MV_A5-Weekday-096700_M11_631,17:35:00,403876,56,1,1,releaser,21293
MV_A5-Weekday-097900_M11_635,16:19:00,803195,1,2,1,requester,21384
MV_A5-Weekday-097900_M11_635,16:19:00,803195,1,2,2,requester,21385
MV_A5-Weekday-097900_M11_635,16:29:34,401458,8,2,2,releaser,21385
MV_A5-Weekday-097900_M11_635,16:32:40,405079,10,2,2,requester,21386
MV_A5-Weekday-097900_M11_635,16:39:55,401467,16,3,3,requester,21388
MV_A5-Weekday-097900_M11_635,17:12:00,405283,34,3,3,releaser,21388
MV_A5-Weekday-097900_M11_635,17:29:04,401495,42,2,2,releaser,21386
MV_A5-Weekday-097900_M11_635,17:38:23,401502,48,2,2,requester,21387
MV_A5-Weekday-097900_M11_635,17:46:00,401386,54,2,2,releaser,21387
MV_A5-Weekday-097900_M11_635,17:47:00,403876,56,1,1,releaser,21384
MV_A5-Weekday-098500_M11_622,16:25:00,405374,1,1,1,requester,21436
MV_A5-Weekday-098500_M11_622,16:48:00,403106,15,2,2,requester,21437
MV_A5-Weekday-098500_M11_622,17:00:46,403114,23,2,2,releaser,21437
MV_A5-Weekday-098500_M11_622,17:23:00,903352,36,1,1,releaser,21436
MV_A5-Weekday-098900_M11_628,16:29:00,401393,1,1,1,requester,21457
MV_A5-Weekday-098900_M11_628,16:32:26,405152,5,2,2,requester,21458
MV_A5-Weekday-098900_M11_628,16:42:25,401401,11,3,3,requester,21461
MV_A5-Weekday-098900_M11_628,17:06:21,401416,24,3,3,releaser,21461
MV_A5-Weekday-098900_M11_628,17:26:28,401030,37,2,2,releaser,21458
MV_A5-Weekday-098900_M11_628,17:29:44,401032,39,2,2,requester,21459
MV_A5-Weekday-098900_M11_628,17:33:13,401035,42,2,2,releaser,21459
MV_A5-Weekday-098900_M11_628,17:40:20,401440,47,2,2,requester,21460
MV_A5-Weekday-098900_M11_628,17:54:51,404013,58,2,2,releaser,21460
MV_A5-Weekday-098900_M11_628,17:57:00,803194,62,1,1,releaser,21457
MV_A5-Weekday-099100_M11_633,16:31:00,803195,1,1,1,requester,21476
MV_A5-Weekday-099100_M11_633,16:43:00,401459,9,2,2,requester,21477
MV_A5-Weekday-099100_M11_633,17:51:26,401503,49,2,2,releaser,21477
MV_A5-Weekday-099100_M11_633,17:59:00,403876,56,1,1,releaser,21476
MV_A5-Weekday-100400_M11_620,16:44:00,403942,1,1,1,requester,21568
MV_A5-Weekday-100400_M11_620,17:54:00,803144,43,1,1,releaser,21568
MV_A5-Weekday-100500_M11_623,16:45:00,405374,1,1,1,requester,21577
MV_A5-Weekday-100500_M11_623,16:53:34,903209,7,2,2,requester,21578
MV_A5-Weekday-100500_M11_623,17:35:34,403125,32,2,2,releaser,21578
MV_A5-Weekday-100500_M11_623,17:43:00,903352,36,1,1,releaser,21577
MV_A5-Weekday-100600_M11_632,16:46:00,803195,1,1,1,requester,21586
MV_A5-Weekday-100600_M11_632,17:24:21,401092,26,2,2,requester,21587
MV_A5-Weekday-100600_M11_632,17:32:33,401096,30,3,3,requester,21588
MV_A5-Weekday-100600_M11_632,17:34:12,403372,31,3,3,releaser,21588
MV_A5-Weekday-100600_M11_632,17:57:18,401496,43,2,2,releaser,21587
MV_A5-Weekday-100600_M11_632,18:15:00,403876,56,1,1,releaser,21586
MV_A5-Weekday-101300_M11_630,16:53:00,401393,1,1,1,requester,21622
MV_A5-Weekday-101300_M11_630,16:58:36,405151,6,2,2,requester,21623
MV_A5-Weekday-101300_M11_630,17:06:25,401401,11,3,3,requester,21624
MV_A5-Weekday-101300_M11_630,17:16:48,405631,15,4,4,requester,21625
MV_A5-Weekday-101300_M11_630,17:21:49,401409,18,4,4,releaser,21625
MV_A5-Weekday-101300_M11_630,17:31:51,401417,25,3,3,releaser,21624
MV_A5-Weekday-101300_M11_630,18:07:11,401443,50,2,2,releaser,21623
MV_A5-Weekday-101300_M11_630,18:20:00,803194,62,1,1,releaser,21622
MV_A5-Weekday-102100_M11_625,17:01:00,803195,1,2,1,requester,21689
MV_A5-Weekday-102100_M11_625,17:01:00,803195,1,2,2,requester,21690
MV_A5-Weekday-102100_M11_625,18:00:00,401489,37,2,2,releaser,21690
MV_A5-Weekday-102100_M11_625,18:12:18,401496,43,2,2,requester,21691
MV_A5-Weekday-102100_M11_625,18:14:00,401497,44,2,2,releaser,21691
MV_A5-Weekday-102100_M11_625,18:17:12,401500,46,2,2,requester,21692
MV_A5-Weekday-102100_M11_625,18:20:42,401503,49,2,2,releaser,21692
MV_A5-Weekday-102100_M11_625,18:29:00,403876,56,1,1,releaser,21689
MV_A5-Weekday-102500_M11_618,17:05:00,405374,1,1,1,requester,21721
MV_A5-Weekday-102500_M11_618,17:07:23,404872,3,2,2,requester,21722
MV_A5-Weekday-102500_M11_618,17:12:00,405393,6,2,2,releaser,21722
MV_A5-Weekday-102500_M11_618,17:33:43,403110,19,2,2,requester,21723
MV_A5-Weekday-102500_M11_618,17:42:26,403115,24,2,2,releaser,21723
MV_A5-Weekday-102500_M11_618,17:47:10,403118,27,2,2,requester,21724
MV_A5-Weekday-102500_M11_618,17:50:07,404260,29,2,2,releaser,21724
MV_A5-Weekday-102500_M11_618,18:03:00,903352,36,1,1,releaser,21721
MV_A5-Weekday-103400_M11_621,17:14:00,403942,1,1,1,requester,21810
MV_A5-Weekday-103400_M11_621,17:27:14,403147,9,2,2,requester,21811
MV_A5-Weekday-103400_M11_621,17:52:00,403165,25,2,2,releaser,21811
MV_A5-Weekday-103400_M11_621,18:24:00,803144,43,1,1,releaser,21810
MV_A5-Weekday-103600_M11_634,17:16:00,803195,1,1,1,requester,21830
MV_A5-Weekday-103600_M11_634,17:22:39,403786,7,2,2,requester,21831
MV_A5-Weekday-103600_M11_634,18:26:23,401496,43,2,2,releaser,21831
MV_A5-Weekday-103600_M11_634,18:33:44,401502,48,2,2,requester,21832
MV_A5-Weekday-103600_M11_634,18:34:42,401503,49,2,2,releaser,21832
MV_A5-Weekday-103600_M11_634,18:43:00,403876,56,1,1,releaser,21830
MV_A5-Weekday-103700_M11_619,17:17:00,401393,1,2,1,requester,21836
MV_A5-Weekday-103700_M11_619,17:17:00,401393,1,2,2,requester,21837
MV_A5-Weekday-103700_M11_619,17:30:25,401401,11,3,3,requester,21840
MV_A5-Weekday-103700_M11_619,17:40:48,405631,15,3,3,releaser,21840
MV_A5-Weekday-103700_M11_619,17:44:34,401408,17,3,3,requester,21841
MV_A5-Weekday-103700_M11_619,17:48:24,401411,20,3,3,releaser,21841
MV_A5-Weekday-103700_M11_619,18:00:00,401021,28,3,3,requester,21842
MV_A5-Weekday-103700_M11_619,18:01:14,401022,29,3,3,releaser,21842
MV_A5-Weekday-103700_M11_619,18:11:31,401029,36,3,3,requester,21843
MV_A5-Weekday-103700_M11_619,18:12:43,401030,37,3,3,releaser,21843
MV_A5-Weekday-103700_M11_619,18:17:00,401033,40,3,3,requester,21844
MV_A5-Weekday-103700_M11_619,18:23:54,401438,45,3,2,releaser,21837
MV_A5-Weekday-103700_M11_619,18:23:54,401438,45,3,3,releaser,21844
MV_A5-Weekday-103700_M11_619,18:26:20,401440,47,2,2,requester,21838
MV_A5-Weekday-103700_M11_619,18:27:32,401441,48,3,3,requester,21845
MV_A5-Weekday-103700_M11_619,18:30:11,401443,50,3,2,releaser,21838
MV_A5-Weekday-103700_M11_619,18:30:11,401443,50,3,3,releaser,21845
MV_A5-Weekday-103700_M11_619,18:32:41,401444,52,3,2,requester,21839
MV_A5-Weekday-103700_M11_619,18:32:41,401444,52,3,3,requester,21846
MV_A5-Weekday-103700_M11_619,18:40:49,404014,60,3,2,releaser,21839
MV_A5-Weekday-103700_M11_619,18:40:49,404014,60,3,3,releaser,21846
MV_A5-Weekday-103700_M11_619,18:42:00,803194,62,1,1,releaser,21836
MV_A5-Weekday-104500_M11_624,17:25:00,405374,1,1,1,requester,21894
MV_A5-Weekday-104500_M11_624,17:52:28,403109,18,2,2,requester,21895
MV_A5-Weekday-104500_M11_624,18:03:42,403116,25,2,2,releaser,21895
MV_A5-Weekday-104500_M11_624,18:23:00,903352,36,1,1,releaser,21894
MV_A5-Weekday-105100_M11_609,17:31:00,803195,1,1,1,requester,21957
MV_A5-Weekday-105100_M11_609,17:51:55,401467,16,2,2,requester,21958
MV_A5-Weekday-105100_M11_609,18:27:42,401489,37,3,3,requester,21960
MV_A5-Weekday-105100_M11_609,18:29:22,401490,38,3,3,releaser,21960
MV_A5-Weekday-105100_M11_609,18:47:42,401503,49,2,2,releaser,21958
MV_A5-Weekday-105100_M11_609,18:50:00,404881,51,2,2,requester,21959
MV_A5-Weekday-105100_M11_609,18:51:33,401506,52,2,2,releaser,21959
MV_A5-Weekday-105100_M11_609,18:56:00,403876,56,1,1,releaser,21957
MV_A5-Weekday-105400_M11_622,17:34:00,403942,1,1,1,requester,21967
MV_A5-Weekday-105400_M11_622,18:12:00,403165,25,2,2,requester,21968
MV_A5-Weekday-105400_M11_622,18:14:25,403166,26,2,2,releaser,21968
MV_A5-Weekday-105400_M11_622,18:44:00,803144,43,1,1,releaser,21967
MV_A5-Weekday-106600_M11_627,17:46:00,803195,1,1,1,requester,22070
MV_A5-Weekday-106600_M11_627,18:01:10,401462,11,2,2,requester,22071
MV_A5-Weekday-106600_M11_627,18:34:27,401100,33,2,2,releaser,22071
MV_A5-Weekday-106600_M11_627,18:38:01,405290,35,2,2,requester,22072
MV_A5-Weekday-106600_M11_627,19:04:00,404881,51,2,2,releaser,22072
MV_A5-Weekday-106600_M11_627,19:10:00,403876,56,1,1,releaser,22070
MV_A5-Weekday-107300_M11_631,17:53:00,401393,1,1,1,requester,22114
MV_A5-Weekday-107300_M11_631,17:59:46,404161,7,2,2,requester,22115
MV_A5-Weekday-107300_M11_631,18:05:00,401401,11,3,3,requester,22118
MV_A5-Weekday-107300_M11_631,18:07:14,401402,12,4,4,requester,22119
MV_A5-Weekday-107300_M11_631,18:16:00,401407,16,4,4,releaser,22119
MV_A5-Weekday-107300_M11_631,18:21:24,401411,20,3,3,releaser,22118
MV_A5-Weekday-107300_M11_631,18:39:16,401026,33,2,2,releaser,22115
MV_A5-Weekday-107300_M11_631,18:44:58,401030,37,2,2,requester,22116
MV_A5-Weekday-107300_M11_631,18:49:00,401033,40,2,2,releaser,22116
MV_A5-Weekday-107300_M11_631,18:51:41,401435,43,2,2,requester,22117
MV_A5-Weekday-107300_M11_631,18:53:00,401436,44,2,2,releaser,22117
MV_A5-Weekday-107300_M11_631,19:10:00,803194,62,1,1,releaser,22114
MV_A5-Weekday-107400_M11_623,17:54:00,403942,1,1,1,requester,22120
MV_A5-Weekday-107400_M11_623,18:07:14,403147,9,2,2,requester,22121
MV_A5-Weekday-107400_M11_623,18:44:06,403171,31,2,2,releaser,22121
MV_A5-Weekday-107400_M11_623,18:49:14,400861,35,2,2,requester,22122
MV_A5-Weekday-107400_M11_623,18:52:13,400948,37,2,2,releaser,22122
MV_A5-Weekday-107400_M11_623,19:04:00,803144,43,1,1,releaser,22120
MV_A5-Weekday-108100_M11_626,18:01:00,803195,1,2,1,requester,22172
MV_A5-Weekday-108100_M11_626,18:01:00,803195,1,2,2,requester,22173
MV_A5-Weekday-108100_M11_626,18:07:39,403786,7,3,3,requester,22174
MV_A5-Weekday-108100_M11_626,18:14:30,405079,10,3,3,releaser,22174
MV_A5-Weekday-108100_M11_626,18:17:19,401463,12,3,3,requester,22175
MV_A5-Weekday-108100_M11_626,18:43:33,401096,30,3,3,releaser,22175
MV_A5-Weekday-108100_M11_626,18:46:52,401099,32,3,3,requester,22176
MV_A5-Weekday-108100_M11_626,18:57:22,401490,38,4,4,requester,22177
MV_A5-Weekday-108100_M11_626,19:10:14,405026,45,4,4,releaser,22177
MV_A5-Weekday-108100_M11_626,19:18:00,404881,51,3,3,releaser,22176
MV_A5-Weekday-108100_M11_626,19:20:35,401507,53,2,2,releaser,22173
MV_A5-Weekday-108100_M11_626,19:24:00,403876,56,1,1,releaser,22172
MV_A5-Weekday-108500_M11_620,18:05:00,405374,1,1,1,requester,22201
MV_A5-Weekday-108500_M11_620,18:23:33,403103,12,2,2,requester,22202
MV_A5-Weekday-108500_M11_620,18:43:42,403116,25,2,2,releaser,22202
MV_A5-Weekday-108500_M11_620,18:46:55,403118,27,2,2,requester,22203
MV_A5-Weekday-108500_M11_620,18:50:51,403122,30,2,2,releaser,22203
MV_A5-Weekday-108500_M11_620,19:01:00,903352,36,1,1,releaser,22201
MV_A5-Weekday-108500_M11_635,18:05:00,401393,1,1,1,requester,22204
MV_A5-Weekday-108500_M11_635,18:15:31,401400,10,2,2,requester,22205
MV_A5-Weekday-108500_M11_635,18:31:39,401410,19,2,2,releaser,22205
MV_A5-Weekday-108500_M11_635,18:34:43,401412,21,2,2,requester,22206
MV_A5-Weekday-108500_M11_635,18:36:52,401414,23,2,2,releaser,22206
MV_A5-Weekday-108500_M11_635,18:39:56,401417,25,2,2,requester,22207
MV_A5-Weekday-108500_M11_635,18:42:33,403555,27,2,2,releaser,22207
MV_A5-Weekday-108500_M11_635,18:56:58,401030,37,2,2,requester,22208
MV_A5-Weekday-108500_M11_635,18:58:44,401031,38,2,2,releaser,22208
MV_A5-Weekday-108500_M11_635,19:01:00,401033,40,2,2,requester,22209
MV_A5-Weekday-108500_M11_635,19:01:47,401034,41,2,2,releaser,22209
MV_A5-Weekday-108500_M11_635,19:22:00,803194,62,1,1,releaser,22204
MV_A5-Weekday-110000_M11_628,18:20:00,803195,1,1,1,requester,22313
MV_A5-Weekday-110000_M11_628,18:37:14,401464,13,2,2,requester,22314
MV_A5-Weekday-110000_M11_628,19:24:33,401496,43,2,2,releaser,22314
MV_A5-Weekday-110000_M11_628,19:40:00,403876,56,1,1,releaser,22313
MV_A5-Weekday-110000_M11_633,18:20:00,401393,1,1,1,requester,22315
MV_A5-Weekday-110000_M11_633,18:23:15,405152,5,2,2,requester,22316
MV_A5-Weekday-110000_M11_633,18:30:31,401400,10,3,3,requester,22319
MV_A5-Weekday-110000_M11_633,18:34:14,401402,12,4,4,requester,22321
MV_A5-Weekday-110000_M11_633,18:45:49,401409,18,4,4,releaser,22321
MV_A5-Weekday-110000_M11_633,18:52:33,401414,23,3,3,releaser,22319
MV_A5-Weekday-110000_M11_633,19:07:16,401026,33,2,2,releaser,22316
MV_A5-Weekday-110000_M11_633,19:11:51,401029,36,2,2,requester,22317
MV_A5-Weekday-110000_M11_633,19:23:31,403886,46,3,3,requester,22320
MV_A5-Weekday-110000_M11_633,19:25:37,401441,48,3,2,releaser,22317
MV_A5-Weekday-110000_M11_633,19:25:37,401441,48,3,3,releaser,22320
MV_A5-Weekday-110000_M11_633,19:29:07,403292,51,2,2,requester,22318
MV_A5-Weekday-110000_M11_633,19:39:00,803194,62,2,1,releaser,22315
MV_A5-Weekday-110000_M11_633,19:39:00,803194,62,2,2,releaser,22318
MV_A5-Weekday-110300_M11_629,18:23:00,403942,1,1,1,requester,22348
MV_A5-Weekday-110300_M11_629,18:56:15,403162,22,2,2,requester,22349
MV_A5-Weekday-110300_M11_629,18:57:36,403163,23,2,2,releaser,22349
MV_A5-Weekday-110300_M11_629,19:29:00,803144,43,1,1,releaser,22348
MV_A5-Weekday-111500_M11_621,18:35:00,405374,1,1,1,requester,22394
MV_A5-Weekday-111500_M11_621,18:48:04,403271,10,2,2,requester,22395
MV_A5-Weekday-111500_M11_621,18:55:42,403105,14,2,2,releaser,22395
MV_A5-Weekday-111500_M11_621,19:30:00,903352,36,1,1,releaser,22394
MV_A5-Weekday-111500_M11_632,18:35:00,401393,1,1,1,requester,22396
MV_A5-Weekday-111500_M11_632,18:40:09,405151,6,2,2,requester,22397
MV_A5-Weekday-111500_M11_632,18:44:00,403802,9,2,2,releaser,22397
MV_A5-Weekday-111500_M11_632,18:46:47,401401,11,2,2,requester,22398
MV_A5-Weekday-111500_M11_632,18:48:51,401402,12,3,3,requester,22399
MV_A5-Weekday-111500_M11_632,19:04:14,401412,21,3,3,releaser,22399
MV_A5-Weekday-111500_M11_632,19:31:00,401033,40,2,2,releaser,22398
MV_A5-Weekday-111500_M11_632,19:53:00,803194,62,1,1,releaser,22396
MV_A5-Weekday-111800_M11_624,18:38:00,403942,1,1,1,requester,22418
MV_A5-Weekday-111800_M11_624,18:58:21,403153,15,2,2,requester,22419
MV_A5-Weekday-111800_M11_624,19:19:51,403167,27,2,2,releaser,22419
MV_A5-Weekday-111800_M11_624,19:44:00,803144,43,1,1,releaser,22418
MV_A5-Weekday-112000_M11_630,18:40:00,803195,1,1,1,requester,22427
MV_A5-Weekday-112000_M11_630,18:56:19,401463,12,2,2,requester,22428
MV_A5-Weekday-112000_M11_630,19:07:23,401087,21,2,2,releaser,22428
MV_A5-Weekday-112000_M11_630,19:34:40,404030,36,2,2,requester,22429
MV_A5-Weekday-112000_M11_630,19:47:57,405026,45,2,2,releaser,22429
MV_A5-Weekday-112000_M11_630,19:59:00,403876,56,1,1,releaser,22427
MV_A5-Weekday-113500_M11_622,18:55:00,405374,1,1,1,requester,22525
MV_A5-Weekday-113500_M11_622,19:22:43,403110,19,2,2,requester,22526
MV_A5-Weekday-113500_M11_622,19:35:48,403118,27,2,2,releaser,22526
MV_A5-Weekday-113500_M11_622,19:38:16,404260,29,2,2,requester,22527
MV_A5-Weekday-113500_M11_622,19:39:30,403122,30,2,2,releaser,22527
MV_A5-Weekday-113500_M11_622,19:49:00,903352,36,1,1,releaser,22525
MV_A5-Weekday-114000_M11_619,19:00:00,803195,1,1,1,requester,22539
MV_A5-Weekday-114000_M11_619,19:20:49,401470,19,2,2,requester,22540
MV_A5-Weekday-114000_M11_619,19:28:00,403362,23,2,2,releaser,22540
MV_A5-Weekday-114000_M11_619,19:36:08,401093,27,2,2,requester,22541
MV_A5-Weekday-114000_M11_619,19:40:00,404838,29,2,2,releaser,22541
MV_A5-Weekday-114000_M11_619,19:43:03,401099,32,2,2,requester,22542
MV_A5-Weekday-114000_M11_619,20:06:12,401503,49,2,2,releaser,22542
MV_A5-Weekday-114000_M11_619,20:13:00,403876,56,1,1,releaser,22539
MV_A5-Weekday-114500_M11_634,19:05:00,401393,1,1,1,requester,22579
MV_A5-Weekday-114500_M11_634,19:13:49,401398,8,2,2,requester,22580
MV_A5-Weekday-114500_M11_634,19:49:29,401029,36,2,2,releaser,22580
MV_A5-Weekday-114500_M11_634,19:52:01,401031,38,2,2,requester,22581
MV_A5-Weekday-114500_M11_634,19:59:35,401438,45,2,2,releaser,22581
MV_A5-Weekday-114500_M11_634,20:15:00,803194,62,1,1,releaser,22579
MV_A5-Weekday-115500_M11_623,19:15:00,405374,1,2,1,requester,22634
MV_A5-Weekday-115500_M11_623,19:15:00,405374,1,2,2,requester,22635
MV_A5-Weekday-115500_M11_623,19:30:07,400750,11,2,2,releaser,22635
MV_A5-Weekday-115500_M11_623,19:35:42,403105,14,2,2,requester,22636
MV_A5-Weekday-115500_M11_623,19:49:51,403115,24,2,2,releaser,22636
MV_A5-Weekday-115500_M11_623,19:54:43,403119,28,2,2,requester,22637
MV_A5-Weekday-115500_M11_623,19:56:16,404260,29,2,2,releaser,22637
MV_A5-Weekday-115500_M11_623,19:59:28,404262,31,2,2,requester,22638
MV_A5-Weekday-115500_M11_623,20:00:49,403125,32,2,2,releaser,22638
MV_A5-Weekday-115500_M11_623,20:07:00,903352,36,1,1,releaser,22634
MV_A5-Weekday-117500_M11_625,19:35:00,401393,1,1,1,requester,22746
MV_A5-Weekday-117500_M11_625,19:45:56,401401,11,2,2,requester,22747
MV_A5-Weekday-117500_M11_625,19:48:56,401404,13,3,3,requester,22748
MV_A5-Weekday-117500_M11_625,19:55:13,401409,18,3,3,releaser,22748
MV_A5-Weekday-117500_M11_625,20:17:28,401030,37,2,2,releaser,22747
MV_A5-Weekday-117500_M11_625,20:42:00,803194,62,1,1,releaser,22746
MV_A5-Weekday-118000_M11_628,19:40:00,803195,1,1,1,requester,22770
MV_A5-Weekday-118000_M11_628,20:47:00,403876,56,1,1,releaser,22770
MV_A5-Weekday-118000_M11_629,19:40:00,405374,1,1,1,requester,22771
MV_A5-Weekday-118000_M11_629,19:43:54,404846,4,2,2,requester,22772
MV_A5-Weekday-118000_M11_629,20:11:00,405248,22,2,2,releaser,22772
MV_A5-Weekday-118000_M11_629,20:31:00,903352,36,1,1,releaser,22771
MV_A5-Weekday-119000_M11_626,19:50:00,401393,1,3,1,requester,22805
MV_A5-Weekday-119000_M11_626,19:50:00,401393,1,3,2,requester,22806
MV_A5-Weekday-119000_M11_626,19:50:00,401393,1,3,3,requester,22810
MV_A5-Weekday-119000_M11_626,19:53:15,405152,5,3,2,releaser,22806
MV_A5-Weekday-119000_M11_626,19:53:15,405152,5,3,3,releaser,22810
MV_A5-Weekday-119000_M11_626,19:59:00,403802,9,3,2,requester,22807
MV_A5-Weekday-119000_M11_626,19:59:00,403802,9,3,3,requester,22811
MV_A5-Weekday-119000_M11_626,20:02:22,401402,12,3,3,releaser,22811
MV_A5-Weekday-119000_M11_626,20:06:46,405631,15,4,3,requester,22812
MV_A5-Weekday-119000_M11_626,20:06:46,405631,15,4,4,requester,22818
MV_A5-Weekday-119000_M11_626,20:13:41,401412,21,4,3,releaser,22812
MV_A5-Weekday-119000_M11_626,20:13:41,401412,21,4,4,releaser,22818
MV_A5-Weekday-119000_M11_626,20:16:55,401416,24,2,2,releaser,22807
MV_A5-Weekday-119000_M11_626,20:19:00,403472,26,4,2,requester,22808
MV_A5-Weekday-119000_M11_626,20:19:00,403472,26,4,3,requester,22813
MV_A5-Weekday-119000_M11_626,20:19:00,403472,26,4,4,requester,22819
MV_A5-Weekday-119000_M11_626,20:20:10,403555,27,4,4,releaser,22819
MV_A5-Weekday-119000_M11_626,20:22:00,401021,28,3,3,releaser,22813
MV_A5-Weekday-119000_M11_626,20:24:27,401023,30,4,3,requester,22814
MV_A5-Weekday-119000_M11_626,20:24:27,401023,30,4,4,requester,22820
MV_A5-Weekday-119000_M11_626,20:31:29,401029,36,4,3,releaser,22814
MV_A5-Weekday-119000_M11_626,20:31:29,401029,36,4,4,releaser,22820
MV_A5-Weekday-119000_M11_626,20:35:01,401032,39,4,3,requester,22815
MV_A5-Weekday-119000_M11_626,20:35:01,401032,39,4,4,requester,22821
MV_A5-Weekday-119000_M11_626,20:36:47,401034,41,4,3,releaser,22815
MV_A5-Weekday-119000_M11_626,20:36:47,401034,41,4,4,releaser,22821
MV_A5-Weekday-119000_M11_626,20:38:41,401435,43,4,3,requester,22816
MV_A5-Weekday-119000_M11_626,20:38:41,401435,43,4,4,requester,22822
MV_A5-Weekday-119000_M11_626,20:48:07,403292,51,4,4,releaser,22822
MV_A5-Weekday-119000_M11_626,20:50:00,401446,53,3,2,releaser,22808
MV_A5-Weekday-119000_M11_626,20:50:00,401446,53,3,3,releaser,22816
MV_A5-Weekday-119000_M11_626,20:52:33,403757,55,3,2,requester,22809
MV_A5-Weekday-119000_M11_626,20:52:33,403757,55,3,3,requester,22817
MV_A5-Weekday-119000_M11_626,20:57:00,803194,62,3,1,releaser,22805
MV_A5-Weekday-119000_M11_626,20:57:00,803194,62,3,2,releaser,22809
MV_A5-Weekday-119000_M11_626,20:57:00,803194,62,3,3,releaser,22817
MV_A5-Weekday-119300_M11_630,19:53:00,403942,1,1,1,requester,22827
MV_A5-Weekday-119300_M11_630,20:53:00,803144,43,1,1,releaser,22827
MV_A5-Weekday-119500_M11_624,19:55:00,405374,1,1,1,requester,22835
MV_A5-Weekday-119500_M11_624,20:46:00,903352,36,1,1,releaser,22835
MV_A5-Weekday-120000_M11_633,20:00:00,803195,1,2,1,requester,22845
MV_A5-Weekday-120000_M11_633,20:00:00,803195,1,2,2,requester,22846
MV_A5-Weekday-120000_M11_633,20:01:02,404031,2,2,2,releaser,22846
MV_A5-Weekday-120000_M11_633,20:12:10,405079,10,2,2,requester,22847
MV_A5-Weekday-120000_M11_633,20:21:00,401086,20,2,2,releaser,22847
MV_A5-Weekday-120000_M11_633,20:35:00,403372,31,2,2,requester,22848
MV_A5-Weekday-120000_M11_633,20:50:48,401496,43,2,2,releaser,22848
MV_A5-Weekday-120000_M11_633,20:52:57,405026,45,2,2,requester,22849
MV_A5-Weekday-120000_M11_633,20:54:30,401500,46,2,2,releaser,22849
MV_A5-Weekday-120000_M11_633,21:04:00,403876,56,1,1,releaser,22845
MV_A5-Weekday-122000_M11_627,20:20:00,401393,1,1,1,requester,22921
MV_A5-Weekday-122000_M11_627,20:29:43,401401,11,2,2,requester,22922
MV_A5-Weekday-122000_M11_627,21:00:28,401030,37,3,3,requester,22923
MV_A5-Weekday-122000_M11_627,21:04:47,401034,41,3,3,releaser,22923
MV_A5-Weekday-122000_M11_627,21:13:02,401442,49,2,2,releaser,22922
MV_A5-Weekday-122000_M11_627,21:24:00,803194,62,1,1,releaser,22921
MV_A5-Weekday-123100_M11_631,20:31:00,403942,1,1,1,requester,22977
MV_A5-Weekday-123100_M11_631,21:31:00,803144,43,1,1,releaser,22977
MV_A5-Weekday-125100_M11_629,20:51:00,403942,1,1,1,requester,23043
MV_A5-Weekday-125100_M11_629,21:49:00,803144,43,1,1,releaser,23043
MV_A5-Weekday-126500_M11_628,21:05:00,401393,1,1,1,requester,23080
MV_A5-Weekday-126500_M11_628,22:04:00,803194,62,1,1,releaser,23080
MV_A5-Weekday-127000_M11_630,21:10:00,405374,1,1,1,requester,23089
MV_A5-Weekday-127000_M11_630,22:01:00,903352,36,1,1,releaser,23089
MV_A5-Weekday-128000_M11_635,21:20:00,401393,1,1,1,requester,23113
MV_A5-Weekday-128000_M11_635,21:28:30,401401,11,2,2,requester,23114
MV_A5-Weekday-128000_M11_635,21:34:00,401407,16,2,2,releaser,23114
MV_A5-Weekday-128000_M11_635,21:49:06,401023,30,2,2,requester,23115
MV_A5-Weekday-128000_M11_635,21:59:00,401033,40,2,2,releaser,23115
MV_A5-Weekday-128000_M11_635,22:17:00,803194,62,1,1,releaser,23113
MV_A5-Weekday-129000_M11_632,21:30:00,803195,1,1,1,requester,23140
MV_A5-Weekday-129000_M11_632,22:08:00,405283,34,2,2,requester,23141
MV_A5-Weekday-129000_M11_632,22:21:57,405026,45,2,2,releaser,23141
MV_A5-Weekday-129000_M11_632,22:32:00,403876,56,1,1,releaser,23140
MV_A5-Weekday-129100_M11_633,21:31:00,403942,1,1,1,requester,23148
MV_A5-Weekday-129100_M11_633,22:27:00,803144,43,1,1,releaser,23148
MV_A5-Weekday-130200_M11_631,21:42:00,405374,1,1,1,requester,23165
MV_A5-Weekday-130200_M11_631,21:51:33,401016,8,2,2,requester,23166
MV_A5-Weekday-130200_M11_631,21:53:00,400747,9,3,3,requester,23167
MV_A5-Weekday-130200_M11_631,21:59:18,403103,12,3,3,releaser,23167
MV_A5-Weekday-130200_M11_631,22:07:04,403109,18,2,2,releaser,23166
MV_A5-Weekday-130200_M11_631,22:33:00,903352,36,1,1,releaser,23165
MV_A5-Weekday-131100_M11_634,21:51:00,403942,1,1,1,requester,23192
MV_A5-Weekday-131100_M11_634,22:45:00,803144,43,1,1,releaser,23192
MV_A5-Weekday-132000_M11_629,22:00:00,405374,1,1,1,requester,23203
MV_A5-Weekday-132000_M11_629,22:02:23,404872,3,2,2,requester,23204
MV_A5-Weekday-132000_M11_629,22:03:54,404846,4,2,2,releaser,23204
MV_A5-Weekday-132000_M11_629,22:09:33,401016,8,2,2,requester,23205
MV_A5-Weekday-132000_M11_629,22:22:43,403107,16,2,2,releaser,23205
MV_A5-Weekday-132000_M11_629,22:49:00,903352,36,1,1,releaser,23203
MV_A5-Weekday-133100_M11_630,22:11:00,403942,1,1,1,requester,23254
MV_A5-Weekday-133100_M11_630,23:02:00,803144,43,1,1,releaser,23254
MV_A5-Weekday-135000_M11_635,22:30:00,803195,1,1,1,requester,23278
MV_A5-Weekday-135000_M11_635,22:52:04,401093,27,2,2,requester,23279
MV_A5-Weekday-135000_M11_635,22:54:00,404838,29,2,2,releaser,23279
MV_A5-Weekday-135000_M11_635,22:55:50,401099,32,2,2,requester,23280
MV_A5-Weekday-135000_M11_635,23:00:36,401489,37,2,2,releaser,23280
MV_A5-Weekday-135000_M11_635,23:05:11,401493,41,2,2,requester,23281
MV_A5-Weekday-135000_M11_635,23:19:00,401386,54,2,2,releaser,23281
MV_A5-Weekday-135000_M11_635,23:20:00,403876,56,1,1,releaser,23278
MV_A5-Weekday-136000_M11_633,22:40:00,405374,1,1,1,requester,23292
MV_A5-Weekday-136000_M11_633,23:23:00,903352,36,1,1,releaser,23292
MV_A5-Weekday-137000_M11_632,22:50:00,401393,1,1,1,requester,23317
MV_A5-Weekday-137000_M11_632,23:03:00,401407,16,2,2,requester,23318
MV_A5-Weekday-137000_M11_632,23:05:01,401409,18,2,2,releaser,23318
MV_A5-Weekday-137000_M11_632,23:07:10,401411,20,2,2,requester,23319
MV_A5-Weekday-137000_M11_632,23:08:45,401413,22,2,2,releaser,23319
MV_A5-Weekday-137000_M11_632,23:12:11,401417,25,2,2,requester,23320
MV_A5-Weekday-137000_M11_632,23:23:04,404320,35,2,2,releaser,23320
MV_A5-Weekday-137000_M11_632,23:40:00,903092,56,1,1,releaser,23317
MV_A5-Weekday-137100_M11_631,22:51:00,403942,1,1,1,requester,23321
MV_A5-Weekday-137100_M11_631,23:39:00,803144,43,1,1,releaser,23321
MV_A5-Weekday-138000_M11_634,23:00:00,405374,1,1,1,requester,23328
MV_A5-Weekday-138000_M11_634,23:42:00,903352,36,1,1,releaser,23328
MV_A5-Weekday-140000_M11_630,23:20:00,405374,1,1,1,requester,23354
MV_A5-Weekday-140000_M11_630,24:02:00,903352,36,1,1,releaser,23354
MV_A5-Weekday-142000_M11_633,23:40:00,403942,1,1,1,requester,23374
MV_A5-Weekday-142000_M11_633,24:20:00,803144,43,1,1,releaser,23374
MV_A5-Weekday-142000_M11_635,23:40:00,401393,1,1,1,requester,23375
MV_A5-Weekday-142000_M11_635,24:22:00,903092,56,1,1,releaser,23375
MV_A5-Weekday-144000_M11_631,24:00:00,405374,1,1,1,requester,23392
MV_A5-Weekday-144000_M11_631,24:35:00,903352,36,1,1,releaser,23392
MV_A5-Weekday-144000_M11_632,24:00:00,403461,1,1,1,requester,23393
MV_A5-Weekday-144000_M11_632,24:49:00,403876,52,1,1,releaser,23393
MV_A5-Weekday-144500_M11_634,24:05:00,403942,1,1,1,requester,23403
MV_A5-Weekday-144500_M11_634,24:45:00,803144,43,1,1,releaser,23403
MV_A5-Weekday-147000_M11_635,24:30:00,403461,1,1,1,requester,23423
MV_A5-Weekday-147000_M11_635,25:19:00,403876,52,1,1,releaser,23423
MV_A5-Weekday-148000_M11_633,24:40:00,405374,1,1,1,requester,23429
MV_A5-Weekday-148000_M11_633,25:15:00,903352,36,1,1,releaser,23429
MV_A5-Weekday-SDon-028000_M11_601,4:40:00,403461,1,1,1,requester,23481
MV_A5-Weekday-SDon-028000_M11_601,5:33:00,403876,52,1,1,releaser,23481
MV_A5-Weekday-SDon-030000_M11_602,5:00:00,403461,1,1,1,requester,23490
MV_A5-Weekday-SDon-030000_M11_602,5:53:00,403876,52,1,1,releaser,23490
MV_A5-Weekday-SDon-031500_M11_603,5:15:00,403461,1,1,1,requester,23499
MV_A5-Weekday-SDon-031500_M11_603,6:08:00,403876,52,1,1,releaser,23499
MV_A5-Weekday-SDon-032500_M11_604,5:25:00,403461,1,1,1,requester,23505
MV_A5-Weekday-SDon-032500_M11_604,6:18:00,403876,52,1,1,releaser,23505
MV_A5-Weekday-SDon-033500_M11_605,5:35:00,403461,1,1,1,requester,23517
MV_A5-Weekday-SDon-033500_M11_605,6:22:16,405316,46,2,2,requester,23518
MV_A5-Weekday-SDon-033500_M11_605,6:23:00,404881,47,2,2,releaser,23518
MV_A5-Weekday-SDon-033500_M11_605,6:28:00,403876,52,1,1,releaser,23517
MV_A5-Weekday-SDon-034500_M11_606,5:45:00,403461,1,1,1,requester,23535
MV_A5-Weekday-SDon-034500_M11_606,6:26:57,405026,41,2,2,requester,23536
MV_A5-Weekday-SDon-034500_M11_606,6:34:15,401506,48,2,2,releaser,23536
MV_A5-Weekday-SDon-034500_M11_606,6:38:00,403876,52,1,1,releaser,23535
MV_A5-Weekday-SDon-035300_M11_607,5:53:00,403461,1,1,1,requester,23556
MV_A5-Weekday-SDon-035300_M11_607,6:24:10,405290,31,2,2,requester,23557
MV_A5-Weekday-SDon-035300_M11_607,6:27:16,401490,34,2,2,releaser,23557
MV_A5-Weekday-SDon-035300_M11_607,6:30:30,401493,37,2,2,requester,23558
MV_A5-Weekday-SDon-035300_M11_607,6:35:14,405026,41,2,2,releaser,23558
MV_A5-Weekday-SDon-035300_M11_607,6:48:00,403876,52,1,1,releaser,23556
MV_A5-Weekday-SDon-036000_M11_601,6:00:00,401393,1,1,1,requester,23578
MV_A5-Weekday-SDon-036000_M11_601,6:15:12,401408,17,2,2,requester,23579
MV_A5-Weekday-SDon-036000_M11_601,6:37:47,401034,41,2,2,releaser,23579
MV_A5-Weekday-SDon-036000_M11_601,6:41:00,401436,44,2,2,requester,23580
MV_A5-Weekday-SDon-036000_M11_601,6:46:04,401441,48,2,2,releaser,23580
MV_A5-Weekday-SDon-036000_M11_601,6:49:56,403292,51,2,2,requester,23581
MV_A5-Weekday-SDon-036000_M11_601,6:50:48,401444,52,2,2,releaser,23581
MV_A5-Weekday-SDon-036000_M11_601,6:59:00,803194,62,1,1,releaser,23578
MV_A5-Weekday-SDon-036100_M11_608,6:01:00,403461,1,1,1,requester,23589
MV_A5-Weekday-SDon-036100_M11_608,6:57:00,403876,52,1,1,releaser,23589
MV_A5-Weekday-SDon-036900_M11_609,6:09:00,403461,1,1,1,requester,23610
MV_A5-Weekday-SDon-036900_M11_609,6:47:12,401492,36,2,2,requester,23611
MV_A5-Weekday-SDon-036900_M11_609,6:50:14,401495,38,2,2,releaser,23611
MV_A5-Weekday-SDon-036900_M11_609,6:52:00,401497,40,2,2,requester,23612
MV_A5-Weekday-SDon-036900_M11_609,6:53:14,405026,41,2,2,releaser,23612
MV_A5-Weekday-SDon-036900_M11_609,7:06:00,403876,52,1,1,releaser,23610
MV_A5-Weekday-SDon-037500_M11_602,6:15:00,401393,1,1,1,requester,23639
MV_A5-Weekday-SDon-037500_M11_602,7:15:00,803194,62,1,1,releaser,23639
MV_A5-Weekday-SDon-037700_M11_610,6:17:00,403461,1,1,1,requester,23644
MV_A5-Weekday-SDon-037700_M11_610,7:17:00,403876,52,1,1,releaser,23644
MV_A5-Weekday-SDon-038500_M11_611,6:25:00,403461,1,1,1,requester,23664
MV_A5-Weekday-SDon-038500_M11_611,7:28:00,403876,52,1,1,releaser,23664
MV_A5-Weekday-SDon-038700_M11_603,6:27:00,401393,1,1,1,requester,23676
MV_A5-Weekday-SDon-038700_M11_603,6:43:48,401410,19,2,2,requester,23677
MV_A5-Weekday-SDon-038700_M11_603,6:46:10,401412,21,2,2,releaser,23677
MV_A5-Weekday-SDon-038700_M11_603,6:47:50,401414,23,2,2,requester,23678
MV_A5-Weekday-SDon-038700_M11_603,6:50:11,401417,25,2,2,releaser,23678
MV_A5-Weekday-SDon-038700_M11_603,7:28:00,803194,62,1,1,releaser,23676
MV_A5-Weekday-SDon-039300_M11_612,6:33:00,403461,1,1,1,requester,23688
MV_A5-Weekday-SDon-039300_M11_612,6:58:24,401092,22,2,2,requester,23689
MV_A5-Weekday-SDon-039300_M11_612,7:37:00,403876,52,2,1,releaser,23688
MV_A5-Weekday-SDon-039300_M11_612,7:37:00,403876,52,2,2,releaser,23689
MV_A5-Weekday-SDon-039700_M11_604,6:37:00,401393,1,1,1,requester,23707
MV_A5-Weekday-SDon-039700_M11_604,6:50:02,405631,15,2,2,requester,23708
MV_A5-Weekday-SDon-039700_M11_604,7:42:00,803194,62,2,1,releaser,23707
MV_A5-Weekday-SDon-039700_M11_604,7:42:00,803194,62,2,2,releaser,23708
MV_A5-Weekday-SDon-040100_M11_613,6:41:00,403461,1,1,1,requester,23718
MV_A5-Weekday-SDon-040100_M11_613,6:47:00,401459,5,2,2,requester,23719
MV_A5-Weekday-SDon-040100_M11_613,6:48:20,405079,6,2,2,releaser,23719
MV_A5-Weekday-SDon-040100_M11_613,7:48:00,403876,52,1,1,releaser,23718
MV_A5-Weekday-SDon-040700_M11_605,6:47:00,401393,1,1,1,requester,23755
MV_A5-Weekday-SDon-040700_M11_605,6:53:10,401398,8,2,2,requester,23756
MV_A5-Weekday-SDon-040700_M11_605,7:01:00,401407,16,3,3,requester,23757
MV_A5-Weekday-SDon-040700_M11_605,7:53:45,404056,59,3,3,releaser,23757
MV_A5-Weekday-SDon-040700_M11_605,7:54:13,404014,60,2,2,releaser,23756
MV_A5-Weekday-SDon-040700_M11_605,7:55:00,803194,62,1,1,releaser,23755
MV_A5-Weekday-SDon-040900_M11_614,6:49:00,403461,1,1,1,requester,23759
MV_A5-Weekday-SDon-040900_M11_614,7:02:08,401467,12,2,2,requester,23760
MV_A5-Weekday-SDon-040900_M11_614,7:40:48,401496,39,4,3,requester,23761
MV_A5-Weekday-SDon-040900_M11_614,7:40:48,401496,39,4,4,requester,23762
MV_A5-Weekday-SDon-040900_M11_614,7:53:15,401506,48,4,3,releaser,23761
MV_A5-Weekday-SDon-040900_M11_614,7:53:15,401506,48,4,4,releaser,23762
MV_A5-Weekday-SDon-040900_M11_614,7:57:00,403876,52,2,1,releaser,23759
MV_A5-Weekday-SDon-040900_M11_614,7:57:00,403876,52,2,2,releaser,23760
MV_A5-Weekday-SDon-041700_M11_606,6:57:00,401393,1,1,1,requester,23814
MV_A5-Weekday-SDon-041700_M11_606,7:06:59,401402,12,2,2,requester,23815
MV_A5-Weekday-SDon-041700_M11_606,7:51:58,401440,47,2,2,releaser,23815
MV_A5-Weekday-SDon-041700_M11_606,8:06:00,803194,62,1,1,releaser,23814
MV_A5-Weekday-SDon-041700_M11_615,6:57:00,403461,1,3,1,requester,23816
MV_A5-Weekday-SDon-041700_M11_615,6:57:00,403461,1,3,2,requester,23817
MV_A5-Weekday-SDon-041700_M11_615,6:57:00,403461,1,3,3,requester,23818
MV_A5-Weekday-SDon-041700_M11_615,7:55:25,401501,43,3,3,releaser,23818
MV_A5-Weekday-SDon-041700_M11_615,8:06:00,403876,52,2,1,releaser,23816
MV_A5-Weekday-SDon-041700_M11_615,8:06:00,403876,52,2,2,releaser,23817
MV_A5-Weekday-SDon-042300_M11_616,7:03:00,803195,1,1,1,requester,23839
MV_A5-Weekday-SDon-042300_M11_616,8:00:22,405026,45,2,2,requester,23840
MV_A5-Weekday-SDon-042300_M11_616,8:10:15,401506,52,2,2,releaser,23840
MV_A5-Weekday-SDon-042300_M11_616,8:14:00,403876,56,1,1,releaser,23839
MV_A5-Weekday-SDon-042700_M11_607,7:07:00,401393,1,1,1,requester,23873
MV_A5-Weekday-SDon-042700_M11_607,7:07:49,405120,2,3,2,requester,23874
MV_A5-Weekday-SDon-042700_M11_607,7:07:49,405120,2,3,3,requester,23875
MV_A5-Weekday-SDon-042700_M11_607,7:41:53,401024,31,4,4,requester,23876
MV_A5-Weekday-SDon-042700_M11_607,7:57:22,401435,43,4,3,releaser,23875
MV_A5-Weekday-SDon-042700_M11_607,7:57:22,401435,43,4,4,releaser,23876
MV_A5-Weekday-SDon-042700_M11_607,8:11:12,401447,54,2,2,releaser,23874
MV_A5-Weekday-SDon-042700_M11_607,8:17:00,803194,62,1,1,releaser,23873
MV_A5-Weekday-SDon-043100_M11_617,7:11:00,803195,1,1,1,requester,23880
MV_A5-Weekday-SDon-043100_M11_617,7:48:09,401096,30,3,2,requester,23881
MV_A5-Weekday-SDon-043100_M11_617,7:48:09,401096,30,3,3,requester,23884
MV_A5-Weekday-SDon-043100_M11_617,7:56:27,404030,36,3,2,releaser,23881
MV_A5-Weekday-SDon-043100_M11_617,7:56:27,404030,36,3,3,releaser,23884
MV_A5-Weekday-SDon-043100_M11_617,7:59:55,401491,39,2,2,requester,23882
MV_A5-Weekday-SDon-043100_M11_617,8:06:43,401496,43,2,2,releaser,23882
MV_A5-Weekday-SDon-043100_M11_617,8:09:30,405026,45,2,2,requester,23883
MV_A5-Weekday-SDon-043100_M11_617,8:11:55,401500,46,2,2,releaser,23883
MV_A5-Weekday-SDon-043100_M11_617,8:24:00,403876,56,1,1,releaser,23880
MV_A5-Weekday-SDon-043700_M11_608,7:17:00,401393,1,2,1,requester,23931
MV_A5-Weekday-SDon-043700_M11_608,7:17:00,401393,1,2,2,requester,23932
MV_A5-Weekday-SDon-043700_M11_608,7:44:51,401417,25,4,3,requester,23934
MV_A5-Weekday-SDon-043700_M11_608,7:44:51,401417,25,4,4,requester,23935
MV_A5-Weekday-SDon-043700_M11_608,7:58:25,404320,35,4,4,releaser,23935
MV_A5-Weekday-SDon-043700_M11_608,8:03:52,401032,39,4,4,requester,23936
MV_A5-Weekday-SDon-043700_M11_608,8:07:13,401035,42,4,3,releaser,23934
MV_A5-Weekday-SDon-043700_M11_608,8:07:13,401035,42,4,4,releaser,23936
MV_A5-Weekday-SDon-043700_M11_608,8:15:04,401441,48,2,2,releaser,23932
MV_A5-Weekday-SDon-043700_M11_608,8:17:30,401443,50,2,2,requester,23933
MV_A5-Weekday-SDon-043700_M11_608,8:18:56,403292,51,2,2,releaser,23933
MV_A5-Weekday-SDon-043700_M11_608,8:28:00,803194,62,1,1,releaser,23931
MV_A5-Weekday-SDon-043900_M11_601,7:19:00,803195,1,2,1,requester,23939
MV_A5-Weekday-SDon-043900_M11_601,7:19:00,803195,1,2,2,requester,23940
MV_A5-Weekday-SDon-043900_M11_601,7:36:51,401469,18,4,3,requester,23942
MV_A5-Weekday-SDon-043900_M11_601,7:36:51,401469,18,4,4,requester,23943
MV_A5-Weekday-SDon-043900_M11_601,7:55:00,404838,29,4,4,releaser,23943
MV_A5-Weekday-SDon-043900_M11_601,8:04:40,404030,36,3,3,releaser,23942
MV_A5-Weekday-SDon-043900_M11_601,8:20:55,401500,46,2,2,releaser,23940
MV_A5-Weekday-SDon-043900_M11_601,8:24:01,401502,48,2,2,requester,23941
MV_A5-Weekday-SDon-043900_M11_601,8:25:11,401503,49,2,2,releaser,23941
MV_A5-Weekday-SDon-043900_M11_601,8:33:00,403876,56,1,1,releaser,23939
MV_A5-Weekday-SDon-044700_M11_609,7:27:00,401393,1,3,1,requester,24014
MV_A5-Weekday-SDon-044700_M11_609,7:27:00,401393,1,3,2,requester,24015
MV_A5-Weekday-SDon-044700_M11_609,7:27:00,401393,1,3,3,requester,24017
MV_A5-Weekday-SDon-044700_M11_609,8:10:16,401026,33,4,4,requester,24018
MV_A5-Weekday-SDon-044700_M11_609,8:12:03,401027,34,4,4,releaser,24018
MV_A5-Weekday-SDon-044700_M11_609,8:22:13,401035,42,3,3,releaser,24017
MV_A5-Weekday-SDon-044700_M11_609,8:27:46,403886,46,2,2,releaser,24015
MV_A5-Weekday-SDon-044700_M11_609,8:30:04,401441,48,2,2,requester,24016
MV_A5-Weekday-SDon-044700_M11_609,8:31:09,401442,49,2,2,releaser,24016
MV_A5-Weekday-SDon-044700_M11_609,8:43:00,803194,62,1,1,releaser,24014
MV_A5-Weekday-SDon-044800_M11_618,7:28:00,803195,1,1,1,requester,24019
MV_A5-Weekday-SDon-044800_M11_618,7:46:00,400677,17,2,2,requester,24020
MV_A5-Weekday-SDon-044800_M11_618,8:03:36,401094,28,3,3,requester,24021
MV_A5-Weekday-SDon-044800_M11_618,8:06:00,404838,29,3,3,releaser,24021
MV_A5-Weekday-SDon-044800_M11_618,8:08:48,403372,31,3,3,requester,24022
MV_A5-Weekday-SDon-044800_M11_618,8:13:00,405283,34,3,3,releaser,24022
MV_A5-Weekday-SDon-044800_M11_618,8:17:48,401489,37,3,3,requester,24023
MV_A5-Weekday-SDon-044800_M11_618,8:20:22,401491,39,3,3,releaser,24023
MV_A5-Weekday-SDon-044800_M11_618,8:36:01,401502,48,2,2,releaser,24020
MV_A5-Weekday-SDon-044800_M11_618,8:45:00,403876,56,1,1,releaser,24019
MV_A5-Weekday-SDon-045700_M11_602,7:37:00,803195,1,3,1,requester,24092
MV_A5-Weekday-SDon-045700_M11_602,7:37:00,803195,1,3,2,requester,24093
MV_A5-Weekday-SDon-045700_M11_602,7:37:00,803195,1,3,3,requester,24094
MV_A5-Weekday-SDon-045700_M11_602,8:10:23,401092,26,3,3,releaser,24094
MV_A5-Weekday-SDon-045700_M11_602,8:47:11,401503,49,2,2,releaser,24093
MV_A5-Weekday-SDon-045700_M11_602,8:55:00,403876,56,1,1,releaser,24092
MV_A5-Weekday-SDon-045700_M11_610,7:37:00,401393,1,1,1,requester,24095
MV_A5-Weekday-SDon-045700_M11_610,7:46:25,401400,10,2,2,requester,24096
MV_A5-Weekday-SDon-045700_M11_610,7:59:41,401408,17,2,2,releaser,24096
MV_A5-Weekday-SDon-045700_M11_610,8:28:44,401031,38,3,2,requester,24097
MV_A5-Weekday-SDon-045700_M11_610,8:28:44,401031,38,3,3,requester,24098
MV_A5-Weekday-SDon-045700_M11_610,8:29:52,401032,39,3,3,releaser,24098
MV_A5-Weekday-SDon-045700_M11_610,8:31:59,401034,41,3,3,requester,24099
MV_A5-Weekday-SDon-045700_M11_610,8:33:13,401035,42,3,3,releaser,24099
MV_A5-Weekday-SDon-045700_M11_610,8:36:00,401436,44,3,3,requester,24100
MV_A5-Weekday-SDon-045700_M11_610,8:37:45,401438,45,3,2,releaser,24097
MV_A5-Weekday-SDon-045700_M11_610,8:37:45,401438,45,3,3,releaser,24100
MV_A5-Weekday-SDon-045700_M11_610,8:54:00,803194,62,1,1,releaser,24095
MV_A5-Weekday-SDon-046700_M11_603,7:47:00,803195,1,1,1,requester,24166
MV_A5-Weekday-SDon-046700_M11_603,7:52:25,403786,7,2,2,requester,24167
MV_A5-Weekday-SDon-046700_M11_603,8:03:11,401465,14,3,3,requester,24168
MV_A5-Weekday-SDon-046700_M11_603,8:18:25,401091,25,4,4,requester,24169
MV_A5-Weekday-SDon-046700_M11_603,8:22:27,401093,27,4,4,releaser,24169
MV_A5-Weekday-SDon-046700_M11_603,8:26:00,404838,29,3,3,releaser,24168
MV_A5-Weekday-SDon-046700_M11_603,8:50:30,405026,45,2,2,releaser,24167
MV_A5-Weekday-SDon-046700_M11_603,9:05:00,403876,56,1,1,releaser,24166
MV_A5-Weekday-SDon-046700_M11_611,7:47:00,401393,1,1,1,requester,24170
MV_A5-Weekday-SDon-046700_M11_611,7:56:25,401400,10,2,2,requester,24171
MV_A5-Weekday-SDon-046700_M11_611,8:04:35,404279,14,3,3,requester,24172
MV_A5-Weekday-SDon-046700_M11_611,8:13:49,401411,20,3,3,releaser,24172
MV_A5-Weekday-SDon-046700_M11_611,8:41:59,401034,41,2,2,releaser,24171
MV_A5-Weekday-SDon-046700_M11_611,9:04:00,803194,62,1,1,releaser,24170
MV_A5-Weekday-SDon-047700_M11_604,7:57:00,803195,1,1,1,requester,24274
MV_A5-Weekday-SDon-047700_M11_604,8:21:00,401086,20,2,2,requester,24275
MV_A5-Weekday-SDon-047700_M11_604,8:34:48,401094,28,2,2,releaser,24275
MV_A5-Weekday-SDon-047700_M11_604,8:39:48,403372,31,2,2,requester,24276
MV_A5-Weekday-SDon-047700_M11_604,8:48:48,401489,37,2,2,releaser,24276
MV_A5-Weekday-SDon-047700_M11_604,8:53:35,401492,40,2,2,requester,24277
MV_A5-Weekday-SDon-047700_M11_604,8:58:38,401496,43,3,3,requester,24278
MV_A5-Weekday-SDon-047700_M11_604,9:03:55,401500,46,3,3,releaser,24278
MV_A5-Weekday-SDon-047700_M11_604,9:12:15,401506,52,2,2,releaser,24277
MV_A5-Weekday-SDon-047700_M11_604,9:16:00,403876,56,1,1,releaser,24274
MV_A5-Weekday-SDon-047700_M11_612,7:57:00,401393,1,1,1,requester,24279
MV_A5-Weekday-SDon-047700_M11_612,8:00:04,405152,5,2,2,requester,24280
MV_A5-Weekday-SDon-047700_M11_612,8:05:00,403802,9,2,2,releaser,24280
MV_A5-Weekday-SDon-047700_M11_612,8:12:07,401404,13,2,2,requester,24281
MV_A5-Weekday-SDon-047700_M11_612,8:48:44,401031,38,3,3,requester,24283
MV_A5-Weekday-SDon-047700_M11_612,8:51:59,401034,41,3,2,releaser,24281
MV_A5-Weekday-SDon-047700_M11_612,8:51:59,401034,41,3,3,releaser,24283
MV_A5-Weekday-SDon-047700_M11_612,8:56:00,401436,44,2,2,requester,24282
MV_A5-Weekday-SDon-047700_M11_612,8:57:45,401438,45,2,2,releaser,24282
MV_A5-Weekday-SDon-047700_M11_612,9:14:00,803194,62,1,1,releaser,24279
MV_A5-Weekday-SDon-048700_M11_613,8:07:00,401393,1,1,1,requester,24371
MV_A5-Weekday-SDon-048700_M11_613,8:22:07,401404,13,2,2,requester,24372
MV_A5-Weekday-SDon-048700_M11_613,8:28:00,401407,16,2,2,releaser,24372
MV_A5-Weekday-SDon-048700_M11_613,8:30:49,401409,18,2,2,requester,24373
MV_A5-Weekday-SDon-048700_M11_613,8:33:49,401411,20,2,2,releaser,24373
MV_A5-Weekday-SDon-048700_M11_613,9:24:00,803194,62,1,1,releaser,24371
MV_A5-Weekday-SDon-048900_M11_605,8:09:00,803195,1,1,1,requester,24396
MV_A5-Weekday-SDon-048900_M11_605,8:14:39,403786,7,2,2,requester,24397
MV_A5-Weekday-SDon-048900_M11_605,8:20:00,401459,9,2,2,releaser,24397
MV_A5-Weekday-SDon-048900_M11_605,8:22:51,401462,11,2,2,requester,24398
MV_A5-Weekday-SDon-048900_M11_605,8:26:11,401465,14,3,3,requester,24399
MV_A5-Weekday-SDon-048900_M11_605,8:27:06,401466,15,3,3,releaser,24399
MV_A5-Weekday-SDon-048900_M11_605,8:31:49,401470,19,3,3,requester,24400
MV_A5-Weekday-SDon-048900_M11_605,8:36:25,401088,22,4,4,requester,24402
MV_A5-Weekday-SDon-048900_M11_605,8:46:48,401094,28,4,4,releaser,24402
MV_A5-Weekday-SDon-048900_M11_605,8:59:40,404030,36,3,3,releaser,24400
MV_A5-Weekday-SDon-048900_M11_605,9:03:22,401491,39,3,3,requester,24401
MV_A5-Weekday-SDon-048900_M11_605,9:21:51,405316,50,3,3,releaser,24401
MV_A5-Weekday-SDon-048900_M11_605,9:28:00,403876,56,2,1,releaser,24396
MV_A5-Weekday-SDon-048900_M11_605,9:28:00,403876,56,2,2,releaser,24398
MV_A5-Weekday-SDon-049700_M11_614,8:17:00,401393,1,1,1,requester,24463
MV_A5-Weekday-SDon-049700_M11_614,8:26:25,401400,10,2,2,requester,24464
MV_A5-Weekday-SDon-049700_M11_614,9:01:16,401026,33,2,2,releaser,24464
MV_A5-Weekday-SDon-049700_M11_614,9:34:00,803194,62,1,1,releaser,24463
MV_A5-Weekday-SDon-050100_M11_606,8:21:00,803195,1,1,1,requester,24507
MV_A5-Weekday-SDon-050100_M11_606,8:26:39,403786,7,2,2,requester,24508
MV_A5-Weekday-SDon-050100_M11_606,8:38:11,401465,14,2,2,releaser,24508
MV_A5-Weekday-SDon-050100_M11_606,8:40:01,401467,16,2,2,requester,24509
MV_A5-Weekday-SDon-050100_M11_606,9:03:48,403372,31,2,2,releaser,24509
MV_A5-Weekday-SDon-050100_M11_606,9:06:38,401100,33,2,2,requester,24510
MV_A5-Weekday-SDon-050100_M11_606,9:15:22,401491,39,3,3,requester,24511
MV_A5-Weekday-SDon-050100_M11_606,9:33:51,405316,50,3,3,releaser,24511
MV_A5-Weekday-SDon-050100_M11_606,9:39:00,401386,54,2,2,releaser,24510
MV_A5-Weekday-SDon-050100_M11_606,9:40:00,403876,56,1,1,releaser,24507
MV_A5-Weekday-SDon-050700_M11_615,8:27:00,401393,1,1,1,requester,24554
MV_A5-Weekday-SDon-050700_M11_615,8:36:25,401400,10,2,2,requester,24555
MV_A5-Weekday-SDon-050700_M11_615,8:49:41,401408,17,3,3,requester,24556
MV_A5-Weekday-SDon-050700_M11_615,8:56:03,401413,22,3,3,releaser,24556
MV_A5-Weekday-SDon-050700_M11_615,9:02:00,403472,26,2,2,releaser,24555
MV_A5-Weekday-SDon-050700_M11_615,9:44:00,803194,62,1,1,releaser,24554
MV_A5-Weekday-SDon-051300_M11_607,8:33:00,803195,1,1,1,requester,24595
MV_A5-Weekday-SDon-051300_M11_607,8:44:00,401459,9,2,2,requester,24596
MV_A5-Weekday-SDon-051300_M11_607,8:58:59,401087,21,3,3,requester,24597
MV_A5-Weekday-SDon-051300_M11_607,9:15:48,403372,31,3,3,releaser,24597
MV_A5-Weekday-SDon-051300_M11_607,9:20:00,405283,34,3,3,requester,24598
MV_A5-Weekday-SDon-051300_M11_607,9:21:42,405290,35,3,3,releaser,24598
MV_A5-Weekday-SDon-051300_M11_607,9:27:22,401491,39,3,3,requester,24599
MV_A5-Weekday-SDon-051300_M11_607,9:30:55,401493,41,3,3,releaser,24599
MV_A5-Weekday-SDon-051300_M11_607,9:36:00,401497,44,4,3,requester,24600
MV_A5-Weekday-SDon-051300_M11_607,9:36:00,401497,44,4,4,requester,24601
MV_A5-Weekday-SDon-051300_M11_607,9:37:30,405026,45,4,4,releaser,24601
MV_A5-Weekday-SDon-051300_M11_607,9:40:51,401501,47,3,3,releaser,24600
MV_A5-Weekday-SDon-051300_M11_607,9:52:00,403876,56,2,1,releaser,24595
MV_A5-Weekday-SDon-051300_M11_607,9:52:00,403876,56,2,2,releaser,24596
MV_A5-Weekday-SDon-051700_M11_616,8:37:00,401393,1,2,1,requester,24643
MV_A5-Weekday-SDon-051700_M11_616,8:37:00,401393,1,2,2,requester,24644
MV_A5-Weekday-SDon-051700_M11_616,8:49:51,401402,12,2,2,releaser,24644
MV_A5-Weekday-SDon-051700_M11_616,9:07:33,401414,23,2,2,requester,24645
MV_A5-Weekday-SDon-051700_M11_616,9:15:00,401021,28,2,2,releaser,24645
MV_A5-Weekday-SDon-051700_M11_616,9:24:25,404320,35,2,2,requester,24646
MV_A5-Weekday-SDon-051700_M11_616,9:25:51,401029,36,2,2,releaser,24646
MV_A5-Weekday-SDon-051700_M11_616,9:29:52,401032,39,2,2,requester,24647
MV_A5-Weekday-SDon-051700_M11_616,9:34:22,401435,43,2,2,releaser,24647
MV_A5-Weekday-SDon-051700_M11_616,9:54:00,803194,62,1,1,releaser,24643
MV_A5-Weekday-SDon-052500_M11_608,8:45:00,803195,1,1,1,requester,24694
MV_A5-Weekday-SDon-052500_M11_608,9:09:00,401086,20,3,2,requester,24695
MV_A5-Weekday-SDon-052500_M11_608,9:09:00,401086,20,3,3,requester,24696
MV_A5-Weekday-SDon-052500_M11_608,9:16:05,401090,24,4,4,requester,24697
MV_A5-Weekday-SDon-052500_M11_608,9:19:23,401092,26,4,4,releaser,24697
MV_A5-Weekday-SDon-052500_M11_608,9:26:21,401096,30,4,4,requester,24698
MV_A5-Weekday-SDon-052500_M11_608,9:33:42,405290,35,4,4,releaser,24698
MV_A5-Weekday-SDon-052500_M11_608,9:41:35,401492,40,4,4,requester,24699
MV_A5-Weekday-SDon-052500_M11_608,9:48:00,401497,44,4,4,releaser,24699
MV_A5-Weekday-SDon-052500_M11_608,10:03:00,401386,54,3,2,releaser,24695
MV_A5-Weekday-SDon-052500_M11_608,10:03:00,401386,54,3,3,releaser,24696
MV_A5-Weekday-SDon-052500_M11_608,10:04:00,403876,56,1,1,releaser,24694
MV_A5-Weekday-SDon-052700_M11_617,8:47:00,401393,1,1,1,requester,24715
MV_A5-Weekday-SDon-052700_M11_617,9:08:00,401407,16,2,2,requester,24716
MV_A5-Weekday-SDon-052700_M11_617,9:09:41,401408,17,2,2,releaser,24716
MV_A5-Weekday-SDon-052700_M11_617,9:13:49,401411,20,2,2,requester,24717
MV_A5-Weekday-SDon-052700_M11_617,9:22:00,403472,26,2,2,releaser,24717
MV_A5-Weekday-SDon-052700_M11_617,9:26:10,401022,29,2,2,requester,24718
MV_A5-Weekday-SDon-052700_M11_617,9:27:48,401023,30,2,2,releaser,24718
MV_A5-Weekday-SDon-052700_M11_617,9:33:03,401027,34,2,2,requester,24719
MV_A5-Weekday-SDon-052700_M11_617,9:34:25,404320,35,2,2,releaser,24719
MV_A5-Weekday-SDon-052700_M11_617,9:44:22,401435,43,2,2,requester,24720
MV_A5-Weekday-SDon-052700_M11_617,9:48:46,403886,46,2,2,releaser,24720
MV_A5-Weekday-SDon-052700_M11_617,10:04:00,803194,62,1,1,releaser,24715
MV_A5-Weekday-SDon-053700_M11_601,8:57:00,401393,1,1,1,requester,24786
MV_A5-Weekday-SDon-053700_M11_601,9:07:47,401401,11,2,2,requester,24787
MV_A5-Weekday-SDon-053700_M11_601,9:27:33,401414,23,2,2,releaser,24787
MV_A5-Weekday-SDon-053700_M11_601,9:35:00,401021,28,2,2,requester,24788
MV_A5-Weekday-SDon-053700_M11_601,9:36:10,401022,29,2,2,releaser,24788
MV_A5-Weekday-SDon-053700_M11_601,9:43:03,401027,34,2,2,requester,24789
MV_A5-Weekday-SDon-053700_M11_601,9:48:44,401031,38,2,2,releaser,24789
MV_A5-Weekday-SDon-053700_M11_601,9:51:59,401034,41,2,2,requester,24790
MV_A5-Weekday-SDon-053700_M11_601,9:53:13,401035,42,2,2,releaser,24790
MV_A5-Weekday-SDon-053700_M11_601,10:14:00,803194,62,1,1,releaser,24786
MV_A5-Weekday-SDon-053700_M11_609,8:57:00,803195,1,1,1,requester,24791
MV_A5-Weekday-SDon-053700_M11_609,9:14:11,401465,14,2,2,requester,24792
MV_A5-Weekday-SDon-053700_M11_609,9:29:25,401091,25,3,3,requester,24793
MV_A5-Weekday-SDon-053700_M11_609,9:31:23,401092,26,3,3,releaser,24793
MV_A5-Weekday-SDon-053700_M11_609,9:34:48,401094,28,3,3,requester,24794
MV_A5-Weekday-SDon-053700_M11_609,9:38:21,401096,30,3,3,releaser,24794
MV_A5-Weekday-SDon-053700_M11_609,9:53:35,401492,40,3,3,requester,24795
MV_A5-Weekday-SDon-053700_M11_609,10:01:30,405026,45,3,3,releaser,24795
MV_A5-Weekday-SDon-053700_M11_609,10:16:00,403876,56,2,1,releaser,24791
MV_A5-Weekday-SDon-053700_M11_609,10:16:00,403876,56,2,2,releaser,24792
MV_A5-Weekday-SDon-054700_M11_618,9:07:00,401393,1,1,1,requester,24861
MV_A5-Weekday-SDon-054700_M11_618,9:26:13,405631,15,2,2,requester,24862
MV_A5-Weekday-SDon-054700_M11_618,10:07:45,401438,45,2,2,releaser,24862
MV_A5-Weekday-SDon-054700_M11_618,10:24:00,803194,62,1,1,releaser,24861
MV_A5-Weekday-SDon-054900_M11_610,9:09:00,803195,1,1,1,requester,24874
MV_A5-Weekday-SDon-054900_M11_610,9:18:34,401458,8,2,2,requester,24875
MV_A5-Weekday-SDon-054900_M11_610,9:27:06,401466,15,2,2,releaser,24875
MV_A5-Weekday-SDon-054900_M11_610,9:41:25,401091,25,2,2,requester,24876
MV_A5-Weekday-SDon-054900_M11_610,9:45:27,401093,27,2,2,releaser,24876
MV_A5-Weekday-SDon-054900_M11_610,10:10:38,401496,43,3,2,requester,24877
MV_A5-Weekday-SDon-054900_M11_610,10:10:38,401496,43,3,3,requester,24878
MV_A5-Weekday-SDon-054900_M11_610,10:13:30,405026,45,3,3,releaser,24878
MV_A5-Weekday-SDon-054900_M11_610,10:19:01,401502,48,2,2,releaser,24877
MV_A5-Weekday-SDon-054900_M11_610,10:28:00,403876,56,1,1,releaser,24874
MV_A5-Weekday-SDon-055700_M11_602,9:17:00,401393,1,1,1,requester,24929
MV_A5-Weekday-SDon-055700_M11_602,10:34:00,803194,62,1,1,releaser,24929
MV_A5-Weekday-SDon-056100_M11_619,9:21:00,803195,1,1,1,requester,24964
MV_A5-Weekday-SDon-056100_M11_619,9:30:34,401458,8,2,2,requester,24965
MV_A5-Weekday-SDon-056100_M11_619,9:36:19,401463,12,2,2,releaser,24965
MV_A5-Weekday-SDon-056100_M11_619,9:39:06,401466,15,2,2,requester,24966
MV_A5-Weekday-SDon-056100_M11_619,9:57:27,401093,27,3,3,requester,24967
MV_A5-Weekday-SDon-056100_M11_619,9:58:48,401094,28,3,3,releaser,24967
MV_A5-Weekday-SDon-056100_M11_619,10:14:12,401490,38,3,3,requester,24968
MV_A5-Weekday-SDon-056100_M11_619,10:24:00,401497,44,3,3,releaser,24968
MV_A5-Weekday-SDon-056100_M11_619,10:36:33,401506,52,2,2,releaser,24966
MV_A5-Weekday-SDon-056100_M11_619,10:41:00,403876,56,1,1,releaser,24964
MV_A5-Weekday-SDon-056700_M11_603,9:27:00,401393,1,1,1,requester,25006
MV_A5-Weekday-SDon-056700_M11_603,9:46:13,405631,15,2,2,requester,25007
MV_A5-Weekday-SDon-056700_M11_603,9:49:41,401408,17,3,3,requester,25012
MV_A5-Weekday-SDon-056700_M11_603,9:50:49,401409,18,3,3,releaser,25012
MV_A5-Weekday-SDon-056700_M11_603,9:53:49,401411,20,3,3,requester,25013
MV_A5-Weekday-SDon-056700_M11_603,9:55:14,401412,21,3,3,releaser,25013
MV_A5-Weekday-SDon-056700_M11_603,9:57:33,401414,23,2,2,releaser,25007
MV_A5-Weekday-SDon-056700_M11_603,10:00:51,401417,25,2,2,requester,25008
MV_A5-Weekday-SDon-056700_M11_603,10:06:10,401022,29,2,2,releaser,25008
MV_A5-Weekday-SDon-056700_M11_603,10:11:16,401026,33,2,2,requester,25009
MV_A5-Weekday-SDon-056700_M11_603,10:14:25,404320,35,2,2,releaser,25009
MV_A5-Weekday-SDon-056700_M11_603,10:16:58,401030,37,2,2,requester,25010
MV_A5-Weekday-SDon-056700_M11_603,10:26:00,401436,44,2,2,releaser,25010
MV_A5-Weekday-SDon-056700_M11_603,10:34:56,403292,51,2,2,requester,25011
MV_A5-Weekday-SDon-056700_M11_603,10:35:48,401444,52,2,2,releaser,25011
MV_A5-Weekday-SDon-056700_M11_603,10:44:00,803194,62,1,1,releaser,25006
MV_A5-Weekday-SDon-057300_M11_612,9:33:00,803195,1,1,1,requester,25064
MV_A5-Weekday-SDon-057300_M11_612,9:44:00,401459,9,2,2,requester,25065
MV_A5-Weekday-SDon-057300_M11_612,9:49:14,401464,13,2,2,releaser,25065
MV_A5-Weekday-SDon-057300_M11_612,9:53:00,400677,17,2,2,requester,25066
MV_A5-Weekday-SDon-057300_M11_612,10:00:25,401088,22,2,2,releaser,25066
MV_A5-Weekday-SDon-057300_M11_612,10:13:00,404838,29,2,2,requester,25067
MV_A5-Weekday-SDon-057300_M11_612,10:14:21,401096,30,2,2,releaser,25067
MV_A5-Weekday-SDon-057300_M11_612,10:26:12,401490,38,2,2,requester,25068
MV_A5-Weekday-SDon-057300_M11_612,10:30:55,401493,41,2,2,releaser,25068
MV_A5-Weekday-SDon-057300_M11_612,10:36:00,401497,44,2,2,requester,25069
MV_A5-Weekday-SDon-057300_M11_612,10:37:30,405026,45,2,2,releaser,25069
MV_A5-Weekday-SDon-057300_M11_612,10:53:00,403876,56,1,1,releaser,25064
MV_A5-Weekday-SDon-057700_M11_604,9:37:00,401393,1,1,1,requester,25105
MV_A5-Weekday-SDon-057700_M11_604,10:00:49,401409,18,2,2,requester,25106
MV_A5-Weekday-SDon-057700_M11_604,10:16:10,401022,29,2,2,releaser,25106
MV_A5-Weekday-SDon-057700_M11_604,10:21:16,401026,33,2,2,requester,25107
MV_A5-Weekday-SDon-057700_M11_604,10:39:58,401440,47,2,2,releaser,25107
MV_A5-Weekday-SDon-057700_M11_604,10:54:00,803194,62,1,1,releaser,25105
MV_A5-Weekday-SDon-058500_M11_613,9:45:00,803195,1,1,1,requester,25154
MV_A5-Weekday-SDon-058500_M11_613,10:07:49,401470,19,2,2,requester,25155
MV_A5-Weekday-SDon-058500_M11_613,10:35:54,404030,36,2,2,releaser,25155
MV_A5-Weekday-SDon-058500_M11_613,10:39:50,401491,39,2,2,requester,25156
MV_A5-Weekday-SDon-058500_M11_613,10:47:33,401496,43,2,2,releaser,25156
MV_A5-Weekday-SDon-058500_M11_613,10:52:55,401500,46,2,2,requester,25157
MV_A5-Weekday-SDon-058500_M11_613,10:57:11,401503,49,2,2,releaser,25157
MV_A5-Weekday-SDon-058500_M11_613,11:06:00,403876,56,1,1,releaser,25154
MV_A5-Weekday-SDon-058900_M11_605,9:49:00,401393,1,1,1,requester,25181
MV_A5-Weekday-SDon-058900_M11_605,10:04:07,401404,13,2,2,requester,25182
MV_A5-Weekday-SDon-058900_M11_605,10:13:55,401410,19,3,3,requester,25184
MV_A5-Weekday-SDon-058900_M11_605,10:24:00,403472,26,3,3,releaser,25184
MV_A5-Weekday-SDon-058900_M11_605,10:41:52,401032,39,3,3,requester,25185
MV_A5-Weekday-SDon-058900_M11_605,10:49:45,401438,45,3,3,releaser,25185
MV_A5-Weekday-SDon-058900_M11_605,10:59:00,401446,53,2,2,releaser,25182
MV_A5-Weekday-SDon-058900_M11_605,11:05:08,404056,59,2,2,requester,25183
MV_A5-Weekday-SDon-058900_M11_605,11:05:49,404014,60,2,2,releaser,25183
MV_A5-Weekday-SDon-058900_M11_605,11:07:00,803194,62,1,1,releaser,25181
MV_A5-Weekday-SDon-059700_M11_614,9:57:00,803195,1,1,1,requester,25240
MV_A5-Weekday-SDon-059700_M11_614,10:08:00,401459,9,2,2,requester,25241
MV_A5-Weekday-SDon-059700_M11_614,10:55:36,401493,41,3,3,requester,25243
MV_A5-Weekday-SDon-059700_M11_614,10:58:30,401495,42,3,3,releaser,25243
MV_A5-Weekday-SDon-059700_M11_614,11:01:00,401497,44,3,3,requester,25244
MV_A5-Weekday-SDon-059700_M11_614,11:02:30,405026,45,3,3,releaser,25244
MV_A5-Weekday-SDon-059700_M11_614,11:08:01,401502,48,2,2,releaser,25241
MV_A5-Weekday-SDon-059700_M11_614,11:10:51,405316,50,2,2,requester,25242
MV_A5-Weekday-SDon-059700_M11_614,11:12:00,404881,51,2,2,releaser,25242
MV_A5-Weekday-SDon-059700_M11_614,11:18:00,403876,56,1,1,releaser,25240
MV_A5-Weekday-SDon-060100_M11_606,10:01:00,401393,1,1,1,requester,25275
MV_A5-Weekday-SDon-060100_M11_606,10:16:07,401404,13,2,2,requester,25276
MV_A5-Weekday-SDon-060100_M11_606,10:23:41,401408,17,2,2,releaser,25276
MV_A5-Weekday-SDon-060100_M11_606,10:29:14,401412,21,2,2,requester,25277
MV_A5-Weekday-SDon-060100_M11_606,10:33:21,401416,24,2,2,releaser,25277
MV_A5-Weekday-SDon-060100_M11_606,10:36:00,403472,26,2,2,requester,25278
MV_A5-Weekday-SDon-060100_M11_606,10:39:00,401021,28,2,2,releaser,25278
MV_A5-Weekday-SDon-060100_M11_606,10:41:48,401023,30,2,2,requester,25279
MV_A5-Weekday-SDon-060100_M11_606,10:42:53,401024,31,2,2,releaser,25279
MV_A5-Weekday-SDon-060100_M11_606,10:45:16,401026,33,2,2,requester,25280
MV_A5-Weekday-SDon-060100_M11_606,10:47:03,401027,34,2,2,releaser,25280
MV_A5-Weekday-SDon-060100_M11_606,10:49:51,401029,36,2,2,requester,25281
MV_A5-Weekday-SDon-060100_M11_606,11:02:04,401438,45,3,3,requester,25283
MV_A5-Weekday-SDon-060100_M11_606,11:04:42,401440,47,3,3,releaser,25283
MV_A5-Weekday-SDon-060100_M11_606,11:10:33,403292,51,2,2,releaser,25281
MV_A5-Weekday-SDon-060100_M11_606,11:13:00,401446,53,2,2,requester,25282
MV_A5-Weekday-SDon-060100_M11_606,11:14:12,401447,54,2,2,releaser,25282
MV_A5-Weekday-SDon-060100_M11_606,11:21:00,803194,62,1,1,releaser,25275
MV_A5-Weekday-SDon-060600_M11_611,10:06:00,403942,1,1,1,requester,25305
MV_A5-Weekday-SDon-060600_M11_611,10:38:04,403164,24,2,2,requester,25306
MV_A5-Weekday-SDon-060600_M11_611,10:45:54,403168,28,2,2,releaser,25306
MV_A5-Weekday-SDon-060600_M11_611,11:09:00,803144,43,1,1,releaser,25305
MV_A5-Weekday-SDon-060900_M11_615,10:09:00,803195,1,1,1,requester,25334
MV_A5-Weekday-SDon-060900_M11_615,10:20:00,401459,9,2,2,requester,25335
MV_A5-Weekday-SDon-060900_M11_615,10:26:11,401465,14,2,2,releaser,25335
MV_A5-Weekday-SDon-060900_M11_615,10:28:01,401467,16,2,2,requester,25336
MV_A5-Weekday-SDon-060900_M11_615,10:38:00,403362,23,2,2,releaser,25336
MV_A5-Weekday-SDon-060900_M11_615,10:41:43,401091,25,2,2,requester,25337
MV_A5-Weekday-SDon-060900_M11_615,10:57:00,405283,34,2,2,releaser,25337
MV_A5-Weekday-SDon-060900_M11_615,11:04:50,401491,39,2,2,requester,25338
MV_A5-Weekday-SDon-060900_M11_615,11:08:36,401493,41,2,2,releaser,25338
MV_A5-Weekday-SDon-060900_M11_615,11:12:33,401496,43,2,2,requester,25339
MV_A5-Weekday-SDon-060900_M11_615,11:17:55,401500,46,2,2,releaser,25339
MV_A5-Weekday-SDon-060900_M11_615,11:31:00,403876,56,1,1,releaser,25334
MV_A5-Weekday-SDon-061300_M11_607,10:13:00,401393,1,1,1,requester,25363
MV_A5-Weekday-SDon-061300_M11_607,10:25:51,401402,12,2,2,requester,25364
MV_A5-Weekday-SDon-061300_M11_607,11:26:12,401447,54,2,2,releaser,25364
MV_A5-Weekday-SDon-061300_M11_607,11:33:00,803194,62,1,1,releaser,25363
MV_A5-Weekday-SDon-062100_M11_622,10:21:00,803195,1,1,1,requester,25408
MV_A5-Weekday-SDon-062100_M11_622,10:47:59,401087,21,2,2,requester,25409
MV_A5-Weekday-SDon-062100_M11_622,11:00:36,401094,28,2,2,releaser,25409
MV_A5-Weekday-SDon-062100_M11_622,11:04:21,401096,30,2,2,requester,25410
MV_A5-Weekday-SDon-062100_M11_622,11:20:11,401492,40,3,3,requester,25411
MV_A5-Weekday-SDon-062100_M11_622,11:28:30,405026,45,3,3,releaser,25411
MV_A5-Weekday-SDon-062100_M11_622,11:39:33,401506,52,2,2,releaser,25410
MV_A5-Weekday-SDon-062100_M11_622,11:44:00,403876,56,1,1,releaser,25408
MV_A5-Weekday-SDon-062500_M11_608,10:25:00,401393,1,1,1,requester,25444
MV_A5-Weekday-SDon-062500_M11_608,10:34:25,401400,10,2,2,requester,25445
MV_A5-Weekday-SDon-062500_M11_608,10:35:47,401401,11,2,2,releaser,25445
MV_A5-Weekday-SDon-062500_M11_608,10:44:13,405631,15,2,2,requester,25446
MV_A5-Weekday-SDon-062500_M11_608,10:58:51,401417,25,2,2,releaser,25446
MV_A5-Weekday-SDon-062500_M11_608,11:01:33,403555,27,2,2,requester,25447
MV_A5-Weekday-SDon-062500_M11_608,11:08:08,401024,31,3,3,requester,25448
MV_A5-Weekday-SDon-062500_M11_608,11:19:48,401032,39,3,3,releaser,25448
MV_A5-Weekday-SDon-062500_M11_608,11:21:59,401034,41,3,3,requester,25449
MV_A5-Weekday-SDon-062500_M11_608,11:23:13,401035,42,3,3,releaser,25449
MV_A5-Weekday-SDon-062500_M11_608,11:31:59,401441,48,2,2,releaser,25447
MV_A5-Weekday-SDon-062500_M11_608,11:47:00,803194,62,1,1,releaser,25444
MV_A5-Weekday-SDon-063300_M11_623,10:33:00,803195,1,1,1,requester,25498
MV_A5-Weekday-SDon-063300_M11_623,10:45:00,401459,9,2,2,requester,25499
MV_A5-Weekday-SDon-063300_M11_623,11:20:16,401099,32,2,2,releaser,25499
MV_A5-Weekday-SDon-063300_M11_623,11:23:00,405283,34,2,2,requester,25500
MV_A5-Weekday-SDon-063300_M11_623,11:29:35,401490,38,3,3,requester,25502
MV_A5-Weekday-SDon-063300_M11_623,11:41:30,405026,45,3,3,releaser,25502
MV_A5-Weekday-SDon-063300_M11_623,11:47:01,401502,48,2,2,releaser,25500
MV_A5-Weekday-SDon-063300_M11_623,11:51:00,404881,51,2,2,requester,25501
MV_A5-Weekday-SDon-063300_M11_623,11:53:35,401507,53,2,2,releaser,25501
MV_A5-Weekday-SDon-063300_M11_623,11:57:00,403876,56,1,1,releaser,25498
MV_A5-Weekday-SDon-063700_M11_609,10:37:00,401393,1,1,1,requester,25543
MV_A5-Weekday-SDon-063700_M11_609,10:41:42,405151,6,2,2,requester,25544
MV_A5-Weekday-SDon-063700_M11_609,10:43:59,401398,8,2,2,releaser,25544
MV_A5-Weekday-SDon-063700_M11_609,10:52:07,401404,13,2,2,requester,25545
MV_A5-Weekday-SDon-063700_M11_609,10:59:41,401408,17,2,2,releaser,25545
MV_A5-Weekday-SDon-063700_M11_609,11:01:55,401410,19,2,2,requester,25546
MV_A5-Weekday-SDon-063700_M11_609,11:13:33,403555,27,3,3,requester,25547
MV_A5-Weekday-SDon-063700_M11_609,11:18:58,401023,30,3,3,releaser,25547
MV_A5-Weekday-SDon-063700_M11_609,11:22:40,401026,33,3,3,requester,25548
MV_A5-Weekday-SDon-063700_M11_609,11:24:33,401027,34,3,3,releaser,25548
MV_A5-Weekday-SDon-063700_M11_609,11:28:43,401030,37,3,3,requester,25549
MV_A5-Weekday-SDon-063700_M11_609,11:38:00,401436,44,3,3,releaser,25549
MV_A5-Weekday-SDon-063700_M11_609,11:57:49,404014,60,2,2,releaser,25546
MV_A5-Weekday-SDon-063700_M11_609,11:59:00,803194,62,1,1,releaser,25543
MV_A5-Weekday-SDon-064500_M11_618,10:45:00,803195,1,1,1,requester,25595
MV_A5-Weekday-SDon-064500_M11_618,10:57:00,401459,9,2,2,requester,25596
MV_A5-Weekday-SDon-064500_M11_618,10:58:40,405079,10,2,2,releaser,25596
MV_A5-Weekday-SDon-064500_M11_618,11:01:48,401463,12,2,2,requester,25597
MV_A5-Weekday-SDon-064500_M11_618,11:02:48,401464,13,2,2,releaser,25597
MV_A5-Weekday-SDon-064500_M11_618,11:04:53,401466,15,2,2,requester,25598
MV_A5-Weekday-SDon-064500_M11_618,11:21:52,401092,26,2,2,releaser,25598
MV_A5-Weekday-SDon-064500_M11_618,11:25:36,401094,28,2,2,requester,25599
MV_A5-Weekday-SDon-064500_M11_618,11:56:51,401501,47,2,2,releaser,25599
MV_A5-Weekday-SDon-064500_M11_618,12:00:11,401503,49,2,2,requester,25600
MV_A5-Weekday-SDon-064500_M11_618,12:01:51,405316,50,2,2,releaser,25600
MV_A5-Weekday-SDon-064500_M11_618,12:09:00,403876,56,1,1,releaser,25595
MV_A5-Weekday-SDon-064900_M11_610,10:49:00,401393,1,1,1,requester,25630
MV_A5-Weekday-SDon-064900_M11_610,11:11:48,401408,17,2,2,requester,25631
MV_A5-Weekday-SDon-064900_M11_610,11:16:14,401411,20,3,3,requester,25633
MV_A5-Weekday-SDon-064900_M11_610,11:26:33,403555,27,3,3,releaser,25633
MV_A5-Weekday-SDon-064900_M11_610,11:39:01,404320,35,3,3,requester,25634
MV_A5-Weekday-SDon-064900_M11_610,11:40:31,401029,36,3,3,releaser,25634
MV_A5-Weekday-SDon-064900_M11_610,11:58:16,401442,49,2,2,releaser,25631
MV_A5-Weekday-SDon-064900_M11_610,12:01:33,403292,51,2,2,requester,25632
MV_A5-Weekday-SDon-064900_M11_610,12:05:12,401447,54,2,2,releaser,25632
MV_A5-Weekday-SDon-064900_M11_610,12:12:00,803194,62,1,1,releaser,25630
MV_A5-Weekday-SDon-065400_M11_617,10:54:00,403942,1,1,1,requester,25668
MV_A5-Weekday-SDon-065400_M11_617,11:00:01,403142,5,2,2,requester,25669
MV_A5-Weekday-SDon-065400_M11_617,11:02:24,403145,7,2,2,releaser,25669
MV_A5-Weekday-SDon-065400_M11_617,11:05:09,403147,9,2,2,requester,25670
MV_A5-Weekday-SDon-065400_M11_617,11:38:39,400856,30,2,2,releaser,25670
MV_A5-Weekday-SDon-065400_M11_617,11:43:00,404138,32,2,2,requester,25671
MV_A5-Weekday-SDon-065400_M11_617,11:46:30,403781,36,2,2,releaser,25671
MV_A5-Weekday-SDon-065400_M11_617,11:58:00,803144,43,1,1,releaser,25668
MV_A5-Weekday-SDon-065700_M11_612,10:57:00,803195,1,1,1,requester,25682
MV_A5-Weekday-SDon-065700_M11_612,11:10:40,405079,10,2,2,requester,25683
MV_A5-Weekday-SDon-065700_M11_612,11:26:25,401088,22,2,2,releaser,25683
MV_A5-Weekday-SDon-065700_M11_612,11:30:16,401090,24,2,2,requester,25684
MV_A5-Weekday-SDon-065700_M11_612,11:33:52,401092,26,2,2,releaser,25684
MV_A5-Weekday-SDon-065700_M11_612,12:21:00,403876,56,1,1,releaser,25682
MV_A5-Weekday-SDon-066100_M11_619,11:01:00,401393,1,1,1,requester,25713
MV_A5-Weekday-SDon-066100_M11_619,11:06:09,405151,6,2,2,requester,25714
MV_A5-Weekday-SDon-066100_M11_619,11:07:46,404161,7,2,2,releaser,25714
MV_A5-Weekday-SDon-066100_M11_619,11:11:25,401400,10,2,2,requester,25715
MV_A5-Weekday-SDon-066100_M11_619,11:14:51,401402,12,3,3,requester,25717
MV_A5-Weekday-SDon-066100_M11_619,11:29:14,401411,20,4,4,requester,25719
MV_A5-Weekday-SDon-066100_M11_619,11:30:45,401412,21,4,4,releaser,25719
MV_A5-Weekday-SDon-066100_M11_619,11:47:28,401025,32,3,3,releaser,25717
MV_A5-Weekday-SDon-066100_M11_619,11:50:33,401027,34,3,3,requester,25718
MV_A5-Weekday-SDon-066100_M11_619,11:54:43,401030,37,3,3,releaser,25718
MV_A5-Weekday-SDon-066100_M11_619,12:12:52,401443,50,2,2,releaser,25715
MV_A5-Weekday-SDon-066100_M11_619,12:20:11,403757,55,2,2,requester,25716
MV_A5-Weekday-SDon-066100_M11_619,12:22:00,404011,56,2,2,releaser,25716
MV_A5-Weekday-SDon-066100_M11_619,12:25:00,803194,62,1,1,releaser,25713
MV_A5-Weekday-SDon-067300_M11_620,11:13:00,401393,1,1,1,requester,25807
MV_A5-Weekday-SDon-067300_M11_620,11:23:25,401400,10,2,2,requester,25808
MV_A5-Weekday-SDon-067300_M11_620,11:33:13,405631,15,3,3,requester,25811
MV_A5-Weekday-SDon-067300_M11_620,11:38:01,401409,18,3,3,releaser,25811
MV_A5-Weekday-SDon-067300_M11_620,11:41:14,401411,20,3,3,requester,25812
MV_A5-Weekday-SDon-067300_M11_620,11:43:37,401413,22,3,3,releaser,25812
MV_A5-Weekday-SDon-067300_M11_620,12:04:01,404320,35,2,2,releaser,25808
MV_A5-Weekday-SDon-067300_M11_620,12:06:43,401030,37,2,2,requester,25809
MV_A5-Weekday-SDon-067300_M11_620,12:23:16,401442,49,2,2,releaser,25809
MV_A5-Weekday-SDon-067300_M11_620,12:26:33,403292,51,2,2,requester,25810
MV_A5-Weekday-SDon-067300_M11_620,12:30:12,401447,54,2,2,releaser,25810
MV_A5-Weekday-SDon-067300_M11_620,12:37:00,803194,62,1,1,releaser,25807
MV_A5-Weekday-SDon-067800_M11_601,11:18:00,403942,1,1,1,requester,25843
MV_A5-Weekday-SDon-067800_M11_601,11:33:27,403149,11,2,2,requester,25844
MV_A5-Weekday-SDon-067800_M11_601,11:34:34,403150,12,2,2,releaser,25844
MV_A5-Weekday-SDon-067800_M11_601,11:38:21,403153,15,2,2,requester,25845
MV_A5-Weekday-SDon-067800_M11_601,11:56:00,403165,25,2,2,releaser,25845
MV_A5-Weekday-SDon-067800_M11_601,12:00:09,403167,27,2,2,requester,25846
MV_A5-Weekday-SDon-067800_M11_601,12:04:05,403169,29,2,2,releaser,25846
MV_A5-Weekday-SDon-067800_M11_601,12:25:00,803144,43,1,1,releaser,25843
MV_A5-Weekday-SDon-068100_M11_613,11:21:00,803195,1,1,1,requester,25863
MV_A5-Weekday-SDon-068100_M11_613,11:33:00,401459,9,2,2,requester,25864
MV_A5-Weekday-SDon-068100_M11_613,11:50:25,401088,22,2,2,releaser,25864
MV_A5-Weekday-SDon-068100_M11_613,11:54:16,401090,24,2,2,requester,25865
MV_A5-Weekday-SDon-068100_M11_613,12:21:11,401492,40,3,3,requester,25866
MV_A5-Weekday-SDon-068100_M11_613,12:25:30,401495,42,3,3,releaser,25866
MV_A5-Weekday-SDon-068100_M11_613,12:31:55,401500,46,2,2,releaser,25865
MV_A5-Weekday-SDon-068100_M11_613,12:45:00,403876,56,1,1,releaser,25863
MV_A5-Weekday-SDon-068300_M11_611,11:23:00,405374,1,1,1,requester,25874
MV_A5-Weekday-SDon-068300_M11_611,11:36:04,403271,10,2,2,requester,25875
MV_A5-Weekday-SDon-068300_M11_611,11:43:42,403105,14,2,2,releaser,25875
MV_A5-Weekday-SDon-068300_M11_611,11:49:28,403109,18,2,2,requester,25876
MV_A5-Weekday-SDon-068300_M11_611,11:59:26,403115,24,2,2,releaser,25876
MV_A5-Weekday-SDon-068300_M11_611,12:09:58,404262,31,2,2,requester,25877
MV_A5-Weekday-SDon-068300_M11_611,12:11:24,403125,32,2,2,releaser,25877
MV_A5-Weekday-SDon-068300_M11_611,12:18:00,903352,36,1,1,releaser,25874
MV_A5-Weekday-SDon-068500_M11_621,11:25:00,401393,1,1,1,requester,25892
MV_A5-Weekday-SDon-068500_M11_621,11:38:51,401402,12,2,2,requester,25893
MV_A5-Weekday-SDon-068500_M11_621,11:41:07,401404,13,2,2,releaser,25893
MV_A5-Weekday-SDon-068500_M11_621,11:45:13,405631,15,2,2,requester,25894
MV_A5-Weekday-SDon-068500_M11_621,12:02:00,403472,26,2,2,releaser,25894
MV_A5-Weekday-SDon-068500_M11_621,12:08:58,401023,30,2,2,requester,25895
MV_A5-Weekday-SDon-068500_M11_621,12:20:35,401031,38,2,2,releaser,25895
MV_A5-Weekday-SDon-068500_M11_621,12:23:00,401033,40,2,2,requester,25896
MV_A5-Weekday-SDon-068500_M11_621,12:25:13,401035,42,2,2,releaser,25896
MV_A5-Weekday-SDon-068500_M11_621,12:49:00,803194,62,1,1,releaser,25892
MV_A5-Weekday-SDon-069000_M11_615,11:30:00,403942,1,1,1,requester,25929
MV_A5-Weekday-SDon-069000_M11_615,11:45:27,403149,11,2,2,requester,25930
MV_A5-Weekday-SDon-069000_M11_615,12:20:06,403171,31,2,2,releaser,25930
MV_A5-Weekday-SDon-069000_M11_615,12:25:30,403781,36,2,2,requester,25931
MV_A5-Weekday-SDon-069000_M11_615,12:29:01,400950,38,2,2,releaser,25931
MV_A5-Weekday-SDon-069000_M11_615,12:33:59,405297,41,2,2,requester,25932
MV_A5-Weekday-SDon-069000_M11_615,12:37:00,803144,43,2,1,releaser,25929
MV_A5-Weekday-SDon-069000_M11_615,12:37:00,803144,43,2,2,releaser,25932
MV_A5-Weekday-SDon-069300_M11_616,11:33:00,803195,1,1,1,requester,25944
MV_A5-Weekday-SDon-069300_M11_616,11:39:39,403786,7,2,2,requester,25945
MV_A5-Weekday-SDon-069300_M11_616,11:48:10,401462,11,2,2,releaser,25945
MV_A5-Weekday-SDon-069300_M11_616,11:50:48,401464,13,2,2,requester,25946
MV_A5-Weekday-SDon-069300_M11_616,12:07:43,401091,25,3,3,requester,25947
MV_A5-Weekday-SDon-069300_M11_616,12:09:52,401092,26,3,3,releaser,25947
MV_A5-Weekday-SDon-069300_M11_616,12:13:36,401094,28,3,3,requester,25948
MV_A5-Weekday-SDon-069300_M11_616,12:16:00,404838,29,3,3,releaser,25948
MV_A5-Weekday-SDon-069300_M11_616,12:29:35,401490,38,3,3,requester,25949
MV_A5-Weekday-SDon-069300_M11_616,12:30:50,401491,39,3,3,releaser,25949
MV_A5-Weekday-SDon-069300_M11_616,12:40:00,401497,44,3,3,requester,25950
MV_A5-Weekday-SDon-069300_M11_616,12:44:51,401501,47,3,3,releaser,25950
MV_A5-Weekday-SDon-069300_M11_616,12:56:00,401386,54,2,2,releaser,25946
MV_A5-Weekday-SDon-069300_M11_616,12:57:00,403876,56,1,1,releaser,25944
MV_A5-Weekday-SDon-069700_M11_624,11:37:00,401393,1,1,1,requester,25992
MV_A5-Weekday-SDon-069700_M11_624,11:46:00,403802,9,2,2,requester,25993
MV_A5-Weekday-SDon-069700_M11_624,11:47:25,401400,10,2,2,releaser,25993
MV_A5-Weekday-SDon-069700_M11_624,11:50:51,401402,12,2,2,requester,25994
MV_A5-Weekday-SDon-069700_M11_624,12:24:40,401026,33,2,2,releaser,25994
MV_A5-Weekday-SDon-069700_M11_624,12:28:01,404320,35,2,2,requester,25995
MV_A5-Weekday-SDon-069700_M11_624,12:33:48,401032,39,3,3,requester,25996
MV_A5-Weekday-SDon-069700_M11_624,12:42:04,401438,45,3,3,releaser,25996
MV_A5-Weekday-SDon-069700_M11_624,12:43:17,403886,46,2,2,releaser,25995
MV_A5-Weekday-SDon-069700_M11_624,13:01:00,803194,62,1,1,releaser,25992
MV_A5-Weekday-SDon-070200_M11_603,11:42:00,403942,1,1,1,requester,26021
MV_A5-Weekday-SDon-070200_M11_603,11:59:22,403151,13,2,2,requester,26022
MV_A5-Weekday-SDon-070200_M11_603,12:05:21,403155,17,2,2,releaser,26022
MV_A5-Weekday-SDon-070200_M11_603,12:15:15,403162,22,2,2,requester,26023
MV_A5-Weekday-SDon-070200_M11_603,12:29:39,400856,30,2,2,releaser,26023
MV_A5-Weekday-SDon-070200_M11_603,12:49:00,803144,43,1,1,releaser,26021
MV_A5-Weekday-SDon-070500_M11_602,11:45:00,803195,1,1,1,requester,26026
MV_A5-Weekday-SDon-070500_M11_602,12:08:51,401469,18,2,2,requester,26027
MV_A5-Weekday-SDon-070500_M11_602,12:36:48,405290,35,2,2,releaser,26027
MV_A5-Weekday-SDon-070500_M11_602,12:40:06,401489,37,2,2,requester,26028
MV_A5-Weekday-SDon-070500_M11_602,13:04:33,401506,52,2,2,releaser,26028
MV_A5-Weekday-SDon-070500_M11_602,13:08:00,401386,54,2,2,requester,26029
MV_A5-Weekday-SDon-070500_M11_602,13:09:00,403876,56,2,1,releaser,26026
MV_A5-Weekday-SDon-070500_M11_602,13:09:00,403876,56,2,2,releaser,26029
MV_A5-Weekday-SDon-071400_M11_605,11:54:00,403942,1,1,1,requester,26134
MV_A5-Weekday-SDon-071400_M11_605,12:08:22,403148,10,2,2,requester,26135
MV_A5-Weekday-SDon-071400_M11_605,12:23:10,403159,20,3,3,requester,26136
MV_A5-Weekday-SDon-071400_M11_605,12:25:03,405541,21,3,3,releaser,26136
MV_A5-Weekday-SDon-071400_M11_605,12:28:36,403163,23,3,3,requester,26137
MV_A5-Weekday-SDon-071400_M11_605,12:29:53,403164,24,3,3,releaser,26137
MV_A5-Weekday-SDon-071400_M11_605,12:55:13,403797,40,2,2,releaser,26135
MV_A5-Weekday-SDon-071400_M11_605,13:01:00,803144,43,1,1,releaser,26134
MV_A5-Weekday-SDon-072100_M11_622,12:01:00,401393,1,1,1,requester,26180
MV_A5-Weekday-SDon-072100_M11_622,12:17:07,401404,13,2,2,requester,26181
MV_A5-Weekday-SDon-072100_M11_622,12:26:01,401409,18,3,3,requester,26183
MV_A5-Weekday-SDon-072100_M11_622,12:38:00,403472,26,3,3,releaser,26183
MV_A5-Weekday-SDon-072100_M11_622,12:52:01,404320,35,2,2,releaser,26181
MV_A5-Weekday-SDon-072100_M11_622,12:59:59,401034,41,2,2,requester,26182
MV_A5-Weekday-SDon-072100_M11_622,13:09:59,401441,48,2,2,releaser,26182
MV_A5-Weekday-SDon-072100_M11_622,13:25:00,803194,62,1,1,releaser,26180
MV_A5-Weekday-SDon-072900_M11_604,12:09:00,803195,1,1,1,requester,26235
MV_A5-Weekday-SDon-072900_M11_604,12:26:48,401464,13,2,2,requester,26236
MV_A5-Weekday-SDon-072900_M11_604,12:27:52,401465,14,2,2,releaser,26236
MV_A5-Weekday-SDon-072900_M11_604,12:29:55,401467,16,2,2,requester,26237
MV_A5-Weekday-SDon-072900_M11_604,12:33:49,401470,19,2,2,releaser,26237
MV_A5-Weekday-SDon-072900_M11_604,12:38:25,401088,22,2,2,requester,26238
MV_A5-Weekday-SDon-072900_M11_604,12:59:00,405283,34,2,2,releaser,26238
MV_A5-Weekday-SDon-072900_M11_604,13:02:54,404030,36,2,2,requester,26239
MV_A5-Weekday-SDon-072900_M11_604,13:14:33,401496,43,3,3,requester,26241
MV_A5-Weekday-SDon-072900_M11_604,13:16:00,401497,44,3,3,releaser,26241
MV_A5-Weekday-SDon-072900_M11_604,13:17:30,405026,45,2,2,releaser,26239
MV_A5-Weekday-SDon-072900_M11_604,13:29:35,401507,53,2,2,requester,26240
MV_A5-Weekday-SDon-072900_M11_604,13:33:00,403876,56,2,1,releaser,26235
MV_A5-Weekday-SDon-072900_M11_604,13:33:00,403876,56,2,2,releaser,26240
MV_A5-Weekday-SDon-073100_M11_617,12:11:00,405374,1,2,1,requester,26245
MV_A5-Weekday-SDon-073100_M11_617,12:11:00,405374,1,2,2,requester,26246
MV_A5-Weekday-SDon-073100_M11_617,12:51:55,403118,27,2,2,releaser,26246
MV_A5-Weekday-SDon-073100_M11_617,12:54:33,404260,29,2,2,requester,26247
MV_A5-Weekday-SDon-073100_M11_617,13:01:51,403127,34,2,2,releaser,26247
MV_A5-Weekday-SDon-073100_M11_617,13:06:00,903352,36,1,1,releaser,26245
MV_A5-Weekday-SDon-073300_M11_623,12:13:00,401393,1,1,1,requester,26267
MV_A5-Weekday-SDon-073300_M11_623,12:22:00,403802,9,2,2,requester,26268
MV_A5-Weekday-SDon-073300_M11_623,12:33:13,405631,15,3,3,requester,26269
MV_A5-Weekday-SDon-073300_M11_623,12:41:14,401411,20,4,4,requester,26271
MV_A5-Weekday-SDon-073300_M11_623,12:42:45,401412,21,4,4,releaser,26271
MV_A5-Weekday-SDon-073300_M11_623,12:48:46,401417,25,3,3,releaser,26269
MV_A5-Weekday-SDon-073300_M11_623,12:54:00,401021,28,3,3,requester,26270
MV_A5-Weekday-SDon-073300_M11_623,13:05:31,401029,36,3,3,releaser,26270
MV_A5-Weekday-SDon-073300_M11_623,13:24:52,401443,50,2,2,releaser,26268
MV_A5-Weekday-SDon-073300_M11_623,13:37:00,803194,62,1,1,releaser,26267
MV_A5-Weekday-SDon-073800_M11_606,12:18:00,403942,1,1,1,requester,26314
MV_A5-Weekday-SDon-073800_M11_606,12:34:34,403150,12,2,2,requester,26315
MV_A5-Weekday-SDon-073800_M11_606,13:08:06,403171,31,2,2,releaser,26315
MV_A5-Weekday-SDon-073800_M11_606,13:25:00,803144,43,1,1,releaser,26314
MV_A5-Weekday-SDon-074500_M11_614,12:25:00,401393,1,1,1,requester,26368
MV_A5-Weekday-SDon-074500_M11_614,12:45:13,405631,15,2,2,requester,26369
MV_A5-Weekday-SDon-074500_M11_614,13:18:43,401030,37,2,2,releaser,26369
MV_A5-Weekday-SDon-074500_M11_614,13:21:48,401032,39,2,2,requester,26370
MV_A5-Weekday-SDon-074500_M11_614,13:30:04,401438,45,2,2,releaser,26370
MV_A5-Weekday-SDon-074500_M11_614,13:49:00,803194,62,1,1,releaser,26368
MV_A5-Weekday-SDon-075000_M11_611,12:30:00,403942,1,1,1,requester,26392
MV_A5-Weekday-SDon-075000_M11_611,12:45:27,403149,11,2,2,requester,26393
MV_A5-Weekday-SDon-075000_M11_611,12:56:00,405249,18,3,3,requester,26394
MV_A5-Weekday-SDon-075000_M11_611,13:04:36,403163,23,3,2,releaser,26393
MV_A5-Weekday-SDon-075000_M11_611,13:04:36,403163,23,3,3,releaser,26394
MV_A5-Weekday-SDon-075000_M11_611,13:37:00,803144,43,1,1,releaser,26392
MV_A5-Weekday-SDon-075500_M11_601,12:35:00,405374,1,1,1,requester,26434
MV_A5-Weekday-SDon-075500_M11_601,12:50:07,400750,11,2,2,requester,26435
MV_A5-Weekday-SDon-075500_M11_601,13:00:25,903299,17,3,3,requester,26437
MV_A5-Weekday-SDon-075500_M11_601,13:01:28,403109,18,3,2,releaser,26435
MV_A5-Weekday-SDon-075500_M11_601,13:01:28,403109,18,3,3,releaser,26437
MV_A5-Weekday-SDon-075500_M11_601,13:09:46,403114,23,2,2,requester,26436
MV_A5-Weekday-SDon-075500_M11_601,13:18:33,404260,29,2,2,releaser,26436
MV_A5-Weekday-SDon-075500_M11_601,13:30:00,903352,36,1,1,releaser,26434
MV_A5-Weekday-SDon-075700_M11_612,12:37:00,401393,1,1,1,requester,26449
MV_A5-Weekday-SDon-075700_M11_612,12:50:51,401402,12,2,2,requester,26450
MV_A5-Weekday-SDon-075700_M11_612,12:55:35,404279,14,3,3,requester,26451
MV_A5-Weekday-SDon-075700_M11_612,12:57:13,405631,15,3,3,releaser,26451
MV_A5-Weekday-SDon-075700_M11_612,13:00:48,401408,17,4,3,requester,26452
MV_A5-Weekday-SDon-075700_M11_612,13:00:48,401408,17,4,4,requester,26453
MV_A5-Weekday-SDon-075700_M11_612,13:03:12,401410,19,4,3,releaser,26452
MV_A5-Weekday-SDon-075700_M11_612,13:03:12,401410,19,4,4,releaser,26453
MV_A5-Weekday-SDon-075700_M11_612,13:45:59,401441,48,2,2,releaser,26450
MV_A5-Weekday-SDon-075700_M11_612,14:01:00,803194,62,1,1,releaser,26449
MV_A5-Weekday-SDon-076100_M11_619,12:41:00,803195,1,1,1,requester,26467
MV_A5-Weekday-SDon-076100_M11_619,12:57:48,401463,12,2,2,requester,26468
MV_A5-Weekday-SDon-076100_M11_619,12:59:52,401465,14,2,2,releaser,26468
MV_A5-Weekday-SDon-076100_M11_619,13:03:00,400677,17,2,2,requester,26469
MV_A5-Weekday-SDon-076100_M11_619,13:14:16,401090,24,2,2,releaser,26469
MV_A5-Weekday-SDon-076100_M11_619,13:20:08,401093,27,2,2,requester,26470
MV_A5-Weekday-SDon-076100_M11_619,13:51:55,401500,46,2,2,releaser,26470
MV_A5-Weekday-SDon-076100_M11_619,14:05:00,403876,56,1,1,releaser,26467
MV_A5-Weekday-SDon-076700_M11_615,12:47:00,405374,1,1,1,requester,26521
MV_A5-Weekday-SDon-076700_M11_615,12:55:34,903209,7,2,2,requester,26522
MV_A5-Weekday-SDon-076700_M11_615,13:04:56,403103,12,2,2,releaser,26522
MV_A5-Weekday-SDon-076700_M11_615,13:09:00,403106,15,2,2,requester,26523
MV_A5-Weekday-SDon-076700_M11_615,13:28:54,403119,28,2,2,releaser,26523
MV_A5-Weekday-SDon-076700_M11_615,13:42:00,903352,36,1,1,releaser,26521
MV_A5-Weekday-SDon-077100_M11_607,12:51:00,803195,1,1,1,requester,26554
MV_A5-Weekday-SDon-077100_M11_607,13:06:10,401462,11,2,2,requester,26555
MV_A5-Weekday-SDon-077100_M11_607,13:20:25,401088,22,3,3,requester,26556
MV_A5-Weekday-SDon-077100_M11_607,13:31:36,401094,28,3,3,releaser,26556
MV_A5-Weekday-SDon-077100_M11_607,13:55:30,401495,42,2,2,releaser,26555
MV_A5-Weekday-SDon-077100_M11_607,14:15:00,403876,56,1,1,releaser,26554
MV_A5-Weekday-SDon-077900_M11_603,12:59:00,405374,1,1,1,requester,26599
MV_A5-Weekday-SDon-077900_M11_603,13:14:07,400750,11,2,2,requester,26600
MV_A5-Weekday-SDon-077900_M11_603,13:18:25,403104,13,2,2,releaser,26600
MV_A5-Weekday-SDon-077900_M11_603,13:24:25,903299,17,2,2,requester,26601
MV_A5-Weekday-SDon-077900_M11_603,13:40:10,403118,27,2,2,releaser,26601
MV_A5-Weekday-SDon-077900_M11_603,13:56:00,903352,36,1,1,releaser,26599
MV_A5-Weekday-SDon-078100_M11_613,13:01:00,401393,1,1,1,requester,26613
MV_A5-Weekday-SDon-078100_M11_613,13:14:51,401402,12,2,2,requester,26614
MV_A5-Weekday-SDon-078100_M11_613,14:01:13,401035,42,3,3,requester,26615
MV_A5-Weekday-SDon-078100_M11_613,14:02:22,401435,43,3,3,releaser,26615
MV_A5-Weekday-SDon-078100_M11_613,14:17:21,401444,52,2,2,releaser,26614
MV_A5-Weekday-SDon-078100_M11_613,14:27:00,803194,62,1,1,releaser,26613
MV_A5-Weekday-SDon-078100_M11_620,13:01:00,803195,1,1,1,requester,26616
MV_A5-Weekday-SDon-078100_M11_620,13:24:51,401469,18,2,2,requester,26617
MV_A5-Weekday-SDon-078100_M11_620,13:49:38,401100,33,2,2,releaser,26617
MV_A5-Weekday-SDon-078100_M11_620,13:52:48,405290,35,2,2,requester,26618
MV_A5-Weekday-SDon-078100_M11_620,14:02:36,401493,41,2,2,releaser,26618
MV_A5-Weekday-SDon-078100_M11_620,14:25:00,403876,56,1,1,releaser,26616
MV_A5-Weekday-SDon-079100_M11_605,13:11:00,405374,1,1,1,requester,26670
MV_A5-Weekday-SDon-079100_M11_605,13:34:53,403107,16,2,2,requester,26671
MV_A5-Weekday-SDon-079100_M11_605,14:02:24,403126,33,2,2,releaser,26671
MV_A5-Weekday-SDon-079100_M11_605,14:08:00,903352,36,1,1,releaser,26670
MV_A5-Weekday-SDon-079100_M11_625,13:11:00,803195,1,1,1,requester,26672
MV_A5-Weekday-SDon-079100_M11_625,13:47:52,401092,26,2,2,requester,26673
MV_A5-Weekday-SDon-079100_M11_625,13:51:36,401094,28,2,2,releaser,26673
MV_A5-Weekday-SDon-079100_M11_625,14:35:00,403876,56,1,1,releaser,26672
MV_A5-Weekday-SDon-079300_M11_616,13:13:00,401393,1,1,1,requester,26688
MV_A5-Weekday-SDon-079300_M11_616,13:24:47,401401,11,2,2,requester,26689
MV_A5-Weekday-SDon-079300_M11_616,13:29:07,401404,13,2,2,releaser,26689
MV_A5-Weekday-SDon-079300_M11_616,13:41:14,401411,20,3,2,requester,26690
MV_A5-Weekday-SDon-079300_M11_616,13:41:14,401411,20,3,3,requester,26691
MV_A5-Weekday-SDon-079300_M11_616,13:51:33,403555,27,3,3,releaser,26691
MV_A5-Weekday-SDon-079300_M11_616,14:04:01,404320,35,3,3,requester,26692
MV_A5-Weekday-SDon-079300_M11_616,14:06:43,401030,37,3,3,releaser,26692
MV_A5-Weekday-SDon-079300_M11_616,14:31:00,401446,53,2,2,releaser,26690
MV_A5-Weekday-SDon-079300_M11_616,14:39:00,803194,62,1,1,releaser,26688
MV_A5-Weekday-SDon-079400_M11_618,13:14:00,403942,1,1,1,requester,26695
MV_A5-Weekday-SDon-079400_M11_618,13:34:21,403153,15,2,2,requester,26696
MV_A5-Weekday-SDon-079400_M11_618,14:04:06,403171,31,2,2,releaser,26696
MV_A5-Weekday-SDon-079400_M11_618,14:09:30,403781,36,2,2,requester,26697
MV_A5-Weekday-SDon-079400_M11_618,14:11:11,400948,37,2,2,releaser,26697
MV_A5-Weekday-SDon-079400_M11_618,14:21:00,803144,43,1,1,releaser,26695
MV_A5-Weekday-SDon-080100_M11_624,13:21:00,803195,1,1,1,requester,26745
MV_A5-Weekday-SDon-080100_M11_624,13:39:52,401465,14,2,2,requester,26746
MV_A5-Weekday-SDon-080100_M11_624,14:28:00,401497,44,2,2,releaser,26746
MV_A5-Weekday-SDon-080100_M11_624,14:44:00,403876,56,1,1,releaser,26745
MV_A5-Weekday-SDon-080400_M11_617,13:24:00,403942,1,1,1,requester,26759
MV_A5-Weekday-SDon-080400_M11_617,13:37:14,403147,9,2,2,requester,26760
MV_A5-Weekday-SDon-080400_M11_617,13:50:00,405249,18,2,2,releaser,26760
MV_A5-Weekday-SDon-080400_M11_617,13:53:10,403159,20,2,2,requester,26761
MV_A5-Weekday-SDon-080400_M11_617,14:07:54,403168,28,2,2,releaser,26761
MV_A5-Weekday-SDon-080400_M11_617,14:11:39,400856,30,2,2,requester,26762
MV_A5-Weekday-SDon-080400_M11_617,14:14:06,403171,31,2,2,releaser,26762
MV_A5-Weekday-SDon-080400_M11_617,14:31:00,803144,43,1,1,releaser,26759
MV_A5-Weekday-SDon-080500_M11_602,13:25:00,401393,1,1,1,requester,26774
MV_A5-Weekday-SDon-080500_M11_602,13:36:47,401401,11,2,2,requester,26775
MV_A5-Weekday-SDon-080500_M11_602,13:47:00,401407,16,3,3,requester,26778
MV_A5-Weekday-SDon-080500_M11_602,13:51:12,401410,19,3,3,releaser,26778
MV_A5-Weekday-SDon-080500_M11_602,13:59:09,401416,24,2,2,releaser,26775
MV_A5-Weekday-SDon-080500_M11_602,14:02:00,403472,26,2,2,requester,26776
MV_A5-Weekday-SDon-080500_M11_602,14:06:00,401021,28,2,2,releaser,26776
MV_A5-Weekday-SDon-080500_M11_602,14:09:09,401023,30,2,2,requester,26777
MV_A5-Weekday-SDon-080500_M11_602,14:52:00,803194,62,2,1,releaser,26774
MV_A5-Weekday-SDon-080500_M11_602,14:52:00,803194,62,2,2,releaser,26777
MV_A5-Weekday-SDon-081100_M11_626,13:31:00,803195,1,1,1,requester,26813
MV_A5-Weekday-SDon-081100_M11_626,13:58:59,401087,21,2,2,requester,26814
MV_A5-Weekday-SDon-081100_M11_626,14:04:16,401090,24,2,2,releaser,26814
MV_A5-Weekday-SDon-081100_M11_626,14:07:52,401092,26,2,2,requester,26815
MV_A5-Weekday-SDon-081100_M11_626,14:26:06,401489,37,2,2,releaser,26815
MV_A5-Weekday-SDon-081100_M11_626,14:28:50,401491,39,2,2,requester,26816
MV_A5-Weekday-SDon-081100_M11_626,14:53:00,403876,56,2,1,releaser,26813
MV_A5-Weekday-SDon-081100_M11_626,14:53:00,403876,56,2,2,releaser,26816
MV_A5-Weekday-SDon-081500_M11_606,13:35:00,405374,1,1,1,requester,26847
MV_A5-Weekday-SDon-081500_M11_606,13:48:15,403271,10,2,2,requester,26848
MV_A5-Weekday-SDon-081500_M11_606,13:55:11,403104,13,3,3,requester,26849
MV_A5-Weekday-SDon-081500_M11_606,13:56:34,403105,14,3,3,releaser,26849
MV_A5-Weekday-SDon-081500_M11_606,13:59:53,403107,16,3,3,requester,26850
MV_A5-Weekday-SDon-081500_M11_606,14:05:34,403111,20,3,3,releaser,26850
MV_A5-Weekday-SDon-081500_M11_606,14:18:15,403119,28,2,2,releaser,26848
MV_A5-Weekday-SDon-081500_M11_606,14:33:00,903352,36,1,1,releaser,26847
MV_A5-Weekday-SDon-082700_M11_611,13:47:00,405374,1,1,1,requester,26928
MV_A5-Weekday-SDon-082700_M11_611,13:55:34,903209,7,2,2,requester,26929
MV_A5-Weekday-SDon-082700_M11_611,14:05:33,403103,12,3,3,requester,26930
MV_A5-Weekday-SDon-082700_M11_611,14:07:11,403104,13,3,2,releaser,26929
MV_A5-Weekday-SDon-082700_M11_611,14:07:11,403104,13,3,3,releaser,26930
MV_A5-Weekday-SDon-082700_M11_611,14:45:00,903352,36,1,1,releaser,26928
MV_A5-Weekday-SDon-082900_M11_604,13:49:00,401393,1,1,1,requester,26950
MV_A5-Weekday-SDon-082900_M11_604,14:00:47,401401,11,2,2,requester,26951
MV_A5-Weekday-SDon-082900_M11_604,14:11:00,401407,16,2,2,releaser,26951
MV_A5-Weekday-SDon-082900_M11_604,14:14:01,401409,18,2,2,requester,26952
MV_A5-Weekday-SDon-082900_M11_604,14:23:09,401416,24,3,3,requester,26954
MV_A5-Weekday-SDon-082900_M11_604,14:26:00,403472,26,3,3,releaser,26954
MV_A5-Weekday-SDon-082900_M11_604,14:31:27,401022,29,3,3,requester,26955
MV_A5-Weekday-SDon-082900_M11_604,15:09:21,401444,52,3,2,releaser,26952
MV_A5-Weekday-SDon-082900_M11_604,15:09:21,401444,52,3,3,releaser,26955
MV_A5-Weekday-SDon-082900_M11_604,15:16:18,404012,57,2,2,requester,26953
MV_A5-Weekday-SDon-082900_M11_604,15:17:49,404014,60,2,2,releaser,26953
MV_A5-Weekday-SDon-082900_M11_604,15:19:00,803194,62,1,1,releaser,26950
MV_A5-Weekday-SDon-083100_M11_622,13:51:00,803195,1,1,1,requester,26962
MV_A5-Weekday-SDon-083100_M11_622,13:57:39,403786,7,2,2,requester,26963
MV_A5-Weekday-SDon-083100_M11_622,14:03:00,401459,9,2,2,releaser,26963
MV_A5-Weekday-SDon-083100_M11_622,14:07:48,401463,12,2,2,requester,26964
MV_A5-Weekday-SDon-083100_M11_622,15:12:00,404881,51,2,2,releaser,26964
MV_A5-Weekday-SDon-083100_M11_622,15:17:00,403876,56,1,1,releaser,26962
MV_A5-Weekday-SDon-083400_M11_615,13:54:00,403942,1,1,1,requester,26980
MV_A5-Weekday-SDon-083400_M11_615,14:07:14,403147,9,2,2,requester,26981
MV_A5-Weekday-SDon-083400_M11_615,14:15:52,403154,16,3,3,requester,26982
MV_A5-Weekday-SDon-083400_M11_615,14:20:00,405249,18,3,3,releaser,26982
MV_A5-Weekday-SDon-083400_M11_615,14:48:26,903233,34,2,2,releaser,26981
MV_A5-Weekday-SDon-083400_M11_615,15:01:00,803144,43,1,1,releaser,26980
MV_A5-Weekday-SDon-084100_M11_623,14:01:00,803195,1,1,1,requester,27019
MV_A5-Weekday-SDon-084100_M11_623,14:13:00,401459,9,2,2,requester,27020
MV_A5-Weekday-SDon-084100_M11_623,14:18:48,401464,13,2,2,releaser,27020
MV_A5-Weekday-SDon-084100_M11_623,14:20:53,401466,15,2,2,requester,27021
MV_A5-Weekday-SDon-084100_M11_623,15:17:25,401501,47,2,2,releaser,27021
MV_A5-Weekday-SDon-084100_M11_623,15:28:00,403876,56,1,1,releaser,27019
MV_A5-Weekday-SDon-085100_M11_614,14:11:00,803195,1,1,1,requester,27094
MV_A5-Weekday-SDon-085100_M11_614,14:24:40,405079,10,2,2,requester,27095
MV_A5-Weekday-SDon-085100_M11_614,14:26:10,401462,11,2,2,releaser,27095
MV_A5-Weekday-SDon-085100_M11_614,15:06:08,405290,35,2,2,requester,27096
MV_A5-Weekday-SDon-085100_M11_614,15:28:25,401501,47,2,2,releaser,27096
MV_A5-Weekday-SDon-085100_M11_614,15:39:00,403876,56,1,1,releaser,27094
MV_A5-Weekday-SDon-085400_M11_620,14:14:00,403942,1,1,1,requester,27121
MV_A5-Weekday-SDon-085400_M11_620,15:21:00,803144,43,1,1,releaser,27121
MV_A5-Weekday-SDon-086100_M11_612,14:21:00,803195,1,1,1,requester,27165
MV_A5-Weekday-SDon-086100_M11_612,15:10:52,401099,32,2,2,requester,27166
MV_A5-Weekday-SDon-086100_M11_612,15:34:00,401497,44,2,2,releaser,27166
MV_A5-Weekday-SDon-086100_M11_612,15:40:23,401502,48,2,2,requester,27167
MV_A5-Weekday-SDon-086100_M11_612,15:44:00,404881,51,2,2,releaser,27167
MV_A5-Weekday-SDon-086100_M11_612,15:49:00,403876,56,1,1,releaser,27165
MV_A5-Weekday-SDon-086500_M11_610,14:25:00,401393,1,1,1,requester,27210
MV_A5-Weekday-SDon-086500_M11_610,14:44:18,401404,13,3,2,requester,27211
MV_A5-Weekday-SDon-086500_M11_610,14:44:18,401404,13,3,3,requester,27213
MV_A5-Weekday-SDon-086500_M11_610,15:22:47,404320,35,3,3,releaser,27213
MV_A5-Weekday-SDon-086500_M11_610,15:36:00,401436,44,2,2,releaser,27211
MV_A5-Weekday-SDon-086500_M11_610,15:43:22,401441,48,2,2,requester,27212
MV_A5-Weekday-SDon-086500_M11_610,15:46:55,401443,50,3,3,requester,27214
MV_A5-Weekday-SDon-086500_M11_610,15:50:15,401444,52,3,3,releaser,27214
MV_A5-Weekday-SDon-086500_M11_610,15:55:49,403757,55,2,2,releaser,27212
MV_A5-Weekday-SDon-086500_M11_610,16:02:00,803194,62,1,1,releaser,27210
MV_A5-Weekday-SDon-087500_M11_618,14:35:00,405374,1,1,1,requester,27276
MV_A5-Weekday-SDon-087500_M11_618,14:40:14,401239,5,2,2,requester,27277
MV_A5-Weekday-SDon-087500_M11_618,15:06:50,403112,21,3,3,requester,27278
MV_A5-Weekday-SDon-087500_M11_618,15:12:26,403115,24,3,3,releaser,27278
MV_A5-Weekday-SDon-087500_M11_618,15:17:10,403118,27,2,2,releaser,27277
MV_A5-Weekday-SDon-087500_M11_618,15:33:00,903352,36,1,1,releaser,27276
MV_A5-Weekday-SDon-087700_M11_607,14:37:00,401393,1,1,1,requester,27281
MV_A5-Weekday-SDon-087700_M11_607,14:40:36,405152,5,3,2,requester,27282
MV_A5-Weekday-SDon-087700_M11_607,14:40:36,405152,5,3,3,requester,27283
MV_A5-Weekday-SDon-087700_M11_607,15:31:50,401026,33,4,4,requester,27284
MV_A5-Weekday-SDon-087700_M11_607,15:34:04,401027,34,4,4,releaser,27284
MV_A5-Weekday-SDon-087700_M11_607,15:49:00,401436,44,3,3,releaser,27283
MV_A5-Weekday-SDon-087700_M11_607,16:13:25,404014,60,2,2,releaser,27282
MV_A5-Weekday-SDon-087700_M11_607,16:15:00,803194,62,1,1,releaser,27281
MV_A5-Weekday-SDon-088300_M11_628,14:43:00,803195,1,2,1,requester,27313
MV_A5-Weekday-SDon-088300_M11_628,14:43:00,803195,1,2,2,requester,27314
MV_A5-Weekday-SDon-088300_M11_628,15:02:53,401466,15,3,3,requester,27317
MV_A5-Weekday-SDon-088300_M11_628,15:05:00,400677,17,3,3,releaser,27317
MV_A5-Weekday-SDon-088300_M11_628,15:11:59,401087,21,4,3,requester,27318
MV_A5-Weekday-SDon-088300_M11_628,15:11:59,401087,21,4,4,requester,27320
MV_A5-Weekday-SDon-088300_M11_628,15:23:49,401093,27,4,3,releaser,27318
MV_A5-Weekday-SDon-088300_M11_628,15:23:49,401093,27,4,4,releaser,27320
MV_A5-Weekday-SDon-088300_M11_628,15:29:33,401096,30,3,3,requester,27319
MV_A5-Weekday-SDon-088300_M11_628,15:32:52,401099,32,3,2,releaser,27314
MV_A5-Weekday-SDon-088300_M11_628,15:32:52,401099,32,3,3,releaser,27319
MV_A5-Weekday-SDon-088300_M11_628,15:36:00,405283,34,2,2,requester,27315
MV_A5-Weekday-SDon-088300_M11_628,15:54:18,401496,43,2,2,releaser,27315
MV_A5-Weekday-SDon-088300_M11_628,15:59:34,401500,46,2,2,requester,27316
MV_A5-Weekday-SDon-088300_M11_628,16:11:00,403876,56,2,1,releaser,27313
MV_A5-Weekday-SDon-088300_M11_628,16:11:00,403876,56,2,2,releaser,27316
MV_A5-Weekday-SDon-088400_M11_621,14:44:00,403942,1,2,1,requester,27333
MV_A5-Weekday-SDon-088400_M11_621,14:44:00,403942,1,2,2,requester,27334
MV_A5-Weekday-SDon-088400_M11_621,15:15:03,405541,21,3,3,requester,27335
MV_A5-Weekday-SDon-088400_M11_621,15:24:25,403166,26,3,3,releaser,27335
MV_A5-Weekday-SDon-088400_M11_621,15:26:09,403167,27,2,2,releaser,27334
MV_A5-Weekday-SDon-088400_M11_621,15:51:00,803144,43,1,1,releaser,27333
MV_A5-Weekday-SDon-088500_M11_617,14:45:00,405374,1,2,1,requester,27342
MV_A5-Weekday-SDon-088500_M11_617,14:45:00,405374,1,2,2,requester,27343
MV_A5-Weekday-SDon-088500_M11_617,15:09:53,403107,16,3,3,requester,27344
MV_A5-Weekday-SDon-088500_M11_617,15:30:07,404260,29,3,2,releaser,27343
MV_A5-Weekday-SDon-088500_M11_617,15:30:07,404260,29,3,3,releaser,27344
MV_A5-Weekday-SDon-088500_M11_617,15:43:00,903352,36,1,1,releaser,27342
MV_A5-Weekday-SDon-089500_M11_613,14:55:00,803195,1,1,1,requester,27421
MV_A5-Weekday-SDon-089500_M11_613,15:17:00,400677,17,2,2,requester,27422
MV_A5-Weekday-SDon-089500_M11_613,15:35:49,401093,27,2,2,releaser,27422
MV_A5-Weekday-SDon-089500_M11_613,15:40:00,404838,29,2,2,requester,27423
MV_A5-Weekday-SDon-089500_M11_613,15:50:08,405290,35,3,3,requester,27425
MV_A5-Weekday-SDon-089500_M11_613,15:55:45,401490,38,3,3,releaser,27425
MV_A5-Weekday-SDon-089500_M11_613,16:01:39,401493,41,2,2,releaser,27423
MV_A5-Weekday-SDon-089500_M11_613,16:06:18,401496,43,2,2,requester,27424
MV_A5-Weekday-SDon-089500_M11_613,16:08:00,401497,44,3,3,requester,27426
MV_A5-Weekday-SDon-089500_M11_613,16:09:22,405026,45,3,3,releaser,27426
MV_A5-Weekday-SDon-089500_M11_613,16:16:57,405316,50,2,2,releaser,27424
MV_A5-Weekday-SDon-089500_M11_613,16:23:00,403876,56,1,1,releaser,27421
MV_A5-Weekday-SDon-089700_M11_625,14:57:00,401393,1,2,1,requester,27431
MV_A5-Weekday-SDon-089700_M11_625,14:57:00,401393,1,2,2,requester,27432
MV_A5-Weekday-SDon-089700_M11_625,15:11:38,401401,11,3,3,requester,27433
MV_A5-Weekday-SDon-089700_M11_625,15:41:33,403555,27,3,3,releaser,27433
MV_A5-Weekday-SDon-089700_M11_625,16:26:49,403757,55,2,2,releaser,27432
MV_A5-Weekday-SDon-089700_M11_625,16:33:00,803194,62,1,1,releaser,27431
MV_A5-Weekday-SDon-090400_M11_622,15:04:00,403942,1,1,1,requester,27488
MV_A5-Weekday-SDon-090400_M11_622,15:30:00,405249,18,2,2,requester,27489
MV_A5-Weekday-SDon-090400_M11_622,15:44:25,403166,26,2,2,releaser,27489
MV_A5-Weekday-SDon-090400_M11_622,16:11:00,803144,43,1,1,releaser,27488
MV_A5-Weekday-SDon-090700_M11_616,15:07:00,803195,1,1,1,requester,27538
MV_A5-Weekday-SDon-090700_M11_616,15:17:34,401458,8,2,2,requester,27539
MV_A5-Weekday-SDon-090700_M11_616,15:29:00,400677,17,3,3,requester,27541
MV_A5-Weekday-SDon-090700_M11_616,15:53:33,401096,30,3,3,releaser,27541
MV_A5-Weekday-SDon-090700_M11_616,15:56:52,401099,32,3,3,requester,27542
MV_A5-Weekday-SDon-090700_M11_616,16:02:08,405290,35,4,4,requester,27544
MV_A5-Weekday-SDon-090700_M11_616,16:11:59,401492,40,4,4,releaser,27544
MV_A5-Weekday-SDon-090700_M11_616,16:21:22,405026,45,3,3,releaser,27542
MV_A5-Weekday-SDon-090700_M11_616,16:24:25,401501,47,3,3,requester,27543
MV_A5-Weekday-SDon-090700_M11_616,16:27:26,401503,49,3,2,releaser,27539
MV_A5-Weekday-SDon-090700_M11_616,16:27:26,401503,49,3,3,releaser,27543
MV_A5-Weekday-SDon-090700_M11_616,16:32:04,401507,53,2,2,requester,27540
MV_A5-Weekday-SDon-090700_M11_616,16:35:00,403876,56,2,1,releaser,27538
MV_A5-Weekday-SDon-090700_M11_616,16:35:00,403876,56,2,2,releaser,27540
MV_A5-Weekday-SDon-091500_M11_615,15:15:00,405374,1,1,1,requester,27611
MV_A5-Weekday-SDon-091500_M11_615,15:39:53,403107,16,2,2,requester,27612
MV_A5-Weekday-SDon-091500_M11_615,15:46:50,403112,21,3,3,requester,27613
MV_A5-Weekday-SDon-091500_M11_615,15:49:00,405248,22,3,3,releaser,27613
MV_A5-Weekday-SDon-091500_M11_615,15:53:42,403116,25,2,2,releaser,27612
MV_A5-Weekday-SDon-091500_M11_615,16:13:00,903352,36,1,1,releaser,27611
MV_A5-Weekday-SDon-091700_M11_626,15:17:00,401393,1,1,1,requester,27622
MV_A5-Weekday-SDon-091700_M11_626,15:42:40,405631,15,2,2,requester,27623
MV_A5-Weekday-SDon-091700_M11_626,15:45:00,401407,16,2,2,releaser,27623
MV_A5-Weekday-SDon-091700_M11_626,15:47:49,401409,18,2,2,requester,27624
MV_A5-Weekday-SDon-091700_M11_626,15:52:14,401412,21,2,2,releaser,27624
MV_A5-Weekday-SDon-091700_M11_626,15:54:33,401414,23,2,2,requester,27625
MV_A5-Weekday-SDon-091700_M11_626,16:04:18,401022,29,3,3,requester,27626
MV_A5-Weekday-SDon-091700_M11_626,16:06:09,401023,30,3,3,releaser,27626
MV_A5-Weekday-SDon-091700_M11_626,16:10:03,401026,33,3,3,requester,27627
MV_A5-Weekday-SDon-091700_M11_626,16:12:03,401027,34,3,3,releaser,27627
MV_A5-Weekday-SDon-091700_M11_626,16:31:47,401440,47,2,2,releaser,27625
MV_A5-Weekday-SDon-091700_M11_626,16:52:00,803194,62,1,1,releaser,27622
MV_A5-Weekday-SDon-092400_M11_623,15:24:00,403942,1,1,1,requester,27683
MV_A5-Weekday-SDon-092400_M11_623,15:26:12,403139,2,5,2,requester,27684
MV_A5-Weekday-SDon-092400_M11_623,15:26:12,403139,2,5,3,requester,27685
MV_A5-Weekday-SDon-092400_M11_623,15:26:12,403139,2,5,4,requester,27686
MV_A5-Weekday-SDon-092400_M11_623,15:26:12,403139,2,5,5,requester,27687
MV_A5-Weekday-SDon-092400_M11_623,15:39:27,403149,11,6,6,requester,27688
MV_A5-Weekday-SDon-092400_M11_623,15:44:21,403153,15,7,7,requester,27689
MV_A5-Weekday-SDon-092400_M11_623,16:06:09,403167,27,7,7,releaser,27689
MV_A5-Weekday-SDon-092400_M11_623,16:23:44,400951,39,6,2,releaser,27684
MV_A5-Weekday-SDon-092400_M11_623,16:23:44,400951,39,6,3,releaser,27685
MV_A5-Weekday-SDon-092400_M11_623,16:23:44,400951,39,6,4,releaser,27686
MV_A5-Weekday-SDon-092400_M11_623,16:23:44,400951,39,6,5,releaser,27687
MV_A5-Weekday-SDon-092400_M11_623,16:23:44,400951,39,6,6,releaser,27688
MV_A5-Weekday-SDon-092400_M11_623,16:31:00,803144,43,1,1,releaser,27683
MV_A5-Weekday-SDon-092700_M11_608,15:27:00,401393,1,1,1,requester,27710
MV_A5-Weekday-SDon-092700_M11_608,15:30:36,405152,5,2,2,requester,27711
MV_A5-Weekday-SDon-092700_M11_608,16:30:00,401033,40,2,2,releaser,27711
MV_A5-Weekday-SDon-092700_M11_608,16:47:59,403292,51,2,2,requester,27712
MV_A5-Weekday-SDon-092700_M11_608,16:57:00,404011,56,2,2,releaser,27712
MV_A5-Weekday-SDon-092700_M11_608,17:01:00,803194,62,1,1,releaser,27710
MV_A5-Weekday-SDon-093100_M11_619,15:31:00,803195,1,1,1,requester,27755
MV_A5-Weekday-SDon-093100_M11_619,15:35:07,404019,5,2,2,requester,27756
MV_A5-Weekday-SDon-093100_M11_619,15:41:34,401458,8,2,2,releaser,27756
MV_A5-Weekday-SDon-093100_M11_619,15:46:10,401462,11,3,2,requester,27757
MV_A5-Weekday-SDon-093100_M11_619,15:46:10,401462,11,3,3,requester,27760
MV_A5-Weekday-SDon-093100_M11_619,15:49:52,401465,14,4,4,requester,27763
MV_A5-Weekday-SDon-093100_M11_619,15:50:53,401466,15,4,4,releaser,27763
MV_A5-Weekday-SDon-093100_M11_619,15:53:00,400677,17,4,4,requester,27764
MV_A5-Weekday-SDon-093100_M11_619,15:58:00,401086,20,4,4,releaser,27764
MV_A5-Weekday-SDon-093100_M11_619,15:59:59,401087,21,3,2,releaser,27757
MV_A5-Weekday-SDon-093100_M11_619,15:59:59,401087,21,3,3,releaser,27760
MV_A5-Weekday-SDon-093100_M11_619,16:03:00,403362,23,3,2,requester,27758
MV_A5-Weekday-SDon-093100_M11_619,16:03:00,403362,23,3,3,requester,27761
MV_A5-Weekday-SDon-093100_M11_619,16:07:02,401091,25,3,2,releaser,27758
MV_A5-Weekday-SDon-093100_M11_619,16:07:02,401091,25,3,3,releaser,27761
MV_A5-Weekday-SDon-093100_M11_619,16:16:00,404838,29,2,2,requester,27759
MV_A5-Weekday-SDon-093100_M11_619,16:20:52,401099,32,3,3,requester,27762
MV_A5-Weekday-SDon-093100_M11_619,16:31:45,401490,38,3,3,releaser,27762
MV_A5-Weekday-SDon-093100_M11_619,16:37:39,401493,41,2,2,releaser,27759
MV_A5-Weekday-SDon-093100_M11_619,16:59:00,403876,56,1,1,releaser,27755
MV_A5-Weekday-SDon-093500_M11_620,15:35:00,405374,1,1,1,requester,27807
MV_A5-Weekday-SDon-093500_M11_620,15:58:00,403106,15,2,2,requester,27808
MV_A5-Weekday-SDon-093500_M11_620,16:05:34,403111,20,2,2,releaser,27808
MV_A5-Weekday-SDon-093500_M11_620,16:12:26,403115,24,2,2,requester,27809
MV_A5-Weekday-SDon-093500_M11_620,16:15:00,405394,26,2,2,releaser,27809
MV_A5-Weekday-SDon-093500_M11_620,16:33:00,903352,36,1,1,releaser,27807
MV_A5-Weekday-SDon-093700_M11_609,15:37:00,401393,1,1,1,requester,27830
MV_A5-Weekday-SDon-093700_M11_609,16:04:41,401408,17,2,2,requester,27831
MV_A5-Weekday-SDon-093700_M11_609,16:31:36,404320,35,2,2,releaser,27831
MV_A5-Weekday-SDon-093700_M11_609,17:10:00,803194,62,1,1,releaser,27830
MV_A5-Weekday-SDon-094400_M11_618,15:44:00,403942,1,1,1,requester,27880
MV_A5-Weekday-SDon-094400_M11_618,15:51:09,403142,5,2,2,requester,27881
MV_A5-Weekday-SDon-094400_M11_618,16:00:34,403150,12,3,3,requester,27882
MV_A5-Weekday-SDon-094400_M11_618,16:15:03,405541,21,3,3,releaser,27882
MV_A5-Weekday-SDon-094400_M11_618,16:18:36,403163,23,3,3,requester,27883
MV_A5-Weekday-SDon-094400_M11_618,16:26:09,403167,27,3,3,releaser,27883
MV_A5-Weekday-SDon-094400_M11_618,16:39:30,403781,36,2,2,releaser,27881
MV_A5-Weekday-SDon-094400_M11_618,16:51:00,803144,43,1,1,releaser,27880
MV_A5-Weekday-SDon-094700_M11_627,15:47:00,401393,1,1,1,requester,27924
MV_A5-Weekday-SDon-094700_M11_627,15:54:26,404161,7,3,2,requester,27925
MV_A5-Weekday-SDon-094700_M11_627,15:54:26,404161,7,3,3,requester,27928
MV_A5-Weekday-SDon-094700_M11_627,15:55:39,401398,8,3,3,releaser,27928
MV_A5-Weekday-SDon-094700_M11_627,16:00:25,401401,11,4,3,requester,27929
MV_A5-Weekday-SDon-094700_M11_627,16:00:25,401401,11,4,4,requester,27932
MV_A5-Weekday-SDon-094700_M11_627,16:05:46,401404,13,4,3,releaser,27929
MV_A5-Weekday-SDon-094700_M11_627,16:05:46,401404,13,4,4,releaser,27932
MV_A5-Weekday-SDon-094700_M11_627,16:10:48,405631,15,3,3,requester,27930
MV_A5-Weekday-SDon-094700_M11_627,16:28:33,403555,27,3,3,releaser,27930
MV_A5-Weekday-SDon-094700_M11_627,16:31:00,401021,28,2,2,releaser,27925
MV_A5-Weekday-SDon-094700_M11_627,16:35:22,401024,31,2,2,requester,27926
MV_A5-Weekday-SDon-094700_M11_627,16:38:03,401026,33,3,3,requester,27931
MV_A5-Weekday-SDon-094700_M11_627,16:40:03,401027,34,3,3,releaser,27931
MV_A5-Weekday-SDon-094700_M11_627,16:51:13,401035,42,2,2,releaser,27926
MV_A5-Weekday-SDon-094700_M11_627,16:56:32,401438,45,2,2,requester,27927
MV_A5-Weekday-SDon-094700_M11_627,17:13:49,403757,55,2,2,releaser,27927
MV_A5-Weekday-SDon-094700_M11_627,17:20:00,803194,62,1,1,releaser,27924
MV_A5-Weekday-SDon-096400_M11_624,16:04:00,403942,1,1,1,requester,28097
MV_A5-Weekday-SDon-096400_M11_624,16:18:22,403148,10,2,2,requester,28098
MV_A5-Weekday-SDon-096400_M11_624,16:44:25,403166,26,2,2,releaser,28098
MV_A5-Weekday-SDon-096400_M11_624,17:11:00,803144,43,1,1,releaser,28097
MV_A5-Weekday-SDon-096500_M11_621,16:05:00,405374,1,1,1,requester,28107
MV_A5-Weekday-SDon-096500_M11_621,16:08:54,404846,4,2,2,requester,28108
MV_A5-Weekday-SDon-096500_M11_621,16:36:50,403112,21,3,3,requester,28109
MV_A5-Weekday-SDon-096500_M11_621,16:43:42,403116,25,3,3,releaser,28109
MV_A5-Weekday-SDon-096500_M11_621,16:48:15,403119,28,2,2,releaser,28108
MV_A5-Weekday-SDon-096500_M11_621,17:03:00,903352,36,1,1,releaser,28107
MV_A5-Weekday-SDon-096700_M11_629,16:07:00,401393,1,1,1,requester,28155
MV_A5-Weekday-SDon-096700_M11_629,16:17:00,403802,9,2,2,requester,28156
MV_A5-Weekday-SDon-096700_M11_629,16:22:58,401402,12,3,3,requester,28157
MV_A5-Weekday-SDon-096700_M11_629,16:35:49,401409,18,3,3,releaser,28157
MV_A5-Weekday-SDon-096700_M11_629,16:41:03,401413,22,3,3,requester,28158
MV_A5-Weekday-SDon-096700_M11_629,16:55:22,401024,31,3,3,releaser,28158
MV_A5-Weekday-SDon-096700_M11_629,17:22:57,401442,49,2,2,releaser,28156
MV_A5-Weekday-SDon-096700_M11_629,17:39:00,803194,62,1,1,releaser,28155
MV_A5-Weekday-SDon-096700_M11_631,16:07:00,803195,1,2,1,requester,28159
MV_A5-Weekday-SDon-096700_M11_631,16:07:00,803195,1,2,2,requester,28160
MV_A5-Weekday-SDon-096700_M11_631,16:11:07,404019,5,2,2,releaser,28160
MV_A5-Weekday-SDon-096700_M11_631,16:19:00,401459,9,2,2,requester,28161
MV_A5-Weekday-SDon-096700_M11_631,16:29:00,400677,17,3,3,requester,28162
MV_A5-Weekday-SDon-096700_M11_631,16:43:02,401091,25,3,3,releaser,28162
MV_A5-Weekday-SDon-096700_M11_631,16:58:27,401100,33,3,3,requester,28163
MV_A5-Weekday-SDon-096700_M11_631,17:02:08,405290,35,3,3,releaser,28163
MV_A5-Weekday-SDon-096700_M11_631,17:06:00,401489,37,3,3,requester,28164
MV_A5-Weekday-SDon-096700_M11_631,17:18:18,401496,43,3,3,releaser,28164
MV_A5-Weekday-SDon-096700_M11_631,17:31:15,401506,52,2,2,releaser,28161
MV_A5-Weekday-SDon-096700_M11_631,17:35:00,403876,56,1,1,releaser,28159
MV_A5-Weekday-SDon-097900_M11_635,16:19:00,803195,1,1,1,requester,28272
MV_A5-Weekday-SDon-097900_M11_635,16:32:40,405079,10,2,2,requester,28273
MV_A5-Weekday-SDon-097900_M11_635,16:36:48,401464,13,2,2,releaser,28273
MV_A5-Weekday-SDon-097900_M11_635,16:49:25,401088,22,2,2,requester,28274
MV_A5-Weekday-SDon-097900_M11_635,17:18:00,401489,37,2,2,releaser,28274
MV_A5-Weekday-SDon-097900_M11_635,17:23:59,401492,40,3,2,requester,28275
MV_A5-Weekday-SDon-097900_M11_635,17:23:59,401492,40,3,3,requester,28278
MV_A5-Weekday-SDon-097900_M11_635,17:25:39,401493,41,3,2,releaser,28275
MV_A5-Weekday-SDon-097900_M11_635,17:25:39,401493,41,3,3,releaser,28278
MV_A5-Weekday-SDon-097900_M11_635,17:36:25,401501,47,3,2,requester,28276
MV_A5-Weekday-SDon-097900_M11_635,17:36:25,401501,47,3,3,requester,28279
MV_A5-Weekday-SDon-097900_M11_635,17:38:23,401502,48,3,2,releaser,28276
MV_A5-Weekday-SDon-097900_M11_635,17:38:23,401502,48,3,3,releaser,28279
MV_A5-Weekday-SDon-097900_M11_635,17:42:00,404881,51,3,2,requester,28277
MV_A5-Weekday-SDon-097900_M11_635,17:42:00,404881,51,3,3,requester,28280
MV_A5-Weekday-SDon-097900_M11_635,17:47:00,403876,56,3,1,releaser,28272
MV_A5-Weekday-SDon-097900_M11_635,17:47:00,403876,56,3,2,releaser,28277
MV_A5-Weekday-SDon-097900_M11_635,17:47:00,403876,56,3,3,releaser,28280
MV_A5-Weekday-SDon-098500_M11_622,16:25:00,405374,1,1,1,requester,28345
MV_A5-Weekday-SDon-098500_M11_622,16:34:33,401016,8,2,2,requester,28346
MV_A5-Weekday-SDon-098500_M11_622,16:46:34,403105,14,2,2,releaser,28346
MV_A5-Weekday-SDon-098500_M11_622,17:23:00,903352,36,1,1,releaser,28345
MV_A5-Weekday-SDon-098900_M11_628,16:29:00,401393,1,1,1,requester,28376
MV_A5-Weekday-SDon-098900_M11_628,16:37:39,401398,8,2,2,requester,28377
MV_A5-Weekday-SDon-098900_M11_628,16:44:58,401402,12,3,3,requester,28380
MV_A5-Weekday-SDon-098900_M11_628,16:56:41,401408,17,4,4,requester,28381
MV_A5-Weekday-SDon-098900_M11_628,17:02:14,401412,21,4,4,releaser,28381
MV_A5-Weekday-SDon-098900_M11_628,17:36:00,401436,44,3,3,releaser,28380
MV_A5-Weekday-SDon-098900_M11_628,17:48:00,401446,53,2,2,releaser,28377
MV_A5-Weekday-SDon-098900_M11_628,17:54:00,404011,56,2,2,requester,28378
MV_A5-Weekday-SDon-098900_M11_628,17:54:51,404013,58,2,2,releaser,28378
MV_A5-Weekday-SDon-098900_M11_628,17:55:49,404014,60,2,2,requester,28379
MV_A5-Weekday-SDon-098900_M11_628,17:57:00,803194,62,2,1,releaser,28376
MV_A5-Weekday-SDon-098900_M11_628,17:57:00,803194,62,2,2,releaser,28379
MV_A5-Weekday-SDon-099100_M11_633,16:31:00,803195,1,1,1,requester,28394
MV_A5-Weekday-SDon-099100_M11_633,16:46:10,401462,11,2,2,requester,28395
MV_A5-Weekday-SDon-099100_M11_633,17:03:00,403362,23,3,3,requester,28397
MV_A5-Weekday-SDon-099100_M11_633,17:24:00,405283,34,3,3,releaser,28397
MV_A5-Weekday-SDon-099100_M11_633,17:33:13,401491,39,3,3,requester,28398
MV_A5-Weekday-SDon-099100_M11_633,17:37:39,401493,41,3,2,releaser,28395
MV_A5-Weekday-SDon-099100_M11_633,17:37:39,401493,41,3,3,releaser,28398
MV_A5-Weekday-SDon-099100_M11_633,17:47:34,401500,46,3,2,requester,28396
MV_A5-Weekday-SDon-099100_M11_633,17:47:34,401500,46,3,3,requester,28399
MV_A5-Weekday-SDon-099100_M11_633,17:48:25,401501,47,3,3,releaser,28399
MV_A5-Weekday-SDon-099100_M11_633,17:55:15,401506,52,2,2,releaser,28396
MV_A5-Weekday-SDon-099100_M11_633,17:59:00,403876,56,1,1,releaser,28394
MV_A5-Weekday-SDon-100400_M11_620,16:44:00,403942,1,1,1,requester,28541
MV_A5-Weekday-SDon-100400_M11_620,17:00:34,403150,12,2,2,requester,28542
MV_A5-Weekday-SDon-100400_M11_620,17:10:00,405249,18,3,3,requester,28544
MV_A5-Weekday-SDon-100400_M11_620,17:18:36,403163,23,3,3,releaser,28544
MV_A5-Weekday-SDon-100400_M11_620,17:19:53,403164,24,2,2,releaser,28542
MV_A5-Weekday-SDon-100400_M11_620,17:39:14,400861,35,2,2,requester,28543
MV_A5-Weekday-SDon-100400_M11_620,17:40:12,403781,36,2,2,releaser,28543
MV_A5-Weekday-SDon-100400_M11_620,17:54:00,803144,43,1,1,releaser,28541
MV_A5-Weekday-SDon-100500_M11_623,16:45:00,405374,1,6,1,requester,28550
MV_A5-Weekday-SDon-100500_M11_623,16:45:00,405374,1,6,2,requester,28551
MV_A5-Weekday-SDon-100500_M11_623,16:45:00,405374,1,6,3,requester,28553
MV_A5-Weekday-SDon-100500_M11_623,16:45:00,405374,1,6,4,requester,28556
MV_A5-Weekday-SDon-100500_M11_623,16:45:00,405374,1,6,5,requester,28559
MV_A5-Weekday-SDon-100500_M11_623,16:45:00,405374,1,6,6,requester,28562
MV_A5-Weekday-SDon-100500_M11_623,16:52:00,405393,6,6,2,releaser,28551
MV_A5-Weekday-SDon-100500_M11_623,16:52:00,405393,6,6,3,releaser,28553
MV_A5-Weekday-SDon-100500_M11_623,16:52:00,405393,6,6,4,releaser,28556
MV_A5-Weekday-SDon-100500_M11_623,16:52:00,405393,6,6,5,releaser,28559
MV_A5-Weekday-SDon-100500_M11_623,16:52:00,405393,6,6,6,releaser,28562
MV_A5-Weekday-SDon-100500_M11_623,16:56:00,400747,9,7,2,requester,28552
MV_A5-Weekday-SDon-100500_M11_623,16:56:00,400747,9,7,3,requester,28554
MV_A5-Weekday-SDon-100500_M11_623,16:56:00,400747,9,7,4,requester,28557
MV_A5-Weekday-SDon-100500_M11_623,16:56:00,400747,9,7,5,requester,28560
MV_A5-Weekday-SDon-100500_M11_623,16:56:00,400747,9,7,6,requester,28563
MV_A5-Weekday-SDon-100500_M11_623,16:56:00,400747,9,7,7,requester,28565
MV_A5-Weekday-SDon-100500_M11_623,17:03:33,403103,12,7,3,releaser,28554
MV_A5-Weekday-SDon-100500_M11_623,17:03:33,403103,12,7,4,releaser,28557
MV_A5-Weekday-SDon-100500_M11_623,17:03:33,403103,12,7,5,releaser,28560
MV_A5-Weekday-SDon-100500_M11_623,17:03:33,403103,12,7,6,releaser,28563
MV_A5-Weekday-SDon-100500_M11_623,17:03:33,403103,12,7,7,releaser,28565
MV_A5-Weekday-SDon-100500_M11_623,17:06:34,403105,14,3,3,requester,28555
MV_A5-Weekday-SDon-100500_M11_623,17:09:53,403107,16,7,4,requester,28558
MV_A5-Weekday-SDon-100500_M11_623,17:09:53,403107,16,7,5,requester,28561
MV_A5-Weekday-SDon-100500_M11_623,17:09:53,403107,16,7,6,requester,28564
MV_A5-Weekday-SDon-100500_M11_623,17:09:53,403107,16,7,7,requester,28566
MV_A5-Weekday-SDon-100500_M11_623,17:13:43,403110,19,7,4,releaser,28558
MV_A5-Weekday-SDon-100500_M11_623,17:13:43,403110,19,7,5,releaser,28561
MV_A5-Weekday-SDon-100500_M11_623,17:13:43,403110,19,7,6,releaser,28564
MV_A5-Weekday-SDon-100500_M11_623,17:13:43,403110,19,7,7,releaser,28566
MV_A5-Weekday-SDon-100500_M11_623,17:23:42,403116,25,3,3,releaser,28555
MV_A5-Weekday-SDon-100500_M11_623,17:33:58,404262,31,2,2,releaser,28552
MV_A5-Weekday-SDon-100500_M11_623,17:43:00,903352,36,1,1,releaser,28550
MV_A5-Weekday-SDon-100600_M11_632,16:46:00,803195,1,1,1,requester,28578
MV_A5-Weekday-SDon-100600_M11_632,16:58:00,401459,9,2,2,requester,28579
MV_A5-Weekday-SDon-100600_M11_632,17:11:31,401470,19,3,3,requester,28580
MV_A5-Weekday-SDon-100600_M11_632,17:18:00,403362,23,3,3,releaser,28580
MV_A5-Weekday-SDon-100600_M11_632,17:22:02,401091,25,3,3,requester,28581
MV_A5-Weekday-SDon-100600_M11_632,17:26:49,401093,27,3,3,releaser,28581
MV_A5-Weekday-SDon-100600_M11_632,17:31:00,404838,29,4,3,requester,28582
MV_A5-Weekday-SDon-100600_M11_632,17:31:00,404838,29,4,4,requester,28584
MV_A5-Weekday-SDon-100600_M11_632,17:34:12,403372,31,4,4,releaser,28584
MV_A5-Weekday-SDon-100600_M11_632,17:35:52,401099,32,3,3,releaser,28582
MV_A5-Weekday-SDon-100600_M11_632,17:48:13,401491,39,3,3,requester,28583
MV_A5-Weekday-SDon-100600_M11_632,17:50:59,401492,40,3,3,releaser,28583
MV_A5-Weekday-SDon-100600_M11_632,18:02:34,401500,46,2,2,releaser,28579
MV_A5-Weekday-SDon-100600_M11_632,18:15:00,403876,56,1,1,releaser,28578
MV_A5-Weekday-SDon-101300_M11_630,16:53:00,401393,1,2,1,requester,28638
MV_A5-Weekday-SDon-101300_M11_630,16:53:00,401393,1,2,2,requester,28639
MV_A5-Weekday-SDon-101300_M11_630,17:03:00,403802,9,3,3,requester,28641
MV_A5-Weekday-SDon-101300_M11_630,17:04:44,401400,10,3,3,releaser,28641
MV_A5-Weekday-SDon-101300_M11_630,17:08:58,401402,12,3,3,requester,28642
MV_A5-Weekday-SDon-101300_M11_630,17:28:33,401414,23,3,3,releaser,28642
MV_A5-Weekday-SDon-101300_M11_630,17:38:14,401022,29,3,3,requester,28643
MV_A5-Weekday-SDon-101300_M11_630,17:41:08,401024,31,3,3,releaser,28643
MV_A5-Weekday-SDon-101300_M11_630,17:43:40,401026,33,3,3,requester,28644
MV_A5-Weekday-SDon-101300_M11_630,17:54:59,401034,41,3,3,releaser,28644
MV_A5-Weekday-SDon-101300_M11_630,18:07:11,401443,50,2,2,releaser,28639
MV_A5-Weekday-SDon-101300_M11_630,18:09:41,401444,52,2,2,requester,28640
MV_A5-Weekday-SDon-101300_M11_630,18:12:27,401447,54,2,2,releaser,28640
MV_A5-Weekday-SDon-101300_M11_630,18:20:00,803194,62,1,1,releaser,28638
MV_A5-Weekday-SDon-102100_M11_625,17:01:00,803195,1,1,1,requester,28721
MV_A5-Weekday-SDon-102100_M11_625,17:19:52,401465,14,2,2,requester,28722
MV_A5-Weekday-SDon-102100_M11_625,17:23:00,400677,17,3,3,requester,28724
MV_A5-Weekday-SDon-102100_M11_625,18:12:18,401496,43,3,3,releaser,28724
MV_A5-Weekday-SDon-102100_M11_625,18:17:12,401500,46,2,2,releaser,28722
MV_A5-Weekday-SDon-102100_M11_625,18:19:44,401502,48,2,2,requester,28723
MV_A5-Weekday-SDon-102100_M11_625,18:22:03,405316,50,2,2,releaser,28723
MV_A5-Weekday-SDon-102100_M11_625,18:29:00,403876,56,1,1,releaser,28721
MV_A5-Weekday-SDon-102500_M11_618,17:05:00,405374,1,1,1,requester,28768
MV_A5-Weekday-SDon-102500_M11_618,17:10:14,401239,5,2,2,requester,28769
MV_A5-Weekday-SDon-102500_M11_618,17:13:34,903209,7,3,3,requester,28770
MV_A5-Weekday-SDon-102500_M11_618,17:25:11,403104,13,3,3,releaser,28770
MV_A5-Weekday-SDon-102500_M11_618,17:39:00,405248,22,3,3,requester,28771
MV_A5-Weekday-SDon-102500_M11_618,17:42:26,403115,24,3,3,releaser,28771
MV_A5-Weekday-SDon-102500_M11_618,17:47:10,403118,27,2,2,releaser,28769
MV_A5-Weekday-SDon-102500_M11_618,18:03:00,903352,36,1,1,releaser,28768
MV_A5-Weekday-SDon-103400_M11_621,17:14:00,403942,1,1,1,requester,28863
MV_A5-Weekday-SDon-103400_M11_621,17:31:22,403151,13,3,2,requester,28864
MV_A5-Weekday-SDon-103400_M11_621,17:31:22,403151,13,3,3,requester,28866
MV_A5-Weekday-SDon-103400_M11_621,17:33:00,403152,14,3,3,releaser,28866
MV_A5-Weekday-SDon-103400_M11_621,18:07:44,400860,33,2,2,releaser,28864
MV_A5-Weekday-SDon-103400_M11_621,18:09:14,400861,35,2,2,requester,28865
MV_A5-Weekday-SDon-103400_M11_621,18:12:13,400948,37,2,2,releaser,28865
MV_A5-Weekday-SDon-103400_M11_621,18:24:00,803144,43,1,1,releaser,28863
MV_A5-Weekday-SDon-103600_M11_634,17:16:00,803195,1,1,1,requester,28903
MV_A5-Weekday-SDon-103600_M11_634,17:32:48,401463,12,2,2,requester,28904
MV_A5-Weekday-SDon-103600_M11_634,17:35:53,401466,15,2,2,releaser,28904
MV_A5-Weekday-SDon-103600_M11_634,17:38:00,400677,17,2,2,requester,28905
MV_A5-Weekday-SDon-103600_M11_634,18:05:52,401099,32,2,2,releaser,28905
MV_A5-Weekday-SDon-103600_M11_634,18:11:01,405290,35,2,2,requester,28906
MV_A5-Weekday-SDon-103600_M11_634,18:13:22,404030,36,2,2,releaser,28906
MV_A5-Weekday-SDon-103600_M11_634,18:16:22,401490,38,2,2,requester,28907
MV_A5-Weekday-SDon-103600_M11_634,18:17:45,401491,39,2,2,releaser,28907
MV_A5-Weekday-SDon-103600_M11_634,18:43:00,403876,56,1,1,releaser,28903
MV_A5-Weekday-SDon-103700_M11_619,17:17:00,401393,1,1,1,requester,28912
MV_A5-Weekday-SDon-103700_M11_619,17:25:39,401398,8,2,2,requester,28913
MV_A5-Weekday-SDon-103700_M11_619,17:30:25,401401,11,3,3,requester,28915
MV_A5-Weekday-SDon-103700_M11_619,18:05:28,401025,32,4,4,requester,28917
MV_A5-Weekday-SDon-103700_M11_619,18:08:33,401027,34,4,4,releaser,28917
MV_A5-Weekday-SDon-103700_M11_619,18:12:43,401030,37,4,4,requester,28918
MV_A5-Weekday-SDon-103700_M11_619,18:19:13,401035,42,4,3,releaser,28915
MV_A5-Weekday-SDon-103700_M11_619,18:19:13,401035,42,4,4,releaser,28918
MV_A5-Weekday-SDon-103700_M11_619,18:28:43,401442,49,3,3,requester,28916
MV_A5-Weekday-SDon-103700_M11_619,18:30:11,401443,50,3,3,releaser,28916
MV_A5-Weekday-SDon-103700_M11_619,18:37:11,403757,55,2,2,releaser,28913
MV_A5-Weekday-SDon-103700_M11_619,18:39:18,404012,57,2,2,requester,28914
MV_A5-Weekday-SDon-103700_M11_619,18:40:08,404056,59,2,2,releaser,28914
MV_A5-Weekday-SDon-103700_M11_619,18:42:00,803194,62,1,1,releaser,28912
MV_A5-Weekday-SDon-104500_M11_624,17:25:00,405374,1,1,1,requester,28976
MV_A5-Weekday-SDon-104500_M11_624,17:33:34,903209,7,2,2,requester,28977
MV_A5-Weekday-SDon-104500_M11_624,18:07:10,403118,27,2,2,releaser,28977
MV_A5-Weekday-SDon-104500_M11_624,18:23:00,903352,36,1,1,releaser,28976
MV_A5-Weekday-SDon-105100_M11_609,17:31:00,803195,1,1,1,requester,29050
MV_A5-Weekday-SDon-105100_M11_609,17:51:55,401467,16,2,2,requester,29051
MV_A5-Weekday-SDon-105100_M11_609,18:01:25,401088,22,2,2,releaser,29051
MV_A5-Weekday-SDon-105100_M11_609,18:05:05,401090,24,2,2,requester,29052
MV_A5-Weekday-SDon-105100_M11_609,18:24:01,405290,35,3,3,requester,29053
MV_A5-Weekday-SDon-105100_M11_609,18:39:23,401496,43,3,3,releaser,29053
MV_A5-Weekday-SDon-105100_M11_609,18:51:33,401506,52,2,2,releaser,29052
MV_A5-Weekday-SDon-105100_M11_609,18:56:00,403876,56,1,1,releaser,29050
MV_A5-Weekday-SDon-105400_M11_622,17:34:00,403942,1,1,1,requester,29069
MV_A5-Weekday-SDon-105400_M11_622,17:48:22,403148,10,2,2,requester,29070
MV_A5-Weekday-SDon-105400_M11_622,17:51:22,403151,13,2,2,releaser,29070
MV_A5-Weekday-SDon-105400_M11_622,18:03:10,403159,20,2,2,requester,29071
MV_A5-Weekday-SDon-105400_M11_622,18:21:39,400856,30,2,2,releaser,29071
MV_A5-Weekday-SDon-105400_M11_622,18:44:00,803144,43,1,1,releaser,29069
MV_A5-Weekday-SDon-106600_M11_627,17:46:00,803195,1,1,1,requester,29193
MV_A5-Weekday-SDon-106600_M11_627,17:58:00,401459,9,2,2,requester,29194
MV_A5-Weekday-SDon-106600_M11_627,18:29:33,401096,30,3,3,requester,29195
MV_A5-Weekday-SDon-106600_M11_627,19:04:00,404881,51,3,3,releaser,29195
MV_A5-Weekday-SDon-106600_M11_627,19:10:00,403876,56,2,1,releaser,29193
MV_A5-Weekday-SDon-106600_M11_627,19:10:00,403876,56,2,2,releaser,29194
MV_A5-Weekday-SDon-107300_M11_631,17:53:00,401393,1,1,1,requester,29241
MV_A5-Weekday-SDon-107300_M11_631,17:58:09,405151,6,2,2,requester,29242
MV_A5-Weekday-SDon-107300_M11_631,17:59:46,404161,7,3,3,requester,29244
MV_A5-Weekday-SDon-107300_M11_631,18:00:49,401398,8,3,3,releaser,29244
MV_A5-Weekday-SDon-107300_M11_631,18:07:14,401402,12,3,3,requester,29245
MV_A5-Weekday-SDon-107300_M11_631,18:22:43,401412,21,3,3,releaser,29245
MV_A5-Weekday-SDon-107300_M11_631,18:34:10,401022,29,3,3,requester,29246
MV_A5-Weekday-SDon-107300_M11_631,18:47:52,401032,39,3,3,releaser,29246
MV_A5-Weekday-SDon-107300_M11_631,18:50:46,401035,42,2,2,releaser,29242
MV_A5-Weekday-SDon-107300_M11_631,18:55:31,403886,46,2,2,requester,29243
MV_A5-Weekday-SDon-107300_M11_631,19:07:18,404012,57,2,2,releaser,29243
MV_A5-Weekday-SDon-107300_M11_631,19:10:00,803194,62,1,1,releaser,29241
MV_A5-Weekday-SDon-107400_M11_623,17:54:00,403942,1,1,1,requester,29247
MV_A5-Weekday-SDon-107400_M11_623,18:15:52,403154,16,3,2,requester,29248
MV_A5-Weekday-SDon-107400_M11_623,18:15:52,403154,16,3,3,requester,29249
MV_A5-Weekday-SDon-107400_M11_623,18:23:10,403159,20,3,3,releaser,29249
MV_A5-Weekday-SDon-107400_M11_623,18:41:39,400856,30,2,2,releaser,29248
MV_A5-Weekday-SDon-107400_M11_623,19:04:00,803144,43,1,1,releaser,29247
MV_A5-Weekday-SDon-108100_M11_626,18:01:00,803195,1,1,1,requester,29316
MV_A5-Weekday-SDon-108100_M11_626,18:07:39,403786,7,2,2,requester,29317
MV_A5-Weekday-SDon-108100_M11_626,18:13:00,401459,9,2,2,releaser,29317
MV_A5-Weekday-SDon-108100_M11_626,18:15:51,401462,11,2,2,requester,29318
MV_A5-Weekday-SDon-108100_M11_626,18:17:19,401463,12,2,2,releaser,29318
MV_A5-Weekday-SDon-108100_M11_626,18:19:11,401465,14,2,2,requester,29319
MV_A5-Weekday-SDon-108100_M11_626,18:20:06,401466,15,2,2,releaser,29319
MV_A5-Weekday-SDon-108100_M11_626,18:24:49,401470,19,2,2,requester,29320
MV_A5-Weekday-SDon-108100_M11_626,18:43:33,401096,30,3,3,requester,29322
MV_A5-Weekday-SDon-108100_M11_626,19:12:12,401500,46,3,3,releaser,29322
MV_A5-Weekday-SDon-108100_M11_626,19:12:58,401501,47,2,2,releaser,29320
MV_A5-Weekday-SDon-108100_M11_626,19:17:03,405316,50,2,2,requester,29321
MV_A5-Weekday-SDon-108100_M11_626,19:23:00,401386,54,2,2,releaser,29321
MV_A5-Weekday-SDon-108100_M11_626,19:24:00,403876,56,1,1,releaser,29316
MV_A5-Weekday-SDon-108500_M11_620,18:05:00,405374,1,1,1,requester,29355
MV_A5-Weekday-SDon-108500_M11_620,18:20:30,400750,11,2,2,requester,29356
MV_A5-Weekday-SDon-108500_M11_620,18:25:11,403104,13,2,2,releaser,29356
MV_A5-Weekday-SDon-108500_M11_620,18:32:28,403109,18,2,2,requester,29357
MV_A5-Weekday-SDon-108500_M11_620,18:33:43,403110,19,2,2,releaser,29357
MV_A5-Weekday-SDon-108500_M11_620,19:01:00,903352,36,1,1,releaser,29355
MV_A5-Weekday-SDon-108500_M11_635,18:05:00,401393,1,1,1,requester,29358
MV_A5-Weekday-SDon-108500_M11_635,18:10:09,405151,6,2,2,requester,29359
MV_A5-Weekday-SDon-108500_M11_635,18:45:00,401021,28,2,2,releaser,29359
MV_A5-Weekday-SDon-108500_M11_635,19:22:00,803194,62,1,1,releaser,29358
MV_A5-Weekday-SDon-110000_M11_628,18:20:00,803195,1,1,1,requester,29478
MV_A5-Weekday-SDon-110000_M11_628,18:37:14,401464,13,2,2,requester,29479
MV_A5-Weekday-SDon-110000_M11_628,18:45:00,401086,20,3,3,requester,29480
MV_A5-Weekday-SDon-110000_M11_628,18:46:59,401087,21,3,3,releaser,29480
MV_A5-Weekday-SDon-110000_M11_628,19:01:00,404838,29,3,3,requester,29481
MV_A5-Weekday-SDon-110000_M11_628,19:14:06,401489,37,3,3,releaser,29481
MV_A5-Weekday-SDon-110000_M11_628,19:37:04,401507,53,2,2,releaser,29479
MV_A5-Weekday-SDon-110000_M11_628,19:40:00,403876,56,1,1,releaser,29478
MV_A5-Weekday-SDon-110000_M11_633,18:20:00,401393,1,1,1,requester,29482
MV_A5-Weekday-SDon-110000_M11_633,18:26:46,404161,7,2,2,requester,29483
MV_A5-Weekday-SDon-110000_M11_633,18:36:40,401404,13,3,3,requester,29484
MV_A5-Weekday-SDon-110000_M11_633,18:39:20,404279,14,3,3,releaser,29484
MV_A5-Weekday-SDon-110000_M11_633,18:43:00,401407,16,3,3,requester,29485
MV_A5-Weekday-SDon-110000_M11_633,18:46:55,401410,19,3,3,releaser,29485
MV_A5-Weekday-SDon-110000_M11_633,18:51:03,401413,22,3,3,requester,29486
MV_A5-Weekday-SDon-110000_M11_633,18:52:33,401414,23,3,3,releaser,29486
MV_A5-Weekday-SDon-110000_M11_633,19:11:51,401029,36,2,2,releaser,29483
MV_A5-Weekday-SDon-110000_M11_633,19:39:00,803194,62,1,1,releaser,29482
MV_A5-Weekday-SDon-110300_M11_629,18:23:00,403942,1,2,1,requester,29506
MV_A5-Weekday-SDon-110300_M11_629,18:23:00,403942,1,2,2,requester,29507
MV_A5-Weekday-SDon-110300_M11_629,18:25:12,403139,2,2,2,releaser,29507
MV_A5-Weekday-SDon-110300_M11_629,18:40:22,403151,13,2,2,requester,29508
MV_A5-Weekday-SDon-110300_M11_629,19:15:27,400860,33,2,2,releaser,29508
MV_A5-Weekday-SDon-110300_M11_629,19:29:00,803144,43,1,1,releaser,29506
MV_A5-Weekday-SDon-111500_M11_621,18:35:00,405374,1,1,1,requester,29579
MV_A5-Weekday-SDon-111500_M11_621,18:36:07,404919,2,2,2,requester,29580
MV_A5-Weekday-SDon-111500_M11_621,18:37:23,404872,3,2,2,releaser,29580
MV_A5-Weekday-SDon-111500_M11_621,18:46:00,400747,9,2,2,requester,29581
MV_A5-Weekday-SDon-111500_M11_621,19:15:55,403118,27,2,2,releaser,29581
MV_A5-Weekday-SDon-111500_M11_621,19:30:00,903352,36,1,1,releaser,29579
MV_A5-Weekday-SDon-111500_M11_632,18:35:00,401393,1,1,1,requester,29582
MV_A5-Weekday-SDon-111500_M11_632,18:41:46,404161,7,2,2,requester,29583
MV_A5-Weekday-SDon-111500_M11_632,18:48:51,401402,12,3,3,requester,29584
MV_A5-Weekday-SDon-111500_M11_632,19:06:33,401414,23,3,3,releaser,29584
MV_A5-Weekday-SDon-111500_M11_632,19:18:53,401024,31,2,2,releaser,29583
MV_A5-Weekday-SDon-111500_M11_632,19:53:00,803194,62,1,1,releaser,29582
MV_A5-Weekday-SDon-111800_M11_624,18:38:00,403942,1,1,1,requester,29621
MV_A5-Weekday-SDon-111800_M11_624,19:11:15,403162,22,2,2,requester,29622
MV_A5-Weekday-SDon-111800_M11_624,19:13:53,403164,24,2,2,releaser,29622
MV_A5-Weekday-SDon-111800_M11_624,19:44:00,803144,43,1,1,releaser,29621
MV_A5-Weekday-SDon-112000_M11_630,18:40:00,803195,1,1,1,requester,29635
MV_A5-Weekday-SDon-112000_M11_630,18:57:14,401464,13,2,2,requester,29636
MV_A5-Weekday-SDon-112000_M11_630,19:01:00,400677,17,2,2,releaser,29636
MV_A5-Weekday-SDon-112000_M11_630,19:03:49,401470,19,2,2,requester,29637
MV_A5-Weekday-SDon-112000_M11_630,19:14:43,401091,25,2,2,releaser,29637
MV_A5-Weekday-SDon-112000_M11_630,19:23:00,404838,29,2,2,requester,29638
MV_A5-Weekday-SDon-112000_M11_630,19:34:40,404030,36,2,2,releaser,29638
MV_A5-Weekday-SDon-112000_M11_630,19:37:12,401490,38,2,2,requester,29639
MV_A5-Weekday-SDon-112000_M11_630,19:41:55,401493,41,2,2,releaser,29639
MV_A5-Weekday-SDon-112000_M11_630,19:59:00,403876,56,1,1,releaser,29635
MV_A5-Weekday-SDon-113500_M11_622,18:55:00,405374,1,1,1,requester,29727
MV_A5-Weekday-SDon-113500_M11_622,19:12:56,403103,12,2,2,requester,29728
MV_A5-Weekday-SDon-113500_M11_622,19:20:25,903299,17,2,2,releaser,29728
MV_A5-Weekday-SDon-113500_M11_622,19:25:50,403112,21,2,2,requester,29729
MV_A5-Weekday-SDon-113500_M11_622,19:28:00,405248,22,2,2,releaser,29729
MV_A5-Weekday-SDon-113500_M11_622,19:49:00,903352,36,1,1,releaser,29727
MV_A5-Weekday-SDon-114000_M11_619,19:00:00,803195,1,1,1,requester,29742
MV_A5-Weekday-SDon-114000_M11_619,19:15:48,401465,14,2,2,requester,29743
MV_A5-Weekday-SDon-114000_M11_619,19:24:23,401087,21,2,2,releaser,29743
MV_A5-Weekday-SDon-114000_M11_619,19:31:43,401091,25,2,2,requester,29744
MV_A5-Weekday-SDon-114000_M11_619,19:33:52,401092,26,2,2,releaser,29744
MV_A5-Weekday-SDon-114000_M11_619,19:40:00,404838,29,2,2,requester,29745
MV_A5-Weekday-SDon-114000_M11_619,19:55:55,401493,41,2,2,releaser,29745
MV_A5-Weekday-SDon-114000_M11_619,19:59:38,401496,43,2,2,requester,29746
MV_A5-Weekday-SDon-114000_M11_619,20:01:57,405026,45,2,2,releaser,29746
MV_A5-Weekday-SDon-114000_M11_619,20:04:05,401501,47,2,2,requester,29747
MV_A5-Weekday-SDon-114000_M11_619,20:06:12,401503,49,2,2,releaser,29747
MV_A5-Weekday-SDon-114000_M11_619,20:13:00,403876,56,1,1,releaser,29742
MV_A5-Weekday-SDon-114500_M11_634,19:05:00,401393,1,1,1,requester,29776
MV_A5-Weekday-SDon-114500_M11_634,19:15:00,403802,9,2,2,requester,29777
MV_A5-Weekday-SDon-114500_M11_634,19:40:00,401021,28,3,3,requester,29779
MV_A5-Weekday-SDon-114500_M11_634,19:45:29,401026,33,3,3,releaser,29779
MV_A5-Weekday-SDon-114500_M11_634,19:54:00,401033,40,2,2,releaser,29777
MV_A5-Weekday-SDon-114500_M11_634,19:55:46,401035,42,2,2,requester,29778
MV_A5-Weekday-SDon-114500_M11_634,19:56:41,401435,43,2,2,releaser,29778
MV_A5-Weekday-SDon-114500_M11_634,20:15:00,803194,62,1,1,releaser,29776
MV_A5-Weekday-SDon-115500_M11_623,19:15:00,405374,1,1,1,requester,29830
MV_A5-Weekday-SDon-115500_M11_623,19:26:00,400747,9,2,2,requester,29831
MV_A5-Weekday-SDon-115500_M11_623,19:47:00,405248,22,2,2,releaser,29831
MV_A5-Weekday-SDon-115500_M11_623,20:07:00,903352,36,1,1,releaser,29830
MV_A5-Weekday-SDon-117500_M11_625,19:35:00,401393,1,1,1,requester,29921
MV_A5-Weekday-SDon-117500_M11_625,19:41:46,404161,7,2,2,requester,29922
MV_A5-Weekday-SDon-117500_M11_625,19:47:22,401402,12,3,3,requester,29924
MV_A5-Weekday-SDon-117500_M11_625,19:50:38,404279,14,3,3,releaser,29924
MV_A5-Weekday-SDon-117500_M11_625,20:22:46,401035,42,2,2,releaser,29922
MV_A5-Weekday-SDon-117500_M11_625,20:26:35,401438,45,2,2,requester,29923
MV_A5-Weekday-SDon-117500_M11_625,20:28:37,401440,47,2,2,releaser,29923
MV_A5-Weekday-SDon-117500_M11_625,20:42:00,803194,62,1,1,releaser,29921
MV_A5-Weekday-SDon-118000_M11_628,19:40:00,803195,1,1,1,requester,29939
MV_A5-Weekday-SDon-118000_M11_628,20:22:29,405290,35,2,2,requester,29940
MV_A5-Weekday-SDon-118000_M11_628,20:37:30,401500,46,2,2,releaser,29940
MV_A5-Weekday-SDon-118000_M11_628,20:47:00,403876,56,1,1,releaser,29939
MV_A5-Weekday-SDon-118000_M11_629,19:40:00,405374,1,1,1,requester,29941
MV_A5-Weekday-SDon-118000_M11_629,19:58:39,403104,13,2,2,requester,29942
MV_A5-Weekday-SDon-118000_M11_629,19:59:49,403105,14,2,2,releaser,29942
MV_A5-Weekday-SDon-118000_M11_629,20:02:43,403107,16,2,2,requester,29943
MV_A5-Weekday-SDon-118000_M11_629,20:05:04,403109,18,2,2,releaser,29943
MV_A5-Weekday-SDon-118000_M11_629,20:11:00,405248,22,2,2,requester,29944
MV_A5-Weekday-SDon-118000_M11_629,20:13:51,403115,24,2,2,releaser,29944
MV_A5-Weekday-SDon-118000_M11_629,20:31:00,903352,36,1,1,releaser,29941
MV_A5-Weekday-SDon-119000_M11_626,19:50:00,401393,1,1,1,requester,30009
MV_A5-Weekday-SDon-119000_M11_626,20:00:56,401401,11,2,2,requester,30010
MV_A5-Weekday-SDon-119000_M11_626,20:32:28,401030,37,2,2,releaser,30010
MV_A5-Weekday-SDon-119000_M11_626,20:57:00,803194,62,1,1,releaser,30009
MV_A5-Weekday-SDon-119300_M11_630,19:53:00,403942,1,1,1,requester,30016
MV_A5-Weekday-SDon-119300_M11_630,20:53:00,803144,43,1,1,releaser,30016
MV_A5-Weekday-SDon-119500_M11_624,19:55:00,405374,1,1,1,requester,30027
MV_A5-Weekday-SDon-119500_M11_624,20:17:43,403107,16,2,2,requester,30028
MV_A5-Weekday-SDon-119500_M11_624,20:19:06,903299,17,2,2,releaser,30028
MV_A5-Weekday-SDon-119500_M11_624,20:46:00,903352,36,1,1,releaser,30027
MV_A5-Weekday-SDon-120000_M11_633,20:00:00,803195,1,1,1,requester,30040
MV_A5-Weekday-SDon-120000_M11_633,20:18:00,400677,17,2,2,requester,30041
MV_A5-Weekday-SDon-120000_M11_633,20:20:07,401470,19,2,2,releaser,30041
MV_A5-Weekday-SDon-120000_M11_633,20:22:35,401087,21,2,2,requester,30042
MV_A5-Weekday-SDon-120000_M11_633,20:23:44,401088,22,2,2,releaser,30042
MV_A5-Weekday-SDon-120000_M11_633,20:26:31,401090,24,2,2,requester,30043
MV_A5-Weekday-SDon-120000_M11_633,20:39:29,405290,35,2,2,releaser,30043
MV_A5-Weekday-SDon-120000_M11_633,20:42:12,401489,37,2,2,requester,30044
MV_A5-Weekday-SDon-120000_M11_633,20:55:05,401501,47,2,2,releaser,30044
MV_A5-Weekday-SDon-120000_M11_633,21:04:00,403876,56,1,1,releaser,30040
MV_A5-Weekday-SDon-122000_M11_627,20:20:00,401393,1,1,1,requester,30128
MV_A5-Weekday-SDon-122000_M11_627,20:26:05,404161,7,2,2,requester,30129
MV_A5-Weekday-SDon-122000_M11_627,20:26:59,401398,8,2,2,releaser,30129
MV_A5-Weekday-SDon-122000_M11_627,20:28:52,401400,10,2,2,requester,30130
MV_A5-Weekday-SDon-122000_M11_627,20:52:27,401023,30,2,2,releaser,30130
MV_A5-Weekday-SDon-122000_M11_627,20:55:29,401026,33,2,2,requester,30131
MV_A5-Weekday-SDon-122000_M11_627,20:57:03,401027,34,2,2,releaser,30131
MV_A5-Weekday-SDon-122000_M11_627,21:24:00,803194,62,1,1,releaser,30128
MV_A5-Weekday-SDon-123100_M11_631,20:31:00,403942,1,1,1,requester,30172
MV_A5-Weekday-SDon-123100_M11_631,21:31:00,803144,43,1,1,releaser,30172
MV_A5-Weekday-SDon-125100_M11_629,20:51:00,403942,1,1,1,requester,30249
MV_A5-Weekday-SDon-125100_M11_629,21:49:00,803144,43,1,1,releaser,30249
MV_A5-Weekday-SDon-126500_M11_628,21:05:00,401393,1,1,1,requester,30285
MV_A5-Weekday-SDon-126500_M11_628,21:18:02,405631,15,2,2,requester,30286
MV_A5-Weekday-SDon-126500_M11_628,21:23:10,401411,20,2,2,releaser,30286
MV_A5-Weekday-SDon-126500_M11_628,21:24:45,401413,22,2,2,requester,30287
MV_A5-Weekday-SDon-126500_M11_628,21:25:50,401414,23,2,2,releaser,30287
MV_A5-Weekday-SDon-126500_M11_628,21:36:42,401026,33,2,2,requester,30288
MV_A5-Weekday-SDon-126500_M11_628,21:38:02,401027,34,2,2,releaser,30288
MV_A5-Weekday-SDon-126500_M11_628,22:04:00,803194,62,1,1,releaser,30285
MV_A5-Weekday-SDon-127000_M11_630,21:10:00,405374,1,1,1,requester,30296
MV_A5-Weekday-SDon-127000_M11_630,21:13:54,404846,4,2,2,requester,30297
MV_A5-Weekday-SDon-127000_M11_630,21:28:39,403104,13,2,2,releaser,30297
MV_A5-Weekday-SDon-127000_M11_630,22:01:00,903352,36,1,1,releaser,30296
MV_A5-Weekday-SDon-128000_M11_635,21:20:00,401393,1,1,1,requester,30334
MV_A5-Weekday-SDon-128000_M11_635,21:51:42,401026,33,2,2,requester,30335
MV_A5-Weekday-SDon-128000_M11_635,21:55:08,401029,36,2,2,releaser,30335
MV_A5-Weekday-SDon-128000_M11_635,22:17:00,803194,62,1,1,releaser,30334
MV_A5-Weekday-SDon-129000_M11_632,21:30:00,803195,1,1,1,requester,30357
MV_A5-Weekday-SDon-129000_M11_632,22:08:00,405283,34,2,2,requester,30358
MV_A5-Weekday-SDon-129000_M11_632,22:27:16,405316,50,2,2,releaser,30358
MV_A5-Weekday-SDon-129000_M11_632,22:32:00,403876,56,1,1,releaser,30357
MV_A5-Weekday-SDon-129100_M11_633,21:31:00,403942,1,1,1,requester,30371
MV_A5-Weekday-SDon-129100_M11_633,22:27:00,803144,43,1,1,releaser,30371
MV_A5-Weekday-SDon-130200_M11_631,21:42:00,405374,1,1,1,requester,30383
MV_A5-Weekday-SDon-130200_M11_631,21:53:00,400747,9,2,2,requester,30384
MV_A5-Weekday-SDon-130200_M11_631,22:06:06,903299,17,2,2,releaser,30384
MV_A5-Weekday-SDon-130200_M11_631,22:08:12,403110,19,2,2,requester,30385
MV_A5-Weekday-SDon-130200_M11_631,22:09:52,403111,20,2,2,releaser,30385
MV_A5-Weekday-SDon-130200_M11_631,22:33:00,903352,36,1,1,releaser,30383
MV_A5-Weekday-SDon-131100_M11_634,21:51:00,403942,1,1,1,requester,30403
MV_A5-Weekday-SDon-131100_M11_634,22:45:00,803144,43,1,1,releaser,30403
MV_A5-Weekday-SDon-132000_M11_629,22:00:00,405374,1,1,1,requester,30413
MV_A5-Weekday-SDon-132000_M11_629,22:01:07,404919,2,2,2,requester,30414
MV_A5-Weekday-SDon-132000_M11_629,22:14:45,400750,11,3,3,requester,30415
MV_A5-Weekday-SDon-132000_M11_629,22:18:39,403104,13,3,3,releaser,30415
MV_A5-Weekday-SDon-132000_M11_629,22:26:12,403110,19,2,2,releaser,30414
MV_A5-Weekday-SDon-132000_M11_629,22:49:00,903352,36,1,1,releaser,30413
MV_A5-Weekday-SDon-133100_M11_630,22:11:00,403942,1,1,1,requester,30437
MV_A5-Weekday-SDon-133100_M11_630,23:02:00,803144,43,1,1,releaser,30437
MV_A5-Weekday-SDon-135000_M11_635,22:30:00,803195,1,1,1,requester,30467
MV_A5-Weekday-SDon-135000_M11_635,23:20:00,403876,56,1,1,releaser,30467
MV_A5-Weekday-SDon-136000_M11_633,22:40:00,405374,1,1,1,requester,30483
MV_A5-Weekday-SDon-136000_M11_633,23:23:00,903352,36,1,1,releaser,30483
MV_A5-Weekday-SDon-137000_M11_632,22:50:00,401393,1,1,1,requester,30521
MV_A5-Weekday-SDon-137000_M11_632,23:11:06,401416,24,2,2,requester,30522
MV_A5-Weekday-SDon-137000_M11_632,23:16:52,401022,29,2,2,releaser,30522
MV_A5-Weekday-SDon-137000_M11_632,23:18:55,401024,31,2,2,requester,30523
MV_A5-Weekday-SDon-137000_M11_632,23:19:51,401025,32,2,2,releaser,30523
MV_A5-Weekday-SDon-137000_M11_632,23:40:00,903092,56,1,1,releaser,30521
MV_A5-Weekday-SDon-137100_M11_631,22:51:00,403942,1,1,1,requester,30524
MV_A5-Weekday-SDon-137100_M11_631,23:39:00,803144,43,1,1,releaser,30524
MV_A5-Weekday-SDon-138000_M11_634,23:00:00,405374,1,1,1,requester,30530
MV_A5-Weekday-SDon-138000_M11_634,23:42:00,903352,36,1,1,releaser,30530
MV_A5-Weekday-SDon-140000_M11_630,23:20:00,405374,1,1,1,requester,30562
MV_A5-Weekday-SDon-140000_M11_630,24:02:00,903352,36,1,1,releaser,30562
MV_A5-Weekday-SDon-142000_M11_633,23:40:00,403942,1,1,1,requester,30588
MV_A5-Weekday-SDon-142000_M11_633,24:20:00,803144,43,1,1,releaser,30588
MV_A5-Weekday-SDon-142000_M11_635,23:40:00,401393,1,1,1,requester,30589
MV_A5-Weekday-SDon-142000_M11_635,24:22:00,903092,56,1,1,releaser,30589
MV_A5-Weekday-SDon-144000_M11_631,24:00:00,405374,1,1,1,requester,30599
MV_A5-Weekday-SDon-144000_M11_631,24:35:00,903352,36,1,1,releaser,30599
MV_A5-Weekday-SDon-144000_M11_632,24:00:00,403461,1,1,1,requester,30600
MV_A5-Weekday-SDon-144000_M11_632,24:31:42,401489,33,2,2,requester,30601
MV_A5-Weekday-SDon-144000_M11_632,24:36:41,401495,38,2,2,releaser,30601
MV_A5-Weekday-SDon-144000_M11_632,24:49:00,403876,52,1,1,releaser,30600
MV_A5-Weekday-SDon-144500_M11_634,24:05:00,403942,1,1,1,requester,30635
MV_A5-Weekday-SDon-144500_M11_634,24:45:00,803144,43,1,1,releaser,30635
MV_A5-Weekday-SDon-147000_M11_635,24:30:00,403461,1,1,1,requester,30654
MV_A5-Weekday-SDon-147000_M11_635,25:19:00,403876,52,1,1,releaser,30654
MV_A5-Weekday-SDon-148000_M11_633,24:40:00,405374,1,1,1,requester,30660
MV_A5-Weekday-SDon-148000_M11_633,25:01:11,403114,23,2,2,requester,30661
MV_A5-Weekday-SDon-148000_M11_633,25:04:00,405394,26,2,2,releaser,30661
MV_A5-Weekday-SDon-148000_M11_633,25:15:00,903352,36,1,1,releaser,30660
MV_A5-Weekday-SDon-150000_M11_634,25:00:00,405374,1,1,1,requester,30673
MV_A5-Weekday-SDon-150000_M11_634,25:33:00,903352,36,1,1,releaser,30673
