trip_id,route,direction,stop_sequence,arrival_time,departure_time,stop_id,estimated_passenger_count,required_pods
MQ_A5-Weekday-138000_M22_263,M22,d0,1,23:00:00,23:00:00,405054,3.0,1
MQ_A5-Weekday-138000_M22_263,M22,d0,2,23:01:52,23:01:52,405056,3.0,1
MQ_A5-Weekday-138000_M22_263,M22,d0,3,23:03:49,23:03:49,404969,3.0,1
MQ_A5-Weekday-138000_M22_263,M22,d0,4,23:04:35,23:04:35,404976,3.0,1
MQ_A5-Weekday-138000_M22_263,M22,d0,5,23:05:16,23:05:16,404977,3.0,1
MQ_A5-Weekday-138000_M22_263,M22,d0,6,23:06:18,23:06:18,404219,3.0,1
MQ_A5-Weekday-138000_M22_263,M22,d0,7,23:09:00,23:09:00,903280,1.0,1
MQ_A5-Weekday-138000_M22_263,M22,d0,8,23:09:41,23:09:41,404101,3.0,1
MQ_A5-Weekday-138000_M22_263,M22,d0,9,23:10:58,23:10:58,402085,1.0,1
MQ_A5-Weekday-138000_M22_263,M22,d0,10,23:11:40,23:11:40,401670,3.0,1
MQ_A5-Weekday-138000_M22_263,M22,d0,11,23:13:00,23:13:00,402088,3.0,1
MQ_A5-Weekday-138000_M22_263,M22,d0,12,23:14:23,23:14:23,402090,3.0,1
MQ_A5-Weekday-138000_M22_263,M22,d0,13,23:15:07,23:15:07,402091,4.0,1
MQ_A5-Weekday-138000_M22_263,M22,d0,14,23:16:00,23:16:00,402092,5.0,1
MQ_A5-Weekday-138000_M22_263,M22,d0,15,23:16:18,23:16:18,402093,5.0,1
MQ_A5-Weekday-138000_M22_263,M22,d0,16,23:16:49,23:16:49,402094,5.0,1
MQ_A5-Weekday-138000_M22_263,M22,d0,17,23:17:19,23:17:19,402095,5.0,1
MQ_A5-Weekday-138000_M22_263,M22,d0,18,23:17:35,23:17:35,402096,5.0,1
MQ_A5-Weekday-138000_M22_263,M22,d0,19,23:18:03,23:18:03,402097,5.0,1
MQ_A5-Weekday-138000_M22_263,M22,d0,20,23:18:24,23:18:24,404922,3.0,1
MQ_A5-Weekday-138000_M22_263,M22,d0,21,23:19:00,23:19:00,903025,3.0,1
MQ_A5-Weekday-SDon-042000_M22_252,M22,d0,1,7:00:00,7:00:00,405054,1.0,1
MQ_A5-Weekday-SDon-042000_M22_252,M22,d0,2,7:02:16,7:02:16,405056,1.0,1
MQ_A5-Weekday-SDon-042000_M22_252,M22,d0,3,7:04:40,7:04:40,404969,1.0,1
MQ_A5-Weekday-SDon-042000_M22_252,M22,d0,4,7:05:37,7:05:37,404976,1.0,1
MQ_A5-Weekday-SDon-042000_M22_252,M22,d0,5,7:06:27,7:06:27,404977,1.0,1
MQ_A5-Weekday-SDon-042000_M22_252,M22,d0,6,7:07:42,7:07:42,404219,1.0,1
MQ_A5-Weekday-SDon-042000_M22_252,M22,d0,7,7:11:00,7:11:00,903280,1.0,1
MQ_A5-Weekday-SDon-042000_M22_252,M22,d0,8,7:11:52,7:11:52,404101,1.0,1
MQ_A5-Weekday-SDon-042000_M22_252,M22,d0,9,7:13:28,7:13:28,402085,1.0,1
MQ_A5-Weekday-SDon-042000_M22_252,M22,d0,10,7:14:20,7:14:20,401670,1.0,1
MQ_A5-Weekday-SDon-042000_M22_252,M22,d0,11,7:16:00,7:16:00,402088,1.0,1
MQ_A5-Weekday-SDon-042000_M22_252,M22,d0,12,7:17:50,7:17:50,402090,1.0,1
MQ_A5-Weekday-SDon-042000_M22_252,M22,d0,13,7:18:49,7:18:49,402091,1.0,1
MQ_A5-Weekday-SDon-042000_M22_252,M22,d0,14,7:20:00,7:20:00,402092,1.0,1
MQ_A5-Weekday-SDon-042000_M22_252,M22,d0,15,7:20:30,7:20:30,402093,1.0,1
MQ_A5-Weekday-SDon-042000_M22_252,M22,d0,16,7:21:21,7:21:21,402094,1.0,1
MQ_A5-Weekday-SDon-042000_M22_252,M22,d0,17,7:22:11,7:22:11,402095,1.0,1
MQ_A5-Weekday-SDon-042000_M22_252,M22,d0,18,7:22:38,7:22:38,402096,1.0,1
MQ_A5-Weekday-SDon-042000_M22_252,M22,d0,19,7:23:25,7:23:25,402097,1.0,1
MQ_A5-Weekday-SDon-042000_M22_252,M22,d0,20,7:24:00,7:24:00,404922,1.0,1
MQ_A5-Weekday-SDon-042000_M22_252,M22,d0,21,7:25:00,7:25:00,903025,1.0,1
MQ_A5-Weekday-081700_M22_256,M22,d0,1,13:37:00,13:37:00,405054,6.0,1
MQ_A5-Weekday-081700_M22_256,M22,d0,2,13:39:54,13:39:54,405056,6.0,1
MQ_A5-Weekday-081700_M22_256,M22,d0,3,13:42:57,13:42:57,404969,5.0,1
MQ_A5-Weekday-081700_M22_256,M22,d0,4,13:44:08,13:44:08,404976,8.0,1
MQ_A5-Weekday-081700_M22_256,M22,d0,5,13:45:12,13:45:12,404977,12.0,1
MQ_A5-Weekday-081700_M22_256,M22,d0,6,13:46:48,13:46:48,404219,12.0,1
MQ_A5-Weekday-081700_M22_256,M22,d0,7,13:51:00,13:51:00,903280,5.0,2
MQ_A5-Weekday-081700_M22_256,M22,d0,8,13:52:12,13:52:12,404101,17.0,2
MQ_A5-Weekday-081700_M22_256,M22,d0,9,13:54:27,13:54:27,402085,17.0,2
MQ_A5-Weekday-081700_M22_256,M22,d0,10,13:55:40,13:55:40,401670,16.0,2
MQ_A5-Weekday-081700_M22_256,M22,d0,11,13:58:00,13:58:00,402088,18.0,2
MQ_A5-Weekday-081700_M22_256,M22,d0,12,14:00:17,14:00:17,402090,18.0,2
MQ_A5-Weekday-081700_M22_256,M22,d0,13,14:01:31,14:01:31,402091,10.0,1
MQ_A5-Weekday-081700_M22_256,M22,d0,14,14:03:00,14:03:00,402092,12.0,1
MQ_A5-Weekday-081700_M22_256,M22,d0,15,14:03:37,14:03:37,402093,12.0,1
MQ_A5-Weekday-081700_M22_256,M22,d0,16,14:04:38,14:04:38,402094,12.0,1
MQ_A5-Weekday-081700_M22_256,M22,d0,17,14:05:37,14:05:37,402095,6.0,1
MQ_A5-Weekday-081700_M22_256,M22,d0,18,14:06:09,14:06:09,402096,1.0,1
MQ_A5-Weekday-081700_M22_256,M22,d0,19,14:07:06,14:07:06,402097,2.0,1
MQ_A5-Weekday-081700_M22_256,M22,d0,20,14:07:48,14:07:48,404922,2.0,1
MQ_A5-Weekday-081700_M22_256,M22,d0,21,14:09:00,14:09:00,903025,2.0,1
MQ_A5-Weekday-SDon-057700_M22_256,M22,d0,1,9:37:00,9:37:00,405054,1.0,1
MQ_A5-Weekday-SDon-057700_M22_256,M22,d0,2,9:39:54,9:39:54,405056,2.0,1
MQ_A5-Weekday-SDon-057700_M22_256,M22,d0,3,9:42:57,9:42:57,404969,4.0,1
MQ_A5-Weekday-SDon-057700_M22_256,M22,d0,4,9:44:08,9:44:08,404976,4.0,1
MQ_A5-Weekday-SDon-057700_M22_256,M22,d0,5,9:45:12,9:45:12,404977,4.0,1
MQ_A5-Weekday-SDon-057700_M22_256,M22,d0,6,9:46:48,9:46:48,404219,6.0,1
MQ_A5-Weekday-SDon-057700_M22_256,M22,d0,7,9:51:00,9:51:00,903280,4.0,1
MQ_A5-Weekday-SDon-057700_M22_256,M22,d0,8,9:52:12,9:52:12,404101,6.0,1
MQ_A5-Weekday-SDon-057700_M22_256,M22,d0,9,9:54:27,9:54:27,402085,6.0,1
MQ_A5-Weekday-SDon-057700_M22_256,M22,d0,10,9:55:40,9:55:40,401670,6.0,1
MQ_A5-Weekday-SDon-057700_M22_256,M22,d0,11,9:58:00,9:58:00,402088,6.0,1
MQ_A5-Weekday-SDon-057700_M22_256,M22,d0,12,9:59:50,9:59:50,402090,6.0,1
MQ_A5-Weekday-SDon-057700_M22_256,M22,d0,13,10:00:49,10:00:49,402091,8.0,1
MQ_A5-Weekday-SDon-057700_M22_256,M22,d0,14,10:02:00,10:02:00,402092,8.0,1
MQ_A5-Weekday-SDon-057700_M22_256,M22,d0,15,10:02:30,10:02:30,402093,1.0,1
MQ_A5-Weekday-SDon-057700_M22_256,M22,d0,16,10:03:21,10:03:21,402094,5.0,1
MQ_A5-Weekday-SDon-057700_M22_256,M22,d0,17,10:04:11,10:04:11,402095,5.0,1
MQ_A5-Weekday-SDon-057700_M22_256,M22,d0,18,10:04:38,10:04:38,402096,1.0,1
MQ_A5-Weekday-SDon-057700_M22_256,M22,d0,19,10:05:25,10:05:25,402097,1.0,1
MQ_A5-Weekday-SDon-057700_M22_256,M22,d0,20,10:06:00,10:06:00,404922,2.0,1
MQ_A5-Weekday-SDon-057700_M22_256,M22,d0,21,10:07:00,10:07:00,903025,2.0,1
MQ_A5-Weekday-089700_M22_255,M22,d0,1,14:57:00,14:57:00,405054,7.0,1
MQ_A5-Weekday-089700_M22_255,M22,d0,2,14:59:54,14:59:54,405056,7.0,1
MQ_A5-Weekday-089700_M22_255,M22,d0,3,15:02:57,15:02:57,404969,7.0,1
MQ_A5-Weekday-089700_M22_255,M22,d0,4,15:04:08,15:04:08,404976,7.0,1
MQ_A5-Weekday-089700_M22_255,M22,d0,5,15:05:12,15:05:12,404977,7.0,1
MQ_A5-Weekday-089700_M22_255,M22,d0,6,15:06:48,15:06:48,404219,7.0,1
MQ_A5-Weekday-089700_M22_255,M22,d0,7,15:11:00,15:11:00,903280,13.0,1
MQ_A5-Weekday-089700_M22_255,M22,d0,8,15:12:12,15:12:12,404101,13.0,1
MQ_A5-Weekday-089700_M22_255,M22,d0,9,15:14:27,15:14:27,402085,13.0,1
MQ_A5-Weekday-089700_M22_255,M22,d0,10,15:15:40,15:15:40,401670,13.0,2
MQ_A5-Weekday-089700_M22_255,M22,d0,11,15:18:00,15:18:00,402088,18.0,2
MQ_A5-Weekday-089700_M22_255,M22,d0,12,15:20:17,15:20:17,402090,18.0,2
MQ_A5-Weekday-089700_M22_255,M22,d0,13,15:21:31,15:21:31,402091,18.0,2
MQ_A5-Weekday-089700_M22_255,M22,d0,14,15:23:00,15:23:00,402092,18.0,2
MQ_A5-Weekday-089700_M22_255,M22,d0,15,15:23:37,15:23:37,402093,18.0,2
MQ_A5-Weekday-089700_M22_255,M22,d0,16,15:24:38,15:24:38,402094,18.0,2
MQ_A5-Weekday-089700_M22_255,M22,d0,17,15:25:37,15:25:37,402095,17.0,2
MQ_A5-Weekday-089700_M22_255,M22,d0,18,15:26:09,15:26:09,402096,14.0,1
MQ_A5-Weekday-089700_M22_255,M22,d0,19,15:27:06,15:27:06,402097,14.0,1
MQ_A5-Weekday-089700_M22_255,M22,d0,20,15:27:48,15:27:48,404922,1.0,1
MQ_A5-Weekday-089700_M22_255,M22,d0,21,15:29:00,15:29:00,903025,1.0,1
MQ_A5-Weekday-SDon-045000_M22_253,M22,d0,1,7:30:00,7:30:00,405054,13.0,1
MQ_A5-Weekday-SDon-045000_M22_253,M22,d0,2,7:32:16,7:32:16,405056,13.0,1
MQ_A5-Weekday-SDon-045000_M22_253,M22,d0,3,7:34:40,7:34:40,404969,13.0,1
MQ_A5-Weekday-SDon-045000_M22_253,M22,d0,4,7:35:37,7:35:37,404976,13.0,1
MQ_A5-Weekday-SDon-045000_M22_253,M22,d0,5,7:36:27,7:36:27,404977,13.0,1
MQ_A5-Weekday-SDon-045000_M22_253,M22,d0,6,7:37:42,7:37:42,404219,13.0,1
MQ_A5-Weekday-SDon-045000_M22_253,M22,d0,7,7:41:00,7:41:00,903280,13.0,1
MQ_A5-Weekday-SDon-045000_M22_253,M22,d0,8,7:41:52,7:41:52,404101,13.0,1
MQ_A5-Weekday-SDon-045000_M22_253,M22,d0,9,7:43:28,7:43:28,402085,13.0,1
MQ_A5-Weekday-SDon-045000_M22_253,M22,d0,10,7:44:20,7:44:20,401670,13.0,2
MQ_A5-Weekday-SDon-045000_M22_253,M22,d0,11,7:46:00,7:46:00,402088,21.0,2
MQ_A5-Weekday-SDon-045000_M22_253,M22,d0,12,7:47:50,7:47:50,402090,21.0,2
MQ_A5-Weekday-SDon-045000_M22_253,M22,d0,13,7:48:49,7:48:49,402091,21.0,2
MQ_A5-Weekday-SDon-045000_M22_253,M22,d0,14,7:50:00,7:50:00,402092,21.0,2
MQ_A5-Weekday-SDon-045000_M22_253,M22,d0,15,7:50:30,7:50:30,402093,21.0,2
MQ_A5-Weekday-SDon-045000_M22_253,M22,d0,16,7:51:21,7:51:21,402094,21.0,2
MQ_A5-Weekday-SDon-045000_M22_253,M22,d0,17,7:52:11,7:52:11,402095,12.0,1
MQ_A5-Weekday-SDon-045000_M22_253,M22,d0,18,7:52:38,7:52:38,402096,12.0,1
MQ_A5-Weekday-SDon-045000_M22_253,M22,d0,19,7:53:25,7:53:25,402097,12.0,1
MQ_A5-Weekday-SDon-045000_M22_253,M22,d0,20,7:54:00,7:54:00,404922,1.0,1
MQ_A5-Weekday-SDon-045000_M22_253,M22,d0,21,7:55:00,7:55:00,903025,1.0,1
MQ_A5-Weekday-SDon-058000_M22_252,M22,d0,1,9:40:00,9:40:00,404990,1.0,1
MQ_A5-Weekday-SDon-058000_M22_252,M22,d0,2,9:40:41,9:40:41,403851,1.0,1
MQ_A5-Weekday-SDon-058000_M22_252,M22,d0,3,9:42:17,9:42:17,400917,1.0,1
MQ_A5-Weekday-SDon-058000_M22_252,M22,d0,4,9:43:05,9:43:05,404132,1.0,1
MQ_A5-Weekday-SDon-058000_M22_252,M22,d0,5,9:44:00,9:44:00,402022,1.0,1
MQ_A5-Weekday-SDon-058000_M22_252,M22,d0,6,9:45:12,9:45:12,402023,1.0,1
MQ_A5-Weekday-SDon-058000_M22_252,M22,d0,7,9:46:34,9:46:34,402024,1.0,1
MQ_A5-Weekday-SDon-058000_M22_252,M22,d0,8,9:47:26,9:47:26,405172,1.0,1
MQ_A5-Weekday-SDon-058000_M22_252,M22,d0,9,9:49:34,9:49:34,402027,2.0,1
MQ_A5-Weekday-SDon-058000_M22_252,M22,d0,10,9:50:40,9:50:40,402028,2.0,1
MQ_A5-Weekday-SDon-058000_M22_252,M22,d0,11,9:51:39,9:51:39,402029,2.0,1
MQ_A5-Weekday-SDon-058000_M22_252,M22,d0,12,9:53:00,9:53:00,401787,2.0,1
MQ_A5-Weekday-SDon-058000_M22_252,M22,d0,13,9:54:45,9:54:45,402032,2.0,1
MQ_A5-Weekday-SDon-058000_M22_252,M22,d0,14,9:55:29,9:55:29,402033,2.0,1
MQ_A5-Weekday-SDon-058000_M22_252,M22,d0,15,9:56:03,9:56:03,402034,2.0,1
MQ_A5-Weekday-SDon-058000_M22_252,M22,d0,16,9:57:00,9:57:00,404100,1.0,1
MQ_A5-Weekday-SDon-058000_M22_252,M22,d0,17,9:58:27,9:58:27,403808,2.0,1
MQ_A5-Weekday-SDon-058000_M22_252,M22,d0,18,9:59:07,9:59:07,401598,2.0,1
MQ_A5-Weekday-SDon-058000_M22_252,M22,d0,19,9:59:39,9:59:39,401599,2.0,1
MQ_A5-Weekday-SDon-058000_M22_252,M22,d0,20,10:01:00,10:01:00,401600,2.0,1
MQ_A5-Weekday-SDon-058000_M22_252,M22,d0,21,10:02:00,10:02:00,803115,2.0,1
MQ_A5-Weekday-SDon-122500_M22_260,M22,d0,1,20:25:00,20:25:00,401528,3.0,1
MQ_A5-Weekday-SDon-122500_M22_260,M22,d0,2,20:26:00,20:26:00,401529,7.0,1
MQ_A5-Weekday-SDon-122500_M22_260,M22,d0,3,20:26:43,20:26:43,403313,3.0,1
MQ_A5-Weekday-SDon-122500_M22_260,M22,d0,4,20:27:37,20:27:37,403312,9.0,1
MQ_A5-Weekday-SDon-122500_M22_260,M22,d0,5,20:28:31,20:28:31,401531,8.0,1
MQ_A5-Weekday-SDon-122500_M22_260,M22,d0,6,20:29:27,20:29:27,401532,8.0,1
MQ_A5-Weekday-SDon-122500_M22_260,M22,d0,7,20:30:20,20:30:20,401533,3.0,1
MQ_A5-Weekday-SDon-122500_M22_260,M22,d0,8,20:31:20,20:31:20,401535,9.0,1
MQ_A5-Weekday-SDon-122500_M22_260,M22,d0,9,20:32:00,20:32:00,401536,9.0,1
MQ_A5-Weekday-SDon-122500_M22_260,M22,d0,10,20:33:15,20:33:15,401538,9.0,1
MQ_A5-Weekday-SDon-122500_M22_260,M22,d0,11,20:34:22,20:34:22,400336,9.0,1
MQ_A5-Weekday-SDon-122500_M22_260,M22,d0,12,20:35:21,20:35:21,400337,3.0,1
MQ_A5-Weekday-SDon-122500_M22_260,M22,d0,13,20:36:00,20:36:00,404010,11.0,1
MQ_A5-Weekday-SDon-122500_M22_260,M22,d0,14,20:36:47,20:36:47,401542,10.0,1
MQ_A5-Weekday-SDon-122500_M22_260,M22,d0,15,20:38:10,20:38:10,401543,7.0,1
MQ_A5-Weekday-SDon-122500_M22_260,M22,d0,16,20:40:01,20:40:01,401544,5.0,1
MQ_A5-Weekday-SDon-122500_M22_260,M22,d0,17,20:41:00,20:41:00,401545,5.0,1
MQ_A5-Weekday-SDon-122500_M22_260,M22,d0,18,20:41:48,20:41:48,401547,4.0,1
MQ_A5-Weekday-SDon-122500_M22_260,M22,d0,19,20:42:39,20:42:39,401548,2.0,1
MQ_A5-Weekday-SDon-122500_M22_260,M22,d0,20,20:43:32,20:43:32,401549,2.0,1
MQ_A5-Weekday-SDon-122500_M22_260,M22,d0,21,20:44:15,20:44:15,401591,1.0,1
MQ_A5-Weekday-SDon-122500_M22_260,M22,d0,22,20:45:00,20:45:00,803177,1.0,1
MQ_A5-Weekday-SDon-077700_M22_261,M22,d0,1,12:57:00,12:57:00,405054,3.0,1
MQ_A5-Weekday-SDon-077700_M22_261,M22,d0,2,12:59:54,12:59:54,405056,3.0,1
MQ_A5-Weekday-SDon-077700_M22_261,M22,d0,3,13:02:57,13:02:57,404969,3.0,1
MQ_A5-Weekday-SDon-077700_M22_261,M22,d0,4,13:04:08,13:04:08,404976,2.0,2
MQ_A5-Weekday-SDon-077700_M22_261,M22,d0,5,13:05:12,13:05:12,404977,22.0,2
MQ_A5-Weekday-SDon-077700_M22_261,M22,d0,6,13:06:48,13:06:48,404219,22.0,2
MQ_A5-Weekday-SDon-077700_M22_261,M22,d0,7,13:11:00,13:11:00,903280,22.0,2
MQ_A5-Weekday-SDon-077700_M22_261,M22,d0,8,13:12:02,13:12:02,404101,6.0,1
MQ_A5-Weekday-SDon-077700_M22_261,M22,d0,9,13:13:57,13:13:57,402085,6.0,1
MQ_A5-Weekday-SDon-077700_M22_261,M22,d0,10,13:15:00,13:15:00,401670,6.0,1
MQ_A5-Weekday-SDon-077700_M22_261,M22,d0,11,13:17:00,13:17:00,402088,5.0,1
MQ_A5-Weekday-SDon-077700_M22_261,M22,d0,12,13:18:50,13:18:50,402090,11.0,1
MQ_A5-Weekday-SDon-077700_M22_261,M22,d0,13,13:19:49,13:19:49,402091,11.0,1
MQ_A5-Weekday-SDon-077700_M22_261,M22,d0,14,13:21:00,13:21:00,402092,11.0,1
MQ_A5-Weekday-SDon-077700_M22_261,M22,d0,15,13:21:30,13:21:30,402093,11.0,1
MQ_A5-Weekday-SDon-077700_M22_261,M22,d0,16,13:22:21,13:22:21,402094,11.0,1
MQ_A5-Weekday-SDon-077700_M22_261,M22,d0,17,13:23:11,13:23:11,402095,11.0,1
MQ_A5-Weekday-SDon-077700_M22_261,M22,d0,18,13:23:38,13:23:38,402096,2.0,1
MQ_A5-Weekday-SDon-077700_M22_261,M22,d0,19,13:24:25,13:24:25,402097,2.0,1
MQ_A5-Weekday-SDon-077700_M22_261,M22,d0,20,13:25:00,13:25:00,404922,1.0,1
MQ_A5-Weekday-SDon-077700_M22_261,M22,d0,21,13:26:00,13:26:00,903025,1.0,1
MQ_A5-Weekday-SDon-033000_M22_251,M22,d0,1,5:30:00,5:30:00,405054,2.0,1
MQ_A5-Weekday-SDon-033000_M22_251,M22,d0,2,5:31:27,5:31:27,405056,2.0,1
MQ_A5-Weekday-SDon-033000_M22_251,M22,d0,3,5:32:58,5:32:58,404969,4.0,1
MQ_A5-Weekday-SDon-033000_M22_251,M22,d0,4,5:33:34,5:33:34,404976,4.0,1
MQ_A5-Weekday-SDon-033000_M22_251,M22,d0,5,5:34:06,5:34:06,404977,3.0,1
MQ_A5-Weekday-SDon-033000_M22_251,M22,d0,6,5:34:54,5:34:54,404219,3.0,1
MQ_A5-Weekday-SDon-033000_M22_251,M22,d0,7,5:37:00,5:37:00,903280,3.0,1
MQ_A5-Weekday-SDon-033000_M22_251,M22,d0,8,5:37:41,5:37:41,404101,3.0,1
MQ_A5-Weekday-SDon-033000_M22_251,M22,d0,9,5:38:58,5:38:58,402085,5.0,1
MQ_A5-Weekday-SDon-033000_M22_251,M22,d0,10,5:39:40,5:39:40,401670,5.0,1
MQ_A5-Weekday-SDon-033000_M22_251,M22,d0,11,5:41:00,5:41:00,402088,4.0,1
MQ_A5-Weekday-SDon-033000_M22_251,M22,d0,12,5:41:55,5:41:55,402090,5.0,1
MQ_A5-Weekday-SDon-033000_M22_251,M22,d0,13,5:42:25,5:42:25,402091,5.0,1
MQ_A5-Weekday-SDon-033000_M22_251,M22,d0,14,5:43:00,5:43:00,402092,1.0,1
MQ_A5-Weekday-SDon-033000_M22_251,M22,d0,15,5:43:12,5:43:12,402093,5.0,1
MQ_A5-Weekday-SDon-033000_M22_251,M22,d0,16,5:43:33,5:43:33,402094,5.0,1
MQ_A5-Weekday-SDon-033000_M22_251,M22,d0,17,5:43:52,5:43:52,402095,4.0,1
MQ_A5-Weekday-SDon-033000_M22_251,M22,d0,18,5:44:03,5:44:03,402096,4.0,1
MQ_A5-Weekday-SDon-033000_M22_251,M22,d0,19,5:44:22,5:44:22,402097,4.0,1
MQ_A5-Weekday-SDon-033000_M22_251,M22,d0,20,5:44:36,5:44:36,404922,4.0,1
MQ_A5-Weekday-SDon-033000_M22_251,M22,d0,21,5:45:00,5:45:00,903025,4.0,1
MQ_A5-Weekday-SDon-111000_M22_261,M22,d0,1,18:30:00,18:30:00,405054,80.0,6
MQ_A5-Weekday-SDon-111000_M22_261,M22,d0,2,18:32:29,18:32:29,405056,81.0,6
MQ_A5-Weekday-SDon-111000_M22_261,M22,d0,3,18:35:06,18:35:06,404969,9.0,6
MQ_A5-Weekday-SDon-111000_M22_261,M22,d0,4,18:36:07,18:36:07,404976,84.0,6
MQ_A5-Weekday-SDon-111000_M22_261,M22,d0,5,18:37:02,18:37:02,404977,90.0,6
MQ_A5-Weekday-SDon-111000_M22_261,M22,d0,6,18:38:24,18:38:24,404219,5.0,7
MQ_A5-Weekday-SDon-111000_M22_261,M22,d0,7,18:42:00,18:42:00,903280,100.0,7
MQ_A5-Weekday-SDon-111000_M22_261,M22,d0,8,18:42:52,18:42:52,404101,100.0,7
MQ_A5-Weekday-SDon-111000_M22_261,M22,d0,9,18:44:28,18:44:28,402085,3.0,7
MQ_A5-Weekday-SDon-111000_M22_261,M22,d0,10,18:45:20,18:45:20,401670,108.0,7
MQ_A5-Weekday-SDon-111000_M22_261,M22,d0,11,18:47:00,18:47:00,402088,17.0,7
MQ_A5-Weekday-SDon-111000_M22_261,M22,d0,12,18:48:50,18:48:50,402090,108.0,7
MQ_A5-Weekday-SDon-111000_M22_261,M22,d0,13,18:49:49,18:49:49,402091,108.0,7
MQ_A5-Weekday-SDon-111000_M22_261,M22,d0,14,18:51:00,18:51:00,402092,3.0,7
MQ_A5-Weekday-SDon-111000_M22_261,M22,d0,15,18:51:30,18:51:30,402093,108.0,7
MQ_A5-Weekday-SDon-111000_M22_261,M22,d0,16,18:52:21,18:52:21,402094,9.0,7
MQ_A5-Weekday-SDon-111000_M22_261,M22,d0,17,18:53:11,18:53:11,402095,108.0,7
MQ_A5-Weekday-SDon-111000_M22_261,M22,d0,18,18:53:38,18:53:38,402096,3.0,1
MQ_A5-Weekday-SDon-111000_M22_261,M22,d0,19,18:54:25,18:54:25,402097,10.0,1
MQ_A5-Weekday-SDon-111000_M22_261,M22,d0,20,18:55:00,18:55:00,404922,5.0,1
MQ_A5-Weekday-SDon-111000_M22_261,M22,d0,21,18:56:00,18:56:00,903025,5.0,1
MQ_A5-Weekday-116500_M22_260,M22,d0,1,19:25:00,19:25:00,401528,6.0,1
MQ_A5-Weekday-116500_M22_260,M22,d0,2,19:26:09,19:26:09,401529,7.0,1
MQ_A5-Weekday-116500_M22_260,M22,d0,3,19:26:57,19:26:57,403313,7.0,1
MQ_A5-Weekday-116500_M22_260,M22,d0,4,19:28:00,19:28:00,403312,7.0,1
MQ_A5-Weekday-116500_M22_260,M22,d0,5,19:29:01,19:29:01,401531,7.0,1
MQ_A5-Weekday-116500_M22_260,M22,d0,6,19:30:05,19:30:05,401532,9.0,1
MQ_A5-Weekday-116500_M22_260,M22,d0,7,19:31:05,19:31:05,401533,9.0,1
MQ_A5-Weekday-116500_M22_260,M22,d0,8,19:32:15,19:32:15,401535,11.0,1
MQ_A5-Weekday-116500_M22_260,M22,d0,9,19:33:00,19:33:00,401536,6.0,1
MQ_A5-Weekday-116500_M22_260,M22,d0,10,19:34:33,19:34:33,401538,14.0,1
MQ_A5-Weekday-116500_M22_260,M22,d0,11,19:35:57,19:35:57,400336,15.0,2
MQ_A5-Weekday-116500_M22_260,M22,d0,12,19:37:11,19:37:11,400337,17.0,2
MQ_A5-Weekday-116500_M22_260,M22,d0,13,19:38:00,19:38:00,404010,11.0,2
MQ_A5-Weekday-116500_M22_260,M22,d0,14,19:38:57,19:38:57,401542,17.0,2
MQ_A5-Weekday-116500_M22_260,M22,d0,15,19:40:36,19:40:36,401543,18.0,2
MQ_A5-Weekday-116500_M22_260,M22,d0,16,19:42:49,19:42:49,401544,10.0,1
MQ_A5-Weekday-116500_M22_260,M22,d0,17,19:44:00,19:44:00,401545,6.0,1
MQ_A5-Weekday-116500_M22_260,M22,d0,18,19:44:48,19:44:48,401547,6.0,1
MQ_A5-Weekday-116500_M22_260,M22,d0,19,19:45:39,19:45:39,401548,9.0,1
MQ_A5-Weekday-116500_M22_260,M22,d0,20,19:46:32,19:46:32,401549,1.0,1
MQ_A5-Weekday-116500_M22_260,M22,d0,21,19:47:15,19:47:15,401591,6.0,1
MQ_A5-Weekday-116500_M22_260,M22,d0,22,19:48:00,19:48:00,803177,6.0,1
MQ_A5-Weekday-SDon-063700_M22_259,M22,d0,1,10:37:00,10:37:00,405054,3.0,1
MQ_A5-Weekday-SDon-063700_M22_259,M22,d0,2,10:39:54,10:39:54,405056,3.0,1
MQ_A5-Weekday-SDon-063700_M22_259,M22,d0,3,10:42:57,10:42:57,404969,3.0,1
MQ_A5-Weekday-SDon-063700_M22_259,M22,d0,4,10:44:08,10:44:08,404976,3.0,2
MQ_A5-Weekday-SDon-063700_M22_259,M22,d0,5,10:45:12,10:45:12,404977,21.0,2
MQ_A5-Weekday-SDon-063700_M22_259,M22,d0,6,10:46:48,10:46:48,404219,7.0,2
MQ_A5-Weekday-SDon-063700_M22_259,M22,d0,7,10:51:00,10:51:00,903280,21.0,2
MQ_A5-Weekday-SDon-063700_M22_259,M22,d0,8,10:52:12,10:52:12,404101,21.0,2
MQ_A5-Weekday-SDon-063700_M22_259,M22,d0,9,10:54:27,10:54:27,402085,21.0,2
MQ_A5-Weekday-SDon-063700_M22_259,M22,d0,10,10:55:40,10:55:40,401670,6.0,1
MQ_A5-Weekday-SDon-063700_M22_259,M22,d0,11,10:58:00,10:58:00,402088,6.0,1
MQ_A5-Weekday-SDon-063700_M22_259,M22,d0,12,10:59:50,10:59:50,402090,6.0,1
MQ_A5-Weekday-SDon-063700_M22_259,M22,d0,13,11:00:49,11:00:49,402091,3.0,1
MQ_A5-Weekday-SDon-063700_M22_259,M22,d0,14,11:02:00,11:02:00,402092,3.0,1
MQ_A5-Weekday-SDon-063700_M22_259,M22,d0,15,11:02:30,11:02:30,402093,3.0,1
MQ_A5-Weekday-SDon-063700_M22_259,M22,d0,16,11:03:21,11:03:21,402094,5.0,1
MQ_A5-Weekday-SDon-063700_M22_259,M22,d0,17,11:04:11,11:04:11,402095,5.0,2
MQ_A5-Weekday-SDon-063700_M22_259,M22,d0,18,11:04:38,11:04:38,402096,21.0,2
MQ_A5-Weekday-SDon-063700_M22_259,M22,d0,19,11:05:25,11:05:25,402097,21.0,2
MQ_A5-Weekday-SDon-063700_M22_259,M22,d0,20,11:06:00,11:06:00,404922,5.0,1
MQ_A5-Weekday-SDon-063700_M22_259,M22,d0,21,11:07:00,11:07:00,903025,5.0,1
MQ_A5-Weekday-SDon-117000_M22_262,M22,d0,1,19:30:00,19:30:00,404990,1.0,1
MQ_A5-Weekday-SDon-117000_M22_262,M22,d0,2,19:30:41,19:30:41,403851,1.0,1
MQ_A5-Weekday-SDon-117000_M22_262,M22,d0,3,19:32:17,19:32:17,400917,1.0,1
MQ_A5-Weekday-SDon-117000_M22_262,M22,d0,4,19:33:05,19:33:05,404132,1.0,1
MQ_A5-Weekday-SDon-117000_M22_262,M22,d0,5,19:34:00,19:34:00,402022,3.0,1
MQ_A5-Weekday-SDon-117000_M22_262,M22,d0,6,19:35:12,19:35:12,402023,1.0,1
MQ_A5-Weekday-SDon-117000_M22_262,M22,d0,7,19:36:34,19:36:34,402024,5.0,1
MQ_A5-Weekday-SDon-117000_M22_262,M22,d0,8,19:37:26,19:37:26,405172,1.0,1
MQ_A5-Weekday-SDon-117000_M22_262,M22,d0,9,19:39:34,19:39:34,402027,1.0,1
MQ_A5-Weekday-SDon-117000_M22_262,M22,d0,10,19:40:40,19:40:40,402028,7.0,1
MQ_A5-Weekday-SDon-117000_M22_262,M22,d0,11,19:41:39,19:41:39,402029,7.0,1
MQ_A5-Weekday-SDon-117000_M22_262,M22,d0,12,19:43:00,19:43:00,401787,7.0,1
MQ_A5-Weekday-SDon-117000_M22_262,M22,d0,13,19:45:12,19:45:12,402032,10.0,1
MQ_A5-Weekday-SDon-117000_M22_262,M22,d0,14,19:46:06,19:46:06,402033,10.0,1
MQ_A5-Weekday-SDon-117000_M22_262,M22,d0,15,19:46:49,19:46:49,402034,10.0,1
MQ_A5-Weekday-SDon-117000_M22_262,M22,d0,16,19:48:00,19:48:00,404100,6.0,1
MQ_A5-Weekday-SDon-117000_M22_262,M22,d0,17,19:49:27,19:49:27,403808,6.0,1
MQ_A5-Weekday-SDon-117000_M22_262,M22,d0,18,19:50:07,19:50:07,401598,6.0,1
MQ_A5-Weekday-SDon-117000_M22_262,M22,d0,19,19:50:39,19:50:39,401599,2.0,1
MQ_A5-Weekday-SDon-117000_M22_262,M22,d0,20,19:52:00,19:52:00,401600,2.0,1
MQ_A5-Weekday-SDon-117000_M22_262,M22,d0,21,19:53:00,19:53:00,803115,2.0,1
MQ_A5-Weekday-SDon-082800_M22_257,M22,d0,1,13:48:00,13:48:00,403399,21.0,2
MQ_A5-Weekday-SDon-082800_M22_257,M22,d0,2,13:53:36,13:53:36,803147,13.0,2
MQ_A5-Weekday-SDon-082800_M22_257,M22,d0,3,13:55:18,13:55:18,803105,24.0,2
MQ_A5-Weekday-SDon-082800_M22_257,M22,d0,4,13:59:00,13:59:00,903280,26.0,2
MQ_A5-Weekday-SDon-082800_M22_257,M22,d0,5,14:05:00,14:05:00,404857,23.0,2
MQ_A5-Weekday-SDon-082800_M22_257,M22,d0,6,14:06:08,14:06:08,405006,29.0,2
MQ_A5-Weekday-SDon-082800_M22_257,M22,d0,7,14:08:29,14:08:29,401168,29.0,2
MQ_A5-Weekday-SDon-082800_M22_257,M22,d0,8,14:09:31,14:09:31,401169,31.0,2
MQ_A5-Weekday-SDon-082800_M22_257,M22,d0,9,14:12:37,14:12:37,405165,31.0,2
MQ_A5-Weekday-SDon-082800_M22_257,M22,d0,10,14:14:00,14:14:00,403317,30.0,3
MQ_A5-Weekday-SDon-082800_M22_257,M22,d0,11,14:16:00,14:16:00,403732,41.0,3
MQ_A5-Weekday-SDon-082800_M22_257,M22,d0,12,14:20:00,14:20:00,402033,41.0,3
MQ_A5-Weekday-SDon-082800_M22_257,M22,d0,13,14:20:57,14:20:57,402034,40.0,3
MQ_A5-Weekday-SDon-082800_M22_257,M22,d0,14,14:22:34,14:22:34,404100,11.0,2
MQ_A5-Weekday-SDon-082800_M22_257,M22,d0,15,14:24:01,14:24:01,402036,17.0,3
MQ_A5-Weekday-SDon-082800_M22_257,M22,d0,16,14:25:21,14:25:21,402037,37.0,3
MQ_A5-Weekday-SDon-082800_M22_257,M22,d0,17,14:26:45,14:26:45,402038,30.0,2
MQ_A5-Weekday-SDon-082800_M22_257,M22,d0,18,14:28:51,14:28:51,402039,9.0,1
MQ_A5-Weekday-SDon-082800_M22_257,M22,d0,19,14:29:59,14:29:59,401630,10.0,1
MQ_A5-Weekday-SDon-082800_M22_257,M22,d0,20,14:31:00,14:31:00,402041,10.0,2
MQ_A5-Weekday-SDon-082800_M22_257,M22,d0,21,14:32:04,14:32:04,402042,26.0,2
MQ_A5-Weekday-SDon-082800_M22_257,M22,d0,22,14:32:55,14:32:55,402043,26.0,2
MQ_A5-Weekday-SDon-082800_M22_257,M22,d0,23,14:36:02,14:36:02,404099,26.0,2
MQ_A5-Weekday-SDon-082800_M22_257,M22,d0,24,14:38:41,14:38:41,405368,2.0,1
MQ_A5-Weekday-SDon-082800_M22_257,M22,d0,25,14:40:00,14:40:00,401691,2.0,1
MQ_A5-Weekday-SDon-093700_M22_262,M22,d0,1,15:37:00,15:37:00,405054,2.0,1
MQ_A5-Weekday-SDon-093700_M22_262,M22,d0,2,15:39:54,15:39:54,405056,2.0,1
MQ_A5-Weekday-SDon-093700_M22_262,M22,d0,3,15:42:57,15:42:57,404969,8.0,1
MQ_A5-Weekday-SDon-093700_M22_262,M22,d0,4,15:44:08,15:44:08,404976,9.0,1
MQ_A5-Weekday-SDon-093700_M22_262,M22,d0,5,15:45:12,15:45:12,404977,9.0,1
MQ_A5-Weekday-SDon-093700_M22_262,M22,d0,6,15:46:48,15:46:48,404219,14.0,1
MQ_A5-Weekday-SDon-093700_M22_262,M22,d0,7,15:51:00,15:51:00,903280,14.0,1
MQ_A5-Weekday-SDon-093700_M22_262,M22,d0,8,15:52:12,15:52:12,404101,14.0,1
MQ_A5-Weekday-SDon-093700_M22_262,M22,d0,9,15:54:27,15:54:27,402085,16.0,1
MQ_A5-Weekday-SDon-093700_M22_262,M22,d0,10,15:55:40,15:55:40,401670,15.0,2
MQ_A5-Weekday-SDon-093700_M22_262,M22,d0,11,15:58:00,15:58:00,402088,18.0,2
MQ_A5-Weekday-SDon-093700_M22_262,M22,d0,12,16:00:17,16:00:17,402090,24.0,2
MQ_A5-Weekday-SDon-093700_M22_262,M22,d0,13,16:01:31,16:01:31,402091,19.0,2
MQ_A5-Weekday-SDon-093700_M22_262,M22,d0,14,16:03:00,16:03:00,402092,23.0,2
MQ_A5-Weekday-SDon-093700_M22_262,M22,d0,15,16:03:37,16:03:37,402093,23.0,2
MQ_A5-Weekday-SDon-093700_M22_262,M22,d0,16,16:04:38,16:04:38,402094,20.0,2
MQ_A5-Weekday-SDon-093700_M22_262,M22,d0,17,16:05:37,16:05:37,402095,20.0,2
MQ_A5-Weekday-SDon-093700_M22_262,M22,d0,18,16:06:09,16:06:09,402096,20.0,2
MQ_A5-Weekday-SDon-093700_M22_262,M22,d0,19,16:07:06,16:07:06,402097,20.0,2
MQ_A5-Weekday-SDon-093700_M22_262,M22,d0,20,16:07:48,16:07:48,404922,1.0,1
MQ_A5-Weekday-SDon-093700_M22_262,M22,d0,21,16:09:00,16:09:00,903025,1.0,1
MQ_A5-Weekday-103200_M22_261,M22,d0,1,17:12:00,17:12:00,405054,8.0,1
MQ_A5-Weekday-103200_M22_261,M22,d0,2,17:15:06,17:15:06,405056,8.0,1
MQ_A5-Weekday-103200_M22_261,M22,d0,3,17:18:22,17:18:22,404969,8.0,1
MQ_A5-Weekday-103200_M22_261,M22,d0,4,17:19:39,17:19:39,404976,8.0,1
MQ_A5-Weekday-103200_M22_261,M22,d0,5,17:20:47,17:20:47,404977,8.0,2
MQ_A5-Weekday-103200_M22_261,M22,d0,6,17:22:30,17:22:30,404219,17.0,2
MQ_A5-Weekday-103200_M22_261,M22,d0,7,17:27:00,17:27:00,903280,17.0,2
MQ_A5-Weekday-103200_M22_261,M22,d0,8,17:28:02,17:28:02,404101,17.0,2
MQ_A5-Weekday-103200_M22_261,M22,d0,9,17:29:57,17:29:57,402085,20.0,2
MQ_A5-Weekday-103200_M22_261,M22,d0,10,17:31:00,17:31:00,401670,20.0,2
MQ_A5-Weekday-103200_M22_261,M22,d0,11,17:33:00,17:33:00,402088,20.0,2
MQ_A5-Weekday-103200_M22_261,M22,d0,12,17:34:50,17:34:50,402090,23.0,2
MQ_A5-Weekday-103200_M22_261,M22,d0,13,17:35:49,17:35:49,402091,23.0,2
MQ_A5-Weekday-103200_M22_261,M22,d0,14,17:37:00,17:37:00,402092,23.0,2
MQ_A5-Weekday-103200_M22_261,M22,d0,15,17:37:37,17:37:37,402093,23.0,2
MQ_A5-Weekday-103200_M22_261,M22,d0,16,17:38:38,17:38:38,402094,23.0,2
MQ_A5-Weekday-103200_M22_261,M22,d0,17,17:39:37,17:39:37,402095,23.0,2
MQ_A5-Weekday-103200_M22_261,M22,d0,18,17:40:09,17:40:09,402096,23.0,2
MQ_A5-Weekday-103200_M22_261,M22,d0,19,17:41:06,17:41:06,402097,23.0,2
MQ_A5-Weekday-103200_M22_261,M22,d0,20,17:41:48,17:41:48,404922,3.0,1
MQ_A5-Weekday-103200_M22_261,M22,d0,21,17:43:00,17:43:00,903025,3.0,1
MQ_A5-Weekday-SDon-117000_M22_263,M22,d0,1,19:30:00,19:30:00,405054,1.0,1
MQ_A5-Weekday-SDon-117000_M22_263,M22,d0,2,19:32:29,19:32:29,405056,7.0,1
MQ_A5-Weekday-SDon-117000_M22_263,M22,d0,3,19:35:06,19:35:06,404969,8.0,1
MQ_A5-Weekday-SDon-117000_M22_263,M22,d0,4,19:36:07,19:36:07,404976,8.0,1
MQ_A5-Weekday-SDon-117000_M22_263,M22,d0,5,19:37:02,19:37:02,404977,8.0,1
MQ_A5-Weekday-SDon-117000_M22_263,M22,d0,6,19:38:24,19:38:24,404219,9.0,1
MQ_A5-Weekday-SDon-117000_M22_263,M22,d0,7,19:42:00,19:42:00,903280,12.0,1
MQ_A5-Weekday-SDon-117000_M22_263,M22,d0,8,19:42:52,19:42:52,404101,10.0,1
MQ_A5-Weekday-SDon-117000_M22_263,M22,d0,9,19:44:28,19:44:28,402085,13.0,1
MQ_A5-Weekday-SDon-117000_M22_263,M22,d0,10,19:45:20,19:45:20,401670,12.0,1
MQ_A5-Weekday-SDon-117000_M22_263,M22,d0,11,19:47:00,19:47:00,402088,11.0,1
MQ_A5-Weekday-SDon-117000_M22_263,M22,d0,12,19:48:50,19:48:50,402090,10.0,1
MQ_A5-Weekday-SDon-117000_M22_263,M22,d0,13,19:49:49,19:49:49,402091,8.0,1
MQ_A5-Weekday-SDon-117000_M22_263,M22,d0,14,19:51:00,19:51:00,402092,13.0,1
MQ_A5-Weekday-SDon-117000_M22_263,M22,d0,15,19:51:30,19:51:30,402093,13.0,1
MQ_A5-Weekday-SDon-117000_M22_263,M22,d0,16,19:52:21,19:52:21,402094,6.0,1
MQ_A5-Weekday-SDon-117000_M22_263,M22,d0,17,19:53:11,19:53:11,402095,10.0,1
MQ_A5-Weekday-SDon-117000_M22_263,M22,d0,18,19:53:38,19:53:38,402096,8.0,1
MQ_A5-Weekday-SDon-117000_M22_263,M22,d0,19,19:54:25,19:54:25,402097,8.0,1
MQ_A5-Weekday-SDon-117000_M22_263,M22,d0,20,19:55:00,19:55:00,404922,8.0,1
MQ_A5-Weekday-SDon-117000_M22_263,M22,d0,21,19:56:00,19:56:00,903025,8.0,1
MQ_A5-Weekday-SDon-051200_M22_258,M22,d0,1,8:32:00,8:32:00,405054,1.0,1
MQ_A5-Weekday-SDon-051200_M22_258,M22,d0,2,8:34:41,8:34:41,405056,1.0,1
MQ_A5-Weekday-SDon-051200_M22_258,M22,d0,3,8:37:31,8:37:31,404969,1.0,1
MQ_A5-Weekday-SDon-051200_M22_258,M22,d0,4,8:38:38,8:38:38,404976,1.0,1
MQ_A5-Weekday-SDon-051200_M22_258,M22,d0,5,8:39:37,8:39:37,404977,1.0,1
MQ_A5-Weekday-SDon-051200_M22_258,M22,d0,6,8:41:06,8:41:06,404219,1.0,1
MQ_A5-Weekday-SDon-051200_M22_258,M22,d0,7,8:45:00,8:45:00,903280,1.0,1
MQ_A5-Weekday-SDon-051200_M22_258,M22,d0,8,8:46:02,8:46:02,404101,1.0,1
MQ_A5-Weekday-SDon-051200_M22_258,M22,d0,9,8:47:57,8:47:57,402085,1.0,1
MQ_A5-Weekday-SDon-051200_M22_258,M22,d0,10,8:49:00,8:49:00,401670,1.0,1
MQ_A5-Weekday-SDon-051200_M22_258,M22,d0,11,8:51:00,8:51:00,402088,1.0,1
MQ_A5-Weekday-SDon-051200_M22_258,M22,d0,12,8:52:50,8:52:50,402090,1.0,1
MQ_A5-Weekday-SDon-051200_M22_258,M22,d0,13,8:53:49,8:53:49,402091,1.0,1
MQ_A5-Weekday-SDon-051200_M22_258,M22,d0,14,8:55:00,8:55:00,402092,1.0,1
MQ_A5-Weekday-SDon-051200_M22_258,M22,d0,15,8:55:37,8:55:37,402093,1.0,1
MQ_A5-Weekday-SDon-051200_M22_258,M22,d0,16,8:56:38,8:56:38,402094,1.0,1
MQ_A5-Weekday-SDon-051200_M22_258,M22,d0,17,8:57:37,8:57:37,402095,1.0,1
MQ_A5-Weekday-SDon-051200_M22_258,M22,d0,18,8:58:09,8:58:09,402096,1.0,1
MQ_A5-Weekday-SDon-051200_M22_258,M22,d0,19,8:59:06,8:59:06,402097,1.0,1
MQ_A5-Weekday-SDon-051200_M22_258,M22,d0,20,8:59:48,8:59:48,404922,1.0,1
MQ_A5-Weekday-SDon-051200_M22_258,M22,d0,21,9:01:00,9:01:00,903025,1.0,1
MQ_A5-Weekday-064000_M22_254,M22,d0,1,10:40:00,10:40:00,404990,1.0,1
MQ_A5-Weekday-064000_M22_254,M22,d0,2,10:40:41,10:40:41,403851,1.0,1
MQ_A5-Weekday-064000_M22_254,M22,d0,3,10:42:17,10:42:17,400917,1.0,1
MQ_A5-Weekday-064000_M22_254,M22,d0,4,10:43:05,10:43:05,404132,1.0,1
MQ_A5-Weekday-064000_M22_254,M22,d0,5,10:44:00,10:44:00,402022,1.0,1
MQ_A5-Weekday-064000_M22_254,M22,d0,6,10:45:28,10:45:28,402023,1.0,1
MQ_A5-Weekday-064000_M22_254,M22,d0,7,10:47:08,10:47:08,402024,1.0,1
MQ_A5-Weekday-064000_M22_254,M22,d0,8,10:48:11,10:48:11,405172,3.0,1
MQ_A5-Weekday-064000_M22_254,M22,d0,9,10:50:48,10:50:48,402027,3.0,1
MQ_A5-Weekday-064000_M22_254,M22,d0,10,10:52:09,10:52:09,402028,8.0,1
MQ_A5-Weekday-064000_M22_254,M22,d0,11,10:53:21,10:53:21,402029,7.0,1
MQ_A5-Weekday-064000_M22_254,M22,d0,12,10:55:00,10:55:00,401787,7.0,1
MQ_A5-Weekday-064000_M22_254,M22,d0,13,10:57:12,10:57:12,402032,2.0,1
MQ_A5-Weekday-064000_M22_254,M22,d0,14,10:58:06,10:58:06,402033,4.0,1
MQ_A5-Weekday-064000_M22_254,M22,d0,15,10:58:49,10:58:49,402034,4.0,1
MQ_A5-Weekday-064000_M22_254,M22,d0,16,11:00:00,11:00:00,404100,4.0,1
MQ_A5-Weekday-064000_M22_254,M22,d0,17,11:01:05,11:01:05,403808,2.0,1
MQ_A5-Weekday-064000_M22_254,M22,d0,18,11:01:36,11:01:36,401598,4.0,1
MQ_A5-Weekday-064000_M22_254,M22,d0,19,11:02:00,11:02:00,401599,4.0,1
MQ_A5-Weekday-064000_M22_254,M22,d0,20,11:03:00,11:03:00,401600,4.0,1
MQ_A5-Weekday-064000_M22_254,M22,d0,21,11:04:00,11:04:00,803115,4.0,1
MQ_A5-Weekday-110200_M22_258,M22,d0,1,18:22:00,18:22:00,403399,2.0,1
MQ_A5-Weekday-110200_M22_258,M22,d0,2,18:27:06,18:27:06,803147,2.0,1
MQ_A5-Weekday-110200_M22_258,M22,d0,3,18:28:38,18:28:38,803105,2.0,1
MQ_A5-Weekday-110200_M22_258,M22,d0,4,18:32:00,18:32:00,903280,2.0,1
MQ_A5-Weekday-110200_M22_258,M22,d0,5,18:37:00,18:37:00,404857,2.0,1
MQ_A5-Weekday-110200_M22_258,M22,d0,6,18:37:53,18:37:53,405006,2.0,1
MQ_A5-Weekday-110200_M22_258,M22,d0,7,18:39:42,18:39:42,401168,2.0,1
MQ_A5-Weekday-110200_M22_258,M22,d0,8,18:40:30,18:40:30,401169,2.0,1
MQ_A5-Weekday-110200_M22_258,M22,d0,9,18:42:56,18:42:56,405165,2.0,1
MQ_A5-Weekday-110200_M22_258,M22,d0,10,18:44:00,18:44:00,403317,1.0,1
MQ_A5-Weekday-110200_M22_258,M22,d0,11,18:45:40,18:45:40,403732,1.0,1
MQ_A5-Weekday-110200_M22_258,M22,d0,12,18:49:00,18:49:00,402033,1.0,1
MQ_A5-Weekday-110200_M22_258,M22,d0,13,18:49:52,18:49:52,402034,1.0,1
MQ_A5-Weekday-110200_M22_258,M22,d0,14,18:51:20,18:51:20,404100,1.0,1
MQ_A5-Weekday-110200_M22_258,M22,d0,15,18:52:39,18:52:39,402036,1.0,1
MQ_A5-Weekday-110200_M22_258,M22,d0,16,18:53:51,18:53:51,402037,1.0,1
MQ_A5-Weekday-110200_M22_258,M22,d0,17,18:55:08,18:55:08,402038,1.0,1
MQ_A5-Weekday-110200_M22_258,M22,d0,18,18:57:03,18:57:03,402039,1.0,1
MQ_A5-Weekday-110200_M22_258,M22,d0,19,18:58:05,18:58:05,401630,1.0,1
MQ_A5-Weekday-110200_M22_258,M22,d0,20,18:59:00,18:59:00,402041,1.0,1
MQ_A5-Weekday-110200_M22_258,M22,d0,21,18:59:57,18:59:57,402042,1.0,1
MQ_A5-Weekday-110200_M22_258,M22,d0,22,19:00:42,19:00:42,402043,1.0,1
MQ_A5-Weekday-110200_M22_258,M22,d0,23,19:03:29,19:03:29,404099,1.0,1
MQ_A5-Weekday-110200_M22_258,M22,d0,24,19:05:50,19:05:50,405368,1.0,1
MQ_A5-Weekday-110200_M22_258,M22,d0,25,19:07:00,19:07:00,401691,1.0,1
MQ_A5-Weekday-081300_M22_253,M22,d0,1,13:33:00,13:33:00,403399,3.0,2
MQ_A5-Weekday-081300_M22_253,M22,d0,2,13:38:36,13:38:36,803147,18.0,2
MQ_A5-Weekday-081300_M22_253,M22,d0,3,13:40:18,13:40:18,803105,18.0,2
MQ_A5-Weekday-081300_M22_253,M22,d0,4,13:44:00,13:44:00,903280,18.0,2
MQ_A5-Weekday-081300_M22_253,M22,d0,5,13:50:00,13:50:00,404857,19.0,2
MQ_A5-Weekday-081300_M22_253,M22,d0,6,13:51:08,13:51:08,405006,6.0,1
MQ_A5-Weekday-081300_M22_253,M22,d0,7,13:53:29,13:53:29,401168,9.0,2
MQ_A5-Weekday-081300_M22_253,M22,d0,8,13:54:31,13:54:31,401169,25.0,2
MQ_A5-Weekday-081300_M22_253,M22,d0,9,13:57:37,13:57:37,405165,16.0,2
MQ_A5-Weekday-081300_M22_253,M22,d0,10,13:59:00,13:59:00,403317,28.0,2
MQ_A5-Weekday-081300_M22_253,M22,d0,11,14:01:00,14:01:00,403732,20.0,2
MQ_A5-Weekday-081300_M22_253,M22,d0,12,14:05:00,14:05:00,402033,20.0,2
MQ_A5-Weekday-081300_M22_253,M22,d0,13,14:05:57,14:05:57,402034,20.0,2
MQ_A5-Weekday-081300_M22_253,M22,d0,14,14:07:34,14:07:34,404100,24.0,2
MQ_A5-Weekday-081300_M22_253,M22,d0,15,14:09:01,14:09:01,402036,16.0,1
MQ_A5-Weekday-081300_M22_253,M22,d0,16,14:10:21,14:10:21,402037,14.0,2
MQ_A5-Weekday-081300_M22_253,M22,d0,17,14:11:45,14:11:45,402038,23.0,2
MQ_A5-Weekday-081300_M22_253,M22,d0,18,14:13:51,14:13:51,402039,7.0,1
MQ_A5-Weekday-081300_M22_253,M22,d0,19,14:14:59,14:14:59,401630,7.0,1
MQ_A5-Weekday-081300_M22_253,M22,d0,20,14:16:00,14:16:00,402041,5.0,1
MQ_A5-Weekday-081300_M22_253,M22,d0,21,14:17:04,14:17:04,402042,5.0,1
MQ_A5-Weekday-081300_M22_253,M22,d0,22,14:17:55,14:17:55,402043,5.0,1
MQ_A5-Weekday-081300_M22_253,M22,d0,23,14:21:02,14:21:02,404099,5.0,1
MQ_A5-Weekday-081300_M22_253,M22,d0,24,14:23:41,14:23:41,405368,4.0,1
MQ_A5-Weekday-081300_M22_253,M22,d0,25,14:25:00,14:25:00,401691,4.0,1
MQ_A5-Weekday-065700_M22_255,M22,d0,1,10:57:00,10:57:00,405054,4.0,1
MQ_A5-Weekday-065700_M22_255,M22,d0,2,10:59:54,10:59:54,405056,4.0,1
MQ_A5-Weekday-065700_M22_255,M22,d0,3,11:02:57,11:02:57,404969,4.0,1
MQ_A5-Weekday-065700_M22_255,M22,d0,4,11:04:08,11:04:08,404976,4.0,1
MQ_A5-Weekday-065700_M22_255,M22,d0,5,11:05:12,11:05:12,404977,4.0,1
MQ_A5-Weekday-065700_M22_255,M22,d0,6,11:06:48,11:06:48,404219,3.0,1
MQ_A5-Weekday-065700_M22_255,M22,d0,7,11:11:00,11:11:00,903280,3.0,1
MQ_A5-Weekday-065700_M22_255,M22,d0,8,11:12:02,11:12:02,404101,3.0,1
MQ_A5-Weekday-065700_M22_255,M22,d0,9,11:13:57,11:13:57,402085,3.0,1
MQ_A5-Weekday-065700_M22_255,M22,d0,10,11:15:00,11:15:00,401670,3.0,1
MQ_A5-Weekday-065700_M22_255,M22,d0,11,11:17:00,11:17:00,402088,3.0,1
MQ_A5-Weekday-065700_M22_255,M22,d0,12,11:18:50,11:18:50,402090,3.0,1
MQ_A5-Weekday-065700_M22_255,M22,d0,13,11:19:49,11:19:49,402091,3.0,1
MQ_A5-Weekday-065700_M22_255,M22,d0,14,11:21:00,11:21:00,402092,3.0,1
MQ_A5-Weekday-065700_M22_255,M22,d0,15,11:21:30,11:21:30,402093,3.0,1
MQ_A5-Weekday-065700_M22_255,M22,d0,16,11:22:21,11:22:21,402094,2.0,1
MQ_A5-Weekday-065700_M22_255,M22,d0,17,11:23:11,11:23:11,402095,2.0,1
MQ_A5-Weekday-065700_M22_255,M22,d0,18,11:23:38,11:23:38,402096,2.0,1
MQ_A5-Weekday-065700_M22_255,M22,d0,19,11:24:25,11:24:25,402097,2.0,1
MQ_A5-Weekday-065700_M22_255,M22,d0,20,11:25:00,11:25:00,404922,2.0,1
MQ_A5-Weekday-065700_M22_255,M22,d0,21,11:26:00,11:26:00,903025,2.0,1
MQ_A5-Weekday-SDon-071700_M22_260,M22,d0,1,11:57:00,11:57:00,405054,1.0,1
MQ_A5-Weekday-SDon-071700_M22_260,M22,d0,2,11:59:54,11:59:54,405056,5.0,1
MQ_A5-Weekday-SDon-071700_M22_260,M22,d0,3,12:02:57,12:02:57,404969,12.0,1
MQ_A5-Weekday-SDon-071700_M22_260,M22,d0,4,12:04:08,12:04:08,404976,12.0,1
MQ_A5-Weekday-SDon-071700_M22_260,M22,d0,5,12:05:12,12:05:12,404977,12.0,1
MQ_A5-Weekday-SDon-071700_M22_260,M22,d0,6,12:06:48,12:06:48,404219,15.0,1
MQ_A5-Weekday-SDon-071700_M22_260,M22,d0,7,12:11:00,12:11:00,903280,5.0,1
MQ_A5-Weekday-SDon-071700_M22_260,M22,d0,8,12:12:02,12:12:02,404101,8.0,2
MQ_A5-Weekday-SDon-071700_M22_260,M22,d0,9,12:13:57,12:13:57,402085,20.0,2
MQ_A5-Weekday-SDon-071700_M22_260,M22,d0,10,12:15:00,12:15:00,401670,14.0,1
MQ_A5-Weekday-SDon-071700_M22_260,M22,d0,11,12:17:00,12:17:00,402088,5.0,1
MQ_A5-Weekday-SDon-071700_M22_260,M22,d0,12,12:18:50,12:18:50,402090,3.0,1
MQ_A5-Weekday-SDon-071700_M22_260,M22,d0,13,12:19:49,12:19:49,402091,4.0,2
MQ_A5-Weekday-SDon-071700_M22_260,M22,d0,14,12:21:00,12:21:00,402092,17.0,2
MQ_A5-Weekday-SDon-071700_M22_260,M22,d0,15,12:21:30,12:21:30,402093,19.0,2
MQ_A5-Weekday-SDon-071700_M22_260,M22,d0,16,12:22:21,12:22:21,402094,17.0,2
MQ_A5-Weekday-SDon-071700_M22_260,M22,d0,17,12:23:11,12:23:11,402095,8.0,1
MQ_A5-Weekday-SDon-071700_M22_260,M22,d0,18,12:23:38,12:23:38,402096,2.0,1
MQ_A5-Weekday-SDon-071700_M22_260,M22,d0,19,12:24:25,12:24:25,402097,5.0,1
MQ_A5-Weekday-SDon-071700_M22_260,M22,d0,20,12:25:00,12:25:00,404922,5.0,1
MQ_A5-Weekday-SDon-071700_M22_260,M22,d0,21,12:26:00,12:26:00,903025,5.0,1
MQ_A5-Weekday-104500_M22_259,M22,d0,1,17:25:00,17:25:00,401528,10.0,1
MQ_A5-Weekday-104500_M22_259,M22,d0,2,17:26:09,17:26:09,401529,10.0,1
MQ_A5-Weekday-104500_M22_259,M22,d0,3,17:26:57,17:26:57,403313,10.0,1
MQ_A5-Weekday-104500_M22_259,M22,d0,4,17:28:00,17:28:00,403312,10.0,1
MQ_A5-Weekday-104500_M22_259,M22,d0,5,17:29:01,17:29:01,401531,10.0,1
MQ_A5-Weekday-104500_M22_259,M22,d0,6,17:30:05,17:30:05,401532,10.0,1
MQ_A5-Weekday-104500_M22_259,M22,d0,7,17:31:05,17:31:05,401533,10.0,1
MQ_A5-Weekday-104500_M22_259,M22,d0,8,17:32:15,17:32:15,401535,10.0,1
MQ_A5-Weekday-104500_M22_259,M22,d0,9,17:33:00,17:33:00,401536,10.0,1
MQ_A5-Weekday-104500_M22_259,M22,d0,10,17:34:52,17:34:52,401538,10.0,1
MQ_A5-Weekday-104500_M22_259,M22,d0,11,17:36:33,17:36:33,400336,9.0,1
MQ_A5-Weekday-104500_M22_259,M22,d0,12,17:38:01,17:38:01,400337,9.0,1
MQ_A5-Weekday-104500_M22_259,M22,d0,13,17:39:00,17:39:00,404010,9.0,1
MQ_A5-Weekday-104500_M22_259,M22,d0,14,17:39:57,17:39:57,401542,9.0,1
MQ_A5-Weekday-104500_M22_259,M22,d0,15,17:41:36,17:41:36,401543,9.0,1
MQ_A5-Weekday-104500_M22_259,M22,d0,16,17:43:49,17:43:49,401544,9.0,1
MQ_A5-Weekday-104500_M22_259,M22,d0,17,17:45:00,17:45:00,401545,9.0,1
MQ_A5-Weekday-104500_M22_259,M22,d0,18,17:45:48,17:45:48,401547,9.0,1
MQ_A5-Weekday-104500_M22_259,M22,d0,19,17:46:39,17:46:39,401548,5.0,1
MQ_A5-Weekday-104500_M22_259,M22,d0,20,17:47:32,17:47:32,401549,5.0,1
MQ_A5-Weekday-104500_M22_259,M22,d0,21,17:48:15,17:48:15,401591,5.0,1
MQ_A5-Weekday-104500_M22_259,M22,d0,22,17:49:00,17:49:00,803177,5.0,1
MQ_A5-Weekday-059700_M22_258,M22,d0,1,9:57:00,9:57:00,405054,6.0,1
MQ_A5-Weekday-059700_M22_258,M22,d0,2,9:59:54,9:59:54,405056,6.0,1
MQ_A5-Weekday-059700_M22_258,M22,d0,3,10:02:57,10:02:57,404969,6.0,1
MQ_A5-Weekday-059700_M22_258,M22,d0,4,10:04:08,10:04:08,404976,6.0,1
MQ_A5-Weekday-059700_M22_258,M22,d0,5,10:05:12,10:05:12,404977,6.0,1
MQ_A5-Weekday-059700_M22_258,M22,d0,6,10:06:48,10:06:48,404219,6.0,1
MQ_A5-Weekday-059700_M22_258,M22,d0,7,10:11:00,10:11:00,903280,6.0,1
MQ_A5-Weekday-059700_M22_258,M22,d0,8,10:12:12,10:12:12,404101,6.0,1
MQ_A5-Weekday-059700_M22_258,M22,d0,9,10:14:27,10:14:27,402085,6.0,1
MQ_A5-Weekday-059700_M22_258,M22,d0,10,10:15:40,10:15:40,401670,6.0,1
MQ_A5-Weekday-059700_M22_258,M22,d0,11,10:18:00,10:18:00,402088,6.0,1
MQ_A5-Weekday-059700_M22_258,M22,d0,12,10:19:50,10:19:50,402090,6.0,1
MQ_A5-Weekday-059700_M22_258,M22,d0,13,10:20:49,10:20:49,402091,6.0,1
MQ_A5-Weekday-059700_M22_258,M22,d0,14,10:22:00,10:22:00,402092,4.0,1
MQ_A5-Weekday-059700_M22_258,M22,d0,15,10:22:30,10:22:30,402093,4.0,1
MQ_A5-Weekday-059700_M22_258,M22,d0,16,10:23:21,10:23:21,402094,3.0,1
MQ_A5-Weekday-059700_M22_258,M22,d0,17,10:24:11,10:24:11,402095,3.0,1
MQ_A5-Weekday-059700_M22_258,M22,d0,18,10:24:38,10:24:38,402096,3.0,1
MQ_A5-Weekday-059700_M22_258,M22,d0,19,10:25:25,10:25:25,402097,2.0,1
MQ_A5-Weekday-059700_M22_258,M22,d0,20,10:26:00,10:26:00,404922,2.0,1
MQ_A5-Weekday-059700_M22_258,M22,d0,21,10:27:00,10:27:00,903025,2.0,1
MQ_A5-Weekday-SDon-030000_M22_252,M22,d0,1,5:00:00,5:00:00,405054,3.0,1
MQ_A5-Weekday-SDon-030000_M22_252,M22,d0,2,5:01:27,5:01:27,405056,3.0,1
MQ_A5-Weekday-SDon-030000_M22_252,M22,d0,3,5:02:58,5:02:58,404969,3.0,1
MQ_A5-Weekday-SDon-030000_M22_252,M22,d0,4,5:03:34,5:03:34,404976,3.0,1
MQ_A5-Weekday-SDon-030000_M22_252,M22,d0,5,5:04:06,5:04:06,404977,3.0,1
MQ_A5-Weekday-SDon-030000_M22_252,M22,d0,6,5:04:54,5:04:54,404219,3.0,1
MQ_A5-Weekday-SDon-030000_M22_252,M22,d0,7,5:07:00,5:07:00,903280,3.0,1
MQ_A5-Weekday-SDon-030000_M22_252,M22,d0,8,5:07:41,5:07:41,404101,3.0,1
MQ_A5-Weekday-SDon-030000_M22_252,M22,d0,9,5:08:58,5:08:58,402085,3.0,1
MQ_A5-Weekday-SDon-030000_M22_252,M22,d0,10,5:09:40,5:09:40,401670,3.0,1
MQ_A5-Weekday-SDon-030000_M22_252,M22,d0,11,5:11:00,5:11:00,402088,3.0,1
MQ_A5-Weekday-SDon-030000_M22_252,M22,d0,12,5:11:55,5:11:55,402090,3.0,1
MQ_A5-Weekday-SDon-030000_M22_252,M22,d0,13,5:12:25,5:12:25,402091,3.0,1
MQ_A5-Weekday-SDon-030000_M22_252,M22,d0,14,5:13:00,5:13:00,402092,3.0,1
MQ_A5-Weekday-SDon-030000_M22_252,M22,d0,15,5:13:12,5:13:12,402093,3.0,1
MQ_A5-Weekday-SDon-030000_M22_252,M22,d0,16,5:13:33,5:13:33,402094,3.0,1
MQ_A5-Weekday-SDon-030000_M22_252,M22,d0,17,5:13:52,5:13:52,402095,3.0,1
MQ_A5-Weekday-SDon-030000_M22_252,M22,d0,18,5:14:03,5:14:03,402096,3.0,1
MQ_A5-Weekday-SDon-030000_M22_252,M22,d0,19,5:14:22,5:14:22,402097,3.0,1
MQ_A5-Weekday-SDon-030000_M22_252,M22,d0,20,5:14:36,5:14:36,404922,3.0,1
MQ_A5-Weekday-SDon-030000_M22_252,M22,d0,21,5:15:00,5:15:00,903025,3.0,1
MQ_A5-Weekday-SDon-100200_M22_256,M22,d0,1,16:42:00,16:42:00,405054,5.0,1
MQ_A5-Weekday-SDon-100200_M22_256,M22,d0,2,16:45:06,16:45:06,405056,13.0,1
MQ_A5-Weekday-SDon-100200_M22_256,M22,d0,3,16:48:22,16:48:22,404969,13.0,1
MQ_A5-Weekday-SDon-100200_M22_256,M22,d0,4,16:49:39,16:49:39,404976,13.0,1
MQ_A5-Weekday-SDon-100200_M22_256,M22,d0,5,16:50:47,16:50:47,404977,13.0,1
MQ_A5-Weekday-SDon-100200_M22_256,M22,d0,6,16:52:30,16:52:30,404219,6.0,1
MQ_A5-Weekday-SDon-100200_M22_256,M22,d0,7,16:57:00,16:57:00,903280,14.0,1
MQ_A5-Weekday-SDon-100200_M22_256,M22,d0,8,16:58:02,16:58:02,404101,14.0,1
MQ_A5-Weekday-SDon-100200_M22_256,M22,d0,9,16:59:57,16:59:57,402085,14.0,1
MQ_A5-Weekday-SDon-100200_M22_256,M22,d0,10,17:01:00,17:01:00,401670,14.0,1
MQ_A5-Weekday-SDon-100200_M22_256,M22,d0,11,17:03:00,17:03:00,402088,16.0,1
MQ_A5-Weekday-SDon-100200_M22_256,M22,d0,12,17:04:50,17:04:50,402090,16.0,2
MQ_A5-Weekday-SDon-100200_M22_256,M22,d0,13,17:05:49,17:05:49,402091,19.0,2
MQ_A5-Weekday-SDon-100200_M22_256,M22,d0,14,17:07:00,17:07:00,402092,19.0,2
MQ_A5-Weekday-SDon-100200_M22_256,M22,d0,15,17:07:37,17:07:37,402093,19.0,2
MQ_A5-Weekday-SDon-100200_M22_256,M22,d0,16,17:08:38,17:08:38,402094,19.0,2
MQ_A5-Weekday-SDon-100200_M22_256,M22,d0,17,17:09:37,17:09:37,402095,19.0,2
MQ_A5-Weekday-SDon-100200_M22_256,M22,d0,18,17:10:09,17:10:09,402096,8.0,1
MQ_A5-Weekday-SDon-100200_M22_256,M22,d0,19,17:11:06,17:11:06,402097,8.0,1
MQ_A5-Weekday-SDon-100200_M22_256,M22,d0,20,17:11:48,17:11:48,404922,5.0,1
MQ_A5-Weekday-SDon-100200_M22_256,M22,d0,21,17:13:00,17:13:00,903025,5.0,1
MQ_A5-Weekday-126000_M22_263,M22,d0,1,21:00:00,21:00:00,405054,1.0,1
MQ_A5-Weekday-126000_M22_263,M22,d0,2,21:02:16,21:02:16,405056,1.0,1
MQ_A5-Weekday-126000_M22_263,M22,d0,3,21:04:40,21:04:40,404969,8.0,1
MQ_A5-Weekday-126000_M22_263,M22,d0,4,21:05:37,21:05:37,404976,8.0,1
MQ_A5-Weekday-126000_M22_263,M22,d0,5,21:06:27,21:06:27,404977,8.0,1
MQ_A5-Weekday-126000_M22_263,M22,d0,6,21:07:42,21:07:42,404219,3.0,1
MQ_A5-Weekday-126000_M22_263,M22,d0,7,21:11:00,21:11:00,903280,4.0,1
MQ_A5-Weekday-126000_M22_263,M22,d0,8,21:11:52,21:11:52,404101,7.0,1
MQ_A5-Weekday-126000_M22_263,M22,d0,9,21:13:28,21:13:28,402085,7.0,1
MQ_A5-Weekday-126000_M22_263,M22,d0,10,21:14:20,21:14:20,401670,7.0,1
MQ_A5-Weekday-126000_M22_263,M22,d0,11,21:16:00,21:16:00,402088,5.0,1
MQ_A5-Weekday-126000_M22_263,M22,d0,12,21:17:50,21:17:50,402090,7.0,1
MQ_A5-Weekday-126000_M22_263,M22,d0,13,21:18:49,21:18:49,402091,7.0,1
MQ_A5-Weekday-126000_M22_263,M22,d0,14,21:20:00,21:20:00,402092,9.0,1
MQ_A5-Weekday-126000_M22_263,M22,d0,15,21:20:24,21:20:24,402093,9.0,1
MQ_A5-Weekday-126000_M22_263,M22,d0,16,21:21:05,21:21:05,402094,8.0,1
MQ_A5-Weekday-126000_M22_263,M22,d0,17,21:21:45,21:21:45,402095,6.0,1
MQ_A5-Weekday-126000_M22_263,M22,d0,18,21:22:06,21:22:06,402096,3.0,1
MQ_A5-Weekday-126000_M22_263,M22,d0,19,21:22:44,21:22:44,402097,4.0,1
MQ_A5-Weekday-126000_M22_263,M22,d0,20,21:23:12,21:23:12,404922,4.0,1
MQ_A5-Weekday-126000_M22_263,M22,d0,21,21:24:00,21:24:00,903025,4.0,1
MQ_A5-Weekday-073000_M22_254,M22,d0,1,12:10:00,12:10:00,404990,1.0,1
MQ_A5-Weekday-073000_M22_254,M22,d0,2,12:10:41,12:10:41,403851,1.0,1
MQ_A5-Weekday-073000_M22_254,M22,d0,3,12:12:17,12:12:17,400917,1.0,1
MQ_A5-Weekday-073000_M22_254,M22,d0,4,12:13:05,12:13:05,404132,5.0,1
MQ_A5-Weekday-073000_M22_254,M22,d0,5,12:14:00,12:14:00,402022,5.0,1
MQ_A5-Weekday-073000_M22_254,M22,d0,6,12:15:28,12:15:28,402023,5.0,1
MQ_A5-Weekday-073000_M22_254,M22,d0,7,12:17:08,12:17:08,402024,5.0,1
MQ_A5-Weekday-073000_M22_254,M22,d0,8,12:18:11,12:18:11,405172,5.0,1
MQ_A5-Weekday-073000_M22_254,M22,d0,9,12:20:48,12:20:48,402027,5.0,1
MQ_A5-Weekday-073000_M22_254,M22,d0,10,12:22:09,12:22:09,402028,5.0,1
MQ_A5-Weekday-073000_M22_254,M22,d0,11,12:23:21,12:23:21,402029,5.0,1
MQ_A5-Weekday-073000_M22_254,M22,d0,12,12:25:00,12:25:00,401787,7.0,1
MQ_A5-Weekday-073000_M22_254,M22,d0,13,12:27:12,12:27:12,402032,2.0,1
MQ_A5-Weekday-073000_M22_254,M22,d0,14,12:28:06,12:28:06,402033,7.0,1
MQ_A5-Weekday-073000_M22_254,M22,d0,15,12:28:49,12:28:49,402034,7.0,1
MQ_A5-Weekday-073000_M22_254,M22,d0,16,12:30:00,12:30:00,404100,4.0,1
MQ_A5-Weekday-073000_M22_254,M22,d0,17,12:31:05,12:31:05,403808,4.0,1
MQ_A5-Weekday-073000_M22_254,M22,d0,18,12:31:36,12:31:36,401598,4.0,1
MQ_A5-Weekday-073000_M22_254,M22,d0,19,12:32:00,12:32:00,401599,4.0,1
MQ_A5-Weekday-073000_M22_254,M22,d0,20,12:33:00,12:33:00,401600,1.0,1
MQ_A5-Weekday-073000_M22_254,M22,d0,21,12:34:00,12:34:00,803115,1.0,1
MQ_A5-Weekday-129000_M22_261,M22,d0,1,21:30:00,21:30:00,405054,4.0,1
MQ_A5-Weekday-129000_M22_261,M22,d0,2,21:32:04,21:32:04,405056,4.0,1
MQ_A5-Weekday-129000_M22_261,M22,d0,3,21:34:15,21:34:15,404969,4.0,1
MQ_A5-Weekday-129000_M22_261,M22,d0,4,21:35:06,21:35:06,404976,3.0,1
MQ_A5-Weekday-129000_M22_261,M22,d0,5,21:35:52,21:35:52,404977,5.0,1
MQ_A5-Weekday-129000_M22_261,M22,d0,6,21:37:00,21:37:00,404219,6.0,1
MQ_A5-Weekday-129000_M22_261,M22,d0,7,21:40:00,21:40:00,903280,8.0,1
MQ_A5-Weekday-129000_M22_261,M22,d0,8,21:40:41,21:40:41,404101,8.0,1
MQ_A5-Weekday-129000_M22_261,M22,d0,9,21:41:58,21:41:58,402085,9.0,1
MQ_A5-Weekday-129000_M22_261,M22,d0,10,21:42:40,21:42:40,401670,9.0,1
MQ_A5-Weekday-129000_M22_261,M22,d0,11,21:44:00,21:44:00,402088,10.0,1
MQ_A5-Weekday-129000_M22_261,M22,d0,12,21:45:23,21:45:23,402090,10.0,1
MQ_A5-Weekday-129000_M22_261,M22,d0,13,21:46:07,21:46:07,402091,10.0,1
MQ_A5-Weekday-129000_M22_261,M22,d0,14,21:47:00,21:47:00,402092,7.0,1
MQ_A5-Weekday-129000_M22_261,M22,d0,15,21:47:18,21:47:18,402093,7.0,1
MQ_A5-Weekday-129000_M22_261,M22,d0,16,21:47:49,21:47:49,402094,6.0,1
MQ_A5-Weekday-129000_M22_261,M22,d0,17,21:48:19,21:48:19,402095,6.0,1
MQ_A5-Weekday-129000_M22_261,M22,d0,18,21:48:35,21:48:35,402096,6.0,1
MQ_A5-Weekday-129000_M22_261,M22,d0,19,21:49:03,21:49:03,402097,6.0,1
MQ_A5-Weekday-129000_M22_261,M22,d0,20,21:49:24,21:49:24,404922,5.0,1
MQ_A5-Weekday-129000_M22_261,M22,d0,21,21:50:00,21:50:00,903025,5.0,1
MQ_A5-Weekday-SDon-054200_M22_259,M22,d0,1,9:02:00,9:02:00,405054,1.0,1
MQ_A5-Weekday-SDon-054200_M22_259,M22,d0,2,9:04:54,9:04:54,405056,1.0,1
MQ_A5-Weekday-SDon-054200_M22_259,M22,d0,3,9:07:57,9:07:57,404969,1.0,1
MQ_A5-Weekday-SDon-054200_M22_259,M22,d0,4,9:09:08,9:09:08,404976,1.0,1
MQ_A5-Weekday-SDon-054200_M22_259,M22,d0,5,9:10:12,9:10:12,404977,1.0,1
MQ_A5-Weekday-SDon-054200_M22_259,M22,d0,6,9:11:48,9:11:48,404219,1.0,1
MQ_A5-Weekday-SDon-054200_M22_259,M22,d0,7,9:16:00,9:16:00,903280,1.0,1
MQ_A5-Weekday-SDon-054200_M22_259,M22,d0,8,9:17:12,9:17:12,404101,1.0,1
MQ_A5-Weekday-SDon-054200_M22_259,M22,d0,9,9:19:27,9:19:27,402085,1.0,1
MQ_A5-Weekday-SDon-054200_M22_259,M22,d0,10,9:20:40,9:20:40,401670,1.0,1
MQ_A5-Weekday-SDon-054200_M22_259,M22,d0,11,9:23:00,9:23:00,402088,5.0,1
MQ_A5-Weekday-SDon-054200_M22_259,M22,d0,12,9:24:50,9:24:50,402090,1.0,1
MQ_A5-Weekday-SDon-054200_M22_259,M22,d0,13,9:25:49,9:25:49,402091,1.0,1
MQ_A5-Weekday-SDon-054200_M22_259,M22,d0,14,9:27:00,9:27:00,402092,1.0,1
MQ_A5-Weekday-SDon-054200_M22_259,M22,d0,15,9:27:30,9:27:30,402093,1.0,1
MQ_A5-Weekday-SDon-054200_M22_259,M22,d0,16,9:28:21,9:28:21,402094,1.0,1
MQ_A5-Weekday-SDon-054200_M22_259,M22,d0,17,9:29:11,9:29:11,402095,1.0,1
MQ_A5-Weekday-SDon-054200_M22_259,M22,d0,18,9:29:38,9:29:38,402096,1.0,1
MQ_A5-Weekday-SDon-054200_M22_259,M22,d0,19,9:30:25,9:30:25,402097,1.0,1
MQ_A5-Weekday-SDon-054200_M22_259,M22,d0,20,9:31:00,9:31:00,404922,1.0,1
MQ_A5-Weekday-SDon-054200_M22_259,M22,d0,21,9:32:00,9:32:00,903025,1.0,1
MQ_A5-Weekday-SDon-046000_M22_251,M22,d0,1,7:40:00,7:40:00,405054,1.0,1
MQ_A5-Weekday-SDon-046000_M22_251,M22,d0,2,7:42:16,7:42:16,405056,1.0,1
MQ_A5-Weekday-SDon-046000_M22_251,M22,d0,3,7:44:40,7:44:40,404969,5.0,1
MQ_A5-Weekday-SDon-046000_M22_251,M22,d0,4,7:45:37,7:45:37,404976,5.0,1
MQ_A5-Weekday-SDon-046000_M22_251,M22,d0,5,7:46:27,7:46:27,404977,5.0,1
MQ_A5-Weekday-SDon-046000_M22_251,M22,d0,6,7:47:42,7:47:42,404219,5.0,2
MQ_A5-Weekday-SDon-046000_M22_251,M22,d0,7,7:51:00,7:51:00,903280,21.0,2
MQ_A5-Weekday-SDon-046000_M22_251,M22,d0,8,7:51:52,7:51:52,404101,21.0,2
MQ_A5-Weekday-SDon-046000_M22_251,M22,d0,9,7:53:28,7:53:28,402085,21.0,2
MQ_A5-Weekday-SDon-046000_M22_251,M22,d0,10,7:54:20,7:54:20,401670,21.0,2
MQ_A5-Weekday-SDon-046000_M22_251,M22,d0,11,7:56:00,7:56:00,402088,22.0,3
MQ_A5-Weekday-SDon-046000_M22_251,M22,d0,12,7:57:50,7:57:50,402090,43.0,3
MQ_A5-Weekday-SDon-046000_M22_251,M22,d0,13,7:58:49,7:58:49,402091,43.0,3
MQ_A5-Weekday-SDon-046000_M22_251,M22,d0,14,8:00:00,8:00:00,402092,43.0,3
MQ_A5-Weekday-SDon-046000_M22_251,M22,d0,15,8:00:37,8:00:37,402093,43.0,3
MQ_A5-Weekday-SDon-046000_M22_251,M22,d0,16,8:01:38,8:01:38,402094,24.0,2
MQ_A5-Weekday-SDon-046000_M22_251,M22,d0,17,8:02:37,8:02:37,402095,24.0,2
MQ_A5-Weekday-SDon-046000_M22_251,M22,d0,18,8:03:09,8:03:09,402096,18.0,2
MQ_A5-Weekday-SDon-046000_M22_251,M22,d0,19,8:04:06,8:04:06,402097,18.0,2
MQ_A5-Weekday-SDon-046000_M22_251,M22,d0,20,8:04:48,8:04:48,404922,18.0,2
MQ_A5-Weekday-SDon-046000_M22_251,M22,d0,21,8:06:00,8:06:00,903025,18.0,2
MQ_A5-Weekday-126000_M22_262,M22,d0,1,21:00:00,21:00:00,404990,2.0,1
MQ_A5-Weekday-126000_M22_262,M22,d0,2,21:00:41,21:00:41,403851,2.0,1
MQ_A5-Weekday-126000_M22_262,M22,d0,3,21:02:17,21:02:17,400917,2.0,1
MQ_A5-Weekday-126000_M22_262,M22,d0,4,21:03:05,21:03:05,404132,2.0,1
MQ_A5-Weekday-126000_M22_262,M22,d0,5,21:04:00,21:04:00,402022,2.0,1
MQ_A5-Weekday-126000_M22_262,M22,d0,6,21:04:56,21:04:56,402023,2.0,1
MQ_A5-Weekday-126000_M22_262,M22,d0,7,21:06:00,21:06:00,402024,3.0,1
MQ_A5-Weekday-126000_M22_262,M22,d0,8,21:06:40,21:06:40,405172,3.0,1
MQ_A5-Weekday-126000_M22_262,M22,d0,9,21:08:20,21:08:20,402027,4.0,1
MQ_A5-Weekday-126000_M22_262,M22,d0,10,21:09:11,21:09:11,402028,2.0,1
MQ_A5-Weekday-126000_M22_262,M22,d0,11,21:09:57,21:09:57,402029,3.0,1
MQ_A5-Weekday-126000_M22_262,M22,d0,12,21:11:00,21:11:00,401787,3.0,1
MQ_A5-Weekday-126000_M22_262,M22,d0,13,21:13:12,21:13:12,402032,1.0,1
MQ_A5-Weekday-126000_M22_262,M22,d0,14,21:14:06,21:14:06,402033,1.0,1
MQ_A5-Weekday-126000_M22_262,M22,d0,15,21:14:49,21:14:49,402034,2.0,1
MQ_A5-Weekday-126000_M22_262,M22,d0,16,21:16:00,21:16:00,404100,1.0,1
MQ_A5-Weekday-126000_M22_262,M22,d0,17,21:17:05,21:17:05,403808,1.0,1
MQ_A5-Weekday-126000_M22_262,M22,d0,18,21:17:36,21:17:36,401598,1.0,1
MQ_A5-Weekday-126000_M22_262,M22,d0,19,21:18:00,21:18:00,401599,1.0,1
MQ_A5-Weekday-126000_M22_262,M22,d0,20,21:19:00,21:19:00,401600,1.0,1
MQ_A5-Weekday-126000_M22_262,M22,d0,21,21:20:00,21:20:00,803115,1.0,1
MQ_A5-Weekday-097200_M22_258,M22,d0,1,16:12:00,16:12:00,403399,11.0,1
MQ_A5-Weekday-097200_M22_258,M22,d0,2,16:17:06,16:17:06,803147,11.0,1
MQ_A5-Weekday-097200_M22_258,M22,d0,3,16:18:38,16:18:38,803105,11.0,2
MQ_A5-Weekday-097200_M22_258,M22,d0,4,16:22:00,16:22:00,903280,24.0,2
MQ_A5-Weekday-097200_M22_258,M22,d0,5,16:28:00,16:28:00,404857,24.0,2
MQ_A5-Weekday-097200_M22_258,M22,d0,6,16:29:08,16:29:08,405006,24.0,2
MQ_A5-Weekday-097200_M22_258,M22,d0,7,16:31:29,16:31:29,401168,24.0,2
MQ_A5-Weekday-097200_M22_258,M22,d0,8,16:32:31,16:32:31,401169,24.0,2
MQ_A5-Weekday-097200_M22_258,M22,d0,9,16:35:37,16:35:37,405165,1.0,1
MQ_A5-Weekday-097200_M22_258,M22,d0,10,16:37:00,16:37:00,403317,1.0,2
MQ_A5-Weekday-097200_M22_258,M22,d0,11,16:39:00,16:39:00,403732,25.0,2
MQ_A5-Weekday-097200_M22_258,M22,d0,12,16:43:00,16:43:00,402033,25.0,2
MQ_A5-Weekday-097200_M22_258,M22,d0,13,16:43:57,16:43:57,402034,25.0,2
MQ_A5-Weekday-097200_M22_258,M22,d0,14,16:45:34,16:45:34,404100,25.0,2
MQ_A5-Weekday-097200_M22_258,M22,d0,15,16:47:01,16:47:01,402036,25.0,2
MQ_A5-Weekday-097200_M22_258,M22,d0,16,16:48:21,16:48:21,402037,1.0,1
MQ_A5-Weekday-097200_M22_258,M22,d0,17,16:49:45,16:49:45,402038,1.0,1
MQ_A5-Weekday-097200_M22_258,M22,d0,18,16:51:51,16:51:51,402039,1.0,1
MQ_A5-Weekday-097200_M22_258,M22,d0,19,16:52:59,16:52:59,401630,1.0,1
MQ_A5-Weekday-097200_M22_258,M22,d0,20,16:54:00,16:54:00,402041,1.0,1
MQ_A5-Weekday-097200_M22_258,M22,d0,21,16:55:04,16:55:04,402042,1.0,1
MQ_A5-Weekday-097200_M22_258,M22,d0,22,16:55:55,16:55:55,402043,1.0,1
MQ_A5-Weekday-097200_M22_258,M22,d0,23,16:59:02,16:59:02,404099,1.0,1
MQ_A5-Weekday-097200_M22_258,M22,d0,24,17:01:41,17:01:41,405368,1.0,1
MQ_A5-Weekday-097200_M22_258,M22,d0,25,17:03:00,17:03:00,401691,1.0,1
MQ_A5-Weekday-SDon-049700_M22_256,M22,d0,1,8:17:00,8:17:00,405054,7.0,1
MQ_A5-Weekday-SDon-049700_M22_256,M22,d0,2,8:19:41,8:19:41,405056,7.0,1
MQ_A5-Weekday-SDon-049700_M22_256,M22,d0,3,8:22:31,8:22:31,404969,7.0,1
MQ_A5-Weekday-SDon-049700_M22_256,M22,d0,4,8:23:38,8:23:38,404976,7.0,1
MQ_A5-Weekday-SDon-049700_M22_256,M22,d0,5,8:24:37,8:24:37,404977,7.0,1
MQ_A5-Weekday-SDon-049700_M22_256,M22,d0,6,8:26:06,8:26:06,404219,7.0,1
MQ_A5-Weekday-SDon-049700_M22_256,M22,d0,7,8:30:00,8:30:00,903280,11.0,1
MQ_A5-Weekday-SDon-049700_M22_256,M22,d0,8,8:31:02,8:31:02,404101,11.0,1
MQ_A5-Weekday-SDon-049700_M22_256,M22,d0,9,8:32:57,8:32:57,402085,16.0,1
MQ_A5-Weekday-SDon-049700_M22_256,M22,d0,10,8:34:00,8:34:00,401670,5.0,2
MQ_A5-Weekday-SDon-049700_M22_256,M22,d0,11,8:36:00,8:36:00,402088,19.0,2
MQ_A5-Weekday-SDon-049700_M22_256,M22,d0,12,8:37:50,8:37:50,402090,19.0,2
MQ_A5-Weekday-SDon-049700_M22_256,M22,d0,13,8:38:49,8:38:49,402091,20.0,2
MQ_A5-Weekday-SDon-049700_M22_256,M22,d0,14,8:40:00,8:40:00,402092,20.0,2
MQ_A5-Weekday-SDon-049700_M22_256,M22,d0,15,8:40:37,8:40:37,402093,20.0,2
MQ_A5-Weekday-SDon-049700_M22_256,M22,d0,16,8:41:38,8:41:38,402094,17.0,2
MQ_A5-Weekday-SDon-049700_M22_256,M22,d0,17,8:42:37,8:42:37,402095,17.0,2
MQ_A5-Weekday-SDon-049700_M22_256,M22,d0,18,8:43:09,8:43:09,402096,5.0,1
MQ_A5-Weekday-SDon-049700_M22_256,M22,d0,19,8:44:06,8:44:06,402097,9.0,1
MQ_A5-Weekday-SDon-049700_M22_256,M22,d0,20,8:44:48,8:44:48,404922,9.0,1
MQ_A5-Weekday-SDon-049700_M22_256,M22,d0,21,8:46:00,8:46:00,903025,9.0,1
MQ_A5-Weekday-SDon-047000_M22_254,M22,d0,1,7:50:00,7:50:00,405054,6.0,1
MQ_A5-Weekday-SDon-047000_M22_254,M22,d0,2,7:52:16,7:52:16,405056,6.0,1
MQ_A5-Weekday-SDon-047000_M22_254,M22,d0,3,7:54:40,7:54:40,404969,6.0,1
MQ_A5-Weekday-SDon-047000_M22_254,M22,d0,4,7:55:37,7:55:37,404976,6.0,1
MQ_A5-Weekday-SDon-047000_M22_254,M22,d0,5,7:56:27,7:56:27,404977,6.0,1
MQ_A5-Weekday-SDon-047000_M22_254,M22,d0,6,7:57:42,7:57:42,404219,6.0,1
MQ_A5-Weekday-SDon-047000_M22_254,M22,d0,7,8:01:00,8:01:00,903280,14.0,1
MQ_A5-Weekday-SDon-047000_M22_254,M22,d0,8,8:02:02,8:02:02,404101,14.0,1
MQ_A5-Weekday-SDon-047000_M22_254,M22,d0,9,8:03:57,8:03:57,402085,14.0,2
MQ_A5-Weekday-SDon-047000_M22_254,M22,d0,10,8:05:00,8:05:00,401670,23.0,2
MQ_A5-Weekday-SDon-047000_M22_254,M22,d0,11,8:07:00,8:07:00,402088,23.0,2
MQ_A5-Weekday-SDon-047000_M22_254,M22,d0,12,8:08:50,8:08:50,402090,23.0,2
MQ_A5-Weekday-SDon-047000_M22_254,M22,d0,13,8:09:49,8:09:49,402091,23.0,2
MQ_A5-Weekday-SDon-047000_M22_254,M22,d0,14,8:11:00,8:11:00,402092,23.0,2
MQ_A5-Weekday-SDon-047000_M22_254,M22,d0,15,8:11:37,8:11:37,402093,23.0,2
MQ_A5-Weekday-SDon-047000_M22_254,M22,d0,16,8:12:38,8:12:38,402094,19.0,2
MQ_A5-Weekday-SDon-047000_M22_254,M22,d0,17,8:13:37,8:13:37,402095,19.0,2
MQ_A5-Weekday-SDon-047000_M22_254,M22,d0,18,8:14:09,8:14:09,402096,19.0,2
MQ_A5-Weekday-SDon-047000_M22_254,M22,d0,19,8:15:06,8:15:06,402097,19.0,2
MQ_A5-Weekday-SDon-047000_M22_254,M22,d0,20,8:15:48,8:15:48,404922,4.0,1
MQ_A5-Weekday-SDon-047000_M22_254,M22,d0,21,8:17:00,8:17:00,903025,4.0,1
MQ_A5-Weekday-096000_M22_257,M22,d0,1,16:00:00,16:00:00,403399,3.0,1
MQ_A5-Weekday-096000_M22_257,M22,d0,2,16:05:06,16:05:06,803147,16.0,1
MQ_A5-Weekday-096000_M22_257,M22,d0,3,16:06:38,16:06:38,803105,16.0,2
MQ_A5-Weekday-096000_M22_257,M22,d0,4,16:10:00,16:10:00,903280,18.0,2
MQ_A5-Weekday-096000_M22_257,M22,d0,5,16:16:00,16:16:00,404857,20.0,2
MQ_A5-Weekday-096000_M22_257,M22,d0,6,16:17:08,16:17:08,405006,25.0,2
MQ_A5-Weekday-096000_M22_257,M22,d0,7,16:19:29,16:19:29,401168,26.0,2
MQ_A5-Weekday-096000_M22_257,M22,d0,8,16:20:31,16:20:31,401169,26.0,3
MQ_A5-Weekday-096000_M22_257,M22,d0,9,16:23:37,16:23:37,405165,37.0,3
MQ_A5-Weekday-096000_M22_257,M22,d0,10,16:25:00,16:25:00,403317,37.0,3
MQ_A5-Weekday-096000_M22_257,M22,d0,11,16:27:00,16:27:00,403732,37.0,3
MQ_A5-Weekday-096000_M22_257,M22,d0,12,16:31:00,16:31:00,402033,34.0,3
MQ_A5-Weekday-096000_M22_257,M22,d0,13,16:31:57,16:31:57,402034,25.0,2
MQ_A5-Weekday-096000_M22_257,M22,d0,14,16:33:34,16:33:34,404100,26.0,2
MQ_A5-Weekday-096000_M22_257,M22,d0,15,16:35:01,16:35:01,402036,26.0,2
MQ_A5-Weekday-096000_M22_257,M22,d0,16,16:36:21,16:36:21,402037,26.0,2
MQ_A5-Weekday-096000_M22_257,M22,d0,17,16:37:45,16:37:45,402038,26.0,2
MQ_A5-Weekday-096000_M22_257,M22,d0,18,16:39:51,16:39:51,402039,10.0,1
MQ_A5-Weekday-096000_M22_257,M22,d0,19,16:40:59,16:40:59,401630,10.0,1
MQ_A5-Weekday-096000_M22_257,M22,d0,20,16:42:00,16:42:00,402041,10.0,1
MQ_A5-Weekday-096000_M22_257,M22,d0,21,16:43:04,16:43:04,402042,10.0,1
MQ_A5-Weekday-096000_M22_257,M22,d0,22,16:43:55,16:43:55,402043,10.0,1
MQ_A5-Weekday-096000_M22_257,M22,d0,23,16:47:02,16:47:02,404099,10.0,1
MQ_A5-Weekday-096000_M22_257,M22,d0,24,16:49:41,16:49:41,405368,1.0,1
MQ_A5-Weekday-096000_M22_257,M22,d0,25,16:51:00,16:51:00,401691,1.0,1
MQ_A5-Weekday-098700_M22_255,M22,d0,1,16:27:00,16:27:00,405054,4.0,1
MQ_A5-Weekday-098700_M22_255,M22,d0,2,16:30:06,16:30:06,405056,4.0,1
MQ_A5-Weekday-098700_M22_255,M22,d0,3,16:33:22,16:33:22,404969,4.0,1
MQ_A5-Weekday-098700_M22_255,M22,d0,4,16:34:39,16:34:39,404976,3.0,1
MQ_A5-Weekday-098700_M22_255,M22,d0,5,16:35:47,16:35:47,404977,9.0,1
MQ_A5-Weekday-098700_M22_255,M22,d0,6,16:37:30,16:37:30,404219,9.0,1
MQ_A5-Weekday-098700_M22_255,M22,d0,7,16:42:00,16:42:00,903280,9.0,1
MQ_A5-Weekday-098700_M22_255,M22,d0,8,16:43:02,16:43:02,404101,9.0,1
MQ_A5-Weekday-098700_M22_255,M22,d0,9,16:44:57,16:44:57,402085,9.0,1
MQ_A5-Weekday-098700_M22_255,M22,d0,10,16:46:00,16:46:00,401670,9.0,1
MQ_A5-Weekday-098700_M22_255,M22,d0,11,16:48:00,16:48:00,402088,9.0,1
MQ_A5-Weekday-098700_M22_255,M22,d0,12,16:49:50,16:49:50,402090,9.0,1
MQ_A5-Weekday-098700_M22_255,M22,d0,13,16:50:49,16:50:49,402091,9.0,1
MQ_A5-Weekday-098700_M22_255,M22,d0,14,16:52:00,16:52:00,402092,9.0,1
MQ_A5-Weekday-098700_M22_255,M22,d0,15,16:52:37,16:52:37,402093,9.0,1
MQ_A5-Weekday-098700_M22_255,M22,d0,16,16:53:38,16:53:38,402094,9.0,1
MQ_A5-Weekday-098700_M22_255,M22,d0,17,16:54:37,16:54:37,402095,9.0,1
MQ_A5-Weekday-098700_M22_255,M22,d0,18,16:55:09,16:55:09,402096,9.0,1
MQ_A5-Weekday-098700_M22_255,M22,d0,19,16:56:06,16:56:06,402097,9.0,1
MQ_A5-Weekday-098700_M22_255,M22,d0,20,16:56:48,16:56:48,404922,2.0,1
MQ_A5-Weekday-098700_M22_255,M22,d0,21,16:58:00,16:58:00,903025,2.0,1
MQ_A5-Weekday-SDon-083700_M22_262,M22,d0,1,13:57:00,13:57:00,405054,6.0,1
MQ_A5-Weekday-SDon-083700_M22_262,M22,d0,2,13:59:54,13:59:54,405056,6.0,1
MQ_A5-Weekday-SDon-083700_M22_262,M22,d0,3,14:02:57,14:02:57,404969,6.0,1
MQ_A5-Weekday-SDon-083700_M22_262,M22,d0,4,14:04:08,14:04:08,404976,6.0,1
MQ_A5-Weekday-SDon-083700_M22_262,M22,d0,5,14:05:12,14:05:12,404977,7.0,1
MQ_A5-Weekday-SDon-083700_M22_262,M22,d0,6,14:06:48,14:06:48,404219,8.0,1
MQ_A5-Weekday-SDon-083700_M22_262,M22,d0,7,14:11:00,14:11:00,903280,8.0,1
MQ_A5-Weekday-SDon-083700_M22_262,M22,d0,8,14:12:12,14:12:12,404101,8.0,1
MQ_A5-Weekday-SDon-083700_M22_262,M22,d0,9,14:14:27,14:14:27,402085,8.0,1
MQ_A5-Weekday-SDon-083700_M22_262,M22,d0,10,14:15:40,14:15:40,401670,8.0,1
MQ_A5-Weekday-SDon-083700_M22_262,M22,d0,11,14:18:00,14:18:00,402088,8.0,1
MQ_A5-Weekday-SDon-083700_M22_262,M22,d0,12,14:20:17,14:20:17,402090,5.0,1
MQ_A5-Weekday-SDon-083700_M22_262,M22,d0,13,14:21:31,14:21:31,402091,5.0,1
MQ_A5-Weekday-SDon-083700_M22_262,M22,d0,14,14:23:00,14:23:00,402092,5.0,1
MQ_A5-Weekday-SDon-083700_M22_262,M22,d0,15,14:23:37,14:23:37,402093,5.0,1
MQ_A5-Weekday-SDon-083700_M22_262,M22,d0,16,14:24:38,14:24:38,402094,5.0,1
MQ_A5-Weekday-SDon-083700_M22_262,M22,d0,17,14:25:37,14:25:37,402095,5.0,1
MQ_A5-Weekday-SDon-083700_M22_262,M22,d0,18,14:26:09,14:26:09,402096,5.0,1
MQ_A5-Weekday-SDon-083700_M22_262,M22,d0,19,14:27:06,14:27:06,402097,5.0,1
MQ_A5-Weekday-SDon-083700_M22_262,M22,d0,20,14:27:48,14:27:48,404922,5.0,1
MQ_A5-Weekday-SDon-083700_M22_262,M22,d0,21,14:29:00,14:29:00,903025,5.0,1
MQ_A5-Weekday-SDon-101700_M22_262,M22,d0,1,16:57:00,16:57:00,405054,4.0,1
MQ_A5-Weekday-SDon-101700_M22_262,M22,d0,2,17:00:06,17:00:06,405056,8.0,1
MQ_A5-Weekday-SDon-101700_M22_262,M22,d0,3,17:03:22,17:03:22,404969,10.0,1
MQ_A5-Weekday-SDon-101700_M22_262,M22,d0,4,17:04:39,17:04:39,404976,10.0,1
MQ_A5-Weekday-SDon-101700_M22_262,M22,d0,5,17:05:47,17:05:47,404977,10.0,1
MQ_A5-Weekday-SDon-101700_M22_262,M22,d0,6,17:07:30,17:07:30,404219,10.0,1
MQ_A5-Weekday-SDon-101700_M22_262,M22,d0,7,17:12:00,17:12:00,903280,10.0,1
MQ_A5-Weekday-SDon-101700_M22_262,M22,d0,8,17:13:02,17:13:02,404101,10.0,2
MQ_A5-Weekday-SDon-101700_M22_262,M22,d0,9,17:14:57,17:14:57,402085,17.0,2
MQ_A5-Weekday-SDon-101700_M22_262,M22,d0,10,17:16:00,17:16:00,401670,17.0,2
MQ_A5-Weekday-SDon-101700_M22_262,M22,d0,11,17:18:00,17:18:00,402088,17.0,2
MQ_A5-Weekday-SDon-101700_M22_262,M22,d0,12,17:19:50,17:19:50,402090,16.0,1
MQ_A5-Weekday-SDon-101700_M22_262,M22,d0,13,17:20:49,17:20:49,402091,16.0,1
MQ_A5-Weekday-SDon-101700_M22_262,M22,d0,14,17:22:00,17:22:00,402092,10.0,1
MQ_A5-Weekday-SDon-101700_M22_262,M22,d0,15,17:22:37,17:22:37,402093,10.0,1
MQ_A5-Weekday-SDon-101700_M22_262,M22,d0,16,17:23:38,17:23:38,402094,10.0,1
MQ_A5-Weekday-SDon-101700_M22_262,M22,d0,17,17:24:37,17:24:37,402095,10.0,1
MQ_A5-Weekday-SDon-101700_M22_262,M22,d0,18,17:25:09,17:25:09,402096,10.0,1
MQ_A5-Weekday-SDon-101700_M22_262,M22,d0,19,17:26:06,17:26:06,402097,7.0,1
MQ_A5-Weekday-SDon-101700_M22_262,M22,d0,20,17:26:48,17:26:48,404922,6.0,1
MQ_A5-Weekday-SDon-101700_M22_262,M22,d0,21,17:28:00,17:28:00,903025,6.0,1
MQ_A5-Weekday-068000_M22_251,M22,d0,1,11:20:00,11:20:00,401528,2.0,1
MQ_A5-Weekday-068000_M22_251,M22,d0,2,11:21:09,11:21:09,401529,2.0,1
MQ_A5-Weekday-068000_M22_251,M22,d0,3,11:21:57,11:21:57,403313,2.0,1
MQ_A5-Weekday-068000_M22_251,M22,d0,4,11:23:00,11:23:00,403312,4.0,1
MQ_A5-Weekday-068000_M22_251,M22,d0,5,11:24:01,11:24:01,401531,4.0,1
MQ_A5-Weekday-068000_M22_251,M22,d0,6,11:25:05,11:25:05,401532,4.0,1
MQ_A5-Weekday-068000_M22_251,M22,d0,7,11:26:05,11:26:05,401533,4.0,1
MQ_A5-Weekday-068000_M22_251,M22,d0,8,11:27:15,11:27:15,401535,4.0,1
MQ_A5-Weekday-068000_M22_251,M22,d0,9,11:28:00,11:28:00,401536,4.0,1
MQ_A5-Weekday-068000_M22_251,M22,d0,10,11:29:52,11:29:52,401538,4.0,1
MQ_A5-Weekday-068000_M22_251,M22,d0,11,11:31:33,11:31:33,400336,6.0,1
MQ_A5-Weekday-068000_M22_251,M22,d0,12,11:33:01,11:33:01,400337,1.0,1
MQ_A5-Weekday-068000_M22_251,M22,d0,13,11:34:00,11:34:00,404010,8.0,1
MQ_A5-Weekday-068000_M22_251,M22,d0,14,11:34:47,11:34:47,401542,7.0,1
MQ_A5-Weekday-068000_M22_251,M22,d0,15,11:36:10,11:36:10,401543,1.0,1
MQ_A5-Weekday-068000_M22_251,M22,d0,16,11:38:01,11:38:01,401544,6.0,1
MQ_A5-Weekday-068000_M22_251,M22,d0,17,11:39:00,11:39:00,401545,1.0,1
MQ_A5-Weekday-068000_M22_251,M22,d0,18,11:39:48,11:39:48,401547,1.0,1
MQ_A5-Weekday-068000_M22_251,M22,d0,19,11:40:39,11:40:39,401548,1.0,1
MQ_A5-Weekday-068000_M22_251,M22,d0,20,11:41:32,11:41:32,401549,1.0,1
MQ_A5-Weekday-068000_M22_251,M22,d0,21,11:42:15,11:42:15,401591,1.0,1
MQ_A5-Weekday-068000_M22_251,M22,d0,22,11:43:00,11:43:00,803177,1.0,1
MQ_A5-Weekday-150000_M22_263,M22,d0,1,25:00:00,25:00:00,405054,1.0,1
MQ_A5-Weekday-150000_M22_263,M22,d0,2,25:01:27,25:01:27,405056,1.0,1
MQ_A5-Weekday-150000_M22_263,M22,d0,3,25:02:58,25:02:58,404969,1.0,1
MQ_A5-Weekday-150000_M22_263,M22,d0,4,25:03:34,25:03:34,404976,1.0,1
MQ_A5-Weekday-150000_M22_263,M22,d0,5,25:04:06,25:04:06,404977,1.0,1
MQ_A5-Weekday-150000_M22_263,M22,d0,6,25:04:54,25:04:54,404219,1.0,1
MQ_A5-Weekday-150000_M22_263,M22,d0,7,25:07:00,25:07:00,903280,1.0,1
MQ_A5-Weekday-150000_M22_263,M22,d0,8,25:07:41,25:07:41,404101,1.0,1
MQ_A5-Weekday-150000_M22_263,M22,d0,9,25:08:58,25:08:58,402085,1.0,1
MQ_A5-Weekday-150000_M22_263,M22,d0,10,25:09:40,25:09:40,401670,1.0,1
MQ_A5-Weekday-150000_M22_263,M22,d0,11,25:11:00,25:11:00,402088,1.0,1
MQ_A5-Weekday-150000_M22_263,M22,d0,12,25:11:55,25:11:55,402090,1.0,1
MQ_A5-Weekday-150000_M22_263,M22,d0,13,25:12:25,25:12:25,402091,1.0,1
MQ_A5-Weekday-150000_M22_263,M22,d0,14,25:13:00,25:13:00,402092,1.0,1
MQ_A5-Weekday-150000_M22_263,M22,d0,15,25:13:12,25:13:12,402093,1.0,1
MQ_A5-Weekday-150000_M22_263,M22,d0,16,25:13:33,25:13:33,402094,1.0,1
MQ_A5-Weekday-150000_M22_263,M22,d0,17,25:13:52,25:13:52,402095,1.0,1
MQ_A5-Weekday-150000_M22_263,M22,d0,18,25:14:03,25:14:03,402096,1.0,1
MQ_A5-Weekday-150000_M22_263,M22,d0,19,25:14:22,25:14:22,402097,1.0,1
MQ_A5-Weekday-150000_M22_263,M22,d0,20,25:14:36,25:14:36,404922,1.0,1
MQ_A5-Weekday-150000_M22_263,M22,d0,21,25:15:00,25:15:00,903025,1.0,1
MQ_A5-Weekday-SDon-068100_M22_253,M22,d0,1,11:21:00,11:21:00,403399,11.0,1
MQ_A5-Weekday-SDon-068100_M22_253,M22,d0,2,11:26:36,11:26:36,803147,11.0,1
MQ_A5-Weekday-SDon-068100_M22_253,M22,d0,3,11:28:18,11:28:18,803105,6.0,1
MQ_A5-Weekday-SDon-068100_M22_253,M22,d0,4,11:32:00,11:32:00,903280,11.0,3
MQ_A5-Weekday-SDon-068100_M22_253,M22,d0,5,11:38:00,11:38:00,404857,35.0,3
MQ_A5-Weekday-SDon-068100_M22_253,M22,d0,6,11:39:08,11:39:08,405006,35.0,3
MQ_A5-Weekday-SDon-068100_M22_253,M22,d0,7,11:41:29,11:41:29,401168,14.0,3
MQ_A5-Weekday-SDon-068100_M22_253,M22,d0,8,11:42:31,11:42:31,401169,38.0,3
MQ_A5-Weekday-SDon-068100_M22_253,M22,d0,9,11:45:37,11:45:37,405165,17.0,2
MQ_A5-Weekday-SDon-068100_M22_253,M22,d0,10,11:47:00,11:47:00,403317,15.0,4
MQ_A5-Weekday-SDon-068100_M22_253,M22,d0,11,11:49:00,11:49:00,403732,49.0,4
MQ_A5-Weekday-SDon-068100_M22_253,M22,d0,12,11:53:00,11:53:00,402033,49.0,4
MQ_A5-Weekday-SDon-068100_M22_253,M22,d0,13,11:53:57,11:53:57,402034,45.0,3
MQ_A5-Weekday-SDon-068100_M22_253,M22,d0,14,11:55:34,11:55:34,404100,45.0,3
MQ_A5-Weekday-SDon-068100_M22_253,M22,d0,15,11:57:01,11:57:01,402036,41.0,3
MQ_A5-Weekday-SDon-068100_M22_253,M22,d0,16,11:58:21,11:58:21,402037,39.0,3
MQ_A5-Weekday-SDon-068100_M22_253,M22,d0,17,11:59:45,11:59:45,402038,38.0,3
MQ_A5-Weekday-SDon-068100_M22_253,M22,d0,18,12:01:51,12:01:51,402039,34.0,3
MQ_A5-Weekday-SDon-068100_M22_253,M22,d0,19,12:02:59,12:02:59,401630,28.0,2
MQ_A5-Weekday-SDon-068100_M22_253,M22,d0,20,12:04:00,12:04:00,402041,23.0,2
MQ_A5-Weekday-SDon-068100_M22_253,M22,d0,21,12:05:04,12:05:04,402042,9.0,2
MQ_A5-Weekday-SDon-068100_M22_253,M22,d0,22,12:05:55,12:05:55,402043,21.0,2
MQ_A5-Weekday-SDon-068100_M22_253,M22,d0,23,12:09:02,12:09:02,404099,19.0,2
MQ_A5-Weekday-SDon-068100_M22_253,M22,d0,24,12:11:41,12:11:41,405368,16.0,1
MQ_A5-Weekday-SDon-068100_M22_253,M22,d0,25,12:13:00,12:13:00,401691,16.0,1
MQ_A5-Weekday-SDon-061700_M22_260,M22,d0,1,10:17:00,10:17:00,405054,1.0,1
MQ_A5-Weekday-SDon-061700_M22_260,M22,d0,2,10:19:54,10:19:54,405056,1.0,1
MQ_A5-Weekday-SDon-061700_M22_260,M22,d0,3,10:22:57,10:22:57,404969,2.0,1
MQ_A5-Weekday-SDon-061700_M22_260,M22,d0,4,10:24:08,10:24:08,404976,2.0,1
MQ_A5-Weekday-SDon-061700_M22_260,M22,d0,5,10:25:12,10:25:12,404977,2.0,1
MQ_A5-Weekday-SDon-061700_M22_260,M22,d0,6,10:26:48,10:26:48,404219,4.0,1
MQ_A5-Weekday-SDon-061700_M22_260,M22,d0,7,10:31:00,10:31:00,903280,8.0,1
MQ_A5-Weekday-SDon-061700_M22_260,M22,d0,8,10:32:12,10:32:12,404101,8.0,1
MQ_A5-Weekday-SDon-061700_M22_260,M22,d0,9,10:34:27,10:34:27,402085,15.0,1
MQ_A5-Weekday-SDon-061700_M22_260,M22,d0,10,10:35:40,10:35:40,401670,15.0,1
MQ_A5-Weekday-SDon-061700_M22_260,M22,d0,11,10:38:00,10:38:00,402088,16.0,1
MQ_A5-Weekday-SDon-061700_M22_260,M22,d0,12,10:39:50,10:39:50,402090,16.0,1
MQ_A5-Weekday-SDon-061700_M22_260,M22,d0,13,10:40:49,10:40:49,402091,16.0,1
MQ_A5-Weekday-SDon-061700_M22_260,M22,d0,14,10:42:00,10:42:00,402092,16.0,1
MQ_A5-Weekday-SDon-061700_M22_260,M22,d0,15,10:42:30,10:42:30,402093,15.0,1
MQ_A5-Weekday-SDon-061700_M22_260,M22,d0,16,10:43:21,10:43:21,402094,16.0,1
MQ_A5-Weekday-SDon-061700_M22_260,M22,d0,17,10:44:11,10:44:11,402095,16.0,1
MQ_A5-Weekday-SDon-061700_M22_260,M22,d0,18,10:44:38,10:44:38,402096,2.0,1
MQ_A5-Weekday-SDon-061700_M22_260,M22,d0,19,10:45:25,10:45:25,402097,12.0,1
MQ_A5-Weekday-SDon-061700_M22_260,M22,d0,20,10:46:00,10:46:00,404922,10.0,1
MQ_A5-Weekday-SDon-061700_M22_260,M22,d0,21,10:47:00,10:47:00,903025,10.0,1
MQ_A5-Weekday-067000_M22_252,M22,d0,1,11:10:00,11:10:00,404990,5.0,1
MQ_A5-Weekday-067000_M22_252,M22,d0,2,11:10:41,11:10:41,403851,5.0,1
MQ_A5-Weekday-067000_M22_252,M22,d0,3,11:12:17,11:12:17,400917,5.0,1
MQ_A5-Weekday-067000_M22_252,M22,d0,4,11:13:05,11:13:05,404132,5.0,1
MQ_A5-Weekday-067000_M22_252,M22,d0,5,11:14:00,11:14:00,402022,5.0,1
MQ_A5-Weekday-067000_M22_252,M22,d0,6,11:15:28,11:15:28,402023,5.0,1
MQ_A5-Weekday-067000_M22_252,M22,d0,7,11:17:08,11:17:08,402024,5.0,1
MQ_A5-Weekday-067000_M22_252,M22,d0,8,11:18:11,11:18:11,405172,5.0,1
MQ_A5-Weekday-067000_M22_252,M22,d0,9,11:20:48,11:20:48,402027,3.0,1
MQ_A5-Weekday-067000_M22_252,M22,d0,10,11:22:09,11:22:09,402028,3.0,1
MQ_A5-Weekday-067000_M22_252,M22,d0,11,11:23:21,11:23:21,402029,4.0,1
MQ_A5-Weekday-067000_M22_252,M22,d0,12,11:25:00,11:25:00,401787,4.0,1
MQ_A5-Weekday-067000_M22_252,M22,d0,13,11:27:12,11:27:12,402032,4.0,1
MQ_A5-Weekday-067000_M22_252,M22,d0,14,11:28:06,11:28:06,402033,2.0,1
MQ_A5-Weekday-067000_M22_252,M22,d0,15,11:28:49,11:28:49,402034,4.0,1
MQ_A5-Weekday-067000_M22_252,M22,d0,16,11:30:00,11:30:00,404100,2.0,1
MQ_A5-Weekday-067000_M22_252,M22,d0,17,11:31:05,11:31:05,403808,3.0,1
MQ_A5-Weekday-067000_M22_252,M22,d0,18,11:31:36,11:31:36,401598,3.0,1
MQ_A5-Weekday-067000_M22_252,M22,d0,19,11:32:00,11:32:00,401599,3.0,1
MQ_A5-Weekday-067000_M22_252,M22,d0,20,11:33:00,11:33:00,401600,2.0,1
MQ_A5-Weekday-067000_M22_252,M22,d0,21,11:34:00,11:34:00,803115,2.0,1
MQ_A5-Weekday-109000_M22_257,M22,d0,1,18:10:00,18:10:00,403399,11.0,1
MQ_A5-Weekday-109000_M22_257,M22,d0,2,18:15:06,18:15:06,803147,11.0,1
MQ_A5-Weekday-109000_M22_257,M22,d0,3,18:16:38,18:16:38,803105,11.0,1
MQ_A5-Weekday-109000_M22_257,M22,d0,4,18:20:00,18:20:00,903280,14.0,1
MQ_A5-Weekday-109000_M22_257,M22,d0,5,18:26:00,18:26:00,404857,15.0,2
MQ_A5-Weekday-109000_M22_257,M22,d0,6,18:27:08,18:27:08,405006,25.0,2
MQ_A5-Weekday-109000_M22_257,M22,d0,7,18:29:29,18:29:29,401168,10.0,2
MQ_A5-Weekday-109000_M22_257,M22,d0,8,18:30:31,18:30:31,401169,25.0,2
MQ_A5-Weekday-109000_M22_257,M22,d0,9,18:33:37,18:33:37,405165,25.0,2
MQ_A5-Weekday-109000_M22_257,M22,d0,10,18:35:00,18:35:00,403317,19.0,2
MQ_A5-Weekday-109000_M22_257,M22,d0,11,18:36:40,18:36:40,403732,24.0,2
MQ_A5-Weekday-109000_M22_257,M22,d0,12,18:40:00,18:40:00,402033,24.0,2
MQ_A5-Weekday-109000_M22_257,M22,d0,13,18:40:52,18:40:52,402034,20.0,2
MQ_A5-Weekday-109000_M22_257,M22,d0,14,18:42:20,18:42:20,404100,18.0,2
MQ_A5-Weekday-109000_M22_257,M22,d0,15,18:43:39,18:43:39,402036,9.0,1
MQ_A5-Weekday-109000_M22_257,M22,d0,16,18:44:51,18:44:51,402037,9.0,1
MQ_A5-Weekday-109000_M22_257,M22,d0,17,18:46:08,18:46:08,402038,7.0,1
MQ_A5-Weekday-109000_M22_257,M22,d0,18,18:48:03,18:48:03,402039,7.0,1
MQ_A5-Weekday-109000_M22_257,M22,d0,19,18:49:05,18:49:05,401630,7.0,1
MQ_A5-Weekday-109000_M22_257,M22,d0,20,18:50:00,18:50:00,402041,2.0,1
MQ_A5-Weekday-109000_M22_257,M22,d0,21,18:50:57,18:50:57,402042,6.0,1
MQ_A5-Weekday-109000_M22_257,M22,d0,22,18:51:42,18:51:42,402043,6.0,1
MQ_A5-Weekday-109000_M22_257,M22,d0,23,18:54:29,18:54:29,404099,6.0,1
MQ_A5-Weekday-109000_M22_257,M22,d0,24,18:56:50,18:56:50,405368,6.0,1
MQ_A5-Weekday-109000_M22_257,M22,d0,25,18:58:00,18:58:00,401691,6.0,1
MQ_A5-Weekday-135000_M22_262,M22,d0,1,22:30:00,22:30:00,404990,3.0,1
MQ_A5-Weekday-135000_M22_262,M22,d0,2,22:30:41,22:30:41,403851,3.0,1
MQ_A5-Weekday-135000_M22_262,M22,d0,3,22:32:17,22:32:17,400917,5.0,1
MQ_A5-Weekday-135000_M22_262,M22,d0,4,22:33:05,22:33:05,404132,4.0,1
MQ_A5-Weekday-135000_M22_262,M22,d0,5,22:34:00,22:34:00,402022,2.0,1
MQ_A5-Weekday-135000_M22_262,M22,d0,6,22:34:56,22:34:56,402023,5.0,1
MQ_A5-Weekday-135000_M22_262,M22,d0,7,22:36:00,22:36:00,402024,5.0,1
MQ_A5-Weekday-135000_M22_262,M22,d0,8,22:36:40,22:36:40,405172,5.0,1
MQ_A5-Weekday-135000_M22_262,M22,d0,9,22:38:20,22:38:20,402027,6.0,1
MQ_A5-Weekday-135000_M22_262,M22,d0,10,22:39:11,22:39:11,402028,6.0,1
MQ_A5-Weekday-135000_M22_262,M22,d0,11,22:39:57,22:39:57,402029,6.0,1
MQ_A5-Weekday-135000_M22_262,M22,d0,12,22:41:00,22:41:00,401787,7.0,1
MQ_A5-Weekday-135000_M22_262,M22,d0,13,22:42:45,22:42:45,402032,4.0,1
MQ_A5-Weekday-135000_M22_262,M22,d0,14,22:43:29,22:43:29,402033,4.0,1
MQ_A5-Weekday-135000_M22_262,M22,d0,15,22:44:03,22:44:03,402034,2.0,1
MQ_A5-Weekday-135000_M22_262,M22,d0,16,22:45:00,22:45:00,404100,7.0,1
MQ_A5-Weekday-135000_M22_262,M22,d0,17,22:46:05,22:46:05,403808,7.0,1
MQ_A5-Weekday-135000_M22_262,M22,d0,18,22:46:36,22:46:36,401598,1.0,1
MQ_A5-Weekday-135000_M22_262,M22,d0,19,22:47:00,22:47:00,401599,8.0,1
MQ_A5-Weekday-135000_M22_262,M22,d0,20,22:48:00,22:48:00,401600,8.0,1
MQ_A5-Weekday-135000_M22_262,M22,d0,21,22:49:00,22:49:00,803115,8.0,1
MQ_A5-Weekday-SDon-052700_M22_257,M22,d0,1,8:47:00,8:47:00,405054,3.0,1
MQ_A5-Weekday-SDon-052700_M22_257,M22,d0,2,8:49:41,8:49:41,405056,3.0,1
MQ_A5-Weekday-SDon-052700_M22_257,M22,d0,3,8:52:31,8:52:31,404969,3.0,1
MQ_A5-Weekday-SDon-052700_M22_257,M22,d0,4,8:53:38,8:53:38,404976,4.0,1
MQ_A5-Weekday-SDon-052700_M22_257,M22,d0,5,8:54:37,8:54:37,404977,2.0,1
MQ_A5-Weekday-SDon-052700_M22_257,M22,d0,6,8:56:06,8:56:06,404219,3.0,1
MQ_A5-Weekday-SDon-052700_M22_257,M22,d0,7,9:00:00,9:00:00,903280,4.0,1
MQ_A5-Weekday-SDon-052700_M22_257,M22,d0,8,9:01:12,9:01:12,404101,4.0,1
MQ_A5-Weekday-SDon-052700_M22_257,M22,d0,9,9:03:27,9:03:27,402085,3.0,1
MQ_A5-Weekday-SDon-052700_M22_257,M22,d0,10,9:04:40,9:04:40,401670,5.0,1
MQ_A5-Weekday-SDon-052700_M22_257,M22,d0,11,9:07:00,9:07:00,402088,6.0,1
MQ_A5-Weekday-SDon-052700_M22_257,M22,d0,12,9:08:50,9:08:50,402090,6.0,1
MQ_A5-Weekday-SDon-052700_M22_257,M22,d0,13,9:09:49,9:09:49,402091,7.0,1
MQ_A5-Weekday-SDon-052700_M22_257,M22,d0,14,9:11:00,9:11:00,402092,4.0,1
MQ_A5-Weekday-SDon-052700_M22_257,M22,d0,15,9:11:30,9:11:30,402093,7.0,1
MQ_A5-Weekday-SDon-052700_M22_257,M22,d0,16,9:12:21,9:12:21,402094,9.0,1
MQ_A5-Weekday-SDon-052700_M22_257,M22,d0,17,9:13:11,9:13:11,402095,5.0,1
MQ_A5-Weekday-SDon-052700_M22_257,M22,d0,18,9:13:38,9:13:38,402096,5.0,1
MQ_A5-Weekday-SDon-052700_M22_257,M22,d0,19,9:14:25,9:14:25,402097,5.0,1
MQ_A5-Weekday-SDon-052700_M22_257,M22,d0,20,9:15:00,9:15:00,404922,5.0,1
MQ_A5-Weekday-SDon-052700_M22_257,M22,d0,21,9:16:00,9:16:00,903025,5.0,1
MQ_A5-Weekday-SDon-039000_M22_251,M22,d0,1,6:30:00,6:30:00,405054,5.0,1
MQ_A5-Weekday-SDon-039000_M22_251,M22,d0,2,6:31:52,6:31:52,405056,6.0,1
MQ_A5-Weekday-SDon-039000_M22_251,M22,d0,3,6:33:49,6:33:49,404969,6.0,1
MQ_A5-Weekday-SDon-039000_M22_251,M22,d0,4,6:34:35,6:34:35,404976,2.0,1
MQ_A5-Weekday-SDon-039000_M22_251,M22,d0,5,6:35:16,6:35:16,404977,7.0,1
MQ_A5-Weekday-SDon-039000_M22_251,M22,d0,6,6:36:18,6:36:18,404219,6.0,1
MQ_A5-Weekday-SDon-039000_M22_251,M22,d0,7,6:39:00,6:39:00,903280,6.0,1
MQ_A5-Weekday-SDon-039000_M22_251,M22,d0,8,6:39:41,6:39:41,404101,6.0,1
MQ_A5-Weekday-SDon-039000_M22_251,M22,d0,9,6:40:58,6:40:58,402085,1.0,1
MQ_A5-Weekday-SDon-039000_M22_251,M22,d0,10,6:41:40,6:41:40,401670,6.0,1
MQ_A5-Weekday-SDon-039000_M22_251,M22,d0,11,6:43:00,6:43:00,402088,5.0,1
MQ_A5-Weekday-SDon-039000_M22_251,M22,d0,12,6:44:23,6:44:23,402090,2.0,1
MQ_A5-Weekday-SDon-039000_M22_251,M22,d0,13,6:45:07,6:45:07,402091,2.0,1
MQ_A5-Weekday-SDon-039000_M22_251,M22,d0,14,6:46:00,6:46:00,402092,4.0,1
MQ_A5-Weekday-SDon-039000_M22_251,M22,d0,15,6:46:18,6:46:18,402093,5.0,1
MQ_A5-Weekday-SDon-039000_M22_251,M22,d0,16,6:46:49,6:46:49,402094,5.0,1
MQ_A5-Weekday-SDon-039000_M22_251,M22,d0,17,6:47:19,6:47:19,402095,4.0,1
MQ_A5-Weekday-SDon-039000_M22_251,M22,d0,18,6:47:35,6:47:35,402096,4.0,1
MQ_A5-Weekday-SDon-039000_M22_251,M22,d0,19,6:48:03,6:48:03,402097,2.0,1
MQ_A5-Weekday-SDon-039000_M22_251,M22,d0,20,6:48:24,6:48:24,404922,5.0,1
MQ_A5-Weekday-SDon-039000_M22_251,M22,d0,21,6:49:00,6:49:00,903025,5.0,1
MQ_A5-Weekday-061000_M22_251,M22,d0,1,10:10:00,10:10:00,401528,2.0,1
MQ_A5-Weekday-061000_M22_251,M22,d0,2,10:11:00,10:11:00,401529,2.0,1
MQ_A5-Weekday-061000_M22_251,M22,d0,3,10:11:43,10:11:43,403313,2.0,1
MQ_A5-Weekday-061000_M22_251,M22,d0,4,10:12:37,10:12:37,403312,2.0,1
MQ_A5-Weekday-061000_M22_251,M22,d0,5,10:13:31,10:13:31,401531,2.0,1
MQ_A5-Weekday-061000_M22_251,M22,d0,6,10:14:27,10:14:27,401532,2.0,1
MQ_A5-Weekday-061000_M22_251,M22,d0,7,10:15:20,10:15:20,401533,2.0,1
MQ_A5-Weekday-061000_M22_251,M22,d0,8,10:16:20,10:16:20,401535,2.0,1
MQ_A5-Weekday-061000_M22_251,M22,d0,9,10:17:00,10:17:00,401536,2.0,1
MQ_A5-Weekday-061000_M22_251,M22,d0,10,10:18:52,10:18:52,401538,2.0,1
MQ_A5-Weekday-061000_M22_251,M22,d0,11,10:20:33,10:20:33,400336,2.0,1
MQ_A5-Weekday-061000_M22_251,M22,d0,12,10:22:01,10:22:01,400337,2.0,1
MQ_A5-Weekday-061000_M22_251,M22,d0,13,10:23:00,10:23:00,404010,2.0,1
MQ_A5-Weekday-061000_M22_251,M22,d0,14,10:23:47,10:23:47,401542,3.0,1
MQ_A5-Weekday-061000_M22_251,M22,d0,15,10:25:10,10:25:10,401543,3.0,1
MQ_A5-Weekday-061000_M22_251,M22,d0,16,10:27:01,10:27:01,401544,1.0,1
MQ_A5-Weekday-061000_M22_251,M22,d0,17,10:28:00,10:28:00,401545,1.0,1
MQ_A5-Weekday-061000_M22_251,M22,d0,18,10:28:48,10:28:48,401547,1.0,1
MQ_A5-Weekday-061000_M22_251,M22,d0,19,10:29:39,10:29:39,401548,1.0,1
MQ_A5-Weekday-061000_M22_251,M22,d0,20,10:30:32,10:30:32,401549,1.0,1
MQ_A5-Weekday-061000_M22_251,M22,d0,21,10:31:15,10:31:15,401591,1.0,1
MQ_A5-Weekday-061000_M22_251,M22,d0,22,10:32:00,10:32:00,803177,1.0,1
MQ_A5-Weekday-SDon-055700_M22_255,M22,d0,1,9:17:00,9:17:00,405054,9.0,1
MQ_A5-Weekday-SDon-055700_M22_255,M22,d0,2,9:19:54,9:19:54,405056,5.0,1
MQ_A5-Weekday-SDon-055700_M22_255,M22,d0,3,9:22:57,9:22:57,404969,7.0,1
MQ_A5-Weekday-SDon-055700_M22_255,M22,d0,4,9:24:08,9:24:08,404976,4.0,1
MQ_A5-Weekday-SDon-055700_M22_255,M22,d0,5,9:25:12,9:25:12,404977,4.0,1
MQ_A5-Weekday-SDon-055700_M22_255,M22,d0,6,9:26:48,9:26:48,404219,4.0,1
MQ_A5-Weekday-SDon-055700_M22_255,M22,d0,7,9:31:00,9:31:00,903280,4.0,1
MQ_A5-Weekday-SDon-055700_M22_255,M22,d0,8,9:32:12,9:32:12,404101,9.0,1
MQ_A5-Weekday-SDon-055700_M22_255,M22,d0,9,9:34:27,9:34:27,402085,9.0,1
MQ_A5-Weekday-SDon-055700_M22_255,M22,d0,10,9:35:40,9:35:40,401670,9.0,1
MQ_A5-Weekday-SDon-055700_M22_255,M22,d0,11,9:38:00,9:38:00,402088,9.0,1
MQ_A5-Weekday-SDon-055700_M22_255,M22,d0,12,9:39:50,9:39:50,402090,9.0,1
MQ_A5-Weekday-SDon-055700_M22_255,M22,d0,13,9:40:49,9:40:49,402091,10.0,1
MQ_A5-Weekday-SDon-055700_M22_255,M22,d0,14,9:42:00,9:42:00,402092,8.0,1
MQ_A5-Weekday-SDon-055700_M22_255,M22,d0,15,9:42:30,9:42:30,402093,8.0,1
MQ_A5-Weekday-SDon-055700_M22_255,M22,d0,16,9:43:21,9:43:21,402094,6.0,1
MQ_A5-Weekday-SDon-055700_M22_255,M22,d0,17,9:44:11,9:44:11,402095,6.0,1
MQ_A5-Weekday-SDon-055700_M22_255,M22,d0,18,9:44:38,9:44:38,402096,6.0,1
MQ_A5-Weekday-SDon-055700_M22_255,M22,d0,19,9:45:25,9:45:25,402097,5.0,1
MQ_A5-Weekday-SDon-055700_M22_255,M22,d0,20,9:46:00,9:46:00,404922,5.0,1
MQ_A5-Weekday-SDon-055700_M22_255,M22,d0,21,9:47:00,9:47:00,903025,5.0,1
MQ_A5-Weekday-SDon-109000_M22_263,M22,d0,1,18:10:00,18:10:00,405054,2.0,1
MQ_A5-Weekday-SDon-109000_M22_263,M22,d0,2,18:12:41,18:12:41,405056,2.0,1
MQ_A5-Weekday-SDon-109000_M22_263,M22,d0,3,18:15:31,18:15:31,404969,5.0,1
MQ_A5-Weekday-SDon-109000_M22_263,M22,d0,4,18:16:38,18:16:38,404976,5.0,1
MQ_A5-Weekday-SDon-109000_M22_263,M22,d0,5,18:17:37,18:17:37,404977,5.0,1
MQ_A5-Weekday-SDon-109000_M22_263,M22,d0,6,18:19:06,18:19:06,404219,5.0,1
MQ_A5-Weekday-SDon-109000_M22_263,M22,d0,7,18:23:00,18:23:00,903280,13.0,1
MQ_A5-Weekday-SDon-109000_M22_263,M22,d0,8,18:24:02,18:24:02,404101,13.0,1
MQ_A5-Weekday-SDon-109000_M22_263,M22,d0,9,18:25:57,18:25:57,402085,6.0,1
MQ_A5-Weekday-SDon-109000_M22_263,M22,d0,10,18:27:00,18:27:00,401670,10.0,1
MQ_A5-Weekday-SDon-109000_M22_263,M22,d0,11,18:29:00,18:29:00,402088,10.0,1
MQ_A5-Weekday-SDon-109000_M22_263,M22,d0,12,18:30:50,18:30:50,402090,10.0,1
MQ_A5-Weekday-SDon-109000_M22_263,M22,d0,13,18:31:49,18:31:49,402091,1.0,1
MQ_A5-Weekday-SDon-109000_M22_263,M22,d0,14,18:33:00,18:33:00,402092,9.0,1
MQ_A5-Weekday-SDon-109000_M22_263,M22,d0,15,18:33:30,18:33:30,402093,9.0,1
MQ_A5-Weekday-SDon-109000_M22_263,M22,d0,16,18:34:21,18:34:21,402094,9.0,1
MQ_A5-Weekday-SDon-109000_M22_263,M22,d0,17,18:35:11,18:35:11,402095,9.0,1
MQ_A5-Weekday-SDon-109000_M22_263,M22,d0,18,18:35:38,18:35:38,402096,1.0,1
MQ_A5-Weekday-SDon-109000_M22_263,M22,d0,19,18:36:25,18:36:25,402097,1.0,1
MQ_A5-Weekday-SDon-109000_M22_263,M22,d0,20,18:37:00,18:37:00,404922,1.0,1
MQ_A5-Weekday-SDon-109000_M22_263,M22,d0,21,18:38:00,18:38:00,903025,1.0,1
MQ_A5-Weekday-SDon-036000_M22_252,M22,d0,1,6:00:00,6:00:00,405054,1.0,1
MQ_A5-Weekday-SDon-036000_M22_252,M22,d0,2,6:01:52,6:01:52,405056,1.0,1
MQ_A5-Weekday-SDon-036000_M22_252,M22,d0,3,6:03:49,6:03:49,404969,1.0,1
MQ_A5-Weekday-SDon-036000_M22_252,M22,d0,4,6:04:35,6:04:35,404976,1.0,1
MQ_A5-Weekday-SDon-036000_M22_252,M22,d0,5,6:05:16,6:05:16,404977,1.0,1
MQ_A5-Weekday-SDon-036000_M22_252,M22,d0,6,6:06:18,6:06:18,404219,1.0,1
MQ_A5-Weekday-SDon-036000_M22_252,M22,d0,7,6:09:00,6:09:00,903280,1.0,1
MQ_A5-Weekday-SDon-036000_M22_252,M22,d0,8,6:09:41,6:09:41,404101,1.0,1
MQ_A5-Weekday-SDon-036000_M22_252,M22,d0,9,6:10:58,6:10:58,402085,1.0,1
MQ_A5-Weekday-SDon-036000_M22_252,M22,d0,10,6:11:40,6:11:40,401670,1.0,1
MQ_A5-Weekday-SDon-036000_M22_252,M22,d0,11,6:13:00,6:13:00,402088,1.0,1
MQ_A5-Weekday-SDon-036000_M22_252,M22,d0,12,6:14:23,6:14:23,402090,1.0,1
MQ_A5-Weekday-SDon-036000_M22_252,M22,d0,13,6:15:07,6:15:07,402091,1.0,1
MQ_A5-Weekday-SDon-036000_M22_252,M22,d0,14,6:16:00,6:16:00,402092,1.0,1
MQ_A5-Weekday-SDon-036000_M22_252,M22,d0,15,6:16:18,6:16:18,402093,1.0,1
MQ_A5-Weekday-SDon-036000_M22_252,M22,d0,16,6:16:49,6:16:49,402094,2.0,1
MQ_A5-Weekday-SDon-036000_M22_252,M22,d0,17,6:17:19,6:17:19,402095,2.0,1
MQ_A5-Weekday-SDon-036000_M22_252,M22,d0,18,6:17:35,6:17:35,402096,1.0,1
MQ_A5-Weekday-SDon-036000_M22_252,M22,d0,19,6:18:03,6:18:03,402097,1.0,1
MQ_A5-Weekday-SDon-036000_M22_252,M22,d0,20,6:18:24,6:18:24,404922,1.0,1
MQ_A5-Weekday-SDon-036000_M22_252,M22,d0,21,6:19:00,6:19:00,903025,1.0,1
MQ_A5-Weekday-091700_M22_256,M22,d0,1,15:17:00,15:17:00,405054,11.0,1
MQ_A5-Weekday-091700_M22_256,M22,d0,2,15:19:54,15:19:54,405056,11.0,1
MQ_A5-Weekday-091700_M22_256,M22,d0,3,15:22:57,15:22:57,404969,11.0,1
MQ_A5-Weekday-091700_M22_256,M22,d0,4,15:24:08,15:24:08,404976,11.0,1
MQ_A5-Weekday-091700_M22_256,M22,d0,5,15:25:12,15:25:12,404977,12.0,1
MQ_A5-Weekday-091700_M22_256,M22,d0,6,15:26:48,15:26:48,404219,8.0,2
MQ_A5-Weekday-091700_M22_256,M22,d0,7,15:31:00,15:31:00,903280,20.0,2
MQ_A5-Weekday-091700_M22_256,M22,d0,8,15:32:12,15:32:12,404101,20.0,2
MQ_A5-Weekday-091700_M22_256,M22,d0,9,15:34:27,15:34:27,402085,19.0,2
MQ_A5-Weekday-091700_M22_256,M22,d0,10,15:35:40,15:35:40,401670,19.0,2
MQ_A5-Weekday-091700_M22_256,M22,d0,11,15:38:00,15:38:00,402088,25.0,2
MQ_A5-Weekday-091700_M22_256,M22,d0,12,15:40:17,15:40:17,402090,26.0,2
MQ_A5-Weekday-091700_M22_256,M22,d0,13,15:41:31,15:41:31,402091,26.0,2
MQ_A5-Weekday-091700_M22_256,M22,d0,14,15:43:00,15:43:00,402092,8.0,1
MQ_A5-Weekday-091700_M22_256,M22,d0,15,15:43:37,15:43:37,402093,5.0,1
MQ_A5-Weekday-091700_M22_256,M22,d0,16,15:44:38,15:44:38,402094,4.0,1
MQ_A5-Weekday-091700_M22_256,M22,d0,17,15:45:37,15:45:37,402095,16.0,1
MQ_A5-Weekday-091700_M22_256,M22,d0,18,15:46:09,15:46:09,402096,2.0,1
MQ_A5-Weekday-091700_M22_256,M22,d0,19,15:47:06,15:47:06,402097,3.0,1
MQ_A5-Weekday-091700_M22_256,M22,d0,20,15:47:48,15:47:48,404922,3.0,1
MQ_A5-Weekday-091700_M22_256,M22,d0,21,15:49:00,15:49:00,903025,3.0,1
MQ_A5-Weekday-144000_M22_263,M22,d0,1,24:00:00,24:00:00,405054,1.0,1
MQ_A5-Weekday-144000_M22_263,M22,d0,2,24:01:39,24:01:39,405056,2.0,1
MQ_A5-Weekday-144000_M22_263,M22,d0,3,24:03:24,24:03:24,404969,2.0,1
MQ_A5-Weekday-144000_M22_263,M22,d0,4,24:04:05,24:04:05,404976,2.0,1
MQ_A5-Weekday-144000_M22_263,M22,d0,5,24:04:41,24:04:41,404977,2.0,1
MQ_A5-Weekday-144000_M22_263,M22,d0,6,24:05:36,24:05:36,404219,4.0,1
MQ_A5-Weekday-144000_M22_263,M22,d0,7,24:08:00,24:08:00,903280,4.0,1
MQ_A5-Weekday-144000_M22_263,M22,d0,8,24:08:41,24:08:41,404101,2.0,1
MQ_A5-Weekday-144000_M22_263,M22,d0,9,24:09:58,24:09:58,402085,3.0,1
MQ_A5-Weekday-144000_M22_263,M22,d0,10,24:10:40,24:10:40,401670,3.0,1
MQ_A5-Weekday-144000_M22_263,M22,d0,11,24:12:00,24:12:00,402088,2.0,1
MQ_A5-Weekday-144000_M22_263,M22,d0,12,24:13:23,24:13:23,402090,3.0,1
MQ_A5-Weekday-144000_M22_263,M22,d0,13,24:14:07,24:14:07,402091,3.0,1
MQ_A5-Weekday-144000_M22_263,M22,d0,14,24:15:00,24:15:00,402092,2.0,1
MQ_A5-Weekday-144000_M22_263,M22,d0,15,24:15:18,24:15:18,402093,3.0,1
MQ_A5-Weekday-144000_M22_263,M22,d0,16,24:15:49,24:15:49,402094,1.0,1
MQ_A5-Weekday-144000_M22_263,M22,d0,17,24:16:19,24:16:19,402095,3.0,1
MQ_A5-Weekday-144000_M22_263,M22,d0,18,24:16:35,24:16:35,402096,2.0,1
MQ_A5-Weekday-144000_M22_263,M22,d0,19,24:17:03,24:17:03,402097,2.0,1
MQ_A5-Weekday-144000_M22_263,M22,d0,20,24:17:24,24:17:24,404922,1.0,1
MQ_A5-Weekday-144000_M22_263,M22,d0,21,24:18:00,24:18:00,903025,1.0,1
MQ_A5-Weekday-SDon-090000_M22_259,M22,d0,1,15:00:00,15:00:00,401528,12.0,1
MQ_A5-Weekday-SDon-090000_M22_259,M22,d0,2,15:01:09,15:01:09,401529,12.0,1
MQ_A5-Weekday-SDon-090000_M22_259,M22,d0,3,15:01:57,15:01:57,403313,12.0,1
MQ_A5-Weekday-SDon-090000_M22_259,M22,d0,4,15:03:00,15:03:00,403312,12.0,1
MQ_A5-Weekday-SDon-090000_M22_259,M22,d0,5,15:04:01,15:04:01,401531,12.0,1
MQ_A5-Weekday-SDon-090000_M22_259,M22,d0,6,15:05:05,15:05:05,401532,12.0,1
MQ_A5-Weekday-SDon-090000_M22_259,M22,d0,7,15:06:05,15:06:05,401533,12.0,1
MQ_A5-Weekday-SDon-090000_M22_259,M22,d0,8,15:07:15,15:07:15,401535,12.0,1
MQ_A5-Weekday-SDon-090000_M22_259,M22,d0,9,15:08:00,15:08:00,401536,12.0,1
MQ_A5-Weekday-SDon-090000_M22_259,M22,d0,10,15:10:11,15:10:11,401538,12.0,1
MQ_A5-Weekday-SDon-090000_M22_259,M22,d0,11,15:12:08,15:12:08,400336,12.0,1
MQ_A5-Weekday-SDon-090000_M22_259,M22,d0,12,15:13:51,15:13:51,400337,3.0,1
MQ_A5-Weekday-SDon-090000_M22_259,M22,d0,13,15:15:00,15:15:00,404010,3.0,1
MQ_A5-Weekday-SDon-090000_M22_259,M22,d0,14,15:15:57,15:15:57,401542,3.0,1
MQ_A5-Weekday-SDon-090000_M22_259,M22,d0,15,15:17:36,15:17:36,401543,3.0,1
MQ_A5-Weekday-SDon-090000_M22_259,M22,d0,16,15:19:49,15:19:49,401544,3.0,1
MQ_A5-Weekday-SDon-090000_M22_259,M22,d0,17,15:21:00,15:21:00,401545,3.0,1
MQ_A5-Weekday-SDon-090000_M22_259,M22,d0,18,15:21:48,15:21:48,401547,3.0,1
MQ_A5-Weekday-SDon-090000_M22_259,M22,d0,19,15:22:39,15:22:39,401548,3.0,1
MQ_A5-Weekday-SDon-090000_M22_259,M22,d0,20,15:23:32,15:23:32,401549,3.0,1
MQ_A5-Weekday-SDon-090000_M22_259,M22,d0,21,15:24:15,15:24:15,401591,3.0,1
MQ_A5-Weekday-SDon-090000_M22_259,M22,d0,22,15:25:00,15:25:00,803177,3.0,1
MQ_A5-Weekday-120000_M22_261,M22,d0,1,20:00:00,20:00:00,405054,1.0,1
MQ_A5-Weekday-120000_M22_261,M22,d0,2,20:02:29,20:02:29,405056,3.0,1
MQ_A5-Weekday-120000_M22_261,M22,d0,3,20:05:06,20:05:06,404969,4.0,1
MQ_A5-Weekday-120000_M22_261,M22,d0,4,20:06:07,20:06:07,404976,4.0,1
MQ_A5-Weekday-120000_M22_261,M22,d0,5,20:07:02,20:07:02,404977,3.0,1
MQ_A5-Weekday-120000_M22_261,M22,d0,6,20:08:24,20:08:24,404219,3.0,1
MQ_A5-Weekday-120000_M22_261,M22,d0,7,20:12:00,20:12:00,903280,6.0,1
MQ_A5-Weekday-120000_M22_261,M22,d0,8,20:12:52,20:12:52,404101,6.0,1
MQ_A5-Weekday-120000_M22_261,M22,d0,9,20:14:28,20:14:28,402085,7.0,1
MQ_A5-Weekday-120000_M22_261,M22,d0,10,20:15:20,20:15:20,401670,7.0,1
MQ_A5-Weekday-120000_M22_261,M22,d0,11,20:17:00,20:17:00,402088,7.0,1
MQ_A5-Weekday-120000_M22_261,M22,d0,12,20:18:50,20:18:50,402090,7.0,1
MQ_A5-Weekday-120000_M22_261,M22,d0,13,20:19:49,20:19:49,402091,7.0,1
MQ_A5-Weekday-120000_M22_261,M22,d0,14,20:21:00,20:21:00,402092,6.0,1
MQ_A5-Weekday-120000_M22_261,M22,d0,15,20:21:30,20:21:30,402093,6.0,1
MQ_A5-Weekday-120000_M22_261,M22,d0,16,20:22:21,20:22:21,402094,5.0,1
MQ_A5-Weekday-120000_M22_261,M22,d0,17,20:23:11,20:23:11,402095,5.0,1
MQ_A5-Weekday-120000_M22_261,M22,d0,18,20:23:38,20:23:38,402096,5.0,1
MQ_A5-Weekday-120000_M22_261,M22,d0,19,20:24:25,20:24:25,402097,5.0,1
MQ_A5-Weekday-120000_M22_261,M22,d0,20,20:25:00,20:25:00,404922,5.0,1
MQ_A5-Weekday-120000_M22_261,M22,d0,21,20:26:00,20:26:00,903025,5.0,1
MQ_A5-Weekday-SDon-109000_M22_260,M22,d0,1,18:10:00,18:10:00,401528,2.0,1
MQ_A5-Weekday-SDon-109000_M22_260,M22,d0,2,18:11:09,18:11:09,401529,2.0,1
MQ_A5-Weekday-SDon-109000_M22_260,M22,d0,3,18:11:57,18:11:57,403313,6.0,1
MQ_A5-Weekday-SDon-109000_M22_260,M22,d0,4,18:13:00,18:13:00,403312,6.0,1
MQ_A5-Weekday-SDon-109000_M22_260,M22,d0,5,18:14:01,18:14:01,401531,8.0,1
MQ_A5-Weekday-SDon-109000_M22_260,M22,d0,6,18:15:05,18:15:05,401532,8.0,1
MQ_A5-Weekday-SDon-109000_M22_260,M22,d0,7,18:16:05,18:16:05,401533,8.0,1
MQ_A5-Weekday-SDon-109000_M22_260,M22,d0,8,18:17:15,18:17:15,401535,14.0,1
MQ_A5-Weekday-SDon-109000_M22_260,M22,d0,9,18:18:00,18:18:00,401536,14.0,1
MQ_A5-Weekday-SDon-109000_M22_260,M22,d0,10,18:19:52,18:19:52,401538,11.0,1
MQ_A5-Weekday-SDon-109000_M22_260,M22,d0,11,18:21:33,18:21:33,400336,13.0,1
MQ_A5-Weekday-SDon-109000_M22_260,M22,d0,12,18:23:01,18:23:01,400337,13.0,1
MQ_A5-Weekday-SDon-109000_M22_260,M22,d0,13,18:24:00,18:24:00,404010,12.0,1
MQ_A5-Weekday-SDon-109000_M22_260,M22,d0,14,18:24:57,18:24:57,401542,15.0,1
MQ_A5-Weekday-SDon-109000_M22_260,M22,d0,15,18:26:36,18:26:36,401543,13.0,1
MQ_A5-Weekday-SDon-109000_M22_260,M22,d0,16,18:28:49,18:28:49,401544,10.0,1
MQ_A5-Weekday-SDon-109000_M22_260,M22,d0,17,18:30:00,18:30:00,401545,13.0,1
MQ_A5-Weekday-SDon-109000_M22_260,M22,d0,18,18:30:48,18:30:48,401547,9.0,1
MQ_A5-Weekday-SDon-109000_M22_260,M22,d0,19,18:31:39,18:31:39,401548,2.0,1
MQ_A5-Weekday-SDon-109000_M22_260,M22,d0,20,18:32:32,18:32:32,401549,5.0,1
MQ_A5-Weekday-SDon-109000_M22_260,M22,d0,21,18:33:15,18:33:15,401591,5.0,1
MQ_A5-Weekday-SDon-109000_M22_260,M22,d0,22,18:34:00,18:34:00,803177,5.0,1
MQ_A5-Weekday-SDon-073700_M22_259,M22,d0,1,12:17:00,12:17:00,405054,3.0,1
MQ_A5-Weekday-SDon-073700_M22_259,M22,d0,2,12:19:54,12:19:54,405056,3.0,1
MQ_A5-Weekday-SDon-073700_M22_259,M22,d0,3,12:22:57,12:22:57,404969,3.0,1
MQ_A5-Weekday-SDon-073700_M22_259,M22,d0,4,12:24:08,12:24:08,404976,3.0,1
MQ_A5-Weekday-SDon-073700_M22_259,M22,d0,5,12:25:12,12:25:12,404977,3.0,1
MQ_A5-Weekday-SDon-073700_M22_259,M22,d0,6,12:26:48,12:26:48,404219,3.0,1
MQ_A5-Weekday-SDon-073700_M22_259,M22,d0,7,12:31:00,12:31:00,903280,3.0,1
MQ_A5-Weekday-SDon-073700_M22_259,M22,d0,8,12:32:02,12:32:02,404101,3.0,1
MQ_A5-Weekday-SDon-073700_M22_259,M22,d0,9,12:33:57,12:33:57,402085,3.0,1
MQ_A5-Weekday-SDon-073700_M22_259,M22,d0,10,12:35:00,12:35:00,401670,3.0,1
MQ_A5-Weekday-SDon-073700_M22_259,M22,d0,11,12:37:00,12:37:00,402088,3.0,1
MQ_A5-Weekday-SDon-073700_M22_259,M22,d0,12,12:38:50,12:38:50,402090,3.0,1
MQ_A5-Weekday-SDon-073700_M22_259,M22,d0,13,12:39:49,12:39:49,402091,3.0,1
MQ_A5-Weekday-SDon-073700_M22_259,M22,d0,14,12:41:00,12:41:00,402092,3.0,1
MQ_A5-Weekday-SDon-073700_M22_259,M22,d0,15,12:41:30,12:41:30,402093,3.0,1
MQ_A5-Weekday-SDon-073700_M22_259,M22,d0,16,12:42:21,12:42:21,402094,3.0,1
MQ_A5-Weekday-SDon-073700_M22_259,M22,d0,17,12:43:11,12:43:11,402095,3.0,1
MQ_A5-Weekday-SDon-073700_M22_259,M22,d0,18,12:43:38,12:43:38,402096,15.0,1
MQ_A5-Weekday-SDon-073700_M22_259,M22,d0,19,12:44:25,12:44:25,402097,15.0,1
MQ_A5-Weekday-SDon-073700_M22_259,M22,d0,20,12:45:00,12:45:00,404922,10.0,1
MQ_A5-Weekday-SDon-073700_M22_259,M22,d0,21,12:46:00,12:46:00,903025,10.0,1
MQ_A5-Weekday-048200_M22_255,M22,d0,1,8:02:00,8:02:00,405054,2.0,1
MQ_A5-Weekday-048200_M22_255,M22,d0,2,8:04:41,8:04:41,405056,2.0,1
MQ_A5-Weekday-048200_M22_255,M22,d0,3,8:07:31,8:07:31,404969,4.0,1
MQ_A5-Weekday-048200_M22_255,M22,d0,4,8:08:38,8:08:38,404976,4.0,1
MQ_A5-Weekday-048200_M22_255,M22,d0,5,8:09:37,8:09:37,404977,4.0,1
MQ_A5-Weekday-048200_M22_255,M22,d0,6,8:11:06,8:11:06,404219,4.0,1
MQ_A5-Weekday-048200_M22_255,M22,d0,7,8:15:00,8:15:00,903280,4.0,1
MQ_A5-Weekday-048200_M22_255,M22,d0,8,8:16:02,8:16:02,404101,4.0,1
MQ_A5-Weekday-048200_M22_255,M22,d0,9,8:17:57,8:17:57,402085,4.0,1
MQ_A5-Weekday-048200_M22_255,M22,d0,10,8:19:00,8:19:00,401670,3.0,1
MQ_A5-Weekday-048200_M22_255,M22,d0,11,8:21:00,8:21:00,402088,6.0,1
MQ_A5-Weekday-048200_M22_255,M22,d0,12,8:22:50,8:22:50,402090,6.0,1
MQ_A5-Weekday-048200_M22_255,M22,d0,13,8:23:49,8:23:49,402091,6.0,1
MQ_A5-Weekday-048200_M22_255,M22,d0,14,8:25:00,8:25:00,402092,6.0,1
MQ_A5-Weekday-048200_M22_255,M22,d0,15,8:25:37,8:25:37,402093,6.0,1
MQ_A5-Weekday-048200_M22_255,M22,d0,16,8:26:38,8:26:38,402094,6.0,1
MQ_A5-Weekday-048200_M22_255,M22,d0,17,8:27:37,8:27:37,402095,6.0,1
MQ_A5-Weekday-048200_M22_255,M22,d0,18,8:28:09,8:28:09,402096,6.0,1
MQ_A5-Weekday-048200_M22_255,M22,d0,19,8:29:06,8:29:06,402097,6.0,1
MQ_A5-Weekday-048200_M22_255,M22,d0,20,8:29:48,8:29:48,404922,2.0,1
MQ_A5-Weekday-048200_M22_255,M22,d0,21,8:31:00,8:31:00,903025,2.0,1
MQ_A5-Weekday-SDon-067700_M22_261,M22,d0,1,11:17:00,11:17:00,405054,15.0,1
MQ_A5-Weekday-SDon-067700_M22_261,M22,d0,2,11:19:29,11:19:29,405056,15.0,1
MQ_A5-Weekday-SDon-067700_M22_261,M22,d0,3,11:22:06,11:22:06,404969,15.0,1
MQ_A5-Weekday-SDon-067700_M22_261,M22,d0,4,11:23:07,11:23:07,404976,15.0,2
MQ_A5-Weekday-SDon-067700_M22_261,M22,d0,5,11:24:02,11:24:02,404977,19.0,2
MQ_A5-Weekday-SDon-067700_M22_261,M22,d0,6,11:25:24,11:25:24,404219,19.0,2
MQ_A5-Weekday-SDon-067700_M22_261,M22,d0,7,11:29:00,11:29:00,903280,5.0,1
MQ_A5-Weekday-SDon-067700_M22_261,M22,d0,8,11:30:02,11:30:02,404101,5.0,1
MQ_A5-Weekday-SDon-067700_M22_261,M22,d0,9,11:31:57,11:31:57,402085,5.0,1
MQ_A5-Weekday-SDon-067700_M22_261,M22,d0,10,11:33:00,11:33:00,401670,5.0,2
MQ_A5-Weekday-SDon-067700_M22_261,M22,d0,11,11:35:00,11:35:00,402088,21.0,2
MQ_A5-Weekday-SDon-067700_M22_261,M22,d0,12,11:36:50,11:36:50,402090,21.0,2
MQ_A5-Weekday-SDon-067700_M22_261,M22,d0,13,11:37:49,11:37:49,402091,8.0,2
MQ_A5-Weekday-SDon-067700_M22_261,M22,d0,14,11:39:00,11:39:00,402092,26.0,2
MQ_A5-Weekday-SDon-067700_M22_261,M22,d0,15,11:39:30,11:39:30,402093,26.0,2
MQ_A5-Weekday-SDon-067700_M22_261,M22,d0,16,11:40:21,11:40:21,402094,4.0,1
MQ_A5-Weekday-SDon-067700_M22_261,M22,d0,17,11:41:11,11:41:11,402095,4.0,1
MQ_A5-Weekday-SDon-067700_M22_261,M22,d0,18,11:41:38,11:41:38,402096,3.0,1
MQ_A5-Weekday-SDon-067700_M22_261,M22,d0,19,11:42:25,11:42:25,402097,3.0,1
MQ_A5-Weekday-SDon-067700_M22_261,M22,d0,20,11:43:00,11:43:00,404922,2.0,1
MQ_A5-Weekday-SDon-067700_M22_261,M22,d0,21,11:44:00,11:44:00,903025,2.0,1
MQ_A5-Weekday-SDon-098000_M22_259,M22,d0,1,16:20:00,16:20:00,401528,14.0,1
MQ_A5-Weekday-SDon-098000_M22_259,M22,d0,2,16:21:09,16:21:09,401529,14.0,1
MQ_A5-Weekday-SDon-098000_M22_259,M22,d0,3,16:21:57,16:21:57,403313,14.0,1
MQ_A5-Weekday-SDon-098000_M22_259,M22,d0,4,16:23:00,16:23:00,403312,14.0,1
MQ_A5-Weekday-SDon-098000_M22_259,M22,d0,5,16:24:01,16:24:01,401531,14.0,1
MQ_A5-Weekday-SDon-098000_M22_259,M22,d0,6,16:25:05,16:25:05,401532,14.0,1
MQ_A5-Weekday-SDon-098000_M22_259,M22,d0,7,16:26:05,16:26:05,401533,14.0,1
MQ_A5-Weekday-SDon-098000_M22_259,M22,d0,8,16:27:15,16:27:15,401535,14.0,1
MQ_A5-Weekday-SDon-098000_M22_259,M22,d0,9,16:28:00,16:28:00,401536,14.0,1
MQ_A5-Weekday-SDon-098000_M22_259,M22,d0,10,16:29:52,16:29:52,401538,14.0,1
MQ_A5-Weekday-SDon-098000_M22_259,M22,d0,11,16:31:33,16:31:33,400336,11.0,1
MQ_A5-Weekday-SDon-098000_M22_259,M22,d0,12,16:33:01,16:33:01,400337,13.0,1
MQ_A5-Weekday-SDon-098000_M22_259,M22,d0,13,16:34:00,16:34:00,404010,13.0,1
MQ_A5-Weekday-SDon-098000_M22_259,M22,d0,14,16:34:57,16:34:57,401542,13.0,1
MQ_A5-Weekday-SDon-098000_M22_259,M22,d0,15,16:36:36,16:36:36,401543,13.0,1
MQ_A5-Weekday-SDon-098000_M22_259,M22,d0,16,16:38:49,16:38:49,401544,14.0,1
MQ_A5-Weekday-SDon-098000_M22_259,M22,d0,17,16:40:00,16:40:00,401545,14.0,1
MQ_A5-Weekday-SDon-098000_M22_259,M22,d0,18,16:40:48,16:40:48,401547,14.0,1
MQ_A5-Weekday-SDon-098000_M22_259,M22,d0,19,16:41:39,16:41:39,401548,14.0,1
MQ_A5-Weekday-SDon-098000_M22_259,M22,d0,20,16:42:32,16:42:32,401549,14.0,1
MQ_A5-Weekday-SDon-098000_M22_259,M22,d0,21,16:43:15,16:43:15,401591,14.0,1
MQ_A5-Weekday-SDon-098000_M22_259,M22,d0,22,16:44:00,16:44:00,803177,14.0,1
MQ_A5-Weekday-109000_M22_260,M22,d0,1,18:10:00,18:10:00,401528,7.0,1
MQ_A5-Weekday-109000_M22_260,M22,d0,2,18:11:09,18:11:09,401529,7.0,1
MQ_A5-Weekday-109000_M22_260,M22,d0,3,18:11:57,18:11:57,403313,7.0,1
MQ_A5-Weekday-109000_M22_260,M22,d0,4,18:13:00,18:13:00,403312,7.0,1
MQ_A5-Weekday-109000_M22_260,M22,d0,5,18:14:01,18:14:01,401531,7.0,1
MQ_A5-Weekday-109000_M22_260,M22,d0,6,18:15:05,18:15:05,401532,7.0,1
MQ_A5-Weekday-109000_M22_260,M22,d0,7,18:16:05,18:16:05,401533,7.0,1
MQ_A5-Weekday-109000_M22_260,M22,d0,8,18:17:15,18:17:15,401535,9.0,1
MQ_A5-Weekday-109000_M22_260,M22,d0,9,18:18:00,18:18:00,401536,9.0,1
MQ_A5-Weekday-109000_M22_260,M22,d0,10,18:19:52,18:19:52,401538,9.0,2
MQ_A5-Weekday-109000_M22_260,M22,d0,11,18:21:33,18:21:33,400336,17.0,2
MQ_A5-Weekday-109000_M22_260,M22,d0,12,18:23:01,18:23:01,400337,10.0,2
MQ_A5-Weekday-109000_M22_260,M22,d0,13,18:24:00,18:24:00,404010,24.0,2
MQ_A5-Weekday-109000_M22_260,M22,d0,14,18:24:57,18:24:57,401542,15.0,2
MQ_A5-Weekday-109000_M22_260,M22,d0,15,18:26:36,18:26:36,401543,23.0,2
MQ_A5-Weekday-109000_M22_260,M22,d0,16,18:28:49,18:28:49,401544,3.0,1
MQ_A5-Weekday-109000_M22_260,M22,d0,17,18:30:00,18:30:00,401545,12.0,1
MQ_A5-Weekday-109000_M22_260,M22,d0,18,18:30:48,18:30:48,401547,9.0,1
MQ_A5-Weekday-109000_M22_260,M22,d0,19,18:31:39,18:31:39,401548,3.0,1
MQ_A5-Weekday-109000_M22_260,M22,d0,20,18:32:32,18:32:32,401549,7.0,1
MQ_A5-Weekday-109000_M22_260,M22,d0,21,18:33:15,18:33:15,401591,7.0,1
MQ_A5-Weekday-109000_M22_260,M22,d0,22,18:34:00,18:34:00,803177,7.0,1
MQ_A5-Weekday-073700_M22_259,M22,d0,1,12:17:00,12:17:00,405054,2.0,1
MQ_A5-Weekday-073700_M22_259,M22,d0,2,12:19:54,12:19:54,405056,2.0,1
MQ_A5-Weekday-073700_M22_259,M22,d0,3,12:22:57,12:22:57,404969,2.0,1
MQ_A5-Weekday-073700_M22_259,M22,d0,4,12:24:08,12:24:08,404976,2.0,1
MQ_A5-Weekday-073700_M22_259,M22,d0,5,12:25:12,12:25:12,404977,2.0,1
MQ_A5-Weekday-073700_M22_259,M22,d0,6,12:26:48,12:26:48,404219,13.0,1
MQ_A5-Weekday-073700_M22_259,M22,d0,7,12:31:00,12:31:00,903280,13.0,1
MQ_A5-Weekday-073700_M22_259,M22,d0,8,12:32:02,12:32:02,404101,13.0,1
MQ_A5-Weekday-073700_M22_259,M22,d0,9,12:33:57,12:33:57,402085,13.0,1
MQ_A5-Weekday-073700_M22_259,M22,d0,10,12:35:00,12:35:00,401670,13.0,1
MQ_A5-Weekday-073700_M22_259,M22,d0,11,12:37:00,12:37:00,402088,4.0,1
MQ_A5-Weekday-073700_M22_259,M22,d0,12,12:38:50,12:38:50,402090,4.0,1
MQ_A5-Weekday-073700_M22_259,M22,d0,13,12:39:49,12:39:49,402091,4.0,1
MQ_A5-Weekday-073700_M22_259,M22,d0,14,12:41:00,12:41:00,402092,5.0,1
MQ_A5-Weekday-073700_M22_259,M22,d0,15,12:41:30,12:41:30,402093,5.0,1
MQ_A5-Weekday-073700_M22_259,M22,d0,16,12:42:21,12:42:21,402094,6.0,1
MQ_A5-Weekday-073700_M22_259,M22,d0,17,12:43:11,12:43:11,402095,6.0,1
MQ_A5-Weekday-073700_M22_259,M22,d0,18,12:43:38,12:43:38,402096,6.0,1
MQ_A5-Weekday-073700_M22_259,M22,d0,19,12:44:25,12:44:25,402097,6.0,1
MQ_A5-Weekday-073700_M22_259,M22,d0,20,12:45:00,12:45:00,404922,4.0,1
MQ_A5-Weekday-073700_M22_259,M22,d0,21,12:46:00,12:46:00,903025,4.0,1
MQ_A5-Weekday-SDon-048200_M22_255,M22,d0,1,8:02:00,8:02:00,405054,5.0,1
MQ_A5-Weekday-SDon-048200_M22_255,M22,d0,2,8:04:41,8:04:41,405056,3.0,1
MQ_A5-Weekday-SDon-048200_M22_255,M22,d0,3,8:07:31,8:07:31,404969,3.0,1
MQ_A5-Weekday-SDon-048200_M22_255,M22,d0,4,8:08:38,8:08:38,404976,3.0,1
MQ_A5-Weekday-SDon-048200_M22_255,M22,d0,5,8:09:37,8:09:37,404977,3.0,1
MQ_A5-Weekday-SDon-048200_M22_255,M22,d0,6,8:11:06,8:11:06,404219,3.0,1
MQ_A5-Weekday-SDon-048200_M22_255,M22,d0,7,8:15:00,8:15:00,903280,3.0,1
MQ_A5-Weekday-SDon-048200_M22_255,M22,d0,8,8:16:02,8:16:02,404101,3.0,1
MQ_A5-Weekday-SDon-048200_M22_255,M22,d0,9,8:17:57,8:17:57,402085,3.0,1
MQ_A5-Weekday-SDon-048200_M22_255,M22,d0,10,8:19:00,8:19:00,401670,6.0,1
MQ_A5-Weekday-SDon-048200_M22_255,M22,d0,11,8:21:00,8:21:00,402088,6.0,1
MQ_A5-Weekday-SDon-048200_M22_255,M22,d0,12,8:22:50,8:22:50,402090,8.0,1
MQ_A5-Weekday-SDon-048200_M22_255,M22,d0,13,8:23:49,8:23:49,402091,8.0,1
MQ_A5-Weekday-SDon-048200_M22_255,M22,d0,14,8:25:00,8:25:00,402092,8.0,1
MQ_A5-Weekday-SDon-048200_M22_255,M22,d0,15,8:25:37,8:25:37,402093,8.0,1
MQ_A5-Weekday-SDon-048200_M22_255,M22,d0,16,8:26:38,8:26:38,402094,8.0,1
MQ_A5-Weekday-SDon-048200_M22_255,M22,d0,17,8:27:37,8:27:37,402095,8.0,1
MQ_A5-Weekday-SDon-048200_M22_255,M22,d0,18,8:28:09,8:28:09,402096,8.0,1
MQ_A5-Weekday-SDon-048200_M22_255,M22,d0,19,8:29:06,8:29:06,402097,8.0,1
MQ_A5-Weekday-SDon-048200_M22_255,M22,d0,20,8:29:48,8:29:48,404922,1.0,1
MQ_A5-Weekday-SDon-048200_M22_255,M22,d0,21,8:31:00,8:31:00,903025,1.0,1
MQ_A5-Weekday-098000_M22_259,M22,d0,1,16:20:00,16:20:00,401528,6.0,1
MQ_A5-Weekday-098000_M22_259,M22,d0,2,16:21:09,16:21:09,401529,6.0,1
MQ_A5-Weekday-098000_M22_259,M22,d0,3,16:21:57,16:21:57,403313,6.0,1
MQ_A5-Weekday-098000_M22_259,M22,d0,4,16:23:00,16:23:00,403312,6.0,1
MQ_A5-Weekday-098000_M22_259,M22,d0,5,16:24:01,16:24:01,401531,6.0,1
MQ_A5-Weekday-098000_M22_259,M22,d0,6,16:25:05,16:25:05,401532,6.0,1
MQ_A5-Weekday-098000_M22_259,M22,d0,7,16:26:05,16:26:05,401533,6.0,1
MQ_A5-Weekday-098000_M22_259,M22,d0,8,16:27:15,16:27:15,401535,6.0,1
MQ_A5-Weekday-098000_M22_259,M22,d0,9,16:28:00,16:28:00,401536,9.0,1
MQ_A5-Weekday-098000_M22_259,M22,d0,10,16:29:52,16:29:52,401538,9.0,1
MQ_A5-Weekday-098000_M22_259,M22,d0,11,16:31:33,16:31:33,400336,9.0,1
MQ_A5-Weekday-098000_M22_259,M22,d0,12,16:33:01,16:33:01,400337,9.0,1
MQ_A5-Weekday-098000_M22_259,M22,d0,13,16:34:00,16:34:00,404010,9.0,1
MQ_A5-Weekday-098000_M22_259,M22,d0,14,16:34:57,16:34:57,401542,6.0,1
MQ_A5-Weekday-098000_M22_259,M22,d0,15,16:36:36,16:36:36,401543,6.0,1
MQ_A5-Weekday-098000_M22_259,M22,d0,16,16:38:49,16:38:49,401544,6.0,1
MQ_A5-Weekday-098000_M22_259,M22,d0,17,16:40:00,16:40:00,401545,6.0,1
MQ_A5-Weekday-098000_M22_259,M22,d0,18,16:40:48,16:40:48,401547,6.0,1
MQ_A5-Weekday-098000_M22_259,M22,d0,19,16:41:39,16:41:39,401548,6.0,1
MQ_A5-Weekday-098000_M22_259,M22,d0,20,16:42:32,16:42:32,401549,6.0,1
MQ_A5-Weekday-098000_M22_259,M22,d0,21,16:43:15,16:43:15,401591,4.0,1
MQ_A5-Weekday-098000_M22_259,M22,d0,22,16:44:00,16:44:00,803177,4.0,1
MQ_A5-Weekday-SDon-120000_M22_261,M22,d0,1,20:00:00,20:00:00,405054,5.0,1
MQ_A5-Weekday-SDon-120000_M22_261,M22,d0,2,20:02:29,20:02:29,405056,5.0,1
MQ_A5-Weekday-SDon-120000_M22_261,M22,d0,3,20:05:06,20:05:06,404969,5.0,1
MQ_A5-Weekday-SDon-120000_M22_261,M22,d0,4,20:06:07,20:06:07,404976,5.0,1
MQ_A5-Weekday-SDon-120000_M22_261,M22,d0,5,20:07:02,20:07:02,404977,7.0,1
MQ_A5-Weekday-SDon-120000_M22_261,M22,d0,6,20:08:24,20:08:24,404219,9.0,1
MQ_A5-Weekday-SDon-120000_M22_261,M22,d0,7,20:12:00,20:12:00,903280,11.0,1
MQ_A5-Weekday-SDon-120000_M22_261,M22,d0,8,20:12:52,20:12:52,404101,11.0,1
MQ_A5-Weekday-SDon-120000_M22_261,M22,d0,9,20:14:28,20:14:28,402085,11.0,1
MQ_A5-Weekday-SDon-120000_M22_261,M22,d0,10,20:15:20,20:15:20,401670,13.0,1
MQ_A5-Weekday-SDon-120000_M22_261,M22,d0,11,20:17:00,20:17:00,402088,13.0,1
MQ_A5-Weekday-SDon-120000_M22_261,M22,d0,12,20:18:50,20:18:50,402090,13.0,1
MQ_A5-Weekday-SDon-120000_M22_261,M22,d0,13,20:19:49,20:19:49,402091,13.0,1
MQ_A5-Weekday-SDon-120000_M22_261,M22,d0,14,20:21:00,20:21:00,402092,4.0,1
MQ_A5-Weekday-SDon-120000_M22_261,M22,d0,15,20:21:30,20:21:30,402093,15.0,1
MQ_A5-Weekday-SDon-120000_M22_261,M22,d0,16,20:22:21,20:22:21,402094,15.0,1
MQ_A5-Weekday-SDon-120000_M22_261,M22,d0,17,20:23:11,20:23:11,402095,2.0,1
MQ_A5-Weekday-SDon-120000_M22_261,M22,d0,18,20:23:38,20:23:38,402096,15.0,1
MQ_A5-Weekday-SDon-120000_M22_261,M22,d0,19,20:24:25,20:24:25,402097,3.0,1
MQ_A5-Weekday-SDon-120000_M22_261,M22,d0,20,20:25:00,20:25:00,404922,3.0,1
MQ_A5-Weekday-SDon-120000_M22_261,M22,d0,21,20:26:00,20:26:00,903025,3.0,1
MQ_A5-Weekday-109000_M22_263,M22,d0,1,18:10:00,18:10:00,405054,3.0,1
MQ_A5-Weekday-109000_M22_263,M22,d0,2,18:12:41,18:12:41,405056,9.0,1
MQ_A5-Weekday-109000_M22_263,M22,d0,3,18:15:31,18:15:31,404969,9.0,1
MQ_A5-Weekday-109000_M22_263,M22,d0,4,18:16:38,18:16:38,404976,8.0,1
MQ_A5-Weekday-109000_M22_263,M22,d0,5,18:17:37,18:17:37,404977,7.0,1
MQ_A5-Weekday-109000_M22_263,M22,d0,6,18:19:06,18:19:06,404219,10.0,1
MQ_A5-Weekday-109000_M22_263,M22,d0,7,18:23:00,18:23:00,903280,10.0,1
MQ_A5-Weekday-109000_M22_263,M22,d0,8,18:24:02,18:24:02,404101,10.0,1
MQ_A5-Weekday-109000_M22_263,M22,d0,9,18:25:57,18:25:57,402085,13.0,1
MQ_A5-Weekday-109000_M22_263,M22,d0,10,18:27:00,18:27:00,401670,12.0,2
MQ_A5-Weekday-109000_M22_263,M22,d0,11,18:29:00,18:29:00,402088,17.0,2
MQ_A5-Weekday-109000_M22_263,M22,d0,12,18:30:50,18:30:50,402090,17.0,2
MQ_A5-Weekday-109000_M22_263,M22,d0,13,18:31:49,18:31:49,402091,16.0,2
MQ_A5-Weekday-109000_M22_263,M22,d0,14,18:33:00,18:33:00,402092,18.0,2
MQ_A5-Weekday-109000_M22_263,M22,d0,15,18:33:30,18:33:30,402093,14.0,2
MQ_A5-Weekday-109000_M22_263,M22,d0,16,18:34:21,18:34:21,402094,17.0,2
MQ_A5-Weekday-109000_M22_263,M22,d0,17,18:35:11,18:35:11,402095,17.0,2
MQ_A5-Weekday-109000_M22_263,M22,d0,18,18:35:38,18:35:38,402096,16.0,1
MQ_A5-Weekday-109000_M22_263,M22,d0,19,18:36:25,18:36:25,402097,16.0,1
MQ_A5-Weekday-109000_M22_263,M22,d0,20,18:37:00,18:37:00,404922,6.0,1
MQ_A5-Weekday-109000_M22_263,M22,d0,21,18:38:00,18:38:00,903025,6.0,1
MQ_A5-Weekday-036000_M22_252,M22,d0,1,6:00:00,6:00:00,405054,2.0,1
MQ_A5-Weekday-036000_M22_252,M22,d0,2,6:01:52,6:01:52,405056,2.0,1
MQ_A5-Weekday-036000_M22_252,M22,d0,3,6:03:49,6:03:49,404969,2.0,1
MQ_A5-Weekday-036000_M22_252,M22,d0,4,6:04:35,6:04:35,404976,3.0,1
MQ_A5-Weekday-036000_M22_252,M22,d0,5,6:05:16,6:05:16,404977,3.0,1
MQ_A5-Weekday-036000_M22_252,M22,d0,6,6:06:18,6:06:18,404219,3.0,1
MQ_A5-Weekday-036000_M22_252,M22,d0,7,6:09:00,6:09:00,903280,3.0,1
MQ_A5-Weekday-036000_M22_252,M22,d0,8,6:09:41,6:09:41,404101,3.0,1
MQ_A5-Weekday-036000_M22_252,M22,d0,9,6:10:58,6:10:58,402085,3.0,1
MQ_A5-Weekday-036000_M22_252,M22,d0,10,6:11:40,6:11:40,401670,3.0,1
MQ_A5-Weekday-036000_M22_252,M22,d0,11,6:13:00,6:13:00,402088,2.0,1
MQ_A5-Weekday-036000_M22_252,M22,d0,12,6:14:23,6:14:23,402090,2.0,1
MQ_A5-Weekday-036000_M22_252,M22,d0,13,6:15:07,6:15:07,402091,2.0,1
MQ_A5-Weekday-036000_M22_252,M22,d0,14,6:16:00,6:16:00,402092,3.0,1
MQ_A5-Weekday-036000_M22_252,M22,d0,15,6:16:18,6:16:18,402093,3.0,1
MQ_A5-Weekday-036000_M22_252,M22,d0,16,6:16:49,6:16:49,402094,3.0,1
MQ_A5-Weekday-036000_M22_252,M22,d0,17,6:17:19,6:17:19,402095,3.0,1
MQ_A5-Weekday-036000_M22_252,M22,d0,18,6:17:35,6:17:35,402096,3.0,1
MQ_A5-Weekday-036000_M22_252,M22,d0,19,6:18:03,6:18:03,402097,3.0,1
MQ_A5-Weekday-036000_M22_252,M22,d0,20,6:18:24,6:18:24,404922,3.0,1
MQ_A5-Weekday-036000_M22_252,M22,d0,21,6:19:00,6:19:00,903025,3.0,1
MQ_A5-Weekday-SDon-091700_M22_256,M22,d0,1,15:17:00,15:17:00,405054,11.0,1
MQ_A5-Weekday-SDon-091700_M22_256,M22,d0,2,15:19:54,15:19:54,405056,11.0,3
MQ_A5-Weekday-SDon-091700_M22_256,M22,d0,3,15:22:57,15:22:57,404969,42.0,3
MQ_A5-Weekday-SDon-091700_M22_256,M22,d0,4,15:24:08,15:24:08,404976,42.0,3
MQ_A5-Weekday-SDon-091700_M22_256,M22,d0,5,15:25:12,15:25:12,404977,42.0,3
MQ_A5-Weekday-SDon-091700_M22_256,M22,d0,6,15:26:48,15:26:48,404219,42.0,3
MQ_A5-Weekday-SDon-091700_M22_256,M22,d0,7,15:31:00,15:31:00,903280,42.0,3
MQ_A5-Weekday-SDon-091700_M22_256,M22,d0,8,15:32:12,15:32:12,404101,42.0,3
MQ_A5-Weekday-SDon-091700_M22_256,M22,d0,9,15:34:27,15:34:27,402085,43.0,3
MQ_A5-Weekday-SDon-091700_M22_256,M22,d0,10,15:35:40,15:35:40,401670,43.0,3
MQ_A5-Weekday-SDon-091700_M22_256,M22,d0,11,15:38:00,15:38:00,402088,43.0,3
MQ_A5-Weekday-SDon-091700_M22_256,M22,d0,12,15:40:17,15:40:17,402090,44.0,3
MQ_A5-Weekday-SDon-091700_M22_256,M22,d0,13,15:41:31,15:41:31,402091,18.0,2
MQ_A5-Weekday-SDon-091700_M22_256,M22,d0,14,15:43:00,15:43:00,402092,18.0,2
MQ_A5-Weekday-SDon-091700_M22_256,M22,d0,15,15:43:37,15:43:37,402093,18.0,2
MQ_A5-Weekday-SDon-091700_M22_256,M22,d0,16,15:44:38,15:44:38,402094,18.0,2
MQ_A5-Weekday-SDon-091700_M22_256,M22,d0,17,15:45:37,15:45:37,402095,4.0,1
MQ_A5-Weekday-SDon-091700_M22_256,M22,d0,18,15:46:09,15:46:09,402096,4.0,1
MQ_A5-Weekday-SDon-091700_M22_256,M22,d0,19,15:47:06,15:47:06,402097,1.0,1
MQ_A5-Weekday-SDon-091700_M22_256,M22,d0,20,15:47:48,15:47:48,404922,4.0,1
MQ_A5-Weekday-SDon-091700_M22_256,M22,d0,21,15:49:00,15:49:00,903025,4.0,1
MQ_A5-Weekday-SDon-135000_M22_262,M22,d0,1,22:30:00,22:30:00,404990,2.0,1
MQ_A5-Weekday-SDon-135000_M22_262,M22,d0,2,22:30:41,22:30:41,403851,2.0,1
MQ_A5-Weekday-SDon-135000_M22_262,M22,d0,3,22:32:17,22:32:17,400917,2.0,1
MQ_A5-Weekday-SDon-135000_M22_262,M22,d0,4,22:33:05,22:33:05,404132,2.0,1
MQ_A5-Weekday-SDon-135000_M22_262,M22,d0,5,22:34:00,22:34:00,402022,2.0,1
MQ_A5-Weekday-SDon-135000_M22_262,M22,d0,6,22:34:56,22:34:56,402023,2.0,1
MQ_A5-Weekday-SDon-135000_M22_262,M22,d0,7,22:36:00,22:36:00,402024,2.0,1
MQ_A5-Weekday-SDon-135000_M22_262,M22,d0,8,22:36:40,22:36:40,405172,2.0,1
MQ_A5-Weekday-SDon-135000_M22_262,M22,d0,9,22:38:20,22:38:20,402027,3.0,1
MQ_A5-Weekday-SDon-135000_M22_262,M22,d0,10,22:39:11,22:39:11,402028,2.0,1
MQ_A5-Weekday-SDon-135000_M22_262,M22,d0,11,22:39:57,22:39:57,402029,2.0,1
MQ_A5-Weekday-SDon-135000_M22_262,M22,d0,12,22:41:00,22:41:00,401787,2.0,1
MQ_A5-Weekday-SDon-135000_M22_262,M22,d0,13,22:42:45,22:42:45,402032,2.0,1
MQ_A5-Weekday-SDon-135000_M22_262,M22,d0,14,22:43:29,22:43:29,402033,2.0,1
MQ_A5-Weekday-SDon-135000_M22_262,M22,d0,15,22:44:03,22:44:03,402034,1.0,1
MQ_A5-Weekday-SDon-135000_M22_262,M22,d0,16,22:45:00,22:45:00,404100,1.0,1
MQ_A5-Weekday-SDon-135000_M22_262,M22,d0,17,22:46:05,22:46:05,403808,2.0,1
MQ_A5-Weekday-SDon-135000_M22_262,M22,d0,18,22:46:36,22:46:36,401598,2.0,1
MQ_A5-Weekday-SDon-135000_M22_262,M22,d0,19,22:47:00,22:47:00,401599,2.0,1
MQ_A5-Weekday-SDon-135000_M22_262,M22,d0,20,22:48:00,22:48:00,401600,2.0,1
MQ_A5-Weekday-SDon-135000_M22_262,M22,d0,21,22:49:00,22:49:00,803115,2.0,1
MQ_A5-Weekday-039000_M22_251,M22,d0,1,6:30:00,6:30:00,405054,1.0,1
MQ_A5-Weekday-039000_M22_251,M22,d0,2,6:31:52,6:31:52,405056,1.0,1
MQ_A5-Weekday-039000_M22_251,M22,d0,3,6:33:49,6:33:49,404969,1.0,1
MQ_A5-Weekday-039000_M22_251,M22,d0,4,6:34:35,6:34:35,404976,1.0,1
MQ_A5-Weekday-039000_M22_251,M22,d0,5,6:35:16,6:35:16,404977,1.0,1
MQ_A5-Weekday-039000_M22_251,M22,d0,6,6:36:18,6:36:18,404219,1.0,1
MQ_A5-Weekday-039000_M22_251,M22,d0,7,6:39:00,6:39:00,903280,1.0,1
MQ_A5-Weekday-039000_M22_251,M22,d0,8,6:39:41,6:39:41,404101,1.0,1
MQ_A5-Weekday-039000_M22_251,M22,d0,9,6:40:58,6:40:58,402085,1.0,1
MQ_A5-Weekday-039000_M22_251,M22,d0,10,6:41:40,6:41:40,401670,3.0,1
MQ_A5-Weekday-039000_M22_251,M22,d0,11,6:43:00,6:43:00,402088,3.0,1
MQ_A5-Weekday-039000_M22_251,M22,d0,12,6:44:23,6:44:23,402090,3.0,1
MQ_A5-Weekday-039000_M22_251,M22,d0,13,6:45:07,6:45:07,402091,3.0,1
MQ_A5-Weekday-039000_M22_251,M22,d0,14,6:46:00,6:46:00,402092,3.0,1
MQ_A5-Weekday-039000_M22_251,M22,d0,15,6:46:18,6:46:18,402093,3.0,1
MQ_A5-Weekday-039000_M22_251,M22,d0,16,6:46:49,6:46:49,402094,3.0,1
MQ_A5-Weekday-039000_M22_251,M22,d0,17,6:47:19,6:47:19,402095,1.0,1
MQ_A5-Weekday-039000_M22_251,M22,d0,18,6:47:35,6:47:35,402096,3.0,1
MQ_A5-Weekday-039000_M22_251,M22,d0,19,6:48:03,6:48:03,402097,3.0,1
MQ_A5-Weekday-039000_M22_251,M22,d0,20,6:48:24,6:48:24,404922,3.0,1
MQ_A5-Weekday-039000_M22_251,M22,d0,21,6:49:00,6:49:00,903025,3.0,1
MQ_A5-Weekday-SDon-061000_M22_251,M22,d0,1,10:10:00,10:10:00,401528,7.0,1
MQ_A5-Weekday-SDon-061000_M22_251,M22,d0,2,10:11:00,10:11:00,401529,7.0,1
MQ_A5-Weekday-SDon-061000_M22_251,M22,d0,3,10:11:43,10:11:43,403313,7.0,1
MQ_A5-Weekday-SDon-061000_M22_251,M22,d0,4,10:12:37,10:12:37,403312,7.0,1
MQ_A5-Weekday-SDon-061000_M22_251,M22,d0,5,10:13:31,10:13:31,401531,8.0,1
MQ_A5-Weekday-SDon-061000_M22_251,M22,d0,6,10:14:27,10:14:27,401532,8.0,1
MQ_A5-Weekday-SDon-061000_M22_251,M22,d0,7,10:15:20,10:15:20,401533,4.0,1
MQ_A5-Weekday-SDon-061000_M22_251,M22,d0,8,10:16:20,10:16:20,401535,8.0,1
MQ_A5-Weekday-SDon-061000_M22_251,M22,d0,9,10:17:00,10:17:00,401536,4.0,1
MQ_A5-Weekday-SDon-061000_M22_251,M22,d0,10,10:18:52,10:18:52,401538,15.0,1
MQ_A5-Weekday-SDon-061000_M22_251,M22,d0,11,10:20:33,10:20:33,400336,15.0,1
MQ_A5-Weekday-SDon-061000_M22_251,M22,d0,12,10:22:01,10:22:01,400337,16.0,2
MQ_A5-Weekday-SDon-061000_M22_251,M22,d0,13,10:23:00,10:23:00,404010,18.0,2
MQ_A5-Weekday-SDon-061000_M22_251,M22,d0,14,10:23:47,10:23:47,401542,18.0,2
MQ_A5-Weekday-SDon-061000_M22_251,M22,d0,15,10:25:10,10:25:10,401543,18.0,2
MQ_A5-Weekday-SDon-061000_M22_251,M22,d0,16,10:27:01,10:27:01,401544,6.0,1
MQ_A5-Weekday-SDon-061000_M22_251,M22,d0,17,10:28:00,10:28:00,401545,6.0,1
MQ_A5-Weekday-SDon-061000_M22_251,M22,d0,18,10:28:48,10:28:48,401547,15.0,1
MQ_A5-Weekday-SDon-061000_M22_251,M22,d0,19,10:29:39,10:29:39,401548,1.0,1
MQ_A5-Weekday-SDon-061000_M22_251,M22,d0,20,10:30:32,10:30:32,401549,1.0,1
MQ_A5-Weekday-SDon-061000_M22_251,M22,d0,21,10:31:15,10:31:15,401591,1.0,1
MQ_A5-Weekday-SDon-061000_M22_251,M22,d0,22,10:32:00,10:32:00,803177,1.0,1
MQ_A5-Weekday-068100_M22_253,M22,d0,1,11:21:00,11:21:00,403399,1.0,1
MQ_A5-Weekday-068100_M22_253,M22,d0,2,11:26:36,11:26:36,803147,2.0,1
MQ_A5-Weekday-068100_M22_253,M22,d0,3,11:28:18,11:28:18,803105,2.0,1
MQ_A5-Weekday-068100_M22_253,M22,d0,4,11:32:00,11:32:00,903280,10.0,2
MQ_A5-Weekday-068100_M22_253,M22,d0,5,11:38:00,11:38:00,404857,18.0,2
MQ_A5-Weekday-068100_M22_253,M22,d0,6,11:39:08,11:39:08,405006,18.0,2
MQ_A5-Weekday-068100_M22_253,M22,d0,7,11:41:29,11:41:29,401168,18.0,2
MQ_A5-Weekday-068100_M22_253,M22,d0,8,11:42:31,11:42:31,401169,19.0,2
MQ_A5-Weekday-068100_M22_253,M22,d0,9,11:45:37,11:45:37,405165,8.0,2
MQ_A5-Weekday-068100_M22_253,M22,d0,10,11:47:00,11:47:00,403317,25.0,2
MQ_A5-Weekday-068100_M22_253,M22,d0,11,11:49:00,11:49:00,403732,26.0,2
MQ_A5-Weekday-068100_M22_253,M22,d0,12,11:53:00,11:53:00,402033,24.0,2
MQ_A5-Weekday-068100_M22_253,M22,d0,13,11:53:57,11:53:57,402034,16.0,2
MQ_A5-Weekday-068100_M22_253,M22,d0,14,11:55:34,11:55:34,404100,20.0,2
MQ_A5-Weekday-068100_M22_253,M22,d0,15,11:57:01,11:57:01,402036,20.0,2
MQ_A5-Weekday-068100_M22_253,M22,d0,16,11:58:21,11:58:21,402037,20.0,2
MQ_A5-Weekday-068100_M22_253,M22,d0,17,11:59:45,11:59:45,402038,20.0,2
MQ_A5-Weekday-068100_M22_253,M22,d0,18,12:01:51,12:01:51,402039,7.0,1
MQ_A5-Weekday-068100_M22_253,M22,d0,19,12:02:59,12:02:59,401630,7.0,1
MQ_A5-Weekday-068100_M22_253,M22,d0,20,12:04:00,12:04:00,402041,5.0,1
MQ_A5-Weekday-068100_M22_253,M22,d0,21,12:05:04,12:05:04,402042,5.0,1
MQ_A5-Weekday-068100_M22_253,M22,d0,22,12:05:55,12:05:55,402043,5.0,1
MQ_A5-Weekday-068100_M22_253,M22,d0,23,12:09:02,12:09:02,404099,5.0,1
MQ_A5-Weekday-068100_M22_253,M22,d0,24,12:11:41,12:11:41,405368,1.0,1
MQ_A5-Weekday-068100_M22_253,M22,d0,25,12:13:00,12:13:00,401691,1.0,1
MQ_A5-Weekday-061700_M22_260,M22,d0,1,10:17:00,10:17:00,405054,3.0,1
MQ_A5-Weekday-061700_M22_260,M22,d0,2,10:19:54,10:19:54,405056,6.0,1
MQ_A5-Weekday-061700_M22_260,M22,d0,3,10:22:57,10:22:57,404969,6.0,1
MQ_A5-Weekday-061700_M22_260,M22,d0,4,10:24:08,10:24:08,404976,1.0,1
MQ_A5-Weekday-061700_M22_260,M22,d0,5,10:25:12,10:25:12,404977,5.0,1
MQ_A5-Weekday-061700_M22_260,M22,d0,6,10:26:48,10:26:48,404219,5.0,1
MQ_A5-Weekday-061700_M22_260,M22,d0,7,10:31:00,10:31:00,903280,10.0,1
MQ_A5-Weekday-061700_M22_260,M22,d0,8,10:32:12,10:32:12,404101,10.0,1
MQ_A5-Weekday-061700_M22_260,M22,d0,9,10:34:27,10:34:27,402085,15.0,1
MQ_A5-Weekday-061700_M22_260,M22,d0,10,10:35:40,10:35:40,401670,16.0,2
MQ_A5-Weekday-061700_M22_260,M22,d0,11,10:38:00,10:38:00,402088,20.0,2
MQ_A5-Weekday-061700_M22_260,M22,d0,12,10:39:50,10:39:50,402090,8.0,1
MQ_A5-Weekday-061700_M22_260,M22,d0,13,10:40:49,10:40:49,402091,8.0,2
MQ_A5-Weekday-061700_M22_260,M22,d0,14,10:42:00,10:42:00,402092,21.0,2
MQ_A5-Weekday-061700_M22_260,M22,d0,15,10:42:30,10:42:30,402093,20.0,2
MQ_A5-Weekday-061700_M22_260,M22,d0,16,10:43:21,10:43:21,402094,16.0,1
MQ_A5-Weekday-061700_M22_260,M22,d0,17,10:44:11,10:44:11,402095,6.0,1
MQ_A5-Weekday-061700_M22_260,M22,d0,18,10:44:38,10:44:38,402096,3.0,1
MQ_A5-Weekday-061700_M22_260,M22,d0,19,10:45:25,10:45:25,402097,11.0,1
MQ_A5-Weekday-061700_M22_260,M22,d0,20,10:46:00,10:46:00,404922,11.0,1
MQ_A5-Weekday-061700_M22_260,M22,d0,21,10:47:00,10:47:00,903025,11.0,1
MQ_A5-Weekday-SDon-067000_M22_252,M22,d0,1,11:10:00,11:10:00,404990,4.0,1
MQ_A5-Weekday-SDon-067000_M22_252,M22,d0,2,11:10:41,11:10:41,403851,4.0,1
MQ_A5-Weekday-SDon-067000_M22_252,M22,d0,3,11:12:17,11:12:17,400917,1.0,1
MQ_A5-Weekday-SDon-067000_M22_252,M22,d0,4,11:13:05,11:13:05,404132,5.0,1
MQ_A5-Weekday-SDon-067000_M22_252,M22,d0,5,11:14:00,11:14:00,402022,6.0,1
MQ_A5-Weekday-SDon-067000_M22_252,M22,d0,6,11:15:28,11:15:28,402023,6.0,1
MQ_A5-Weekday-SDon-067000_M22_252,M22,d0,7,11:17:08,11:17:08,402024,3.0,1
MQ_A5-Weekday-SDon-067000_M22_252,M22,d0,8,11:18:11,11:18:11,405172,6.0,1
MQ_A5-Weekday-SDon-067000_M22_252,M22,d0,9,11:20:48,11:20:48,402027,5.0,1
MQ_A5-Weekday-SDon-067000_M22_252,M22,d0,10,11:22:09,11:22:09,402028,5.0,1
MQ_A5-Weekday-SDon-067000_M22_252,M22,d0,11,11:23:21,11:23:21,402029,7.0,1
MQ_A5-Weekday-SDon-067000_M22_252,M22,d0,12,11:25:00,11:25:00,401787,9.0,1
MQ_A5-Weekday-SDon-067000_M22_252,M22,d0,13,11:27:12,11:27:12,402032,9.0,1
MQ_A5-Weekday-SDon-067000_M22_252,M22,d0,14,11:28:06,11:28:06,402033,6.0,1
MQ_A5-Weekday-SDon-067000_M22_252,M22,d0,15,11:28:49,11:28:49,402034,6.0,1
MQ_A5-Weekday-SDon-067000_M22_252,M22,d0,16,11:30:00,11:30:00,404100,4.0,1
MQ_A5-Weekday-SDon-067000_M22_252,M22,d0,17,11:31:05,11:31:05,403808,4.0,1
MQ_A5-Weekday-SDon-067000_M22_252,M22,d0,18,11:31:36,11:31:36,401598,1.0,1
MQ_A5-Weekday-SDon-067000_M22_252,M22,d0,19,11:32:00,11:32:00,401599,3.0,1
MQ_A5-Weekday-SDon-067000_M22_252,M22,d0,20,11:33:00,11:33:00,401600,3.0,1
MQ_A5-Weekday-SDon-067000_M22_252,M22,d0,21,11:34:00,11:34:00,803115,3.0,1
MQ_A5-Weekday-SDon-109000_M22_257,M22,d0,1,18:10:00,18:10:00,403399,41.0,3
MQ_A5-Weekday-SDon-109000_M22_257,M22,d0,2,18:15:06,18:15:06,803147,10.0,4
MQ_A5-Weekday-SDon-109000_M22_257,M22,d0,3,18:16:38,18:16:38,803105,54.0,4
MQ_A5-Weekday-SDon-109000_M22_257,M22,d0,4,18:20:00,18:20:00,903280,13.0,4
MQ_A5-Weekday-SDon-109000_M22_257,M22,d0,5,18:26:00,18:26:00,404857,58.0,4
MQ_A5-Weekday-SDon-109000_M22_257,M22,d0,6,18:27:08,18:27:08,405006,8.0,2
MQ_A5-Weekday-SDon-109000_M22_257,M22,d0,7,18:29:29,18:29:29,401168,23.0,4
MQ_A5-Weekday-SDon-109000_M22_257,M22,d0,8,18:30:31,18:30:31,401169,55.0,4
MQ_A5-Weekday-SDon-109000_M22_257,M22,d0,9,18:33:37,18:33:37,405165,55.0,4
MQ_A5-Weekday-SDon-109000_M22_257,M22,d0,10,18:35:00,18:35:00,403317,54.0,4
MQ_A5-Weekday-SDon-109000_M22_257,M22,d0,11,18:36:40,18:36:40,403732,63.0,4
MQ_A5-Weekday-SDon-109000_M22_257,M22,d0,12,18:40:00,18:40:00,402033,21.0,4
MQ_A5-Weekday-SDon-109000_M22_257,M22,d0,13,18:40:52,18:40:52,402034,60.0,4
MQ_A5-Weekday-SDon-109000_M22_257,M22,d0,14,18:42:20,18:42:20,404100,24.0,2
MQ_A5-Weekday-SDon-109000_M22_257,M22,d0,15,18:43:39,18:43:39,402036,11.0,1
MQ_A5-Weekday-SDon-109000_M22_257,M22,d0,16,18:44:51,18:44:51,402037,13.0,4
MQ_A5-Weekday-SDon-109000_M22_257,M22,d0,17,18:46:08,18:46:08,402038,55.0,4
MQ_A5-Weekday-SDon-109000_M22_257,M22,d0,18,18:48:03,18:48:03,402039,54.0,4
MQ_A5-Weekday-SDon-109000_M22_257,M22,d0,19,18:49:05,18:49:05,401630,54.0,4
MQ_A5-Weekday-SDon-109000_M22_257,M22,d0,20,18:50:00,18:50:00,402041,4.0,4
MQ_A5-Weekday-SDon-109000_M22_257,M22,d0,21,18:50:57,18:50:57,402042,51.0,4
MQ_A5-Weekday-SDon-109000_M22_257,M22,d0,22,18:51:42,18:51:42,402043,49.0,4
MQ_A5-Weekday-SDon-109000_M22_257,M22,d0,23,18:54:29,18:54:29,404099,48.0,3
MQ_A5-Weekday-SDon-109000_M22_257,M22,d0,24,18:56:50,18:56:50,405368,45.0,3
MQ_A5-Weekday-SDon-109000_M22_257,M22,d0,25,18:58:00,18:58:00,401691,45.0,3
MQ_A5-Weekday-101700_M22_262,M22,d0,1,16:57:00,16:57:00,405054,2.0,1
MQ_A5-Weekday-101700_M22_262,M22,d0,2,17:00:06,17:00:06,405056,3.0,1
MQ_A5-Weekday-101700_M22_262,M22,d0,3,17:03:22,17:03:22,404969,7.0,1
MQ_A5-Weekday-101700_M22_262,M22,d0,4,17:04:39,17:04:39,404976,7.0,1
MQ_A5-Weekday-101700_M22_262,M22,d0,5,17:05:47,17:05:47,404977,7.0,1
MQ_A5-Weekday-101700_M22_262,M22,d0,6,17:07:30,17:07:30,404219,10.0,1
MQ_A5-Weekday-101700_M22_262,M22,d0,7,17:12:00,17:12:00,903280,10.0,1
MQ_A5-Weekday-101700_M22_262,M22,d0,8,17:13:02,17:13:02,404101,12.0,1
MQ_A5-Weekday-101700_M22_262,M22,d0,9,17:14:57,17:14:57,402085,12.0,1
MQ_A5-Weekday-101700_M22_262,M22,d0,10,17:16:00,17:16:00,401670,12.0,1
MQ_A5-Weekday-101700_M22_262,M22,d0,11,17:18:00,17:18:00,402088,16.0,1
MQ_A5-Weekday-101700_M22_262,M22,d0,12,17:19:50,17:19:50,402090,16.0,1
MQ_A5-Weekday-101700_M22_262,M22,d0,13,17:20:49,17:20:49,402091,16.0,1
MQ_A5-Weekday-101700_M22_262,M22,d0,14,17:22:00,17:22:00,402092,16.0,1
MQ_A5-Weekday-101700_M22_262,M22,d0,15,17:22:37,17:22:37,402093,16.0,1
MQ_A5-Weekday-101700_M22_262,M22,d0,16,17:23:38,17:23:38,402094,16.0,1
MQ_A5-Weekday-101700_M22_262,M22,d0,17,17:24:37,17:24:37,402095,16.0,1
MQ_A5-Weekday-101700_M22_262,M22,d0,18,17:25:09,17:25:09,402096,12.0,1
MQ_A5-Weekday-101700_M22_262,M22,d0,19,17:26:06,17:26:06,402097,12.0,1
MQ_A5-Weekday-101700_M22_262,M22,d0,20,17:26:48,17:26:48,404922,5.0,1
MQ_A5-Weekday-101700_M22_262,M22,d0,21,17:28:00,17:28:00,903025,5.0,1
MQ_A5-Weekday-SDon-068000_M22_251,M22,d0,1,11:20:00,11:20:00,401528,15.0,1
MQ_A5-Weekday-SDon-068000_M22_251,M22,d0,2,11:21:09,11:21:09,401529,2.0,1
MQ_A5-Weekday-SDon-068000_M22_251,M22,d0,3,11:21:57,11:21:57,403313,11.0,1
MQ_A5-Weekday-SDon-068000_M22_251,M22,d0,4,11:23:00,11:23:00,403312,12.0,1
MQ_A5-Weekday-SDon-068000_M22_251,M22,d0,5,11:24:01,11:24:01,401531,4.0,1
MQ_A5-Weekday-SDon-068000_M22_251,M22,d0,6,11:25:05,11:25:05,401532,13.0,1
MQ_A5-Weekday-SDon-068000_M22_251,M22,d0,7,11:26:05,11:26:05,401533,13.0,1
MQ_A5-Weekday-SDon-068000_M22_251,M22,d0,8,11:27:15,11:27:15,401535,4.0,1
MQ_A5-Weekday-SDon-068000_M22_251,M22,d0,9,11:28:00,11:28:00,401536,13.0,1
MQ_A5-Weekday-SDon-068000_M22_251,M22,d0,10,11:29:52,11:29:52,401538,13.0,1
MQ_A5-Weekday-SDon-068000_M22_251,M22,d0,11,11:31:33,11:31:33,400336,5.0,1
MQ_A5-Weekday-SDon-068000_M22_251,M22,d0,12,11:33:01,11:33:01,400337,7.0,1
MQ_A5-Weekday-SDon-068000_M22_251,M22,d0,13,11:34:00,11:34:00,404010,14.0,1
MQ_A5-Weekday-SDon-068000_M22_251,M22,d0,14,11:34:47,11:34:47,401542,6.0,1
MQ_A5-Weekday-SDon-068000_M22_251,M22,d0,15,11:36:10,11:36:10,401543,14.0,1
MQ_A5-Weekday-SDon-068000_M22_251,M22,d0,16,11:38:01,11:38:01,401544,14.0,1
MQ_A5-Weekday-SDon-068000_M22_251,M22,d0,17,11:39:00,11:39:00,401545,14.0,1
MQ_A5-Weekday-SDon-068000_M22_251,M22,d0,18,11:39:48,11:39:48,401547,14.0,1
MQ_A5-Weekday-SDon-068000_M22_251,M22,d0,19,11:40:39,11:40:39,401548,3.0,1
MQ_A5-Weekday-SDon-068000_M22_251,M22,d0,20,11:41:32,11:41:32,401549,3.0,1
MQ_A5-Weekday-SDon-068000_M22_251,M22,d0,21,11:42:15,11:42:15,401591,3.0,1
MQ_A5-Weekday-SDon-068000_M22_251,M22,d0,22,11:43:00,11:43:00,803177,3.0,1
MQ_A5-Weekday-SDon-150000_M22_263,M22,d0,1,25:00:00,25:00:00,405054,2.0,1
MQ_A5-Weekday-SDon-150000_M22_263,M22,d0,2,25:01:27,25:01:27,405056,2.0,1
MQ_A5-Weekday-SDon-150000_M22_263,M22,d0,3,25:02:58,25:02:58,404969,2.0,1
MQ_A5-Weekday-SDon-150000_M22_263,M22,d0,4,25:03:34,25:03:34,404976,2.0,1
MQ_A5-Weekday-SDon-150000_M22_263,M22,d0,5,25:04:06,25:04:06,404977,2.0,1
MQ_A5-Weekday-SDon-150000_M22_263,M22,d0,6,25:04:54,25:04:54,404219,2.0,1
MQ_A5-Weekday-SDon-150000_M22_263,M22,d0,7,25:07:00,25:07:00,903280,2.0,1
MQ_A5-Weekday-SDon-150000_M22_263,M22,d0,8,25:07:41,25:07:41,404101,2.0,1
MQ_A5-Weekday-SDon-150000_M22_263,M22,d0,9,25:08:58,25:08:58,402085,2.0,1
MQ_A5-Weekday-SDon-150000_M22_263,M22,d0,10,25:09:40,25:09:40,401670,3.0,1
MQ_A5-Weekday-SDon-150000_M22_263,M22,d0,11,25:11:00,25:11:00,402088,3.0,1
MQ_A5-Weekday-SDon-150000_M22_263,M22,d0,12,25:11:55,25:11:55,402090,3.0,1
MQ_A5-Weekday-SDon-150000_M22_263,M22,d0,13,25:12:25,25:12:25,402091,3.0,1
MQ_A5-Weekday-SDon-150000_M22_263,M22,d0,14,25:13:00,25:13:00,402092,3.0,1
MQ_A5-Weekday-SDon-150000_M22_263,M22,d0,15,25:13:12,25:13:12,402093,3.0,1
MQ_A5-Weekday-SDon-150000_M22_263,M22,d0,16,25:13:33,25:13:33,402094,3.0,1
MQ_A5-Weekday-SDon-150000_M22_263,M22,d0,17,25:13:52,25:13:52,402095,3.0,1
MQ_A5-Weekday-SDon-150000_M22_263,M22,d0,18,25:14:03,25:14:03,402096,3.0,1
MQ_A5-Weekday-SDon-150000_M22_263,M22,d0,19,25:14:22,25:14:22,402097,3.0,1
MQ_A5-Weekday-SDon-150000_M22_263,M22,d0,20,25:14:36,25:14:36,404922,2.0,1
MQ_A5-Weekday-SDon-150000_M22_263,M22,d0,21,25:15:00,25:15:00,903025,2.0,1
MQ_A5-Weekday-SDon-126000_M22_262,M22,d0,1,21:00:00,21:00:00,404990,7.0,1
MQ_A5-Weekday-SDon-126000_M22_262,M22,d0,2,21:00:41,21:00:41,403851,7.0,1
MQ_A5-Weekday-SDon-126000_M22_262,M22,d0,3,21:02:17,21:02:17,400917,3.0,1
MQ_A5-Weekday-SDon-126000_M22_262,M22,d0,4,21:03:05,21:03:05,404132,9.0,1
MQ_A5-Weekday-SDon-126000_M22_262,M22,d0,5,21:04:00,21:04:00,402022,9.0,1
MQ_A5-Weekday-SDon-126000_M22_262,M22,d0,6,21:04:56,21:04:56,402023,11.0,1
MQ_A5-Weekday-SDon-126000_M22_262,M22,d0,7,21:06:00,21:06:00,402024,11.0,1
MQ_A5-Weekday-SDon-126000_M22_262,M22,d0,8,21:06:40,21:06:40,405172,11.0,1
MQ_A5-Weekday-SDon-126000_M22_262,M22,d0,9,21:08:20,21:08:20,402027,11.0,1
MQ_A5-Weekday-SDon-126000_M22_262,M22,d0,10,21:09:11,21:09:11,402028,11.0,1
MQ_A5-Weekday-SDon-126000_M22_262,M22,d0,11,21:09:57,21:09:57,402029,11.0,1
MQ_A5-Weekday-SDon-126000_M22_262,M22,d0,12,21:11:00,21:11:00,401787,12.0,1
MQ_A5-Weekday-SDon-126000_M22_262,M22,d0,13,21:13:12,21:13:12,402032,13.0,1
MQ_A5-Weekday-SDon-126000_M22_262,M22,d0,14,21:14:06,21:14:06,402033,5.0,1
MQ_A5-Weekday-SDon-126000_M22_262,M22,d0,15,21:14:49,21:14:49,402034,11.0,1
MQ_A5-Weekday-SDon-126000_M22_262,M22,d0,16,21:16:00,21:16:00,404100,11.0,1
MQ_A5-Weekday-SDon-126000_M22_262,M22,d0,17,21:17:05,21:17:05,403808,11.0,1
MQ_A5-Weekday-SDon-126000_M22_262,M22,d0,18,21:17:36,21:17:36,401598,11.0,1
MQ_A5-Weekday-SDon-126000_M22_262,M22,d0,19,21:18:00,21:18:00,401599,3.0,1
MQ_A5-Weekday-SDon-126000_M22_262,M22,d0,20,21:19:00,21:19:00,401600,3.0,1
MQ_A5-Weekday-SDon-126000_M22_262,M22,d0,21,21:20:00,21:20:00,803115,3.0,1
MQ_A5-Weekday-SDon-097200_M22_258,M22,d0,1,16:12:00,16:12:00,403399,21.0,2
MQ_A5-Weekday-SDon-097200_M22_258,M22,d0,2,16:17:06,16:17:06,803147,21.0,2
MQ_A5-Weekday-SDon-097200_M22_258,M22,d0,3,16:18:38,16:18:38,803105,14.0,2
MQ_A5-Weekday-SDon-097200_M22_258,M22,d0,4,16:22:00,16:22:00,903280,19.0,4
MQ_A5-Weekday-SDon-097200_M22_258,M22,d0,5,16:28:00,16:28:00,404857,60.0,4
MQ_A5-Weekday-SDon-097200_M22_258,M22,d0,6,16:29:08,16:29:08,405006,23.0,2
MQ_A5-Weekday-SDon-097200_M22_258,M22,d0,7,16:31:29,16:31:29,401168,21.0,4
MQ_A5-Weekday-SDon-097200_M22_258,M22,d0,8,16:32:31,16:32:31,401169,56.0,4
MQ_A5-Weekday-SDon-097200_M22_258,M22,d0,9,16:35:37,16:35:37,405165,56.0,4
MQ_A5-Weekday-SDon-097200_M22_258,M22,d0,10,16:37:00,16:37:00,403317,25.0,4
MQ_A5-Weekday-SDon-097200_M22_258,M22,d0,11,16:39:00,16:39:00,403732,56.0,4
MQ_A5-Weekday-SDon-097200_M22_258,M22,d0,12,16:43:00,16:43:00,402033,56.0,4
MQ_A5-Weekday-SDon-097200_M22_258,M22,d0,13,16:43:57,16:43:57,402034,28.0,4
MQ_A5-Weekday-SDon-097200_M22_258,M22,d0,14,16:45:34,16:45:34,404100,51.0,4
MQ_A5-Weekday-SDon-097200_M22_258,M22,d0,15,16:47:01,16:47:01,402036,51.0,4
MQ_A5-Weekday-SDon-097200_M22_258,M22,d0,16,16:48:21,16:48:21,402037,51.0,4
MQ_A5-Weekday-SDon-097200_M22_258,M22,d0,17,16:49:45,16:49:45,402038,24.0,4
MQ_A5-Weekday-SDon-097200_M22_258,M22,d0,18,16:51:51,16:51:51,402039,51.0,4
MQ_A5-Weekday-SDon-097200_M22_258,M22,d0,19,16:52:59,16:52:59,401630,51.0,4
MQ_A5-Weekday-SDon-097200_M22_258,M22,d0,20,16:54:00,16:54:00,402041,51.0,4
MQ_A5-Weekday-SDon-097200_M22_258,M22,d0,21,16:55:04,16:55:04,402042,51.0,4
MQ_A5-Weekday-SDon-097200_M22_258,M22,d0,22,16:55:55,16:55:55,402043,24.0,2
MQ_A5-Weekday-SDon-097200_M22_258,M22,d0,23,16:59:02,16:59:02,404099,5.0,2
MQ_A5-Weekday-SDon-097200_M22_258,M22,d0,24,17:01:41,17:01:41,405368,24.0,2
MQ_A5-Weekday-SDon-097200_M22_258,M22,d0,25,17:03:00,17:03:00,401691,24.0,2
MQ_A5-Weekday-047000_M22_254,M22,d0,1,7:50:00,7:50:00,405054,5.0,1
MQ_A5-Weekday-047000_M22_254,M22,d0,2,7:52:16,7:52:16,405056,6.0,1
MQ_A5-Weekday-047000_M22_254,M22,d0,3,7:54:40,7:54:40,404969,7.0,1
MQ_A5-Weekday-047000_M22_254,M22,d0,4,7:55:37,7:55:37,404976,7.0,1
MQ_A5-Weekday-047000_M22_254,M22,d0,5,7:56:27,7:56:27,404977,12.0,1
MQ_A5-Weekday-047000_M22_254,M22,d0,6,7:57:42,7:57:42,404219,12.0,1
MQ_A5-Weekday-047000_M22_254,M22,d0,7,8:01:00,8:01:00,903280,12.0,1
MQ_A5-Weekday-047000_M22_254,M22,d0,8,8:02:02,8:02:02,404101,12.0,1
MQ_A5-Weekday-047000_M22_254,M22,d0,9,8:03:57,8:03:57,402085,5.0,1
MQ_A5-Weekday-047000_M22_254,M22,d0,10,8:05:00,8:05:00,401670,5.0,1
MQ_A5-Weekday-047000_M22_254,M22,d0,11,8:07:00,8:07:00,402088,6.0,1
MQ_A5-Weekday-047000_M22_254,M22,d0,12,8:08:50,8:08:50,402090,6.0,1
MQ_A5-Weekday-047000_M22_254,M22,d0,13,8:09:49,8:09:49,402091,6.0,1
MQ_A5-Weekday-047000_M22_254,M22,d0,14,8:11:00,8:11:00,402092,8.0,1
MQ_A5-Weekday-047000_M22_254,M22,d0,15,8:11:37,8:11:37,402093,8.0,1
MQ_A5-Weekday-047000_M22_254,M22,d0,16,8:12:38,8:12:38,402094,8.0,1
MQ_A5-Weekday-047000_M22_254,M22,d0,17,8:13:37,8:13:37,402095,8.0,1
MQ_A5-Weekday-047000_M22_254,M22,d0,18,8:14:09,8:14:09,402096,8.0,1
MQ_A5-Weekday-047000_M22_254,M22,d0,19,8:15:06,8:15:06,402097,8.0,1
MQ_A5-Weekday-047000_M22_254,M22,d0,20,8:15:48,8:15:48,404922,7.0,1
MQ_A5-Weekday-047000_M22_254,M22,d0,21,8:17:00,8:17:00,903025,7.0,1
MQ_A5-Weekday-049700_M22_256,M22,d0,1,8:17:00,8:17:00,405054,7.0,1
MQ_A5-Weekday-049700_M22_256,M22,d0,2,8:19:41,8:19:41,405056,7.0,1
MQ_A5-Weekday-049700_M22_256,M22,d0,3,8:22:31,8:22:31,404969,7.0,1
MQ_A5-Weekday-049700_M22_256,M22,d0,4,8:23:38,8:23:38,404976,7.0,1
MQ_A5-Weekday-049700_M22_256,M22,d0,5,8:24:37,8:24:37,404977,7.0,1
MQ_A5-Weekday-049700_M22_256,M22,d0,6,8:26:06,8:26:06,404219,6.0,1
MQ_A5-Weekday-049700_M22_256,M22,d0,7,8:30:00,8:30:00,903280,11.0,1
MQ_A5-Weekday-049700_M22_256,M22,d0,8,8:31:02,8:31:02,404101,11.0,1
MQ_A5-Weekday-049700_M22_256,M22,d0,9,8:32:57,8:32:57,402085,11.0,1
MQ_A5-Weekday-049700_M22_256,M22,d0,10,8:34:00,8:34:00,401670,11.0,2
MQ_A5-Weekday-049700_M22_256,M22,d0,11,8:36:00,8:36:00,402088,20.0,2
MQ_A5-Weekday-049700_M22_256,M22,d0,12,8:37:50,8:37:50,402090,15.0,1
MQ_A5-Weekday-049700_M22_256,M22,d0,13,8:38:49,8:38:49,402091,15.0,1
MQ_A5-Weekday-049700_M22_256,M22,d0,14,8:40:00,8:40:00,402092,14.0,2
MQ_A5-Weekday-049700_M22_256,M22,d0,15,8:40:37,8:40:37,402093,21.0,2
MQ_A5-Weekday-049700_M22_256,M22,d0,16,8:41:38,8:41:38,402094,21.0,2
MQ_A5-Weekday-049700_M22_256,M22,d0,17,8:42:37,8:42:37,402095,21.0,2
MQ_A5-Weekday-049700_M22_256,M22,d0,18,8:43:09,8:43:09,402096,3.0,1
MQ_A5-Weekday-049700_M22_256,M22,d0,19,8:44:06,8:44:06,402097,3.0,1
MQ_A5-Weekday-049700_M22_256,M22,d0,20,8:44:48,8:44:48,404922,3.0,1
MQ_A5-Weekday-049700_M22_256,M22,d0,21,8:46:00,8:46:00,903025,3.0,1
MQ_A5-Weekday-083700_M22_262,M22,d0,1,13:57:00,13:57:00,405054,2.0,1
MQ_A5-Weekday-083700_M22_262,M22,d0,2,13:59:54,13:59:54,405056,2.0,1
MQ_A5-Weekday-083700_M22_262,M22,d0,3,14:02:57,14:02:57,404969,2.0,1
MQ_A5-Weekday-083700_M22_262,M22,d0,4,14:04:08,14:04:08,404976,2.0,1
MQ_A5-Weekday-083700_M22_262,M22,d0,5,14:05:12,14:05:12,404977,2.0,1
MQ_A5-Weekday-083700_M22_262,M22,d0,6,14:06:48,14:06:48,404219,2.0,1
MQ_A5-Weekday-083700_M22_262,M22,d0,7,14:11:00,14:11:00,903280,5.0,1
MQ_A5-Weekday-083700_M22_262,M22,d0,8,14:12:12,14:12:12,404101,6.0,1
MQ_A5-Weekday-083700_M22_262,M22,d0,9,14:14:27,14:14:27,402085,6.0,1
MQ_A5-Weekday-083700_M22_262,M22,d0,10,14:15:40,14:15:40,401670,6.0,1
MQ_A5-Weekday-083700_M22_262,M22,d0,11,14:18:00,14:18:00,402088,5.0,1
MQ_A5-Weekday-083700_M22_262,M22,d0,12,14:20:17,14:20:17,402090,8.0,1
MQ_A5-Weekday-083700_M22_262,M22,d0,13,14:21:31,14:21:31,402091,8.0,1
MQ_A5-Weekday-083700_M22_262,M22,d0,14,14:23:00,14:23:00,402092,8.0,1
MQ_A5-Weekday-083700_M22_262,M22,d0,15,14:23:37,14:23:37,402093,8.0,1
MQ_A5-Weekday-083700_M22_262,M22,d0,16,14:24:38,14:24:38,402094,8.0,1
MQ_A5-Weekday-083700_M22_262,M22,d0,17,14:25:37,14:25:37,402095,8.0,1
MQ_A5-Weekday-083700_M22_262,M22,d0,18,14:26:09,14:26:09,402096,8.0,1
MQ_A5-Weekday-083700_M22_262,M22,d0,19,14:27:06,14:27:06,402097,8.0,1
MQ_A5-Weekday-083700_M22_262,M22,d0,20,14:27:48,14:27:48,404922,7.0,1
MQ_A5-Weekday-083700_M22_262,M22,d0,21,14:29:00,14:29:00,903025,7.0,1
MQ_A5-Weekday-SDon-098700_M22_255,M22,d0,1,16:27:00,16:27:00,405054,3.0,1
MQ_A5-Weekday-SDon-098700_M22_255,M22,d0,2,16:30:06,16:30:06,405056,10.0,1
MQ_A5-Weekday-SDon-098700_M22_255,M22,d0,3,16:33:22,16:33:22,404969,10.0,1
MQ_A5-Weekday-SDon-098700_M22_255,M22,d0,4,16:34:39,16:34:39,404976,12.0,1
MQ_A5-Weekday-SDon-098700_M22_255,M22,d0,5,16:35:47,16:35:47,404977,7.0,1
MQ_A5-Weekday-SDon-098700_M22_255,M22,d0,6,16:37:30,16:37:30,404219,8.0,1
MQ_A5-Weekday-SDon-098700_M22_255,M22,d0,7,16:42:00,16:42:00,903280,13.0,1
MQ_A5-Weekday-SDon-098700_M22_255,M22,d0,8,16:43:02,16:43:02,404101,13.0,1
MQ_A5-Weekday-SDon-098700_M22_255,M22,d0,9,16:44:57,16:44:57,402085,16.0,1
MQ_A5-Weekday-SDon-098700_M22_255,M22,d0,10,16:46:00,16:46:00,401670,16.0,1
MQ_A5-Weekday-SDon-098700_M22_255,M22,d0,11,16:48:00,16:48:00,402088,16.0,2
MQ_A5-Weekday-SDon-098700_M22_255,M22,d0,12,16:49:50,16:49:50,402090,19.0,2
MQ_A5-Weekday-SDon-098700_M22_255,M22,d0,13,16:50:49,16:50:49,402091,19.0,2
MQ_A5-Weekday-SDon-098700_M22_255,M22,d0,14,16:52:00,16:52:00,402092,19.0,2
MQ_A5-Weekday-SDon-098700_M22_255,M22,d0,15,16:52:37,16:52:37,402093,19.0,2
MQ_A5-Weekday-SDon-098700_M22_255,M22,d0,16,16:53:38,16:53:38,402094,19.0,2
MQ_A5-Weekday-SDon-098700_M22_255,M22,d0,17,16:54:37,16:54:37,402095,19.0,2
MQ_A5-Weekday-SDon-098700_M22_255,M22,d0,18,16:55:09,16:55:09,402096,19.0,2
MQ_A5-Weekday-SDon-098700_M22_255,M22,d0,19,16:56:06,16:56:06,402097,19.0,2
MQ_A5-Weekday-SDon-098700_M22_255,M22,d0,20,16:56:48,16:56:48,404922,8.0,1
MQ_A5-Weekday-SDon-098700_M22_255,M22,d0,21,16:58:00,16:58:00,903025,8.0,1
MQ_A5-Weekday-SDon-096000_M22_257,M22,d0,1,16:00:00,16:00:00,403399,10.0,1
MQ_A5-Weekday-SDon-096000_M22_257,M22,d0,2,16:05:06,16:05:06,803147,11.0,3
MQ_A5-Weekday-SDon-096000_M22_257,M22,d0,3,16:06:38,16:06:38,803105,34.0,3
MQ_A5-Weekday-SDon-096000_M22_257,M22,d0,4,16:10:00,16:10:00,903280,27.0,2
MQ_A5-Weekday-SDon-096000_M22_257,M22,d0,5,16:16:00,16:16:00,404857,27.0,2
MQ_A5-Weekday-SDon-096000_M22_257,M22,d0,6,16:17:08,16:17:08,405006,3.0,2
MQ_A5-Weekday-SDon-096000_M22_257,M22,d0,7,16:19:29,16:19:29,401168,26.0,2
MQ_A5-Weekday-SDon-096000_M22_257,M22,d0,8,16:20:31,16:20:31,401169,28.0,4
MQ_A5-Weekday-SDon-096000_M22_257,M22,d0,9,16:23:37,16:23:37,405165,52.0,4
MQ_A5-Weekday-SDon-096000_M22_257,M22,d0,10,16:25:00,16:25:00,403317,5.0,4
MQ_A5-Weekday-SDon-096000_M22_257,M22,d0,11,16:27:00,16:27:00,403732,52.0,4
MQ_A5-Weekday-SDon-096000_M22_257,M22,d0,12,16:31:00,16:31:00,402033,52.0,4
MQ_A5-Weekday-SDon-096000_M22_257,M22,d0,13,16:31:57,16:31:57,402034,50.0,4
MQ_A5-Weekday-SDon-096000_M22_257,M22,d0,14,16:33:34,16:33:34,404100,2.0,2
MQ_A5-Weekday-SDon-096000_M22_257,M22,d0,15,16:35:01,16:35:01,402036,28.0,2
MQ_A5-Weekday-SDon-096000_M22_257,M22,d0,16,16:36:21,16:36:21,402037,28.0,3
MQ_A5-Weekday-SDon-096000_M22_257,M22,d0,17,16:37:45,16:37:45,402038,43.0,3
MQ_A5-Weekday-SDon-096000_M22_257,M22,d0,18,16:39:51,16:39:51,402039,43.0,3
MQ_A5-Weekday-SDon-096000_M22_257,M22,d0,19,16:40:59,16:40:59,401630,43.0,3
MQ_A5-Weekday-SDon-096000_M22_257,M22,d0,20,16:42:00,16:42:00,402041,43.0,3
MQ_A5-Weekday-SDon-096000_M22_257,M22,d0,21,16:43:04,16:43:04,402042,38.0,3
MQ_A5-Weekday-SDon-096000_M22_257,M22,d0,22,16:43:55,16:43:55,402043,38.0,3
MQ_A5-Weekday-SDon-096000_M22_257,M22,d0,23,16:47:02,16:47:02,404099,19.0,2
MQ_A5-Weekday-SDon-096000_M22_257,M22,d0,24,16:49:41,16:49:41,405368,16.0,1
MQ_A5-Weekday-SDon-096000_M22_257,M22,d0,25,16:51:00,16:51:00,401691,16.0,1
MQ_A5-Weekday-100200_M22_256,M22,d0,1,16:42:00,16:42:00,405054,1.0,1
MQ_A5-Weekday-100200_M22_256,M22,d0,2,16:45:06,16:45:06,405056,16.0,1
MQ_A5-Weekday-100200_M22_256,M22,d0,3,16:48:22,16:48:22,404969,16.0,1
MQ_A5-Weekday-100200_M22_256,M22,d0,4,16:49:39,16:49:39,404976,16.0,1
MQ_A5-Weekday-100200_M22_256,M22,d0,5,16:50:47,16:50:47,404977,16.0,1
MQ_A5-Weekday-100200_M22_256,M22,d0,6,16:52:30,16:52:30,404219,16.0,2
MQ_A5-Weekday-100200_M22_256,M22,d0,7,16:57:00,16:57:00,903280,18.0,2
MQ_A5-Weekday-100200_M22_256,M22,d0,8,16:58:02,16:58:02,404101,18.0,2
MQ_A5-Weekday-100200_M22_256,M22,d0,9,16:59:57,16:59:57,402085,18.0,2
MQ_A5-Weekday-100200_M22_256,M22,d0,10,17:01:00,17:01:00,401670,18.0,2
MQ_A5-Weekday-100200_M22_256,M22,d0,11,17:03:00,17:03:00,402088,18.0,2
MQ_A5-Weekday-100200_M22_256,M22,d0,12,17:04:50,17:04:50,402090,15.0,1
MQ_A5-Weekday-100200_M22_256,M22,d0,13,17:05:49,17:05:49,402091,15.0,1
MQ_A5-Weekday-100200_M22_256,M22,d0,14,17:07:00,17:07:00,402092,15.0,1
MQ_A5-Weekday-100200_M22_256,M22,d0,15,17:07:37,17:07:37,402093,15.0,1
MQ_A5-Weekday-100200_M22_256,M22,d0,16,17:08:38,17:08:38,402094,10.0,1
MQ_A5-Weekday-100200_M22_256,M22,d0,17,17:09:37,17:09:37,402095,10.0,1
MQ_A5-Weekday-100200_M22_256,M22,d0,18,17:10:09,17:10:09,402096,10.0,1
MQ_A5-Weekday-100200_M22_256,M22,d0,19,17:11:06,17:11:06,402097,10.0,1
MQ_A5-Weekday-100200_M22_256,M22,d0,20,17:11:48,17:11:48,404922,2.0,1
MQ_A5-Weekday-100200_M22_256,M22,d0,21,17:13:00,17:13:00,903025,2.0,1
MQ_A5-Weekday-SDon-126000_M22_263,M22,d0,1,21:00:00,21:00:00,405054,3.0,1
MQ_A5-Weekday-SDon-126000_M22_263,M22,d0,2,21:02:16,21:02:16,405056,3.0,1
MQ_A5-Weekday-SDon-126000_M22_263,M22,d0,3,21:04:40,21:04:40,404969,1.0,1
MQ_A5-Weekday-SDon-126000_M22_263,M22,d0,4,21:05:37,21:05:37,404976,6.0,1
MQ_A5-Weekday-SDon-126000_M22_263,M22,d0,5,21:06:27,21:06:27,404977,6.0,1
MQ_A5-Weekday-SDon-126000_M22_263,M22,d0,6,21:07:42,21:07:42,404219,12.0,1
MQ_A5-Weekday-SDon-126000_M22_263,M22,d0,7,21:11:00,21:11:00,903280,12.0,1
MQ_A5-Weekday-SDon-126000_M22_263,M22,d0,8,21:11:52,21:11:52,404101,12.0,1
MQ_A5-Weekday-SDon-126000_M22_263,M22,d0,9,21:13:28,21:13:28,402085,12.0,1
MQ_A5-Weekday-SDon-126000_M22_263,M22,d0,10,21:14:20,21:14:20,401670,3.0,1
MQ_A5-Weekday-SDon-126000_M22_263,M22,d0,11,21:16:00,21:16:00,402088,12.0,1
MQ_A5-Weekday-SDon-126000_M22_263,M22,d0,12,21:17:50,21:17:50,402090,1.0,1
MQ_A5-Weekday-SDon-126000_M22_263,M22,d0,13,21:18:49,21:18:49,402091,12.0,1
MQ_A5-Weekday-SDon-126000_M22_263,M22,d0,14,21:20:00,21:20:00,402092,12.0,1
MQ_A5-Weekday-SDon-126000_M22_263,M22,d0,15,21:20:24,21:20:24,402093,1.0,1
MQ_A5-Weekday-SDon-126000_M22_263,M22,d0,16,21:21:05,21:21:05,402094,9.0,1
MQ_A5-Weekday-SDon-126000_M22_263,M22,d0,17,21:21:45,21:21:45,402095,9.0,1
MQ_A5-Weekday-SDon-126000_M22_263,M22,d0,18,21:22:06,21:22:06,402096,9.0,1
MQ_A5-Weekday-SDon-126000_M22_263,M22,d0,19,21:22:44,21:22:44,402097,5.0,1
MQ_A5-Weekday-SDon-126000_M22_263,M22,d0,20,21:23:12,21:23:12,404922,5.0,1
MQ_A5-Weekday-SDon-126000_M22_263,M22,d0,21,21:24:00,21:24:00,903025,5.0,1
MQ_A5-Weekday-SDon-129000_M22_261,M22,d0,1,21:30:00,21:30:00,405054,2.0,1
MQ_A5-Weekday-SDon-129000_M22_261,M22,d0,2,21:32:04,21:32:04,405056,2.0,1
MQ_A5-Weekday-SDon-129000_M22_261,M22,d0,3,21:34:15,21:34:15,404969,3.0,1
MQ_A5-Weekday-SDon-129000_M22_261,M22,d0,4,21:35:06,21:35:06,404976,3.0,1
MQ_A5-Weekday-SDon-129000_M22_261,M22,d0,5,21:35:52,21:35:52,404977,4.0,1
MQ_A5-Weekday-SDon-129000_M22_261,M22,d0,6,21:37:00,21:37:00,404219,4.0,1
MQ_A5-Weekday-SDon-129000_M22_261,M22,d0,7,21:40:00,21:40:00,903280,5.0,1
MQ_A5-Weekday-SDon-129000_M22_261,M22,d0,8,21:40:41,21:40:41,404101,5.0,1
MQ_A5-Weekday-SDon-129000_M22_261,M22,d0,9,21:41:58,21:41:58,402085,5.0,1
MQ_A5-Weekday-SDon-129000_M22_261,M22,d0,10,21:42:40,21:42:40,401670,5.0,1
MQ_A5-Weekday-SDon-129000_M22_261,M22,d0,11,21:44:00,21:44:00,402088,5.0,1
MQ_A5-Weekday-SDon-129000_M22_261,M22,d0,12,21:45:23,21:45:23,402090,3.0,1
MQ_A5-Weekday-SDon-129000_M22_261,M22,d0,13,21:46:07,21:46:07,402091,5.0,1
MQ_A5-Weekday-SDon-129000_M22_261,M22,d0,14,21:47:00,21:47:00,402092,6.0,1
MQ_A5-Weekday-SDon-129000_M22_261,M22,d0,15,21:47:18,21:47:18,402093,4.0,1
MQ_A5-Weekday-SDon-129000_M22_261,M22,d0,16,21:47:49,21:47:49,402094,6.0,1
MQ_A5-Weekday-SDon-129000_M22_261,M22,d0,17,21:48:19,21:48:19,402095,6.0,1
MQ_A5-Weekday-SDon-129000_M22_261,M22,d0,18,21:48:35,21:48:35,402096,6.0,1
MQ_A5-Weekday-SDon-129000_M22_261,M22,d0,19,21:49:03,21:49:03,402097,4.0,1
MQ_A5-Weekday-SDon-129000_M22_261,M22,d0,20,21:49:24,21:49:24,404922,4.0,1
MQ_A5-Weekday-SDon-129000_M22_261,M22,d0,21,21:50:00,21:50:00,903025,4.0,1
MQ_A5-Weekday-SDon-073000_M22_254,M22,d0,1,12:10:00,12:10:00,404990,4.0,1
MQ_A5-Weekday-SDon-073000_M22_254,M22,d0,2,12:10:41,12:10:41,403851,4.0,1
MQ_A5-Weekday-SDon-073000_M22_254,M22,d0,3,12:12:17,12:12:17,400917,4.0,1
MQ_A5-Weekday-SDon-073000_M22_254,M22,d0,4,12:13:05,12:13:05,404132,1.0,1
MQ_A5-Weekday-SDon-073000_M22_254,M22,d0,5,12:14:00,12:14:00,402022,3.0,1
MQ_A5-Weekday-SDon-073000_M22_254,M22,d0,6,12:15:28,12:15:28,402023,3.0,1
MQ_A5-Weekday-SDon-073000_M22_254,M22,d0,7,12:17:08,12:17:08,402024,6.0,1
MQ_A5-Weekday-SDon-073000_M22_254,M22,d0,8,12:18:11,12:18:11,405172,6.0,1
MQ_A5-Weekday-SDon-073000_M22_254,M22,d0,9,12:20:48,12:20:48,402027,7.0,1
MQ_A5-Weekday-SDon-073000_M22_254,M22,d0,10,12:22:09,12:22:09,402028,7.0,1
MQ_A5-Weekday-SDon-073000_M22_254,M22,d0,11,12:23:21,12:23:21,402029,7.0,1
MQ_A5-Weekday-SDon-073000_M22_254,M22,d0,12,12:25:00,12:25:00,401787,10.0,1
MQ_A5-Weekday-SDon-073000_M22_254,M22,d0,13,12:27:12,12:27:12,402032,10.0,1
MQ_A5-Weekday-SDon-073000_M22_254,M22,d0,14,12:28:06,12:28:06,402033,9.0,1
MQ_A5-Weekday-SDon-073000_M22_254,M22,d0,15,12:28:49,12:28:49,402034,8.0,1
MQ_A5-Weekday-SDon-073000_M22_254,M22,d0,16,12:30:00,12:30:00,404100,4.0,1
MQ_A5-Weekday-SDon-073000_M22_254,M22,d0,17,12:31:05,12:31:05,403808,6.0,1
MQ_A5-Weekday-SDon-073000_M22_254,M22,d0,18,12:31:36,12:31:36,401598,6.0,1
MQ_A5-Weekday-SDon-073000_M22_254,M22,d0,19,12:32:00,12:32:00,401599,6.0,1
MQ_A5-Weekday-SDon-073000_M22_254,M22,d0,20,12:33:00,12:33:00,401600,6.0,1
MQ_A5-Weekday-SDon-073000_M22_254,M22,d0,21,12:34:00,12:34:00,803115,6.0,1
MQ_A5-Weekday-046000_M22_251,M22,d0,1,7:40:00,7:40:00,405054,1.0,1
MQ_A5-Weekday-046000_M22_251,M22,d0,2,7:42:16,7:42:16,405056,1.0,1
MQ_A5-Weekday-046000_M22_251,M22,d0,3,7:44:40,7:44:40,404969,1.0,1
MQ_A5-Weekday-046000_M22_251,M22,d0,4,7:45:37,7:45:37,404976,1.0,1
MQ_A5-Weekday-046000_M22_251,M22,d0,5,7:46:27,7:46:27,404977,1.0,1
MQ_A5-Weekday-046000_M22_251,M22,d0,6,7:47:42,7:47:42,404219,1.0,1
MQ_A5-Weekday-046000_M22_251,M22,d0,7,7:51:00,7:51:00,903280,1.0,1
MQ_A5-Weekday-046000_M22_251,M22,d0,8,7:51:52,7:51:52,404101,1.0,1
MQ_A5-Weekday-046000_M22_251,M22,d0,9,7:53:28,7:53:28,402085,4.0,1
MQ_A5-Weekday-046000_M22_251,M22,d0,10,7:54:20,7:54:20,401670,4.0,1
MQ_A5-Weekday-046000_M22_251,M22,d0,11,7:56:00,7:56:00,402088,4.0,1
MQ_A5-Weekday-046000_M22_251,M22,d0,12,7:57:50,7:57:50,402090,4.0,1
MQ_A5-Weekday-046000_M22_251,M22,d0,13,7:58:49,7:58:49,402091,4.0,1
MQ_A5-Weekday-046000_M22_251,M22,d0,14,8:00:00,8:00:00,402092,4.0,1
MQ_A5-Weekday-046000_M22_251,M22,d0,15,8:00:37,8:00:37,402093,4.0,1
MQ_A5-Weekday-046000_M22_251,M22,d0,16,8:01:38,8:01:38,402094,4.0,1
MQ_A5-Weekday-046000_M22_251,M22,d0,17,8:02:37,8:02:37,402095,4.0,1
MQ_A5-Weekday-046000_M22_251,M22,d0,18,8:03:09,8:03:09,402096,4.0,1
MQ_A5-Weekday-046000_M22_251,M22,d0,19,8:04:06,8:04:06,402097,4.0,1
MQ_A5-Weekday-046000_M22_251,M22,d0,20,8:04:48,8:04:48,404922,4.0,1
MQ_A5-Weekday-046000_M22_251,M22,d0,21,8:06:00,8:06:00,903025,4.0,1
MQ_A5-Weekday-SDon-065700_M22_255,M22,d0,1,10:57:00,10:57:00,405054,6.0,1
MQ_A5-Weekday-SDon-065700_M22_255,M22,d0,2,10:59:54,10:59:54,405056,8.0,1
MQ_A5-Weekday-SDon-065700_M22_255,M22,d0,3,11:02:57,11:02:57,404969,8.0,1
MQ_A5-Weekday-SDon-065700_M22_255,M22,d0,4,11:04:08,11:04:08,404976,6.0,1
MQ_A5-Weekday-SDon-065700_M22_255,M22,d0,5,11:05:12,11:05:12,404977,1.0,1
MQ_A5-Weekday-SDon-065700_M22_255,M22,d0,6,11:06:48,11:06:48,404219,1.0,1
MQ_A5-Weekday-SDon-065700_M22_255,M22,d0,7,11:11:00,11:11:00,903280,1.0,1
MQ_A5-Weekday-SDon-065700_M22_255,M22,d0,8,11:12:02,11:12:02,404101,1.0,1
MQ_A5-Weekday-SDon-065700_M22_255,M22,d0,9,11:13:57,11:13:57,402085,1.0,1
MQ_A5-Weekday-SDon-065700_M22_255,M22,d0,10,11:15:00,11:15:00,401670,1.0,1
MQ_A5-Weekday-SDon-065700_M22_255,M22,d0,11,11:17:00,11:17:00,402088,5.0,1
MQ_A5-Weekday-SDon-065700_M22_255,M22,d0,12,11:18:50,11:18:50,402090,5.0,1
MQ_A5-Weekday-SDon-065700_M22_255,M22,d0,13,11:19:49,11:19:49,402091,7.0,1
MQ_A5-Weekday-SDon-065700_M22_255,M22,d0,14,11:21:00,11:21:00,402092,9.0,1
MQ_A5-Weekday-SDon-065700_M22_255,M22,d0,15,11:21:30,11:21:30,402093,9.0,1
MQ_A5-Weekday-SDon-065700_M22_255,M22,d0,16,11:22:21,11:22:21,402094,8.0,1
MQ_A5-Weekday-SDon-065700_M22_255,M22,d0,17,11:23:11,11:23:11,402095,1.0,1
MQ_A5-Weekday-SDon-065700_M22_255,M22,d0,18,11:23:38,11:23:38,402096,5.0,1
MQ_A5-Weekday-SDon-065700_M22_255,M22,d0,19,11:24:25,11:24:25,402097,1.0,1
MQ_A5-Weekday-SDon-065700_M22_255,M22,d0,20,11:25:00,11:25:00,404922,5.0,1
MQ_A5-Weekday-SDon-065700_M22_255,M22,d0,21,11:26:00,11:26:00,903025,5.0,1
MQ_A5-Weekday-SDon-104500_M22_259,M22,d0,1,17:25:00,17:25:00,401528,1.0,1
MQ_A5-Weekday-SDon-104500_M22_259,M22,d0,2,17:26:09,17:26:09,401529,1.0,1
MQ_A5-Weekday-SDon-104500_M22_259,M22,d0,3,17:26:57,17:26:57,403313,10.0,1
MQ_A5-Weekday-SDon-104500_M22_259,M22,d0,4,17:28:00,17:28:00,403312,13.0,1
MQ_A5-Weekday-SDon-104500_M22_259,M22,d0,5,17:29:01,17:29:01,401531,13.0,1
MQ_A5-Weekday-SDon-104500_M22_259,M22,d0,6,17:30:05,17:30:05,401532,13.0,1
MQ_A5-Weekday-SDon-104500_M22_259,M22,d0,7,17:31:05,17:31:05,401533,13.0,1
MQ_A5-Weekday-SDon-104500_M22_259,M22,d0,8,17:32:15,17:32:15,401535,13.0,2
MQ_A5-Weekday-SDon-104500_M22_259,M22,d0,9,17:33:00,17:33:00,401536,26.0,2
MQ_A5-Weekday-SDon-104500_M22_259,M22,d0,10,17:34:52,17:34:52,401538,26.0,2
MQ_A5-Weekday-SDon-104500_M22_259,M22,d0,11,17:36:33,17:36:33,400336,26.0,2
MQ_A5-Weekday-SDon-104500_M22_259,M22,d0,12,17:38:01,17:38:01,400337,26.0,2
MQ_A5-Weekday-SDon-104500_M22_259,M22,d0,13,17:39:00,17:39:00,404010,26.0,2
MQ_A5-Weekday-SDon-104500_M22_259,M22,d0,14,17:39:57,17:39:57,401542,9.0,2
MQ_A5-Weekday-SDon-104500_M22_259,M22,d0,15,17:41:36,17:41:36,401543,17.0,2
MQ_A5-Weekday-SDon-104500_M22_259,M22,d0,16,17:43:49,17:43:49,401544,17.0,2
MQ_A5-Weekday-SDon-104500_M22_259,M22,d0,17,17:45:00,17:45:00,401545,9.0,1
MQ_A5-Weekday-SDon-104500_M22_259,M22,d0,18,17:45:48,17:45:48,401547,9.0,1
MQ_A5-Weekday-SDon-104500_M22_259,M22,d0,19,17:46:39,17:46:39,401548,9.0,1
MQ_A5-Weekday-SDon-104500_M22_259,M22,d0,20,17:47:32,17:47:32,401549,9.0,1
MQ_A5-Weekday-SDon-104500_M22_259,M22,d0,21,17:48:15,17:48:15,401591,2.0,1
MQ_A5-Weekday-SDon-104500_M22_259,M22,d0,22,17:49:00,17:49:00,803177,2.0,1
MQ_A5-Weekday-071700_M22_260,M22,d0,1,11:57:00,11:57:00,405054,14.0,1
MQ_A5-Weekday-071700_M22_260,M22,d0,2,11:59:54,11:59:54,405056,14.0,1
MQ_A5-Weekday-071700_M22_260,M22,d0,3,12:02:57,12:02:57,404969,5.0,1
MQ_A5-Weekday-071700_M22_260,M22,d0,4,12:04:08,12:04:08,404976,6.0,1
MQ_A5-Weekday-071700_M22_260,M22,d0,5,12:05:12,12:05:12,404977,7.0,1
MQ_A5-Weekday-071700_M22_260,M22,d0,6,12:06:48,12:06:48,404219,7.0,1
MQ_A5-Weekday-071700_M22_260,M22,d0,7,12:11:00,12:11:00,903280,7.0,1
MQ_A5-Weekday-071700_M22_260,M22,d0,8,12:12:02,12:12:02,404101,7.0,1
MQ_A5-Weekday-071700_M22_260,M22,d0,9,12:13:57,12:13:57,402085,7.0,1
MQ_A5-Weekday-071700_M22_260,M22,d0,10,12:15:00,12:15:00,401670,7.0,1
MQ_A5-Weekday-071700_M22_260,M22,d0,11,12:17:00,12:17:00,402088,7.0,1
MQ_A5-Weekday-071700_M22_260,M22,d0,12,12:18:50,12:18:50,402090,7.0,1
MQ_A5-Weekday-071700_M22_260,M22,d0,13,12:19:49,12:19:49,402091,7.0,1
MQ_A5-Weekday-071700_M22_260,M22,d0,14,12:21:00,12:21:00,402092,8.0,1
MQ_A5-Weekday-071700_M22_260,M22,d0,15,12:21:30,12:21:30,402093,8.0,1
MQ_A5-Weekday-071700_M22_260,M22,d0,16,12:22:21,12:22:21,402094,8.0,1
MQ_A5-Weekday-071700_M22_260,M22,d0,17,12:23:11,12:23:11,402095,8.0,1
MQ_A5-Weekday-071700_M22_260,M22,d0,18,12:23:38,12:23:38,402096,6.0,1
MQ_A5-Weekday-071700_M22_260,M22,d0,19,12:24:25,12:24:25,402097,6.0,1
MQ_A5-Weekday-071700_M22_260,M22,d0,20,12:25:00,12:25:00,404922,5.0,1
MQ_A5-Weekday-071700_M22_260,M22,d0,21,12:26:00,12:26:00,903025,5.0,1
MQ_A5-Weekday-SDon-059700_M22_258,M22,d0,1,9:57:00,9:57:00,405054,2.0,1
MQ_A5-Weekday-SDon-059700_M22_258,M22,d0,2,9:59:54,9:59:54,405056,2.0,1
MQ_A5-Weekday-SDon-059700_M22_258,M22,d0,3,10:02:57,10:02:57,404969,2.0,1
MQ_A5-Weekday-SDon-059700_M22_258,M22,d0,4,10:04:08,10:04:08,404976,3.0,1
MQ_A5-Weekday-SDon-059700_M22_258,M22,d0,5,10:05:12,10:05:12,404977,3.0,1
MQ_A5-Weekday-SDon-059700_M22_258,M22,d0,6,10:06:48,10:06:48,404219,3.0,1
MQ_A5-Weekday-SDon-059700_M22_258,M22,d0,7,10:11:00,10:11:00,903280,3.0,1
MQ_A5-Weekday-SDon-059700_M22_258,M22,d0,8,10:12:12,10:12:12,404101,3.0,1
MQ_A5-Weekday-SDon-059700_M22_258,M22,d0,9,10:14:27,10:14:27,402085,3.0,1
MQ_A5-Weekday-SDon-059700_M22_258,M22,d0,10,10:15:40,10:15:40,401670,5.0,1
MQ_A5-Weekday-SDon-059700_M22_258,M22,d0,11,10:18:00,10:18:00,402088,3.0,1
MQ_A5-Weekday-SDon-059700_M22_258,M22,d0,12,10:19:50,10:19:50,402090,8.0,1
MQ_A5-Weekday-SDon-059700_M22_258,M22,d0,13,10:20:49,10:20:49,402091,8.0,1
MQ_A5-Weekday-SDon-059700_M22_258,M22,d0,14,10:22:00,10:22:00,402092,7.0,1
MQ_A5-Weekday-SDon-059700_M22_258,M22,d0,15,10:22:30,10:22:30,402093,7.0,1
MQ_A5-Weekday-SDon-059700_M22_258,M22,d0,16,10:23:21,10:23:21,402094,5.0,1
MQ_A5-Weekday-SDon-059700_M22_258,M22,d0,17,10:24:11,10:24:11,402095,5.0,1
MQ_A5-Weekday-SDon-059700_M22_258,M22,d0,18,10:24:38,10:24:38,402096,1.0,1
MQ_A5-Weekday-SDon-059700_M22_258,M22,d0,19,10:25:25,10:25:25,402097,3.0,1
MQ_A5-Weekday-SDon-059700_M22_258,M22,d0,20,10:26:00,10:26:00,404922,1.0,1
MQ_A5-Weekday-SDon-059700_M22_258,M22,d0,21,10:27:00,10:27:00,903025,1.0,1
MQ_A5-Weekday-SDon-064000_M22_254,M22,d0,1,10:40:00,10:40:00,404990,3.0,1
MQ_A5-Weekday-SDon-064000_M22_254,M22,d0,2,10:40:41,10:40:41,403851,3.0,1
MQ_A5-Weekday-SDon-064000_M22_254,M22,d0,3,10:42:17,10:42:17,400917,3.0,1
MQ_A5-Weekday-SDon-064000_M22_254,M22,d0,4,10:43:05,10:43:05,404132,4.0,1
MQ_A5-Weekday-SDon-064000_M22_254,M22,d0,5,10:44:00,10:44:00,402022,4.0,1
MQ_A5-Weekday-SDon-064000_M22_254,M22,d0,6,10:45:28,10:45:28,402023,4.0,1
MQ_A5-Weekday-SDon-064000_M22_254,M22,d0,7,10:47:08,10:47:08,402024,1.0,1
MQ_A5-Weekday-SDon-064000_M22_254,M22,d0,8,10:48:11,10:48:11,405172,5.0,1
MQ_A5-Weekday-SDon-064000_M22_254,M22,d0,9,10:50:48,10:50:48,402027,5.0,1
MQ_A5-Weekday-SDon-064000_M22_254,M22,d0,10,10:52:09,10:52:09,402028,5.0,1
MQ_A5-Weekday-SDon-064000_M22_254,M22,d0,11,10:53:21,10:53:21,402029,3.0,1
MQ_A5-Weekday-SDon-064000_M22_254,M22,d0,12,10:55:00,10:55:00,401787,6.0,1
MQ_A5-Weekday-SDon-064000_M22_254,M22,d0,13,10:57:12,10:57:12,402032,6.0,1
MQ_A5-Weekday-SDon-064000_M22_254,M22,d0,14,10:58:06,10:58:06,402033,6.0,1
MQ_A5-Weekday-SDon-064000_M22_254,M22,d0,15,10:58:49,10:58:49,402034,2.0,1
MQ_A5-Weekday-SDon-064000_M22_254,M22,d0,16,11:00:00,11:00:00,404100,2.0,1
MQ_A5-Weekday-SDon-064000_M22_254,M22,d0,17,11:01:05,11:01:05,403808,2.0,1
MQ_A5-Weekday-SDon-064000_M22_254,M22,d0,18,11:01:36,11:01:36,401598,1.0,1
MQ_A5-Weekday-SDon-064000_M22_254,M22,d0,19,11:02:00,11:02:00,401599,2.0,1
MQ_A5-Weekday-SDon-064000_M22_254,M22,d0,20,11:03:00,11:03:00,401600,2.0,1
MQ_A5-Weekday-SDon-064000_M22_254,M22,d0,21,11:04:00,11:04:00,803115,2.0,1
MQ_A5-Weekday-SDon-110200_M22_258,M22,d0,1,18:22:00,18:22:00,403399,52.0,4
MQ_A5-Weekday-SDon-110200_M22_258,M22,d0,2,18:27:06,18:27:06,803147,24.0,4
MQ_A5-Weekday-SDon-110200_M22_258,M22,d0,3,18:28:38,18:28:38,803105,52.0,4
MQ_A5-Weekday-SDon-110200_M22_258,M22,d0,4,18:32:00,18:32:00,903280,52.0,4
MQ_A5-Weekday-SDon-110200_M22_258,M22,d0,5,18:37:00,18:37:00,404857,24.0,4
MQ_A5-Weekday-SDon-110200_M22_258,M22,d0,6,18:37:53,18:37:53,405006,52.0,4
MQ_A5-Weekday-SDon-110200_M22_258,M22,d0,7,18:39:42,18:39:42,401168,24.0,2
MQ_A5-Weekday-SDon-110200_M22_258,M22,d0,8,18:40:30,18:40:30,401169,24.0,4
MQ_A5-Weekday-SDon-110200_M22_258,M22,d0,9,18:42:56,18:42:56,405165,53.0,4
MQ_A5-Weekday-SDon-110200_M22_258,M22,d0,10,18:44:00,18:44:00,403317,53.0,4
MQ_A5-Weekday-SDon-110200_M22_258,M22,d0,11,18:45:40,18:45:40,403732,28.0,4
MQ_A5-Weekday-SDon-110200_M22_258,M22,d0,12,18:49:00,18:49:00,402033,53.0,4
MQ_A5-Weekday-SDon-110200_M22_258,M22,d0,13,18:49:52,18:49:52,402034,24.0,2
MQ_A5-Weekday-SDon-110200_M22_258,M22,d0,14,18:51:20,18:51:20,404100,24.0,3
MQ_A5-Weekday-SDon-110200_M22_258,M22,d0,15,18:52:39,18:52:39,402036,45.0,3
MQ_A5-Weekday-SDon-110200_M22_258,M22,d0,16,18:53:51,18:53:51,402037,24.0,3
MQ_A5-Weekday-SDon-110200_M22_258,M22,d0,17,18:55:08,18:55:08,402038,36.0,3
MQ_A5-Weekday-SDon-110200_M22_258,M22,d0,18,18:57:03,18:57:03,402039,13.0,2
MQ_A5-Weekday-SDon-110200_M22_258,M22,d0,19,18:58:05,18:58:05,401630,24.0,2
MQ_A5-Weekday-SDon-110200_M22_258,M22,d0,20,18:59:00,18:59:00,402041,12.0,2
MQ_A5-Weekday-SDon-110200_M22_258,M22,d0,21,18:59:57,18:59:57,402042,31.0,2
MQ_A5-Weekday-SDon-110200_M22_258,M22,d0,22,19:00:42,19:00:42,402043,24.0,2
MQ_A5-Weekday-SDon-110200_M22_258,M22,d0,23,19:03:29,19:03:29,404099,31.0,2
MQ_A5-Weekday-SDon-110200_M22_258,M22,d0,24,19:05:50,19:05:50,405368,4.0,1
MQ_A5-Weekday-SDon-110200_M22_258,M22,d0,25,19:07:00,19:07:00,401691,4.0,1
MQ_A5-Weekday-SDon-081300_M22_253,M22,d0,1,13:33:00,13:33:00,403399,2.0,1
MQ_A5-Weekday-SDon-081300_M22_253,M22,d0,2,13:38:36,13:38:36,803147,1.0,1
MQ_A5-Weekday-SDon-081300_M22_253,M22,d0,3,13:40:18,13:40:18,803105,9.0,1
MQ_A5-Weekday-SDon-081300_M22_253,M22,d0,4,13:44:00,13:44:00,903280,13.0,2
MQ_A5-Weekday-SDon-081300_M22_253,M22,d0,5,13:50:00,13:50:00,404857,25.0,2
MQ_A5-Weekday-SDon-081300_M22_253,M22,d0,6,13:51:08,13:51:08,405006,25.0,2
MQ_A5-Weekday-SDon-081300_M22_253,M22,d0,7,13:53:29,13:53:29,401168,27.0,2
MQ_A5-Weekday-SDon-081300_M22_253,M22,d0,8,13:54:31,13:54:31,401169,27.0,2
MQ_A5-Weekday-SDon-081300_M22_253,M22,d0,9,13:57:37,13:57:37,405165,27.0,2
MQ_A5-Weekday-SDon-081300_M22_253,M22,d0,10,13:59:00,13:59:00,403317,26.0,2
MQ_A5-Weekday-SDon-081300_M22_253,M22,d0,11,14:01:00,14:01:00,403732,32.0,2
MQ_A5-Weekday-SDon-081300_M22_253,M22,d0,12,14:05:00,14:05:00,402033,32.0,2
MQ_A5-Weekday-SDon-081300_M22_253,M22,d0,13,14:05:57,14:05:57,402034,32.0,2
MQ_A5-Weekday-SDon-081300_M22_253,M22,d0,14,14:07:34,14:07:34,404100,32.0,2
MQ_A5-Weekday-SDon-081300_M22_253,M22,d0,15,14:09:01,14:09:01,402036,24.0,2
MQ_A5-Weekday-SDon-081300_M22_253,M22,d0,16,14:10:21,14:10:21,402037,11.0,1
MQ_A5-Weekday-SDon-081300_M22_253,M22,d0,17,14:11:45,14:11:45,402038,11.0,1
MQ_A5-Weekday-SDon-081300_M22_253,M22,d0,18,14:13:51,14:13:51,402039,6.0,1
MQ_A5-Weekday-SDon-081300_M22_253,M22,d0,19,14:14:59,14:14:59,401630,6.0,1
MQ_A5-Weekday-SDon-081300_M22_253,M22,d0,20,14:16:00,14:16:00,402041,6.0,1
MQ_A5-Weekday-SDon-081300_M22_253,M22,d0,21,14:17:04,14:17:04,402042,6.0,1
MQ_A5-Weekday-SDon-081300_M22_253,M22,d0,22,14:17:55,14:17:55,402043,6.0,1
MQ_A5-Weekday-SDon-081300_M22_253,M22,d0,23,14:21:02,14:21:02,404099,5.0,1
MQ_A5-Weekday-SDon-081300_M22_253,M22,d0,24,14:23:41,14:23:41,405368,5.0,1
MQ_A5-Weekday-SDon-081300_M22_253,M22,d0,25,14:25:00,14:25:00,401691,5.0,1
MQ_A5-Weekday-082800_M22_257,M22,d0,1,13:48:00,13:48:00,403399,11.0,1
MQ_A5-Weekday-082800_M22_257,M22,d0,2,13:53:36,13:53:36,803147,11.0,1
MQ_A5-Weekday-082800_M22_257,M22,d0,3,13:55:18,13:55:18,803105,11.0,2
MQ_A5-Weekday-082800_M22_257,M22,d0,4,13:59:00,13:59:00,903280,21.0,2
MQ_A5-Weekday-082800_M22_257,M22,d0,5,14:05:00,14:05:00,404857,21.0,2
MQ_A5-Weekday-082800_M22_257,M22,d0,6,14:06:08,14:06:08,405006,18.0,2
MQ_A5-Weekday-082800_M22_257,M22,d0,7,14:08:29,14:08:29,401168,24.0,2
MQ_A5-Weekday-082800_M22_257,M22,d0,8,14:09:31,14:09:31,401169,24.0,2
MQ_A5-Weekday-082800_M22_257,M22,d0,9,14:12:37,14:12:37,405165,21.0,2
MQ_A5-Weekday-082800_M22_257,M22,d0,10,14:14:00,14:14:00,403317,26.0,2
MQ_A5-Weekday-082800_M22_257,M22,d0,11,14:16:00,14:16:00,403732,29.0,2
MQ_A5-Weekday-082800_M22_257,M22,d0,12,14:20:00,14:20:00,402033,29.0,2
MQ_A5-Weekday-082800_M22_257,M22,d0,13,14:20:57,14:20:57,402034,29.0,2
MQ_A5-Weekday-082800_M22_257,M22,d0,14,14:22:34,14:22:34,404100,25.0,2
MQ_A5-Weekday-082800_M22_257,M22,d0,15,14:24:01,14:24:01,402036,25.0,2
MQ_A5-Weekday-082800_M22_257,M22,d0,16,14:25:21,14:25:21,402037,19.0,2
MQ_A5-Weekday-082800_M22_257,M22,d0,17,14:26:45,14:26:45,402038,19.0,2
MQ_A5-Weekday-082800_M22_257,M22,d0,18,14:28:51,14:28:51,402039,19.0,2
MQ_A5-Weekday-082800_M22_257,M22,d0,19,14:29:59,14:29:59,401630,19.0,2
MQ_A5-Weekday-082800_M22_257,M22,d0,20,14:31:00,14:31:00,402041,19.0,2
MQ_A5-Weekday-082800_M22_257,M22,d0,21,14:32:04,14:32:04,402042,8.0,1
MQ_A5-Weekday-082800_M22_257,M22,d0,22,14:32:55,14:32:55,402043,8.0,1
MQ_A5-Weekday-082800_M22_257,M22,d0,23,14:36:02,14:36:02,404099,8.0,1
MQ_A5-Weekday-082800_M22_257,M22,d0,24,14:38:41,14:38:41,405368,2.0,1
MQ_A5-Weekday-082800_M22_257,M22,d0,25,14:40:00,14:40:00,401691,2.0,1
MQ_A5-Weekday-093700_M22_262,M22,d0,1,15:37:00,15:37:00,405054,3.0,1
MQ_A5-Weekday-093700_M22_262,M22,d0,2,15:39:54,15:39:54,405056,3.0,1
MQ_A5-Weekday-093700_M22_262,M22,d0,3,15:42:57,15:42:57,404969,3.0,1
MQ_A5-Weekday-093700_M22_262,M22,d0,4,15:44:08,15:44:08,404976,9.0,1
MQ_A5-Weekday-093700_M22_262,M22,d0,5,15:45:12,15:45:12,404977,9.0,1
MQ_A5-Weekday-093700_M22_262,M22,d0,6,15:46:48,15:46:48,404219,14.0,1
MQ_A5-Weekday-093700_M22_262,M22,d0,7,15:51:00,15:51:00,903280,16.0,1
MQ_A5-Weekday-093700_M22_262,M22,d0,8,15:52:12,15:52:12,404101,16.0,1
MQ_A5-Weekday-093700_M22_262,M22,d0,9,15:54:27,15:54:27,402085,16.0,1
MQ_A5-Weekday-093700_M22_262,M22,d0,10,15:55:40,15:55:40,401670,16.0,1
MQ_A5-Weekday-093700_M22_262,M22,d0,11,15:58:00,15:58:00,402088,15.0,2
MQ_A5-Weekday-093700_M22_262,M22,d0,12,16:00:17,16:00:17,402090,25.0,2
MQ_A5-Weekday-093700_M22_262,M22,d0,13,16:01:31,16:01:31,402091,25.0,2
MQ_A5-Weekday-093700_M22_262,M22,d0,14,16:03:00,16:03:00,402092,25.0,2
MQ_A5-Weekday-093700_M22_262,M22,d0,15,16:03:37,16:03:37,402093,25.0,2
MQ_A5-Weekday-093700_M22_262,M22,d0,16,16:04:38,16:04:38,402094,25.0,2
MQ_A5-Weekday-093700_M22_262,M22,d0,17,16:05:37,16:05:37,402095,25.0,2
MQ_A5-Weekday-093700_M22_262,M22,d0,18,16:06:09,16:06:09,402096,15.0,1
MQ_A5-Weekday-093700_M22_262,M22,d0,19,16:07:06,16:07:06,402097,15.0,1
MQ_A5-Weekday-093700_M22_262,M22,d0,20,16:07:48,16:07:48,404922,10.0,1
MQ_A5-Weekday-093700_M22_262,M22,d0,21,16:09:00,16:09:00,903025,10.0,1
MQ_A5-Weekday-SDon-103200_M22_261,M22,d0,1,17:12:00,17:12:00,405054,7.0,1
MQ_A5-Weekday-SDon-103200_M22_261,M22,d0,2,17:15:06,17:15:06,405056,7.0,1
MQ_A5-Weekday-SDon-103200_M22_261,M22,d0,3,17:18:22,17:18:22,404969,9.0,1
MQ_A5-Weekday-SDon-103200_M22_261,M22,d0,4,17:19:39,17:19:39,404976,9.0,1
MQ_A5-Weekday-SDon-103200_M22_261,M22,d0,5,17:20:47,17:20:47,404977,9.0,1
MQ_A5-Weekday-SDon-103200_M22_261,M22,d0,6,17:22:30,17:22:30,404219,9.0,1
MQ_A5-Weekday-SDon-103200_M22_261,M22,d0,7,17:27:00,17:27:00,903280,11.0,1
MQ_A5-Weekday-SDon-103200_M22_261,M22,d0,8,17:28:02,17:28:02,404101,11.0,1
MQ_A5-Weekday-SDon-103200_M22_261,M22,d0,9,17:29:57,17:29:57,402085,11.0,2
MQ_A5-Weekday-SDon-103200_M22_261,M22,d0,10,17:31:00,17:31:00,401670,17.0,2
MQ_A5-Weekday-SDon-103200_M22_261,M22,d0,11,17:33:00,17:33:00,402088,17.0,2
MQ_A5-Weekday-SDon-103200_M22_261,M22,d0,12,17:34:50,17:34:50,402090,17.0,2
MQ_A5-Weekday-SDon-103200_M22_261,M22,d0,13,17:35:49,17:35:49,402091,23.0,2
MQ_A5-Weekday-SDon-103200_M22_261,M22,d0,14,17:37:00,17:37:00,402092,23.0,2
MQ_A5-Weekday-SDon-103200_M22_261,M22,d0,15,17:37:37,17:37:37,402093,12.0,2
MQ_A5-Weekday-SDon-103200_M22_261,M22,d0,16,17:38:38,17:38:38,402094,25.0,2
MQ_A5-Weekday-SDon-103200_M22_261,M22,d0,17,17:39:37,17:39:37,402095,12.0,1
MQ_A5-Weekday-SDon-103200_M22_261,M22,d0,18,17:40:09,17:40:09,402096,10.0,1
MQ_A5-Weekday-SDon-103200_M22_261,M22,d0,19,17:41:06,17:41:06,402097,12.0,1
MQ_A5-Weekday-SDon-103200_M22_261,M22,d0,20,17:41:48,17:41:48,404922,12.0,1
MQ_A5-Weekday-SDon-103200_M22_261,M22,d0,21,17:43:00,17:43:00,903025,12.0,1
MQ_A5-Weekday-117000_M22_263,M22,d0,1,19:30:00,19:30:00,405054,2.0,1
MQ_A5-Weekday-117000_M22_263,M22,d0,2,19:32:29,19:32:29,405056,1.0,1
MQ_A5-Weekday-117000_M22_263,M22,d0,3,19:35:06,19:35:06,404969,6.0,1
MQ_A5-Weekday-117000_M22_263,M22,d0,4,19:36:07,19:36:07,404976,3.0,1
MQ_A5-Weekday-117000_M22_263,M22,d0,5,19:37:02,19:37:02,404977,2.0,1
MQ_A5-Weekday-117000_M22_263,M22,d0,6,19:38:24,19:38:24,404219,9.0,1
MQ_A5-Weekday-117000_M22_263,M22,d0,7,19:42:00,19:42:00,903280,9.0,1
MQ_A5-Weekday-117000_M22_263,M22,d0,8,19:42:52,19:42:52,404101,9.0,1
MQ_A5-Weekday-117000_M22_263,M22,d0,9,19:44:28,19:44:28,402085,7.0,1
MQ_A5-Weekday-117000_M22_263,M22,d0,10,19:45:20,19:45:20,401670,10.0,1
MQ_A5-Weekday-117000_M22_263,M22,d0,11,19:47:00,19:47:00,402088,7.0,1
MQ_A5-Weekday-117000_M22_263,M22,d0,12,19:48:50,19:48:50,402090,8.0,1
MQ_A5-Weekday-117000_M22_263,M22,d0,13,19:49:49,19:49:49,402091,7.0,1
MQ_A5-Weekday-117000_M22_263,M22,d0,14,19:51:00,19:51:00,402092,7.0,1
MQ_A5-Weekday-117000_M22_263,M22,d0,15,19:51:30,19:51:30,402093,7.0,1
MQ_A5-Weekday-117000_M22_263,M22,d0,16,19:52:21,19:52:21,402094,11.0,1
MQ_A5-Weekday-117000_M22_263,M22,d0,17,19:53:11,19:53:11,402095,5.0,1
MQ_A5-Weekday-117000_M22_263,M22,d0,18,19:53:38,19:53:38,402096,5.0,1
MQ_A5-Weekday-117000_M22_263,M22,d0,19,19:54:25,19:54:25,402097,5.0,1
MQ_A5-Weekday-117000_M22_263,M22,d0,20,19:55:00,19:55:00,404922,5.0,1
MQ_A5-Weekday-117000_M22_263,M22,d0,21,19:56:00,19:56:00,903025,5.0,1
MQ_A5-Weekday-051200_M22_258,M22,d0,1,8:32:00,8:32:00,405054,6.0,1
MQ_A5-Weekday-051200_M22_258,M22,d0,2,8:34:41,8:34:41,405056,6.0,1
MQ_A5-Weekday-051200_M22_258,M22,d0,3,8:37:31,8:37:31,404969,6.0,1
MQ_A5-Weekday-051200_M22_258,M22,d0,4,8:38:38,8:38:38,404976,6.0,1
MQ_A5-Weekday-051200_M22_258,M22,d0,5,8:39:37,8:39:37,404977,6.0,1
MQ_A5-Weekday-051200_M22_258,M22,d0,6,8:41:06,8:41:06,404219,6.0,1
MQ_A5-Weekday-051200_M22_258,M22,d0,7,8:45:00,8:45:00,903280,6.0,1
MQ_A5-Weekday-051200_M22_258,M22,d0,8,8:46:02,8:46:02,404101,4.0,1
MQ_A5-Weekday-051200_M22_258,M22,d0,9,8:47:57,8:47:57,402085,4.0,1
MQ_A5-Weekday-051200_M22_258,M22,d0,10,8:49:00,8:49:00,401670,4.0,1
MQ_A5-Weekday-051200_M22_258,M22,d0,11,8:51:00,8:51:00,402088,4.0,1
MQ_A5-Weekday-051200_M22_258,M22,d0,12,8:52:50,8:52:50,402090,4.0,1
MQ_A5-Weekday-051200_M22_258,M22,d0,13,8:53:49,8:53:49,402091,4.0,1
MQ_A5-Weekday-051200_M22_258,M22,d0,14,8:55:00,8:55:00,402092,4.0,1
MQ_A5-Weekday-051200_M22_258,M22,d0,15,8:55:37,8:55:37,402093,4.0,1
MQ_A5-Weekday-051200_M22_258,M22,d0,16,8:56:38,8:56:38,402094,4.0,1
MQ_A5-Weekday-051200_M22_258,M22,d0,17,8:57:37,8:57:37,402095,4.0,1
MQ_A5-Weekday-051200_M22_258,M22,d0,18,8:58:09,8:58:09,402096,4.0,1
MQ_A5-Weekday-051200_M22_258,M22,d0,19,8:59:06,8:59:06,402097,4.0,1
MQ_A5-Weekday-051200_M22_258,M22,d0,20,8:59:48,8:59:48,404922,4.0,1
MQ_A5-Weekday-051200_M22_258,M22,d0,21,9:01:00,9:01:00,903025,4.0,1
MQ_A5-Weekday-117000_M22_262,M22,d0,1,19:30:00,19:30:00,404990,2.0,1
MQ_A5-Weekday-117000_M22_262,M22,d0,2,19:30:41,19:30:41,403851,9.0,1
MQ_A5-Weekday-117000_M22_262,M22,d0,3,19:32:17,19:32:17,400917,3.0,1
MQ_A5-Weekday-117000_M22_262,M22,d0,4,19:33:05,19:33:05,404132,12.0,1
MQ_A5-Weekday-117000_M22_262,M22,d0,5,19:34:00,19:34:00,402022,15.0,2
MQ_A5-Weekday-117000_M22_262,M22,d0,6,19:35:12,19:35:12,402023,17.0,2
MQ_A5-Weekday-117000_M22_262,M22,d0,7,19:36:34,19:36:34,402024,4.0,2
MQ_A5-Weekday-117000_M22_262,M22,d0,8,19:37:26,19:37:26,405172,20.0,2
MQ_A5-Weekday-117000_M22_262,M22,d0,9,19:39:34,19:39:34,402027,13.0,1
MQ_A5-Weekday-117000_M22_262,M22,d0,10,19:40:40,19:40:40,402028,5.0,2
MQ_A5-Weekday-117000_M22_262,M22,d0,11,19:41:39,19:41:39,402029,24.0,2
MQ_A5-Weekday-117000_M22_262,M22,d0,12,19:43:00,19:43:00,401787,23.0,2
MQ_A5-Weekday-117000_M22_262,M22,d0,13,19:45:12,19:45:12,402032,23.0,2
MQ_A5-Weekday-117000_M22_262,M22,d0,14,19:46:06,19:46:06,402033,18.0,2
MQ_A5-Weekday-117000_M22_262,M22,d0,15,19:46:49,19:46:49,402034,14.0,1
MQ_A5-Weekday-117000_M22_262,M22,d0,16,19:48:00,19:48:00,404100,7.0,1
MQ_A5-Weekday-117000_M22_262,M22,d0,17,19:49:27,19:49:27,403808,9.0,1
MQ_A5-Weekday-117000_M22_262,M22,d0,18,19:50:07,19:50:07,401598,9.0,1
MQ_A5-Weekday-117000_M22_262,M22,d0,19,19:50:39,19:50:39,401599,9.0,1
MQ_A5-Weekday-117000_M22_262,M22,d0,20,19:52:00,19:52:00,401600,9.0,1
MQ_A5-Weekday-117000_M22_262,M22,d0,21,19:53:00,19:53:00,803115,9.0,1
MQ_A5-Weekday-077700_M22_261,M22,d0,1,12:57:00,12:57:00,405054,4.0,1
MQ_A5-Weekday-077700_M22_261,M22,d0,2,12:59:54,12:59:54,405056,4.0,1
MQ_A5-Weekday-077700_M22_261,M22,d0,3,13:02:57,13:02:57,404969,4.0,1
MQ_A5-Weekday-077700_M22_261,M22,d0,4,13:04:08,13:04:08,404976,5.0,1
MQ_A5-Weekday-077700_M22_261,M22,d0,5,13:05:12,13:05:12,404977,5.0,1
MQ_A5-Weekday-077700_M22_261,M22,d0,6,13:06:48,13:06:48,404219,8.0,1
MQ_A5-Weekday-077700_M22_261,M22,d0,7,13:11:00,13:11:00,903280,8.0,1
MQ_A5-Weekday-077700_M22_261,M22,d0,8,13:12:02,13:12:02,404101,8.0,1
MQ_A5-Weekday-077700_M22_261,M22,d0,9,13:13:57,13:13:57,402085,8.0,1
MQ_A5-Weekday-077700_M22_261,M22,d0,10,13:15:00,13:15:00,401670,8.0,1
MQ_A5-Weekday-077700_M22_261,M22,d0,11,13:17:00,13:17:00,402088,14.0,2
MQ_A5-Weekday-077700_M22_261,M22,d0,12,13:18:50,13:18:50,402090,21.0,2
MQ_A5-Weekday-077700_M22_261,M22,d0,13,13:19:49,13:19:49,402091,21.0,2
MQ_A5-Weekday-077700_M22_261,M22,d0,14,13:21:00,13:21:00,402092,21.0,2
MQ_A5-Weekday-077700_M22_261,M22,d0,15,13:21:30,13:21:30,402093,21.0,2
MQ_A5-Weekday-077700_M22_261,M22,d0,16,13:22:21,13:22:21,402094,21.0,2
MQ_A5-Weekday-077700_M22_261,M22,d0,17,13:23:11,13:23:11,402095,20.0,2
MQ_A5-Weekday-077700_M22_261,M22,d0,18,13:23:38,13:23:38,402096,20.0,2
MQ_A5-Weekday-077700_M22_261,M22,d0,19,13:24:25,13:24:25,402097,20.0,2
MQ_A5-Weekday-077700_M22_261,M22,d0,20,13:25:00,13:25:00,404922,20.0,2
MQ_A5-Weekday-077700_M22_261,M22,d0,21,13:26:00,13:26:00,903025,20.0,2
MQ_A5-Weekday-111000_M22_261,M22,d0,1,18:30:00,18:30:00,405054,3.0,1
MQ_A5-Weekday-111000_M22_261,M22,d0,2,18:32:29,18:32:29,405056,4.0,1
MQ_A5-Weekday-111000_M22_261,M22,d0,3,18:35:06,18:35:06,404969,4.0,1
MQ_A5-Weekday-111000_M22_261,M22,d0,4,18:36:07,18:36:07,404976,3.0,1
MQ_A5-Weekday-111000_M22_261,M22,d0,5,18:37:02,18:37:02,404977,3.0,1
MQ_A5-Weekday-111000_M22_261,M22,d0,6,18:38:24,18:38:24,404219,2.0,1
MQ_A5-Weekday-111000_M22_261,M22,d0,7,18:42:00,18:42:00,903280,4.0,1
MQ_A5-Weekday-111000_M22_261,M22,d0,8,18:42:52,18:42:52,404101,4.0,1
MQ_A5-Weekday-111000_M22_261,M22,d0,9,18:44:28,18:44:28,402085,4.0,1
MQ_A5-Weekday-111000_M22_261,M22,d0,10,18:45:20,18:45:20,401670,4.0,1
MQ_A5-Weekday-111000_M22_261,M22,d0,11,18:47:00,18:47:00,402088,4.0,1
MQ_A5-Weekday-111000_M22_261,M22,d0,12,18:48:50,18:48:50,402090,4.0,1
MQ_A5-Weekday-111000_M22_261,M22,d0,13,18:49:49,18:49:49,402091,4.0,1
MQ_A5-Weekday-111000_M22_261,M22,d0,14,18:51:00,18:51:00,402092,2.0,1
MQ_A5-Weekday-111000_M22_261,M22,d0,15,18:51:30,18:51:30,402093,2.0,1
MQ_A5-Weekday-111000_M22_261,M22,d0,16,18:52:21,18:52:21,402094,2.0,1
MQ_A5-Weekday-111000_M22_261,M22,d0,17,18:53:11,18:53:11,402095,2.0,1
MQ_A5-Weekday-111000_M22_261,M22,d0,18,18:53:38,18:53:38,402096,2.0,1
MQ_A5-Weekday-111000_M22_261,M22,d0,19,18:54:25,18:54:25,402097,2.0,1
MQ_A5-Weekday-111000_M22_261,M22,d0,20,18:55:00,18:55:00,404922,2.0,1
MQ_A5-Weekday-111000_M22_261,M22,d0,21,18:56:00,18:56:00,903025,2.0,1
MQ_A5-Weekday-033000_M22_251,M22,d0,1,5:30:00,5:30:00,405054,2.0,1
MQ_A5-Weekday-033000_M22_251,M22,d0,2,5:31:27,5:31:27,405056,2.0,1
MQ_A5-Weekday-033000_M22_251,M22,d0,3,5:32:58,5:32:58,404969,4.0,1
MQ_A5-Weekday-033000_M22_251,M22,d0,4,5:33:34,5:33:34,404976,4.0,1
MQ_A5-Weekday-033000_M22_251,M22,d0,5,5:34:06,5:34:06,404977,4.0,1
MQ_A5-Weekday-033000_M22_251,M22,d0,6,5:34:54,5:34:54,404219,4.0,1
MQ_A5-Weekday-033000_M22_251,M22,d0,7,5:37:00,5:37:00,903280,5.0,1
MQ_A5-Weekday-033000_M22_251,M22,d0,8,5:37:41,5:37:41,404101,5.0,1
MQ_A5-Weekday-033000_M22_251,M22,d0,9,5:38:58,5:38:58,402085,5.0,1
MQ_A5-Weekday-033000_M22_251,M22,d0,10,5:39:40,5:39:40,401670,5.0,1
MQ_A5-Weekday-033000_M22_251,M22,d0,11,5:41:00,5:41:00,402088,4.0,1
MQ_A5-Weekday-033000_M22_251,M22,d0,12,5:41:55,5:41:55,402090,4.0,1
MQ_A5-Weekday-033000_M22_251,M22,d0,13,5:42:25,5:42:25,402091,4.0,1
MQ_A5-Weekday-033000_M22_251,M22,d0,14,5:43:00,5:43:00,402092,4.0,1
MQ_A5-Weekday-033000_M22_251,M22,d0,15,5:43:12,5:43:12,402093,4.0,1
MQ_A5-Weekday-033000_M22_251,M22,d0,16,5:43:33,5:43:33,402094,3.0,1
MQ_A5-Weekday-033000_M22_251,M22,d0,17,5:43:52,5:43:52,402095,3.0,1
MQ_A5-Weekday-033000_M22_251,M22,d0,18,5:44:03,5:44:03,402096,3.0,1
MQ_A5-Weekday-033000_M22_251,M22,d0,19,5:44:22,5:44:22,402097,2.0,1
MQ_A5-Weekday-033000_M22_251,M22,d0,20,5:44:36,5:44:36,404922,2.0,1
MQ_A5-Weekday-033000_M22_251,M22,d0,21,5:45:00,5:45:00,903025,2.0,1
MQ_A5-Weekday-063700_M22_259,M22,d0,1,10:37:00,10:37:00,405054,1.0,1
MQ_A5-Weekday-063700_M22_259,M22,d0,2,10:39:54,10:39:54,405056,1.0,1
MQ_A5-Weekday-063700_M22_259,M22,d0,3,10:42:57,10:42:57,404969,1.0,1
MQ_A5-Weekday-063700_M22_259,M22,d0,4,10:44:08,10:44:08,404976,3.0,1
MQ_A5-Weekday-063700_M22_259,M22,d0,5,10:45:12,10:45:12,404977,1.0,1
MQ_A5-Weekday-063700_M22_259,M22,d0,6,10:46:48,10:46:48,404219,2.0,1
MQ_A5-Weekday-063700_M22_259,M22,d0,7,10:51:00,10:51:00,903280,3.0,1
MQ_A5-Weekday-063700_M22_259,M22,d0,8,10:52:12,10:52:12,404101,3.0,1
MQ_A5-Weekday-063700_M22_259,M22,d0,9,10:54:27,10:54:27,402085,1.0,1
MQ_A5-Weekday-063700_M22_259,M22,d0,10,10:55:40,10:55:40,401670,3.0,1
MQ_A5-Weekday-063700_M22_259,M22,d0,11,10:58:00,10:58:00,402088,3.0,1
MQ_A5-Weekday-063700_M22_259,M22,d0,12,10:59:50,10:59:50,402090,1.0,1
MQ_A5-Weekday-063700_M22_259,M22,d0,13,11:00:49,11:00:49,402091,3.0,1
MQ_A5-Weekday-063700_M22_259,M22,d0,14,11:02:00,11:02:00,402092,3.0,1
MQ_A5-Weekday-063700_M22_259,M22,d0,15,11:02:30,11:02:30,402093,3.0,1
MQ_A5-Weekday-063700_M22_259,M22,d0,16,11:03:21,11:03:21,402094,3.0,1
MQ_A5-Weekday-063700_M22_259,M22,d0,17,11:04:11,11:04:11,402095,3.0,1
MQ_A5-Weekday-063700_M22_259,M22,d0,18,11:04:38,11:04:38,402096,3.0,1
MQ_A5-Weekday-063700_M22_259,M22,d0,19,11:05:25,11:05:25,402097,3.0,1
MQ_A5-Weekday-063700_M22_259,M22,d0,20,11:06:00,11:06:00,404922,3.0,1
MQ_A5-Weekday-063700_M22_259,M22,d0,21,11:07:00,11:07:00,903025,3.0,1
MQ_A5-Weekday-SDon-116500_M22_260,M22,d0,1,19:25:00,19:25:00,401528,2.0,1
MQ_A5-Weekday-SDon-116500_M22_260,M22,d0,2,19:26:09,19:26:09,401529,5.0,1
MQ_A5-Weekday-SDon-116500_M22_260,M22,d0,3,19:26:57,19:26:57,403313,3.0,1
MQ_A5-Weekday-SDon-116500_M22_260,M22,d0,4,19:28:00,19:28:00,403312,7.0,1
MQ_A5-Weekday-SDon-116500_M22_260,M22,d0,5,19:29:01,19:29:01,401531,2.0,1
MQ_A5-Weekday-SDon-116500_M22_260,M22,d0,6,19:30:05,19:30:05,401532,7.0,1
MQ_A5-Weekday-SDon-116500_M22_260,M22,d0,7,19:31:05,19:31:05,401533,8.0,1
MQ_A5-Weekday-SDon-116500_M22_260,M22,d0,8,19:32:15,19:32:15,401535,9.0,1
MQ_A5-Weekday-SDon-116500_M22_260,M22,d0,9,19:33:00,19:33:00,401536,10.0,1
MQ_A5-Weekday-SDon-116500_M22_260,M22,d0,10,19:34:33,19:34:33,401538,10.0,1
MQ_A5-Weekday-SDon-116500_M22_260,M22,d0,11,19:35:57,19:35:57,400336,12.0,1
MQ_A5-Weekday-SDon-116500_M22_260,M22,d0,12,19:37:11,19:37:11,400337,6.0,1
MQ_A5-Weekday-SDon-116500_M22_260,M22,d0,13,19:38:00,19:38:00,404010,9.0,1
MQ_A5-Weekday-SDon-116500_M22_260,M22,d0,14,19:38:57,19:38:57,401542,11.0,1
MQ_A5-Weekday-SDon-116500_M22_260,M22,d0,15,19:40:36,19:40:36,401543,7.0,1
MQ_A5-Weekday-SDon-116500_M22_260,M22,d0,16,19:42:49,19:42:49,401544,7.0,1
MQ_A5-Weekday-SDon-116500_M22_260,M22,d0,17,19:44:00,19:44:00,401545,7.0,1
MQ_A5-Weekday-SDon-116500_M22_260,M22,d0,18,19:44:48,19:44:48,401547,7.0,1
MQ_A5-Weekday-SDon-116500_M22_260,M22,d0,19,19:45:39,19:45:39,401548,7.0,1
MQ_A5-Weekday-SDon-116500_M22_260,M22,d0,20,19:46:32,19:46:32,401549,7.0,1
MQ_A5-Weekday-SDon-116500_M22_260,M22,d0,21,19:47:15,19:47:15,401591,3.0,1
MQ_A5-Weekday-SDon-116500_M22_260,M22,d0,22,19:48:00,19:48:00,803177,3.0,1
MQ_A5-Weekday-SDon-043500_M22_257,M22,d0,1,7:15:00,7:15:00,405054,25.0,2
MQ_A5-Weekday-SDon-043500_M22_257,M22,d0,2,7:17:16,7:17:16,405056,25.0,2
MQ_A5-Weekday-SDon-043500_M22_257,M22,d0,3,7:19:40,7:19:40,404969,25.0,2
MQ_A5-Weekday-SDon-043500_M22_257,M22,d0,4,7:20:37,7:20:37,404976,25.0,2
MQ_A5-Weekday-SDon-043500_M22_257,M22,d0,5,7:21:27,7:21:27,404977,25.0,2
MQ_A5-Weekday-SDon-043500_M22_257,M22,d0,6,7:22:42,7:22:42,404219,25.0,2
MQ_A5-Weekday-SDon-043500_M22_257,M22,d0,7,7:26:00,7:26:00,903280,25.0,2
MQ_A5-Weekday-SDon-043500_M22_257,M22,d0,8,7:26:52,7:26:52,404101,25.0,2
MQ_A5-Weekday-SDon-043500_M22_257,M22,d0,9,7:28:28,7:28:28,402085,25.0,2
MQ_A5-Weekday-SDon-043500_M22_257,M22,d0,10,7:29:20,7:29:20,401670,25.0,2
MQ_A5-Weekday-SDon-043500_M22_257,M22,d0,11,7:31:00,7:31:00,402088,25.0,2
MQ_A5-Weekday-SDon-043500_M22_257,M22,d0,12,7:32:50,7:32:50,402090,25.0,2
MQ_A5-Weekday-SDon-043500_M22_257,M22,d0,13,7:33:49,7:33:49,402091,25.0,2
MQ_A5-Weekday-SDon-043500_M22_257,M22,d0,14,7:35:00,7:35:00,402092,25.0,2
MQ_A5-Weekday-SDon-043500_M22_257,M22,d0,15,7:35:30,7:35:30,402093,25.0,2
MQ_A5-Weekday-SDon-043500_M22_257,M22,d0,16,7:36:21,7:36:21,402094,25.0,2
MQ_A5-Weekday-SDon-043500_M22_257,M22,d0,17,7:37:11,7:37:11,402095,25.0,2
MQ_A5-Weekday-SDon-043500_M22_257,M22,d0,18,7:37:38,7:37:38,402096,25.0,2
MQ_A5-Weekday-SDon-043500_M22_257,M22,d0,19,7:38:25,7:38:25,402097,25.0,2
MQ_A5-Weekday-SDon-043500_M22_257,M22,d0,20,7:39:00,7:39:00,404922,4.0,1
MQ_A5-Weekday-SDon-043500_M22_257,M22,d0,21,7:40:00,7:40:00,903025,4.0,1
MQ_A5-Weekday-SDon-089700_M22_255,M22,d0,1,14:57:00,14:57:00,405054,3.0,1
MQ_A5-Weekday-SDon-089700_M22_255,M22,d0,2,14:59:54,14:59:54,405056,3.0,1
MQ_A5-Weekday-SDon-089700_M22_255,M22,d0,3,15:02:57,15:02:57,404969,3.0,1
MQ_A5-Weekday-SDon-089700_M22_255,M22,d0,4,15:04:08,15:04:08,404976,12.0,1
MQ_A5-Weekday-SDon-089700_M22_255,M22,d0,5,15:05:12,15:05:12,404977,12.0,1
MQ_A5-Weekday-SDon-089700_M22_255,M22,d0,6,15:06:48,15:06:48,404219,12.0,1
MQ_A5-Weekday-SDon-089700_M22_255,M22,d0,7,15:11:00,15:11:00,903280,12.0,1
MQ_A5-Weekday-SDon-089700_M22_255,M22,d0,8,15:12:12,15:12:12,404101,12.0,1
MQ_A5-Weekday-SDon-089700_M22_255,M22,d0,9,15:14:27,15:14:27,402085,12.0,1
MQ_A5-Weekday-SDon-089700_M22_255,M22,d0,10,15:15:40,15:15:40,401670,12.0,1
MQ_A5-Weekday-SDon-089700_M22_255,M22,d0,11,15:18:00,15:18:00,402088,12.0,1
MQ_A5-Weekday-SDon-089700_M22_255,M22,d0,12,15:20:17,15:20:17,402090,12.0,1
MQ_A5-Weekday-SDon-089700_M22_255,M22,d0,13,15:21:31,15:21:31,402091,12.0,1
MQ_A5-Weekday-SDon-089700_M22_255,M22,d0,14,15:23:00,15:23:00,402092,13.0,1
MQ_A5-Weekday-SDon-089700_M22_255,M22,d0,15,15:23:37,15:23:37,402093,13.0,1
MQ_A5-Weekday-SDon-089700_M22_255,M22,d0,16,15:24:38,15:24:38,402094,10.0,1
MQ_A5-Weekday-SDon-089700_M22_255,M22,d0,17,15:25:37,15:25:37,402095,10.0,1
MQ_A5-Weekday-SDon-089700_M22_255,M22,d0,18,15:26:09,15:26:09,402096,10.0,1
MQ_A5-Weekday-SDon-089700_M22_255,M22,d0,19,15:27:06,15:27:06,402097,9.0,1
MQ_A5-Weekday-SDon-089700_M22_255,M22,d0,20,15:27:48,15:27:48,404922,7.0,1
MQ_A5-Weekday-SDon-089700_M22_255,M22,d0,21,15:29:00,15:29:00,903025,7.0,1
MQ_A5-Weekday-058000_M22_252,M22,d0,1,9:40:00,9:40:00,404990,15.0,1
MQ_A5-Weekday-058000_M22_252,M22,d0,2,9:40:41,9:40:41,403851,15.0,1
MQ_A5-Weekday-058000_M22_252,M22,d0,3,9:42:17,9:42:17,400917,2.0,1
MQ_A5-Weekday-058000_M22_252,M22,d0,4,9:43:05,9:43:05,404132,2.0,1
MQ_A5-Weekday-058000_M22_252,M22,d0,5,9:44:00,9:44:00,402022,2.0,1
MQ_A5-Weekday-058000_M22_252,M22,d0,6,9:45:12,9:45:12,402023,15.0,1
MQ_A5-Weekday-058000_M22_252,M22,d0,7,9:46:34,9:46:34,402024,15.0,1
MQ_A5-Weekday-058000_M22_252,M22,d0,8,9:47:26,9:47:26,405172,3.0,1
MQ_A5-Weekday-058000_M22_252,M22,d0,9,9:49:34,9:49:34,402027,13.0,1
MQ_A5-Weekday-058000_M22_252,M22,d0,10,9:50:40,9:50:40,402028,13.0,1
MQ_A5-Weekday-058000_M22_252,M22,d0,11,9:51:39,9:51:39,402029,15.0,1
MQ_A5-Weekday-058000_M22_252,M22,d0,12,9:53:00,9:53:00,401787,16.0,1
MQ_A5-Weekday-058000_M22_252,M22,d0,13,9:54:45,9:54:45,402032,16.0,1
MQ_A5-Weekday-058000_M22_252,M22,d0,14,9:55:29,9:55:29,402033,1.0,1
MQ_A5-Weekday-058000_M22_252,M22,d0,15,9:56:03,9:56:03,402034,15.0,1
MQ_A5-Weekday-058000_M22_252,M22,d0,16,9:57:00,9:57:00,404100,15.0,1
MQ_A5-Weekday-058000_M22_252,M22,d0,17,9:58:27,9:58:27,403808,1.0,1
MQ_A5-Weekday-058000_M22_252,M22,d0,18,9:59:07,9:59:07,401598,15.0,1
MQ_A5-Weekday-058000_M22_252,M22,d0,19,9:59:39,9:59:39,401599,15.0,1
MQ_A5-Weekday-058000_M22_252,M22,d0,20,10:01:00,10:01:00,401600,15.0,1
MQ_A5-Weekday-058000_M22_252,M22,d0,21,10:02:00,10:02:00,803115,15.0,1
MQ_A5-Weekday-045000_M22_253,M22,d0,1,7:30:00,7:30:00,405054,1.0,1
MQ_A5-Weekday-045000_M22_253,M22,d0,2,7:32:16,7:32:16,405056,1.0,1
MQ_A5-Weekday-045000_M22_253,M22,d0,3,7:34:40,7:34:40,404969,1.0,1
MQ_A5-Weekday-045000_M22_253,M22,d0,4,7:35:37,7:35:37,404976,4.0,1
MQ_A5-Weekday-045000_M22_253,M22,d0,5,7:36:27,7:36:27,404977,4.0,1
MQ_A5-Weekday-045000_M22_253,M22,d0,6,7:37:42,7:37:42,404219,4.0,1
MQ_A5-Weekday-045000_M22_253,M22,d0,7,7:41:00,7:41:00,903280,6.0,1
MQ_A5-Weekday-045000_M22_253,M22,d0,8,7:41:52,7:41:52,404101,6.0,1
MQ_A5-Weekday-045000_M22_253,M22,d0,9,7:43:28,7:43:28,402085,6.0,1
MQ_A5-Weekday-045000_M22_253,M22,d0,10,7:44:20,7:44:20,401670,6.0,1
MQ_A5-Weekday-045000_M22_253,M22,d0,11,7:46:00,7:46:00,402088,7.0,1
MQ_A5-Weekday-045000_M22_253,M22,d0,12,7:47:50,7:47:50,402090,7.0,1
MQ_A5-Weekday-045000_M22_253,M22,d0,13,7:48:49,7:48:49,402091,7.0,1
MQ_A5-Weekday-045000_M22_253,M22,d0,14,7:50:00,7:50:00,402092,10.0,1
MQ_A5-Weekday-045000_M22_253,M22,d0,15,7:50:30,7:50:30,402093,10.0,1
MQ_A5-Weekday-045000_M22_253,M22,d0,16,7:51:21,7:51:21,402094,10.0,1
MQ_A5-Weekday-045000_M22_253,M22,d0,17,7:52:11,7:52:11,402095,10.0,1
MQ_A5-Weekday-045000_M22_253,M22,d0,18,7:52:38,7:52:38,402096,10.0,1
MQ_A5-Weekday-045000_M22_253,M22,d0,19,7:53:25,7:53:25,402097,1.0,1
MQ_A5-Weekday-045000_M22_253,M22,d0,20,7:54:00,7:54:00,404922,1.0,1
MQ_A5-Weekday-045000_M22_253,M22,d0,21,7:55:00,7:55:00,903025,1.0,1
MQ_A5-Weekday-122500_M22_260,M22,d0,1,20:25:00,20:25:00,401528,3.0,1
MQ_A5-Weekday-122500_M22_260,M22,d0,2,20:26:00,20:26:00,401529,3.0,1
MQ_A5-Weekday-122500_M22_260,M22,d0,3,20:26:43,20:26:43,403313,4.0,1
MQ_A5-Weekday-122500_M22_260,M22,d0,4,20:27:37,20:27:37,403312,3.0,1
MQ_A5-Weekday-122500_M22_260,M22,d0,5,20:28:31,20:28:31,401531,7.0,1
MQ_A5-Weekday-122500_M22_260,M22,d0,6,20:29:27,20:29:27,401532,8.0,1
MQ_A5-Weekday-122500_M22_260,M22,d0,7,20:30:20,20:30:20,401533,8.0,1
MQ_A5-Weekday-122500_M22_260,M22,d0,8,20:31:20,20:31:20,401535,2.0,1
MQ_A5-Weekday-122500_M22_260,M22,d0,9,20:32:00,20:32:00,401536,10.0,1
MQ_A5-Weekday-122500_M22_260,M22,d0,10,20:33:15,20:33:15,401538,10.0,1
MQ_A5-Weekday-122500_M22_260,M22,d0,11,20:34:22,20:34:22,400336,10.0,1
MQ_A5-Weekday-122500_M22_260,M22,d0,12,20:35:21,20:35:21,400337,7.0,1
MQ_A5-Weekday-122500_M22_260,M22,d0,13,20:36:00,20:36:00,404010,12.0,1
MQ_A5-Weekday-122500_M22_260,M22,d0,14,20:36:47,20:36:47,401542,7.0,1
MQ_A5-Weekday-122500_M22_260,M22,d0,15,20:38:10,20:38:10,401543,13.0,1
MQ_A5-Weekday-122500_M22_260,M22,d0,16,20:40:01,20:40:01,401544,2.0,1
MQ_A5-Weekday-122500_M22_260,M22,d0,17,20:41:00,20:41:00,401545,13.0,1
MQ_A5-Weekday-122500_M22_260,M22,d0,18,20:41:48,20:41:48,401547,13.0,1
MQ_A5-Weekday-122500_M22_260,M22,d0,19,20:42:39,20:42:39,401548,4.0,1
MQ_A5-Weekday-122500_M22_260,M22,d0,20,20:43:32,20:43:32,401549,7.0,1
MQ_A5-Weekday-122500_M22_260,M22,d0,21,20:44:15,20:44:15,401591,7.0,1
MQ_A5-Weekday-122500_M22_260,M22,d0,22,20:45:00,20:45:00,803177,7.0,1
MQ_A5-Weekday-042000_M22_252,M22,d0,1,7:00:00,7:00:00,405054,5.0,1
MQ_A5-Weekday-042000_M22_252,M22,d0,2,7:02:16,7:02:16,405056,7.0,1
MQ_A5-Weekday-042000_M22_252,M22,d0,3,7:04:40,7:04:40,404969,7.0,1
MQ_A5-Weekday-042000_M22_252,M22,d0,4,7:05:37,7:05:37,404976,10.0,1
MQ_A5-Weekday-042000_M22_252,M22,d0,5,7:06:27,7:06:27,404977,10.0,1
MQ_A5-Weekday-042000_M22_252,M22,d0,6,7:07:42,7:07:42,404219,10.0,1
MQ_A5-Weekday-042000_M22_252,M22,d0,7,7:11:00,7:11:00,903280,10.0,1
MQ_A5-Weekday-042000_M22_252,M22,d0,8,7:11:52,7:11:52,404101,10.0,1
MQ_A5-Weekday-042000_M22_252,M22,d0,9,7:13:28,7:13:28,402085,11.0,1
MQ_A5-Weekday-042000_M22_252,M22,d0,10,7:14:20,7:14:20,401670,11.0,1
MQ_A5-Weekday-042000_M22_252,M22,d0,11,7:16:00,7:16:00,402088,11.0,1
MQ_A5-Weekday-042000_M22_252,M22,d0,12,7:17:50,7:17:50,402090,11.0,1
MQ_A5-Weekday-042000_M22_252,M22,d0,13,7:18:49,7:18:49,402091,12.0,1
MQ_A5-Weekday-042000_M22_252,M22,d0,14,7:20:00,7:20:00,402092,12.0,1
MQ_A5-Weekday-042000_M22_252,M22,d0,15,7:20:30,7:20:30,402093,12.0,1
MQ_A5-Weekday-042000_M22_252,M22,d0,16,7:21:21,7:21:21,402094,12.0,1
MQ_A5-Weekday-042000_M22_252,M22,d0,17,7:22:11,7:22:11,402095,12.0,1
MQ_A5-Weekday-042000_M22_252,M22,d0,18,7:22:38,7:22:38,402096,12.0,1
MQ_A5-Weekday-042000_M22_252,M22,d0,19,7:23:25,7:23:25,402097,12.0,1
MQ_A5-Weekday-042000_M22_252,M22,d0,20,7:24:00,7:24:00,404922,6.0,1
MQ_A5-Weekday-042000_M22_252,M22,d0,21,7:25:00,7:25:00,903025,6.0,1
MQ_A5-Weekday-SDon-081700_M22_256,M22,d0,1,13:37:00,13:37:00,405054,2.0,1
MQ_A5-Weekday-SDon-081700_M22_256,M22,d0,2,13:39:54,13:39:54,405056,2.0,1
MQ_A5-Weekday-SDon-081700_M22_256,M22,d0,3,13:42:57,13:42:57,404969,2.0,1
MQ_A5-Weekday-SDon-081700_M22_256,M22,d0,4,13:44:08,13:44:08,404976,2.0,1
MQ_A5-Weekday-SDon-081700_M22_256,M22,d0,5,13:45:12,13:45:12,404977,9.0,1
MQ_A5-Weekday-SDon-081700_M22_256,M22,d0,6,13:46:48,13:46:48,404219,9.0,1
MQ_A5-Weekday-SDon-081700_M22_256,M22,d0,7,13:51:00,13:51:00,903280,9.0,1
MQ_A5-Weekday-SDon-081700_M22_256,M22,d0,8,13:52:12,13:52:12,404101,9.0,1
MQ_A5-Weekday-SDon-081700_M22_256,M22,d0,9,13:54:27,13:54:27,402085,9.0,1
MQ_A5-Weekday-SDon-081700_M22_256,M22,d0,10,13:55:40,13:55:40,401670,9.0,1
MQ_A5-Weekday-SDon-081700_M22_256,M22,d0,11,13:58:00,13:58:00,402088,10.0,1
MQ_A5-Weekday-SDon-081700_M22_256,M22,d0,12,14:00:17,14:00:17,402090,10.0,1
MQ_A5-Weekday-SDon-081700_M22_256,M22,d0,13,14:01:31,14:01:31,402091,5.0,1
MQ_A5-Weekday-SDon-081700_M22_256,M22,d0,14,14:03:00,14:03:00,402092,11.0,1
MQ_A5-Weekday-SDon-081700_M22_256,M22,d0,15,14:03:37,14:03:37,402093,12.0,1
MQ_A5-Weekday-SDon-081700_M22_256,M22,d0,16,14:04:38,14:04:38,402094,12.0,1
MQ_A5-Weekday-SDon-081700_M22_256,M22,d0,17,14:05:37,14:05:37,402095,12.0,1
MQ_A5-Weekday-SDon-081700_M22_256,M22,d0,18,14:06:09,14:06:09,402096,12.0,1
MQ_A5-Weekday-SDon-081700_M22_256,M22,d0,19,14:07:06,14:07:06,402097,1.0,1
MQ_A5-Weekday-SDon-081700_M22_256,M22,d0,20,14:07:48,14:07:48,404922,2.0,1
MQ_A5-Weekday-SDon-081700_M22_256,M22,d0,21,14:09:00,14:09:00,903025,2.0,1
MQ_A5-Weekday-057700_M22_256,M22,d0,1,9:37:00,9:37:00,405054,4.0,1
MQ_A5-Weekday-057700_M22_256,M22,d0,2,9:39:54,9:39:54,405056,4.0,1
MQ_A5-Weekday-057700_M22_256,M22,d0,3,9:42:57,9:42:57,404969,4.0,1
MQ_A5-Weekday-057700_M22_256,M22,d0,4,9:44:08,9:44:08,404976,4.0,1
MQ_A5-Weekday-057700_M22_256,M22,d0,5,9:45:12,9:45:12,404977,4.0,1
MQ_A5-Weekday-057700_M22_256,M22,d0,6,9:46:48,9:46:48,404219,4.0,1
MQ_A5-Weekday-057700_M22_256,M22,d0,7,9:51:00,9:51:00,903280,5.0,1
MQ_A5-Weekday-057700_M22_256,M22,d0,8,9:52:12,9:52:12,404101,3.0,1
MQ_A5-Weekday-057700_M22_256,M22,d0,9,9:54:27,9:54:27,402085,11.0,1
MQ_A5-Weekday-057700_M22_256,M22,d0,10,9:55:40,9:55:40,401670,10.0,1
MQ_A5-Weekday-057700_M22_256,M22,d0,11,9:58:00,9:58:00,402088,5.0,1
MQ_A5-Weekday-057700_M22_256,M22,d0,12,9:59:50,9:59:50,402090,5.0,1
MQ_A5-Weekday-057700_M22_256,M22,d0,13,10:00:49,10:00:49,402091,9.0,1
MQ_A5-Weekday-057700_M22_256,M22,d0,14,10:02:00,10:02:00,402092,5.0,1
MQ_A5-Weekday-057700_M22_256,M22,d0,15,10:02:30,10:02:30,402093,5.0,1
MQ_A5-Weekday-057700_M22_256,M22,d0,16,10:03:21,10:03:21,402094,5.0,1
MQ_A5-Weekday-057700_M22_256,M22,d0,17,10:04:11,10:04:11,402095,5.0,1
MQ_A5-Weekday-057700_M22_256,M22,d0,18,10:04:38,10:04:38,402096,5.0,1
MQ_A5-Weekday-057700_M22_256,M22,d0,19,10:05:25,10:05:25,402097,3.0,1
MQ_A5-Weekday-057700_M22_256,M22,d0,20,10:06:00,10:06:00,404922,4.0,1
MQ_A5-Weekday-057700_M22_256,M22,d0,21,10:07:00,10:07:00,903025,4.0,1
MQ_A5-Weekday-SDon-138000_M22_263,M22,d0,1,23:00:00,23:00:00,405054,2.0,1
MQ_A5-Weekday-SDon-138000_M22_263,M22,d0,2,23:01:52,23:01:52,405056,2.0,1
MQ_A5-Weekday-SDon-138000_M22_263,M22,d0,3,23:03:49,23:03:49,404969,2.0,1
MQ_A5-Weekday-SDon-138000_M22_263,M22,d0,4,23:04:35,23:04:35,404976,2.0,1
MQ_A5-Weekday-SDon-138000_M22_263,M22,d0,5,23:05:16,23:05:16,404977,2.0,1
MQ_A5-Weekday-SDon-138000_M22_263,M22,d0,6,23:06:18,23:06:18,404219,2.0,1
MQ_A5-Weekday-SDon-138000_M22_263,M22,d0,7,23:09:00,23:09:00,903280,2.0,1
MQ_A5-Weekday-SDon-138000_M22_263,M22,d0,8,23:09:41,23:09:41,404101,2.0,1
MQ_A5-Weekday-SDon-138000_M22_263,M22,d0,9,23:10:58,23:10:58,402085,2.0,1
MQ_A5-Weekday-SDon-138000_M22_263,M22,d0,10,23:11:40,23:11:40,401670,2.0,1
MQ_A5-Weekday-SDon-138000_M22_263,M22,d0,11,23:13:00,23:13:00,402088,4.0,1
MQ_A5-Weekday-SDon-138000_M22_263,M22,d0,12,23:14:23,23:14:23,402090,4.0,1
MQ_A5-Weekday-SDon-138000_M22_263,M22,d0,13,23:15:07,23:15:07,402091,4.0,1
MQ_A5-Weekday-SDon-138000_M22_263,M22,d0,14,23:16:00,23:16:00,402092,1.0,1
MQ_A5-Weekday-SDon-138000_M22_263,M22,d0,15,23:16:18,23:16:18,402093,2.0,1
MQ_A5-Weekday-SDon-138000_M22_263,M22,d0,16,23:16:49,23:16:49,402094,2.0,1
MQ_A5-Weekday-SDon-138000_M22_263,M22,d0,17,23:17:19,23:17:19,402095,2.0,1
MQ_A5-Weekday-SDon-138000_M22_263,M22,d0,18,23:17:35,23:17:35,402096,2.0,1
MQ_A5-Weekday-SDon-138000_M22_263,M22,d0,19,23:18:03,23:18:03,402097,2.0,1
MQ_A5-Weekday-SDon-138000_M22_263,M22,d0,20,23:18:24,23:18:24,404922,2.0,1
MQ_A5-Weekday-SDon-138000_M22_263,M22,d0,21,23:19:00,23:19:00,903025,2.0,1
