trip_id,route,direction,stop_sequence,arrival_time,departure_time,stop_id,estimated_passenger_count,required_pods
OF_A5-Weekday-SDon-122500_M125_518,M125,d1,1,20:25:00,20:25:00,902208,2.0,1
OF_A5-Weekday-SDon-122500_M125_518,M125,d1,2,20:29:12,20:29:12,101069,2.0,1
OF_A5-Weekday-SDon-122500_M125_518,M125,d1,3,20:30:43,20:30:43,101071,2.0,1
OF_A5-Weekday-SDon-122500_M125_518,M125,d1,4,20:32:00,20:32:00,101072,1.0,1
OF_A5-Weekday-SDon-122500_M125_518,M125,d1,5,20:33:41,20:33:41,101074,1.0,1
OF_A5-Weekday-SDon-122500_M125_518,M125,d1,6,20:35:28,20:35:28,102839,1.0,1
OF_A5-Weekday-SDon-122500_M125_518,M125,d1,7,20:38:17,20:38:17,403766,1.0,1
OF_A5-Weekday-SDon-122500_M125_518,M125,d1,8,20:40:08,20:40:08,403676,1.0,1
OF_A5-Weekday-SDon-122500_M125_518,M125,d1,9,20:41:00,20:41:00,402502,1.0,1
OF_A5-Weekday-SDon-122500_M125_518,M125,d1,10,20:41:58,20:41:58,402503,2.0,1
OF_A5-Weekday-SDon-122500_M125_518,M125,d1,11,20:43:02,20:43:02,402504,2.0,1
OF_A5-Weekday-SDon-122500_M125_518,M125,d1,12,20:44:00,20:44:00,402505,10.0,1
OF_A5-Weekday-SDon-122500_M125_518,M125,d1,13,20:44:56,20:44:56,402506,10.0,1
OF_A5-Weekday-SDon-122500_M125_518,M125,d1,14,20:47:16,20:47:16,402507,10.0,1
OF_A5-Weekday-SDon-122500_M125_518,M125,d1,15,20:49:08,20:49:08,402508,10.0,1
OF_A5-Weekday-SDon-122500_M125_518,M125,d1,16,20:51:00,20:51:00,402509,7.0,1
OF_A5-Weekday-SDon-122500_M125_518,M125,d1,17,20:51:44,20:51:44,402510,4.0,1
OF_A5-Weekday-SDon-122500_M125_518,M125,d1,18,20:54:00,20:54:00,403604,4.0,1
OF_A5-Weekday-SDon-122500_M125_518,M125,d1,19,20:55:10,20:55:10,403763,4.0,1
OF_A5-Weekday-SDon-122500_M125_518,M125,d1,20,20:56:07,20:56:07,403677,2.0,1
OF_A5-Weekday-SDon-122500_M125_518,M125,d1,21,20:57:00,20:57:00,403829,2.0,1
OF_A5-Weekday-104400_M125_515,M125,d1,1,17:24:00,17:24:00,902208,36.0,3
OF_A5-Weekday-104400_M125_515,M125,d1,2,17:30:00,17:30:00,101069,36.0,3
OF_A5-Weekday-104400_M125_515,M125,d1,3,17:32:10,17:32:10,101071,36.0,3
OF_A5-Weekday-104400_M125_515,M125,d1,4,17:34:00,17:34:00,101072,25.0,3
OF_A5-Weekday-104400_M125_515,M125,d1,5,17:36:37,17:36:37,101074,37.0,3
OF_A5-Weekday-104400_M125_515,M125,d1,6,17:39:24,17:39:24,102839,37.0,3
OF_A5-Weekday-104400_M125_515,M125,d1,7,17:43:46,17:43:46,403766,37.0,3
OF_A5-Weekday-104400_M125_515,M125,d1,8,17:46:39,17:46:39,403676,30.0,2
OF_A5-Weekday-104400_M125_515,M125,d1,9,17:48:00,17:48:00,402502,31.0,2
OF_A5-Weekday-104400_M125_515,M125,d1,10,17:49:36,17:49:36,402503,31.0,2
OF_A5-Weekday-104400_M125_515,M125,d1,11,17:51:23,17:51:23,402504,31.0,2
OF_A5-Weekday-104400_M125_515,M125,d1,12,17:53:00,17:53:00,402505,31.0,2
OF_A5-Weekday-104400_M125_515,M125,d1,13,17:54:12,17:54:12,402506,26.0,2
OF_A5-Weekday-104400_M125_515,M125,d1,14,17:57:12,17:57:12,402507,26.0,2
OF_A5-Weekday-104400_M125_515,M125,d1,15,17:59:37,17:59:37,402508,26.0,2
OF_A5-Weekday-104400_M125_515,M125,d1,16,18:02:00,18:02:00,402509,22.0,2
OF_A5-Weekday-104400_M125_515,M125,d1,17,18:02:58,18:02:58,402510,22.0,2
OF_A5-Weekday-104400_M125_515,M125,d1,18,18:06:00,18:06:00,403604,16.0,1
OF_A5-Weekday-104400_M125_515,M125,d1,19,18:07:10,18:07:10,403763,16.0,1
OF_A5-Weekday-104400_M125_515,M125,d1,20,18:08:07,18:08:07,403677,16.0,1
OF_A5-Weekday-104400_M125_515,M125,d1,21,18:09:00,18:09:00,403829,16.0,1
OF_A5-Weekday-083200_M125_519,M125,d1,1,13:52:00,13:52:00,902208,8.0,1
OF_A5-Weekday-083200_M125_519,M125,d1,2,13:57:24,13:57:24,101069,8.0,1
OF_A5-Weekday-083200_M125_519,M125,d1,3,13:59:21,13:59:21,101071,8.0,1
OF_A5-Weekday-083200_M125_519,M125,d1,4,14:01:00,14:01:00,101072,8.0,1
OF_A5-Weekday-083200_M125_519,M125,d1,5,14:03:26,14:03:26,101074,8.0,1
OF_A5-Weekday-083200_M125_519,M125,d1,6,14:06:00,14:06:00,102839,8.0,1
OF_A5-Weekday-083200_M125_519,M125,d1,7,14:10:04,14:10:04,403766,3.0,1
OF_A5-Weekday-083200_M125_519,M125,d1,8,14:12:45,14:12:45,403676,3.0,1
OF_A5-Weekday-083200_M125_519,M125,d1,9,14:14:00,14:14:00,402502,3.0,1
OF_A5-Weekday-083200_M125_519,M125,d1,10,14:15:56,14:15:56,402503,3.0,1
OF_A5-Weekday-083200_M125_519,M125,d1,11,14:18:04,14:18:04,402504,3.0,1
OF_A5-Weekday-083200_M125_519,M125,d1,12,14:20:00,14:20:00,402505,3.0,1
OF_A5-Weekday-083200_M125_519,M125,d1,13,14:21:12,14:21:12,402506,3.0,1
OF_A5-Weekday-083200_M125_519,M125,d1,14,14:24:12,14:24:12,402507,3.0,1
OF_A5-Weekday-083200_M125_519,M125,d1,15,14:26:37,14:26:37,402508,3.0,1
OF_A5-Weekday-083200_M125_519,M125,d1,16,14:29:00,14:29:00,402509,3.0,1
OF_A5-Weekday-083200_M125_519,M125,d1,17,14:29:58,14:29:58,402510,3.0,1
OF_A5-Weekday-083200_M125_519,M125,d1,18,14:33:00,14:33:00,403604,3.0,1
OF_A5-Weekday-083200_M125_519,M125,d1,19,14:34:10,14:34:10,403763,3.0,1
OF_A5-Weekday-083200_M125_519,M125,d1,20,14:35:07,14:35:07,403677,3.0,1
OF_A5-Weekday-083200_M125_519,M125,d1,21,14:36:00,14:36:00,403829,3.0,1
OF_A5-Weekday-SDon-045800_M125_513,M125,d1,1,7:38:00,7:38:00,902208,9.0,1
OF_A5-Weekday-SDon-045800_M125_513,M125,d1,2,7:43:24,7:43:24,101069,9.0,1
OF_A5-Weekday-SDon-045800_M125_513,M125,d1,3,7:45:21,7:45:21,101071,9.0,1
OF_A5-Weekday-SDon-045800_M125_513,M125,d1,4,7:47:00,7:47:00,101072,9.0,1
OF_A5-Weekday-SDon-045800_M125_513,M125,d1,5,7:50:33,7:50:33,101074,9.0,1
OF_A5-Weekday-SDon-045800_M125_513,M125,d1,6,7:54:19,7:54:19,102839,9.0,1
OF_A5-Weekday-SDon-045800_M125_513,M125,d1,7,8:00:15,8:00:15,403766,14.0,3
OF_A5-Weekday-SDon-045800_M125_513,M125,d1,8,8:04:10,8:04:10,403676,48.0,3
OF_A5-Weekday-SDon-045800_M125_513,M125,d1,9,8:06:00,8:06:00,402502,48.0,3
OF_A5-Weekday-SDon-045800_M125_513,M125,d1,10,8:07:36,8:07:36,402503,48.0,3
OF_A5-Weekday-SDon-045800_M125_513,M125,d1,11,8:09:23,8:09:23,402504,48.0,4
OF_A5-Weekday-SDon-045800_M125_513,M125,d1,12,8:11:00,8:11:00,402505,60.0,4
OF_A5-Weekday-SDon-045800_M125_513,M125,d1,13,8:11:56,8:11:56,402506,60.0,4
OF_A5-Weekday-SDon-045800_M125_513,M125,d1,14,8:14:16,8:14:16,402507,60.0,4
OF_A5-Weekday-SDon-045800_M125_513,M125,d1,15,8:16:08,8:16:08,402508,60.0,4
OF_A5-Weekday-SDon-045800_M125_513,M125,d1,16,8:18:00,8:18:00,402509,60.0,4
OF_A5-Weekday-SDon-045800_M125_513,M125,d1,17,8:18:58,8:18:58,402510,42.0,3
OF_A5-Weekday-SDon-045800_M125_513,M125,d1,18,8:22:00,8:22:00,403604,42.0,3
OF_A5-Weekday-SDon-045800_M125_513,M125,d1,19,8:23:10,8:23:10,403763,42.0,3
OF_A5-Weekday-SDon-045800_M125_513,M125,d1,20,8:24:07,8:24:07,403677,26.0,2
OF_A5-Weekday-SDon-045800_M125_513,M125,d1,21,8:25:00,8:25:00,403829,26.0,2
OF_A5-Weekday-133400_M125_527,M125,d1,1,22:14:00,22:14:00,902208,3.0,1
OF_A5-Weekday-133400_M125_527,M125,d1,2,22:17:00,22:17:00,101069,3.0,1
OF_A5-Weekday-133400_M125_527,M125,d1,3,22:18:05,22:18:05,101071,3.0,1
OF_A5-Weekday-133400_M125_527,M125,d1,4,22:19:00,22:19:00,101072,3.0,1
OF_A5-Weekday-133400_M125_527,M125,d1,5,22:20:41,22:20:41,101074,5.0,1
OF_A5-Weekday-133400_M125_527,M125,d1,6,22:22:28,22:22:28,102839,5.0,1
OF_A5-Weekday-133400_M125_527,M125,d1,7,22:25:17,22:25:17,403766,5.0,1
OF_A5-Weekday-133400_M125_527,M125,d1,8,22:27:08,22:27:08,403676,4.0,1
OF_A5-Weekday-133400_M125_527,M125,d1,9,22:28:00,22:28:00,402502,4.0,1
OF_A5-Weekday-133400_M125_527,M125,d1,10,22:28:58,22:28:58,402503,14.0,1
OF_A5-Weekday-133400_M125_527,M125,d1,11,22:30:02,22:30:02,402504,14.0,2
OF_A5-Weekday-133400_M125_527,M125,d1,12,22:31:00,22:31:00,402505,18.0,2
OF_A5-Weekday-133400_M125_527,M125,d1,13,22:31:48,22:31:48,402506,18.0,2
OF_A5-Weekday-133400_M125_527,M125,d1,14,22:33:48,22:33:48,402507,25.0,2
OF_A5-Weekday-133400_M125_527,M125,d1,15,22:35:24,22:35:24,402508,25.0,2
OF_A5-Weekday-133400_M125_527,M125,d1,16,22:37:00,22:37:00,402509,14.0,1
OF_A5-Weekday-133400_M125_527,M125,d1,17,22:37:44,22:37:44,402510,11.0,1
OF_A5-Weekday-133400_M125_527,M125,d1,18,22:40:00,22:40:00,403604,11.0,1
OF_A5-Weekday-133400_M125_527,M125,d1,19,22:40:47,22:40:47,403763,2.0,1
OF_A5-Weekday-133400_M125_527,M125,d1,20,22:41:25,22:41:25,403677,2.0,1
OF_A5-Weekday-133400_M125_527,M125,d1,21,22:42:00,22:42:00,403829,2.0,1
OF_A5-Weekday-SDon-037800_M125_501,M125,d1,1,6:18:00,6:18:00,902208,3.0,1
OF_A5-Weekday-SDon-037800_M125_501,M125,d1,2,6:21:00,6:21:00,101069,9.0,1
OF_A5-Weekday-SDon-037800_M125_501,M125,d1,3,6:22:05,6:22:05,101071,10.0,1
OF_A5-Weekday-SDon-037800_M125_501,M125,d1,4,6:23:00,6:23:00,101072,12.0,1
OF_A5-Weekday-SDon-037800_M125_501,M125,d1,5,6:25:26,6:25:26,101074,12.0,1
OF_A5-Weekday-SDon-037800_M125_501,M125,d1,6,6:28:00,6:28:00,102839,12.0,1
OF_A5-Weekday-SDon-037800_M125_501,M125,d1,7,6:32:04,6:32:04,403766,12.0,1
OF_A5-Weekday-SDon-037800_M125_501,M125,d1,8,6:34:45,6:34:45,403676,12.0,1
OF_A5-Weekday-SDon-037800_M125_501,M125,d1,9,6:36:00,6:36:00,402502,15.0,1
OF_A5-Weekday-SDon-037800_M125_501,M125,d1,10,6:36:58,6:36:58,402503,15.0,1
OF_A5-Weekday-SDon-037800_M125_501,M125,d1,11,6:38:02,6:38:02,402504,15.0,1
OF_A5-Weekday-SDon-037800_M125_501,M125,d1,12,6:39:00,6:39:00,402505,15.0,1
OF_A5-Weekday-SDon-037800_M125_501,M125,d1,13,6:39:40,6:39:40,402506,14.0,1
OF_A5-Weekday-SDon-037800_M125_501,M125,d1,14,6:41:20,6:41:20,402507,14.0,1
OF_A5-Weekday-SDon-037800_M125_501,M125,d1,15,6:42:40,6:42:40,402508,9.0,1
OF_A5-Weekday-SDon-037800_M125_501,M125,d1,16,6:44:00,6:44:00,402509,9.0,1
OF_A5-Weekday-SDon-037800_M125_501,M125,d1,17,6:44:44,6:44:44,402510,8.0,1
OF_A5-Weekday-SDon-037800_M125_501,M125,d1,18,6:47:00,6:47:00,403604,11.0,1
OF_A5-Weekday-SDon-037800_M125_501,M125,d1,19,6:48:10,6:48:10,403763,11.0,1
OF_A5-Weekday-SDon-037800_M125_501,M125,d1,20,6:49:07,6:49:07,403677,8.0,1
OF_A5-Weekday-SDon-037800_M125_501,M125,d1,21,6:50:00,6:50:00,403829,8.0,1
OF_A5-Weekday-122500_M125_518,M125,d1,1,20:25:00,20:25:00,902208,6.0,1
OF_A5-Weekday-122500_M125_518,M125,d1,2,20:29:12,20:29:12,101069,6.0,1
OF_A5-Weekday-122500_M125_518,M125,d1,3,20:30:43,20:30:43,101071,6.0,1
OF_A5-Weekday-122500_M125_518,M125,d1,4,20:32:00,20:32:00,101072,3.0,1
OF_A5-Weekday-122500_M125_518,M125,d1,5,20:33:41,20:33:41,101074,3.0,1
OF_A5-Weekday-122500_M125_518,M125,d1,6,20:35:28,20:35:28,102839,3.0,1
OF_A5-Weekday-122500_M125_518,M125,d1,7,20:38:17,20:38:17,403766,3.0,1
OF_A5-Weekday-122500_M125_518,M125,d1,8,20:40:08,20:40:08,403676,7.0,1
OF_A5-Weekday-122500_M125_518,M125,d1,9,20:41:00,20:41:00,402502,8.0,1
OF_A5-Weekday-122500_M125_518,M125,d1,10,20:41:58,20:41:58,402503,7.0,1
OF_A5-Weekday-122500_M125_518,M125,d1,11,20:43:02,20:43:02,402504,9.0,1
OF_A5-Weekday-122500_M125_518,M125,d1,12,20:44:00,20:44:00,402505,9.0,1
OF_A5-Weekday-122500_M125_518,M125,d1,13,20:44:56,20:44:56,402506,9.0,1
OF_A5-Weekday-122500_M125_518,M125,d1,14,20:47:16,20:47:16,402507,9.0,1
OF_A5-Weekday-122500_M125_518,M125,d1,15,20:49:08,20:49:08,402508,11.0,1
OF_A5-Weekday-122500_M125_518,M125,d1,16,20:51:00,20:51:00,402509,11.0,1
OF_A5-Weekday-122500_M125_518,M125,d1,17,20:51:44,20:51:44,402510,6.0,1
OF_A5-Weekday-122500_M125_518,M125,d1,18,20:54:00,20:54:00,403604,7.0,1
OF_A5-Weekday-122500_M125_518,M125,d1,19,20:55:10,20:55:10,403763,7.0,1
OF_A5-Weekday-122500_M125_518,M125,d1,20,20:56:07,20:56:07,403677,7.0,1
OF_A5-Weekday-122500_M125_518,M125,d1,21,20:57:00,20:57:00,403829,7.0,1
OF_A5-Weekday-053000_M125_510,M125,d1,1,8:50:00,8:50:00,902208,14.0,2
OF_A5-Weekday-053000_M125_510,M125,d1,2,8:54:48,8:54:48,101069,22.0,2
OF_A5-Weekday-053000_M125_510,M125,d1,3,8:56:32,8:56:32,101071,22.0,2
OF_A5-Weekday-053000_M125_510,M125,d1,4,8:58:00,8:58:00,101072,18.0,2
OF_A5-Weekday-053000_M125_510,M125,d1,5,9:00:37,9:00:37,101074,13.0,2
OF_A5-Weekday-053000_M125_510,M125,d1,6,9:03:24,9:03:24,102839,25.0,2
OF_A5-Weekday-053000_M125_510,M125,d1,7,9:07:46,9:07:46,403766,23.0,2
OF_A5-Weekday-053000_M125_510,M125,d1,8,9:10:39,9:10:39,403676,23.0,2
OF_A5-Weekday-053000_M125_510,M125,d1,9,9:12:00,9:12:00,402502,19.0,4
OF_A5-Weekday-053000_M125_510,M125,d1,10,9:13:56,9:13:56,402503,51.0,4
OF_A5-Weekday-053000_M125_510,M125,d1,11,9:16:04,9:16:04,402504,51.0,4
OF_A5-Weekday-053000_M125_510,M125,d1,12,9:18:00,9:18:00,402505,52.0,4
OF_A5-Weekday-053000_M125_510,M125,d1,13,9:19:04,9:19:04,402506,52.0,4
OF_A5-Weekday-053000_M125_510,M125,d1,14,9:21:44,9:21:44,402507,34.0,3
OF_A5-Weekday-053000_M125_510,M125,d1,15,9:23:53,9:23:53,402508,32.0,2
OF_A5-Weekday-053000_M125_510,M125,d1,16,9:26:00,9:26:00,402509,15.0,1
OF_A5-Weekday-053000_M125_510,M125,d1,17,9:26:58,9:26:58,402510,15.0,1
OF_A5-Weekday-053000_M125_510,M125,d1,18,9:30:00,9:30:00,403604,11.0,1
OF_A5-Weekday-053000_M125_510,M125,d1,19,9:31:10,9:31:10,403763,4.0,1
OF_A5-Weekday-053000_M125_510,M125,d1,20,9:32:07,9:32:07,403677,4.0,1
OF_A5-Weekday-053000_M125_510,M125,d1,21,9:33:00,9:33:00,403829,4.0,1
OF_A5-Weekday-SDon-071200_M125_517,M125,d1,1,11:52:00,11:52:00,902208,28.0,2
OF_A5-Weekday-SDon-071200_M125_517,M125,d1,2,11:56:48,11:56:48,101069,28.0,2
OF_A5-Weekday-SDon-071200_M125_517,M125,d1,3,11:58:32,11:58:32,101071,28.0,2
OF_A5-Weekday-SDon-071200_M125_517,M125,d1,4,12:00:00,12:00:00,101072,28.0,2
OF_A5-Weekday-SDon-071200_M125_517,M125,d1,5,12:02:26,12:02:26,101074,28.0,2
OF_A5-Weekday-SDon-071200_M125_517,M125,d1,6,12:05:00,12:05:00,102839,28.0,2
OF_A5-Weekday-SDon-071200_M125_517,M125,d1,7,12:09:04,12:09:04,403766,28.0,2
OF_A5-Weekday-SDon-071200_M125_517,M125,d1,8,12:11:45,12:11:45,403676,26.0,2
OF_A5-Weekday-SDon-071200_M125_517,M125,d1,9,12:13:00,12:13:00,402502,26.0,3
OF_A5-Weekday-SDon-071200_M125_517,M125,d1,10,12:14:36,12:14:36,402503,48.0,4
OF_A5-Weekday-SDon-071200_M125_517,M125,d1,11,12:16:23,12:16:23,402504,53.0,4
OF_A5-Weekday-SDon-071200_M125_517,M125,d1,12,12:18:00,12:18:00,402505,38.0,3
OF_A5-Weekday-SDon-071200_M125_517,M125,d1,13,12:19:04,12:19:04,402506,47.0,3
OF_A5-Weekday-SDon-071200_M125_517,M125,d1,14,12:21:44,12:21:44,402507,47.0,3
OF_A5-Weekday-SDon-071200_M125_517,M125,d1,15,12:23:53,12:23:53,402508,36.0,3
OF_A5-Weekday-SDon-071200_M125_517,M125,d1,16,12:26:00,12:26:00,402509,20.0,2
OF_A5-Weekday-SDon-071200_M125_517,M125,d1,17,12:26:44,12:26:44,402510,10.0,1
OF_A5-Weekday-SDon-071200_M125_517,M125,d1,18,12:29:00,12:29:00,403604,10.0,1
OF_A5-Weekday-SDon-071200_M125_517,M125,d1,19,12:30:10,12:30:10,403763,10.0,1
OF_A5-Weekday-SDon-071200_M125_517,M125,d1,20,12:31:07,12:31:07,403677,10.0,1
OF_A5-Weekday-SDon-071200_M125_517,M125,d1,21,12:32:00,12:32:00,403829,10.0,1
OF_A5-Weekday-SDon-060400_M125_517,M125,d1,1,10:04:00,10:04:00,902208,14.0,1
OF_A5-Weekday-SDon-060400_M125_517,M125,d1,2,10:08:48,10:08:48,101069,14.0,1
OF_A5-Weekday-SDon-060400_M125_517,M125,d1,3,10:10:32,10:10:32,101071,14.0,1
OF_A5-Weekday-SDon-060400_M125_517,M125,d1,4,10:12:00,10:12:00,101072,14.0,1
OF_A5-Weekday-SDon-060400_M125_517,M125,d1,5,10:14:37,10:14:37,101074,14.0,1
OF_A5-Weekday-SDon-060400_M125_517,M125,d1,6,10:17:24,10:17:24,102839,14.0,1
OF_A5-Weekday-SDon-060400_M125_517,M125,d1,7,10:21:46,10:21:46,403766,14.0,1
OF_A5-Weekday-SDon-060400_M125_517,M125,d1,8,10:24:39,10:24:39,403676,14.0,1
OF_A5-Weekday-SDon-060400_M125_517,M125,d1,9,10:26:00,10:26:00,402502,14.0,1
OF_A5-Weekday-SDon-060400_M125_517,M125,d1,10,10:27:56,10:27:56,402503,14.0,1
OF_A5-Weekday-SDon-060400_M125_517,M125,d1,11,10:30:04,10:30:04,402504,14.0,1
OF_A5-Weekday-SDon-060400_M125_517,M125,d1,12,10:32:00,10:32:00,402505,14.0,1
OF_A5-Weekday-SDon-060400_M125_517,M125,d1,13,10:33:04,10:33:04,402506,14.0,1
OF_A5-Weekday-SDon-060400_M125_517,M125,d1,14,10:35:44,10:35:44,402507,14.0,1
OF_A5-Weekday-SDon-060400_M125_517,M125,d1,15,10:37:53,10:37:53,402508,14.0,1
OF_A5-Weekday-SDon-060400_M125_517,M125,d1,16,10:40:00,10:40:00,402509,14.0,1
OF_A5-Weekday-SDon-060400_M125_517,M125,d1,17,10:40:44,10:40:44,402510,14.0,1
OF_A5-Weekday-SDon-060400_M125_517,M125,d1,18,10:43:00,10:43:00,403604,14.0,1
OF_A5-Weekday-SDon-060400_M125_517,M125,d1,19,10:44:10,10:44:10,403763,14.0,1
OF_A5-Weekday-SDon-060400_M125_517,M125,d1,20,10:45:07,10:45:07,403677,14.0,1
OF_A5-Weekday-SDon-060400_M125_517,M125,d1,21,10:46:00,10:46:00,403829,14.0,1
OF_A5-Weekday-109500_M125_525,M125,d1,1,18:15:00,18:15:00,902208,7.0,2
OF_A5-Weekday-109500_M125_525,M125,d1,2,18:20:24,18:20:24,101069,18.0,2
OF_A5-Weekday-109500_M125_525,M125,d1,3,18:22:21,18:22:21,101071,18.0,2
OF_A5-Weekday-109500_M125_525,M125,d1,4,18:24:00,18:24:00,101072,18.0,2
OF_A5-Weekday-109500_M125_525,M125,d1,5,18:26:37,18:26:37,101074,27.0,2
OF_A5-Weekday-109500_M125_525,M125,d1,6,18:29:24,18:29:24,102839,27.0,2
OF_A5-Weekday-109500_M125_525,M125,d1,7,18:33:46,18:33:46,403766,27.0,2
OF_A5-Weekday-109500_M125_525,M125,d1,8,18:36:39,18:36:39,403676,27.0,2
OF_A5-Weekday-109500_M125_525,M125,d1,9,18:38:00,18:38:00,402502,27.0,2
OF_A5-Weekday-109500_M125_525,M125,d1,10,18:39:17,18:39:17,402503,19.0,2
OF_A5-Weekday-109500_M125_525,M125,d1,11,18:40:43,18:40:43,402504,28.0,2
OF_A5-Weekday-109500_M125_525,M125,d1,12,18:42:00,18:42:00,402505,28.0,2
OF_A5-Weekday-109500_M125_525,M125,d1,13,18:43:04,18:43:04,402506,28.0,2
OF_A5-Weekday-109500_M125_525,M125,d1,14,18:45:44,18:45:44,402507,28.0,2
OF_A5-Weekday-109500_M125_525,M125,d1,15,18:47:53,18:47:53,402508,14.0,2
OF_A5-Weekday-109500_M125_525,M125,d1,16,18:50:00,18:50:00,402509,17.0,2
OF_A5-Weekday-109500_M125_525,M125,d1,17,18:50:44,18:50:44,402510,17.0,2
OF_A5-Weekday-109500_M125_525,M125,d1,18,18:53:00,18:53:00,403604,17.0,2
OF_A5-Weekday-109500_M125_525,M125,d1,19,18:54:10,18:54:10,403763,8.0,1
OF_A5-Weekday-109500_M125_525,M125,d1,20,18:55:07,18:55:07,403677,8.0,1
OF_A5-Weekday-109500_M125_525,M125,d1,21,18:56:00,18:56:00,403829,8.0,1
OF_A5-Weekday-SDon-080000_M125_511,M125,d1,1,13:20:00,13:20:00,902208,8.0,2
OF_A5-Weekday-SDon-080000_M125_511,M125,d1,2,13:25:24,13:25:24,101069,20.0,3
OF_A5-Weekday-SDon-080000_M125_511,M125,d1,3,13:27:21,13:27:21,101071,35.0,3
OF_A5-Weekday-SDon-080000_M125_511,M125,d1,4,13:29:00,13:29:00,101072,35.0,3
OF_A5-Weekday-SDon-080000_M125_511,M125,d1,5,13:31:26,13:31:26,101074,35.0,3
OF_A5-Weekday-SDon-080000_M125_511,M125,d1,6,13:34:00,13:34:00,102839,35.0,3
OF_A5-Weekday-SDon-080000_M125_511,M125,d1,7,13:38:04,13:38:04,403766,35.0,3
OF_A5-Weekday-SDon-080000_M125_511,M125,d1,8,13:40:45,13:40:45,403676,35.0,3
OF_A5-Weekday-SDon-080000_M125_511,M125,d1,9,13:42:00,13:42:00,402502,35.0,3
OF_A5-Weekday-SDon-080000_M125_511,M125,d1,10,13:43:56,13:43:56,402503,35.0,3
OF_A5-Weekday-SDon-080000_M125_511,M125,d1,11,13:46:04,13:46:04,402504,35.0,3
OF_A5-Weekday-SDon-080000_M125_511,M125,d1,12,13:48:00,13:48:00,402505,35.0,3
OF_A5-Weekday-SDon-080000_M125_511,M125,d1,13,13:49:12,13:49:12,402506,35.0,3
OF_A5-Weekday-SDon-080000_M125_511,M125,d1,14,13:52:12,13:52:12,402507,34.0,3
OF_A5-Weekday-SDon-080000_M125_511,M125,d1,15,13:54:37,13:54:37,402508,28.0,2
OF_A5-Weekday-SDon-080000_M125_511,M125,d1,16,13:57:00,13:57:00,402509,28.0,2
OF_A5-Weekday-SDon-080000_M125_511,M125,d1,17,13:57:58,13:57:58,402510,28.0,2
OF_A5-Weekday-SDon-080000_M125_511,M125,d1,18,14:01:00,14:01:00,403604,28.0,2
OF_A5-Weekday-SDon-080000_M125_511,M125,d1,19,14:02:10,14:02:10,403763,28.0,2
OF_A5-Weekday-SDon-080000_M125_511,M125,d1,20,14:03:07,14:03:07,403677,8.0,1
OF_A5-Weekday-SDon-080000_M125_511,M125,d1,21,14:04:00,14:04:00,403829,8.0,1
OF_A5-Weekday-SDon-061900_M125_514,M125,d1,1,10:19:00,10:19:00,902208,41.0,3
OF_A5-Weekday-SDon-061900_M125_514,M125,d1,2,10:23:48,10:23:48,101069,41.0,3
OF_A5-Weekday-SDon-061900_M125_514,M125,d1,3,10:25:32,10:25:32,101071,41.0,3
OF_A5-Weekday-SDon-061900_M125_514,M125,d1,4,10:27:00,10:27:00,101072,41.0,3
OF_A5-Weekday-SDon-061900_M125_514,M125,d1,5,10:29:37,10:29:37,101074,1.0,1
OF_A5-Weekday-SDon-061900_M125_514,M125,d1,6,10:32:24,10:32:24,102839,1.0,1
OF_A5-Weekday-SDon-061900_M125_514,M125,d1,7,10:36:46,10:36:46,403766,1.0,1
OF_A5-Weekday-SDon-061900_M125_514,M125,d1,8,10:39:39,10:39:39,403676,3.0,1
OF_A5-Weekday-SDon-061900_M125_514,M125,d1,9,10:41:00,10:41:00,402502,9.0,1
OF_A5-Weekday-SDon-061900_M125_514,M125,d1,10,10:42:36,10:42:36,402503,3.0,1
OF_A5-Weekday-SDon-061900_M125_514,M125,d1,11,10:44:23,10:44:23,402504,3.0,1
OF_A5-Weekday-SDon-061900_M125_514,M125,d1,12,10:46:00,10:46:00,402505,11.0,1
OF_A5-Weekday-SDon-061900_M125_514,M125,d1,13,10:47:04,10:47:04,402506,11.0,1
OF_A5-Weekday-SDon-061900_M125_514,M125,d1,14,10:49:44,10:49:44,402507,4.0,1
OF_A5-Weekday-SDon-061900_M125_514,M125,d1,15,10:51:53,10:51:53,402508,4.0,1
OF_A5-Weekday-SDon-061900_M125_514,M125,d1,16,10:54:00,10:54:00,402509,1.0,1
OF_A5-Weekday-SDon-061900_M125_514,M125,d1,17,10:54:44,10:54:44,402510,3.0,1
OF_A5-Weekday-SDon-061900_M125_514,M125,d1,18,10:57:00,10:57:00,403604,3.0,1
OF_A5-Weekday-SDon-061900_M125_514,M125,d1,19,10:58:10,10:58:10,403763,3.0,1
OF_A5-Weekday-SDon-061900_M125_514,M125,d1,20,10:59:07,10:59:07,403677,2.0,1
OF_A5-Weekday-SDon-061900_M125_514,M125,d1,21,11:00:00,11:00:00,403829,2.0,1
OF_A5-Weekday-135800_M125_524,M125,d1,1,22:38:00,22:38:00,902208,2.0,1
OF_A5-Weekday-135800_M125_524,M125,d1,2,22:41:00,22:41:00,101069,3.0,1
OF_A5-Weekday-135800_M125_524,M125,d1,3,22:42:05,22:42:05,101071,3.0,1
OF_A5-Weekday-135800_M125_524,M125,d1,4,22:43:00,22:43:00,101072,3.0,1
OF_A5-Weekday-135800_M125_524,M125,d1,5,22:44:41,22:44:41,101074,3.0,1
OF_A5-Weekday-135800_M125_524,M125,d1,6,22:46:28,22:46:28,102839,3.0,1
OF_A5-Weekday-135800_M125_524,M125,d1,7,22:49:17,22:49:17,403766,3.0,1
OF_A5-Weekday-135800_M125_524,M125,d1,8,22:51:08,22:51:08,403676,3.0,1
OF_A5-Weekday-135800_M125_524,M125,d1,9,22:52:00,22:52:00,402502,3.0,1
OF_A5-Weekday-135800_M125_524,M125,d1,10,22:52:58,22:52:58,402503,8.0,1
OF_A5-Weekday-135800_M125_524,M125,d1,11,22:54:02,22:54:02,402504,8.0,1
OF_A5-Weekday-135800_M125_524,M125,d1,12,22:55:00,22:55:00,402505,8.0,1
OF_A5-Weekday-135800_M125_524,M125,d1,13,22:55:48,22:55:48,402506,7.0,1
OF_A5-Weekday-135800_M125_524,M125,d1,14,22:57:48,22:57:48,402507,5.0,1
OF_A5-Weekday-135800_M125_524,M125,d1,15,22:59:24,22:59:24,402508,6.0,1
OF_A5-Weekday-135800_M125_524,M125,d1,16,23:01:00,23:01:00,402509,4.0,1
OF_A5-Weekday-135800_M125_524,M125,d1,17,23:01:29,23:01:29,402510,4.0,1
OF_A5-Weekday-135800_M125_524,M125,d1,18,23:03:00,23:03:00,403604,1.0,1
OF_A5-Weekday-135800_M125_524,M125,d1,19,23:03:47,23:03:47,403763,1.0,1
OF_A5-Weekday-135800_M125_524,M125,d1,20,23:04:25,23:04:25,403677,1.0,1
OF_A5-Weekday-135800_M125_524,M125,d1,21,23:05:00,23:05:00,403829,1.0,1
OF_A5-Weekday-SDon-021000_M125_501,M125,d1,1,3:30:00,3:30:00,902208,6.0,1
OF_A5-Weekday-SDon-021000_M125_501,M125,d1,2,3:33:00,3:33:00,101069,7.0,1
OF_A5-Weekday-SDon-021000_M125_501,M125,d1,3,3:34:05,3:34:05,101071,7.0,1
OF_A5-Weekday-SDon-021000_M125_501,M125,d1,4,3:35:00,3:35:00,101072,8.0,1
OF_A5-Weekday-SDon-021000_M125_501,M125,d1,5,3:36:18,3:36:18,101074,9.0,1
OF_A5-Weekday-SDon-021000_M125_501,M125,d1,6,3:37:42,3:37:42,102839,10.0,1
OF_A5-Weekday-SDon-021000_M125_501,M125,d1,7,3:39:53,3:39:53,403766,10.0,1
OF_A5-Weekday-SDon-021000_M125_501,M125,d1,8,3:41:20,3:41:20,403676,7.0,1
OF_A5-Weekday-SDon-021000_M125_501,M125,d1,9,3:42:00,3:42:00,402502,5.0,1
OF_A5-Weekday-SDon-021000_M125_501,M125,d1,10,3:42:39,3:42:39,402503,8.0,1
OF_A5-Weekday-SDon-021000_M125_501,M125,d1,11,3:43:21,3:43:21,402504,8.0,1
OF_A5-Weekday-SDon-021000_M125_501,M125,d1,12,3:44:00,3:44:00,402505,8.0,1
OF_A5-Weekday-SDon-021000_M125_501,M125,d1,13,3:44:32,3:44:32,402506,8.0,1
OF_A5-Weekday-SDon-021000_M125_501,M125,d1,14,3:45:52,3:45:52,402507,5.0,1
OF_A5-Weekday-SDon-021000_M125_501,M125,d1,15,3:46:56,3:46:56,402508,5.0,1
OF_A5-Weekday-SDon-021000_M125_501,M125,d1,16,3:48:00,3:48:00,402509,5.0,1
OF_A5-Weekday-SDon-021000_M125_501,M125,d1,17,3:48:29,3:48:29,402510,5.0,1
OF_A5-Weekday-SDon-021000_M125_501,M125,d1,18,3:50:00,3:50:00,403604,2.0,1
OF_A5-Weekday-SDon-021000_M125_501,M125,d1,19,3:50:47,3:50:47,403763,1.0,1
OF_A5-Weekday-SDon-021000_M125_501,M125,d1,20,3:51:25,3:51:25,403677,1.0,1
OF_A5-Weekday-SDon-021000_M125_501,M125,d1,21,3:52:00,3:52:00,403829,1.0,1
OF_A5-Weekday-119600_M125_525,M125,d1,1,19:56:00,19:56:00,902208,5.0,1
OF_A5-Weekday-119600_M125_525,M125,d1,2,20:00:12,20:00:12,101069,6.0,1
OF_A5-Weekday-119600_M125_525,M125,d1,3,20:01:43,20:01:43,101071,6.0,1
OF_A5-Weekday-119600_M125_525,M125,d1,4,20:03:00,20:03:00,101072,6.0,1
OF_A5-Weekday-119600_M125_525,M125,d1,5,20:04:52,20:04:52,101074,6.0,1
OF_A5-Weekday-119600_M125_525,M125,d1,6,20:06:51,20:06:51,102839,6.0,1
OF_A5-Weekday-119600_M125_525,M125,d1,7,20:09:59,20:09:59,403766,6.0,1
OF_A5-Weekday-119600_M125_525,M125,d1,8,20:12:02,20:12:02,403676,6.0,1
OF_A5-Weekday-119600_M125_525,M125,d1,9,20:13:00,20:13:00,402502,11.0,1
OF_A5-Weekday-119600_M125_525,M125,d1,10,20:13:58,20:13:58,402503,11.0,1
OF_A5-Weekday-119600_M125_525,M125,d1,11,20:15:02,20:15:02,402504,11.0,1
OF_A5-Weekday-119600_M125_525,M125,d1,12,20:16:00,20:16:00,402505,11.0,1
OF_A5-Weekday-119600_M125_525,M125,d1,13,20:17:04,20:17:04,402506,11.0,1
OF_A5-Weekday-119600_M125_525,M125,d1,14,20:19:44,20:19:44,402507,11.0,1
OF_A5-Weekday-119600_M125_525,M125,d1,15,20:21:53,20:21:53,402508,11.0,1
OF_A5-Weekday-119600_M125_525,M125,d1,16,20:24:00,20:24:00,402509,4.0,1
OF_A5-Weekday-119600_M125_525,M125,d1,17,20:24:44,20:24:44,402510,4.0,1
OF_A5-Weekday-119600_M125_525,M125,d1,18,20:27:00,20:27:00,403604,3.0,1
OF_A5-Weekday-119600_M125_525,M125,d1,19,20:27:47,20:27:47,403763,3.0,1
OF_A5-Weekday-119600_M125_525,M125,d1,20,20:28:25,20:28:25,403677,3.0,1
OF_A5-Weekday-119600_M125_525,M125,d1,21,20:29:00,20:29:00,403829,3.0,1
OF_A5-Weekday-SDon-040800_M125_509,M125,d1,1,6:48:00,6:48:00,902208,19.0,2
OF_A5-Weekday-SDon-040800_M125_509,M125,d1,2,6:52:48,6:52:48,101069,19.0,2
OF_A5-Weekday-SDon-040800_M125_509,M125,d1,3,6:54:32,6:54:32,101071,19.0,2
OF_A5-Weekday-SDon-040800_M125_509,M125,d1,4,6:56:00,6:56:00,101072,30.0,2
OF_A5-Weekday-SDon-040800_M125_509,M125,d1,5,6:58:48,6:58:48,101074,30.0,2
OF_A5-Weekday-SDon-040800_M125_509,M125,d1,6,7:01:47,7:01:47,102839,30.0,2
OF_A5-Weekday-SDon-040800_M125_509,M125,d1,7,7:06:28,7:06:28,403766,30.0,2
OF_A5-Weekday-SDon-040800_M125_509,M125,d1,8,7:09:34,7:09:34,403676,30.0,2
OF_A5-Weekday-SDon-040800_M125_509,M125,d1,9,7:11:00,7:11:00,402502,30.0,2
OF_A5-Weekday-SDon-040800_M125_509,M125,d1,10,7:12:36,7:12:36,402503,30.0,2
OF_A5-Weekday-SDon-040800_M125_509,M125,d1,11,7:14:23,7:14:23,402504,30.0,2
OF_A5-Weekday-SDon-040800_M125_509,M125,d1,12,7:16:00,7:16:00,402505,30.0,2
OF_A5-Weekday-SDon-040800_M125_509,M125,d1,13,7:16:56,7:16:56,402506,30.0,2
OF_A5-Weekday-SDon-040800_M125_509,M125,d1,14,7:19:16,7:19:16,402507,30.0,2
OF_A5-Weekday-SDon-040800_M125_509,M125,d1,15,7:21:08,7:21:08,402508,30.0,2
OF_A5-Weekday-SDon-040800_M125_509,M125,d1,16,7:23:00,7:23:00,402509,30.0,2
OF_A5-Weekday-SDon-040800_M125_509,M125,d1,17,7:23:58,7:23:58,402510,30.0,2
OF_A5-Weekday-SDon-040800_M125_509,M125,d1,18,7:27:00,7:27:00,403604,30.0,2
OF_A5-Weekday-SDon-040800_M125_509,M125,d1,19,7:28:10,7:28:10,403763,30.0,2
OF_A5-Weekday-SDon-040800_M125_509,M125,d1,20,7:29:07,7:29:07,403677,30.0,2
OF_A5-Weekday-SDon-040800_M125_509,M125,d1,21,7:30:00,7:30:00,403829,30.0,2
OF_A5-Weekday-069600_M125_511,M125,d1,1,11:36:00,11:36:00,902208,17.0,2
OF_A5-Weekday-069600_M125_511,M125,d1,2,11:40:48,11:40:48,101069,22.0,2
OF_A5-Weekday-069600_M125_511,M125,d1,3,11:42:32,11:42:32,101071,22.0,2
OF_A5-Weekday-069600_M125_511,M125,d1,4,11:44:00,11:44:00,101072,25.0,2
OF_A5-Weekday-069600_M125_511,M125,d1,5,11:46:26,11:46:26,101074,26.0,2
OF_A5-Weekday-069600_M125_511,M125,d1,6,11:49:00,11:49:00,102839,24.0,2
OF_A5-Weekday-069600_M125_511,M125,d1,7,11:53:04,11:53:04,403766,31.0,2
OF_A5-Weekday-069600_M125_511,M125,d1,8,11:55:45,11:55:45,403676,31.0,2
OF_A5-Weekday-069600_M125_511,M125,d1,9,11:57:00,11:57:00,402502,31.0,2
OF_A5-Weekday-069600_M125_511,M125,d1,10,11:58:36,11:58:36,402503,31.0,2
OF_A5-Weekday-069600_M125_511,M125,d1,11,12:00:23,12:00:23,402504,31.0,2
OF_A5-Weekday-069600_M125_511,M125,d1,12,12:02:00,12:02:00,402505,32.0,2
OF_A5-Weekday-069600_M125_511,M125,d1,13,12:03:04,12:03:04,402506,32.0,2
OF_A5-Weekday-069600_M125_511,M125,d1,14,12:05:44,12:05:44,402507,32.0,2
OF_A5-Weekday-069600_M125_511,M125,d1,15,12:07:53,12:07:53,402508,23.0,2
OF_A5-Weekday-069600_M125_511,M125,d1,16,12:10:00,12:10:00,402509,12.0,1
OF_A5-Weekday-069600_M125_511,M125,d1,17,12:10:44,12:10:44,402510,12.0,1
OF_A5-Weekday-069600_M125_511,M125,d1,18,12:13:00,12:13:00,403604,9.0,1
OF_A5-Weekday-069600_M125_511,M125,d1,19,12:14:10,12:14:10,403763,9.0,1
OF_A5-Weekday-069600_M125_511,M125,d1,20,12:15:07,12:15:07,403677,9.0,1
OF_A5-Weekday-069600_M125_511,M125,d1,21,12:16:00,12:16:00,403829,9.0,1
OF_A5-Weekday-SDon-109500_M125_525,M125,d1,1,18:15:00,18:15:00,902208,28.0,2
OF_A5-Weekday-SDon-109500_M125_525,M125,d1,2,18:20:24,18:20:24,101069,28.0,2
OF_A5-Weekday-SDon-109500_M125_525,M125,d1,3,18:22:21,18:22:21,101071,28.0,2
OF_A5-Weekday-SDon-109500_M125_525,M125,d1,4,18:24:00,18:24:00,101072,17.0,2
OF_A5-Weekday-SDon-109500_M125_525,M125,d1,5,18:26:37,18:26:37,101074,22.0,2
OF_A5-Weekday-SDon-109500_M125_525,M125,d1,6,18:29:24,18:29:24,102839,22.0,2
OF_A5-Weekday-SDon-109500_M125_525,M125,d1,7,18:33:46,18:33:46,403766,25.0,4
OF_A5-Weekday-SDon-109500_M125_525,M125,d1,8,18:36:39,18:36:39,403676,50.0,5
OF_A5-Weekday-SDon-109500_M125_525,M125,d1,9,18:38:00,18:38:00,402502,67.0,5
OF_A5-Weekday-SDon-109500_M125_525,M125,d1,10,18:39:17,18:39:17,402503,72.0,5
OF_A5-Weekday-SDon-109500_M125_525,M125,d1,11,18:40:43,18:40:43,402504,72.0,5
OF_A5-Weekday-SDon-109500_M125_525,M125,d1,12,18:42:00,18:42:00,402505,72.0,5
OF_A5-Weekday-SDon-109500_M125_525,M125,d1,13,18:43:04,18:43:04,402506,72.0,5
OF_A5-Weekday-SDon-109500_M125_525,M125,d1,14,18:45:44,18:45:44,402507,18.0,4
OF_A5-Weekday-SDon-109500_M125_525,M125,d1,15,18:47:53,18:47:53,402508,64.0,4
OF_A5-Weekday-SDon-109500_M125_525,M125,d1,16,18:50:00,18:50:00,402509,64.0,4
OF_A5-Weekday-SDon-109500_M125_525,M125,d1,17,18:50:44,18:50:44,402510,61.0,4
OF_A5-Weekday-SDon-109500_M125_525,M125,d1,18,18:53:00,18:53:00,403604,61.0,4
OF_A5-Weekday-SDon-109500_M125_525,M125,d1,19,18:54:10,18:54:10,403763,54.0,4
OF_A5-Weekday-SDon-109500_M125_525,M125,d1,20,18:55:07,18:55:07,403677,1.0,1
OF_A5-Weekday-SDon-109500_M125_525,M125,d1,21,18:56:00,18:56:00,403829,1.0,1
OF_A5-Weekday-080800_M125_510,M125,d1,1,13:28:00,13:28:00,902208,19.0,2
OF_A5-Weekday-080800_M125_510,M125,d1,2,13:33:24,13:33:24,101069,20.0,2
OF_A5-Weekday-080800_M125_510,M125,d1,3,13:35:21,13:35:21,101071,20.0,2
OF_A5-Weekday-080800_M125_510,M125,d1,4,13:37:00,13:37:00,101072,20.0,2
OF_A5-Weekday-080800_M125_510,M125,d1,5,13:39:26,13:39:26,101074,16.0,1
OF_A5-Weekday-080800_M125_510,M125,d1,6,13:42:00,13:42:00,102839,16.0,1
OF_A5-Weekday-080800_M125_510,M125,d1,7,13:46:04,13:46:04,403766,16.0,2
OF_A5-Weekday-080800_M125_510,M125,d1,8,13:48:45,13:48:45,403676,19.0,2
OF_A5-Weekday-080800_M125_510,M125,d1,9,13:50:00,13:50:00,402502,25.0,3
OF_A5-Weekday-080800_M125_510,M125,d1,10,13:51:56,13:51:56,402503,44.0,3
OF_A5-Weekday-080800_M125_510,M125,d1,11,13:54:04,13:54:04,402504,44.0,3
OF_A5-Weekday-080800_M125_510,M125,d1,12,13:56:00,13:56:00,402505,45.0,3
OF_A5-Weekday-080800_M125_510,M125,d1,13,13:57:12,13:57:12,402506,45.0,3
OF_A5-Weekday-080800_M125_510,M125,d1,14,14:00:12,14:00:12,402507,45.0,3
OF_A5-Weekday-080800_M125_510,M125,d1,15,14:02:37,14:02:37,402508,45.0,3
OF_A5-Weekday-080800_M125_510,M125,d1,16,14:05:00,14:05:00,402509,45.0,3
OF_A5-Weekday-080800_M125_510,M125,d1,17,14:05:58,14:05:58,402510,4.0,1
OF_A5-Weekday-080800_M125_510,M125,d1,18,14:09:00,14:09:00,403604,4.0,1
OF_A5-Weekday-080800_M125_510,M125,d1,19,14:10:10,14:10:10,403763,4.0,1
OF_A5-Weekday-080800_M125_510,M125,d1,20,14:11:07,14:11:07,403677,4.0,1
OF_A5-Weekday-080800_M125_510,M125,d1,21,14:12:00,14:12:00,403829,4.0,1
OF_A5-Weekday-080000_M125_511,M125,d1,1,13:20:00,13:20:00,902208,12.0,1
OF_A5-Weekday-080000_M125_511,M125,d1,2,13:25:24,13:25:24,101069,12.0,1
OF_A5-Weekday-080000_M125_511,M125,d1,3,13:27:21,13:27:21,101071,12.0,1
OF_A5-Weekday-080000_M125_511,M125,d1,4,13:29:00,13:29:00,101072,11.0,1
OF_A5-Weekday-080000_M125_511,M125,d1,5,13:31:26,13:31:26,101074,11.0,1
OF_A5-Weekday-080000_M125_511,M125,d1,6,13:34:00,13:34:00,102839,11.0,1
OF_A5-Weekday-080000_M125_511,M125,d1,7,13:38:04,13:38:04,403766,11.0,1
OF_A5-Weekday-080000_M125_511,M125,d1,8,13:40:45,13:40:45,403676,11.0,2
OF_A5-Weekday-080000_M125_511,M125,d1,9,13:42:00,13:42:00,402502,27.0,2
OF_A5-Weekday-080000_M125_511,M125,d1,10,13:43:56,13:43:56,402503,16.0,3
OF_A5-Weekday-080000_M125_511,M125,d1,11,13:46:04,13:46:04,402504,36.0,3
OF_A5-Weekday-080000_M125_511,M125,d1,12,13:48:00,13:48:00,402505,43.0,3
OF_A5-Weekday-080000_M125_511,M125,d1,13,13:49:12,13:49:12,402506,42.0,3
OF_A5-Weekday-080000_M125_511,M125,d1,14,13:52:12,13:52:12,402507,40.0,3
OF_A5-Weekday-080000_M125_511,M125,d1,15,13:54:37,13:54:37,402508,17.0,3
OF_A5-Weekday-080000_M125_511,M125,d1,16,13:57:00,13:57:00,402509,34.0,3
OF_A5-Weekday-080000_M125_511,M125,d1,17,13:57:58,13:57:58,402510,34.0,3
OF_A5-Weekday-080000_M125_511,M125,d1,18,14:01:00,14:01:00,403604,31.0,2
OF_A5-Weekday-080000_M125_511,M125,d1,19,14:02:10,14:02:10,403763,31.0,2
OF_A5-Weekday-080000_M125_511,M125,d1,20,14:03:07,14:03:07,403677,31.0,2
OF_A5-Weekday-080000_M125_511,M125,d1,21,14:04:00,14:04:00,403829,31.0,2
OF_A5-Weekday-061900_M125_514,M125,d1,1,10:19:00,10:19:00,902208,9.0,1
OF_A5-Weekday-061900_M125_514,M125,d1,2,10:23:48,10:23:48,101069,7.0,1
OF_A5-Weekday-061900_M125_514,M125,d1,3,10:25:32,10:25:32,101071,4.0,1
OF_A5-Weekday-061900_M125_514,M125,d1,4,10:27:00,10:27:00,101072,7.0,1
OF_A5-Weekday-061900_M125_514,M125,d1,5,10:29:37,10:29:37,101074,9.0,1
OF_A5-Weekday-061900_M125_514,M125,d1,6,10:32:24,10:32:24,102839,12.0,1
OF_A5-Weekday-061900_M125_514,M125,d1,7,10:36:46,10:36:46,403766,12.0,1
OF_A5-Weekday-061900_M125_514,M125,d1,8,10:39:39,10:39:39,403676,8.0,2
OF_A5-Weekday-061900_M125_514,M125,d1,9,10:41:00,10:41:00,402502,17.0,3
OF_A5-Weekday-061900_M125_514,M125,d1,10,10:42:36,10:42:36,402503,34.0,3
OF_A5-Weekday-061900_M125_514,M125,d1,11,10:44:23,10:44:23,402504,36.0,3
OF_A5-Weekday-061900_M125_514,M125,d1,12,10:46:00,10:46:00,402505,36.0,3
OF_A5-Weekday-061900_M125_514,M125,d1,13,10:47:04,10:47:04,402506,36.0,3
OF_A5-Weekday-061900_M125_514,M125,d1,14,10:49:44,10:49:44,402507,36.0,3
OF_A5-Weekday-061900_M125_514,M125,d1,15,10:51:53,10:51:53,402508,20.0,2
OF_A5-Weekday-061900_M125_514,M125,d1,16,10:54:00,10:54:00,402509,20.0,2
OF_A5-Weekday-061900_M125_514,M125,d1,17,10:54:44,10:54:44,402510,18.0,2
OF_A5-Weekday-061900_M125_514,M125,d1,18,10:57:00,10:57:00,403604,16.0,1
OF_A5-Weekday-061900_M125_514,M125,d1,19,10:58:10,10:58:10,403763,13.0,1
OF_A5-Weekday-061900_M125_514,M125,d1,20,10:59:07,10:59:07,403677,13.0,1
OF_A5-Weekday-061900_M125_514,M125,d1,21,11:00:00,11:00:00,403829,13.0,1
OF_A5-Weekday-SDon-135800_M125_524,M125,d1,1,22:38:00,22:38:00,902208,16.0,2
OF_A5-Weekday-SDon-135800_M125_524,M125,d1,2,22:41:00,22:41:00,101069,17.0,2
OF_A5-Weekday-SDon-135800_M125_524,M125,d1,3,22:42:05,22:42:05,101071,17.0,2
OF_A5-Weekday-SDon-135800_M125_524,M125,d1,4,22:43:00,22:43:00,101072,17.0,2
OF_A5-Weekday-SDon-135800_M125_524,M125,d1,5,22:44:41,22:44:41,101074,15.0,2
OF_A5-Weekday-SDon-135800_M125_524,M125,d1,6,22:46:28,22:46:28,102839,17.0,2
OF_A5-Weekday-SDon-135800_M125_524,M125,d1,7,22:49:17,22:49:17,403766,15.0,1
OF_A5-Weekday-SDon-135800_M125_524,M125,d1,8,22:51:08,22:51:08,403676,15.0,1
OF_A5-Weekday-SDon-135800_M125_524,M125,d1,9,22:52:00,22:52:00,402502,14.0,1
OF_A5-Weekday-SDon-135800_M125_524,M125,d1,10,22:52:58,22:52:58,402503,13.0,1
OF_A5-Weekday-SDon-135800_M125_524,M125,d1,11,22:54:02,22:54:02,402504,15.0,1
OF_A5-Weekday-SDon-135800_M125_524,M125,d1,12,22:55:00,22:55:00,402505,13.0,1
OF_A5-Weekday-SDon-135800_M125_524,M125,d1,13,22:55:48,22:55:48,402506,13.0,1
OF_A5-Weekday-SDon-135800_M125_524,M125,d1,14,22:57:48,22:57:48,402507,13.0,1
OF_A5-Weekday-SDon-135800_M125_524,M125,d1,15,22:59:24,22:59:24,402508,9.0,1
OF_A5-Weekday-SDon-135800_M125_524,M125,d1,16,23:01:00,23:01:00,402509,9.0,1
OF_A5-Weekday-SDon-135800_M125_524,M125,d1,17,23:01:29,23:01:29,402510,6.0,1
OF_A5-Weekday-SDon-135800_M125_524,M125,d1,18,23:03:00,23:03:00,403604,6.0,1
OF_A5-Weekday-SDon-135800_M125_524,M125,d1,19,23:03:47,23:03:47,403763,3.0,1
OF_A5-Weekday-SDon-135800_M125_524,M125,d1,20,23:04:25,23:04:25,403677,2.0,1
OF_A5-Weekday-SDon-135800_M125_524,M125,d1,21,23:05:00,23:05:00,403829,2.0,1
OF_A5-Weekday-SDon-119600_M125_525,M125,d1,1,19:56:00,19:56:00,902208,89.0,6
OF_A5-Weekday-SDon-119600_M125_525,M125,d1,2,20:00:12,20:00:12,101069,24.0,6
OF_A5-Weekday-SDon-119600_M125_525,M125,d1,3,20:01:43,20:01:43,101071,22.0,2
OF_A5-Weekday-SDon-119600_M125_525,M125,d1,4,20:03:00,20:03:00,101072,21.0,2
OF_A5-Weekday-SDon-119600_M125_525,M125,d1,5,20:04:52,20:04:52,101074,23.0,2
OF_A5-Weekday-SDon-119600_M125_525,M125,d1,6,20:06:51,20:06:51,102839,23.0,2
OF_A5-Weekday-SDon-119600_M125_525,M125,d1,7,20:09:59,20:09:59,403766,22.0,2
OF_A5-Weekday-SDon-119600_M125_525,M125,d1,8,20:12:02,20:12:02,403676,12.0,1
OF_A5-Weekday-SDon-119600_M125_525,M125,d1,9,20:13:00,20:13:00,402502,12.0,1
OF_A5-Weekday-SDon-119600_M125_525,M125,d1,10,20:13:58,20:13:58,402503,16.0,1
OF_A5-Weekday-SDon-119600_M125_525,M125,d1,11,20:15:02,20:15:02,402504,16.0,1
OF_A5-Weekday-SDon-119600_M125_525,M125,d1,12,20:16:00,20:16:00,402505,13.0,1
OF_A5-Weekday-SDon-119600_M125_525,M125,d1,13,20:17:04,20:17:04,402506,13.0,2
OF_A5-Weekday-SDon-119600_M125_525,M125,d1,14,20:19:44,20:19:44,402507,17.0,2
OF_A5-Weekday-SDon-119600_M125_525,M125,d1,15,20:21:53,20:21:53,402508,19.0,2
OF_A5-Weekday-SDon-119600_M125_525,M125,d1,16,20:24:00,20:24:00,402509,16.0,1
OF_A5-Weekday-SDon-119600_M125_525,M125,d1,17,20:24:44,20:24:44,402510,10.0,1
OF_A5-Weekday-SDon-119600_M125_525,M125,d1,18,20:27:00,20:27:00,403604,1.0,1
OF_A5-Weekday-SDon-119600_M125_525,M125,d1,19,20:27:47,20:27:47,403763,9.0,1
OF_A5-Weekday-SDon-119600_M125_525,M125,d1,20,20:28:25,20:28:25,403677,9.0,1
OF_A5-Weekday-SDon-119600_M125_525,M125,d1,21,20:29:00,20:29:00,403829,9.0,1
OF_A5-Weekday-040800_M125_509,M125,d1,1,6:48:00,6:48:00,902208,12.0,1
OF_A5-Weekday-040800_M125_509,M125,d1,2,6:52:48,6:52:48,101069,10.0,1
OF_A5-Weekday-040800_M125_509,M125,d1,3,6:54:32,6:54:32,101071,12.0,2
OF_A5-Weekday-040800_M125_509,M125,d1,4,6:56:00,6:56:00,101072,17.0,2
OF_A5-Weekday-040800_M125_509,M125,d1,5,6:58:48,6:58:48,101074,19.0,2
OF_A5-Weekday-040800_M125_509,M125,d1,6,7:01:47,7:01:47,102839,22.0,2
OF_A5-Weekday-040800_M125_509,M125,d1,7,7:06:28,7:06:28,403766,22.0,2
OF_A5-Weekday-040800_M125_509,M125,d1,8,7:09:34,7:09:34,403676,22.0,2
OF_A5-Weekday-040800_M125_509,M125,d1,9,7:11:00,7:11:00,402502,19.0,2
OF_A5-Weekday-040800_M125_509,M125,d1,10,7:12:36,7:12:36,402503,19.0,2
OF_A5-Weekday-040800_M125_509,M125,d1,11,7:14:23,7:14:23,402504,19.0,3
OF_A5-Weekday-040800_M125_509,M125,d1,12,7:16:00,7:16:00,402505,47.0,3
OF_A5-Weekday-040800_M125_509,M125,d1,13,7:16:56,7:16:56,402506,47.0,3
OF_A5-Weekday-040800_M125_509,M125,d1,14,7:19:16,7:19:16,402507,26.0,3
OF_A5-Weekday-040800_M125_509,M125,d1,15,7:21:08,7:21:08,402508,45.0,3
OF_A5-Weekday-040800_M125_509,M125,d1,16,7:23:00,7:23:00,402509,45.0,3
OF_A5-Weekday-040800_M125_509,M125,d1,17,7:23:58,7:23:58,402510,20.0,2
OF_A5-Weekday-040800_M125_509,M125,d1,18,7:27:00,7:27:00,403604,20.0,2
OF_A5-Weekday-040800_M125_509,M125,d1,19,7:28:10,7:28:10,403763,18.0,2
OF_A5-Weekday-040800_M125_509,M125,d1,20,7:29:07,7:29:07,403677,15.0,1
OF_A5-Weekday-040800_M125_509,M125,d1,21,7:30:00,7:30:00,403829,15.0,1
OF_A5-Weekday-SDon-137000_M125_529,M125,d1,1,22:50:00,22:50:00,902208,20.0,2
OF_A5-Weekday-SDon-137000_M125_529,M125,d1,2,22:53:00,22:53:00,101069,9.0,2
OF_A5-Weekday-SDon-137000_M125_529,M125,d1,3,22:54:05,22:54:05,101071,8.0,1
OF_A5-Weekday-SDon-137000_M125_529,M125,d1,4,22:55:00,22:55:00,101072,9.0,2
OF_A5-Weekday-SDon-137000_M125_529,M125,d1,5,22:56:41,22:56:41,101074,17.0,2
OF_A5-Weekday-SDon-137000_M125_529,M125,d1,6,22:58:28,22:58:28,102839,9.0,1
OF_A5-Weekday-SDon-137000_M125_529,M125,d1,7,23:01:17,23:01:17,403766,9.0,1
OF_A5-Weekday-SDon-137000_M125_529,M125,d1,8,23:03:08,23:03:08,403676,8.0,1
OF_A5-Weekday-SDon-137000_M125_529,M125,d1,9,23:04:00,23:04:00,402502,9.0,1
OF_A5-Weekday-SDon-137000_M125_529,M125,d1,10,23:04:58,23:04:58,402503,11.0,1
OF_A5-Weekday-SDon-137000_M125_529,M125,d1,11,23:06:02,23:06:02,402504,11.0,1
OF_A5-Weekday-SDon-137000_M125_529,M125,d1,12,23:07:00,23:07:00,402505,13.0,1
OF_A5-Weekday-SDon-137000_M125_529,M125,d1,13,23:07:40,23:07:40,402506,11.0,1
OF_A5-Weekday-SDon-137000_M125_529,M125,d1,14,23:09:20,23:09:20,402507,11.0,1
OF_A5-Weekday-SDon-137000_M125_529,M125,d1,15,23:10:40,23:10:40,402508,10.0,1
OF_A5-Weekday-SDon-137000_M125_529,M125,d1,16,23:12:00,23:12:00,402509,10.0,1
OF_A5-Weekday-SDon-137000_M125_529,M125,d1,17,23:12:29,23:12:29,402510,9.0,1
OF_A5-Weekday-SDon-137000_M125_529,M125,d1,18,23:14:00,23:14:00,403604,7.0,1
OF_A5-Weekday-SDon-137000_M125_529,M125,d1,19,23:14:47,23:14:47,403763,6.0,1
OF_A5-Weekday-SDon-137000_M125_529,M125,d1,20,23:15:25,23:15:25,403677,6.0,1
OF_A5-Weekday-SDon-137000_M125_529,M125,d1,21,23:16:00,23:16:00,403829,6.0,1
OF_A5-Weekday-SDon-117300_M125_523,M125,d1,1,19:33:00,19:33:00,902208,27.0,2
OF_A5-Weekday-SDon-117300_M125_523,M125,d1,2,19:37:12,19:37:12,101069,27.0,2
OF_A5-Weekday-SDon-117300_M125_523,M125,d1,3,19:38:43,19:38:43,101071,26.0,2
OF_A5-Weekday-SDon-117300_M125_523,M125,d1,4,19:40:00,19:40:00,101072,17.0,2
OF_A5-Weekday-SDon-117300_M125_523,M125,d1,5,19:41:52,19:41:52,101074,15.0,2
OF_A5-Weekday-SDon-117300_M125_523,M125,d1,6,19:43:51,19:43:51,102839,17.0,2
OF_A5-Weekday-SDon-117300_M125_523,M125,d1,7,19:46:59,19:46:59,403766,17.0,2
OF_A5-Weekday-SDon-117300_M125_523,M125,d1,8,19:49:02,19:49:02,403676,15.0,2
OF_A5-Weekday-SDon-117300_M125_523,M125,d1,9,19:50:00,19:50:00,402502,25.0,2
OF_A5-Weekday-SDon-117300_M125_523,M125,d1,10,19:50:58,19:50:58,402503,28.0,2
OF_A5-Weekday-SDon-117300_M125_523,M125,d1,11,19:52:02,19:52:02,402504,28.0,3
OF_A5-Weekday-SDon-117300_M125_523,M125,d1,12,19:53:00,19:53:00,402505,33.0,3
OF_A5-Weekday-SDon-117300_M125_523,M125,d1,13,19:54:04,19:54:04,402506,33.0,4
OF_A5-Weekday-SDon-117300_M125_523,M125,d1,14,19:56:44,19:56:44,402507,51.0,4
OF_A5-Weekday-SDon-117300_M125_523,M125,d1,15,19:58:53,19:58:53,402508,51.0,4
OF_A5-Weekday-SDon-117300_M125_523,M125,d1,16,20:01:00,20:01:00,402509,29.0,2
OF_A5-Weekday-SDon-117300_M125_523,M125,d1,17,20:01:44,20:01:44,402510,29.0,2
OF_A5-Weekday-SDon-117300_M125_523,M125,d1,18,20:04:00,20:04:00,403604,29.0,2
OF_A5-Weekday-SDon-117300_M125_523,M125,d1,19,20:04:47,20:04:47,403763,29.0,2
OF_A5-Weekday-SDon-117300_M125_523,M125,d1,20,20:05:25,20:05:25,403677,2.0,1
OF_A5-Weekday-SDon-117300_M125_523,M125,d1,21,20:06:00,20:06:00,403829,2.0,1
OF_A5-Weekday-091700_M125_511,M125,d1,1,15:17:00,15:17:00,902208,15.0,1
OF_A5-Weekday-091700_M125_511,M125,d1,2,15:22:24,15:22:24,101069,15.0,2
OF_A5-Weekday-091700_M125_511,M125,d1,3,15:24:21,15:24:21,101071,21.0,2
OF_A5-Weekday-091700_M125_511,M125,d1,4,15:26:00,15:26:00,101072,17.0,2
OF_A5-Weekday-091700_M125_511,M125,d1,5,15:28:26,15:28:26,101074,17.0,2
OF_A5-Weekday-091700_M125_511,M125,d1,6,15:31:00,15:31:00,102839,15.0,1
OF_A5-Weekday-091700_M125_511,M125,d1,7,15:35:04,15:35:04,403766,15.0,2
OF_A5-Weekday-091700_M125_511,M125,d1,8,15:37:45,15:37:45,403676,17.0,4
OF_A5-Weekday-091700_M125_511,M125,d1,9,15:39:00,15:39:00,402502,52.0,4
OF_A5-Weekday-091700_M125_511,M125,d1,10,15:40:36,15:40:36,402503,52.0,4
OF_A5-Weekday-091700_M125_511,M125,d1,11,15:42:23,15:42:23,402504,52.0,4
OF_A5-Weekday-091700_M125_511,M125,d1,12,15:44:00,15:44:00,402505,52.0,4
OF_A5-Weekday-091700_M125_511,M125,d1,13,15:45:12,15:45:12,402506,52.0,4
OF_A5-Weekday-091700_M125_511,M125,d1,14,15:48:12,15:48:12,402507,52.0,4
OF_A5-Weekday-091700_M125_511,M125,d1,15,15:50:37,15:50:37,402508,42.0,3
OF_A5-Weekday-091700_M125_511,M125,d1,16,15:53:00,15:53:00,402509,42.0,3
OF_A5-Weekday-091700_M125_511,M125,d1,17,15:53:58,15:53:58,402510,13.0,1
OF_A5-Weekday-091700_M125_511,M125,d1,18,15:57:00,15:57:00,403604,13.0,1
OF_A5-Weekday-091700_M125_511,M125,d1,19,15:58:10,15:58:10,403763,4.0,1
OF_A5-Weekday-091700_M125_511,M125,d1,20,15:59:07,15:59:07,403677,1.0,1
OF_A5-Weekday-091700_M125_511,M125,d1,21,16:00:00,16:00:00,403829,1.0,1
OF_A5-Weekday-105900_M125_513,M125,d1,1,17:39:00,17:39:00,902208,35.0,3
OF_A5-Weekday-105900_M125_513,M125,d1,2,17:45:00,17:45:00,101069,35.0,3
OF_A5-Weekday-105900_M125_513,M125,d1,3,17:47:10,17:47:10,101071,35.0,3
OF_A5-Weekday-105900_M125_513,M125,d1,4,17:49:00,17:49:00,101072,35.0,3
OF_A5-Weekday-105900_M125_513,M125,d1,5,17:51:37,17:51:37,101074,35.0,3
OF_A5-Weekday-105900_M125_513,M125,d1,6,17:54:24,17:54:24,102839,35.0,3
OF_A5-Weekday-105900_M125_513,M125,d1,7,17:58:46,17:58:46,403766,21.0,2
OF_A5-Weekday-105900_M125_513,M125,d1,8,18:01:39,18:01:39,403676,21.0,2
OF_A5-Weekday-105900_M125_513,M125,d1,9,18:03:00,18:03:00,402502,17.0,3
OF_A5-Weekday-105900_M125_513,M125,d1,10,18:04:36,18:04:36,402503,39.0,3
OF_A5-Weekday-105900_M125_513,M125,d1,11,18:06:23,18:06:23,402504,39.0,3
OF_A5-Weekday-105900_M125_513,M125,d1,12,18:08:00,18:08:00,402505,39.0,3
OF_A5-Weekday-105900_M125_513,M125,d1,13,18:09:12,18:09:12,402506,39.0,3
OF_A5-Weekday-105900_M125_513,M125,d1,14,18:12:12,18:12:12,402507,39.0,3
OF_A5-Weekday-105900_M125_513,M125,d1,15,18:14:37,18:14:37,402508,39.0,3
OF_A5-Weekday-105900_M125_513,M125,d1,16,18:17:00,18:17:00,402509,39.0,3
OF_A5-Weekday-105900_M125_513,M125,d1,17,18:17:58,18:17:58,402510,39.0,3
OF_A5-Weekday-105900_M125_513,M125,d1,18,18:21:00,18:21:00,403604,39.0,3
OF_A5-Weekday-105900_M125_513,M125,d1,19,18:22:10,18:22:10,403763,39.0,3
OF_A5-Weekday-105900_M125_513,M125,d1,20,18:23:07,18:23:07,403677,23.0,2
OF_A5-Weekday-105900_M125_513,M125,d1,21,18:24:00,18:24:00,403829,23.0,2
OF_A5-Weekday-SDon-067200_M125_513,M125,d1,1,11:12:00,11:12:00,902208,12.0,1
OF_A5-Weekday-SDon-067200_M125_513,M125,d1,2,11:16:48,11:16:48,101069,15.0,1
OF_A5-Weekday-SDon-067200_M125_513,M125,d1,3,11:18:32,11:18:32,101071,15.0,1
OF_A5-Weekday-SDon-067200_M125_513,M125,d1,4,11:20:00,11:20:00,101072,13.0,2
OF_A5-Weekday-SDon-067200_M125_513,M125,d1,5,11:22:26,11:22:26,101074,20.0,2
OF_A5-Weekday-SDon-067200_M125_513,M125,d1,6,11:25:00,11:25:00,102839,20.0,2
OF_A5-Weekday-SDon-067200_M125_513,M125,d1,7,11:29:04,11:29:04,403766,19.0,2
OF_A5-Weekday-SDon-067200_M125_513,M125,d1,8,11:31:45,11:31:45,403676,16.0,2
OF_A5-Weekday-SDon-067200_M125_513,M125,d1,9,11:33:00,11:33:00,402502,23.0,3
OF_A5-Weekday-SDon-067200_M125_513,M125,d1,10,11:34:36,11:34:36,402503,41.0,3
OF_A5-Weekday-SDon-067200_M125_513,M125,d1,11,11:36:23,11:36:23,402504,17.0,3
OF_A5-Weekday-SDon-067200_M125_513,M125,d1,12,11:38:00,11:38:00,402505,44.0,3
OF_A5-Weekday-SDon-067200_M125_513,M125,d1,13,11:39:04,11:39:04,402506,31.0,3
OF_A5-Weekday-SDon-067200_M125_513,M125,d1,14,11:41:44,11:41:44,402507,39.0,3
OF_A5-Weekday-SDon-067200_M125_513,M125,d1,15,11:43:53,11:43:53,402508,39.0,3
OF_A5-Weekday-SDon-067200_M125_513,M125,d1,16,11:46:00,11:46:00,402509,22.0,2
OF_A5-Weekday-SDon-067200_M125_513,M125,d1,17,11:46:44,11:46:44,402510,29.0,2
OF_A5-Weekday-SDon-067200_M125_513,M125,d1,18,11:49:00,11:49:00,403604,22.0,2
OF_A5-Weekday-SDon-067200_M125_513,M125,d1,19,11:50:10,11:50:10,403763,14.0,1
OF_A5-Weekday-SDon-067200_M125_513,M125,d1,20,11:51:07,11:51:07,403677,8.0,1
OF_A5-Weekday-SDon-067200_M125_513,M125,d1,21,11:52:00,11:52:00,403829,8.0,1
OF_A5-Weekday-SDon-095400_M125_527,M125,d1,1,15:54:00,15:54:00,902208,22.0,2
OF_A5-Weekday-SDon-095400_M125_527,M125,d1,2,16:00:36,16:00:36,101069,24.0,2
OF_A5-Weekday-SDon-095400_M125_527,M125,d1,3,16:02:59,16:02:59,101071,24.0,2
OF_A5-Weekday-SDon-095400_M125_527,M125,d1,4,16:05:00,16:05:00,101072,17.0,2
OF_A5-Weekday-SDon-095400_M125_527,M125,d1,5,16:07:48,16:07:48,101074,17.0,2
OF_A5-Weekday-SDon-095400_M125_527,M125,d1,6,16:10:47,16:10:47,102839,17.0,2
OF_A5-Weekday-SDon-095400_M125_527,M125,d1,7,16:15:28,16:15:28,403766,26.0,2
OF_A5-Weekday-SDon-095400_M125_527,M125,d1,8,16:18:34,16:18:34,403676,26.0,2
OF_A5-Weekday-SDon-095400_M125_527,M125,d1,9,16:20:00,16:20:00,402502,26.0,2
OF_A5-Weekday-SDon-095400_M125_527,M125,d1,10,16:21:36,16:21:36,402503,17.0,2
OF_A5-Weekday-SDon-095400_M125_527,M125,d1,11,16:23:23,16:23:23,402504,24.0,2
OF_A5-Weekday-SDon-095400_M125_527,M125,d1,12,16:25:00,16:25:00,402505,24.0,2
OF_A5-Weekday-SDon-095400_M125_527,M125,d1,13,16:26:12,16:26:12,402506,24.0,2
OF_A5-Weekday-SDon-095400_M125_527,M125,d1,14,16:29:12,16:29:12,402507,24.0,2
OF_A5-Weekday-SDon-095400_M125_527,M125,d1,15,16:31:37,16:31:37,402508,17.0,2
OF_A5-Weekday-SDon-095400_M125_527,M125,d1,16,16:34:00,16:34:00,402509,17.0,2
OF_A5-Weekday-SDon-095400_M125_527,M125,d1,17,16:34:58,16:34:58,402510,6.0,1
OF_A5-Weekday-SDon-095400_M125_527,M125,d1,18,16:38:00,16:38:00,403604,6.0,1
OF_A5-Weekday-SDon-095400_M125_527,M125,d1,19,16:39:10,16:39:10,403763,2.0,1
OF_A5-Weekday-SDon-095400_M125_527,M125,d1,20,16:40:07,16:40:07,403677,2.0,1
OF_A5-Weekday-SDon-095400_M125_527,M125,d1,21,16:41:00,16:41:00,403829,2.0,1
OF_A5-Weekday-SDon-093100_M125_522,M125,d1,1,15:31:00,15:31:00,902208,37.0,3
OF_A5-Weekday-SDon-093100_M125_522,M125,d1,2,15:37:36,15:37:36,101069,37.0,3
OF_A5-Weekday-SDon-093100_M125_522,M125,d1,3,15:39:59,15:39:59,101071,37.0,3
OF_A5-Weekday-SDon-093100_M125_522,M125,d1,4,15:42:00,15:42:00,101072,37.0,3
OF_A5-Weekday-SDon-093100_M125_522,M125,d1,5,15:44:48,15:44:48,101074,37.0,3
OF_A5-Weekday-SDon-093100_M125_522,M125,d1,6,15:47:47,15:47:47,102839,37.0,3
OF_A5-Weekday-SDon-093100_M125_522,M125,d1,7,15:52:28,15:52:28,403766,13.0,3
OF_A5-Weekday-SDon-093100_M125_522,M125,d1,8,15:55:34,15:55:34,403676,36.0,3
OF_A5-Weekday-SDon-093100_M125_522,M125,d1,9,15:57:00,15:57:00,402502,36.0,3
OF_A5-Weekday-SDon-093100_M125_522,M125,d1,10,15:58:36,15:58:36,402503,36.0,3
OF_A5-Weekday-SDon-093100_M125_522,M125,d1,11,16:00:23,16:00:23,402504,36.0,3
OF_A5-Weekday-SDon-093100_M125_522,M125,d1,12,16:02:00,16:02:00,402505,36.0,3
OF_A5-Weekday-SDon-093100_M125_522,M125,d1,13,16:03:12,16:03:12,402506,36.0,3
OF_A5-Weekday-SDon-093100_M125_522,M125,d1,14,16:06:12,16:06:12,402507,36.0,3
OF_A5-Weekday-SDon-093100_M125_522,M125,d1,15,16:08:37,16:08:37,402508,36.0,3
OF_A5-Weekday-SDon-093100_M125_522,M125,d1,16,16:11:00,16:11:00,402509,36.0,3
OF_A5-Weekday-SDon-093100_M125_522,M125,d1,17,16:11:58,16:11:58,402510,36.0,3
OF_A5-Weekday-SDon-093100_M125_522,M125,d1,18,16:15:00,16:15:00,403604,36.0,3
OF_A5-Weekday-SDon-093100_M125_522,M125,d1,19,16:16:10,16:16:10,403763,36.0,3
OF_A5-Weekday-SDon-093100_M125_522,M125,d1,20,16:17:07,16:17:07,403677,36.0,3
OF_A5-Weekday-SDon-093100_M125_522,M125,d1,21,16:18:00,16:18:00,403829,36.0,3
OF_A5-Weekday-137000_M125_529,M125,d1,1,22:50:00,22:50:00,902208,4.0,1
OF_A5-Weekday-137000_M125_529,M125,d1,2,22:53:00,22:53:00,101069,4.0,1
OF_A5-Weekday-137000_M125_529,M125,d1,3,22:54:05,22:54:05,101071,4.0,1
OF_A5-Weekday-137000_M125_529,M125,d1,4,22:55:00,22:55:00,101072,6.0,1
OF_A5-Weekday-137000_M125_529,M125,d1,5,22:56:41,22:56:41,101074,6.0,1
OF_A5-Weekday-137000_M125_529,M125,d1,6,22:58:28,22:58:28,102839,10.0,1
OF_A5-Weekday-137000_M125_529,M125,d1,7,23:01:17,23:01:17,403766,10.0,1
OF_A5-Weekday-137000_M125_529,M125,d1,8,23:03:08,23:03:08,403676,4.0,1
OF_A5-Weekday-137000_M125_529,M125,d1,9,23:04:00,23:04:00,402502,3.0,1
OF_A5-Weekday-137000_M125_529,M125,d1,10,23:04:58,23:04:58,402503,4.0,1
OF_A5-Weekday-137000_M125_529,M125,d1,11,23:06:02,23:06:02,402504,4.0,1
OF_A5-Weekday-137000_M125_529,M125,d1,12,23:07:00,23:07:00,402505,4.0,1
OF_A5-Weekday-137000_M125_529,M125,d1,13,23:07:40,23:07:40,402506,4.0,1
OF_A5-Weekday-137000_M125_529,M125,d1,14,23:09:20,23:09:20,402507,5.0,1
OF_A5-Weekday-137000_M125_529,M125,d1,15,23:10:40,23:10:40,402508,5.0,1
OF_A5-Weekday-137000_M125_529,M125,d1,16,23:12:00,23:12:00,402509,5.0,1
OF_A5-Weekday-137000_M125_529,M125,d1,17,23:12:29,23:12:29,402510,5.0,1
OF_A5-Weekday-137000_M125_529,M125,d1,18,23:14:00,23:14:00,403604,5.0,1
OF_A5-Weekday-137000_M125_529,M125,d1,19,23:14:47,23:14:47,403763,5.0,1
OF_A5-Weekday-137000_M125_529,M125,d1,20,23:15:25,23:15:25,403677,3.0,1
OF_A5-Weekday-137000_M125_529,M125,d1,21,23:16:00,23:16:00,403829,3.0,1
OF_A5-Weekday-117300_M125_523,M125,d1,1,19:33:00,19:33:00,902208,12.0,1
OF_A5-Weekday-117300_M125_523,M125,d1,2,19:37:12,19:37:12,101069,12.0,1
OF_A5-Weekday-117300_M125_523,M125,d1,3,19:38:43,19:38:43,101071,12.0,1
OF_A5-Weekday-117300_M125_523,M125,d1,4,19:40:00,19:40:00,101072,13.0,1
OF_A5-Weekday-117300_M125_523,M125,d1,5,19:41:52,19:41:52,101074,2.0,1
OF_A5-Weekday-117300_M125_523,M125,d1,6,19:43:51,19:43:51,102839,11.0,1
OF_A5-Weekday-117300_M125_523,M125,d1,7,19:46:59,19:46:59,403766,11.0,1
OF_A5-Weekday-117300_M125_523,M125,d1,8,19:49:02,19:49:02,403676,11.0,1
OF_A5-Weekday-117300_M125_523,M125,d1,9,19:50:00,19:50:00,402502,7.0,1
OF_A5-Weekday-117300_M125_523,M125,d1,10,19:50:58,19:50:58,402503,13.0,2
OF_A5-Weekday-117300_M125_523,M125,d1,11,19:52:02,19:52:02,402504,17.0,2
OF_A5-Weekday-117300_M125_523,M125,d1,12,19:53:00,19:53:00,402505,17.0,2
OF_A5-Weekday-117300_M125_523,M125,d1,13,19:54:04,19:54:04,402506,17.0,2
OF_A5-Weekday-117300_M125_523,M125,d1,14,19:56:44,19:56:44,402507,22.0,2
OF_A5-Weekday-117300_M125_523,M125,d1,15,19:58:53,19:58:53,402508,20.0,2
OF_A5-Weekday-117300_M125_523,M125,d1,16,20:01:00,20:01:00,402509,14.0,1
OF_A5-Weekday-117300_M125_523,M125,d1,17,20:01:44,20:01:44,402510,10.0,1
OF_A5-Weekday-117300_M125_523,M125,d1,18,20:04:00,20:04:00,403604,7.0,1
OF_A5-Weekday-117300_M125_523,M125,d1,19,20:04:47,20:04:47,403763,5.0,1
OF_A5-Weekday-117300_M125_523,M125,d1,20,20:05:25,20:05:25,403677,5.0,1
OF_A5-Weekday-117300_M125_523,M125,d1,21,20:06:00,20:06:00,403829,5.0,1
OF_A5-Weekday-SDon-091700_M125_511,M125,d1,1,15:17:00,15:17:00,902208,11.0,1
OF_A5-Weekday-SDon-091700_M125_511,M125,d1,2,15:22:24,15:22:24,101069,11.0,1
OF_A5-Weekday-SDon-091700_M125_511,M125,d1,3,15:24:21,15:24:21,101071,11.0,1
OF_A5-Weekday-SDon-091700_M125_511,M125,d1,4,15:26:00,15:26:00,101072,11.0,1
OF_A5-Weekday-SDon-091700_M125_511,M125,d1,5,15:28:26,15:28:26,101074,11.0,1
OF_A5-Weekday-SDon-091700_M125_511,M125,d1,6,15:31:00,15:31:00,102839,11.0,1
OF_A5-Weekday-SDon-091700_M125_511,M125,d1,7,15:35:04,15:35:04,403766,11.0,1
OF_A5-Weekday-SDon-091700_M125_511,M125,d1,8,15:37:45,15:37:45,403676,11.0,1
OF_A5-Weekday-SDon-091700_M125_511,M125,d1,9,15:39:00,15:39:00,402502,11.0,1
OF_A5-Weekday-SDon-091700_M125_511,M125,d1,10,15:40:36,15:40:36,402503,11.0,1
OF_A5-Weekday-SDon-091700_M125_511,M125,d1,11,15:42:23,15:42:23,402504,11.0,1
OF_A5-Weekday-SDon-091700_M125_511,M125,d1,12,15:44:00,15:44:00,402505,11.0,1
OF_A5-Weekday-SDon-091700_M125_511,M125,d1,13,15:45:12,15:45:12,402506,11.0,1
OF_A5-Weekday-SDon-091700_M125_511,M125,d1,14,15:48:12,15:48:12,402507,11.0,1
OF_A5-Weekday-SDon-091700_M125_511,M125,d1,15,15:50:37,15:50:37,402508,10.0,1
OF_A5-Weekday-SDon-091700_M125_511,M125,d1,16,15:53:00,15:53:00,402509,10.0,1
OF_A5-Weekday-SDon-091700_M125_511,M125,d1,17,15:53:58,15:53:58,402510,10.0,1
OF_A5-Weekday-SDon-091700_M125_511,M125,d1,18,15:57:00,15:57:00,403604,8.0,1
OF_A5-Weekday-SDon-091700_M125_511,M125,d1,19,15:58:10,15:58:10,403763,8.0,1
OF_A5-Weekday-SDon-091700_M125_511,M125,d1,20,15:59:07,15:59:07,403677,8.0,1
OF_A5-Weekday-SDon-091700_M125_511,M125,d1,21,16:00:00,16:00:00,403829,8.0,1
OF_A5-Weekday-095400_M125_527,M125,d1,1,15:54:00,15:54:00,902208,20.0,2
OF_A5-Weekday-095400_M125_527,M125,d1,2,16:00:36,16:00:36,101069,25.0,2
OF_A5-Weekday-095400_M125_527,M125,d1,3,16:02:59,16:02:59,101071,1.0,1
OF_A5-Weekday-095400_M125_527,M125,d1,4,16:05:00,16:05:00,101072,11.0,1
OF_A5-Weekday-095400_M125_527,M125,d1,5,16:07:48,16:07:48,101074,11.0,1
OF_A5-Weekday-095400_M125_527,M125,d1,6,16:10:47,16:10:47,102839,14.0,7
OF_A5-Weekday-095400_M125_527,M125,d1,7,16:15:28,16:15:28,403766,100.0,7
OF_A5-Weekday-095400_M125_527,M125,d1,8,16:18:34,16:18:34,403676,104.0,7
OF_A5-Weekday-095400_M125_527,M125,d1,9,16:20:00,16:20:00,402502,104.0,7
OF_A5-Weekday-095400_M125_527,M125,d1,10,16:21:36,16:21:36,402503,104.0,7
OF_A5-Weekday-095400_M125_527,M125,d1,11,16:23:23,16:23:23,402504,40.0,7
OF_A5-Weekday-095400_M125_527,M125,d1,12,16:25:00,16:25:00,402505,104.0,7
OF_A5-Weekday-095400_M125_527,M125,d1,13,16:26:12,16:26:12,402506,104.0,7
OF_A5-Weekday-095400_M125_527,M125,d1,14,16:29:12,16:29:12,402507,104.0,7
OF_A5-Weekday-095400_M125_527,M125,d1,15,16:31:37,16:31:37,402508,104.0,7
OF_A5-Weekday-095400_M125_527,M125,d1,16,16:34:00,16:34:00,402509,104.0,7
OF_A5-Weekday-095400_M125_527,M125,d1,17,16:34:58,16:34:58,402510,104.0,7
OF_A5-Weekday-095400_M125_527,M125,d1,18,16:38:00,16:38:00,403604,104.0,7
OF_A5-Weekday-095400_M125_527,M125,d1,19,16:39:10,16:39:10,403763,104.0,7
OF_A5-Weekday-095400_M125_527,M125,d1,20,16:40:07,16:40:07,403677,104.0,7
OF_A5-Weekday-095400_M125_527,M125,d1,21,16:41:00,16:41:00,403829,104.0,7
OF_A5-Weekday-087000_M125_506,M125,d1,1,14:30:00,14:30:00,902208,13.0,1
OF_A5-Weekday-087000_M125_506,M125,d1,2,14:35:24,14:35:24,101069,13.0,1
OF_A5-Weekday-087000_M125_506,M125,d1,3,14:37:21,14:37:21,101071,13.0,1
OF_A5-Weekday-087000_M125_506,M125,d1,4,14:39:00,14:39:00,101072,13.0,1
OF_A5-Weekday-087000_M125_506,M125,d1,5,14:41:26,14:41:26,101074,13.0,1
OF_A5-Weekday-087000_M125_506,M125,d1,6,14:44:00,14:44:00,102839,13.0,1
OF_A5-Weekday-087000_M125_506,M125,d1,7,14:48:04,14:48:04,403766,13.0,1
OF_A5-Weekday-087000_M125_506,M125,d1,8,14:50:45,14:50:45,403676,12.0,1
OF_A5-Weekday-087000_M125_506,M125,d1,9,14:52:00,14:52:00,402502,12.0,1
OF_A5-Weekday-087000_M125_506,M125,d1,10,14:53:56,14:53:56,402503,12.0,1
OF_A5-Weekday-087000_M125_506,M125,d1,11,14:56:04,14:56:04,402504,12.0,1
OF_A5-Weekday-087000_M125_506,M125,d1,12,14:58:00,14:58:00,402505,12.0,1
OF_A5-Weekday-087000_M125_506,M125,d1,13,14:59:12,14:59:12,402506,12.0,1
OF_A5-Weekday-087000_M125_506,M125,d1,14,15:02:12,15:02:12,402507,12.0,1
OF_A5-Weekday-087000_M125_506,M125,d1,15,15:04:37,15:04:37,402508,12.0,1
OF_A5-Weekday-087000_M125_506,M125,d1,16,15:07:00,15:07:00,402509,12.0,1
OF_A5-Weekday-087000_M125_506,M125,d1,17,15:07:58,15:07:58,402510,12.0,1
OF_A5-Weekday-087000_M125_506,M125,d1,18,15:11:00,15:11:00,403604,12.0,1
OF_A5-Weekday-087000_M125_506,M125,d1,19,15:12:10,15:12:10,403763,12.0,1
OF_A5-Weekday-087000_M125_506,M125,d1,20,15:13:07,15:13:07,403677,12.0,1
OF_A5-Weekday-087000_M125_506,M125,d1,21,15:14:00,15:14:00,403829,12.0,1
OF_A5-Weekday-072000_M125_519,M125,d1,1,12:00:00,12:00:00,902208,1.0,1
OF_A5-Weekday-072000_M125_519,M125,d1,2,12:04:48,12:04:48,101069,1.0,1
OF_A5-Weekday-072000_M125_519,M125,d1,3,12:06:32,12:06:32,101071,4.0,1
OF_A5-Weekday-072000_M125_519,M125,d1,4,12:08:00,12:08:00,101072,4.0,1
OF_A5-Weekday-072000_M125_519,M125,d1,5,12:10:26,12:10:26,101074,4.0,1
OF_A5-Weekday-072000_M125_519,M125,d1,6,12:13:00,12:13:00,102839,5.0,1
OF_A5-Weekday-072000_M125_519,M125,d1,7,12:17:04,12:17:04,403766,4.0,1
OF_A5-Weekday-072000_M125_519,M125,d1,8,12:19:45,12:19:45,403676,4.0,1
OF_A5-Weekday-072000_M125_519,M125,d1,9,12:21:00,12:21:00,402502,11.0,1
OF_A5-Weekday-072000_M125_519,M125,d1,10,12:22:36,12:22:36,402503,15.0,1
OF_A5-Weekday-072000_M125_519,M125,d1,11,12:24:23,12:24:23,402504,16.0,1
OF_A5-Weekday-072000_M125_519,M125,d1,12,12:26:00,12:26:00,402505,16.0,1
OF_A5-Weekday-072000_M125_519,M125,d1,13,12:27:04,12:27:04,402506,15.0,2
OF_A5-Weekday-072000_M125_519,M125,d1,14,12:29:44,12:29:44,402507,23.0,2
OF_A5-Weekday-072000_M125_519,M125,d1,15,12:31:53,12:31:53,402508,32.0,2
OF_A5-Weekday-072000_M125_519,M125,d1,16,12:34:00,12:34:00,402509,32.0,2
OF_A5-Weekday-072000_M125_519,M125,d1,17,12:34:44,12:34:44,402510,32.0,2
OF_A5-Weekday-072000_M125_519,M125,d1,18,12:37:00,12:37:00,403604,25.0,2
OF_A5-Weekday-072000_M125_519,M125,d1,19,12:38:10,12:38:10,403763,25.0,2
OF_A5-Weekday-072000_M125_519,M125,d1,20,12:39:07,12:39:07,403677,21.0,2
OF_A5-Weekday-072000_M125_519,M125,d1,21,12:40:00,12:40:00,403829,21.0,2
OF_A5-Weekday-SDon-108100_M125_526,M125,d1,1,18:01:00,18:01:00,902208,6.0,1
OF_A5-Weekday-SDon-108100_M125_526,M125,d1,2,18:06:24,18:06:24,101069,7.0,1
OF_A5-Weekday-SDon-108100_M125_526,M125,d1,3,18:08:21,18:08:21,101071,7.0,1
OF_A5-Weekday-SDon-108100_M125_526,M125,d1,4,18:10:00,18:10:00,101072,7.0,1
OF_A5-Weekday-SDon-108100_M125_526,M125,d1,5,18:12:37,18:12:37,101074,7.0,1
OF_A5-Weekday-SDon-108100_M125_526,M125,d1,6,18:15:24,18:15:24,102839,10.0,1
OF_A5-Weekday-SDon-108100_M125_526,M125,d1,7,18:19:46,18:19:46,403766,10.0,2
OF_A5-Weekday-SDon-108100_M125_526,M125,d1,8,18:22:39,18:22:39,403676,17.0,2
OF_A5-Weekday-SDon-108100_M125_526,M125,d1,9,18:24:00,18:24:00,402502,17.0,3
OF_A5-Weekday-SDon-108100_M125_526,M125,d1,10,18:25:36,18:25:36,402503,33.0,3
OF_A5-Weekday-SDon-108100_M125_526,M125,d1,11,18:27:23,18:27:23,402504,33.0,3
OF_A5-Weekday-SDon-108100_M125_526,M125,d1,12,18:29:00,18:29:00,402505,33.0,3
OF_A5-Weekday-SDon-108100_M125_526,M125,d1,13,18:30:12,18:30:12,402506,33.0,3
OF_A5-Weekday-SDon-108100_M125_526,M125,d1,14,18:33:12,18:33:12,402507,33.0,3
OF_A5-Weekday-SDon-108100_M125_526,M125,d1,15,18:35:37,18:35:37,402508,31.0,2
OF_A5-Weekday-SDon-108100_M125_526,M125,d1,16,18:38:00,18:38:00,402509,31.0,2
OF_A5-Weekday-SDon-108100_M125_526,M125,d1,17,18:38:44,18:38:44,402510,31.0,2
OF_A5-Weekday-SDon-108100_M125_526,M125,d1,18,18:41:00,18:41:00,403604,16.0,1
OF_A5-Weekday-SDon-108100_M125_526,M125,d1,19,18:42:10,18:42:10,403763,16.0,1
OF_A5-Weekday-SDon-108100_M125_526,M125,d1,20,18:43:07,18:43:07,403677,16.0,1
OF_A5-Weekday-SDon-108100_M125_526,M125,d1,21,18:44:00,18:44:00,403829,16.0,1
OF_A5-Weekday-SDon-072000_M125_519,M125,d1,1,12:00:00,12:00:00,902208,9.0,1
OF_A5-Weekday-SDon-072000_M125_519,M125,d1,2,12:04:48,12:04:48,101069,6.0,1
OF_A5-Weekday-SDon-072000_M125_519,M125,d1,3,12:06:32,12:06:32,101071,5.0,1
OF_A5-Weekday-SDon-072000_M125_519,M125,d1,4,12:08:00,12:08:00,101072,9.0,1
OF_A5-Weekday-SDon-072000_M125_519,M125,d1,5,12:10:26,12:10:26,101074,14.0,1
OF_A5-Weekday-SDon-072000_M125_519,M125,d1,6,12:13:00,12:13:00,102839,14.0,1
OF_A5-Weekday-SDon-072000_M125_519,M125,d1,7,12:17:04,12:17:04,403766,14.0,1
OF_A5-Weekday-SDon-072000_M125_519,M125,d1,8,12:19:45,12:19:45,403676,16.0,1
OF_A5-Weekday-SDon-072000_M125_519,M125,d1,9,12:21:00,12:21:00,402502,16.0,1
OF_A5-Weekday-SDon-072000_M125_519,M125,d1,10,12:22:36,12:22:36,402503,16.0,1
OF_A5-Weekday-SDon-072000_M125_519,M125,d1,11,12:24:23,12:24:23,402504,16.0,2
OF_A5-Weekday-SDon-072000_M125_519,M125,d1,12,12:26:00,12:26:00,402505,17.0,2
OF_A5-Weekday-SDon-072000_M125_519,M125,d1,13,12:27:04,12:27:04,402506,17.0,2
OF_A5-Weekday-SDon-072000_M125_519,M125,d1,14,12:29:44,12:29:44,402507,25.0,2
OF_A5-Weekday-SDon-072000_M125_519,M125,d1,15,12:31:53,12:31:53,402508,25.0,2
OF_A5-Weekday-SDon-072000_M125_519,M125,d1,16,12:34:00,12:34:00,402509,25.0,2
OF_A5-Weekday-SDon-072000_M125_519,M125,d1,17,12:34:44,12:34:44,402510,24.0,2
OF_A5-Weekday-SDon-072000_M125_519,M125,d1,18,12:37:00,12:37:00,403604,4.0,1
OF_A5-Weekday-SDon-072000_M125_519,M125,d1,19,12:38:10,12:38:10,403763,4.0,1
OF_A5-Weekday-SDon-072000_M125_519,M125,d1,20,12:39:07,12:39:07,403677,4.0,1
OF_A5-Weekday-SDon-072000_M125_519,M125,d1,21,12:40:00,12:40:00,403829,4.0,1
OF_A5-Weekday-108100_M125_526,M125,d1,1,18:01:00,18:01:00,902208,4.0,1
OF_A5-Weekday-108100_M125_526,M125,d1,2,18:06:24,18:06:24,101069,4.0,1
OF_A5-Weekday-108100_M125_526,M125,d1,3,18:08:21,18:08:21,101071,4.0,1
OF_A5-Weekday-108100_M125_526,M125,d1,4,18:10:00,18:10:00,101072,4.0,1
OF_A5-Weekday-108100_M125_526,M125,d1,5,18:12:37,18:12:37,101074,4.0,1
OF_A5-Weekday-108100_M125_526,M125,d1,6,18:15:24,18:15:24,102839,16.0,1
OF_A5-Weekday-108100_M125_526,M125,d1,7,18:19:46,18:19:46,403766,16.0,1
OF_A5-Weekday-108100_M125_526,M125,d1,8,18:22:39,18:22:39,403676,16.0,2
OF_A5-Weekday-108100_M125_526,M125,d1,9,18:24:00,18:24:00,402502,20.0,2
OF_A5-Weekday-108100_M125_526,M125,d1,10,18:25:36,18:25:36,402503,20.0,2
OF_A5-Weekday-108100_M125_526,M125,d1,11,18:27:23,18:27:23,402504,20.0,2
OF_A5-Weekday-108100_M125_526,M125,d1,12,18:29:00,18:29:00,402505,20.0,2
OF_A5-Weekday-108100_M125_526,M125,d1,13,18:30:12,18:30:12,402506,20.0,2
OF_A5-Weekday-108100_M125_526,M125,d1,14,18:33:12,18:33:12,402507,20.0,2
OF_A5-Weekday-108100_M125_526,M125,d1,15,18:35:37,18:35:37,402508,20.0,2
OF_A5-Weekday-108100_M125_526,M125,d1,16,18:38:00,18:38:00,402509,20.0,2
OF_A5-Weekday-108100_M125_526,M125,d1,17,18:38:44,18:38:44,402510,10.0,1
OF_A5-Weekday-108100_M125_526,M125,d1,18,18:41:00,18:41:00,403604,1.0,1
OF_A5-Weekday-108100_M125_526,M125,d1,19,18:42:10,18:42:10,403763,1.0,1
OF_A5-Weekday-108100_M125_526,M125,d1,20,18:43:07,18:43:07,403677,1.0,1
OF_A5-Weekday-108100_M125_526,M125,d1,21,18:44:00,18:44:00,403829,1.0,1
OF_A5-Weekday-SDon-057400_M125_508,M125,d1,1,9:34:00,9:34:00,902208,15.0,1
OF_A5-Weekday-SDon-057400_M125_508,M125,d1,2,9:38:48,9:38:48,101069,15.0,1
OF_A5-Weekday-SDon-057400_M125_508,M125,d1,3,9:40:32,9:40:32,101071,13.0,1
OF_A5-Weekday-SDon-057400_M125_508,M125,d1,4,9:42:00,9:42:00,101072,15.0,1
OF_A5-Weekday-SDon-057400_M125_508,M125,d1,5,9:44:37,9:44:37,101074,16.0,1
OF_A5-Weekday-SDon-057400_M125_508,M125,d1,6,9:47:24,9:47:24,102839,16.0,1
OF_A5-Weekday-SDon-057400_M125_508,M125,d1,7,9:51:46,9:51:46,403766,15.0,2
OF_A5-Weekday-SDon-057400_M125_508,M125,d1,8,9:54:39,9:54:39,403676,19.0,3
OF_A5-Weekday-SDon-057400_M125_508,M125,d1,9,9:56:00,9:56:00,402502,38.0,3
OF_A5-Weekday-SDon-057400_M125_508,M125,d1,10,9:57:56,9:57:56,402503,38.0,3
OF_A5-Weekday-SDon-057400_M125_508,M125,d1,11,10:00:04,10:00:04,402504,45.0,3
OF_A5-Weekday-SDon-057400_M125_508,M125,d1,12,10:02:00,10:02:00,402505,46.0,3
OF_A5-Weekday-SDon-057400_M125_508,M125,d1,13,10:03:04,10:03:04,402506,46.0,3
OF_A5-Weekday-SDon-057400_M125_508,M125,d1,14,10:05:44,10:05:44,402507,46.0,3
OF_A5-Weekday-SDon-057400_M125_508,M125,d1,15,10:07:53,10:07:53,402508,43.0,3
OF_A5-Weekday-SDon-057400_M125_508,M125,d1,16,10:10:00,10:10:00,402509,43.0,3
OF_A5-Weekday-SDon-057400_M125_508,M125,d1,17,10:10:58,10:10:58,402510,17.0,2
OF_A5-Weekday-SDon-057400_M125_508,M125,d1,18,10:14:00,10:14:00,403604,5.0,1
OF_A5-Weekday-SDon-057400_M125_508,M125,d1,19,10:15:10,10:15:10,403763,5.0,1
OF_A5-Weekday-SDon-057400_M125_508,M125,d1,20,10:16:07,10:16:07,403677,5.0,1
OF_A5-Weekday-SDon-057400_M125_508,M125,d1,21,10:17:00,10:17:00,403829,5.0,1
OF_A5-Weekday-SDon-087000_M125_506,M125,d1,1,14:30:00,14:30:00,902208,3.0,1
OF_A5-Weekday-SDon-087000_M125_506,M125,d1,2,14:35:24,14:35:24,101069,3.0,1
OF_A5-Weekday-SDon-087000_M125_506,M125,d1,3,14:37:21,14:37:21,101071,3.0,1
OF_A5-Weekday-SDon-087000_M125_506,M125,d1,4,14:39:00,14:39:00,101072,3.0,1
OF_A5-Weekday-SDon-087000_M125_506,M125,d1,5,14:41:26,14:41:26,101074,3.0,1
OF_A5-Weekday-SDon-087000_M125_506,M125,d1,6,14:44:00,14:44:00,102839,3.0,1
OF_A5-Weekday-SDon-087000_M125_506,M125,d1,7,14:48:04,14:48:04,403766,3.0,1
OF_A5-Weekday-SDon-087000_M125_506,M125,d1,8,14:50:45,14:50:45,403676,3.0,1
OF_A5-Weekday-SDon-087000_M125_506,M125,d1,9,14:52:00,14:52:00,402502,3.0,1
OF_A5-Weekday-SDon-087000_M125_506,M125,d1,10,14:53:56,14:53:56,402503,3.0,1
OF_A5-Weekday-SDon-087000_M125_506,M125,d1,11,14:56:04,14:56:04,402504,3.0,1
OF_A5-Weekday-SDon-087000_M125_506,M125,d1,12,14:58:00,14:58:00,402505,3.0,1
OF_A5-Weekday-SDon-087000_M125_506,M125,d1,13,14:59:12,14:59:12,402506,3.0,1
OF_A5-Weekday-SDon-087000_M125_506,M125,d1,14,15:02:12,15:02:12,402507,3.0,1
OF_A5-Weekday-SDon-087000_M125_506,M125,d1,15,15:04:37,15:04:37,402508,3.0,1
OF_A5-Weekday-SDon-087000_M125_506,M125,d1,16,15:07:00,15:07:00,402509,3.0,1
OF_A5-Weekday-SDon-087000_M125_506,M125,d1,17,15:07:58,15:07:58,402510,3.0,1
OF_A5-Weekday-SDon-087000_M125_506,M125,d1,18,15:11:00,15:11:00,403604,3.0,1
OF_A5-Weekday-SDon-087000_M125_506,M125,d1,19,15:12:10,15:12:10,403763,3.0,1
OF_A5-Weekday-SDon-087000_M125_506,M125,d1,20,15:13:07,15:13:07,403677,3.0,1
OF_A5-Weekday-SDon-087000_M125_506,M125,d1,21,15:14:00,15:14:00,403829,3.0,1
OF_A5-Weekday-SDon-110900_M125_519,M125,d1,1,18:29:00,18:29:00,902208,17.0,2
OF_A5-Weekday-SDon-110900_M125_519,M125,d1,2,18:34:24,18:34:24,101069,17.0,2
OF_A5-Weekday-SDon-110900_M125_519,M125,d1,3,18:36:21,18:36:21,101071,17.0,3
OF_A5-Weekday-SDon-110900_M125_519,M125,d1,4,18:38:00,18:38:00,101072,36.0,3
OF_A5-Weekday-SDon-110900_M125_519,M125,d1,5,18:40:03,18:40:03,101074,32.0,2
OF_A5-Weekday-SDon-110900_M125_519,M125,d1,6,18:42:14,18:42:14,102839,30.0,2
OF_A5-Weekday-SDon-110900_M125_519,M125,d1,7,18:45:40,18:45:40,403766,30.0,2
OF_A5-Weekday-SDon-110900_M125_519,M125,d1,8,18:47:57,18:47:57,403676,25.0,2
OF_A5-Weekday-SDon-110900_M125_519,M125,d1,9,18:49:00,18:49:00,402502,22.0,2
OF_A5-Weekday-SDon-110900_M125_519,M125,d1,10,18:50:17,18:50:17,402503,25.0,2
OF_A5-Weekday-SDon-110900_M125_519,M125,d1,11,18:51:43,18:51:43,402504,25.0,2
OF_A5-Weekday-SDon-110900_M125_519,M125,d1,12,18:53:00,18:53:00,402505,25.0,3
OF_A5-Weekday-SDon-110900_M125_519,M125,d1,13,18:54:04,18:54:04,402506,34.0,3
OF_A5-Weekday-SDon-110900_M125_519,M125,d1,14,18:56:44,18:56:44,402507,35.0,3
OF_A5-Weekday-SDon-110900_M125_519,M125,d1,15,18:58:53,18:58:53,402508,36.0,3
OF_A5-Weekday-SDon-110900_M125_519,M125,d1,16,19:01:00,19:01:00,402509,36.0,3
OF_A5-Weekday-SDon-110900_M125_519,M125,d1,17,19:01:44,19:01:44,402510,30.0,2
OF_A5-Weekday-SDon-110900_M125_519,M125,d1,18,19:04:00,19:04:00,403604,13.0,2
OF_A5-Weekday-SDon-110900_M125_519,M125,d1,19,19:05:10,19:05:10,403763,30.0,2
OF_A5-Weekday-SDon-110900_M125_519,M125,d1,20,19:06:07,19:06:07,403677,30.0,2
OF_A5-Weekday-SDon-110900_M125_519,M125,d1,21,19:07:00,19:07:00,403829,30.0,2
OF_A5-Weekday-SDon-054500_M125_512,M125,d1,1,9:05:00,9:05:00,902208,17.0,2
OF_A5-Weekday-SDon-054500_M125_512,M125,d1,2,9:09:48,9:09:48,101069,5.0,2
OF_A5-Weekday-SDon-054500_M125_512,M125,d1,3,9:11:32,9:11:32,101071,21.0,2
OF_A5-Weekday-SDon-054500_M125_512,M125,d1,4,9:13:00,9:13:00,101072,24.0,2
OF_A5-Weekday-SDon-054500_M125_512,M125,d1,5,9:15:37,9:15:37,101074,30.0,2
OF_A5-Weekday-SDon-054500_M125_512,M125,d1,6,9:18:24,9:18:24,102839,32.0,2
OF_A5-Weekday-SDon-054500_M125_512,M125,d1,7,9:22:46,9:22:46,403766,31.0,2
OF_A5-Weekday-SDon-054500_M125_512,M125,d1,8,9:25:39,9:25:39,403676,2.0,2
OF_A5-Weekday-SDon-054500_M125_512,M125,d1,9,9:27:00,9:27:00,402502,24.0,2
OF_A5-Weekday-SDon-054500_M125_512,M125,d1,10,9:28:56,9:28:56,402503,24.0,2
OF_A5-Weekday-SDon-054500_M125_512,M125,d1,11,9:31:04,9:31:04,402504,24.0,2
OF_A5-Weekday-SDon-054500_M125_512,M125,d1,12,9:33:00,9:33:00,402505,32.0,2
OF_A5-Weekday-SDon-054500_M125_512,M125,d1,13,9:34:04,9:34:04,402506,32.0,2
OF_A5-Weekday-SDon-054500_M125_512,M125,d1,14,9:36:44,9:36:44,402507,32.0,2
OF_A5-Weekday-SDon-054500_M125_512,M125,d1,15,9:38:53,9:38:53,402508,25.0,2
OF_A5-Weekday-SDon-054500_M125_512,M125,d1,16,9:41:00,9:41:00,402509,14.0,1
OF_A5-Weekday-SDon-054500_M125_512,M125,d1,17,9:41:58,9:41:58,402510,14.0,1
OF_A5-Weekday-SDon-054500_M125_512,M125,d1,18,9:45:00,9:45:00,403604,14.0,1
OF_A5-Weekday-SDon-054500_M125_512,M125,d1,19,9:46:10,9:46:10,403763,7.0,1
OF_A5-Weekday-SDon-054500_M125_512,M125,d1,20,9:47:07,9:47:07,403677,7.0,1
OF_A5-Weekday-SDon-054500_M125_512,M125,d1,21,9:48:00,9:48:00,403829,7.0,1
OF_A5-Weekday-SDon-003000_M125_501,M125,d1,1,0:30:00,0:30:00,902208,3.0,1
OF_A5-Weekday-SDon-003000_M125_501,M125,d1,2,0:33:00,0:33:00,101069,3.0,1
OF_A5-Weekday-SDon-003000_M125_501,M125,d1,3,0:34:05,0:34:05,101071,3.0,1
OF_A5-Weekday-SDon-003000_M125_501,M125,d1,4,0:35:00,0:35:00,101072,3.0,1
OF_A5-Weekday-SDon-003000_M125_501,M125,d1,5,0:36:18,0:36:18,101074,3.0,1
OF_A5-Weekday-SDon-003000_M125_501,M125,d1,6,0:37:42,0:37:42,102839,3.0,1
OF_A5-Weekday-SDon-003000_M125_501,M125,d1,7,0:39:53,0:39:53,403766,3.0,1
OF_A5-Weekday-SDon-003000_M125_501,M125,d1,8,0:41:20,0:41:20,403676,4.0,1
OF_A5-Weekday-SDon-003000_M125_501,M125,d1,9,0:42:00,0:42:00,402502,4.0,1
OF_A5-Weekday-SDon-003000_M125_501,M125,d1,10,0:42:39,0:42:39,402503,9.0,1
OF_A5-Weekday-SDon-003000_M125_501,M125,d1,11,0:43:21,0:43:21,402504,9.0,1
OF_A5-Weekday-SDon-003000_M125_501,M125,d1,12,0:44:00,0:44:00,402505,9.0,1
OF_A5-Weekday-SDon-003000_M125_501,M125,d1,13,0:44:32,0:44:32,402506,9.0,1
OF_A5-Weekday-SDon-003000_M125_501,M125,d1,14,0:45:52,0:45:52,402507,9.0,1
OF_A5-Weekday-SDon-003000_M125_501,M125,d1,15,0:46:56,0:46:56,402508,7.0,1
OF_A5-Weekday-SDon-003000_M125_501,M125,d1,16,0:48:00,0:48:00,402509,7.0,1
OF_A5-Weekday-SDon-003000_M125_501,M125,d1,17,0:48:29,0:48:29,402510,3.0,1
OF_A5-Weekday-SDon-003000_M125_501,M125,d1,18,0:50:00,0:50:00,403604,1.0,1
OF_A5-Weekday-SDon-003000_M125_501,M125,d1,19,0:50:47,0:50:47,403763,1.0,1
OF_A5-Weekday-SDon-003000_M125_501,M125,d1,20,0:51:25,0:51:25,403677,1.0,1
OF_A5-Weekday-SDon-003000_M125_501,M125,d1,21,0:52:00,0:52:00,403829,1.0,1
OF_A5-Weekday-054500_M125_512,M125,d1,1,9:05:00,9:05:00,902208,17.0,2
OF_A5-Weekday-054500_M125_512,M125,d1,2,9:09:48,9:09:48,101069,17.0,2
OF_A5-Weekday-054500_M125_512,M125,d1,3,9:11:32,9:11:32,101071,17.0,2
OF_A5-Weekday-054500_M125_512,M125,d1,4,9:13:00,9:13:00,101072,17.0,2
OF_A5-Weekday-054500_M125_512,M125,d1,5,9:15:37,9:15:37,101074,17.0,2
OF_A5-Weekday-054500_M125_512,M125,d1,6,9:18:24,9:18:24,102839,17.0,2
OF_A5-Weekday-054500_M125_512,M125,d1,7,9:22:46,9:22:46,403766,17.0,2
OF_A5-Weekday-054500_M125_512,M125,d1,8,9:25:39,9:25:39,403676,17.0,2
OF_A5-Weekday-054500_M125_512,M125,d1,9,9:27:00,9:27:00,402502,17.0,2
OF_A5-Weekday-054500_M125_512,M125,d1,10,9:28:56,9:28:56,402503,17.0,2
OF_A5-Weekday-054500_M125_512,M125,d1,11,9:31:04,9:31:04,402504,17.0,2
OF_A5-Weekday-054500_M125_512,M125,d1,12,9:33:00,9:33:00,402505,17.0,2
OF_A5-Weekday-054500_M125_512,M125,d1,13,9:34:04,9:34:04,402506,17.0,2
OF_A5-Weekday-054500_M125_512,M125,d1,14,9:36:44,9:36:44,402507,17.0,2
OF_A5-Weekday-054500_M125_512,M125,d1,15,9:38:53,9:38:53,402508,17.0,2
OF_A5-Weekday-054500_M125_512,M125,d1,16,9:41:00,9:41:00,402509,17.0,2
OF_A5-Weekday-054500_M125_512,M125,d1,17,9:41:58,9:41:58,402510,17.0,2
OF_A5-Weekday-054500_M125_512,M125,d1,18,9:45:00,9:45:00,403604,2.0,1
OF_A5-Weekday-054500_M125_512,M125,d1,19,9:46:10,9:46:10,403763,2.0,1
OF_A5-Weekday-054500_M125_512,M125,d1,20,9:47:07,9:47:07,403677,2.0,1
OF_A5-Weekday-054500_M125_512,M125,d1,21,9:48:00,9:48:00,403829,2.0,1
OF_A5-Weekday-SDon-027000_M125_501,M125,d1,1,4:30:00,4:30:00,902208,11.0,1
OF_A5-Weekday-SDon-027000_M125_501,M125,d1,2,4:33:00,4:33:00,101069,11.0,1
OF_A5-Weekday-SDon-027000_M125_501,M125,d1,3,4:34:05,4:34:05,101071,11.0,1
OF_A5-Weekday-SDon-027000_M125_501,M125,d1,4,4:35:00,4:35:00,101072,9.0,1
OF_A5-Weekday-SDon-027000_M125_501,M125,d1,5,4:36:18,4:36:18,101074,11.0,1
OF_A5-Weekday-SDon-027000_M125_501,M125,d1,6,4:37:42,4:37:42,102839,11.0,1
OF_A5-Weekday-SDon-027000_M125_501,M125,d1,7,4:39:53,4:39:53,403766,11.0,1
OF_A5-Weekday-SDon-027000_M125_501,M125,d1,8,4:41:20,4:41:20,403676,11.0,1
OF_A5-Weekday-SDon-027000_M125_501,M125,d1,9,4:42:00,4:42:00,402502,11.0,1
OF_A5-Weekday-SDon-027000_M125_501,M125,d1,10,4:42:39,4:42:39,402503,11.0,1
OF_A5-Weekday-SDon-027000_M125_501,M125,d1,11,4:43:21,4:43:21,402504,4.0,1
OF_A5-Weekday-SDon-027000_M125_501,M125,d1,12,4:44:00,4:44:00,402505,15.0,1
OF_A5-Weekday-SDon-027000_M125_501,M125,d1,13,4:44:32,4:44:32,402506,4.0,1
OF_A5-Weekday-SDon-027000_M125_501,M125,d1,14,4:45:52,4:45:52,402507,12.0,1
OF_A5-Weekday-SDon-027000_M125_501,M125,d1,15,4:46:56,4:46:56,402508,12.0,1
OF_A5-Weekday-SDon-027000_M125_501,M125,d1,16,4:48:00,4:48:00,402509,12.0,1
OF_A5-Weekday-SDon-027000_M125_501,M125,d1,17,4:48:29,4:48:29,402510,1.0,1
OF_A5-Weekday-SDon-027000_M125_501,M125,d1,18,4:50:00,4:50:00,403604,3.0,1
OF_A5-Weekday-SDon-027000_M125_501,M125,d1,19,4:50:47,4:50:47,403763,3.0,1
OF_A5-Weekday-SDon-027000_M125_501,M125,d1,20,4:51:25,4:51:25,403677,3.0,1
OF_A5-Weekday-SDon-027000_M125_501,M125,d1,21,4:52:00,4:52:00,403829,3.0,1
OF_A5-Weekday-SDon-076800_M125_503,M125,d1,1,12:48:00,12:48:00,902208,19.0,2
OF_A5-Weekday-SDon-076800_M125_503,M125,d1,2,12:52:48,12:52:48,101069,19.0,2
OF_A5-Weekday-SDon-076800_M125_503,M125,d1,3,12:54:32,12:54:32,101071,19.0,2
OF_A5-Weekday-SDon-076800_M125_503,M125,d1,4,12:56:00,12:56:00,101072,19.0,2
OF_A5-Weekday-SDon-076800_M125_503,M125,d1,5,12:58:26,12:58:26,101074,19.0,2
OF_A5-Weekday-SDon-076800_M125_503,M125,d1,6,13:01:00,13:01:00,102839,19.0,2
OF_A5-Weekday-SDon-076800_M125_503,M125,d1,7,13:05:04,13:05:04,403766,19.0,2
OF_A5-Weekday-SDon-076800_M125_503,M125,d1,8,13:07:45,13:07:45,403676,19.0,2
OF_A5-Weekday-SDon-076800_M125_503,M125,d1,9,13:09:00,13:09:00,402502,19.0,2
OF_A5-Weekday-SDon-076800_M125_503,M125,d1,10,13:10:56,13:10:56,402503,19.0,2
OF_A5-Weekday-SDon-076800_M125_503,M125,d1,11,13:13:04,13:13:04,402504,19.0,2
OF_A5-Weekday-SDon-076800_M125_503,M125,d1,12,13:15:00,13:15:00,402505,19.0,2
OF_A5-Weekday-SDon-076800_M125_503,M125,d1,13,13:16:12,13:16:12,402506,19.0,2
OF_A5-Weekday-SDon-076800_M125_503,M125,d1,14,13:19:12,13:19:12,402507,19.0,2
OF_A5-Weekday-SDon-076800_M125_503,M125,d1,15,13:21:37,13:21:37,402508,19.0,2
OF_A5-Weekday-SDon-076800_M125_503,M125,d1,16,13:24:00,13:24:00,402509,19.0,2
OF_A5-Weekday-SDon-076800_M125_503,M125,d1,17,13:24:58,13:24:58,402510,19.0,2
OF_A5-Weekday-SDon-076800_M125_503,M125,d1,18,13:28:00,13:28:00,403604,19.0,2
OF_A5-Weekday-SDon-076800_M125_503,M125,d1,19,13:29:10,13:29:10,403763,19.0,2
OF_A5-Weekday-SDon-076800_M125_503,M125,d1,20,13:30:07,13:30:07,403677,19.0,2
OF_A5-Weekday-SDon-076800_M125_503,M125,d1,21,13:31:00,13:31:00,403829,19.0,2
OF_A5-Weekday-SDon-100200_M125_519,M125,d1,1,16:42:00,16:42:00,902208,30.0,3
OF_A5-Weekday-SDon-100200_M125_519,M125,d1,2,16:48:00,16:48:00,101069,41.0,3
OF_A5-Weekday-SDon-100200_M125_519,M125,d1,3,16:50:10,16:50:10,101071,41.0,3
OF_A5-Weekday-SDon-100200_M125_519,M125,d1,4,16:52:00,16:52:00,101072,41.0,3
OF_A5-Weekday-SDon-100200_M125_519,M125,d1,5,16:54:37,16:54:37,101074,41.0,3
OF_A5-Weekday-SDon-100200_M125_519,M125,d1,6,16:57:24,16:57:24,102839,41.0,3
OF_A5-Weekday-SDon-100200_M125_519,M125,d1,7,17:01:46,17:01:46,403766,41.0,3
OF_A5-Weekday-SDon-100200_M125_519,M125,d1,8,17:04:39,17:04:39,403676,41.0,3
OF_A5-Weekday-SDon-100200_M125_519,M125,d1,9,17:06:00,17:06:00,402502,41.0,3
OF_A5-Weekday-SDon-100200_M125_519,M125,d1,10,17:07:36,17:07:36,402503,40.0,3
OF_A5-Weekday-SDon-100200_M125_519,M125,d1,11,17:09:23,17:09:23,402504,43.0,3
OF_A5-Weekday-SDon-100200_M125_519,M125,d1,12,17:11:00,17:11:00,402505,43.0,4
OF_A5-Weekday-SDon-100200_M125_519,M125,d1,13,17:12:12,17:12:12,402506,53.0,4
OF_A5-Weekday-SDon-100200_M125_519,M125,d1,14,17:15:12,17:15:12,402507,42.0,4
OF_A5-Weekday-SDon-100200_M125_519,M125,d1,15,17:17:37,17:17:37,402508,52.0,4
OF_A5-Weekday-SDon-100200_M125_519,M125,d1,16,17:20:00,17:20:00,402509,52.0,4
OF_A5-Weekday-SDon-100200_M125_519,M125,d1,17,17:20:58,17:20:58,402510,52.0,4
OF_A5-Weekday-SDon-100200_M125_519,M125,d1,18,17:24:00,17:24:00,403604,24.0,2
OF_A5-Weekday-SDon-100200_M125_519,M125,d1,19,17:25:10,17:25:10,403763,24.0,2
OF_A5-Weekday-SDon-100200_M125_519,M125,d1,20,17:26:07,17:26:07,403677,24.0,2
OF_A5-Weekday-SDon-100200_M125_519,M125,d1,21,17:27:00,17:27:00,403829,24.0,2
OF_A5-Weekday-SDon-015000_M125_501,M125,d1,1,2:30:00,2:30:00,902208,4.0,1
OF_A5-Weekday-SDon-015000_M125_501,M125,d1,2,2:33:00,2:33:00,101069,4.0,1
OF_A5-Weekday-SDon-015000_M125_501,M125,d1,3,2:34:05,2:34:05,101071,4.0,1
OF_A5-Weekday-SDon-015000_M125_501,M125,d1,4,2:35:00,2:35:00,101072,4.0,1
OF_A5-Weekday-SDon-015000_M125_501,M125,d1,5,2:36:18,2:36:18,101074,4.0,1
OF_A5-Weekday-SDon-015000_M125_501,M125,d1,6,2:37:42,2:37:42,102839,4.0,1
OF_A5-Weekday-SDon-015000_M125_501,M125,d1,7,2:39:53,2:39:53,403766,4.0,1
OF_A5-Weekday-SDon-015000_M125_501,M125,d1,8,2:41:20,2:41:20,403676,1.0,1
OF_A5-Weekday-SDon-015000_M125_501,M125,d1,9,2:42:00,2:42:00,402502,3.0,1
OF_A5-Weekday-SDon-015000_M125_501,M125,d1,10,2:42:39,2:42:39,402503,3.0,1
OF_A5-Weekday-SDon-015000_M125_501,M125,d1,11,2:43:21,2:43:21,402504,5.0,1
OF_A5-Weekday-SDon-015000_M125_501,M125,d1,12,2:44:00,2:44:00,402505,5.0,1
OF_A5-Weekday-SDon-015000_M125_501,M125,d1,13,2:44:32,2:44:32,402506,2.0,1
OF_A5-Weekday-SDon-015000_M125_501,M125,d1,14,2:45:52,2:45:52,402507,1.0,1
OF_A5-Weekday-SDon-015000_M125_501,M125,d1,15,2:46:56,2:46:56,402508,4.0,1
OF_A5-Weekday-SDon-015000_M125_501,M125,d1,16,2:48:00,2:48:00,402509,4.0,1
OF_A5-Weekday-SDon-015000_M125_501,M125,d1,17,2:48:29,2:48:29,402510,1.0,1
OF_A5-Weekday-SDon-015000_M125_501,M125,d1,18,2:50:00,2:50:00,403604,1.0,1
OF_A5-Weekday-SDon-015000_M125_501,M125,d1,19,2:50:47,2:50:47,403763,1.0,1
OF_A5-Weekday-SDon-015000_M125_501,M125,d1,20,2:51:25,2:51:25,403677,1.0,1
OF_A5-Weekday-SDon-015000_M125_501,M125,d1,21,2:52:00,2:52:00,403829,1.0,1
OF_A5-Weekday-042200_M125_510,M125,d1,1,7:02:00,7:02:00,902208,4.0,1
OF_A5-Weekday-042200_M125_510,M125,d1,2,7:07:24,7:07:24,101069,4.0,1
OF_A5-Weekday-042200_M125_510,M125,d1,3,7:09:21,7:09:21,101071,4.0,2
OF_A5-Weekday-042200_M125_510,M125,d1,4,7:11:00,7:11:00,101072,20.0,2
OF_A5-Weekday-042200_M125_510,M125,d1,5,7:14:33,7:14:33,101074,20.0,2
OF_A5-Weekday-042200_M125_510,M125,d1,6,7:18:19,7:18:19,102839,20.0,2
OF_A5-Weekday-042200_M125_510,M125,d1,7,7:24:15,7:24:15,403766,20.0,3
OF_A5-Weekday-042200_M125_510,M125,d1,8,7:28:10,7:28:10,403676,40.0,3
OF_A5-Weekday-042200_M125_510,M125,d1,9,7:30:00,7:30:00,402502,40.0,3
OF_A5-Weekday-042200_M125_510,M125,d1,10,7:31:36,7:31:36,402503,40.0,3
OF_A5-Weekday-042200_M125_510,M125,d1,11,7:33:23,7:33:23,402504,40.0,3
OF_A5-Weekday-042200_M125_510,M125,d1,12,7:35:00,7:35:00,402505,40.0,3
OF_A5-Weekday-042200_M125_510,M125,d1,13,7:35:56,7:35:56,402506,40.0,3
OF_A5-Weekday-042200_M125_510,M125,d1,14,7:38:16,7:38:16,402507,40.0,3
OF_A5-Weekday-042200_M125_510,M125,d1,15,7:40:08,7:40:08,402508,40.0,3
OF_A5-Weekday-042200_M125_510,M125,d1,16,7:42:00,7:42:00,402509,31.0,2
OF_A5-Weekday-042200_M125_510,M125,d1,17,7:42:58,7:42:58,402510,24.0,2
OF_A5-Weekday-042200_M125_510,M125,d1,18,7:46:00,7:46:00,403604,24.0,2
OF_A5-Weekday-042200_M125_510,M125,d1,19,7:47:10,7:47:10,403763,24.0,2
OF_A5-Weekday-042200_M125_510,M125,d1,20,7:48:07,7:48:07,403677,1.0,1
OF_A5-Weekday-042200_M125_510,M125,d1,21,7:49:00,7:49:00,403829,1.0,1
OF_A5-Weekday-SDon-142500_M125_528,M125,d1,1,23:45:00,23:45:00,902208,7.0,1
OF_A5-Weekday-SDon-142500_M125_528,M125,d1,2,23:48:00,23:48:00,101069,7.0,1
OF_A5-Weekday-SDon-142500_M125_528,M125,d1,3,23:49:05,23:49:05,101071,7.0,1
OF_A5-Weekday-SDon-142500_M125_528,M125,d1,4,23:50:00,23:50:00,101072,7.0,1
OF_A5-Weekday-SDon-142500_M125_528,M125,d1,5,23:51:30,23:51:30,101074,7.0,1
OF_A5-Weekday-SDon-142500_M125_528,M125,d1,6,23:53:05,23:53:05,102839,7.0,1
OF_A5-Weekday-SDon-142500_M125_528,M125,d1,7,23:55:35,23:55:35,403766,7.0,1
OF_A5-Weekday-SDon-142500_M125_528,M125,d1,8,23:57:14,23:57:14,403676,7.0,1
OF_A5-Weekday-SDon-142500_M125_528,M125,d1,9,23:58:00,23:58:00,402502,7.0,2
OF_A5-Weekday-SDon-142500_M125_528,M125,d1,10,23:58:58,23:58:58,402503,18.0,2
OF_A5-Weekday-SDon-142500_M125_528,M125,d1,11,24:00:02,24:00:02,402504,18.0,2
OF_A5-Weekday-SDon-142500_M125_528,M125,d1,12,24:01:00,24:01:00,402505,18.0,2
OF_A5-Weekday-SDon-142500_M125_528,M125,d1,13,24:01:40,24:01:40,402506,17.0,2
OF_A5-Weekday-SDon-142500_M125_528,M125,d1,14,24:03:20,24:03:20,402507,8.0,1
OF_A5-Weekday-SDon-142500_M125_528,M125,d1,15,24:04:40,24:04:40,402508,6.0,1
OF_A5-Weekday-SDon-142500_M125_528,M125,d1,16,24:06:00,24:06:00,402509,6.0,1
OF_A5-Weekday-SDon-142500_M125_528,M125,d1,17,24:06:29,24:06:29,402510,2.0,1
OF_A5-Weekday-SDon-142500_M125_528,M125,d1,18,24:08:00,24:08:00,403604,2.0,1
OF_A5-Weekday-SDon-142500_M125_528,M125,d1,19,24:08:47,24:08:47,403763,2.0,1
OF_A5-Weekday-SDon-142500_M125_528,M125,d1,20,24:09:25,24:09:25,403677,2.0,1
OF_A5-Weekday-SDon-142500_M125_528,M125,d1,21,24:10:00,24:10:00,403829,2.0,1
OF_A5-Weekday-SDon-132400_M125_522,M125,d1,1,22:04:00,22:04:00,902208,5.0,1
OF_A5-Weekday-SDon-132400_M125_522,M125,d1,2,22:07:00,22:07:00,101069,8.0,1
OF_A5-Weekday-SDon-132400_M125_522,M125,d1,3,22:08:05,22:08:05,101071,8.0,1
OF_A5-Weekday-SDon-132400_M125_522,M125,d1,4,22:09:00,22:09:00,101072,8.0,1
OF_A5-Weekday-SDon-132400_M125_522,M125,d1,5,22:10:41,22:10:41,101074,8.0,1
OF_A5-Weekday-SDon-132400_M125_522,M125,d1,6,22:12:28,22:12:28,102839,8.0,1
OF_A5-Weekday-SDon-132400_M125_522,M125,d1,7,22:15:17,22:15:17,403766,8.0,1
OF_A5-Weekday-SDon-132400_M125_522,M125,d1,8,22:17:08,22:17:08,403676,8.0,1
OF_A5-Weekday-SDon-132400_M125_522,M125,d1,9,22:18:00,22:18:00,402502,15.0,1
OF_A5-Weekday-SDon-132400_M125_522,M125,d1,10,22:18:58,22:18:58,402503,15.0,1
OF_A5-Weekday-SDon-132400_M125_522,M125,d1,11,22:20:02,22:20:02,402504,15.0,1
OF_A5-Weekday-SDon-132400_M125_522,M125,d1,12,22:21:00,22:21:00,402505,15.0,1
OF_A5-Weekday-SDon-132400_M125_522,M125,d1,13,22:21:48,22:21:48,402506,13.0,1
OF_A5-Weekday-SDon-132400_M125_522,M125,d1,14,22:23:48,22:23:48,402507,14.0,1
OF_A5-Weekday-SDon-132400_M125_522,M125,d1,15,22:25:24,22:25:24,402508,15.0,1
OF_A5-Weekday-SDon-132400_M125_522,M125,d1,16,22:27:00,22:27:00,402509,15.0,1
OF_A5-Weekday-SDon-132400_M125_522,M125,d1,17,22:27:44,22:27:44,402510,15.0,1
OF_A5-Weekday-SDon-132400_M125_522,M125,d1,18,22:30:00,22:30:00,403604,3.0,1
OF_A5-Weekday-SDon-132400_M125_522,M125,d1,19,22:30:47,22:30:47,403763,1.0,1
OF_A5-Weekday-SDon-132400_M125_522,M125,d1,20,22:31:25,22:31:25,403677,1.0,1
OF_A5-Weekday-SDon-132400_M125_522,M125,d1,21,22:32:00,22:32:00,403829,1.0,1
OF_A5-Weekday-SDon-101600_M125_523,M125,d1,1,16:56:00,16:56:00,902208,62.0,4
OF_A5-Weekday-SDon-101600_M125_523,M125,d1,2,17:02:00,17:02:00,101069,62.0,4
OF_A5-Weekday-SDon-101600_M125_523,M125,d1,3,17:04:10,17:04:10,101071,62.0,4
OF_A5-Weekday-SDon-101600_M125_523,M125,d1,4,17:06:00,17:06:00,101072,26.0,2
OF_A5-Weekday-SDon-101600_M125_523,M125,d1,5,17:08:37,17:08:37,101074,22.0,3
OF_A5-Weekday-SDon-101600_M125_523,M125,d1,6,17:11:24,17:11:24,102839,33.0,3
OF_A5-Weekday-SDon-101600_M125_523,M125,d1,7,17:15:46,17:15:46,403766,24.0,2
OF_A5-Weekday-SDon-101600_M125_523,M125,d1,8,17:18:39,17:18:39,403676,28.0,3
OF_A5-Weekday-SDon-101600_M125_523,M125,d1,9,17:20:00,17:20:00,402502,38.0,5
OF_A5-Weekday-SDon-101600_M125_523,M125,d1,10,17:21:36,17:21:36,402503,67.0,5
OF_A5-Weekday-SDon-101600_M125_523,M125,d1,11,17:23:23,17:23:23,402504,67.0,5
OF_A5-Weekday-SDon-101600_M125_523,M125,d1,12,17:25:00,17:25:00,402505,17.0,5
OF_A5-Weekday-SDon-101600_M125_523,M125,d1,13,17:26:12,17:26:12,402506,68.0,5
OF_A5-Weekday-SDon-101600_M125_523,M125,d1,14,17:29:12,17:29:12,402507,68.0,5
OF_A5-Weekday-SDon-101600_M125_523,M125,d1,15,17:31:37,17:31:37,402508,68.0,5
OF_A5-Weekday-SDon-101600_M125_523,M125,d1,16,17:34:00,17:34:00,402509,68.0,5
OF_A5-Weekday-SDon-101600_M125_523,M125,d1,17,17:34:58,17:34:58,402510,68.0,5
OF_A5-Weekday-SDon-101600_M125_523,M125,d1,18,17:38:00,17:38:00,403604,48.0,3
OF_A5-Weekday-SDon-101600_M125_523,M125,d1,19,17:39:10,17:39:10,403763,48.0,3
OF_A5-Weekday-SDon-101600_M125_523,M125,d1,20,17:40:07,17:40:07,403677,5.0,1
OF_A5-Weekday-SDon-101600_M125_523,M125,d1,21,17:41:00,17:41:00,403829,5.0,1
OF_A5-Weekday-114300_M125_529,M125,d1,1,19:03:00,19:03:00,902208,2.0,1
OF_A5-Weekday-114300_M125_529,M125,d1,2,19:07:12,19:07:12,101069,2.0,1
OF_A5-Weekday-114300_M125_529,M125,d1,3,19:08:43,19:08:43,101071,2.0,1
OF_A5-Weekday-114300_M125_529,M125,d1,4,19:10:00,19:10:00,101072,2.0,1
OF_A5-Weekday-114300_M125_529,M125,d1,5,19:12:03,19:12:03,101074,2.0,1
OF_A5-Weekday-114300_M125_529,M125,d1,6,19:14:14,19:14:14,102839,2.0,1
OF_A5-Weekday-114300_M125_529,M125,d1,7,19:17:40,19:17:40,403766,2.0,1
OF_A5-Weekday-114300_M125_529,M125,d1,8,19:19:57,19:19:57,403676,2.0,1
OF_A5-Weekday-114300_M125_529,M125,d1,9,19:21:00,19:21:00,402502,1.0,1
OF_A5-Weekday-114300_M125_529,M125,d1,10,19:22:17,19:22:17,402503,6.0,1
OF_A5-Weekday-114300_M125_529,M125,d1,11,19:23:43,19:23:43,402504,6.0,1
OF_A5-Weekday-114300_M125_529,M125,d1,12,19:25:00,19:25:00,402505,6.0,3
OF_A5-Weekday-114300_M125_529,M125,d1,13,19:26:04,19:26:04,402506,40.0,3
OF_A5-Weekday-114300_M125_529,M125,d1,14,19:28:44,19:28:44,402507,11.0,3
OF_A5-Weekday-114300_M125_529,M125,d1,15,19:30:53,19:30:53,402508,36.0,3
OF_A5-Weekday-114300_M125_529,M125,d1,16,19:33:00,19:33:00,402509,29.0,3
OF_A5-Weekday-114300_M125_529,M125,d1,17,19:33:44,19:33:44,402510,33.0,3
OF_A5-Weekday-114300_M125_529,M125,d1,18,19:36:00,19:36:00,403604,16.0,1
OF_A5-Weekday-114300_M125_529,M125,d1,19,19:36:47,19:36:47,403763,7.0,1
OF_A5-Weekday-114300_M125_529,M125,d1,20,19:37:25,19:37:25,403677,6.0,1
OF_A5-Weekday-114300_M125_529,M125,d1,21,19:38:00,19:38:00,403829,6.0,1
OF_A5-Weekday-118100_M125_520,M125,d1,1,19:41:00,19:41:00,902208,12.0,1
OF_A5-Weekday-118100_M125_520,M125,d1,2,19:45:12,19:45:12,101069,10.0,1
OF_A5-Weekday-118100_M125_520,M125,d1,3,19:46:43,19:46:43,101071,8.0,1
OF_A5-Weekday-118100_M125_520,M125,d1,4,19:48:00,19:48:00,101072,9.0,1
OF_A5-Weekday-118100_M125_520,M125,d1,5,19:49:52,19:49:52,101074,10.0,1
OF_A5-Weekday-118100_M125_520,M125,d1,6,19:51:51,19:51:51,102839,11.0,1
OF_A5-Weekday-118100_M125_520,M125,d1,7,19:54:59,19:54:59,403766,11.0,1
OF_A5-Weekday-118100_M125_520,M125,d1,8,19:57:02,19:57:02,403676,11.0,1
OF_A5-Weekday-118100_M125_520,M125,d1,9,19:58:00,19:58:00,402502,9.0,1
OF_A5-Weekday-118100_M125_520,M125,d1,10,19:58:58,19:58:58,402503,14.0,1
OF_A5-Weekday-118100_M125_520,M125,d1,11,20:00:02,20:00:02,402504,14.0,2
OF_A5-Weekday-118100_M125_520,M125,d1,12,20:01:00,20:01:00,402505,26.0,2
OF_A5-Weekday-118100_M125_520,M125,d1,13,20:02:04,20:02:04,402506,26.0,2
OF_A5-Weekday-118100_M125_520,M125,d1,14,20:04:44,20:04:44,402507,25.0,2
OF_A5-Weekday-118100_M125_520,M125,d1,15,20:06:53,20:06:53,402508,25.0,2
OF_A5-Weekday-118100_M125_520,M125,d1,16,20:09:00,20:09:00,402509,25.0,2
OF_A5-Weekday-118100_M125_520,M125,d1,17,20:09:44,20:09:44,402510,15.0,1
OF_A5-Weekday-118100_M125_520,M125,d1,18,20:12:00,20:12:00,403604,8.0,1
OF_A5-Weekday-118100_M125_520,M125,d1,19,20:12:47,20:12:47,403763,2.0,1
OF_A5-Weekday-118100_M125_520,M125,d1,20,20:13:25,20:13:25,403677,2.0,1
OF_A5-Weekday-118100_M125_520,M125,d1,21,20:14:00,20:14:00,403829,2.0,1
OF_A5-Weekday-123300_M125_526,M125,d1,1,20:33:00,20:33:00,902208,13.0,1
OF_A5-Weekday-123300_M125_526,M125,d1,2,20:36:36,20:36:36,101069,13.0,1
OF_A5-Weekday-123300_M125_526,M125,d1,3,20:37:54,20:37:54,101071,12.0,1
OF_A5-Weekday-123300_M125_526,M125,d1,4,20:39:00,20:39:00,101072,9.0,1
OF_A5-Weekday-123300_M125_526,M125,d1,5,20:40:41,20:40:41,101074,9.0,1
OF_A5-Weekday-123300_M125_526,M125,d1,6,20:42:28,20:42:28,102839,8.0,1
OF_A5-Weekday-123300_M125_526,M125,d1,7,20:45:17,20:45:17,403766,8.0,1
OF_A5-Weekday-123300_M125_526,M125,d1,8,20:47:08,20:47:08,403676,6.0,1
OF_A5-Weekday-123300_M125_526,M125,d1,9,20:48:00,20:48:00,402502,8.0,1
OF_A5-Weekday-123300_M125_526,M125,d1,10,20:48:58,20:48:58,402503,8.0,1
OF_A5-Weekday-123300_M125_526,M125,d1,11,20:50:02,20:50:02,402504,7.0,1
OF_A5-Weekday-123300_M125_526,M125,d1,12,20:51:00,20:51:00,402505,10.0,1
OF_A5-Weekday-123300_M125_526,M125,d1,13,20:51:56,20:51:56,402506,10.0,1
OF_A5-Weekday-123300_M125_526,M125,d1,14,20:54:16,20:54:16,402507,10.0,1
OF_A5-Weekday-123300_M125_526,M125,d1,15,20:56:08,20:56:08,402508,5.0,1
OF_A5-Weekday-123300_M125_526,M125,d1,16,20:58:00,20:58:00,402509,5.0,1
OF_A5-Weekday-123300_M125_526,M125,d1,17,20:58:44,20:58:44,402510,3.0,1
OF_A5-Weekday-123300_M125_526,M125,d1,18,21:01:00,21:01:00,403604,3.0,1
OF_A5-Weekday-123300_M125_526,M125,d1,19,21:02:10,21:02:10,403763,2.0,1
OF_A5-Weekday-123300_M125_526,M125,d1,20,21:03:07,21:03:07,403677,1.0,1
OF_A5-Weekday-123300_M125_526,M125,d1,21,21:04:00,21:04:00,403829,1.0,1
OF_A5-Weekday-101600_M125_523,M125,d1,1,16:56:00,16:56:00,902208,14.0,1
OF_A5-Weekday-101600_M125_523,M125,d1,2,17:02:00,17:02:00,101069,14.0,1
OF_A5-Weekday-101600_M125_523,M125,d1,3,17:04:10,17:04:10,101071,11.0,1
OF_A5-Weekday-101600_M125_523,M125,d1,4,17:06:00,17:06:00,101072,13.0,1
OF_A5-Weekday-101600_M125_523,M125,d1,5,17:08:37,17:08:37,101074,13.0,1
OF_A5-Weekday-101600_M125_523,M125,d1,6,17:11:24,17:11:24,102839,13.0,1
OF_A5-Weekday-101600_M125_523,M125,d1,7,17:15:46,17:15:46,403766,11.0,2
OF_A5-Weekday-101600_M125_523,M125,d1,8,17:18:39,17:18:39,403676,28.0,2
OF_A5-Weekday-101600_M125_523,M125,d1,9,17:20:00,17:20:00,402502,28.0,3
OF_A5-Weekday-101600_M125_523,M125,d1,10,17:21:36,17:21:36,402503,39.0,3
OF_A5-Weekday-101600_M125_523,M125,d1,11,17:23:23,17:23:23,402504,39.0,3
OF_A5-Weekday-101600_M125_523,M125,d1,12,17:25:00,17:25:00,402505,39.0,3
OF_A5-Weekday-101600_M125_523,M125,d1,13,17:26:12,17:26:12,402506,39.0,3
OF_A5-Weekday-101600_M125_523,M125,d1,14,17:29:12,17:29:12,402507,39.0,3
OF_A5-Weekday-101600_M125_523,M125,d1,15,17:31:37,17:31:37,402508,39.0,3
OF_A5-Weekday-101600_M125_523,M125,d1,16,17:34:00,17:34:00,402509,39.0,3
OF_A5-Weekday-101600_M125_523,M125,d1,17,17:34:58,17:34:58,402510,16.0,1
OF_A5-Weekday-101600_M125_523,M125,d1,18,17:38:00,17:38:00,403604,16.0,1
OF_A5-Weekday-101600_M125_523,M125,d1,19,17:39:10,17:39:10,403763,16.0,1
OF_A5-Weekday-101600_M125_523,M125,d1,20,17:40:07,17:40:07,403677,16.0,1
OF_A5-Weekday-101600_M125_523,M125,d1,21,17:41:00,17:41:00,403829,16.0,1
OF_A5-Weekday-SDon-118100_M125_520,M125,d1,1,19:41:00,19:41:00,902208,11.0,1
OF_A5-Weekday-SDon-118100_M125_520,M125,d1,2,19:45:12,19:45:12,101069,11.0,1
OF_A5-Weekday-SDon-118100_M125_520,M125,d1,3,19:46:43,19:46:43,101071,11.0,1
OF_A5-Weekday-SDon-118100_M125_520,M125,d1,4,19:48:00,19:48:00,101072,7.0,1
OF_A5-Weekday-SDon-118100_M125_520,M125,d1,5,19:49:52,19:49:52,101074,10.0,1
OF_A5-Weekday-SDon-118100_M125_520,M125,d1,6,19:51:51,19:51:51,102839,10.0,1
OF_A5-Weekday-SDon-118100_M125_520,M125,d1,7,19:54:59,19:54:59,403766,8.0,1
OF_A5-Weekday-SDon-118100_M125_520,M125,d1,8,19:57:02,19:57:02,403676,7.0,1
OF_A5-Weekday-SDon-118100_M125_520,M125,d1,9,19:58:00,19:58:00,402502,9.0,1
OF_A5-Weekday-SDon-118100_M125_520,M125,d1,10,19:58:58,19:58:58,402503,9.0,1
OF_A5-Weekday-SDon-118100_M125_520,M125,d1,11,20:00:02,20:00:02,402504,9.0,1
OF_A5-Weekday-SDon-118100_M125_520,M125,d1,12,20:01:00,20:01:00,402505,6.0,1
OF_A5-Weekday-SDon-118100_M125_520,M125,d1,13,20:02:04,20:02:04,402506,7.0,1
OF_A5-Weekday-SDon-118100_M125_520,M125,d1,14,20:04:44,20:04:44,402507,10.0,1
OF_A5-Weekday-SDon-118100_M125_520,M125,d1,15,20:06:53,20:06:53,402508,10.0,1
OF_A5-Weekday-SDon-118100_M125_520,M125,d1,16,20:09:00,20:09:00,402509,13.0,1
OF_A5-Weekday-SDon-118100_M125_520,M125,d1,17,20:09:44,20:09:44,402510,12.0,1
OF_A5-Weekday-SDon-118100_M125_520,M125,d1,18,20:12:00,20:12:00,403604,12.0,1
OF_A5-Weekday-SDon-118100_M125_520,M125,d1,19,20:12:47,20:12:47,403763,2.0,1
OF_A5-Weekday-SDon-118100_M125_520,M125,d1,20,20:13:25,20:13:25,403677,2.0,1
OF_A5-Weekday-SDon-118100_M125_520,M125,d1,21,20:14:00,20:14:00,403829,2.0,1
OF_A5-Weekday-116500_M125_527,M125,d1,1,19:25:00,19:25:00,902208,49.0,4
OF_A5-Weekday-116500_M125_527,M125,d1,2,19:29:12,19:29:12,101069,10.0,4
OF_A5-Weekday-116500_M125_527,M125,d1,3,19:30:43,19:30:43,101071,3.0,1
OF_A5-Weekday-116500_M125_527,M125,d1,4,19:32:00,19:32:00,101072,7.0,1
OF_A5-Weekday-116500_M125_527,M125,d1,5,19:33:52,19:33:52,101074,7.0,1
OF_A5-Weekday-116500_M125_527,M125,d1,6,19:35:51,19:35:51,102839,5.0,1
OF_A5-Weekday-116500_M125_527,M125,d1,7,19:38:59,19:38:59,403766,5.0,1
OF_A5-Weekday-116500_M125_527,M125,d1,8,19:41:02,19:41:02,403676,7.0,1
OF_A5-Weekday-116500_M125_527,M125,d1,9,19:42:00,19:42:00,402502,6.0,1
OF_A5-Weekday-116500_M125_527,M125,d1,10,19:42:58,19:42:58,402503,5.0,1
OF_A5-Weekday-116500_M125_527,M125,d1,11,19:44:02,19:44:02,402504,8.0,1
OF_A5-Weekday-116500_M125_527,M125,d1,12,19:45:00,19:45:00,402505,8.0,1
OF_A5-Weekday-116500_M125_527,M125,d1,13,19:46:04,19:46:04,402506,8.0,1
OF_A5-Weekday-116500_M125_527,M125,d1,14,19:48:44,19:48:44,402507,16.0,1
OF_A5-Weekday-116500_M125_527,M125,d1,15,19:50:53,19:50:53,402508,16.0,1
OF_A5-Weekday-116500_M125_527,M125,d1,16,19:53:00,19:53:00,402509,3.0,1
OF_A5-Weekday-116500_M125_527,M125,d1,17,19:53:44,19:53:44,402510,9.0,1
OF_A5-Weekday-116500_M125_527,M125,d1,18,19:56:00,19:56:00,403604,8.0,1
OF_A5-Weekday-116500_M125_527,M125,d1,19,19:56:47,19:56:47,403763,8.0,1
OF_A5-Weekday-116500_M125_527,M125,d1,20,19:57:25,19:57:25,403677,8.0,1
OF_A5-Weekday-116500_M125_527,M125,d1,21,19:58:00,19:58:00,403829,8.0,1
OF_A5-Weekday-SDon-042200_M125_510,M125,d1,1,7:02:00,7:02:00,902208,5.0,1
OF_A5-Weekday-SDon-042200_M125_510,M125,d1,2,7:07:24,7:07:24,101069,5.0,1
OF_A5-Weekday-SDon-042200_M125_510,M125,d1,3,7:09:21,7:09:21,101071,5.0,1
OF_A5-Weekday-SDon-042200_M125_510,M125,d1,4,7:11:00,7:11:00,101072,5.0,1
OF_A5-Weekday-SDon-042200_M125_510,M125,d1,5,7:14:33,7:14:33,101074,5.0,1
OF_A5-Weekday-SDon-042200_M125_510,M125,d1,6,7:18:19,7:18:19,102839,5.0,1
OF_A5-Weekday-SDon-042200_M125_510,M125,d1,7,7:24:15,7:24:15,403766,5.0,1
OF_A5-Weekday-SDon-042200_M125_510,M125,d1,8,7:28:10,7:28:10,403676,5.0,1
OF_A5-Weekday-SDon-042200_M125_510,M125,d1,9,7:30:00,7:30:00,402502,5.0,1
OF_A5-Weekday-SDon-042200_M125_510,M125,d1,10,7:31:36,7:31:36,402503,5.0,1
OF_A5-Weekday-SDon-042200_M125_510,M125,d1,11,7:33:23,7:33:23,402504,5.0,1
OF_A5-Weekday-SDon-042200_M125_510,M125,d1,12,7:35:00,7:35:00,402505,5.0,1
OF_A5-Weekday-SDon-042200_M125_510,M125,d1,13,7:35:56,7:35:56,402506,5.0,1
OF_A5-Weekday-SDon-042200_M125_510,M125,d1,14,7:38:16,7:38:16,402507,5.0,1
OF_A5-Weekday-SDon-042200_M125_510,M125,d1,15,7:40:08,7:40:08,402508,5.0,1
OF_A5-Weekday-SDon-042200_M125_510,M125,d1,16,7:42:00,7:42:00,402509,5.0,1
OF_A5-Weekday-SDon-042200_M125_510,M125,d1,17,7:42:58,7:42:58,402510,5.0,1
OF_A5-Weekday-SDon-042200_M125_510,M125,d1,18,7:46:00,7:46:00,403604,5.0,1
OF_A5-Weekday-SDon-042200_M125_510,M125,d1,19,7:47:10,7:47:10,403763,5.0,1
OF_A5-Weekday-SDon-042200_M125_510,M125,d1,20,7:48:07,7:48:07,403677,5.0,1
OF_A5-Weekday-SDon-042200_M125_510,M125,d1,21,7:49:00,7:49:00,403829,5.0,1
OF_A5-Weekday-142500_M125_528,M125,d1,1,23:45:00,23:45:00,902208,15.0,1
OF_A5-Weekday-142500_M125_528,M125,d1,2,23:48:00,23:48:00,101069,5.0,1
OF_A5-Weekday-142500_M125_528,M125,d1,3,23:49:05,23:49:05,101071,6.0,1
OF_A5-Weekday-142500_M125_528,M125,d1,4,23:50:00,23:50:00,101072,5.0,1
OF_A5-Weekday-142500_M125_528,M125,d1,5,23:51:30,23:51:30,101074,5.0,1
OF_A5-Weekday-142500_M125_528,M125,d1,6,23:53:05,23:53:05,102839,6.0,1
OF_A5-Weekday-142500_M125_528,M125,d1,7,23:55:35,23:55:35,403766,5.0,1
OF_A5-Weekday-142500_M125_528,M125,d1,8,23:57:14,23:57:14,403676,5.0,1
OF_A5-Weekday-142500_M125_528,M125,d1,9,23:58:00,23:58:00,402502,7.0,1
OF_A5-Weekday-142500_M125_528,M125,d1,10,23:58:58,23:58:58,402503,7.0,1
OF_A5-Weekday-142500_M125_528,M125,d1,11,24:00:02,24:00:02,402504,9.0,1
OF_A5-Weekday-142500_M125_528,M125,d1,12,24:01:00,24:01:00,402505,11.0,1
OF_A5-Weekday-142500_M125_528,M125,d1,13,24:01:40,24:01:40,402506,4.0,1
OF_A5-Weekday-142500_M125_528,M125,d1,14,24:03:20,24:03:20,402507,13.0,1
OF_A5-Weekday-142500_M125_528,M125,d1,15,24:04:40,24:04:40,402508,12.0,1
OF_A5-Weekday-142500_M125_528,M125,d1,16,24:06:00,24:06:00,402509,11.0,1
OF_A5-Weekday-142500_M125_528,M125,d1,17,24:06:29,24:06:29,402510,9.0,1
OF_A5-Weekday-142500_M125_528,M125,d1,18,24:08:00,24:08:00,403604,5.0,1
OF_A5-Weekday-142500_M125_528,M125,d1,19,24:08:47,24:08:47,403763,4.0,1
OF_A5-Weekday-142500_M125_528,M125,d1,20,24:09:25,24:09:25,403677,2.0,1
OF_A5-Weekday-142500_M125_528,M125,d1,21,24:10:00,24:10:00,403829,2.0,1
OF_A5-Weekday-SDon-084700_M125_521,M125,d1,1,14:07:00,14:07:00,902208,16.0,1
OF_A5-Weekday-SDon-084700_M125_521,M125,d1,2,14:12:24,14:12:24,101069,14.0,1
OF_A5-Weekday-SDon-084700_M125_521,M125,d1,3,14:14:21,14:14:21,101071,15.0,1
OF_A5-Weekday-SDon-084700_M125_521,M125,d1,4,14:16:00,14:16:00,101072,15.0,1
OF_A5-Weekday-SDon-084700_M125_521,M125,d1,5,14:18:26,14:18:26,101074,15.0,1
OF_A5-Weekday-SDon-084700_M125_521,M125,d1,6,14:21:00,14:21:00,102839,15.0,1
OF_A5-Weekday-SDon-084700_M125_521,M125,d1,7,14:25:04,14:25:04,403766,14.0,1
OF_A5-Weekday-SDon-084700_M125_521,M125,d1,8,14:27:45,14:27:45,403676,12.0,3
OF_A5-Weekday-SDon-084700_M125_521,M125,d1,9,14:29:00,14:29:00,402502,39.0,3
OF_A5-Weekday-SDon-084700_M125_521,M125,d1,10,14:30:56,14:30:56,402503,47.0,3
OF_A5-Weekday-SDon-084700_M125_521,M125,d1,11,14:33:04,14:33:04,402504,47.0,3
OF_A5-Weekday-SDon-084700_M125_521,M125,d1,12,14:35:00,14:35:00,402505,47.0,3
OF_A5-Weekday-SDon-084700_M125_521,M125,d1,13,14:36:12,14:36:12,402506,47.0,3
OF_A5-Weekday-SDon-084700_M125_521,M125,d1,14,14:39:12,14:39:12,402507,47.0,3
OF_A5-Weekday-SDon-084700_M125_521,M125,d1,15,14:41:37,14:41:37,402508,47.0,3
OF_A5-Weekday-SDon-084700_M125_521,M125,d1,16,14:44:00,14:44:00,402509,47.0,3
OF_A5-Weekday-SDon-084700_M125_521,M125,d1,17,14:44:58,14:44:58,402510,10.0,1
OF_A5-Weekday-SDon-084700_M125_521,M125,d1,18,14:48:00,14:48:00,403604,10.0,1
OF_A5-Weekday-SDon-084700_M125_521,M125,d1,19,14:49:10,14:49:10,403763,10.0,1
OF_A5-Weekday-SDon-084700_M125_521,M125,d1,20,14:50:07,14:50:07,403677,10.0,1
OF_A5-Weekday-SDon-084700_M125_521,M125,d1,21,14:51:00,14:51:00,403829,10.0,1
OF_A5-Weekday-SDon-144000_M125_529,M125,d1,1,24:00:00,24:00:00,902208,8.0,1
OF_A5-Weekday-SDon-144000_M125_529,M125,d1,2,24:03:00,24:03:00,101069,11.0,1
OF_A5-Weekday-SDon-144000_M125_529,M125,d1,3,24:04:05,24:04:05,101071,10.0,1
OF_A5-Weekday-SDon-144000_M125_529,M125,d1,4,24:05:00,24:05:00,101072,8.0,1
OF_A5-Weekday-SDon-144000_M125_529,M125,d1,5,24:06:30,24:06:30,101074,8.0,1
OF_A5-Weekday-SDon-144000_M125_529,M125,d1,6,24:08:05,24:08:05,102839,8.0,1
OF_A5-Weekday-SDon-144000_M125_529,M125,d1,7,24:10:35,24:10:35,403766,7.0,2
OF_A5-Weekday-SDon-144000_M125_529,M125,d1,8,24:12:14,24:12:14,403676,18.0,2
OF_A5-Weekday-SDon-144000_M125_529,M125,d1,9,24:13:00,24:13:00,402502,18.0,2
OF_A5-Weekday-SDon-144000_M125_529,M125,d1,10,24:13:58,24:13:58,402503,15.0,1
OF_A5-Weekday-SDon-144000_M125_529,M125,d1,11,24:15:02,24:15:02,402504,16.0,1
OF_A5-Weekday-SDon-144000_M125_529,M125,d1,12,24:16:00,24:16:00,402505,16.0,1
OF_A5-Weekday-SDon-144000_M125_529,M125,d1,13,24:16:40,24:16:40,402506,16.0,1
OF_A5-Weekday-SDon-144000_M125_529,M125,d1,14,24:18:20,24:18:20,402507,5.0,2
OF_A5-Weekday-SDon-144000_M125_529,M125,d1,15,24:19:40,24:19:40,402508,18.0,2
OF_A5-Weekday-SDon-144000_M125_529,M125,d1,16,24:21:00,24:21:00,402509,12.0,1
OF_A5-Weekday-SDon-144000_M125_529,M125,d1,17,24:21:29,24:21:29,402510,3.0,1
OF_A5-Weekday-SDon-144000_M125_529,M125,d1,18,24:23:00,24:23:00,403604,12.0,1
OF_A5-Weekday-SDon-144000_M125_529,M125,d1,19,24:23:47,24:23:47,403763,11.0,1
OF_A5-Weekday-SDon-144000_M125_529,M125,d1,20,24:24:25,24:24:25,403677,3.0,1
OF_A5-Weekday-SDon-144000_M125_529,M125,d1,21,24:25:00,24:25:00,403829,3.0,1
OF_A5-Weekday-SDon-128700_M125_529,M125,d1,1,21:27:00,21:27:00,902208,7.0,1
OF_A5-Weekday-SDon-128700_M125_529,M125,d1,2,21:30:36,21:30:36,101069,8.0,1
OF_A5-Weekday-SDon-128700_M125_529,M125,d1,3,21:31:54,21:31:54,101071,9.0,1
OF_A5-Weekday-SDon-128700_M125_529,M125,d1,4,21:33:00,21:33:00,101072,15.0,1
OF_A5-Weekday-SDon-128700_M125_529,M125,d1,5,21:34:41,21:34:41,101074,15.0,2
OF_A5-Weekday-SDon-128700_M125_529,M125,d1,6,21:36:28,21:36:28,102839,17.0,2
OF_A5-Weekday-SDon-128700_M125_529,M125,d1,7,21:39:17,21:39:17,403766,17.0,2
OF_A5-Weekday-SDon-128700_M125_529,M125,d1,8,21:41:08,21:41:08,403676,17.0,2
OF_A5-Weekday-SDon-128700_M125_529,M125,d1,9,21:42:00,21:42:00,402502,16.0,1
OF_A5-Weekday-SDon-128700_M125_529,M125,d1,10,21:42:58,21:42:58,402503,16.0,1
OF_A5-Weekday-SDon-128700_M125_529,M125,d1,11,21:44:02,21:44:02,402504,16.0,1
OF_A5-Weekday-SDon-128700_M125_529,M125,d1,12,21:45:00,21:45:00,402505,16.0,1
OF_A5-Weekday-SDon-128700_M125_529,M125,d1,13,21:45:56,21:45:56,402506,16.0,1
OF_A5-Weekday-SDon-128700_M125_529,M125,d1,14,21:48:16,21:48:16,402507,16.0,2
OF_A5-Weekday-SDon-128700_M125_529,M125,d1,15,21:50:08,21:50:08,402508,17.0,2
OF_A5-Weekday-SDon-128700_M125_529,M125,d1,16,21:52:00,21:52:00,402509,11.0,1
OF_A5-Weekday-SDon-128700_M125_529,M125,d1,17,21:52:44,21:52:44,402510,11.0,1
OF_A5-Weekday-SDon-128700_M125_529,M125,d1,18,21:55:00,21:55:00,403604,11.0,1
OF_A5-Weekday-SDon-128700_M125_529,M125,d1,19,21:56:10,21:56:10,403763,10.0,1
OF_A5-Weekday-SDon-128700_M125_529,M125,d1,20,21:57:07,21:57:07,403677,9.0,1
OF_A5-Weekday-SDon-128700_M125_529,M125,d1,21,21:58:00,21:58:00,403829,9.0,1
OF_A5-Weekday-106700_M125_527,M125,d1,1,17:47:00,17:47:00,902208,13.0,1
OF_A5-Weekday-106700_M125_527,M125,d1,2,17:53:00,17:53:00,101069,15.0,1
OF_A5-Weekday-106700_M125_527,M125,d1,3,17:55:10,17:55:10,101071,15.0,1
OF_A5-Weekday-106700_M125_527,M125,d1,4,17:57:00,17:57:00,101072,14.0,2
OF_A5-Weekday-106700_M125_527,M125,d1,5,17:59:37,17:59:37,101074,19.0,2
OF_A5-Weekday-106700_M125_527,M125,d1,6,18:02:24,18:02:24,102839,19.0,2
OF_A5-Weekday-106700_M125_527,M125,d1,7,18:06:46,18:06:46,403766,16.0,1
OF_A5-Weekday-106700_M125_527,M125,d1,8,18:09:39,18:09:39,403676,12.0,2
OF_A5-Weekday-106700_M125_527,M125,d1,9,18:11:00,18:11:00,402502,30.0,2
OF_A5-Weekday-106700_M125_527,M125,d1,10,18:12:36,18:12:36,402503,30.0,2
OF_A5-Weekday-106700_M125_527,M125,d1,11,18:14:23,18:14:23,402504,24.0,3
OF_A5-Weekday-106700_M125_527,M125,d1,12,18:16:00,18:16:00,402505,40.0,3
OF_A5-Weekday-106700_M125_527,M125,d1,13,18:17:12,18:17:12,402506,35.0,3
OF_A5-Weekday-106700_M125_527,M125,d1,14,18:20:12,18:20:12,402507,31.0,2
OF_A5-Weekday-106700_M125_527,M125,d1,15,18:22:37,18:22:37,402508,31.0,2
OF_A5-Weekday-106700_M125_527,M125,d1,16,18:25:00,18:25:00,402509,30.0,2
OF_A5-Weekday-106700_M125_527,M125,d1,17,18:25:58,18:25:58,402510,20.0,2
OF_A5-Weekday-106700_M125_527,M125,d1,18,18:29:00,18:29:00,403604,12.0,2
OF_A5-Weekday-106700_M125_527,M125,d1,19,18:30:10,18:30:10,403763,21.0,2
OF_A5-Weekday-106700_M125_527,M125,d1,20,18:31:07,18:31:07,403677,2.0,1
OF_A5-Weekday-106700_M125_527,M125,d1,21,18:32:00,18:32:00,403829,2.0,1
OF_A5-Weekday-107400_M125_520,M125,d1,1,17:54:00,17:54:00,902208,4.0,1
OF_A5-Weekday-107400_M125_520,M125,d1,2,18:00:00,18:00:00,101069,4.0,1
OF_A5-Weekday-107400_M125_520,M125,d1,3,18:02:10,18:02:10,101071,4.0,1
OF_A5-Weekday-107400_M125_520,M125,d1,4,18:04:00,18:04:00,101072,4.0,1
OF_A5-Weekday-107400_M125_520,M125,d1,5,18:06:37,18:06:37,101074,16.0,1
OF_A5-Weekday-107400_M125_520,M125,d1,6,18:09:24,18:09:24,102839,16.0,1
OF_A5-Weekday-107400_M125_520,M125,d1,7,18:13:46,18:13:46,403766,16.0,2
OF_A5-Weekday-107400_M125_520,M125,d1,8,18:16:39,18:16:39,403676,17.0,2
OF_A5-Weekday-107400_M125_520,M125,d1,9,18:18:00,18:18:00,402502,17.0,2
OF_A5-Weekday-107400_M125_520,M125,d1,10,18:19:36,18:19:36,402503,17.0,2
OF_A5-Weekday-107400_M125_520,M125,d1,11,18:21:23,18:21:23,402504,17.0,2
OF_A5-Weekday-107400_M125_520,M125,d1,12,18:23:00,18:23:00,402505,17.0,2
OF_A5-Weekday-107400_M125_520,M125,d1,13,18:24:12,18:24:12,402506,17.0,2
OF_A5-Weekday-107400_M125_520,M125,d1,14,18:27:12,18:27:12,402507,14.0,1
OF_A5-Weekday-107400_M125_520,M125,d1,15,18:29:37,18:29:37,402508,11.0,1
OF_A5-Weekday-107400_M125_520,M125,d1,16,18:32:00,18:32:00,402509,11.0,1
OF_A5-Weekday-107400_M125_520,M125,d1,17,18:32:44,18:32:44,402510,6.0,1
OF_A5-Weekday-107400_M125_520,M125,d1,18,18:35:00,18:35:00,403604,2.0,1
OF_A5-Weekday-107400_M125_520,M125,d1,19,18:36:10,18:36:10,403763,2.0,1
OF_A5-Weekday-107400_M125_520,M125,d1,20,18:37:07,18:37:07,403677,2.0,1
OF_A5-Weekday-107400_M125_520,M125,d1,21,18:38:00,18:38:00,403829,2.0,1
OF_A5-Weekday-118900_M125_524,M125,d1,1,19:49:00,19:49:00,902208,6.0,1
OF_A5-Weekday-118900_M125_524,M125,d1,2,19:53:12,19:53:12,101069,6.0,1
OF_A5-Weekday-118900_M125_524,M125,d1,3,19:54:43,19:54:43,101071,10.0,1
OF_A5-Weekday-118900_M125_524,M125,d1,4,19:56:00,19:56:00,101072,10.0,1
OF_A5-Weekday-118900_M125_524,M125,d1,5,19:57:52,19:57:52,101074,9.0,1
OF_A5-Weekday-118900_M125_524,M125,d1,6,19:59:51,19:59:51,102839,9.0,1
OF_A5-Weekday-118900_M125_524,M125,d1,7,20:02:59,20:02:59,403766,9.0,1
OF_A5-Weekday-118900_M125_524,M125,d1,8,20:05:02,20:05:02,403676,9.0,1
OF_A5-Weekday-118900_M125_524,M125,d1,9,20:06:00,20:06:00,402502,15.0,2
OF_A5-Weekday-118900_M125_524,M125,d1,10,20:06:58,20:06:58,402503,18.0,2
OF_A5-Weekday-118900_M125_524,M125,d1,11,20:08:02,20:08:02,402504,21.0,2
OF_A5-Weekday-118900_M125_524,M125,d1,12,20:09:00,20:09:00,402505,21.0,2
OF_A5-Weekday-118900_M125_524,M125,d1,13,20:10:04,20:10:04,402506,21.0,2
OF_A5-Weekday-118900_M125_524,M125,d1,14,20:12:44,20:12:44,402507,28.0,2
OF_A5-Weekday-118900_M125_524,M125,d1,15,20:14:53,20:14:53,402508,28.0,2
OF_A5-Weekday-118900_M125_524,M125,d1,16,20:17:00,20:17:00,402509,22.0,2
OF_A5-Weekday-118900_M125_524,M125,d1,17,20:17:44,20:17:44,402510,22.0,2
OF_A5-Weekday-118900_M125_524,M125,d1,18,20:20:00,20:20:00,403604,22.0,2
OF_A5-Weekday-118900_M125_524,M125,d1,19,20:20:47,20:20:47,403763,4.0,1
OF_A5-Weekday-118900_M125_524,M125,d1,20,20:21:25,20:21:25,403677,4.0,1
OF_A5-Weekday-118900_M125_524,M125,d1,21,20:22:00,20:22:00,403829,4.0,1
OF_A5-Weekday-SDon-107400_M125_520,M125,d1,1,17:54:00,17:54:00,902208,23.0,2
OF_A5-Weekday-SDon-107400_M125_520,M125,d1,2,18:00:00,18:00:00,101069,23.0,2
OF_A5-Weekday-SDon-107400_M125_520,M125,d1,3,18:02:10,18:02:10,101071,23.0,2
OF_A5-Weekday-SDon-107400_M125_520,M125,d1,4,18:04:00,18:04:00,101072,11.0,2
OF_A5-Weekday-SDon-107400_M125_520,M125,d1,5,18:06:37,18:06:37,101074,18.0,2
OF_A5-Weekday-SDon-107400_M125_520,M125,d1,6,18:09:24,18:09:24,102839,18.0,2
OF_A5-Weekday-SDon-107400_M125_520,M125,d1,7,18:13:46,18:13:46,403766,18.0,2
OF_A5-Weekday-SDon-107400_M125_520,M125,d1,8,18:16:39,18:16:39,403676,10.0,1
OF_A5-Weekday-SDon-107400_M125_520,M125,d1,9,18:18:00,18:18:00,402502,16.0,1
OF_A5-Weekday-SDon-107400_M125_520,M125,d1,10,18:19:36,18:19:36,402503,16.0,1
OF_A5-Weekday-SDon-107400_M125_520,M125,d1,11,18:21:23,18:21:23,402504,16.0,2
OF_A5-Weekday-SDon-107400_M125_520,M125,d1,12,18:23:00,18:23:00,402505,18.0,2
OF_A5-Weekday-SDon-107400_M125_520,M125,d1,13,18:24:12,18:24:12,402506,18.0,2
OF_A5-Weekday-SDon-107400_M125_520,M125,d1,14,18:27:12,18:27:12,402507,18.0,2
OF_A5-Weekday-SDon-107400_M125_520,M125,d1,15,18:29:37,18:29:37,402508,18.0,2
OF_A5-Weekday-SDon-107400_M125_520,M125,d1,16,18:32:00,18:32:00,402509,18.0,2
OF_A5-Weekday-SDon-107400_M125_520,M125,d1,17,18:32:44,18:32:44,402510,13.0,1
OF_A5-Weekday-SDon-107400_M125_520,M125,d1,18,18:35:00,18:35:00,403604,13.0,1
OF_A5-Weekday-SDon-107400_M125_520,M125,d1,19,18:36:10,18:36:10,403763,1.0,1
OF_A5-Weekday-SDon-107400_M125_520,M125,d1,20,18:37:07,18:37:07,403677,1.0,1
OF_A5-Weekday-SDon-107400_M125_520,M125,d1,21,18:38:00,18:38:00,403829,1.0,1
OF_A5-Weekday-SDon-118900_M125_524,M125,d1,1,19:49:00,19:49:00,902208,9.0,1
OF_A5-Weekday-SDon-118900_M125_524,M125,d1,2,19:53:12,19:53:12,101069,9.0,1
OF_A5-Weekday-SDon-118900_M125_524,M125,d1,3,19:54:43,19:54:43,101071,9.0,1
OF_A5-Weekday-SDon-118900_M125_524,M125,d1,4,19:56:00,19:56:00,101072,9.0,1
OF_A5-Weekday-SDon-118900_M125_524,M125,d1,5,19:57:52,19:57:52,101074,10.0,1
OF_A5-Weekday-SDon-118900_M125_524,M125,d1,6,19:59:51,19:59:51,102839,10.0,1
OF_A5-Weekday-SDon-118900_M125_524,M125,d1,7,20:02:59,20:02:59,403766,10.0,1
OF_A5-Weekday-SDon-118900_M125_524,M125,d1,8,20:05:02,20:05:02,403676,15.0,1
OF_A5-Weekday-SDon-118900_M125_524,M125,d1,9,20:06:00,20:06:00,402502,15.0,1
OF_A5-Weekday-SDon-118900_M125_524,M125,d1,10,20:06:58,20:06:58,402503,15.0,1
OF_A5-Weekday-SDon-118900_M125_524,M125,d1,11,20:08:02,20:08:02,402504,15.0,1
OF_A5-Weekday-SDon-118900_M125_524,M125,d1,12,20:09:00,20:09:00,402505,15.0,1
OF_A5-Weekday-SDon-118900_M125_524,M125,d1,13,20:10:04,20:10:04,402506,15.0,2
OF_A5-Weekday-SDon-118900_M125_524,M125,d1,14,20:12:44,20:12:44,402507,17.0,2
OF_A5-Weekday-SDon-118900_M125_524,M125,d1,15,20:14:53,20:14:53,402508,18.0,2
OF_A5-Weekday-SDon-118900_M125_524,M125,d1,16,20:17:00,20:17:00,402509,12.0,1
OF_A5-Weekday-SDon-118900_M125_524,M125,d1,17,20:17:44,20:17:44,402510,12.0,1
OF_A5-Weekday-SDon-118900_M125_524,M125,d1,18,20:20:00,20:20:00,403604,12.0,1
OF_A5-Weekday-SDon-118900_M125_524,M125,d1,19,20:20:47,20:20:47,403763,12.0,1
OF_A5-Weekday-SDon-118900_M125_524,M125,d1,20,20:21:25,20:21:25,403677,6.0,1
OF_A5-Weekday-SDon-118900_M125_524,M125,d1,21,20:22:00,20:22:00,403829,6.0,1
OF_A5-Weekday-SDon-062700_M125_518,M125,d1,1,10:27:00,10:27:00,902208,31.0,3
OF_A5-Weekday-SDon-062700_M125_518,M125,d1,2,10:31:48,10:31:48,101069,33.0,3
OF_A5-Weekday-SDon-062700_M125_518,M125,d1,3,10:33:32,10:33:32,101071,33.0,3
OF_A5-Weekday-SDon-062700_M125_518,M125,d1,4,10:35:00,10:35:00,101072,14.0,3
OF_A5-Weekday-SDon-062700_M125_518,M125,d1,5,10:37:26,10:37:26,101074,37.0,3
OF_A5-Weekday-SDon-062700_M125_518,M125,d1,6,10:40:00,10:40:00,102839,36.0,3
OF_A5-Weekday-SDon-062700_M125_518,M125,d1,7,10:44:04,10:44:04,403766,35.0,3
OF_A5-Weekday-SDon-062700_M125_518,M125,d1,8,10:46:45,10:46:45,403676,31.0,2
OF_A5-Weekday-SDon-062700_M125_518,M125,d1,9,10:48:00,10:48:00,402502,30.0,2
OF_A5-Weekday-SDon-062700_M125_518,M125,d1,10,10:49:36,10:49:36,402503,30.0,2
OF_A5-Weekday-SDon-062700_M125_518,M125,d1,11,10:51:23,10:51:23,402504,30.0,2
OF_A5-Weekday-SDon-062700_M125_518,M125,d1,12,10:53:00,10:53:00,402505,30.0,2
OF_A5-Weekday-SDon-062700_M125_518,M125,d1,13,10:54:04,10:54:04,402506,29.0,2
OF_A5-Weekday-SDon-062700_M125_518,M125,d1,14,10:56:44,10:56:44,402507,29.0,2
OF_A5-Weekday-SDon-062700_M125_518,M125,d1,15,10:58:53,10:58:53,402508,21.0,2
OF_A5-Weekday-SDon-062700_M125_518,M125,d1,16,11:01:00,11:01:00,402509,15.0,1
OF_A5-Weekday-SDon-062700_M125_518,M125,d1,17,11:01:44,11:01:44,402510,16.0,1
OF_A5-Weekday-SDon-062700_M125_518,M125,d1,18,11:04:00,11:04:00,403604,10.0,1
OF_A5-Weekday-SDon-062700_M125_518,M125,d1,19,11:05:10,11:05:10,403763,10.0,1
OF_A5-Weekday-SDon-062700_M125_518,M125,d1,20,11:06:07,11:06:07,403677,10.0,1
OF_A5-Weekday-SDon-062700_M125_518,M125,d1,21,11:07:00,11:07:00,403829,10.0,1
OF_A5-Weekday-084700_M125_521,M125,d1,1,14:07:00,14:07:00,902208,42.0,3
OF_A5-Weekday-084700_M125_521,M125,d1,2,14:12:24,14:12:24,101069,42.0,3
OF_A5-Weekday-084700_M125_521,M125,d1,3,14:14:21,14:14:21,101071,42.0,3
OF_A5-Weekday-084700_M125_521,M125,d1,4,14:16:00,14:16:00,101072,42.0,3
OF_A5-Weekday-084700_M125_521,M125,d1,5,14:18:26,14:18:26,101074,42.0,3
OF_A5-Weekday-084700_M125_521,M125,d1,6,14:21:00,14:21:00,102839,42.0,3
OF_A5-Weekday-084700_M125_521,M125,d1,7,14:25:04,14:25:04,403766,42.0,3
OF_A5-Weekday-084700_M125_521,M125,d1,8,14:27:45,14:27:45,403676,42.0,3
OF_A5-Weekday-084700_M125_521,M125,d1,9,14:29:00,14:29:00,402502,42.0,3
OF_A5-Weekday-084700_M125_521,M125,d1,10,14:30:56,14:30:56,402503,42.0,3
OF_A5-Weekday-084700_M125_521,M125,d1,11,14:33:04,14:33:04,402504,42.0,3
OF_A5-Weekday-084700_M125_521,M125,d1,12,14:35:00,14:35:00,402505,42.0,3
OF_A5-Weekday-084700_M125_521,M125,d1,13,14:36:12,14:36:12,402506,42.0,3
OF_A5-Weekday-084700_M125_521,M125,d1,14,14:39:12,14:39:12,402507,42.0,3
OF_A5-Weekday-084700_M125_521,M125,d1,15,14:41:37,14:41:37,402508,42.0,3
OF_A5-Weekday-084700_M125_521,M125,d1,16,14:44:00,14:44:00,402509,42.0,3
OF_A5-Weekday-084700_M125_521,M125,d1,17,14:44:58,14:44:58,402510,42.0,3
OF_A5-Weekday-084700_M125_521,M125,d1,18,14:48:00,14:48:00,403604,42.0,3
OF_A5-Weekday-084700_M125_521,M125,d1,19,14:49:10,14:49:10,403763,42.0,3
OF_A5-Weekday-084700_M125_521,M125,d1,20,14:50:07,14:50:07,403677,42.0,3
OF_A5-Weekday-084700_M125_521,M125,d1,21,14:51:00,14:51:00,403829,42.0,3
OF_A5-Weekday-144000_M125_529,M125,d1,1,24:00:00,24:00:00,902208,4.0,1
OF_A5-Weekday-144000_M125_529,M125,d1,2,24:03:00,24:03:00,101069,7.0,1
OF_A5-Weekday-144000_M125_529,M125,d1,3,24:04:05,24:04:05,101071,7.0,1
OF_A5-Weekday-144000_M125_529,M125,d1,4,24:05:00,24:05:00,101072,10.0,1
OF_A5-Weekday-144000_M125_529,M125,d1,5,24:06:30,24:06:30,101074,10.0,1
OF_A5-Weekday-144000_M125_529,M125,d1,6,24:08:05,24:08:05,102839,10.0,1
OF_A5-Weekday-144000_M125_529,M125,d1,7,24:10:35,24:10:35,403766,10.0,1
OF_A5-Weekday-144000_M125_529,M125,d1,8,24:12:14,24:12:14,403676,10.0,1
OF_A5-Weekday-144000_M125_529,M125,d1,9,24:13:00,24:13:00,402502,7.0,1
OF_A5-Weekday-144000_M125_529,M125,d1,10,24:13:58,24:13:58,402503,7.0,1
OF_A5-Weekday-144000_M125_529,M125,d1,11,24:15:02,24:15:02,402504,7.0,1
OF_A5-Weekday-144000_M125_529,M125,d1,12,24:16:00,24:16:00,402505,8.0,1
OF_A5-Weekday-144000_M125_529,M125,d1,13,24:16:40,24:16:40,402506,8.0,1
OF_A5-Weekday-144000_M125_529,M125,d1,14,24:18:20,24:18:20,402507,8.0,1
OF_A5-Weekday-144000_M125_529,M125,d1,15,24:19:40,24:19:40,402508,8.0,1
OF_A5-Weekday-144000_M125_529,M125,d1,16,24:21:00,24:21:00,402509,7.0,1
OF_A5-Weekday-144000_M125_529,M125,d1,17,24:21:29,24:21:29,402510,7.0,1
OF_A5-Weekday-144000_M125_529,M125,d1,18,24:23:00,24:23:00,403604,6.0,1
OF_A5-Weekday-144000_M125_529,M125,d1,19,24:23:47,24:23:47,403763,6.0,1
OF_A5-Weekday-144000_M125_529,M125,d1,20,24:24:25,24:24:25,403677,4.0,1
OF_A5-Weekday-144000_M125_529,M125,d1,21,24:25:00,24:25:00,403829,4.0,1
OF_A5-Weekday-128700_M125_529,M125,d1,1,21:27:00,21:27:00,902208,3.0,1
OF_A5-Weekday-128700_M125_529,M125,d1,2,21:30:36,21:30:36,101069,5.0,1
OF_A5-Weekday-128700_M125_529,M125,d1,3,21:31:54,21:31:54,101071,5.0,1
OF_A5-Weekday-128700_M125_529,M125,d1,4,21:33:00,21:33:00,101072,8.0,1
OF_A5-Weekday-128700_M125_529,M125,d1,5,21:34:41,21:34:41,101074,8.0,1
OF_A5-Weekday-128700_M125_529,M125,d1,6,21:36:28,21:36:28,102839,7.0,1
OF_A5-Weekday-128700_M125_529,M125,d1,7,21:39:17,21:39:17,403766,7.0,1
OF_A5-Weekday-128700_M125_529,M125,d1,8,21:41:08,21:41:08,403676,5.0,1
OF_A5-Weekday-128700_M125_529,M125,d1,9,21:42:00,21:42:00,402502,16.0,1
OF_A5-Weekday-128700_M125_529,M125,d1,10,21:42:58,21:42:58,402503,16.0,1
OF_A5-Weekday-128700_M125_529,M125,d1,11,21:44:02,21:44:02,402504,16.0,2
OF_A5-Weekday-128700_M125_529,M125,d1,12,21:45:00,21:45:00,402505,18.0,2
OF_A5-Weekday-128700_M125_529,M125,d1,13,21:45:56,21:45:56,402506,18.0,2
OF_A5-Weekday-128700_M125_529,M125,d1,14,21:48:16,21:48:16,402507,18.0,2
OF_A5-Weekday-128700_M125_529,M125,d1,15,21:50:08,21:50:08,402508,15.0,1
OF_A5-Weekday-128700_M125_529,M125,d1,16,21:52:00,21:52:00,402509,14.0,1
OF_A5-Weekday-128700_M125_529,M125,d1,17,21:52:44,21:52:44,402510,14.0,1
OF_A5-Weekday-128700_M125_529,M125,d1,18,21:55:00,21:55:00,403604,14.0,1
OF_A5-Weekday-128700_M125_529,M125,d1,19,21:56:10,21:56:10,403763,10.0,1
OF_A5-Weekday-128700_M125_529,M125,d1,20,21:57:07,21:57:07,403677,2.0,1
OF_A5-Weekday-128700_M125_529,M125,d1,21,21:58:00,21:58:00,403829,2.0,1
OF_A5-Weekday-SDon-120900_M125_528,M125,d1,1,20:09:00,20:09:00,902208,13.0,1
OF_A5-Weekday-SDon-120900_M125_528,M125,d1,2,20:13:12,20:13:12,101069,13.0,1
OF_A5-Weekday-SDon-120900_M125_528,M125,d1,3,20:14:43,20:14:43,101071,13.0,2
OF_A5-Weekday-SDon-120900_M125_528,M125,d1,4,20:16:00,20:16:00,101072,18.0,2
OF_A5-Weekday-SDon-120900_M125_528,M125,d1,5,20:17:52,20:17:52,101074,2.0,1
OF_A5-Weekday-SDon-120900_M125_528,M125,d1,6,20:19:51,20:19:51,102839,2.0,2
OF_A5-Weekday-SDon-120900_M125_528,M125,d1,7,20:22:59,20:22:59,403766,18.0,2
OF_A5-Weekday-SDon-120900_M125_528,M125,d1,8,20:25:02,20:25:02,403676,17.0,2
OF_A5-Weekday-SDon-120900_M125_528,M125,d1,9,20:26:00,20:26:00,402502,18.0,2
OF_A5-Weekday-SDon-120900_M125_528,M125,d1,10,20:26:58,20:26:58,402503,18.0,2
OF_A5-Weekday-SDon-120900_M125_528,M125,d1,11,20:28:02,20:28:02,402504,18.0,2
OF_A5-Weekday-SDon-120900_M125_528,M125,d1,12,20:29:00,20:29:00,402505,18.0,2
OF_A5-Weekday-SDon-120900_M125_528,M125,d1,13,20:30:04,20:30:04,402506,15.0,1
OF_A5-Weekday-SDon-120900_M125_528,M125,d1,14,20:32:44,20:32:44,402507,11.0,1
OF_A5-Weekday-SDon-120900_M125_528,M125,d1,15,20:34:53,20:34:53,402508,5.0,1
OF_A5-Weekday-SDon-120900_M125_528,M125,d1,16,20:37:00,20:37:00,402509,7.0,1
OF_A5-Weekday-SDon-120900_M125_528,M125,d1,17,20:37:44,20:37:44,402510,2.0,1
OF_A5-Weekday-SDon-120900_M125_528,M125,d1,18,20:40:00,20:40:00,403604,6.0,1
OF_A5-Weekday-SDon-120900_M125_528,M125,d1,19,20:41:10,20:41:10,403763,6.0,1
OF_A5-Weekday-SDon-120900_M125_528,M125,d1,20,20:42:07,20:42:07,403677,6.0,1
OF_A5-Weekday-SDon-120900_M125_528,M125,d1,21,20:43:00,20:43:00,403829,6.0,1
OF_A5-Weekday-SDon-124200_M125_522,M125,d1,1,20:42:00,20:42:00,902208,13.0,1
OF_A5-Weekday-SDon-124200_M125_522,M125,d1,2,20:45:36,20:45:36,101069,13.0,1
OF_A5-Weekday-SDon-124200_M125_522,M125,d1,3,20:46:54,20:46:54,101071,13.0,1
OF_A5-Weekday-SDon-124200_M125_522,M125,d1,4,20:48:00,20:48:00,101072,13.0,1
OF_A5-Weekday-SDon-124200_M125_522,M125,d1,5,20:49:41,20:49:41,101074,13.0,1
OF_A5-Weekday-SDon-124200_M125_522,M125,d1,6,20:51:28,20:51:28,102839,13.0,1
OF_A5-Weekday-SDon-124200_M125_522,M125,d1,7,20:54:17,20:54:17,403766,7.0,1
OF_A5-Weekday-SDon-124200_M125_522,M125,d1,8,20:56:08,20:56:08,403676,7.0,1
OF_A5-Weekday-SDon-124200_M125_522,M125,d1,9,20:57:00,20:57:00,402502,3.0,1
OF_A5-Weekday-SDon-124200_M125_522,M125,d1,10,20:57:58,20:57:58,402503,11.0,1
OF_A5-Weekday-SDon-124200_M125_522,M125,d1,11,20:59:02,20:59:02,402504,11.0,1
OF_A5-Weekday-SDon-124200_M125_522,M125,d1,12,21:00:00,21:00:00,402505,11.0,1
OF_A5-Weekday-SDon-124200_M125_522,M125,d1,13,21:00:56,21:00:56,402506,11.0,2
OF_A5-Weekday-SDon-124200_M125_522,M125,d1,14,21:03:16,21:03:16,402507,21.0,2
OF_A5-Weekday-SDon-124200_M125_522,M125,d1,15,21:05:08,21:05:08,402508,21.0,2
OF_A5-Weekday-SDon-124200_M125_522,M125,d1,16,21:07:00,21:07:00,402509,14.0,1
OF_A5-Weekday-SDon-124200_M125_522,M125,d1,17,21:07:44,21:07:44,402510,7.0,1
OF_A5-Weekday-SDon-124200_M125_522,M125,d1,18,21:10:00,21:10:00,403604,7.0,1
OF_A5-Weekday-SDon-124200_M125_522,M125,d1,19,21:11:10,21:11:10,403763,7.0,1
OF_A5-Weekday-SDon-124200_M125_522,M125,d1,20,21:12:07,21:12:07,403677,7.0,1
OF_A5-Weekday-SDon-124200_M125_522,M125,d1,21,21:13:00,21:13:00,403829,7.0,1
OF_A5-Weekday-SDon-106700_M125_527,M125,d1,1,17:47:00,17:47:00,902208,1.0,1
OF_A5-Weekday-SDon-106700_M125_527,M125,d1,2,17:53:00,17:53:00,101069,1.0,1
OF_A5-Weekday-SDon-106700_M125_527,M125,d1,3,17:55:10,17:55:10,101071,1.0,1
OF_A5-Weekday-SDon-106700_M125_527,M125,d1,4,17:57:00,17:57:00,101072,9.0,1
OF_A5-Weekday-SDon-106700_M125_527,M125,d1,5,17:59:37,17:59:37,101074,9.0,1
OF_A5-Weekday-SDon-106700_M125_527,M125,d1,6,18:02:24,18:02:24,102839,9.0,1
OF_A5-Weekday-SDon-106700_M125_527,M125,d1,7,18:06:46,18:06:46,403766,7.0,2
OF_A5-Weekday-SDon-106700_M125_527,M125,d1,8,18:09:39,18:09:39,403676,25.0,2
OF_A5-Weekday-SDon-106700_M125_527,M125,d1,9,18:11:00,18:11:00,402502,25.0,2
OF_A5-Weekday-SDon-106700_M125_527,M125,d1,10,18:12:36,18:12:36,402503,30.0,2
OF_A5-Weekday-SDon-106700_M125_527,M125,d1,11,18:14:23,18:14:23,402504,30.0,2
OF_A5-Weekday-SDon-106700_M125_527,M125,d1,12,18:16:00,18:16:00,402505,30.0,2
OF_A5-Weekday-SDon-106700_M125_527,M125,d1,13,18:17:12,18:17:12,402506,30.0,2
OF_A5-Weekday-SDon-106700_M125_527,M125,d1,14,18:20:12,18:20:12,402507,30.0,2
OF_A5-Weekday-SDon-106700_M125_527,M125,d1,15,18:22:37,18:22:37,402508,13.0,1
OF_A5-Weekday-SDon-106700_M125_527,M125,d1,16,18:25:00,18:25:00,402509,5.0,1
OF_A5-Weekday-SDon-106700_M125_527,M125,d1,17,18:25:58,18:25:58,402510,6.0,1
OF_A5-Weekday-SDon-106700_M125_527,M125,d1,18,18:29:00,18:29:00,403604,1.0,1
OF_A5-Weekday-SDon-106700_M125_527,M125,d1,19,18:30:10,18:30:10,403763,1.0,1
OF_A5-Weekday-SDon-106700_M125_527,M125,d1,20,18:31:07,18:31:07,403677,1.0,1
OF_A5-Weekday-SDon-106700_M125_527,M125,d1,21,18:32:00,18:32:00,403829,1.0,1
OF_A5-Weekday-SDon-134600_M125_523,M125,d1,1,22:26:00,22:26:00,902208,7.0,1
OF_A5-Weekday-SDon-134600_M125_523,M125,d1,2,22:29:00,22:29:00,101069,4.0,1
OF_A5-Weekday-SDon-134600_M125_523,M125,d1,3,22:30:05,22:30:05,101071,3.0,1
OF_A5-Weekday-SDon-134600_M125_523,M125,d1,4,22:31:00,22:31:00,101072,3.0,1
OF_A5-Weekday-SDon-134600_M125_523,M125,d1,5,22:32:41,22:32:41,101074,2.0,1
OF_A5-Weekday-SDon-134600_M125_523,M125,d1,6,22:34:28,22:34:28,102839,2.0,1
OF_A5-Weekday-SDon-134600_M125_523,M125,d1,7,22:37:17,22:37:17,403766,2.0,1
OF_A5-Weekday-SDon-134600_M125_523,M125,d1,8,22:39:08,22:39:08,403676,2.0,1
OF_A5-Weekday-SDon-134600_M125_523,M125,d1,9,22:40:00,22:40:00,402502,2.0,1
OF_A5-Weekday-SDon-134600_M125_523,M125,d1,10,22:40:58,22:40:58,402503,1.0,1
OF_A5-Weekday-SDon-134600_M125_523,M125,d1,11,22:42:02,22:42:02,402504,1.0,1
OF_A5-Weekday-SDon-134600_M125_523,M125,d1,12,22:43:00,22:43:00,402505,2.0,1
OF_A5-Weekday-SDon-134600_M125_523,M125,d1,13,22:43:48,22:43:48,402506,2.0,1
OF_A5-Weekday-SDon-134600_M125_523,M125,d1,14,22:45:48,22:45:48,402507,2.0,1
OF_A5-Weekday-SDon-134600_M125_523,M125,d1,15,22:47:24,22:47:24,402508,1.0,1
OF_A5-Weekday-SDon-134600_M125_523,M125,d1,16,22:49:00,22:49:00,402509,1.0,1
OF_A5-Weekday-SDon-134600_M125_523,M125,d1,17,22:49:44,22:49:44,402510,1.0,1
OF_A5-Weekday-SDon-134600_M125_523,M125,d1,18,22:52:00,22:52:00,403604,1.0,1
OF_A5-Weekday-SDon-134600_M125_523,M125,d1,19,22:52:47,22:52:47,403763,1.0,1
OF_A5-Weekday-SDon-134600_M125_523,M125,d1,20,22:53:25,22:53:25,403677,1.0,1
OF_A5-Weekday-SDon-134600_M125_523,M125,d1,21,22:54:00,22:54:00,403829,1.0,1
OF_A5-Weekday-084000_M125_520,M125,d1,1,14:00:00,14:00:00,902208,37.0,3
OF_A5-Weekday-084000_M125_520,M125,d1,2,14:05:24,14:05:24,101069,37.0,3
OF_A5-Weekday-084000_M125_520,M125,d1,3,14:07:21,14:07:21,101071,37.0,3
OF_A5-Weekday-084000_M125_520,M125,d1,4,14:09:00,14:09:00,101072,27.0,2
OF_A5-Weekday-084000_M125_520,M125,d1,5,14:11:26,14:11:26,101074,27.0,2
OF_A5-Weekday-084000_M125_520,M125,d1,6,14:14:00,14:14:00,102839,30.0,3
OF_A5-Weekday-084000_M125_520,M125,d1,7,14:18:04,14:18:04,403766,33.0,3
OF_A5-Weekday-084000_M125_520,M125,d1,8,14:20:45,14:20:45,403676,33.0,3
OF_A5-Weekday-084000_M125_520,M125,d1,9,14:22:00,14:22:00,402502,36.0,3
OF_A5-Weekday-084000_M125_520,M125,d1,10,14:23:56,14:23:56,402503,36.0,3
OF_A5-Weekday-084000_M125_520,M125,d1,11,14:26:04,14:26:04,402504,40.0,3
OF_A5-Weekday-084000_M125_520,M125,d1,12,14:28:00,14:28:00,402505,40.0,3
OF_A5-Weekday-084000_M125_520,M125,d1,13,14:29:12,14:29:12,402506,40.0,5
OF_A5-Weekday-084000_M125_520,M125,d1,14,14:32:12,14:32:12,402507,67.0,5
OF_A5-Weekday-084000_M125_520,M125,d1,15,14:34:37,14:34:37,402508,67.0,5
OF_A5-Weekday-084000_M125_520,M125,d1,16,14:37:00,14:37:00,402509,60.0,4
OF_A5-Weekday-084000_M125_520,M125,d1,17,14:37:58,14:37:58,402510,57.0,4
OF_A5-Weekday-084000_M125_520,M125,d1,18,14:41:00,14:41:00,403604,57.0,4
OF_A5-Weekday-084000_M125_520,M125,d1,19,14:42:10,14:42:10,403763,42.0,3
OF_A5-Weekday-084000_M125_520,M125,d1,20,14:43:07,14:43:07,403677,42.0,3
OF_A5-Weekday-084000_M125_520,M125,d1,21,14:44:00,14:44:00,403829,42.0,3
OF_A5-Weekday-SDon-047400_M125_508,M125,d1,1,7:54:00,7:54:00,902208,22.0,2
OF_A5-Weekday-SDon-047400_M125_508,M125,d1,2,7:59:24,7:59:24,101069,27.0,2
OF_A5-Weekday-SDon-047400_M125_508,M125,d1,3,8:01:21,8:01:21,101071,27.0,2
OF_A5-Weekday-SDon-047400_M125_508,M125,d1,4,8:03:00,8:03:00,101072,25.0,2
OF_A5-Weekday-SDon-047400_M125_508,M125,d1,5,8:06:33,8:06:33,101074,27.0,2
OF_A5-Weekday-SDon-047400_M125_508,M125,d1,6,8:10:19,8:10:19,102839,27.0,2
OF_A5-Weekday-SDon-047400_M125_508,M125,d1,7,8:16:15,8:16:15,403766,27.0,3
OF_A5-Weekday-SDon-047400_M125_508,M125,d1,8,8:20:10,8:20:10,403676,47.0,3
OF_A5-Weekday-SDon-047400_M125_508,M125,d1,9,8:22:00,8:22:00,402502,47.0,3
OF_A5-Weekday-SDon-047400_M125_508,M125,d1,10,8:23:36,8:23:36,402503,47.0,4
OF_A5-Weekday-SDon-047400_M125_508,M125,d1,11,8:25:23,8:25:23,402504,50.0,4
OF_A5-Weekday-SDon-047400_M125_508,M125,d1,12,8:27:00,8:27:00,402505,50.0,4
OF_A5-Weekday-SDon-047400_M125_508,M125,d1,13,8:27:56,8:27:56,402506,50.0,4
OF_A5-Weekday-SDon-047400_M125_508,M125,d1,14,8:30:16,8:30:16,402507,50.0,4
OF_A5-Weekday-SDon-047400_M125_508,M125,d1,15,8:32:08,8:32:08,402508,50.0,4
OF_A5-Weekday-SDon-047400_M125_508,M125,d1,16,8:34:00,8:34:00,402509,36.0,3
OF_A5-Weekday-SDon-047400_M125_508,M125,d1,17,8:34:58,8:34:58,402510,22.0,2
OF_A5-Weekday-SDon-047400_M125_508,M125,d1,18,8:38:00,8:38:00,403604,22.0,2
OF_A5-Weekday-SDon-047400_M125_508,M125,d1,19,8:39:10,8:39:10,403763,22.0,2
OF_A5-Weekday-SDon-047400_M125_508,M125,d1,20,8:40:07,8:40:07,403677,4.0,1
OF_A5-Weekday-SDon-047400_M125_508,M125,d1,21,8:41:00,8:41:00,403829,4.0,1
OF_A5-Weekday-141000_M125_527,M125,d1,1,23:30:00,23:30:00,902208,10.0,1
OF_A5-Weekday-141000_M125_527,M125,d1,2,23:33:00,23:33:00,101069,10.0,1
OF_A5-Weekday-141000_M125_527,M125,d1,3,23:34:05,23:34:05,101071,10.0,1
OF_A5-Weekday-141000_M125_527,M125,d1,4,23:35:00,23:35:00,101072,7.0,1
OF_A5-Weekday-141000_M125_527,M125,d1,5,23:36:30,23:36:30,101074,6.0,1
OF_A5-Weekday-141000_M125_527,M125,d1,6,23:38:05,23:38:05,102839,6.0,1
OF_A5-Weekday-141000_M125_527,M125,d1,7,23:40:35,23:40:35,403766,6.0,1
OF_A5-Weekday-141000_M125_527,M125,d1,8,23:42:14,23:42:14,403676,5.0,1
OF_A5-Weekday-141000_M125_527,M125,d1,9,23:43:00,23:43:00,402502,5.0,1
OF_A5-Weekday-141000_M125_527,M125,d1,10,23:43:58,23:43:58,402503,5.0,1
OF_A5-Weekday-141000_M125_527,M125,d1,11,23:45:02,23:45:02,402504,5.0,1
OF_A5-Weekday-141000_M125_527,M125,d1,12,23:46:00,23:46:00,402505,5.0,1
OF_A5-Weekday-141000_M125_527,M125,d1,13,23:46:40,23:46:40,402506,6.0,1
OF_A5-Weekday-141000_M125_527,M125,d1,14,23:48:20,23:48:20,402507,6.0,1
OF_A5-Weekday-141000_M125_527,M125,d1,15,23:49:40,23:49:40,402508,6.0,1
OF_A5-Weekday-141000_M125_527,M125,d1,16,23:51:00,23:51:00,402509,6.0,1
OF_A5-Weekday-141000_M125_527,M125,d1,17,23:51:29,23:51:29,402510,6.0,1
OF_A5-Weekday-141000_M125_527,M125,d1,18,23:53:00,23:53:00,403604,2.0,1
OF_A5-Weekday-141000_M125_527,M125,d1,19,23:53:47,23:53:47,403763,4.0,1
OF_A5-Weekday-141000_M125_527,M125,d1,20,23:54:25,23:54:25,403677,2.0,1
OF_A5-Weekday-141000_M125_527,M125,d1,21,23:55:00,23:55:00,403829,2.0,1
OF_A5-Weekday-SDon-076000_M125_506,M125,d1,1,12:40:00,12:40:00,902208,14.0,2
OF_A5-Weekday-SDon-076000_M125_506,M125,d1,2,12:44:48,12:44:48,101069,17.0,2
OF_A5-Weekday-SDon-076000_M125_506,M125,d1,3,12:46:32,12:46:32,101071,10.0,1
OF_A5-Weekday-SDon-076000_M125_506,M125,d1,4,12:48:00,12:48:00,101072,12.0,1
OF_A5-Weekday-SDon-076000_M125_506,M125,d1,5,12:50:26,12:50:26,101074,15.0,2
OF_A5-Weekday-SDon-076000_M125_506,M125,d1,6,12:53:00,12:53:00,102839,20.0,2
OF_A5-Weekday-SDon-076000_M125_506,M125,d1,7,12:57:04,12:57:04,403766,17.0,2
OF_A5-Weekday-SDon-076000_M125_506,M125,d1,8,12:59:45,12:59:45,403676,13.0,1
OF_A5-Weekday-SDon-076000_M125_506,M125,d1,9,13:01:00,13:01:00,402502,14.0,2
OF_A5-Weekday-SDon-076000_M125_506,M125,d1,10,13:02:56,13:02:56,402503,17.0,2
OF_A5-Weekday-SDon-076000_M125_506,M125,d1,11,13:05:04,13:05:04,402504,17.0,2
OF_A5-Weekday-SDon-076000_M125_506,M125,d1,12,13:07:00,13:07:00,402505,17.0,2
OF_A5-Weekday-SDon-076000_M125_506,M125,d1,13,13:08:12,13:08:12,402506,22.0,2
OF_A5-Weekday-SDon-076000_M125_506,M125,d1,14,13:11:12,13:11:12,402507,20.0,2
OF_A5-Weekday-SDon-076000_M125_506,M125,d1,15,13:13:37,13:13:37,402508,13.0,2
OF_A5-Weekday-SDon-076000_M125_506,M125,d1,16,13:16:00,13:16:00,402509,19.0,2
OF_A5-Weekday-SDon-076000_M125_506,M125,d1,17,13:16:58,13:16:58,402510,19.0,2
OF_A5-Weekday-SDon-076000_M125_506,M125,d1,18,13:20:00,13:20:00,403604,19.0,2
OF_A5-Weekday-SDon-076000_M125_506,M125,d1,19,13:21:10,13:21:10,403763,13.0,1
OF_A5-Weekday-SDon-076000_M125_506,M125,d1,20,13:22:07,13:22:07,403677,12.0,1
OF_A5-Weekday-SDon-076000_M125_506,M125,d1,21,13:23:00,13:23:00,403829,12.0,1
OF_A5-Weekday-SDon-068800_M125_516,M125,d1,1,11:28:00,11:28:00,902208,5.0,1
OF_A5-Weekday-SDon-068800_M125_516,M125,d1,2,11:32:48,11:32:48,101069,15.0,1
OF_A5-Weekday-SDon-068800_M125_516,M125,d1,3,11:34:32,11:34:32,101071,14.0,1
OF_A5-Weekday-SDon-068800_M125_516,M125,d1,4,11:36:00,11:36:00,101072,14.0,3
OF_A5-Weekday-SDon-068800_M125_516,M125,d1,5,11:38:26,11:38:26,101074,34.0,3
OF_A5-Weekday-SDon-068800_M125_516,M125,d1,6,11:41:00,11:41:00,102839,33.0,3
OF_A5-Weekday-SDon-068800_M125_516,M125,d1,7,11:45:04,11:45:04,403766,33.0,3
OF_A5-Weekday-SDon-068800_M125_516,M125,d1,8,11:47:45,11:47:45,403676,33.0,3
OF_A5-Weekday-SDon-068800_M125_516,M125,d1,9,11:49:00,11:49:00,402502,35.0,3
OF_A5-Weekday-SDon-068800_M125_516,M125,d1,10,11:50:36,11:50:36,402503,17.0,4
OF_A5-Weekday-SDon-068800_M125_516,M125,d1,11,11:52:23,11:52:23,402504,49.0,4
OF_A5-Weekday-SDon-068800_M125_516,M125,d1,12,11:54:00,11:54:00,402505,55.0,4
OF_A5-Weekday-SDon-068800_M125_516,M125,d1,13,11:55:04,11:55:04,402506,54.0,4
OF_A5-Weekday-SDon-068800_M125_516,M125,d1,14,11:57:44,11:57:44,402507,32.0,3
OF_A5-Weekday-SDon-068800_M125_516,M125,d1,15,11:59:53,11:59:53,402508,35.0,3
OF_A5-Weekday-SDon-068800_M125_516,M125,d1,16,12:02:00,12:02:00,402509,19.0,2
OF_A5-Weekday-SDon-068800_M125_516,M125,d1,17,12:02:44,12:02:44,402510,19.0,2
OF_A5-Weekday-SDon-068800_M125_516,M125,d1,18,12:05:00,12:05:00,403604,1.0,1
OF_A5-Weekday-SDon-068800_M125_516,M125,d1,19,12:06:10,12:06:10,403763,1.0,1
OF_A5-Weekday-SDon-068800_M125_516,M125,d1,20,12:07:07,12:07:07,403677,1.0,1
OF_A5-Weekday-SDon-068800_M125_516,M125,d1,21,12:08:00,12:08:00,403829,1.0,1
OF_A5-Weekday-043600_M125_512,M125,d1,1,7:16:00,7:16:00,902208,13.0,1
OF_A5-Weekday-043600_M125_512,M125,d1,2,7:21:24,7:21:24,101069,13.0,1
OF_A5-Weekday-043600_M125_512,M125,d1,3,7:23:21,7:23:21,101071,13.0,1
OF_A5-Weekday-043600_M125_512,M125,d1,4,7:25:00,7:25:00,101072,13.0,1
OF_A5-Weekday-043600_M125_512,M125,d1,5,7:28:33,7:28:33,101074,13.0,1
OF_A5-Weekday-043600_M125_512,M125,d1,6,7:32:19,7:32:19,102839,10.0,1
OF_A5-Weekday-043600_M125_512,M125,d1,7,7:38:15,7:38:15,403766,10.0,1
OF_A5-Weekday-043600_M125_512,M125,d1,8,7:42:10,7:42:10,403676,10.0,3
OF_A5-Weekday-043600_M125_512,M125,d1,9,7:44:00,7:44:00,402502,37.0,3
OF_A5-Weekday-043600_M125_512,M125,d1,10,7:45:36,7:45:36,402503,37.0,3
OF_A5-Weekday-043600_M125_512,M125,d1,11,7:47:23,7:47:23,402504,37.0,3
OF_A5-Weekday-043600_M125_512,M125,d1,12,7:49:00,7:49:00,402505,37.0,3
OF_A5-Weekday-043600_M125_512,M125,d1,13,7:49:56,7:49:56,402506,37.0,3
OF_A5-Weekday-043600_M125_512,M125,d1,14,7:52:16,7:52:16,402507,37.0,3
OF_A5-Weekday-043600_M125_512,M125,d1,15,7:54:08,7:54:08,402508,37.0,3
OF_A5-Weekday-043600_M125_512,M125,d1,16,7:56:00,7:56:00,402509,37.0,3
OF_A5-Weekday-043600_M125_512,M125,d1,17,7:56:58,7:56:58,402510,37.0,3
OF_A5-Weekday-043600_M125_512,M125,d1,18,8:00:00,8:00:00,403604,37.0,3
OF_A5-Weekday-043600_M125_512,M125,d1,19,8:01:10,8:01:10,403763,37.0,3
OF_A5-Weekday-043600_M125_512,M125,d1,20,8:02:07,8:02:07,403677,37.0,3
OF_A5-Weekday-043600_M125_512,M125,d1,21,8:03:00,8:03:00,403829,37.0,3
OF_A5-Weekday-SDon-066400_M125_505,M125,d1,1,11:04:00,11:04:00,902208,32.0,2
OF_A5-Weekday-SDon-066400_M125_505,M125,d1,2,11:08:48,11:08:48,101069,32.0,2
OF_A5-Weekday-SDon-066400_M125_505,M125,d1,3,11:10:32,11:10:32,101071,32.0,2
OF_A5-Weekday-SDon-066400_M125_505,M125,d1,4,11:12:00,11:12:00,101072,25.0,2
OF_A5-Weekday-SDon-066400_M125_505,M125,d1,5,11:14:26,11:14:26,101074,29.0,2
OF_A5-Weekday-SDon-066400_M125_505,M125,d1,6,11:17:00,11:17:00,102839,29.0,2
OF_A5-Weekday-SDon-066400_M125_505,M125,d1,7,11:21:04,11:21:04,403766,29.0,2
OF_A5-Weekday-SDon-066400_M125_505,M125,d1,8,11:23:45,11:23:45,403676,29.0,2
OF_A5-Weekday-SDon-066400_M125_505,M125,d1,9,11:25:00,11:25:00,402502,29.0,2
OF_A5-Weekday-SDon-066400_M125_505,M125,d1,10,11:26:36,11:26:36,402503,29.0,2
OF_A5-Weekday-SDon-066400_M125_505,M125,d1,11,11:28:23,11:28:23,402504,29.0,2
OF_A5-Weekday-SDon-066400_M125_505,M125,d1,12,11:30:00,11:30:00,402505,29.0,2
OF_A5-Weekday-SDon-066400_M125_505,M125,d1,13,11:31:04,11:31:04,402506,29.0,2
OF_A5-Weekday-SDon-066400_M125_505,M125,d1,14,11:33:44,11:33:44,402507,29.0,2
OF_A5-Weekday-SDon-066400_M125_505,M125,d1,15,11:35:53,11:35:53,402508,29.0,2
OF_A5-Weekday-SDon-066400_M125_505,M125,d1,16,11:38:00,11:38:00,402509,29.0,2
OF_A5-Weekday-SDon-066400_M125_505,M125,d1,17,11:38:44,11:38:44,402510,29.0,2
OF_A5-Weekday-SDon-066400_M125_505,M125,d1,18,11:41:00,11:41:00,403604,29.0,2
OF_A5-Weekday-SDon-066400_M125_505,M125,d1,19,11:42:10,11:42:10,403763,29.0,2
OF_A5-Weekday-SDon-066400_M125_505,M125,d1,20,11:43:07,11:43:07,403677,29.0,2
OF_A5-Weekday-SDon-066400_M125_505,M125,d1,21,11:44:00,11:44:00,403829,29.0,2
OF_A5-Weekday-050600_M125_509,M125,d1,1,8:26:00,8:26:00,902208,1.0,2
OF_A5-Weekday-050600_M125_509,M125,d1,2,8:31:24,8:31:24,101069,22.0,2
OF_A5-Weekday-050600_M125_509,M125,d1,3,8:33:21,8:33:21,101071,22.0,2
OF_A5-Weekday-050600_M125_509,M125,d1,4,8:35:00,8:35:00,101072,19.0,2
OF_A5-Weekday-050600_M125_509,M125,d1,5,8:37:37,8:37:37,101074,18.0,2
OF_A5-Weekday-050600_M125_509,M125,d1,6,8:40:24,8:40:24,102839,16.0,2
OF_A5-Weekday-050600_M125_509,M125,d1,7,8:44:46,8:44:46,403766,22.0,2
OF_A5-Weekday-050600_M125_509,M125,d1,8,8:47:39,8:47:39,403676,15.0,2
OF_A5-Weekday-050600_M125_509,M125,d1,9,8:49:00,8:49:00,402502,27.0,3
OF_A5-Weekday-050600_M125_509,M125,d1,10,8:50:56,8:50:56,402503,45.0,4
OF_A5-Weekday-050600_M125_509,M125,d1,11,8:53:04,8:53:04,402504,49.0,4
OF_A5-Weekday-050600_M125_509,M125,d1,12,8:55:00,8:55:00,402505,49.0,4
OF_A5-Weekday-050600_M125_509,M125,d1,13,8:56:04,8:56:04,402506,50.0,4
OF_A5-Weekday-050600_M125_509,M125,d1,14,8:58:44,8:58:44,402507,33.0,3
OF_A5-Weekday-050600_M125_509,M125,d1,15,9:00:53,9:00:53,402508,34.0,3
OF_A5-Weekday-050600_M125_509,M125,d1,16,9:03:00,9:03:00,402509,34.0,3
OF_A5-Weekday-050600_M125_509,M125,d1,17,9:03:58,9:03:58,402510,34.0,3
OF_A5-Weekday-050600_M125_509,M125,d1,18,9:07:00,9:07:00,403604,5.0,3
OF_A5-Weekday-050600_M125_509,M125,d1,19,9:08:10,9:08:10,403763,34.0,3
OF_A5-Weekday-050600_M125_509,M125,d1,20,9:09:07,9:09:07,403677,34.0,3
OF_A5-Weekday-050600_M125_509,M125,d1,21,9:10:00,9:10:00,403829,34.0,3
OF_A5-Weekday-SDon-103700_M125_529,M125,d1,1,17:17:00,17:17:00,902208,36.0,3
OF_A5-Weekday-SDon-103700_M125_529,M125,d1,2,17:23:00,17:23:00,101069,36.0,3
OF_A5-Weekday-SDon-103700_M125_529,M125,d1,3,17:25:10,17:25:10,101071,36.0,3
OF_A5-Weekday-SDon-103700_M125_529,M125,d1,4,17:27:00,17:27:00,101072,36.0,3
OF_A5-Weekday-SDon-103700_M125_529,M125,d1,5,17:29:37,17:29:37,101074,36.0,3
OF_A5-Weekday-SDon-103700_M125_529,M125,d1,6,17:32:24,17:32:24,102839,36.0,3
OF_A5-Weekday-SDon-103700_M125_529,M125,d1,7,17:36:46,17:36:46,403766,36.0,3
OF_A5-Weekday-SDon-103700_M125_529,M125,d1,8,17:39:39,17:39:39,403676,36.0,3
OF_A5-Weekday-SDon-103700_M125_529,M125,d1,9,17:41:00,17:41:00,402502,36.0,3
OF_A5-Weekday-SDon-103700_M125_529,M125,d1,10,17:42:36,17:42:36,402503,36.0,4
OF_A5-Weekday-SDon-103700_M125_529,M125,d1,11,17:44:23,17:44:23,402504,49.0,4
OF_A5-Weekday-SDon-103700_M125_529,M125,d1,12,17:46:00,17:46:00,402505,49.0,4
OF_A5-Weekday-SDon-103700_M125_529,M125,d1,13,17:47:12,17:47:12,402506,49.0,4
OF_A5-Weekday-SDon-103700_M125_529,M125,d1,14,17:50:12,17:50:12,402507,49.0,4
OF_A5-Weekday-SDon-103700_M125_529,M125,d1,15,17:52:37,17:52:37,402508,47.0,3
OF_A5-Weekday-SDon-103700_M125_529,M125,d1,16,17:55:00,17:55:00,402509,32.0,2
OF_A5-Weekday-SDon-103700_M125_529,M125,d1,17,17:55:58,17:55:58,402510,27.0,2
OF_A5-Weekday-SDon-103700_M125_529,M125,d1,18,17:59:00,17:59:00,403604,27.0,2
OF_A5-Weekday-SDon-103700_M125_529,M125,d1,19,18:00:10,18:00:10,403763,17.0,2
OF_A5-Weekday-SDon-103700_M125_529,M125,d1,20,18:01:07,18:01:07,403677,17.0,2
OF_A5-Weekday-SDon-103700_M125_529,M125,d1,21,18:02:00,18:02:00,403829,17.0,2
OF_A5-Weekday-076000_M125_506,M125,d1,1,12:40:00,12:40:00,902208,4.0,1
OF_A5-Weekday-076000_M125_506,M125,d1,2,12:44:48,12:44:48,101069,9.0,1
OF_A5-Weekday-076000_M125_506,M125,d1,3,12:46:32,12:46:32,101071,9.0,1
OF_A5-Weekday-076000_M125_506,M125,d1,4,12:48:00,12:48:00,101072,8.0,1
OF_A5-Weekday-076000_M125_506,M125,d1,5,12:50:26,12:50:26,101074,8.0,1
OF_A5-Weekday-076000_M125_506,M125,d1,6,12:53:00,12:53:00,102839,8.0,1
OF_A5-Weekday-076000_M125_506,M125,d1,7,12:57:04,12:57:04,403766,8.0,1
OF_A5-Weekday-076000_M125_506,M125,d1,8,12:59:45,12:59:45,403676,7.0,1
OF_A5-Weekday-076000_M125_506,M125,d1,9,13:01:00,13:01:00,402502,15.0,1
OF_A5-Weekday-076000_M125_506,M125,d1,10,13:02:56,13:02:56,402503,15.0,2
OF_A5-Weekday-076000_M125_506,M125,d1,11,13:05:04,13:05:04,402504,24.0,2
OF_A5-Weekday-076000_M125_506,M125,d1,12,13:07:00,13:07:00,402505,24.0,2
OF_A5-Weekday-076000_M125_506,M125,d1,13,13:08:12,13:08:12,402506,23.0,2
OF_A5-Weekday-076000_M125_506,M125,d1,14,13:11:12,13:11:12,402507,26.0,2
OF_A5-Weekday-076000_M125_506,M125,d1,15,13:13:37,13:13:37,402508,23.0,2
OF_A5-Weekday-076000_M125_506,M125,d1,16,13:16:00,13:16:00,402509,23.0,2
OF_A5-Weekday-076000_M125_506,M125,d1,17,13:16:58,13:16:58,402510,3.0,1
OF_A5-Weekday-076000_M125_506,M125,d1,18,13:20:00,13:20:00,403604,3.0,1
OF_A5-Weekday-076000_M125_506,M125,d1,19,13:21:10,13:21:10,403763,3.0,1
OF_A5-Weekday-076000_M125_506,M125,d1,20,13:22:07,13:22:07,403677,3.0,1
OF_A5-Weekday-076000_M125_506,M125,d1,21,13:23:00,13:23:00,403829,3.0,1
OF_A5-Weekday-SDon-043600_M125_512,M125,d1,1,7:16:00,7:16:00,902208,4.0,1
OF_A5-Weekday-SDon-043600_M125_512,M125,d1,2,7:21:24,7:21:24,101069,4.0,1
OF_A5-Weekday-SDon-043600_M125_512,M125,d1,3,7:23:21,7:23:21,101071,4.0,1
OF_A5-Weekday-SDon-043600_M125_512,M125,d1,4,7:25:00,7:25:00,101072,4.0,1
OF_A5-Weekday-SDon-043600_M125_512,M125,d1,5,7:28:33,7:28:33,101074,4.0,1
OF_A5-Weekday-SDon-043600_M125_512,M125,d1,6,7:32:19,7:32:19,102839,4.0,1
OF_A5-Weekday-SDon-043600_M125_512,M125,d1,7,7:38:15,7:38:15,403766,4.0,1
OF_A5-Weekday-SDon-043600_M125_512,M125,d1,8,7:42:10,7:42:10,403676,4.0,2
OF_A5-Weekday-SDon-043600_M125_512,M125,d1,9,7:44:00,7:44:00,402502,26.0,2
OF_A5-Weekday-SDon-043600_M125_512,M125,d1,10,7:45:36,7:45:36,402503,26.0,2
OF_A5-Weekday-SDon-043600_M125_512,M125,d1,11,7:47:23,7:47:23,402504,26.0,2
OF_A5-Weekday-SDon-043600_M125_512,M125,d1,12,7:49:00,7:49:00,402505,26.0,2
OF_A5-Weekday-SDon-043600_M125_512,M125,d1,13,7:49:56,7:49:56,402506,26.0,4
OF_A5-Weekday-SDon-043600_M125_512,M125,d1,14,7:52:16,7:52:16,402507,55.0,4
OF_A5-Weekday-SDon-043600_M125_512,M125,d1,15,7:54:08,7:54:08,402508,55.0,4
OF_A5-Weekday-SDon-043600_M125_512,M125,d1,16,7:56:00,7:56:00,402509,55.0,4
OF_A5-Weekday-SDon-043600_M125_512,M125,d1,17,7:56:58,7:56:58,402510,55.0,4
OF_A5-Weekday-SDon-043600_M125_512,M125,d1,18,8:00:00,8:00:00,403604,46.0,3
OF_A5-Weekday-SDon-043600_M125_512,M125,d1,19,8:01:10,8:01:10,403763,10.0,1
OF_A5-Weekday-SDon-043600_M125_512,M125,d1,20,8:02:07,8:02:07,403677,10.0,1
OF_A5-Weekday-SDon-043600_M125_512,M125,d1,21,8:03:00,8:03:00,403829,10.0,1
OF_A5-Weekday-068800_M125_516,M125,d1,1,11:28:00,11:28:00,902208,37.0,3
OF_A5-Weekday-068800_M125_516,M125,d1,2,11:32:48,11:32:48,101069,37.0,3
OF_A5-Weekday-068800_M125_516,M125,d1,3,11:34:32,11:34:32,101071,39.0,3
OF_A5-Weekday-068800_M125_516,M125,d1,4,11:36:00,11:36:00,101072,41.0,3
OF_A5-Weekday-068800_M125_516,M125,d1,5,11:38:26,11:38:26,101074,41.0,3
OF_A5-Weekday-068800_M125_516,M125,d1,6,11:41:00,11:41:00,102839,41.0,3
OF_A5-Weekday-068800_M125_516,M125,d1,7,11:45:04,11:45:04,403766,33.0,3
OF_A5-Weekday-068800_M125_516,M125,d1,8,11:47:45,11:47:45,403676,36.0,3
OF_A5-Weekday-068800_M125_516,M125,d1,9,11:49:00,11:49:00,402502,36.0,3
OF_A5-Weekday-068800_M125_516,M125,d1,10,11:50:36,11:50:36,402503,41.0,3
OF_A5-Weekday-068800_M125_516,M125,d1,11,11:52:23,11:52:23,402504,41.0,3
OF_A5-Weekday-068800_M125_516,M125,d1,12,11:54:00,11:54:00,402505,41.0,3
OF_A5-Weekday-068800_M125_516,M125,d1,13,11:55:04,11:55:04,402506,41.0,3
OF_A5-Weekday-068800_M125_516,M125,d1,14,11:57:44,11:57:44,402507,41.0,3
OF_A5-Weekday-068800_M125_516,M125,d1,15,11:59:53,11:59:53,402508,41.0,3
OF_A5-Weekday-068800_M125_516,M125,d1,16,12:02:00,12:02:00,402509,41.0,3
OF_A5-Weekday-068800_M125_516,M125,d1,17,12:02:44,12:02:44,402510,41.0,3
OF_A5-Weekday-068800_M125_516,M125,d1,18,12:05:00,12:05:00,403604,41.0,3
OF_A5-Weekday-068800_M125_516,M125,d1,19,12:06:10,12:06:10,403763,41.0,3
OF_A5-Weekday-068800_M125_516,M125,d1,20,12:07:07,12:07:07,403677,41.0,3
OF_A5-Weekday-068800_M125_516,M125,d1,21,12:08:00,12:08:00,403829,41.0,3
OF_A5-Weekday-SDon-073600_M125_518,M125,d1,1,12:16:00,12:16:00,902208,17.0,3
OF_A5-Weekday-SDon-073600_M125_518,M125,d1,2,12:20:48,12:20:48,101069,37.0,4
OF_A5-Weekday-SDon-073600_M125_518,M125,d1,3,12:22:32,12:22:32,101071,51.0,4
OF_A5-Weekday-SDon-073600_M125_518,M125,d1,4,12:24:00,12:24:00,101072,38.0,3
OF_A5-Weekday-SDon-073600_M125_518,M125,d1,5,12:26:26,12:26:26,101074,42.0,3
OF_A5-Weekday-SDon-073600_M125_518,M125,d1,6,12:29:00,12:29:00,102839,47.0,3
OF_A5-Weekday-SDon-073600_M125_518,M125,d1,7,12:33:04,12:33:04,403766,45.0,3
OF_A5-Weekday-SDon-073600_M125_518,M125,d1,8,12:35:45,12:35:45,403676,38.0,3
OF_A5-Weekday-SDon-073600_M125_518,M125,d1,9,12:37:00,12:37:00,402502,38.0,4
OF_A5-Weekday-SDon-073600_M125_518,M125,d1,10,12:38:36,12:38:36,402503,53.0,4
OF_A5-Weekday-SDon-073600_M125_518,M125,d1,11,12:40:23,12:40:23,402504,53.0,4
OF_A5-Weekday-SDon-073600_M125_518,M125,d1,12,12:42:00,12:42:00,402505,32.0,4
OF_A5-Weekday-SDon-073600_M125_518,M125,d1,13,12:43:04,12:43:04,402506,59.0,4
OF_A5-Weekday-SDon-073600_M125_518,M125,d1,14,12:45:44,12:45:44,402507,59.0,4
OF_A5-Weekday-SDon-073600_M125_518,M125,d1,15,12:47:53,12:47:53,402508,59.0,4
OF_A5-Weekday-SDon-073600_M125_518,M125,d1,16,12:50:00,12:50:00,402509,33.0,3
OF_A5-Weekday-SDon-073600_M125_518,M125,d1,17,12:50:44,12:50:44,402510,18.0,2
OF_A5-Weekday-SDon-073600_M125_518,M125,d1,18,12:53:00,12:53:00,403604,18.0,2
OF_A5-Weekday-SDon-073600_M125_518,M125,d1,19,12:54:10,12:54:10,403763,6.0,1
OF_A5-Weekday-SDon-073600_M125_518,M125,d1,20,12:55:07,12:55:07,403677,6.0,1
OF_A5-Weekday-SDon-073600_M125_518,M125,d1,21,12:56:00,12:56:00,403829,6.0,1
OF_A5-Weekday-103700_M125_529,M125,d1,1,17:17:00,17:17:00,902208,10.0,1
OF_A5-Weekday-103700_M125_529,M125,d1,2,17:23:00,17:23:00,101069,10.0,1
OF_A5-Weekday-103700_M125_529,M125,d1,3,17:25:10,17:25:10,101071,10.0,1
OF_A5-Weekday-103700_M125_529,M125,d1,4,17:27:00,17:27:00,101072,10.0,1
OF_A5-Weekday-103700_M125_529,M125,d1,5,17:29:37,17:29:37,101074,10.0,1
OF_A5-Weekday-103700_M125_529,M125,d1,6,17:32:24,17:32:24,102839,10.0,1
OF_A5-Weekday-103700_M125_529,M125,d1,7,17:36:46,17:36:46,403766,10.0,1
OF_A5-Weekday-103700_M125_529,M125,d1,8,17:39:39,17:39:39,403676,10.0,1
OF_A5-Weekday-103700_M125_529,M125,d1,9,17:41:00,17:41:00,402502,10.0,1
OF_A5-Weekday-103700_M125_529,M125,d1,10,17:42:36,17:42:36,402503,10.0,1
OF_A5-Weekday-103700_M125_529,M125,d1,11,17:44:23,17:44:23,402504,10.0,1
OF_A5-Weekday-103700_M125_529,M125,d1,12,17:46:00,17:46:00,402505,10.0,1
OF_A5-Weekday-103700_M125_529,M125,d1,13,17:47:12,17:47:12,402506,10.0,1
OF_A5-Weekday-103700_M125_529,M125,d1,14,17:50:12,17:50:12,402507,10.0,1
OF_A5-Weekday-103700_M125_529,M125,d1,15,17:52:37,17:52:37,402508,10.0,1
OF_A5-Weekday-103700_M125_529,M125,d1,16,17:55:00,17:55:00,402509,10.0,1
OF_A5-Weekday-103700_M125_529,M125,d1,17,17:55:58,17:55:58,402510,10.0,1
OF_A5-Weekday-103700_M125_529,M125,d1,18,17:59:00,17:59:00,403604,10.0,1
OF_A5-Weekday-103700_M125_529,M125,d1,19,18:00:10,18:00:10,403763,10.0,1
OF_A5-Weekday-103700_M125_529,M125,d1,20,18:01:07,18:01:07,403677,10.0,1
OF_A5-Weekday-103700_M125_529,M125,d1,21,18:02:00,18:02:00,403829,10.0,1
OF_A5-Weekday-125100_M125_527,M125,d1,1,20:51:00,20:51:00,902208,15.0,1
OF_A5-Weekday-125100_M125_527,M125,d1,2,20:54:36,20:54:36,101069,15.0,1
OF_A5-Weekday-125100_M125_527,M125,d1,3,20:55:54,20:55:54,101071,15.0,1
OF_A5-Weekday-125100_M125_527,M125,d1,4,20:57:00,20:57:00,101072,10.0,1
OF_A5-Weekday-125100_M125_527,M125,d1,5,20:58:41,20:58:41,101074,14.0,1
OF_A5-Weekday-125100_M125_527,M125,d1,6,21:00:28,21:00:28,102839,9.0,1
OF_A5-Weekday-125100_M125_527,M125,d1,7,21:03:17,21:03:17,403766,11.0,1
OF_A5-Weekday-125100_M125_527,M125,d1,8,21:05:08,21:05:08,403676,11.0,2
OF_A5-Weekday-125100_M125_527,M125,d1,9,21:06:00,21:06:00,402502,20.0,2
OF_A5-Weekday-125100_M125_527,M125,d1,10,21:06:58,21:06:58,402503,11.0,1
OF_A5-Weekday-125100_M125_527,M125,d1,11,21:08:02,21:08:02,402504,11.0,2
OF_A5-Weekday-125100_M125_527,M125,d1,12,21:09:00,21:09:00,402505,19.0,2
OF_A5-Weekday-125100_M125_527,M125,d1,13,21:09:56,21:09:56,402506,19.0,2
OF_A5-Weekday-125100_M125_527,M125,d1,14,21:12:16,21:12:16,402507,27.0,2
OF_A5-Weekday-125100_M125_527,M125,d1,15,21:14:08,21:14:08,402508,23.0,2
OF_A5-Weekday-125100_M125_527,M125,d1,16,21:16:00,21:16:00,402509,7.0,2
OF_A5-Weekday-125100_M125_527,M125,d1,17,21:16:44,21:16:44,402510,20.0,2
OF_A5-Weekday-125100_M125_527,M125,d1,18,21:19:00,21:19:00,403604,2.0,2
OF_A5-Weekday-125100_M125_527,M125,d1,19,21:20:10,21:20:10,403763,20.0,2
OF_A5-Weekday-125100_M125_527,M125,d1,20,21:21:07,21:21:07,403677,13.0,1
OF_A5-Weekday-125100_M125_527,M125,d1,21,21:22:00,21:22:00,403829,13.0,1
OF_A5-Weekday-134600_M125_523,M125,d1,1,22:26:00,22:26:00,902208,9.0,1
OF_A5-Weekday-134600_M125_523,M125,d1,2,22:29:00,22:29:00,101069,7.0,1
OF_A5-Weekday-134600_M125_523,M125,d1,3,22:30:05,22:30:05,101071,9.0,1
OF_A5-Weekday-134600_M125_523,M125,d1,4,22:31:00,22:31:00,101072,8.0,1
OF_A5-Weekday-134600_M125_523,M125,d1,5,22:32:41,22:32:41,101074,8.0,1
OF_A5-Weekday-134600_M125_523,M125,d1,6,22:34:28,22:34:28,102839,10.0,1
OF_A5-Weekday-134600_M125_523,M125,d1,7,22:37:17,22:37:17,403766,10.0,1
OF_A5-Weekday-134600_M125_523,M125,d1,8,22:39:08,22:39:08,403676,9.0,1
OF_A5-Weekday-134600_M125_523,M125,d1,9,22:40:00,22:40:00,402502,8.0,1
OF_A5-Weekday-134600_M125_523,M125,d1,10,22:40:58,22:40:58,402503,11.0,1
OF_A5-Weekday-134600_M125_523,M125,d1,11,22:42:02,22:42:02,402504,8.0,1
OF_A5-Weekday-134600_M125_523,M125,d1,12,22:43:00,22:43:00,402505,5.0,1
OF_A5-Weekday-134600_M125_523,M125,d1,13,22:43:48,22:43:48,402506,8.0,1
OF_A5-Weekday-134600_M125_523,M125,d1,14,22:45:48,22:45:48,402507,6.0,1
OF_A5-Weekday-134600_M125_523,M125,d1,15,22:47:24,22:47:24,402508,6.0,1
OF_A5-Weekday-134600_M125_523,M125,d1,16,22:49:00,22:49:00,402509,10.0,1
OF_A5-Weekday-134600_M125_523,M125,d1,17,22:49:44,22:49:44,402510,10.0,1
OF_A5-Weekday-134600_M125_523,M125,d1,18,22:52:00,22:52:00,403604,10.0,1
OF_A5-Weekday-134600_M125_523,M125,d1,19,22:52:47,22:52:47,403763,6.0,1
OF_A5-Weekday-134600_M125_523,M125,d1,20,22:53:25,22:53:25,403677,5.0,1
OF_A5-Weekday-134600_M125_523,M125,d1,21,22:54:00,22:54:00,403829,5.0,1
OF_A5-Weekday-SDon-084000_M125_520,M125,d1,1,14:00:00,14:00:00,902208,12.0,1
OF_A5-Weekday-SDon-084000_M125_520,M125,d1,2,14:05:24,14:05:24,101069,12.0,1
OF_A5-Weekday-SDon-084000_M125_520,M125,d1,3,14:07:21,14:07:21,101071,8.0,1
OF_A5-Weekday-SDon-084000_M125_520,M125,d1,4,14:09:00,14:09:00,101072,9.0,3
OF_A5-Weekday-SDon-084000_M125_520,M125,d1,5,14:11:26,14:11:26,101074,33.0,3
OF_A5-Weekday-SDon-084000_M125_520,M125,d1,6,14:14:00,14:14:00,102839,33.0,3
OF_A5-Weekday-SDon-084000_M125_520,M125,d1,7,14:18:04,14:18:04,403766,33.0,3
OF_A5-Weekday-SDon-084000_M125_520,M125,d1,8,14:20:45,14:20:45,403676,25.0,3
OF_A5-Weekday-SDon-084000_M125_520,M125,d1,9,14:22:00,14:22:00,402502,35.0,4
OF_A5-Weekday-SDon-084000_M125_520,M125,d1,10,14:23:56,14:23:56,402503,55.0,4
OF_A5-Weekday-SDon-084000_M125_520,M125,d1,11,14:26:04,14:26:04,402504,55.0,4
OF_A5-Weekday-SDon-084000_M125_520,M125,d1,12,14:28:00,14:28:00,402505,55.0,4
OF_A5-Weekday-SDon-084000_M125_520,M125,d1,13,14:29:12,14:29:12,402506,55.0,4
OF_A5-Weekday-SDon-084000_M125_520,M125,d1,14,14:32:12,14:32:12,402507,55.0,4
OF_A5-Weekday-SDon-084000_M125_520,M125,d1,15,14:34:37,14:34:37,402508,55.0,4
OF_A5-Weekday-SDon-084000_M125_520,M125,d1,16,14:37:00,14:37:00,402509,55.0,4
OF_A5-Weekday-SDon-084000_M125_520,M125,d1,17,14:37:58,14:37:58,402510,21.0,2
OF_A5-Weekday-SDon-084000_M125_520,M125,d1,18,14:41:00,14:41:00,403604,21.0,2
OF_A5-Weekday-SDon-084000_M125_520,M125,d1,19,14:42:10,14:42:10,403763,21.0,2
OF_A5-Weekday-SDon-084000_M125_520,M125,d1,20,14:43:07,14:43:07,403677,21.0,2
OF_A5-Weekday-SDon-084000_M125_520,M125,d1,21,14:44:00,14:44:00,403829,21.0,2
OF_A5-Weekday-063400_M125_510,M125,d1,1,10:34:00,10:34:00,902208,20.0,2
OF_A5-Weekday-063400_M125_510,M125,d1,2,10:38:48,10:38:48,101069,22.0,2
OF_A5-Weekday-063400_M125_510,M125,d1,3,10:40:32,10:40:32,101071,23.0,2
OF_A5-Weekday-063400_M125_510,M125,d1,4,10:42:00,10:42:00,101072,22.0,2
OF_A5-Weekday-063400_M125_510,M125,d1,5,10:44:26,10:44:26,101074,22.0,2
OF_A5-Weekday-063400_M125_510,M125,d1,6,10:47:00,10:47:00,102839,10.0,2
OF_A5-Weekday-063400_M125_510,M125,d1,7,10:51:04,10:51:04,403766,19.0,2
OF_A5-Weekday-063400_M125_510,M125,d1,8,10:53:45,10:53:45,403676,17.0,2
OF_A5-Weekday-063400_M125_510,M125,d1,9,10:55:00,10:55:00,402502,17.0,3
OF_A5-Weekday-063400_M125_510,M125,d1,10,10:56:36,10:56:36,402503,37.0,3
OF_A5-Weekday-063400_M125_510,M125,d1,11,10:58:23,10:58:23,402504,44.0,3
OF_A5-Weekday-063400_M125_510,M125,d1,12,11:00:00,11:00:00,402505,20.0,3
OF_A5-Weekday-063400_M125_510,M125,d1,13,11:01:04,11:01:04,402506,45.0,4
OF_A5-Weekday-063400_M125_510,M125,d1,14,11:03:44,11:03:44,402507,56.0,4
OF_A5-Weekday-063400_M125_510,M125,d1,15,11:05:53,11:05:53,402508,14.0,3
OF_A5-Weekday-063400_M125_510,M125,d1,16,11:08:00,11:08:00,402509,39.0,3
OF_A5-Weekday-063400_M125_510,M125,d1,17,11:08:44,11:08:44,402510,39.0,3
OF_A5-Weekday-063400_M125_510,M125,d1,18,11:11:00,11:11:00,403604,39.0,3
OF_A5-Weekday-063400_M125_510,M125,d1,19,11:12:10,11:12:10,403763,39.0,3
OF_A5-Weekday-063400_M125_510,M125,d1,20,11:13:07,11:13:07,403677,39.0,3
OF_A5-Weekday-063400_M125_510,M125,d1,21,11:14:00,11:14:00,403829,39.0,3
OF_A5-Weekday-085500_M125_504,M125,d1,1,14:15:00,14:15:00,902208,20.0,2
OF_A5-Weekday-085500_M125_504,M125,d1,2,14:20:24,14:20:24,101069,20.0,2
OF_A5-Weekday-085500_M125_504,M125,d1,3,14:22:21,14:22:21,101071,20.0,2
OF_A5-Weekday-085500_M125_504,M125,d1,4,14:24:00,14:24:00,101072,20.0,2
OF_A5-Weekday-085500_M125_504,M125,d1,5,14:26:26,14:26:26,101074,20.0,2
OF_A5-Weekday-085500_M125_504,M125,d1,6,14:29:00,14:29:00,102839,20.0,2
OF_A5-Weekday-085500_M125_504,M125,d1,7,14:33:04,14:33:04,403766,20.0,2
OF_A5-Weekday-085500_M125_504,M125,d1,8,14:35:45,14:35:45,403676,20.0,2
OF_A5-Weekday-085500_M125_504,M125,d1,9,14:37:00,14:37:00,402502,20.0,2
OF_A5-Weekday-085500_M125_504,M125,d1,10,14:38:56,14:38:56,402503,20.0,2
OF_A5-Weekday-085500_M125_504,M125,d1,11,14:41:04,14:41:04,402504,20.0,2
OF_A5-Weekday-085500_M125_504,M125,d1,12,14:43:00,14:43:00,402505,20.0,2
OF_A5-Weekday-085500_M125_504,M125,d1,13,14:44:12,14:44:12,402506,20.0,2
OF_A5-Weekday-085500_M125_504,M125,d1,14,14:47:12,14:47:12,402507,20.0,2
OF_A5-Weekday-085500_M125_504,M125,d1,15,14:49:37,14:49:37,402508,20.0,2
OF_A5-Weekday-085500_M125_504,M125,d1,16,14:52:00,14:52:00,402509,20.0,2
OF_A5-Weekday-085500_M125_504,M125,d1,17,14:52:58,14:52:58,402510,20.0,2
OF_A5-Weekday-085500_M125_504,M125,d1,18,14:56:00,14:56:00,403604,20.0,2
OF_A5-Weekday-085500_M125_504,M125,d1,19,14:57:10,14:57:10,403763,20.0,2
OF_A5-Weekday-085500_M125_504,M125,d1,20,14:58:07,14:58:07,403677,20.0,2
OF_A5-Weekday-085500_M125_504,M125,d1,21,14:59:00,14:59:00,403829,20.0,2
OF_A5-Weekday-SDon-096200_M125_521,M125,d1,1,16:02:00,16:02:00,902208,1.0,2
OF_A5-Weekday-SDon-096200_M125_521,M125,d1,2,16:08:36,16:08:36,101069,24.0,3
OF_A5-Weekday-SDon-096200_M125_521,M125,d1,3,16:10:59,16:10:59,101071,41.0,3
OF_A5-Weekday-SDon-096200_M125_521,M125,d1,4,16:13:00,16:13:00,101072,41.0,3
OF_A5-Weekday-SDon-096200_M125_521,M125,d1,5,16:15:48,16:15:48,101074,32.0,3
OF_A5-Weekday-SDon-096200_M125_521,M125,d1,6,16:18:47,16:18:47,102839,34.0,3
OF_A5-Weekday-SDon-096200_M125_521,M125,d1,7,16:23:28,16:23:28,403766,22.0,3
OF_A5-Weekday-SDon-096200_M125_521,M125,d1,8,16:26:34,16:26:34,403676,34.0,4
OF_A5-Weekday-SDon-096200_M125_521,M125,d1,9,16:28:00,16:28:00,402502,56.0,4
OF_A5-Weekday-SDon-096200_M125_521,M125,d1,10,16:29:36,16:29:36,402503,50.0,5
OF_A5-Weekday-SDon-096200_M125_521,M125,d1,11,16:31:23,16:31:23,402504,77.0,5
OF_A5-Weekday-SDon-096200_M125_521,M125,d1,12,16:33:00,16:33:00,402505,77.0,5
OF_A5-Weekday-SDon-096200_M125_521,M125,d1,13,16:34:12,16:34:12,402506,49.0,4
OF_A5-Weekday-SDon-096200_M125_521,M125,d1,14,16:37:12,16:37:12,402507,45.0,3
OF_A5-Weekday-SDon-096200_M125_521,M125,d1,15,16:39:37,16:39:37,402508,45.0,3
OF_A5-Weekday-SDon-096200_M125_521,M125,d1,16,16:42:00,16:42:00,402509,45.0,3
OF_A5-Weekday-SDon-096200_M125_521,M125,d1,17,16:42:58,16:42:58,402510,45.0,3
OF_A5-Weekday-SDon-096200_M125_521,M125,d1,18,16:46:00,16:46:00,403604,45.0,3
OF_A5-Weekday-SDon-096200_M125_521,M125,d1,19,16:47:10,16:47:10,403763,45.0,3
OF_A5-Weekday-SDon-096200_M125_521,M125,d1,20,16:48:07,16:48:07,403677,11.0,1
OF_A5-Weekday-SDon-096200_M125_521,M125,d1,21,16:49:00,16:49:00,403829,11.0,1
OF_A5-Weekday-SDon-049000_M125_502,M125,d1,1,8:10:00,8:10:00,902208,14.0,1
OF_A5-Weekday-SDon-049000_M125_502,M125,d1,2,8:15:24,8:15:24,101069,14.0,1
OF_A5-Weekday-SDon-049000_M125_502,M125,d1,3,8:17:21,8:17:21,101071,14.0,1
OF_A5-Weekday-SDon-049000_M125_502,M125,d1,4,8:19:00,8:19:00,101072,14.0,1
OF_A5-Weekday-SDon-049000_M125_502,M125,d1,5,8:22:33,8:22:33,101074,14.0,1
OF_A5-Weekday-SDon-049000_M125_502,M125,d1,6,8:26:19,8:26:19,102839,14.0,1
OF_A5-Weekday-SDon-049000_M125_502,M125,d1,7,8:32:15,8:32:15,403766,14.0,1
OF_A5-Weekday-SDon-049000_M125_502,M125,d1,8,8:36:10,8:36:10,403676,14.0,1
OF_A5-Weekday-SDon-049000_M125_502,M125,d1,9,8:38:00,8:38:00,402502,14.0,1
OF_A5-Weekday-SDon-049000_M125_502,M125,d1,10,8:39:56,8:39:56,402503,14.0,1
OF_A5-Weekday-SDon-049000_M125_502,M125,d1,11,8:42:04,8:42:04,402504,14.0,1
OF_A5-Weekday-SDon-049000_M125_502,M125,d1,12,8:44:00,8:44:00,402505,14.0,1
OF_A5-Weekday-SDon-049000_M125_502,M125,d1,13,8:45:04,8:45:04,402506,14.0,1
OF_A5-Weekday-SDon-049000_M125_502,M125,d1,14,8:47:44,8:47:44,402507,14.0,1
OF_A5-Weekday-SDon-049000_M125_502,M125,d1,15,8:49:53,8:49:53,402508,14.0,1
OF_A5-Weekday-SDon-049000_M125_502,M125,d1,16,8:52:00,8:52:00,402509,14.0,1
OF_A5-Weekday-SDon-049000_M125_502,M125,d1,17,8:52:58,8:52:58,402510,16.0,1
OF_A5-Weekday-SDon-049000_M125_502,M125,d1,18,8:56:00,8:56:00,403604,16.0,1
OF_A5-Weekday-SDon-049000_M125_502,M125,d1,19,8:57:10,8:57:10,403763,5.0,1
OF_A5-Weekday-SDon-049000_M125_502,M125,d1,20,8:58:07,8:58:07,403677,5.0,1
OF_A5-Weekday-SDon-049000_M125_502,M125,d1,21,8:59:00,8:59:00,403829,5.0,1
OF_A5-Weekday-090100_M125_523,M125,d1,1,15:01:00,15:01:00,902208,13.0,1
OF_A5-Weekday-090100_M125_523,M125,d1,2,15:06:24,15:06:24,101069,13.0,1
OF_A5-Weekday-090100_M125_523,M125,d1,3,15:08:21,15:08:21,101071,13.0,1
OF_A5-Weekday-090100_M125_523,M125,d1,4,15:10:00,15:10:00,101072,13.0,1
OF_A5-Weekday-090100_M125_523,M125,d1,5,15:12:26,15:12:26,101074,13.0,1
OF_A5-Weekday-090100_M125_523,M125,d1,6,15:15:00,15:15:00,102839,13.0,1
OF_A5-Weekday-090100_M125_523,M125,d1,7,15:19:04,15:19:04,403766,13.0,1
OF_A5-Weekday-090100_M125_523,M125,d1,8,15:21:45,15:21:45,403676,13.0,1
OF_A5-Weekday-090100_M125_523,M125,d1,9,15:23:00,15:23:00,402502,13.0,2
OF_A5-Weekday-090100_M125_523,M125,d1,10,15:24:56,15:24:56,402503,27.0,2
OF_A5-Weekday-090100_M125_523,M125,d1,11,15:27:04,15:27:04,402504,27.0,2
OF_A5-Weekday-090100_M125_523,M125,d1,12,15:29:00,15:29:00,402505,27.0,2
OF_A5-Weekday-090100_M125_523,M125,d1,13,15:30:12,15:30:12,402506,27.0,2
OF_A5-Weekday-090100_M125_523,M125,d1,14,15:33:12,15:33:12,402507,27.0,2
OF_A5-Weekday-090100_M125_523,M125,d1,15,15:35:37,15:35:37,402508,27.0,2
OF_A5-Weekday-090100_M125_523,M125,d1,16,15:38:00,15:38:00,402509,27.0,2
OF_A5-Weekday-090100_M125_523,M125,d1,17,15:38:58,15:38:58,402510,27.0,2
OF_A5-Weekday-090100_M125_523,M125,d1,18,15:42:00,15:42:00,403604,27.0,2
OF_A5-Weekday-090100_M125_523,M125,d1,19,15:43:10,15:43:10,403763,27.0,2
OF_A5-Weekday-090100_M125_523,M125,d1,20,15:44:07,15:44:07,403677,27.0,2
OF_A5-Weekday-090100_M125_523,M125,d1,21,15:45:00,15:45:00,403829,27.0,2
OF_A5-Weekday-SDon-090100_M125_523,M125,d1,1,15:01:00,15:01:00,902208,19.0,2
OF_A5-Weekday-SDon-090100_M125_523,M125,d1,2,15:06:24,15:06:24,101069,19.0,2
OF_A5-Weekday-SDon-090100_M125_523,M125,d1,3,15:08:21,15:08:21,101071,19.0,2
OF_A5-Weekday-SDon-090100_M125_523,M125,d1,4,15:10:00,15:10:00,101072,17.0,2
OF_A5-Weekday-SDon-090100_M125_523,M125,d1,5,15:12:26,15:12:26,101074,20.0,2
OF_A5-Weekday-SDon-090100_M125_523,M125,d1,6,15:15:00,15:15:00,102839,19.0,2
OF_A5-Weekday-SDon-090100_M125_523,M125,d1,7,15:19:04,15:19:04,403766,20.0,2
OF_A5-Weekday-SDon-090100_M125_523,M125,d1,8,15:21:45,15:21:45,403676,16.0,2
OF_A5-Weekday-SDon-090100_M125_523,M125,d1,9,15:23:00,15:23:00,402502,19.0,3
OF_A5-Weekday-SDon-090100_M125_523,M125,d1,10,15:24:56,15:24:56,402503,35.0,3
OF_A5-Weekday-SDon-090100_M125_523,M125,d1,11,15:27:04,15:27:04,402504,37.0,4
OF_A5-Weekday-SDon-090100_M125_523,M125,d1,12,15:29:00,15:29:00,402505,54.0,4
OF_A5-Weekday-SDon-090100_M125_523,M125,d1,13,15:30:12,15:30:12,402506,54.0,4
OF_A5-Weekday-SDon-090100_M125_523,M125,d1,14,15:33:12,15:33:12,402507,37.0,4
OF_A5-Weekday-SDon-090100_M125_523,M125,d1,15,15:35:37,15:35:37,402508,54.0,4
OF_A5-Weekday-SDon-090100_M125_523,M125,d1,16,15:38:00,15:38:00,402509,51.0,4
OF_A5-Weekday-SDon-090100_M125_523,M125,d1,17,15:38:58,15:38:58,402510,55.0,4
OF_A5-Weekday-SDon-090100_M125_523,M125,d1,18,15:42:00,15:42:00,403604,48.0,3
OF_A5-Weekday-SDon-090100_M125_523,M125,d1,19,15:43:10,15:43:10,403763,9.0,3
OF_A5-Weekday-SDon-090100_M125_523,M125,d1,20,15:44:07,15:44:07,403677,45.0,3
OF_A5-Weekday-SDon-090100_M125_523,M125,d1,21,15:45:00,15:45:00,403829,45.0,3
OF_A5-Weekday-SDon-063400_M125_510,M125,d1,1,10:34:00,10:34:00,902208,2.0,1
OF_A5-Weekday-SDon-063400_M125_510,M125,d1,2,10:38:48,10:38:48,101069,3.0,1
OF_A5-Weekday-SDon-063400_M125_510,M125,d1,3,10:40:32,10:40:32,101071,10.0,1
OF_A5-Weekday-SDon-063400_M125_510,M125,d1,4,10:42:00,10:42:00,101072,10.0,1
OF_A5-Weekday-SDon-063400_M125_510,M125,d1,5,10:44:26,10:44:26,101074,10.0,1
OF_A5-Weekday-SDon-063400_M125_510,M125,d1,6,10:47:00,10:47:00,102839,11.0,1
OF_A5-Weekday-SDon-063400_M125_510,M125,d1,7,10:51:04,10:51:04,403766,11.0,1
OF_A5-Weekday-SDon-063400_M125_510,M125,d1,8,10:53:45,10:53:45,403676,11.0,1
OF_A5-Weekday-SDon-063400_M125_510,M125,d1,9,10:55:00,10:55:00,402502,11.0,4
OF_A5-Weekday-SDon-063400_M125_510,M125,d1,10,10:56:36,10:56:36,402503,52.0,4
OF_A5-Weekday-SDon-063400_M125_510,M125,d1,11,10:58:23,10:58:23,402504,52.0,4
OF_A5-Weekday-SDon-063400_M125_510,M125,d1,12,11:00:00,11:00:00,402505,52.0,4
OF_A5-Weekday-SDon-063400_M125_510,M125,d1,13,11:01:04,11:01:04,402506,52.0,4
OF_A5-Weekday-SDon-063400_M125_510,M125,d1,14,11:03:44,11:03:44,402507,40.0,3
OF_A5-Weekday-SDon-063400_M125_510,M125,d1,15,11:05:53,11:05:53,402508,40.0,3
OF_A5-Weekday-SDon-063400_M125_510,M125,d1,16,11:08:00,11:08:00,402509,40.0,3
OF_A5-Weekday-SDon-063400_M125_510,M125,d1,17,11:08:44,11:08:44,402510,25.0,2
OF_A5-Weekday-SDon-063400_M125_510,M125,d1,18,11:11:00,11:11:00,403604,25.0,2
OF_A5-Weekday-SDon-063400_M125_510,M125,d1,19,11:12:10,11:12:10,403763,4.0,1
OF_A5-Weekday-SDon-063400_M125_510,M125,d1,20,11:13:07,11:13:07,403677,1.0,1
OF_A5-Weekday-SDon-063400_M125_510,M125,d1,21,11:14:00,11:14:00,403829,1.0,1
OF_A5-Weekday-SDon-085500_M125_504,M125,d1,1,14:15:00,14:15:00,902208,12.0,1
OF_A5-Weekday-SDon-085500_M125_504,M125,d1,2,14:20:24,14:20:24,101069,15.0,1
OF_A5-Weekday-SDon-085500_M125_504,M125,d1,3,14:22:21,14:22:21,101071,15.0,1
OF_A5-Weekday-SDon-085500_M125_504,M125,d1,4,14:24:00,14:24:00,101072,10.0,1
OF_A5-Weekday-SDon-085500_M125_504,M125,d1,5,14:26:26,14:26:26,101074,10.0,1
OF_A5-Weekday-SDon-085500_M125_504,M125,d1,6,14:29:00,14:29:00,102839,10.0,1
OF_A5-Weekday-SDon-085500_M125_504,M125,d1,7,14:33:04,14:33:04,403766,10.0,1
OF_A5-Weekday-SDon-085500_M125_504,M125,d1,8,14:35:45,14:35:45,403676,10.0,1
OF_A5-Weekday-SDon-085500_M125_504,M125,d1,9,14:37:00,14:37:00,402502,10.0,1
OF_A5-Weekday-SDon-085500_M125_504,M125,d1,10,14:38:56,14:38:56,402503,10.0,1
OF_A5-Weekday-SDon-085500_M125_504,M125,d1,11,14:41:04,14:41:04,402504,10.0,1
OF_A5-Weekday-SDon-085500_M125_504,M125,d1,12,14:43:00,14:43:00,402505,10.0,1
OF_A5-Weekday-SDon-085500_M125_504,M125,d1,13,14:44:12,14:44:12,402506,10.0,1
OF_A5-Weekday-SDon-085500_M125_504,M125,d1,14,14:47:12,14:47:12,402507,10.0,1
OF_A5-Weekday-SDon-085500_M125_504,M125,d1,15,14:49:37,14:49:37,402508,10.0,1
OF_A5-Weekday-SDon-085500_M125_504,M125,d1,16,14:52:00,14:52:00,402509,10.0,1
OF_A5-Weekday-SDon-085500_M125_504,M125,d1,17,14:52:58,14:52:58,402510,10.0,1
OF_A5-Weekday-SDon-085500_M125_504,M125,d1,18,14:56:00,14:56:00,403604,10.0,1
OF_A5-Weekday-SDon-085500_M125_504,M125,d1,19,14:57:10,14:57:10,403763,10.0,1
OF_A5-Weekday-SDon-085500_M125_504,M125,d1,20,14:58:07,14:58:07,403677,10.0,1
OF_A5-Weekday-SDon-085500_M125_504,M125,d1,21,14:59:00,14:59:00,403829,10.0,1
OF_A5-Weekday-096200_M125_521,M125,d1,1,16:02:00,16:02:00,902208,2.0,1
OF_A5-Weekday-096200_M125_521,M125,d1,2,16:08:36,16:08:36,101069,2.0,1
OF_A5-Weekday-096200_M125_521,M125,d1,3,16:10:59,16:10:59,101071,2.0,1
OF_A5-Weekday-096200_M125_521,M125,d1,4,16:13:00,16:13:00,101072,2.0,1
OF_A5-Weekday-096200_M125_521,M125,d1,5,16:15:48,16:15:48,101074,2.0,1
OF_A5-Weekday-096200_M125_521,M125,d1,6,16:18:47,16:18:47,102839,2.0,1
OF_A5-Weekday-096200_M125_521,M125,d1,7,16:23:28,16:23:28,403766,2.0,1
OF_A5-Weekday-096200_M125_521,M125,d1,8,16:26:34,16:26:34,403676,2.0,2
OF_A5-Weekday-096200_M125_521,M125,d1,9,16:28:00,16:28:00,402502,19.0,2
OF_A5-Weekday-096200_M125_521,M125,d1,10,16:29:36,16:29:36,402503,19.0,2
OF_A5-Weekday-096200_M125_521,M125,d1,11,16:31:23,16:31:23,402504,19.0,2
OF_A5-Weekday-096200_M125_521,M125,d1,12,16:33:00,16:33:00,402505,19.0,2
OF_A5-Weekday-096200_M125_521,M125,d1,13,16:34:12,16:34:12,402506,19.0,2
OF_A5-Weekday-096200_M125_521,M125,d1,14,16:37:12,16:37:12,402507,19.0,2
OF_A5-Weekday-096200_M125_521,M125,d1,15,16:39:37,16:39:37,402508,19.0,2
OF_A5-Weekday-096200_M125_521,M125,d1,16,16:42:00,16:42:00,402509,19.0,2
OF_A5-Weekday-096200_M125_521,M125,d1,17,16:42:58,16:42:58,402510,19.0,2
OF_A5-Weekday-096200_M125_521,M125,d1,18,16:46:00,16:46:00,403604,19.0,2
OF_A5-Weekday-096200_M125_521,M125,d1,19,16:47:10,16:47:10,403763,19.0,2
OF_A5-Weekday-096200_M125_521,M125,d1,20,16:48:07,16:48:07,403677,1.0,1
OF_A5-Weekday-096200_M125_521,M125,d1,21,16:49:00,16:49:00,403829,1.0,1
OF_A5-Weekday-098600_M125_525,M125,d1,1,16:26:00,16:26:00,902208,16.0,1
OF_A5-Weekday-098600_M125_525,M125,d1,2,16:32:36,16:32:36,101069,16.0,2
OF_A5-Weekday-098600_M125_525,M125,d1,3,16:34:59,16:34:59,101071,18.0,2
OF_A5-Weekday-098600_M125_525,M125,d1,4,16:37:00,16:37:00,101072,18.0,2
OF_A5-Weekday-098600_M125_525,M125,d1,5,16:39:37,16:39:37,101074,18.0,2
OF_A5-Weekday-098600_M125_525,M125,d1,6,16:42:24,16:42:24,102839,18.0,2
OF_A5-Weekday-098600_M125_525,M125,d1,7,16:46:46,16:46:46,403766,18.0,2
OF_A5-Weekday-098600_M125_525,M125,d1,8,16:49:39,16:49:39,403676,18.0,2
OF_A5-Weekday-098600_M125_525,M125,d1,9,16:51:00,16:51:00,402502,18.0,2
OF_A5-Weekday-098600_M125_525,M125,d1,10,16:52:36,16:52:36,402503,18.0,2
OF_A5-Weekday-098600_M125_525,M125,d1,11,16:54:23,16:54:23,402504,18.0,2
OF_A5-Weekday-098600_M125_525,M125,d1,12,16:56:00,16:56:00,402505,18.0,2
OF_A5-Weekday-098600_M125_525,M125,d1,13,16:57:12,16:57:12,402506,18.0,2
OF_A5-Weekday-098600_M125_525,M125,d1,14,17:00:12,17:00:12,402507,18.0,2
OF_A5-Weekday-098600_M125_525,M125,d1,15,17:02:37,17:02:37,402508,18.0,2
OF_A5-Weekday-098600_M125_525,M125,d1,16,17:05:00,17:05:00,402509,18.0,2
OF_A5-Weekday-098600_M125_525,M125,d1,17,17:05:58,17:05:58,402510,18.0,2
OF_A5-Weekday-098600_M125_525,M125,d1,18,17:09:00,17:09:00,403604,18.0,2
OF_A5-Weekday-098600_M125_525,M125,d1,19,17:10:10,17:10:10,403763,18.0,2
OF_A5-Weekday-098600_M125_525,M125,d1,20,17:11:07,17:11:07,403677,18.0,2
OF_A5-Weekday-098600_M125_525,M125,d1,21,17:12:00,17:12:00,403829,18.0,2
OF_A5-Weekday-SDon-105200_M125_522,M125,d1,1,17:32:00,17:32:00,902208,22.0,2
OF_A5-Weekday-SDon-105200_M125_522,M125,d1,2,17:38:00,17:38:00,101069,22.0,2
OF_A5-Weekday-SDon-105200_M125_522,M125,d1,3,17:40:10,17:40:10,101071,22.0,2
OF_A5-Weekday-SDon-105200_M125_522,M125,d1,4,17:42:00,17:42:00,101072,22.0,2
OF_A5-Weekday-SDon-105200_M125_522,M125,d1,5,17:44:37,17:44:37,101074,22.0,2
OF_A5-Weekday-SDon-105200_M125_522,M125,d1,6,17:47:24,17:47:24,102839,22.0,2
OF_A5-Weekday-SDon-105200_M125_522,M125,d1,7,17:51:46,17:51:46,403766,22.0,2
OF_A5-Weekday-SDon-105200_M125_522,M125,d1,8,17:54:39,17:54:39,403676,22.0,2
OF_A5-Weekday-SDon-105200_M125_522,M125,d1,9,17:56:00,17:56:00,402502,30.0,2
OF_A5-Weekday-SDon-105200_M125_522,M125,d1,10,17:57:36,17:57:36,402503,30.0,2
OF_A5-Weekday-SDon-105200_M125_522,M125,d1,11,17:59:23,17:59:23,402504,30.0,2
OF_A5-Weekday-SDon-105200_M125_522,M125,d1,12,18:01:00,18:01:00,402505,31.0,2
OF_A5-Weekday-SDon-105200_M125_522,M125,d1,13,18:02:12,18:02:12,402506,31.0,2
OF_A5-Weekday-SDon-105200_M125_522,M125,d1,14,18:05:12,18:05:12,402507,31.0,2
OF_A5-Weekday-SDon-105200_M125_522,M125,d1,15,18:07:37,18:07:37,402508,31.0,2
OF_A5-Weekday-SDon-105200_M125_522,M125,d1,16,18:10:00,18:10:00,402509,16.0,1
OF_A5-Weekday-SDon-105200_M125_522,M125,d1,17,18:10:58,18:10:58,402510,16.0,1
OF_A5-Weekday-SDon-105200_M125_522,M125,d1,18,18:14:00,18:14:00,403604,5.0,1
OF_A5-Weekday-SDon-105200_M125_522,M125,d1,19,18:15:10,18:15:10,403763,5.0,1
OF_A5-Weekday-SDon-105200_M125_522,M125,d1,20,18:16:07,18:16:07,403677,5.0,1
OF_A5-Weekday-SDon-105200_M125_522,M125,d1,21,18:17:00,18:17:00,403829,5.0,1
OF_A5-Weekday-103000_M125_518,M125,d1,1,17:10:00,17:10:00,902208,8.0,1
OF_A5-Weekday-103000_M125_518,M125,d1,2,17:16:00,17:16:00,101069,8.0,1
OF_A5-Weekday-103000_M125_518,M125,d1,3,17:18:10,17:18:10,101071,8.0,1
OF_A5-Weekday-103000_M125_518,M125,d1,4,17:20:00,17:20:00,101072,8.0,1
OF_A5-Weekday-103000_M125_518,M125,d1,5,17:22:37,17:22:37,101074,9.0,2
OF_A5-Weekday-103000_M125_518,M125,d1,6,17:25:24,17:25:24,102839,24.0,2
OF_A5-Weekday-103000_M125_518,M125,d1,7,17:29:46,17:29:46,403766,24.0,2
OF_A5-Weekday-103000_M125_518,M125,d1,8,17:32:39,17:32:39,403676,24.0,2
OF_A5-Weekday-103000_M125_518,M125,d1,9,17:34:00,17:34:00,402502,24.0,2
OF_A5-Weekday-103000_M125_518,M125,d1,10,17:35:36,17:35:36,402503,24.0,2
OF_A5-Weekday-103000_M125_518,M125,d1,11,17:37:23,17:37:23,402504,24.0,2
OF_A5-Weekday-103000_M125_518,M125,d1,12,17:39:00,17:39:00,402505,24.0,2
OF_A5-Weekday-103000_M125_518,M125,d1,13,17:40:12,17:40:12,402506,24.0,2
OF_A5-Weekday-103000_M125_518,M125,d1,14,17:43:12,17:43:12,402507,24.0,2
OF_A5-Weekday-103000_M125_518,M125,d1,15,17:45:37,17:45:37,402508,24.0,2
OF_A5-Weekday-103000_M125_518,M125,d1,16,17:48:00,17:48:00,402509,24.0,2
OF_A5-Weekday-103000_M125_518,M125,d1,17,17:48:58,17:48:58,402510,20.0,2
OF_A5-Weekday-103000_M125_518,M125,d1,18,17:52:00,17:52:00,403604,20.0,2
OF_A5-Weekday-103000_M125_518,M125,d1,19,17:53:10,17:53:10,403763,20.0,2
OF_A5-Weekday-103000_M125_518,M125,d1,20,17:54:07,17:54:07,403677,20.0,2
OF_A5-Weekday-103000_M125_518,M125,d1,21,17:55:00,17:55:00,403829,20.0,2
OF_A5-Weekday-127800_M125_524,M125,d1,1,21:18:00,21:18:00,902208,2.0,1
OF_A5-Weekday-127800_M125_524,M125,d1,2,21:21:36,21:21:36,101069,5.0,1
OF_A5-Weekday-127800_M125_524,M125,d1,3,21:22:54,21:22:54,101071,5.0,1
OF_A5-Weekday-127800_M125_524,M125,d1,4,21:24:00,21:24:00,101072,2.0,1
OF_A5-Weekday-127800_M125_524,M125,d1,5,21:25:41,21:25:41,101074,3.0,1
OF_A5-Weekday-127800_M125_524,M125,d1,6,21:27:28,21:27:28,102839,3.0,1
OF_A5-Weekday-127800_M125_524,M125,d1,7,21:30:17,21:30:17,403766,3.0,1
OF_A5-Weekday-127800_M125_524,M125,d1,8,21:32:08,21:32:08,403676,3.0,1
OF_A5-Weekday-127800_M125_524,M125,d1,9,21:33:00,21:33:00,402502,2.0,1
OF_A5-Weekday-127800_M125_524,M125,d1,10,21:33:58,21:33:58,402503,15.0,1
OF_A5-Weekday-127800_M125_524,M125,d1,11,21:35:02,21:35:02,402504,15.0,1
OF_A5-Weekday-127800_M125_524,M125,d1,12,21:36:00,21:36:00,402505,15.0,1
OF_A5-Weekday-127800_M125_524,M125,d1,13,21:36:56,21:36:56,402506,15.0,1
OF_A5-Weekday-127800_M125_524,M125,d1,14,21:39:16,21:39:16,402507,16.0,2
OF_A5-Weekday-127800_M125_524,M125,d1,15,21:41:08,21:41:08,402508,18.0,2
OF_A5-Weekday-127800_M125_524,M125,d1,16,21:43:00,21:43:00,402509,16.0,1
OF_A5-Weekday-127800_M125_524,M125,d1,17,21:43:44,21:43:44,402510,15.0,1
OF_A5-Weekday-127800_M125_524,M125,d1,18,21:46:00,21:46:00,403604,2.0,1
OF_A5-Weekday-127800_M125_524,M125,d1,19,21:47:10,21:47:10,403763,2.0,1
OF_A5-Weekday-127800_M125_524,M125,d1,20,21:48:07,21:48:07,403677,2.0,1
OF_A5-Weekday-127800_M125_524,M125,d1,21,21:49:00,21:49:00,403829,2.0,1
OF_A5-Weekday-SDon-103000_M125_518,M125,d1,1,17:10:00,17:10:00,902208,16.0,2
OF_A5-Weekday-SDon-103000_M125_518,M125,d1,2,17:16:00,17:16:00,101069,27.0,3
OF_A5-Weekday-SDon-103000_M125_518,M125,d1,3,17:18:10,17:18:10,101071,35.0,3
OF_A5-Weekday-SDon-103000_M125_518,M125,d1,4,17:20:00,17:20:00,101072,35.0,3
OF_A5-Weekday-SDon-103000_M125_518,M125,d1,5,17:22:37,17:22:37,101074,35.0,3
OF_A5-Weekday-SDon-103000_M125_518,M125,d1,6,17:25:24,17:25:24,102839,35.0,3
OF_A5-Weekday-SDon-103000_M125_518,M125,d1,7,17:29:46,17:29:46,403766,35.0,3
OF_A5-Weekday-SDon-103000_M125_518,M125,d1,8,17:32:39,17:32:39,403676,35.0,3
OF_A5-Weekday-SDon-103000_M125_518,M125,d1,9,17:34:00,17:34:00,402502,35.0,3
OF_A5-Weekday-SDon-103000_M125_518,M125,d1,10,17:35:36,17:35:36,402503,23.0,2
OF_A5-Weekday-SDon-103000_M125_518,M125,d1,11,17:37:23,17:37:23,402504,25.0,3
OF_A5-Weekday-SDon-103000_M125_518,M125,d1,12,17:39:00,17:39:00,402505,33.0,3
OF_A5-Weekday-SDon-103000_M125_518,M125,d1,13,17:40:12,17:40:12,402506,22.0,2
OF_A5-Weekday-SDon-103000_M125_518,M125,d1,14,17:43:12,17:43:12,402507,22.0,2
OF_A5-Weekday-SDon-103000_M125_518,M125,d1,15,17:45:37,17:45:37,402508,22.0,2
OF_A5-Weekday-SDon-103000_M125_518,M125,d1,16,17:48:00,17:48:00,402509,22.0,2
OF_A5-Weekday-SDon-103000_M125_518,M125,d1,17,17:48:58,17:48:58,402510,14.0,1
OF_A5-Weekday-SDon-103000_M125_518,M125,d1,18,17:52:00,17:52:00,403604,14.0,1
OF_A5-Weekday-SDon-103000_M125_518,M125,d1,19,17:53:10,17:53:10,403763,14.0,1
OF_A5-Weekday-SDon-103000_M125_518,M125,d1,20,17:54:07,17:54:07,403677,2.0,1
OF_A5-Weekday-SDon-103000_M125_518,M125,d1,21,17:55:00,17:55:00,403829,2.0,1
OF_A5-Weekday-SDon-127800_M125_524,M125,d1,1,21:18:00,21:18:00,902208,2.0,1
OF_A5-Weekday-SDon-127800_M125_524,M125,d1,2,21:21:36,21:21:36,101069,2.0,1
OF_A5-Weekday-SDon-127800_M125_524,M125,d1,3,21:22:54,21:22:54,101071,2.0,1
OF_A5-Weekday-SDon-127800_M125_524,M125,d1,4,21:24:00,21:24:00,101072,2.0,1
OF_A5-Weekday-SDon-127800_M125_524,M125,d1,5,21:25:41,21:25:41,101074,2.0,1
OF_A5-Weekday-SDon-127800_M125_524,M125,d1,6,21:27:28,21:27:28,102839,1.0,1
OF_A5-Weekday-SDon-127800_M125_524,M125,d1,7,21:30:17,21:30:17,403766,1.0,1
OF_A5-Weekday-SDon-127800_M125_524,M125,d1,8,21:32:08,21:32:08,403676,4.0,1
OF_A5-Weekday-SDon-127800_M125_524,M125,d1,9,21:33:00,21:33:00,402502,4.0,1
OF_A5-Weekday-SDon-127800_M125_524,M125,d1,10,21:33:58,21:33:58,402503,9.0,1
OF_A5-Weekday-SDon-127800_M125_524,M125,d1,11,21:35:02,21:35:02,402504,9.0,1
OF_A5-Weekday-SDon-127800_M125_524,M125,d1,12,21:36:00,21:36:00,402505,9.0,1
OF_A5-Weekday-SDon-127800_M125_524,M125,d1,13,21:36:56,21:36:56,402506,9.0,1
OF_A5-Weekday-SDon-127800_M125_524,M125,d1,14,21:39:16,21:39:16,402507,8.0,1
OF_A5-Weekday-SDon-127800_M125_524,M125,d1,15,21:41:08,21:41:08,402508,8.0,1
OF_A5-Weekday-SDon-127800_M125_524,M125,d1,16,21:43:00,21:43:00,402509,9.0,1
OF_A5-Weekday-SDon-127800_M125_524,M125,d1,17,21:43:44,21:43:44,402510,9.0,1
OF_A5-Weekday-SDon-127800_M125_524,M125,d1,18,21:46:00,21:46:00,403604,9.0,1
OF_A5-Weekday-SDon-127800_M125_524,M125,d1,19,21:47:10,21:47:10,403763,3.0,1
OF_A5-Weekday-SDon-127800_M125_524,M125,d1,20,21:48:07,21:48:07,403677,2.0,1
OF_A5-Weekday-SDon-127800_M125_524,M125,d1,21,21:49:00,21:49:00,403829,2.0,1
OF_A5-Weekday-SDon-098600_M125_525,M125,d1,1,16:26:00,16:26:00,902208,58.0,4
OF_A5-Weekday-SDon-098600_M125_525,M125,d1,2,16:32:36,16:32:36,101069,58.0,4
OF_A5-Weekday-SDon-098600_M125_525,M125,d1,3,16:34:59,16:34:59,101071,58.0,4
OF_A5-Weekday-SDon-098600_M125_525,M125,d1,4,16:37:00,16:37:00,101072,47.0,3
OF_A5-Weekday-SDon-098600_M125_525,M125,d1,5,16:39:37,16:39:37,101074,48.0,3
OF_A5-Weekday-SDon-098600_M125_525,M125,d1,6,16:42:24,16:42:24,102839,48.0,3
OF_A5-Weekday-SDon-098600_M125_525,M125,d1,7,16:46:46,16:46:46,403766,48.0,3
OF_A5-Weekday-SDon-098600_M125_525,M125,d1,8,16:49:39,16:49:39,403676,48.0,3
OF_A5-Weekday-SDon-098600_M125_525,M125,d1,9,16:51:00,16:51:00,402502,44.0,3
OF_A5-Weekday-SDon-098600_M125_525,M125,d1,10,16:52:36,16:52:36,402503,44.0,3
OF_A5-Weekday-SDon-098600_M125_525,M125,d1,11,16:54:23,16:54:23,402504,44.0,3
OF_A5-Weekday-SDon-098600_M125_525,M125,d1,12,16:56:00,16:56:00,402505,44.0,3
OF_A5-Weekday-SDon-098600_M125_525,M125,d1,13,16:57:12,16:57:12,402506,44.0,3
OF_A5-Weekday-SDon-098600_M125_525,M125,d1,14,17:00:12,17:00:12,402507,44.0,3
OF_A5-Weekday-SDon-098600_M125_525,M125,d1,15,17:02:37,17:02:37,402508,44.0,3
OF_A5-Weekday-SDon-098600_M125_525,M125,d1,16,17:05:00,17:05:00,402509,44.0,3
OF_A5-Weekday-SDon-098600_M125_525,M125,d1,17,17:05:58,17:05:58,402510,20.0,2
OF_A5-Weekday-SDon-098600_M125_525,M125,d1,18,17:09:00,17:09:00,403604,20.0,2
OF_A5-Weekday-SDon-098600_M125_525,M125,d1,19,17:10:10,17:10:10,403763,20.0,2
OF_A5-Weekday-SDon-098600_M125_525,M125,d1,20,17:11:07,17:11:07,403677,1.0,1
OF_A5-Weekday-SDon-098600_M125_525,M125,d1,21,17:12:00,17:12:00,403829,1.0,1
OF_A5-Weekday-061200_M125_509,M125,d1,1,10:12:00,10:12:00,902208,15.0,2
OF_A5-Weekday-061200_M125_509,M125,d1,2,10:16:48,10:16:48,101069,25.0,2
OF_A5-Weekday-061200_M125_509,M125,d1,3,10:18:32,10:18:32,101071,25.0,2
OF_A5-Weekday-061200_M125_509,M125,d1,4,10:20:00,10:20:00,101072,25.0,2
OF_A5-Weekday-061200_M125_509,M125,d1,5,10:22:37,10:22:37,101074,23.0,2
OF_A5-Weekday-061200_M125_509,M125,d1,6,10:25:24,10:25:24,102839,25.0,2
OF_A5-Weekday-061200_M125_509,M125,d1,7,10:29:46,10:29:46,403766,12.0,2
OF_A5-Weekday-061200_M125_509,M125,d1,8,10:32:39,10:32:39,403676,28.0,2
OF_A5-Weekday-061200_M125_509,M125,d1,9,10:34:00,10:34:00,402502,27.0,2
OF_A5-Weekday-061200_M125_509,M125,d1,10,10:35:36,10:35:36,402503,32.0,3
OF_A5-Weekday-061200_M125_509,M125,d1,11,10:37:23,10:37:23,402504,33.0,3
OF_A5-Weekday-061200_M125_509,M125,d1,12,10:39:00,10:39:00,402505,33.0,3
OF_A5-Weekday-061200_M125_509,M125,d1,13,10:40:04,10:40:04,402506,30.0,2
OF_A5-Weekday-061200_M125_509,M125,d1,14,10:42:44,10:42:44,402507,31.0,3
OF_A5-Weekday-061200_M125_509,M125,d1,15,10:44:53,10:44:53,402508,34.0,3
OF_A5-Weekday-061200_M125_509,M125,d1,16,10:47:00,10:47:00,402509,15.0,1
OF_A5-Weekday-061200_M125_509,M125,d1,17,10:47:44,10:47:44,402510,4.0,2
OF_A5-Weekday-061200_M125_509,M125,d1,18,10:50:00,10:50:00,403604,29.0,2
OF_A5-Weekday-061200_M125_509,M125,d1,19,10:51:10,10:51:10,403763,23.0,2
OF_A5-Weekday-061200_M125_509,M125,d1,20,10:52:07,10:52:07,403677,23.0,2
OF_A5-Weekday-061200_M125_509,M125,d1,21,10:53:00,10:53:00,403829,23.0,2
OF_A5-Weekday-SDon-088500_M125_509,M125,d1,1,14:45:00,14:45:00,902208,49.0,4
OF_A5-Weekday-SDon-088500_M125_509,M125,d1,2,14:50:24,14:50:24,101069,49.0,4
OF_A5-Weekday-SDon-088500_M125_509,M125,d1,3,14:52:21,14:52:21,101071,49.0,4
OF_A5-Weekday-SDon-088500_M125_509,M125,d1,4,14:54:00,14:54:00,101072,49.0,4
OF_A5-Weekday-SDon-088500_M125_509,M125,d1,5,14:56:26,14:56:26,101074,49.0,4
OF_A5-Weekday-SDon-088500_M125_509,M125,d1,6,14:59:00,14:59:00,102839,49.0,4
OF_A5-Weekday-SDon-088500_M125_509,M125,d1,7,15:03:04,15:03:04,403766,49.0,4
OF_A5-Weekday-SDon-088500_M125_509,M125,d1,8,15:05:45,15:05:45,403676,49.0,4
OF_A5-Weekday-SDon-088500_M125_509,M125,d1,9,15:07:00,15:07:00,402502,49.0,4
OF_A5-Weekday-SDon-088500_M125_509,M125,d1,10,15:08:56,15:08:56,402503,49.0,4
OF_A5-Weekday-SDon-088500_M125_509,M125,d1,11,15:11:04,15:11:04,402504,49.0,4
OF_A5-Weekday-SDon-088500_M125_509,M125,d1,12,15:13:00,15:13:00,402505,49.0,4
OF_A5-Weekday-SDon-088500_M125_509,M125,d1,13,15:14:12,15:14:12,402506,49.0,4
OF_A5-Weekday-SDon-088500_M125_509,M125,d1,14,15:17:12,15:17:12,402507,49.0,4
OF_A5-Weekday-SDon-088500_M125_509,M125,d1,15,15:19:37,15:19:37,402508,49.0,4
OF_A5-Weekday-SDon-088500_M125_509,M125,d1,16,15:22:00,15:22:00,402509,49.0,4
OF_A5-Weekday-SDon-088500_M125_509,M125,d1,17,15:22:58,15:22:58,402510,49.0,4
OF_A5-Weekday-SDon-088500_M125_509,M125,d1,18,15:26:00,15:26:00,403604,49.0,4
OF_A5-Weekday-SDon-088500_M125_509,M125,d1,19,15:27:10,15:27:10,403763,49.0,4
OF_A5-Weekday-SDon-088500_M125_509,M125,d1,20,15:28:07,15:28:07,403677,47.0,3
OF_A5-Weekday-SDon-088500_M125_509,M125,d1,21,15:29:00,15:29:00,403829,47.0,3
OF_A5-Weekday-SDon-046600_M125_501,M125,d1,1,7:46:00,7:46:00,902208,29.0,2
OF_A5-Weekday-SDon-046600_M125_501,M125,d1,2,7:51:24,7:51:24,101069,29.0,2
OF_A5-Weekday-SDon-046600_M125_501,M125,d1,3,7:53:21,7:53:21,101071,29.0,2
OF_A5-Weekday-SDon-046600_M125_501,M125,d1,4,7:55:00,7:55:00,101072,29.0,2
OF_A5-Weekday-SDon-046600_M125_501,M125,d1,5,7:58:33,7:58:33,101074,29.0,2
OF_A5-Weekday-SDon-046600_M125_501,M125,d1,6,8:02:19,8:02:19,102839,29.0,2
OF_A5-Weekday-SDon-046600_M125_501,M125,d1,7,8:08:15,8:08:15,403766,15.0,2
OF_A5-Weekday-SDon-046600_M125_501,M125,d1,8,8:12:10,8:12:10,403676,28.0,2
OF_A5-Weekday-SDon-046600_M125_501,M125,d1,9,8:14:00,8:14:00,402502,15.0,3
OF_A5-Weekday-SDon-046600_M125_501,M125,d1,10,8:15:36,8:15:36,402503,39.0,3
OF_A5-Weekday-SDon-046600_M125_501,M125,d1,11,8:17:23,8:17:23,402504,39.0,3
OF_A5-Weekday-SDon-046600_M125_501,M125,d1,12,8:19:00,8:19:00,402505,39.0,3
OF_A5-Weekday-SDon-046600_M125_501,M125,d1,13,8:19:56,8:19:56,402506,39.0,3
OF_A5-Weekday-SDon-046600_M125_501,M125,d1,14,8:22:16,8:22:16,402507,36.0,3
OF_A5-Weekday-SDon-046600_M125_501,M125,d1,15,8:24:08,8:24:08,402508,39.0,3
OF_A5-Weekday-SDon-046600_M125_501,M125,d1,16,8:26:00,8:26:00,402509,39.0,3
OF_A5-Weekday-SDon-046600_M125_501,M125,d1,17,8:26:58,8:26:58,402510,39.0,3
OF_A5-Weekday-SDon-046600_M125_501,M125,d1,18,8:30:00,8:30:00,403604,4.0,1
OF_A5-Weekday-SDon-046600_M125_501,M125,d1,19,8:31:10,8:31:10,403763,4.0,1
OF_A5-Weekday-SDon-046600_M125_501,M125,d1,20,8:32:07,8:32:07,403677,4.0,1
OF_A5-Weekday-SDon-046600_M125_501,M125,d1,21,8:33:00,8:33:00,403829,4.0,1
OF_A5-Weekday-051400_M125_514,M125,d1,1,8:34:00,8:34:00,902208,4.0,1
OF_A5-Weekday-051400_M125_514,M125,d1,2,8:38:48,8:38:48,101069,6.0,1
OF_A5-Weekday-051400_M125_514,M125,d1,3,8:40:32,8:40:32,101071,6.0,1
OF_A5-Weekday-051400_M125_514,M125,d1,4,8:42:00,8:42:00,101072,6.0,1
OF_A5-Weekday-051400_M125_514,M125,d1,5,8:44:37,8:44:37,101074,6.0,1
OF_A5-Weekday-051400_M125_514,M125,d1,6,8:47:24,8:47:24,102839,6.0,1
OF_A5-Weekday-051400_M125_514,M125,d1,7,8:51:46,8:51:46,403766,3.0,1
OF_A5-Weekday-051400_M125_514,M125,d1,8,8:54:39,8:54:39,403676,3.0,1
OF_A5-Weekday-051400_M125_514,M125,d1,9,8:56:00,8:56:00,402502,11.0,1
OF_A5-Weekday-051400_M125_514,M125,d1,10,8:57:56,8:57:56,402503,11.0,1
OF_A5-Weekday-051400_M125_514,M125,d1,11,9:00:04,9:00:04,402504,9.0,1
OF_A5-Weekday-051400_M125_514,M125,d1,12,9:02:00,9:02:00,402505,9.0,1
OF_A5-Weekday-051400_M125_514,M125,d1,13,9:03:04,9:03:04,402506,5.0,1
OF_A5-Weekday-051400_M125_514,M125,d1,14,9:05:44,9:05:44,402507,5.0,1
OF_A5-Weekday-051400_M125_514,M125,d1,15,9:07:53,9:07:53,402508,2.0,1
OF_A5-Weekday-051400_M125_514,M125,d1,16,9:10:00,9:10:00,402509,3.0,1
OF_A5-Weekday-051400_M125_514,M125,d1,17,9:10:58,9:10:58,402510,3.0,1
OF_A5-Weekday-051400_M125_514,M125,d1,18,9:14:00,9:14:00,403604,1.0,1
OF_A5-Weekday-051400_M125_514,M125,d1,19,9:15:10,9:15:10,403763,1.0,1
OF_A5-Weekday-051400_M125_514,M125,d1,20,9:16:07,9:16:07,403677,1.0,1
OF_A5-Weekday-051400_M125_514,M125,d1,21,9:17:00,9:17:00,403829,1.0,1
OF_A5-Weekday-SDon-082400_M125_517,M125,d1,1,13:44:00,13:44:00,902208,27.0,2
OF_A5-Weekday-SDon-082400_M125_517,M125,d1,2,13:49:24,13:49:24,101069,27.0,2
OF_A5-Weekday-SDon-082400_M125_517,M125,d1,3,13:51:21,13:51:21,101071,27.0,2
OF_A5-Weekday-SDon-082400_M125_517,M125,d1,4,13:53:00,13:53:00,101072,27.0,2
OF_A5-Weekday-SDon-082400_M125_517,M125,d1,5,13:55:26,13:55:26,101074,27.0,2
OF_A5-Weekday-SDon-082400_M125_517,M125,d1,6,13:58:00,13:58:00,102839,27.0,2
OF_A5-Weekday-SDon-082400_M125_517,M125,d1,7,14:02:04,14:02:04,403766,32.0,3
OF_A5-Weekday-SDon-082400_M125_517,M125,d1,8,14:04:45,14:04:45,403676,36.0,3
OF_A5-Weekday-SDon-082400_M125_517,M125,d1,9,14:06:00,14:06:00,402502,36.0,3
OF_A5-Weekday-SDon-082400_M125_517,M125,d1,10,14:07:56,14:07:56,402503,36.0,3
OF_A5-Weekday-SDon-082400_M125_517,M125,d1,11,14:10:04,14:10:04,402504,44.0,3
OF_A5-Weekday-SDon-082400_M125_517,M125,d1,12,14:12:00,14:12:00,402505,44.0,3
OF_A5-Weekday-SDon-082400_M125_517,M125,d1,13,14:13:12,14:13:12,402506,44.0,3
OF_A5-Weekday-SDon-082400_M125_517,M125,d1,14,14:16:12,14:16:12,402507,32.0,2
OF_A5-Weekday-SDon-082400_M125_517,M125,d1,15,14:18:37,14:18:37,402508,32.0,2
OF_A5-Weekday-SDon-082400_M125_517,M125,d1,16,14:21:00,14:21:00,402509,18.0,2
OF_A5-Weekday-SDon-082400_M125_517,M125,d1,17,14:21:58,14:21:58,402510,14.0,1
OF_A5-Weekday-SDon-082400_M125_517,M125,d1,18,14:25:00,14:25:00,403604,14.0,1
OF_A5-Weekday-SDon-082400_M125_517,M125,d1,19,14:26:10,14:26:10,403763,14.0,1
OF_A5-Weekday-SDon-082400_M125_517,M125,d1,20,14:27:07,14:27:07,403677,14.0,1
OF_A5-Weekday-SDon-082400_M125_517,M125,d1,21,14:28:00,14:28:00,403829,14.0,1
OF_A5-Weekday-SDon-009000_M125_501,M125,d1,1,1:30:00,1:30:00,902208,5.0,1
OF_A5-Weekday-SDon-009000_M125_501,M125,d1,2,1:33:00,1:33:00,101069,5.0,1
OF_A5-Weekday-SDon-009000_M125_501,M125,d1,3,1:34:05,1:34:05,101071,5.0,1
OF_A5-Weekday-SDon-009000_M125_501,M125,d1,4,1:35:00,1:35:00,101072,5.0,1
OF_A5-Weekday-SDon-009000_M125_501,M125,d1,5,1:36:18,1:36:18,101074,5.0,1
OF_A5-Weekday-SDon-009000_M125_501,M125,d1,6,1:37:42,1:37:42,102839,5.0,1
OF_A5-Weekday-SDon-009000_M125_501,M125,d1,7,1:39:53,1:39:53,403766,5.0,1
OF_A5-Weekday-SDon-009000_M125_501,M125,d1,8,1:41:20,1:41:20,403676,5.0,1
OF_A5-Weekday-SDon-009000_M125_501,M125,d1,9,1:42:00,1:42:00,402502,5.0,1
OF_A5-Weekday-SDon-009000_M125_501,M125,d1,10,1:42:39,1:42:39,402503,5.0,1
OF_A5-Weekday-SDon-009000_M125_501,M125,d1,11,1:43:21,1:43:21,402504,5.0,1
OF_A5-Weekday-SDon-009000_M125_501,M125,d1,12,1:44:00,1:44:00,402505,5.0,1
OF_A5-Weekday-SDon-009000_M125_501,M125,d1,13,1:44:32,1:44:32,402506,5.0,1
OF_A5-Weekday-SDon-009000_M125_501,M125,d1,14,1:45:52,1:45:52,402507,5.0,1
OF_A5-Weekday-SDon-009000_M125_501,M125,d1,15,1:46:56,1:46:56,402508,5.0,1
OF_A5-Weekday-SDon-009000_M125_501,M125,d1,16,1:48:00,1:48:00,402509,5.0,1
OF_A5-Weekday-SDon-009000_M125_501,M125,d1,17,1:48:29,1:48:29,402510,5.0,1
OF_A5-Weekday-SDon-009000_M125_501,M125,d1,18,1:50:00,1:50:00,403604,5.0,1
OF_A5-Weekday-SDon-009000_M125_501,M125,d1,19,1:50:47,1:50:47,403763,5.0,1
OF_A5-Weekday-SDon-009000_M125_501,M125,d1,20,1:51:25,1:51:25,403677,5.0,1
OF_A5-Weekday-SDon-009000_M125_501,M125,d1,21,1:52:00,1:52:00,403829,5.0,1
OF_A5-Weekday-SDon-051400_M125_514,M125,d1,1,8:34:00,8:34:00,902208,18.0,2
OF_A5-Weekday-SDon-051400_M125_514,M125,d1,2,8:38:48,8:38:48,101069,18.0,2
OF_A5-Weekday-SDon-051400_M125_514,M125,d1,3,8:40:32,8:40:32,101071,16.0,1
OF_A5-Weekday-SDon-051400_M125_514,M125,d1,4,8:42:00,8:42:00,101072,11.0,1
OF_A5-Weekday-SDon-051400_M125_514,M125,d1,5,8:44:37,8:44:37,101074,11.0,1
OF_A5-Weekday-SDon-051400_M125_514,M125,d1,6,8:47:24,8:47:24,102839,7.0,1
OF_A5-Weekday-SDon-051400_M125_514,M125,d1,7,8:51:46,8:51:46,403766,7.0,1
OF_A5-Weekday-SDon-051400_M125_514,M125,d1,8,8:54:39,8:54:39,403676,5.0,1
OF_A5-Weekday-SDon-051400_M125_514,M125,d1,9,8:56:00,8:56:00,402502,5.0,1
OF_A5-Weekday-SDon-051400_M125_514,M125,d1,10,8:57:56,8:57:56,402503,5.0,1
OF_A5-Weekday-SDon-051400_M125_514,M125,d1,11,9:00:04,9:00:04,402504,2.0,1
OF_A5-Weekday-SDon-051400_M125_514,M125,d1,12,9:02:00,9:02:00,402505,2.0,1
OF_A5-Weekday-SDon-051400_M125_514,M125,d1,13,9:03:04,9:03:04,402506,2.0,2
OF_A5-Weekday-SDon-051400_M125_514,M125,d1,14,9:05:44,9:05:44,402507,31.0,2
OF_A5-Weekday-SDon-051400_M125_514,M125,d1,15,9:07:53,9:07:53,402508,2.0,1
OF_A5-Weekday-SDon-051400_M125_514,M125,d1,16,9:10:00,9:10:00,402509,10.0,2
OF_A5-Weekday-SDon-051400_M125_514,M125,d1,17,9:10:58,9:10:58,402510,21.0,2
OF_A5-Weekday-SDon-051400_M125_514,M125,d1,18,9:14:00,9:14:00,403604,1.0,1
OF_A5-Weekday-SDon-051400_M125_514,M125,d1,19,9:15:10,9:15:10,403763,3.0,1
OF_A5-Weekday-SDon-051400_M125_514,M125,d1,20,9:16:07,9:16:07,403677,3.0,1
OF_A5-Weekday-SDon-051400_M125_514,M125,d1,21,9:17:00,9:17:00,403829,3.0,1
OF_A5-Weekday-SDon-068000_M125_508,M125,d1,1,11:20:00,11:20:00,902208,16.0,1
OF_A5-Weekday-SDon-068000_M125_508,M125,d1,2,11:24:48,11:24:48,101069,16.0,1
OF_A5-Weekday-SDon-068000_M125_508,M125,d1,3,11:26:32,11:26:32,101071,16.0,1
OF_A5-Weekday-SDon-068000_M125_508,M125,d1,4,11:28:00,11:28:00,101072,16.0,1
OF_A5-Weekday-SDon-068000_M125_508,M125,d1,5,11:30:26,11:30:26,101074,16.0,1
OF_A5-Weekday-SDon-068000_M125_508,M125,d1,6,11:33:00,11:33:00,102839,16.0,1
OF_A5-Weekday-SDon-068000_M125_508,M125,d1,7,11:37:04,11:37:04,403766,16.0,1
OF_A5-Weekday-SDon-068000_M125_508,M125,d1,8,11:39:45,11:39:45,403676,16.0,1
OF_A5-Weekday-SDon-068000_M125_508,M125,d1,9,11:41:00,11:41:00,402502,16.0,1
OF_A5-Weekday-SDon-068000_M125_508,M125,d1,10,11:42:36,11:42:36,402503,16.0,1
OF_A5-Weekday-SDon-068000_M125_508,M125,d1,11,11:44:23,11:44:23,402504,16.0,1
OF_A5-Weekday-SDon-068000_M125_508,M125,d1,12,11:46:00,11:46:00,402505,16.0,1
OF_A5-Weekday-SDon-068000_M125_508,M125,d1,13,11:47:04,11:47:04,402506,16.0,1
OF_A5-Weekday-SDon-068000_M125_508,M125,d1,14,11:49:44,11:49:44,402507,16.0,1
OF_A5-Weekday-SDon-068000_M125_508,M125,d1,15,11:51:53,11:51:53,402508,16.0,1
OF_A5-Weekday-SDon-068000_M125_508,M125,d1,16,11:54:00,11:54:00,402509,16.0,1
OF_A5-Weekday-SDon-068000_M125_508,M125,d1,17,11:54:44,11:54:44,402510,16.0,1
OF_A5-Weekday-SDon-068000_M125_508,M125,d1,18,11:57:00,11:57:00,403604,16.0,1
OF_A5-Weekday-SDon-068000_M125_508,M125,d1,19,11:58:10,11:58:10,403763,16.0,1
OF_A5-Weekday-SDon-068000_M125_508,M125,d1,20,11:59:07,11:59:07,403677,16.0,1
OF_A5-Weekday-SDon-068000_M125_508,M125,d1,21,12:00:00,12:00:00,403829,16.0,1
OF_A5-Weekday-SDon-130500_M125_521,M125,d1,1,21:45:00,21:45:00,902208,11.0,1
OF_A5-Weekday-SDon-130500_M125_521,M125,d1,2,21:48:36,21:48:36,101069,11.0,1
OF_A5-Weekday-SDon-130500_M125_521,M125,d1,3,21:49:54,21:49:54,101071,11.0,1
OF_A5-Weekday-SDon-130500_M125_521,M125,d1,4,21:51:00,21:51:00,101072,7.0,1
OF_A5-Weekday-SDon-130500_M125_521,M125,d1,5,21:52:41,21:52:41,101074,9.0,1
OF_A5-Weekday-SDon-130500_M125_521,M125,d1,6,21:54:28,21:54:28,102839,9.0,1
OF_A5-Weekday-SDon-130500_M125_521,M125,d1,7,21:57:17,21:57:17,403766,9.0,1
OF_A5-Weekday-SDon-130500_M125_521,M125,d1,8,21:59:08,21:59:08,403676,7.0,1
OF_A5-Weekday-SDon-130500_M125_521,M125,d1,9,22:00:00,22:00:00,402502,6.0,1
OF_A5-Weekday-SDon-130500_M125_521,M125,d1,10,22:00:58,22:00:58,402503,1.0,1
OF_A5-Weekday-SDon-130500_M125_521,M125,d1,11,22:02:02,22:02:02,402504,7.0,1
OF_A5-Weekday-SDon-130500_M125_521,M125,d1,12,22:03:00,22:03:00,402505,1.0,1
OF_A5-Weekday-SDon-130500_M125_521,M125,d1,13,22:03:48,22:03:48,402506,11.0,1
OF_A5-Weekday-SDon-130500_M125_521,M125,d1,14,22:05:48,22:05:48,402507,4.0,1
OF_A5-Weekday-SDon-130500_M125_521,M125,d1,15,22:07:24,22:07:24,402508,2.0,1
OF_A5-Weekday-SDon-130500_M125_521,M125,d1,16,22:09:00,22:09:00,402509,11.0,1
OF_A5-Weekday-SDon-130500_M125_521,M125,d1,17,22:09:44,22:09:44,402510,11.0,1
OF_A5-Weekday-SDon-130500_M125_521,M125,d1,18,22:12:00,22:12:00,403604,2.0,1
OF_A5-Weekday-SDon-130500_M125_521,M125,d1,19,22:12:47,22:12:47,403763,11.0,1
OF_A5-Weekday-SDon-130500_M125_521,M125,d1,20,22:13:25,22:13:25,403677,11.0,1
OF_A5-Weekday-SDon-130500_M125_521,M125,d1,21,22:14:00,22:14:00,403829,11.0,1
OF_A5-Weekday-097000_M125_526,M125,d1,1,16:10:00,16:10:00,902208,11.0,1
OF_A5-Weekday-097000_M125_526,M125,d1,2,16:16:36,16:16:36,101069,11.0,1
OF_A5-Weekday-097000_M125_526,M125,d1,3,16:18:59,16:18:59,101071,11.0,1
OF_A5-Weekday-097000_M125_526,M125,d1,4,16:21:00,16:21:00,101072,11.0,1
OF_A5-Weekday-097000_M125_526,M125,d1,5,16:23:48,16:23:48,101074,11.0,1
OF_A5-Weekday-097000_M125_526,M125,d1,6,16:26:47,16:26:47,102839,11.0,1
OF_A5-Weekday-097000_M125_526,M125,d1,7,16:31:28,16:31:28,403766,11.0,1
OF_A5-Weekday-097000_M125_526,M125,d1,8,16:34:34,16:34:34,403676,11.0,1
OF_A5-Weekday-097000_M125_526,M125,d1,9,16:36:00,16:36:00,402502,11.0,1
OF_A5-Weekday-097000_M125_526,M125,d1,10,16:37:36,16:37:36,402503,6.0,1
OF_A5-Weekday-097000_M125_526,M125,d1,11,16:39:23,16:39:23,402504,6.0,1
OF_A5-Weekday-097000_M125_526,M125,d1,12,16:41:00,16:41:00,402505,6.0,1
OF_A5-Weekday-097000_M125_526,M125,d1,13,16:42:12,16:42:12,402506,6.0,1
OF_A5-Weekday-097000_M125_526,M125,d1,14,16:45:12,16:45:12,402507,6.0,1
OF_A5-Weekday-097000_M125_526,M125,d1,15,16:47:37,16:47:37,402508,6.0,1
OF_A5-Weekday-097000_M125_526,M125,d1,16,16:50:00,16:50:00,402509,6.0,1
OF_A5-Weekday-097000_M125_526,M125,d1,17,16:50:58,16:50:58,402510,6.0,1
OF_A5-Weekday-097000_M125_526,M125,d1,18,16:54:00,16:54:00,403604,6.0,1
OF_A5-Weekday-097000_M125_526,M125,d1,19,16:55:10,16:55:10,403763,6.0,1
OF_A5-Weekday-097000_M125_526,M125,d1,20,16:56:07,16:56:07,403677,6.0,1
OF_A5-Weekday-097000_M125_526,M125,d1,21,16:57:00,16:57:00,403829,6.0,1
OF_A5-Weekday-048200_M125_511,M125,d1,1,8:02:00,8:02:00,902208,6.0,1
OF_A5-Weekday-048200_M125_511,M125,d1,2,8:07:24,8:07:24,101069,7.0,1
OF_A5-Weekday-048200_M125_511,M125,d1,3,8:09:21,8:09:21,101071,7.0,1
OF_A5-Weekday-048200_M125_511,M125,d1,4,8:11:00,8:11:00,101072,6.0,1
OF_A5-Weekday-048200_M125_511,M125,d1,5,8:14:33,8:14:33,101074,10.0,1
OF_A5-Weekday-048200_M125_511,M125,d1,6,8:18:19,8:18:19,102839,14.0,1
OF_A5-Weekday-048200_M125_511,M125,d1,7,8:24:15,8:24:15,403766,14.0,1
OF_A5-Weekday-048200_M125_511,M125,d1,8,8:28:10,8:28:10,403676,14.0,2
OF_A5-Weekday-048200_M125_511,M125,d1,9,8:30:00,8:30:00,402502,24.0,2
OF_A5-Weekday-048200_M125_511,M125,d1,10,8:31:56,8:31:56,402503,28.0,2
OF_A5-Weekday-048200_M125_511,M125,d1,11,8:34:04,8:34:04,402504,28.0,2
OF_A5-Weekday-048200_M125_511,M125,d1,12,8:36:00,8:36:00,402505,28.0,2
OF_A5-Weekday-048200_M125_511,M125,d1,13,8:37:04,8:37:04,402506,27.0,2
OF_A5-Weekday-048200_M125_511,M125,d1,14,8:39:44,8:39:44,402507,27.0,2
OF_A5-Weekday-048200_M125_511,M125,d1,15,8:41:53,8:41:53,402508,27.0,2
OF_A5-Weekday-048200_M125_511,M125,d1,16,8:44:00,8:44:00,402509,27.0,2
OF_A5-Weekday-048200_M125_511,M125,d1,17,8:44:58,8:44:58,402510,7.0,1
OF_A5-Weekday-048200_M125_511,M125,d1,18,8:48:00,8:48:00,403604,7.0,1
OF_A5-Weekday-048200_M125_511,M125,d1,19,8:49:10,8:49:10,403763,7.0,1
OF_A5-Weekday-048200_M125_511,M125,d1,20,8:50:07,8:50:07,403677,7.0,1
OF_A5-Weekday-048200_M125_511,M125,d1,21,8:51:00,8:51:00,403829,7.0,1
OF_A5-Weekday-SDon-138200_M125_525,M125,d1,1,23:02:00,23:02:00,902208,10.0,1
OF_A5-Weekday-SDon-138200_M125_525,M125,d1,2,23:05:00,23:05:00,101069,10.0,1
OF_A5-Weekday-SDon-138200_M125_525,M125,d1,3,23:06:05,23:06:05,101071,10.0,1
OF_A5-Weekday-SDon-138200_M125_525,M125,d1,4,23:07:00,23:07:00,101072,9.0,1
OF_A5-Weekday-SDon-138200_M125_525,M125,d1,5,23:08:30,23:08:30,101074,11.0,1
OF_A5-Weekday-SDon-138200_M125_525,M125,d1,6,23:10:05,23:10:05,102839,11.0,1
OF_A5-Weekday-SDon-138200_M125_525,M125,d1,7,23:12:35,23:12:35,403766,11.0,1
OF_A5-Weekday-SDon-138200_M125_525,M125,d1,8,23:14:14,23:14:14,403676,9.0,1
OF_A5-Weekday-SDon-138200_M125_525,M125,d1,9,23:15:00,23:15:00,402502,13.0,1
OF_A5-Weekday-SDon-138200_M125_525,M125,d1,10,23:15:58,23:15:58,402503,12.0,1
OF_A5-Weekday-SDon-138200_M125_525,M125,d1,11,23:17:02,23:17:02,402504,8.0,1
OF_A5-Weekday-SDon-138200_M125_525,M125,d1,12,23:18:00,23:18:00,402505,13.0,1
OF_A5-Weekday-SDon-138200_M125_525,M125,d1,13,23:18:40,23:18:40,402506,9.0,1
OF_A5-Weekday-SDon-138200_M125_525,M125,d1,14,23:20:20,23:20:20,402507,9.0,1
OF_A5-Weekday-SDon-138200_M125_525,M125,d1,15,23:21:40,23:21:40,402508,8.0,1
OF_A5-Weekday-SDon-138200_M125_525,M125,d1,16,23:23:00,23:23:00,402509,6.0,1
OF_A5-Weekday-SDon-138200_M125_525,M125,d1,17,23:23:29,23:23:29,402510,6.0,1
OF_A5-Weekday-SDon-138200_M125_525,M125,d1,18,23:25:00,23:25:00,403604,6.0,1
OF_A5-Weekday-SDon-138200_M125_525,M125,d1,19,23:25:47,23:25:47,403763,2.0,1
OF_A5-Weekday-SDon-138200_M125_525,M125,d1,20,23:26:25,23:26:25,403677,2.0,1
OF_A5-Weekday-SDon-138200_M125_525,M125,d1,21,23:27:00,23:27:00,403829,2.0,1
OF_A5-Weekday-SDon-078400_M125_508,M125,d1,1,13:04:00,13:04:00,902208,35.0,3
OF_A5-Weekday-SDon-078400_M125_508,M125,d1,2,13:09:24,13:09:24,101069,41.0,3
OF_A5-Weekday-SDon-078400_M125_508,M125,d1,3,13:11:21,13:11:21,101071,8.0,2
OF_A5-Weekday-SDon-078400_M125_508,M125,d1,4,13:13:00,13:13:00,101072,32.0,2
OF_A5-Weekday-SDon-078400_M125_508,M125,d1,5,13:15:26,13:15:26,101074,32.0,2
OF_A5-Weekday-SDon-078400_M125_508,M125,d1,6,13:18:00,13:18:00,102839,32.0,2
OF_A5-Weekday-SDon-078400_M125_508,M125,d1,7,13:22:04,13:22:04,403766,32.0,2
OF_A5-Weekday-SDon-078400_M125_508,M125,d1,8,13:24:45,13:24:45,403676,32.0,2
OF_A5-Weekday-SDon-078400_M125_508,M125,d1,9,13:26:00,13:26:00,402502,32.0,2
OF_A5-Weekday-SDon-078400_M125_508,M125,d1,10,13:27:56,13:27:56,402503,32.0,2
OF_A5-Weekday-SDon-078400_M125_508,M125,d1,11,13:30:04,13:30:04,402504,32.0,2
OF_A5-Weekday-SDon-078400_M125_508,M125,d1,12,13:32:00,13:32:00,402505,32.0,2
OF_A5-Weekday-SDon-078400_M125_508,M125,d1,13,13:33:12,13:33:12,402506,32.0,2
OF_A5-Weekday-SDon-078400_M125_508,M125,d1,14,13:36:12,13:36:12,402507,32.0,2
OF_A5-Weekday-SDon-078400_M125_508,M125,d1,15,13:38:37,13:38:37,402508,32.0,2
OF_A5-Weekday-SDon-078400_M125_508,M125,d1,16,13:41:00,13:41:00,402509,32.0,2
OF_A5-Weekday-SDon-078400_M125_508,M125,d1,17,13:41:58,13:41:58,402510,32.0,2
OF_A5-Weekday-SDon-078400_M125_508,M125,d1,18,13:45:00,13:45:00,403604,32.0,2
OF_A5-Weekday-SDon-078400_M125_508,M125,d1,19,13:46:10,13:46:10,403763,32.0,2
OF_A5-Weekday-SDon-078400_M125_508,M125,d1,20,13:47:07,13:47:07,403677,1.0,1
OF_A5-Weekday-SDon-078400_M125_508,M125,d1,21,13:48:00,13:48:00,403829,1.0,1
OF_A5-Weekday-SDon-081600_M125_522,M125,d1,1,13:36:00,13:36:00,902208,47.0,3
OF_A5-Weekday-SDon-081600_M125_522,M125,d1,2,13:41:24,13:41:24,101069,47.0,3
OF_A5-Weekday-SDon-081600_M125_522,M125,d1,3,13:43:21,13:43:21,101071,46.0,3
OF_A5-Weekday-SDon-081600_M125_522,M125,d1,4,13:45:00,13:45:00,101072,48.0,3
OF_A5-Weekday-SDon-081600_M125_522,M125,d1,5,13:47:26,13:47:26,101074,48.0,4
OF_A5-Weekday-SDon-081600_M125_522,M125,d1,6,13:50:00,13:50:00,102839,55.0,4
OF_A5-Weekday-SDon-081600_M125_522,M125,d1,7,13:54:04,13:54:04,403766,55.0,4
OF_A5-Weekday-SDon-081600_M125_522,M125,d1,8,13:56:45,13:56:45,403676,41.0,3
OF_A5-Weekday-SDon-081600_M125_522,M125,d1,9,13:58:00,13:58:00,402502,44.0,3
OF_A5-Weekday-SDon-081600_M125_522,M125,d1,10,13:59:56,13:59:56,402503,44.0,3
OF_A5-Weekday-SDon-081600_M125_522,M125,d1,11,14:02:04,14:02:04,402504,44.0,3
OF_A5-Weekday-SDon-081600_M125_522,M125,d1,12,14:04:00,14:04:00,402505,44.0,3
OF_A5-Weekday-SDon-081600_M125_522,M125,d1,13,14:05:12,14:05:12,402506,44.0,3
OF_A5-Weekday-SDon-081600_M125_522,M125,d1,14,14:08:12,14:08:12,402507,43.0,3
OF_A5-Weekday-SDon-081600_M125_522,M125,d1,15,14:10:37,14:10:37,402508,32.0,2
OF_A5-Weekday-SDon-081600_M125_522,M125,d1,16,14:13:00,14:13:00,402509,29.0,2
OF_A5-Weekday-SDon-081600_M125_522,M125,d1,17,14:13:58,14:13:58,402510,29.0,2
OF_A5-Weekday-SDon-081600_M125_522,M125,d1,18,14:17:00,14:17:00,403604,29.0,2
OF_A5-Weekday-SDon-081600_M125_522,M125,d1,19,14:18:10,14:18:10,403763,29.0,2
OF_A5-Weekday-SDon-081600_M125_522,M125,d1,20,14:19:07,14:19:07,403677,29.0,2
OF_A5-Weekday-SDon-081600_M125_522,M125,d1,21,14:20:00,14:20:00,403829,29.0,2
OF_A5-Weekday-130500_M125_521,M125,d1,1,21:45:00,21:45:00,902208,8.0,1
OF_A5-Weekday-130500_M125_521,M125,d1,2,21:48:36,21:48:36,101069,8.0,1
OF_A5-Weekday-130500_M125_521,M125,d1,3,21:49:54,21:49:54,101071,8.0,1
OF_A5-Weekday-130500_M125_521,M125,d1,4,21:51:00,21:51:00,101072,8.0,1
OF_A5-Weekday-130500_M125_521,M125,d1,5,21:52:41,21:52:41,101074,9.0,1
OF_A5-Weekday-130500_M125_521,M125,d1,6,21:54:28,21:54:28,102839,9.0,1
OF_A5-Weekday-130500_M125_521,M125,d1,7,21:57:17,21:57:17,403766,8.0,1
OF_A5-Weekday-130500_M125_521,M125,d1,8,21:59:08,21:59:08,403676,8.0,1
OF_A5-Weekday-130500_M125_521,M125,d1,9,22:00:00,22:00:00,402502,7.0,1
OF_A5-Weekday-130500_M125_521,M125,d1,10,22:00:58,22:00:58,402503,9.0,1
OF_A5-Weekday-130500_M125_521,M125,d1,11,22:02:02,22:02:02,402504,9.0,1
OF_A5-Weekday-130500_M125_521,M125,d1,12,22:03:00,22:03:00,402505,9.0,1
OF_A5-Weekday-130500_M125_521,M125,d1,13,22:03:48,22:03:48,402506,8.0,1
OF_A5-Weekday-130500_M125_521,M125,d1,14,22:05:48,22:05:48,402507,8.0,1
OF_A5-Weekday-130500_M125_521,M125,d1,15,22:07:24,22:07:24,402508,1.0,1
OF_A5-Weekday-130500_M125_521,M125,d1,16,22:09:00,22:09:00,402509,1.0,1
OF_A5-Weekday-130500_M125_521,M125,d1,17,22:09:44,22:09:44,402510,1.0,1
OF_A5-Weekday-130500_M125_521,M125,d1,18,22:12:00,22:12:00,403604,1.0,1
OF_A5-Weekday-130500_M125_521,M125,d1,19,22:12:47,22:12:47,403763,1.0,1
OF_A5-Weekday-130500_M125_521,M125,d1,20,22:13:25,22:13:25,403677,1.0,1
OF_A5-Weekday-130500_M125_521,M125,d1,21,22:14:00,22:14:00,403829,1.0,1
OF_A5-Weekday-SDon-115700_M125_522,M125,d1,1,19:17:00,19:17:00,902208,1.0,1
OF_A5-Weekday-SDon-115700_M125_522,M125,d1,2,19:21:12,19:21:12,101069,1.0,1
OF_A5-Weekday-SDon-115700_M125_522,M125,d1,3,19:22:43,19:22:43,101071,1.0,1
OF_A5-Weekday-SDon-115700_M125_522,M125,d1,4,19:24:00,19:24:00,101072,1.0,1
OF_A5-Weekday-SDon-115700_M125_522,M125,d1,5,19:26:03,19:26:03,101074,1.0,1
OF_A5-Weekday-SDon-115700_M125_522,M125,d1,6,19:28:14,19:28:14,102839,1.0,1
OF_A5-Weekday-SDon-115700_M125_522,M125,d1,7,19:31:40,19:31:40,403766,1.0,1
OF_A5-Weekday-SDon-115700_M125_522,M125,d1,8,19:33:57,19:33:57,403676,1.0,1
OF_A5-Weekday-SDon-115700_M125_522,M125,d1,9,19:35:00,19:35:00,402502,7.0,2
OF_A5-Weekday-SDon-115700_M125_522,M125,d1,10,19:35:58,19:35:58,402503,22.0,2
OF_A5-Weekday-SDon-115700_M125_522,M125,d1,11,19:37:02,19:37:02,402504,22.0,2
OF_A5-Weekday-SDon-115700_M125_522,M125,d1,12,19:38:00,19:38:00,402505,22.0,2
OF_A5-Weekday-SDon-115700_M125_522,M125,d1,13,19:39:04,19:39:04,402506,22.0,2
OF_A5-Weekday-SDon-115700_M125_522,M125,d1,14,19:41:44,19:41:44,402507,22.0,2
OF_A5-Weekday-SDon-115700_M125_522,M125,d1,15,19:43:53,19:43:53,402508,19.0,2
OF_A5-Weekday-SDon-115700_M125_522,M125,d1,16,19:46:00,19:46:00,402509,19.0,2
OF_A5-Weekday-SDon-115700_M125_522,M125,d1,17,19:46:44,19:46:44,402510,1.0,1
OF_A5-Weekday-SDon-115700_M125_522,M125,d1,18,19:49:00,19:49:00,403604,1.0,1
OF_A5-Weekday-SDon-115700_M125_522,M125,d1,19,19:49:47,19:49:47,403763,1.0,1
OF_A5-Weekday-SDon-115700_M125_522,M125,d1,20,19:50:25,19:50:25,403677,1.0,1
OF_A5-Weekday-SDon-115700_M125_522,M125,d1,21,19:51:00,19:51:00,403829,1.0,1
OF_A5-Weekday-SDon-097000_M125_526,M125,d1,1,16:10:00,16:10:00,902208,21.0,2
OF_A5-Weekday-SDon-097000_M125_526,M125,d1,2,16:16:36,16:16:36,101069,21.0,2
OF_A5-Weekday-SDon-097000_M125_526,M125,d1,3,16:18:59,16:18:59,101071,21.0,2
OF_A5-Weekday-SDon-097000_M125_526,M125,d1,4,16:21:00,16:21:00,101072,21.0,2
OF_A5-Weekday-SDon-097000_M125_526,M125,d1,5,16:23:48,16:23:48,101074,21.0,2
OF_A5-Weekday-SDon-097000_M125_526,M125,d1,6,16:26:47,16:26:47,102839,21.0,2
OF_A5-Weekday-SDon-097000_M125_526,M125,d1,7,16:31:28,16:31:28,403766,21.0,2
OF_A5-Weekday-SDon-097000_M125_526,M125,d1,8,16:34:34,16:34:34,403676,21.0,2
OF_A5-Weekday-SDon-097000_M125_526,M125,d1,9,16:36:00,16:36:00,402502,21.0,2
OF_A5-Weekday-SDon-097000_M125_526,M125,d1,10,16:37:36,16:37:36,402503,21.0,2
OF_A5-Weekday-SDon-097000_M125_526,M125,d1,11,16:39:23,16:39:23,402504,21.0,2
OF_A5-Weekday-SDon-097000_M125_526,M125,d1,12,16:41:00,16:41:00,402505,21.0,2
OF_A5-Weekday-SDon-097000_M125_526,M125,d1,13,16:42:12,16:42:12,402506,21.0,2
OF_A5-Weekday-SDon-097000_M125_526,M125,d1,14,16:45:12,16:45:12,402507,21.0,2
OF_A5-Weekday-SDon-097000_M125_526,M125,d1,15,16:47:37,16:47:37,402508,21.0,2
OF_A5-Weekday-SDon-097000_M125_526,M125,d1,16,16:50:00,16:50:00,402509,21.0,2
OF_A5-Weekday-SDon-097000_M125_526,M125,d1,17,16:50:58,16:50:58,402510,21.0,2
OF_A5-Weekday-SDon-097000_M125_526,M125,d1,18,16:54:00,16:54:00,403604,21.0,2
OF_A5-Weekday-SDon-097000_M125_526,M125,d1,19,16:55:10,16:55:10,403763,21.0,2
OF_A5-Weekday-SDon-097000_M125_526,M125,d1,20,16:56:07,16:56:07,403677,21.0,2
OF_A5-Weekday-SDon-097000_M125_526,M125,d1,21,16:57:00,16:57:00,403829,21.0,2
OF_A5-Weekday-112300_M125_521,M125,d1,1,18:43:00,18:43:00,902208,2.0,1
OF_A5-Weekday-112300_M125_521,M125,d1,2,18:47:12,18:47:12,101069,11.0,1
OF_A5-Weekday-112300_M125_521,M125,d1,3,18:48:43,18:48:43,101071,11.0,1
OF_A5-Weekday-112300_M125_521,M125,d1,4,18:50:00,18:50:00,101072,11.0,1
OF_A5-Weekday-112300_M125_521,M125,d1,5,18:52:03,18:52:03,101074,11.0,1
OF_A5-Weekday-112300_M125_521,M125,d1,6,18:54:14,18:54:14,102839,11.0,1
OF_A5-Weekday-112300_M125_521,M125,d1,7,18:57:40,18:57:40,403766,7.0,1
OF_A5-Weekday-112300_M125_521,M125,d1,8,18:59:57,18:59:57,403676,3.0,1
OF_A5-Weekday-112300_M125_521,M125,d1,9,19:01:00,19:01:00,402502,15.0,1
OF_A5-Weekday-112300_M125_521,M125,d1,10,19:02:17,19:02:17,402503,15.0,2
OF_A5-Weekday-112300_M125_521,M125,d1,11,19:03:43,19:03:43,402504,17.0,2
OF_A5-Weekday-112300_M125_521,M125,d1,12,19:05:00,19:05:00,402505,17.0,2
OF_A5-Weekday-112300_M125_521,M125,d1,13,19:06:04,19:06:04,402506,17.0,2
OF_A5-Weekday-112300_M125_521,M125,d1,14,19:08:44,19:08:44,402507,14.0,2
OF_A5-Weekday-112300_M125_521,M125,d1,15,19:10:53,19:10:53,402508,18.0,2
OF_A5-Weekday-112300_M125_521,M125,d1,16,19:13:00,19:13:00,402509,18.0,2
OF_A5-Weekday-112300_M125_521,M125,d1,17,19:13:44,19:13:44,402510,10.0,1
OF_A5-Weekday-112300_M125_521,M125,d1,18,19:16:00,19:16:00,403604,1.0,1
OF_A5-Weekday-112300_M125_521,M125,d1,19,19:17:10,19:17:10,403763,1.0,1
OF_A5-Weekday-112300_M125_521,M125,d1,20,19:18:07,19:18:07,403677,1.0,1
OF_A5-Weekday-112300_M125_521,M125,d1,21,19:19:00,19:19:00,403829,1.0,1
OF_A5-Weekday-056600_M125_513,M125,d1,1,9:26:00,9:26:00,902208,1.0,1
OF_A5-Weekday-056600_M125_513,M125,d1,2,9:30:48,9:30:48,101069,1.0,1
OF_A5-Weekday-056600_M125_513,M125,d1,3,9:32:32,9:32:32,101071,1.0,1
OF_A5-Weekday-056600_M125_513,M125,d1,4,9:34:00,9:34:00,101072,1.0,1
OF_A5-Weekday-056600_M125_513,M125,d1,5,9:36:37,9:36:37,101074,1.0,1
OF_A5-Weekday-056600_M125_513,M125,d1,6,9:39:24,9:39:24,102839,1.0,1
OF_A5-Weekday-056600_M125_513,M125,d1,7,9:43:46,9:43:46,403766,1.0,1
OF_A5-Weekday-056600_M125_513,M125,d1,8,9:46:39,9:46:39,403676,1.0,1
OF_A5-Weekday-056600_M125_513,M125,d1,9,9:48:00,9:48:00,402502,1.0,1
OF_A5-Weekday-056600_M125_513,M125,d1,10,9:49:56,9:49:56,402503,1.0,1
OF_A5-Weekday-056600_M125_513,M125,d1,11,9:52:04,9:52:04,402504,1.0,1
OF_A5-Weekday-056600_M125_513,M125,d1,12,9:54:00,9:54:00,402505,1.0,1
OF_A5-Weekday-056600_M125_513,M125,d1,13,9:55:04,9:55:04,402506,1.0,1
OF_A5-Weekday-056600_M125_513,M125,d1,14,9:57:44,9:57:44,402507,1.0,1
OF_A5-Weekday-056600_M125_513,M125,d1,15,9:59:53,9:59:53,402508,1.0,1
OF_A5-Weekday-056600_M125_513,M125,d1,16,10:02:00,10:02:00,402509,1.0,1
OF_A5-Weekday-056600_M125_513,M125,d1,17,10:02:58,10:02:58,402510,1.0,1
OF_A5-Weekday-056600_M125_513,M125,d1,18,10:06:00,10:06:00,403604,1.0,1
OF_A5-Weekday-056600_M125_513,M125,d1,19,10:07:10,10:07:10,403763,1.0,1
OF_A5-Weekday-056600_M125_513,M125,d1,20,10:08:07,10:08:07,403677,1.0,1
OF_A5-Weekday-056600_M125_513,M125,d1,21,10:09:00,10:09:00,403829,1.0,1
OF_A5-Weekday-SDon-111600_M125_528,M125,d1,1,18:36:00,18:36:00,902208,24.0,2
OF_A5-Weekday-SDon-111600_M125_528,M125,d1,2,18:40:12,18:40:12,101069,24.0,2
OF_A5-Weekday-SDon-111600_M125_528,M125,d1,3,18:41:43,18:41:43,101071,20.0,2
OF_A5-Weekday-SDon-111600_M125_528,M125,d1,4,18:43:00,18:43:00,101072,15.0,2
OF_A5-Weekday-SDon-111600_M125_528,M125,d1,5,18:45:03,18:45:03,101074,24.0,2
OF_A5-Weekday-SDon-111600_M125_528,M125,d1,6,18:47:14,18:47:14,102839,15.0,1
OF_A5-Weekday-SDon-111600_M125_528,M125,d1,7,18:50:40,18:50:40,403766,15.0,1
OF_A5-Weekday-SDon-111600_M125_528,M125,d1,8,18:52:57,18:52:57,403676,15.0,1
OF_A5-Weekday-SDon-111600_M125_528,M125,d1,9,18:54:00,18:54:00,402502,10.0,1
OF_A5-Weekday-SDon-111600_M125_528,M125,d1,10,18:55:17,18:55:17,402503,16.0,1
OF_A5-Weekday-SDon-111600_M125_528,M125,d1,11,18:56:43,18:56:43,402504,16.0,1
OF_A5-Weekday-SDon-111600_M125_528,M125,d1,12,18:58:00,18:58:00,402505,16.0,1
OF_A5-Weekday-SDon-111600_M125_528,M125,d1,13,18:59:04,18:59:04,402506,16.0,1
OF_A5-Weekday-SDon-111600_M125_528,M125,d1,14,19:01:44,19:01:44,402507,15.0,1
OF_A5-Weekday-SDon-111600_M125_528,M125,d1,15,19:03:53,19:03:53,402508,15.0,1
OF_A5-Weekday-SDon-111600_M125_528,M125,d1,16,19:06:00,19:06:00,402509,15.0,1
OF_A5-Weekday-SDon-111600_M125_528,M125,d1,17,19:06:44,19:06:44,402510,10.0,1
OF_A5-Weekday-SDon-111600_M125_528,M125,d1,18,19:09:00,19:09:00,403604,10.0,1
OF_A5-Weekday-SDon-111600_M125_528,M125,d1,19,19:10:10,19:10:10,403763,3.0,1
OF_A5-Weekday-SDon-111600_M125_528,M125,d1,20,19:11:07,19:11:07,403677,3.0,1
OF_A5-Weekday-SDon-111600_M125_528,M125,d1,21,19:12:00,19:12:00,403829,3.0,1
OF_A5-Weekday-072800_M125_514,M125,d1,1,12:08:00,12:08:00,902208,17.0,2
OF_A5-Weekday-072800_M125_514,M125,d1,2,12:12:48,12:12:48,101069,17.0,2
OF_A5-Weekday-072800_M125_514,M125,d1,3,12:14:32,12:14:32,101071,17.0,2
OF_A5-Weekday-072800_M125_514,M125,d1,4,12:16:00,12:16:00,101072,17.0,2
OF_A5-Weekday-072800_M125_514,M125,d1,5,12:18:26,12:18:26,101074,17.0,2
OF_A5-Weekday-072800_M125_514,M125,d1,6,12:21:00,12:21:00,102839,17.0,2
OF_A5-Weekday-072800_M125_514,M125,d1,7,12:25:04,12:25:04,403766,17.0,2
OF_A5-Weekday-072800_M125_514,M125,d1,8,12:27:45,12:27:45,403676,17.0,2
OF_A5-Weekday-072800_M125_514,M125,d1,9,12:29:00,12:29:00,402502,17.0,2
OF_A5-Weekday-072800_M125_514,M125,d1,10,12:30:36,12:30:36,402503,17.0,2
OF_A5-Weekday-072800_M125_514,M125,d1,11,12:32:23,12:32:23,402504,17.0,2
OF_A5-Weekday-072800_M125_514,M125,d1,12,12:34:00,12:34:00,402505,17.0,2
OF_A5-Weekday-072800_M125_514,M125,d1,13,12:35:04,12:35:04,402506,17.0,2
OF_A5-Weekday-072800_M125_514,M125,d1,14,12:37:44,12:37:44,402507,17.0,2
OF_A5-Weekday-072800_M125_514,M125,d1,15,12:39:53,12:39:53,402508,17.0,2
OF_A5-Weekday-072800_M125_514,M125,d1,16,12:42:00,12:42:00,402509,22.0,2
OF_A5-Weekday-072800_M125_514,M125,d1,17,12:42:44,12:42:44,402510,19.0,2
OF_A5-Weekday-072800_M125_514,M125,d1,18,12:45:00,12:45:00,403604,19.0,2
OF_A5-Weekday-072800_M125_514,M125,d1,19,12:46:10,12:46:10,403763,19.0,2
OF_A5-Weekday-072800_M125_514,M125,d1,20,12:47:07,12:47:07,403677,19.0,2
OF_A5-Weekday-072800_M125_514,M125,d1,21,12:48:00,12:48:00,403829,19.0,2
OF_A5-Weekday-SDon-092400_M125_510,M125,d1,1,15:24:00,15:24:00,902208,37.0,3
OF_A5-Weekday-SDon-092400_M125_510,M125,d1,2,15:29:24,15:29:24,101069,37.0,3
OF_A5-Weekday-SDon-092400_M125_510,M125,d1,3,15:31:21,15:31:21,101071,37.0,3
OF_A5-Weekday-SDon-092400_M125_510,M125,d1,4,15:33:00,15:33:00,101072,37.0,3
OF_A5-Weekday-SDon-092400_M125_510,M125,d1,5,15:35:48,15:35:48,101074,37.0,3
OF_A5-Weekday-SDon-092400_M125_510,M125,d1,6,15:38:47,15:38:47,102839,37.0,3
OF_A5-Weekday-SDon-092400_M125_510,M125,d1,7,15:43:28,15:43:28,403766,37.0,3
OF_A5-Weekday-SDon-092400_M125_510,M125,d1,8,15:46:34,15:46:34,403676,37.0,3
OF_A5-Weekday-SDon-092400_M125_510,M125,d1,9,15:48:00,15:48:00,402502,37.0,3
OF_A5-Weekday-SDon-092400_M125_510,M125,d1,10,15:49:36,15:49:36,402503,37.0,4
OF_A5-Weekday-SDon-092400_M125_510,M125,d1,11,15:51:23,15:51:23,402504,54.0,4
OF_A5-Weekday-SDon-092400_M125_510,M125,d1,12,15:53:00,15:53:00,402505,54.0,4
OF_A5-Weekday-SDon-092400_M125_510,M125,d1,13,15:54:12,15:54:12,402506,54.0,4
OF_A5-Weekday-SDon-092400_M125_510,M125,d1,14,15:57:12,15:57:12,402507,54.0,4
OF_A5-Weekday-SDon-092400_M125_510,M125,d1,15,15:59:37,15:59:37,402508,54.0,4
OF_A5-Weekday-SDon-092400_M125_510,M125,d1,16,16:02:00,16:02:00,402509,54.0,4
OF_A5-Weekday-SDon-092400_M125_510,M125,d1,17,16:02:58,16:02:58,402510,34.0,3
OF_A5-Weekday-SDon-092400_M125_510,M125,d1,18,16:06:00,16:06:00,403604,34.0,3
OF_A5-Weekday-SDon-092400_M125_510,M125,d1,19,16:07:10,16:07:10,403763,12.0,1
OF_A5-Weekday-SDon-092400_M125_510,M125,d1,20,16:08:07,16:08:07,403677,12.0,1
OF_A5-Weekday-SDon-092400_M125_510,M125,d1,21,16:09:00,16:09:00,403829,12.0,1
OF_A5-Weekday-SDon-072800_M125_514,M125,d1,1,12:08:00,12:08:00,902208,29.0,2
OF_A5-Weekday-SDon-072800_M125_514,M125,d1,2,12:12:48,12:12:48,101069,29.0,2
OF_A5-Weekday-SDon-072800_M125_514,M125,d1,3,12:14:32,12:14:32,101071,29.0,2
OF_A5-Weekday-SDon-072800_M125_514,M125,d1,4,12:16:00,12:16:00,101072,29.0,2
OF_A5-Weekday-SDon-072800_M125_514,M125,d1,5,12:18:26,12:18:26,101074,29.0,2
OF_A5-Weekday-SDon-072800_M125_514,M125,d1,6,12:21:00,12:21:00,102839,29.0,2
OF_A5-Weekday-SDon-072800_M125_514,M125,d1,7,12:25:04,12:25:04,403766,29.0,2
OF_A5-Weekday-SDon-072800_M125_514,M125,d1,8,12:27:45,12:27:45,403676,29.0,2
OF_A5-Weekday-SDon-072800_M125_514,M125,d1,9,12:29:00,12:29:00,402502,29.0,2
OF_A5-Weekday-SDon-072800_M125_514,M125,d1,10,12:30:36,12:30:36,402503,31.0,2
OF_A5-Weekday-SDon-072800_M125_514,M125,d1,11,12:32:23,12:32:23,402504,31.0,2
OF_A5-Weekday-SDon-072800_M125_514,M125,d1,12,12:34:00,12:34:00,402505,31.0,2
OF_A5-Weekday-SDon-072800_M125_514,M125,d1,13,12:35:04,12:35:04,402506,28.0,3
OF_A5-Weekday-SDon-072800_M125_514,M125,d1,14,12:37:44,12:37:44,402507,38.0,3
OF_A5-Weekday-SDon-072800_M125_514,M125,d1,15,12:39:53,12:39:53,402508,38.0,3
OF_A5-Weekday-SDon-072800_M125_514,M125,d1,16,12:42:00,12:42:00,402509,29.0,2
OF_A5-Weekday-SDon-072800_M125_514,M125,d1,17,12:42:44,12:42:44,402510,25.0,2
OF_A5-Weekday-SDon-072800_M125_514,M125,d1,18,12:45:00,12:45:00,403604,25.0,2
OF_A5-Weekday-SDon-072800_M125_514,M125,d1,19,12:46:10,12:46:10,403763,4.0,1
OF_A5-Weekday-SDon-072800_M125_514,M125,d1,20,12:47:07,12:47:07,403677,4.0,1
OF_A5-Weekday-SDon-072800_M125_514,M125,d1,21,12:48:00,12:48:00,403829,4.0,1
OF_A5-Weekday-092400_M125_510,M125,d1,1,15:24:00,15:24:00,902208,19.0,4
OF_A5-Weekday-092400_M125_510,M125,d1,2,15:29:24,15:29:24,101069,55.0,4
OF_A5-Weekday-092400_M125_510,M125,d1,3,15:31:21,15:31:21,101071,55.0,4
OF_A5-Weekday-092400_M125_510,M125,d1,4,15:33:00,15:33:00,101072,55.0,4
OF_A5-Weekday-092400_M125_510,M125,d1,5,15:35:48,15:35:48,101074,55.0,4
OF_A5-Weekday-092400_M125_510,M125,d1,6,15:38:47,15:38:47,102839,55.0,4
OF_A5-Weekday-092400_M125_510,M125,d1,7,15:43:28,15:43:28,403766,55.0,4
OF_A5-Weekday-092400_M125_510,M125,d1,8,15:46:34,15:46:34,403676,55.0,4
OF_A5-Weekday-092400_M125_510,M125,d1,9,15:48:00,15:48:00,402502,55.0,4
OF_A5-Weekday-092400_M125_510,M125,d1,10,15:49:36,15:49:36,402503,55.0,4
OF_A5-Weekday-092400_M125_510,M125,d1,11,15:51:23,15:51:23,402504,55.0,4
OF_A5-Weekday-092400_M125_510,M125,d1,12,15:53:00,15:53:00,402505,55.0,4
OF_A5-Weekday-092400_M125_510,M125,d1,13,15:54:12,15:54:12,402506,55.0,4
OF_A5-Weekday-092400_M125_510,M125,d1,14,15:57:12,15:57:12,402507,44.0,3
OF_A5-Weekday-092400_M125_510,M125,d1,15,15:59:37,15:59:37,402508,44.0,3
OF_A5-Weekday-092400_M125_510,M125,d1,16,16:02:00,16:02:00,402509,44.0,3
OF_A5-Weekday-092400_M125_510,M125,d1,17,16:02:58,16:02:58,402510,22.0,2
OF_A5-Weekday-092400_M125_510,M125,d1,18,16:06:00,16:06:00,403604,22.0,2
OF_A5-Weekday-092400_M125_510,M125,d1,19,16:07:10,16:07:10,403763,22.0,2
OF_A5-Weekday-092400_M125_510,M125,d1,20,16:08:07,16:08:07,403677,22.0,2
OF_A5-Weekday-092400_M125_510,M125,d1,21,16:09:00,16:09:00,403829,22.0,2
OF_A5-Weekday-131400_M125_526,M125,d1,1,21:54:00,21:54:00,902208,8.0,1
OF_A5-Weekday-131400_M125_526,M125,d1,2,21:57:36,21:57:36,101069,3.0,1
OF_A5-Weekday-131400_M125_526,M125,d1,3,21:58:54,21:58:54,101071,2.0,1
OF_A5-Weekday-131400_M125_526,M125,d1,4,22:00:00,22:00:00,101072,2.0,1
OF_A5-Weekday-131400_M125_526,M125,d1,5,22:01:41,22:01:41,101074,1.0,1
OF_A5-Weekday-131400_M125_526,M125,d1,6,22:03:28,22:03:28,102839,1.0,1
OF_A5-Weekday-131400_M125_526,M125,d1,7,22:06:17,22:06:17,403766,1.0,1
OF_A5-Weekday-131400_M125_526,M125,d1,8,22:08:08,22:08:08,403676,1.0,1
OF_A5-Weekday-131400_M125_526,M125,d1,9,22:09:00,22:09:00,402502,1.0,1
OF_A5-Weekday-131400_M125_526,M125,d1,10,22:09:58,22:09:58,402503,6.0,1
OF_A5-Weekday-131400_M125_526,M125,d1,11,22:11:02,22:11:02,402504,6.0,1
OF_A5-Weekday-131400_M125_526,M125,d1,12,22:12:00,22:12:00,402505,6.0,1
OF_A5-Weekday-131400_M125_526,M125,d1,13,22:12:48,22:12:48,402506,13.0,1
OF_A5-Weekday-131400_M125_526,M125,d1,14,22:14:48,22:14:48,402507,13.0,1
OF_A5-Weekday-131400_M125_526,M125,d1,15,22:16:24,22:16:24,402508,3.0,1
OF_A5-Weekday-131400_M125_526,M125,d1,16,22:18:00,22:18:00,402509,11.0,1
OF_A5-Weekday-131400_M125_526,M125,d1,17,22:18:44,22:18:44,402510,8.0,1
OF_A5-Weekday-131400_M125_526,M125,d1,18,22:21:00,22:21:00,403604,8.0,1
OF_A5-Weekday-131400_M125_526,M125,d1,19,22:21:47,22:21:47,403763,2.0,1
OF_A5-Weekday-131400_M125_526,M125,d1,20,22:22:25,22:22:25,403677,2.0,1
OF_A5-Weekday-131400_M125_526,M125,d1,21,22:23:00,22:23:00,403829,2.0,1
OF_A5-Weekday-SDon-112300_M125_521,M125,d1,1,18:43:00,18:43:00,902208,22.0,2
OF_A5-Weekday-SDon-112300_M125_521,M125,d1,2,18:47:12,18:47:12,101069,24.0,2
OF_A5-Weekday-SDon-112300_M125_521,M125,d1,3,18:48:43,18:48:43,101071,24.0,2
OF_A5-Weekday-SDon-112300_M125_521,M125,d1,4,18:50:00,18:50:00,101072,25.0,2
OF_A5-Weekday-SDon-112300_M125_521,M125,d1,5,18:52:03,18:52:03,101074,22.0,2
OF_A5-Weekday-SDon-112300_M125_521,M125,d1,6,18:54:14,18:54:14,102839,22.0,2
OF_A5-Weekday-SDon-112300_M125_521,M125,d1,7,18:57:40,18:57:40,403766,22.0,2
OF_A5-Weekday-SDon-112300_M125_521,M125,d1,8,18:59:57,18:59:57,403676,6.0,3
OF_A5-Weekday-SDon-112300_M125_521,M125,d1,9,19:01:00,19:01:00,402502,35.0,3
OF_A5-Weekday-SDon-112300_M125_521,M125,d1,10,19:02:17,19:02:17,402503,35.0,3
OF_A5-Weekday-SDon-112300_M125_521,M125,d1,11,19:03:43,19:03:43,402504,27.0,4
OF_A5-Weekday-SDon-112300_M125_521,M125,d1,12,19:05:00,19:05:00,402505,53.0,4
OF_A5-Weekday-SDon-112300_M125_521,M125,d1,13,19:06:04,19:06:04,402506,53.0,4
OF_A5-Weekday-SDon-112300_M125_521,M125,d1,14,19:08:44,19:08:44,402507,53.0,4
OF_A5-Weekday-SDon-112300_M125_521,M125,d1,15,19:10:53,19:10:53,402508,45.0,3
OF_A5-Weekday-SDon-112300_M125_521,M125,d1,16,19:13:00,19:13:00,402509,19.0,4
OF_A5-Weekday-SDon-112300_M125_521,M125,d1,17,19:13:44,19:13:44,402510,52.0,4
OF_A5-Weekday-SDon-112300_M125_521,M125,d1,18,19:16:00,19:16:00,403604,6.0,4
OF_A5-Weekday-SDon-112300_M125_521,M125,d1,19,19:17:10,19:17:10,403763,49.0,4
OF_A5-Weekday-SDon-112300_M125_521,M125,d1,20,19:18:07,19:18:07,403677,49.0,4
OF_A5-Weekday-SDon-112300_M125_521,M125,d1,21,19:19:00,19:19:00,403829,49.0,4
OF_A5-Weekday-SDon-129600_M125_525,M125,d1,1,21:36:00,21:36:00,902208,12.0,1
OF_A5-Weekday-SDon-129600_M125_525,M125,d1,2,21:39:36,21:39:36,101069,12.0,1
OF_A5-Weekday-SDon-129600_M125_525,M125,d1,3,21:40:54,21:40:54,101071,12.0,1
OF_A5-Weekday-SDon-129600_M125_525,M125,d1,4,21:42:00,21:42:00,101072,9.0,1
OF_A5-Weekday-SDon-129600_M125_525,M125,d1,5,21:43:41,21:43:41,101074,10.0,1
OF_A5-Weekday-SDon-129600_M125_525,M125,d1,6,21:45:28,21:45:28,102839,10.0,1
OF_A5-Weekday-SDon-129600_M125_525,M125,d1,7,21:48:17,21:48:17,403766,10.0,1
OF_A5-Weekday-SDon-129600_M125_525,M125,d1,8,21:50:08,21:50:08,403676,10.0,1
OF_A5-Weekday-SDon-129600_M125_525,M125,d1,9,21:51:00,21:51:00,402502,5.0,1
OF_A5-Weekday-SDon-129600_M125_525,M125,d1,10,21:51:58,21:51:58,402503,8.0,1
OF_A5-Weekday-SDon-129600_M125_525,M125,d1,11,21:53:02,21:53:02,402504,8.0,1
OF_A5-Weekday-SDon-129600_M125_525,M125,d1,12,21:54:00,21:54:00,402505,8.0,1
OF_A5-Weekday-SDon-129600_M125_525,M125,d1,13,21:54:56,21:54:56,402506,8.0,1
OF_A5-Weekday-SDon-129600_M125_525,M125,d1,14,21:57:16,21:57:16,402507,6.0,1
OF_A5-Weekday-SDon-129600_M125_525,M125,d1,15,21:59:08,21:59:08,402508,5.0,1
OF_A5-Weekday-SDon-129600_M125_525,M125,d1,16,22:01:00,22:01:00,402509,2.0,1
OF_A5-Weekday-SDon-129600_M125_525,M125,d1,17,22:01:44,22:01:44,402510,4.0,1
OF_A5-Weekday-SDon-129600_M125_525,M125,d1,18,22:04:00,22:04:00,403604,4.0,1
OF_A5-Weekday-SDon-129600_M125_525,M125,d1,19,22:04:47,22:04:47,403763,2.0,1
OF_A5-Weekday-SDon-129600_M125_525,M125,d1,20,22:05:25,22:05:25,403677,2.0,1
OF_A5-Weekday-SDon-129600_M125_525,M125,d1,21,22:06:00,22:06:00,403829,2.0,1
OF_A5-Weekday-SDon-056600_M125_513,M125,d1,1,9:26:00,9:26:00,902208,4.0,1
OF_A5-Weekday-SDon-056600_M125_513,M125,d1,2,9:30:48,9:30:48,101069,11.0,1
OF_A5-Weekday-SDon-056600_M125_513,M125,d1,3,9:32:32,9:32:32,101071,14.0,1
OF_A5-Weekday-SDon-056600_M125_513,M125,d1,4,9:34:00,9:34:00,101072,14.0,1
OF_A5-Weekday-SDon-056600_M125_513,M125,d1,5,9:36:37,9:36:37,101074,8.0,1
OF_A5-Weekday-SDon-056600_M125_513,M125,d1,6,9:39:24,9:39:24,102839,8.0,1
OF_A5-Weekday-SDon-056600_M125_513,M125,d1,7,9:43:46,9:43:46,403766,8.0,1
OF_A5-Weekday-SDon-056600_M125_513,M125,d1,8,9:46:39,9:46:39,403676,15.0,1
OF_A5-Weekday-SDon-056600_M125_513,M125,d1,9,9:48:00,9:48:00,402502,15.0,1
OF_A5-Weekday-SDon-056600_M125_513,M125,d1,10,9:49:56,9:49:56,402503,9.0,3
OF_A5-Weekday-SDon-056600_M125_513,M125,d1,11,9:52:04,9:52:04,402504,38.0,3
OF_A5-Weekday-SDon-056600_M125_513,M125,d1,12,9:54:00,9:54:00,402505,39.0,3
OF_A5-Weekday-SDon-056600_M125_513,M125,d1,13,9:55:04,9:55:04,402506,38.0,3
OF_A5-Weekday-SDon-056600_M125_513,M125,d1,14,9:57:44,9:57:44,402507,32.0,2
OF_A5-Weekday-SDon-056600_M125_513,M125,d1,15,9:59:53,9:59:53,402508,25.0,2
OF_A5-Weekday-SDon-056600_M125_513,M125,d1,16,10:02:00,10:02:00,402509,10.0,2
OF_A5-Weekday-SDon-056600_M125_513,M125,d1,17,10:02:58,10:02:58,402510,21.0,2
OF_A5-Weekday-SDon-056600_M125_513,M125,d1,18,10:06:00,10:06:00,403604,20.0,2
OF_A5-Weekday-SDon-056600_M125_513,M125,d1,19,10:07:10,10:07:10,403763,3.0,2
OF_A5-Weekday-SDon-056600_M125_513,M125,d1,20,10:08:07,10:08:07,403677,19.0,2
OF_A5-Weekday-SDon-056600_M125_513,M125,d1,21,10:09:00,10:09:00,403829,19.0,2
OF_A5-Weekday-SDon-059700_M125_515,M125,d1,1,9:57:00,9:57:00,902208,18.0,2
OF_A5-Weekday-SDon-059700_M125_515,M125,d1,2,10:01:48,10:01:48,101069,18.0,2
OF_A5-Weekday-SDon-059700_M125_515,M125,d1,3,10:03:32,10:03:32,101071,17.0,2
OF_A5-Weekday-SDon-059700_M125_515,M125,d1,4,10:05:00,10:05:00,101072,20.0,2
OF_A5-Weekday-SDon-059700_M125_515,M125,d1,5,10:07:37,10:07:37,101074,23.0,2
OF_A5-Weekday-SDon-059700_M125_515,M125,d1,6,10:10:24,10:10:24,102839,30.0,2
OF_A5-Weekday-SDon-059700_M125_515,M125,d1,7,10:14:46,10:14:46,403766,28.0,2
OF_A5-Weekday-SDon-059700_M125_515,M125,d1,8,10:17:39,10:17:39,403676,28.0,2
OF_A5-Weekday-SDon-059700_M125_515,M125,d1,9,10:19:00,10:19:00,402502,26.0,2
OF_A5-Weekday-SDon-059700_M125_515,M125,d1,10,10:20:56,10:20:56,402503,29.0,2
OF_A5-Weekday-SDon-059700_M125_515,M125,d1,11,10:23:04,10:23:04,402504,29.0,2
OF_A5-Weekday-SDon-059700_M125_515,M125,d1,12,10:25:00,10:25:00,402505,32.0,2
OF_A5-Weekday-SDon-059700_M125_515,M125,d1,13,10:26:04,10:26:04,402506,32.0,2
OF_A5-Weekday-SDon-059700_M125_515,M125,d1,14,10:28:44,10:28:44,402507,32.0,2
OF_A5-Weekday-SDon-059700_M125_515,M125,d1,15,10:30:53,10:30:53,402508,27.0,2
OF_A5-Weekday-SDon-059700_M125_515,M125,d1,16,10:33:00,10:33:00,402509,27.0,2
OF_A5-Weekday-SDon-059700_M125_515,M125,d1,17,10:33:44,10:33:44,402510,27.0,2
OF_A5-Weekday-SDon-059700_M125_515,M125,d1,18,10:36:00,10:36:00,403604,27.0,2
OF_A5-Weekday-SDon-059700_M125_515,M125,d1,19,10:37:10,10:37:10,403763,27.0,2
OF_A5-Weekday-SDon-059700_M125_515,M125,d1,20,10:38:07,10:38:07,403677,27.0,2
OF_A5-Weekday-SDon-059700_M125_515,M125,d1,21,10:39:00,10:39:00,403829,27.0,2
OF_A5-Weekday-126000_M125_523,M125,d1,1,21:00:00,21:00:00,902208,10.0,1
OF_A5-Weekday-126000_M125_523,M125,d1,2,21:03:36,21:03:36,101069,9.0,1
OF_A5-Weekday-126000_M125_523,M125,d1,3,21:04:54,21:04:54,101071,9.0,1
OF_A5-Weekday-126000_M125_523,M125,d1,4,21:06:00,21:06:00,101072,13.0,1
OF_A5-Weekday-126000_M125_523,M125,d1,5,21:07:41,21:07:41,101074,13.0,1
OF_A5-Weekday-126000_M125_523,M125,d1,6,21:09:28,21:09:28,102839,16.0,1
OF_A5-Weekday-126000_M125_523,M125,d1,7,21:12:17,21:12:17,403766,16.0,1
OF_A5-Weekday-126000_M125_523,M125,d1,8,21:14:08,21:14:08,403676,5.0,1
OF_A5-Weekday-126000_M125_523,M125,d1,9,21:15:00,21:15:00,402502,11.0,1
OF_A5-Weekday-126000_M125_523,M125,d1,10,21:15:58,21:15:58,402503,8.0,1
OF_A5-Weekday-126000_M125_523,M125,d1,11,21:17:02,21:17:02,402504,13.0,1
OF_A5-Weekday-126000_M125_523,M125,d1,12,21:18:00,21:18:00,402505,11.0,1
OF_A5-Weekday-126000_M125_523,M125,d1,13,21:18:56,21:18:56,402506,16.0,1
OF_A5-Weekday-126000_M125_523,M125,d1,14,21:21:16,21:21:16,402507,16.0,1
OF_A5-Weekday-126000_M125_523,M125,d1,15,21:23:08,21:23:08,402508,14.0,1
OF_A5-Weekday-126000_M125_523,M125,d1,16,21:25:00,21:25:00,402509,12.0,1
OF_A5-Weekday-126000_M125_523,M125,d1,17,21:25:44,21:25:44,402510,12.0,1
OF_A5-Weekday-126000_M125_523,M125,d1,18,21:28:00,21:28:00,403604,3.0,1
OF_A5-Weekday-126000_M125_523,M125,d1,19,21:29:10,21:29:10,403763,9.0,1
OF_A5-Weekday-126000_M125_523,M125,d1,20,21:30:07,21:30:07,403677,9.0,1
OF_A5-Weekday-126000_M125_523,M125,d1,21,21:31:00,21:31:00,403829,9.0,1
OF_A5-Weekday-SDon-120200_M125_519,M125,d1,1,20:02:00,20:02:00,902208,61.0,4
OF_A5-Weekday-SDon-120200_M125_519,M125,d1,2,20:06:12,20:06:12,101069,61.0,4
OF_A5-Weekday-SDon-120200_M125_519,M125,d1,3,20:07:43,20:07:43,101071,61.0,4
OF_A5-Weekday-SDon-120200_M125_519,M125,d1,4,20:09:00,20:09:00,101072,61.0,4
OF_A5-Weekday-SDon-120200_M125_519,M125,d1,5,20:10:52,20:10:52,101074,61.0,4
OF_A5-Weekday-SDon-120200_M125_519,M125,d1,6,20:12:51,20:12:51,102839,61.0,4
OF_A5-Weekday-SDon-120200_M125_519,M125,d1,7,20:15:59,20:15:59,403766,61.0,4
OF_A5-Weekday-SDon-120200_M125_519,M125,d1,8,20:18:02,20:18:02,403676,61.0,4
OF_A5-Weekday-SDon-120200_M125_519,M125,d1,9,20:19:00,20:19:00,402502,61.0,4
OF_A5-Weekday-SDon-120200_M125_519,M125,d1,10,20:19:58,20:19:58,402503,9.0,1
OF_A5-Weekday-SDon-120200_M125_519,M125,d1,11,20:21:02,20:21:02,402504,9.0,1
OF_A5-Weekday-SDon-120200_M125_519,M125,d1,12,20:22:00,20:22:00,402505,11.0,1
OF_A5-Weekday-SDon-120200_M125_519,M125,d1,13,20:23:04,20:23:04,402506,11.0,2
OF_A5-Weekday-SDon-120200_M125_519,M125,d1,14,20:25:44,20:25:44,402507,18.0,2
OF_A5-Weekday-SDon-120200_M125_519,M125,d1,15,20:27:53,20:27:53,402508,18.0,2
OF_A5-Weekday-SDon-120200_M125_519,M125,d1,16,20:30:00,20:30:00,402509,17.0,2
OF_A5-Weekday-SDon-120200_M125_519,M125,d1,17,20:30:44,20:30:44,402510,21.0,2
OF_A5-Weekday-SDon-120200_M125_519,M125,d1,18,20:33:00,20:33:00,403604,21.0,2
OF_A5-Weekday-SDon-120200_M125_519,M125,d1,19,20:34:10,20:34:10,403763,21.0,2
OF_A5-Weekday-SDon-120200_M125_519,M125,d1,20,20:35:07,20:35:07,403677,21.0,2
OF_A5-Weekday-SDon-120200_M125_519,M125,d1,21,20:36:00,20:36:00,403829,21.0,2
OF_A5-Weekday-058200_M125_516,M125,d1,1,9:42:00,9:42:00,902208,19.0,2
OF_A5-Weekday-058200_M125_516,M125,d1,2,9:46:48,9:46:48,101069,19.0,2
OF_A5-Weekday-058200_M125_516,M125,d1,3,9:48:32,9:48:32,101071,19.0,2
OF_A5-Weekday-058200_M125_516,M125,d1,4,9:50:00,9:50:00,101072,19.0,2
OF_A5-Weekday-058200_M125_516,M125,d1,5,9:52:37,9:52:37,101074,19.0,2
OF_A5-Weekday-058200_M125_516,M125,d1,6,9:55:24,9:55:24,102839,19.0,2
OF_A5-Weekday-058200_M125_516,M125,d1,7,9:59:46,9:59:46,403766,19.0,2
OF_A5-Weekday-058200_M125_516,M125,d1,8,10:02:39,10:02:39,403676,19.0,2
OF_A5-Weekday-058200_M125_516,M125,d1,9,10:04:00,10:04:00,402502,19.0,2
OF_A5-Weekday-058200_M125_516,M125,d1,10,10:05:56,10:05:56,402503,19.0,2
OF_A5-Weekday-058200_M125_516,M125,d1,11,10:08:04,10:08:04,402504,19.0,2
OF_A5-Weekday-058200_M125_516,M125,d1,12,10:10:00,10:10:00,402505,19.0,2
OF_A5-Weekday-058200_M125_516,M125,d1,13,10:11:04,10:11:04,402506,19.0,2
OF_A5-Weekday-058200_M125_516,M125,d1,14,10:13:44,10:13:44,402507,19.0,2
OF_A5-Weekday-058200_M125_516,M125,d1,15,10:15:53,10:15:53,402508,18.0,2
OF_A5-Weekday-058200_M125_516,M125,d1,16,10:18:00,10:18:00,402509,16.0,2
OF_A5-Weekday-058200_M125_516,M125,d1,17,10:18:58,10:18:58,402510,17.0,2
OF_A5-Weekday-058200_M125_516,M125,d1,18,10:22:00,10:22:00,403604,16.0,1
OF_A5-Weekday-058200_M125_516,M125,d1,19,10:23:10,10:23:10,403763,10.0,1
OF_A5-Weekday-058200_M125_516,M125,d1,20,10:24:07,10:24:07,403677,9.0,1
OF_A5-Weekday-058200_M125_516,M125,d1,21,10:25:00,10:25:00,403829,9.0,1
OF_A5-Weekday-139500_M125_526,M125,d1,1,23:15:00,23:15:00,902208,1.0,1
OF_A5-Weekday-139500_M125_526,M125,d1,2,23:18:00,23:18:00,101069,1.0,1
OF_A5-Weekday-139500_M125_526,M125,d1,3,23:19:05,23:19:05,101071,2.0,1
OF_A5-Weekday-139500_M125_526,M125,d1,4,23:20:00,23:20:00,101072,2.0,2
OF_A5-Weekday-139500_M125_526,M125,d1,5,23:21:30,23:21:30,101074,17.0,2
OF_A5-Weekday-139500_M125_526,M125,d1,6,23:23:05,23:23:05,102839,17.0,2
OF_A5-Weekday-139500_M125_526,M125,d1,7,23:25:35,23:25:35,403766,3.0,1
OF_A5-Weekday-139500_M125_526,M125,d1,8,23:27:14,23:27:14,403676,5.0,1
OF_A5-Weekday-139500_M125_526,M125,d1,9,23:28:00,23:28:00,402502,2.0,1
OF_A5-Weekday-139500_M125_526,M125,d1,10,23:28:58,23:28:58,402503,2.0,1
OF_A5-Weekday-139500_M125_526,M125,d1,11,23:30:02,23:30:02,402504,7.0,1
OF_A5-Weekday-139500_M125_526,M125,d1,12,23:31:00,23:31:00,402505,9.0,1
OF_A5-Weekday-139500_M125_526,M125,d1,13,23:31:40,23:31:40,402506,9.0,1
OF_A5-Weekday-139500_M125_526,M125,d1,14,23:33:20,23:33:20,402507,8.0,1
OF_A5-Weekday-139500_M125_526,M125,d1,15,23:34:40,23:34:40,402508,6.0,1
OF_A5-Weekday-139500_M125_526,M125,d1,16,23:36:00,23:36:00,402509,5.0,1
OF_A5-Weekday-139500_M125_526,M125,d1,17,23:36:29,23:36:29,402510,7.0,1
OF_A5-Weekday-139500_M125_526,M125,d1,18,23:38:00,23:38:00,403604,5.0,1
OF_A5-Weekday-139500_M125_526,M125,d1,19,23:38:47,23:38:47,403763,6.0,1
OF_A5-Weekday-139500_M125_526,M125,d1,20,23:39:25,23:39:25,403677,5.0,1
OF_A5-Weekday-139500_M125_526,M125,d1,21,23:40:00,23:40:00,403829,5.0,1
OF_A5-Weekday-077600_M125_509,M125,d1,1,12:56:00,12:56:00,902208,9.0,1
OF_A5-Weekday-077600_M125_509,M125,d1,2,13:00:48,13:00:48,101069,9.0,1
OF_A5-Weekday-077600_M125_509,M125,d1,3,13:02:32,13:02:32,101071,9.0,1
OF_A5-Weekday-077600_M125_509,M125,d1,4,13:04:00,13:04:00,101072,9.0,1
OF_A5-Weekday-077600_M125_509,M125,d1,5,13:06:26,13:06:26,101074,9.0,2
OF_A5-Weekday-077600_M125_509,M125,d1,6,13:09:00,13:09:00,102839,17.0,2
OF_A5-Weekday-077600_M125_509,M125,d1,7,13:13:04,13:13:04,403766,17.0,2
OF_A5-Weekday-077600_M125_509,M125,d1,8,13:15:45,13:15:45,403676,17.0,2
OF_A5-Weekday-077600_M125_509,M125,d1,9,13:17:00,13:17:00,402502,17.0,2
OF_A5-Weekday-077600_M125_509,M125,d1,10,13:18:56,13:18:56,402503,17.0,2
OF_A5-Weekday-077600_M125_509,M125,d1,11,13:21:04,13:21:04,402504,18.0,2
OF_A5-Weekday-077600_M125_509,M125,d1,12,13:23:00,13:23:00,402505,18.0,2
OF_A5-Weekday-077600_M125_509,M125,d1,13,13:24:12,13:24:12,402506,18.0,2
OF_A5-Weekday-077600_M125_509,M125,d1,14,13:27:12,13:27:12,402507,18.0,2
OF_A5-Weekday-077600_M125_509,M125,d1,15,13:29:37,13:29:37,402508,18.0,2
OF_A5-Weekday-077600_M125_509,M125,d1,16,13:32:00,13:32:00,402509,18.0,2
OF_A5-Weekday-077600_M125_509,M125,d1,17,13:32:58,13:32:58,402510,18.0,2
OF_A5-Weekday-077600_M125_509,M125,d1,18,13:36:00,13:36:00,403604,18.0,2
OF_A5-Weekday-077600_M125_509,M125,d1,19,13:37:10,13:37:10,403763,18.0,2
OF_A5-Weekday-077600_M125_509,M125,d1,20,13:38:07,13:38:07,403677,18.0,2
OF_A5-Weekday-077600_M125_509,M125,d1,21,13:39:00,13:39:00,403829,18.0,2
OF_A5-Weekday-SDon-077600_M125_509,M125,d1,1,12:56:00,12:56:00,902208,48.0,3
OF_A5-Weekday-SDon-077600_M125_509,M125,d1,2,13:00:48,13:00:48,101069,48.0,3
OF_A5-Weekday-SDon-077600_M125_509,M125,d1,3,13:02:32,13:02:32,101071,48.0,3
OF_A5-Weekday-SDon-077600_M125_509,M125,d1,4,13:04:00,13:04:00,101072,48.0,3
OF_A5-Weekday-SDon-077600_M125_509,M125,d1,5,13:06:26,13:06:26,101074,48.0,3
OF_A5-Weekday-SDon-077600_M125_509,M125,d1,6,13:09:00,13:09:00,102839,48.0,3
OF_A5-Weekday-SDon-077600_M125_509,M125,d1,7,13:13:04,13:13:04,403766,48.0,3
OF_A5-Weekday-SDon-077600_M125_509,M125,d1,8,13:15:45,13:15:45,403676,48.0,3
OF_A5-Weekday-SDon-077600_M125_509,M125,d1,9,13:17:00,13:17:00,402502,48.0,3
OF_A5-Weekday-SDon-077600_M125_509,M125,d1,10,13:18:56,13:18:56,402503,48.0,3
OF_A5-Weekday-SDon-077600_M125_509,M125,d1,11,13:21:04,13:21:04,402504,48.0,3
OF_A5-Weekday-SDon-077600_M125_509,M125,d1,12,13:23:00,13:23:00,402505,48.0,3
OF_A5-Weekday-SDon-077600_M125_509,M125,d1,13,13:24:12,13:24:12,402506,48.0,3
OF_A5-Weekday-SDon-077600_M125_509,M125,d1,14,13:27:12,13:27:12,402507,48.0,3
OF_A5-Weekday-SDon-077600_M125_509,M125,d1,15,13:29:37,13:29:37,402508,48.0,3
OF_A5-Weekday-SDon-077600_M125_509,M125,d1,16,13:32:00,13:32:00,402509,48.0,3
OF_A5-Weekday-SDon-077600_M125_509,M125,d1,17,13:32:58,13:32:58,402510,48.0,3
OF_A5-Weekday-SDon-077600_M125_509,M125,d1,18,13:36:00,13:36:00,403604,48.0,3
OF_A5-Weekday-SDon-077600_M125_509,M125,d1,19,13:37:10,13:37:10,403763,48.0,3
OF_A5-Weekday-SDon-077600_M125_509,M125,d1,20,13:38:07,13:38:07,403677,48.0,3
OF_A5-Weekday-SDon-077600_M125_509,M125,d1,21,13:39:00,13:39:00,403829,48.0,3
OF_A5-Weekday-SDon-126000_M125_523,M125,d1,1,21:00:00,21:00:00,902208,14.0,1
OF_A5-Weekday-SDon-126000_M125_523,M125,d1,2,21:03:36,21:03:36,101069,14.0,1
OF_A5-Weekday-SDon-126000_M125_523,M125,d1,3,21:04:54,21:04:54,101071,13.0,1
OF_A5-Weekday-SDon-126000_M125_523,M125,d1,4,21:06:00,21:06:00,101072,11.0,1
OF_A5-Weekday-SDon-126000_M125_523,M125,d1,5,21:07:41,21:07:41,101074,13.0,1
OF_A5-Weekday-SDon-126000_M125_523,M125,d1,6,21:09:28,21:09:28,102839,12.0,1
OF_A5-Weekday-SDon-126000_M125_523,M125,d1,7,21:12:17,21:12:17,403766,10.0,1
OF_A5-Weekday-SDon-126000_M125_523,M125,d1,8,21:14:08,21:14:08,403676,10.0,1
OF_A5-Weekday-SDon-126000_M125_523,M125,d1,9,21:15:00,21:15:00,402502,9.0,1
OF_A5-Weekday-SDon-126000_M125_523,M125,d1,10,21:15:58,21:15:58,402503,16.0,1
OF_A5-Weekday-SDon-126000_M125_523,M125,d1,11,21:17:02,21:17:02,402504,16.0,1
OF_A5-Weekday-SDon-126000_M125_523,M125,d1,12,21:18:00,21:18:00,402505,16.0,1
OF_A5-Weekday-SDon-126000_M125_523,M125,d1,13,21:18:56,21:18:56,402506,12.0,1
OF_A5-Weekday-SDon-126000_M125_523,M125,d1,14,21:21:16,21:21:16,402507,10.0,1
OF_A5-Weekday-SDon-126000_M125_523,M125,d1,15,21:23:08,21:23:08,402508,10.0,1
OF_A5-Weekday-SDon-126000_M125_523,M125,d1,16,21:25:00,21:25:00,402509,10.0,1
OF_A5-Weekday-SDon-126000_M125_523,M125,d1,17,21:25:44,21:25:44,402510,5.0,1
OF_A5-Weekday-SDon-126000_M125_523,M125,d1,18,21:28:00,21:28:00,403604,5.0,1
OF_A5-Weekday-SDon-126000_M125_523,M125,d1,19,21:29:10,21:29:10,403763,5.0,1
OF_A5-Weekday-SDon-126000_M125_523,M125,d1,20,21:30:07,21:30:07,403677,5.0,1
OF_A5-Weekday-SDon-126000_M125_523,M125,d1,21,21:31:00,21:31:00,403829,5.0,1
OF_A5-Weekday-SDon-058200_M125_516,M125,d1,1,9:42:00,9:42:00,902208,16.0,1
OF_A5-Weekday-SDon-058200_M125_516,M125,d1,2,9:46:48,9:46:48,101069,16.0,1
OF_A5-Weekday-SDon-058200_M125_516,M125,d1,3,9:48:32,9:48:32,101071,16.0,1
OF_A5-Weekday-SDon-058200_M125_516,M125,d1,4,9:50:00,9:50:00,101072,11.0,1
OF_A5-Weekday-SDon-058200_M125_516,M125,d1,5,9:52:37,9:52:37,101074,11.0,1
OF_A5-Weekday-SDon-058200_M125_516,M125,d1,6,9:55:24,9:55:24,102839,9.0,1
OF_A5-Weekday-SDon-058200_M125_516,M125,d1,7,9:59:46,9:59:46,403766,9.0,1
OF_A5-Weekday-SDon-058200_M125_516,M125,d1,8,10:02:39,10:02:39,403676,6.0,2
OF_A5-Weekday-SDon-058200_M125_516,M125,d1,9,10:04:00,10:04:00,402502,23.0,2
OF_A5-Weekday-SDon-058200_M125_516,M125,d1,10,10:05:56,10:05:56,402503,23.0,2
OF_A5-Weekday-SDon-058200_M125_516,M125,d1,11,10:08:04,10:08:04,402504,23.0,2
OF_A5-Weekday-SDon-058200_M125_516,M125,d1,12,10:10:00,10:10:00,402505,23.0,2
OF_A5-Weekday-SDon-058200_M125_516,M125,d1,13,10:11:04,10:11:04,402506,22.0,2
OF_A5-Weekday-SDon-058200_M125_516,M125,d1,14,10:13:44,10:13:44,402507,22.0,2
OF_A5-Weekday-SDon-058200_M125_516,M125,d1,15,10:15:53,10:15:53,402508,5.0,1
OF_A5-Weekday-SDon-058200_M125_516,M125,d1,16,10:18:00,10:18:00,402509,5.0,1
OF_A5-Weekday-SDon-058200_M125_516,M125,d1,17,10:18:58,10:18:58,402510,2.0,1
OF_A5-Weekday-SDon-058200_M125_516,M125,d1,18,10:22:00,10:22:00,403604,2.0,1
OF_A5-Weekday-SDon-058200_M125_516,M125,d1,19,10:23:10,10:23:10,403763,2.0,1
OF_A5-Weekday-SDon-058200_M125_516,M125,d1,20,10:24:07,10:24:07,403677,2.0,1
OF_A5-Weekday-SDon-058200_M125_516,M125,d1,21,10:25:00,10:25:00,403829,2.0,1
OF_A5-Weekday-108800_M125_514,M125,d1,1,18:08:00,18:08:00,902208,16.0,1
OF_A5-Weekday-108800_M125_514,M125,d1,2,18:13:24,18:13:24,101069,16.0,1
OF_A5-Weekday-108800_M125_514,M125,d1,3,18:15:21,18:15:21,101071,16.0,1
OF_A5-Weekday-108800_M125_514,M125,d1,4,18:17:00,18:17:00,101072,16.0,1
OF_A5-Weekday-108800_M125_514,M125,d1,5,18:19:37,18:19:37,101074,16.0,1
OF_A5-Weekday-108800_M125_514,M125,d1,6,18:22:24,18:22:24,102839,16.0,1
OF_A5-Weekday-108800_M125_514,M125,d1,7,18:26:46,18:26:46,403766,16.0,1
OF_A5-Weekday-108800_M125_514,M125,d1,8,18:29:39,18:29:39,403676,16.0,1
OF_A5-Weekday-108800_M125_514,M125,d1,9,18:31:00,18:31:00,402502,16.0,1
OF_A5-Weekday-108800_M125_514,M125,d1,10,18:32:17,18:32:17,402503,16.0,1
OF_A5-Weekday-108800_M125_514,M125,d1,11,18:33:43,18:33:43,402504,16.0,1
OF_A5-Weekday-108800_M125_514,M125,d1,12,18:35:00,18:35:00,402505,16.0,1
OF_A5-Weekday-108800_M125_514,M125,d1,13,18:36:04,18:36:04,402506,16.0,1
OF_A5-Weekday-108800_M125_514,M125,d1,14,18:38:44,18:38:44,402507,16.0,1
OF_A5-Weekday-108800_M125_514,M125,d1,15,18:40:53,18:40:53,402508,16.0,1
OF_A5-Weekday-108800_M125_514,M125,d1,16,18:43:00,18:43:00,402509,16.0,1
OF_A5-Weekday-108800_M125_514,M125,d1,17,18:43:44,18:43:44,402510,16.0,1
OF_A5-Weekday-108800_M125_514,M125,d1,18,18:46:00,18:46:00,403604,16.0,1
OF_A5-Weekday-108800_M125_514,M125,d1,19,18:47:10,18:47:10,403763,16.0,1
OF_A5-Weekday-108800_M125_514,M125,d1,20,18:48:07,18:48:07,403677,16.0,1
OF_A5-Weekday-108800_M125_514,M125,d1,21,18:49:00,18:49:00,403829,16.0,1
OF_A5-Weekday-121700_M125_521,M125,d1,1,20:17:00,20:17:00,902208,9.0,1
OF_A5-Weekday-121700_M125_521,M125,d1,2,20:21:12,20:21:12,101069,10.0,1
OF_A5-Weekday-121700_M125_521,M125,d1,3,20:22:43,20:22:43,101071,10.0,1
OF_A5-Weekday-121700_M125_521,M125,d1,4,20:24:00,20:24:00,101072,10.0,1
OF_A5-Weekday-121700_M125_521,M125,d1,5,20:25:52,20:25:52,101074,10.0,1
OF_A5-Weekday-121700_M125_521,M125,d1,6,20:27:51,20:27:51,102839,10.0,1
OF_A5-Weekday-121700_M125_521,M125,d1,7,20:30:59,20:30:59,403766,10.0,1
OF_A5-Weekday-121700_M125_521,M125,d1,8,20:33:02,20:33:02,403676,10.0,1
OF_A5-Weekday-121700_M125_521,M125,d1,9,20:34:00,20:34:00,402502,15.0,2
OF_A5-Weekday-121700_M125_521,M125,d1,10,20:34:58,20:34:58,402503,18.0,2
OF_A5-Weekday-121700_M125_521,M125,d1,11,20:36:02,20:36:02,402504,18.0,2
OF_A5-Weekday-121700_M125_521,M125,d1,12,20:37:00,20:37:00,402505,18.0,2
OF_A5-Weekday-121700_M125_521,M125,d1,13,20:37:56,20:37:56,402506,17.0,2
OF_A5-Weekday-121700_M125_521,M125,d1,14,20:40:16,20:40:16,402507,12.0,1
OF_A5-Weekday-121700_M125_521,M125,d1,15,20:42:08,20:42:08,402508,12.0,1
OF_A5-Weekday-121700_M125_521,M125,d1,16,20:44:00,20:44:00,402509,12.0,1
OF_A5-Weekday-121700_M125_521,M125,d1,17,20:44:44,20:44:44,402510,12.0,1
OF_A5-Weekday-121700_M125_521,M125,d1,18,20:47:00,20:47:00,403604,12.0,1
OF_A5-Weekday-121700_M125_521,M125,d1,19,20:48:10,20:48:10,403763,2.0,1
OF_A5-Weekday-121700_M125_521,M125,d1,20,20:49:07,20:49:07,403677,2.0,1
OF_A5-Weekday-121700_M125_521,M125,d1,21,20:50:00,20:50:00,403829,2.0,1
OF_A5-Weekday-SDon-089300_M125_508,M125,d1,1,14:53:00,14:53:00,902208,30.0,2
OF_A5-Weekday-SDon-089300_M125_508,M125,d1,2,14:58:24,14:58:24,101069,30.0,2
OF_A5-Weekday-SDon-089300_M125_508,M125,d1,3,15:00:21,15:00:21,101071,30.0,2
OF_A5-Weekday-SDon-089300_M125_508,M125,d1,4,15:02:00,15:02:00,101072,30.0,2
OF_A5-Weekday-SDon-089300_M125_508,M125,d1,5,15:04:26,15:04:26,101074,30.0,2
OF_A5-Weekday-SDon-089300_M125_508,M125,d1,6,15:07:00,15:07:00,102839,30.0,2
OF_A5-Weekday-SDon-089300_M125_508,M125,d1,7,15:11:04,15:11:04,403766,7.0,2
OF_A5-Weekday-SDon-089300_M125_508,M125,d1,8,15:13:45,15:13:45,403676,28.0,3
OF_A5-Weekday-SDon-089300_M125_508,M125,d1,9,15:15:00,15:15:00,402502,42.0,3
OF_A5-Weekday-SDon-089300_M125_508,M125,d1,10,15:16:56,15:16:56,402503,42.0,3
OF_A5-Weekday-SDon-089300_M125_508,M125,d1,11,15:19:04,15:19:04,402504,42.0,3
OF_A5-Weekday-SDon-089300_M125_508,M125,d1,12,15:21:00,15:21:00,402505,42.0,3
OF_A5-Weekday-SDon-089300_M125_508,M125,d1,13,15:22:12,15:22:12,402506,47.0,3
OF_A5-Weekday-SDon-089300_M125_508,M125,d1,14,15:25:12,15:25:12,402507,47.0,3
OF_A5-Weekday-SDon-089300_M125_508,M125,d1,15,15:27:37,15:27:37,402508,47.0,3
OF_A5-Weekday-SDon-089300_M125_508,M125,d1,16,15:30:00,15:30:00,402509,47.0,3
OF_A5-Weekday-SDon-089300_M125_508,M125,d1,17,15:30:58,15:30:58,402510,47.0,3
OF_A5-Weekday-SDon-089300_M125_508,M125,d1,18,15:34:00,15:34:00,403604,47.0,3
OF_A5-Weekday-SDon-089300_M125_508,M125,d1,19,15:35:10,15:35:10,403763,38.0,3
OF_A5-Weekday-SDon-089300_M125_508,M125,d1,20,15:36:07,15:36:07,403677,36.0,3
OF_A5-Weekday-SDon-089300_M125_508,M125,d1,21,15:37:00,15:37:00,403829,36.0,3
OF_A5-Weekday-SDon-121700_M125_521,M125,d1,1,20:17:00,20:17:00,902208,13.0,1
OF_A5-Weekday-SDon-121700_M125_521,M125,d1,2,20:21:12,20:21:12,101069,5.0,1
OF_A5-Weekday-SDon-121700_M125_521,M125,d1,3,20:22:43,20:22:43,101071,10.0,1
OF_A5-Weekday-SDon-121700_M125_521,M125,d1,4,20:24:00,20:24:00,101072,7.0,1
OF_A5-Weekday-SDon-121700_M125_521,M125,d1,5,20:25:52,20:25:52,101074,7.0,1
OF_A5-Weekday-SDon-121700_M125_521,M125,d1,6,20:27:51,20:27:51,102839,7.0,1
OF_A5-Weekday-SDon-121700_M125_521,M125,d1,7,20:30:59,20:30:59,403766,7.0,1
OF_A5-Weekday-SDon-121700_M125_521,M125,d1,8,20:33:02,20:33:02,403676,10.0,1
OF_A5-Weekday-SDon-121700_M125_521,M125,d1,9,20:34:00,20:34:00,402502,8.0,1
OF_A5-Weekday-SDon-121700_M125_521,M125,d1,10,20:34:58,20:34:58,402503,5.0,2
OF_A5-Weekday-SDon-121700_M125_521,M125,d1,11,20:36:02,20:36:02,402504,26.0,2
OF_A5-Weekday-SDon-121700_M125_521,M125,d1,12,20:37:00,20:37:00,402505,16.0,2
OF_A5-Weekday-SDon-121700_M125_521,M125,d1,13,20:37:56,20:37:56,402506,20.0,2
OF_A5-Weekday-SDon-121700_M125_521,M125,d1,14,20:40:16,20:40:16,402507,21.0,2
OF_A5-Weekday-SDon-121700_M125_521,M125,d1,15,20:42:08,20:42:08,402508,29.0,2
OF_A5-Weekday-SDon-121700_M125_521,M125,d1,16,20:44:00,20:44:00,402509,21.0,2
OF_A5-Weekday-SDon-121700_M125_521,M125,d1,17,20:44:44,20:44:44,402510,20.0,2
OF_A5-Weekday-SDon-121700_M125_521,M125,d1,18,20:47:00,20:47:00,403604,10.0,2
OF_A5-Weekday-SDon-121700_M125_521,M125,d1,19,20:48:10,20:48:10,403763,20.0,2
OF_A5-Weekday-SDon-121700_M125_521,M125,d1,20,20:49:07,20:49:07,403677,20.0,2
OF_A5-Weekday-SDon-121700_M125_521,M125,d1,21,20:50:00,20:50:00,403829,20.0,2
OF_A5-Weekday-113600_M125_518,M125,d1,1,18:56:00,18:56:00,902208,16.0,1
OF_A5-Weekday-113600_M125_518,M125,d1,2,19:00:12,19:00:12,101069,5.0,1
OF_A5-Weekday-113600_M125_518,M125,d1,3,19:01:43,19:01:43,101071,16.0,2
OF_A5-Weekday-113600_M125_518,M125,d1,4,19:03:00,19:03:00,101072,19.0,2
OF_A5-Weekday-113600_M125_518,M125,d1,5,19:05:03,19:05:03,101074,19.0,2
OF_A5-Weekday-113600_M125_518,M125,d1,6,19:07:14,19:07:14,102839,19.0,2
OF_A5-Weekday-113600_M125_518,M125,d1,7,19:10:40,19:10:40,403766,14.0,1
OF_A5-Weekday-113600_M125_518,M125,d1,8,19:12:57,19:12:57,403676,13.0,1
OF_A5-Weekday-113600_M125_518,M125,d1,9,19:14:00,19:14:00,402502,7.0,1
OF_A5-Weekday-113600_M125_518,M125,d1,10,19:15:17,19:15:17,402503,7.0,1
OF_A5-Weekday-113600_M125_518,M125,d1,11,19:16:43,19:16:43,402504,7.0,2
OF_A5-Weekday-113600_M125_518,M125,d1,12,19:18:00,19:18:00,402505,28.0,2
OF_A5-Weekday-113600_M125_518,M125,d1,13,19:19:04,19:19:04,402506,28.0,2
OF_A5-Weekday-113600_M125_518,M125,d1,14,19:21:44,19:21:44,402507,15.0,1
OF_A5-Weekday-113600_M125_518,M125,d1,15,19:23:53,19:23:53,402508,9.0,1
OF_A5-Weekday-113600_M125_518,M125,d1,16,19:26:00,19:26:00,402509,9.0,1
OF_A5-Weekday-113600_M125_518,M125,d1,17,19:26:44,19:26:44,402510,5.0,1
OF_A5-Weekday-113600_M125_518,M125,d1,18,19:29:00,19:29:00,403604,5.0,1
OF_A5-Weekday-113600_M125_518,M125,d1,19,19:30:10,19:30:10,403763,5.0,1
OF_A5-Weekday-113600_M125_518,M125,d1,20,19:31:07,19:31:07,403677,3.0,1
OF_A5-Weekday-113600_M125_518,M125,d1,21,19:32:00,19:32:00,403829,3.0,1
OF_A5-Weekday-074400_M125_504,M125,d1,1,12:24:00,12:24:00,902208,12.0,1
OF_A5-Weekday-074400_M125_504,M125,d1,2,12:28:48,12:28:48,101069,12.0,1
OF_A5-Weekday-074400_M125_504,M125,d1,3,12:30:32,12:30:32,101071,13.0,1
OF_A5-Weekday-074400_M125_504,M125,d1,4,12:32:00,12:32:00,101072,16.0,1
OF_A5-Weekday-074400_M125_504,M125,d1,5,12:34:26,12:34:26,101074,16.0,2
OF_A5-Weekday-074400_M125_504,M125,d1,6,12:37:00,12:37:00,102839,18.0,2
OF_A5-Weekday-074400_M125_504,M125,d1,7,12:41:04,12:41:04,403766,18.0,2
OF_A5-Weekday-074400_M125_504,M125,d1,8,12:43:45,12:43:45,403676,18.0,2
OF_A5-Weekday-074400_M125_504,M125,d1,9,12:45:00,12:45:00,402502,27.0,2
OF_A5-Weekday-074400_M125_504,M125,d1,10,12:46:36,12:46:36,402503,27.0,2
OF_A5-Weekday-074400_M125_504,M125,d1,11,12:48:23,12:48:23,402504,27.0,2
OF_A5-Weekday-074400_M125_504,M125,d1,12,12:50:00,12:50:00,402505,31.0,2
OF_A5-Weekday-074400_M125_504,M125,d1,13,12:51:04,12:51:04,402506,31.0,2
OF_A5-Weekday-074400_M125_504,M125,d1,14,12:53:44,12:53:44,402507,32.0,2
OF_A5-Weekday-074400_M125_504,M125,d1,15,12:55:53,12:55:53,402508,26.0,2
OF_A5-Weekday-074400_M125_504,M125,d1,16,12:58:00,12:58:00,402509,13.0,1
OF_A5-Weekday-074400_M125_504,M125,d1,17,12:58:44,12:58:44,402510,7.0,1
OF_A5-Weekday-074400_M125_504,M125,d1,18,13:01:00,13:01:00,403604,6.0,1
OF_A5-Weekday-074400_M125_504,M125,d1,19,13:02:10,13:02:10,403763,6.0,1
OF_A5-Weekday-074400_M125_504,M125,d1,20,13:03:07,13:03:07,403677,6.0,1
OF_A5-Weekday-074400_M125_504,M125,d1,21,13:04:00,13:04:00,403829,6.0,1
OF_A5-Weekday-SDon-100900_M125_528,M125,d1,1,16:49:00,16:49:00,902208,34.0,3
OF_A5-Weekday-SDon-100900_M125_528,M125,d1,2,16:55:00,16:55:00,101069,34.0,3
OF_A5-Weekday-SDon-100900_M125_528,M125,d1,3,16:57:10,16:57:10,101071,34.0,3
OF_A5-Weekday-SDon-100900_M125_528,M125,d1,4,16:59:00,16:59:00,101072,34.0,3
OF_A5-Weekday-SDon-100900_M125_528,M125,d1,5,17:01:37,17:01:37,101074,34.0,3
OF_A5-Weekday-SDon-100900_M125_528,M125,d1,6,17:04:24,17:04:24,102839,34.0,3
OF_A5-Weekday-SDon-100900_M125_528,M125,d1,7,17:08:46,17:08:46,403766,34.0,3
OF_A5-Weekday-SDon-100900_M125_528,M125,d1,8,17:11:39,17:11:39,403676,34.0,3
OF_A5-Weekday-SDon-100900_M125_528,M125,d1,9,17:13:00,17:13:00,402502,31.0,3
OF_A5-Weekday-SDon-100900_M125_528,M125,d1,10,17:14:36,17:14:36,402503,46.0,3
OF_A5-Weekday-SDon-100900_M125_528,M125,d1,11,17:16:23,17:16:23,402504,46.0,3
OF_A5-Weekday-SDon-100900_M125_528,M125,d1,12,17:18:00,17:18:00,402505,46.0,3
OF_A5-Weekday-SDon-100900_M125_528,M125,d1,13,17:19:12,17:19:12,402506,46.0,4
OF_A5-Weekday-SDon-100900_M125_528,M125,d1,14,17:22:12,17:22:12,402507,50.0,4
OF_A5-Weekday-SDon-100900_M125_528,M125,d1,15,17:24:37,17:24:37,402508,50.0,4
OF_A5-Weekday-SDon-100900_M125_528,M125,d1,16,17:27:00,17:27:00,402509,50.0,4
OF_A5-Weekday-SDon-100900_M125_528,M125,d1,17,17:27:58,17:27:58,402510,14.0,1
OF_A5-Weekday-SDon-100900_M125_528,M125,d1,18,17:31:00,17:31:00,403604,14.0,1
OF_A5-Weekday-SDon-100900_M125_528,M125,d1,19,17:32:10,17:32:10,403763,1.0,1
OF_A5-Weekday-SDon-100900_M125_528,M125,d1,20,17:33:07,17:33:07,403677,1.0,1
OF_A5-Weekday-SDon-100900_M125_528,M125,d1,21,17:34:00,17:34:00,403829,1.0,1
OF_A5-Weekday-064900_M125_502,M125,d1,1,10:49:00,10:49:00,902208,2.0,1
OF_A5-Weekday-064900_M125_502,M125,d1,2,10:53:48,10:53:48,101069,2.0,1
OF_A5-Weekday-064900_M125_502,M125,d1,3,10:55:32,10:55:32,101071,3.0,1
OF_A5-Weekday-064900_M125_502,M125,d1,4,10:57:00,10:57:00,101072,3.0,1
OF_A5-Weekday-064900_M125_502,M125,d1,5,10:59:26,10:59:26,101074,2.0,1
OF_A5-Weekday-064900_M125_502,M125,d1,6,11:02:00,11:02:00,102839,2.0,1
OF_A5-Weekday-064900_M125_502,M125,d1,7,11:06:04,11:06:04,403766,2.0,1
OF_A5-Weekday-064900_M125_502,M125,d1,8,11:08:45,11:08:45,403676,2.0,1
OF_A5-Weekday-064900_M125_502,M125,d1,9,11:10:00,11:10:00,402502,3.0,1
OF_A5-Weekday-064900_M125_502,M125,d1,10,11:11:36,11:11:36,402503,3.0,1
OF_A5-Weekday-064900_M125_502,M125,d1,11,11:13:23,11:13:23,402504,3.0,1
OF_A5-Weekday-064900_M125_502,M125,d1,12,11:15:00,11:15:00,402505,11.0,1
OF_A5-Weekday-064900_M125_502,M125,d1,13,11:16:04,11:16:04,402506,11.0,2
OF_A5-Weekday-064900_M125_502,M125,d1,14,11:18:44,11:18:44,402507,17.0,2
OF_A5-Weekday-064900_M125_502,M125,d1,15,11:20:53,11:20:53,402508,17.0,2
OF_A5-Weekday-064900_M125_502,M125,d1,16,11:23:00,11:23:00,402509,13.0,1
OF_A5-Weekday-064900_M125_502,M125,d1,17,11:23:44,11:23:44,402510,7.0,1
OF_A5-Weekday-064900_M125_502,M125,d1,18,11:26:00,11:26:00,403604,7.0,1
OF_A5-Weekday-064900_M125_502,M125,d1,19,11:27:10,11:27:10,403763,1.0,1
OF_A5-Weekday-064900_M125_502,M125,d1,20,11:28:07,11:28:07,403677,1.0,1
OF_A5-Weekday-064900_M125_502,M125,d1,21,11:29:00,11:29:00,403829,1.0,1
OF_A5-Weekday-126900_M125_520,M125,d1,1,21:09:00,21:09:00,902208,9.0,1
OF_A5-Weekday-126900_M125_520,M125,d1,2,21:12:36,21:12:36,101069,11.0,1
OF_A5-Weekday-126900_M125_520,M125,d1,3,21:13:54,21:13:54,101071,11.0,1
OF_A5-Weekday-126900_M125_520,M125,d1,4,21:15:00,21:15:00,101072,10.0,1
OF_A5-Weekday-126900_M125_520,M125,d1,5,21:16:41,21:16:41,101074,10.0,1
OF_A5-Weekday-126900_M125_520,M125,d1,6,21:18:28,21:18:28,102839,10.0,1
OF_A5-Weekday-126900_M125_520,M125,d1,7,21:21:17,21:21:17,403766,9.0,1
OF_A5-Weekday-126900_M125_520,M125,d1,8,21:23:08,21:23:08,403676,9.0,1
OF_A5-Weekday-126900_M125_520,M125,d1,9,21:24:00,21:24:00,402502,7.0,2
OF_A5-Weekday-126900_M125_520,M125,d1,10,21:24:58,21:24:58,402503,18.0,2
OF_A5-Weekday-126900_M125_520,M125,d1,11,21:26:02,21:26:02,402504,18.0,2
OF_A5-Weekday-126900_M125_520,M125,d1,12,21:27:00,21:27:00,402505,19.0,2
OF_A5-Weekday-126900_M125_520,M125,d1,13,21:27:56,21:27:56,402506,19.0,2
OF_A5-Weekday-126900_M125_520,M125,d1,14,21:30:16,21:30:16,402507,20.0,2
OF_A5-Weekday-126900_M125_520,M125,d1,15,21:32:08,21:32:08,402508,16.0,1
OF_A5-Weekday-126900_M125_520,M125,d1,16,21:34:00,21:34:00,402509,8.0,1
OF_A5-Weekday-126900_M125_520,M125,d1,17,21:34:44,21:34:44,402510,5.0,1
OF_A5-Weekday-126900_M125_520,M125,d1,18,21:37:00,21:37:00,403604,3.0,1
OF_A5-Weekday-126900_M125_520,M125,d1,19,21:38:10,21:38:10,403763,9.0,1
OF_A5-Weekday-126900_M125_520,M125,d1,20,21:39:07,21:39:07,403677,9.0,1
OF_A5-Weekday-126900_M125_520,M125,d1,21,21:40:00,21:40:00,403829,9.0,1
OF_A5-Weekday-094600_M125_513,M125,d1,1,15:46:00,15:46:00,902208,21.0,3
OF_A5-Weekday-094600_M125_513,M125,d1,2,15:52:36,15:52:36,101069,36.0,3
OF_A5-Weekday-094600_M125_513,M125,d1,3,15:54:59,15:54:59,101071,36.0,3
OF_A5-Weekday-094600_M125_513,M125,d1,4,15:57:00,15:57:00,101072,36.0,3
OF_A5-Weekday-094600_M125_513,M125,d1,5,15:59:48,15:59:48,101074,36.0,3
OF_A5-Weekday-094600_M125_513,M125,d1,6,16:02:47,16:02:47,102839,23.0,2
OF_A5-Weekday-094600_M125_513,M125,d1,7,16:07:28,16:07:28,403766,20.0,2
OF_A5-Weekday-094600_M125_513,M125,d1,8,16:10:34,16:10:34,403676,24.0,2
OF_A5-Weekday-094600_M125_513,M125,d1,9,16:12:00,16:12:00,402502,24.0,4
OF_A5-Weekday-094600_M125_513,M125,d1,10,16:13:36,16:13:36,402503,50.0,4
OF_A5-Weekday-094600_M125_513,M125,d1,11,16:15:23,16:15:23,402504,50.0,4
OF_A5-Weekday-094600_M125_513,M125,d1,12,16:17:00,16:17:00,402505,50.0,4
OF_A5-Weekday-094600_M125_513,M125,d1,13,16:18:12,16:18:12,402506,50.0,4
OF_A5-Weekday-094600_M125_513,M125,d1,14,16:21:12,16:21:12,402507,50.0,4
OF_A5-Weekday-094600_M125_513,M125,d1,15,16:23:37,16:23:37,402508,50.0,4
OF_A5-Weekday-094600_M125_513,M125,d1,16,16:26:00,16:26:00,402509,50.0,4
OF_A5-Weekday-094600_M125_513,M125,d1,17,16:26:58,16:26:58,402510,50.0,4
OF_A5-Weekday-094600_M125_513,M125,d1,18,16:30:00,16:30:00,403604,50.0,4
OF_A5-Weekday-094600_M125_513,M125,d1,19,16:31:10,16:31:10,403763,50.0,4
OF_A5-Weekday-094600_M125_513,M125,d1,20,16:32:07,16:32:07,403677,50.0,4
OF_A5-Weekday-094600_M125_513,M125,d1,21,16:33:00,16:33:00,403829,50.0,4
OF_A5-Weekday-SDon-038600_M125_508,M125,d1,1,6:26:00,6:26:00,902208,32.0,2
OF_A5-Weekday-SDon-038600_M125_508,M125,d1,2,6:29:00,6:29:00,101069,32.0,2
OF_A5-Weekday-SDon-038600_M125_508,M125,d1,3,6:30:05,6:30:05,101071,32.0,2
OF_A5-Weekday-SDon-038600_M125_508,M125,d1,4,6:31:00,6:31:00,101072,32.0,3
OF_A5-Weekday-SDon-038600_M125_508,M125,d1,5,6:33:48,6:33:48,101074,37.0,3
OF_A5-Weekday-SDon-038600_M125_508,M125,d1,6,6:36:47,6:36:47,102839,36.0,3
OF_A5-Weekday-SDon-038600_M125_508,M125,d1,7,6:41:28,6:41:28,403766,37.0,3
OF_A5-Weekday-SDon-038600_M125_508,M125,d1,8,6:44:34,6:44:34,403676,37.0,3
OF_A5-Weekday-SDon-038600_M125_508,M125,d1,9,6:46:00,6:46:00,402502,37.0,3
OF_A5-Weekday-SDon-038600_M125_508,M125,d1,10,6:46:58,6:46:58,402503,45.0,3
OF_A5-Weekday-SDon-038600_M125_508,M125,d1,11,6:48:02,6:48:02,402504,45.0,3
OF_A5-Weekday-SDon-038600_M125_508,M125,d1,12,6:49:00,6:49:00,402505,45.0,3
OF_A5-Weekday-SDon-038600_M125_508,M125,d1,13,6:49:40,6:49:40,402506,45.0,3
OF_A5-Weekday-SDon-038600_M125_508,M125,d1,14,6:51:20,6:51:20,402507,45.0,3
OF_A5-Weekday-SDon-038600_M125_508,M125,d1,15,6:52:40,6:52:40,402508,36.0,3
OF_A5-Weekday-SDon-038600_M125_508,M125,d1,16,6:54:00,6:54:00,402509,36.0,3
OF_A5-Weekday-SDon-038600_M125_508,M125,d1,17,6:54:44,6:54:44,402510,36.0,3
OF_A5-Weekday-SDon-038600_M125_508,M125,d1,18,6:57:00,6:57:00,403604,36.0,3
OF_A5-Weekday-SDon-038600_M125_508,M125,d1,19,6:58:10,6:58:10,403763,36.0,3
OF_A5-Weekday-SDon-038600_M125_508,M125,d1,20,6:59:07,6:59:07,403677,36.0,3
OF_A5-Weekday-SDon-038600_M125_508,M125,d1,21,7:00:00,7:00:00,403829,36.0,3
OF_A5-Weekday-SDon-064900_M125_502,M125,d1,1,10:49:00,10:49:00,902208,25.0,2
OF_A5-Weekday-SDon-064900_M125_502,M125,d1,2,10:53:48,10:53:48,101069,25.0,2
OF_A5-Weekday-SDon-064900_M125_502,M125,d1,3,10:55:32,10:55:32,101071,19.0,2
OF_A5-Weekday-SDon-064900_M125_502,M125,d1,4,10:57:00,10:57:00,101072,24.0,2
OF_A5-Weekday-SDon-064900_M125_502,M125,d1,5,10:59:26,10:59:26,101074,24.0,2
OF_A5-Weekday-SDon-064900_M125_502,M125,d1,6,11:02:00,11:02:00,102839,25.0,2
OF_A5-Weekday-SDon-064900_M125_502,M125,d1,7,11:06:04,11:06:04,403766,15.0,1
OF_A5-Weekday-SDon-064900_M125_502,M125,d1,8,11:08:45,11:08:45,403676,5.0,2
OF_A5-Weekday-SDon-064900_M125_502,M125,d1,9,11:10:00,11:10:00,402502,26.0,2
OF_A5-Weekday-SDon-064900_M125_502,M125,d1,10,11:11:36,11:11:36,402503,17.0,3
OF_A5-Weekday-SDon-064900_M125_502,M125,d1,11,11:13:23,11:13:23,402504,34.0,3
OF_A5-Weekday-SDon-064900_M125_502,M125,d1,12,11:15:00,11:15:00,402505,17.0,3
OF_A5-Weekday-SDon-064900_M125_502,M125,d1,13,11:16:04,11:16:04,402506,36.0,3
OF_A5-Weekday-SDon-064900_M125_502,M125,d1,14,11:18:44,11:18:44,402507,34.0,3
OF_A5-Weekday-SDon-064900_M125_502,M125,d1,15,11:20:53,11:20:53,402508,28.0,2
OF_A5-Weekday-SDon-064900_M125_502,M125,d1,16,11:23:00,11:23:00,402509,11.0,2
OF_A5-Weekday-SDon-064900_M125_502,M125,d1,17,11:23:44,11:23:44,402510,17.0,2
OF_A5-Weekday-SDon-064900_M125_502,M125,d1,18,11:26:00,11:26:00,403604,7.0,1
OF_A5-Weekday-SDon-064900_M125_502,M125,d1,19,11:27:10,11:27:10,403763,7.0,1
OF_A5-Weekday-SDon-064900_M125_502,M125,d1,20,11:28:07,11:28:07,403677,5.0,1
OF_A5-Weekday-SDon-064900_M125_502,M125,d1,21,11:29:00,11:29:00,403829,5.0,1
OF_A5-Weekday-SDon-126900_M125_520,M125,d1,1,21:09:00,21:09:00,902208,12.0,1
OF_A5-Weekday-SDon-126900_M125_520,M125,d1,2,21:12:36,21:12:36,101069,5.0,1
OF_A5-Weekday-SDon-126900_M125_520,M125,d1,3,21:13:54,21:13:54,101071,5.0,1
OF_A5-Weekday-SDon-126900_M125_520,M125,d1,4,21:15:00,21:15:00,101072,4.0,1
OF_A5-Weekday-SDon-126900_M125_520,M125,d1,5,21:16:41,21:16:41,101074,4.0,1
OF_A5-Weekday-SDon-126900_M125_520,M125,d1,6,21:18:28,21:18:28,102839,4.0,1
OF_A5-Weekday-SDon-126900_M125_520,M125,d1,7,21:21:17,21:21:17,403766,4.0,1
OF_A5-Weekday-SDon-126900_M125_520,M125,d1,8,21:23:08,21:23:08,403676,3.0,1
OF_A5-Weekday-SDon-126900_M125_520,M125,d1,9,21:24:00,21:24:00,402502,3.0,1
OF_A5-Weekday-SDon-126900_M125_520,M125,d1,10,21:24:58,21:24:58,402503,3.0,1
OF_A5-Weekday-SDon-126900_M125_520,M125,d1,11,21:26:02,21:26:02,402504,3.0,1
OF_A5-Weekday-SDon-126900_M125_520,M125,d1,12,21:27:00,21:27:00,402505,7.0,1
OF_A5-Weekday-SDon-126900_M125_520,M125,d1,13,21:27:56,21:27:56,402506,7.0,1
OF_A5-Weekday-SDon-126900_M125_520,M125,d1,14,21:30:16,21:30:16,402507,5.0,1
OF_A5-Weekday-SDon-126900_M125_520,M125,d1,15,21:32:08,21:32:08,402508,6.0,1
OF_A5-Weekday-SDon-126900_M125_520,M125,d1,16,21:34:00,21:34:00,402509,6.0,1
OF_A5-Weekday-SDon-126900_M125_520,M125,d1,17,21:34:44,21:34:44,402510,5.0,1
OF_A5-Weekday-SDon-126900_M125_520,M125,d1,18,21:37:00,21:37:00,403604,6.0,1
OF_A5-Weekday-SDon-126900_M125_520,M125,d1,19,21:38:10,21:38:10,403763,6.0,1
OF_A5-Weekday-SDon-126900_M125_520,M125,d1,20,21:39:07,21:39:07,403677,6.0,1
OF_A5-Weekday-SDon-126900_M125_520,M125,d1,21,21:40:00,21:40:00,403829,6.0,1
OF_A5-Weekday-SDon-094600_M125_513,M125,d1,1,15:46:00,15:46:00,902208,57.0,4
OF_A5-Weekday-SDon-094600_M125_513,M125,d1,2,15:52:36,15:52:36,101069,57.0,4
OF_A5-Weekday-SDon-094600_M125_513,M125,d1,3,15:54:59,15:54:59,101071,57.0,4
OF_A5-Weekday-SDon-094600_M125_513,M125,d1,4,15:57:00,15:57:00,101072,57.0,4
OF_A5-Weekday-SDon-094600_M125_513,M125,d1,5,15:59:48,15:59:48,101074,57.0,4
OF_A5-Weekday-SDon-094600_M125_513,M125,d1,6,16:02:47,16:02:47,102839,57.0,4
OF_A5-Weekday-SDon-094600_M125_513,M125,d1,7,16:07:28,16:07:28,403766,57.0,4
OF_A5-Weekday-SDon-094600_M125_513,M125,d1,8,16:10:34,16:10:34,403676,57.0,4
OF_A5-Weekday-SDon-094600_M125_513,M125,d1,9,16:12:00,16:12:00,402502,57.0,4
OF_A5-Weekday-SDon-094600_M125_513,M125,d1,10,16:13:36,16:13:36,402503,57.0,4
OF_A5-Weekday-SDon-094600_M125_513,M125,d1,11,16:15:23,16:15:23,402504,57.0,4
OF_A5-Weekday-SDon-094600_M125_513,M125,d1,12,16:17:00,16:17:00,402505,57.0,4
OF_A5-Weekday-SDon-094600_M125_513,M125,d1,13,16:18:12,16:18:12,402506,57.0,4
OF_A5-Weekday-SDon-094600_M125_513,M125,d1,14,16:21:12,16:21:12,402507,57.0,4
OF_A5-Weekday-SDon-094600_M125_513,M125,d1,15,16:23:37,16:23:37,402508,57.0,4
OF_A5-Weekday-SDon-094600_M125_513,M125,d1,16,16:26:00,16:26:00,402509,57.0,4
OF_A5-Weekday-SDon-094600_M125_513,M125,d1,17,16:26:58,16:26:58,402510,57.0,4
OF_A5-Weekday-SDon-094600_M125_513,M125,d1,18,16:30:00,16:30:00,403604,28.0,2
OF_A5-Weekday-SDon-094600_M125_513,M125,d1,19,16:31:10,16:31:10,403763,24.0,2
OF_A5-Weekday-SDon-094600_M125_513,M125,d1,20,16:32:07,16:32:07,403677,12.0,1
OF_A5-Weekday-SDon-094600_M125_513,M125,d1,21,16:33:00,16:33:00,403829,12.0,1
OF_A5-Weekday-SDon-113600_M125_518,M125,d1,1,18:56:00,18:56:00,902208,15.0,1
OF_A5-Weekday-SDon-113600_M125_518,M125,d1,2,19:00:12,19:00:12,101069,15.0,1
OF_A5-Weekday-SDon-113600_M125_518,M125,d1,3,19:01:43,19:01:43,101071,15.0,1
OF_A5-Weekday-SDon-113600_M125_518,M125,d1,4,19:03:00,19:03:00,101072,15.0,1
OF_A5-Weekday-SDon-113600_M125_518,M125,d1,5,19:05:03,19:05:03,101074,9.0,1
OF_A5-Weekday-SDon-113600_M125_518,M125,d1,6,19:07:14,19:07:14,102839,9.0,1
OF_A5-Weekday-SDon-113600_M125_518,M125,d1,7,19:10:40,19:10:40,403766,9.0,1
OF_A5-Weekday-SDon-113600_M125_518,M125,d1,8,19:12:57,19:12:57,403676,16.0,1
OF_A5-Weekday-SDon-113600_M125_518,M125,d1,9,19:14:00,19:14:00,402502,16.0,2
OF_A5-Weekday-SDon-113600_M125_518,M125,d1,10,19:15:17,19:15:17,402503,21.0,2
OF_A5-Weekday-SDon-113600_M125_518,M125,d1,11,19:16:43,19:16:43,402504,21.0,2
OF_A5-Weekday-SDon-113600_M125_518,M125,d1,12,19:18:00,19:18:00,402505,1.0,2
OF_A5-Weekday-SDon-113600_M125_518,M125,d1,13,19:19:04,19:19:04,402506,21.0,2
OF_A5-Weekday-SDon-113600_M125_518,M125,d1,14,19:21:44,19:21:44,402507,9.0,1
OF_A5-Weekday-SDon-113600_M125_518,M125,d1,15,19:23:53,19:23:53,402508,10.0,1
OF_A5-Weekday-SDon-113600_M125_518,M125,d1,16,19:26:00,19:26:00,402509,10.0,1
OF_A5-Weekday-SDon-113600_M125_518,M125,d1,17,19:26:44,19:26:44,402510,4.0,1
OF_A5-Weekday-SDon-113600_M125_518,M125,d1,18,19:29:00,19:29:00,403604,4.0,1
OF_A5-Weekday-SDon-113600_M125_518,M125,d1,19,19:30:10,19:30:10,403763,1.0,1
OF_A5-Weekday-SDon-113600_M125_518,M125,d1,20,19:31:07,19:31:07,403677,1.0,1
OF_A5-Weekday-SDon-113600_M125_518,M125,d1,21,19:32:00,19:32:00,403829,1.0,1
OF_A5-Weekday-SDon-074400_M125_504,M125,d1,1,12:24:00,12:24:00,902208,10.0,1
OF_A5-Weekday-SDon-074400_M125_504,M125,d1,2,12:28:48,12:28:48,101069,7.0,1
OF_A5-Weekday-SDon-074400_M125_504,M125,d1,3,12:30:32,12:30:32,101071,6.0,1
OF_A5-Weekday-SDon-074400_M125_504,M125,d1,4,12:32:00,12:32:00,101072,8.0,1
OF_A5-Weekday-SDon-074400_M125_504,M125,d1,5,12:34:26,12:34:26,101074,8.0,1
OF_A5-Weekday-SDon-074400_M125_504,M125,d1,6,12:37:00,12:37:00,102839,7.0,1
OF_A5-Weekday-SDon-074400_M125_504,M125,d1,7,12:41:04,12:41:04,403766,5.0,1
OF_A5-Weekday-SDon-074400_M125_504,M125,d1,8,12:43:45,12:43:45,403676,5.0,1
OF_A5-Weekday-SDon-074400_M125_504,M125,d1,9,12:45:00,12:45:00,402502,9.0,1
OF_A5-Weekday-SDon-074400_M125_504,M125,d1,10,12:46:36,12:46:36,402503,16.0,1
OF_A5-Weekday-SDon-074400_M125_504,M125,d1,11,12:48:23,12:48:23,402504,16.0,2
OF_A5-Weekday-SDon-074400_M125_504,M125,d1,12,12:50:00,12:50:00,402505,17.0,2
OF_A5-Weekday-SDon-074400_M125_504,M125,d1,13,12:51:04,12:51:04,402506,17.0,2
OF_A5-Weekday-SDon-074400_M125_504,M125,d1,14,12:53:44,12:53:44,402507,17.0,2
OF_A5-Weekday-SDon-074400_M125_504,M125,d1,15,12:55:53,12:55:53,402508,14.0,1
OF_A5-Weekday-SDon-074400_M125_504,M125,d1,16,12:58:00,12:58:00,402509,9.0,1
OF_A5-Weekday-SDon-074400_M125_504,M125,d1,17,12:58:44,12:58:44,402510,4.0,1
OF_A5-Weekday-SDon-074400_M125_504,M125,d1,18,13:01:00,13:01:00,403604,2.0,1
OF_A5-Weekday-SDon-074400_M125_504,M125,d1,19,13:02:10,13:02:10,403763,2.0,1
OF_A5-Weekday-SDon-074400_M125_504,M125,d1,20,13:03:07,13:03:07,403677,2.0,1
OF_A5-Weekday-SDon-074400_M125_504,M125,d1,21,13:04:00,13:04:00,403829,2.0,1
