trip_id,route,direction,stop_sequence,arrival_time,departure_time,stop_id,estimated_passenger_count,required_pods
MV_A5-Weekday-137500_M116_717,M116,d1,1,22:55:00,22:55:00,404135,9.0,1
MV_A5-Weekday-137500_M116_717,M116,d1,2,22:55:54,22:55:54,401305,9.0,1
MV_A5-Weekday-137500_M116_717,M116,d1,3,22:56:25,22:56:25,401306,9.0,1
MV_A5-Weekday-137500_M116_717,M116,d1,4,22:57:15,22:57:15,401307,2.0,1
MV_A5-Weekday-137500_M116_717,M116,d1,5,22:57:55,22:57:55,401308,8.0,1
MV_A5-Weekday-137500_M116_717,M116,d1,6,22:59:15,22:59:15,404824,9.0,1
MV_A5-Weekday-137500_M116_717,M116,d1,7,23:00:09,23:00:09,401310,10.0,1
MV_A5-Weekday-137500_M116_717,M116,d1,8,23:01:21,23:01:21,401311,3.0,1
MV_A5-Weekday-137500_M116_717,M116,d1,9,23:02:09,23:02:09,401312,11.0,1
MV_A5-Weekday-137500_M116_717,M116,d1,10,23:02:57,23:02:57,401313,11.0,1
MV_A5-Weekday-137500_M116_717,M116,d1,11,23:04:14,23:04:14,401314,2.0,1
MV_A5-Weekday-137500_M116_717,M116,d1,12,23:05:03,23:05:03,401315,9.0,1
MV_A5-Weekday-137500_M116_717,M116,d1,13,23:06:24,23:06:24,401317,9.0,1
MV_A5-Weekday-137500_M116_717,M116,d1,14,23:07:01,23:07:01,403276,8.0,1
MV_A5-Weekday-137500_M116_717,M116,d1,15,23:08:00,23:08:00,401318,10.0,1
MV_A5-Weekday-137500_M116_717,M116,d1,16,23:09:51,23:09:51,405289,10.0,1
MV_A5-Weekday-137500_M116_717,M116,d1,17,23:10:45,23:10:45,404245,5.0,1
MV_A5-Weekday-137500_M116_717,M116,d1,18,23:12:00,23:12:00,404915,5.0,1
MV_A5-Weekday-137500_M116_717,M116,d1,19,23:12:36,23:12:36,405247,9.0,1
MV_A5-Weekday-137500_M116_717,M116,d1,20,23:13:33,23:13:33,401324,5.0,1
MV_A5-Weekday-137500_M116_717,M116,d1,21,23:15:16,23:15:16,401326,7.0,1
MV_A5-Weekday-137500_M116_717,M116,d1,22,23:16:00,23:16:00,401327,5.0,1
MV_A5-Weekday-137500_M116_717,M116,d1,23,23:16:53,23:16:53,401328,7.0,1
MV_A5-Weekday-137500_M116_717,M116,d1,24,23:17:39,23:17:39,401329,5.0,1
MV_A5-Weekday-137500_M116_717,M116,d1,25,23:18:28,23:18:28,401330,7.0,1
MV_A5-Weekday-137500_M116_717,M116,d1,26,23:19:31,23:19:31,401331,3.0,1
MV_A5-Weekday-137500_M116_717,M116,d1,27,23:20:51,23:20:51,401333,7.0,1
MV_A5-Weekday-137500_M116_717,M116,d1,28,23:21:37,23:21:37,401334,3.0,1
MV_A5-Weekday-137500_M116_717,M116,d1,29,23:22:24,23:22:24,401335,3.0,1
MV_A5-Weekday-137500_M116_717,M116,d1,30,23:23:04,23:23:04,401336,7.0,1
MV_A5-Weekday-137500_M116_717,M116,d1,31,23:24:00,23:24:00,401337,7.0,1
MV_A5-Weekday-137500_M116_717,M116,d1,32,23:24:46,23:24:46,401338,2.0,1
MV_A5-Weekday-137500_M116_717,M116,d1,33,23:25:51,23:25:51,401339,7.0,1
MV_A5-Weekday-137500_M116_717,M116,d1,34,23:26:39,23:26:39,404136,3.0,1
MV_A5-Weekday-137500_M116_717,M116,d1,35,23:27:24,23:27:24,401341,7.0,1
MV_A5-Weekday-137500_M116_717,M116,d1,36,23:28:33,23:28:33,401342,2.0,1
MV_A5-Weekday-137500_M116_717,M116,d1,37,23:29:22,23:29:22,401343,7.0,1
MV_A5-Weekday-137500_M116_717,M116,d1,38,23:30:09,23:30:09,401344,2.0,1
MV_A5-Weekday-137500_M116_717,M116,d1,39,23:30:54,23:30:54,401345,7.0,1
MV_A5-Weekday-137500_M116_717,M116,d1,40,23:31:40,23:31:40,404987,7.0,1
MV_A5-Weekday-137500_M116_717,M116,d1,41,23:32:24,23:32:24,404988,2.0,1
MV_A5-Weekday-137500_M116_717,M116,d1,42,23:34:00,23:34:00,401348,2.0,1
MV_A5-Weekday-137500_M116_717,M116,d1,43,23:34:35,23:34:35,400860,7.0,1
MV_A5-Weekday-137500_M116_717,M116,d1,44,23:35:20,23:35:20,400861,7.0,1
MV_A5-Weekday-137500_M116_717,M116,d1,45,23:36:00,23:36:00,405376,7.0,1
MV_A5-Weekday-SDon-050700_M116_710,M116,d1,1,8:27:00,8:27:00,401998,1.0,1
MV_A5-Weekday-SDon-050700_M116_710,M116,d1,2,8:27:37,8:27:37,405315,12.0,1
MV_A5-Weekday-SDon-050700_M116_710,M116,d1,3,8:28:00,8:28:00,401999,15.0,2
MV_A5-Weekday-SDon-050700_M116_710,M116,d1,4,8:29:17,8:29:17,402000,29.0,2
MV_A5-Weekday-SDon-050700_M116_710,M116,d1,5,8:31:34,8:31:34,402001,30.0,2
MV_A5-Weekday-SDon-050700_M116_710,M116,d1,6,8:32:49,8:32:49,402002,32.0,2
MV_A5-Weekday-SDon-050700_M116_710,M116,d1,7,8:34:08,8:34:08,402003,32.0,2
MV_A5-Weekday-SDon-050700_M116_710,M116,d1,8,8:35:11,8:35:11,402004,29.0,3
MV_A5-Weekday-SDon-050700_M116_710,M116,d1,9,8:37:00,8:37:00,402005,41.0,3
MV_A5-Weekday-SDon-050700_M116_710,M116,d1,10,8:37:52,8:37:52,402006,23.0,2
MV_A5-Weekday-SDon-050700_M116_710,M116,d1,11,8:41:00,8:41:00,404274,19.0,2
MV_A5-Weekday-SDon-050700_M116_710,M116,d1,12,8:43:24,8:43:24,401078,23.0,2
MV_A5-Weekday-SDon-050700_M116_710,M116,d1,13,8:45:00,8:45:00,401079,12.0,2
MV_A5-Weekday-SDon-050700_M116_710,M116,d1,14,8:46:26,8:46:26,400482,25.0,2
MV_A5-Weekday-SDon-050700_M116_710,M116,d1,15,8:47:18,8:47:18,400483,12.0,1
MV_A5-Weekday-SDon-050700_M116_710,M116,d1,16,8:48:49,8:48:49,400484,13.0,1
MV_A5-Weekday-SDon-050700_M116_710,M116,d1,17,8:50:04,8:50:04,403392,13.0,1
MV_A5-Weekday-SDon-050700_M116_710,M116,d1,18,8:51:07,8:51:07,401084,9.0,1
MV_A5-Weekday-SDon-050700_M116_710,M116,d1,19,8:52:01,8:52:01,401085,5.0,1
MV_A5-Weekday-SDon-050700_M116_710,M116,d1,20,8:53:00,8:53:00,402016,5.0,1
MV_A5-Weekday-SDon-050700_M116_710,M116,d1,21,8:53:41,8:53:41,402017,3.0,1
MV_A5-Weekday-SDon-050700_M116_710,M116,d1,22,8:54:00,8:54:00,401977,3.0,1
MV_A5-Weekday-105200_M116_716,M116,d1,1,17:32:00,17:32:00,401998,18.0,2
MV_A5-Weekday-105200_M116_716,M116,d1,2,17:32:37,17:32:37,405315,18.0,2
MV_A5-Weekday-105200_M116_716,M116,d1,3,17:33:00,17:33:00,401999,18.0,2
MV_A5-Weekday-105200_M116_716,M116,d1,4,17:34:26,17:34:26,402000,21.0,2
MV_A5-Weekday-105200_M116_716,M116,d1,5,17:36:58,17:36:58,402001,21.0,2
MV_A5-Weekday-105200_M116_716,M116,d1,6,17:38:21,17:38:21,402002,21.0,2
MV_A5-Weekday-105200_M116_716,M116,d1,7,17:39:49,17:39:49,402003,21.0,2
MV_A5-Weekday-105200_M116_716,M116,d1,8,17:40:59,17:40:59,402004,21.0,2
MV_A5-Weekday-105200_M116_716,M116,d1,9,17:43:00,17:43:00,402005,21.0,2
MV_A5-Weekday-105200_M116_716,M116,d1,10,17:43:52,17:43:52,402006,27.0,2
MV_A5-Weekday-105200_M116_716,M116,d1,11,17:47:00,17:47:00,404274,24.0,2
MV_A5-Weekday-105200_M116_716,M116,d1,12,17:49:24,17:49:24,401078,24.0,2
MV_A5-Weekday-105200_M116_716,M116,d1,13,17:51:00,17:51:00,401079,24.0,2
MV_A5-Weekday-105200_M116_716,M116,d1,14,17:52:26,17:52:26,400482,24.0,2
MV_A5-Weekday-105200_M116_716,M116,d1,15,17:53:18,17:53:18,400483,24.0,2
MV_A5-Weekday-105200_M116_716,M116,d1,16,17:54:49,17:54:49,400484,10.0,1
MV_A5-Weekday-105200_M116_716,M116,d1,17,17:56:04,17:56:04,403392,10.0,1
MV_A5-Weekday-105200_M116_716,M116,d1,18,17:57:07,17:57:07,401084,10.0,1
MV_A5-Weekday-105200_M116_716,M116,d1,19,17:58:01,17:58:01,401085,10.0,1
MV_A5-Weekday-105200_M116_716,M116,d1,20,17:59:00,17:59:00,402016,10.0,1
MV_A5-Weekday-105200_M116_716,M116,d1,21,17:59:41,17:59:41,402017,10.0,1
MV_A5-Weekday-105200_M116_716,M116,d1,22,18:00:00,18:00:00,401977,10.0,1
MV_A5-Weekday-SDon-132500_M116_714,M116,d1,1,22:05:00,22:05:00,401998,9.0,1
MV_A5-Weekday-SDon-132500_M116_714,M116,d1,2,22:05:37,22:05:37,405315,9.0,1
MV_A5-Weekday-SDon-132500_M116_714,M116,d1,3,22:06:00,22:06:00,401999,15.0,1
MV_A5-Weekday-SDon-132500_M116_714,M116,d1,4,22:07:00,22:07:00,402000,15.0,1
MV_A5-Weekday-SDon-132500_M116_714,M116,d1,5,22:08:46,22:08:46,402001,15.0,1
MV_A5-Weekday-SDon-132500_M116_714,M116,d1,6,22:09:45,22:09:45,402002,15.0,1
MV_A5-Weekday-SDon-132500_M116_714,M116,d1,7,22:10:46,22:10:46,402003,11.0,1
MV_A5-Weekday-SDon-132500_M116_714,M116,d1,8,22:11:35,22:11:35,402004,15.0,1
MV_A5-Weekday-SDon-132500_M116_714,M116,d1,9,22:13:00,22:13:00,402005,16.0,1
MV_A5-Weekday-SDon-132500_M116_714,M116,d1,10,22:13:39,22:13:39,402006,16.0,1
MV_A5-Weekday-SDon-132500_M116_714,M116,d1,11,22:16:00,22:16:00,404274,16.0,1
MV_A5-Weekday-SDon-132500_M116_714,M116,d1,12,22:17:48,22:17:48,401078,11.0,1
MV_A5-Weekday-SDon-132500_M116_714,M116,d1,13,22:19:00,22:19:00,401079,9.0,1
MV_A5-Weekday-SDon-132500_M116_714,M116,d1,14,22:20:05,22:20:05,400482,8.0,1
MV_A5-Weekday-SDon-132500_M116_714,M116,d1,15,22:20:44,22:20:44,400483,7.0,1
MV_A5-Weekday-SDon-132500_M116_714,M116,d1,16,22:21:52,22:21:52,400484,7.0,1
MV_A5-Weekday-SDon-132500_M116_714,M116,d1,17,22:22:48,22:22:48,403392,9.0,1
MV_A5-Weekday-SDon-132500_M116_714,M116,d1,18,22:23:35,22:23:35,401084,9.0,1
MV_A5-Weekday-SDon-132500_M116_714,M116,d1,19,22:24:15,22:24:15,401085,4.0,1
MV_A5-Weekday-SDon-132500_M116_714,M116,d1,20,22:25:00,22:25:00,402016,9.0,1
MV_A5-Weekday-SDon-132500_M116_714,M116,d1,21,22:25:41,22:25:41,402017,5.0,1
MV_A5-Weekday-SDon-132500_M116_714,M116,d1,22,22:26:00,22:26:00,401977,5.0,1
MV_A5-Weekday-114300_M116_715,M116,d1,1,19:03:00,19:03:00,401998,8.0,1
MV_A5-Weekday-114300_M116_715,M116,d1,2,19:03:37,19:03:37,405315,10.0,2
MV_A5-Weekday-114300_M116_715,M116,d1,3,19:04:00,19:04:00,401999,17.0,2
MV_A5-Weekday-114300_M116_715,M116,d1,4,19:05:09,19:05:09,402000,9.0,2
MV_A5-Weekday-114300_M116_715,M116,d1,5,19:07:10,19:07:10,402001,24.0,2
MV_A5-Weekday-114300_M116_715,M116,d1,6,19:08:17,19:08:17,402002,17.0,2
MV_A5-Weekday-114300_M116_715,M116,d1,7,19:09:27,19:09:27,402003,28.0,2
MV_A5-Weekday-114300_M116_715,M116,d1,8,19:10:23,19:10:23,402004,28.0,2
MV_A5-Weekday-114300_M116_715,M116,d1,9,19:12:00,19:12:00,402005,28.0,2
MV_A5-Weekday-114300_M116_715,M116,d1,10,19:12:39,19:12:39,402006,28.0,2
MV_A5-Weekday-114300_M116_715,M116,d1,11,19:15:00,19:15:00,404274,19.0,2
MV_A5-Weekday-114300_M116_715,M116,d1,12,19:17:24,19:17:24,401078,17.0,2
MV_A5-Weekday-114300_M116_715,M116,d1,13,19:19:00,19:19:00,401079,3.0,1
MV_A5-Weekday-114300_M116_715,M116,d1,14,19:20:15,19:20:15,400482,6.0,1
MV_A5-Weekday-114300_M116_715,M116,d1,15,19:21:01,19:21:01,400483,3.0,1
MV_A5-Weekday-114300_M116_715,M116,d1,16,19:22:20,19:22:20,400484,13.0,1
MV_A5-Weekday-114300_M116_715,M116,d1,17,19:23:26,19:23:26,403392,13.0,1
MV_A5-Weekday-114300_M116_715,M116,d1,18,19:24:21,19:24:21,401084,1.0,1
MV_A5-Weekday-114300_M116_715,M116,d1,19,19:25:08,19:25:08,401085,9.0,1
MV_A5-Weekday-114300_M116_715,M116,d1,20,19:26:00,19:26:00,402016,3.0,1
MV_A5-Weekday-114300_M116_715,M116,d1,21,19:26:41,19:26:41,402017,9.0,1
MV_A5-Weekday-114300_M116_715,M116,d1,22,19:27:00,19:27:00,401977,9.0,1
MV_A5-Weekday-SDon-051300_M116_701,M116,d1,1,8:33:00,8:33:00,401998,1.0,1
MV_A5-Weekday-SDon-051300_M116_701,M116,d1,2,8:33:37,8:33:37,405315,8.0,1
MV_A5-Weekday-SDon-051300_M116_701,M116,d1,3,8:34:00,8:34:00,401999,10.0,2
MV_A5-Weekday-SDon-051300_M116_701,M116,d1,4,8:35:26,8:35:26,402000,26.0,2
MV_A5-Weekday-SDon-051300_M116_701,M116,d1,5,8:37:58,8:37:58,402001,26.0,2
MV_A5-Weekday-SDon-051300_M116_701,M116,d1,6,8:39:21,8:39:21,402002,23.0,2
MV_A5-Weekday-SDon-051300_M116_701,M116,d1,7,8:40:49,8:40:49,402003,16.0,3
MV_A5-Weekday-SDon-051300_M116_701,M116,d1,8,8:41:59,8:41:59,402004,41.0,3
MV_A5-Weekday-SDon-051300_M116_701,M116,d1,9,8:44:00,8:44:00,402005,45.0,3
MV_A5-Weekday-SDon-051300_M116_701,M116,d1,10,8:44:52,8:44:52,402006,45.0,3
MV_A5-Weekday-SDon-051300_M116_701,M116,d1,11,8:48:00,8:48:00,404274,29.0,2
MV_A5-Weekday-SDon-051300_M116_701,M116,d1,12,8:50:24,8:50:24,401078,6.0,2
MV_A5-Weekday-SDon-051300_M116_701,M116,d1,13,8:52:00,8:52:00,401079,20.0,2
MV_A5-Weekday-SDon-051300_M116_701,M116,d1,14,8:53:26,8:53:26,400482,15.0,2
MV_A5-Weekday-SDon-051300_M116_701,M116,d1,15,8:54:18,8:54:18,400483,21.0,2
MV_A5-Weekday-SDon-051300_M116_701,M116,d1,16,8:55:49,8:55:49,400484,19.0,2
MV_A5-Weekday-SDon-051300_M116_701,M116,d1,17,8:57:04,8:57:04,403392,20.0,2
MV_A5-Weekday-SDon-051300_M116_701,M116,d1,18,8:58:07,8:58:07,401084,20.0,2
MV_A5-Weekday-SDon-051300_M116_701,M116,d1,19,8:59:01,8:59:01,401085,18.0,2
MV_A5-Weekday-SDon-051300_M116_701,M116,d1,20,9:00:00,9:00:00,402016,11.0,1
MV_A5-Weekday-SDon-051300_M116_701,M116,d1,21,9:00:41,9:00:41,402017,14.0,1
MV_A5-Weekday-SDon-051300_M116_701,M116,d1,22,9:01:00,9:01:00,401977,14.0,1
MV_A5-Weekday-063200_M116_708,M116,d1,1,10:32:00,10:32:00,401998,1.0,1
MV_A5-Weekday-063200_M116_708,M116,d1,2,10:32:37,10:32:37,405315,3.0,1
MV_A5-Weekday-063200_M116_708,M116,d1,3,10:33:00,10:33:00,401999,16.0,1
MV_A5-Weekday-063200_M116_708,M116,d1,4,10:34:26,10:34:26,402000,14.0,2
MV_A5-Weekday-063200_M116_708,M116,d1,5,10:36:58,10:36:58,402001,21.0,2
MV_A5-Weekday-063200_M116_708,M116,d1,6,10:38:21,10:38:21,402002,20.0,2
MV_A5-Weekday-063200_M116_708,M116,d1,7,10:39:49,10:39:49,402003,20.0,2
MV_A5-Weekday-063200_M116_708,M116,d1,8,10:40:59,10:40:59,402004,20.0,2
MV_A5-Weekday-063200_M116_708,M116,d1,9,10:43:00,10:43:00,402005,13.0,2
MV_A5-Weekday-063200_M116_708,M116,d1,10,10:43:52,10:43:52,402006,20.0,2
MV_A5-Weekday-063200_M116_708,M116,d1,11,10:47:00,10:47:00,404274,13.0,1
MV_A5-Weekday-063200_M116_708,M116,d1,12,10:49:24,10:49:24,401078,9.0,1
MV_A5-Weekday-063200_M116_708,M116,d1,13,10:51:00,10:51:00,401079,3.0,1
MV_A5-Weekday-063200_M116_708,M116,d1,14,10:52:26,10:52:26,400482,2.0,1
MV_A5-Weekday-063200_M116_708,M116,d1,15,10:53:18,10:53:18,400483,5.0,1
MV_A5-Weekday-063200_M116_708,M116,d1,16,10:54:49,10:54:49,400484,4.0,1
MV_A5-Weekday-063200_M116_708,M116,d1,17,10:56:04,10:56:04,403392,3.0,1
MV_A5-Weekday-063200_M116_708,M116,d1,18,10:57:07,10:57:07,401084,4.0,1
MV_A5-Weekday-063200_M116_708,M116,d1,19,10:58:01,10:58:01,401085,4.0,1
MV_A5-Weekday-063200_M116_708,M116,d1,20,10:59:00,10:59:00,402016,2.0,1
MV_A5-Weekday-063200_M116_708,M116,d1,21,10:59:41,10:59:41,402017,2.0,1
MV_A5-Weekday-063200_M116_708,M116,d1,22,11:00:00,11:00:00,401977,2.0,1
MV_A5-Weekday-055800_M116_704,M116,d1,1,9:18:00,9:18:00,401998,7.0,1
MV_A5-Weekday-055800_M116_704,M116,d1,2,9:18:37,9:18:37,405315,7.0,1
MV_A5-Weekday-055800_M116_704,M116,d1,3,9:19:00,9:19:00,401999,14.0,1
MV_A5-Weekday-055800_M116_704,M116,d1,4,9:20:26,9:20:26,402000,14.0,2
MV_A5-Weekday-055800_M116_704,M116,d1,5,9:22:58,9:22:58,402001,20.0,2
MV_A5-Weekday-055800_M116_704,M116,d1,6,9:24:21,9:24:21,402002,20.0,3
MV_A5-Weekday-055800_M116_704,M116,d1,7,9:25:49,9:25:49,402003,39.0,3
MV_A5-Weekday-055800_M116_704,M116,d1,8,9:26:59,9:26:59,402004,39.0,3
MV_A5-Weekday-055800_M116_704,M116,d1,9,9:29:00,9:29:00,402005,39.0,3
MV_A5-Weekday-055800_M116_704,M116,d1,10,9:29:52,9:29:52,402006,39.0,3
MV_A5-Weekday-055800_M116_704,M116,d1,11,9:33:00,9:33:00,404274,39.0,3
MV_A5-Weekday-055800_M116_704,M116,d1,12,9:35:24,9:35:24,401078,27.0,2
MV_A5-Weekday-055800_M116_704,M116,d1,13,9:37:00,9:37:00,401079,27.0,2
MV_A5-Weekday-055800_M116_704,M116,d1,14,9:38:26,9:38:26,400482,13.0,1
MV_A5-Weekday-055800_M116_704,M116,d1,15,9:39:18,9:39:18,400483,16.0,1
MV_A5-Weekday-055800_M116_704,M116,d1,16,9:40:49,9:40:49,400484,16.0,1
MV_A5-Weekday-055800_M116_704,M116,d1,17,9:42:04,9:42:04,403392,16.0,1
MV_A5-Weekday-055800_M116_704,M116,d1,18,9:43:07,9:43:07,401084,16.0,1
MV_A5-Weekday-055800_M116_704,M116,d1,19,9:44:01,9:44:01,401085,13.0,1
MV_A5-Weekday-055800_M116_704,M116,d1,20,9:45:00,9:45:00,402016,8.0,1
MV_A5-Weekday-055800_M116_704,M116,d1,21,9:45:41,9:45:41,402017,8.0,1
MV_A5-Weekday-055800_M116_704,M116,d1,22,9:46:00,9:46:00,401977,8.0,1
MV_A5-Weekday-070200_M116_707,M116,d1,1,11:42:00,11:42:00,401998,6.0,1
MV_A5-Weekday-070200_M116_707,M116,d1,2,11:42:37,11:42:37,405315,13.0,2
MV_A5-Weekday-070200_M116_707,M116,d1,3,11:43:00,11:43:00,401999,21.0,2
MV_A5-Weekday-070200_M116_707,M116,d1,4,11:44:26,11:44:26,402000,26.0,3
MV_A5-Weekday-070200_M116_707,M116,d1,5,11:46:58,11:46:58,402001,35.0,3
MV_A5-Weekday-070200_M116_707,M116,d1,6,11:48:21,11:48:21,402002,39.0,3
MV_A5-Weekday-070200_M116_707,M116,d1,7,11:49:49,11:49:49,402003,43.0,3
MV_A5-Weekday-070200_M116_707,M116,d1,8,11:50:59,11:50:59,402004,47.0,3
MV_A5-Weekday-070200_M116_707,M116,d1,9,11:53:00,11:53:00,402005,37.0,3
MV_A5-Weekday-070200_M116_707,M116,d1,10,11:53:52,11:53:52,402006,37.0,3
MV_A5-Weekday-070200_M116_707,M116,d1,11,11:57:00,11:57:00,404274,28.0,2
MV_A5-Weekday-070200_M116_707,M116,d1,12,11:59:24,11:59:24,401078,20.0,2
MV_A5-Weekday-070200_M116_707,M116,d1,13,12:01:00,12:01:00,401079,20.0,2
MV_A5-Weekday-070200_M116_707,M116,d1,14,12:02:26,12:02:26,400482,18.0,2
MV_A5-Weekday-070200_M116_707,M116,d1,15,12:03:18,12:03:18,400483,18.0,2
MV_A5-Weekday-070200_M116_707,M116,d1,16,12:04:49,12:04:49,400484,18.0,2
MV_A5-Weekday-070200_M116_707,M116,d1,17,12:06:04,12:06:04,403392,18.0,2
MV_A5-Weekday-070200_M116_707,M116,d1,18,12:07:07,12:07:07,401084,14.0,1
MV_A5-Weekday-070200_M116_707,M116,d1,19,12:08:01,12:08:01,401085,14.0,1
MV_A5-Weekday-070200_M116_707,M116,d1,20,12:09:00,12:09:00,402016,13.0,1
MV_A5-Weekday-070200_M116_707,M116,d1,21,12:09:41,12:09:41,402017,10.0,1
MV_A5-Weekday-070200_M116_707,M116,d1,22,12:10:00,12:10:00,401977,10.0,1
MV_A5-Weekday-103700_M116_713,M116,d1,1,17:17:00,17:17:00,401998,1.0,1
MV_A5-Weekday-103700_M116_713,M116,d1,2,17:17:37,17:17:37,405315,1.0,2
MV_A5-Weekday-103700_M116_713,M116,d1,3,17:18:00,17:18:00,401999,25.0,3
MV_A5-Weekday-103700_M116_713,M116,d1,4,17:19:26,17:19:26,402000,33.0,3
MV_A5-Weekday-103700_M116_713,M116,d1,5,17:21:58,17:21:58,402001,33.0,3
MV_A5-Weekday-103700_M116_713,M116,d1,6,17:23:21,17:23:21,402002,33.0,3
MV_A5-Weekday-103700_M116_713,M116,d1,7,17:24:49,17:24:49,402003,33.0,3
MV_A5-Weekday-103700_M116_713,M116,d1,8,17:25:59,17:25:59,402004,33.0,3
MV_A5-Weekday-103700_M116_713,M116,d1,9,17:28:00,17:28:00,402005,33.0,3
MV_A5-Weekday-103700_M116_713,M116,d1,10,17:28:52,17:28:52,402006,33.0,3
MV_A5-Weekday-103700_M116_713,M116,d1,11,17:32:00,17:32:00,404274,17.0,2
MV_A5-Weekday-103700_M116_713,M116,d1,12,17:34:24,17:34:24,401078,17.0,2
MV_A5-Weekday-103700_M116_713,M116,d1,13,17:36:00,17:36:00,401079,17.0,2
MV_A5-Weekday-103700_M116_713,M116,d1,14,17:37:26,17:37:26,400482,17.0,2
MV_A5-Weekday-103700_M116_713,M116,d1,15,17:38:18,17:38:18,400483,2.0,1
MV_A5-Weekday-103700_M116_713,M116,d1,16,17:39:49,17:39:49,400484,10.0,1
MV_A5-Weekday-103700_M116_713,M116,d1,17,17:41:04,17:41:04,403392,9.0,1
MV_A5-Weekday-103700_M116_713,M116,d1,18,17:42:07,17:42:07,401084,9.0,1
MV_A5-Weekday-103700_M116_713,M116,d1,19,17:43:01,17:43:01,401085,9.0,1
MV_A5-Weekday-103700_M116_713,M116,d1,20,17:44:00,17:44:00,402016,9.0,1
MV_A5-Weekday-103700_M116_713,M116,d1,21,17:44:41,17:44:41,402017,1.0,1
MV_A5-Weekday-103700_M116_713,M116,d1,22,17:45:00,17:45:00,401977,1.0,1
MV_A5-Weekday-097800_M116_715,M116,d1,1,16:18:00,16:18:00,401998,20.0,2
MV_A5-Weekday-097800_M116_715,M116,d1,2,16:18:37,16:18:37,405315,20.0,2
MV_A5-Weekday-097800_M116_715,M116,d1,3,16:19:00,16:19:00,401999,30.0,2
MV_A5-Weekday-097800_M116_715,M116,d1,4,16:20:26,16:20:26,402000,30.0,3
MV_A5-Weekday-097800_M116_715,M116,d1,5,16:22:58,16:22:58,402001,43.0,3
MV_A5-Weekday-097800_M116_715,M116,d1,6,16:24:21,16:24:21,402002,43.0,3
MV_A5-Weekday-097800_M116_715,M116,d1,7,16:25:49,16:25:49,402003,43.0,3
MV_A5-Weekday-097800_M116_715,M116,d1,8,16:26:59,16:26:59,402004,38.0,3
MV_A5-Weekday-097800_M116_715,M116,d1,9,16:29:00,16:29:00,402005,38.0,3
MV_A5-Weekday-097800_M116_715,M116,d1,10,16:29:52,16:29:52,402006,28.0,2
MV_A5-Weekday-097800_M116_715,M116,d1,11,16:33:00,16:33:00,404274,22.0,2
MV_A5-Weekday-097800_M116_715,M116,d1,12,16:35:24,16:35:24,401078,22.0,2
MV_A5-Weekday-097800_M116_715,M116,d1,13,16:37:00,16:37:00,401079,22.0,2
MV_A5-Weekday-097800_M116_715,M116,d1,14,16:38:26,16:38:26,400482,8.0,1
MV_A5-Weekday-097800_M116_715,M116,d1,15,16:39:18,16:39:18,400483,8.0,1
MV_A5-Weekday-097800_M116_715,M116,d1,16,16:40:49,16:40:49,400484,8.0,1
MV_A5-Weekday-097800_M116_715,M116,d1,17,16:42:04,16:42:04,403392,8.0,1
MV_A5-Weekday-097800_M116_715,M116,d1,18,16:43:07,16:43:07,401084,8.0,1
MV_A5-Weekday-097800_M116_715,M116,d1,19,16:44:01,16:44:01,401085,8.0,1
MV_A5-Weekday-097800_M116_715,M116,d1,20,16:45:00,16:45:00,402016,8.0,1
MV_A5-Weekday-097800_M116_715,M116,d1,21,16:45:41,16:45:41,402017,1.0,1
MV_A5-Weekday-097800_M116_715,M116,d1,22,16:46:00,16:46:00,401977,1.0,1
MV_A5-Weekday-SDon-093400_M116_707,M116,d1,1,15:34:00,15:34:00,401998,43.0,3
MV_A5-Weekday-SDon-093400_M116_707,M116,d1,2,15:34:37,15:34:37,405315,43.0,4
MV_A5-Weekday-SDon-093400_M116_707,M116,d1,3,15:35:00,15:35:00,401999,50.0,4
MV_A5-Weekday-SDon-093400_M116_707,M116,d1,4,15:36:26,15:36:26,402000,52.0,4
MV_A5-Weekday-SDon-093400_M116_707,M116,d1,5,15:38:58,15:38:58,402001,35.0,3
MV_A5-Weekday-SDon-093400_M116_707,M116,d1,6,15:40:21,15:40:21,402002,38.0,4
MV_A5-Weekday-SDon-093400_M116_707,M116,d1,7,15:41:49,15:41:49,402003,57.0,4
MV_A5-Weekday-SDon-093400_M116_707,M116,d1,8,15:42:59,15:42:59,402004,57.0,4
MV_A5-Weekday-SDon-093400_M116_707,M116,d1,9,15:45:00,15:45:00,402005,57.0,4
MV_A5-Weekday-SDon-093400_M116_707,M116,d1,10,15:45:52,15:45:52,402006,24.0,4
MV_A5-Weekday-SDon-093400_M116_707,M116,d1,11,15:49:00,15:49:00,404274,52.0,4
MV_A5-Weekday-SDon-093400_M116_707,M116,d1,12,15:51:24,15:51:24,401078,32.0,2
MV_A5-Weekday-SDon-093400_M116_707,M116,d1,13,15:53:00,15:53:00,401079,14.0,1
MV_A5-Weekday-SDon-093400_M116_707,M116,d1,14,15:54:26,15:54:26,400482,7.0,1
MV_A5-Weekday-SDon-093400_M116_707,M116,d1,15,15:55:18,15:55:18,400483,15.0,1
MV_A5-Weekday-SDon-093400_M116_707,M116,d1,16,15:56:49,15:56:49,400484,3.0,1
MV_A5-Weekday-SDon-093400_M116_707,M116,d1,17,15:58:04,15:58:04,403392,16.0,1
MV_A5-Weekday-SDon-093400_M116_707,M116,d1,18,15:59:07,15:59:07,401084,16.0,1
MV_A5-Weekday-SDon-093400_M116_707,M116,d1,19,16:00:01,16:00:01,401085,16.0,1
MV_A5-Weekday-SDon-093400_M116_707,M116,d1,20,16:01:00,16:01:00,402016,1.0,1
MV_A5-Weekday-SDon-093400_M116_707,M116,d1,21,16:01:41,16:01:41,402017,1.0,1
MV_A5-Weekday-SDon-093400_M116_707,M116,d1,22,16:02:00,16:02:00,401977,1.0,1
MV_A5-Weekday-SDon-056500_M116_702,M116,d1,1,9:25:00,9:25:00,401998,7.0,1
MV_A5-Weekday-SDon-056500_M116_702,M116,d1,2,9:25:37,9:25:37,405315,11.0,3
MV_A5-Weekday-SDon-056500_M116_702,M116,d1,3,9:26:00,9:26:00,401999,33.0,3
MV_A5-Weekday-SDon-056500_M116_702,M116,d1,4,9:27:26,9:27:26,402000,14.0,3
MV_A5-Weekday-SDon-056500_M116_702,M116,d1,5,9:29:58,9:29:58,402001,41.0,3
MV_A5-Weekday-SDon-056500_M116_702,M116,d1,6,9:31:21,9:31:21,402002,42.0,3
MV_A5-Weekday-SDon-056500_M116_702,M116,d1,7,9:32:49,9:32:49,402003,12.0,3
MV_A5-Weekday-SDon-056500_M116_702,M116,d1,8,9:33:59,9:33:59,402004,41.0,3
MV_A5-Weekday-SDon-056500_M116_702,M116,d1,9,9:36:00,9:36:00,402005,17.0,2
MV_A5-Weekday-SDon-056500_M116_702,M116,d1,10,9:36:52,9:36:52,402006,25.0,3
MV_A5-Weekday-SDon-056500_M116_702,M116,d1,11,9:40:00,9:40:00,404274,38.0,3
MV_A5-Weekday-SDon-056500_M116_702,M116,d1,12,9:42:24,9:42:24,401078,34.0,3
MV_A5-Weekday-SDon-056500_M116_702,M116,d1,13,9:44:00,9:44:00,401079,11.0,2
MV_A5-Weekday-SDon-056500_M116_702,M116,d1,14,9:45:26,9:45:26,400482,23.0,2
MV_A5-Weekday-SDon-056500_M116_702,M116,d1,15,9:46:18,9:46:18,400483,23.0,2
MV_A5-Weekday-SDon-056500_M116_702,M116,d1,16,9:47:49,9:47:49,400484,23.0,2
MV_A5-Weekday-SDon-056500_M116_702,M116,d1,17,9:49:04,9:49:04,403392,23.0,2
MV_A5-Weekday-SDon-056500_M116_702,M116,d1,18,9:50:07,9:50:07,401084,23.0,2
MV_A5-Weekday-SDon-056500_M116_702,M116,d1,19,9:51:01,9:51:01,401085,10.0,1
MV_A5-Weekday-SDon-056500_M116_702,M116,d1,20,9:52:00,9:52:00,402016,7.0,1
MV_A5-Weekday-SDon-056500_M116_702,M116,d1,21,9:52:41,9:52:41,402017,6.0,1
MV_A5-Weekday-SDon-056500_M116_702,M116,d1,22,9:53:00,9:53:00,401977,6.0,1
MV_A5-Weekday-SDon-109100_M116_717,M116,d1,1,18:11:00,18:11:00,401998,13.0,1
MV_A5-Weekday-SDon-109100_M116_717,M116,d1,2,18:11:37,18:11:37,405315,13.0,3
MV_A5-Weekday-SDon-109100_M116_717,M116,d1,3,18:12:00,18:12:00,401999,35.0,3
MV_A5-Weekday-SDon-109100_M116_717,M116,d1,4,18:13:26,18:13:26,402000,47.0,3
MV_A5-Weekday-SDon-109100_M116_717,M116,d1,5,18:15:58,18:15:58,402001,35.0,4
MV_A5-Weekday-SDon-109100_M116_717,M116,d1,6,18:17:21,18:17:21,402002,50.0,4
MV_A5-Weekday-SDon-109100_M116_717,M116,d1,7,18:18:49,18:18:49,402003,51.0,4
MV_A5-Weekday-SDon-109100_M116_717,M116,d1,8,18:19:59,18:19:59,402004,51.0,4
MV_A5-Weekday-SDon-109100_M116_717,M116,d1,9,18:22:00,18:22:00,402005,43.0,3
MV_A5-Weekday-SDon-109100_M116_717,M116,d1,10,18:22:52,18:22:52,402006,42.0,3
MV_A5-Weekday-SDon-109100_M116_717,M116,d1,11,18:26:00,18:26:00,404274,30.0,2
MV_A5-Weekday-SDon-109100_M116_717,M116,d1,12,18:28:24,18:28:24,401078,28.0,2
MV_A5-Weekday-SDon-109100_M116_717,M116,d1,13,18:30:00,18:30:00,401079,14.0,1
MV_A5-Weekday-SDon-109100_M116_717,M116,d1,14,18:31:26,18:31:26,400482,13.0,1
MV_A5-Weekday-SDon-109100_M116_717,M116,d1,15,18:32:18,18:32:18,400483,14.0,1
MV_A5-Weekday-SDon-109100_M116_717,M116,d1,16,18:33:49,18:33:49,400484,11.0,1
MV_A5-Weekday-SDon-109100_M116_717,M116,d1,17,18:35:04,18:35:04,403392,14.0,1
MV_A5-Weekday-SDon-109100_M116_717,M116,d1,18,18:36:07,18:36:07,401084,7.0,1
MV_A5-Weekday-SDon-109100_M116_717,M116,d1,19,18:37:01,18:37:01,401085,15.0,1
MV_A5-Weekday-SDon-109100_M116_717,M116,d1,20,18:38:00,18:38:00,402016,12.0,1
MV_A5-Weekday-SDon-109100_M116_717,M116,d1,21,18:38:41,18:38:41,402017,3.0,1
MV_A5-Weekday-SDon-109100_M116_717,M116,d1,22,18:39:00,18:39:00,401977,3.0,1
MV_A5-Weekday-SDon-108300_M116_714,M116,d1,1,18:03:00,18:03:00,401998,35.0,3
MV_A5-Weekday-SDon-108300_M116_714,M116,d1,2,18:03:37,18:03:37,405315,35.0,3
MV_A5-Weekday-SDon-108300_M116_714,M116,d1,3,18:04:00,18:04:00,401999,21.0,4
MV_A5-Weekday-SDon-108300_M116_714,M116,d1,4,18:05:26,18:05:26,402000,60.0,4
MV_A5-Weekday-SDon-108300_M116_714,M116,d1,5,18:07:58,18:07:58,402001,60.0,4
MV_A5-Weekday-SDon-108300_M116_714,M116,d1,6,18:09:21,18:09:21,402002,38.0,3
MV_A5-Weekday-SDon-108300_M116_714,M116,d1,7,18:10:49,18:10:49,402003,39.0,3
MV_A5-Weekday-SDon-108300_M116_714,M116,d1,8,18:11:59,18:11:59,402004,42.0,3
MV_A5-Weekday-SDon-108300_M116_714,M116,d1,9,18:14:00,18:14:00,402005,43.0,3
MV_A5-Weekday-SDon-108300_M116_714,M116,d1,10,18:14:52,18:14:52,402006,40.0,3
MV_A5-Weekday-SDon-108300_M116_714,M116,d1,11,18:18:00,18:18:00,404274,41.0,3
MV_A5-Weekday-SDon-108300_M116_714,M116,d1,12,18:20:24,18:20:24,401078,24.0,2
MV_A5-Weekday-SDon-108300_M116_714,M116,d1,13,18:22:00,18:22:00,401079,24.0,2
MV_A5-Weekday-SDon-108300_M116_714,M116,d1,14,18:23:26,18:23:26,400482,20.0,2
MV_A5-Weekday-SDon-108300_M116_714,M116,d1,15,18:24:18,18:24:18,400483,9.0,2
MV_A5-Weekday-SDon-108300_M116_714,M116,d1,16,18:25:49,18:25:49,400484,19.0,2
MV_A5-Weekday-SDon-108300_M116_714,M116,d1,17,18:27:04,18:27:04,403392,14.0,1
MV_A5-Weekday-SDon-108300_M116_714,M116,d1,18,18:28:07,18:28:07,401084,14.0,1
MV_A5-Weekday-SDon-108300_M116_714,M116,d1,19,18:29:01,18:29:01,401085,11.0,1
MV_A5-Weekday-SDon-108300_M116_714,M116,d1,20,18:30:00,18:30:00,402016,3.0,1
MV_A5-Weekday-SDon-108300_M116_714,M116,d1,21,18:30:41,18:30:41,402017,3.0,1
MV_A5-Weekday-SDon-108300_M116_714,M116,d1,22,18:31:00,18:31:00,401977,3.0,1
MV_A5-Weekday-047100_M116_X02,M116,d1,1,7:51:00,7:51:00,401998,6.0,1
MV_A5-Weekday-047100_M116_X02,M116,d1,2,7:51:37,7:51:37,405315,6.0,1
MV_A5-Weekday-047100_M116_X02,M116,d1,3,7:52:00,7:52:00,401999,15.0,2
MV_A5-Weekday-047100_M116_X02,M116,d1,4,7:53:17,7:53:17,402000,19.0,3
MV_A5-Weekday-047100_M116_X02,M116,d1,5,7:55:34,7:55:34,402001,40.0,3
MV_A5-Weekday-047100_M116_X02,M116,d1,6,7:56:49,7:56:49,402002,40.0,3
MV_A5-Weekday-047100_M116_X02,M116,d1,7,7:58:08,7:58:08,402003,40.0,3
MV_A5-Weekday-047100_M116_X02,M116,d1,8,7:59:11,7:59:11,402004,40.0,3
MV_A5-Weekday-047100_M116_X02,M116,d1,9,8:01:00,8:01:00,402005,38.0,3
MV_A5-Weekday-047100_M116_X02,M116,d1,10,8:01:52,8:01:52,402006,39.0,3
MV_A5-Weekday-047100_M116_X02,M116,d1,11,8:05:00,8:05:00,404274,17.0,2
MV_A5-Weekday-047100_M116_X02,M116,d1,12,8:06:48,8:06:48,401078,13.0,1
MV_A5-Weekday-047100_M116_X02,M116,d1,13,8:08:00,8:08:00,401079,13.0,1
MV_A5-Weekday-047100_M116_X02,M116,d1,14,8:09:48,8:09:48,400482,13.0,1
MV_A5-Weekday-047100_M116_X02,M116,d1,15,8:10:52,8:10:52,400483,13.0,1
MV_A5-Weekday-047100_M116_X02,M116,d1,16,8:12:46,8:12:46,400484,13.0,1
MV_A5-Weekday-047100_M116_X02,M116,d1,17,8:14:20,8:14:20,403392,13.0,1
MV_A5-Weekday-047100_M116_X02,M116,d1,18,8:15:39,8:15:39,401084,13.0,1
MV_A5-Weekday-047100_M116_X02,M116,d1,19,8:16:46,8:16:46,401085,8.0,1
MV_A5-Weekday-047100_M116_X02,M116,d1,20,8:18:00,8:18:00,402016,8.0,1
MV_A5-Weekday-047100_M116_X02,M116,d1,21,8:18:41,8:18:41,402017,7.0,1
MV_A5-Weekday-047100_M116_X02,M116,d1,22,8:19:00,8:19:00,401977,7.0,1
MV_A5-Weekday-SDon-035500_M116_701,M116,d1,1,5:55:00,5:55:00,401998,1.0,1
MV_A5-Weekday-SDon-035500_M116_701,M116,d1,2,5:55:37,5:55:37,405315,7.0,1
MV_A5-Weekday-SDon-035500_M116_701,M116,d1,3,5:56:00,5:56:00,401999,12.0,2
MV_A5-Weekday-SDon-035500_M116_701,M116,d1,4,5:57:00,5:57:00,402000,19.0,2
MV_A5-Weekday-SDon-035500_M116_701,M116,d1,5,5:58:46,5:58:46,402001,19.0,2
MV_A5-Weekday-SDon-035500_M116_701,M116,d1,6,5:59:45,5:59:45,402002,19.0,2
MV_A5-Weekday-SDon-035500_M116_701,M116,d1,7,6:00:46,6:00:46,402003,19.0,2
MV_A5-Weekday-SDon-035500_M116_701,M116,d1,8,6:01:35,6:01:35,402004,18.0,2
MV_A5-Weekday-SDon-035500_M116_701,M116,d1,9,6:03:00,6:03:00,402005,17.0,2
MV_A5-Weekday-SDon-035500_M116_701,M116,d1,10,6:03:26,6:03:26,402006,20.0,2
MV_A5-Weekday-SDon-035500_M116_701,M116,d1,11,6:05:00,6:05:00,404274,13.0,1
MV_A5-Weekday-SDon-035500_M116_701,M116,d1,12,6:06:12,6:06:12,401078,15.0,1
MV_A5-Weekday-SDon-035500_M116_701,M116,d1,13,6:07:00,6:07:00,401079,13.0,1
MV_A5-Weekday-SDon-035500_M116_701,M116,d1,14,6:07:54,6:07:54,400482,13.0,1
MV_A5-Weekday-SDon-035500_M116_701,M116,d1,15,6:08:26,6:08:26,400483,9.0,1
MV_A5-Weekday-SDon-035500_M116_701,M116,d1,16,6:09:23,6:09:23,400484,14.0,1
MV_A5-Weekday-SDon-035500_M116_701,M116,d1,17,6:10:10,6:10:10,403392,10.0,1
MV_A5-Weekday-SDon-035500_M116_701,M116,d1,18,6:10:49,6:10:49,401084,9.0,1
MV_A5-Weekday-SDon-035500_M116_701,M116,d1,19,6:11:23,6:11:23,401085,12.0,1
MV_A5-Weekday-SDon-035500_M116_701,M116,d1,20,6:12:00,6:12:00,402016,9.0,1
MV_A5-Weekday-SDon-035500_M116_701,M116,d1,21,6:12:41,6:12:41,402017,7.0,1
MV_A5-Weekday-SDon-035500_M116_701,M116,d1,22,6:13:00,6:13:00,401977,7.0,1
MV_A5-Weekday-038500_M116_704,M116,d1,1,6:25:00,6:25:00,401998,3.0,1
MV_A5-Weekday-038500_M116_704,M116,d1,2,6:25:37,6:25:37,405315,3.0,1
MV_A5-Weekday-038500_M116_704,M116,d1,3,6:26:00,6:26:00,401999,12.0,1
MV_A5-Weekday-038500_M116_704,M116,d1,4,6:27:00,6:27:00,402000,12.0,1
MV_A5-Weekday-038500_M116_704,M116,d1,5,6:28:46,6:28:46,402001,11.0,1
MV_A5-Weekday-038500_M116_704,M116,d1,6,6:29:45,6:29:45,402002,13.0,1
MV_A5-Weekday-038500_M116_704,M116,d1,7,6:30:46,6:30:46,402003,14.0,1
MV_A5-Weekday-038500_M116_704,M116,d1,8,6:31:35,6:31:35,402004,14.0,1
MV_A5-Weekday-038500_M116_704,M116,d1,9,6:33:00,6:33:00,402005,14.0,2
MV_A5-Weekday-038500_M116_704,M116,d1,10,6:33:39,6:33:39,402006,17.0,2
MV_A5-Weekday-038500_M116_704,M116,d1,11,6:36:00,6:36:00,404274,6.0,1
MV_A5-Weekday-038500_M116_704,M116,d1,12,6:37:48,6:37:48,401078,8.0,1
MV_A5-Weekday-038500_M116_704,M116,d1,13,6:39:00,6:39:00,401079,6.0,1
MV_A5-Weekday-038500_M116_704,M116,d1,14,6:40:26,6:40:26,400482,4.0,1
MV_A5-Weekday-038500_M116_704,M116,d1,15,6:41:18,6:41:18,400483,5.0,1
MV_A5-Weekday-038500_M116_704,M116,d1,16,6:42:49,6:42:49,400484,5.0,1
MV_A5-Weekday-038500_M116_704,M116,d1,17,6:44:04,6:44:04,403392,6.0,1
MV_A5-Weekday-038500_M116_704,M116,d1,18,6:45:07,6:45:07,401084,6.0,1
MV_A5-Weekday-038500_M116_704,M116,d1,19,6:46:01,6:46:01,401085,5.0,1
MV_A5-Weekday-038500_M116_704,M116,d1,20,6:47:00,6:47:00,402016,5.0,1
MV_A5-Weekday-038500_M116_704,M116,d1,21,6:47:41,6:47:41,402017,3.0,1
MV_A5-Weekday-038500_M116_704,M116,d1,22,6:48:00,6:48:00,401977,3.0,1
MV_A5-Weekday-126500_M116_713,M116,d1,1,21:05:00,21:05:00,404135,12.0,1
MV_A5-Weekday-126500_M116_713,M116,d1,2,21:06:07,21:06:07,401305,5.0,1
MV_A5-Weekday-126500_M116_713,M116,d1,3,21:06:44,21:06:44,401306,3.0,1
MV_A5-Weekday-126500_M116_713,M116,d1,4,21:07:46,21:07:46,401307,11.0,1
MV_A5-Weekday-126500_M116_713,M116,d1,5,21:08:36,21:08:36,401308,6.0,1
MV_A5-Weekday-126500_M116_713,M116,d1,6,21:10:14,21:10:14,404824,12.0,1
MV_A5-Weekday-126500_M116_713,M116,d1,7,21:11:20,21:11:20,401310,6.0,1
MV_A5-Weekday-126500_M116_713,M116,d1,8,21:12:49,21:12:49,401311,7.0,1
MV_A5-Weekday-126500_M116_713,M116,d1,9,21:13:48,21:13:48,401312,7.0,1
MV_A5-Weekday-126500_M116_713,M116,d1,10,21:14:47,21:14:47,401313,8.0,1
MV_A5-Weekday-126500_M116_713,M116,d1,11,21:16:21,21:16:21,401314,5.0,1
MV_A5-Weekday-126500_M116_713,M116,d1,12,21:17:23,21:17:23,401315,4.0,1
MV_A5-Weekday-126500_M116_713,M116,d1,13,21:19:02,21:19:02,401317,5.0,1
MV_A5-Weekday-126500_M116_713,M116,d1,14,21:19:47,21:19:47,403276,4.0,1
MV_A5-Weekday-126500_M116_713,M116,d1,15,21:21:00,21:21:00,401318,6.0,1
MV_A5-Weekday-126500_M116_713,M116,d1,16,21:23:46,21:23:46,405289,7.0,1
MV_A5-Weekday-126500_M116_713,M116,d1,17,21:25:08,21:25:08,404245,4.0,1
MV_A5-Weekday-126500_M116_713,M116,d1,18,21:27:00,21:27:00,404915,6.0,1
MV_A5-Weekday-126500_M116_713,M116,d1,19,21:27:39,21:27:39,405247,6.0,1
MV_A5-Weekday-126500_M116_713,M116,d1,20,21:28:41,21:28:41,401324,5.0,1
MV_A5-Weekday-126500_M116_713,M116,d1,21,21:30:32,21:30:32,401326,5.0,1
MV_A5-Weekday-126500_M116_713,M116,d1,22,21:31:20,21:31:20,401327,4.0,1
MV_A5-Weekday-126500_M116_713,M116,d1,23,21:32:18,21:32:18,401328,4.0,1
MV_A5-Weekday-126500_M116_713,M116,d1,24,21:33:08,21:33:08,401329,1.0,1
MV_A5-Weekday-126500_M116_713,M116,d1,25,21:34:01,21:34:01,401330,3.0,1
MV_A5-Weekday-126500_M116_713,M116,d1,26,21:35:09,21:35:09,401331,5.0,1
MV_A5-Weekday-126500_M116_713,M116,d1,27,21:36:36,21:36:36,401333,5.0,1
MV_A5-Weekday-126500_M116_713,M116,d1,28,21:37:25,21:37:25,401334,1.0,1
MV_A5-Weekday-126500_M116_713,M116,d1,29,21:38:16,21:38:16,401335,6.0,1
MV_A5-Weekday-126500_M116_713,M116,d1,30,21:38:59,21:38:59,401336,6.0,1
MV_A5-Weekday-126500_M116_713,M116,d1,31,21:40:00,21:40:00,401337,1.0,1
MV_A5-Weekday-126500_M116_713,M116,d1,32,21:40:46,21:40:46,401338,6.0,1
MV_A5-Weekday-126500_M116_713,M116,d1,33,21:41:51,21:41:51,401339,1.0,1
MV_A5-Weekday-126500_M116_713,M116,d1,34,21:42:39,21:42:39,404136,4.0,1
MV_A5-Weekday-126500_M116_713,M116,d1,35,21:43:24,21:43:24,401341,1.0,1
MV_A5-Weekday-126500_M116_713,M116,d1,36,21:44:33,21:44:33,401342,4.0,1
MV_A5-Weekday-126500_M116_713,M116,d1,37,21:45:22,21:45:22,401343,4.0,1
MV_A5-Weekday-126500_M116_713,M116,d1,38,21:46:09,21:46:09,401344,1.0,1
MV_A5-Weekday-126500_M116_713,M116,d1,39,21:46:54,21:46:54,401345,2.0,1
MV_A5-Weekday-126500_M116_713,M116,d1,40,21:47:40,21:47:40,404987,2.0,1
MV_A5-Weekday-126500_M116_713,M116,d1,41,21:48:24,21:48:24,404988,2.0,1
MV_A5-Weekday-126500_M116_713,M116,d1,42,21:50:00,21:50:00,401348,1.0,1
MV_A5-Weekday-126500_M116_713,M116,d1,43,21:50:35,21:50:35,400860,2.0,1
MV_A5-Weekday-126500_M116_713,M116,d1,44,21:51:20,21:51:20,400861,2.0,1
MV_A5-Weekday-126500_M116_713,M116,d1,45,21:52:00,21:52:00,405376,2.0,1
MV_A5-Weekday-103000_M116_712,M116,d1,1,17:10:00,17:10:00,401998,2.0,1
MV_A5-Weekday-103000_M116_712,M116,d1,2,17:10:37,17:10:37,405315,8.0,2
MV_A5-Weekday-103000_M116_712,M116,d1,3,17:11:00,17:11:00,401999,19.0,2
MV_A5-Weekday-103000_M116_712,M116,d1,4,17:12:26,17:12:26,402000,19.0,2
MV_A5-Weekday-103000_M116_712,M116,d1,5,17:14:58,17:14:58,402001,19.0,2
MV_A5-Weekday-103000_M116_712,M116,d1,6,17:16:21,17:16:21,402002,19.0,2
MV_A5-Weekday-103000_M116_712,M116,d1,7,17:17:49,17:17:49,402003,25.0,2
MV_A5-Weekday-103000_M116_712,M116,d1,8,17:18:59,17:18:59,402004,25.0,2
MV_A5-Weekday-103000_M116_712,M116,d1,9,17:21:00,17:21:00,402005,26.0,2
MV_A5-Weekday-103000_M116_712,M116,d1,10,17:21:52,17:21:52,402006,26.0,2
MV_A5-Weekday-103000_M116_712,M116,d1,11,17:25:00,17:25:00,404274,16.0,1
MV_A5-Weekday-103000_M116_712,M116,d1,12,17:27:24,17:27:24,401078,16.0,1
MV_A5-Weekday-103000_M116_712,M116,d1,13,17:29:00,17:29:00,401079,7.0,1
MV_A5-Weekday-103000_M116_712,M116,d1,14,17:30:26,17:30:26,400482,10.0,1
MV_A5-Weekday-103000_M116_712,M116,d1,15,17:31:18,17:31:18,400483,10.0,1
MV_A5-Weekday-103000_M116_712,M116,d1,16,17:32:49,17:32:49,400484,10.0,1
MV_A5-Weekday-103000_M116_712,M116,d1,17,17:34:04,17:34:04,403392,16.0,1
MV_A5-Weekday-103000_M116_712,M116,d1,18,17:35:07,17:35:07,401084,16.0,1
MV_A5-Weekday-103000_M116_712,M116,d1,19,17:36:01,17:36:01,401085,16.0,1
MV_A5-Weekday-103000_M116_712,M116,d1,20,17:37:00,17:37:00,402016,16.0,1
MV_A5-Weekday-103000_M116_712,M116,d1,21,17:37:41,17:37:41,402017,6.0,1
MV_A5-Weekday-103000_M116_712,M116,d1,22,17:38:00,17:38:00,401977,6.0,1
MV_A5-Weekday-087500_M116_710,M116,d1,1,14:35:00,14:35:00,404135,6.0,1
MV_A5-Weekday-087500_M116_710,M116,d1,2,14:36:23,14:36:23,401305,6.0,1
MV_A5-Weekday-087500_M116_710,M116,d1,3,14:37:10,14:37:10,401306,6.0,1
MV_A5-Weekday-087500_M116_710,M116,d1,4,14:38:27,14:38:27,401307,6.0,1
MV_A5-Weekday-087500_M116_710,M116,d1,5,14:39:30,14:39:30,401308,6.0,1
MV_A5-Weekday-087500_M116_710,M116,d1,6,14:41:32,14:41:32,404824,6.0,1
MV_A5-Weekday-087500_M116_710,M116,d1,7,14:42:55,14:42:55,401310,6.0,1
MV_A5-Weekday-087500_M116_710,M116,d1,8,14:44:46,14:44:46,401311,6.0,1
MV_A5-Weekday-087500_M116_710,M116,d1,9,14:46:00,14:46:00,401312,6.0,1
MV_A5-Weekday-087500_M116_710,M116,d1,10,14:47:14,14:47:14,401313,6.0,1
MV_A5-Weekday-087500_M116_710,M116,d1,11,14:49:12,14:49:12,401314,6.0,1
MV_A5-Weekday-087500_M116_710,M116,d1,12,14:50:28,14:50:28,401315,3.0,1
MV_A5-Weekday-087500_M116_710,M116,d1,13,14:52:33,14:52:33,401317,15.0,1
MV_A5-Weekday-087500_M116_710,M116,d1,14,14:53:29,14:53:29,403276,15.0,1
MV_A5-Weekday-087500_M116_710,M116,d1,15,14:55:00,14:55:00,401318,15.0,1
MV_A5-Weekday-087500_M116_710,M116,d1,16,14:57:46,14:57:46,405289,15.0,1
MV_A5-Weekday-087500_M116_710,M116,d1,17,14:59:08,14:59:08,404245,15.0,1
MV_A5-Weekday-087500_M116_710,M116,d1,18,15:01:00,15:01:00,404915,15.0,1
MV_A5-Weekday-087500_M116_710,M116,d1,19,15:01:50,15:01:50,405247,15.0,1
MV_A5-Weekday-087500_M116_710,M116,d1,20,15:03:12,15:03:12,401324,15.0,1
MV_A5-Weekday-087500_M116_710,M116,d1,21,15:05:37,15:05:37,401326,15.0,1
MV_A5-Weekday-087500_M116_710,M116,d1,22,15:06:40,15:06:40,401327,15.0,1
MV_A5-Weekday-087500_M116_710,M116,d1,23,15:07:55,15:07:55,401328,15.0,1
MV_A5-Weekday-087500_M116_710,M116,d1,24,15:09:01,15:09:01,401329,15.0,1
MV_A5-Weekday-087500_M116_710,M116,d1,25,15:10:10,15:10:10,401330,15.0,1
MV_A5-Weekday-087500_M116_710,M116,d1,26,15:11:39,15:11:39,401331,15.0,1
MV_A5-Weekday-087500_M116_710,M116,d1,27,15:13:33,15:13:33,401333,15.0,1
MV_A5-Weekday-087500_M116_710,M116,d1,28,15:14:37,15:14:37,401334,15.0,1
MV_A5-Weekday-087500_M116_710,M116,d1,29,15:15:44,15:15:44,401335,15.0,1
MV_A5-Weekday-087500_M116_710,M116,d1,30,15:16:40,15:16:40,401336,15.0,1
MV_A5-Weekday-087500_M116_710,M116,d1,31,15:18:00,15:18:00,401337,15.0,1
MV_A5-Weekday-087500_M116_710,M116,d1,32,15:19:09,15:19:09,401338,15.0,1
MV_A5-Weekday-087500_M116_710,M116,d1,33,15:20:46,15:20:46,401339,15.0,1
MV_A5-Weekday-087500_M116_710,M116,d1,34,15:21:59,15:21:59,404136,15.0,1
MV_A5-Weekday-087500_M116_710,M116,d1,35,15:23:06,15:23:06,401341,15.0,1
MV_A5-Weekday-087500_M116_710,M116,d1,36,15:24:50,15:24:50,401342,15.0,1
MV_A5-Weekday-087500_M116_710,M116,d1,37,15:26:03,15:26:03,401343,1.0,1
MV_A5-Weekday-087500_M116_710,M116,d1,38,15:27:14,15:27:14,401344,13.0,1
MV_A5-Weekday-087500_M116_710,M116,d1,39,15:28:22,15:28:22,401345,1.0,1
MV_A5-Weekday-087500_M116_710,M116,d1,40,15:29:29,15:29:29,404987,12.0,1
MV_A5-Weekday-087500_M116_710,M116,d1,41,15:30:36,15:30:36,404988,10.0,1
MV_A5-Weekday-087500_M116_710,M116,d1,42,15:33:00,15:33:00,401348,7.0,1
MV_A5-Weekday-087500_M116_710,M116,d1,43,15:33:35,15:33:35,400860,7.0,1
MV_A5-Weekday-087500_M116_710,M116,d1,44,15:34:20,15:34:20,400861,7.0,1
MV_A5-Weekday-087500_M116_710,M116,d1,45,15:35:00,15:35:00,405376,7.0,1
MV_A5-Weekday-SDon-095600_M116_713,M116,d1,1,15:56:00,15:56:00,401998,4.0,3
MV_A5-Weekday-SDon-095600_M116_713,M116,d1,2,15:56:37,15:56:37,405315,42.0,3
MV_A5-Weekday-SDon-095600_M116_713,M116,d1,3,15:57:00,15:57:00,401999,28.0,4
MV_A5-Weekday-SDon-095600_M116_713,M116,d1,4,15:58:26,15:58:26,402000,52.0,4
MV_A5-Weekday-SDon-095600_M116_713,M116,d1,5,16:00:58,16:00:58,402001,53.0,4
MV_A5-Weekday-SDon-095600_M116_713,M116,d1,6,16:02:21,16:02:21,402002,31.0,3
MV_A5-Weekday-SDon-095600_M116_713,M116,d1,7,16:03:49,16:03:49,402003,34.0,3
MV_A5-Weekday-SDon-095600_M116_713,M116,d1,8,16:04:59,16:04:59,402004,34.0,3
MV_A5-Weekday-SDon-095600_M116_713,M116,d1,9,16:07:00,16:07:00,402005,20.0,4
MV_A5-Weekday-SDon-095600_M116_713,M116,d1,10,16:07:52,16:07:52,402006,53.0,4
MV_A5-Weekday-SDon-095600_M116_713,M116,d1,11,16:11:00,16:11:00,404274,16.0,3
MV_A5-Weekday-SDon-095600_M116_713,M116,d1,12,16:13:24,16:13:24,401078,33.0,3
MV_A5-Weekday-SDon-095600_M116_713,M116,d1,13,16:15:00,16:15:00,401079,7.0,1
MV_A5-Weekday-SDon-095600_M116_713,M116,d1,14,16:16:26,16:16:26,400482,11.0,1
MV_A5-Weekday-SDon-095600_M116_713,M116,d1,15,16:17:18,16:17:18,400483,11.0,1
MV_A5-Weekday-SDon-095600_M116_713,M116,d1,16,16:18:49,16:18:49,400484,6.0,1
MV_A5-Weekday-SDon-095600_M116_713,M116,d1,17,16:20:04,16:20:04,403392,6.0,1
MV_A5-Weekday-SDon-095600_M116_713,M116,d1,18,16:21:07,16:21:07,401084,1.0,1
MV_A5-Weekday-SDon-095600_M116_713,M116,d1,19,16:22:01,16:22:01,401085,1.0,1
MV_A5-Weekday-SDon-095600_M116_713,M116,d1,20,16:23:00,16:23:00,402016,4.0,1
MV_A5-Weekday-SDon-095600_M116_713,M116,d1,21,16:23:41,16:23:41,402017,1.0,1
MV_A5-Weekday-SDon-095600_M116_713,M116,d1,22,16:24:00,16:24:00,401977,1.0,1
MV_A5-Weekday-SDon-075200_M116_703,M116,d1,1,12:32:00,12:32:00,401998,11.0,2
MV_A5-Weekday-SDon-075200_M116_703,M116,d1,2,12:32:37,12:32:37,405315,20.0,2
MV_A5-Weekday-SDon-075200_M116_703,M116,d1,3,12:33:00,12:33:00,401999,29.0,3
MV_A5-Weekday-SDon-075200_M116_703,M116,d1,4,12:34:26,12:34:26,402000,38.0,3
MV_A5-Weekday-SDon-075200_M116_703,M116,d1,5,12:36:58,12:36:58,402001,36.0,3
MV_A5-Weekday-SDon-075200_M116_703,M116,d1,6,12:38:21,12:38:21,402002,43.0,3
MV_A5-Weekday-SDon-075200_M116_703,M116,d1,7,12:39:49,12:39:49,402003,39.0,3
MV_A5-Weekday-SDon-075200_M116_703,M116,d1,8,12:40:59,12:40:59,402004,39.0,4
MV_A5-Weekday-SDon-075200_M116_703,M116,d1,9,12:43:00,12:43:00,402005,50.0,4
MV_A5-Weekday-SDon-075200_M116_703,M116,d1,10,12:43:52,12:43:52,402006,47.0,3
MV_A5-Weekday-SDon-075200_M116_703,M116,d1,11,12:47:00,12:47:00,404274,33.0,3
MV_A5-Weekday-SDon-075200_M116_703,M116,d1,12,12:49:24,12:49:24,401078,18.0,2
MV_A5-Weekday-SDon-075200_M116_703,M116,d1,13,12:51:00,12:51:00,401079,18.0,2
MV_A5-Weekday-SDon-075200_M116_703,M116,d1,14,12:52:26,12:52:26,400482,17.0,2
MV_A5-Weekday-SDon-075200_M116_703,M116,d1,15,12:53:18,12:53:18,400483,9.0,2
MV_A5-Weekday-SDon-075200_M116_703,M116,d1,16,12:54:49,12:54:49,400484,17.0,2
MV_A5-Weekday-SDon-075200_M116_703,M116,d1,17,12:56:04,12:56:04,403392,15.0,1
MV_A5-Weekday-SDon-075200_M116_703,M116,d1,18,12:57:07,12:57:07,401084,15.0,1
MV_A5-Weekday-SDon-075200_M116_703,M116,d1,19,12:58:01,12:58:01,401085,8.0,1
MV_A5-Weekday-SDon-075200_M116_703,M116,d1,20,12:59:00,12:59:00,402016,8.0,1
MV_A5-Weekday-SDon-075200_M116_703,M116,d1,21,12:59:41,12:59:41,402017,7.0,1
MV_A5-Weekday-SDon-075200_M116_703,M116,d1,22,13:00:00,13:00:00,401977,7.0,1
MV_A5-Weekday-SDon-116300_M116_714,M116,d1,1,19:23:00,19:23:00,401998,2.0,1
MV_A5-Weekday-SDon-116300_M116_714,M116,d1,2,19:23:37,19:23:37,405315,11.0,1
MV_A5-Weekday-SDon-116300_M116_714,M116,d1,3,19:24:00,19:24:00,401999,15.0,2
MV_A5-Weekday-SDon-116300_M116_714,M116,d1,4,19:25:09,19:25:09,402000,19.0,2
MV_A5-Weekday-SDon-116300_M116_714,M116,d1,5,19:27:10,19:27:10,402001,21.0,2
MV_A5-Weekday-SDon-116300_M116_714,M116,d1,6,19:28:17,19:28:17,402002,21.0,2
MV_A5-Weekday-SDon-116300_M116_714,M116,d1,7,19:29:27,19:29:27,402003,21.0,2
MV_A5-Weekday-SDon-116300_M116_714,M116,d1,8,19:30:23,19:30:23,402004,19.0,2
MV_A5-Weekday-SDon-116300_M116_714,M116,d1,9,19:32:00,19:32:00,402005,19.0,2
MV_A5-Weekday-SDon-116300_M116_714,M116,d1,10,19:32:39,19:32:39,402006,21.0,2
MV_A5-Weekday-SDon-116300_M116_714,M116,d1,11,19:35:00,19:35:00,404274,18.0,2
MV_A5-Weekday-SDon-116300_M116_714,M116,d1,12,19:37:24,19:37:24,401078,15.0,1
MV_A5-Weekday-SDon-116300_M116_714,M116,d1,13,19:39:00,19:39:00,401079,15.0,1
MV_A5-Weekday-SDon-116300_M116_714,M116,d1,14,19:40:15,19:40:15,400482,15.0,1
MV_A5-Weekday-SDon-116300_M116_714,M116,d1,15,19:41:01,19:41:01,400483,9.0,1
MV_A5-Weekday-SDon-116300_M116_714,M116,d1,16,19:42:20,19:42:20,400484,11.0,1
MV_A5-Weekday-SDon-116300_M116_714,M116,d1,17,19:43:26,19:43:26,403392,11.0,1
MV_A5-Weekday-SDon-116300_M116_714,M116,d1,18,19:44:21,19:44:21,401084,7.0,1
MV_A5-Weekday-SDon-116300_M116_714,M116,d1,19,19:45:08,19:45:08,401085,3.0,1
MV_A5-Weekday-SDon-116300_M116_714,M116,d1,20,19:46:00,19:46:00,402016,9.0,1
MV_A5-Weekday-SDon-116300_M116_714,M116,d1,21,19:46:41,19:46:41,402017,9.0,1
MV_A5-Weekday-SDon-116300_M116_714,M116,d1,22,19:47:00,19:47:00,401977,9.0,1
MV_A5-Weekday-080200_M116_713,M116,d1,1,13:22:00,13:22:00,401998,5.0,2
MV_A5-Weekday-080200_M116_713,M116,d1,2,13:22:37,13:22:37,405315,17.0,2
MV_A5-Weekday-080200_M116_713,M116,d1,3,13:23:00,13:23:00,401999,17.0,2
MV_A5-Weekday-080200_M116_713,M116,d1,4,13:24:26,13:24:26,402000,20.0,2
MV_A5-Weekday-080200_M116_713,M116,d1,5,13:26:58,13:26:58,402001,22.0,2
MV_A5-Weekday-080200_M116_713,M116,d1,6,13:28:21,13:28:21,402002,22.0,2
MV_A5-Weekday-080200_M116_713,M116,d1,7,13:29:49,13:29:49,402003,24.0,3
MV_A5-Weekday-080200_M116_713,M116,d1,8,13:30:59,13:30:59,402004,45.0,3
MV_A5-Weekday-080200_M116_713,M116,d1,9,13:33:00,13:33:00,402005,47.0,3
MV_A5-Weekday-080200_M116_713,M116,d1,10,13:33:52,13:33:52,402006,47.0,3
MV_A5-Weekday-080200_M116_713,M116,d1,11,13:37:00,13:37:00,404274,38.0,3
MV_A5-Weekday-080200_M116_713,M116,d1,12,13:39:24,13:39:24,401078,24.0,2
MV_A5-Weekday-080200_M116_713,M116,d1,13,13:41:00,13:41:00,401079,8.0,1
MV_A5-Weekday-080200_M116_713,M116,d1,14,13:42:26,13:42:26,400482,8.0,1
MV_A5-Weekday-080200_M116_713,M116,d1,15,13:43:18,13:43:18,400483,7.0,1
MV_A5-Weekday-080200_M116_713,M116,d1,16,13:44:49,13:44:49,400484,11.0,1
MV_A5-Weekday-080200_M116_713,M116,d1,17,13:46:04,13:46:04,403392,7.0,1
MV_A5-Weekday-080200_M116_713,M116,d1,18,13:47:07,13:47:07,401084,10.0,1
MV_A5-Weekday-080200_M116_713,M116,d1,19,13:48:01,13:48:01,401085,4.0,1
MV_A5-Weekday-080200_M116_713,M116,d1,20,13:49:00,13:49:00,402016,4.0,1
MV_A5-Weekday-080200_M116_713,M116,d1,21,13:49:41,13:49:41,402017,2.0,1
MV_A5-Weekday-080200_M116_713,M116,d1,22,13:50:00,13:50:00,401977,2.0,1
MV_A5-Weekday-SDon-113300_M116_718,M116,d1,1,18:53:00,18:53:00,401998,5.0,2
MV_A5-Weekday-SDon-113300_M116_718,M116,d1,2,18:53:37,18:53:37,405315,22.0,2
MV_A5-Weekday-SDon-113300_M116_718,M116,d1,3,18:54:00,18:54:00,401999,28.0,2
MV_A5-Weekday-SDon-113300_M116_718,M116,d1,4,18:55:26,18:55:26,402000,27.0,2
MV_A5-Weekday-SDon-113300_M116_718,M116,d1,5,18:57:58,18:57:58,402001,27.0,3
MV_A5-Weekday-SDon-113300_M116_718,M116,d1,6,18:59:21,18:59:21,402002,42.0,3
MV_A5-Weekday-SDon-113300_M116_718,M116,d1,7,19:00:49,19:00:49,402003,20.0,3
MV_A5-Weekday-SDon-113300_M116_718,M116,d1,8,19:01:59,19:01:59,402004,42.0,3
MV_A5-Weekday-SDon-113300_M116_718,M116,d1,9,19:04:00,19:04:00,402005,48.0,3
MV_A5-Weekday-SDon-113300_M116_718,M116,d1,10,19:04:39,19:04:39,402006,42.0,3
MV_A5-Weekday-SDon-113300_M116_718,M116,d1,11,19:07:00,19:07:00,404274,31.0,2
MV_A5-Weekday-SDon-113300_M116_718,M116,d1,12,19:09:24,19:09:24,401078,31.0,2
MV_A5-Weekday-SDon-113300_M116_718,M116,d1,13,19:11:00,19:11:00,401079,16.0,1
MV_A5-Weekday-SDon-113300_M116_718,M116,d1,14,19:12:15,19:12:15,400482,10.0,1
MV_A5-Weekday-SDon-113300_M116_718,M116,d1,15,19:13:01,19:13:01,400483,10.0,1
MV_A5-Weekday-SDon-113300_M116_718,M116,d1,16,19:14:20,19:14:20,400484,13.0,1
MV_A5-Weekday-SDon-113300_M116_718,M116,d1,17,19:15:26,19:15:26,403392,13.0,1
MV_A5-Weekday-SDon-113300_M116_718,M116,d1,18,19:16:21,19:16:21,401084,11.0,1
MV_A5-Weekday-SDon-113300_M116_718,M116,d1,19,19:17:08,19:17:08,401085,7.0,1
MV_A5-Weekday-SDon-113300_M116_718,M116,d1,20,19:18:00,19:18:00,402016,5.0,1
MV_A5-Weekday-SDon-113300_M116_718,M116,d1,21,19:18:41,19:18:41,402017,5.0,1
MV_A5-Weekday-SDon-113300_M116_718,M116,d1,22,19:19:00,19:19:00,401977,5.0,1
MV_A5-Weekday-SDon-059200_M116_710,M116,d1,1,9:52:00,9:52:00,401998,13.0,1
MV_A5-Weekday-SDon-059200_M116_710,M116,d1,2,9:52:37,9:52:37,405315,16.0,1
MV_A5-Weekday-SDon-059200_M116_710,M116,d1,3,9:53:00,9:53:00,401999,16.0,2
MV_A5-Weekday-SDon-059200_M116_710,M116,d1,4,9:54:26,9:54:26,402000,31.0,2
MV_A5-Weekday-SDon-059200_M116_710,M116,d1,5,9:56:58,9:56:58,402001,23.0,3
MV_A5-Weekday-SDon-059200_M116_710,M116,d1,6,9:58:21,9:58:21,402002,37.0,3
MV_A5-Weekday-SDon-059200_M116_710,M116,d1,7,9:59:49,9:59:49,402003,23.0,3
MV_A5-Weekday-SDon-059200_M116_710,M116,d1,8,10:00:59,10:00:59,402004,40.0,3
MV_A5-Weekday-SDon-059200_M116_710,M116,d1,9,10:03:00,10:03:00,402005,27.0,2
MV_A5-Weekday-SDon-059200_M116_710,M116,d1,10,10:03:52,10:03:52,402006,25.0,2
MV_A5-Weekday-SDon-059200_M116_710,M116,d1,11,10:07:00,10:07:00,404274,25.0,2
MV_A5-Weekday-SDon-059200_M116_710,M116,d1,12,10:09:24,10:09:24,401078,10.0,1
MV_A5-Weekday-SDon-059200_M116_710,M116,d1,13,10:11:00,10:11:00,401079,11.0,2
MV_A5-Weekday-SDon-059200_M116_710,M116,d1,14,10:12:26,10:12:26,400482,19.0,2
MV_A5-Weekday-SDon-059200_M116_710,M116,d1,15,10:13:18,10:13:18,400483,11.0,2
MV_A5-Weekday-SDon-059200_M116_710,M116,d1,16,10:14:49,10:14:49,400484,20.0,2
MV_A5-Weekday-SDon-059200_M116_710,M116,d1,17,10:16:04,10:16:04,403392,3.0,2
MV_A5-Weekday-SDon-059200_M116_710,M116,d1,18,10:17:07,10:17:07,401084,20.0,2
MV_A5-Weekday-SDon-059200_M116_710,M116,d1,19,10:18:01,10:18:01,401085,22.0,2
MV_A5-Weekday-SDon-059200_M116_710,M116,d1,20,10:19:00,10:19:00,402016,18.0,2
MV_A5-Weekday-SDon-059200_M116_710,M116,d1,21,10:19:41,10:19:41,402017,10.0,1
MV_A5-Weekday-SDon-059200_M116_710,M116,d1,22,10:20:00,10:20:00,401977,10.0,1
MV_A5-Weekday-099500_M116_711,M116,d1,1,16:35:00,16:35:00,404135,12.0,1
MV_A5-Weekday-099500_M116_711,M116,d1,2,16:36:23,16:36:23,401305,12.0,1
MV_A5-Weekday-099500_M116_711,M116,d1,3,16:37:10,16:37:10,401306,16.0,1
MV_A5-Weekday-099500_M116_711,M116,d1,4,16:38:27,16:38:27,401307,16.0,1
MV_A5-Weekday-099500_M116_711,M116,d1,5,16:39:30,16:39:30,401308,16.0,1
MV_A5-Weekday-099500_M116_711,M116,d1,6,16:41:32,16:41:32,404824,16.0,1
MV_A5-Weekday-099500_M116_711,M116,d1,7,16:42:55,16:42:55,401310,16.0,1
MV_A5-Weekday-099500_M116_711,M116,d1,8,16:44:46,16:44:46,401311,16.0,1
MV_A5-Weekday-099500_M116_711,M116,d1,9,16:46:00,16:46:00,401312,16.0,1
MV_A5-Weekday-099500_M116_711,M116,d1,10,16:47:14,16:47:14,401313,16.0,1
MV_A5-Weekday-099500_M116_711,M116,d1,11,16:49:12,16:49:12,401314,11.0,1
MV_A5-Weekday-099500_M116_711,M116,d1,12,16:50:28,16:50:28,401315,11.0,1
MV_A5-Weekday-099500_M116_711,M116,d1,13,16:52:33,16:52:33,401317,11.0,1
MV_A5-Weekday-099500_M116_711,M116,d1,14,16:53:29,16:53:29,403276,7.0,1
MV_A5-Weekday-099500_M116_711,M116,d1,15,16:55:00,16:55:00,401318,8.0,1
MV_A5-Weekday-099500_M116_711,M116,d1,16,16:57:46,16:57:46,405289,8.0,1
MV_A5-Weekday-099500_M116_711,M116,d1,17,16:59:08,16:59:08,404245,8.0,1
MV_A5-Weekday-099500_M116_711,M116,d1,18,17:01:00,17:01:00,404915,8.0,1
MV_A5-Weekday-099500_M116_711,M116,d1,19,17:01:50,17:01:50,405247,8.0,1
MV_A5-Weekday-099500_M116_711,M116,d1,20,17:03:12,17:03:12,401324,6.0,1
MV_A5-Weekday-099500_M116_711,M116,d1,21,17:05:37,17:05:37,401326,6.0,1
MV_A5-Weekday-099500_M116_711,M116,d1,22,17:06:40,17:06:40,401327,6.0,1
MV_A5-Weekday-099500_M116_711,M116,d1,23,17:07:55,17:07:55,401328,5.0,1
MV_A5-Weekday-099500_M116_711,M116,d1,24,17:09:01,17:09:01,401329,14.0,1
MV_A5-Weekday-099500_M116_711,M116,d1,25,17:10:10,17:10:10,401330,14.0,1
MV_A5-Weekday-099500_M116_711,M116,d1,26,17:11:39,17:11:39,401331,14.0,1
MV_A5-Weekday-099500_M116_711,M116,d1,27,17:13:33,17:13:33,401333,14.0,1
MV_A5-Weekday-099500_M116_711,M116,d1,28,17:14:37,17:14:37,401334,14.0,1
MV_A5-Weekday-099500_M116_711,M116,d1,29,17:15:44,17:15:44,401335,12.0,1
MV_A5-Weekday-099500_M116_711,M116,d1,30,17:16:40,17:16:40,401336,12.0,1
MV_A5-Weekday-099500_M116_711,M116,d1,31,17:18:00,17:18:00,401337,9.0,1
MV_A5-Weekday-099500_M116_711,M116,d1,32,17:19:09,17:19:09,401338,11.0,1
MV_A5-Weekday-099500_M116_711,M116,d1,33,17:20:46,17:20:46,401339,11.0,1
MV_A5-Weekday-099500_M116_711,M116,d1,34,17:21:59,17:21:59,404136,11.0,1
MV_A5-Weekday-099500_M116_711,M116,d1,35,17:23:06,17:23:06,401341,11.0,1
MV_A5-Weekday-099500_M116_711,M116,d1,36,17:24:50,17:24:50,401342,11.0,1
MV_A5-Weekday-099500_M116_711,M116,d1,37,17:26:03,17:26:03,401343,11.0,1
MV_A5-Weekday-099500_M116_711,M116,d1,38,17:27:14,17:27:14,401344,11.0,1
MV_A5-Weekday-099500_M116_711,M116,d1,39,17:28:22,17:28:22,401345,11.0,1
MV_A5-Weekday-099500_M116_711,M116,d1,40,17:29:29,17:29:29,404987,11.0,1
MV_A5-Weekday-099500_M116_711,M116,d1,41,17:30:36,17:30:36,404988,4.0,1
MV_A5-Weekday-099500_M116_711,M116,d1,42,17:33:00,17:33:00,401348,4.0,1
MV_A5-Weekday-099500_M116_711,M116,d1,43,17:33:35,17:33:35,400860,4.0,1
MV_A5-Weekday-099500_M116_711,M116,d1,44,17:34:20,17:34:20,400861,4.0,1
MV_A5-Weekday-099500_M116_711,M116,d1,45,17:35:00,17:35:00,405376,4.0,1
MV_A5-Weekday-097100_M116_716,M116,d1,1,16:11:00,16:11:00,401998,34.0,3
MV_A5-Weekday-097100_M116_716,M116,d1,2,16:11:37,16:11:37,405315,34.0,3
MV_A5-Weekday-097100_M116_716,M116,d1,3,16:12:00,16:12:00,401999,34.0,3
MV_A5-Weekday-097100_M116_716,M116,d1,4,16:13:26,16:13:26,402000,34.0,3
MV_A5-Weekday-097100_M116_716,M116,d1,5,16:15:58,16:15:58,402001,37.0,3
MV_A5-Weekday-097100_M116_716,M116,d1,6,16:17:21,16:17:21,402002,37.0,3
MV_A5-Weekday-097100_M116_716,M116,d1,7,16:18:49,16:18:49,402003,36.0,3
MV_A5-Weekday-097100_M116_716,M116,d1,8,16:19:59,16:19:59,402004,36.0,3
MV_A5-Weekday-097100_M116_716,M116,d1,9,16:22:00,16:22:00,402005,36.0,3
MV_A5-Weekday-097100_M116_716,M116,d1,10,16:22:52,16:22:52,402006,36.0,3
MV_A5-Weekday-097100_M116_716,M116,d1,11,16:26:00,16:26:00,404274,36.0,3
MV_A5-Weekday-097100_M116_716,M116,d1,12,16:28:24,16:28:24,401078,15.0,1
MV_A5-Weekday-097100_M116_716,M116,d1,13,16:30:00,16:30:00,401079,11.0,1
MV_A5-Weekday-097100_M116_716,M116,d1,14,16:31:26,16:31:26,400482,11.0,1
MV_A5-Weekday-097100_M116_716,M116,d1,15,16:32:18,16:32:18,400483,2.0,1
MV_A5-Weekday-097100_M116_716,M116,d1,16,16:33:49,16:33:49,400484,4.0,1
MV_A5-Weekday-097100_M116_716,M116,d1,17,16:35:04,16:35:04,403392,4.0,1
MV_A5-Weekday-097100_M116_716,M116,d1,18,16:36:07,16:36:07,401084,4.0,1
MV_A5-Weekday-097100_M116_716,M116,d1,19,16:37:01,16:37:01,401085,4.0,1
MV_A5-Weekday-097100_M116_716,M116,d1,20,16:38:00,16:38:00,402016,4.0,1
MV_A5-Weekday-097100_M116_716,M116,d1,21,16:38:41,16:38:41,402017,4.0,1
MV_A5-Weekday-097100_M116_716,M116,d1,22,16:39:00,16:39:00,401977,4.0,1
MV_A5-Weekday-SDon-116500_M116_712,M116,d1,1,19:25:00,19:25:00,404135,7.0,1
MV_A5-Weekday-SDon-116500_M116_712,M116,d1,2,19:26:11,19:26:11,401305,10.0,1
MV_A5-Weekday-SDon-116500_M116_712,M116,d1,3,19:26:51,19:26:51,401306,11.0,1
MV_A5-Weekday-SDon-116500_M116_712,M116,d1,4,19:27:56,19:27:56,401307,11.0,1
MV_A5-Weekday-SDon-116500_M116_712,M116,d1,5,19:28:49,19:28:49,401308,14.0,1
MV_A5-Weekday-SDon-116500_M116_712,M116,d1,6,19:30:33,19:30:33,404824,14.0,2
MV_A5-Weekday-SDon-116500_M116_712,M116,d1,7,19:31:44,19:31:44,401310,22.0,2
MV_A5-Weekday-SDon-116500_M116_712,M116,d1,8,19:33:18,19:33:18,401311,24.0,2
MV_A5-Weekday-SDon-116500_M116_712,M116,d1,9,19:34:21,19:34:21,401312,10.0,1
MV_A5-Weekday-SDon-116500_M116_712,M116,d1,10,19:35:24,19:35:24,401313,10.0,1
MV_A5-Weekday-SDon-116500_M116_712,M116,d1,11,19:37:04,19:37:04,401314,10.0,2
MV_A5-Weekday-SDon-116500_M116_712,M116,d1,12,19:38:09,19:38:09,401315,21.0,2
MV_A5-Weekday-SDon-116500_M116_712,M116,d1,13,19:39:55,19:39:55,401317,17.0,2
MV_A5-Weekday-SDon-116500_M116_712,M116,d1,14,19:40:43,19:40:43,403276,21.0,2
MV_A5-Weekday-SDon-116500_M116_712,M116,d1,15,19:42:00,19:42:00,401318,19.0,2
MV_A5-Weekday-SDon-116500_M116_712,M116,d1,16,19:44:18,19:44:18,405289,17.0,2
MV_A5-Weekday-SDon-116500_M116_712,M116,d1,17,19:45:26,19:45:26,404245,10.0,2
MV_A5-Weekday-SDon-116500_M116_712,M116,d1,18,19:47:00,19:47:00,404915,17.0,2
MV_A5-Weekday-SDon-116500_M116_712,M116,d1,19,19:47:42,19:47:42,405247,5.0,1
MV_A5-Weekday-SDon-116500_M116_712,M116,d1,20,19:48:49,19:48:49,401324,6.0,1
MV_A5-Weekday-SDon-116500_M116_712,M116,d1,21,19:50:48,19:50:48,401326,8.0,1
MV_A5-Weekday-SDon-116500_M116_712,M116,d1,22,19:51:40,19:51:40,401327,8.0,1
MV_A5-Weekday-SDon-116500_M116_712,M116,d1,23,19:52:42,19:52:42,401328,5.0,1
MV_A5-Weekday-SDon-116500_M116_712,M116,d1,24,19:53:36,19:53:36,401329,8.0,1
MV_A5-Weekday-SDon-116500_M116_712,M116,d1,25,19:54:33,19:54:33,401330,5.0,1
MV_A5-Weekday-SDon-116500_M116_712,M116,d1,26,19:55:46,19:55:46,401331,7.0,1
MV_A5-Weekday-SDon-116500_M116_712,M116,d1,27,19:57:20,19:57:20,401333,7.0,1
MV_A5-Weekday-SDon-116500_M116_712,M116,d1,28,19:58:13,19:58:13,401334,1.0,1
MV_A5-Weekday-SDon-116500_M116_712,M116,d1,29,19:59:08,19:59:08,401335,6.0,1
MV_A5-Weekday-SDon-116500_M116_712,M116,d1,30,19:59:54,19:59:54,401336,6.0,1
MV_A5-Weekday-SDon-116500_M116_712,M116,d1,31,20:01:00,20:01:00,401337,7.0,1
MV_A5-Weekday-SDon-116500_M116_712,M116,d1,32,20:01:46,20:01:46,401338,7.0,1
MV_A5-Weekday-SDon-116500_M116_712,M116,d1,33,20:02:51,20:02:51,401339,1.0,1
MV_A5-Weekday-SDon-116500_M116_712,M116,d1,34,20:03:39,20:03:39,404136,7.0,1
MV_A5-Weekday-SDon-116500_M116_712,M116,d1,35,20:04:24,20:04:24,401341,7.0,1
MV_A5-Weekday-SDon-116500_M116_712,M116,d1,36,20:05:33,20:05:33,401342,7.0,1
MV_A5-Weekday-SDon-116500_M116_712,M116,d1,37,20:06:22,20:06:22,401343,1.0,1
MV_A5-Weekday-SDon-116500_M116_712,M116,d1,38,20:07:09,20:07:09,401344,1.0,1
MV_A5-Weekday-SDon-116500_M116_712,M116,d1,39,20:07:54,20:07:54,401345,1.0,1
MV_A5-Weekday-SDon-116500_M116_712,M116,d1,40,20:08:40,20:08:40,404987,7.0,1
MV_A5-Weekday-SDon-116500_M116_712,M116,d1,41,20:09:24,20:09:24,404988,7.0,1
MV_A5-Weekday-SDon-116500_M116_712,M116,d1,42,20:11:00,20:11:00,401348,7.0,1
MV_A5-Weekday-SDon-116500_M116_712,M116,d1,43,20:11:35,20:11:35,400860,7.0,1
MV_A5-Weekday-SDon-116500_M116_712,M116,d1,44,20:12:20,20:12:20,400861,7.0,1
MV_A5-Weekday-SDon-116500_M116_712,M116,d1,45,20:13:00,20:13:00,405376,7.0,1
MV_A5-Weekday-SDon-065600_M116_701,M116,d1,1,10:56:00,10:56:00,404135,4.0,2
MV_A5-Weekday-SDon-065600_M116_701,M116,d1,2,10:57:19,10:57:19,401305,22.0,2
MV_A5-Weekday-SDon-065600_M116_701,M116,d1,3,10:58:04,10:58:04,401306,14.0,2
MV_A5-Weekday-SDon-065600_M116_701,M116,d1,4,10:59:17,10:59:17,401307,24.0,2
MV_A5-Weekday-SDon-065600_M116_701,M116,d1,5,11:00:16,11:00:16,401308,29.0,2
MV_A5-Weekday-SDon-065600_M116_701,M116,d1,6,11:02:13,11:02:13,404824,21.0,2
MV_A5-Weekday-SDon-065600_M116_701,M116,d1,7,11:03:32,11:03:32,401310,26.0,2
MV_A5-Weekday-SDon-065600_M116_701,M116,d1,8,11:05:17,11:05:17,401311,25.0,2
MV_A5-Weekday-SDon-065600_M116_701,M116,d1,9,11:06:27,11:06:27,401312,26.0,2
MV_A5-Weekday-SDon-065600_M116_701,M116,d1,10,11:07:37,11:07:37,401313,29.0,2
MV_A5-Weekday-SDon-065600_M116_701,M116,d1,11,11:09:29,11:09:29,401314,32.0,3
MV_A5-Weekday-SDon-065600_M116_701,M116,d1,12,11:10:42,11:10:42,401315,33.0,3
MV_A5-Weekday-SDon-065600_M116_701,M116,d1,13,11:12:40,11:12:40,401317,33.0,3
MV_A5-Weekday-SDon-065600_M116_701,M116,d1,14,11:13:33,11:13:33,403276,33.0,3
MV_A5-Weekday-SDon-065600_M116_701,M116,d1,15,11:15:00,11:15:00,401318,19.0,2
MV_A5-Weekday-SDon-065600_M116_701,M116,d1,16,11:17:18,11:17:18,405289,20.0,2
MV_A5-Weekday-SDon-065600_M116_701,M116,d1,17,11:18:26,11:18:26,404245,16.0,1
MV_A5-Weekday-SDon-065600_M116_701,M116,d1,18,11:20:00,11:20:00,404915,16.0,1
MV_A5-Weekday-SDon-065600_M116_701,M116,d1,19,11:20:50,11:20:50,405247,14.0,1
MV_A5-Weekday-SDon-065600_M116_701,M116,d1,20,11:22:12,11:22:12,401324,14.0,1
MV_A5-Weekday-SDon-065600_M116_701,M116,d1,21,11:24:37,11:24:37,401326,13.0,1
MV_A5-Weekday-SDon-065600_M116_701,M116,d1,22,11:25:40,11:25:40,401327,12.0,1
MV_A5-Weekday-SDon-065600_M116_701,M116,d1,23,11:26:55,11:26:55,401328,13.0,1
MV_A5-Weekday-SDon-065600_M116_701,M116,d1,24,11:28:01,11:28:01,401329,13.0,1
MV_A5-Weekday-SDon-065600_M116_701,M116,d1,25,11:29:10,11:29:10,401330,5.0,1
MV_A5-Weekday-SDon-065600_M116_701,M116,d1,26,11:30:39,11:30:39,401331,13.0,1
MV_A5-Weekday-SDon-065600_M116_701,M116,d1,27,11:32:33,11:32:33,401333,14.0,1
MV_A5-Weekday-SDon-065600_M116_701,M116,d1,28,11:33:37,11:33:37,401334,15.0,1
MV_A5-Weekday-SDon-065600_M116_701,M116,d1,29,11:34:44,11:34:44,401335,10.0,2
MV_A5-Weekday-SDon-065600_M116_701,M116,d1,30,11:35:40,11:35:40,401336,17.0,2
MV_A5-Weekday-SDon-065600_M116_701,M116,d1,31,11:37:00,11:37:00,401337,17.0,2
MV_A5-Weekday-SDon-065600_M116_701,M116,d1,32,11:38:05,11:38:05,401338,11.0,1
MV_A5-Weekday-SDon-065600_M116_701,M116,d1,33,11:39:35,11:39:35,401339,15.0,1
MV_A5-Weekday-SDon-065600_M116_701,M116,d1,34,11:40:43,11:40:43,404136,5.0,1
MV_A5-Weekday-SDon-065600_M116_701,M116,d1,35,11:41:45,11:41:45,401341,12.0,1
MV_A5-Weekday-SDon-065600_M116_701,M116,d1,36,11:43:23,11:43:23,401342,15.0,1
MV_A5-Weekday-SDon-065600_M116_701,M116,d1,37,11:44:31,11:44:31,401343,5.0,1
MV_A5-Weekday-SDon-065600_M116_701,M116,d1,38,11:45:37,11:45:37,401344,11.0,1
MV_A5-Weekday-SDon-065600_M116_701,M116,d1,39,11:46:40,11:46:40,401345,11.0,1
MV_A5-Weekday-SDon-065600_M116_701,M116,d1,40,11:47:43,11:47:43,404987,4.0,1
MV_A5-Weekday-SDon-065600_M116_701,M116,d1,41,11:48:46,11:48:46,404988,10.0,1
MV_A5-Weekday-SDon-065600_M116_701,M116,d1,42,11:51:00,11:51:00,401348,7.0,1
MV_A5-Weekday-SDon-065600_M116_701,M116,d1,43,11:51:35,11:51:35,400860,9.0,1
MV_A5-Weekday-SDon-065600_M116_701,M116,d1,44,11:52:20,11:52:20,400861,9.0,1
MV_A5-Weekday-SDon-065600_M116_701,M116,d1,45,11:53:00,11:53:00,405376,9.0,1
MV_A5-Weekday-109900_M116_709,M116,d1,1,18:19:00,18:19:00,401998,4.0,1
MV_A5-Weekday-109900_M116_709,M116,d1,2,18:19:37,18:19:37,405315,4.0,2
MV_A5-Weekday-109900_M116_709,M116,d1,3,18:20:00,18:20:00,401999,27.0,2
MV_A5-Weekday-109900_M116_709,M116,d1,4,18:21:26,18:21:26,402000,14.0,2
MV_A5-Weekday-109900_M116_709,M116,d1,5,18:23:58,18:23:58,402001,28.0,3
MV_A5-Weekday-109900_M116_709,M116,d1,6,18:25:21,18:25:21,402002,40.0,3
MV_A5-Weekday-109900_M116_709,M116,d1,7,18:26:49,18:26:49,402003,40.0,3
MV_A5-Weekday-109900_M116_709,M116,d1,8,18:27:59,18:27:59,402004,37.0,3
MV_A5-Weekday-109900_M116_709,M116,d1,9,18:30:00,18:30:00,402005,33.0,3
MV_A5-Weekday-109900_M116_709,M116,d1,10,18:30:52,18:30:52,402006,30.0,2
MV_A5-Weekday-109900_M116_709,M116,d1,11,18:34:00,18:34:00,404274,23.0,2
MV_A5-Weekday-109900_M116_709,M116,d1,12,18:36:24,18:36:24,401078,19.0,2
MV_A5-Weekday-109900_M116_709,M116,d1,13,18:38:00,18:38:00,401079,18.0,2
MV_A5-Weekday-109900_M116_709,M116,d1,14,18:39:26,18:39:26,400482,8.0,1
MV_A5-Weekday-109900_M116_709,M116,d1,15,18:40:18,18:40:18,400483,10.0,1
MV_A5-Weekday-109900_M116_709,M116,d1,16,18:41:49,18:41:49,400484,8.0,1
MV_A5-Weekday-109900_M116_709,M116,d1,17,18:43:04,18:43:04,403392,16.0,1
MV_A5-Weekday-109900_M116_709,M116,d1,18,18:44:07,18:44:07,401084,14.0,1
MV_A5-Weekday-109900_M116_709,M116,d1,19,18:45:01,18:45:01,401085,3.0,1
MV_A5-Weekday-109900_M116_709,M116,d1,20,18:46:00,18:46:00,402016,1.0,1
MV_A5-Weekday-109900_M116_709,M116,d1,21,18:46:41,18:46:41,402017,4.0,1
MV_A5-Weekday-109900_M116_709,M116,d1,22,18:47:00,18:47:00,401977,4.0,1
MV_A5-Weekday-SDon-106000_M116_715,M116,d1,1,17:40:00,17:40:00,401998,4.0,1
MV_A5-Weekday-SDon-106000_M116_715,M116,d1,2,17:40:37,17:40:37,405315,3.0,2
MV_A5-Weekday-SDon-106000_M116_715,M116,d1,3,17:41:00,17:41:00,401999,19.0,2
MV_A5-Weekday-SDon-106000_M116_715,M116,d1,4,17:42:26,17:42:26,402000,19.0,3
MV_A5-Weekday-SDon-106000_M116_715,M116,d1,5,17:44:58,17:44:58,402001,35.0,3
MV_A5-Weekday-SDon-106000_M116_715,M116,d1,6,17:46:21,17:46:21,402002,35.0,3
MV_A5-Weekday-SDon-106000_M116_715,M116,d1,7,17:47:49,17:47:49,402003,42.0,3
MV_A5-Weekday-SDon-106000_M116_715,M116,d1,8,17:48:59,17:48:59,402004,42.0,3
MV_A5-Weekday-SDon-106000_M116_715,M116,d1,9,17:51:00,17:51:00,402005,40.0,3
MV_A5-Weekday-SDon-106000_M116_715,M116,d1,10,17:51:52,17:51:52,402006,27.0,3
MV_A5-Weekday-SDon-106000_M116_715,M116,d1,11,17:55:00,17:55:00,404274,34.0,3
MV_A5-Weekday-SDon-106000_M116_715,M116,d1,12,17:57:24,17:57:24,401078,23.0,2
MV_A5-Weekday-SDon-106000_M116_715,M116,d1,13,17:59:00,17:59:00,401079,13.0,1
MV_A5-Weekday-SDon-106000_M116_715,M116,d1,14,18:00:26,18:00:26,400482,12.0,1
MV_A5-Weekday-SDon-106000_M116_715,M116,d1,15,18:01:18,18:01:18,400483,12.0,1
MV_A5-Weekday-SDon-106000_M116_715,M116,d1,16,18:02:49,18:02:49,400484,8.0,1
MV_A5-Weekday-SDon-106000_M116_715,M116,d1,17,18:04:04,18:04:04,403392,8.0,1
MV_A5-Weekday-SDon-106000_M116_715,M116,d1,18,18:05:07,18:05:07,401084,6.0,1
MV_A5-Weekday-SDon-106000_M116_715,M116,d1,19,18:06:01,18:06:01,401085,5.0,1
MV_A5-Weekday-SDon-106000_M116_715,M116,d1,20,18:07:00,18:07:00,402016,5.0,1
MV_A5-Weekday-SDon-106000_M116_715,M116,d1,21,18:07:41,18:07:41,402017,5.0,1
MV_A5-Weekday-SDon-106000_M116_715,M116,d1,22,18:08:00,18:08:00,401977,5.0,1
MV_A5-Weekday-SDon-042000_M116_X01,M116,d1,1,7:00:00,7:00:00,401998,14.0,1
MV_A5-Weekday-SDon-042000_M116_X01,M116,d1,2,7:00:37,7:00:37,405315,14.0,2
MV_A5-Weekday-SDon-042000_M116_X01,M116,d1,3,7:01:00,7:01:00,401999,19.0,2
MV_A5-Weekday-SDon-042000_M116_X01,M116,d1,4,7:02:09,7:02:09,402000,29.0,2
MV_A5-Weekday-SDon-042000_M116_X01,M116,d1,5,7:04:10,7:04:10,402001,29.0,2
MV_A5-Weekday-SDon-042000_M116_X01,M116,d1,6,7:05:17,7:05:17,402002,29.0,2
MV_A5-Weekday-SDon-042000_M116_X01,M116,d1,7,7:06:27,7:06:27,402003,29.0,2
MV_A5-Weekday-SDon-042000_M116_X01,M116,d1,8,7:07:23,7:07:23,402004,21.0,2
MV_A5-Weekday-SDon-042000_M116_X01,M116,d1,9,7:09:00,7:09:00,402005,21.0,2
MV_A5-Weekday-SDon-042000_M116_X01,M116,d1,10,7:09:39,7:09:39,402006,21.0,2
MV_A5-Weekday-SDon-042000_M116_X01,M116,d1,11,7:12:00,7:12:00,404274,21.0,2
MV_A5-Weekday-SDon-042000_M116_X01,M116,d1,12,7:13:48,7:13:48,401078,21.0,2
MV_A5-Weekday-SDon-042000_M116_X01,M116,d1,13,7:15:00,7:15:00,401079,21.0,2
MV_A5-Weekday-SDon-042000_M116_X01,M116,d1,14,7:16:26,7:16:26,400482,21.0,2
MV_A5-Weekday-SDon-042000_M116_X01,M116,d1,15,7:17:18,7:17:18,400483,21.0,2
MV_A5-Weekday-SDon-042000_M116_X01,M116,d1,16,7:18:49,7:18:49,400484,21.0,2
MV_A5-Weekday-SDon-042000_M116_X01,M116,d1,17,7:20:04,7:20:04,403392,21.0,2
MV_A5-Weekday-SDon-042000_M116_X01,M116,d1,18,7:21:07,7:21:07,401084,21.0,2
MV_A5-Weekday-SDon-042000_M116_X01,M116,d1,19,7:22:01,7:22:01,401085,21.0,2
MV_A5-Weekday-SDon-042000_M116_X01,M116,d1,20,7:23:00,7:23:00,402016,21.0,2
MV_A5-Weekday-SDon-042000_M116_X01,M116,d1,21,7:23:41,7:23:41,402017,21.0,2
MV_A5-Weekday-SDon-042000_M116_X01,M116,d1,22,7:24:00,7:24:00,401977,21.0,2
MV_A5-Weekday-066200_M116_702,M116,d1,1,11:02:00,11:02:00,401998,4.0,1
MV_A5-Weekday-066200_M116_702,M116,d1,2,11:02:37,11:02:37,405315,3.0,2
MV_A5-Weekday-066200_M116_702,M116,d1,3,11:03:00,11:03:00,401999,25.0,2
MV_A5-Weekday-066200_M116_702,M116,d1,4,11:04:26,11:04:26,402000,13.0,3
MV_A5-Weekday-066200_M116_702,M116,d1,5,11:06:58,11:06:58,402001,43.0,3
MV_A5-Weekday-066200_M116_702,M116,d1,6,11:08:21,11:08:21,402002,43.0,3
MV_A5-Weekday-066200_M116_702,M116,d1,7,11:09:49,11:09:49,402003,43.0,3
MV_A5-Weekday-066200_M116_702,M116,d1,8,11:10:59,11:10:59,402004,39.0,3
MV_A5-Weekday-066200_M116_702,M116,d1,9,11:13:00,11:13:00,402005,41.0,3
MV_A5-Weekday-066200_M116_702,M116,d1,10,11:13:52,11:13:52,402006,41.0,3
MV_A5-Weekday-066200_M116_702,M116,d1,11,11:17:00,11:17:00,404274,30.0,2
MV_A5-Weekday-066200_M116_702,M116,d1,12,11:19:24,11:19:24,401078,24.0,2
MV_A5-Weekday-066200_M116_702,M116,d1,13,11:21:00,11:21:00,401079,24.0,2
MV_A5-Weekday-066200_M116_702,M116,d1,14,11:22:26,11:22:26,400482,10.0,1
MV_A5-Weekday-066200_M116_702,M116,d1,15,11:23:18,11:23:18,400483,10.0,1
MV_A5-Weekday-066200_M116_702,M116,d1,16,11:24:49,11:24:49,400484,7.0,1
MV_A5-Weekday-066200_M116_702,M116,d1,17,11:26:04,11:26:04,403392,8.0,1
MV_A5-Weekday-066200_M116_702,M116,d1,18,11:27:07,11:27:07,401084,4.0,1
MV_A5-Weekday-066200_M116_702,M116,d1,19,11:28:01,11:28:01,401085,2.0,1
MV_A5-Weekday-066200_M116_702,M116,d1,20,11:29:00,11:29:00,402016,4.0,1
MV_A5-Weekday-066200_M116_702,M116,d1,21,11:29:41,11:29:41,402017,2.0,1
MV_A5-Weekday-066200_M116_702,M116,d1,22,11:30:00,11:30:00,401977,2.0,1
MV_A5-Weekday-078200_M116_705,M116,d1,1,13:02:00,13:02:00,401998,3.0,1
MV_A5-Weekday-078200_M116_705,M116,d1,2,13:02:37,13:02:37,405315,13.0,2
MV_A5-Weekday-078200_M116_705,M116,d1,3,13:03:00,13:03:00,401999,23.0,2
MV_A5-Weekday-078200_M116_705,M116,d1,4,13:04:26,13:04:26,402000,24.0,3
MV_A5-Weekday-078200_M116_705,M116,d1,5,13:06:58,13:06:58,402001,45.0,3
MV_A5-Weekday-078200_M116_705,M116,d1,6,13:08:21,13:08:21,402002,45.0,3
MV_A5-Weekday-078200_M116_705,M116,d1,7,13:09:49,13:09:49,402003,17.0,3
MV_A5-Weekday-078200_M116_705,M116,d1,8,13:10:59,13:10:59,402004,45.0,3
MV_A5-Weekday-078200_M116_705,M116,d1,9,13:13:00,13:13:00,402005,42.0,3
MV_A5-Weekday-078200_M116_705,M116,d1,10,13:13:52,13:13:52,402006,30.0,2
MV_A5-Weekday-078200_M116_705,M116,d1,11,13:17:00,13:17:00,404274,25.0,2
MV_A5-Weekday-078200_M116_705,M116,d1,12,13:19:24,13:19:24,401078,25.0,2
MV_A5-Weekday-078200_M116_705,M116,d1,13,13:21:00,13:21:00,401079,12.0,1
MV_A5-Weekday-078200_M116_705,M116,d1,14,13:22:26,13:22:26,400482,11.0,1
MV_A5-Weekday-078200_M116_705,M116,d1,15,13:23:18,13:23:18,400483,11.0,1
MV_A5-Weekday-078200_M116_705,M116,d1,16,13:24:49,13:24:49,400484,11.0,1
MV_A5-Weekday-078200_M116_705,M116,d1,17,13:26:04,13:26:04,403392,9.0,1
MV_A5-Weekday-078200_M116_705,M116,d1,18,13:27:07,13:27:07,401084,9.0,1
MV_A5-Weekday-078200_M116_705,M116,d1,19,13:28:01,13:28:01,401085,9.0,1
MV_A5-Weekday-078200_M116_705,M116,d1,20,13:29:00,13:29:00,402016,9.0,1
MV_A5-Weekday-078200_M116_705,M116,d1,21,13:29:41,13:29:41,402017,4.0,1
MV_A5-Weekday-078200_M116_705,M116,d1,22,13:30:00,13:30:00,401977,4.0,1
MV_A5-Weekday-092800_M116_709,M116,d1,1,15:28:00,15:28:00,401998,3.0,1
MV_A5-Weekday-092800_M116_709,M116,d1,2,15:28:37,15:28:37,405315,16.0,2
MV_A5-Weekday-092800_M116_709,M116,d1,3,15:29:00,15:29:00,401999,21.0,3
MV_A5-Weekday-092800_M116_709,M116,d1,4,15:30:26,15:30:26,402000,34.0,3
MV_A5-Weekday-092800_M116_709,M116,d1,5,15:32:58,15:32:58,402001,19.0,2
MV_A5-Weekday-092800_M116_709,M116,d1,6,15:34:21,15:34:21,402002,23.0,2
MV_A5-Weekday-092800_M116_709,M116,d1,7,15:35:49,15:35:49,402003,21.0,2
MV_A5-Weekday-092800_M116_709,M116,d1,8,15:36:59,15:36:59,402004,32.0,2
MV_A5-Weekday-092800_M116_709,M116,d1,9,15:39:00,15:39:00,402005,23.0,3
MV_A5-Weekday-092800_M116_709,M116,d1,10,15:39:52,15:39:52,402006,34.0,3
MV_A5-Weekday-092800_M116_709,M116,d1,11,15:43:00,15:43:00,404274,23.0,2
MV_A5-Weekday-092800_M116_709,M116,d1,12,15:45:24,15:45:24,401078,12.0,1
MV_A5-Weekday-092800_M116_709,M116,d1,13,15:47:00,15:47:00,401079,11.0,1
MV_A5-Weekday-092800_M116_709,M116,d1,14,15:48:26,15:48:26,400482,11.0,1
MV_A5-Weekday-092800_M116_709,M116,d1,15,15:49:18,15:49:18,400483,11.0,1
MV_A5-Weekday-092800_M116_709,M116,d1,16,15:50:49,15:50:49,400484,10.0,1
MV_A5-Weekday-092800_M116_709,M116,d1,17,15:52:04,15:52:04,403392,6.0,1
MV_A5-Weekday-092800_M116_709,M116,d1,18,15:53:07,15:53:07,401084,6.0,1
MV_A5-Weekday-092800_M116_709,M116,d1,19,15:54:01,15:54:01,401085,6.0,1
MV_A5-Weekday-092800_M116_709,M116,d1,20,15:55:00,15:55:00,402016,2.0,1
MV_A5-Weekday-092800_M116_709,M116,d1,21,15:55:41,15:55:41,402017,6.0,1
MV_A5-Weekday-092800_M116_709,M116,d1,22,15:56:00,15:56:00,401977,6.0,1
MV_A5-Weekday-SDon-127700_M116_718,M116,d1,1,21:17:00,21:17:00,401998,8.0,2
MV_A5-Weekday-SDon-127700_M116_718,M116,d1,2,21:17:37,21:17:37,405315,18.0,2
MV_A5-Weekday-SDon-127700_M116_718,M116,d1,3,21:18:00,21:18:00,401999,17.0,2
MV_A5-Weekday-SDon-127700_M116_718,M116,d1,4,21:19:00,21:19:00,402000,24.0,2
MV_A5-Weekday-SDon-127700_M116_718,M116,d1,5,21:20:46,21:20:46,402001,7.0,2
MV_A5-Weekday-SDon-127700_M116_718,M116,d1,6,21:21:45,21:21:45,402002,29.0,2
MV_A5-Weekday-SDon-127700_M116_718,M116,d1,7,21:22:46,21:22:46,402003,23.0,2
MV_A5-Weekday-SDon-127700_M116_718,M116,d1,8,21:23:35,21:23:35,402004,21.0,2
MV_A5-Weekday-SDon-127700_M116_718,M116,d1,9,21:25:00,21:25:00,402005,8.0,2
MV_A5-Weekday-SDon-127700_M116_718,M116,d1,10,21:25:39,21:25:39,402006,20.0,2
MV_A5-Weekday-SDon-127700_M116_718,M116,d1,11,21:28:00,21:28:00,404274,17.0,2
MV_A5-Weekday-SDon-127700_M116_718,M116,d1,12,21:29:48,21:29:48,401078,25.0,2
MV_A5-Weekday-SDon-127700_M116_718,M116,d1,13,21:31:00,21:31:00,401079,15.0,1
MV_A5-Weekday-SDon-127700_M116_718,M116,d1,14,21:32:05,21:32:05,400482,3.0,1
MV_A5-Weekday-SDon-127700_M116_718,M116,d1,15,21:32:44,21:32:44,400483,12.0,1
MV_A5-Weekday-SDon-127700_M116_718,M116,d1,16,21:33:52,21:33:52,400484,6.0,1
MV_A5-Weekday-SDon-127700_M116_718,M116,d1,17,21:34:48,21:34:48,403392,12.0,1
MV_A5-Weekday-SDon-127700_M116_718,M116,d1,18,21:35:35,21:35:35,401084,10.0,1
MV_A5-Weekday-SDon-127700_M116_718,M116,d1,19,21:36:15,21:36:15,401085,4.0,1
MV_A5-Weekday-SDon-127700_M116_718,M116,d1,20,21:37:00,21:37:00,402016,9.0,1
MV_A5-Weekday-SDon-127700_M116_718,M116,d1,21,21:37:41,21:37:41,402017,4.0,1
MV_A5-Weekday-SDon-127700_M116_718,M116,d1,22,21:38:00,21:38:00,401977,4.0,1
MV_A5-Weekday-SDon-033000_M116_702,M116,d1,1,5:30:00,5:30:00,401998,8.0,1
MV_A5-Weekday-SDon-033000_M116_702,M116,d1,2,5:30:37,5:30:37,405315,12.0,1
MV_A5-Weekday-SDon-033000_M116_702,M116,d1,3,5:31:00,5:31:00,401999,12.0,1
MV_A5-Weekday-SDon-033000_M116_702,M116,d1,4,5:32:00,5:32:00,402000,15.0,1
MV_A5-Weekday-SDon-033000_M116_702,M116,d1,5,5:33:46,5:33:46,402001,14.0,2
MV_A5-Weekday-SDon-033000_M116_702,M116,d1,6,5:34:45,5:34:45,402002,19.0,2
MV_A5-Weekday-SDon-033000_M116_702,M116,d1,7,5:35:46,5:35:46,402003,18.0,2
MV_A5-Weekday-SDon-033000_M116_702,M116,d1,8,5:36:35,5:36:35,402004,18.0,2
MV_A5-Weekday-SDon-033000_M116_702,M116,d1,9,5:38:00,5:38:00,402005,19.0,2
MV_A5-Weekday-SDon-033000_M116_702,M116,d1,10,5:38:26,5:38:26,402006,18.0,2
MV_A5-Weekday-SDon-033000_M116_702,M116,d1,11,5:40:00,5:40:00,404274,18.0,2
MV_A5-Weekday-SDon-033000_M116_702,M116,d1,12,5:41:12,5:41:12,401078,11.0,1
MV_A5-Weekday-SDon-033000_M116_702,M116,d1,13,5:42:00,5:42:00,401079,7.0,1
MV_A5-Weekday-SDon-033000_M116_702,M116,d1,14,5:42:54,5:42:54,400482,7.0,1
MV_A5-Weekday-SDon-033000_M116_702,M116,d1,15,5:43:26,5:43:26,400483,7.0,1
MV_A5-Weekday-SDon-033000_M116_702,M116,d1,16,5:44:23,5:44:23,400484,7.0,1
MV_A5-Weekday-SDon-033000_M116_702,M116,d1,17,5:45:10,5:45:10,403392,7.0,1
MV_A5-Weekday-SDon-033000_M116_702,M116,d1,18,5:45:49,5:45:49,401084,2.0,1
MV_A5-Weekday-SDon-033000_M116_702,M116,d1,19,5:46:23,5:46:23,401085,7.0,1
MV_A5-Weekday-SDon-033000_M116_702,M116,d1,20,5:47:00,5:47:00,402016,3.0,1
MV_A5-Weekday-SDon-033000_M116_702,M116,d1,21,5:47:41,5:47:41,402017,4.0,1
MV_A5-Weekday-SDon-033000_M116_702,M116,d1,22,5:48:00,5:48:00,401977,4.0,1
MV_A5-Weekday-085200_M116_709,M116,d1,1,14:12:00,14:12:00,401998,7.0,2
MV_A5-Weekday-085200_M116_709,M116,d1,2,14:12:37,14:12:37,405315,20.0,2
MV_A5-Weekday-085200_M116_709,M116,d1,3,14:13:00,14:13:00,401999,29.0,2
MV_A5-Weekday-085200_M116_709,M116,d1,4,14:14:26,14:14:26,402000,32.0,2
MV_A5-Weekday-085200_M116_709,M116,d1,5,14:16:58,14:16:58,402001,32.0,2
MV_A5-Weekday-085200_M116_709,M116,d1,6,14:18:21,14:18:21,402002,32.0,3
MV_A5-Weekday-085200_M116_709,M116,d1,7,14:19:49,14:19:49,402003,46.0,3
MV_A5-Weekday-085200_M116_709,M116,d1,8,14:20:59,14:20:59,402004,46.0,3
MV_A5-Weekday-085200_M116_709,M116,d1,9,14:23:00,14:23:00,402005,46.0,3
MV_A5-Weekday-085200_M116_709,M116,d1,10,14:23:52,14:23:52,402006,46.0,3
MV_A5-Weekday-085200_M116_709,M116,d1,11,14:27:00,14:27:00,404274,21.0,2
MV_A5-Weekday-085200_M116_709,M116,d1,12,14:29:24,14:29:24,401078,32.0,2
MV_A5-Weekday-085200_M116_709,M116,d1,13,14:31:00,14:31:00,401079,10.0,1
MV_A5-Weekday-085200_M116_709,M116,d1,14,14:32:26,14:32:26,400482,8.0,1
MV_A5-Weekday-085200_M116_709,M116,d1,15,14:33:18,14:33:18,400483,8.0,1
MV_A5-Weekday-085200_M116_709,M116,d1,16,14:34:49,14:34:49,400484,8.0,1
MV_A5-Weekday-085200_M116_709,M116,d1,17,14:36:04,14:36:04,403392,8.0,1
MV_A5-Weekday-085200_M116_709,M116,d1,18,14:37:07,14:37:07,401084,15.0,1
MV_A5-Weekday-085200_M116_709,M116,d1,19,14:38:01,14:38:01,401085,15.0,1
MV_A5-Weekday-085200_M116_709,M116,d1,20,14:39:00,14:39:00,402016,7.0,1
MV_A5-Weekday-085200_M116_709,M116,d1,21,14:39:41,14:39:41,402017,5.0,1
MV_A5-Weekday-085200_M116_709,M116,d1,22,14:40:00,14:40:00,401977,5.0,1
MV_A5-Weekday-089800_M116_715,M116,d1,1,14:58:00,14:58:00,401998,14.0,1
MV_A5-Weekday-089800_M116_715,M116,d1,2,14:58:37,14:58:37,405315,14.0,1
MV_A5-Weekday-089800_M116_715,M116,d1,3,14:59:00,14:59:00,401999,14.0,1
MV_A5-Weekday-089800_M116_715,M116,d1,4,15:00:26,15:00:26,402000,14.0,1
MV_A5-Weekday-089800_M116_715,M116,d1,5,15:02:58,15:02:58,402001,16.0,1
MV_A5-Weekday-089800_M116_715,M116,d1,6,15:04:21,15:04:21,402002,16.0,1
MV_A5-Weekday-089800_M116_715,M116,d1,7,15:05:49,15:05:49,402003,16.0,1
MV_A5-Weekday-089800_M116_715,M116,d1,8,15:06:59,15:06:59,402004,16.0,1
MV_A5-Weekday-089800_M116_715,M116,d1,9,15:09:00,15:09:00,402005,16.0,1
MV_A5-Weekday-089800_M116_715,M116,d1,10,15:09:52,15:09:52,402006,15.0,1
MV_A5-Weekday-089800_M116_715,M116,d1,11,15:13:00,15:13:00,404274,16.0,1
MV_A5-Weekday-089800_M116_715,M116,d1,12,15:15:24,15:15:24,401078,16.0,1
MV_A5-Weekday-089800_M116_715,M116,d1,13,15:17:00,15:17:00,401079,16.0,1
MV_A5-Weekday-089800_M116_715,M116,d1,14,15:18:26,15:18:26,400482,16.0,1
MV_A5-Weekday-089800_M116_715,M116,d1,15,15:19:18,15:19:18,400483,16.0,1
MV_A5-Weekday-089800_M116_715,M116,d1,16,15:20:49,15:20:49,400484,16.0,1
MV_A5-Weekday-089800_M116_715,M116,d1,17,15:22:04,15:22:04,403392,9.0,1
MV_A5-Weekday-089800_M116_715,M116,d1,18,15:23:07,15:23:07,401084,9.0,1
MV_A5-Weekday-089800_M116_715,M116,d1,19,15:24:01,15:24:01,401085,8.0,1
MV_A5-Weekday-089800_M116_715,M116,d1,20,15:25:00,15:25:00,402016,8.0,1
MV_A5-Weekday-089800_M116_715,M116,d1,21,15:25:41,15:25:41,402017,8.0,1
MV_A5-Weekday-089800_M116_715,M116,d1,22,15:26:00,15:26:00,401977,8.0,1
MV_A5-Weekday-SDon-054300_M116_708,M116,d1,1,9:03:00,9:03:00,401998,7.0,1
MV_A5-Weekday-SDon-054300_M116_708,M116,d1,2,9:03:37,9:03:37,405315,9.0,1
MV_A5-Weekday-SDon-054300_M116_708,M116,d1,3,9:04:00,9:04:00,401999,10.0,1
MV_A5-Weekday-SDon-054300_M116_708,M116,d1,4,9:05:26,9:05:26,402000,14.0,1
MV_A5-Weekday-SDon-054300_M116_708,M116,d1,5,9:07:58,9:07:58,402001,12.0,1
MV_A5-Weekday-SDon-054300_M116_708,M116,d1,6,9:09:21,9:09:21,402002,15.0,2
MV_A5-Weekday-SDon-054300_M116_708,M116,d1,7,9:10:49,9:10:49,402003,23.0,2
MV_A5-Weekday-SDon-054300_M116_708,M116,d1,8,9:11:59,9:11:59,402004,23.0,2
MV_A5-Weekday-SDon-054300_M116_708,M116,d1,9,9:14:00,9:14:00,402005,20.0,2
MV_A5-Weekday-SDon-054300_M116_708,M116,d1,10,9:14:52,9:14:52,402006,17.0,2
MV_A5-Weekday-SDon-054300_M116_708,M116,d1,11,9:18:00,9:18:00,404274,20.0,2
MV_A5-Weekday-SDon-054300_M116_708,M116,d1,12,9:20:24,9:20:24,401078,19.0,2
MV_A5-Weekday-SDon-054300_M116_708,M116,d1,13,9:22:00,9:22:00,401079,8.0,1
MV_A5-Weekday-SDon-054300_M116_708,M116,d1,14,9:23:26,9:23:26,400482,6.0,1
MV_A5-Weekday-SDon-054300_M116_708,M116,d1,15,9:24:18,9:24:18,400483,7.0,1
MV_A5-Weekday-SDon-054300_M116_708,M116,d1,16,9:25:49,9:25:49,400484,4.0,1
MV_A5-Weekday-SDon-054300_M116_708,M116,d1,17,9:27:04,9:27:04,403392,6.0,1
MV_A5-Weekday-SDon-054300_M116_708,M116,d1,18,9:28:07,9:28:07,401084,7.0,1
MV_A5-Weekday-SDon-054300_M116_708,M116,d1,19,9:29:01,9:29:01,401085,7.0,1
MV_A5-Weekday-SDon-054300_M116_708,M116,d1,20,9:30:00,9:30:00,402016,4.0,1
MV_A5-Weekday-SDon-054300_M116_708,M116,d1,21,9:30:41,9:30:41,402017,3.0,1
MV_A5-Weekday-SDon-054300_M116_708,M116,d1,22,9:31:00,9:31:00,401977,3.0,1
MV_A5-Weekday-SDon-085500_M116_711,M116,d1,1,14:15:00,14:15:00,404135,18.0,2
MV_A5-Weekday-SDon-085500_M116_711,M116,d1,2,14:16:19,14:16:19,401305,18.0,2
MV_A5-Weekday-SDon-085500_M116_711,M116,d1,3,14:17:04,14:17:04,401306,14.0,1
MV_A5-Weekday-SDon-085500_M116_711,M116,d1,4,14:18:17,14:18:17,401307,15.0,2
MV_A5-Weekday-SDon-085500_M116_711,M116,d1,5,14:19:16,14:19:16,401308,24.0,2
MV_A5-Weekday-SDon-085500_M116_711,M116,d1,6,14:21:13,14:21:13,404824,24.0,2
MV_A5-Weekday-SDon-085500_M116_711,M116,d1,7,14:22:32,14:22:32,401310,19.0,2
MV_A5-Weekday-SDon-085500_M116_711,M116,d1,8,14:24:17,14:24:17,401311,24.0,2
MV_A5-Weekday-SDon-085500_M116_711,M116,d1,9,14:25:27,14:25:27,401312,21.0,2
MV_A5-Weekday-SDon-085500_M116_711,M116,d1,10,14:26:37,14:26:37,401313,25.0,2
MV_A5-Weekday-SDon-085500_M116_711,M116,d1,11,14:28:29,14:28:29,401314,27.0,2
MV_A5-Weekday-SDon-085500_M116_711,M116,d1,12,14:29:42,14:29:42,401315,29.0,2
MV_A5-Weekday-SDon-085500_M116_711,M116,d1,13,14:31:40,14:31:40,401317,29.0,2
MV_A5-Weekday-SDon-085500_M116_711,M116,d1,14,14:32:33,14:32:33,403276,29.0,2
MV_A5-Weekday-SDon-085500_M116_711,M116,d1,15,14:34:00,14:34:00,401318,29.0,2
MV_A5-Weekday-SDon-085500_M116_711,M116,d1,16,14:36:46,14:36:46,405289,29.0,2
MV_A5-Weekday-SDon-085500_M116_711,M116,d1,17,14:38:08,14:38:08,404245,29.0,2
MV_A5-Weekday-SDon-085500_M116_711,M116,d1,18,14:40:00,14:40:00,404915,29.0,2
MV_A5-Weekday-SDon-085500_M116_711,M116,d1,19,14:40:50,14:40:50,405247,17.0,2
MV_A5-Weekday-SDon-085500_M116_711,M116,d1,20,14:42:12,14:42:12,401324,17.0,2
MV_A5-Weekday-SDon-085500_M116_711,M116,d1,21,14:44:37,14:44:37,401326,17.0,2
MV_A5-Weekday-SDon-085500_M116_711,M116,d1,22,14:45:40,14:45:40,401327,17.0,2
MV_A5-Weekday-SDon-085500_M116_711,M116,d1,23,14:46:55,14:46:55,401328,17.0,2
MV_A5-Weekday-SDon-085500_M116_711,M116,d1,24,14:48:01,14:48:01,401329,17.0,2
MV_A5-Weekday-SDon-085500_M116_711,M116,d1,25,14:49:10,14:49:10,401330,17.0,2
MV_A5-Weekday-SDon-085500_M116_711,M116,d1,26,14:50:39,14:50:39,401331,17.0,2
MV_A5-Weekday-SDon-085500_M116_711,M116,d1,27,14:52:33,14:52:33,401333,17.0,2
MV_A5-Weekday-SDon-085500_M116_711,M116,d1,28,14:53:37,14:53:37,401334,17.0,2
MV_A5-Weekday-SDon-085500_M116_711,M116,d1,29,14:54:44,14:54:44,401335,17.0,2
MV_A5-Weekday-SDon-085500_M116_711,M116,d1,30,14:55:40,14:55:40,401336,17.0,2
MV_A5-Weekday-SDon-085500_M116_711,M116,d1,31,14:57:00,14:57:00,401337,17.0,2
MV_A5-Weekday-SDon-085500_M116_711,M116,d1,32,14:58:09,14:58:09,401338,17.0,2
MV_A5-Weekday-SDon-085500_M116_711,M116,d1,33,14:59:46,14:59:46,401339,17.0,2
MV_A5-Weekday-SDon-085500_M116_711,M116,d1,34,15:00:59,15:00:59,404136,17.0,2
MV_A5-Weekday-SDon-085500_M116_711,M116,d1,35,15:02:06,15:02:06,401341,17.0,2
MV_A5-Weekday-SDon-085500_M116_711,M116,d1,36,15:03:50,15:03:50,401342,17.0,2
MV_A5-Weekday-SDon-085500_M116_711,M116,d1,37,15:05:03,15:05:03,401343,17.0,2
MV_A5-Weekday-SDon-085500_M116_711,M116,d1,38,15:06:14,15:06:14,401344,17.0,2
MV_A5-Weekday-SDon-085500_M116_711,M116,d1,39,15:07:22,15:07:22,401345,17.0,2
MV_A5-Weekday-SDon-085500_M116_711,M116,d1,40,15:08:29,15:08:29,404987,17.0,2
MV_A5-Weekday-SDon-085500_M116_711,M116,d1,41,15:09:36,15:09:36,404988,17.0,2
MV_A5-Weekday-SDon-085500_M116_711,M116,d1,42,15:12:00,15:12:00,401348,17.0,2
MV_A5-Weekday-SDon-085500_M116_711,M116,d1,43,15:12:35,15:12:35,400860,17.0,2
MV_A5-Weekday-SDon-085500_M116_711,M116,d1,44,15:13:20,15:13:20,400861,5.0,1
MV_A5-Weekday-SDon-085500_M116_711,M116,d1,45,15:14:00,15:14:00,405376,5.0,1
MV_A5-Weekday-061200_M116_711,M116,d1,1,10:12:00,10:12:00,401998,7.0,1
MV_A5-Weekday-061200_M116_711,M116,d1,2,10:12:37,10:12:37,405315,7.0,1
MV_A5-Weekday-061200_M116_711,M116,d1,3,10:13:00,10:13:00,401999,15.0,2
MV_A5-Weekday-061200_M116_711,M116,d1,4,10:14:26,10:14:26,402000,17.0,2
MV_A5-Weekday-061200_M116_711,M116,d1,5,10:16:58,10:16:58,402001,17.0,2
MV_A5-Weekday-061200_M116_711,M116,d1,6,10:18:21,10:18:21,402002,26.0,2
MV_A5-Weekday-061200_M116_711,M116,d1,7,10:19:49,10:19:49,402003,26.0,2
MV_A5-Weekday-061200_M116_711,M116,d1,8,10:20:59,10:20:59,402004,26.0,2
MV_A5-Weekday-061200_M116_711,M116,d1,9,10:23:00,10:23:00,402005,30.0,2
MV_A5-Weekday-061200_M116_711,M116,d1,10,10:23:52,10:23:52,402006,30.0,2
MV_A5-Weekday-061200_M116_711,M116,d1,11,10:27:00,10:27:00,404274,26.0,2
MV_A5-Weekday-061200_M116_711,M116,d1,12,10:29:24,10:29:24,401078,16.0,1
MV_A5-Weekday-061200_M116_711,M116,d1,13,10:31:00,10:31:00,401079,16.0,1
MV_A5-Weekday-061200_M116_711,M116,d1,14,10:32:26,10:32:26,400482,16.0,1
MV_A5-Weekday-061200_M116_711,M116,d1,15,10:33:18,10:33:18,400483,16.0,1
MV_A5-Weekday-061200_M116_711,M116,d1,16,10:34:49,10:34:49,400484,16.0,1
MV_A5-Weekday-061200_M116_711,M116,d1,17,10:36:04,10:36:04,403392,16.0,1
MV_A5-Weekday-061200_M116_711,M116,d1,18,10:37:07,10:37:07,401084,16.0,1
MV_A5-Weekday-061200_M116_711,M116,d1,19,10:38:01,10:38:01,401085,16.0,1
MV_A5-Weekday-061200_M116_711,M116,d1,20,10:39:00,10:39:00,402016,12.0,1
MV_A5-Weekday-061200_M116_711,M116,d1,21,10:39:41,10:39:41,402017,12.0,1
MV_A5-Weekday-061200_M116_711,M116,d1,22,10:40:00,10:40:00,401977,12.0,1
MV_A5-Weekday-SDon-082900_M116_706,M116,d1,1,13:49:00,13:49:00,404135,12.0,1
MV_A5-Weekday-SDon-082900_M116_706,M116,d1,2,13:50:19,13:50:19,401305,12.0,1
MV_A5-Weekday-SDon-082900_M116_706,M116,d1,3,13:51:04,13:51:04,401306,11.0,1
MV_A5-Weekday-SDon-082900_M116_706,M116,d1,4,13:52:17,13:52:17,401307,16.0,2
MV_A5-Weekday-SDon-082900_M116_706,M116,d1,5,13:53:16,13:53:16,401308,29.0,2
MV_A5-Weekday-SDon-082900_M116_706,M116,d1,6,13:55:13,13:55:13,404824,29.0,3
MV_A5-Weekday-SDon-082900_M116_706,M116,d1,7,13:56:32,13:56:32,401310,39.0,3
MV_A5-Weekday-SDon-082900_M116_706,M116,d1,8,13:58:17,13:58:17,401311,41.0,3
MV_A5-Weekday-SDon-082900_M116_706,M116,d1,9,13:59:27,13:59:27,401312,41.0,3
MV_A5-Weekday-SDon-082900_M116_706,M116,d1,10,14:00:37,14:00:37,401313,17.0,3
MV_A5-Weekday-SDon-082900_M116_706,M116,d1,11,14:02:29,14:02:29,401314,38.0,3
MV_A5-Weekday-SDon-082900_M116_706,M116,d1,12,14:03:42,14:03:42,401315,27.0,2
MV_A5-Weekday-SDon-082900_M116_706,M116,d1,13,14:05:40,14:05:40,401317,26.0,2
MV_A5-Weekday-SDon-082900_M116_706,M116,d1,14,14:06:33,14:06:33,403276,27.0,2
MV_A5-Weekday-SDon-082900_M116_706,M116,d1,15,14:08:00,14:08:00,401318,26.0,2
MV_A5-Weekday-SDon-082900_M116_706,M116,d1,16,14:10:18,14:10:18,405289,14.0,1
MV_A5-Weekday-SDon-082900_M116_706,M116,d1,17,14:11:26,14:11:26,404245,9.0,1
MV_A5-Weekday-SDon-082900_M116_706,M116,d1,18,14:13:00,14:13:00,404915,14.0,1
MV_A5-Weekday-SDon-082900_M116_706,M116,d1,19,14:13:50,14:13:50,405247,12.0,2
MV_A5-Weekday-SDon-082900_M116_706,M116,d1,20,14:15:12,14:15:12,401324,19.0,2
MV_A5-Weekday-SDon-082900_M116_706,M116,d1,21,14:17:37,14:17:37,401326,9.0,2
MV_A5-Weekday-SDon-082900_M116_706,M116,d1,22,14:18:40,14:18:40,401327,19.0,2
MV_A5-Weekday-SDon-082900_M116_706,M116,d1,23,14:19:55,14:19:55,401328,12.0,2
MV_A5-Weekday-SDon-082900_M116_706,M116,d1,24,14:21:01,14:21:01,401329,21.0,2
MV_A5-Weekday-SDon-082900_M116_706,M116,d1,25,14:22:10,14:22:10,401330,21.0,2
MV_A5-Weekday-SDon-082900_M116_706,M116,d1,26,14:23:39,14:23:39,401331,10.0,2
MV_A5-Weekday-SDon-082900_M116_706,M116,d1,27,14:25:33,14:25:33,401333,24.0,2
MV_A5-Weekday-SDon-082900_M116_706,M116,d1,28,14:26:37,14:26:37,401334,24.0,2
MV_A5-Weekday-SDon-082900_M116_706,M116,d1,29,14:27:44,14:27:44,401335,23.0,2
MV_A5-Weekday-SDon-082900_M116_706,M116,d1,30,14:28:40,14:28:40,401336,8.0,1
MV_A5-Weekday-SDon-082900_M116_706,M116,d1,31,14:30:00,14:30:00,401337,16.0,1
MV_A5-Weekday-SDon-082900_M116_706,M116,d1,32,14:31:09,14:31:09,401338,16.0,1
MV_A5-Weekday-SDon-082900_M116_706,M116,d1,33,14:32:46,14:32:46,401339,16.0,1
MV_A5-Weekday-SDon-082900_M116_706,M116,d1,34,14:33:59,14:33:59,404136,16.0,1
MV_A5-Weekday-SDon-082900_M116_706,M116,d1,35,14:35:06,14:35:06,401341,16.0,1
MV_A5-Weekday-SDon-082900_M116_706,M116,d1,36,14:36:50,14:36:50,401342,16.0,1
MV_A5-Weekday-SDon-082900_M116_706,M116,d1,37,14:38:03,14:38:03,401343,16.0,1
MV_A5-Weekday-SDon-082900_M116_706,M116,d1,38,14:39:14,14:39:14,401344,16.0,1
MV_A5-Weekday-SDon-082900_M116_706,M116,d1,39,14:40:22,14:40:22,401345,16.0,1
MV_A5-Weekday-SDon-082900_M116_706,M116,d1,40,14:41:29,14:41:29,404987,16.0,1
MV_A5-Weekday-SDon-082900_M116_706,M116,d1,41,14:42:36,14:42:36,404988,16.0,1
MV_A5-Weekday-SDon-082900_M116_706,M116,d1,42,14:45:00,14:45:00,401348,16.0,1
MV_A5-Weekday-SDon-082900_M116_706,M116,d1,43,14:45:35,14:45:35,400860,16.0,1
MV_A5-Weekday-SDon-082900_M116_706,M116,d1,44,14:46:20,14:46:20,400861,16.0,1
MV_A5-Weekday-SDon-082900_M116_706,M116,d1,45,14:47:00,14:47:00,405376,16.0,1
MV_A5-Weekday-076200_M116_704,M116,d1,1,12:42:00,12:42:00,401998,3.0,1
MV_A5-Weekday-076200_M116_704,M116,d1,2,12:42:37,12:42:37,405315,16.0,1
MV_A5-Weekday-076200_M116_704,M116,d1,3,12:43:00,12:43:00,401999,16.0,1
MV_A5-Weekday-076200_M116_704,M116,d1,4,12:44:26,12:44:26,402000,12.0,2
MV_A5-Weekday-076200_M116_704,M116,d1,5,12:46:58,12:46:58,402001,27.0,2
MV_A5-Weekday-076200_M116_704,M116,d1,6,12:48:21,12:48:21,402002,27.0,2
MV_A5-Weekday-076200_M116_704,M116,d1,7,12:49:49,12:49:49,402003,27.0,2
MV_A5-Weekday-076200_M116_704,M116,d1,8,12:50:59,12:50:59,402004,27.0,2
MV_A5-Weekday-076200_M116_704,M116,d1,9,12:53:00,12:53:00,402005,26.0,2
MV_A5-Weekday-076200_M116_704,M116,d1,10,12:53:52,12:53:52,402006,17.0,2
MV_A5-Weekday-076200_M116_704,M116,d1,11,12:57:00,12:57:00,404274,17.0,2
MV_A5-Weekday-076200_M116_704,M116,d1,12,12:59:24,12:59:24,401078,12.0,1
MV_A5-Weekday-076200_M116_704,M116,d1,13,13:01:00,13:01:00,401079,4.0,1
MV_A5-Weekday-076200_M116_704,M116,d1,14,13:02:26,13:02:26,400482,11.0,1
MV_A5-Weekday-076200_M116_704,M116,d1,15,13:03:18,13:03:18,400483,11.0,1
MV_A5-Weekday-076200_M116_704,M116,d1,16,13:04:49,13:04:49,400484,6.0,1
MV_A5-Weekday-076200_M116_704,M116,d1,17,13:06:04,13:06:04,403392,11.0,1
MV_A5-Weekday-076200_M116_704,M116,d1,18,13:07:07,13:07:07,401084,11.0,1
MV_A5-Weekday-076200_M116_704,M116,d1,19,13:08:01,13:08:01,401085,7.0,1
MV_A5-Weekday-076200_M116_704,M116,d1,20,13:09:00,13:09:00,402016,4.0,1
MV_A5-Weekday-076200_M116_704,M116,d1,21,13:09:41,13:09:41,402017,7.0,1
MV_A5-Weekday-076200_M116_704,M116,d1,22,13:10:00,13:10:00,401977,7.0,1
MV_A5-Weekday-SDon-048900_M116_705,M116,d1,1,8:09:00,8:09:00,401998,15.0,1
MV_A5-Weekday-SDon-048900_M116_705,M116,d1,2,8:09:37,8:09:37,405315,15.0,3
MV_A5-Weekday-SDon-048900_M116_705,M116,d1,3,8:10:00,8:10:00,401999,33.0,3
MV_A5-Weekday-SDon-048900_M116_705,M116,d1,4,8:11:17,8:11:17,402000,33.0,3
MV_A5-Weekday-SDon-048900_M116_705,M116,d1,5,8:13:34,8:13:34,402001,38.0,3
MV_A5-Weekday-SDon-048900_M116_705,M116,d1,6,8:14:49,8:14:49,402002,43.0,4
MV_A5-Weekday-SDon-048900_M116_705,M116,d1,7,8:16:08,8:16:08,402003,50.0,4
MV_A5-Weekday-SDon-048900_M116_705,M116,d1,8,8:17:11,8:17:11,402004,44.0,4
MV_A5-Weekday-SDon-048900_M116_705,M116,d1,9,8:19:00,8:19:00,402005,57.0,4
MV_A5-Weekday-SDon-048900_M116_705,M116,d1,10,8:19:52,8:19:52,402006,57.0,4
MV_A5-Weekday-SDon-048900_M116_705,M116,d1,11,8:23:00,8:23:00,404274,44.0,3
MV_A5-Weekday-SDon-048900_M116_705,M116,d1,12,8:24:48,8:24:48,401078,44.0,3
MV_A5-Weekday-SDon-048900_M116_705,M116,d1,13,8:26:00,8:26:00,401079,44.0,3
MV_A5-Weekday-SDon-048900_M116_705,M116,d1,14,8:27:48,8:27:48,400482,44.0,3
MV_A5-Weekday-SDon-048900_M116_705,M116,d1,15,8:28:52,8:28:52,400483,44.0,3
MV_A5-Weekday-SDon-048900_M116_705,M116,d1,16,8:30:46,8:30:46,400484,28.0,2
MV_A5-Weekday-SDon-048900_M116_705,M116,d1,17,8:32:20,8:32:20,403392,6.0,1
MV_A5-Weekday-SDon-048900_M116_705,M116,d1,18,8:33:39,8:33:39,401084,7.0,2
MV_A5-Weekday-SDon-048900_M116_705,M116,d1,19,8:34:46,8:34:46,401085,28.0,2
MV_A5-Weekday-SDon-048900_M116_705,M116,d1,20,8:36:00,8:36:00,402016,4.0,1
MV_A5-Weekday-SDon-048900_M116_705,M116,d1,21,8:36:41,8:36:41,402017,3.0,1
MV_A5-Weekday-SDon-048900_M116_705,M116,d1,22,8:37:00,8:37:00,401977,3.0,1
MV_A5-Weekday-SDon-041200_M116_705,M116,d1,1,6:52:00,6:52:00,401998,15.0,1
MV_A5-Weekday-SDon-041200_M116_705,M116,d1,2,6:52:37,6:52:37,405315,15.0,1
MV_A5-Weekday-SDon-041200_M116_705,M116,d1,3,6:53:00,6:53:00,401999,14.0,2
MV_A5-Weekday-SDon-041200_M116_705,M116,d1,4,6:54:09,6:54:09,402000,19.0,2
MV_A5-Weekday-SDon-041200_M116_705,M116,d1,5,6:56:10,6:56:10,402001,25.0,2
MV_A5-Weekday-SDon-041200_M116_705,M116,d1,6,6:57:17,6:57:17,402002,23.0,2
MV_A5-Weekday-SDon-041200_M116_705,M116,d1,7,6:58:27,6:58:27,402003,23.0,2
MV_A5-Weekday-SDon-041200_M116_705,M116,d1,8,6:59:23,6:59:23,402004,23.0,2
MV_A5-Weekday-SDon-041200_M116_705,M116,d1,9,7:01:00,7:01:00,402005,23.0,2
MV_A5-Weekday-SDon-041200_M116_705,M116,d1,10,7:01:39,7:01:39,402006,21.0,2
MV_A5-Weekday-SDon-041200_M116_705,M116,d1,11,7:04:00,7:04:00,404274,13.0,1
MV_A5-Weekday-SDon-041200_M116_705,M116,d1,12,7:05:48,7:05:48,401078,10.0,1
MV_A5-Weekday-SDon-041200_M116_705,M116,d1,13,7:07:00,7:07:00,401079,10.0,1
MV_A5-Weekday-SDon-041200_M116_705,M116,d1,14,7:08:26,7:08:26,400482,10.0,1
MV_A5-Weekday-SDon-041200_M116_705,M116,d1,15,7:09:18,7:09:18,400483,10.0,1
MV_A5-Weekday-SDon-041200_M116_705,M116,d1,16,7:10:49,7:10:49,400484,10.0,1
MV_A5-Weekday-SDon-041200_M116_705,M116,d1,17,7:12:04,7:12:04,403392,10.0,1
MV_A5-Weekday-SDon-041200_M116_705,M116,d1,18,7:13:07,7:13:07,401084,10.0,1
MV_A5-Weekday-SDon-041200_M116_705,M116,d1,19,7:14:01,7:14:01,401085,10.0,1
MV_A5-Weekday-SDon-041200_M116_705,M116,d1,20,7:15:00,7:15:00,402016,10.0,1
MV_A5-Weekday-SDon-041200_M116_705,M116,d1,21,7:15:41,7:15:41,402017,10.0,1
MV_A5-Weekday-SDon-041200_M116_705,M116,d1,22,7:16:00,7:16:00,401977,10.0,1
MV_A5-Weekday-067200_M116_703,M116,d1,1,11:12:00,11:12:00,401998,4.0,2
MV_A5-Weekday-067200_M116_703,M116,d1,2,11:12:37,11:12:37,405315,22.0,2
MV_A5-Weekday-067200_M116_703,M116,d1,3,11:13:00,11:13:00,401999,22.0,2
MV_A5-Weekday-067200_M116_703,M116,d1,4,11:14:26,11:14:26,402000,25.0,2
MV_A5-Weekday-067200_M116_703,M116,d1,5,11:16:58,11:16:58,402001,28.0,2
MV_A5-Weekday-067200_M116_703,M116,d1,6,11:18:21,11:18:21,402002,28.0,2
MV_A5-Weekday-067200_M116_703,M116,d1,7,11:19:49,11:19:49,402003,28.0,2
MV_A5-Weekday-067200_M116_703,M116,d1,8,11:20:59,11:20:59,402004,16.0,2
MV_A5-Weekday-067200_M116_703,M116,d1,9,11:23:00,11:23:00,402005,32.0,2
MV_A5-Weekday-067200_M116_703,M116,d1,10,11:23:52,11:23:52,402006,17.0,2
MV_A5-Weekday-067200_M116_703,M116,d1,11,11:27:00,11:27:00,404274,32.0,2
MV_A5-Weekday-067200_M116_703,M116,d1,12,11:29:24,11:29:24,401078,19.0,2
MV_A5-Weekday-067200_M116_703,M116,d1,13,11:31:00,11:31:00,401079,6.0,1
MV_A5-Weekday-067200_M116_703,M116,d1,14,11:32:26,11:32:26,400482,12.0,1
MV_A5-Weekday-067200_M116_703,M116,d1,15,11:33:18,11:33:18,400483,12.0,1
MV_A5-Weekday-067200_M116_703,M116,d1,16,11:34:49,11:34:49,400484,11.0,1
MV_A5-Weekday-067200_M116_703,M116,d1,17,11:36:04,11:36:04,403392,6.0,1
MV_A5-Weekday-067200_M116_703,M116,d1,18,11:37:07,11:37:07,401084,6.0,1
MV_A5-Weekday-067200_M116_703,M116,d1,19,11:38:01,11:38:01,401085,6.0,1
MV_A5-Weekday-067200_M116_703,M116,d1,20,11:39:00,11:39:00,402016,5.0,1
MV_A5-Weekday-067200_M116_703,M116,d1,21,11:39:41,11:39:41,402017,5.0,1
MV_A5-Weekday-067200_M116_703,M116,d1,22,11:40:00,11:40:00,401977,5.0,1
MV_A5-Weekday-SDon-101500_M116_710,M116,d1,1,16:55:00,16:55:00,404135,2.0,1
MV_A5-Weekday-SDon-101500_M116_710,M116,d1,2,16:56:23,16:56:23,401305,2.0,1
MV_A5-Weekday-SDon-101500_M116_710,M116,d1,3,16:57:10,16:57:10,401306,2.0,1
MV_A5-Weekday-SDon-101500_M116_710,M116,d1,4,16:58:27,16:58:27,401307,2.0,1
MV_A5-Weekday-SDon-101500_M116_710,M116,d1,5,16:59:30,16:59:30,401308,2.0,2
MV_A5-Weekday-SDon-101500_M116_710,M116,d1,6,17:01:32,17:01:32,404824,17.0,2
MV_A5-Weekday-SDon-101500_M116_710,M116,d1,7,17:02:55,17:02:55,401310,17.0,2
MV_A5-Weekday-SDon-101500_M116_710,M116,d1,8,17:04:46,17:04:46,401311,17.0,2
MV_A5-Weekday-SDon-101500_M116_710,M116,d1,9,17:06:00,17:06:00,401312,25.0,2
MV_A5-Weekday-SDon-101500_M116_710,M116,d1,10,17:07:14,17:07:14,401313,25.0,2
MV_A5-Weekday-SDon-101500_M116_710,M116,d1,11,17:09:12,17:09:12,401314,25.0,2
MV_A5-Weekday-SDon-101500_M116_710,M116,d1,12,17:10:28,17:10:28,401315,14.0,1
MV_A5-Weekday-SDon-101500_M116_710,M116,d1,13,17:12:33,17:12:33,401317,14.0,1
MV_A5-Weekday-SDon-101500_M116_710,M116,d1,14,17:13:29,17:13:29,403276,10.0,2
MV_A5-Weekday-SDon-101500_M116_710,M116,d1,15,17:15:00,17:15:00,401318,23.0,2
MV_A5-Weekday-SDon-101500_M116_710,M116,d1,16,17:17:46,17:17:46,405289,24.0,2
MV_A5-Weekday-SDon-101500_M116_710,M116,d1,17,17:19:08,17:19:08,404245,24.0,2
MV_A5-Weekday-SDon-101500_M116_710,M116,d1,18,17:21:00,17:21:00,404915,11.0,1
MV_A5-Weekday-SDon-101500_M116_710,M116,d1,19,17:21:50,17:21:50,405247,16.0,1
MV_A5-Weekday-SDon-101500_M116_710,M116,d1,20,17:23:12,17:23:12,401324,16.0,1
MV_A5-Weekday-SDon-101500_M116_710,M116,d1,21,17:25:37,17:25:37,401326,16.0,1
MV_A5-Weekday-SDon-101500_M116_710,M116,d1,22,17:26:40,17:26:40,401327,16.0,1
MV_A5-Weekday-SDon-101500_M116_710,M116,d1,23,17:27:55,17:27:55,401328,16.0,1
MV_A5-Weekday-SDon-101500_M116_710,M116,d1,24,17:29:01,17:29:01,401329,16.0,1
MV_A5-Weekday-SDon-101500_M116_710,M116,d1,25,17:30:10,17:30:10,401330,16.0,1
MV_A5-Weekday-SDon-101500_M116_710,M116,d1,26,17:31:39,17:31:39,401331,2.0,1
MV_A5-Weekday-SDon-101500_M116_710,M116,d1,27,17:33:33,17:33:33,401333,4.0,1
MV_A5-Weekday-SDon-101500_M116_710,M116,d1,28,17:34:37,17:34:37,401334,4.0,1
MV_A5-Weekday-SDon-101500_M116_710,M116,d1,29,17:35:44,17:35:44,401335,4.0,1
MV_A5-Weekday-SDon-101500_M116_710,M116,d1,30,17:36:40,17:36:40,401336,5.0,1
MV_A5-Weekday-SDon-101500_M116_710,M116,d1,31,17:38:00,17:38:00,401337,5.0,1
MV_A5-Weekday-SDon-101500_M116_710,M116,d1,32,17:39:09,17:39:09,401338,9.0,1
MV_A5-Weekday-SDon-101500_M116_710,M116,d1,33,17:40:46,17:40:46,401339,2.0,1
MV_A5-Weekday-SDon-101500_M116_710,M116,d1,34,17:41:59,17:41:59,404136,16.0,1
MV_A5-Weekday-SDon-101500_M116_710,M116,d1,35,17:43:06,17:43:06,401341,16.0,1
MV_A5-Weekday-SDon-101500_M116_710,M116,d1,36,17:44:50,17:44:50,401342,11.0,1
MV_A5-Weekday-SDon-101500_M116_710,M116,d1,37,17:46:03,17:46:03,401343,4.0,1
MV_A5-Weekday-SDon-101500_M116_710,M116,d1,38,17:47:14,17:47:14,401344,11.0,1
MV_A5-Weekday-SDon-101500_M116_710,M116,d1,39,17:48:22,17:48:22,401345,11.0,1
MV_A5-Weekday-SDon-101500_M116_710,M116,d1,40,17:49:29,17:49:29,404987,4.0,1
MV_A5-Weekday-SDon-101500_M116_710,M116,d1,41,17:50:36,17:50:36,404988,9.0,1
MV_A5-Weekday-SDon-101500_M116_710,M116,d1,42,17:53:00,17:53:00,401348,9.0,1
MV_A5-Weekday-SDon-101500_M116_710,M116,d1,43,17:53:35,17:53:35,400860,6.0,1
MV_A5-Weekday-SDon-101500_M116_710,M116,d1,44,17:54:20,17:54:20,400861,6.0,1
MV_A5-Weekday-SDon-101500_M116_710,M116,d1,45,17:55:00,17:55:00,405376,6.0,1
MV_A5-Weekday-131500_M116_715,M116,d1,1,21:55:00,21:55:00,404135,5.0,1
MV_A5-Weekday-131500_M116_715,M116,d1,2,21:56:07,21:56:07,401305,5.0,1
MV_A5-Weekday-131500_M116_715,M116,d1,3,21:56:44,21:56:44,401306,5.0,1
MV_A5-Weekday-131500_M116_715,M116,d1,4,21:57:46,21:57:46,401307,4.0,1
MV_A5-Weekday-131500_M116_715,M116,d1,5,21:58:36,21:58:36,401308,2.0,1
MV_A5-Weekday-131500_M116_715,M116,d1,6,22:00:14,22:00:14,404824,5.0,1
MV_A5-Weekday-131500_M116_715,M116,d1,7,22:01:20,22:01:20,401310,6.0,1
MV_A5-Weekday-131500_M116_715,M116,d1,8,22:02:49,22:02:49,401311,10.0,1
MV_A5-Weekday-131500_M116_715,M116,d1,9,22:03:48,22:03:48,401312,10.0,1
MV_A5-Weekday-131500_M116_715,M116,d1,10,22:04:47,22:04:47,401313,5.0,1
MV_A5-Weekday-131500_M116_715,M116,d1,11,22:06:21,22:06:21,401314,7.0,1
MV_A5-Weekday-131500_M116_715,M116,d1,12,22:07:23,22:07:23,401315,5.0,1
MV_A5-Weekday-131500_M116_715,M116,d1,13,22:09:02,22:09:02,401317,6.0,1
MV_A5-Weekday-131500_M116_715,M116,d1,14,22:09:47,22:09:47,403276,5.0,1
MV_A5-Weekday-131500_M116_715,M116,d1,15,22:11:00,22:11:00,401318,6.0,1
MV_A5-Weekday-131500_M116_715,M116,d1,16,22:12:51,22:12:51,405289,6.0,1
MV_A5-Weekday-131500_M116_715,M116,d1,17,22:13:45,22:13:45,404245,4.0,1
MV_A5-Weekday-131500_M116_715,M116,d1,18,22:15:00,22:15:00,404915,4.0,1
MV_A5-Weekday-131500_M116_715,M116,d1,19,22:15:36,22:15:36,405247,4.0,1
MV_A5-Weekday-131500_M116_715,M116,d1,20,22:16:33,22:16:33,401324,4.0,1
MV_A5-Weekday-131500_M116_715,M116,d1,21,22:18:16,22:18:16,401326,3.0,1
MV_A5-Weekday-131500_M116_715,M116,d1,22,22:19:00,22:19:00,401327,3.0,1
MV_A5-Weekday-131500_M116_715,M116,d1,23,22:19:53,22:19:53,401328,2.0,1
MV_A5-Weekday-131500_M116_715,M116,d1,24,22:20:39,22:20:39,401329,2.0,1
MV_A5-Weekday-131500_M116_715,M116,d1,25,22:21:28,22:21:28,401330,3.0,1
MV_A5-Weekday-131500_M116_715,M116,d1,26,22:22:31,22:22:31,401331,3.0,1
MV_A5-Weekday-131500_M116_715,M116,d1,27,22:23:51,22:23:51,401333,3.0,1
MV_A5-Weekday-131500_M116_715,M116,d1,28,22:24:37,22:24:37,401334,2.0,1
MV_A5-Weekday-131500_M116_715,M116,d1,29,22:25:24,22:25:24,401335,2.0,1
MV_A5-Weekday-131500_M116_715,M116,d1,30,22:26:04,22:26:04,401336,2.0,1
MV_A5-Weekday-131500_M116_715,M116,d1,31,22:27:00,22:27:00,401337,3.0,1
MV_A5-Weekday-131500_M116_715,M116,d1,32,22:27:46,22:27:46,401338,2.0,1
MV_A5-Weekday-131500_M116_715,M116,d1,33,22:28:51,22:28:51,401339,3.0,1
MV_A5-Weekday-131500_M116_715,M116,d1,34,22:29:39,22:29:39,404136,3.0,1
MV_A5-Weekday-131500_M116_715,M116,d1,35,22:30:24,22:30:24,401341,3.0,1
MV_A5-Weekday-131500_M116_715,M116,d1,36,22:31:33,22:31:33,401342,2.0,1
MV_A5-Weekday-131500_M116_715,M116,d1,37,22:32:22,22:32:22,401343,2.0,1
MV_A5-Weekday-131500_M116_715,M116,d1,38,22:33:09,22:33:09,401344,2.0,1
MV_A5-Weekday-131500_M116_715,M116,d1,39,22:33:54,22:33:54,401345,3.0,1
MV_A5-Weekday-131500_M116_715,M116,d1,40,22:34:40,22:34:40,404987,3.0,1
MV_A5-Weekday-131500_M116_715,M116,d1,41,22:35:24,22:35:24,404988,3.0,1
MV_A5-Weekday-131500_M116_715,M116,d1,42,22:37:00,22:37:00,401348,2.0,1
MV_A5-Weekday-131500_M116_715,M116,d1,43,22:37:35,22:37:35,400860,3.0,1
MV_A5-Weekday-131500_M116_715,M116,d1,44,22:38:20,22:38:20,400861,3.0,1
MV_A5-Weekday-131500_M116_715,M116,d1,45,22:39:00,22:39:00,405376,3.0,1
MV_A5-Weekday-037000_M116_703,M116,d1,1,6:10:00,6:10:00,401998,3.0,1
MV_A5-Weekday-037000_M116_703,M116,d1,2,6:10:37,6:10:37,405315,8.0,1
MV_A5-Weekday-037000_M116_703,M116,d1,3,6:11:00,6:11:00,401999,11.0,1
MV_A5-Weekday-037000_M116_703,M116,d1,4,6:12:00,6:12:00,402000,11.0,1
MV_A5-Weekday-037000_M116_703,M116,d1,5,6:13:46,6:13:46,402001,11.0,1
MV_A5-Weekday-037000_M116_703,M116,d1,6,6:14:45,6:14:45,402002,11.0,2
MV_A5-Weekday-037000_M116_703,M116,d1,7,6:15:46,6:15:46,402003,17.0,2
MV_A5-Weekday-037000_M116_703,M116,d1,8,6:16:35,6:16:35,402004,17.0,2
MV_A5-Weekday-037000_M116_703,M116,d1,9,6:18:00,6:18:00,402005,17.0,2
MV_A5-Weekday-037000_M116_703,M116,d1,10,6:18:26,6:18:26,402006,17.0,2
MV_A5-Weekday-037000_M116_703,M116,d1,11,6:20:00,6:20:00,404274,12.0,1
MV_A5-Weekday-037000_M116_703,M116,d1,12,6:21:12,6:21:12,401078,11.0,1
MV_A5-Weekday-037000_M116_703,M116,d1,13,6:22:00,6:22:00,401079,11.0,1
MV_A5-Weekday-037000_M116_703,M116,d1,14,6:22:54,6:22:54,400482,11.0,1
MV_A5-Weekday-037000_M116_703,M116,d1,15,6:23:26,6:23:26,400483,11.0,1
MV_A5-Weekday-037000_M116_703,M116,d1,16,6:24:23,6:24:23,400484,11.0,1
MV_A5-Weekday-037000_M116_703,M116,d1,17,6:25:10,6:25:10,403392,11.0,1
MV_A5-Weekday-037000_M116_703,M116,d1,18,6:25:49,6:25:49,401084,11.0,1
MV_A5-Weekday-037000_M116_703,M116,d1,19,6:26:23,6:26:23,401085,11.0,1
MV_A5-Weekday-037000_M116_703,M116,d1,20,6:27:00,6:27:00,402016,11.0,1
MV_A5-Weekday-037000_M116_703,M116,d1,21,6:27:41,6:27:41,402017,9.0,1
MV_A5-Weekday-037000_M116_703,M116,d1,22,6:28:00,6:28:00,401977,9.0,1
MV_A5-Weekday-042800_M116_701,M116,d1,1,7:08:00,7:08:00,401998,27.0,2
MV_A5-Weekday-042800_M116_701,M116,d1,2,7:08:37,7:08:37,405315,27.0,2
MV_A5-Weekday-042800_M116_701,M116,d1,3,7:09:00,7:09:00,401999,27.0,2
MV_A5-Weekday-042800_M116_701,M116,d1,4,7:10:09,7:10:09,402000,27.0,3
MV_A5-Weekday-042800_M116_701,M116,d1,5,7:12:10,7:12:10,402001,45.0,3
MV_A5-Weekday-042800_M116_701,M116,d1,6,7:13:17,7:13:17,402002,45.0,3
MV_A5-Weekday-042800_M116_701,M116,d1,7,7:14:27,7:14:27,402003,45.0,3
MV_A5-Weekday-042800_M116_701,M116,d1,8,7:15:23,7:15:23,402004,27.0,2
MV_A5-Weekday-042800_M116_701,M116,d1,9,7:17:00,7:17:00,402005,27.0,2
MV_A5-Weekday-042800_M116_701,M116,d1,10,7:17:39,7:17:39,402006,27.0,2
MV_A5-Weekday-042800_M116_701,M116,d1,11,7:20:00,7:20:00,404274,24.0,2
MV_A5-Weekday-042800_M116_701,M116,d1,12,7:21:48,7:21:48,401078,17.0,2
MV_A5-Weekday-042800_M116_701,M116,d1,13,7:23:00,7:23:00,401079,17.0,2
MV_A5-Weekday-042800_M116_701,M116,d1,14,7:24:26,7:24:26,400482,7.0,1
MV_A5-Weekday-042800_M116_701,M116,d1,15,7:25:18,7:25:18,400483,8.0,1
MV_A5-Weekday-042800_M116_701,M116,d1,16,7:26:49,7:26:49,400484,8.0,1
MV_A5-Weekday-042800_M116_701,M116,d1,17,7:28:04,7:28:04,403392,8.0,1
MV_A5-Weekday-042800_M116_701,M116,d1,18,7:29:07,7:29:07,401084,8.0,1
MV_A5-Weekday-042800_M116_701,M116,d1,19,7:30:01,7:30:01,401085,8.0,1
MV_A5-Weekday-042800_M116_701,M116,d1,20,7:31:00,7:31:00,402016,8.0,1
MV_A5-Weekday-042800_M116_701,M116,d1,21,7:31:41,7:31:41,402017,8.0,1
MV_A5-Weekday-042800_M116_701,M116,d1,22,7:32:00,7:32:00,401977,8.0,1
MV_A5-Weekday-SDon-074200_M116_702,M116,d1,1,12:22:00,12:22:00,401998,5.0,2
MV_A5-Weekday-SDon-074200_M116_702,M116,d1,2,12:22:37,12:22:37,405315,23.0,3
MV_A5-Weekday-SDon-074200_M116_702,M116,d1,3,12:23:00,12:23:00,401999,36.0,3
MV_A5-Weekday-SDon-074200_M116_702,M116,d1,4,12:24:26,12:24:26,402000,29.0,2
MV_A5-Weekday-SDon-074200_M116_702,M116,d1,5,12:26:58,12:26:58,402001,23.0,2
MV_A5-Weekday-SDon-074200_M116_702,M116,d1,6,12:28:21,12:28:21,402002,31.0,3
MV_A5-Weekday-SDon-074200_M116_702,M116,d1,7,12:29:49,12:29:49,402003,35.0,3
MV_A5-Weekday-SDon-074200_M116_702,M116,d1,8,12:30:59,12:30:59,402004,35.0,3
MV_A5-Weekday-SDon-074200_M116_702,M116,d1,9,12:33:00,12:33:00,402005,35.0,3
MV_A5-Weekday-SDon-074200_M116_702,M116,d1,10,12:33:52,12:33:52,402006,32.0,2
MV_A5-Weekday-SDon-074200_M116_702,M116,d1,11,12:37:00,12:37:00,404274,22.0,2
MV_A5-Weekday-SDon-074200_M116_702,M116,d1,12,12:39:24,12:39:24,401078,22.0,2
MV_A5-Weekday-SDon-074200_M116_702,M116,d1,13,12:41:00,12:41:00,401079,17.0,2
MV_A5-Weekday-SDon-074200_M116_702,M116,d1,14,12:42:26,12:42:26,400482,5.0,2
MV_A5-Weekday-SDon-074200_M116_702,M116,d1,15,12:43:18,12:43:18,400483,17.0,2
MV_A5-Weekday-SDon-074200_M116_702,M116,d1,16,12:44:49,12:44:49,400484,17.0,2
MV_A5-Weekday-SDon-074200_M116_702,M116,d1,17,12:46:04,12:46:04,403392,16.0,1
MV_A5-Weekday-SDon-074200_M116_702,M116,d1,18,12:47:07,12:47:07,401084,14.0,1
MV_A5-Weekday-SDon-074200_M116_702,M116,d1,19,12:48:01,12:48:01,401085,14.0,1
MV_A5-Weekday-SDon-074200_M116_702,M116,d1,20,12:49:00,12:49:00,402016,12.0,1
MV_A5-Weekday-SDon-074200_M116_702,M116,d1,21,12:49:41,12:49:41,402017,5.0,1
MV_A5-Weekday-SDon-074200_M116_702,M116,d1,22,12:50:00,12:50:00,401977,5.0,1
MV_A5-Weekday-053100_M116_703,M116,d1,1,8:51:00,8:51:00,401998,9.0,1
MV_A5-Weekday-053100_M116_703,M116,d1,2,8:51:37,8:51:37,405315,9.0,1
MV_A5-Weekday-053100_M116_703,M116,d1,3,8:52:00,8:52:00,401999,16.0,1
MV_A5-Weekday-053100_M116_703,M116,d1,4,8:53:26,8:53:26,402000,16.0,1
MV_A5-Weekday-053100_M116_703,M116,d1,5,8:55:58,8:55:58,402001,16.0,1
MV_A5-Weekday-053100_M116_703,M116,d1,6,8:57:21,8:57:21,402002,16.0,2
MV_A5-Weekday-053100_M116_703,M116,d1,7,8:58:49,8:58:49,402003,21.0,2
MV_A5-Weekday-053100_M116_703,M116,d1,8,8:59:59,8:59:59,402004,21.0,2
MV_A5-Weekday-053100_M116_703,M116,d1,9,9:02:00,9:02:00,402005,21.0,2
MV_A5-Weekday-053100_M116_703,M116,d1,10,9:02:52,9:02:52,402006,21.0,2
MV_A5-Weekday-053100_M116_703,M116,d1,11,9:06:00,9:06:00,404274,21.0,2
MV_A5-Weekday-053100_M116_703,M116,d1,12,9:08:24,9:08:24,401078,21.0,2
MV_A5-Weekday-053100_M116_703,M116,d1,13,9:10:00,9:10:00,401079,21.0,2
MV_A5-Weekday-053100_M116_703,M116,d1,14,9:11:26,9:11:26,400482,21.0,2
MV_A5-Weekday-053100_M116_703,M116,d1,15,9:12:18,9:12:18,400483,21.0,2
MV_A5-Weekday-053100_M116_703,M116,d1,16,9:13:49,9:13:49,400484,21.0,2
MV_A5-Weekday-053100_M116_703,M116,d1,17,9:15:04,9:15:04,403392,21.0,2
MV_A5-Weekday-053100_M116_703,M116,d1,18,9:16:07,9:16:07,401084,21.0,2
MV_A5-Weekday-053100_M116_703,M116,d1,19,9:17:01,9:17:01,401085,21.0,2
MV_A5-Weekday-053100_M116_703,M116,d1,20,9:18:00,9:18:00,402016,21.0,2
MV_A5-Weekday-053100_M116_703,M116,d1,21,9:18:41,9:18:41,402017,21.0,2
MV_A5-Weekday-053100_M116_703,M116,d1,22,9:19:00,9:19:00,401977,21.0,2
MV_A5-Weekday-060200_M116_706,M116,d1,1,10:02:00,10:02:00,401998,6.0,1
MV_A5-Weekday-060200_M116_706,M116,d1,2,10:02:37,10:02:37,405315,14.0,1
MV_A5-Weekday-060200_M116_706,M116,d1,3,10:03:00,10:03:00,401999,8.0,2
MV_A5-Weekday-060200_M116_706,M116,d1,4,10:04:26,10:04:26,402000,21.0,2
MV_A5-Weekday-060200_M116_706,M116,d1,5,10:06:58,10:06:58,402001,23.0,2
MV_A5-Weekday-060200_M116_706,M116,d1,6,10:08:21,10:08:21,402002,13.0,2
MV_A5-Weekday-060200_M116_706,M116,d1,7,10:09:49,10:09:49,402003,28.0,2
MV_A5-Weekday-060200_M116_706,M116,d1,8,10:10:59,10:10:59,402004,29.0,2
MV_A5-Weekday-060200_M116_706,M116,d1,9,10:13:00,10:13:00,402005,29.0,2
MV_A5-Weekday-060200_M116_706,M116,d1,10,10:13:52,10:13:52,402006,27.0,2
MV_A5-Weekday-060200_M116_706,M116,d1,11,10:17:00,10:17:00,404274,26.0,2
MV_A5-Weekday-060200_M116_706,M116,d1,12,10:19:24,10:19:24,401078,19.0,2
MV_A5-Weekday-060200_M116_706,M116,d1,13,10:21:00,10:21:00,401079,11.0,2
MV_A5-Weekday-060200_M116_706,M116,d1,14,10:22:26,10:22:26,400482,20.0,2
MV_A5-Weekday-060200_M116_706,M116,d1,15,10:23:18,10:23:18,400483,20.0,2
MV_A5-Weekday-060200_M116_706,M116,d1,16,10:24:49,10:24:49,400484,20.0,2
MV_A5-Weekday-060200_M116_706,M116,d1,17,10:26:04,10:26:04,403392,8.0,1
MV_A5-Weekday-060200_M116_706,M116,d1,18,10:27:07,10:27:07,401084,8.0,1
MV_A5-Weekday-060200_M116_706,M116,d1,19,10:28:01,10:28:01,401085,7.0,2
MV_A5-Weekday-060200_M116_706,M116,d1,20,10:29:00,10:29:00,402016,18.0,2
MV_A5-Weekday-060200_M116_706,M116,d1,21,10:29:41,10:29:41,402017,18.0,2
MV_A5-Weekday-060200_M116_706,M116,d1,22,10:30:00,10:30:00,401977,18.0,2
MV_A5-Weekday-044300_M116_703,M116,d1,1,7:23:00,7:23:00,401998,10.0,1
MV_A5-Weekday-044300_M116_703,M116,d1,2,7:23:37,7:23:37,405315,10.0,1
MV_A5-Weekday-044300_M116_703,M116,d1,3,7:24:00,7:24:00,401999,14.0,1
MV_A5-Weekday-044300_M116_703,M116,d1,4,7:25:09,7:25:09,402000,14.0,2
MV_A5-Weekday-044300_M116_703,M116,d1,5,7:27:10,7:27:10,402001,19.0,2
MV_A5-Weekday-044300_M116_703,M116,d1,6,7:28:17,7:28:17,402002,31.0,2
MV_A5-Weekday-044300_M116_703,M116,d1,7,7:29:27,7:29:27,402003,31.0,2
MV_A5-Weekday-044300_M116_703,M116,d1,8,7:30:23,7:30:23,402004,31.0,2
MV_A5-Weekday-044300_M116_703,M116,d1,9,7:32:00,7:32:00,402005,31.0,2
MV_A5-Weekday-044300_M116_703,M116,d1,10,7:32:52,7:32:52,402006,32.0,2
MV_A5-Weekday-044300_M116_703,M116,d1,11,7:36:00,7:36:00,404274,32.0,2
MV_A5-Weekday-044300_M116_703,M116,d1,12,7:37:48,7:37:48,401078,32.0,2
MV_A5-Weekday-044300_M116_703,M116,d1,13,7:39:00,7:39:00,401079,32.0,2
MV_A5-Weekday-044300_M116_703,M116,d1,14,7:40:48,7:40:48,400482,9.0,1
MV_A5-Weekday-044300_M116_703,M116,d1,15,7:41:52,7:41:52,400483,9.0,1
MV_A5-Weekday-044300_M116_703,M116,d1,16,7:43:46,7:43:46,400484,9.0,1
MV_A5-Weekday-044300_M116_703,M116,d1,17,7:45:20,7:45:20,403392,9.0,1
MV_A5-Weekday-044300_M116_703,M116,d1,18,7:46:39,7:46:39,401084,9.0,1
MV_A5-Weekday-044300_M116_703,M116,d1,19,7:47:46,7:47:46,401085,9.0,1
MV_A5-Weekday-044300_M116_703,M116,d1,20,7:49:00,7:49:00,402016,9.0,1
MV_A5-Weekday-044300_M116_703,M116,d1,21,7:49:41,7:49:41,402017,9.0,1
MV_A5-Weekday-044300_M116_703,M116,d1,22,7:50:00,7:50:00,401977,9.0,1
MV_A5-Weekday-SDon-055000_M116_X02,M116,d1,1,9:10:00,9:10:00,401998,11.0,2
MV_A5-Weekday-SDon-055000_M116_X02,M116,d1,2,9:10:37,9:10:37,405315,20.0,2
MV_A5-Weekday-SDon-055000_M116_X02,M116,d1,3,9:11:00,9:11:00,401999,17.0,2
MV_A5-Weekday-SDon-055000_M116_X02,M116,d1,4,9:12:26,9:12:26,402000,23.0,2
MV_A5-Weekday-SDon-055000_M116_X02,M116,d1,5,9:14:58,9:14:58,402001,21.0,2
MV_A5-Weekday-SDon-055000_M116_X02,M116,d1,6,9:16:21,9:16:21,402002,32.0,3
MV_A5-Weekday-SDon-055000_M116_X02,M116,d1,7,9:17:49,9:17:49,402003,37.0,3
MV_A5-Weekday-SDon-055000_M116_X02,M116,d1,8,9:18:59,9:18:59,402004,38.0,3
MV_A5-Weekday-SDon-055000_M116_X02,M116,d1,9,9:21:00,9:21:00,402005,19.0,3
MV_A5-Weekday-SDon-055000_M116_X02,M116,d1,10,9:21:52,9:21:52,402006,37.0,3
MV_A5-Weekday-SDon-055000_M116_X02,M116,d1,11,9:25:00,9:25:00,404274,29.0,2
MV_A5-Weekday-SDon-055000_M116_X02,M116,d1,12,9:27:24,9:27:24,401078,27.0,2
MV_A5-Weekday-SDon-055000_M116_X02,M116,d1,13,9:29:00,9:29:00,401079,19.0,2
MV_A5-Weekday-SDon-055000_M116_X02,M116,d1,14,9:30:26,9:30:26,400482,6.0,2
MV_A5-Weekday-SDon-055000_M116_X02,M116,d1,15,9:31:18,9:31:18,400483,18.0,2
MV_A5-Weekday-SDon-055000_M116_X02,M116,d1,16,9:32:49,9:32:49,400484,6.0,1
MV_A5-Weekday-SDon-055000_M116_X02,M116,d1,17,9:34:04,9:34:04,403392,4.0,2
MV_A5-Weekday-SDon-055000_M116_X02,M116,d1,18,9:35:07,9:35:07,401084,18.0,2
MV_A5-Weekday-SDon-055000_M116_X02,M116,d1,19,9:36:01,9:36:01,401085,1.0,1
MV_A5-Weekday-SDon-055000_M116_X02,M116,d1,20,9:37:00,9:37:00,402016,1.0,1
MV_A5-Weekday-SDon-055000_M116_X02,M116,d1,21,9:37:41,9:37:41,402017,5.0,1
MV_A5-Weekday-SDon-055000_M116_X02,M116,d1,22,9:38:00,9:38:00,401977,5.0,1
MV_A5-Weekday-SDon-047700_M116_702,M116,d1,1,7:57:00,7:57:00,401998,9.0,3
MV_A5-Weekday-SDon-047700_M116_702,M116,d1,2,7:57:37,7:57:37,405315,37.0,3
MV_A5-Weekday-SDon-047700_M116_702,M116,d1,3,7:58:00,7:58:00,401999,37.0,3
MV_A5-Weekday-SDon-047700_M116_702,M116,d1,4,7:59:17,7:59:17,402000,37.0,3
MV_A5-Weekday-SDon-047700_M116_702,M116,d1,5,8:01:34,8:01:34,402001,42.0,3
MV_A5-Weekday-SDon-047700_M116_702,M116,d1,6,8:02:49,8:02:49,402002,42.0,3
MV_A5-Weekday-SDon-047700_M116_702,M116,d1,7,8:04:08,8:04:08,402003,48.0,3
MV_A5-Weekday-SDon-047700_M116_702,M116,d1,8,8:05:11,8:05:11,402004,48.0,4
MV_A5-Weekday-SDon-047700_M116_702,M116,d1,9,8:07:00,8:07:00,402005,53.0,4
MV_A5-Weekday-SDon-047700_M116_702,M116,d1,10,8:07:52,8:07:52,402006,55.0,4
MV_A5-Weekday-SDon-047700_M116_702,M116,d1,11,8:11:00,8:11:00,404274,33.0,3
MV_A5-Weekday-SDon-047700_M116_702,M116,d1,12,8:12:48,8:12:48,401078,33.0,3
MV_A5-Weekday-SDon-047700_M116_702,M116,d1,13,8:14:00,8:14:00,401079,27.0,2
MV_A5-Weekday-SDon-047700_M116_702,M116,d1,14,8:15:48,8:15:48,400482,26.0,2
MV_A5-Weekday-SDon-047700_M116_702,M116,d1,15,8:16:52,8:16:52,400483,28.0,2
MV_A5-Weekday-SDon-047700_M116_702,M116,d1,16,8:18:46,8:18:46,400484,26.0,2
MV_A5-Weekday-SDon-047700_M116_702,M116,d1,17,8:20:20,8:20:20,403392,22.0,2
MV_A5-Weekday-SDon-047700_M116_702,M116,d1,18,8:21:39,8:21:39,401084,24.0,2
MV_A5-Weekday-SDon-047700_M116_702,M116,d1,19,8:22:46,8:22:46,401085,10.0,2
MV_A5-Weekday-SDon-047700_M116_702,M116,d1,20,8:24:00,8:24:00,402016,26.0,2
MV_A5-Weekday-SDon-047700_M116_702,M116,d1,21,8:24:41,8:24:41,402017,8.0,1
MV_A5-Weekday-SDon-047700_M116_702,M116,d1,22,8:25:00,8:25:00,401977,8.0,1
MV_A5-Weekday-SDon-152500_M116_718,M116,d1,1,25:25:00,25:25:00,404135,1.0,1
MV_A5-Weekday-SDon-152500_M116_718,M116,d1,2,25:25:46,25:25:46,401305,3.0,1
MV_A5-Weekday-SDon-152500_M116_718,M116,d1,3,25:26:12,25:26:12,401306,2.0,1
MV_A5-Weekday-SDon-152500_M116_718,M116,d1,4,25:26:54,25:26:54,401307,3.0,1
MV_A5-Weekday-SDon-152500_M116_718,M116,d1,5,25:27:28,25:27:28,401308,1.0,1
MV_A5-Weekday-SDon-152500_M116_718,M116,d1,6,25:28:36,25:28:36,404824,3.0,1
MV_A5-Weekday-SDon-152500_M116_718,M116,d1,7,25:29:21,25:29:21,401310,4.0,1
MV_A5-Weekday-SDon-152500_M116_718,M116,d1,8,25:30:22,25:30:22,401311,4.0,1
MV_A5-Weekday-SDon-152500_M116_718,M116,d1,9,25:31:03,25:31:03,401312,4.0,1
MV_A5-Weekday-SDon-152500_M116_718,M116,d1,10,25:31:44,25:31:44,401313,4.0,1
MV_A5-Weekday-SDon-152500_M116_718,M116,d1,11,25:32:48,25:32:48,401314,4.0,1
MV_A5-Weekday-SDon-152500_M116_718,M116,d1,12,25:33:31,25:33:31,401315,3.0,1
MV_A5-Weekday-SDon-152500_M116_718,M116,d1,13,25:34:39,25:34:39,401317,1.0,1
MV_A5-Weekday-SDon-152500_M116_718,M116,d1,14,25:35:10,25:35:10,403276,3.0,1
MV_A5-Weekday-SDon-152500_M116_718,M116,d1,15,25:36:00,25:36:00,401318,2.0,1
MV_A5-Weekday-SDon-152500_M116_718,M116,d1,16,25:37:23,25:37:23,405289,2.0,1
MV_A5-Weekday-SDon-152500_M116_718,M116,d1,17,25:38:04,25:38:04,404245,2.0,1
MV_A5-Weekday-SDon-152500_M116_718,M116,d1,18,25:39:00,25:39:00,404915,2.0,1
MV_A5-Weekday-SDon-152500_M116_718,M116,d1,19,25:39:30,25:39:30,405247,2.0,1
MV_A5-Weekday-SDon-152500_M116_718,M116,d1,20,25:40:18,25:40:18,401324,2.0,1
MV_A5-Weekday-SDon-152500_M116_718,M116,d1,21,25:41:43,25:41:43,401326,2.0,1
MV_A5-Weekday-SDon-152500_M116_718,M116,d1,22,25:42:20,25:42:20,401327,2.0,1
MV_A5-Weekday-SDon-152500_M116_718,M116,d1,23,25:43:04,25:43:04,401328,2.0,1
MV_A5-Weekday-SDon-152500_M116_718,M116,d1,24,25:43:43,25:43:43,401329,3.0,1
MV_A5-Weekday-SDon-152500_M116_718,M116,d1,25,25:44:24,25:44:24,401330,3.0,1
MV_A5-Weekday-SDon-152500_M116_718,M116,d1,26,25:45:16,25:45:16,401331,3.0,1
MV_A5-Weekday-SDon-152500_M116_718,M116,d1,27,25:46:23,25:46:23,401333,3.0,1
MV_A5-Weekday-SDon-152500_M116_718,M116,d1,28,25:47:00,25:47:00,401334,3.0,1
MV_A5-Weekday-SDon-152500_M116_718,M116,d1,29,25:47:40,25:47:40,401335,3.0,1
MV_A5-Weekday-SDon-152500_M116_718,M116,d1,30,25:48:13,25:48:13,401336,3.0,1
MV_A5-Weekday-SDon-152500_M116_718,M116,d1,31,25:49:00,25:49:00,401337,3.0,1
MV_A5-Weekday-SDon-152500_M116_718,M116,d1,32,25:49:37,25:49:37,401338,3.0,1
MV_A5-Weekday-SDon-152500_M116_718,M116,d1,33,25:50:29,25:50:29,401339,3.0,1
MV_A5-Weekday-SDon-152500_M116_718,M116,d1,34,25:51:07,25:51:07,404136,3.0,1
MV_A5-Weekday-SDon-152500_M116_718,M116,d1,35,25:51:43,25:51:43,401341,2.0,1
MV_A5-Weekday-SDon-152500_M116_718,M116,d1,36,25:52:39,25:52:39,401342,2.0,1
MV_A5-Weekday-SDon-152500_M116_718,M116,d1,37,25:53:18,25:53:18,401343,2.0,1
MV_A5-Weekday-SDon-152500_M116_718,M116,d1,38,25:53:55,25:53:55,401344,2.0,1
MV_A5-Weekday-SDon-152500_M116_718,M116,d1,39,25:54:32,25:54:32,401345,2.0,1
MV_A5-Weekday-SDon-152500_M116_718,M116,d1,40,25:55:08,25:55:08,404987,2.0,1
MV_A5-Weekday-SDon-152500_M116_718,M116,d1,41,25:55:43,25:55:43,404988,1.0,1
MV_A5-Weekday-SDon-152500_M116_718,M116,d1,42,25:57:00,25:57:00,401348,2.0,1
MV_A5-Weekday-SDon-152500_M116_718,M116,d1,43,25:57:17,25:57:17,400860,1.0,1
MV_A5-Weekday-SDon-152500_M116_718,M116,d1,44,25:57:40,25:57:40,400861,1.0,1
MV_A5-Weekday-SDon-152500_M116_718,M116,d1,45,25:58:00,25:58:00,405376,1.0,1
MV_A5-Weekday-052500_M116_711,M116,d1,1,8:45:00,8:45:00,401998,8.0,1
MV_A5-Weekday-052500_M116_711,M116,d1,2,8:45:37,8:45:37,405315,8.0,1
MV_A5-Weekday-052500_M116_711,M116,d1,3,8:46:00,8:46:00,401999,8.0,1
MV_A5-Weekday-052500_M116_711,M116,d1,4,8:47:26,8:47:26,402000,8.0,1
MV_A5-Weekday-052500_M116_711,M116,d1,5,8:49:58,8:49:58,402001,8.0,1
MV_A5-Weekday-052500_M116_711,M116,d1,6,8:51:21,8:51:21,402002,8.0,1
MV_A5-Weekday-052500_M116_711,M116,d1,7,8:52:49,8:52:49,402003,12.0,1
MV_A5-Weekday-052500_M116_711,M116,d1,8,8:53:59,8:53:59,402004,12.0,1
MV_A5-Weekday-052500_M116_711,M116,d1,9,8:56:00,8:56:00,402005,15.0,1
MV_A5-Weekday-052500_M116_711,M116,d1,10,8:56:52,8:56:52,402006,15.0,2
MV_A5-Weekday-052500_M116_711,M116,d1,11,9:00:00,9:00:00,404274,18.0,2
MV_A5-Weekday-052500_M116_711,M116,d1,12,9:02:24,9:02:24,401078,18.0,2
MV_A5-Weekday-052500_M116_711,M116,d1,13,9:04:00,9:04:00,401079,18.0,2
MV_A5-Weekday-052500_M116_711,M116,d1,14,9:05:26,9:05:26,400482,18.0,2
MV_A5-Weekday-052500_M116_711,M116,d1,15,9:06:18,9:06:18,400483,18.0,2
MV_A5-Weekday-052500_M116_711,M116,d1,16,9:07:49,9:07:49,400484,18.0,2
MV_A5-Weekday-052500_M116_711,M116,d1,17,9:09:04,9:09:04,403392,18.0,2
MV_A5-Weekday-052500_M116_711,M116,d1,18,9:10:07,9:10:07,401084,18.0,2
MV_A5-Weekday-052500_M116_711,M116,d1,19,9:11:01,9:11:01,401085,18.0,2
MV_A5-Weekday-052500_M116_711,M116,d1,20,9:12:00,9:12:00,402016,18.0,2
MV_A5-Weekday-052500_M116_711,M116,d1,21,9:12:41,9:12:41,402017,18.0,2
MV_A5-Weekday-052500_M116_711,M116,d1,22,9:13:00,9:13:00,401977,18.0,2
MV_A5-Weekday-089200_M116_716,M116,d1,1,14:52:00,14:52:00,401998,22.0,2
MV_A5-Weekday-089200_M116_716,M116,d1,2,14:52:37,14:52:37,405315,22.0,2
MV_A5-Weekday-089200_M116_716,M116,d1,3,14:53:00,14:53:00,401999,29.0,2
MV_A5-Weekday-089200_M116_716,M116,d1,4,14:54:26,14:54:26,402000,29.0,2
MV_A5-Weekday-089200_M116_716,M116,d1,5,14:56:58,14:56:58,402001,29.0,2
MV_A5-Weekday-089200_M116_716,M116,d1,6,14:58:21,14:58:21,402002,29.0,2
MV_A5-Weekday-089200_M116_716,M116,d1,7,14:59:49,14:59:49,402003,29.0,2
MV_A5-Weekday-089200_M116_716,M116,d1,8,15:00:59,15:00:59,402004,29.0,2
MV_A5-Weekday-089200_M116_716,M116,d1,9,15:03:00,15:03:00,402005,29.0,2
MV_A5-Weekday-089200_M116_716,M116,d1,10,15:03:52,15:03:52,402006,29.0,2
MV_A5-Weekday-089200_M116_716,M116,d1,11,15:07:00,15:07:00,404274,29.0,2
MV_A5-Weekday-089200_M116_716,M116,d1,12,15:09:24,15:09:24,401078,29.0,2
MV_A5-Weekday-089200_M116_716,M116,d1,13,15:11:00,15:11:00,401079,29.0,2
MV_A5-Weekday-089200_M116_716,M116,d1,14,15:12:26,15:12:26,400482,29.0,2
MV_A5-Weekday-089200_M116_716,M116,d1,15,15:13:18,15:13:18,400483,29.0,2
MV_A5-Weekday-089200_M116_716,M116,d1,16,15:14:49,15:14:49,400484,29.0,2
MV_A5-Weekday-089200_M116_716,M116,d1,17,15:16:04,15:16:04,403392,29.0,2
MV_A5-Weekday-089200_M116_716,M116,d1,18,15:17:07,15:17:07,401084,29.0,2
MV_A5-Weekday-089200_M116_716,M116,d1,19,15:18:01,15:18:01,401085,29.0,2
MV_A5-Weekday-089200_M116_716,M116,d1,20,15:19:00,15:19:00,402016,29.0,2
MV_A5-Weekday-089200_M116_716,M116,d1,21,15:19:41,15:19:41,402017,29.0,2
MV_A5-Weekday-089200_M116_716,M116,d1,22,15:20:00,15:20:00,401977,29.0,2
MV_A5-Weekday-SDon-122500_M116_716,M116,d1,1,20:25:00,20:25:00,404135,4.0,1
MV_A5-Weekday-SDon-122500_M116_716,M116,d1,2,20:26:07,20:26:07,401305,8.0,1
MV_A5-Weekday-SDon-122500_M116_716,M116,d1,3,20:26:44,20:26:44,401306,8.0,2
MV_A5-Weekday-SDon-122500_M116_716,M116,d1,4,20:27:46,20:27:46,401307,19.0,2
MV_A5-Weekday-SDon-122500_M116_716,M116,d1,5,20:28:36,20:28:36,401308,19.0,2
MV_A5-Weekday-SDon-122500_M116_716,M116,d1,6,20:30:14,20:30:14,404824,19.0,2
MV_A5-Weekday-SDon-122500_M116_716,M116,d1,7,20:31:20,20:31:20,401310,11.0,1
MV_A5-Weekday-SDon-122500_M116_716,M116,d1,8,20:32:49,20:32:49,401311,4.0,1
MV_A5-Weekday-SDon-122500_M116_716,M116,d1,9,20:33:48,20:33:48,401312,5.0,1
MV_A5-Weekday-SDon-122500_M116_716,M116,d1,10,20:34:47,20:34:47,401313,4.0,1
MV_A5-Weekday-SDon-122500_M116_716,M116,d1,11,20:36:21,20:36:21,401314,14.0,1
MV_A5-Weekday-SDon-122500_M116_716,M116,d1,12,20:37:23,20:37:23,401315,14.0,1
MV_A5-Weekday-SDon-122500_M116_716,M116,d1,13,20:39:02,20:39:02,401317,6.0,1
MV_A5-Weekday-SDon-122500_M116_716,M116,d1,14,20:39:47,20:39:47,403276,7.0,1
MV_A5-Weekday-SDon-122500_M116_716,M116,d1,15,20:41:00,20:41:00,401318,9.0,1
MV_A5-Weekday-SDon-122500_M116_716,M116,d1,16,20:43:46,20:43:46,405289,14.0,1
MV_A5-Weekday-SDon-122500_M116_716,M116,d1,17,20:45:08,20:45:08,404245,11.0,1
MV_A5-Weekday-SDon-122500_M116_716,M116,d1,18,20:47:00,20:47:00,404915,7.0,1
MV_A5-Weekday-SDon-122500_M116_716,M116,d1,19,20:47:39,20:47:39,405247,7.0,1
MV_A5-Weekday-SDon-122500_M116_716,M116,d1,20,20:48:41,20:48:41,401324,5.0,1
MV_A5-Weekday-SDon-122500_M116_716,M116,d1,21,20:50:32,20:50:32,401326,5.0,1
MV_A5-Weekday-SDon-122500_M116_716,M116,d1,22,20:51:20,20:51:20,401327,5.0,1
MV_A5-Weekday-SDon-122500_M116_716,M116,d1,23,20:52:18,20:52:18,401328,4.0,1
MV_A5-Weekday-SDon-122500_M116_716,M116,d1,24,20:53:08,20:53:08,401329,4.0,1
MV_A5-Weekday-SDon-122500_M116_716,M116,d1,25,20:54:01,20:54:01,401330,4.0,1
MV_A5-Weekday-SDon-122500_M116_716,M116,d1,26,20:55:09,20:55:09,401331,2.0,1
MV_A5-Weekday-SDon-122500_M116_716,M116,d1,27,20:56:36,20:56:36,401333,3.0,1
MV_A5-Weekday-SDon-122500_M116_716,M116,d1,28,20:57:25,20:57:25,401334,2.0,1
MV_A5-Weekday-SDon-122500_M116_716,M116,d1,29,20:58:16,20:58:16,401335,2.0,1
MV_A5-Weekday-SDon-122500_M116_716,M116,d1,30,20:58:59,20:58:59,401336,2.0,1
MV_A5-Weekday-SDon-122500_M116_716,M116,d1,31,21:00:00,21:00:00,401337,2.0,1
MV_A5-Weekday-SDon-122500_M116_716,M116,d1,32,21:00:46,21:00:46,401338,2.0,1
MV_A5-Weekday-SDon-122500_M116_716,M116,d1,33,21:01:51,21:01:51,401339,4.0,1
MV_A5-Weekday-SDon-122500_M116_716,M116,d1,34,21:02:39,21:02:39,404136,4.0,1
MV_A5-Weekday-SDon-122500_M116_716,M116,d1,35,21:03:24,21:03:24,401341,4.0,1
MV_A5-Weekday-SDon-122500_M116_716,M116,d1,36,21:04:33,21:04:33,401342,2.0,1
MV_A5-Weekday-SDon-122500_M116_716,M116,d1,37,21:05:22,21:05:22,401343,4.0,1
MV_A5-Weekday-SDon-122500_M116_716,M116,d1,38,21:06:09,21:06:09,401344,1.0,1
MV_A5-Weekday-SDon-122500_M116_716,M116,d1,39,21:06:54,21:06:54,401345,4.0,1
MV_A5-Weekday-SDon-122500_M116_716,M116,d1,40,21:07:40,21:07:40,404987,6.0,1
MV_A5-Weekday-SDon-122500_M116_716,M116,d1,41,21:08:24,21:08:24,404988,6.0,1
MV_A5-Weekday-SDon-122500_M116_716,M116,d1,42,21:10:00,21:10:00,401348,6.0,1
MV_A5-Weekday-SDon-122500_M116_716,M116,d1,43,21:10:35,21:10:35,400860,6.0,1
MV_A5-Weekday-SDon-122500_M116_716,M116,d1,44,21:11:20,21:11:20,400861,1.0,1
MV_A5-Weekday-SDon-122500_M116_716,M116,d1,45,21:12:00,21:12:00,405376,1.0,1
MV_A5-Weekday-SDon-084200_M116_707,M116,d1,1,14:02:00,14:02:00,401998,14.0,2
MV_A5-Weekday-SDon-084200_M116_707,M116,d1,2,14:02:37,14:02:37,405315,28.0,3
MV_A5-Weekday-SDon-084200_M116_707,M116,d1,3,14:03:00,14:03:00,401999,42.0,3
MV_A5-Weekday-SDon-084200_M116_707,M116,d1,4,14:04:26,14:04:26,402000,42.0,3
MV_A5-Weekday-SDon-084200_M116_707,M116,d1,5,14:06:58,14:06:58,402001,34.0,3
MV_A5-Weekday-SDon-084200_M116_707,M116,d1,6,14:08:21,14:08:21,402002,11.0,3
MV_A5-Weekday-SDon-084200_M116_707,M116,d1,7,14:09:49,14:09:49,402003,42.0,3
MV_A5-Weekday-SDon-084200_M116_707,M116,d1,8,14:10:59,14:10:59,402004,42.0,3
MV_A5-Weekday-SDon-084200_M116_707,M116,d1,9,14:13:00,14:13:00,402005,39.0,3
MV_A5-Weekday-SDon-084200_M116_707,M116,d1,10,14:13:52,14:13:52,402006,45.0,3
MV_A5-Weekday-SDon-084200_M116_707,M116,d1,11,14:17:00,14:17:00,404274,38.0,3
MV_A5-Weekday-SDon-084200_M116_707,M116,d1,12,14:19:24,14:19:24,401078,34.0,3
MV_A5-Weekday-SDon-084200_M116_707,M116,d1,13,14:21:00,14:21:00,401079,28.0,2
MV_A5-Weekday-SDon-084200_M116_707,M116,d1,14,14:22:26,14:22:26,400482,28.0,2
MV_A5-Weekday-SDon-084200_M116_707,M116,d1,15,14:23:18,14:23:18,400483,9.0,1
MV_A5-Weekday-SDon-084200_M116_707,M116,d1,16,14:24:49,14:24:49,400484,8.0,2
MV_A5-Weekday-SDon-084200_M116_707,M116,d1,17,14:26:04,14:26:04,403392,19.0,2
MV_A5-Weekday-SDon-084200_M116_707,M116,d1,18,14:27:07,14:27:07,401084,19.0,2
MV_A5-Weekday-SDon-084200_M116_707,M116,d1,19,14:28:01,14:28:01,401085,19.0,2
MV_A5-Weekday-SDon-084200_M116_707,M116,d1,20,14:29:00,14:29:00,402016,9.0,1
MV_A5-Weekday-SDon-084200_M116_707,M116,d1,21,14:29:41,14:29:41,402017,10.0,1
MV_A5-Weekday-SDon-084200_M116_707,M116,d1,22,14:30:00,14:30:00,401977,10.0,1
MV_A5-Weekday-SDon-117300_M116_717,M116,d1,1,19:33:00,19:33:00,401998,11.0,1
MV_A5-Weekday-SDon-117300_M116_717,M116,d1,2,19:33:37,19:33:37,405315,12.0,1
MV_A5-Weekday-SDon-117300_M116_717,M116,d1,3,19:34:00,19:34:00,401999,15.0,2
MV_A5-Weekday-SDon-117300_M116_717,M116,d1,4,19:35:09,19:35:09,402000,17.0,2
MV_A5-Weekday-SDon-117300_M116_717,M116,d1,5,19:37:10,19:37:10,402001,25.0,2
MV_A5-Weekday-SDon-117300_M116_717,M116,d1,6,19:38:17,19:38:17,402002,25.0,2
MV_A5-Weekday-SDon-117300_M116_717,M116,d1,7,19:39:27,19:39:27,402003,32.0,3
MV_A5-Weekday-SDon-117300_M116_717,M116,d1,8,19:40:23,19:40:23,402004,33.0,3
MV_A5-Weekday-SDon-117300_M116_717,M116,d1,9,19:42:00,19:42:00,402005,33.0,3
MV_A5-Weekday-SDon-117300_M116_717,M116,d1,10,19:42:39,19:42:39,402006,34.0,3
MV_A5-Weekday-SDon-117300_M116_717,M116,d1,11,19:45:00,19:45:00,404274,34.0,3
MV_A5-Weekday-SDon-117300_M116_717,M116,d1,12,19:47:24,19:47:24,401078,26.0,2
MV_A5-Weekday-SDon-117300_M116_717,M116,d1,13,19:49:00,19:49:00,401079,10.0,1
MV_A5-Weekday-SDon-117300_M116_717,M116,d1,14,19:50:15,19:50:15,400482,6.0,1
MV_A5-Weekday-SDon-117300_M116_717,M116,d1,15,19:51:01,19:51:01,400483,4.0,1
MV_A5-Weekday-SDon-117300_M116_717,M116,d1,16,19:52:20,19:52:20,400484,6.0,1
MV_A5-Weekday-SDon-117300_M116_717,M116,d1,17,19:53:26,19:53:26,403392,13.0,1
MV_A5-Weekday-SDon-117300_M116_717,M116,d1,18,19:54:21,19:54:21,401084,13.0,1
MV_A5-Weekday-SDon-117300_M116_717,M116,d1,19,19:55:08,19:55:08,401085,3.0,1
MV_A5-Weekday-SDon-117300_M116_717,M116,d1,20,19:56:00,19:56:00,402016,11.0,1
MV_A5-Weekday-SDon-117300_M116_717,M116,d1,21,19:56:41,19:56:41,402017,5.0,1
MV_A5-Weekday-SDon-117300_M116_717,M116,d1,22,19:57:00,19:57:00,401977,5.0,1
MV_A5-Weekday-SDon-083200_M116_703,M116,d1,1,13:52:00,13:52:00,401998,12.0,3
MV_A5-Weekday-SDon-083200_M116_703,M116,d1,2,13:52:37,13:52:37,405315,40.0,3
MV_A5-Weekday-SDon-083200_M116_703,M116,d1,3,13:53:00,13:53:00,401999,45.0,3
MV_A5-Weekday-SDon-083200_M116_703,M116,d1,4,13:54:26,13:54:26,402000,45.0,3
MV_A5-Weekday-SDon-083200_M116_703,M116,d1,5,13:56:58,13:56:58,402001,47.0,3
MV_A5-Weekday-SDon-083200_M116_703,M116,d1,6,13:58:21,13:58:21,402002,30.0,3
MV_A5-Weekday-SDon-083200_M116_703,M116,d1,7,13:59:49,13:59:49,402003,34.0,3
MV_A5-Weekday-SDon-083200_M116_703,M116,d1,8,14:00:59,14:00:59,402004,34.0,3
MV_A5-Weekday-SDon-083200_M116_703,M116,d1,9,14:03:00,14:03:00,402005,25.0,2
MV_A5-Weekday-SDon-083200_M116_703,M116,d1,10,14:03:52,14:03:52,402006,30.0,3
MV_A5-Weekday-SDon-083200_M116_703,M116,d1,11,14:07:00,14:07:00,404274,36.0,3
MV_A5-Weekday-SDon-083200_M116_703,M116,d1,12,14:09:24,14:09:24,401078,22.0,2
MV_A5-Weekday-SDon-083200_M116_703,M116,d1,13,14:11:00,14:11:00,401079,11.0,2
MV_A5-Weekday-SDon-083200_M116_703,M116,d1,14,14:12:26,14:12:26,400482,22.0,2
MV_A5-Weekday-SDon-083200_M116_703,M116,d1,15,14:13:18,14:13:18,400483,13.0,2
MV_A5-Weekday-SDon-083200_M116_703,M116,d1,16,14:14:49,14:14:49,400484,20.0,2
MV_A5-Weekday-SDon-083200_M116_703,M116,d1,17,14:16:04,14:16:04,403392,12.0,1
MV_A5-Weekday-SDon-083200_M116_703,M116,d1,18,14:17:07,14:17:07,401084,12.0,1
MV_A5-Weekday-SDon-083200_M116_703,M116,d1,19,14:18:01,14:18:01,401085,11.0,1
MV_A5-Weekday-SDon-083200_M116_703,M116,d1,20,14:19:00,14:19:00,402016,4.0,1
MV_A5-Weekday-SDon-083200_M116_703,M116,d1,21,14:19:41,14:19:41,402017,9.0,1
MV_A5-Weekday-SDon-083200_M116_703,M116,d1,22,14:20:00,14:20:00,401977,9.0,1
MV_A5-Weekday-SDon-045800_M116_708,M116,d1,1,7:38:00,7:38:00,401998,60.0,4
MV_A5-Weekday-SDon-045800_M116_708,M116,d1,2,7:38:37,7:38:37,405315,60.0,4
MV_A5-Weekday-SDon-045800_M116_708,M116,d1,3,7:39:00,7:39:00,401999,60.0,4
MV_A5-Weekday-SDon-045800_M116_708,M116,d1,4,7:40:17,7:40:17,402000,60.0,4
MV_A5-Weekday-SDon-045800_M116_708,M116,d1,5,7:42:34,7:42:34,402001,60.0,4
MV_A5-Weekday-SDon-045800_M116_708,M116,d1,6,7:43:49,7:43:49,402002,60.0,4
MV_A5-Weekday-SDon-045800_M116_708,M116,d1,7,7:45:08,7:45:08,402003,60.0,4
MV_A5-Weekday-SDon-045800_M116_708,M116,d1,8,7:46:11,7:46:11,402004,60.0,4
MV_A5-Weekday-SDon-045800_M116_708,M116,d1,9,7:48:00,7:48:00,402005,60.0,4
MV_A5-Weekday-SDon-045800_M116_708,M116,d1,10,7:48:52,7:48:52,402006,60.0,4
MV_A5-Weekday-SDon-045800_M116_708,M116,d1,11,7:52:00,7:52:00,404274,59.0,4
MV_A5-Weekday-SDon-045800_M116_708,M116,d1,12,7:53:48,7:53:48,401078,33.0,3
MV_A5-Weekday-SDon-045800_M116_708,M116,d1,13,7:55:00,7:55:00,401079,34.0,3
MV_A5-Weekday-SDon-045800_M116_708,M116,d1,14,7:56:48,7:56:48,400482,34.0,3
MV_A5-Weekday-SDon-045800_M116_708,M116,d1,15,7:57:52,7:57:52,400483,34.0,3
MV_A5-Weekday-SDon-045800_M116_708,M116,d1,16,7:59:46,7:59:46,400484,34.0,3
MV_A5-Weekday-SDon-045800_M116_708,M116,d1,17,8:01:20,8:01:20,403392,14.0,2
MV_A5-Weekday-SDon-045800_M116_708,M116,d1,18,8:02:39,8:02:39,401084,19.0,2
MV_A5-Weekday-SDon-045800_M116_708,M116,d1,19,8:03:46,8:03:46,401085,11.0,1
MV_A5-Weekday-SDon-045800_M116_708,M116,d1,20,8:05:00,8:05:00,402016,11.0,1
MV_A5-Weekday-SDon-045800_M116_708,M116,d1,21,8:05:41,8:05:41,402017,3.0,1
MV_A5-Weekday-SDon-045800_M116_708,M116,d1,22,8:06:00,8:06:00,401977,3.0,1
MV_A5-Weekday-045000_M116_707,M116,d1,1,7:30:00,7:30:00,401998,21.0,2
MV_A5-Weekday-045000_M116_707,M116,d1,2,7:30:37,7:30:37,405315,21.0,2
MV_A5-Weekday-045000_M116_707,M116,d1,3,7:31:00,7:31:00,401999,21.0,2
MV_A5-Weekday-045000_M116_707,M116,d1,4,7:32:17,7:32:17,402000,21.0,2
MV_A5-Weekday-045000_M116_707,M116,d1,5,7:34:34,7:34:34,402001,21.0,2
MV_A5-Weekday-045000_M116_707,M116,d1,6,7:35:49,7:35:49,402002,32.0,2
MV_A5-Weekday-045000_M116_707,M116,d1,7,7:37:08,7:37:08,402003,32.0,2
MV_A5-Weekday-045000_M116_707,M116,d1,8,7:38:11,7:38:11,402004,32.0,3
MV_A5-Weekday-045000_M116_707,M116,d1,9,7:40:00,7:40:00,402005,35.0,3
MV_A5-Weekday-045000_M116_707,M116,d1,10,7:40:52,7:40:52,402006,35.0,3
MV_A5-Weekday-045000_M116_707,M116,d1,11,7:44:00,7:44:00,404274,32.0,3
MV_A5-Weekday-045000_M116_707,M116,d1,12,7:45:48,7:45:48,401078,33.0,3
MV_A5-Weekday-045000_M116_707,M116,d1,13,7:47:00,7:47:00,401079,33.0,3
MV_A5-Weekday-045000_M116_707,M116,d1,14,7:48:48,7:48:48,400482,33.0,3
MV_A5-Weekday-045000_M116_707,M116,d1,15,7:49:52,7:49:52,400483,25.0,2
MV_A5-Weekday-045000_M116_707,M116,d1,16,7:51:46,7:51:46,400484,25.0,2
MV_A5-Weekday-045000_M116_707,M116,d1,17,7:53:20,7:53:20,403392,18.0,2
MV_A5-Weekday-045000_M116_707,M116,d1,18,7:54:39,7:54:39,401084,18.0,2
MV_A5-Weekday-045000_M116_707,M116,d1,19,7:55:46,7:55:46,401085,15.0,1
MV_A5-Weekday-045000_M116_707,M116,d1,20,7:57:00,7:57:00,402016,11.0,1
MV_A5-Weekday-045000_M116_707,M116,d1,21,7:57:41,7:57:41,402017,1.0,1
MV_A5-Weekday-045000_M116_707,M116,d1,22,7:58:00,7:58:00,401977,1.0,1
MV_A5-Weekday-087100_M116_712,M116,d1,1,14:31:00,14:31:00,401998,13.0,1
MV_A5-Weekday-087100_M116_712,M116,d1,2,14:31:37,14:31:37,405315,13.0,2
MV_A5-Weekday-087100_M116_712,M116,d1,3,14:32:00,14:32:00,401999,17.0,2
MV_A5-Weekday-087100_M116_712,M116,d1,4,14:33:26,14:33:26,402000,20.0,2
MV_A5-Weekday-087100_M116_712,M116,d1,5,14:35:58,14:35:58,402001,20.0,2
MV_A5-Weekday-087100_M116_712,M116,d1,6,14:37:21,14:37:21,402002,24.0,2
MV_A5-Weekday-087100_M116_712,M116,d1,7,14:38:49,14:38:49,402003,27.0,3
MV_A5-Weekday-087100_M116_712,M116,d1,8,14:39:59,14:39:59,402004,39.0,3
MV_A5-Weekday-087100_M116_712,M116,d1,9,14:42:00,14:42:00,402005,40.0,3
MV_A5-Weekday-087100_M116_712,M116,d1,10,14:42:52,14:42:52,402006,40.0,3
MV_A5-Weekday-087100_M116_712,M116,d1,11,14:46:00,14:46:00,404274,40.0,3
MV_A5-Weekday-087100_M116_712,M116,d1,12,14:48:24,14:48:24,401078,27.0,2
MV_A5-Weekday-087100_M116_712,M116,d1,13,14:50:00,14:50:00,401079,27.0,2
MV_A5-Weekday-087100_M116_712,M116,d1,14,14:51:26,14:51:26,400482,27.0,2
MV_A5-Weekday-087100_M116_712,M116,d1,15,14:52:18,14:52:18,400483,27.0,2
MV_A5-Weekday-087100_M116_712,M116,d1,16,14:53:49,14:53:49,400484,8.0,1
MV_A5-Weekday-087100_M116_712,M116,d1,17,14:55:04,14:55:04,403392,8.0,1
MV_A5-Weekday-087100_M116_712,M116,d1,18,14:56:07,14:56:07,401084,8.0,1
MV_A5-Weekday-087100_M116_712,M116,d1,19,14:57:01,14:57:01,401085,8.0,1
MV_A5-Weekday-087100_M116_712,M116,d1,20,14:58:00,14:58:00,402016,8.0,1
MV_A5-Weekday-087100_M116_712,M116,d1,21,14:58:41,14:58:41,402017,8.0,1
MV_A5-Weekday-087100_M116_712,M116,d1,22,14:59:00,14:59:00,401977,8.0,1
MV_A5-Weekday-087900_M116_713,M116,d1,1,14:39:00,14:39:00,401998,3.0,2
MV_A5-Weekday-087900_M116_713,M116,d1,2,14:39:37,14:39:37,405315,25.0,2
MV_A5-Weekday-087900_M116_713,M116,d1,3,14:40:00,14:40:00,401999,25.0,2
MV_A5-Weekday-087900_M116_713,M116,d1,4,14:41:26,14:41:26,402000,25.0,2
MV_A5-Weekday-087900_M116_713,M116,d1,5,14:43:58,14:43:58,402001,25.0,2
MV_A5-Weekday-087900_M116_713,M116,d1,6,14:45:21,14:45:21,402002,21.0,2
MV_A5-Weekday-087900_M116_713,M116,d1,7,14:46:49,14:46:49,402003,22.0,2
MV_A5-Weekday-087900_M116_713,M116,d1,8,14:47:59,14:47:59,402004,22.0,2
MV_A5-Weekday-087900_M116_713,M116,d1,9,14:50:00,14:50:00,402005,22.0,2
MV_A5-Weekday-087900_M116_713,M116,d1,10,14:50:52,14:50:52,402006,19.0,2
MV_A5-Weekday-087900_M116_713,M116,d1,11,14:54:00,14:54:00,404274,23.0,2
MV_A5-Weekday-087900_M116_713,M116,d1,12,14:56:24,14:56:24,401078,23.0,2
MV_A5-Weekday-087900_M116_713,M116,d1,13,14:58:00,14:58:00,401079,23.0,2
MV_A5-Weekday-087900_M116_713,M116,d1,14,14:59:26,14:59:26,400482,23.0,2
MV_A5-Weekday-087900_M116_713,M116,d1,15,15:00:18,15:00:18,400483,23.0,2
MV_A5-Weekday-087900_M116_713,M116,d1,16,15:01:49,15:01:49,400484,23.0,2
MV_A5-Weekday-087900_M116_713,M116,d1,17,15:03:04,15:03:04,403392,23.0,2
MV_A5-Weekday-087900_M116_713,M116,d1,18,15:04:07,15:04:07,401084,23.0,2
MV_A5-Weekday-087900_M116_713,M116,d1,19,15:05:01,15:05:01,401085,13.0,1
MV_A5-Weekday-087900_M116_713,M116,d1,20,15:06:00,15:06:00,402016,13.0,1
MV_A5-Weekday-087900_M116_713,M116,d1,21,15:06:41,15:06:41,402017,13.0,1
MV_A5-Weekday-087900_M116_713,M116,d1,22,15:07:00,15:07:00,401977,13.0,1
MV_A5-Weekday-101500_M116_709,M116,d1,1,16:55:00,16:55:00,401998,1.0,1
MV_A5-Weekday-101500_M116_709,M116,d1,2,16:55:37,16:55:37,405315,2.0,2
MV_A5-Weekday-101500_M116_709,M116,d1,3,16:56:00,16:56:00,401999,18.0,2
MV_A5-Weekday-101500_M116_709,M116,d1,4,16:57:26,16:57:26,402000,18.0,2
MV_A5-Weekday-101500_M116_709,M116,d1,5,16:59:58,16:59:58,402001,19.0,2
MV_A5-Weekday-101500_M116_709,M116,d1,6,17:01:21,17:01:21,402002,19.0,2
MV_A5-Weekday-101500_M116_709,M116,d1,7,17:02:49,17:02:49,402003,20.0,2
MV_A5-Weekday-101500_M116_709,M116,d1,8,17:03:59,17:03:59,402004,20.0,2
MV_A5-Weekday-101500_M116_709,M116,d1,9,17:06:00,17:06:00,402005,20.0,2
MV_A5-Weekday-101500_M116_709,M116,d1,10,17:06:52,17:06:52,402006,20.0,2
MV_A5-Weekday-101500_M116_709,M116,d1,11,17:10:00,17:10:00,404274,17.0,2
MV_A5-Weekday-101500_M116_709,M116,d1,12,17:12:24,17:12:24,401078,12.0,1
MV_A5-Weekday-101500_M116_709,M116,d1,13,17:14:00,17:14:00,401079,12.0,1
MV_A5-Weekday-101500_M116_709,M116,d1,14,17:15:26,17:15:26,400482,12.0,1
MV_A5-Weekday-101500_M116_709,M116,d1,15,17:16:18,17:16:18,400483,7.0,1
MV_A5-Weekday-101500_M116_709,M116,d1,16,17:17:49,17:17:49,400484,7.0,1
MV_A5-Weekday-101500_M116_709,M116,d1,17,17:19:04,17:19:04,403392,13.0,1
MV_A5-Weekday-101500_M116_709,M116,d1,18,17:20:07,17:20:07,401084,13.0,1
MV_A5-Weekday-101500_M116_709,M116,d1,19,17:21:01,17:21:01,401085,6.0,1
MV_A5-Weekday-101500_M116_709,M116,d1,20,17:22:00,17:22:00,402016,6.0,1
MV_A5-Weekday-101500_M116_709,M116,d1,21,17:22:41,17:22:41,402017,6.0,1
MV_A5-Weekday-101500_M116_709,M116,d1,22,17:23:00,17:23:00,401977,6.0,1
MV_A5-Weekday-058200_M116_709,M116,d1,1,9:42:00,9:42:00,401998,16.0,1
MV_A5-Weekday-058200_M116_709,M116,d1,2,9:42:37,9:42:37,405315,16.0,1
MV_A5-Weekday-058200_M116_709,M116,d1,3,9:43:00,9:43:00,401999,16.0,2
MV_A5-Weekday-058200_M116_709,M116,d1,4,9:44:26,9:44:26,402000,22.0,2
MV_A5-Weekday-058200_M116_709,M116,d1,5,9:46:58,9:46:58,402001,27.0,2
MV_A5-Weekday-058200_M116_709,M116,d1,6,9:48:21,9:48:21,402002,27.0,2
MV_A5-Weekday-058200_M116_709,M116,d1,7,9:49:49,9:49:49,402003,22.0,2
MV_A5-Weekday-058200_M116_709,M116,d1,8,9:50:59,9:50:59,402004,27.0,2
MV_A5-Weekday-058200_M116_709,M116,d1,9,9:53:00,9:53:00,402005,26.0,2
MV_A5-Weekday-058200_M116_709,M116,d1,10,9:53:52,9:53:52,402006,28.0,2
MV_A5-Weekday-058200_M116_709,M116,d1,11,9:57:00,9:57:00,404274,27.0,2
MV_A5-Weekday-058200_M116_709,M116,d1,12,9:59:24,9:59:24,401078,23.0,2
MV_A5-Weekday-058200_M116_709,M116,d1,13,10:01:00,10:01:00,401079,16.0,1
MV_A5-Weekday-058200_M116_709,M116,d1,14,10:02:26,10:02:26,400482,15.0,1
MV_A5-Weekday-058200_M116_709,M116,d1,15,10:03:18,10:03:18,400483,16.0,1
MV_A5-Weekday-058200_M116_709,M116,d1,16,10:04:49,10:04:49,400484,16.0,1
MV_A5-Weekday-058200_M116_709,M116,d1,17,10:06:04,10:06:04,403392,16.0,1
MV_A5-Weekday-058200_M116_709,M116,d1,18,10:07:07,10:07:07,401084,14.0,1
MV_A5-Weekday-058200_M116_709,M116,d1,19,10:08:01,10:08:01,401085,4.0,1
MV_A5-Weekday-058200_M116_709,M116,d1,20,10:09:00,10:09:00,402016,13.0,1
MV_A5-Weekday-058200_M116_709,M116,d1,21,10:09:41,10:09:41,402017,9.0,1
MV_A5-Weekday-058200_M116_709,M116,d1,22,10:10:00,10:10:00,401977,9.0,1
MV_A5-Weekday-053700_M116_707,M116,d1,1,8:57:00,8:57:00,401998,7.0,1
MV_A5-Weekday-053700_M116_707,M116,d1,2,8:57:37,8:57:37,405315,7.0,1
MV_A5-Weekday-053700_M116_707,M116,d1,3,8:58:00,8:58:00,401999,7.0,1
MV_A5-Weekday-053700_M116_707,M116,d1,4,8:59:26,8:59:26,402000,14.0,1
MV_A5-Weekday-053700_M116_707,M116,d1,5,9:01:58,9:01:58,402001,7.0,1
MV_A5-Weekday-053700_M116_707,M116,d1,6,9:03:21,9:03:21,402002,14.0,1
MV_A5-Weekday-053700_M116_707,M116,d1,7,9:04:49,9:04:49,402003,15.0,1
MV_A5-Weekday-053700_M116_707,M116,d1,8,9:05:59,9:05:59,402004,16.0,1
MV_A5-Weekday-053700_M116_707,M116,d1,9,9:08:00,9:08:00,402005,16.0,1
MV_A5-Weekday-053700_M116_707,M116,d1,10,9:08:52,9:08:52,402006,15.0,1
MV_A5-Weekday-053700_M116_707,M116,d1,11,9:12:00,9:12:00,404274,15.0,1
MV_A5-Weekday-053700_M116_707,M116,d1,12,9:14:24,9:14:24,401078,15.0,1
MV_A5-Weekday-053700_M116_707,M116,d1,13,9:16:00,9:16:00,401079,2.0,1
MV_A5-Weekday-053700_M116_707,M116,d1,14,9:17:26,9:17:26,400482,2.0,1
MV_A5-Weekday-053700_M116_707,M116,d1,15,9:18:18,9:18:18,400483,2.0,1
MV_A5-Weekday-053700_M116_707,M116,d1,16,9:19:49,9:19:49,400484,2.0,1
MV_A5-Weekday-053700_M116_707,M116,d1,17,9:21:04,9:21:04,403392,2.0,1
MV_A5-Weekday-053700_M116_707,M116,d1,18,9:22:07,9:22:07,401084,2.0,1
MV_A5-Weekday-053700_M116_707,M116,d1,19,9:23:01,9:23:01,401085,2.0,1
MV_A5-Weekday-053700_M116_707,M116,d1,20,9:24:00,9:24:00,402016,2.0,1
MV_A5-Weekday-053700_M116_707,M116,d1,21,9:24:41,9:24:41,402017,2.0,1
MV_A5-Weekday-053700_M116_707,M116,d1,22,9:25:00,9:25:00,401977,2.0,1
MV_A5-Weekday-SDon-051900_M116_706,M116,d1,1,8:39:00,8:39:00,401998,17.0,2
MV_A5-Weekday-SDon-051900_M116_706,M116,d1,2,8:39:37,8:39:37,405315,22.0,4
MV_A5-Weekday-SDon-051900_M116_706,M116,d1,3,8:40:00,8:40:00,401999,53.0,4
MV_A5-Weekday-SDon-051900_M116_706,M116,d1,4,8:41:26,8:41:26,402000,56.0,4
MV_A5-Weekday-SDon-051900_M116_706,M116,d1,5,8:43:58,8:43:58,402001,56.0,4
MV_A5-Weekday-SDon-051900_M116_706,M116,d1,6,8:45:21,8:45:21,402002,60.0,4
MV_A5-Weekday-SDon-051900_M116_706,M116,d1,7,8:46:49,8:46:49,402003,44.0,3
MV_A5-Weekday-SDon-051900_M116_706,M116,d1,8,8:47:59,8:47:59,402004,46.0,3
MV_A5-Weekday-SDon-051900_M116_706,M116,d1,9,8:50:00,8:50:00,402005,25.0,4
MV_A5-Weekday-SDon-051900_M116_706,M116,d1,10,8:50:52,8:50:52,402006,51.0,4
MV_A5-Weekday-SDon-051900_M116_706,M116,d1,11,8:54:00,8:54:00,404274,35.0,3
MV_A5-Weekday-SDon-051900_M116_706,M116,d1,12,8:56:24,8:56:24,401078,29.0,2
MV_A5-Weekday-SDon-051900_M116_706,M116,d1,13,8:58:00,8:58:00,401079,18.0,2
MV_A5-Weekday-SDon-051900_M116_706,M116,d1,14,8:59:26,8:59:26,400482,18.0,2
MV_A5-Weekday-SDon-051900_M116_706,M116,d1,15,9:00:18,9:00:18,400483,17.0,2
MV_A5-Weekday-SDon-051900_M116_706,M116,d1,16,9:01:49,9:01:49,400484,17.0,2
MV_A5-Weekday-SDon-051900_M116_706,M116,d1,17,9:03:04,9:03:04,403392,13.0,1
MV_A5-Weekday-SDon-051900_M116_706,M116,d1,18,9:04:07,9:04:07,401084,6.0,1
MV_A5-Weekday-SDon-051900_M116_706,M116,d1,19,9:05:01,9:05:01,401085,6.0,1
MV_A5-Weekday-SDon-051900_M116_706,M116,d1,20,9:06:00,9:06:00,402016,6.0,1
MV_A5-Weekday-SDon-051900_M116_706,M116,d1,21,9:06:41,9:06:41,402017,3.0,1
MV_A5-Weekday-SDon-051900_M116_706,M116,d1,22,9:07:00,9:07:00,401977,3.0,1
MV_A5-Weekday-SDon-046500_M116_704,M116,d1,1,7:45:00,7:45:00,401998,20.0,2
MV_A5-Weekday-SDon-046500_M116_704,M116,d1,2,7:45:37,7:45:37,405315,20.0,3
MV_A5-Weekday-SDon-046500_M116_704,M116,d1,3,7:46:00,7:46:00,401999,33.0,3
MV_A5-Weekday-SDon-046500_M116_704,M116,d1,4,7:47:17,7:47:17,402000,48.0,3
MV_A5-Weekday-SDon-046500_M116_704,M116,d1,5,7:49:34,7:49:34,402001,48.0,3
MV_A5-Weekday-SDon-046500_M116_704,M116,d1,6,7:50:49,7:50:49,402002,48.0,3
MV_A5-Weekday-SDon-046500_M116_704,M116,d1,7,7:52:08,7:52:08,402003,45.0,4
MV_A5-Weekday-SDon-046500_M116_704,M116,d1,8,7:53:11,7:53:11,402004,53.0,4
MV_A5-Weekday-SDon-046500_M116_704,M116,d1,9,7:55:00,7:55:00,402005,53.0,4
MV_A5-Weekday-SDon-046500_M116_704,M116,d1,10,7:55:52,7:55:52,402006,53.0,4
MV_A5-Weekday-SDon-046500_M116_704,M116,d1,11,7:59:00,7:59:00,404274,53.0,4
MV_A5-Weekday-SDon-046500_M116_704,M116,d1,12,8:00:48,8:00:48,401078,27.0,2
MV_A5-Weekday-SDon-046500_M116_704,M116,d1,13,8:02:00,8:02:00,401079,28.0,2
MV_A5-Weekday-SDon-046500_M116_704,M116,d1,14,8:03:48,8:03:48,400482,16.0,1
MV_A5-Weekday-SDon-046500_M116_704,M116,d1,15,8:04:52,8:04:52,400483,16.0,1
MV_A5-Weekday-SDon-046500_M116_704,M116,d1,16,8:06:46,8:06:46,400484,16.0,1
MV_A5-Weekday-SDon-046500_M116_704,M116,d1,17,8:08:20,8:08:20,403392,14.0,2
MV_A5-Weekday-SDon-046500_M116_704,M116,d1,18,8:09:39,8:09:39,401084,22.0,2
MV_A5-Weekday-SDon-046500_M116_704,M116,d1,19,8:10:46,8:10:46,401085,12.0,1
MV_A5-Weekday-SDon-046500_M116_704,M116,d1,20,8:12:00,8:12:00,402016,3.0,1
MV_A5-Weekday-SDon-046500_M116_704,M116,d1,21,8:12:41,8:12:41,402017,11.0,1
MV_A5-Weekday-SDon-046500_M116_704,M116,d1,22,8:13:00,8:13:00,401977,11.0,1
MV_A5-Weekday-086200_M116_705,M116,d1,1,14:22:00,14:22:00,401998,4.0,2
MV_A5-Weekday-086200_M116_705,M116,d1,2,14:22:37,14:22:37,405315,17.0,2
MV_A5-Weekday-086200_M116_705,M116,d1,3,14:23:00,14:23:00,401999,19.0,2
MV_A5-Weekday-086200_M116_705,M116,d1,4,14:24:26,14:24:26,402000,22.0,2
MV_A5-Weekday-086200_M116_705,M116,d1,5,14:26:58,14:26:58,402001,22.0,2
MV_A5-Weekday-086200_M116_705,M116,d1,6,14:28:21,14:28:21,402002,22.0,2
MV_A5-Weekday-086200_M116_705,M116,d1,7,14:29:49,14:29:49,402003,22.0,2
MV_A5-Weekday-086200_M116_705,M116,d1,8,14:30:59,14:30:59,402004,22.0,2
MV_A5-Weekday-086200_M116_705,M116,d1,9,14:33:00,14:33:00,402005,26.0,2
MV_A5-Weekday-086200_M116_705,M116,d1,10,14:33:52,14:33:52,402006,26.0,2
MV_A5-Weekday-086200_M116_705,M116,d1,11,14:37:00,14:37:00,404274,17.0,2
MV_A5-Weekday-086200_M116_705,M116,d1,12,14:39:24,14:39:24,401078,10.0,1
MV_A5-Weekday-086200_M116_705,M116,d1,13,14:41:00,14:41:00,401079,11.0,1
MV_A5-Weekday-086200_M116_705,M116,d1,14,14:42:26,14:42:26,400482,11.0,1
MV_A5-Weekday-086200_M116_705,M116,d1,15,14:43:18,14:43:18,400483,11.0,1
MV_A5-Weekday-086200_M116_705,M116,d1,16,14:44:49,14:44:49,400484,11.0,1
MV_A5-Weekday-086200_M116_705,M116,d1,17,14:46:04,14:46:04,403392,10.0,1
MV_A5-Weekday-086200_M116_705,M116,d1,18,14:47:07,14:47:07,401084,10.0,1
MV_A5-Weekday-086200_M116_705,M116,d1,19,14:48:01,14:48:01,401085,10.0,1
MV_A5-Weekday-086200_M116_705,M116,d1,20,14:49:00,14:49:00,402016,10.0,1
MV_A5-Weekday-086200_M116_705,M116,d1,21,14:49:41,14:49:41,402017,4.0,1
MV_A5-Weekday-086200_M116_705,M116,d1,22,14:50:00,14:50:00,401977,4.0,1
MV_A5-Weekday-049500_M116_709,M116,d1,1,8:15:00,8:15:00,401998,4.0,1
MV_A5-Weekday-049500_M116_709,M116,d1,2,8:15:37,8:15:37,405315,10.0,1
MV_A5-Weekday-049500_M116_709,M116,d1,3,8:16:00,8:16:00,401999,14.0,2
MV_A5-Weekday-049500_M116_709,M116,d1,4,8:17:17,8:17:17,402000,17.0,2
MV_A5-Weekday-049500_M116_709,M116,d1,5,8:19:34,8:19:34,402001,28.0,2
MV_A5-Weekday-049500_M116_709,M116,d1,6,8:20:49,8:20:49,402002,28.0,3
MV_A5-Weekday-049500_M116_709,M116,d1,7,8:22:08,8:22:08,402003,36.0,3
MV_A5-Weekday-049500_M116_709,M116,d1,8,8:23:11,8:23:11,402004,36.0,3
MV_A5-Weekday-049500_M116_709,M116,d1,9,8:25:00,8:25:00,402005,35.0,3
MV_A5-Weekday-049500_M116_709,M116,d1,10,8:25:52,8:25:52,402006,34.0,3
MV_A5-Weekday-049500_M116_709,M116,d1,11,8:29:00,8:29:00,404274,21.0,2
MV_A5-Weekday-049500_M116_709,M116,d1,12,8:30:48,8:30:48,401078,24.0,2
MV_A5-Weekday-049500_M116_709,M116,d1,13,8:32:00,8:32:00,401079,12.0,1
MV_A5-Weekday-049500_M116_709,M116,d1,14,8:33:26,8:33:26,400482,8.0,1
MV_A5-Weekday-049500_M116_709,M116,d1,15,8:34:18,8:34:18,400483,11.0,1
MV_A5-Weekday-049500_M116_709,M116,d1,16,8:35:49,8:35:49,400484,11.0,1
MV_A5-Weekday-049500_M116_709,M116,d1,17,8:37:04,8:37:04,403392,11.0,1
MV_A5-Weekday-049500_M116_709,M116,d1,18,8:38:07,8:38:07,401084,9.0,1
MV_A5-Weekday-049500_M116_709,M116,d1,19,8:39:01,8:39:01,401085,7.0,1
MV_A5-Weekday-049500_M116_709,M116,d1,20,8:40:00,8:40:00,402016,3.0,1
MV_A5-Weekday-049500_M116_709,M116,d1,21,8:40:41,8:40:41,402017,3.0,1
MV_A5-Weekday-049500_M116_709,M116,d1,22,8:41:00,8:41:00,401977,3.0,1
MV_A5-Weekday-SDon-124700_M116_714,M116,d1,1,20:47:00,20:47:00,401998,4.0,1
MV_A5-Weekday-SDon-124700_M116_714,M116,d1,2,20:47:37,20:47:37,405315,15.0,1
MV_A5-Weekday-SDon-124700_M116_714,M116,d1,3,20:48:00,20:48:00,401999,14.0,1
MV_A5-Weekday-SDon-124700_M116_714,M116,d1,4,20:49:09,20:49:09,402000,12.0,2
MV_A5-Weekday-SDon-124700_M116_714,M116,d1,5,20:51:10,20:51:10,402001,17.0,2
MV_A5-Weekday-SDon-124700_M116_714,M116,d1,6,20:52:17,20:52:17,402002,17.0,2
MV_A5-Weekday-SDon-124700_M116_714,M116,d1,7,20:53:27,20:53:27,402003,19.0,2
MV_A5-Weekday-SDon-124700_M116_714,M116,d1,8,20:54:23,20:54:23,402004,19.0,2
MV_A5-Weekday-SDon-124700_M116_714,M116,d1,9,20:56:00,20:56:00,402005,20.0,2
MV_A5-Weekday-SDon-124700_M116_714,M116,d1,10,20:56:39,20:56:39,402006,20.0,2
MV_A5-Weekday-SDon-124700_M116_714,M116,d1,11,20:59:00,20:59:00,404274,17.0,2
MV_A5-Weekday-SDon-124700_M116_714,M116,d1,12,21:01:24,21:01:24,401078,13.0,1
MV_A5-Weekday-SDon-124700_M116_714,M116,d1,13,21:03:00,21:03:00,401079,4.0,1
MV_A5-Weekday-SDon-124700_M116_714,M116,d1,14,21:04:05,21:04:05,400482,10.0,1
MV_A5-Weekday-SDon-124700_M116_714,M116,d1,15,21:04:44,21:04:44,400483,10.0,1
MV_A5-Weekday-SDon-124700_M116_714,M116,d1,16,21:05:52,21:05:52,400484,4.0,1
MV_A5-Weekday-SDon-124700_M116_714,M116,d1,17,21:06:48,21:06:48,403392,3.0,1
MV_A5-Weekday-SDon-124700_M116_714,M116,d1,18,21:07:35,21:07:35,401084,8.0,1
MV_A5-Weekday-SDon-124700_M116_714,M116,d1,19,21:08:15,21:08:15,401085,1.0,1
MV_A5-Weekday-SDon-124700_M116_714,M116,d1,20,21:09:00,21:09:00,402016,9.0,1
MV_A5-Weekday-SDon-124700_M116_714,M116,d1,21,21:09:41,21:09:41,402017,2.0,1
MV_A5-Weekday-SDon-124700_M116_714,M116,d1,22,21:10:00,21:10:00,401977,2.0,1
MV_A5-Weekday-030000_M116_701,M116,d1,1,5:00:00,5:00:00,401998,1.0,1
MV_A5-Weekday-030000_M116_701,M116,d1,2,5:00:37,5:00:37,405315,1.0,1
MV_A5-Weekday-030000_M116_701,M116,d1,3,5:01:00,5:01:00,401999,1.0,1
MV_A5-Weekday-030000_M116_701,M116,d1,4,5:01:43,5:01:43,402000,6.0,1
MV_A5-Weekday-030000_M116_701,M116,d1,5,5:02:59,5:02:59,402001,5.0,1
MV_A5-Weekday-030000_M116_701,M116,d1,6,5:03:41,5:03:41,402002,11.0,1
MV_A5-Weekday-030000_M116_701,M116,d1,7,5:04:24,5:04:24,402003,11.0,1
MV_A5-Weekday-030000_M116_701,M116,d1,8,5:04:59,5:04:59,402004,10.0,1
MV_A5-Weekday-030000_M116_701,M116,d1,9,5:06:00,5:06:00,402005,8.0,1
MV_A5-Weekday-030000_M116_701,M116,d1,10,5:06:26,5:06:26,402006,7.0,1
MV_A5-Weekday-030000_M116_701,M116,d1,11,5:08:00,5:08:00,404274,10.0,1
MV_A5-Weekday-030000_M116_701,M116,d1,12,5:09:12,5:09:12,401078,8.0,1
MV_A5-Weekday-030000_M116_701,M116,d1,13,5:10:00,5:10:00,401079,6.0,1
MV_A5-Weekday-030000_M116_701,M116,d1,14,5:10:43,5:10:43,400482,2.0,1
MV_A5-Weekday-030000_M116_701,M116,d1,15,5:11:09,5:11:09,400483,6.0,1
MV_A5-Weekday-030000_M116_701,M116,d1,16,5:11:54,5:11:54,400484,6.0,1
MV_A5-Weekday-030000_M116_701,M116,d1,17,5:12:32,5:12:32,403392,6.0,1
MV_A5-Weekday-030000_M116_701,M116,d1,18,5:13:04,5:13:04,401084,1.0,1
MV_A5-Weekday-030000_M116_701,M116,d1,19,5:13:30,5:13:30,401085,5.0,1
MV_A5-Weekday-030000_M116_701,M116,d1,20,5:14:00,5:14:00,402016,5.0,1
MV_A5-Weekday-030000_M116_701,M116,d1,21,5:14:41,5:14:41,402017,5.0,1
MV_A5-Weekday-030000_M116_701,M116,d1,22,5:15:00,5:15:00,401977,5.0,1
MV_A5-Weekday-043500_M116_706,M116,d1,1,7:15:00,7:15:00,401998,28.0,2
MV_A5-Weekday-043500_M116_706,M116,d1,2,7:15:37,7:15:37,405315,28.0,2
MV_A5-Weekday-043500_M116_706,M116,d1,3,7:16:00,7:16:00,401999,28.0,2
MV_A5-Weekday-043500_M116_706,M116,d1,4,7:17:09,7:17:09,402000,28.0,2
MV_A5-Weekday-043500_M116_706,M116,d1,5,7:19:10,7:19:10,402001,28.0,2
MV_A5-Weekday-043500_M116_706,M116,d1,6,7:20:17,7:20:17,402002,28.0,2
MV_A5-Weekday-043500_M116_706,M116,d1,7,7:21:27,7:21:27,402003,32.0,2
MV_A5-Weekday-043500_M116_706,M116,d1,8,7:22:23,7:22:23,402004,32.0,2
MV_A5-Weekday-043500_M116_706,M116,d1,9,7:24:00,7:24:00,402005,32.0,2
MV_A5-Weekday-043500_M116_706,M116,d1,10,7:24:39,7:24:39,402006,8.0,2
MV_A5-Weekday-043500_M116_706,M116,d1,11,7:27:00,7:27:00,404274,25.0,2
MV_A5-Weekday-043500_M116_706,M116,d1,12,7:28:48,7:28:48,401078,22.0,2
MV_A5-Weekday-043500_M116_706,M116,d1,13,7:30:00,7:30:00,401079,22.0,2
MV_A5-Weekday-043500_M116_706,M116,d1,14,7:31:48,7:31:48,400482,22.0,2
MV_A5-Weekday-043500_M116_706,M116,d1,15,7:32:52,7:32:52,400483,22.0,2
MV_A5-Weekday-043500_M116_706,M116,d1,16,7:34:46,7:34:46,400484,22.0,2
MV_A5-Weekday-043500_M116_706,M116,d1,17,7:36:20,7:36:20,403392,22.0,2
MV_A5-Weekday-043500_M116_706,M116,d1,18,7:37:39,7:37:39,401084,21.0,2
MV_A5-Weekday-043500_M116_706,M116,d1,19,7:38:46,7:38:46,401085,21.0,2
MV_A5-Weekday-043500_M116_706,M116,d1,20,7:40:00,7:40:00,402016,10.0,1
MV_A5-Weekday-043500_M116_706,M116,d1,21,7:40:41,7:40:41,402017,2.0,1
MV_A5-Weekday-043500_M116_706,M116,d1,22,7:41:00,7:41:00,401977,2.0,1
MV_A5-Weekday-SDon-057300_M116_705,M116,d1,1,9:33:00,9:33:00,401998,6.0,1
MV_A5-Weekday-SDon-057300_M116_705,M116,d1,2,9:33:37,9:33:37,405315,8.0,1
MV_A5-Weekday-SDon-057300_M116_705,M116,d1,3,9:34:00,9:34:00,401999,15.0,1
MV_A5-Weekday-SDon-057300_M116_705,M116,d1,4,9:35:26,9:35:26,402000,11.0,2
MV_A5-Weekday-SDon-057300_M116_705,M116,d1,5,9:37:58,9:37:58,402001,23.0,2
MV_A5-Weekday-SDon-057300_M116_705,M116,d1,6,9:39:21,9:39:21,402002,24.0,2
MV_A5-Weekday-SDon-057300_M116_705,M116,d1,7,9:40:49,9:40:49,402003,28.0,2
MV_A5-Weekday-SDon-057300_M116_705,M116,d1,8,9:41:59,9:41:59,402004,32.0,2
MV_A5-Weekday-SDon-057300_M116_705,M116,d1,9,9:44:00,9:44:00,402005,17.0,2
MV_A5-Weekday-SDon-057300_M116_705,M116,d1,10,9:44:52,9:44:52,402006,31.0,2
MV_A5-Weekday-SDon-057300_M116_705,M116,d1,11,9:48:00,9:48:00,404274,30.0,2
MV_A5-Weekday-SDon-057300_M116_705,M116,d1,12,9:50:24,9:50:24,401078,8.0,2
MV_A5-Weekday-SDon-057300_M116_705,M116,d1,13,9:52:00,9:52:00,401079,25.0,2
MV_A5-Weekday-SDon-057300_M116_705,M116,d1,14,9:53:26,9:53:26,400482,8.0,2
MV_A5-Weekday-SDon-057300_M116_705,M116,d1,15,9:54:18,9:54:18,400483,23.0,2
MV_A5-Weekday-SDon-057300_M116_705,M116,d1,16,9:55:49,9:55:49,400484,17.0,2
MV_A5-Weekday-SDon-057300_M116_705,M116,d1,17,9:57:04,9:57:04,403392,20.0,2
MV_A5-Weekday-SDon-057300_M116_705,M116,d1,18,9:58:07,9:58:07,401084,17.0,2
MV_A5-Weekday-SDon-057300_M116_705,M116,d1,19,9:59:01,9:59:01,401085,13.0,1
MV_A5-Weekday-SDon-057300_M116_705,M116,d1,20,10:00:00,10:00:00,402016,4.0,1
MV_A5-Weekday-SDon-057300_M116_705,M116,d1,21,10:00:41,10:00:41,402017,1.0,1
MV_A5-Weekday-SDon-057300_M116_705,M116,d1,22,10:01:00,10:01:00,401977,1.0,1
MV_A5-Weekday-SDon-062200_M116_707,M116,d1,1,10:22:00,10:22:00,401998,9.0,1
MV_A5-Weekday-SDon-062200_M116_707,M116,d1,2,10:22:37,10:22:37,405315,14.0,2
MV_A5-Weekday-SDon-062200_M116_707,M116,d1,3,10:23:00,10:23:00,401999,24.0,2
MV_A5-Weekday-SDon-062200_M116_707,M116,d1,4,10:24:26,10:24:26,402000,24.0,2
MV_A5-Weekday-SDon-062200_M116_707,M116,d1,5,10:26:58,10:26:58,402001,26.0,2
MV_A5-Weekday-SDon-062200_M116_707,M116,d1,6,10:28:21,10:28:21,402002,29.0,2
MV_A5-Weekday-SDon-062200_M116_707,M116,d1,7,10:29:49,10:29:49,402003,32.0,2
MV_A5-Weekday-SDon-062200_M116_707,M116,d1,8,10:30:59,10:30:59,402004,23.0,2
MV_A5-Weekday-SDon-062200_M116_707,M116,d1,9,10:33:00,10:33:00,402005,31.0,2
MV_A5-Weekday-SDon-062200_M116_707,M116,d1,10,10:33:52,10:33:52,402006,31.0,2
MV_A5-Weekday-SDon-062200_M116_707,M116,d1,11,10:37:00,10:37:00,404274,22.0,2
MV_A5-Weekday-SDon-062200_M116_707,M116,d1,12,10:39:24,10:39:24,401078,20.0,2
MV_A5-Weekday-SDon-062200_M116_707,M116,d1,13,10:41:00,10:41:00,401079,13.0,1
MV_A5-Weekday-SDon-062200_M116_707,M116,d1,14,10:42:26,10:42:26,400482,15.0,1
MV_A5-Weekday-SDon-062200_M116_707,M116,d1,15,10:43:18,10:43:18,400483,10.0,1
MV_A5-Weekday-SDon-062200_M116_707,M116,d1,16,10:44:49,10:44:49,400484,14.0,1
MV_A5-Weekday-SDon-062200_M116_707,M116,d1,17,10:46:04,10:46:04,403392,11.0,1
MV_A5-Weekday-SDon-062200_M116_707,M116,d1,18,10:47:07,10:47:07,401084,13.0,1
MV_A5-Weekday-SDon-062200_M116_707,M116,d1,19,10:48:01,10:48:01,401085,11.0,1
MV_A5-Weekday-SDon-062200_M116_707,M116,d1,20,10:49:00,10:49:00,402016,6.0,1
MV_A5-Weekday-SDon-062200_M116_707,M116,d1,21,10:49:41,10:49:41,402017,6.0,1
MV_A5-Weekday-SDon-062200_M116_707,M116,d1,22,10:50:00,10:50:00,401977,6.0,1
MV_A5-Weekday-SDon-146500_M116_717,M116,d1,1,24:25:00,24:25:00,404135,4.0,1
MV_A5-Weekday-SDon-146500_M116_717,M116,d1,2,24:25:46,24:25:46,401305,4.0,1
MV_A5-Weekday-SDon-146500_M116_717,M116,d1,3,24:26:12,24:26:12,401306,4.0,1
MV_A5-Weekday-SDon-146500_M116_717,M116,d1,4,24:26:54,24:26:54,401307,2.0,1
MV_A5-Weekday-SDon-146500_M116_717,M116,d1,5,24:27:28,24:27:28,401308,4.0,1
MV_A5-Weekday-SDon-146500_M116_717,M116,d1,6,24:28:36,24:28:36,404824,3.0,1
MV_A5-Weekday-SDon-146500_M116_717,M116,d1,7,24:29:21,24:29:21,401310,2.0,1
MV_A5-Weekday-SDon-146500_M116_717,M116,d1,8,24:30:22,24:30:22,401311,6.0,1
MV_A5-Weekday-SDon-146500_M116_717,M116,d1,9,24:31:03,24:31:03,401312,6.0,1
MV_A5-Weekday-SDon-146500_M116_717,M116,d1,10,24:31:44,24:31:44,401313,6.0,1
MV_A5-Weekday-SDon-146500_M116_717,M116,d1,11,24:32:48,24:32:48,401314,4.0,1
MV_A5-Weekday-SDon-146500_M116_717,M116,d1,12,24:33:31,24:33:31,401315,4.0,1
MV_A5-Weekday-SDon-146500_M116_717,M116,d1,13,24:34:39,24:34:39,401317,2.0,1
MV_A5-Weekday-SDon-146500_M116_717,M116,d1,14,24:35:10,24:35:10,403276,4.0,1
MV_A5-Weekday-SDon-146500_M116_717,M116,d1,15,24:36:00,24:36:00,401318,6.0,1
MV_A5-Weekday-SDon-146500_M116_717,M116,d1,16,24:37:23,24:37:23,405289,6.0,1
MV_A5-Weekday-SDon-146500_M116_717,M116,d1,17,24:38:04,24:38:04,404245,3.0,1
MV_A5-Weekday-SDon-146500_M116_717,M116,d1,18,24:39:00,24:39:00,404915,5.0,1
MV_A5-Weekday-SDon-146500_M116_717,M116,d1,19,24:39:30,24:39:30,405247,1.0,1
MV_A5-Weekday-SDon-146500_M116_717,M116,d1,20,24:40:18,24:40:18,401324,5.0,1
MV_A5-Weekday-SDon-146500_M116_717,M116,d1,21,24:41:43,24:41:43,401326,5.0,1
MV_A5-Weekday-SDon-146500_M116_717,M116,d1,22,24:42:20,24:42:20,401327,4.0,1
MV_A5-Weekday-SDon-146500_M116_717,M116,d1,23,24:43:04,24:43:04,401328,3.0,1
MV_A5-Weekday-SDon-146500_M116_717,M116,d1,24,24:43:43,24:43:43,401329,4.0,1
MV_A5-Weekday-SDon-146500_M116_717,M116,d1,25,24:44:24,24:44:24,401330,4.0,1
MV_A5-Weekday-SDon-146500_M116_717,M116,d1,26,24:45:16,24:45:16,401331,1.0,1
MV_A5-Weekday-SDon-146500_M116_717,M116,d1,27,24:46:23,24:46:23,401333,4.0,1
MV_A5-Weekday-SDon-146500_M116_717,M116,d1,28,24:47:00,24:47:00,401334,3.0,1
MV_A5-Weekday-SDon-146500_M116_717,M116,d1,29,24:47:40,24:47:40,401335,4.0,1
MV_A5-Weekday-SDon-146500_M116_717,M116,d1,30,24:48:13,24:48:13,401336,4.0,1
MV_A5-Weekday-SDon-146500_M116_717,M116,d1,31,24:49:00,24:49:00,401337,4.0,1
MV_A5-Weekday-SDon-146500_M116_717,M116,d1,32,24:49:37,24:49:37,401338,4.0,1
MV_A5-Weekday-SDon-146500_M116_717,M116,d1,33,24:50:29,24:50:29,401339,1.0,1
MV_A5-Weekday-SDon-146500_M116_717,M116,d1,34,24:51:07,24:51:07,404136,4.0,1
MV_A5-Weekday-SDon-146500_M116_717,M116,d1,35,24:51:43,24:51:43,401341,4.0,1
MV_A5-Weekday-SDon-146500_M116_717,M116,d1,36,24:52:39,24:52:39,401342,4.0,1
MV_A5-Weekday-SDon-146500_M116_717,M116,d1,37,24:53:18,24:53:18,401343,4.0,1
MV_A5-Weekday-SDon-146500_M116_717,M116,d1,38,24:53:55,24:53:55,401344,4.0,1
MV_A5-Weekday-SDon-146500_M116_717,M116,d1,39,24:54:32,24:54:32,401345,4.0,1
MV_A5-Weekday-SDon-146500_M116_717,M116,d1,40,24:55:08,24:55:08,404987,3.0,1
MV_A5-Weekday-SDon-146500_M116_717,M116,d1,41,24:55:43,24:55:43,404988,3.0,1
MV_A5-Weekday-SDon-146500_M116_717,M116,d1,42,24:57:00,24:57:00,401348,3.0,1
MV_A5-Weekday-SDon-146500_M116_717,M116,d1,43,24:57:17,24:57:17,400860,3.0,1
MV_A5-Weekday-SDon-146500_M116_717,M116,d1,44,24:57:40,24:57:40,400861,3.0,1
MV_A5-Weekday-SDon-146500_M116_717,M116,d1,45,24:58:00,24:58:00,405376,3.0,1
MV_A5-Weekday-SDon-094800_M116_712,M116,d1,1,15:48:00,15:48:00,401998,19.0,2
MV_A5-Weekday-SDon-094800_M116_712,M116,d1,2,15:48:37,15:48:37,405315,26.0,2
MV_A5-Weekday-SDon-094800_M116_712,M116,d1,3,15:49:00,15:49:00,401999,8.0,3
MV_A5-Weekday-SDon-094800_M116_712,M116,d1,4,15:50:26,15:50:26,402000,46.0,3
MV_A5-Weekday-SDon-094800_M116_712,M116,d1,5,15:52:58,15:52:58,402001,46.0,3
MV_A5-Weekday-SDon-094800_M116_712,M116,d1,6,15:54:21,15:54:21,402002,34.0,3
MV_A5-Weekday-SDon-094800_M116_712,M116,d1,7,15:55:49,15:55:49,402003,40.0,3
MV_A5-Weekday-SDon-094800_M116_712,M116,d1,8,15:56:59,15:56:59,402004,43.0,3
MV_A5-Weekday-SDon-094800_M116_712,M116,d1,9,15:59:00,15:59:00,402005,43.0,4
MV_A5-Weekday-SDon-094800_M116_712,M116,d1,10,15:59:52,15:59:52,402006,49.0,4
MV_A5-Weekday-SDon-094800_M116_712,M116,d1,11,16:03:00,16:03:00,404274,43.0,3
MV_A5-Weekday-SDon-094800_M116_712,M116,d1,12,16:05:24,16:05:24,401078,14.0,1
MV_A5-Weekday-SDon-094800_M116_712,M116,d1,13,16:07:00,16:07:00,401079,13.0,1
MV_A5-Weekday-SDon-094800_M116_712,M116,d1,14,16:08:26,16:08:26,400482,14.0,1
MV_A5-Weekday-SDon-094800_M116_712,M116,d1,15,16:09:18,16:09:18,400483,14.0,1
MV_A5-Weekday-SDon-094800_M116_712,M116,d1,16,16:10:49,16:10:49,400484,12.0,1
MV_A5-Weekday-SDon-094800_M116_712,M116,d1,17,16:12:04,16:12:04,403392,12.0,1
MV_A5-Weekday-SDon-094800_M116_712,M116,d1,18,16:13:07,16:13:07,401084,12.0,1
MV_A5-Weekday-SDon-094800_M116_712,M116,d1,19,16:14:01,16:14:01,401085,12.0,1
MV_A5-Weekday-SDon-094800_M116_712,M116,d1,20,16:15:00,16:15:00,402016,10.0,1
MV_A5-Weekday-SDon-094800_M116_712,M116,d1,21,16:15:41,16:15:41,402017,4.0,1
MV_A5-Weekday-SDon-094800_M116_712,M116,d1,22,16:16:00,16:16:00,401977,4.0,1
MV_A5-Weekday-068200_M116_704,M116,d1,1,11:22:00,11:22:00,401998,12.0,1
MV_A5-Weekday-068200_M116_704,M116,d1,2,11:22:37,11:22:37,405315,12.0,1
MV_A5-Weekday-068200_M116_704,M116,d1,3,11:23:00,11:23:00,401999,12.0,2
MV_A5-Weekday-068200_M116_704,M116,d1,4,11:24:26,11:24:26,402000,21.0,2
MV_A5-Weekday-068200_M116_704,M116,d1,5,11:26:58,11:26:58,402001,21.0,2
MV_A5-Weekday-068200_M116_704,M116,d1,6,11:28:21,11:28:21,402002,20.0,2
MV_A5-Weekday-068200_M116_704,M116,d1,7,11:29:49,11:29:49,402003,23.0,2
MV_A5-Weekday-068200_M116_704,M116,d1,8,11:30:59,11:30:59,402004,23.0,2
MV_A5-Weekday-068200_M116_704,M116,d1,9,11:33:00,11:33:00,402005,22.0,2
MV_A5-Weekday-068200_M116_704,M116,d1,10,11:33:52,11:33:52,402006,18.0,2
MV_A5-Weekday-068200_M116_704,M116,d1,11,11:37:00,11:37:00,404274,16.0,1
MV_A5-Weekday-068200_M116_704,M116,d1,12,11:39:24,11:39:24,401078,14.0,1
MV_A5-Weekday-068200_M116_704,M116,d1,13,11:41:00,11:41:00,401079,3.0,1
MV_A5-Weekday-068200_M116_704,M116,d1,14,11:42:26,11:42:26,400482,7.0,1
MV_A5-Weekday-068200_M116_704,M116,d1,15,11:43:18,11:43:18,400483,7.0,1
MV_A5-Weekday-068200_M116_704,M116,d1,16,11:44:49,11:44:49,400484,3.0,1
MV_A5-Weekday-068200_M116_704,M116,d1,17,11:46:04,11:46:04,403392,6.0,1
MV_A5-Weekday-068200_M116_704,M116,d1,18,11:47:07,11:47:07,401084,6.0,1
MV_A5-Weekday-068200_M116_704,M116,d1,19,11:48:01,11:48:01,401085,4.0,1
MV_A5-Weekday-068200_M116_704,M116,d1,20,11:49:00,11:49:00,402016,3.0,1
MV_A5-Weekday-068200_M116_704,M116,d1,21,11:49:41,11:49:41,402017,1.0,1
MV_A5-Weekday-068200_M116_704,M116,d1,22,11:50:00,11:50:00,401977,1.0,1
MV_A5-Weekday-048300_M116_X03,M116,d1,1,8:03:00,8:03:00,401998,25.0,2
MV_A5-Weekday-048300_M116_X03,M116,d1,2,8:03:37,8:03:37,405315,25.0,2
MV_A5-Weekday-048300_M116_X03,M116,d1,3,8:04:00,8:04:00,401999,25.0,2
MV_A5-Weekday-048300_M116_X03,M116,d1,4,8:05:17,8:05:17,402000,30.0,2
MV_A5-Weekday-048300_M116_X03,M116,d1,5,8:07:34,8:07:34,402001,30.0,3
MV_A5-Weekday-048300_M116_X03,M116,d1,6,8:08:49,8:08:49,402002,36.0,3
MV_A5-Weekday-048300_M116_X03,M116,d1,7,8:10:08,8:10:08,402003,36.0,3
MV_A5-Weekday-048300_M116_X03,M116,d1,8,8:11:11,8:11:11,402004,27.0,2
MV_A5-Weekday-048300_M116_X03,M116,d1,9,8:13:00,8:13:00,402005,30.0,2
MV_A5-Weekday-048300_M116_X03,M116,d1,10,8:13:52,8:13:52,402006,30.0,2
MV_A5-Weekday-048300_M116_X03,M116,d1,11,8:17:00,8:17:00,404274,16.0,1
MV_A5-Weekday-048300_M116_X03,M116,d1,12,8:18:48,8:18:48,401078,16.0,1
MV_A5-Weekday-048300_M116_X03,M116,d1,13,8:20:00,8:20:00,401079,16.0,1
MV_A5-Weekday-048300_M116_X03,M116,d1,14,8:21:48,8:21:48,400482,16.0,1
MV_A5-Weekday-048300_M116_X03,M116,d1,15,8:22:52,8:22:52,400483,16.0,1
MV_A5-Weekday-048300_M116_X03,M116,d1,16,8:24:46,8:24:46,400484,7.0,1
MV_A5-Weekday-048300_M116_X03,M116,d1,17,8:26:20,8:26:20,403392,8.0,1
MV_A5-Weekday-048300_M116_X03,M116,d1,18,8:27:39,8:27:39,401084,8.0,1
MV_A5-Weekday-048300_M116_X03,M116,d1,19,8:28:46,8:28:46,401085,8.0,1
MV_A5-Weekday-048300_M116_X03,M116,d1,20,8:30:00,8:30:00,402016,8.0,1
MV_A5-Weekday-048300_M116_X03,M116,d1,21,8:30:41,8:30:41,402017,8.0,1
MV_A5-Weekday-048300_M116_X03,M116,d1,22,8:31:00,8:31:00,401977,8.0,1
MV_A5-Weekday-050100_M116_X01,M116,d1,1,8:21:00,8:21:00,401998,16.0,2
MV_A5-Weekday-050100_M116_X01,M116,d1,2,8:21:37,8:21:37,405315,30.0,2
MV_A5-Weekday-050100_M116_X01,M116,d1,3,8:22:00,8:22:00,401999,30.0,2
MV_A5-Weekday-050100_M116_X01,M116,d1,4,8:23:17,8:23:17,402000,30.0,2
MV_A5-Weekday-050100_M116_X01,M116,d1,5,8:25:34,8:25:34,402001,30.0,2
MV_A5-Weekday-050100_M116_X01,M116,d1,6,8:26:49,8:26:49,402002,30.0,2
MV_A5-Weekday-050100_M116_X01,M116,d1,7,8:28:08,8:28:08,402003,30.0,2
MV_A5-Weekday-050100_M116_X01,M116,d1,8,8:29:11,8:29:11,402004,31.0,2
MV_A5-Weekday-050100_M116_X01,M116,d1,9,8:31:00,8:31:00,402005,31.0,2
MV_A5-Weekday-050100_M116_X01,M116,d1,10,8:31:52,8:31:52,402006,31.0,2
MV_A5-Weekday-050100_M116_X01,M116,d1,11,8:35:00,8:35:00,404274,29.0,2
MV_A5-Weekday-050100_M116_X01,M116,d1,12,8:37:24,8:37:24,401078,10.0,1
MV_A5-Weekday-050100_M116_X01,M116,d1,13,8:39:00,8:39:00,401079,6.0,1
MV_A5-Weekday-050100_M116_X01,M116,d1,14,8:40:26,8:40:26,400482,6.0,1
MV_A5-Weekday-050100_M116_X01,M116,d1,15,8:41:18,8:41:18,400483,4.0,1
MV_A5-Weekday-050100_M116_X01,M116,d1,16,8:42:49,8:42:49,400484,4.0,1
MV_A5-Weekday-050100_M116_X01,M116,d1,17,8:44:04,8:44:04,403392,4.0,1
MV_A5-Weekday-050100_M116_X01,M116,d1,18,8:45:07,8:45:07,401084,4.0,1
MV_A5-Weekday-050100_M116_X01,M116,d1,19,8:46:01,8:46:01,401085,1.0,1
MV_A5-Weekday-050100_M116_X01,M116,d1,20,8:47:00,8:47:00,402016,1.0,1
MV_A5-Weekday-050100_M116_X01,M116,d1,21,8:47:41,8:47:41,402017,1.0,1
MV_A5-Weekday-050100_M116_X01,M116,d1,22,8:48:00,8:48:00,401977,1.0,1
MV_A5-Weekday-SDon-120500_M116_718,M116,d1,1,20:05:00,20:05:00,401998,5.0,1
MV_A5-Weekday-SDon-120500_M116_718,M116,d1,2,20:05:37,20:05:37,405315,11.0,1
MV_A5-Weekday-SDon-120500_M116_718,M116,d1,3,20:06:00,20:06:00,401999,14.0,1
MV_A5-Weekday-SDon-120500_M116_718,M116,d1,4,20:07:09,20:07:09,402000,14.0,2
MV_A5-Weekday-SDon-120500_M116_718,M116,d1,5,20:09:10,20:09:10,402001,20.0,2
MV_A5-Weekday-SDon-120500_M116_718,M116,d1,6,20:10:17,20:10:17,402002,20.0,2
MV_A5-Weekday-SDon-120500_M116_718,M116,d1,7,20:11:27,20:11:27,402003,22.0,2
MV_A5-Weekday-SDon-120500_M116_718,M116,d1,8,20:12:23,20:12:23,402004,25.0,2
MV_A5-Weekday-SDon-120500_M116_718,M116,d1,9,20:14:00,20:14:00,402005,25.0,2
MV_A5-Weekday-SDon-120500_M116_718,M116,d1,10,20:14:39,20:14:39,402006,23.0,2
MV_A5-Weekday-SDon-120500_M116_718,M116,d1,11,20:17:00,20:17:00,404274,22.0,2
MV_A5-Weekday-SDon-120500_M116_718,M116,d1,12,20:19:24,20:19:24,401078,20.0,2
MV_A5-Weekday-SDon-120500_M116_718,M116,d1,13,20:21:00,20:21:00,401079,12.0,1
MV_A5-Weekday-SDon-120500_M116_718,M116,d1,14,20:22:15,20:22:15,400482,12.0,1
MV_A5-Weekday-SDon-120500_M116_718,M116,d1,15,20:23:01,20:23:01,400483,12.0,1
MV_A5-Weekday-SDon-120500_M116_718,M116,d1,16,20:24:20,20:24:20,400484,4.0,1
MV_A5-Weekday-SDon-120500_M116_718,M116,d1,17,20:25:26,20:25:26,403392,9.0,1
MV_A5-Weekday-SDon-120500_M116_718,M116,d1,18,20:26:21,20:26:21,401084,4.0,1
MV_A5-Weekday-SDon-120500_M116_718,M116,d1,19,20:27:08,20:27:08,401085,5.0,1
MV_A5-Weekday-SDon-120500_M116_718,M116,d1,20,20:28:00,20:28:00,402016,3.0,1
MV_A5-Weekday-SDon-120500_M116_718,M116,d1,21,20:28:41,20:28:41,402017,2.0,1
MV_A5-Weekday-SDon-120500_M116_718,M116,d1,22,20:29:00,20:29:00,401977,2.0,1
MV_A5-Weekday-SDon-143500_M116_718,M116,d1,1,23:55:00,23:55:00,404135,1.0,1
MV_A5-Weekday-SDon-143500_M116_718,M116,d1,2,23:55:54,23:55:54,401305,1.0,1
MV_A5-Weekday-SDon-143500_M116_718,M116,d1,3,23:56:25,23:56:25,401306,2.0,1
MV_A5-Weekday-SDon-143500_M116_718,M116,d1,4,23:57:15,23:57:15,401307,2.0,1
MV_A5-Weekday-SDon-143500_M116_718,M116,d1,5,23:57:55,23:57:55,401308,2.0,1
MV_A5-Weekday-SDon-143500_M116_718,M116,d1,6,23:59:15,23:59:15,404824,2.0,1
MV_A5-Weekday-SDon-143500_M116_718,M116,d1,7,24:00:09,24:00:09,401310,4.0,1
MV_A5-Weekday-SDon-143500_M116_718,M116,d1,8,24:01:21,24:01:21,401311,6.0,1
MV_A5-Weekday-SDon-143500_M116_718,M116,d1,9,24:02:09,24:02:09,401312,4.0,1
MV_A5-Weekday-SDon-143500_M116_718,M116,d1,10,24:02:57,24:02:57,401313,6.0,1
MV_A5-Weekday-SDon-143500_M116_718,M116,d1,11,24:04:14,24:04:14,401314,5.0,1
MV_A5-Weekday-SDon-143500_M116_718,M116,d1,12,24:05:03,24:05:03,401315,6.0,1
MV_A5-Weekday-SDon-143500_M116_718,M116,d1,13,24:06:24,24:06:24,401317,7.0,1
MV_A5-Weekday-SDon-143500_M116_718,M116,d1,14,24:07:01,24:07:01,403276,7.0,1
MV_A5-Weekday-SDon-143500_M116_718,M116,d1,15,24:08:00,24:08:00,401318,7.0,1
MV_A5-Weekday-SDon-143500_M116_718,M116,d1,16,24:09:23,24:09:23,405289,6.0,1
MV_A5-Weekday-SDon-143500_M116_718,M116,d1,17,24:10:04,24:10:04,404245,2.0,1
MV_A5-Weekday-SDon-143500_M116_718,M116,d1,18,24:11:00,24:11:00,404915,6.0,1
MV_A5-Weekday-SDon-143500_M116_718,M116,d1,19,24:11:30,24:11:30,405247,4.0,1
MV_A5-Weekday-SDon-143500_M116_718,M116,d1,20,24:12:18,24:12:18,401324,3.0,1
MV_A5-Weekday-SDon-143500_M116_718,M116,d1,21,24:13:43,24:13:43,401326,3.0,1
MV_A5-Weekday-SDon-143500_M116_718,M116,d1,22,24:14:20,24:14:20,401327,1.0,1
MV_A5-Weekday-SDon-143500_M116_718,M116,d1,23,24:15:04,24:15:04,401328,2.0,1
MV_A5-Weekday-SDon-143500_M116_718,M116,d1,24,24:15:43,24:15:43,401329,2.0,1
MV_A5-Weekday-SDon-143500_M116_718,M116,d1,25,24:16:24,24:16:24,401330,1.0,1
MV_A5-Weekday-SDon-143500_M116_718,M116,d1,26,24:17:16,24:17:16,401331,1.0,1
MV_A5-Weekday-SDon-143500_M116_718,M116,d1,27,24:18:23,24:18:23,401333,2.0,1
MV_A5-Weekday-SDon-143500_M116_718,M116,d1,28,24:19:00,24:19:00,401334,2.0,1
MV_A5-Weekday-SDon-143500_M116_718,M116,d1,29,24:19:40,24:19:40,401335,1.0,1
MV_A5-Weekday-SDon-143500_M116_718,M116,d1,30,24:20:13,24:20:13,401336,2.0,1
MV_A5-Weekday-SDon-143500_M116_718,M116,d1,31,24:21:00,24:21:00,401337,1.0,1
MV_A5-Weekday-SDon-143500_M116_718,M116,d1,32,24:21:37,24:21:37,401338,2.0,1
MV_A5-Weekday-SDon-143500_M116_718,M116,d1,33,24:22:29,24:22:29,401339,2.0,1
MV_A5-Weekday-SDon-143500_M116_718,M116,d1,34,24:23:07,24:23:07,404136,1.0,1
MV_A5-Weekday-SDon-143500_M116_718,M116,d1,35,24:23:43,24:23:43,401341,2.0,1
MV_A5-Weekday-SDon-143500_M116_718,M116,d1,36,24:24:39,24:24:39,401342,3.0,1
MV_A5-Weekday-SDon-143500_M116_718,M116,d1,37,24:25:18,24:25:18,401343,2.0,1
MV_A5-Weekday-SDon-143500_M116_718,M116,d1,38,24:25:55,24:25:55,401344,1.0,1
MV_A5-Weekday-SDon-143500_M116_718,M116,d1,39,24:26:32,24:26:32,401345,1.0,1
MV_A5-Weekday-SDon-143500_M116_718,M116,d1,40,24:27:08,24:27:08,404987,2.0,1
MV_A5-Weekday-SDon-143500_M116_718,M116,d1,41,24:27:43,24:27:43,404988,2.0,1
MV_A5-Weekday-SDon-143500_M116_718,M116,d1,42,24:29:00,24:29:00,401348,1.0,1
MV_A5-Weekday-SDon-143500_M116_718,M116,d1,43,24:29:17,24:29:17,400860,2.0,1
MV_A5-Weekday-SDon-143500_M116_718,M116,d1,44,24:29:40,24:29:40,400861,2.0,1
MV_A5-Weekday-SDon-143500_M116_718,M116,d1,45,24:30:00,24:30:00,405376,2.0,1
MV_A5-Weekday-SDon-100000_M116_714,M116,d1,1,16:40:00,16:40:00,401998,18.0,2
MV_A5-Weekday-SDon-100000_M116_714,M116,d1,2,16:40:37,16:40:37,405315,18.0,3
MV_A5-Weekday-SDon-100000_M116_714,M116,d1,3,16:41:00,16:41:00,401999,39.0,3
MV_A5-Weekday-SDon-100000_M116_714,M116,d1,4,16:42:26,16:42:26,402000,39.0,3
MV_A5-Weekday-SDon-100000_M116_714,M116,d1,5,16:44:58,16:44:58,402001,39.0,3
MV_A5-Weekday-SDon-100000_M116_714,M116,d1,6,16:46:21,16:46:21,402002,31.0,3
MV_A5-Weekday-SDon-100000_M116_714,M116,d1,7,16:47:49,16:47:49,402003,42.0,3
MV_A5-Weekday-SDon-100000_M116_714,M116,d1,8,16:48:59,16:48:59,402004,42.0,3
MV_A5-Weekday-SDon-100000_M116_714,M116,d1,9,16:51:00,16:51:00,402005,39.0,3
MV_A5-Weekday-SDon-100000_M116_714,M116,d1,10,16:51:52,16:51:52,402006,39.0,3
MV_A5-Weekday-SDon-100000_M116_714,M116,d1,11,16:55:00,16:55:00,404274,39.0,3
MV_A5-Weekday-SDon-100000_M116_714,M116,d1,12,16:57:24,16:57:24,401078,12.0,2
MV_A5-Weekday-SDon-100000_M116_714,M116,d1,13,16:59:00,16:59:00,401079,17.0,2
MV_A5-Weekday-SDon-100000_M116_714,M116,d1,14,17:00:26,17:00:26,400482,17.0,2
MV_A5-Weekday-SDon-100000_M116_714,M116,d1,15,17:01:18,17:01:18,400483,17.0,2
MV_A5-Weekday-SDon-100000_M116_714,M116,d1,16,17:02:49,17:02:49,400484,11.0,1
MV_A5-Weekday-SDon-100000_M116_714,M116,d1,17,17:04:04,17:04:04,403392,11.0,1
MV_A5-Weekday-SDon-100000_M116_714,M116,d1,18,17:05:07,17:05:07,401084,11.0,1
MV_A5-Weekday-SDon-100000_M116_714,M116,d1,19,17:06:01,17:06:01,401085,11.0,1
MV_A5-Weekday-SDon-100000_M116_714,M116,d1,20,17:07:00,17:07:00,402016,11.0,1
MV_A5-Weekday-SDon-100000_M116_714,M116,d1,21,17:07:41,17:07:41,402017,10.0,1
MV_A5-Weekday-SDon-100000_M116_714,M116,d1,22,17:08:00,17:08:00,401977,10.0,1
MV_A5-Weekday-SDon-102000_M116_708,M116,d1,1,17:00:00,17:00:00,400639,7.0,1
MV_A5-Weekday-SDon-102000_M116_708,M116,d1,2,17:01:50,17:01:50,400640,7.0,1
MV_A5-Weekday-SDon-102000_M116_708,M116,d1,3,17:03:18,17:03:18,400641,9.0,1
MV_A5-Weekday-SDon-102000_M116_708,M116,d1,4,17:04:29,17:04:29,400642,9.0,1
MV_A5-Weekday-SDon-102000_M116_708,M116,d1,5,17:05:22,17:05:22,400643,9.0,1
MV_A5-Weekday-SDon-102000_M116_708,M116,d1,6,17:06:15,17:06:15,400644,3.0,2
MV_A5-Weekday-SDon-102000_M116_708,M116,d1,7,17:08:55,17:08:55,400799,23.0,2
MV_A5-Weekday-SDon-102000_M116_708,M116,d1,8,17:09:52,17:09:52,404124,23.0,2
MV_A5-Weekday-SDon-102000_M116_708,M116,d1,9,17:11:00,17:11:00,404125,30.0,2
MV_A5-Weekday-SDon-102000_M116_708,M116,d1,10,17:32:31,17:32:31,403415,9.0,1
MV_A5-Weekday-SDon-102000_M116_708,M116,d1,11,17:36:27,17:36:27,403416,14.0,1
MV_A5-Weekday-SDon-102000_M116_708,M116,d1,12,17:39:51,17:39:51,403417,1.0,1
MV_A5-Weekday-SDon-102000_M116_708,M116,d1,13,17:43:19,17:43:19,403418,15.0,1
MV_A5-Weekday-SDon-102000_M116_708,M116,d1,14,17:46:42,17:46:42,403419,6.0,2
MV_A5-Weekday-SDon-102000_M116_708,M116,d1,15,17:49:07,17:49:07,402826,20.0,2
MV_A5-Weekday-SDon-102000_M116_708,M116,d1,16,17:51:36,17:51:36,403421,4.0,1
MV_A5-Weekday-SDon-102000_M116_708,M116,d1,17,17:53:00,17:53:00,903105,4.0,1
MV_A5-Weekday-SDon-040000_M116_702,M116,d1,1,6:40:00,6:40:00,401998,12.0,1
MV_A5-Weekday-SDon-040000_M116_702,M116,d1,2,6:40:37,6:40:37,405315,12.0,2
MV_A5-Weekday-SDon-040000_M116_702,M116,d1,3,6:41:00,6:41:00,401999,17.0,2
MV_A5-Weekday-SDon-040000_M116_702,M116,d1,4,6:42:09,6:42:09,402000,21.0,2
MV_A5-Weekday-SDon-040000_M116_702,M116,d1,5,6:44:10,6:44:10,402001,22.0,2
MV_A5-Weekday-SDon-040000_M116_702,M116,d1,6,6:45:17,6:45:17,402002,22.0,2
MV_A5-Weekday-SDon-040000_M116_702,M116,d1,7,6:46:27,6:46:27,402003,20.0,2
MV_A5-Weekday-SDon-040000_M116_702,M116,d1,8,6:47:23,6:47:23,402004,21.0,2
MV_A5-Weekday-SDon-040000_M116_702,M116,d1,9,6:49:00,6:49:00,402005,28.0,2
MV_A5-Weekday-SDon-040000_M116_702,M116,d1,10,6:49:39,6:49:39,402006,28.0,2
MV_A5-Weekday-SDon-040000_M116_702,M116,d1,11,6:52:00,6:52:00,404274,24.0,2
MV_A5-Weekday-SDon-040000_M116_702,M116,d1,12,6:53:48,6:53:48,401078,17.0,2
MV_A5-Weekday-SDon-040000_M116_702,M116,d1,13,6:55:00,6:55:00,401079,12.0,1
MV_A5-Weekday-SDon-040000_M116_702,M116,d1,14,6:56:26,6:56:26,400482,9.0,1
MV_A5-Weekday-SDon-040000_M116_702,M116,d1,15,6:57:18,6:57:18,400483,16.0,1
MV_A5-Weekday-SDon-040000_M116_702,M116,d1,16,6:58:49,6:58:49,400484,16.0,1
MV_A5-Weekday-SDon-040000_M116_702,M116,d1,17,7:00:04,7:00:04,403392,16.0,1
MV_A5-Weekday-SDon-040000_M116_702,M116,d1,18,7:01:07,7:01:07,401084,10.0,1
MV_A5-Weekday-SDon-040000_M116_702,M116,d1,19,7:02:01,7:02:01,401085,10.0,1
MV_A5-Weekday-SDon-040000_M116_702,M116,d1,20,7:03:00,7:03:00,402016,6.0,1
MV_A5-Weekday-SDon-040000_M116_702,M116,d1,21,7:03:41,7:03:41,402017,6.0,1
MV_A5-Weekday-SDon-040000_M116_702,M116,d1,22,7:04:00,7:04:00,401977,6.0,1
MV_A5-Weekday-091600_M116_714,M116,d1,1,15:16:00,15:16:00,401998,21.0,2
MV_A5-Weekday-091600_M116_714,M116,d1,2,15:16:37,15:16:37,405315,21.0,2
MV_A5-Weekday-091600_M116_714,M116,d1,3,15:17:00,15:17:00,401999,21.0,2
MV_A5-Weekday-091600_M116_714,M116,d1,4,15:18:26,15:18:26,402000,21.0,2
MV_A5-Weekday-091600_M116_714,M116,d1,5,15:20:58,15:20:58,402001,24.0,2
MV_A5-Weekday-091600_M116_714,M116,d1,6,15:22:21,15:22:21,402002,24.0,2
MV_A5-Weekday-091600_M116_714,M116,d1,7,15:23:49,15:23:49,402003,11.0,2
MV_A5-Weekday-091600_M116_714,M116,d1,8,15:24:59,15:24:59,402004,27.0,2
MV_A5-Weekday-091600_M116_714,M116,d1,9,15:27:00,15:27:00,402005,29.0,2
MV_A5-Weekday-091600_M116_714,M116,d1,10,15:27:52,15:27:52,402006,29.0,2
MV_A5-Weekday-091600_M116_714,M116,d1,11,15:31:00,15:31:00,404274,24.0,2
MV_A5-Weekday-091600_M116_714,M116,d1,12,15:33:24,15:33:24,401078,16.0,1
MV_A5-Weekday-091600_M116_714,M116,d1,13,15:35:00,15:35:00,401079,16.0,1
MV_A5-Weekday-091600_M116_714,M116,d1,14,15:36:26,15:36:26,400482,12.0,1
MV_A5-Weekday-091600_M116_714,M116,d1,15,15:37:18,15:37:18,400483,10.0,1
MV_A5-Weekday-091600_M116_714,M116,d1,16,15:38:49,15:38:49,400484,10.0,1
MV_A5-Weekday-091600_M116_714,M116,d1,17,15:40:04,15:40:04,403392,8.0,1
MV_A5-Weekday-091600_M116_714,M116,d1,18,15:41:07,15:41:07,401084,8.0,1
MV_A5-Weekday-091600_M116_714,M116,d1,19,15:42:01,15:42:01,401085,8.0,1
MV_A5-Weekday-091600_M116_714,M116,d1,20,15:43:00,15:43:00,402016,6.0,1
MV_A5-Weekday-091600_M116_714,M116,d1,21,15:43:41,15:43:41,402017,6.0,1
MV_A5-Weekday-091600_M116_714,M116,d1,22,15:44:00,15:44:00,401977,6.0,1
MV_A5-Weekday-SDon-086200_M116_705,M116,d1,1,14:22:00,14:22:00,401998,20.0,2
MV_A5-Weekday-SDon-086200_M116_705,M116,d1,2,14:22:37,14:22:37,405315,29.0,3
MV_A5-Weekday-SDon-086200_M116_705,M116,d1,3,14:23:00,14:23:00,401999,41.0,3
MV_A5-Weekday-SDon-086200_M116_705,M116,d1,4,14:24:26,14:24:26,402000,13.0,3
MV_A5-Weekday-SDon-086200_M116_705,M116,d1,5,14:26:58,14:26:58,402001,44.0,3
MV_A5-Weekday-SDon-086200_M116_705,M116,d1,6,14:28:21,14:28:21,402002,44.0,3
MV_A5-Weekday-SDon-086200_M116_705,M116,d1,7,14:29:49,14:29:49,402003,35.0,3
MV_A5-Weekday-SDon-086200_M116_705,M116,d1,8,14:30:59,14:30:59,402004,35.0,3
MV_A5-Weekday-SDon-086200_M116_705,M116,d1,9,14:33:00,14:33:00,402005,35.0,3
MV_A5-Weekday-SDon-086200_M116_705,M116,d1,10,14:33:52,14:33:52,402006,35.0,3
MV_A5-Weekday-SDon-086200_M116_705,M116,d1,11,14:37:00,14:37:00,404274,35.0,3
MV_A5-Weekday-SDon-086200_M116_705,M116,d1,12,14:39:24,14:39:24,401078,16.0,1
MV_A5-Weekday-SDon-086200_M116_705,M116,d1,13,14:41:00,14:41:00,401079,16.0,1
MV_A5-Weekday-SDon-086200_M116_705,M116,d1,14,14:42:26,14:42:26,400482,16.0,1
MV_A5-Weekday-SDon-086200_M116_705,M116,d1,15,14:43:18,14:43:18,400483,16.0,1
MV_A5-Weekday-SDon-086200_M116_705,M116,d1,16,14:44:49,14:44:49,400484,16.0,1
MV_A5-Weekday-SDon-086200_M116_705,M116,d1,17,14:46:04,14:46:04,403392,16.0,1
MV_A5-Weekday-SDon-086200_M116_705,M116,d1,18,14:47:07,14:47:07,401084,16.0,1
MV_A5-Weekday-SDon-086200_M116_705,M116,d1,19,14:48:01,14:48:01,401085,16.0,1
MV_A5-Weekday-SDon-086200_M116_705,M116,d1,20,14:49:00,14:49:00,402016,16.0,1
MV_A5-Weekday-SDon-086200_M116_705,M116,d1,21,14:49:41,14:49:41,402017,16.0,1
MV_A5-Weekday-SDon-086200_M116_705,M116,d1,22,14:50:00,14:50:00,401977,16.0,1
MV_A5-Weekday-046500_M116_704,M116,d1,1,7:45:00,7:45:00,401998,13.0,1
MV_A5-Weekday-046500_M116_704,M116,d1,2,7:45:37,7:45:37,405315,13.0,2
MV_A5-Weekday-046500_M116_704,M116,d1,3,7:46:00,7:46:00,401999,20.0,2
MV_A5-Weekday-046500_M116_704,M116,d1,4,7:47:17,7:47:17,402000,20.0,2
MV_A5-Weekday-046500_M116_704,M116,d1,5,7:49:34,7:49:34,402001,20.0,2
MV_A5-Weekday-046500_M116_704,M116,d1,6,7:50:49,7:50:49,402002,20.0,2
MV_A5-Weekday-046500_M116_704,M116,d1,7,7:52:08,7:52:08,402003,20.0,2
MV_A5-Weekday-046500_M116_704,M116,d1,8,7:53:11,7:53:11,402004,17.0,2
MV_A5-Weekday-046500_M116_704,M116,d1,9,7:55:00,7:55:00,402005,13.0,2
MV_A5-Weekday-046500_M116_704,M116,d1,10,7:55:52,7:55:52,402006,21.0,2
MV_A5-Weekday-046500_M116_704,M116,d1,11,7:59:00,7:59:00,404274,7.0,1
MV_A5-Weekday-046500_M116_704,M116,d1,12,8:00:48,8:00:48,401078,7.0,1
MV_A5-Weekday-046500_M116_704,M116,d1,13,8:02:00,8:02:00,401079,7.0,1
MV_A5-Weekday-046500_M116_704,M116,d1,14,8:03:48,8:03:48,400482,7.0,1
MV_A5-Weekday-046500_M116_704,M116,d1,15,8:04:52,8:04:52,400483,7.0,1
MV_A5-Weekday-046500_M116_704,M116,d1,16,8:06:46,8:06:46,400484,3.0,1
MV_A5-Weekday-046500_M116_704,M116,d1,17,8:08:20,8:08:20,403392,3.0,1
MV_A5-Weekday-046500_M116_704,M116,d1,18,8:09:39,8:09:39,401084,2.0,1
MV_A5-Weekday-046500_M116_704,M116,d1,19,8:10:46,8:10:46,401085,2.0,1
MV_A5-Weekday-046500_M116_704,M116,d1,20,8:12:00,8:12:00,402016,2.0,1
MV_A5-Weekday-046500_M116_704,M116,d1,21,8:12:41,8:12:41,402017,2.0,1
MV_A5-Weekday-046500_M116_704,M116,d1,22,8:13:00,8:13:00,401977,2.0,1
MV_A5-Weekday-SDon-049500_M116_709,M116,d1,1,8:15:00,8:15:00,401998,9.0,1
MV_A5-Weekday-SDon-049500_M116_709,M116,d1,2,8:15:37,8:15:37,405315,9.0,1
MV_A5-Weekday-SDon-049500_M116_709,M116,d1,3,8:16:00,8:16:00,401999,15.0,2
MV_A5-Weekday-SDon-049500_M116_709,M116,d1,4,8:17:17,8:17:17,402000,23.0,2
MV_A5-Weekday-SDon-049500_M116_709,M116,d1,5,8:19:34,8:19:34,402001,27.0,2
MV_A5-Weekday-SDon-049500_M116_709,M116,d1,6,8:20:49,8:20:49,402002,27.0,3
MV_A5-Weekday-SDon-049500_M116_709,M116,d1,7,8:22:08,8:22:08,402003,36.0,3
MV_A5-Weekday-SDon-049500_M116_709,M116,d1,8,8:23:11,8:23:11,402004,36.0,3
MV_A5-Weekday-SDon-049500_M116_709,M116,d1,9,8:25:00,8:25:00,402005,27.0,2
MV_A5-Weekday-SDon-049500_M116_709,M116,d1,10,8:25:52,8:25:52,402006,29.0,3
MV_A5-Weekday-SDon-049500_M116_709,M116,d1,11,8:29:00,8:29:00,404274,33.0,3
MV_A5-Weekday-SDon-049500_M116_709,M116,d1,12,8:30:48,8:30:48,401078,27.0,2
MV_A5-Weekday-SDon-049500_M116_709,M116,d1,13,8:32:00,8:32:00,401079,12.0,2
MV_A5-Weekday-SDon-049500_M116_709,M116,d1,14,8:33:26,8:33:26,400482,21.0,2
MV_A5-Weekday-SDon-049500_M116_709,M116,d1,15,8:34:18,8:34:18,400483,11.0,2
MV_A5-Weekday-SDon-049500_M116_709,M116,d1,16,8:35:49,8:35:49,400484,18.0,2
MV_A5-Weekday-SDon-049500_M116_709,M116,d1,17,8:37:04,8:37:04,403392,10.0,2
MV_A5-Weekday-SDon-049500_M116_709,M116,d1,18,8:38:07,8:38:07,401084,17.0,2
MV_A5-Weekday-SDon-049500_M116_709,M116,d1,19,8:39:01,8:39:01,401085,7.0,1
MV_A5-Weekday-SDon-049500_M116_709,M116,d1,20,8:40:00,8:40:00,402016,9.0,1
MV_A5-Weekday-SDon-049500_M116_709,M116,d1,21,8:40:41,8:40:41,402017,7.0,1
MV_A5-Weekday-SDon-049500_M116_709,M116,d1,22,8:41:00,8:41:00,401977,7.0,1
MV_A5-Weekday-SDon-030000_M116_701,M116,d1,1,5:00:00,5:00:00,401998,2.0,1
MV_A5-Weekday-SDon-030000_M116_701,M116,d1,2,5:00:37,5:00:37,405315,1.0,1
MV_A5-Weekday-SDon-030000_M116_701,M116,d1,3,5:01:00,5:01:00,401999,6.0,1
MV_A5-Weekday-SDon-030000_M116_701,M116,d1,4,5:01:43,5:01:43,402000,10.0,1
MV_A5-Weekday-SDon-030000_M116_701,M116,d1,5,5:02:59,5:02:59,402001,16.0,1
MV_A5-Weekday-SDon-030000_M116_701,M116,d1,6,5:03:41,5:03:41,402002,16.0,1
MV_A5-Weekday-SDon-030000_M116_701,M116,d1,7,5:04:24,5:04:24,402003,13.0,1
MV_A5-Weekday-SDon-030000_M116_701,M116,d1,8,5:04:59,5:04:59,402004,14.0,1
MV_A5-Weekday-SDon-030000_M116_701,M116,d1,9,5:06:00,5:06:00,402005,16.0,1
MV_A5-Weekday-SDon-030000_M116_701,M116,d1,10,5:06:26,5:06:26,402006,16.0,1
MV_A5-Weekday-SDon-030000_M116_701,M116,d1,11,5:08:00,5:08:00,404274,8.0,1
MV_A5-Weekday-SDon-030000_M116_701,M116,d1,12,5:09:12,5:09:12,401078,8.0,1
MV_A5-Weekday-SDon-030000_M116_701,M116,d1,13,5:10:00,5:10:00,401079,7.0,1
MV_A5-Weekday-SDon-030000_M116_701,M116,d1,14,5:10:43,5:10:43,400482,1.0,1
MV_A5-Weekday-SDon-030000_M116_701,M116,d1,15,5:11:09,5:11:09,400483,1.0,1
MV_A5-Weekday-SDon-030000_M116_701,M116,d1,16,5:11:54,5:11:54,400484,7.0,1
MV_A5-Weekday-SDon-030000_M116_701,M116,d1,17,5:12:32,5:12:32,403392,7.0,1
MV_A5-Weekday-SDon-030000_M116_701,M116,d1,18,5:13:04,5:13:04,401084,7.0,1
MV_A5-Weekday-SDon-030000_M116_701,M116,d1,19,5:13:30,5:13:30,401085,6.0,1
MV_A5-Weekday-SDon-030000_M116_701,M116,d1,20,5:14:00,5:14:00,402016,6.0,1
MV_A5-Weekday-SDon-030000_M116_701,M116,d1,21,5:14:41,5:14:41,402017,1.0,1
MV_A5-Weekday-SDon-030000_M116_701,M116,d1,22,5:15:00,5:15:00,401977,1.0,1
MV_A5-Weekday-124700_M116_714,M116,d1,1,20:47:00,20:47:00,401998,7.0,1
MV_A5-Weekday-124700_M116_714,M116,d1,2,20:47:37,20:47:37,405315,11.0,2
MV_A5-Weekday-124700_M116_714,M116,d1,3,20:48:00,20:48:00,401999,21.0,2
MV_A5-Weekday-124700_M116_714,M116,d1,4,20:49:09,20:49:09,402000,21.0,2
MV_A5-Weekday-124700_M116_714,M116,d1,5,20:51:10,20:51:10,402001,1.0,2
MV_A5-Weekday-124700_M116_714,M116,d1,6,20:52:17,20:52:17,402002,27.0,2
MV_A5-Weekday-124700_M116_714,M116,d1,7,20:53:27,20:53:27,402003,13.0,2
MV_A5-Weekday-124700_M116_714,M116,d1,8,20:54:23,20:54:23,402004,26.0,2
MV_A5-Weekday-124700_M116_714,M116,d1,9,20:56:00,20:56:00,402005,21.0,2
MV_A5-Weekday-124700_M116_714,M116,d1,10,20:56:39,20:56:39,402006,20.0,2
MV_A5-Weekday-124700_M116_714,M116,d1,11,20:59:00,20:59:00,404274,21.0,2
MV_A5-Weekday-124700_M116_714,M116,d1,12,21:01:24,21:01:24,401078,19.0,2
MV_A5-Weekday-124700_M116_714,M116,d1,13,21:03:00,21:03:00,401079,15.0,1
MV_A5-Weekday-124700_M116_714,M116,d1,14,21:04:05,21:04:05,400482,4.0,1
MV_A5-Weekday-124700_M116_714,M116,d1,15,21:04:44,21:04:44,400483,10.0,2
MV_A5-Weekday-124700_M116_714,M116,d1,16,21:05:52,21:05:52,400484,19.0,2
MV_A5-Weekday-124700_M116_714,M116,d1,17,21:06:48,21:06:48,403392,9.0,1
MV_A5-Weekday-124700_M116_714,M116,d1,18,21:07:35,21:07:35,401084,9.0,1
MV_A5-Weekday-124700_M116_714,M116,d1,19,21:08:15,21:08:15,401085,13.0,1
MV_A5-Weekday-124700_M116_714,M116,d1,20,21:09:00,21:09:00,402016,13.0,1
MV_A5-Weekday-124700_M116_714,M116,d1,21,21:09:41,21:09:41,402017,9.0,1
MV_A5-Weekday-124700_M116_714,M116,d1,22,21:10:00,21:10:00,401977,9.0,1
MV_A5-Weekday-SDon-043500_M116_706,M116,d1,1,7:15:00,7:15:00,401998,5.0,1
MV_A5-Weekday-SDon-043500_M116_706,M116,d1,2,7:15:37,7:15:37,405315,5.0,1
MV_A5-Weekday-SDon-043500_M116_706,M116,d1,3,7:16:00,7:16:00,401999,5.0,1
MV_A5-Weekday-SDon-043500_M116_706,M116,d1,4,7:17:09,7:17:09,402000,5.0,1
MV_A5-Weekday-SDon-043500_M116_706,M116,d1,5,7:19:10,7:19:10,402001,5.0,1
MV_A5-Weekday-SDon-043500_M116_706,M116,d1,6,7:20:17,7:20:17,402002,5.0,1
MV_A5-Weekday-SDon-043500_M116_706,M116,d1,7,7:21:27,7:21:27,402003,5.0,1
MV_A5-Weekday-SDon-043500_M116_706,M116,d1,8,7:22:23,7:22:23,402004,5.0,1
MV_A5-Weekday-SDon-043500_M116_706,M116,d1,9,7:24:00,7:24:00,402005,5.0,1
MV_A5-Weekday-SDon-043500_M116_706,M116,d1,10,7:24:39,7:24:39,402006,5.0,1
MV_A5-Weekday-SDon-043500_M116_706,M116,d1,11,7:27:00,7:27:00,404274,5.0,1
MV_A5-Weekday-SDon-043500_M116_706,M116,d1,12,7:28:48,7:28:48,401078,5.0,1
MV_A5-Weekday-SDon-043500_M116_706,M116,d1,13,7:30:00,7:30:00,401079,5.0,1
MV_A5-Weekday-SDon-043500_M116_706,M116,d1,14,7:31:48,7:31:48,400482,5.0,1
MV_A5-Weekday-SDon-043500_M116_706,M116,d1,15,7:32:52,7:32:52,400483,5.0,1
MV_A5-Weekday-SDon-043500_M116_706,M116,d1,16,7:34:46,7:34:46,400484,5.0,1
MV_A5-Weekday-SDon-043500_M116_706,M116,d1,17,7:36:20,7:36:20,403392,5.0,1
MV_A5-Weekday-SDon-043500_M116_706,M116,d1,18,7:37:39,7:37:39,401084,5.0,1
MV_A5-Weekday-SDon-043500_M116_706,M116,d1,19,7:38:46,7:38:46,401085,5.0,1
MV_A5-Weekday-SDon-043500_M116_706,M116,d1,20,7:40:00,7:40:00,402016,5.0,1
MV_A5-Weekday-SDon-043500_M116_706,M116,d1,21,7:40:41,7:40:41,402017,5.0,1
MV_A5-Weekday-SDon-043500_M116_706,M116,d1,22,7:41:00,7:41:00,401977,5.0,1
MV_A5-Weekday-057300_M116_705,M116,d1,1,9:33:00,9:33:00,401998,8.0,1
MV_A5-Weekday-057300_M116_705,M116,d1,2,9:33:37,9:33:37,405315,8.0,1
MV_A5-Weekday-057300_M116_705,M116,d1,3,9:34:00,9:34:00,401999,16.0,1
MV_A5-Weekday-057300_M116_705,M116,d1,4,9:35:26,9:35:26,402000,16.0,2
MV_A5-Weekday-057300_M116_705,M116,d1,5,9:37:58,9:37:58,402001,19.0,2
MV_A5-Weekday-057300_M116_705,M116,d1,6,9:39:21,9:39:21,402002,19.0,2
MV_A5-Weekday-057300_M116_705,M116,d1,7,9:40:49,9:40:49,402003,28.0,2
MV_A5-Weekday-057300_M116_705,M116,d1,8,9:41:59,9:41:59,402004,28.0,2
MV_A5-Weekday-057300_M116_705,M116,d1,9,9:44:00,9:44:00,402005,28.0,2
MV_A5-Weekday-057300_M116_705,M116,d1,10,9:44:52,9:44:52,402006,22.0,2
MV_A5-Weekday-057300_M116_705,M116,d1,11,9:48:00,9:48:00,404274,22.0,2
MV_A5-Weekday-057300_M116_705,M116,d1,12,9:50:24,9:50:24,401078,14.0,1
MV_A5-Weekday-057300_M116_705,M116,d1,13,9:52:00,9:52:00,401079,13.0,1
MV_A5-Weekday-057300_M116_705,M116,d1,14,9:53:26,9:53:26,400482,13.0,1
MV_A5-Weekday-057300_M116_705,M116,d1,15,9:54:18,9:54:18,400483,7.0,1
MV_A5-Weekday-057300_M116_705,M116,d1,16,9:55:49,9:55:49,400484,13.0,1
MV_A5-Weekday-057300_M116_705,M116,d1,17,9:57:04,9:57:04,403392,7.0,1
MV_A5-Weekday-057300_M116_705,M116,d1,18,9:58:07,9:58:07,401084,12.0,1
MV_A5-Weekday-057300_M116_705,M116,d1,19,9:59:01,9:59:01,401085,6.0,1
MV_A5-Weekday-057300_M116_705,M116,d1,20,10:00:00,10:00:00,402016,9.0,1
MV_A5-Weekday-057300_M116_705,M116,d1,21,10:00:41,10:00:41,402017,6.0,1
MV_A5-Weekday-057300_M116_705,M116,d1,22,10:01:00,10:01:00,401977,6.0,1
MV_A5-Weekday-062200_M116_707,M116,d1,1,10:22:00,10:22:00,401998,2.0,1
MV_A5-Weekday-062200_M116_707,M116,d1,2,10:22:37,10:22:37,405315,13.0,1
MV_A5-Weekday-062200_M116_707,M116,d1,3,10:23:00,10:23:00,401999,13.0,2
MV_A5-Weekday-062200_M116_707,M116,d1,4,10:24:26,10:24:26,402000,19.0,2
MV_A5-Weekday-062200_M116_707,M116,d1,5,10:26:58,10:26:58,402001,21.0,2
MV_A5-Weekday-062200_M116_707,M116,d1,6,10:28:21,10:28:21,402002,32.0,3
MV_A5-Weekday-062200_M116_707,M116,d1,7,10:29:49,10:29:49,402003,34.0,3
MV_A5-Weekday-062200_M116_707,M116,d1,8,10:30:59,10:30:59,402004,34.0,3
MV_A5-Weekday-062200_M116_707,M116,d1,9,10:33:00,10:33:00,402005,25.0,2
MV_A5-Weekday-062200_M116_707,M116,d1,10,10:33:52,10:33:52,402006,28.0,2
MV_A5-Weekday-062200_M116_707,M116,d1,11,10:37:00,10:37:00,404274,20.0,2
MV_A5-Weekday-062200_M116_707,M116,d1,12,10:39:24,10:39:24,401078,8.0,1
MV_A5-Weekday-062200_M116_707,M116,d1,13,10:41:00,10:41:00,401079,13.0,1
MV_A5-Weekday-062200_M116_707,M116,d1,14,10:42:26,10:42:26,400482,9.0,1
MV_A5-Weekday-062200_M116_707,M116,d1,15,10:43:18,10:43:18,400483,11.0,1
MV_A5-Weekday-062200_M116_707,M116,d1,16,10:44:49,10:44:49,400484,11.0,1
MV_A5-Weekday-062200_M116_707,M116,d1,17,10:46:04,10:46:04,403392,11.0,1
MV_A5-Weekday-062200_M116_707,M116,d1,18,10:47:07,10:47:07,401084,9.0,1
MV_A5-Weekday-062200_M116_707,M116,d1,19,10:48:01,10:48:01,401085,10.0,1
MV_A5-Weekday-062200_M116_707,M116,d1,20,10:49:00,10:49:00,402016,7.0,1
MV_A5-Weekday-062200_M116_707,M116,d1,21,10:49:41,10:49:41,402017,5.0,1
MV_A5-Weekday-062200_M116_707,M116,d1,22,10:50:00,10:50:00,401977,5.0,1
MV_A5-Weekday-146500_M116_717,M116,d1,1,24:25:00,24:25:00,404135,2.0,1
MV_A5-Weekday-146500_M116_717,M116,d1,2,24:25:46,24:25:46,401305,2.0,1
MV_A5-Weekday-146500_M116_717,M116,d1,3,24:26:12,24:26:12,401306,2.0,1
MV_A5-Weekday-146500_M116_717,M116,d1,4,24:26:54,24:26:54,401307,1.0,1
MV_A5-Weekday-146500_M116_717,M116,d1,5,24:27:28,24:27:28,401308,2.0,1
MV_A5-Weekday-146500_M116_717,M116,d1,6,24:28:36,24:28:36,404824,4.0,1
MV_A5-Weekday-146500_M116_717,M116,d1,7,24:29:21,24:29:21,401310,1.0,1
MV_A5-Weekday-146500_M116_717,M116,d1,8,24:30:22,24:30:22,401311,4.0,1
MV_A5-Weekday-146500_M116_717,M116,d1,9,24:31:03,24:31:03,401312,2.0,1
MV_A5-Weekday-146500_M116_717,M116,d1,10,24:31:44,24:31:44,401313,4.0,1
MV_A5-Weekday-146500_M116_717,M116,d1,11,24:32:48,24:32:48,401314,4.0,1
MV_A5-Weekday-146500_M116_717,M116,d1,12,24:33:31,24:33:31,401315,4.0,1
MV_A5-Weekday-146500_M116_717,M116,d1,13,24:34:39,24:34:39,401317,3.0,1
MV_A5-Weekday-146500_M116_717,M116,d1,14,24:35:10,24:35:10,403276,5.0,1
MV_A5-Weekday-146500_M116_717,M116,d1,15,24:36:00,24:36:00,401318,5.0,1
MV_A5-Weekday-146500_M116_717,M116,d1,16,24:37:23,24:37:23,405289,5.0,1
MV_A5-Weekday-146500_M116_717,M116,d1,17,24:38:04,24:38:04,404245,2.0,1
MV_A5-Weekday-146500_M116_717,M116,d1,18,24:39:00,24:39:00,404915,2.0,1
MV_A5-Weekday-146500_M116_717,M116,d1,19,24:39:30,24:39:30,405247,2.0,1
MV_A5-Weekday-146500_M116_717,M116,d1,20,24:40:18,24:40:18,401324,2.0,1
MV_A5-Weekday-146500_M116_717,M116,d1,21,24:41:43,24:41:43,401326,2.0,1
MV_A5-Weekday-146500_M116_717,M116,d1,22,24:42:20,24:42:20,401327,2.0,1
MV_A5-Weekday-146500_M116_717,M116,d1,23,24:43:04,24:43:04,401328,2.0,1
MV_A5-Weekday-146500_M116_717,M116,d1,24,24:43:43,24:43:43,401329,2.0,1
MV_A5-Weekday-146500_M116_717,M116,d1,25,24:44:24,24:44:24,401330,1.0,1
MV_A5-Weekday-146500_M116_717,M116,d1,26,24:45:16,24:45:16,401331,2.0,1
MV_A5-Weekday-146500_M116_717,M116,d1,27,24:46:23,24:46:23,401333,2.0,1
MV_A5-Weekday-146500_M116_717,M116,d1,28,24:47:00,24:47:00,401334,2.0,1
MV_A5-Weekday-146500_M116_717,M116,d1,29,24:47:40,24:47:40,401335,2.0,1
MV_A5-Weekday-146500_M116_717,M116,d1,30,24:48:13,24:48:13,401336,2.0,1
MV_A5-Weekday-146500_M116_717,M116,d1,31,24:49:00,24:49:00,401337,2.0,1
MV_A5-Weekday-146500_M116_717,M116,d1,32,24:49:37,24:49:37,401338,2.0,1
MV_A5-Weekday-146500_M116_717,M116,d1,33,24:50:29,24:50:29,401339,2.0,1
MV_A5-Weekday-146500_M116_717,M116,d1,34,24:51:07,24:51:07,404136,2.0,1
MV_A5-Weekday-146500_M116_717,M116,d1,35,24:51:43,24:51:43,401341,1.0,1
MV_A5-Weekday-146500_M116_717,M116,d1,36,24:52:39,24:52:39,401342,1.0,1
MV_A5-Weekday-146500_M116_717,M116,d1,37,24:53:18,24:53:18,401343,1.0,1
MV_A5-Weekday-146500_M116_717,M116,d1,38,24:53:55,24:53:55,401344,1.0,1
MV_A5-Weekday-146500_M116_717,M116,d1,39,24:54:32,24:54:32,401345,1.0,1
MV_A5-Weekday-146500_M116_717,M116,d1,40,24:55:08,24:55:08,404987,1.0,1
MV_A5-Weekday-146500_M116_717,M116,d1,41,24:55:43,24:55:43,404988,1.0,1
MV_A5-Weekday-146500_M116_717,M116,d1,42,24:57:00,24:57:00,401348,1.0,1
MV_A5-Weekday-146500_M116_717,M116,d1,43,24:57:17,24:57:17,400860,1.0,1
MV_A5-Weekday-146500_M116_717,M116,d1,44,24:57:40,24:57:40,400861,1.0,1
MV_A5-Weekday-146500_M116_717,M116,d1,45,24:58:00,24:58:00,405376,1.0,1
MV_A5-Weekday-094800_M116_712,M116,d1,1,15:48:00,15:48:00,401998,2.0,2
MV_A5-Weekday-094800_M116_712,M116,d1,2,15:48:37,15:48:37,405315,26.0,2
MV_A5-Weekday-094800_M116_712,M116,d1,3,15:49:00,15:49:00,401999,26.0,3
MV_A5-Weekday-094800_M116_712,M116,d1,4,15:50:26,15:50:26,402000,33.0,3
MV_A5-Weekday-094800_M116_712,M116,d1,5,15:52:58,15:52:58,402001,33.0,3
MV_A5-Weekday-094800_M116_712,M116,d1,6,15:54:21,15:54:21,402002,33.0,3
MV_A5-Weekday-094800_M116_712,M116,d1,7,15:55:49,15:55:49,402003,34.0,3
MV_A5-Weekday-094800_M116_712,M116,d1,8,15:56:59,15:56:59,402004,34.0,3
MV_A5-Weekday-094800_M116_712,M116,d1,9,15:59:00,15:59:00,402005,34.0,3
MV_A5-Weekday-094800_M116_712,M116,d1,10,15:59:52,15:59:52,402006,34.0,3
MV_A5-Weekday-094800_M116_712,M116,d1,11,16:03:00,16:03:00,404274,34.0,3
MV_A5-Weekday-094800_M116_712,M116,d1,12,16:05:24,16:05:24,401078,10.0,1
MV_A5-Weekday-094800_M116_712,M116,d1,13,16:07:00,16:07:00,401079,10.0,1
MV_A5-Weekday-094800_M116_712,M116,d1,14,16:08:26,16:08:26,400482,10.0,1
MV_A5-Weekday-094800_M116_712,M116,d1,15,16:09:18,16:09:18,400483,10.0,1
MV_A5-Weekday-094800_M116_712,M116,d1,16,16:10:49,16:10:49,400484,4.0,1
MV_A5-Weekday-094800_M116_712,M116,d1,17,16:12:04,16:12:04,403392,4.0,1
MV_A5-Weekday-094800_M116_712,M116,d1,18,16:13:07,16:13:07,401084,4.0,1
MV_A5-Weekday-094800_M116_712,M116,d1,19,16:14:01,16:14:01,401085,4.0,1
MV_A5-Weekday-094800_M116_712,M116,d1,20,16:15:00,16:15:00,402016,4.0,1
MV_A5-Weekday-094800_M116_712,M116,d1,21,16:15:41,16:15:41,402017,3.0,1
MV_A5-Weekday-094800_M116_712,M116,d1,22,16:16:00,16:16:00,401977,3.0,1
MV_A5-Weekday-SDon-048300_M116_X03,M116,d1,1,8:03:00,8:03:00,401998,1.0,2
MV_A5-Weekday-SDon-048300_M116_X03,M116,d1,2,8:03:37,8:03:37,405315,27.0,4
MV_A5-Weekday-SDon-048300_M116_X03,M116,d1,3,8:04:00,8:04:00,401999,50.0,4
MV_A5-Weekday-SDon-048300_M116_X03,M116,d1,4,8:05:17,8:05:17,402000,50.0,4
MV_A5-Weekday-SDon-048300_M116_X03,M116,d1,5,8:07:34,8:07:34,402001,40.0,3
MV_A5-Weekday-SDon-048300_M116_X03,M116,d1,6,8:08:49,8:08:49,402002,41.0,3
MV_A5-Weekday-SDon-048300_M116_X03,M116,d1,7,8:10:08,8:10:08,402003,41.0,3
MV_A5-Weekday-SDon-048300_M116_X03,M116,d1,8,8:11:11,8:11:11,402004,39.0,3
MV_A5-Weekday-SDon-048300_M116_X03,M116,d1,9,8:13:00,8:13:00,402005,43.0,3
MV_A5-Weekday-SDon-048300_M116_X03,M116,d1,10,8:13:52,8:13:52,402006,43.0,3
MV_A5-Weekday-SDon-048300_M116_X03,M116,d1,11,8:17:00,8:17:00,404274,43.0,3
MV_A5-Weekday-SDon-048300_M116_X03,M116,d1,12,8:18:48,8:18:48,401078,25.0,2
MV_A5-Weekday-SDon-048300_M116_X03,M116,d1,13,8:20:00,8:20:00,401079,12.0,2
MV_A5-Weekday-SDon-048300_M116_X03,M116,d1,14,8:21:48,8:21:48,400482,24.0,2
MV_A5-Weekday-SDon-048300_M116_X03,M116,d1,15,8:22:52,8:22:52,400483,19.0,2
MV_A5-Weekday-SDon-048300_M116_X03,M116,d1,16,8:24:46,8:24:46,400484,13.0,1
MV_A5-Weekday-SDon-048300_M116_X03,M116,d1,17,8:26:20,8:26:20,403392,13.0,2
MV_A5-Weekday-SDon-048300_M116_X03,M116,d1,18,8:27:39,8:27:39,401084,19.0,2
MV_A5-Weekday-SDon-048300_M116_X03,M116,d1,19,8:28:46,8:28:46,401085,19.0,2
MV_A5-Weekday-SDon-048300_M116_X03,M116,d1,20,8:30:00,8:30:00,402016,4.0,2
MV_A5-Weekday-SDon-048300_M116_X03,M116,d1,21,8:30:41,8:30:41,402017,19.0,2
MV_A5-Weekday-SDon-048300_M116_X03,M116,d1,22,8:31:00,8:31:00,401977,19.0,2
MV_A5-Weekday-SDon-068200_M116_704,M116,d1,1,11:22:00,11:22:00,401998,9.0,2
MV_A5-Weekday-SDon-068200_M116_704,M116,d1,2,11:22:37,11:22:37,405315,27.0,2
MV_A5-Weekday-SDon-068200_M116_704,M116,d1,3,11:23:00,11:23:00,401999,29.0,2
MV_A5-Weekday-SDon-068200_M116_704,M116,d1,4,11:24:26,11:24:26,402000,32.0,2
MV_A5-Weekday-SDon-068200_M116_704,M116,d1,5,11:26:58,11:26:58,402001,31.0,2
MV_A5-Weekday-SDon-068200_M116_704,M116,d1,6,11:28:21,11:28:21,402002,32.0,2
MV_A5-Weekday-SDon-068200_M116_704,M116,d1,7,11:29:49,11:29:49,402003,31.0,3
MV_A5-Weekday-SDon-068200_M116_704,M116,d1,8,11:30:59,11:30:59,402004,40.0,3
MV_A5-Weekday-SDon-068200_M116_704,M116,d1,9,11:33:00,11:33:00,402005,40.0,3
MV_A5-Weekday-SDon-068200_M116_704,M116,d1,10,11:33:52,11:33:52,402006,32.0,2
MV_A5-Weekday-SDon-068200_M116_704,M116,d1,11,11:37:00,11:37:00,404274,26.0,2
MV_A5-Weekday-SDon-068200_M116_704,M116,d1,12,11:39:24,11:39:24,401078,21.0,2
MV_A5-Weekday-SDon-068200_M116_704,M116,d1,13,11:41:00,11:41:00,401079,14.0,1
MV_A5-Weekday-SDon-068200_M116_704,M116,d1,14,11:42:26,11:42:26,400482,12.0,1
MV_A5-Weekday-SDon-068200_M116_704,M116,d1,15,11:43:18,11:43:18,400483,12.0,1
MV_A5-Weekday-SDon-068200_M116_704,M116,d1,16,11:44:49,11:44:49,400484,11.0,1
MV_A5-Weekday-SDon-068200_M116_704,M116,d1,17,11:46:04,11:46:04,403392,11.0,1
MV_A5-Weekday-SDon-068200_M116_704,M116,d1,18,11:47:07,11:47:07,401084,10.0,1
MV_A5-Weekday-SDon-068200_M116_704,M116,d1,19,11:48:01,11:48:01,401085,7.0,1
MV_A5-Weekday-SDon-068200_M116_704,M116,d1,20,11:49:00,11:49:00,402016,4.0,1
MV_A5-Weekday-SDon-068200_M116_704,M116,d1,21,11:49:41,11:49:41,402017,4.0,1
MV_A5-Weekday-SDon-068200_M116_704,M116,d1,22,11:50:00,11:50:00,401977,4.0,1
MV_A5-Weekday-SDon-050100_M116_X01,M116,d1,1,8:21:00,8:21:00,401998,19.0,2
MV_A5-Weekday-SDon-050100_M116_X01,M116,d1,2,8:21:37,8:21:37,405315,25.0,2
MV_A5-Weekday-SDon-050100_M116_X01,M116,d1,3,8:22:00,8:22:00,401999,25.0,3
MV_A5-Weekday-SDon-050100_M116_X01,M116,d1,4,8:23:17,8:23:17,402000,46.0,3
MV_A5-Weekday-SDon-050100_M116_X01,M116,d1,5,8:25:34,8:25:34,402001,46.0,3
MV_A5-Weekday-SDon-050100_M116_X01,M116,d1,6,8:26:49,8:26:49,402002,43.0,3
MV_A5-Weekday-SDon-050100_M116_X01,M116,d1,7,8:28:08,8:28:08,402003,46.0,3
MV_A5-Weekday-SDon-050100_M116_X01,M116,d1,8,8:29:11,8:29:11,402004,47.0,4
MV_A5-Weekday-SDon-050100_M116_X01,M116,d1,9,8:31:00,8:31:00,402005,49.0,4
MV_A5-Weekday-SDon-050100_M116_X01,M116,d1,10,8:31:52,8:31:52,402006,49.0,4
MV_A5-Weekday-SDon-050100_M116_X01,M116,d1,11,8:35:00,8:35:00,404274,45.0,3
MV_A5-Weekday-SDon-050100_M116_X01,M116,d1,12,8:37:24,8:37:24,401078,37.0,3
MV_A5-Weekday-SDon-050100_M116_X01,M116,d1,13,8:39:00,8:39:00,401079,37.0,3
MV_A5-Weekday-SDon-050100_M116_X01,M116,d1,14,8:40:26,8:40:26,400482,37.0,3
MV_A5-Weekday-SDon-050100_M116_X01,M116,d1,15,8:41:18,8:41:18,400483,24.0,2
MV_A5-Weekday-SDon-050100_M116_X01,M116,d1,16,8:42:49,8:42:49,400484,31.0,2
MV_A5-Weekday-SDon-050100_M116_X01,M116,d1,17,8:44:04,8:44:04,403392,3.0,2
MV_A5-Weekday-SDon-050100_M116_X01,M116,d1,18,8:45:07,8:45:07,401084,27.0,2
MV_A5-Weekday-SDon-050100_M116_X01,M116,d1,19,8:46:01,8:46:01,401085,2.0,2
MV_A5-Weekday-SDon-050100_M116_X01,M116,d1,20,8:47:00,8:47:00,402016,17.0,2
MV_A5-Weekday-SDon-050100_M116_X01,M116,d1,21,8:47:41,8:47:41,402017,8.0,1
MV_A5-Weekday-SDon-050100_M116_X01,M116,d1,22,8:48:00,8:48:00,401977,8.0,1
MV_A5-Weekday-120500_M116_718,M116,d1,1,20:05:00,20:05:00,401998,2.0,1
MV_A5-Weekday-120500_M116_718,M116,d1,2,20:05:37,20:05:37,405315,13.0,2
MV_A5-Weekday-120500_M116_718,M116,d1,3,20:06:00,20:06:00,401999,20.0,2
MV_A5-Weekday-120500_M116_718,M116,d1,4,20:07:09,20:07:09,402000,20.0,2
MV_A5-Weekday-120500_M116_718,M116,d1,5,20:09:10,20:09:10,402001,20.0,2
MV_A5-Weekday-120500_M116_718,M116,d1,6,20:10:17,20:10:17,402002,16.0,2
MV_A5-Weekday-120500_M116_718,M116,d1,7,20:11:27,20:11:27,402003,19.0,2
MV_A5-Weekday-120500_M116_718,M116,d1,8,20:12:23,20:12:23,402004,18.0,2
MV_A5-Weekday-120500_M116_718,M116,d1,9,20:14:00,20:14:00,402005,16.0,1
MV_A5-Weekday-120500_M116_718,M116,d1,10,20:14:39,20:14:39,402006,16.0,1
MV_A5-Weekday-120500_M116_718,M116,d1,11,20:17:00,20:17:00,404274,14.0,1
MV_A5-Weekday-120500_M116_718,M116,d1,12,20:19:24,20:19:24,401078,7.0,1
MV_A5-Weekday-120500_M116_718,M116,d1,13,20:21:00,20:21:00,401079,6.0,1
MV_A5-Weekday-120500_M116_718,M116,d1,14,20:22:15,20:22:15,400482,6.0,1
MV_A5-Weekday-120500_M116_718,M116,d1,15,20:23:01,20:23:01,400483,2.0,1
MV_A5-Weekday-120500_M116_718,M116,d1,16,20:24:20,20:24:20,400484,5.0,1
MV_A5-Weekday-120500_M116_718,M116,d1,17,20:25:26,20:25:26,403392,5.0,1
MV_A5-Weekday-120500_M116_718,M116,d1,18,20:26:21,20:26:21,401084,4.0,1
MV_A5-Weekday-120500_M116_718,M116,d1,19,20:27:08,20:27:08,401085,2.0,1
MV_A5-Weekday-120500_M116_718,M116,d1,20,20:28:00,20:28:00,402016,4.0,1
MV_A5-Weekday-120500_M116_718,M116,d1,21,20:28:41,20:28:41,402017,2.0,1
MV_A5-Weekday-120500_M116_718,M116,d1,22,20:29:00,20:29:00,401977,2.0,1
MV_A5-Weekday-143500_M116_718,M116,d1,1,23:55:00,23:55:00,404135,2.0,1
MV_A5-Weekday-143500_M116_718,M116,d1,2,23:55:54,23:55:54,401305,2.0,1
MV_A5-Weekday-143500_M116_718,M116,d1,3,23:56:25,23:56:25,401306,2.0,1
MV_A5-Weekday-143500_M116_718,M116,d1,4,23:57:15,23:57:15,401307,2.0,1
MV_A5-Weekday-143500_M116_718,M116,d1,5,23:57:55,23:57:55,401308,2.0,1
MV_A5-Weekday-143500_M116_718,M116,d1,6,23:59:15,23:59:15,404824,2.0,1
MV_A5-Weekday-143500_M116_718,M116,d1,7,24:00:09,24:00:09,401310,3.0,1
MV_A5-Weekday-143500_M116_718,M116,d1,8,24:01:21,24:01:21,401311,3.0,1
MV_A5-Weekday-143500_M116_718,M116,d1,9,24:02:09,24:02:09,401312,3.0,1
MV_A5-Weekday-143500_M116_718,M116,d1,10,24:02:57,24:02:57,401313,1.0,1
MV_A5-Weekday-143500_M116_718,M116,d1,11,24:04:14,24:04:14,401314,5.0,1
MV_A5-Weekday-143500_M116_718,M116,d1,12,24:05:03,24:05:03,401315,4.0,1
MV_A5-Weekday-143500_M116_718,M116,d1,13,24:06:24,24:06:24,401317,4.0,1
MV_A5-Weekday-143500_M116_718,M116,d1,14,24:07:01,24:07:01,403276,3.0,1
MV_A5-Weekday-143500_M116_718,M116,d1,15,24:08:00,24:08:00,401318,3.0,1
MV_A5-Weekday-143500_M116_718,M116,d1,16,24:09:23,24:09:23,405289,3.0,1
MV_A5-Weekday-143500_M116_718,M116,d1,17,24:10:04,24:10:04,404245,3.0,1
MV_A5-Weekday-143500_M116_718,M116,d1,18,24:11:00,24:11:00,404915,2.0,1
MV_A5-Weekday-143500_M116_718,M116,d1,19,24:11:30,24:11:30,405247,2.0,1
MV_A5-Weekday-143500_M116_718,M116,d1,20,24:12:18,24:12:18,401324,2.0,1
MV_A5-Weekday-143500_M116_718,M116,d1,21,24:13:43,24:13:43,401326,2.0,1
MV_A5-Weekday-143500_M116_718,M116,d1,22,24:14:20,24:14:20,401327,2.0,1
MV_A5-Weekday-143500_M116_718,M116,d1,23,24:15:04,24:15:04,401328,2.0,1
MV_A5-Weekday-143500_M116_718,M116,d1,24,24:15:43,24:15:43,401329,1.0,1
MV_A5-Weekday-143500_M116_718,M116,d1,25,24:16:24,24:16:24,401330,2.0,1
MV_A5-Weekday-143500_M116_718,M116,d1,26,24:17:16,24:17:16,401331,2.0,1
MV_A5-Weekday-143500_M116_718,M116,d1,27,24:18:23,24:18:23,401333,1.0,1
MV_A5-Weekday-143500_M116_718,M116,d1,28,24:19:00,24:19:00,401334,2.0,1
MV_A5-Weekday-143500_M116_718,M116,d1,29,24:19:40,24:19:40,401335,2.0,1
MV_A5-Weekday-143500_M116_718,M116,d1,30,24:20:13,24:20:13,401336,2.0,1
MV_A5-Weekday-143500_M116_718,M116,d1,31,24:21:00,24:21:00,401337,3.0,1
MV_A5-Weekday-143500_M116_718,M116,d1,32,24:21:37,24:21:37,401338,2.0,1
MV_A5-Weekday-143500_M116_718,M116,d1,33,24:22:29,24:22:29,401339,3.0,1
MV_A5-Weekday-143500_M116_718,M116,d1,34,24:23:07,24:23:07,404136,3.0,1
MV_A5-Weekday-143500_M116_718,M116,d1,35,24:23:43,24:23:43,401341,2.0,1
MV_A5-Weekday-143500_M116_718,M116,d1,36,24:24:39,24:24:39,401342,3.0,1
MV_A5-Weekday-143500_M116_718,M116,d1,37,24:25:18,24:25:18,401343,3.0,1
MV_A5-Weekday-143500_M116_718,M116,d1,38,24:25:55,24:25:55,401344,2.0,1
MV_A5-Weekday-143500_M116_718,M116,d1,39,24:26:32,24:26:32,401345,3.0,1
MV_A5-Weekday-143500_M116_718,M116,d1,40,24:27:08,24:27:08,404987,3.0,1
MV_A5-Weekday-143500_M116_718,M116,d1,41,24:27:43,24:27:43,404988,3.0,1
MV_A5-Weekday-143500_M116_718,M116,d1,42,24:29:00,24:29:00,401348,3.0,1
MV_A5-Weekday-143500_M116_718,M116,d1,43,24:29:17,24:29:17,400860,3.0,1
MV_A5-Weekday-143500_M116_718,M116,d1,44,24:29:40,24:29:40,400861,2.0,1
MV_A5-Weekday-143500_M116_718,M116,d1,45,24:30:00,24:30:00,405376,2.0,1
MV_A5-Weekday-100000_M116_714,M116,d1,1,16:40:00,16:40:00,401998,1.0,1
MV_A5-Weekday-100000_M116_714,M116,d1,2,16:40:37,16:40:37,405315,1.0,2
MV_A5-Weekday-100000_M116_714,M116,d1,3,16:41:00,16:41:00,401999,21.0,2
MV_A5-Weekday-100000_M116_714,M116,d1,4,16:42:26,16:42:26,402000,21.0,2
MV_A5-Weekday-100000_M116_714,M116,d1,5,16:44:58,16:44:58,402001,21.0,2
MV_A5-Weekday-100000_M116_714,M116,d1,6,16:46:21,16:46:21,402002,21.0,3
MV_A5-Weekday-100000_M116_714,M116,d1,7,16:47:49,16:47:49,402003,46.0,3
MV_A5-Weekday-100000_M116_714,M116,d1,8,16:48:59,16:48:59,402004,46.0,3
MV_A5-Weekday-100000_M116_714,M116,d1,9,16:51:00,16:51:00,402005,46.0,3
MV_A5-Weekday-100000_M116_714,M116,d1,10,16:51:52,16:51:52,402006,46.0,3
MV_A5-Weekday-100000_M116_714,M116,d1,11,16:55:00,16:55:00,404274,46.0,3
MV_A5-Weekday-100000_M116_714,M116,d1,12,16:57:24,16:57:24,401078,29.0,2
MV_A5-Weekday-100000_M116_714,M116,d1,13,16:59:00,16:59:00,401079,9.0,1
MV_A5-Weekday-100000_M116_714,M116,d1,14,17:00:26,17:00:26,400482,9.0,1
MV_A5-Weekday-100000_M116_714,M116,d1,15,17:01:18,17:01:18,400483,9.0,1
MV_A5-Weekday-100000_M116_714,M116,d1,16,17:02:49,17:02:49,400484,9.0,1
MV_A5-Weekday-100000_M116_714,M116,d1,17,17:04:04,17:04:04,403392,6.0,1
MV_A5-Weekday-100000_M116_714,M116,d1,18,17:05:07,17:05:07,401084,6.0,1
MV_A5-Weekday-100000_M116_714,M116,d1,19,17:06:01,17:06:01,401085,6.0,1
MV_A5-Weekday-100000_M116_714,M116,d1,20,17:07:00,17:07:00,402016,6.0,1
MV_A5-Weekday-100000_M116_714,M116,d1,21,17:07:41,17:07:41,402017,5.0,1
MV_A5-Weekday-100000_M116_714,M116,d1,22,17:08:00,17:08:00,401977,5.0,1
MV_A5-Weekday-102000_M116_708,M116,d1,1,17:00:00,17:00:00,400639,2.0,1
MV_A5-Weekday-102000_M116_708,M116,d1,2,17:01:50,17:01:50,400640,2.0,1
MV_A5-Weekday-102000_M116_708,M116,d1,3,17:03:18,17:03:18,400641,2.0,1
MV_A5-Weekday-102000_M116_708,M116,d1,4,17:04:29,17:04:29,400642,4.0,1
MV_A5-Weekday-102000_M116_708,M116,d1,5,17:05:22,17:05:22,400643,4.0,1
MV_A5-Weekday-102000_M116_708,M116,d1,6,17:06:15,17:06:15,400644,5.0,1
MV_A5-Weekday-102000_M116_708,M116,d1,7,17:08:55,17:08:55,400799,12.0,2
MV_A5-Weekday-102000_M116_708,M116,d1,8,17:09:52,17:09:52,404124,20.0,2
MV_A5-Weekday-102000_M116_708,M116,d1,9,17:11:00,17:11:00,404125,20.0,2
MV_A5-Weekday-102000_M116_708,M116,d1,10,17:32:31,17:32:31,403415,19.0,2
MV_A5-Weekday-102000_M116_708,M116,d1,11,17:36:27,17:36:27,403416,14.0,1
MV_A5-Weekday-102000_M116_708,M116,d1,12,17:39:51,17:39:51,403417,1.0,1
MV_A5-Weekday-102000_M116_708,M116,d1,13,17:43:19,17:43:19,403418,5.0,1
MV_A5-Weekday-102000_M116_708,M116,d1,14,17:46:42,17:46:42,403419,4.0,1
MV_A5-Weekday-102000_M116_708,M116,d1,15,17:49:07,17:49:07,402826,8.0,1
MV_A5-Weekday-102000_M116_708,M116,d1,16,17:51:36,17:51:36,403421,4.0,1
MV_A5-Weekday-102000_M116_708,M116,d1,17,17:53:00,17:53:00,903105,4.0,1
MV_A5-Weekday-040000_M116_702,M116,d1,1,6:40:00,6:40:00,401998,7.0,1
MV_A5-Weekday-040000_M116_702,M116,d1,2,6:40:37,6:40:37,405315,13.0,2
MV_A5-Weekday-040000_M116_702,M116,d1,3,6:41:00,6:41:00,401999,19.0,2
MV_A5-Weekday-040000_M116_702,M116,d1,4,6:42:09,6:42:09,402000,19.0,2
MV_A5-Weekday-040000_M116_702,M116,d1,5,6:44:10,6:44:10,402001,11.0,1
MV_A5-Weekday-040000_M116_702,M116,d1,6,6:45:17,6:45:17,402002,7.0,2
MV_A5-Weekday-040000_M116_702,M116,d1,7,6:46:27,6:46:27,402003,19.0,2
MV_A5-Weekday-040000_M116_702,M116,d1,8,6:47:23,6:47:23,402004,19.0,2
MV_A5-Weekday-040000_M116_702,M116,d1,9,6:49:00,6:49:00,402005,19.0,2
MV_A5-Weekday-040000_M116_702,M116,d1,10,6:49:39,6:49:39,402006,9.0,1
MV_A5-Weekday-040000_M116_702,M116,d1,11,6:52:00,6:52:00,404274,13.0,1
MV_A5-Weekday-040000_M116_702,M116,d1,12,6:53:48,6:53:48,401078,12.0,1
MV_A5-Weekday-040000_M116_702,M116,d1,13,6:55:00,6:55:00,401079,12.0,1
MV_A5-Weekday-040000_M116_702,M116,d1,14,6:56:26,6:56:26,400482,5.0,1
MV_A5-Weekday-040000_M116_702,M116,d1,15,6:57:18,6:57:18,400483,10.0,1
MV_A5-Weekday-040000_M116_702,M116,d1,16,6:58:49,6:58:49,400484,10.0,1
MV_A5-Weekday-040000_M116_702,M116,d1,17,7:00:04,7:00:04,403392,10.0,1
MV_A5-Weekday-040000_M116_702,M116,d1,18,7:01:07,7:01:07,401084,10.0,1
MV_A5-Weekday-040000_M116_702,M116,d1,19,7:02:01,7:02:01,401085,3.0,1
MV_A5-Weekday-040000_M116_702,M116,d1,20,7:03:00,7:03:00,402016,1.0,1
MV_A5-Weekday-040000_M116_702,M116,d1,21,7:03:41,7:03:41,402017,2.0,1
MV_A5-Weekday-040000_M116_702,M116,d1,22,7:04:00,7:04:00,401977,2.0,1
MV_A5-Weekday-SDon-091600_M116_714,M116,d1,1,15:16:00,15:16:00,401998,23.0,2
MV_A5-Weekday-SDon-091600_M116_714,M116,d1,2,15:16:37,15:16:37,405315,23.0,2
MV_A5-Weekday-SDon-091600_M116_714,M116,d1,3,15:17:00,15:17:00,401999,25.0,2
MV_A5-Weekday-SDon-091600_M116_714,M116,d1,4,15:18:26,15:18:26,402000,25.0,3
MV_A5-Weekday-SDon-091600_M116_714,M116,d1,5,15:20:58,15:20:58,402001,47.0,3
MV_A5-Weekday-SDon-091600_M116_714,M116,d1,6,15:22:21,15:22:21,402002,47.0,3
MV_A5-Weekday-SDon-091600_M116_714,M116,d1,7,15:23:49,15:23:49,402003,47.0,3
MV_A5-Weekday-SDon-091600_M116_714,M116,d1,8,15:24:59,15:24:59,402004,47.0,3
MV_A5-Weekday-SDon-091600_M116_714,M116,d1,9,15:27:00,15:27:00,402005,47.0,3
MV_A5-Weekday-SDon-091600_M116_714,M116,d1,10,15:27:52,15:27:52,402006,47.0,3
MV_A5-Weekday-SDon-091600_M116_714,M116,d1,11,15:31:00,15:31:00,404274,23.0,2
MV_A5-Weekday-SDon-091600_M116_714,M116,d1,12,15:33:24,15:33:24,401078,13.0,1
MV_A5-Weekday-SDon-091600_M116_714,M116,d1,13,15:35:00,15:35:00,401079,5.0,1
MV_A5-Weekday-SDon-091600_M116_714,M116,d1,14,15:36:26,15:36:26,400482,14.0,1
MV_A5-Weekday-SDon-091600_M116_714,M116,d1,15,15:37:18,15:37:18,400483,16.0,1
MV_A5-Weekday-SDon-091600_M116_714,M116,d1,16,15:38:49,15:38:49,400484,15.0,1
MV_A5-Weekday-SDon-091600_M116_714,M116,d1,17,15:40:04,15:40:04,403392,15.0,1
MV_A5-Weekday-SDon-091600_M116_714,M116,d1,18,15:41:07,15:41:07,401084,5.0,1
MV_A5-Weekday-SDon-091600_M116_714,M116,d1,19,15:42:01,15:42:01,401085,3.0,1
MV_A5-Weekday-SDon-091600_M116_714,M116,d1,20,15:43:00,15:43:00,402016,15.0,1
MV_A5-Weekday-SDon-091600_M116_714,M116,d1,21,15:43:41,15:43:41,402017,6.0,1
MV_A5-Weekday-SDon-091600_M116_714,M116,d1,22,15:44:00,15:44:00,401977,6.0,1
MV_A5-Weekday-082900_M116_706,M116,d1,1,13:49:00,13:49:00,404135,7.0,1
MV_A5-Weekday-082900_M116_706,M116,d1,2,13:50:19,13:50:19,401305,10.0,1
MV_A5-Weekday-082900_M116_706,M116,d1,3,13:51:04,13:51:04,401306,11.0,1
MV_A5-Weekday-082900_M116_706,M116,d1,4,13:52:17,13:52:17,401307,13.0,1
MV_A5-Weekday-082900_M116_706,M116,d1,5,13:53:16,13:53:16,401308,16.0,2
MV_A5-Weekday-082900_M116_706,M116,d1,6,13:55:13,13:55:13,404824,17.0,2
MV_A5-Weekday-082900_M116_706,M116,d1,7,13:56:32,13:56:32,401310,27.0,2
MV_A5-Weekday-082900_M116_706,M116,d1,8,13:58:17,13:58:17,401311,30.0,2
MV_A5-Weekday-082900_M116_706,M116,d1,9,13:59:27,13:59:27,401312,30.0,2
MV_A5-Weekday-082900_M116_706,M116,d1,10,14:00:37,14:00:37,401313,30.0,2
MV_A5-Weekday-082900_M116_706,M116,d1,11,14:02:29,14:02:29,401314,28.0,2
MV_A5-Weekday-082900_M116_706,M116,d1,12,14:03:42,14:03:42,401315,32.0,2
MV_A5-Weekday-082900_M116_706,M116,d1,13,14:05:40,14:05:40,401317,32.0,2
MV_A5-Weekday-082900_M116_706,M116,d1,14,14:06:33,14:06:33,403276,23.0,2
MV_A5-Weekday-082900_M116_706,M116,d1,15,14:08:00,14:08:00,401318,17.0,2
MV_A5-Weekday-082900_M116_706,M116,d1,16,14:10:18,14:10:18,405289,21.0,2
MV_A5-Weekday-082900_M116_706,M116,d1,17,14:11:26,14:11:26,404245,13.0,1
MV_A5-Weekday-082900_M116_706,M116,d1,18,14:13:00,14:13:00,404915,13.0,1
MV_A5-Weekday-082900_M116_706,M116,d1,19,14:13:50,14:13:50,405247,12.0,1
MV_A5-Weekday-082900_M116_706,M116,d1,20,14:15:12,14:15:12,401324,12.0,1
MV_A5-Weekday-082900_M116_706,M116,d1,21,14:17:37,14:17:37,401326,12.0,1
MV_A5-Weekday-082900_M116_706,M116,d1,22,14:18:40,14:18:40,401327,11.0,1
MV_A5-Weekday-082900_M116_706,M116,d1,23,14:19:55,14:19:55,401328,11.0,1
MV_A5-Weekday-082900_M116_706,M116,d1,24,14:21:01,14:21:01,401329,9.0,2
MV_A5-Weekday-082900_M116_706,M116,d1,25,14:22:10,14:22:10,401330,20.0,2
MV_A5-Weekday-082900_M116_706,M116,d1,26,14:23:39,14:23:39,401331,20.0,2
MV_A5-Weekday-082900_M116_706,M116,d1,27,14:25:33,14:25:33,401333,20.0,2
MV_A5-Weekday-082900_M116_706,M116,d1,28,14:26:37,14:26:37,401334,20.0,2
MV_A5-Weekday-082900_M116_706,M116,d1,29,14:27:44,14:27:44,401335,20.0,2
MV_A5-Weekday-082900_M116_706,M116,d1,30,14:28:40,14:28:40,401336,20.0,2
MV_A5-Weekday-082900_M116_706,M116,d1,31,14:30:00,14:30:00,401337,21.0,2
MV_A5-Weekday-082900_M116_706,M116,d1,32,14:31:09,14:31:09,401338,21.0,2
MV_A5-Weekday-082900_M116_706,M116,d1,33,14:32:46,14:32:46,401339,5.0,2
MV_A5-Weekday-082900_M116_706,M116,d1,34,14:33:59,14:33:59,404136,20.0,2
MV_A5-Weekday-082900_M116_706,M116,d1,35,14:35:06,14:35:06,401341,20.0,2
MV_A5-Weekday-082900_M116_706,M116,d1,36,14:36:50,14:36:50,401342,20.0,2
MV_A5-Weekday-082900_M116_706,M116,d1,37,14:38:03,14:38:03,401343,16.0,1
MV_A5-Weekday-082900_M116_706,M116,d1,38,14:39:14,14:39:14,401344,15.0,1
MV_A5-Weekday-082900_M116_706,M116,d1,39,14:40:22,14:40:22,401345,15.0,1
MV_A5-Weekday-082900_M116_706,M116,d1,40,14:41:29,14:41:29,404987,15.0,1
MV_A5-Weekday-082900_M116_706,M116,d1,41,14:42:36,14:42:36,404988,10.0,1
MV_A5-Weekday-082900_M116_706,M116,d1,42,14:45:00,14:45:00,401348,8.0,1
MV_A5-Weekday-082900_M116_706,M116,d1,43,14:45:35,14:45:35,400860,8.0,1
MV_A5-Weekday-082900_M116_706,M116,d1,44,14:46:20,14:46:20,400861,8.0,1
MV_A5-Weekday-082900_M116_706,M116,d1,45,14:47:00,14:47:00,405376,8.0,1
MV_A5-Weekday-048900_M116_705,M116,d1,1,8:09:00,8:09:00,401998,11.0,1
MV_A5-Weekday-048900_M116_705,M116,d1,2,8:09:37,8:09:37,405315,11.0,1
MV_A5-Weekday-048900_M116_705,M116,d1,3,8:10:00,8:10:00,401999,10.0,2
MV_A5-Weekday-048900_M116_705,M116,d1,4,8:11:17,8:11:17,402000,29.0,2
MV_A5-Weekday-048900_M116_705,M116,d1,5,8:13:34,8:13:34,402001,29.0,2
MV_A5-Weekday-048900_M116_705,M116,d1,6,8:14:49,8:14:49,402002,29.0,2
MV_A5-Weekday-048900_M116_705,M116,d1,7,8:16:08,8:16:08,402003,29.0,2
MV_A5-Weekday-048900_M116_705,M116,d1,8,8:17:11,8:17:11,402004,25.0,3
MV_A5-Weekday-048900_M116_705,M116,d1,9,8:19:00,8:19:00,402005,35.0,3
MV_A5-Weekday-048900_M116_705,M116,d1,10,8:19:52,8:19:52,402006,35.0,3
MV_A5-Weekday-048900_M116_705,M116,d1,11,8:23:00,8:23:00,404274,35.0,3
MV_A5-Weekday-048900_M116_705,M116,d1,12,8:24:48,8:24:48,401078,16.0,1
MV_A5-Weekday-048900_M116_705,M116,d1,13,8:26:00,8:26:00,401079,16.0,1
MV_A5-Weekday-048900_M116_705,M116,d1,14,8:27:48,8:27:48,400482,16.0,1
MV_A5-Weekday-048900_M116_705,M116,d1,15,8:28:52,8:28:52,400483,13.0,1
MV_A5-Weekday-048900_M116_705,M116,d1,16,8:30:46,8:30:46,400484,6.0,1
MV_A5-Weekday-048900_M116_705,M116,d1,17,8:32:20,8:32:20,403392,10.0,1
MV_A5-Weekday-048900_M116_705,M116,d1,18,8:33:39,8:33:39,401084,10.0,1
MV_A5-Weekday-048900_M116_705,M116,d1,19,8:34:46,8:34:46,401085,10.0,1
MV_A5-Weekday-048900_M116_705,M116,d1,20,8:36:00,8:36:00,402016,4.0,1
MV_A5-Weekday-048900_M116_705,M116,d1,21,8:36:41,8:36:41,402017,4.0,1
MV_A5-Weekday-048900_M116_705,M116,d1,22,8:37:00,8:37:00,401977,4.0,1
MV_A5-Weekday-SDon-076200_M116_704,M116,d1,1,12:42:00,12:42:00,401998,11.0,1
MV_A5-Weekday-SDon-076200_M116_704,M116,d1,2,12:42:37,12:42:37,405315,11.0,4
MV_A5-Weekday-SDon-076200_M116_704,M116,d1,3,12:43:00,12:43:00,401999,51.0,4
MV_A5-Weekday-SDon-076200_M116_704,M116,d1,4,12:44:26,12:44:26,402000,17.0,2
MV_A5-Weekday-SDon-076200_M116_704,M116,d1,5,12:46:58,12:46:58,402001,18.0,3
MV_A5-Weekday-SDon-076200_M116_704,M116,d1,6,12:48:21,12:48:21,402002,48.0,3
MV_A5-Weekday-SDon-076200_M116_704,M116,d1,7,12:49:49,12:49:49,402003,13.0,2
MV_A5-Weekday-SDon-076200_M116_704,M116,d1,8,12:50:59,12:50:59,402004,30.0,3
MV_A5-Weekday-SDon-076200_M116_704,M116,d1,9,12:53:00,12:53:00,402005,45.0,3
MV_A5-Weekday-SDon-076200_M116_704,M116,d1,10,12:53:52,12:53:52,402006,45.0,3
MV_A5-Weekday-SDon-076200_M116_704,M116,d1,11,12:57:00,12:57:00,404274,21.0,2
MV_A5-Weekday-SDon-076200_M116_704,M116,d1,12,12:59:24,12:59:24,401078,18.0,2
MV_A5-Weekday-SDon-076200_M116_704,M116,d1,13,13:01:00,13:01:00,401079,18.0,2
MV_A5-Weekday-SDon-076200_M116_704,M116,d1,14,13:02:26,13:02:26,400482,18.0,2
MV_A5-Weekday-SDon-076200_M116_704,M116,d1,15,13:03:18,13:03:18,400483,18.0,2
MV_A5-Weekday-SDon-076200_M116_704,M116,d1,16,13:04:49,13:04:49,400484,15.0,1
MV_A5-Weekday-SDon-076200_M116_704,M116,d1,17,13:06:04,13:06:04,403392,15.0,1
MV_A5-Weekday-SDon-076200_M116_704,M116,d1,18,13:07:07,13:07:07,401084,12.0,1
MV_A5-Weekday-SDon-076200_M116_704,M116,d1,19,13:08:01,13:08:01,401085,12.0,1
MV_A5-Weekday-SDon-076200_M116_704,M116,d1,20,13:09:00,13:09:00,402016,5.0,1
MV_A5-Weekday-SDon-076200_M116_704,M116,d1,21,13:09:41,13:09:41,402017,7.0,1
MV_A5-Weekday-SDon-076200_M116_704,M116,d1,22,13:10:00,13:10:00,401977,7.0,1
MV_A5-Weekday-041200_M116_705,M116,d1,1,6:52:00,6:52:00,401998,15.0,1
MV_A5-Weekday-041200_M116_705,M116,d1,2,6:52:37,6:52:37,405315,15.0,1
MV_A5-Weekday-041200_M116_705,M116,d1,3,6:53:00,6:53:00,401999,10.0,2
MV_A5-Weekday-041200_M116_705,M116,d1,4,6:54:09,6:54:09,402000,17.0,2
MV_A5-Weekday-041200_M116_705,M116,d1,5,6:56:10,6:56:10,402001,21.0,2
MV_A5-Weekday-041200_M116_705,M116,d1,6,6:57:17,6:57:17,402002,21.0,2
MV_A5-Weekday-041200_M116_705,M116,d1,7,6:58:27,6:58:27,402003,16.0,2
MV_A5-Weekday-041200_M116_705,M116,d1,8,6:59:23,6:59:23,402004,23.0,2
MV_A5-Weekday-041200_M116_705,M116,d1,9,7:01:00,7:01:00,402005,23.0,2
MV_A5-Weekday-041200_M116_705,M116,d1,10,7:01:39,7:01:39,402006,16.0,1
MV_A5-Weekday-041200_M116_705,M116,d1,11,7:04:00,7:04:00,404274,13.0,1
MV_A5-Weekday-041200_M116_705,M116,d1,12,7:05:48,7:05:48,401078,10.0,1
MV_A5-Weekday-041200_M116_705,M116,d1,13,7:07:00,7:07:00,401079,10.0,1
MV_A5-Weekday-041200_M116_705,M116,d1,14,7:08:26,7:08:26,400482,10.0,1
MV_A5-Weekday-041200_M116_705,M116,d1,15,7:09:18,7:09:18,400483,10.0,1
MV_A5-Weekday-041200_M116_705,M116,d1,16,7:10:49,7:10:49,400484,10.0,1
MV_A5-Weekday-041200_M116_705,M116,d1,17,7:12:04,7:12:04,403392,3.0,1
MV_A5-Weekday-041200_M116_705,M116,d1,18,7:13:07,7:13:07,401084,3.0,1
MV_A5-Weekday-041200_M116_705,M116,d1,19,7:14:01,7:14:01,401085,5.0,1
MV_A5-Weekday-041200_M116_705,M116,d1,20,7:15:00,7:15:00,402016,5.0,1
MV_A5-Weekday-041200_M116_705,M116,d1,21,7:15:41,7:15:41,402017,2.0,1
MV_A5-Weekday-041200_M116_705,M116,d1,22,7:16:00,7:16:00,401977,2.0,1
MV_A5-Weekday-SDon-067200_M116_703,M116,d1,1,11:12:00,11:12:00,401998,9.0,2
MV_A5-Weekday-SDon-067200_M116_703,M116,d1,2,11:12:37,11:12:37,405315,18.0,2
MV_A5-Weekday-SDon-067200_M116_703,M116,d1,3,11:13:00,11:13:00,401999,26.0,2
MV_A5-Weekday-SDon-067200_M116_703,M116,d1,4,11:14:26,11:14:26,402000,26.0,2
MV_A5-Weekday-SDon-067200_M116_703,M116,d1,5,11:16:58,11:16:58,402001,14.0,2
MV_A5-Weekday-SDon-067200_M116_703,M116,d1,6,11:18:21,11:18:21,402002,26.0,3
MV_A5-Weekday-SDon-067200_M116_703,M116,d1,7,11:19:49,11:19:49,402003,41.0,3
MV_A5-Weekday-SDon-067200_M116_703,M116,d1,8,11:20:59,11:20:59,402004,41.0,3
MV_A5-Weekday-SDon-067200_M116_703,M116,d1,9,11:23:00,11:23:00,402005,25.0,2
MV_A5-Weekday-SDon-067200_M116_703,M116,d1,10,11:23:52,11:23:52,402006,27.0,2
MV_A5-Weekday-SDon-067200_M116_703,M116,d1,11,11:27:00,11:27:00,404274,15.0,1
MV_A5-Weekday-SDon-067200_M116_703,M116,d1,12,11:29:24,11:29:24,401078,15.0,1
MV_A5-Weekday-SDon-067200_M116_703,M116,d1,13,11:31:00,11:31:00,401079,14.0,1
MV_A5-Weekday-SDon-067200_M116_703,M116,d1,14,11:32:26,11:32:26,400482,9.0,1
MV_A5-Weekday-SDon-067200_M116_703,M116,d1,15,11:33:18,11:33:18,400483,14.0,1
MV_A5-Weekday-SDon-067200_M116_703,M116,d1,16,11:34:49,11:34:49,400484,11.0,2
MV_A5-Weekday-SDon-067200_M116_703,M116,d1,17,11:36:04,11:36:04,403392,25.0,2
MV_A5-Weekday-SDon-067200_M116_703,M116,d1,18,11:37:07,11:37:07,401084,5.0,1
MV_A5-Weekday-SDon-067200_M116_703,M116,d1,19,11:38:01,11:38:01,401085,12.0,1
MV_A5-Weekday-SDon-067200_M116_703,M116,d1,20,11:39:00,11:39:00,402016,5.0,1
MV_A5-Weekday-SDon-067200_M116_703,M116,d1,21,11:39:41,11:39:41,402017,5.0,1
MV_A5-Weekday-SDon-067200_M116_703,M116,d1,22,11:40:00,11:40:00,401977,5.0,1
MV_A5-Weekday-101500_M116_710,M116,d1,1,16:55:00,16:55:00,404135,3.0,1
MV_A5-Weekday-101500_M116_710,M116,d1,2,16:56:23,16:56:23,401305,9.0,1
MV_A5-Weekday-101500_M116_710,M116,d1,3,16:57:10,16:57:10,401306,9.0,1
MV_A5-Weekday-101500_M116_710,M116,d1,4,16:58:27,16:58:27,401307,9.0,1
MV_A5-Weekday-101500_M116_710,M116,d1,5,16:59:30,16:59:30,401308,9.0,1
MV_A5-Weekday-101500_M116_710,M116,d1,6,17:01:32,17:01:32,404824,9.0,1
MV_A5-Weekday-101500_M116_710,M116,d1,7,17:02:55,17:02:55,401310,9.0,1
MV_A5-Weekday-101500_M116_710,M116,d1,8,17:04:46,17:04:46,401311,9.0,1
MV_A5-Weekday-101500_M116_710,M116,d1,9,17:06:00,17:06:00,401312,11.0,1
MV_A5-Weekday-101500_M116_710,M116,d1,10,17:07:14,17:07:14,401313,11.0,1
MV_A5-Weekday-101500_M116_710,M116,d1,11,17:09:12,17:09:12,401314,11.0,1
MV_A5-Weekday-101500_M116_710,M116,d1,12,17:10:28,17:10:28,401315,11.0,1
MV_A5-Weekday-101500_M116_710,M116,d1,13,17:12:33,17:12:33,401317,13.0,1
MV_A5-Weekday-101500_M116_710,M116,d1,14,17:13:29,17:13:29,403276,14.0,2
MV_A5-Weekday-101500_M116_710,M116,d1,15,17:15:00,17:15:00,401318,20.0,2
MV_A5-Weekday-101500_M116_710,M116,d1,16,17:17:46,17:17:46,405289,20.0,2
MV_A5-Weekday-101500_M116_710,M116,d1,17,17:19:08,17:19:08,404245,20.0,2
MV_A5-Weekday-101500_M116_710,M116,d1,18,17:21:00,17:21:00,404915,19.0,2
MV_A5-Weekday-101500_M116_710,M116,d1,19,17:21:50,17:21:50,405247,19.0,2
MV_A5-Weekday-101500_M116_710,M116,d1,20,17:23:12,17:23:12,401324,9.0,1
MV_A5-Weekday-101500_M116_710,M116,d1,21,17:25:37,17:25:37,401326,14.0,1
MV_A5-Weekday-101500_M116_710,M116,d1,22,17:26:40,17:26:40,401327,14.0,1
MV_A5-Weekday-101500_M116_710,M116,d1,23,17:27:55,17:27:55,401328,14.0,1
MV_A5-Weekday-101500_M116_710,M116,d1,24,17:29:01,17:29:01,401329,14.0,1
MV_A5-Weekday-101500_M116_710,M116,d1,25,17:30:10,17:30:10,401330,14.0,1
MV_A5-Weekday-101500_M116_710,M116,d1,26,17:31:39,17:31:39,401331,14.0,1
MV_A5-Weekday-101500_M116_710,M116,d1,27,17:33:33,17:33:33,401333,14.0,1
MV_A5-Weekday-101500_M116_710,M116,d1,28,17:34:37,17:34:37,401334,14.0,1
MV_A5-Weekday-101500_M116_710,M116,d1,29,17:35:44,17:35:44,401335,2.0,2
MV_A5-Weekday-101500_M116_710,M116,d1,30,17:36:40,17:36:40,401336,23.0,2
MV_A5-Weekday-101500_M116_710,M116,d1,31,17:38:00,17:38:00,401337,23.0,2
MV_A5-Weekday-101500_M116_710,M116,d1,32,17:39:09,17:39:09,401338,23.0,2
MV_A5-Weekday-101500_M116_710,M116,d1,33,17:40:46,17:40:46,401339,23.0,2
MV_A5-Weekday-101500_M116_710,M116,d1,34,17:41:59,17:41:59,404136,23.0,2
MV_A5-Weekday-101500_M116_710,M116,d1,35,17:43:06,17:43:06,401341,23.0,2
MV_A5-Weekday-101500_M116_710,M116,d1,36,17:44:50,17:44:50,401342,23.0,2
MV_A5-Weekday-101500_M116_710,M116,d1,37,17:46:03,17:46:03,401343,23.0,2
MV_A5-Weekday-101500_M116_710,M116,d1,38,17:47:14,17:47:14,401344,6.0,1
MV_A5-Weekday-101500_M116_710,M116,d1,39,17:48:22,17:48:22,401345,6.0,1
MV_A5-Weekday-101500_M116_710,M116,d1,40,17:49:29,17:49:29,404987,6.0,1
MV_A5-Weekday-101500_M116_710,M116,d1,41,17:50:36,17:50:36,404988,6.0,1
MV_A5-Weekday-101500_M116_710,M116,d1,42,17:53:00,17:53:00,401348,6.0,1
MV_A5-Weekday-101500_M116_710,M116,d1,43,17:53:35,17:53:35,400860,6.0,1
MV_A5-Weekday-101500_M116_710,M116,d1,44,17:54:20,17:54:20,400861,6.0,1
MV_A5-Weekday-101500_M116_710,M116,d1,45,17:55:00,17:55:00,405376,6.0,1
MV_A5-Weekday-SDon-037000_M116_703,M116,d1,1,6:10:00,6:10:00,401998,4.0,1
MV_A5-Weekday-SDon-037000_M116_703,M116,d1,2,6:10:37,6:10:37,405315,6.0,1
MV_A5-Weekday-SDon-037000_M116_703,M116,d1,3,6:11:00,6:11:00,401999,6.0,1
MV_A5-Weekday-SDon-037000_M116_703,M116,d1,4,6:12:00,6:12:00,402000,11.0,2
MV_A5-Weekday-SDon-037000_M116_703,M116,d1,5,6:13:46,6:13:46,402001,18.0,2
MV_A5-Weekday-SDon-037000_M116_703,M116,d1,6,6:14:45,6:14:45,402002,18.0,2
MV_A5-Weekday-SDon-037000_M116_703,M116,d1,7,6:15:46,6:15:46,402003,19.0,2
MV_A5-Weekday-SDon-037000_M116_703,M116,d1,8,6:16:35,6:16:35,402004,19.0,2
MV_A5-Weekday-SDon-037000_M116_703,M116,d1,9,6:18:00,6:18:00,402005,19.0,2
MV_A5-Weekday-SDon-037000_M116_703,M116,d1,10,6:18:26,6:18:26,402006,13.0,1
MV_A5-Weekday-SDon-037000_M116_703,M116,d1,11,6:20:00,6:20:00,404274,14.0,1
MV_A5-Weekday-SDon-037000_M116_703,M116,d1,12,6:21:12,6:21:12,401078,14.0,1
MV_A5-Weekday-SDon-037000_M116_703,M116,d1,13,6:22:00,6:22:00,401079,10.0,1
MV_A5-Weekday-SDon-037000_M116_703,M116,d1,14,6:22:54,6:22:54,400482,3.0,1
MV_A5-Weekday-SDon-037000_M116_703,M116,d1,15,6:23:26,6:23:26,400483,9.0,1
MV_A5-Weekday-SDon-037000_M116_703,M116,d1,16,6:24:23,6:24:23,400484,2.0,1
MV_A5-Weekday-SDon-037000_M116_703,M116,d1,17,6:25:10,6:25:10,403392,2.0,1
MV_A5-Weekday-SDon-037000_M116_703,M116,d1,18,6:25:49,6:25:49,401084,2.0,1
MV_A5-Weekday-SDon-037000_M116_703,M116,d1,19,6:26:23,6:26:23,401085,4.0,1
MV_A5-Weekday-SDon-037000_M116_703,M116,d1,20,6:27:00,6:27:00,402016,4.0,1
MV_A5-Weekday-SDon-037000_M116_703,M116,d1,21,6:27:41,6:27:41,402017,1.0,1
MV_A5-Weekday-SDon-037000_M116_703,M116,d1,22,6:28:00,6:28:00,401977,1.0,1
MV_A5-Weekday-SDon-131500_M116_715,M116,d1,1,21:55:00,21:55:00,404135,10.0,1
MV_A5-Weekday-SDon-131500_M116_715,M116,d1,2,21:56:07,21:56:07,401305,10.0,1
MV_A5-Weekday-SDon-131500_M116_715,M116,d1,3,21:56:44,21:56:44,401306,10.0,1
MV_A5-Weekday-SDon-131500_M116_715,M116,d1,4,21:57:46,21:57:46,401307,5.0,1
MV_A5-Weekday-SDon-131500_M116_715,M116,d1,5,21:58:36,21:58:36,401308,10.0,1
MV_A5-Weekday-SDon-131500_M116_715,M116,d1,6,22:00:14,22:00:14,404824,10.0,1
MV_A5-Weekday-SDon-131500_M116_715,M116,d1,7,22:01:20,22:01:20,401310,9.0,1
MV_A5-Weekday-SDon-131500_M116_715,M116,d1,8,22:02:49,22:02:49,401311,7.0,1
MV_A5-Weekday-SDon-131500_M116_715,M116,d1,9,22:03:48,22:03:48,401312,11.0,1
MV_A5-Weekday-SDon-131500_M116_715,M116,d1,10,22:04:47,22:04:47,401313,11.0,1
MV_A5-Weekday-SDon-131500_M116_715,M116,d1,11,22:06:21,22:06:21,401314,10.0,1
MV_A5-Weekday-SDon-131500_M116_715,M116,d1,12,22:07:23,22:07:23,401315,8.0,1
MV_A5-Weekday-SDon-131500_M116_715,M116,d1,13,22:09:02,22:09:02,401317,8.0,1
MV_A5-Weekday-SDon-131500_M116_715,M116,d1,14,22:09:47,22:09:47,403276,4.0,1
MV_A5-Weekday-SDon-131500_M116_715,M116,d1,15,22:11:00,22:11:00,401318,9.0,1
MV_A5-Weekday-SDon-131500_M116_715,M116,d1,16,22:12:51,22:12:51,405289,4.0,1
MV_A5-Weekday-SDon-131500_M116_715,M116,d1,17,22:13:45,22:13:45,404245,11.0,1
MV_A5-Weekday-SDon-131500_M116_715,M116,d1,18,22:15:00,22:15:00,404915,4.0,1
MV_A5-Weekday-SDon-131500_M116_715,M116,d1,19,22:15:36,22:15:36,405247,11.0,1
MV_A5-Weekday-SDon-131500_M116_715,M116,d1,20,22:16:33,22:16:33,401324,11.0,1
MV_A5-Weekday-SDon-131500_M116_715,M116,d1,21,22:18:16,22:18:16,401326,11.0,1
MV_A5-Weekday-SDon-131500_M116_715,M116,d1,22,22:19:00,22:19:00,401327,11.0,1
MV_A5-Weekday-SDon-131500_M116_715,M116,d1,23,22:19:53,22:19:53,401328,3.0,1
MV_A5-Weekday-SDon-131500_M116_715,M116,d1,24,22:20:39,22:20:39,401329,4.0,1
MV_A5-Weekday-SDon-131500_M116_715,M116,d1,25,22:21:28,22:21:28,401330,9.0,1
MV_A5-Weekday-SDon-131500_M116_715,M116,d1,26,22:22:31,22:22:31,401331,4.0,1
MV_A5-Weekday-SDon-131500_M116_715,M116,d1,27,22:23:51,22:23:51,401333,9.0,1
MV_A5-Weekday-SDon-131500_M116_715,M116,d1,28,22:24:37,22:24:37,401334,9.0,1
MV_A5-Weekday-SDon-131500_M116_715,M116,d1,29,22:25:24,22:25:24,401335,9.0,1
MV_A5-Weekday-SDon-131500_M116_715,M116,d1,30,22:26:04,22:26:04,401336,9.0,1
MV_A5-Weekday-SDon-131500_M116_715,M116,d1,31,22:27:00,22:27:00,401337,9.0,1
MV_A5-Weekday-SDon-131500_M116_715,M116,d1,32,22:27:46,22:27:46,401338,3.0,1
MV_A5-Weekday-SDon-131500_M116_715,M116,d1,33,22:28:51,22:28:51,401339,3.0,1
MV_A5-Weekday-SDon-131500_M116_715,M116,d1,34,22:29:39,22:29:39,404136,9.0,1
MV_A5-Weekday-SDon-131500_M116_715,M116,d1,35,22:30:24,22:30:24,401341,4.0,1
MV_A5-Weekday-SDon-131500_M116_715,M116,d1,36,22:31:33,22:31:33,401342,9.0,1
MV_A5-Weekday-SDon-131500_M116_715,M116,d1,37,22:32:22,22:32:22,401343,4.0,1
MV_A5-Weekday-SDon-131500_M116_715,M116,d1,38,22:33:09,22:33:09,401344,9.0,1
MV_A5-Weekday-SDon-131500_M116_715,M116,d1,39,22:33:54,22:33:54,401345,9.0,1
MV_A5-Weekday-SDon-131500_M116_715,M116,d1,40,22:34:40,22:34:40,404987,9.0,1
MV_A5-Weekday-SDon-131500_M116_715,M116,d1,41,22:35:24,22:35:24,404988,9.0,1
MV_A5-Weekday-SDon-131500_M116_715,M116,d1,42,22:37:00,22:37:00,401348,9.0,1
MV_A5-Weekday-SDon-131500_M116_715,M116,d1,43,22:37:35,22:37:35,400860,9.0,1
MV_A5-Weekday-SDon-131500_M116_715,M116,d1,44,22:38:20,22:38:20,400861,8.0,1
MV_A5-Weekday-SDon-131500_M116_715,M116,d1,45,22:39:00,22:39:00,405376,8.0,1
MV_A5-Weekday-074200_M116_702,M116,d1,1,12:22:00,12:22:00,401998,5.0,1
MV_A5-Weekday-074200_M116_702,M116,d1,2,12:22:37,12:22:37,405315,5.0,1
MV_A5-Weekday-074200_M116_702,M116,d1,3,12:23:00,12:23:00,401999,6.0,1
MV_A5-Weekday-074200_M116_702,M116,d1,4,12:24:26,12:24:26,402000,9.0,1
MV_A5-Weekday-074200_M116_702,M116,d1,5,12:26:58,12:26:58,402001,9.0,2
MV_A5-Weekday-074200_M116_702,M116,d1,6,12:28:21,12:28:21,402002,17.0,2
MV_A5-Weekday-074200_M116_702,M116,d1,7,12:29:49,12:29:49,402003,21.0,2
MV_A5-Weekday-074200_M116_702,M116,d1,8,12:30:59,12:30:59,402004,21.0,2
MV_A5-Weekday-074200_M116_702,M116,d1,9,12:33:00,12:33:00,402005,22.0,2
MV_A5-Weekday-074200_M116_702,M116,d1,10,12:33:52,12:33:52,402006,22.0,2
MV_A5-Weekday-074200_M116_702,M116,d1,11,12:37:00,12:37:00,404274,22.0,2
MV_A5-Weekday-074200_M116_702,M116,d1,12,12:39:24,12:39:24,401078,13.0,1
MV_A5-Weekday-074200_M116_702,M116,d1,13,12:41:00,12:41:00,401079,8.0,1
MV_A5-Weekday-074200_M116_702,M116,d1,14,12:42:26,12:42:26,400482,8.0,1
MV_A5-Weekday-074200_M116_702,M116,d1,15,12:43:18,12:43:18,400483,8.0,1
MV_A5-Weekday-074200_M116_702,M116,d1,16,12:44:49,12:44:49,400484,12.0,1
MV_A5-Weekday-074200_M116_702,M116,d1,17,12:46:04,12:46:04,403392,8.0,1
MV_A5-Weekday-074200_M116_702,M116,d1,18,12:47:07,12:47:07,401084,11.0,1
MV_A5-Weekday-074200_M116_702,M116,d1,19,12:48:01,12:48:01,401085,11.0,1
MV_A5-Weekday-074200_M116_702,M116,d1,20,12:49:00,12:49:00,402016,9.0,1
MV_A5-Weekday-074200_M116_702,M116,d1,21,12:49:41,12:49:41,402017,6.0,1
MV_A5-Weekday-074200_M116_702,M116,d1,22,12:50:00,12:50:00,401977,6.0,1
MV_A5-Weekday-SDon-053100_M116_703,M116,d1,1,8:51:00,8:51:00,401998,15.0,1
MV_A5-Weekday-SDon-053100_M116_703,M116,d1,2,8:51:37,8:51:37,405315,15.0,1
MV_A5-Weekday-SDon-053100_M116_703,M116,d1,3,8:52:00,8:52:00,401999,15.0,1
MV_A5-Weekday-SDon-053100_M116_703,M116,d1,4,8:53:26,8:53:26,402000,16.0,1
MV_A5-Weekday-SDon-053100_M116_703,M116,d1,5,8:55:58,8:55:58,402001,16.0,1
MV_A5-Weekday-SDon-053100_M116_703,M116,d1,6,8:57:21,8:57:21,402002,13.0,1
MV_A5-Weekday-SDon-053100_M116_703,M116,d1,7,8:58:49,8:58:49,402003,13.0,1
MV_A5-Weekday-SDon-053100_M116_703,M116,d1,8,8:59:59,8:59:59,402004,11.0,1
MV_A5-Weekday-SDon-053100_M116_703,M116,d1,9,9:02:00,9:02:00,402005,11.0,1
MV_A5-Weekday-SDon-053100_M116_703,M116,d1,10,9:02:52,9:02:52,402006,8.0,1
MV_A5-Weekday-SDon-053100_M116_703,M116,d1,11,9:06:00,9:06:00,404274,6.0,1
MV_A5-Weekday-SDon-053100_M116_703,M116,d1,12,9:08:24,9:08:24,401078,6.0,1
MV_A5-Weekday-SDon-053100_M116_703,M116,d1,13,9:10:00,9:10:00,401079,3.0,1
MV_A5-Weekday-SDon-053100_M116_703,M116,d1,14,9:11:26,9:11:26,400482,4.0,1
MV_A5-Weekday-SDon-053100_M116_703,M116,d1,15,9:12:18,9:12:18,400483,4.0,1
MV_A5-Weekday-SDon-053100_M116_703,M116,d1,16,9:13:49,9:13:49,400484,5.0,1
MV_A5-Weekday-SDon-053100_M116_703,M116,d1,17,9:15:04,9:15:04,403392,5.0,1
MV_A5-Weekday-SDon-053100_M116_703,M116,d1,18,9:16:07,9:16:07,401084,3.0,1
MV_A5-Weekday-SDon-053100_M116_703,M116,d1,19,9:17:01,9:17:01,401085,3.0,1
MV_A5-Weekday-SDon-053100_M116_703,M116,d1,20,9:18:00,9:18:00,402016,3.0,1
MV_A5-Weekday-SDon-053100_M116_703,M116,d1,21,9:18:41,9:18:41,402017,3.0,1
MV_A5-Weekday-SDon-053100_M116_703,M116,d1,22,9:19:00,9:19:00,401977,3.0,1
MV_A5-Weekday-SDon-060200_M116_706,M116,d1,1,10:02:00,10:02:00,401998,5.0,1
MV_A5-Weekday-SDon-060200_M116_706,M116,d1,2,10:02:37,10:02:37,405315,12.0,2
MV_A5-Weekday-SDon-060200_M116_706,M116,d1,3,10:03:00,10:03:00,401999,17.0,2
MV_A5-Weekday-SDon-060200_M116_706,M116,d1,4,10:04:26,10:04:26,402000,22.0,2
MV_A5-Weekday-SDon-060200_M116_706,M116,d1,5,10:06:58,10:06:58,402001,23.0,2
MV_A5-Weekday-SDon-060200_M116_706,M116,d1,6,10:08:21,10:08:21,402002,22.0,2
MV_A5-Weekday-SDon-060200_M116_706,M116,d1,7,10:09:49,10:09:49,402003,26.0,2
MV_A5-Weekday-SDon-060200_M116_706,M116,d1,8,10:10:59,10:10:59,402004,27.0,2
MV_A5-Weekday-SDon-060200_M116_706,M116,d1,9,10:13:00,10:13:00,402005,27.0,2
MV_A5-Weekday-SDon-060200_M116_706,M116,d1,10,10:13:52,10:13:52,402006,25.0,2
MV_A5-Weekday-SDon-060200_M116_706,M116,d1,11,10:17:00,10:17:00,404274,26.0,2
MV_A5-Weekday-SDon-060200_M116_706,M116,d1,12,10:19:24,10:19:24,401078,19.0,2
MV_A5-Weekday-SDon-060200_M116_706,M116,d1,13,10:21:00,10:21:00,401079,16.0,1
MV_A5-Weekday-SDon-060200_M116_706,M116,d1,14,10:22:26,10:22:26,400482,16.0,1
MV_A5-Weekday-SDon-060200_M116_706,M116,d1,15,10:23:18,10:23:18,400483,13.0,1
MV_A5-Weekday-SDon-060200_M116_706,M116,d1,16,10:24:49,10:24:49,400484,7.0,1
MV_A5-Weekday-SDon-060200_M116_706,M116,d1,17,10:26:04,10:26:04,403392,13.0,1
MV_A5-Weekday-SDon-060200_M116_706,M116,d1,18,10:27:07,10:27:07,401084,8.0,1
MV_A5-Weekday-SDon-060200_M116_706,M116,d1,19,10:28:01,10:28:01,401085,14.0,1
MV_A5-Weekday-SDon-060200_M116_706,M116,d1,20,10:29:00,10:29:00,402016,14.0,1
MV_A5-Weekday-SDon-060200_M116_706,M116,d1,21,10:29:41,10:29:41,402017,5.0,1
MV_A5-Weekday-SDon-060200_M116_706,M116,d1,22,10:30:00,10:30:00,401977,5.0,1
MV_A5-Weekday-055000_M116_X02,M116,d1,1,9:10:00,9:10:00,401998,6.0,1
MV_A5-Weekday-055000_M116_X02,M116,d1,2,9:10:37,9:10:37,405315,10.0,2
MV_A5-Weekday-055000_M116_X02,M116,d1,3,9:11:00,9:11:00,401999,19.0,2
MV_A5-Weekday-055000_M116_X02,M116,d1,4,9:12:26,9:12:26,402000,19.0,2
MV_A5-Weekday-055000_M116_X02,M116,d1,5,9:14:58,9:14:58,402001,24.0,2
MV_A5-Weekday-055000_M116_X02,M116,d1,6,9:16:21,9:16:21,402002,24.0,2
MV_A5-Weekday-055000_M116_X02,M116,d1,7,9:17:49,9:17:49,402003,24.0,2
MV_A5-Weekday-055000_M116_X02,M116,d1,8,9:18:59,9:18:59,402004,12.0,1
MV_A5-Weekday-055000_M116_X02,M116,d1,9,9:21:00,9:21:00,402005,12.0,1
MV_A5-Weekday-055000_M116_X02,M116,d1,10,9:21:52,9:21:52,402006,12.0,1
MV_A5-Weekday-055000_M116_X02,M116,d1,11,9:25:00,9:25:00,404274,8.0,1
MV_A5-Weekday-055000_M116_X02,M116,d1,12,9:27:24,9:27:24,401078,8.0,1
MV_A5-Weekday-055000_M116_X02,M116,d1,13,9:29:00,9:29:00,401079,7.0,1
MV_A5-Weekday-055000_M116_X02,M116,d1,14,9:30:26,9:30:26,400482,4.0,1
MV_A5-Weekday-055000_M116_X02,M116,d1,15,9:31:18,9:31:18,400483,4.0,1
MV_A5-Weekday-055000_M116_X02,M116,d1,16,9:32:49,9:32:49,400484,4.0,1
MV_A5-Weekday-055000_M116_X02,M116,d1,17,9:34:04,9:34:04,403392,4.0,1
MV_A5-Weekday-055000_M116_X02,M116,d1,18,9:35:07,9:35:07,401084,4.0,1
MV_A5-Weekday-055000_M116_X02,M116,d1,19,9:36:01,9:36:01,401085,4.0,1
MV_A5-Weekday-055000_M116_X02,M116,d1,20,9:37:00,9:37:00,402016,4.0,1
MV_A5-Weekday-055000_M116_X02,M116,d1,21,9:37:41,9:37:41,402017,4.0,1
MV_A5-Weekday-055000_M116_X02,M116,d1,22,9:38:00,9:38:00,401977,4.0,1
MV_A5-Weekday-SDon-044300_M116_703,M116,d1,1,7:23:00,7:23:00,401998,27.0,2
MV_A5-Weekday-SDon-044300_M116_703,M116,d1,2,7:23:37,7:23:37,405315,27.0,2
MV_A5-Weekday-SDon-044300_M116_703,M116,d1,3,7:24:00,7:24:00,401999,27.0,2
MV_A5-Weekday-SDon-044300_M116_703,M116,d1,4,7:25:09,7:25:09,402000,27.0,2
MV_A5-Weekday-SDon-044300_M116_703,M116,d1,5,7:27:10,7:27:10,402001,27.0,2
MV_A5-Weekday-SDon-044300_M116_703,M116,d1,6,7:28:17,7:28:17,402002,27.0,2
MV_A5-Weekday-SDon-044300_M116_703,M116,d1,7,7:29:27,7:29:27,402003,27.0,2
MV_A5-Weekday-SDon-044300_M116_703,M116,d1,8,7:30:23,7:30:23,402004,27.0,2
MV_A5-Weekday-SDon-044300_M116_703,M116,d1,9,7:32:00,7:32:00,402005,27.0,2
MV_A5-Weekday-SDon-044300_M116_703,M116,d1,10,7:32:52,7:32:52,402006,27.0,2
MV_A5-Weekday-SDon-044300_M116_703,M116,d1,11,7:36:00,7:36:00,404274,27.0,2
MV_A5-Weekday-SDon-044300_M116_703,M116,d1,12,7:37:48,7:37:48,401078,27.0,2
MV_A5-Weekday-SDon-044300_M116_703,M116,d1,13,7:39:00,7:39:00,401079,27.0,2
MV_A5-Weekday-SDon-044300_M116_703,M116,d1,14,7:40:48,7:40:48,400482,27.0,2
MV_A5-Weekday-SDon-044300_M116_703,M116,d1,15,7:41:52,7:41:52,400483,27.0,2
MV_A5-Weekday-SDon-044300_M116_703,M116,d1,16,7:43:46,7:43:46,400484,27.0,2
MV_A5-Weekday-SDon-044300_M116_703,M116,d1,17,7:45:20,7:45:20,403392,27.0,2
MV_A5-Weekday-SDon-044300_M116_703,M116,d1,18,7:46:39,7:46:39,401084,27.0,2
MV_A5-Weekday-SDon-044300_M116_703,M116,d1,19,7:47:46,7:47:46,401085,27.0,2
MV_A5-Weekday-SDon-044300_M116_703,M116,d1,20,7:49:00,7:49:00,402016,27.0,2
MV_A5-Weekday-SDon-044300_M116_703,M116,d1,21,7:49:41,7:49:41,402017,6.0,1
MV_A5-Weekday-SDon-044300_M116_703,M116,d1,22,7:50:00,7:50:00,401977,6.0,1
MV_A5-Weekday-SDon-052500_M116_711,M116,d1,1,8:45:00,8:45:00,401998,18.0,2
MV_A5-Weekday-SDon-052500_M116_711,M116,d1,2,8:45:37,8:45:37,405315,22.0,2
MV_A5-Weekday-SDon-052500_M116_711,M116,d1,3,8:46:00,8:46:00,401999,22.0,2
MV_A5-Weekday-SDon-052500_M116_711,M116,d1,4,8:47:26,8:47:26,402000,25.0,2
MV_A5-Weekday-SDon-052500_M116_711,M116,d1,5,8:49:58,8:49:58,402001,28.0,2
MV_A5-Weekday-SDon-052500_M116_711,M116,d1,6,8:51:21,8:51:21,402002,18.0,2
MV_A5-Weekday-SDon-052500_M116_711,M116,d1,7,8:52:49,8:52:49,402003,20.0,3
MV_A5-Weekday-SDon-052500_M116_711,M116,d1,8,8:53:59,8:53:59,402004,33.0,3
MV_A5-Weekday-SDon-052500_M116_711,M116,d1,9,8:56:00,8:56:00,402005,32.0,3
MV_A5-Weekday-SDon-052500_M116_711,M116,d1,10,8:56:52,8:56:52,402006,33.0,3
MV_A5-Weekday-SDon-052500_M116_711,M116,d1,11,9:00:00,9:00:00,404274,25.0,2
MV_A5-Weekday-SDon-052500_M116_711,M116,d1,12,9:02:24,9:02:24,401078,12.0,1
MV_A5-Weekday-SDon-052500_M116_711,M116,d1,13,9:04:00,9:04:00,401079,12.0,1
MV_A5-Weekday-SDon-052500_M116_711,M116,d1,14,9:05:26,9:05:26,400482,12.0,1
MV_A5-Weekday-SDon-052500_M116_711,M116,d1,15,9:06:18,9:06:18,400483,12.0,1
MV_A5-Weekday-SDon-052500_M116_711,M116,d1,16,9:07:49,9:07:49,400484,10.0,1
MV_A5-Weekday-SDon-052500_M116_711,M116,d1,17,9:09:04,9:09:04,403392,10.0,1
MV_A5-Weekday-SDon-052500_M116_711,M116,d1,18,9:10:07,9:10:07,401084,10.0,1
MV_A5-Weekday-SDon-052500_M116_711,M116,d1,19,9:11:01,9:11:01,401085,10.0,1
MV_A5-Weekday-SDon-052500_M116_711,M116,d1,20,9:12:00,9:12:00,402016,9.0,1
MV_A5-Weekday-SDon-052500_M116_711,M116,d1,21,9:12:41,9:12:41,402017,3.0,1
MV_A5-Weekday-SDon-052500_M116_711,M116,d1,22,9:13:00,9:13:00,401977,3.0,1
MV_A5-Weekday-152500_M116_718,M116,d1,1,25:25:00,25:25:00,404135,1.0,1
MV_A5-Weekday-152500_M116_718,M116,d1,2,25:25:46,25:25:46,401305,2.0,1
MV_A5-Weekday-152500_M116_718,M116,d1,3,25:26:12,25:26:12,401306,1.0,1
MV_A5-Weekday-152500_M116_718,M116,d1,4,25:26:54,25:26:54,401307,4.0,1
MV_A5-Weekday-152500_M116_718,M116,d1,5,25:27:28,25:27:28,401308,4.0,1
MV_A5-Weekday-152500_M116_718,M116,d1,6,25:28:36,25:28:36,404824,1.0,1
MV_A5-Weekday-152500_M116_718,M116,d1,7,25:29:21,25:29:21,401310,4.0,1
MV_A5-Weekday-152500_M116_718,M116,d1,8,25:30:22,25:30:22,401311,1.0,1
MV_A5-Weekday-152500_M116_718,M116,d1,9,25:31:03,25:31:03,401312,5.0,1
MV_A5-Weekday-152500_M116_718,M116,d1,10,25:31:44,25:31:44,401313,5.0,1
MV_A5-Weekday-152500_M116_718,M116,d1,11,25:32:48,25:32:48,401314,5.0,1
MV_A5-Weekday-152500_M116_718,M116,d1,12,25:33:31,25:33:31,401315,3.0,1
MV_A5-Weekday-152500_M116_718,M116,d1,13,25:34:39,25:34:39,401317,3.0,1
MV_A5-Weekday-152500_M116_718,M116,d1,14,25:35:10,25:35:10,403276,3.0,1
MV_A5-Weekday-152500_M116_718,M116,d1,15,25:36:00,25:36:00,401318,3.0,1
MV_A5-Weekday-152500_M116_718,M116,d1,16,25:37:23,25:37:23,405289,3.0,1
MV_A5-Weekday-152500_M116_718,M116,d1,17,25:38:04,25:38:04,404245,3.0,1
MV_A5-Weekday-152500_M116_718,M116,d1,18,25:39:00,25:39:00,404915,3.0,1
MV_A5-Weekday-152500_M116_718,M116,d1,19,25:39:30,25:39:30,405247,3.0,1
MV_A5-Weekday-152500_M116_718,M116,d1,20,25:40:18,25:40:18,401324,1.0,1
MV_A5-Weekday-152500_M116_718,M116,d1,21,25:41:43,25:41:43,401326,1.0,1
MV_A5-Weekday-152500_M116_718,M116,d1,22,25:42:20,25:42:20,401327,1.0,1
MV_A5-Weekday-152500_M116_718,M116,d1,23,25:43:04,25:43:04,401328,1.0,1
MV_A5-Weekday-152500_M116_718,M116,d1,24,25:43:43,25:43:43,401329,1.0,1
MV_A5-Weekday-152500_M116_718,M116,d1,25,25:44:24,25:44:24,401330,1.0,1
MV_A5-Weekday-152500_M116_718,M116,d1,26,25:45:16,25:45:16,401331,1.0,1
MV_A5-Weekday-152500_M116_718,M116,d1,27,25:46:23,25:46:23,401333,1.0,1
MV_A5-Weekday-152500_M116_718,M116,d1,28,25:47:00,25:47:00,401334,1.0,1
MV_A5-Weekday-152500_M116_718,M116,d1,29,25:47:40,25:47:40,401335,1.0,1
MV_A5-Weekday-152500_M116_718,M116,d1,30,25:48:13,25:48:13,401336,1.0,1
MV_A5-Weekday-152500_M116_718,M116,d1,31,25:49:00,25:49:00,401337,1.0,1
MV_A5-Weekday-152500_M116_718,M116,d1,32,25:49:37,25:49:37,401338,1.0,1
MV_A5-Weekday-152500_M116_718,M116,d1,33,25:50:29,25:50:29,401339,1.0,1
MV_A5-Weekday-152500_M116_718,M116,d1,34,25:51:07,25:51:07,404136,1.0,1
MV_A5-Weekday-152500_M116_718,M116,d1,35,25:51:43,25:51:43,401341,1.0,1
MV_A5-Weekday-152500_M116_718,M116,d1,36,25:52:39,25:52:39,401342,1.0,1
MV_A5-Weekday-152500_M116_718,M116,d1,37,25:53:18,25:53:18,401343,1.0,1
MV_A5-Weekday-152500_M116_718,M116,d1,38,25:53:55,25:53:55,401344,1.0,1
MV_A5-Weekday-152500_M116_718,M116,d1,39,25:54:32,25:54:32,401345,1.0,1
MV_A5-Weekday-152500_M116_718,M116,d1,40,25:55:08,25:55:08,404987,1.0,1
MV_A5-Weekday-152500_M116_718,M116,d1,41,25:55:43,25:55:43,404988,1.0,1
MV_A5-Weekday-152500_M116_718,M116,d1,42,25:57:00,25:57:00,401348,1.0,1
MV_A5-Weekday-152500_M116_718,M116,d1,43,25:57:17,25:57:17,400860,1.0,1
MV_A5-Weekday-152500_M116_718,M116,d1,44,25:57:40,25:57:40,400861,1.0,1
MV_A5-Weekday-152500_M116_718,M116,d1,45,25:58:00,25:58:00,405376,1.0,1
MV_A5-Weekday-047700_M116_702,M116,d1,1,7:57:00,7:57:00,401998,13.0,2
MV_A5-Weekday-047700_M116_702,M116,d1,2,7:57:37,7:57:37,405315,20.0,2
MV_A5-Weekday-047700_M116_702,M116,d1,3,7:58:00,7:58:00,401999,20.0,2
MV_A5-Weekday-047700_M116_702,M116,d1,4,7:59:17,7:59:17,402000,29.0,2
MV_A5-Weekday-047700_M116_702,M116,d1,5,8:01:34,8:01:34,402001,29.0,2
MV_A5-Weekday-047700_M116_702,M116,d1,6,8:02:49,8:02:49,402002,29.0,2
MV_A5-Weekday-047700_M116_702,M116,d1,7,8:04:08,8:04:08,402003,29.0,2
MV_A5-Weekday-047700_M116_702,M116,d1,8,8:05:11,8:05:11,402004,29.0,2
MV_A5-Weekday-047700_M116_702,M116,d1,9,8:07:00,8:07:00,402005,29.0,2
MV_A5-Weekday-047700_M116_702,M116,d1,10,8:07:52,8:07:52,402006,27.0,2
MV_A5-Weekday-047700_M116_702,M116,d1,11,8:11:00,8:11:00,404274,15.0,1
MV_A5-Weekday-047700_M116_702,M116,d1,12,8:12:48,8:12:48,401078,15.0,1
MV_A5-Weekday-047700_M116_702,M116,d1,13,8:14:00,8:14:00,401079,15.0,1
MV_A5-Weekday-047700_M116_702,M116,d1,14,8:15:48,8:15:48,400482,2.0,1
MV_A5-Weekday-047700_M116_702,M116,d1,15,8:16:52,8:16:52,400483,2.0,1
MV_A5-Weekday-047700_M116_702,M116,d1,16,8:18:46,8:18:46,400484,2.0,1
MV_A5-Weekday-047700_M116_702,M116,d1,17,8:20:20,8:20:20,403392,2.0,1
MV_A5-Weekday-047700_M116_702,M116,d1,18,8:21:39,8:21:39,401084,1.0,1
MV_A5-Weekday-047700_M116_702,M116,d1,19,8:22:46,8:22:46,401085,3.0,1
MV_A5-Weekday-047700_M116_702,M116,d1,20,8:24:00,8:24:00,402016,3.0,1
MV_A5-Weekday-047700_M116_702,M116,d1,21,8:24:41,8:24:41,402017,1.0,1
MV_A5-Weekday-047700_M116_702,M116,d1,22,8:25:00,8:25:00,401977,1.0,1
MV_A5-Weekday-122500_M116_716,M116,d1,1,20:25:00,20:25:00,404135,4.0,1
MV_A5-Weekday-122500_M116_716,M116,d1,2,20:26:07,20:26:07,401305,4.0,1
MV_A5-Weekday-122500_M116_716,M116,d1,3,20:26:44,20:26:44,401306,7.0,1
MV_A5-Weekday-122500_M116_716,M116,d1,4,20:27:46,20:27:46,401307,3.0,1
MV_A5-Weekday-122500_M116_716,M116,d1,5,20:28:36,20:28:36,401308,6.0,1
MV_A5-Weekday-122500_M116_716,M116,d1,6,20:30:14,20:30:14,404824,13.0,1
MV_A5-Weekday-122500_M116_716,M116,d1,7,20:31:20,20:31:20,401310,9.0,1
MV_A5-Weekday-122500_M116_716,M116,d1,8,20:32:49,20:32:49,401311,14.0,1
MV_A5-Weekday-122500_M116_716,M116,d1,9,20:33:48,20:33:48,401312,13.0,1
MV_A5-Weekday-122500_M116_716,M116,d1,10,20:34:47,20:34:47,401313,11.0,1
MV_A5-Weekday-122500_M116_716,M116,d1,11,20:36:21,20:36:21,401314,3.0,1
MV_A5-Weekday-122500_M116_716,M116,d1,12,20:37:23,20:37:23,401315,11.0,1
MV_A5-Weekday-122500_M116_716,M116,d1,13,20:39:02,20:39:02,401317,16.0,1
MV_A5-Weekday-122500_M116_716,M116,d1,14,20:39:47,20:39:47,403276,14.0,1
MV_A5-Weekday-122500_M116_716,M116,d1,15,20:41:00,20:41:00,401318,10.0,1
MV_A5-Weekday-122500_M116_716,M116,d1,16,20:43:46,20:43:46,405289,10.0,1
MV_A5-Weekday-122500_M116_716,M116,d1,17,20:45:08,20:45:08,404245,6.0,1
MV_A5-Weekday-122500_M116_716,M116,d1,18,20:47:00,20:47:00,404915,7.0,1
MV_A5-Weekday-122500_M116_716,M116,d1,19,20:47:39,20:47:39,405247,7.0,1
MV_A5-Weekday-122500_M116_716,M116,d1,20,20:48:41,20:48:41,401324,7.0,1
MV_A5-Weekday-122500_M116_716,M116,d1,21,20:50:32,20:50:32,401326,4.0,1
MV_A5-Weekday-122500_M116_716,M116,d1,22,20:51:20,20:51:20,401327,7.0,1
MV_A5-Weekday-122500_M116_716,M116,d1,23,20:52:18,20:52:18,401328,7.0,1
MV_A5-Weekday-122500_M116_716,M116,d1,24,20:53:08,20:53:08,401329,6.0,1
MV_A5-Weekday-122500_M116_716,M116,d1,25,20:54:01,20:54:01,401330,8.0,1
MV_A5-Weekday-122500_M116_716,M116,d1,26,20:55:09,20:55:09,401331,9.0,1
MV_A5-Weekday-122500_M116_716,M116,d1,27,20:56:36,20:56:36,401333,9.0,1
MV_A5-Weekday-122500_M116_716,M116,d1,28,20:57:25,20:57:25,401334,9.0,1
MV_A5-Weekday-122500_M116_716,M116,d1,29,20:58:16,20:58:16,401335,6.0,1
MV_A5-Weekday-122500_M116_716,M116,d1,30,20:58:59,20:58:59,401336,1.0,1
MV_A5-Weekday-122500_M116_716,M116,d1,31,21:00:00,21:00:00,401337,6.0,1
MV_A5-Weekday-122500_M116_716,M116,d1,32,21:00:46,21:00:46,401338,6.0,1
MV_A5-Weekday-122500_M116_716,M116,d1,33,21:01:51,21:01:51,401339,6.0,1
MV_A5-Weekday-122500_M116_716,M116,d1,34,21:02:39,21:02:39,404136,6.0,1
MV_A5-Weekday-122500_M116_716,M116,d1,35,21:03:24,21:03:24,401341,3.0,1
MV_A5-Weekday-122500_M116_716,M116,d1,36,21:04:33,21:04:33,401342,6.0,1
MV_A5-Weekday-122500_M116_716,M116,d1,37,21:05:22,21:05:22,401343,7.0,1
MV_A5-Weekday-122500_M116_716,M116,d1,38,21:06:09,21:06:09,401344,1.0,1
MV_A5-Weekday-122500_M116_716,M116,d1,39,21:06:54,21:06:54,401345,7.0,1
MV_A5-Weekday-122500_M116_716,M116,d1,40,21:07:40,21:07:40,404987,1.0,1
MV_A5-Weekday-122500_M116_716,M116,d1,41,21:08:24,21:08:24,404988,6.0,1
MV_A5-Weekday-122500_M116_716,M116,d1,42,21:10:00,21:10:00,401348,6.0,1
MV_A5-Weekday-122500_M116_716,M116,d1,43,21:10:35,21:10:35,400860,6.0,1
MV_A5-Weekday-122500_M116_716,M116,d1,44,21:11:20,21:11:20,400861,6.0,1
MV_A5-Weekday-122500_M116_716,M116,d1,45,21:12:00,21:12:00,405376,6.0,1
MV_A5-Weekday-SDon-089200_M116_716,M116,d1,1,14:52:00,14:52:00,401998,41.0,3
MV_A5-Weekday-SDon-089200_M116_716,M116,d1,2,14:52:37,14:52:37,405315,41.0,3
MV_A5-Weekday-SDon-089200_M116_716,M116,d1,3,14:53:00,14:53:00,401999,41.0,3
MV_A5-Weekday-SDon-089200_M116_716,M116,d1,4,14:54:26,14:54:26,402000,41.0,3
MV_A5-Weekday-SDon-089200_M116_716,M116,d1,5,14:56:58,14:56:58,402001,41.0,3
MV_A5-Weekday-SDon-089200_M116_716,M116,d1,6,14:58:21,14:58:21,402002,41.0,3
MV_A5-Weekday-SDon-089200_M116_716,M116,d1,7,14:59:49,14:59:49,402003,41.0,3
MV_A5-Weekday-SDon-089200_M116_716,M116,d1,8,15:00:59,15:00:59,402004,41.0,3
MV_A5-Weekday-SDon-089200_M116_716,M116,d1,9,15:03:00,15:03:00,402005,41.0,3
MV_A5-Weekday-SDon-089200_M116_716,M116,d1,10,15:03:52,15:03:52,402006,41.0,3
MV_A5-Weekday-SDon-089200_M116_716,M116,d1,11,15:07:00,15:07:00,404274,41.0,3
MV_A5-Weekday-SDon-089200_M116_716,M116,d1,12,15:09:24,15:09:24,401078,32.0,2
MV_A5-Weekday-SDon-089200_M116_716,M116,d1,13,15:11:00,15:11:00,401079,32.0,2
MV_A5-Weekday-SDon-089200_M116_716,M116,d1,14,15:12:26,15:12:26,400482,32.0,2
MV_A5-Weekday-SDon-089200_M116_716,M116,d1,15,15:13:18,15:13:18,400483,1.0,1
MV_A5-Weekday-SDon-089200_M116_716,M116,d1,16,15:14:49,15:14:49,400484,1.0,1
MV_A5-Weekday-SDon-089200_M116_716,M116,d1,17,15:16:04,15:16:04,403392,1.0,1
MV_A5-Weekday-SDon-089200_M116_716,M116,d1,18,15:17:07,15:17:07,401084,1.0,1
MV_A5-Weekday-SDon-089200_M116_716,M116,d1,19,15:18:01,15:18:01,401085,1.0,1
MV_A5-Weekday-SDon-089200_M116_716,M116,d1,20,15:19:00,15:19:00,402016,1.0,1
MV_A5-Weekday-SDon-089200_M116_716,M116,d1,21,15:19:41,15:19:41,402017,1.0,1
MV_A5-Weekday-SDon-089200_M116_716,M116,d1,22,15:20:00,15:20:00,401977,1.0,1
MV_A5-Weekday-045800_M116_708,M116,d1,1,7:38:00,7:38:00,401998,9.0,1
MV_A5-Weekday-045800_M116_708,M116,d1,2,7:38:37,7:38:37,405315,9.0,1
MV_A5-Weekday-045800_M116_708,M116,d1,3,7:39:00,7:39:00,401999,15.0,1
MV_A5-Weekday-045800_M116_708,M116,d1,4,7:40:17,7:40:17,402000,12.0,1
MV_A5-Weekday-045800_M116_708,M116,d1,5,7:42:34,7:42:34,402001,15.0,1
MV_A5-Weekday-045800_M116_708,M116,d1,6,7:43:49,7:43:49,402002,16.0,1
MV_A5-Weekday-045800_M116_708,M116,d1,7,7:45:08,7:45:08,402003,16.0,1
MV_A5-Weekday-045800_M116_708,M116,d1,8,7:46:11,7:46:11,402004,16.0,1
MV_A5-Weekday-045800_M116_708,M116,d1,9,7:48:00,7:48:00,402005,16.0,2
MV_A5-Weekday-045800_M116_708,M116,d1,10,7:48:52,7:48:52,402006,19.0,2
MV_A5-Weekday-045800_M116_708,M116,d1,11,7:52:00,7:52:00,404274,19.0,2
MV_A5-Weekday-045800_M116_708,M116,d1,12,7:53:48,7:53:48,401078,10.0,1
MV_A5-Weekday-045800_M116_708,M116,d1,13,7:55:00,7:55:00,401079,10.0,1
MV_A5-Weekday-045800_M116_708,M116,d1,14,7:56:48,7:56:48,400482,10.0,1
MV_A5-Weekday-045800_M116_708,M116,d1,15,7:57:52,7:57:52,400483,9.0,1
MV_A5-Weekday-045800_M116_708,M116,d1,16,7:59:46,7:59:46,400484,9.0,1
MV_A5-Weekday-045800_M116_708,M116,d1,17,8:01:20,8:01:20,403392,9.0,1
MV_A5-Weekday-045800_M116_708,M116,d1,18,8:02:39,8:02:39,401084,9.0,1
MV_A5-Weekday-045800_M116_708,M116,d1,19,8:03:46,8:03:46,401085,9.0,1
MV_A5-Weekday-045800_M116_708,M116,d1,20,8:05:00,8:05:00,402016,9.0,1
MV_A5-Weekday-045800_M116_708,M116,d1,21,8:05:41,8:05:41,402017,7.0,1
MV_A5-Weekday-045800_M116_708,M116,d1,22,8:06:00,8:06:00,401977,7.0,1
MV_A5-Weekday-117300_M116_717,M116,d1,1,19:33:00,19:33:00,401998,9.0,2
MV_A5-Weekday-117300_M116_717,M116,d1,2,19:33:37,19:33:37,405315,18.0,2
MV_A5-Weekday-117300_M116_717,M116,d1,3,19:34:00,19:34:00,401999,18.0,2
MV_A5-Weekday-117300_M116_717,M116,d1,4,19:35:09,19:35:09,402000,18.0,2
MV_A5-Weekday-117300_M116_717,M116,d1,5,19:37:10,19:37:10,402001,17.0,2
MV_A5-Weekday-117300_M116_717,M116,d1,6,19:38:17,19:38:17,402002,26.0,2
MV_A5-Weekday-117300_M116_717,M116,d1,7,19:39:27,19:39:27,402003,25.0,2
MV_A5-Weekday-117300_M116_717,M116,d1,8,19:40:23,19:40:23,402004,25.0,2
MV_A5-Weekday-117300_M116_717,M116,d1,9,19:42:00,19:42:00,402005,25.0,2
MV_A5-Weekday-117300_M116_717,M116,d1,10,19:42:39,19:42:39,402006,15.0,1
MV_A5-Weekday-117300_M116_717,M116,d1,11,19:45:00,19:45:00,404274,15.0,1
MV_A5-Weekday-117300_M116_717,M116,d1,12,19:47:24,19:47:24,401078,16.0,1
MV_A5-Weekday-117300_M116_717,M116,d1,13,19:49:00,19:49:00,401079,11.0,1
MV_A5-Weekday-117300_M116_717,M116,d1,14,19:50:15,19:50:15,400482,7.0,1
MV_A5-Weekday-117300_M116_717,M116,d1,15,19:51:01,19:51:01,400483,10.0,1
MV_A5-Weekday-117300_M116_717,M116,d1,16,19:52:20,19:52:20,400484,9.0,1
MV_A5-Weekday-117300_M116_717,M116,d1,17,19:53:26,19:53:26,403392,10.0,1
MV_A5-Weekday-117300_M116_717,M116,d1,18,19:54:21,19:54:21,401084,7.0,1
MV_A5-Weekday-117300_M116_717,M116,d1,19,19:55:08,19:55:08,401085,8.0,1
MV_A5-Weekday-117300_M116_717,M116,d1,20,19:56:00,19:56:00,402016,7.0,1
MV_A5-Weekday-117300_M116_717,M116,d1,21,19:56:41,19:56:41,402017,3.0,1
MV_A5-Weekday-117300_M116_717,M116,d1,22,19:57:00,19:57:00,401977,3.0,1
MV_A5-Weekday-083200_M116_703,M116,d1,1,13:52:00,13:52:00,401998,2.0,1
MV_A5-Weekday-083200_M116_703,M116,d1,2,13:52:37,13:52:37,405315,16.0,1
MV_A5-Weekday-083200_M116_703,M116,d1,3,13:53:00,13:53:00,401999,16.0,1
MV_A5-Weekday-083200_M116_703,M116,d1,4,13:54:26,13:54:26,402000,16.0,1
MV_A5-Weekday-083200_M116_703,M116,d1,5,13:56:58,13:56:58,402001,16.0,1
MV_A5-Weekday-083200_M116_703,M116,d1,6,13:58:21,13:58:21,402002,12.0,2
MV_A5-Weekday-083200_M116_703,M116,d1,7,13:59:49,13:59:49,402003,20.0,2
MV_A5-Weekday-083200_M116_703,M116,d1,8,14:00:59,14:00:59,402004,20.0,2
MV_A5-Weekday-083200_M116_703,M116,d1,9,14:03:00,14:03:00,402005,32.0,2
MV_A5-Weekday-083200_M116_703,M116,d1,10,14:03:52,14:03:52,402006,23.0,2
MV_A5-Weekday-083200_M116_703,M116,d1,11,14:07:00,14:07:00,404274,15.0,1
MV_A5-Weekday-083200_M116_703,M116,d1,12,14:09:24,14:09:24,401078,10.0,1
MV_A5-Weekday-083200_M116_703,M116,d1,13,14:11:00,14:11:00,401079,10.0,1
MV_A5-Weekday-083200_M116_703,M116,d1,14,14:12:26,14:12:26,400482,10.0,1
MV_A5-Weekday-083200_M116_703,M116,d1,15,14:13:18,14:13:18,400483,9.0,1
MV_A5-Weekday-083200_M116_703,M116,d1,16,14:14:49,14:14:49,400484,5.0,1
MV_A5-Weekday-083200_M116_703,M116,d1,17,14:16:04,14:16:04,403392,9.0,1
MV_A5-Weekday-083200_M116_703,M116,d1,18,14:17:07,14:17:07,401084,4.0,1
MV_A5-Weekday-083200_M116_703,M116,d1,19,14:18:01,14:18:01,401085,5.0,1
MV_A5-Weekday-083200_M116_703,M116,d1,20,14:19:00,14:19:00,402016,5.0,1
MV_A5-Weekday-083200_M116_703,M116,d1,21,14:19:41,14:19:41,402017,5.0,1
MV_A5-Weekday-083200_M116_703,M116,d1,22,14:20:00,14:20:00,401977,5.0,1
MV_A5-Weekday-084200_M116_707,M116,d1,1,14:02:00,14:02:00,401998,11.0,1
MV_A5-Weekday-084200_M116_707,M116,d1,2,14:02:37,14:02:37,405315,11.0,3
MV_A5-Weekday-084200_M116_707,M116,d1,3,14:03:00,14:03:00,401999,33.0,3
MV_A5-Weekday-084200_M116_707,M116,d1,4,14:04:26,14:04:26,402000,33.0,3
MV_A5-Weekday-084200_M116_707,M116,d1,5,14:06:58,14:06:58,402001,22.0,2
MV_A5-Weekday-084200_M116_707,M116,d1,6,14:08:21,14:08:21,402002,17.0,2
MV_A5-Weekday-084200_M116_707,M116,d1,7,14:09:49,14:09:49,402003,27.0,2
MV_A5-Weekday-084200_M116_707,M116,d1,8,14:10:59,14:10:59,402004,27.0,2
MV_A5-Weekday-084200_M116_707,M116,d1,9,14:13:00,14:13:00,402005,20.0,2
MV_A5-Weekday-084200_M116_707,M116,d1,10,14:13:52,14:13:52,402006,18.0,2
MV_A5-Weekday-084200_M116_707,M116,d1,11,14:17:00,14:17:00,404274,18.0,2
MV_A5-Weekday-084200_M116_707,M116,d1,12,14:19:24,14:19:24,401078,3.0,1
MV_A5-Weekday-084200_M116_707,M116,d1,13,14:21:00,14:21:00,401079,3.0,1
MV_A5-Weekday-084200_M116_707,M116,d1,14,14:22:26,14:22:26,400482,3.0,1
MV_A5-Weekday-084200_M116_707,M116,d1,15,14:23:18,14:23:18,400483,3.0,1
MV_A5-Weekday-084200_M116_707,M116,d1,16,14:24:49,14:24:49,400484,2.0,1
MV_A5-Weekday-084200_M116_707,M116,d1,17,14:26:04,14:26:04,403392,3.0,1
MV_A5-Weekday-084200_M116_707,M116,d1,18,14:27:07,14:27:07,401084,3.0,1
MV_A5-Weekday-084200_M116_707,M116,d1,19,14:28:01,14:28:01,401085,3.0,1
MV_A5-Weekday-084200_M116_707,M116,d1,20,14:29:00,14:29:00,402016,3.0,1
MV_A5-Weekday-084200_M116_707,M116,d1,21,14:29:41,14:29:41,402017,3.0,1
MV_A5-Weekday-084200_M116_707,M116,d1,22,14:30:00,14:30:00,401977,3.0,1
MV_A5-Weekday-SDon-045000_M116_707,M116,d1,1,7:30:00,7:30:00,401998,16.0,1
MV_A5-Weekday-SDon-045000_M116_707,M116,d1,2,7:30:37,7:30:37,405315,16.0,1
MV_A5-Weekday-SDon-045000_M116_707,M116,d1,3,7:31:00,7:31:00,401999,16.0,1
MV_A5-Weekday-SDon-045000_M116_707,M116,d1,4,7:32:17,7:32:17,402000,16.0,1
MV_A5-Weekday-SDon-045000_M116_707,M116,d1,5,7:34:34,7:34:34,402001,16.0,1
MV_A5-Weekday-SDon-045000_M116_707,M116,d1,6,7:35:49,7:35:49,402002,16.0,1
MV_A5-Weekday-SDon-045000_M116_707,M116,d1,7,7:37:08,7:37:08,402003,16.0,1
MV_A5-Weekday-SDon-045000_M116_707,M116,d1,8,7:38:11,7:38:11,402004,16.0,1
MV_A5-Weekday-SDon-045000_M116_707,M116,d1,9,7:40:00,7:40:00,402005,16.0,1
MV_A5-Weekday-SDon-045000_M116_707,M116,d1,10,7:40:52,7:40:52,402006,16.0,1
MV_A5-Weekday-SDon-045000_M116_707,M116,d1,11,7:44:00,7:44:00,404274,16.0,1
MV_A5-Weekday-SDon-045000_M116_707,M116,d1,12,7:45:48,7:45:48,401078,16.0,1
MV_A5-Weekday-SDon-045000_M116_707,M116,d1,13,7:47:00,7:47:00,401079,16.0,1
MV_A5-Weekday-SDon-045000_M116_707,M116,d1,14,7:48:48,7:48:48,400482,16.0,1
MV_A5-Weekday-SDon-045000_M116_707,M116,d1,15,7:49:52,7:49:52,400483,16.0,1
MV_A5-Weekday-SDon-045000_M116_707,M116,d1,16,7:51:46,7:51:46,400484,16.0,1
MV_A5-Weekday-SDon-045000_M116_707,M116,d1,17,7:53:20,7:53:20,403392,16.0,1
MV_A5-Weekday-SDon-045000_M116_707,M116,d1,18,7:54:39,7:54:39,401084,16.0,1
MV_A5-Weekday-SDon-045000_M116_707,M116,d1,19,7:55:46,7:55:46,401085,16.0,1
MV_A5-Weekday-SDon-045000_M116_707,M116,d1,20,7:57:00,7:57:00,402016,16.0,1
MV_A5-Weekday-SDon-045000_M116_707,M116,d1,21,7:57:41,7:57:41,402017,16.0,1
MV_A5-Weekday-SDon-045000_M116_707,M116,d1,22,7:58:00,7:58:00,401977,16.0,1
MV_A5-Weekday-SDon-087900_M116_713,M116,d1,1,14:39:00,14:39:00,401998,8.0,1
MV_A5-Weekday-SDon-087900_M116_713,M116,d1,2,14:39:37,14:39:37,405315,8.0,1
MV_A5-Weekday-SDon-087900_M116_713,M116,d1,3,14:40:00,14:40:00,401999,8.0,1
MV_A5-Weekday-SDon-087900_M116_713,M116,d1,4,14:41:26,14:41:26,402000,8.0,1
MV_A5-Weekday-SDon-087900_M116_713,M116,d1,5,14:43:58,14:43:58,402001,8.0,1
MV_A5-Weekday-SDon-087900_M116_713,M116,d1,6,14:45:21,14:45:21,402002,8.0,1
MV_A5-Weekday-SDon-087900_M116_713,M116,d1,7,14:46:49,14:46:49,402003,8.0,1
MV_A5-Weekday-SDon-087900_M116_713,M116,d1,8,14:47:59,14:47:59,402004,8.0,1
MV_A5-Weekday-SDon-087900_M116_713,M116,d1,9,14:50:00,14:50:00,402005,8.0,1
MV_A5-Weekday-SDon-087900_M116_713,M116,d1,10,14:50:52,14:50:52,402006,8.0,1
MV_A5-Weekday-SDon-087900_M116_713,M116,d1,11,14:54:00,14:54:00,404274,8.0,1
MV_A5-Weekday-SDon-087900_M116_713,M116,d1,12,14:56:24,14:56:24,401078,8.0,1
MV_A5-Weekday-SDon-087900_M116_713,M116,d1,13,14:58:00,14:58:00,401079,8.0,1
MV_A5-Weekday-SDon-087900_M116_713,M116,d1,14,14:59:26,14:59:26,400482,8.0,1
MV_A5-Weekday-SDon-087900_M116_713,M116,d1,15,15:00:18,15:00:18,400483,8.0,1
MV_A5-Weekday-SDon-087900_M116_713,M116,d1,16,15:01:49,15:01:49,400484,8.0,1
MV_A5-Weekday-SDon-087900_M116_713,M116,d1,17,15:03:04,15:03:04,403392,8.0,1
MV_A5-Weekday-SDon-087900_M116_713,M116,d1,18,15:04:07,15:04:07,401084,8.0,1
MV_A5-Weekday-SDon-087900_M116_713,M116,d1,19,15:05:01,15:05:01,401085,8.0,1
MV_A5-Weekday-SDon-087900_M116_713,M116,d1,20,15:06:00,15:06:00,402016,8.0,1
MV_A5-Weekday-SDon-087900_M116_713,M116,d1,21,15:06:41,15:06:41,402017,3.0,1
MV_A5-Weekday-SDon-087900_M116_713,M116,d1,22,15:07:00,15:07:00,401977,3.0,1
MV_A5-Weekday-SDon-087100_M116_712,M116,d1,1,14:31:00,14:31:00,401998,24.0,3
MV_A5-Weekday-SDon-087100_M116_712,M116,d1,2,14:31:37,14:31:37,405315,38.0,3
MV_A5-Weekday-SDon-087100_M116_712,M116,d1,3,14:32:00,14:32:00,401999,38.0,3
MV_A5-Weekday-SDon-087100_M116_712,M116,d1,4,14:33:26,14:33:26,402000,38.0,3
MV_A5-Weekday-SDon-087100_M116_712,M116,d1,5,14:35:58,14:35:58,402001,38.0,3
MV_A5-Weekday-SDon-087100_M116_712,M116,d1,6,14:37:21,14:37:21,402002,38.0,3
MV_A5-Weekday-SDon-087100_M116_712,M116,d1,7,14:38:49,14:38:49,402003,38.0,3
MV_A5-Weekday-SDon-087100_M116_712,M116,d1,8,14:39:59,14:39:59,402004,38.0,3
MV_A5-Weekday-SDon-087100_M116_712,M116,d1,9,14:42:00,14:42:00,402005,35.0,3
MV_A5-Weekday-SDon-087100_M116_712,M116,d1,10,14:42:52,14:42:52,402006,35.0,3
MV_A5-Weekday-SDon-087100_M116_712,M116,d1,11,14:46:00,14:46:00,404274,35.0,3
MV_A5-Weekday-SDon-087100_M116_712,M116,d1,12,14:48:24,14:48:24,401078,35.0,3
MV_A5-Weekday-SDon-087100_M116_712,M116,d1,13,14:50:00,14:50:00,401079,35.0,3
MV_A5-Weekday-SDon-087100_M116_712,M116,d1,14,14:51:26,14:51:26,400482,35.0,3
MV_A5-Weekday-SDon-087100_M116_712,M116,d1,15,14:52:18,14:52:18,400483,35.0,3
MV_A5-Weekday-SDon-087100_M116_712,M116,d1,16,14:53:49,14:53:49,400484,35.0,3
MV_A5-Weekday-SDon-087100_M116_712,M116,d1,17,14:55:04,14:55:04,403392,35.0,3
MV_A5-Weekday-SDon-087100_M116_712,M116,d1,18,14:56:07,14:56:07,401084,35.0,3
MV_A5-Weekday-SDon-087100_M116_712,M116,d1,19,14:57:01,14:57:01,401085,35.0,3
MV_A5-Weekday-SDon-087100_M116_712,M116,d1,20,14:58:00,14:58:00,402016,35.0,3
MV_A5-Weekday-SDon-087100_M116_712,M116,d1,21,14:58:41,14:58:41,402017,9.0,1
MV_A5-Weekday-SDon-087100_M116_712,M116,d1,22,14:59:00,14:59:00,401977,9.0,1
MV_A5-Weekday-SDon-101500_M116_709,M116,d1,1,16:55:00,16:55:00,401998,9.0,1
MV_A5-Weekday-SDon-101500_M116_709,M116,d1,2,16:55:37,16:55:37,405315,9.0,1
MV_A5-Weekday-SDon-101500_M116_709,M116,d1,3,16:56:00,16:56:00,401999,9.0,3
MV_A5-Weekday-SDon-101500_M116_709,M116,d1,4,16:57:26,16:57:26,402000,43.0,3
MV_A5-Weekday-SDon-101500_M116_709,M116,d1,5,16:59:58,16:59:58,402001,38.0,3
MV_A5-Weekday-SDon-101500_M116_709,M116,d1,6,17:01:21,17:01:21,402002,44.0,4
MV_A5-Weekday-SDon-101500_M116_709,M116,d1,7,17:02:49,17:02:49,402003,51.0,4
MV_A5-Weekday-SDon-101500_M116_709,M116,d1,8,17:03:59,17:03:59,402004,51.0,4
MV_A5-Weekday-SDon-101500_M116_709,M116,d1,9,17:06:00,17:06:00,402005,51.0,4
MV_A5-Weekday-SDon-101500_M116_709,M116,d1,10,17:06:52,17:06:52,402006,51.0,4
MV_A5-Weekday-SDon-101500_M116_709,M116,d1,11,17:10:00,17:10:00,404274,48.0,3
MV_A5-Weekday-SDon-101500_M116_709,M116,d1,12,17:12:24,17:12:24,401078,34.0,3
MV_A5-Weekday-SDon-101500_M116_709,M116,d1,13,17:14:00,17:14:00,401079,14.0,1
MV_A5-Weekday-SDon-101500_M116_709,M116,d1,14,17:15:26,17:15:26,400482,16.0,1
MV_A5-Weekday-SDon-101500_M116_709,M116,d1,15,17:16:18,17:16:18,400483,16.0,1
MV_A5-Weekday-SDon-101500_M116_709,M116,d1,16,17:17:49,17:17:49,400484,16.0,1
MV_A5-Weekday-SDon-101500_M116_709,M116,d1,17,17:19:04,17:19:04,403392,15.0,1
MV_A5-Weekday-SDon-101500_M116_709,M116,d1,18,17:20:07,17:20:07,401084,6.0,1
MV_A5-Weekday-SDon-101500_M116_709,M116,d1,19,17:21:01,17:21:01,401085,6.0,1
MV_A5-Weekday-SDon-101500_M116_709,M116,d1,20,17:22:00,17:22:00,402016,4.0,1
MV_A5-Weekday-SDon-101500_M116_709,M116,d1,21,17:22:41,17:22:41,402017,4.0,1
MV_A5-Weekday-SDon-101500_M116_709,M116,d1,22,17:23:00,17:23:00,401977,4.0,1
MV_A5-Weekday-SDon-058200_M116_709,M116,d1,1,9:42:00,9:42:00,401998,8.0,1
MV_A5-Weekday-SDon-058200_M116_709,M116,d1,2,9:42:37,9:42:37,405315,12.0,1
MV_A5-Weekday-SDon-058200_M116_709,M116,d1,3,9:43:00,9:43:00,401999,9.0,1
MV_A5-Weekday-SDon-058200_M116_709,M116,d1,4,9:44:26,9:44:26,402000,16.0,2
MV_A5-Weekday-SDon-058200_M116_709,M116,d1,5,9:46:58,9:46:58,402001,19.0,2
MV_A5-Weekday-SDon-058200_M116_709,M116,d1,6,9:48:21,9:48:21,402002,21.0,2
MV_A5-Weekday-SDon-058200_M116_709,M116,d1,7,9:49:49,9:49:49,402003,21.0,3
MV_A5-Weekday-SDon-058200_M116_709,M116,d1,8,9:50:59,9:50:59,402004,36.0,3
MV_A5-Weekday-SDon-058200_M116_709,M116,d1,9,9:53:00,9:53:00,402005,31.0,2
MV_A5-Weekday-SDon-058200_M116_709,M116,d1,10,9:53:52,9:53:52,402006,20.0,3
MV_A5-Weekday-SDon-058200_M116_709,M116,d1,11,9:57:00,9:57:00,404274,41.0,3
MV_A5-Weekday-SDon-058200_M116_709,M116,d1,12,9:59:24,9:59:24,401078,11.0,3
MV_A5-Weekday-SDon-058200_M116_709,M116,d1,13,10:01:00,10:01:00,401079,33.0,3
MV_A5-Weekday-SDon-058200_M116_709,M116,d1,14,10:02:26,10:02:26,400482,8.0,1
MV_A5-Weekday-SDon-058200_M116_709,M116,d1,15,10:03:18,10:03:18,400483,12.0,1
MV_A5-Weekday-SDon-058200_M116_709,M116,d1,16,10:04:49,10:04:49,400484,12.0,1
MV_A5-Weekday-SDon-058200_M116_709,M116,d1,17,10:06:04,10:06:04,403392,2.0,1
MV_A5-Weekday-SDon-058200_M116_709,M116,d1,18,10:07:07,10:07:07,401084,4.0,1
MV_A5-Weekday-SDon-058200_M116_709,M116,d1,19,10:08:01,10:08:01,401085,7.0,1
MV_A5-Weekday-SDon-058200_M116_709,M116,d1,20,10:09:00,10:09:00,402016,2.0,1
MV_A5-Weekday-SDon-058200_M116_709,M116,d1,21,10:09:41,10:09:41,402017,7.0,1
MV_A5-Weekday-SDon-058200_M116_709,M116,d1,22,10:10:00,10:10:00,401977,7.0,1
MV_A5-Weekday-SDon-053700_M116_707,M116,d1,1,8:57:00,8:57:00,401998,7.0,1
MV_A5-Weekday-SDon-053700_M116_707,M116,d1,2,8:57:37,8:57:37,405315,16.0,2
MV_A5-Weekday-SDon-053700_M116_707,M116,d1,3,8:58:00,8:58:00,401999,18.0,2
MV_A5-Weekday-SDon-053700_M116_707,M116,d1,4,8:59:26,8:59:26,402000,10.0,2
MV_A5-Weekday-SDon-053700_M116_707,M116,d1,5,9:01:58,9:01:58,402001,20.0,2
MV_A5-Weekday-SDon-053700_M116_707,M116,d1,6,9:03:21,9:03:21,402002,23.0,2
MV_A5-Weekday-SDon-053700_M116_707,M116,d1,7,9:04:49,9:04:49,402003,10.0,2
MV_A5-Weekday-SDon-053700_M116_707,M116,d1,8,9:05:59,9:05:59,402004,22.0,2
MV_A5-Weekday-SDon-053700_M116_707,M116,d1,9,9:08:00,9:08:00,402005,10.0,2
MV_A5-Weekday-SDon-053700_M116_707,M116,d1,10,9:08:52,9:08:52,402006,19.0,2
MV_A5-Weekday-SDon-053700_M116_707,M116,d1,11,9:12:00,9:12:00,404274,18.0,2
MV_A5-Weekday-SDon-053700_M116_707,M116,d1,12,9:14:24,9:14:24,401078,7.0,1
MV_A5-Weekday-SDon-053700_M116_707,M116,d1,13,9:16:00,9:16:00,401079,5.0,1
MV_A5-Weekday-SDon-053700_M116_707,M116,d1,14,9:17:26,9:17:26,400482,7.0,1
MV_A5-Weekday-SDon-053700_M116_707,M116,d1,15,9:18:18,9:18:18,400483,7.0,1
MV_A5-Weekday-SDon-053700_M116_707,M116,d1,16,9:19:49,9:19:49,400484,7.0,1
MV_A5-Weekday-SDon-053700_M116_707,M116,d1,17,9:21:04,9:21:04,403392,6.0,1
MV_A5-Weekday-SDon-053700_M116_707,M116,d1,18,9:22:07,9:22:07,401084,4.0,1
MV_A5-Weekday-SDon-053700_M116_707,M116,d1,19,9:23:01,9:23:01,401085,6.0,1
MV_A5-Weekday-SDon-053700_M116_707,M116,d1,20,9:24:00,9:24:00,402016,2.0,1
MV_A5-Weekday-SDon-053700_M116_707,M116,d1,21,9:24:41,9:24:41,402017,3.0,1
MV_A5-Weekday-SDon-053700_M116_707,M116,d1,22,9:25:00,9:25:00,401977,3.0,1
MV_A5-Weekday-051900_M116_706,M116,d1,1,8:39:00,8:39:00,401998,17.0,2
MV_A5-Weekday-051900_M116_706,M116,d1,2,8:39:37,8:39:37,405315,17.0,2
MV_A5-Weekday-051900_M116_706,M116,d1,3,8:40:00,8:40:00,401999,17.0,2
MV_A5-Weekday-051900_M116_706,M116,d1,4,8:41:26,8:41:26,402000,17.0,2
MV_A5-Weekday-051900_M116_706,M116,d1,5,8:43:58,8:43:58,402001,20.0,2
MV_A5-Weekday-051900_M116_706,M116,d1,6,8:45:21,8:45:21,402002,22.0,2
MV_A5-Weekday-051900_M116_706,M116,d1,7,8:46:49,8:46:49,402003,30.0,2
MV_A5-Weekday-051900_M116_706,M116,d1,8,8:47:59,8:47:59,402004,30.0,2
MV_A5-Weekday-051900_M116_706,M116,d1,9,8:50:00,8:50:00,402005,22.0,3
MV_A5-Weekday-051900_M116_706,M116,d1,10,8:50:52,8:50:52,402006,35.0,3
MV_A5-Weekday-051900_M116_706,M116,d1,11,8:54:00,8:54:00,404274,17.0,2
MV_A5-Weekday-051900_M116_706,M116,d1,12,8:56:24,8:56:24,401078,13.0,1
MV_A5-Weekday-051900_M116_706,M116,d1,13,8:58:00,8:58:00,401079,13.0,1
MV_A5-Weekday-051900_M116_706,M116,d1,14,8:59:26,8:59:26,400482,13.0,1
MV_A5-Weekday-051900_M116_706,M116,d1,15,9:00:18,9:00:18,400483,13.0,1
MV_A5-Weekday-051900_M116_706,M116,d1,16,9:01:49,9:01:49,400484,10.0,1
MV_A5-Weekday-051900_M116_706,M116,d1,17,9:03:04,9:03:04,403392,10.0,1
MV_A5-Weekday-051900_M116_706,M116,d1,18,9:04:07,9:04:07,401084,9.0,1
MV_A5-Weekday-051900_M116_706,M116,d1,19,9:05:01,9:05:01,401085,9.0,1
MV_A5-Weekday-051900_M116_706,M116,d1,20,9:06:00,9:06:00,402016,9.0,1
MV_A5-Weekday-051900_M116_706,M116,d1,21,9:06:41,9:06:41,402017,8.0,1
MV_A5-Weekday-051900_M116_706,M116,d1,22,9:07:00,9:07:00,401977,8.0,1
MV_A5-Weekday-095600_M116_713,M116,d1,1,15:56:00,15:56:00,401998,1.0,1
MV_A5-Weekday-095600_M116_713,M116,d1,2,15:56:37,15:56:37,405315,5.0,3
MV_A5-Weekday-095600_M116_713,M116,d1,3,15:57:00,15:57:00,401999,33.0,3
MV_A5-Weekday-095600_M116_713,M116,d1,4,15:58:26,15:58:26,402000,33.0,3
MV_A5-Weekday-095600_M116_713,M116,d1,5,16:00:58,16:00:58,402001,40.0,3
MV_A5-Weekday-095600_M116_713,M116,d1,6,16:02:21,16:02:21,402002,40.0,3
MV_A5-Weekday-095600_M116_713,M116,d1,7,16:03:49,16:03:49,402003,40.0,3
MV_A5-Weekday-095600_M116_713,M116,d1,8,16:04:59,16:04:59,402004,33.0,3
MV_A5-Weekday-095600_M116_713,M116,d1,9,16:07:00,16:07:00,402005,35.0,3
MV_A5-Weekday-095600_M116_713,M116,d1,10,16:07:52,16:07:52,402006,30.0,4
MV_A5-Weekday-095600_M116_713,M116,d1,11,16:11:00,16:11:00,404274,49.0,4
MV_A5-Weekday-095600_M116_713,M116,d1,12,16:13:24,16:13:24,401078,49.0,4
MV_A5-Weekday-095600_M116_713,M116,d1,13,16:15:00,16:15:00,401079,15.0,1
MV_A5-Weekday-095600_M116_713,M116,d1,14,16:16:26,16:16:26,400482,15.0,1
MV_A5-Weekday-095600_M116_713,M116,d1,15,16:17:18,16:17:18,400483,15.0,1
MV_A5-Weekday-095600_M116_713,M116,d1,16,16:18:49,16:18:49,400484,13.0,1
MV_A5-Weekday-095600_M116_713,M116,d1,17,16:20:04,16:20:04,403392,4.0,1
MV_A5-Weekday-095600_M116_713,M116,d1,18,16:21:07,16:21:07,401084,8.0,1
MV_A5-Weekday-095600_M116_713,M116,d1,19,16:22:01,16:22:01,401085,9.0,1
MV_A5-Weekday-095600_M116_713,M116,d1,20,16:23:00,16:23:00,402016,9.0,1
MV_A5-Weekday-095600_M116_713,M116,d1,21,16:23:41,16:23:41,402017,1.0,1
MV_A5-Weekday-095600_M116_713,M116,d1,22,16:24:00,16:24:00,401977,1.0,1
MV_A5-Weekday-116300_M116_714,M116,d1,1,19:23:00,19:23:00,401998,3.0,1
MV_A5-Weekday-116300_M116_714,M116,d1,2,19:23:37,19:23:37,405315,9.0,1
MV_A5-Weekday-116300_M116_714,M116,d1,3,19:24:00,19:24:00,401999,11.0,1
MV_A5-Weekday-116300_M116_714,M116,d1,4,19:25:09,19:25:09,402000,12.0,1
MV_A5-Weekday-116300_M116_714,M116,d1,5,19:27:10,19:27:10,402001,16.0,1
MV_A5-Weekday-116300_M116_714,M116,d1,6,19:28:17,19:28:17,402002,16.0,2
MV_A5-Weekday-116300_M116_714,M116,d1,7,19:29:27,19:29:27,402003,19.0,2
MV_A5-Weekday-116300_M116_714,M116,d1,8,19:30:23,19:30:23,402004,19.0,2
MV_A5-Weekday-116300_M116_714,M116,d1,9,19:32:00,19:32:00,402005,18.0,2
MV_A5-Weekday-116300_M116_714,M116,d1,10,19:32:39,19:32:39,402006,19.0,2
MV_A5-Weekday-116300_M116_714,M116,d1,11,19:35:00,19:35:00,404274,12.0,1
MV_A5-Weekday-116300_M116_714,M116,d1,12,19:37:24,19:37:24,401078,14.0,1
MV_A5-Weekday-116300_M116_714,M116,d1,13,19:39:00,19:39:00,401079,10.0,1
MV_A5-Weekday-116300_M116_714,M116,d1,14,19:40:15,19:40:15,400482,10.0,1
MV_A5-Weekday-116300_M116_714,M116,d1,15,19:41:01,19:41:01,400483,10.0,1
MV_A5-Weekday-116300_M116_714,M116,d1,16,19:42:20,19:42:20,400484,9.0,1
MV_A5-Weekday-116300_M116_714,M116,d1,17,19:43:26,19:43:26,403392,8.0,1
MV_A5-Weekday-116300_M116_714,M116,d1,18,19:44:21,19:44:21,401084,6.0,1
MV_A5-Weekday-116300_M116_714,M116,d1,19,19:45:08,19:45:08,401085,6.0,1
MV_A5-Weekday-116300_M116_714,M116,d1,20,19:46:00,19:46:00,402016,6.0,1
MV_A5-Weekday-116300_M116_714,M116,d1,21,19:46:41,19:46:41,402017,2.0,1
MV_A5-Weekday-116300_M116_714,M116,d1,22,19:47:00,19:47:00,401977,2.0,1
MV_A5-Weekday-075200_M116_703,M116,d1,1,12:32:00,12:32:00,401998,17.0,2
MV_A5-Weekday-075200_M116_703,M116,d1,2,12:32:37,12:32:37,405315,17.0,3
MV_A5-Weekday-075200_M116_703,M116,d1,3,12:33:00,12:33:00,401999,40.0,3
MV_A5-Weekday-075200_M116_703,M116,d1,4,12:34:26,12:34:26,402000,47.0,3
MV_A5-Weekday-075200_M116_703,M116,d1,5,12:36:58,12:36:58,402001,47.0,3
MV_A5-Weekday-075200_M116_703,M116,d1,6,12:38:21,12:38:21,402002,36.0,3
MV_A5-Weekday-075200_M116_703,M116,d1,7,12:39:49,12:39:49,402003,36.0,3
MV_A5-Weekday-075200_M116_703,M116,d1,8,12:40:59,12:40:59,402004,36.0,3
MV_A5-Weekday-075200_M116_703,M116,d1,9,12:43:00,12:43:00,402005,36.0,3
MV_A5-Weekday-075200_M116_703,M116,d1,10,12:43:52,12:43:52,402006,23.0,2
MV_A5-Weekday-075200_M116_703,M116,d1,11,12:47:00,12:47:00,404274,29.0,2
MV_A5-Weekday-075200_M116_703,M116,d1,12,12:49:24,12:49:24,401078,29.0,2
MV_A5-Weekday-075200_M116_703,M116,d1,13,12:51:00,12:51:00,401079,16.0,1
MV_A5-Weekday-075200_M116_703,M116,d1,14,12:52:26,12:52:26,400482,16.0,1
MV_A5-Weekday-075200_M116_703,M116,d1,15,12:53:18,12:53:18,400483,13.0,2
MV_A5-Weekday-075200_M116_703,M116,d1,16,12:54:49,12:54:49,400484,19.0,2
MV_A5-Weekday-075200_M116_703,M116,d1,17,12:56:04,12:56:04,403392,14.0,1
MV_A5-Weekday-075200_M116_703,M116,d1,18,12:57:07,12:57:07,401084,14.0,1
MV_A5-Weekday-075200_M116_703,M116,d1,19,12:58:01,12:58:01,401085,10.0,1
MV_A5-Weekday-075200_M116_703,M116,d1,20,12:59:00,12:59:00,402016,8.0,1
MV_A5-Weekday-075200_M116_703,M116,d1,21,12:59:41,12:59:41,402017,5.0,1
MV_A5-Weekday-075200_M116_703,M116,d1,22,13:00:00,13:00:00,401977,5.0,1
MV_A5-Weekday-SDon-080200_M116_713,M116,d1,1,13:22:00,13:22:00,401998,30.0,2
MV_A5-Weekday-SDon-080200_M116_713,M116,d1,2,13:22:37,13:22:37,405315,30.0,2
MV_A5-Weekday-SDon-080200_M116_713,M116,d1,3,13:23:00,13:23:00,401999,30.0,3
MV_A5-Weekday-SDon-080200_M116_713,M116,d1,4,13:24:26,13:24:26,402000,37.0,3
MV_A5-Weekday-SDon-080200_M116_713,M116,d1,5,13:26:58,13:26:58,402001,37.0,3
MV_A5-Weekday-SDon-080200_M116_713,M116,d1,6,13:28:21,13:28:21,402002,37.0,3
MV_A5-Weekday-SDon-080200_M116_713,M116,d1,7,13:29:49,13:29:49,402003,37.0,3
MV_A5-Weekday-SDon-080200_M116_713,M116,d1,8,13:30:59,13:30:59,402004,37.0,3
MV_A5-Weekday-SDon-080200_M116_713,M116,d1,9,13:33:00,13:33:00,402005,37.0,3
MV_A5-Weekday-SDon-080200_M116_713,M116,d1,10,13:33:52,13:33:52,402006,37.0,3
MV_A5-Weekday-SDon-080200_M116_713,M116,d1,11,13:37:00,13:37:00,404274,37.0,3
MV_A5-Weekday-SDon-080200_M116_713,M116,d1,12,13:39:24,13:39:24,401078,16.0,2
MV_A5-Weekday-SDon-080200_M116_713,M116,d1,13,13:41:00,13:41:00,401079,19.0,2
MV_A5-Weekday-SDon-080200_M116_713,M116,d1,14,13:42:26,13:42:26,400482,19.0,2
MV_A5-Weekday-SDon-080200_M116_713,M116,d1,15,13:43:18,13:43:18,400483,19.0,2
MV_A5-Weekday-SDon-080200_M116_713,M116,d1,16,13:44:49,13:44:49,400484,21.0,2
MV_A5-Weekday-SDon-080200_M116_713,M116,d1,17,13:46:04,13:46:04,403392,20.0,2
MV_A5-Weekday-SDon-080200_M116_713,M116,d1,18,13:47:07,13:47:07,401084,14.0,1
MV_A5-Weekday-SDon-080200_M116_713,M116,d1,19,13:48:01,13:48:01,401085,14.0,1
MV_A5-Weekday-SDon-080200_M116_713,M116,d1,20,13:49:00,13:49:00,402016,14.0,1
MV_A5-Weekday-SDon-080200_M116_713,M116,d1,21,13:49:41,13:49:41,402017,6.0,1
MV_A5-Weekday-SDon-080200_M116_713,M116,d1,22,13:50:00,13:50:00,401977,6.0,1
MV_A5-Weekday-113300_M116_718,M116,d1,1,18:53:00,18:53:00,401998,3.0,1
MV_A5-Weekday-113300_M116_718,M116,d1,2,18:53:37,18:53:37,405315,9.0,1
MV_A5-Weekday-113300_M116_718,M116,d1,3,18:54:00,18:54:00,401999,9.0,1
MV_A5-Weekday-113300_M116_718,M116,d1,4,18:55:26,18:55:26,402000,9.0,1
MV_A5-Weekday-113300_M116_718,M116,d1,5,18:57:58,18:57:58,402001,15.0,1
MV_A5-Weekday-113300_M116_718,M116,d1,6,18:59:21,18:59:21,402002,15.0,2
MV_A5-Weekday-113300_M116_718,M116,d1,7,19:00:49,19:00:49,402003,31.0,2
MV_A5-Weekday-113300_M116_718,M116,d1,8,19:01:59,19:01:59,402004,17.0,2
MV_A5-Weekday-113300_M116_718,M116,d1,9,19:04:00,19:04:00,402005,11.0,3
MV_A5-Weekday-113300_M116_718,M116,d1,10,19:04:39,19:04:39,402006,34.0,3
MV_A5-Weekday-113300_M116_718,M116,d1,11,19:07:00,19:07:00,404274,19.0,2
MV_A5-Weekday-113300_M116_718,M116,d1,12,19:09:24,19:09:24,401078,8.0,1
MV_A5-Weekday-113300_M116_718,M116,d1,13,19:11:00,19:11:00,401079,13.0,2
MV_A5-Weekday-113300_M116_718,M116,d1,14,19:12:15,19:12:15,400482,23.0,2
MV_A5-Weekday-113300_M116_718,M116,d1,15,19:13:01,19:13:01,400483,18.0,2
MV_A5-Weekday-113300_M116_718,M116,d1,16,19:14:20,19:14:20,400484,14.0,1
MV_A5-Weekday-113300_M116_718,M116,d1,17,19:15:26,19:15:26,403392,14.0,1
MV_A5-Weekday-113300_M116_718,M116,d1,18,19:16:21,19:16:21,401084,14.0,1
MV_A5-Weekday-113300_M116_718,M116,d1,19,19:17:08,19:17:08,401085,6.0,1
MV_A5-Weekday-113300_M116_718,M116,d1,20,19:18:00,19:18:00,402016,15.0,1
MV_A5-Weekday-113300_M116_718,M116,d1,21,19:18:41,19:18:41,402017,3.0,1
MV_A5-Weekday-113300_M116_718,M116,d1,22,19:19:00,19:19:00,401977,3.0,1
MV_A5-Weekday-SDon-099500_M116_711,M116,d1,1,16:35:00,16:35:00,404135,26.0,2
MV_A5-Weekday-SDon-099500_M116_711,M116,d1,2,16:36:23,16:36:23,401305,1.0,2
MV_A5-Weekday-SDon-099500_M116_711,M116,d1,3,16:37:10,16:37:10,401306,14.0,1
MV_A5-Weekday-SDon-099500_M116_711,M116,d1,4,16:38:27,16:38:27,401307,14.0,1
MV_A5-Weekday-SDon-099500_M116_711,M116,d1,5,16:39:30,16:39:30,401308,2.0,1
MV_A5-Weekday-SDon-099500_M116_711,M116,d1,6,16:41:32,16:41:32,404824,2.0,1
MV_A5-Weekday-SDon-099500_M116_711,M116,d1,7,16:42:55,16:42:55,401310,2.0,1
MV_A5-Weekday-SDon-099500_M116_711,M116,d1,8,16:44:46,16:44:46,401311,2.0,1
MV_A5-Weekday-SDon-099500_M116_711,M116,d1,9,16:46:00,16:46:00,401312,2.0,1
MV_A5-Weekday-SDon-099500_M116_711,M116,d1,10,16:47:14,16:47:14,401313,2.0,1
MV_A5-Weekday-SDon-099500_M116_711,M116,d1,11,16:49:12,16:49:12,401314,1.0,1
MV_A5-Weekday-SDon-099500_M116_711,M116,d1,12,16:50:28,16:50:28,401315,15.0,1
MV_A5-Weekday-SDon-099500_M116_711,M116,d1,13,16:52:33,16:52:33,401317,15.0,1
MV_A5-Weekday-SDon-099500_M116_711,M116,d1,14,16:53:29,16:53:29,403276,15.0,1
MV_A5-Weekday-SDon-099500_M116_711,M116,d1,15,16:55:00,16:55:00,401318,15.0,2
MV_A5-Weekday-SDon-099500_M116_711,M116,d1,16,16:57:46,16:57:46,405289,20.0,2
MV_A5-Weekday-SDon-099500_M116_711,M116,d1,17,16:59:08,16:59:08,404245,20.0,2
MV_A5-Weekday-SDon-099500_M116_711,M116,d1,18,17:01:00,17:01:00,404915,20.0,2
MV_A5-Weekday-SDon-099500_M116_711,M116,d1,19,17:01:50,17:01:50,405247,12.0,1
MV_A5-Weekday-SDon-099500_M116_711,M116,d1,20,17:03:12,17:03:12,401324,12.0,1
MV_A5-Weekday-SDon-099500_M116_711,M116,d1,21,17:05:37,17:05:37,401326,4.0,1
MV_A5-Weekday-SDon-099500_M116_711,M116,d1,22,17:06:40,17:06:40,401327,7.0,1
MV_A5-Weekday-SDon-099500_M116_711,M116,d1,23,17:07:55,17:07:55,401328,16.0,1
MV_A5-Weekday-SDon-099500_M116_711,M116,d1,24,17:09:01,17:09:01,401329,16.0,1
MV_A5-Weekday-SDon-099500_M116_711,M116,d1,25,17:10:10,17:10:10,401330,10.0,1
MV_A5-Weekday-SDon-099500_M116_711,M116,d1,26,17:11:39,17:11:39,401331,14.0,1
MV_A5-Weekday-SDon-099500_M116_711,M116,d1,27,17:13:33,17:13:33,401333,13.0,1
MV_A5-Weekday-SDon-099500_M116_711,M116,d1,28,17:14:37,17:14:37,401334,15.0,1
MV_A5-Weekday-SDon-099500_M116_711,M116,d1,29,17:15:44,17:15:44,401335,15.0,2
MV_A5-Weekday-SDon-099500_M116_711,M116,d1,30,17:16:40,17:16:40,401336,17.0,2
MV_A5-Weekday-SDon-099500_M116_711,M116,d1,31,17:18:00,17:18:00,401337,17.0,2
MV_A5-Weekday-SDon-099500_M116_711,M116,d1,32,17:19:09,17:19:09,401338,17.0,2
MV_A5-Weekday-SDon-099500_M116_711,M116,d1,33,17:20:46,17:20:46,401339,17.0,2
MV_A5-Weekday-SDon-099500_M116_711,M116,d1,34,17:21:59,17:21:59,404136,16.0,1
MV_A5-Weekday-SDon-099500_M116_711,M116,d1,35,17:23:06,17:23:06,401341,16.0,1
MV_A5-Weekday-SDon-099500_M116_711,M116,d1,36,17:24:50,17:24:50,401342,16.0,1
MV_A5-Weekday-SDon-099500_M116_711,M116,d1,37,17:26:03,17:26:03,401343,16.0,1
MV_A5-Weekday-SDon-099500_M116_711,M116,d1,38,17:27:14,17:27:14,401344,14.0,1
MV_A5-Weekday-SDon-099500_M116_711,M116,d1,39,17:28:22,17:28:22,401345,11.0,1
MV_A5-Weekday-SDon-099500_M116_711,M116,d1,40,17:29:29,17:29:29,404987,11.0,1
MV_A5-Weekday-SDon-099500_M116_711,M116,d1,41,17:30:36,17:30:36,404988,6.0,1
MV_A5-Weekday-SDon-099500_M116_711,M116,d1,42,17:33:00,17:33:00,401348,6.0,1
MV_A5-Weekday-SDon-099500_M116_711,M116,d1,43,17:33:35,17:33:35,400860,10.0,1
MV_A5-Weekday-SDon-099500_M116_711,M116,d1,44,17:34:20,17:34:20,400861,6.0,1
MV_A5-Weekday-SDon-099500_M116_711,M116,d1,45,17:35:00,17:35:00,405376,6.0,1
MV_A5-Weekday-059200_M116_710,M116,d1,1,9:52:00,9:52:00,401998,2.0,1
MV_A5-Weekday-059200_M116_710,M116,d1,2,9:52:37,9:52:37,405315,14.0,1
MV_A5-Weekday-059200_M116_710,M116,d1,3,9:53:00,9:53:00,401999,14.0,1
MV_A5-Weekday-059200_M116_710,M116,d1,4,9:54:26,9:54:26,402000,8.0,1
MV_A5-Weekday-059200_M116_710,M116,d1,5,9:56:58,9:56:58,402001,16.0,2
MV_A5-Weekday-059200_M116_710,M116,d1,6,9:58:21,9:58:21,402002,27.0,2
MV_A5-Weekday-059200_M116_710,M116,d1,7,9:59:49,9:59:49,402003,31.0,2
MV_A5-Weekday-059200_M116_710,M116,d1,8,10:00:59,10:00:59,402004,31.0,3
MV_A5-Weekday-059200_M116_710,M116,d1,9,10:03:00,10:03:00,402005,36.0,3
MV_A5-Weekday-059200_M116_710,M116,d1,10,10:03:52,10:03:52,402006,30.0,2
MV_A5-Weekday-059200_M116_710,M116,d1,11,10:07:00,10:07:00,404274,23.0,2
MV_A5-Weekday-059200_M116_710,M116,d1,12,10:09:24,10:09:24,401078,3.0,1
MV_A5-Weekday-059200_M116_710,M116,d1,13,10:11:00,10:11:00,401079,3.0,1
MV_A5-Weekday-059200_M116_710,M116,d1,14,10:12:26,10:12:26,400482,7.0,1
MV_A5-Weekday-059200_M116_710,M116,d1,15,10:13:18,10:13:18,400483,7.0,1
MV_A5-Weekday-059200_M116_710,M116,d1,16,10:14:49,10:14:49,400484,1.0,1
MV_A5-Weekday-059200_M116_710,M116,d1,17,10:16:04,10:16:04,403392,8.0,1
MV_A5-Weekday-059200_M116_710,M116,d1,18,10:17:07,10:17:07,401084,7.0,1
MV_A5-Weekday-059200_M116_710,M116,d1,19,10:18:01,10:18:01,401085,6.0,1
MV_A5-Weekday-059200_M116_710,M116,d1,20,10:19:00,10:19:00,402016,6.0,1
MV_A5-Weekday-059200_M116_710,M116,d1,21,10:19:41,10:19:41,402017,5.0,1
MV_A5-Weekday-059200_M116_710,M116,d1,22,10:20:00,10:20:00,401977,5.0,1
MV_A5-Weekday-SDon-097100_M116_716,M116,d1,1,16:11:00,16:11:00,401998,2.0,2
MV_A5-Weekday-SDon-097100_M116_716,M116,d1,2,16:11:37,16:11:37,405315,22.0,3
MV_A5-Weekday-SDon-097100_M116_716,M116,d1,3,16:12:00,16:12:00,401999,37.0,3
MV_A5-Weekday-SDon-097100_M116_716,M116,d1,4,16:13:26,16:13:26,402000,38.0,3
MV_A5-Weekday-SDon-097100_M116_716,M116,d1,5,16:15:58,16:15:58,402001,37.0,3
MV_A5-Weekday-SDon-097100_M116_716,M116,d1,6,16:17:21,16:17:21,402002,34.0,4
MV_A5-Weekday-SDon-097100_M116_716,M116,d1,7,16:18:49,16:18:49,402003,54.0,4
MV_A5-Weekday-SDon-097100_M116_716,M116,d1,8,16:19:59,16:19:59,402004,50.0,4
MV_A5-Weekday-SDon-097100_M116_716,M116,d1,9,16:22:00,16:22:00,402005,56.0,4
MV_A5-Weekday-SDon-097100_M116_716,M116,d1,10,16:22:52,16:22:52,402006,33.0,3
MV_A5-Weekday-SDon-097100_M116_716,M116,d1,11,16:26:00,16:26:00,404274,36.0,3
MV_A5-Weekday-SDon-097100_M116_716,M116,d1,12,16:28:24,16:28:24,401078,34.0,3
MV_A5-Weekday-SDon-097100_M116_716,M116,d1,13,16:30:00,16:30:00,401079,15.0,1
MV_A5-Weekday-SDon-097100_M116_716,M116,d1,14,16:31:26,16:31:26,400482,16.0,1
MV_A5-Weekday-SDon-097100_M116_716,M116,d1,15,16:32:18,16:32:18,400483,12.0,1
MV_A5-Weekday-SDon-097100_M116_716,M116,d1,16,16:33:49,16:33:49,400484,13.0,1
MV_A5-Weekday-SDon-097100_M116_716,M116,d1,17,16:35:04,16:35:04,403392,13.0,1
MV_A5-Weekday-SDon-097100_M116_716,M116,d1,18,16:36:07,16:36:07,401084,11.0,1
MV_A5-Weekday-SDon-097100_M116_716,M116,d1,19,16:37:01,16:37:01,401085,10.0,1
MV_A5-Weekday-SDon-097100_M116_716,M116,d1,20,16:38:00,16:38:00,402016,10.0,1
MV_A5-Weekday-SDon-097100_M116_716,M116,d1,21,16:38:41,16:38:41,402017,7.0,1
MV_A5-Weekday-SDon-097100_M116_716,M116,d1,22,16:39:00,16:39:00,401977,7.0,1
MV_A5-Weekday-116500_M116_712,M116,d1,1,19:25:00,19:25:00,404135,6.0,1
MV_A5-Weekday-116500_M116_712,M116,d1,2,19:26:11,19:26:11,401305,6.0,1
MV_A5-Weekday-116500_M116_712,M116,d1,3,19:26:51,19:26:51,401306,5.0,1
MV_A5-Weekday-116500_M116_712,M116,d1,4,19:27:56,19:27:56,401307,5.0,1
MV_A5-Weekday-116500_M116_712,M116,d1,5,19:28:49,19:28:49,401308,5.0,1
MV_A5-Weekday-116500_M116_712,M116,d1,6,19:30:33,19:30:33,404824,6.0,1
MV_A5-Weekday-116500_M116_712,M116,d1,7,19:31:44,19:31:44,401310,13.0,1
MV_A5-Weekday-116500_M116_712,M116,d1,8,19:33:18,19:33:18,401311,11.0,1
MV_A5-Weekday-116500_M116_712,M116,d1,9,19:34:21,19:34:21,401312,11.0,1
MV_A5-Weekday-116500_M116_712,M116,d1,10,19:35:24,19:35:24,401313,11.0,1
MV_A5-Weekday-116500_M116_712,M116,d1,11,19:37:04,19:37:04,401314,12.0,1
MV_A5-Weekday-116500_M116_712,M116,d1,12,19:38:09,19:38:09,401315,11.0,1
MV_A5-Weekday-116500_M116_712,M116,d1,13,19:39:55,19:39:55,401317,11.0,1
MV_A5-Weekday-116500_M116_712,M116,d1,14,19:40:43,19:40:43,403276,10.0,1
MV_A5-Weekday-116500_M116_712,M116,d1,15,19:42:00,19:42:00,401318,11.0,1
MV_A5-Weekday-116500_M116_712,M116,d1,16,19:44:18,19:44:18,405289,12.0,1
MV_A5-Weekday-116500_M116_712,M116,d1,17,19:45:26,19:45:26,404245,12.0,1
MV_A5-Weekday-116500_M116_712,M116,d1,18,19:47:00,19:47:00,404915,12.0,1
MV_A5-Weekday-116500_M116_712,M116,d1,19,19:47:42,19:47:42,405247,8.0,1
MV_A5-Weekday-116500_M116_712,M116,d1,20,19:48:49,19:48:49,401324,6.0,1
MV_A5-Weekday-116500_M116_712,M116,d1,21,19:50:48,19:50:48,401326,6.0,1
MV_A5-Weekday-116500_M116_712,M116,d1,22,19:51:40,19:51:40,401327,6.0,1
MV_A5-Weekday-116500_M116_712,M116,d1,23,19:52:42,19:52:42,401328,4.0,1
MV_A5-Weekday-116500_M116_712,M116,d1,24,19:53:36,19:53:36,401329,1.0,1
MV_A5-Weekday-116500_M116_712,M116,d1,25,19:54:33,19:54:33,401330,2.0,1
MV_A5-Weekday-116500_M116_712,M116,d1,26,19:55:46,19:55:46,401331,1.0,1
MV_A5-Weekday-116500_M116_712,M116,d1,27,19:57:20,19:57:20,401333,2.0,1
MV_A5-Weekday-116500_M116_712,M116,d1,28,19:58:13,19:58:13,401334,1.0,1
MV_A5-Weekday-116500_M116_712,M116,d1,29,19:59:08,19:59:08,401335,2.0,1
MV_A5-Weekday-116500_M116_712,M116,d1,30,19:59:54,19:59:54,401336,2.0,1
MV_A5-Weekday-116500_M116_712,M116,d1,31,20:01:00,20:01:00,401337,1.0,1
MV_A5-Weekday-116500_M116_712,M116,d1,32,20:01:46,20:01:46,401338,2.0,1
MV_A5-Weekday-116500_M116_712,M116,d1,33,20:02:51,20:02:51,401339,2.0,1
MV_A5-Weekday-116500_M116_712,M116,d1,34,20:03:39,20:03:39,404136,2.0,1
MV_A5-Weekday-116500_M116_712,M116,d1,35,20:04:24,20:04:24,401341,1.0,1
MV_A5-Weekday-116500_M116_712,M116,d1,36,20:05:33,20:05:33,401342,2.0,1
MV_A5-Weekday-116500_M116_712,M116,d1,37,20:06:22,20:06:22,401343,2.0,1
MV_A5-Weekday-116500_M116_712,M116,d1,38,20:07:09,20:07:09,401344,2.0,1
MV_A5-Weekday-116500_M116_712,M116,d1,39,20:07:54,20:07:54,401345,2.0,1
MV_A5-Weekday-116500_M116_712,M116,d1,40,20:08:40,20:08:40,404987,2.0,1
MV_A5-Weekday-116500_M116_712,M116,d1,41,20:09:24,20:09:24,404988,1.0,1
MV_A5-Weekday-116500_M116_712,M116,d1,42,20:11:00,20:11:00,401348,1.0,1
MV_A5-Weekday-116500_M116_712,M116,d1,43,20:11:35,20:11:35,400860,1.0,1
MV_A5-Weekday-116500_M116_712,M116,d1,44,20:12:20,20:12:20,400861,1.0,1
MV_A5-Weekday-116500_M116_712,M116,d1,45,20:13:00,20:13:00,405376,1.0,1
MV_A5-Weekday-065600_M116_701,M116,d1,1,10:56:00,10:56:00,404135,8.0,2
MV_A5-Weekday-065600_M116_701,M116,d1,2,10:57:19,10:57:19,401305,19.0,2
MV_A5-Weekday-065600_M116_701,M116,d1,3,10:58:04,10:58:04,401306,25.0,2
MV_A5-Weekday-065600_M116_701,M116,d1,4,10:59:17,10:59:17,401307,27.0,2
MV_A5-Weekday-065600_M116_701,M116,d1,5,11:00:16,11:00:16,401308,27.0,2
MV_A5-Weekday-065600_M116_701,M116,d1,6,11:02:13,11:02:13,404824,18.0,2
MV_A5-Weekday-065600_M116_701,M116,d1,7,11:03:32,11:03:32,401310,20.0,2
MV_A5-Weekday-065600_M116_701,M116,d1,8,11:05:17,11:05:17,401311,22.0,2
MV_A5-Weekday-065600_M116_701,M116,d1,9,11:06:27,11:06:27,401312,19.0,2
MV_A5-Weekday-065600_M116_701,M116,d1,10,11:07:37,11:07:37,401313,21.0,2
MV_A5-Weekday-065600_M116_701,M116,d1,11,11:09:29,11:09:29,401314,16.0,1
MV_A5-Weekday-065600_M116_701,M116,d1,12,11:10:42,11:10:42,401315,16.0,1
MV_A5-Weekday-065600_M116_701,M116,d1,13,11:12:40,11:12:40,401317,16.0,1
MV_A5-Weekday-065600_M116_701,M116,d1,14,11:13:33,11:13:33,403276,11.0,1
MV_A5-Weekday-065600_M116_701,M116,d1,15,11:15:00,11:15:00,401318,9.0,1
MV_A5-Weekday-065600_M116_701,M116,d1,16,11:17:18,11:17:18,405289,11.0,1
MV_A5-Weekday-065600_M116_701,M116,d1,17,11:18:26,11:18:26,404245,9.0,1
MV_A5-Weekday-065600_M116_701,M116,d1,18,11:20:00,11:20:00,404915,9.0,1
MV_A5-Weekday-065600_M116_701,M116,d1,19,11:20:50,11:20:50,405247,7.0,1
MV_A5-Weekday-065600_M116_701,M116,d1,20,11:22:12,11:22:12,401324,11.0,1
MV_A5-Weekday-065600_M116_701,M116,d1,21,11:24:37,11:24:37,401326,11.0,1
MV_A5-Weekday-065600_M116_701,M116,d1,22,11:25:40,11:25:40,401327,10.0,1
MV_A5-Weekday-065600_M116_701,M116,d1,23,11:26:55,11:26:55,401328,5.0,1
MV_A5-Weekday-065600_M116_701,M116,d1,24,11:28:01,11:28:01,401329,11.0,1
MV_A5-Weekday-065600_M116_701,M116,d1,25,11:29:10,11:29:10,401330,6.0,1
MV_A5-Weekday-065600_M116_701,M116,d1,26,11:30:39,11:30:39,401331,10.0,1
MV_A5-Weekday-065600_M116_701,M116,d1,27,11:32:33,11:32:33,401333,10.0,1
MV_A5-Weekday-065600_M116_701,M116,d1,28,11:33:37,11:33:37,401334,10.0,1
MV_A5-Weekday-065600_M116_701,M116,d1,29,11:34:44,11:34:44,401335,10.0,1
MV_A5-Weekday-065600_M116_701,M116,d1,30,11:35:40,11:35:40,401336,10.0,1
MV_A5-Weekday-065600_M116_701,M116,d1,31,11:37:00,11:37:00,401337,3.0,1
MV_A5-Weekday-065600_M116_701,M116,d1,32,11:38:05,11:38:05,401338,12.0,1
MV_A5-Weekday-065600_M116_701,M116,d1,33,11:39:35,11:39:35,401339,12.0,1
MV_A5-Weekday-065600_M116_701,M116,d1,34,11:40:43,11:40:43,404136,2.0,1
MV_A5-Weekday-065600_M116_701,M116,d1,35,11:41:45,11:41:45,401341,11.0,1
MV_A5-Weekday-065600_M116_701,M116,d1,36,11:43:23,11:43:23,401342,11.0,1
MV_A5-Weekday-065600_M116_701,M116,d1,37,11:44:31,11:44:31,401343,9.0,1
MV_A5-Weekday-065600_M116_701,M116,d1,38,11:45:37,11:45:37,401344,9.0,1
MV_A5-Weekday-065600_M116_701,M116,d1,39,11:46:40,11:46:40,401345,1.0,1
MV_A5-Weekday-065600_M116_701,M116,d1,40,11:47:43,11:47:43,404987,7.0,1
MV_A5-Weekday-065600_M116_701,M116,d1,41,11:48:46,11:48:46,404988,6.0,1
MV_A5-Weekday-065600_M116_701,M116,d1,42,11:51:00,11:51:00,401348,6.0,1
MV_A5-Weekday-065600_M116_701,M116,d1,43,11:51:35,11:51:35,400860,2.0,1
MV_A5-Weekday-065600_M116_701,M116,d1,44,11:52:20,11:52:20,400861,2.0,1
MV_A5-Weekday-065600_M116_701,M116,d1,45,11:53:00,11:53:00,405376,2.0,1
MV_A5-Weekday-106000_M116_715,M116,d1,1,17:40:00,17:40:00,401998,31.0,2
MV_A5-Weekday-106000_M116_715,M116,d1,2,17:40:37,17:40:37,405315,31.0,2
MV_A5-Weekday-106000_M116_715,M116,d1,3,17:41:00,17:41:00,401999,31.0,2
MV_A5-Weekday-106000_M116_715,M116,d1,4,17:42:26,17:42:26,402000,31.0,2
MV_A5-Weekday-106000_M116_715,M116,d1,5,17:44:58,17:44:58,402001,31.0,2
MV_A5-Weekday-106000_M116_715,M116,d1,6,17:46:21,17:46:21,402002,32.0,2
MV_A5-Weekday-106000_M116_715,M116,d1,7,17:47:49,17:47:49,402003,32.0,2
MV_A5-Weekday-106000_M116_715,M116,d1,8,17:48:59,17:48:59,402004,31.0,2
MV_A5-Weekday-106000_M116_715,M116,d1,9,17:51:00,17:51:00,402005,31.0,2
MV_A5-Weekday-106000_M116_715,M116,d1,10,17:51:52,17:51:52,402006,27.0,2
MV_A5-Weekday-106000_M116_715,M116,d1,11,17:55:00,17:55:00,404274,26.0,2
MV_A5-Weekday-106000_M116_715,M116,d1,12,17:57:24,17:57:24,401078,26.0,2
MV_A5-Weekday-106000_M116_715,M116,d1,13,17:59:00,17:59:00,401079,26.0,2
MV_A5-Weekday-106000_M116_715,M116,d1,14,18:00:26,18:00:26,400482,10.0,1
MV_A5-Weekday-106000_M116_715,M116,d1,15,18:01:18,18:01:18,400483,10.0,1
MV_A5-Weekday-106000_M116_715,M116,d1,16,18:02:49,18:02:49,400484,10.0,1
MV_A5-Weekday-106000_M116_715,M116,d1,17,18:04:04,18:04:04,403392,1.0,1
MV_A5-Weekday-106000_M116_715,M116,d1,18,18:05:07,18:05:07,401084,8.0,1
MV_A5-Weekday-106000_M116_715,M116,d1,19,18:06:01,18:06:01,401085,8.0,1
MV_A5-Weekday-106000_M116_715,M116,d1,20,18:07:00,18:07:00,402016,6.0,1
MV_A5-Weekday-106000_M116_715,M116,d1,21,18:07:41,18:07:41,402017,6.0,1
MV_A5-Weekday-106000_M116_715,M116,d1,22,18:08:00,18:08:00,401977,6.0,1
MV_A5-Weekday-042000_M116_X01,M116,d1,1,7:00:00,7:00:00,401998,13.0,1
MV_A5-Weekday-042000_M116_X01,M116,d1,2,7:00:37,7:00:37,405315,13.0,1
MV_A5-Weekday-042000_M116_X01,M116,d1,3,7:01:00,7:01:00,401999,13.0,1
MV_A5-Weekday-042000_M116_X01,M116,d1,4,7:02:09,7:02:09,402000,16.0,2
MV_A5-Weekday-042000_M116_X01,M116,d1,5,7:04:10,7:04:10,402001,20.0,2
MV_A5-Weekday-042000_M116_X01,M116,d1,6,7:05:17,7:05:17,402002,20.0,2
MV_A5-Weekday-042000_M116_X01,M116,d1,7,7:06:27,7:06:27,402003,20.0,2
MV_A5-Weekday-042000_M116_X01,M116,d1,8,7:07:23,7:07:23,402004,20.0,2
MV_A5-Weekday-042000_M116_X01,M116,d1,9,7:09:00,7:09:00,402005,20.0,2
MV_A5-Weekday-042000_M116_X01,M116,d1,10,7:09:39,7:09:39,402006,20.0,2
MV_A5-Weekday-042000_M116_X01,M116,d1,11,7:12:00,7:12:00,404274,11.0,1
MV_A5-Weekday-042000_M116_X01,M116,d1,12,7:13:48,7:13:48,401078,11.0,1
MV_A5-Weekday-042000_M116_X01,M116,d1,13,7:15:00,7:15:00,401079,11.0,1
MV_A5-Weekday-042000_M116_X01,M116,d1,14,7:16:26,7:16:26,400482,11.0,1
MV_A5-Weekday-042000_M116_X01,M116,d1,15,7:17:18,7:17:18,400483,11.0,1
MV_A5-Weekday-042000_M116_X01,M116,d1,16,7:18:49,7:18:49,400484,6.0,1
MV_A5-Weekday-042000_M116_X01,M116,d1,17,7:20:04,7:20:04,403392,6.0,1
MV_A5-Weekday-042000_M116_X01,M116,d1,18,7:21:07,7:21:07,401084,6.0,1
MV_A5-Weekday-042000_M116_X01,M116,d1,19,7:22:01,7:22:01,401085,5.0,1
MV_A5-Weekday-042000_M116_X01,M116,d1,20,7:23:00,7:23:00,402016,5.0,1
MV_A5-Weekday-042000_M116_X01,M116,d1,21,7:23:41,7:23:41,402017,1.0,1
MV_A5-Weekday-042000_M116_X01,M116,d1,22,7:24:00,7:24:00,401977,1.0,1
MV_A5-Weekday-SDon-109900_M116_709,M116,d1,1,18:19:00,18:19:00,401998,4.0,1
MV_A5-Weekday-SDon-109900_M116_709,M116,d1,2,18:19:37,18:19:37,405315,11.0,1
MV_A5-Weekday-SDon-109900_M116_709,M116,d1,3,18:20:00,18:20:00,401999,11.0,3
MV_A5-Weekday-SDon-109900_M116_709,M116,d1,4,18:21:26,18:21:26,402000,36.0,3
MV_A5-Weekday-SDon-109900_M116_709,M116,d1,5,18:23:58,18:23:58,402001,41.0,3
MV_A5-Weekday-SDon-109900_M116_709,M116,d1,6,18:25:21,18:25:21,402002,41.0,3
MV_A5-Weekday-SDon-109900_M116_709,M116,d1,7,18:26:49,18:26:49,402003,23.0,3
MV_A5-Weekday-SDon-109900_M116_709,M116,d1,8,18:27:59,18:27:59,402004,44.0,3
MV_A5-Weekday-SDon-109900_M116_709,M116,d1,9,18:30:00,18:30:00,402005,44.0,3
MV_A5-Weekday-SDon-109900_M116_709,M116,d1,10,18:30:52,18:30:52,402006,44.0,3
MV_A5-Weekday-SDon-109900_M116_709,M116,d1,11,18:34:00,18:34:00,404274,44.0,3
MV_A5-Weekday-SDon-109900_M116_709,M116,d1,12,18:36:24,18:36:24,401078,16.0,1
MV_A5-Weekday-SDon-109900_M116_709,M116,d1,13,18:38:00,18:38:00,401079,8.0,2
MV_A5-Weekday-SDon-109900_M116_709,M116,d1,14,18:39:26,18:39:26,400482,23.0,2
MV_A5-Weekday-SDon-109900_M116_709,M116,d1,15,18:40:18,18:40:18,400483,4.0,1
MV_A5-Weekday-SDon-109900_M116_709,M116,d1,16,18:41:49,18:41:49,400484,7.0,2
MV_A5-Weekday-SDon-109900_M116_709,M116,d1,17,18:43:04,18:43:04,403392,18.0,2
MV_A5-Weekday-SDon-109900_M116_709,M116,d1,18,18:44:07,18:44:07,401084,6.0,1
MV_A5-Weekday-SDon-109900_M116_709,M116,d1,19,18:45:01,18:45:01,401085,1.0,1
MV_A5-Weekday-SDon-109900_M116_709,M116,d1,20,18:46:00,18:46:00,402016,12.0,1
MV_A5-Weekday-SDon-109900_M116_709,M116,d1,21,18:46:41,18:46:41,402017,12.0,1
MV_A5-Weekday-SDon-109900_M116_709,M116,d1,22,18:47:00,18:47:00,401977,12.0,1
MV_A5-Weekday-SDon-066200_M116_702,M116,d1,1,11:02:00,11:02:00,401998,12.0,2
MV_A5-Weekday-SDon-066200_M116_702,M116,d1,2,11:02:37,11:02:37,405315,25.0,2
MV_A5-Weekday-SDon-066200_M116_702,M116,d1,3,11:03:00,11:03:00,401999,28.0,3
MV_A5-Weekday-SDon-066200_M116_702,M116,d1,4,11:04:26,11:04:26,402000,36.0,3
MV_A5-Weekday-SDon-066200_M116_702,M116,d1,5,11:06:58,11:06:58,402001,36.0,3
MV_A5-Weekday-SDon-066200_M116_702,M116,d1,6,11:08:21,11:08:21,402002,36.0,3
MV_A5-Weekday-SDon-066200_M116_702,M116,d1,7,11:09:49,11:09:49,402003,37.0,3
MV_A5-Weekday-SDon-066200_M116_702,M116,d1,8,11:10:59,11:10:59,402004,38.0,3
MV_A5-Weekday-SDon-066200_M116_702,M116,d1,9,11:13:00,11:13:00,402005,39.0,3
MV_A5-Weekday-SDon-066200_M116_702,M116,d1,10,11:13:52,11:13:52,402006,40.0,3
MV_A5-Weekday-SDon-066200_M116_702,M116,d1,11,11:17:00,11:17:00,404274,26.0,2
MV_A5-Weekday-SDon-066200_M116_702,M116,d1,12,11:19:24,11:19:24,401078,27.0,2
MV_A5-Weekday-SDon-066200_M116_702,M116,d1,13,11:21:00,11:21:00,401079,18.0,2
MV_A5-Weekday-SDon-066200_M116_702,M116,d1,14,11:22:26,11:22:26,400482,9.0,1
MV_A5-Weekday-SDon-066200_M116_702,M116,d1,15,11:23:18,11:23:18,400483,16.0,1
MV_A5-Weekday-SDon-066200_M116_702,M116,d1,16,11:24:49,11:24:49,400484,16.0,1
MV_A5-Weekday-SDon-066200_M116_702,M116,d1,17,11:26:04,11:26:04,403392,12.0,1
MV_A5-Weekday-SDon-066200_M116_702,M116,d1,18,11:27:07,11:27:07,401084,12.0,1
MV_A5-Weekday-SDon-066200_M116_702,M116,d1,19,11:28:01,11:28:01,401085,7.0,1
MV_A5-Weekday-SDon-066200_M116_702,M116,d1,20,11:29:00,11:29:00,402016,5.0,1
MV_A5-Weekday-SDon-066200_M116_702,M116,d1,21,11:29:41,11:29:41,402017,10.0,1
MV_A5-Weekday-SDon-066200_M116_702,M116,d1,22,11:30:00,11:30:00,401977,10.0,1
MV_A5-Weekday-SDon-078200_M116_705,M116,d1,1,13:02:00,13:02:00,401998,28.0,2
MV_A5-Weekday-SDon-078200_M116_705,M116,d1,2,13:02:37,13:02:37,405315,28.0,2
MV_A5-Weekday-SDon-078200_M116_705,M116,d1,3,13:03:00,13:03:00,401999,28.0,3
MV_A5-Weekday-SDon-078200_M116_705,M116,d1,4,13:04:26,13:04:26,402000,36.0,3
MV_A5-Weekday-SDon-078200_M116_705,M116,d1,5,13:06:58,13:06:58,402001,17.0,3
MV_A5-Weekday-SDon-078200_M116_705,M116,d1,6,13:08:21,13:08:21,402002,35.0,3
MV_A5-Weekday-SDon-078200_M116_705,M116,d1,7,13:09:49,13:09:49,402003,35.0,3
MV_A5-Weekday-SDon-078200_M116_705,M116,d1,8,13:10:59,13:10:59,402004,21.0,3
MV_A5-Weekday-SDon-078200_M116_705,M116,d1,9,13:13:00,13:13:00,402005,43.0,3
MV_A5-Weekday-SDon-078200_M116_705,M116,d1,10,13:13:52,13:13:52,402006,34.0,3
MV_A5-Weekday-SDon-078200_M116_705,M116,d1,11,13:17:00,13:17:00,404274,43.0,3
MV_A5-Weekday-SDon-078200_M116_705,M116,d1,12,13:19:24,13:19:24,401078,23.0,2
MV_A5-Weekday-SDon-078200_M116_705,M116,d1,13,13:21:00,13:21:00,401079,27.0,2
MV_A5-Weekday-SDon-078200_M116_705,M116,d1,14,13:22:26,13:22:26,400482,27.0,2
MV_A5-Weekday-SDon-078200_M116_705,M116,d1,15,13:23:18,13:23:18,400483,27.0,2
MV_A5-Weekday-SDon-078200_M116_705,M116,d1,16,13:24:49,13:24:49,400484,21.0,2
MV_A5-Weekday-SDon-078200_M116_705,M116,d1,17,13:26:04,13:26:04,403392,8.0,1
MV_A5-Weekday-SDon-078200_M116_705,M116,d1,18,13:27:07,13:27:07,401084,8.0,1
MV_A5-Weekday-SDon-078200_M116_705,M116,d1,19,13:28:01,13:28:01,401085,8.0,1
MV_A5-Weekday-SDon-078200_M116_705,M116,d1,20,13:29:00,13:29:00,402016,8.0,1
MV_A5-Weekday-SDon-078200_M116_705,M116,d1,21,13:29:41,13:29:41,402017,8.0,1
MV_A5-Weekday-SDon-078200_M116_705,M116,d1,22,13:30:00,13:30:00,401977,8.0,1
MV_A5-Weekday-SDon-092800_M116_709,M116,d1,1,15:28:00,15:28:00,401998,8.0,1
MV_A5-Weekday-SDon-092800_M116_709,M116,d1,2,15:28:37,15:28:37,405315,10.0,2
MV_A5-Weekday-SDon-092800_M116_709,M116,d1,3,15:29:00,15:29:00,401999,22.0,4
MV_A5-Weekday-SDon-092800_M116_709,M116,d1,4,15:30:26,15:30:26,402000,50.0,4
MV_A5-Weekday-SDon-092800_M116_709,M116,d1,5,15:32:58,15:32:58,402001,58.0,4
MV_A5-Weekday-SDon-092800_M116_709,M116,d1,6,15:34:21,15:34:21,402002,58.0,4
MV_A5-Weekday-SDon-092800_M116_709,M116,d1,7,15:35:49,15:35:49,402003,50.0,4
MV_A5-Weekday-SDon-092800_M116_709,M116,d1,8,15:36:59,15:36:59,402004,51.0,4
MV_A5-Weekday-SDon-092800_M116_709,M116,d1,9,15:39:00,15:39:00,402005,35.0,3
MV_A5-Weekday-SDon-092800_M116_709,M116,d1,10,15:39:52,15:39:52,402006,28.0,2
MV_A5-Weekday-SDon-092800_M116_709,M116,d1,11,15:43:00,15:43:00,404274,28.0,2
MV_A5-Weekday-SDon-092800_M116_709,M116,d1,12,15:45:24,15:45:24,401078,12.0,1
MV_A5-Weekday-SDon-092800_M116_709,M116,d1,13,15:47:00,15:47:00,401079,14.0,1
MV_A5-Weekday-SDon-092800_M116_709,M116,d1,14,15:48:26,15:48:26,400482,8.0,1
MV_A5-Weekday-SDon-092800_M116_709,M116,d1,15,15:49:18,15:49:18,400483,7.0,1
MV_A5-Weekday-SDon-092800_M116_709,M116,d1,16,15:50:49,15:50:49,400484,10.0,1
MV_A5-Weekday-SDon-092800_M116_709,M116,d1,17,15:52:04,15:52:04,403392,10.0,1
MV_A5-Weekday-SDon-092800_M116_709,M116,d1,18,15:53:07,15:53:07,401084,7.0,1
MV_A5-Weekday-SDon-092800_M116_709,M116,d1,19,15:54:01,15:54:01,401085,9.0,1
MV_A5-Weekday-SDon-092800_M116_709,M116,d1,20,15:55:00,15:55:00,402016,5.0,1
MV_A5-Weekday-SDon-092800_M116_709,M116,d1,21,15:55:41,15:55:41,402017,2.0,1
MV_A5-Weekday-SDon-092800_M116_709,M116,d1,22,15:56:00,15:56:00,401977,2.0,1
MV_A5-Weekday-033000_M116_702,M116,d1,1,5:30:00,5:30:00,401998,7.0,1
MV_A5-Weekday-033000_M116_702,M116,d1,2,5:30:37,5:30:37,405315,9.0,1
MV_A5-Weekday-033000_M116_702,M116,d1,3,5:31:00,5:31:00,401999,8.0,1
MV_A5-Weekday-033000_M116_702,M116,d1,4,5:32:00,5:32:00,402000,10.0,1
MV_A5-Weekday-033000_M116_702,M116,d1,5,5:33:46,5:33:46,402001,13.0,1
MV_A5-Weekday-033000_M116_702,M116,d1,6,5:34:45,5:34:45,402002,15.0,1
MV_A5-Weekday-033000_M116_702,M116,d1,7,5:35:46,5:35:46,402003,15.0,1
MV_A5-Weekday-033000_M116_702,M116,d1,8,5:36:35,5:36:35,402004,15.0,1
MV_A5-Weekday-033000_M116_702,M116,d1,9,5:38:00,5:38:00,402005,11.0,1
MV_A5-Weekday-033000_M116_702,M116,d1,10,5:38:26,5:38:26,402006,11.0,1
MV_A5-Weekday-033000_M116_702,M116,d1,11,5:40:00,5:40:00,404274,6.0,1
MV_A5-Weekday-033000_M116_702,M116,d1,12,5:41:12,5:41:12,401078,2.0,1
MV_A5-Weekday-033000_M116_702,M116,d1,13,5:42:00,5:42:00,401079,2.0,1
MV_A5-Weekday-033000_M116_702,M116,d1,14,5:42:54,5:42:54,400482,2.0,1
MV_A5-Weekday-033000_M116_702,M116,d1,15,5:43:26,5:43:26,400483,2.0,1
MV_A5-Weekday-033000_M116_702,M116,d1,16,5:44:23,5:44:23,400484,2.0,1
MV_A5-Weekday-033000_M116_702,M116,d1,17,5:45:10,5:45:10,403392,2.0,1
MV_A5-Weekday-033000_M116_702,M116,d1,18,5:45:49,5:45:49,401084,2.0,1
MV_A5-Weekday-033000_M116_702,M116,d1,19,5:46:23,5:46:23,401085,2.0,1
MV_A5-Weekday-033000_M116_702,M116,d1,20,5:47:00,5:47:00,402016,1.0,1
MV_A5-Weekday-033000_M116_702,M116,d1,21,5:47:41,5:47:41,402017,1.0,1
MV_A5-Weekday-033000_M116_702,M116,d1,22,5:48:00,5:48:00,401977,1.0,1
MV_A5-Weekday-127700_M116_718,M116,d1,1,21:17:00,21:17:00,401998,10.0,1
MV_A5-Weekday-127700_M116_718,M116,d1,2,21:17:37,21:17:37,405315,9.0,1
MV_A5-Weekday-127700_M116_718,M116,d1,3,21:18:00,21:18:00,401999,11.0,1
MV_A5-Weekday-127700_M116_718,M116,d1,4,21:19:00,21:19:00,402000,11.0,1
MV_A5-Weekday-127700_M116_718,M116,d1,5,21:20:46,21:20:46,402001,12.0,1
MV_A5-Weekday-127700_M116_718,M116,d1,6,21:21:45,21:21:45,402002,12.0,1
MV_A5-Weekday-127700_M116_718,M116,d1,7,21:22:46,21:22:46,402003,8.0,1
MV_A5-Weekday-127700_M116_718,M116,d1,8,21:23:35,21:23:35,402004,13.0,1
MV_A5-Weekday-127700_M116_718,M116,d1,9,21:25:00,21:25:00,402005,15.0,1
MV_A5-Weekday-127700_M116_718,M116,d1,10,21:25:39,21:25:39,402006,15.0,1
MV_A5-Weekday-127700_M116_718,M116,d1,11,21:28:00,21:28:00,404274,15.0,1
MV_A5-Weekday-127700_M116_718,M116,d1,12,21:29:48,21:29:48,401078,7.0,1
MV_A5-Weekday-127700_M116_718,M116,d1,13,21:31:00,21:31:00,401079,7.0,1
MV_A5-Weekday-127700_M116_718,M116,d1,14,21:32:05,21:32:05,400482,2.0,1
MV_A5-Weekday-127700_M116_718,M116,d1,15,21:32:44,21:32:44,400483,3.0,1
MV_A5-Weekday-127700_M116_718,M116,d1,16,21:33:52,21:33:52,400484,3.0,1
MV_A5-Weekday-127700_M116_718,M116,d1,17,21:34:48,21:34:48,403392,7.0,1
MV_A5-Weekday-127700_M116_718,M116,d1,18,21:35:35,21:35:35,401084,2.0,1
MV_A5-Weekday-127700_M116_718,M116,d1,19,21:36:15,21:36:15,401085,6.0,1
MV_A5-Weekday-127700_M116_718,M116,d1,20,21:37:00,21:37:00,402016,6.0,1
MV_A5-Weekday-127700_M116_718,M116,d1,21,21:37:41,21:37:41,402017,6.0,1
MV_A5-Weekday-127700_M116_718,M116,d1,22,21:38:00,21:38:00,401977,6.0,1
MV_A5-Weekday-SDon-085200_M116_709,M116,d1,1,14:12:00,14:12:00,401998,5.0,3
MV_A5-Weekday-SDon-085200_M116_709,M116,d1,2,14:12:37,14:12:37,405315,34.0,3
MV_A5-Weekday-SDon-085200_M116_709,M116,d1,3,14:13:00,14:13:00,401999,41.0,3
MV_A5-Weekday-SDon-085200_M116_709,M116,d1,4,14:14:26,14:14:26,402000,44.0,3
MV_A5-Weekday-SDon-085200_M116_709,M116,d1,5,14:16:58,14:16:58,402001,29.0,3
MV_A5-Weekday-SDon-085200_M116_709,M116,d1,6,14:18:21,14:18:21,402002,41.0,3
MV_A5-Weekday-SDon-085200_M116_709,M116,d1,7,14:19:49,14:19:49,402003,43.0,3
MV_A5-Weekday-SDon-085200_M116_709,M116,d1,8,14:20:59,14:20:59,402004,45.0,3
MV_A5-Weekday-SDon-085200_M116_709,M116,d1,9,14:23:00,14:23:00,402005,45.0,3
MV_A5-Weekday-SDon-085200_M116_709,M116,d1,10,14:23:52,14:23:52,402006,45.0,3
MV_A5-Weekday-SDon-085200_M116_709,M116,d1,11,14:27:00,14:27:00,404274,45.0,3
MV_A5-Weekday-SDon-085200_M116_709,M116,d1,12,14:29:24,14:29:24,401078,45.0,3
MV_A5-Weekday-SDon-085200_M116_709,M116,d1,13,14:31:00,14:31:00,401079,10.0,1
MV_A5-Weekday-SDon-085200_M116_709,M116,d1,14,14:32:26,14:32:26,400482,10.0,1
MV_A5-Weekday-SDon-085200_M116_709,M116,d1,15,14:33:18,14:33:18,400483,10.0,1
MV_A5-Weekday-SDon-085200_M116_709,M116,d1,16,14:34:49,14:34:49,400484,10.0,1
MV_A5-Weekday-SDon-085200_M116_709,M116,d1,17,14:36:04,14:36:04,403392,10.0,1
MV_A5-Weekday-SDon-085200_M116_709,M116,d1,18,14:37:07,14:37:07,401084,10.0,1
MV_A5-Weekday-SDon-085200_M116_709,M116,d1,19,14:38:01,14:38:01,401085,10.0,1
MV_A5-Weekday-SDon-085200_M116_709,M116,d1,20,14:39:00,14:39:00,402016,10.0,1
MV_A5-Weekday-SDon-085200_M116_709,M116,d1,21,14:39:41,14:39:41,402017,10.0,1
MV_A5-Weekday-SDon-085200_M116_709,M116,d1,22,14:40:00,14:40:00,401977,10.0,1
MV_A5-Weekday-SDon-089800_M116_715,M116,d1,1,14:58:00,14:58:00,401998,56.0,4
MV_A5-Weekday-SDon-089800_M116_715,M116,d1,2,14:58:37,14:58:37,405315,56.0,4
MV_A5-Weekday-SDon-089800_M116_715,M116,d1,3,14:59:00,14:59:00,401999,56.0,4
MV_A5-Weekday-SDon-089800_M116_715,M116,d1,4,15:00:26,15:00:26,402000,56.0,4
MV_A5-Weekday-SDon-089800_M116_715,M116,d1,5,15:02:58,15:02:58,402001,56.0,4
MV_A5-Weekday-SDon-089800_M116_715,M116,d1,6,15:04:21,15:04:21,402002,56.0,4
MV_A5-Weekday-SDon-089800_M116_715,M116,d1,7,15:05:49,15:05:49,402003,56.0,4
MV_A5-Weekday-SDon-089800_M116_715,M116,d1,8,15:06:59,15:06:59,402004,56.0,4
MV_A5-Weekday-SDon-089800_M116_715,M116,d1,9,15:09:00,15:09:00,402005,46.0,3
MV_A5-Weekday-SDon-089800_M116_715,M116,d1,10,15:09:52,15:09:52,402006,36.0,3
MV_A5-Weekday-SDon-089800_M116_715,M116,d1,11,15:13:00,15:13:00,404274,25.0,2
MV_A5-Weekday-SDon-089800_M116_715,M116,d1,12,15:15:24,15:15:24,401078,25.0,2
MV_A5-Weekday-SDon-089800_M116_715,M116,d1,13,15:17:00,15:17:00,401079,25.0,2
MV_A5-Weekday-SDon-089800_M116_715,M116,d1,14,15:18:26,15:18:26,400482,25.0,2
MV_A5-Weekday-SDon-089800_M116_715,M116,d1,15,15:19:18,15:19:18,400483,25.0,2
MV_A5-Weekday-SDon-089800_M116_715,M116,d1,16,15:20:49,15:20:49,400484,15.0,1
MV_A5-Weekday-SDon-089800_M116_715,M116,d1,17,15:22:04,15:22:04,403392,15.0,1
MV_A5-Weekday-SDon-089800_M116_715,M116,d1,18,15:23:07,15:23:07,401084,15.0,1
MV_A5-Weekday-SDon-089800_M116_715,M116,d1,19,15:24:01,15:24:01,401085,15.0,1
MV_A5-Weekday-SDon-089800_M116_715,M116,d1,20,15:25:00,15:25:00,402016,1.0,1
MV_A5-Weekday-SDon-089800_M116_715,M116,d1,21,15:25:41,15:25:41,402017,6.0,1
MV_A5-Weekday-SDon-089800_M116_715,M116,d1,22,15:26:00,15:26:00,401977,6.0,1
MV_A5-Weekday-054300_M116_708,M116,d1,1,9:03:00,9:03:00,401998,7.0,1
MV_A5-Weekday-054300_M116_708,M116,d1,2,9:03:37,9:03:37,405315,7.0,1
MV_A5-Weekday-054300_M116_708,M116,d1,3,9:04:00,9:04:00,401999,7.0,1
MV_A5-Weekday-054300_M116_708,M116,d1,4,9:05:26,9:05:26,402000,13.0,1
MV_A5-Weekday-054300_M116_708,M116,d1,5,9:07:58,9:07:58,402001,13.0,1
MV_A5-Weekday-054300_M116_708,M116,d1,6,9:09:21,9:09:21,402002,13.0,1
MV_A5-Weekday-054300_M116_708,M116,d1,7,9:10:49,9:10:49,402003,15.0,1
MV_A5-Weekday-054300_M116_708,M116,d1,8,9:11:59,9:11:59,402004,15.0,1
MV_A5-Weekday-054300_M116_708,M116,d1,9,9:14:00,9:14:00,402005,16.0,2
MV_A5-Weekday-054300_M116_708,M116,d1,10,9:14:52,9:14:52,402006,17.0,2
MV_A5-Weekday-054300_M116_708,M116,d1,11,9:18:00,9:18:00,404274,17.0,2
MV_A5-Weekday-054300_M116_708,M116,d1,12,9:20:24,9:20:24,401078,9.0,1
MV_A5-Weekday-054300_M116_708,M116,d1,13,9:22:00,9:22:00,401079,10.0,1
MV_A5-Weekday-054300_M116_708,M116,d1,14,9:23:26,9:23:26,400482,10.0,1
MV_A5-Weekday-054300_M116_708,M116,d1,15,9:24:18,9:24:18,400483,10.0,1
MV_A5-Weekday-054300_M116_708,M116,d1,16,9:25:49,9:25:49,400484,10.0,1
MV_A5-Weekday-054300_M116_708,M116,d1,17,9:27:04,9:27:04,403392,10.0,1
MV_A5-Weekday-054300_M116_708,M116,d1,18,9:28:07,9:28:07,401084,10.0,1
MV_A5-Weekday-054300_M116_708,M116,d1,19,9:29:01,9:29:01,401085,3.0,1
MV_A5-Weekday-054300_M116_708,M116,d1,20,9:30:00,9:30:00,402016,3.0,1
MV_A5-Weekday-054300_M116_708,M116,d1,21,9:30:41,9:30:41,402017,3.0,1
MV_A5-Weekday-054300_M116_708,M116,d1,22,9:31:00,9:31:00,401977,3.0,1
MV_A5-Weekday-SDon-061200_M116_711,M116,d1,1,10:12:00,10:12:00,401998,6.0,2
MV_A5-Weekday-SDon-061200_M116_711,M116,d1,2,10:12:37,10:12:37,405315,18.0,2
MV_A5-Weekday-SDon-061200_M116_711,M116,d1,3,10:13:00,10:13:00,401999,22.0,2
MV_A5-Weekday-SDon-061200_M116_711,M116,d1,4,10:14:26,10:14:26,402000,28.0,2
MV_A5-Weekday-SDon-061200_M116_711,M116,d1,5,10:16:58,10:16:58,402001,12.0,2
MV_A5-Weekday-SDon-061200_M116_711,M116,d1,6,10:18:21,10:18:21,402002,32.0,2
MV_A5-Weekday-SDon-061200_M116_711,M116,d1,7,10:19:49,10:19:49,402003,17.0,2
MV_A5-Weekday-SDon-061200_M116_711,M116,d1,8,10:20:59,10:20:59,402004,29.0,2
MV_A5-Weekday-SDon-061200_M116_711,M116,d1,9,10:23:00,10:23:00,402005,29.0,2
MV_A5-Weekday-SDon-061200_M116_711,M116,d1,10,10:23:52,10:23:52,402006,20.0,2
MV_A5-Weekday-SDon-061200_M116_711,M116,d1,11,10:27:00,10:27:00,404274,22.0,2
MV_A5-Weekday-SDon-061200_M116_711,M116,d1,12,10:29:24,10:29:24,401078,20.0,2
MV_A5-Weekday-SDon-061200_M116_711,M116,d1,13,10:31:00,10:31:00,401079,15.0,1
MV_A5-Weekday-SDon-061200_M116_711,M116,d1,14,10:32:26,10:32:26,400482,11.0,1
MV_A5-Weekday-SDon-061200_M116_711,M116,d1,15,10:33:18,10:33:18,400483,6.0,1
MV_A5-Weekday-SDon-061200_M116_711,M116,d1,16,10:34:49,10:34:49,400484,13.0,1
MV_A5-Weekday-SDon-061200_M116_711,M116,d1,17,10:36:04,10:36:04,403392,12.0,1
MV_A5-Weekday-SDon-061200_M116_711,M116,d1,18,10:37:07,10:37:07,401084,10.0,1
MV_A5-Weekday-SDon-061200_M116_711,M116,d1,19,10:38:01,10:38:01,401085,13.0,1
MV_A5-Weekday-SDon-061200_M116_711,M116,d1,20,10:39:00,10:39:00,402016,9.0,1
MV_A5-Weekday-SDon-061200_M116_711,M116,d1,21,10:39:41,10:39:41,402017,9.0,1
MV_A5-Weekday-SDon-061200_M116_711,M116,d1,22,10:40:00,10:40:00,401977,9.0,1
MV_A5-Weekday-085500_M116_711,M116,d1,1,14:15:00,14:15:00,404135,13.0,1
MV_A5-Weekday-085500_M116_711,M116,d1,2,14:16:19,14:16:19,401305,13.0,1
MV_A5-Weekday-085500_M116_711,M116,d1,3,14:17:04,14:17:04,401306,13.0,1
MV_A5-Weekday-085500_M116_711,M116,d1,4,14:18:17,14:18:17,401307,13.0,1
MV_A5-Weekday-085500_M116_711,M116,d1,5,14:19:16,14:19:16,401308,14.0,1
MV_A5-Weekday-085500_M116_711,M116,d1,6,14:21:13,14:21:13,404824,14.0,1
MV_A5-Weekday-085500_M116_711,M116,d1,7,14:22:32,14:22:32,401310,11.0,1
MV_A5-Weekday-085500_M116_711,M116,d1,8,14:24:17,14:24:17,401311,11.0,1
MV_A5-Weekday-085500_M116_711,M116,d1,9,14:25:27,14:25:27,401312,11.0,1
MV_A5-Weekday-085500_M116_711,M116,d1,10,14:26:37,14:26:37,401313,11.0,1
MV_A5-Weekday-085500_M116_711,M116,d1,11,14:28:29,14:28:29,401314,11.0,1
MV_A5-Weekday-085500_M116_711,M116,d1,12,14:29:42,14:29:42,401315,10.0,1
MV_A5-Weekday-085500_M116_711,M116,d1,13,14:31:40,14:31:40,401317,10.0,1
MV_A5-Weekday-085500_M116_711,M116,d1,14,14:32:33,14:32:33,403276,10.0,1
MV_A5-Weekday-085500_M116_711,M116,d1,15,14:34:00,14:34:00,401318,7.0,1
MV_A5-Weekday-085500_M116_711,M116,d1,16,14:36:46,14:36:46,405289,8.0,1
MV_A5-Weekday-085500_M116_711,M116,d1,17,14:38:08,14:38:08,404245,8.0,1
MV_A5-Weekday-085500_M116_711,M116,d1,18,14:40:00,14:40:00,404915,1.0,1
MV_A5-Weekday-085500_M116_711,M116,d1,19,14:40:50,14:40:50,405247,2.0,1
MV_A5-Weekday-085500_M116_711,M116,d1,20,14:42:12,14:42:12,401324,3.0,1
MV_A5-Weekday-085500_M116_711,M116,d1,21,14:44:37,14:44:37,401326,4.0,1
MV_A5-Weekday-085500_M116_711,M116,d1,22,14:45:40,14:45:40,401327,4.0,1
MV_A5-Weekday-085500_M116_711,M116,d1,23,14:46:55,14:46:55,401328,4.0,1
MV_A5-Weekday-085500_M116_711,M116,d1,24,14:48:01,14:48:01,401329,4.0,1
MV_A5-Weekday-085500_M116_711,M116,d1,25,14:49:10,14:49:10,401330,4.0,1
MV_A5-Weekday-085500_M116_711,M116,d1,26,14:50:39,14:50:39,401331,2.0,1
MV_A5-Weekday-085500_M116_711,M116,d1,27,14:52:33,14:52:33,401333,2.0,1
MV_A5-Weekday-085500_M116_711,M116,d1,28,14:53:37,14:53:37,401334,4.0,1
MV_A5-Weekday-085500_M116_711,M116,d1,29,14:54:44,14:54:44,401335,4.0,1
MV_A5-Weekday-085500_M116_711,M116,d1,30,14:55:40,14:55:40,401336,4.0,1
MV_A5-Weekday-085500_M116_711,M116,d1,31,14:57:00,14:57:00,401337,4.0,1
MV_A5-Weekday-085500_M116_711,M116,d1,32,14:58:09,14:58:09,401338,4.0,1
MV_A5-Weekday-085500_M116_711,M116,d1,33,14:59:46,14:59:46,401339,4.0,1
MV_A5-Weekday-085500_M116_711,M116,d1,34,15:00:59,15:00:59,404136,4.0,1
MV_A5-Weekday-085500_M116_711,M116,d1,35,15:02:06,15:02:06,401341,4.0,1
MV_A5-Weekday-085500_M116_711,M116,d1,36,15:03:50,15:03:50,401342,4.0,1
MV_A5-Weekday-085500_M116_711,M116,d1,37,15:05:03,15:05:03,401343,4.0,1
MV_A5-Weekday-085500_M116_711,M116,d1,38,15:06:14,15:06:14,401344,4.0,1
MV_A5-Weekday-085500_M116_711,M116,d1,39,15:07:22,15:07:22,401345,4.0,1
MV_A5-Weekday-085500_M116_711,M116,d1,40,15:08:29,15:08:29,404987,4.0,1
MV_A5-Weekday-085500_M116_711,M116,d1,41,15:09:36,15:09:36,404988,3.0,1
MV_A5-Weekday-085500_M116_711,M116,d1,42,15:12:00,15:12:00,401348,3.0,1
MV_A5-Weekday-085500_M116_711,M116,d1,43,15:12:35,15:12:35,400860,3.0,1
MV_A5-Weekday-085500_M116_711,M116,d1,44,15:13:20,15:13:20,400861,3.0,1
MV_A5-Weekday-085500_M116_711,M116,d1,45,15:14:00,15:14:00,405376,3.0,1
MV_A5-Weekday-SDon-137500_M116_717,M116,d1,1,22:55:00,22:55:00,404135,1.0,1
MV_A5-Weekday-SDon-137500_M116_717,M116,d1,2,22:55:54,22:55:54,401305,5.0,1
MV_A5-Weekday-SDon-137500_M116_717,M116,d1,3,22:56:25,22:56:25,401306,6.0,1
MV_A5-Weekday-SDon-137500_M116_717,M116,d1,4,22:57:15,22:57:15,401307,6.0,1
MV_A5-Weekday-SDon-137500_M116_717,M116,d1,5,22:57:55,22:57:55,401308,6.0,1
MV_A5-Weekday-SDon-137500_M116_717,M116,d1,6,22:59:15,22:59:15,404824,9.0,1
MV_A5-Weekday-SDon-137500_M116_717,M116,d1,7,23:00:09,23:00:09,401310,2.0,1
MV_A5-Weekday-SDon-137500_M116_717,M116,d1,8,23:01:21,23:01:21,401311,10.0,1
MV_A5-Weekday-SDon-137500_M116_717,M116,d1,9,23:02:09,23:02:09,401312,10.0,1
MV_A5-Weekday-SDon-137500_M116_717,M116,d1,10,23:02:57,23:02:57,401313,8.0,1
MV_A5-Weekday-SDon-137500_M116_717,M116,d1,11,23:04:14,23:04:14,401314,8.0,1
MV_A5-Weekday-SDon-137500_M116_717,M116,d1,12,23:05:03,23:05:03,401315,7.0,1
MV_A5-Weekday-SDon-137500_M116_717,M116,d1,13,23:06:24,23:06:24,401317,9.0,1
MV_A5-Weekday-SDon-137500_M116_717,M116,d1,14,23:07:01,23:07:01,403276,13.0,1
MV_A5-Weekday-SDon-137500_M116_717,M116,d1,15,23:08:00,23:08:00,401318,13.0,1
MV_A5-Weekday-SDon-137500_M116_717,M116,d1,16,23:09:51,23:09:51,405289,6.0,1
MV_A5-Weekday-SDon-137500_M116_717,M116,d1,17,23:10:45,23:10:45,404245,12.0,1
MV_A5-Weekday-SDon-137500_M116_717,M116,d1,18,23:12:00,23:12:00,404915,3.0,1
MV_A5-Weekday-SDon-137500_M116_717,M116,d1,19,23:12:36,23:12:36,405247,10.0,1
MV_A5-Weekday-SDon-137500_M116_717,M116,d1,20,23:13:33,23:13:33,401324,11.0,1
MV_A5-Weekday-SDon-137500_M116_717,M116,d1,21,23:15:16,23:15:16,401326,9.0,1
MV_A5-Weekday-SDon-137500_M116_717,M116,d1,22,23:16:00,23:16:00,401327,2.0,1
MV_A5-Weekday-SDon-137500_M116_717,M116,d1,23,23:16:53,23:16:53,401328,8.0,1
MV_A5-Weekday-SDon-137500_M116_717,M116,d1,24,23:17:39,23:17:39,401329,7.0,1
MV_A5-Weekday-SDon-137500_M116_717,M116,d1,25,23:18:28,23:18:28,401330,7.0,1
MV_A5-Weekday-SDon-137500_M116_717,M116,d1,26,23:19:31,23:19:31,401331,2.0,1
MV_A5-Weekday-SDon-137500_M116_717,M116,d1,27,23:20:51,23:20:51,401333,7.0,1
MV_A5-Weekday-SDon-137500_M116_717,M116,d1,28,23:21:37,23:21:37,401334,1.0,1
MV_A5-Weekday-SDon-137500_M116_717,M116,d1,29,23:22:24,23:22:24,401335,3.0,1
MV_A5-Weekday-SDon-137500_M116_717,M116,d1,30,23:23:04,23:23:04,401336,6.0,1
MV_A5-Weekday-SDon-137500_M116_717,M116,d1,31,23:24:00,23:24:00,401337,3.0,1
MV_A5-Weekday-SDon-137500_M116_717,M116,d1,32,23:24:46,23:24:46,401338,6.0,1
MV_A5-Weekday-SDon-137500_M116_717,M116,d1,33,23:25:51,23:25:51,401339,1.0,1
MV_A5-Weekday-SDon-137500_M116_717,M116,d1,34,23:26:39,23:26:39,404136,6.0,1
MV_A5-Weekday-SDon-137500_M116_717,M116,d1,35,23:27:24,23:27:24,401341,3.0,1
MV_A5-Weekday-SDon-137500_M116_717,M116,d1,36,23:28:33,23:28:33,401342,6.0,1
MV_A5-Weekday-SDon-137500_M116_717,M116,d1,37,23:29:22,23:29:22,401343,6.0,1
MV_A5-Weekday-SDon-137500_M116_717,M116,d1,38,23:30:09,23:30:09,401344,3.0,1
MV_A5-Weekday-SDon-137500_M116_717,M116,d1,39,23:30:54,23:30:54,401345,6.0,1
MV_A5-Weekday-SDon-137500_M116_717,M116,d1,40,23:31:40,23:31:40,404987,3.0,1
MV_A5-Weekday-SDon-137500_M116_717,M116,d1,41,23:32:24,23:32:24,404988,6.0,1
MV_A5-Weekday-SDon-137500_M116_717,M116,d1,42,23:34:00,23:34:00,401348,6.0,1
MV_A5-Weekday-SDon-137500_M116_717,M116,d1,43,23:34:35,23:34:35,400860,3.0,1
MV_A5-Weekday-SDon-137500_M116_717,M116,d1,44,23:35:20,23:35:20,400861,6.0,1
MV_A5-Weekday-SDon-137500_M116_717,M116,d1,45,23:36:00,23:36:00,405376,6.0,1
MV_A5-Weekday-050700_M116_710,M116,d1,1,8:27:00,8:27:00,401998,5.0,2
MV_A5-Weekday-050700_M116_710,M116,d1,2,8:27:37,8:27:37,405315,21.0,2
MV_A5-Weekday-050700_M116_710,M116,d1,3,8:28:00,8:28:00,401999,21.0,2
MV_A5-Weekday-050700_M116_710,M116,d1,4,8:29:17,8:29:17,402000,21.0,3
MV_A5-Weekday-050700_M116_710,M116,d1,5,8:31:34,8:31:34,402001,37.0,3
MV_A5-Weekday-050700_M116_710,M116,d1,6,8:32:49,8:32:49,402002,37.0,3
MV_A5-Weekday-050700_M116_710,M116,d1,7,8:34:08,8:34:08,402003,37.0,3
MV_A5-Weekday-050700_M116_710,M116,d1,8,8:35:11,8:35:11,402004,37.0,3
MV_A5-Weekday-050700_M116_710,M116,d1,9,8:37:00,8:37:00,402005,37.0,3
MV_A5-Weekday-050700_M116_710,M116,d1,10,8:37:52,8:37:52,402006,33.0,3
MV_A5-Weekday-050700_M116_710,M116,d1,11,8:41:00,8:41:00,404274,31.0,2
MV_A5-Weekday-050700_M116_710,M116,d1,12,8:43:24,8:43:24,401078,31.0,2
MV_A5-Weekday-050700_M116_710,M116,d1,13,8:45:00,8:45:00,401079,31.0,2
MV_A5-Weekday-050700_M116_710,M116,d1,14,8:46:26,8:46:26,400482,31.0,2
MV_A5-Weekday-050700_M116_710,M116,d1,15,8:47:18,8:47:18,400483,31.0,2
MV_A5-Weekday-050700_M116_710,M116,d1,16,8:48:49,8:48:49,400484,20.0,2
MV_A5-Weekday-050700_M116_710,M116,d1,17,8:50:04,8:50:04,403392,17.0,2
MV_A5-Weekday-050700_M116_710,M116,d1,18,8:51:07,8:51:07,401084,17.0,2
MV_A5-Weekday-050700_M116_710,M116,d1,19,8:52:01,8:52:01,401085,17.0,2
MV_A5-Weekday-050700_M116_710,M116,d1,20,8:53:00,8:53:00,402016,4.0,1
MV_A5-Weekday-050700_M116_710,M116,d1,21,8:53:41,8:53:41,402017,4.0,1
MV_A5-Weekday-050700_M116_710,M116,d1,22,8:54:00,8:54:00,401977,4.0,1
MV_A5-Weekday-SDon-105200_M116_716,M116,d1,1,17:32:00,17:32:00,401998,17.0,2
MV_A5-Weekday-SDon-105200_M116_716,M116,d1,2,17:32:37,17:32:37,405315,17.0,2
MV_A5-Weekday-SDon-105200_M116_716,M116,d1,3,17:33:00,17:33:00,401999,20.0,3
MV_A5-Weekday-SDon-105200_M116_716,M116,d1,4,17:34:26,17:34:26,402000,38.0,3
MV_A5-Weekday-SDon-105200_M116_716,M116,d1,5,17:36:58,17:36:58,402001,21.0,3
MV_A5-Weekday-SDon-105200_M116_716,M116,d1,6,17:38:21,17:38:21,402002,40.0,4
MV_A5-Weekday-SDon-105200_M116_716,M116,d1,7,17:39:49,17:39:49,402003,49.0,4
MV_A5-Weekday-SDon-105200_M116_716,M116,d1,8,17:40:59,17:40:59,402004,49.0,4
MV_A5-Weekday-SDon-105200_M116_716,M116,d1,9,17:43:00,17:43:00,402005,49.0,4
MV_A5-Weekday-SDon-105200_M116_716,M116,d1,10,17:43:52,17:43:52,402006,22.0,2
MV_A5-Weekday-SDon-105200_M116_716,M116,d1,11,17:47:00,17:47:00,404274,27.0,3
MV_A5-Weekday-SDon-105200_M116_716,M116,d1,12,17:49:24,17:49:24,401078,34.0,3
MV_A5-Weekday-SDon-105200_M116_716,M116,d1,13,17:51:00,17:51:00,401079,7.0,1
MV_A5-Weekday-SDon-105200_M116_716,M116,d1,14,17:52:26,17:52:26,400482,2.0,1
MV_A5-Weekday-SDon-105200_M116_716,M116,d1,15,17:53:18,17:53:18,400483,11.0,1
MV_A5-Weekday-SDon-105200_M116_716,M116,d1,16,17:54:49,17:54:49,400484,15.0,1
MV_A5-Weekday-SDon-105200_M116_716,M116,d1,17,17:56:04,17:56:04,403392,11.0,1
MV_A5-Weekday-SDon-105200_M116_716,M116,d1,18,17:57:07,17:57:07,401084,11.0,1
MV_A5-Weekday-SDon-105200_M116_716,M116,d1,19,17:58:01,17:58:01,401085,5.0,1
MV_A5-Weekday-SDon-105200_M116_716,M116,d1,20,17:59:00,17:59:00,402016,5.0,1
MV_A5-Weekday-SDon-105200_M116_716,M116,d1,21,17:59:41,17:59:41,402017,3.0,1
MV_A5-Weekday-SDon-105200_M116_716,M116,d1,22,18:00:00,18:00:00,401977,3.0,1
MV_A5-Weekday-132500_M116_714,M116,d1,1,22:05:00,22:05:00,401998,6.0,2
MV_A5-Weekday-132500_M116_714,M116,d1,2,22:05:37,22:05:37,405315,18.0,2
MV_A5-Weekday-132500_M116_714,M116,d1,3,22:06:00,22:06:00,401999,14.0,2
MV_A5-Weekday-132500_M116_714,M116,d1,4,22:07:00,22:07:00,402000,22.0,2
MV_A5-Weekday-132500_M116_714,M116,d1,5,22:08:46,22:08:46,402001,15.0,2
MV_A5-Weekday-132500_M116_714,M116,d1,6,22:09:45,22:09:45,402002,28.0,2
MV_A5-Weekday-132500_M116_714,M116,d1,7,22:10:46,22:10:46,402003,28.0,2
MV_A5-Weekday-132500_M116_714,M116,d1,8,22:11:35,22:11:35,402004,25.0,2
MV_A5-Weekday-132500_M116_714,M116,d1,9,22:13:00,22:13:00,402005,26.0,2
MV_A5-Weekday-132500_M116_714,M116,d1,10,22:13:39,22:13:39,402006,25.0,2
MV_A5-Weekday-132500_M116_714,M116,d1,11,22:16:00,22:16:00,404274,16.0,1
MV_A5-Weekday-132500_M116_714,M116,d1,12,22:17:48,22:17:48,401078,14.0,1
MV_A5-Weekday-132500_M116_714,M116,d1,13,22:19:00,22:19:00,401079,10.0,1
MV_A5-Weekday-132500_M116_714,M116,d1,14,22:20:05,22:20:05,400482,10.0,1
MV_A5-Weekday-132500_M116_714,M116,d1,15,22:20:44,22:20:44,400483,12.0,1
MV_A5-Weekday-132500_M116_714,M116,d1,16,22:21:52,22:21:52,400484,12.0,1
MV_A5-Weekday-132500_M116_714,M116,d1,17,22:22:48,22:22:48,403392,9.0,1
MV_A5-Weekday-132500_M116_714,M116,d1,18,22:23:35,22:23:35,401084,9.0,1
MV_A5-Weekday-132500_M116_714,M116,d1,19,22:24:15,22:24:15,401085,9.0,1
MV_A5-Weekday-132500_M116_714,M116,d1,20,22:25:00,22:25:00,402016,6.0,1
MV_A5-Weekday-132500_M116_714,M116,d1,21,22:25:41,22:25:41,402017,4.0,1
MV_A5-Weekday-132500_M116_714,M116,d1,22,22:26:00,22:26:00,401977,4.0,1
MV_A5-Weekday-SDon-114300_M116_715,M116,d1,1,19:03:00,19:03:00,401998,9.0,1
MV_A5-Weekday-SDon-114300_M116_715,M116,d1,2,19:03:37,19:03:37,405315,16.0,1
MV_A5-Weekday-SDon-114300_M116_715,M116,d1,3,19:04:00,19:04:00,401999,16.0,1
MV_A5-Weekday-SDon-114300_M116_715,M116,d1,4,19:05:09,19:05:09,402000,8.0,2
MV_A5-Weekday-SDon-114300_M116_715,M116,d1,5,19:07:10,19:07:10,402001,25.0,2
MV_A5-Weekday-SDon-114300_M116_715,M116,d1,6,19:08:17,19:08:17,402002,25.0,2
MV_A5-Weekday-SDon-114300_M116_715,M116,d1,7,19:09:27,19:09:27,402003,22.0,2
MV_A5-Weekday-SDon-114300_M116_715,M116,d1,8,19:10:23,19:10:23,402004,26.0,3
MV_A5-Weekday-SDon-114300_M116_715,M116,d1,9,19:12:00,19:12:00,402005,33.0,3
MV_A5-Weekday-SDon-114300_M116_715,M116,d1,10,19:12:39,19:12:39,402006,33.0,3
MV_A5-Weekday-SDon-114300_M116_715,M116,d1,11,19:15:00,19:15:00,404274,31.0,2
MV_A5-Weekday-SDon-114300_M116_715,M116,d1,12,19:17:24,19:17:24,401078,31.0,2
MV_A5-Weekday-SDon-114300_M116_715,M116,d1,13,19:19:00,19:19:00,401079,11.0,2
MV_A5-Weekday-SDon-114300_M116_715,M116,d1,14,19:20:15,19:20:15,400482,31.0,2
MV_A5-Weekday-SDon-114300_M116_715,M116,d1,15,19:21:01,19:21:01,400483,31.0,2
MV_A5-Weekday-SDon-114300_M116_715,M116,d1,16,19:22:20,19:22:20,400484,31.0,2
MV_A5-Weekday-SDon-114300_M116_715,M116,d1,17,19:23:26,19:23:26,403392,31.0,2
MV_A5-Weekday-SDon-114300_M116_715,M116,d1,18,19:24:21,19:24:21,401084,18.0,2
MV_A5-Weekday-SDon-114300_M116_715,M116,d1,19,19:25:08,19:25:08,401085,1.0,1
MV_A5-Weekday-SDon-114300_M116_715,M116,d1,20,19:26:00,19:26:00,402016,12.0,1
MV_A5-Weekday-SDon-114300_M116_715,M116,d1,21,19:26:41,19:26:41,402017,12.0,1
MV_A5-Weekday-SDon-114300_M116_715,M116,d1,22,19:27:00,19:27:00,401977,12.0,1
MV_A5-Weekday-051300_M116_701,M116,d1,1,8:33:00,8:33:00,401998,10.0,1
MV_A5-Weekday-051300_M116_701,M116,d1,2,8:33:37,8:33:37,405315,10.0,2
MV_A5-Weekday-051300_M116_701,M116,d1,3,8:34:00,8:34:00,401999,20.0,3
MV_A5-Weekday-051300_M116_701,M116,d1,4,8:35:26,8:35:26,402000,36.0,3
MV_A5-Weekday-051300_M116_701,M116,d1,5,8:37:58,8:37:58,402001,41.0,3
MV_A5-Weekday-051300_M116_701,M116,d1,6,8:39:21,8:39:21,402002,38.0,4
MV_A5-Weekday-051300_M116_701,M116,d1,7,8:40:49,8:40:49,402003,62.0,4
MV_A5-Weekday-051300_M116_701,M116,d1,8,8:41:59,8:41:59,402004,62.0,4
MV_A5-Weekday-051300_M116_701,M116,d1,9,8:44:00,8:44:00,402005,61.0,4
MV_A5-Weekday-051300_M116_701,M116,d1,10,8:44:52,8:44:52,402006,52.0,4
MV_A5-Weekday-051300_M116_701,M116,d1,11,8:48:00,8:48:00,404274,59.0,4
MV_A5-Weekday-051300_M116_701,M116,d1,12,8:50:24,8:50:24,401078,20.0,2
MV_A5-Weekday-051300_M116_701,M116,d1,13,8:52:00,8:52:00,401079,25.0,2
MV_A5-Weekday-051300_M116_701,M116,d1,14,8:53:26,8:53:26,400482,25.0,2
MV_A5-Weekday-051300_M116_701,M116,d1,15,8:54:18,8:54:18,400483,21.0,2
MV_A5-Weekday-051300_M116_701,M116,d1,16,8:55:49,8:55:49,400484,21.0,2
MV_A5-Weekday-051300_M116_701,M116,d1,17,8:57:04,8:57:04,403392,19.0,2
MV_A5-Weekday-051300_M116_701,M116,d1,18,8:58:07,8:58:07,401084,18.0,2
MV_A5-Weekday-051300_M116_701,M116,d1,19,8:59:01,8:59:01,401085,15.0,1
MV_A5-Weekday-051300_M116_701,M116,d1,20,9:00:00,9:00:00,402016,10.0,1
MV_A5-Weekday-051300_M116_701,M116,d1,21,9:00:41,9:00:41,402017,12.0,1
MV_A5-Weekday-051300_M116_701,M116,d1,22,9:01:00,9:01:00,401977,12.0,1
MV_A5-Weekday-SDon-055800_M116_704,M116,d1,1,9:18:00,9:18:00,401998,17.0,2
MV_A5-Weekday-SDon-055800_M116_704,M116,d1,2,9:18:37,9:18:37,405315,2.0,2
MV_A5-Weekday-SDon-055800_M116_704,M116,d1,3,9:19:00,9:19:00,401999,20.0,2
MV_A5-Weekday-SDon-055800_M116_704,M116,d1,4,9:20:26,9:20:26,402000,2.0,2
MV_A5-Weekday-SDon-055800_M116_704,M116,d1,5,9:22:58,9:22:58,402001,30.0,2
MV_A5-Weekday-SDon-055800_M116_704,M116,d1,6,9:24:21,9:24:21,402002,25.0,3
MV_A5-Weekday-SDon-055800_M116_704,M116,d1,7,9:25:49,9:25:49,402003,34.0,3
MV_A5-Weekday-SDon-055800_M116_704,M116,d1,8,9:26:59,9:26:59,402004,34.0,3
MV_A5-Weekday-SDon-055800_M116_704,M116,d1,9,9:29:00,9:29:00,402005,34.0,3
MV_A5-Weekday-SDon-055800_M116_704,M116,d1,10,9:29:52,9:29:52,402006,21.0,3
MV_A5-Weekday-SDon-055800_M116_704,M116,d1,11,9:33:00,9:33:00,404274,34.0,3
MV_A5-Weekday-SDon-055800_M116_704,M116,d1,12,9:35:24,9:35:24,401078,22.0,2
MV_A5-Weekday-SDon-055800_M116_704,M116,d1,13,9:37:00,9:37:00,401079,12.0,1
MV_A5-Weekday-SDon-055800_M116_704,M116,d1,14,9:38:26,9:38:26,400482,12.0,1
MV_A5-Weekday-SDon-055800_M116_704,M116,d1,15,9:39:18,9:39:18,400483,12.0,1
MV_A5-Weekday-SDon-055800_M116_704,M116,d1,16,9:40:49,9:40:49,400484,11.0,1
MV_A5-Weekday-SDon-055800_M116_704,M116,d1,17,9:42:04,9:42:04,403392,11.0,1
MV_A5-Weekday-SDon-055800_M116_704,M116,d1,18,9:43:07,9:43:07,401084,6.0,1
MV_A5-Weekday-SDon-055800_M116_704,M116,d1,19,9:44:01,9:44:01,401085,6.0,1
MV_A5-Weekday-SDon-055800_M116_704,M116,d1,20,9:45:00,9:45:00,402016,6.0,1
MV_A5-Weekday-SDon-055800_M116_704,M116,d1,21,9:45:41,9:45:41,402017,4.0,1
MV_A5-Weekday-SDon-055800_M116_704,M116,d1,22,9:46:00,9:46:00,401977,4.0,1
MV_A5-Weekday-SDon-063200_M116_708,M116,d1,1,10:32:00,10:32:00,401998,3.0,1
MV_A5-Weekday-SDon-063200_M116_708,M116,d1,2,10:32:37,10:32:37,405315,9.0,1
MV_A5-Weekday-SDon-063200_M116_708,M116,d1,3,10:33:00,10:33:00,401999,13.0,2
MV_A5-Weekday-SDon-063200_M116_708,M116,d1,4,10:34:26,10:34:26,402000,21.0,2
MV_A5-Weekday-SDon-063200_M116_708,M116,d1,5,10:36:58,10:36:58,402001,18.0,2
MV_A5-Weekday-SDon-063200_M116_708,M116,d1,6,10:38:21,10:38:21,402002,19.0,2
MV_A5-Weekday-SDon-063200_M116_708,M116,d1,7,10:39:49,10:39:49,402003,19.0,2
MV_A5-Weekday-SDon-063200_M116_708,M116,d1,8,10:40:59,10:40:59,402004,18.0,2
MV_A5-Weekday-SDon-063200_M116_708,M116,d1,9,10:43:00,10:43:00,402005,24.0,2
MV_A5-Weekday-SDon-063200_M116_708,M116,d1,10,10:43:52,10:43:52,402006,24.0,2
MV_A5-Weekday-SDon-063200_M116_708,M116,d1,11,10:47:00,10:47:00,404274,17.0,2
MV_A5-Weekday-SDon-063200_M116_708,M116,d1,12,10:49:24,10:49:24,401078,14.0,1
MV_A5-Weekday-SDon-063200_M116_708,M116,d1,13,10:51:00,10:51:00,401079,13.0,1
MV_A5-Weekday-SDon-063200_M116_708,M116,d1,14,10:52:26,10:52:26,400482,10.0,1
MV_A5-Weekday-SDon-063200_M116_708,M116,d1,15,10:53:18,10:53:18,400483,9.0,1
MV_A5-Weekday-SDon-063200_M116_708,M116,d1,16,10:54:49,10:54:49,400484,8.0,2
MV_A5-Weekday-SDon-063200_M116_708,M116,d1,17,10:56:04,10:56:04,403392,17.0,2
MV_A5-Weekday-SDon-063200_M116_708,M116,d1,18,10:57:07,10:57:07,401084,17.0,2
MV_A5-Weekday-SDon-063200_M116_708,M116,d1,19,10:58:01,10:58:01,401085,6.0,1
MV_A5-Weekday-SDon-063200_M116_708,M116,d1,20,10:59:00,10:59:00,402016,3.0,1
MV_A5-Weekday-SDon-063200_M116_708,M116,d1,21,10:59:41,10:59:41,402017,3.0,1
MV_A5-Weekday-SDon-063200_M116_708,M116,d1,22,11:00:00,11:00:00,401977,3.0,1
MV_A5-Weekday-SDon-070200_M116_707,M116,d1,1,11:42:00,11:42:00,401998,12.0,1
MV_A5-Weekday-SDon-070200_M116_707,M116,d1,2,11:42:37,11:42:37,405315,16.0,2
MV_A5-Weekday-SDon-070200_M116_707,M116,d1,3,11:43:00,11:43:00,401999,29.0,2
MV_A5-Weekday-SDon-070200_M116_707,M116,d1,4,11:44:26,11:44:26,402000,30.0,2
MV_A5-Weekday-SDon-070200_M116_707,M116,d1,5,11:46:58,11:46:58,402001,30.0,2
MV_A5-Weekday-SDon-070200_M116_707,M116,d1,6,11:48:21,11:48:21,402002,22.0,2
MV_A5-Weekday-SDon-070200_M116_707,M116,d1,7,11:49:49,11:49:49,402003,28.0,2
MV_A5-Weekday-SDon-070200_M116_707,M116,d1,8,11:50:59,11:50:59,402004,28.0,3
MV_A5-Weekday-SDon-070200_M116_707,M116,d1,9,11:53:00,11:53:00,402005,42.0,3
MV_A5-Weekday-SDon-070200_M116_707,M116,d1,10,11:53:52,11:53:52,402006,28.0,2
MV_A5-Weekday-SDon-070200_M116_707,M116,d1,11,11:57:00,11:57:00,404274,23.0,2
MV_A5-Weekday-SDon-070200_M116_707,M116,d1,12,11:59:24,11:59:24,401078,15.0,1
MV_A5-Weekday-SDon-070200_M116_707,M116,d1,13,12:01:00,12:01:00,401079,5.0,1
MV_A5-Weekday-SDon-070200_M116_707,M116,d1,14,12:02:26,12:02:26,400482,5.0,1
MV_A5-Weekday-SDon-070200_M116_707,M116,d1,15,12:03:18,12:03:18,400483,5.0,1
MV_A5-Weekday-SDon-070200_M116_707,M116,d1,16,12:04:49,12:04:49,400484,5.0,1
MV_A5-Weekday-SDon-070200_M116_707,M116,d1,17,12:06:04,12:06:04,403392,6.0,1
MV_A5-Weekday-SDon-070200_M116_707,M116,d1,18,12:07:07,12:07:07,401084,5.0,1
MV_A5-Weekday-SDon-070200_M116_707,M116,d1,19,12:08:01,12:08:01,401085,14.0,1
MV_A5-Weekday-SDon-070200_M116_707,M116,d1,20,12:09:00,12:09:00,402016,2.0,1
MV_A5-Weekday-SDon-070200_M116_707,M116,d1,21,12:09:41,12:09:41,402017,2.0,1
MV_A5-Weekday-SDon-070200_M116_707,M116,d1,22,12:10:00,12:10:00,401977,2.0,1
MV_A5-Weekday-SDon-103700_M116_713,M116,d1,1,17:17:00,17:17:00,401998,6.0,3
MV_A5-Weekday-SDon-103700_M116_713,M116,d1,2,17:17:37,17:17:37,405315,33.0,3
MV_A5-Weekday-SDon-103700_M116_713,M116,d1,3,17:18:00,17:18:00,401999,35.0,4
MV_A5-Weekday-SDon-103700_M116_713,M116,d1,4,17:19:26,17:19:26,402000,54.0,4
MV_A5-Weekday-SDon-103700_M116_713,M116,d1,5,17:21:58,17:21:58,402001,54.0,4
MV_A5-Weekday-SDon-103700_M116_713,M116,d1,6,17:23:21,17:23:21,402002,37.0,3
MV_A5-Weekday-SDon-103700_M116_713,M116,d1,7,17:24:49,17:24:49,402003,37.0,3
MV_A5-Weekday-SDon-103700_M116_713,M116,d1,8,17:25:59,17:25:59,402004,33.0,3
MV_A5-Weekday-SDon-103700_M116_713,M116,d1,9,17:28:00,17:28:00,402005,46.0,3
MV_A5-Weekday-SDon-103700_M116_713,M116,d1,10,17:28:52,17:28:52,402006,46.0,3
MV_A5-Weekday-SDon-103700_M116_713,M116,d1,11,17:32:00,17:32:00,404274,46.0,3
MV_A5-Weekday-SDon-103700_M116_713,M116,d1,12,17:34:24,17:34:24,401078,42.0,3
MV_A5-Weekday-SDon-103700_M116_713,M116,d1,13,17:36:00,17:36:00,401079,23.0,2
MV_A5-Weekday-SDon-103700_M116_713,M116,d1,14,17:37:26,17:37:26,400482,23.0,2
MV_A5-Weekday-SDon-103700_M116_713,M116,d1,15,17:38:18,17:38:18,400483,20.0,2
MV_A5-Weekday-SDon-103700_M116_713,M116,d1,16,17:39:49,17:39:49,400484,11.0,1
MV_A5-Weekday-SDon-103700_M116_713,M116,d1,17,17:41:04,17:41:04,403392,2.0,1
MV_A5-Weekday-SDon-103700_M116_713,M116,d1,18,17:42:07,17:42:07,401084,9.0,1
MV_A5-Weekday-SDon-103700_M116_713,M116,d1,19,17:43:01,17:43:01,401085,9.0,1
MV_A5-Weekday-SDon-103700_M116_713,M116,d1,20,17:44:00,17:44:00,402016,5.0,1
MV_A5-Weekday-SDon-103700_M116_713,M116,d1,21,17:44:41,17:44:41,402017,3.0,1
MV_A5-Weekday-SDon-103700_M116_713,M116,d1,22,17:45:00,17:45:00,401977,3.0,1
MV_A5-Weekday-SDon-097800_M116_715,M116,d1,1,16:18:00,16:18:00,401998,8.0,1
MV_A5-Weekday-SDon-097800_M116_715,M116,d1,2,16:18:37,16:18:37,405315,8.0,3
MV_A5-Weekday-SDon-097800_M116_715,M116,d1,3,16:19:00,16:19:00,401999,43.0,3
MV_A5-Weekday-SDon-097800_M116_715,M116,d1,4,16:20:26,16:20:26,402000,43.0,3
MV_A5-Weekday-SDon-097800_M116_715,M116,d1,5,16:22:58,16:22:58,402001,43.0,3
MV_A5-Weekday-SDon-097800_M116_715,M116,d1,6,16:24:21,16:24:21,402002,43.0,3
MV_A5-Weekday-SDon-097800_M116_715,M116,d1,7,16:25:49,16:25:49,402003,43.0,3
MV_A5-Weekday-SDon-097800_M116_715,M116,d1,8,16:26:59,16:26:59,402004,43.0,3
MV_A5-Weekday-SDon-097800_M116_715,M116,d1,9,16:29:00,16:29:00,402005,41.0,3
MV_A5-Weekday-SDon-097800_M116_715,M116,d1,10,16:29:52,16:29:52,402006,41.0,3
MV_A5-Weekday-SDon-097800_M116_715,M116,d1,11,16:33:00,16:33:00,404274,41.0,3
MV_A5-Weekday-SDon-097800_M116_715,M116,d1,12,16:35:24,16:35:24,401078,41.0,3
MV_A5-Weekday-SDon-097800_M116_715,M116,d1,13,16:37:00,16:37:00,401079,9.0,1
MV_A5-Weekday-SDon-097800_M116_715,M116,d1,14,16:38:26,16:38:26,400482,6.0,1
MV_A5-Weekday-SDon-097800_M116_715,M116,d1,15,16:39:18,16:39:18,400483,6.0,1
MV_A5-Weekday-SDon-097800_M116_715,M116,d1,16,16:40:49,16:40:49,400484,6.0,1
MV_A5-Weekday-SDon-097800_M116_715,M116,d1,17,16:42:04,16:42:04,403392,6.0,1
MV_A5-Weekday-SDon-097800_M116_715,M116,d1,18,16:43:07,16:43:07,401084,3.0,1
MV_A5-Weekday-SDon-097800_M116_715,M116,d1,19,16:44:01,16:44:01,401085,4.0,1
MV_A5-Weekday-SDon-097800_M116_715,M116,d1,20,16:45:00,16:45:00,402016,4.0,1
MV_A5-Weekday-SDon-097800_M116_715,M116,d1,21,16:45:41,16:45:41,402017,3.0,1
MV_A5-Weekday-SDon-097800_M116_715,M116,d1,22,16:46:00,16:46:00,401977,3.0,1
MV_A5-Weekday-093400_M116_707,M116,d1,1,15:34:00,15:34:00,401998,1.0,2
MV_A5-Weekday-093400_M116_707,M116,d1,2,15:34:37,15:34:37,405315,18.0,2
MV_A5-Weekday-093400_M116_707,M116,d1,3,15:35:00,15:35:00,401999,18.0,2
MV_A5-Weekday-093400_M116_707,M116,d1,4,15:36:26,15:36:26,402000,16.0,1
MV_A5-Weekday-093400_M116_707,M116,d1,5,15:38:58,15:38:58,402001,16.0,1
MV_A5-Weekday-093400_M116_707,M116,d1,6,15:40:21,15:40:21,402002,15.0,1
MV_A5-Weekday-093400_M116_707,M116,d1,7,15:41:49,15:41:49,402003,15.0,1
MV_A5-Weekday-093400_M116_707,M116,d1,8,15:42:59,15:42:59,402004,14.0,2
MV_A5-Weekday-093400_M116_707,M116,d1,9,15:45:00,15:45:00,402005,17.0,2
MV_A5-Weekday-093400_M116_707,M116,d1,10,15:45:52,15:45:52,402006,17.0,2
MV_A5-Weekday-093400_M116_707,M116,d1,11,15:49:00,15:49:00,404274,18.0,2
MV_A5-Weekday-093400_M116_707,M116,d1,12,15:51:24,15:51:24,401078,8.0,2
MV_A5-Weekday-093400_M116_707,M116,d1,13,15:53:00,15:53:00,401079,19.0,2
MV_A5-Weekday-093400_M116_707,M116,d1,14,15:54:26,15:54:26,400482,19.0,2
MV_A5-Weekday-093400_M116_707,M116,d1,15,15:55:18,15:55:18,400483,4.0,1
MV_A5-Weekday-093400_M116_707,M116,d1,16,15:56:49,15:56:49,400484,2.0,1
MV_A5-Weekday-093400_M116_707,M116,d1,17,15:58:04,15:58:04,403392,2.0,1
MV_A5-Weekday-093400_M116_707,M116,d1,18,15:59:07,15:59:07,401084,2.0,1
MV_A5-Weekday-093400_M116_707,M116,d1,19,16:00:01,16:00:01,401085,1.0,1
MV_A5-Weekday-093400_M116_707,M116,d1,20,16:01:00,16:01:00,402016,1.0,1
MV_A5-Weekday-093400_M116_707,M116,d1,21,16:01:41,16:01:41,402017,1.0,1
MV_A5-Weekday-093400_M116_707,M116,d1,22,16:02:00,16:02:00,401977,1.0,1
MV_A5-Weekday-056500_M116_702,M116,d1,1,9:25:00,9:25:00,401998,8.0,1
MV_A5-Weekday-056500_M116_702,M116,d1,2,9:25:37,9:25:37,405315,8.0,1
MV_A5-Weekday-056500_M116_702,M116,d1,3,9:26:00,9:26:00,401999,11.0,1
MV_A5-Weekday-056500_M116_702,M116,d1,4,9:27:26,9:27:26,402000,11.0,2
MV_A5-Weekday-056500_M116_702,M116,d1,5,9:29:58,9:29:58,402001,19.0,2
MV_A5-Weekday-056500_M116_702,M116,d1,6,9:31:21,9:31:21,402002,19.0,2
MV_A5-Weekday-056500_M116_702,M116,d1,7,9:32:49,9:32:49,402003,25.0,2
MV_A5-Weekday-056500_M116_702,M116,d1,8,9:33:59,9:33:59,402004,26.0,2
MV_A5-Weekday-056500_M116_702,M116,d1,9,9:36:00,9:36:00,402005,26.0,2
MV_A5-Weekday-056500_M116_702,M116,d1,10,9:36:52,9:36:52,402006,26.0,2
MV_A5-Weekday-056500_M116_702,M116,d1,11,9:40:00,9:40:00,404274,12.0,1
MV_A5-Weekday-056500_M116_702,M116,d1,12,9:42:24,9:42:24,401078,13.0,1
MV_A5-Weekday-056500_M116_702,M116,d1,13,9:44:00,9:44:00,401079,8.0,1
MV_A5-Weekday-056500_M116_702,M116,d1,14,9:45:26,9:45:26,400482,8.0,1
MV_A5-Weekday-056500_M116_702,M116,d1,15,9:46:18,9:46:18,400483,8.0,1
MV_A5-Weekday-056500_M116_702,M116,d1,16,9:47:49,9:47:49,400484,8.0,1
MV_A5-Weekday-056500_M116_702,M116,d1,17,9:49:04,9:49:04,403392,5.0,1
MV_A5-Weekday-056500_M116_702,M116,d1,18,9:50:07,9:50:07,401084,9.0,1
MV_A5-Weekday-056500_M116_702,M116,d1,19,9:51:01,9:51:01,401085,9.0,1
MV_A5-Weekday-056500_M116_702,M116,d1,20,9:52:00,9:52:00,402016,9.0,1
MV_A5-Weekday-056500_M116_702,M116,d1,21,9:52:41,9:52:41,402017,9.0,1
MV_A5-Weekday-056500_M116_702,M116,d1,22,9:53:00,9:53:00,401977,9.0,1
MV_A5-Weekday-109100_M116_717,M116,d1,1,18:11:00,18:11:00,401998,14.0,1
MV_A5-Weekday-109100_M116_717,M116,d1,2,18:11:37,18:11:37,405315,14.0,1
MV_A5-Weekday-109100_M116_717,M116,d1,3,18:12:00,18:12:00,401999,14.0,2
MV_A5-Weekday-109100_M116_717,M116,d1,4,18:13:26,18:13:26,402000,17.0,2
MV_A5-Weekday-109100_M116_717,M116,d1,5,18:15:58,18:15:58,402001,17.0,2
MV_A5-Weekday-109100_M116_717,M116,d1,6,18:17:21,18:17:21,402002,17.0,2
MV_A5-Weekday-109100_M116_717,M116,d1,7,18:18:49,18:18:49,402003,21.0,2
MV_A5-Weekday-109100_M116_717,M116,d1,8,18:19:59,18:19:59,402004,21.0,2
MV_A5-Weekday-109100_M116_717,M116,d1,9,18:22:00,18:22:00,402005,22.0,2
MV_A5-Weekday-109100_M116_717,M116,d1,10,18:22:52,18:22:52,402006,22.0,3
MV_A5-Weekday-109100_M116_717,M116,d1,11,18:26:00,18:26:00,404274,33.0,3
MV_A5-Weekday-109100_M116_717,M116,d1,12,18:28:24,18:28:24,401078,33.0,3
MV_A5-Weekday-109100_M116_717,M116,d1,13,18:30:00,18:30:00,401079,11.0,1
MV_A5-Weekday-109100_M116_717,M116,d1,14,18:31:26,18:31:26,400482,9.0,2
MV_A5-Weekday-109100_M116_717,M116,d1,15,18:32:18,18:32:18,400483,19.0,2
MV_A5-Weekday-109100_M116_717,M116,d1,16,18:33:49,18:33:49,400484,19.0,2
MV_A5-Weekday-109100_M116_717,M116,d1,17,18:35:04,18:35:04,403392,3.0,1
MV_A5-Weekday-109100_M116_717,M116,d1,18,18:36:07,18:36:07,401084,4.0,1
MV_A5-Weekday-109100_M116_717,M116,d1,19,18:37:01,18:37:01,401085,14.0,1
MV_A5-Weekday-109100_M116_717,M116,d1,20,18:38:00,18:38:00,402016,14.0,1
MV_A5-Weekday-109100_M116_717,M116,d1,21,18:38:41,18:38:41,402017,4.0,1
MV_A5-Weekday-109100_M116_717,M116,d1,22,18:39:00,18:39:00,401977,4.0,1
MV_A5-Weekday-108300_M116_714,M116,d1,1,18:03:00,18:03:00,401998,7.0,1
MV_A5-Weekday-108300_M116_714,M116,d1,2,18:03:37,18:03:37,405315,7.0,2
MV_A5-Weekday-108300_M116_714,M116,d1,3,18:04:00,18:04:00,401999,26.0,2
MV_A5-Weekday-108300_M116_714,M116,d1,4,18:05:26,18:05:26,402000,26.0,2
MV_A5-Weekday-108300_M116_714,M116,d1,5,18:07:58,18:07:58,402001,26.0,2
MV_A5-Weekday-108300_M116_714,M116,d1,6,18:09:21,18:09:21,402002,26.0,2
MV_A5-Weekday-108300_M116_714,M116,d1,7,18:10:49,18:10:49,402003,26.0,2
MV_A5-Weekday-108300_M116_714,M116,d1,8,18:11:59,18:11:59,402004,8.0,1
MV_A5-Weekday-108300_M116_714,M116,d1,9,18:14:00,18:14:00,402005,12.0,2
MV_A5-Weekday-108300_M116_714,M116,d1,10,18:14:52,18:14:52,402006,30.0,3
MV_A5-Weekday-108300_M116_714,M116,d1,11,18:18:00,18:18:00,404274,37.0,3
MV_A5-Weekday-108300_M116_714,M116,d1,12,18:20:24,18:20:24,401078,3.0,2
MV_A5-Weekday-108300_M116_714,M116,d1,13,18:22:00,18:22:00,401079,23.0,2
MV_A5-Weekday-108300_M116_714,M116,d1,14,18:23:26,18:23:26,400482,23.0,2
MV_A5-Weekday-108300_M116_714,M116,d1,15,18:24:18,18:24:18,400483,3.0,2
MV_A5-Weekday-108300_M116_714,M116,d1,16,18:25:49,18:25:49,400484,20.0,2
MV_A5-Weekday-108300_M116_714,M116,d1,17,18:27:04,18:27:04,403392,4.0,2
MV_A5-Weekday-108300_M116_714,M116,d1,18,18:28:07,18:28:07,401084,22.0,2
MV_A5-Weekday-108300_M116_714,M116,d1,19,18:29:01,18:29:01,401085,22.0,2
MV_A5-Weekday-108300_M116_714,M116,d1,20,18:30:00,18:30:00,402016,22.0,2
MV_A5-Weekday-108300_M116_714,M116,d1,21,18:30:41,18:30:41,402017,10.0,1
MV_A5-Weekday-108300_M116_714,M116,d1,22,18:31:00,18:31:00,401977,10.0,1
MV_A5-Weekday-SDon-047100_M116_X02,M116,d1,1,7:51:00,7:51:00,401998,16.0,1
MV_A5-Weekday-SDon-047100_M116_X02,M116,d1,2,7:51:37,7:51:37,405315,16.0,2
MV_A5-Weekday-SDon-047100_M116_X02,M116,d1,3,7:52:00,7:52:00,401999,25.0,2
MV_A5-Weekday-SDon-047100_M116_X02,M116,d1,4,7:53:17,7:53:17,402000,25.0,4
MV_A5-Weekday-SDon-047100_M116_X02,M116,d1,5,7:55:34,7:55:34,402001,52.0,4
MV_A5-Weekday-SDon-047100_M116_X02,M116,d1,6,7:56:49,7:56:49,402002,52.0,4
MV_A5-Weekday-SDon-047100_M116_X02,M116,d1,7,7:58:08,7:58:08,402003,54.0,4
MV_A5-Weekday-SDon-047100_M116_X02,M116,d1,8,7:59:11,7:59:11,402004,54.0,4
MV_A5-Weekday-SDon-047100_M116_X02,M116,d1,9,8:01:00,8:01:00,402005,54.0,4
MV_A5-Weekday-SDon-047100_M116_X02,M116,d1,10,8:01:52,8:01:52,402006,24.0,2
MV_A5-Weekday-SDon-047100_M116_X02,M116,d1,11,8:05:00,8:05:00,404274,28.0,2
MV_A5-Weekday-SDon-047100_M116_X02,M116,d1,12,8:06:48,8:06:48,401078,28.0,2
MV_A5-Weekday-SDon-047100_M116_X02,M116,d1,13,8:08:00,8:08:00,401079,13.0,2
MV_A5-Weekday-SDon-047100_M116_X02,M116,d1,14,8:09:48,8:09:48,400482,20.0,2
MV_A5-Weekday-SDon-047100_M116_X02,M116,d1,15,8:10:52,8:10:52,400483,20.0,2
MV_A5-Weekday-SDon-047100_M116_X02,M116,d1,16,8:12:46,8:12:46,400484,9.0,2
MV_A5-Weekday-SDon-047100_M116_X02,M116,d1,17,8:14:20,8:14:20,403392,22.0,2
MV_A5-Weekday-SDon-047100_M116_X02,M116,d1,18,8:15:39,8:15:39,401084,9.0,2
MV_A5-Weekday-SDon-047100_M116_X02,M116,d1,19,8:16:46,8:16:46,401085,20.0,2
MV_A5-Weekday-SDon-047100_M116_X02,M116,d1,20,8:18:00,8:18:00,402016,3.0,1
MV_A5-Weekday-SDon-047100_M116_X02,M116,d1,21,8:18:41,8:18:41,402017,4.0,1
MV_A5-Weekday-SDon-047100_M116_X02,M116,d1,22,8:19:00,8:19:00,401977,4.0,1
MV_A5-Weekday-035500_M116_701,M116,d1,1,5:55:00,5:55:00,401998,2.0,1
MV_A5-Weekday-035500_M116_701,M116,d1,2,5:55:37,5:55:37,405315,10.0,1
MV_A5-Weekday-035500_M116_701,M116,d1,3,5:56:00,5:56:00,401999,12.0,1
MV_A5-Weekday-035500_M116_701,M116,d1,4,5:57:00,5:57:00,402000,15.0,2
MV_A5-Weekday-035500_M116_701,M116,d1,5,5:58:46,5:58:46,402001,18.0,2
MV_A5-Weekday-035500_M116_701,M116,d1,6,5:59:45,5:59:45,402002,18.0,2
MV_A5-Weekday-035500_M116_701,M116,d1,7,6:00:46,6:00:46,402003,18.0,2
MV_A5-Weekday-035500_M116_701,M116,d1,8,6:01:35,6:01:35,402004,16.0,1
MV_A5-Weekday-035500_M116_701,M116,d1,9,6:03:00,6:03:00,402005,16.0,2
MV_A5-Weekday-035500_M116_701,M116,d1,10,6:03:26,6:03:26,402006,18.0,2
MV_A5-Weekday-035500_M116_701,M116,d1,11,6:05:00,6:05:00,404274,10.0,1
MV_A5-Weekday-035500_M116_701,M116,d1,12,6:06:12,6:06:12,401078,12.0,1
MV_A5-Weekday-035500_M116_701,M116,d1,13,6:07:00,6:07:00,401079,8.0,1
MV_A5-Weekday-035500_M116_701,M116,d1,14,6:07:54,6:07:54,400482,10.0,1
MV_A5-Weekday-035500_M116_701,M116,d1,15,6:08:26,6:08:26,400483,10.0,1
MV_A5-Weekday-035500_M116_701,M116,d1,16,6:09:23,6:09:23,400484,10.0,1
MV_A5-Weekday-035500_M116_701,M116,d1,17,6:10:10,6:10:10,403392,7.0,1
MV_A5-Weekday-035500_M116_701,M116,d1,18,6:10:49,6:10:49,401084,9.0,1
MV_A5-Weekday-035500_M116_701,M116,d1,19,6:11:23,6:11:23,401085,9.0,1
MV_A5-Weekday-035500_M116_701,M116,d1,20,6:12:00,6:12:00,402016,8.0,1
MV_A5-Weekday-035500_M116_701,M116,d1,21,6:12:41,6:12:41,402017,7.0,1
MV_A5-Weekday-035500_M116_701,M116,d1,22,6:13:00,6:13:00,401977,7.0,1
MV_A5-Weekday-SDon-038500_M116_704,M116,d1,1,6:25:00,6:25:00,401998,1.0,1
MV_A5-Weekday-SDon-038500_M116_704,M116,d1,2,6:25:37,6:25:37,405315,1.0,1
MV_A5-Weekday-SDon-038500_M116_704,M116,d1,3,6:26:00,6:26:00,401999,11.0,1
MV_A5-Weekday-SDon-038500_M116_704,M116,d1,4,6:27:00,6:27:00,402000,16.0,2
MV_A5-Weekday-SDon-038500_M116_704,M116,d1,5,6:28:46,6:28:46,402001,22.0,2
MV_A5-Weekday-SDon-038500_M116_704,M116,d1,6,6:29:45,6:29:45,402002,27.0,2
MV_A5-Weekday-SDon-038500_M116_704,M116,d1,7,6:30:46,6:30:46,402003,15.0,2
MV_A5-Weekday-SDon-038500_M116_704,M116,d1,8,6:31:35,6:31:35,402004,26.0,2
MV_A5-Weekday-SDon-038500_M116_704,M116,d1,9,6:33:00,6:33:00,402005,26.0,2
MV_A5-Weekday-SDon-038500_M116_704,M116,d1,10,6:33:39,6:33:39,402006,18.0,2
MV_A5-Weekday-SDon-038500_M116_704,M116,d1,11,6:36:00,6:36:00,404274,14.0,1
MV_A5-Weekday-SDon-038500_M116_704,M116,d1,12,6:37:48,6:37:48,401078,16.0,1
MV_A5-Weekday-SDon-038500_M116_704,M116,d1,13,6:39:00,6:39:00,401079,13.0,1
MV_A5-Weekday-SDon-038500_M116_704,M116,d1,14,6:40:26,6:40:26,400482,13.0,1
MV_A5-Weekday-SDon-038500_M116_704,M116,d1,15,6:41:18,6:41:18,400483,13.0,1
MV_A5-Weekday-SDon-038500_M116_704,M116,d1,16,6:42:49,6:42:49,400484,6.0,1
MV_A5-Weekday-SDon-038500_M116_704,M116,d1,17,6:44:04,6:44:04,403392,13.0,1
MV_A5-Weekday-SDon-038500_M116_704,M116,d1,18,6:45:07,6:45:07,401084,13.0,1
MV_A5-Weekday-SDon-038500_M116_704,M116,d1,19,6:46:01,6:46:01,401085,12.0,1
MV_A5-Weekday-SDon-038500_M116_704,M116,d1,20,6:47:00,6:47:00,402016,9.0,1
MV_A5-Weekday-SDon-038500_M116_704,M116,d1,21,6:47:41,6:47:41,402017,8.0,1
MV_A5-Weekday-SDon-038500_M116_704,M116,d1,22,6:48:00,6:48:00,401977,8.0,1
MV_A5-Weekday-SDon-126500_M116_713,M116,d1,1,21:05:00,21:05:00,404135,6.0,1
MV_A5-Weekday-SDon-126500_M116_713,M116,d1,2,21:06:07,21:06:07,401305,8.0,1
MV_A5-Weekday-SDon-126500_M116_713,M116,d1,3,21:06:44,21:06:44,401306,8.0,1
MV_A5-Weekday-SDon-126500_M116_713,M116,d1,4,21:07:46,21:07:46,401307,2.0,2
MV_A5-Weekday-SDon-126500_M116_713,M116,d1,5,21:08:36,21:08:36,401308,17.0,2
MV_A5-Weekday-SDon-126500_M116_713,M116,d1,6,21:10:14,21:10:14,404824,16.0,1
MV_A5-Weekday-SDon-126500_M116_713,M116,d1,7,21:11:20,21:11:20,401310,9.0,1
MV_A5-Weekday-SDon-126500_M116_713,M116,d1,8,21:12:49,21:12:49,401311,13.0,1
MV_A5-Weekday-SDon-126500_M116_713,M116,d1,9,21:13:48,21:13:48,401312,13.0,1
MV_A5-Weekday-SDon-126500_M116_713,M116,d1,10,21:14:47,21:14:47,401313,13.0,1
MV_A5-Weekday-SDon-126500_M116_713,M116,d1,11,21:16:21,21:16:21,401314,4.0,1
MV_A5-Weekday-SDon-126500_M116_713,M116,d1,12,21:17:23,21:17:23,401315,10.0,1
MV_A5-Weekday-SDon-126500_M116_713,M116,d1,13,21:19:02,21:19:02,401317,10.0,1
MV_A5-Weekday-SDon-126500_M116_713,M116,d1,14,21:19:47,21:19:47,403276,9.0,1
MV_A5-Weekday-SDon-126500_M116_713,M116,d1,15,21:21:00,21:21:00,401318,5.0,1
MV_A5-Weekday-SDon-126500_M116_713,M116,d1,16,21:23:46,21:23:46,405289,4.0,1
MV_A5-Weekday-SDon-126500_M116_713,M116,d1,17,21:25:08,21:25:08,404245,3.0,1
MV_A5-Weekday-SDon-126500_M116_713,M116,d1,18,21:27:00,21:27:00,404915,1.0,1
MV_A5-Weekday-SDon-126500_M116_713,M116,d1,19,21:27:39,21:27:39,405247,2.0,1
MV_A5-Weekday-SDon-126500_M116_713,M116,d1,20,21:28:41,21:28:41,401324,2.0,1
MV_A5-Weekday-SDon-126500_M116_713,M116,d1,21,21:30:32,21:30:32,401326,2.0,1
MV_A5-Weekday-SDon-126500_M116_713,M116,d1,22,21:31:20,21:31:20,401327,2.0,1
MV_A5-Weekday-SDon-126500_M116_713,M116,d1,23,21:32:18,21:32:18,401328,2.0,1
MV_A5-Weekday-SDon-126500_M116_713,M116,d1,24,21:33:08,21:33:08,401329,1.0,1
MV_A5-Weekday-SDon-126500_M116_713,M116,d1,25,21:34:01,21:34:01,401330,1.0,1
MV_A5-Weekday-SDon-126500_M116_713,M116,d1,26,21:35:09,21:35:09,401331,2.0,1
MV_A5-Weekday-SDon-126500_M116_713,M116,d1,27,21:36:36,21:36:36,401333,1.0,1
MV_A5-Weekday-SDon-126500_M116_713,M116,d1,28,21:37:25,21:37:25,401334,2.0,1
MV_A5-Weekday-SDon-126500_M116_713,M116,d1,29,21:38:16,21:38:16,401335,2.0,1
MV_A5-Weekday-SDon-126500_M116_713,M116,d1,30,21:38:59,21:38:59,401336,1.0,1
MV_A5-Weekday-SDon-126500_M116_713,M116,d1,31,21:40:00,21:40:00,401337,1.0,1
MV_A5-Weekday-SDon-126500_M116_713,M116,d1,32,21:40:46,21:40:46,401338,2.0,1
MV_A5-Weekday-SDon-126500_M116_713,M116,d1,33,21:41:51,21:41:51,401339,2.0,1
MV_A5-Weekday-SDon-126500_M116_713,M116,d1,34,21:42:39,21:42:39,404136,2.0,1
MV_A5-Weekday-SDon-126500_M116_713,M116,d1,35,21:43:24,21:43:24,401341,2.0,1
MV_A5-Weekday-SDon-126500_M116_713,M116,d1,36,21:44:33,21:44:33,401342,2.0,1
MV_A5-Weekday-SDon-126500_M116_713,M116,d1,37,21:45:22,21:45:22,401343,2.0,1
MV_A5-Weekday-SDon-126500_M116_713,M116,d1,38,21:46:09,21:46:09,401344,1.0,1
MV_A5-Weekday-SDon-126500_M116_713,M116,d1,39,21:46:54,21:46:54,401345,2.0,1
MV_A5-Weekday-SDon-126500_M116_713,M116,d1,40,21:47:40,21:47:40,404987,2.0,1
MV_A5-Weekday-SDon-126500_M116_713,M116,d1,41,21:48:24,21:48:24,404988,2.0,1
MV_A5-Weekday-SDon-126500_M116_713,M116,d1,42,21:50:00,21:50:00,401348,1.0,1
MV_A5-Weekday-SDon-126500_M116_713,M116,d1,43,21:50:35,21:50:35,400860,1.0,1
MV_A5-Weekday-SDon-126500_M116_713,M116,d1,44,21:51:20,21:51:20,400861,1.0,1
MV_A5-Weekday-SDon-126500_M116_713,M116,d1,45,21:52:00,21:52:00,405376,1.0,1
MV_A5-Weekday-SDon-103000_M116_712,M116,d1,1,17:10:00,17:10:00,401998,7.0,1
MV_A5-Weekday-SDon-103000_M116_712,M116,d1,2,17:10:37,17:10:37,405315,11.0,1
MV_A5-Weekday-SDon-103000_M116_712,M116,d1,3,17:11:00,17:11:00,401999,11.0,2
MV_A5-Weekday-SDon-103000_M116_712,M116,d1,4,17:12:26,17:12:26,402000,19.0,2
MV_A5-Weekday-SDon-103000_M116_712,M116,d1,5,17:14:58,17:14:58,402001,24.0,2
MV_A5-Weekday-SDon-103000_M116_712,M116,d1,6,17:16:21,17:16:21,402002,24.0,2
MV_A5-Weekday-SDon-103000_M116_712,M116,d1,7,17:17:49,17:17:49,402003,19.0,2
MV_A5-Weekday-SDon-103000_M116_712,M116,d1,8,17:18:59,17:18:59,402004,29.0,2
MV_A5-Weekday-SDon-103000_M116_712,M116,d1,9,17:21:00,17:21:00,402005,28.0,3
MV_A5-Weekday-SDon-103000_M116_712,M116,d1,10,17:21:52,17:21:52,402006,45.0,3
MV_A5-Weekday-SDon-103000_M116_712,M116,d1,11,17:25:00,17:25:00,404274,25.0,2
MV_A5-Weekday-SDon-103000_M116_712,M116,d1,12,17:27:24,17:27:24,401078,25.0,2
MV_A5-Weekday-SDon-103000_M116_712,M116,d1,13,17:29:00,17:29:00,401079,25.0,2
MV_A5-Weekday-SDon-103000_M116_712,M116,d1,14,17:30:26,17:30:26,400482,25.0,2
MV_A5-Weekday-SDon-103000_M116_712,M116,d1,15,17:31:18,17:31:18,400483,25.0,2
MV_A5-Weekday-SDon-103000_M116_712,M116,d1,16,17:32:49,17:32:49,400484,25.0,2
MV_A5-Weekday-SDon-103000_M116_712,M116,d1,17,17:34:04,17:34:04,403392,7.0,1
MV_A5-Weekday-SDon-103000_M116_712,M116,d1,18,17:35:07,17:35:07,401084,7.0,1
MV_A5-Weekday-SDon-103000_M116_712,M116,d1,19,17:36:01,17:36:01,401085,7.0,1
MV_A5-Weekday-SDon-103000_M116_712,M116,d1,20,17:37:00,17:37:00,402016,1.0,1
MV_A5-Weekday-SDon-103000_M116_712,M116,d1,21,17:37:41,17:37:41,402017,5.0,1
MV_A5-Weekday-SDon-103000_M116_712,M116,d1,22,17:38:00,17:38:00,401977,5.0,1
MV_A5-Weekday-SDon-087500_M116_710,M116,d1,1,14:35:00,14:35:00,404135,12.0,1
MV_A5-Weekday-SDon-087500_M116_710,M116,d1,2,14:36:23,14:36:23,401305,12.0,1
MV_A5-Weekday-SDon-087500_M116_710,M116,d1,3,14:37:10,14:37:10,401306,12.0,1
MV_A5-Weekday-SDon-087500_M116_710,M116,d1,4,14:38:27,14:38:27,401307,12.0,1
MV_A5-Weekday-SDon-087500_M116_710,M116,d1,5,14:39:30,14:39:30,401308,12.0,1
MV_A5-Weekday-SDon-087500_M116_710,M116,d1,6,14:41:32,14:41:32,404824,12.0,1
MV_A5-Weekday-SDon-087500_M116_710,M116,d1,7,14:42:55,14:42:55,401310,13.0,1
MV_A5-Weekday-SDon-087500_M116_710,M116,d1,8,14:44:46,14:44:46,401311,13.0,1
MV_A5-Weekday-SDon-087500_M116_710,M116,d1,9,14:46:00,14:46:00,401312,13.0,1
MV_A5-Weekday-SDon-087500_M116_710,M116,d1,10,14:47:14,14:47:14,401313,13.0,1
MV_A5-Weekday-SDon-087500_M116_710,M116,d1,11,14:49:12,14:49:12,401314,13.0,1
MV_A5-Weekday-SDon-087500_M116_710,M116,d1,12,14:50:28,14:50:28,401315,13.0,1
MV_A5-Weekday-SDon-087500_M116_710,M116,d1,13,14:52:33,14:52:33,401317,13.0,1
MV_A5-Weekday-SDon-087500_M116_710,M116,d1,14,14:53:29,14:53:29,403276,13.0,1
MV_A5-Weekday-SDon-087500_M116_710,M116,d1,15,14:55:00,14:55:00,401318,13.0,1
MV_A5-Weekday-SDon-087500_M116_710,M116,d1,16,14:57:46,14:57:46,405289,13.0,1
MV_A5-Weekday-SDon-087500_M116_710,M116,d1,17,14:59:08,14:59:08,404245,13.0,1
MV_A5-Weekday-SDon-087500_M116_710,M116,d1,18,15:01:00,15:01:00,404915,13.0,1
MV_A5-Weekday-SDon-087500_M116_710,M116,d1,19,15:01:50,15:01:50,405247,13.0,1
MV_A5-Weekday-SDon-087500_M116_710,M116,d1,20,15:03:12,15:03:12,401324,13.0,1
MV_A5-Weekday-SDon-087500_M116_710,M116,d1,21,15:05:37,15:05:37,401326,13.0,1
MV_A5-Weekday-SDon-087500_M116_710,M116,d1,22,15:06:40,15:06:40,401327,13.0,1
MV_A5-Weekday-SDon-087500_M116_710,M116,d1,23,15:07:55,15:07:55,401328,13.0,1
MV_A5-Weekday-SDon-087500_M116_710,M116,d1,24,15:09:01,15:09:01,401329,13.0,1
MV_A5-Weekday-SDon-087500_M116_710,M116,d1,25,15:10:10,15:10:10,401330,13.0,1
MV_A5-Weekday-SDon-087500_M116_710,M116,d1,26,15:11:39,15:11:39,401331,3.0,2
MV_A5-Weekday-SDon-087500_M116_710,M116,d1,27,15:13:33,15:13:33,401333,27.0,2
MV_A5-Weekday-SDon-087500_M116_710,M116,d1,28,15:14:37,15:14:37,401334,27.0,2
MV_A5-Weekday-SDon-087500_M116_710,M116,d1,29,15:15:44,15:15:44,401335,27.0,2
MV_A5-Weekday-SDon-087500_M116_710,M116,d1,30,15:16:40,15:16:40,401336,27.0,2
MV_A5-Weekday-SDon-087500_M116_710,M116,d1,31,15:18:00,15:18:00,401337,27.0,2
MV_A5-Weekday-SDon-087500_M116_710,M116,d1,32,15:19:09,15:19:09,401338,27.0,2
MV_A5-Weekday-SDon-087500_M116_710,M116,d1,33,15:20:46,15:20:46,401339,27.0,2
MV_A5-Weekday-SDon-087500_M116_710,M116,d1,34,15:21:59,15:21:59,404136,12.0,1
MV_A5-Weekday-SDon-087500_M116_710,M116,d1,35,15:23:06,15:23:06,401341,16.0,1
MV_A5-Weekday-SDon-087500_M116_710,M116,d1,36,15:24:50,15:24:50,401342,8.0,1
MV_A5-Weekday-SDon-087500_M116_710,M116,d1,37,15:26:03,15:26:03,401343,7.0,1
MV_A5-Weekday-SDon-087500_M116_710,M116,d1,38,15:27:14,15:27:14,401344,4.0,1
MV_A5-Weekday-SDon-087500_M116_710,M116,d1,39,15:28:22,15:28:22,401345,9.0,1
MV_A5-Weekday-SDon-087500_M116_710,M116,d1,40,15:29:29,15:29:29,404987,8.0,1
MV_A5-Weekday-SDon-087500_M116_710,M116,d1,41,15:30:36,15:30:36,404988,5.0,1
MV_A5-Weekday-SDon-087500_M116_710,M116,d1,42,15:33:00,15:33:00,401348,4.0,1
MV_A5-Weekday-SDon-087500_M116_710,M116,d1,43,15:33:35,15:33:35,400860,2.0,1
MV_A5-Weekday-SDon-087500_M116_710,M116,d1,44,15:34:20,15:34:20,400861,2.0,1
MV_A5-Weekday-SDon-087500_M116_710,M116,d1,45,15:35:00,15:35:00,405376,2.0,1
