trip_id,route,direction,stop_sequence,arrival_time,departure_time,stop_id,estimated_passenger_count,required_pods
MV_A5-Weekday-113500_M11_622,M11,d0,1,18:55:00,18:55:00,405374,5.0,1
MV_A5-Weekday-113500_M11_622,M11,d0,2,18:56:07,18:56:07,404919,5.0,1
MV_A5-Weekday-113500_M11_622,M11,d0,3,18:57:23,18:57:23,404872,5.0,1
MV_A5-Weekday-113500_M11_622,M11,d0,4,18:58:54,18:58:54,404846,5.0,1
MV_A5-Weekday-113500_M11_622,M11,d0,5,19:00:14,19:00:14,401239,6.0,1
MV_A5-Weekday-113500_M11_622,M11,d0,6,19:02:00,19:02:00,405393,8.0,1
MV_A5-Weekday-113500_M11_622,M11,d0,7,19:03:34,19:03:34,903209,8.0,1
MV_A5-Weekday-113500_M11_622,M11,d0,8,19:04:33,19:04:33,401016,9.0,1
MV_A5-Weekday-113500_M11_622,M11,d0,9,19:06:00,19:06:00,400747,8.0,1
MV_A5-Weekday-113500_M11_622,M11,d0,10,19:08:04,19:08:04,403271,12.0,1
MV_A5-Weekday-113500_M11_622,M11,d0,11,19:10:07,19:10:07,400750,12.0,1
MV_A5-Weekday-113500_M11_622,M11,d0,12,19:12:56,19:12:56,403103,12.0,1
MV_A5-Weekday-113500_M11_622,M11,d0,13,19:14:25,19:14:25,403104,11.0,1
MV_A5-Weekday-113500_M11_622,M11,d0,14,19:15:42,19:15:42,403105,11.0,1
MV_A5-Weekday-113500_M11_622,M11,d0,15,19:17:00,19:17:00,403106,8.0,1
MV_A5-Weekday-113500_M11_622,M11,d0,16,19:18:53,19:18:53,403107,10.0,1
MV_A5-Weekday-113500_M11_622,M11,d0,17,19:20:25,19:20:25,903299,11.0,1
MV_A5-Weekday-113500_M11_622,M11,d0,18,19:21:28,19:21:28,403109,9.0,1
MV_A5-Weekday-113500_M11_622,M11,d0,19,19:22:43,19:22:43,403110,9.0,2
MV_A5-Weekday-113500_M11_622,M11,d0,20,19:24:34,19:24:34,403111,19.0,2
MV_A5-Weekday-113500_M11_622,M11,d0,21,19:25:50,19:25:50,403112,20.0,2
MV_A5-Weekday-113500_M11_622,M11,d0,22,19:28:00,19:28:00,405248,7.0,2
MV_A5-Weekday-113500_M11_622,M11,d0,23,19:29:46,19:29:46,403114,22.0,2
MV_A5-Weekday-113500_M11_622,M11,d0,24,19:31:26,19:31:26,403115,7.0,2
MV_A5-Weekday-113500_M11_622,M11,d0,25,19:32:42,19:32:42,403116,23.0,2
MV_A5-Weekday-113500_M11_622,M11,d0,26,19:34:00,19:34:00,405394,5.0,2
MV_A5-Weekday-113500_M11_622,M11,d0,27,19:35:48,19:35:48,403118,20.0,2
MV_A5-Weekday-113500_M11_622,M11,d0,28,19:36:43,19:36:43,403119,16.0,1
MV_A5-Weekday-113500_M11_622,M11,d0,29,19:38:16,19:38:16,404260,15.0,2
MV_A5-Weekday-113500_M11_622,M11,d0,30,19:39:30,19:39:30,403122,17.0,2
MV_A5-Weekday-113500_M11_622,M11,d0,31,19:41:28,19:41:28,404262,13.0,1
MV_A5-Weekday-113500_M11_622,M11,d0,32,19:42:49,19:42:49,403125,1.0,1
MV_A5-Weekday-113500_M11_622,M11,d0,33,19:44:20,19:44:20,403126,2.0,1
MV_A5-Weekday-113500_M11_622,M11,d0,34,19:45:06,19:45:06,403127,2.0,1
MV_A5-Weekday-113500_M11_622,M11,d0,35,19:47:48,19:47:48,401444,2.0,1
MV_A5-Weekday-113500_M11_622,M11,d0,36,19:49:00,19:49:00,903352,2.0,1
MV_A5-Weekday-SDon-045700_M11_610,M11,d0,1,7:37:00,7:37:00,401393,5.0,1
MV_A5-Weekday-SDon-045700_M11_610,M11,d0,2,7:37:49,7:37:49,405120,5.0,1
MV_A5-Weekday-SDon-045700_M11_610,M11,d0,3,7:38:32,7:38:32,405167,5.0,1
MV_A5-Weekday-SDon-045700_M11_610,M11,d0,4,7:39:00,7:39:00,405265,5.0,1
MV_A5-Weekday-SDon-045700_M11_610,M11,d0,5,7:40:04,7:40:04,405152,5.0,1
MV_A5-Weekday-SDon-045700_M11_610,M11,d0,6,7:41:42,7:41:42,405151,15.0,1
MV_A5-Weekday-SDon-045700_M11_610,M11,d0,7,7:43:05,7:43:05,404161,15.0,1
MV_A5-Weekday-SDon-045700_M11_610,M11,d0,8,7:43:59,7:43:59,401398,15.0,1
MV_A5-Weekday-SDon-045700_M11_610,M11,d0,9,7:45:00,7:45:00,403802,15.0,1
MV_A5-Weekday-SDon-045700_M11_610,M11,d0,10,7:46:25,7:46:25,401400,15.0,2
MV_A5-Weekday-SDon-045700_M11_610,M11,d0,11,7:47:47,7:47:47,401401,27.0,2
MV_A5-Weekday-SDon-045700_M11_610,M11,d0,12,7:49:51,7:49:51,401402,27.0,2
MV_A5-Weekday-SDon-045700_M11_610,M11,d0,13,7:52:07,7:52:07,401404,24.0,2
MV_A5-Weekday-SDon-045700_M11_610,M11,d0,14,7:54:35,7:54:35,404279,29.0,2
MV_A5-Weekday-SDon-045700_M11_610,M11,d0,15,7:56:13,7:56:13,405631,29.0,2
MV_A5-Weekday-SDon-045700_M11_610,M11,d0,16,7:58:00,7:58:00,401407,20.0,2
MV_A5-Weekday-SDon-045700_M11_610,M11,d0,17,7:59:41,7:59:41,401408,32.0,2
MV_A5-Weekday-SDon-045700_M11_610,M11,d0,18,8:00:49,8:00:49,401409,13.0,1
MV_A5-Weekday-SDon-045700_M11_610,M11,d0,19,8:01:55,8:01:55,401410,13.0,1
MV_A5-Weekday-SDon-045700_M11_610,M11,d0,20,8:03:49,8:03:49,401411,13.0,1
MV_A5-Weekday-SDon-045700_M11_610,M11,d0,21,8:05:14,8:05:14,401412,8.0,1
MV_A5-Weekday-SDon-045700_M11_610,M11,d0,22,8:06:03,8:06:03,401413,16.0,1
MV_A5-Weekday-SDon-045700_M11_610,M11,d0,23,8:07:33,8:07:33,401414,9.0,1
MV_A5-Weekday-SDon-045700_M11_610,M11,d0,24,8:09:21,8:09:21,401416,5.0,1
MV_A5-Weekday-SDon-045700_M11_610,M11,d0,25,8:10:51,8:10:51,401417,11.0,1
MV_A5-Weekday-SDon-045700_M11_610,M11,d0,26,8:12:00,8:12:00,403472,11.0,1
MV_A5-Weekday-SDon-045700_M11_610,M11,d0,27,8:13:10,8:13:10,403555,12.0,1
MV_A5-Weekday-SDon-045700_M11_610,M11,d0,28,8:15:00,8:15:00,401021,10.0,1
MV_A5-Weekday-SDon-045700_M11_610,M11,d0,29,8:16:10,8:16:10,401022,2.0,1
MV_A5-Weekday-SDon-045700_M11_610,M11,d0,30,8:17:48,8:17:48,401023,10.0,1
MV_A5-Weekday-SDon-045700_M11_610,M11,d0,31,8:18:53,8:18:53,401024,14.0,1
MV_A5-Weekday-SDon-045700_M11_610,M11,d0,32,8:20:08,8:20:08,401025,14.0,1
MV_A5-Weekday-SDon-045700_M11_610,M11,d0,33,8:21:16,8:21:16,401026,8.0,1
MV_A5-Weekday-SDon-045700_M11_610,M11,d0,34,8:23:03,8:23:03,401027,7.0,1
MV_A5-Weekday-SDon-045700_M11_610,M11,d0,35,8:24:25,8:24:25,404320,12.0,1
MV_A5-Weekday-SDon-045700_M11_610,M11,d0,36,8:25:51,8:25:51,401029,9.0,1
MV_A5-Weekday-SDon-045700_M11_610,M11,d0,37,8:26:58,8:26:58,401030,15.0,1
MV_A5-Weekday-SDon-045700_M11_610,M11,d0,38,8:28:44,8:28:44,401031,14.0,3
MV_A5-Weekday-SDon-045700_M11_610,M11,d0,39,8:29:52,8:29:52,401032,41.0,3
MV_A5-Weekday-SDon-045700_M11_610,M11,d0,40,8:31:00,8:31:00,401033,14.0,2
MV_A5-Weekday-SDon-045700_M11_610,M11,d0,41,8:31:59,8:31:59,401034,29.0,3
MV_A5-Weekday-SDon-045700_M11_610,M11,d0,42,8:33:13,8:33:13,401035,43.0,3
MV_A5-Weekday-SDon-045700_M11_610,M11,d0,43,8:34:22,8:34:22,401435,18.0,2
MV_A5-Weekday-SDon-045700_M11_610,M11,d0,44,8:36:00,8:36:00,401436,5.0,3
MV_A5-Weekday-SDon-045700_M11_610,M11,d0,45,8:37:45,8:37:45,401438,33.0,3
MV_A5-Weekday-SDon-045700_M11_610,M11,d0,46,8:38:46,8:38:46,403886,1.0,1
MV_A5-Weekday-SDon-045700_M11_610,M11,d0,47,8:39:58,8:39:58,401440,4.0,1
MV_A5-Weekday-SDon-045700_M11_610,M11,d0,48,8:41:04,8:41:04,401441,1.0,1
MV_A5-Weekday-SDon-045700_M11_610,M11,d0,49,8:42:09,8:42:09,401442,3.0,1
MV_A5-Weekday-SDon-045700_M11_610,M11,d0,50,8:43:30,8:43:30,401443,1.0,1
MV_A5-Weekday-SDon-045700_M11_610,M11,d0,51,8:44:56,8:44:56,403292,3.0,1
MV_A5-Weekday-SDon-045700_M11_610,M11,d0,52,8:45:48,8:45:48,401444,2.0,1
MV_A5-Weekday-SDon-045700_M11_610,M11,d0,53,8:47:00,8:47:00,401446,12.0,1
MV_A5-Weekday-SDon-045700_M11_610,M11,d0,54,8:48:12,8:48:12,401447,2.0,1
MV_A5-Weekday-SDon-045700_M11_610,M11,d0,55,8:50:11,8:50:11,403757,1.0,1
MV_A5-Weekday-SDon-045700_M11_610,M11,d0,56,8:52:00,8:52:00,404011,1.0,1
MV_A5-Weekday-SDon-045700_M11_610,M11,d0,57,8:52:12,8:52:12,404012,1.0,1
MV_A5-Weekday-SDon-045700_M11_610,M11,d0,58,8:52:34,8:52:34,404013,1.0,1
MV_A5-Weekday-SDon-045700_M11_610,M11,d0,59,8:52:45,8:52:45,404056,1.0,1
MV_A5-Weekday-SDon-045700_M11_610,M11,d0,60,8:53:13,8:53:13,404014,2.0,1
MV_A5-Weekday-SDon-045700_M11_610,M11,d0,61,8:53:27,8:53:27,404015,1.0,1
MV_A5-Weekday-SDon-045700_M11_610,M11,d0,62,8:54:00,8:54:00,803194,1.0,1
MV_A5-Weekday-SDon-078100_M11_613,M11,d0,1,13:01:00,13:01:00,401393,5.0,1
MV_A5-Weekday-SDon-078100_M11_613,M11,d0,2,13:01:49,13:01:49,405120,5.0,1
MV_A5-Weekday-SDon-078100_M11_613,M11,d0,3,13:02:32,13:02:32,405167,5.0,1
MV_A5-Weekday-SDon-078100_M11_613,M11,d0,4,13:03:00,13:03:00,405265,11.0,1
MV_A5-Weekday-SDon-078100_M11_613,M11,d0,5,13:04:15,13:04:15,405152,11.0,1
MV_A5-Weekday-SDon-078100_M11_613,M11,d0,6,13:06:09,13:06:09,405151,11.0,1
MV_A5-Weekday-SDon-078100_M11_613,M11,d0,7,13:07:46,13:07:46,404161,11.0,1
MV_A5-Weekday-SDon-078100_M11_613,M11,d0,8,13:08:49,13:08:49,401398,7.0,1
MV_A5-Weekday-SDon-078100_M11_613,M11,d0,9,13:10:00,13:10:00,403802,13.0,1
MV_A5-Weekday-SDon-078100_M11_613,M11,d0,10,13:11:25,13:11:25,401400,9.0,1
MV_A5-Weekday-SDon-078100_M11_613,M11,d0,11,13:12:47,13:12:47,401401,7.0,1
MV_A5-Weekday-SDon-078100_M11_613,M11,d0,12,13:14:51,13:14:51,401402,11.0,2
MV_A5-Weekday-SDon-078100_M11_613,M11,d0,13,13:17:07,13:17:07,401404,17.0,2
MV_A5-Weekday-SDon-078100_M11_613,M11,d0,14,13:19:35,13:19:35,404279,17.0,2
MV_A5-Weekday-SDon-078100_M11_613,M11,d0,15,13:21:13,13:21:13,405631,17.0,2
MV_A5-Weekday-SDon-078100_M11_613,M11,d0,16,13:23:00,13:23:00,401407,17.0,2
MV_A5-Weekday-SDon-078100_M11_613,M11,d0,17,13:24:48,13:24:48,401408,17.0,2
MV_A5-Weekday-SDon-078100_M11_613,M11,d0,18,13:26:01,13:26:01,401409,17.0,2
MV_A5-Weekday-SDon-078100_M11_613,M11,d0,19,13:27:12,13:27:12,401410,17.0,2
MV_A5-Weekday-SDon-078100_M11_613,M11,d0,20,13:29:14,13:29:14,401411,17.0,2
MV_A5-Weekday-SDon-078100_M11_613,M11,d0,21,13:30:45,13:30:45,401412,17.0,2
MV_A5-Weekday-SDon-078100_M11_613,M11,d0,22,13:31:37,13:31:37,401413,10.0,2
MV_A5-Weekday-SDon-078100_M11_613,M11,d0,23,13:33:14,13:33:14,401414,18.0,2
MV_A5-Weekday-SDon-078100_M11_613,M11,d0,24,13:35:09,13:35:09,401416,18.0,2
MV_A5-Weekday-SDon-078100_M11_613,M11,d0,25,13:36:46,13:36:46,401417,18.0,2
MV_A5-Weekday-SDon-078100_M11_613,M11,d0,26,13:38:00,13:38:00,403472,18.0,2
MV_A5-Weekday-SDon-078100_M11_613,M11,d0,27,13:39:33,13:39:33,403555,18.0,2
MV_A5-Weekday-SDon-078100_M11_613,M11,d0,28,13:42:00,13:42:00,401021,18.0,2
MV_A5-Weekday-SDon-078100_M11_613,M11,d0,29,13:43:14,13:43:14,401022,18.0,2
MV_A5-Weekday-SDon-078100_M11_613,M11,d0,30,13:44:58,13:44:58,401023,18.0,2
MV_A5-Weekday-SDon-078100_M11_613,M11,d0,31,13:46:08,13:46:08,401024,19.0,2
MV_A5-Weekday-SDon-078100_M11_613,M11,d0,32,13:47:28,13:47:28,401025,19.0,2
MV_A5-Weekday-SDon-078100_M11_613,M11,d0,33,13:48:40,13:48:40,401026,18.0,2
MV_A5-Weekday-SDon-078100_M11_613,M11,d0,34,13:50:33,13:50:33,401027,21.0,2
MV_A5-Weekday-SDon-078100_M11_613,M11,d0,35,13:52:01,13:52:01,404320,21.0,2
MV_A5-Weekday-SDon-078100_M11_613,M11,d0,36,13:53:31,13:53:31,401029,19.0,2
MV_A5-Weekday-SDon-078100_M11_613,M11,d0,37,13:54:43,13:54:43,401030,23.0,2
MV_A5-Weekday-SDon-078100_M11_613,M11,d0,38,13:56:35,13:56:35,401031,28.0,2
MV_A5-Weekday-SDon-078100_M11_613,M11,d0,39,13:57:48,13:57:48,401032,28.0,2
MV_A5-Weekday-SDon-078100_M11_613,M11,d0,40,13:59:00,13:59:00,401033,24.0,2
MV_A5-Weekday-SDon-078100_M11_613,M11,d0,41,13:59:59,13:59:59,401034,29.0,2
MV_A5-Weekday-SDon-078100_M11_613,M11,d0,42,14:01:13,14:01:13,401035,31.0,3
MV_A5-Weekday-SDon-078100_M11_613,M11,d0,43,14:02:22,14:02:22,401435,33.0,3
MV_A5-Weekday-SDon-078100_M11_613,M11,d0,44,14:04:00,14:04:00,401436,21.0,2
MV_A5-Weekday-SDon-078100_M11_613,M11,d0,45,14:06:23,14:06:23,401438,23.0,2
MV_A5-Weekday-SDon-078100_M11_613,M11,d0,46,14:07:47,14:07:47,403886,20.0,2
MV_A5-Weekday-SDon-078100_M11_613,M11,d0,47,14:09:25,14:09:25,401440,17.0,2
MV_A5-Weekday-SDon-078100_M11_613,M11,d0,48,14:10:55,14:10:55,401441,17.0,2
MV_A5-Weekday-SDon-078100_M11_613,M11,d0,49,14:12:23,14:12:23,401442,17.0,2
MV_A5-Weekday-SDon-078100_M11_613,M11,d0,50,14:14:14,14:14:14,401443,17.0,2
MV_A5-Weekday-SDon-078100_M11_613,M11,d0,51,14:16:11,14:16:11,403292,17.0,2
MV_A5-Weekday-SDon-078100_M11_613,M11,d0,52,14:17:21,14:17:21,401444,20.0,2
MV_A5-Weekday-SDon-078100_M11_613,M11,d0,53,14:19:00,14:19:00,401446,7.0,1
MV_A5-Weekday-SDon-078100_M11_613,M11,d0,54,14:20:12,14:20:12,401447,11.0,1
MV_A5-Weekday-SDon-078100_M11_613,M11,d0,55,14:22:11,14:22:11,403757,11.0,1
MV_A5-Weekday-SDon-078100_M11_613,M11,d0,56,14:24:00,14:24:00,404011,11.0,1
MV_A5-Weekday-SDon-078100_M11_613,M11,d0,57,14:24:18,14:24:18,404012,11.0,1
MV_A5-Weekday-SDon-078100_M11_613,M11,d0,58,14:24:51,14:24:51,404013,3.0,1
MV_A5-Weekday-SDon-078100_M11_613,M11,d0,59,14:25:08,14:25:08,404056,3.0,1
MV_A5-Weekday-SDon-078100_M11_613,M11,d0,60,14:25:49,14:25:49,404014,1.0,1
MV_A5-Weekday-SDon-078100_M11_613,M11,d0,61,14:26:11,14:26:11,404015,7.0,1
MV_A5-Weekday-SDon-078100_M11_613,M11,d0,62,14:27:00,14:27:00,803194,7.0,1
MV_A5-Weekday-SDon-119000_M11_626,M11,d0,1,19:50:00,19:50:00,401393,2.0,1
MV_A5-Weekday-SDon-119000_M11_626,M11,d0,2,19:50:49,19:50:49,405120,4.0,1
MV_A5-Weekday-SDon-119000_M11_626,M11,d0,3,19:51:32,19:51:32,405167,4.0,1
MV_A5-Weekday-SDon-119000_M11_626,M11,d0,4,19:52:00,19:52:00,405265,6.0,1
MV_A5-Weekday-SDon-119000_M11_626,M11,d0,5,19:53:15,19:53:15,405152,7.0,1
MV_A5-Weekday-SDon-119000_M11_626,M11,d0,6,19:55:09,19:55:09,405151,9.0,1
MV_A5-Weekday-SDon-119000_M11_626,M11,d0,7,19:56:46,19:56:46,404161,9.0,1
MV_A5-Weekday-SDon-119000_M11_626,M11,d0,8,19:57:49,19:57:49,401398,9.0,1
MV_A5-Weekday-SDon-119000_M11_626,M11,d0,9,19:59:00,19:59:00,403802,14.0,1
MV_A5-Weekday-SDon-119000_M11_626,M11,d0,10,19:59:59,19:59:59,401400,16.0,1
MV_A5-Weekday-SDon-119000_M11_626,M11,d0,11,20:00:56,20:00:56,401401,12.0,2
MV_A5-Weekday-SDon-119000_M11_626,M11,d0,12,20:02:22,20:02:22,401402,17.0,2
MV_A5-Weekday-SDon-119000_M11_626,M11,d0,13,20:03:56,20:03:56,401404,30.0,2
MV_A5-Weekday-SDon-119000_M11_626,M11,d0,14,20:05:38,20:05:38,404279,24.0,2
MV_A5-Weekday-SDon-119000_M11_626,M11,d0,15,20:06:46,20:06:46,405631,32.0,2
MV_A5-Weekday-SDon-119000_M11_626,M11,d0,16,20:08:00,20:08:00,401407,26.0,2
MV_A5-Weekday-SDon-119000_M11_626,M11,d0,17,20:09:19,20:09:19,401408,28.0,2
MV_A5-Weekday-SDon-119000_M11_626,M11,d0,18,20:10:13,20:10:13,401409,26.0,2
MV_A5-Weekday-SDon-119000_M11_626,M11,d0,19,20:11:05,20:11:05,401410,17.0,2
MV_A5-Weekday-SDon-119000_M11_626,M11,d0,20,20:12:35,20:12:35,401411,19.0,2
MV_A5-Weekday-SDon-119000_M11_626,M11,d0,21,20:13:41,20:13:41,401412,21.0,2
MV_A5-Weekday-SDon-119000_M11_626,M11,d0,22,20:14:19,20:14:19,401413,23.0,2
MV_A5-Weekday-SDon-119000_M11_626,M11,d0,23,20:15:31,20:15:31,401414,23.0,2
MV_A5-Weekday-SDon-119000_M11_626,M11,d0,24,20:16:55,20:16:55,401416,19.0,2
MV_A5-Weekday-SDon-119000_M11_626,M11,d0,25,20:18:06,20:18:06,401417,28.0,2
MV_A5-Weekday-SDon-119000_M11_626,M11,d0,26,20:19:00,20:19:00,403472,10.0,2
MV_A5-Weekday-SDon-119000_M11_626,M11,d0,27,20:20:10,20:20:10,403555,21.0,2
MV_A5-Weekday-SDon-119000_M11_626,M11,d0,28,20:22:00,20:22:00,401021,20.0,2
MV_A5-Weekday-SDon-119000_M11_626,M11,d0,29,20:23:01,20:23:01,401022,29.0,2
MV_A5-Weekday-SDon-119000_M11_626,M11,d0,30,20:24:27,20:24:27,401023,31.0,2
MV_A5-Weekday-SDon-119000_M11_626,M11,d0,31,20:25:24,20:25:24,401024,31.0,2
MV_A5-Weekday-SDon-119000_M11_626,M11,d0,32,20:26:30,20:26:30,401025,18.0,2
MV_A5-Weekday-SDon-119000_M11_626,M11,d0,33,20:27:29,20:27:29,401026,27.0,2
MV_A5-Weekday-SDon-119000_M11_626,M11,d0,34,20:29:03,20:29:03,401027,9.0,2
MV_A5-Weekday-SDon-119000_M11_626,M11,d0,35,20:30:15,20:30:15,404320,17.0,2
MV_A5-Weekday-SDon-119000_M11_626,M11,d0,36,20:31:29,20:31:29,401029,17.0,2
MV_A5-Weekday-SDon-119000_M11_626,M11,d0,37,20:32:28,20:32:28,401030,17.0,2
MV_A5-Weekday-SDon-119000_M11_626,M11,d0,38,20:34:01,20:34:01,401031,12.0,1
MV_A5-Weekday-SDon-119000_M11_626,M11,d0,39,20:35:01,20:35:01,401032,11.0,1
MV_A5-Weekday-SDon-119000_M11_626,M11,d0,40,20:36:00,20:36:00,401033,10.0,1
MV_A5-Weekday-SDon-119000_M11_626,M11,d0,41,20:36:47,20:36:47,401034,12.0,1
MV_A5-Weekday-SDon-119000_M11_626,M11,d0,42,20:37:46,20:37:46,401035,9.0,1
MV_A5-Weekday-SDon-119000_M11_626,M11,d0,43,20:38:41,20:38:41,401435,11.0,1
MV_A5-Weekday-SDon-119000_M11_626,M11,d0,44,20:40:00,20:40:00,401436,12.0,1
MV_A5-Weekday-SDon-119000_M11_626,M11,d0,45,20:41:35,20:41:35,401438,13.0,1
MV_A5-Weekday-SDon-119000_M11_626,M11,d0,46,20:42:31,20:42:31,403886,14.0,1
MV_A5-Weekday-SDon-119000_M11_626,M11,d0,47,20:43:37,20:43:37,401440,14.0,1
MV_A5-Weekday-SDon-119000_M11_626,M11,d0,48,20:44:37,20:44:37,401441,4.0,1
MV_A5-Weekday-SDon-119000_M11_626,M11,d0,49,20:45:36,20:45:36,401442,3.0,1
MV_A5-Weekday-SDon-119000_M11_626,M11,d0,50,20:46:49,20:46:49,401443,9.0,1
MV_A5-Weekday-SDon-119000_M11_626,M11,d0,51,20:48:07,20:48:07,403292,6.0,1
MV_A5-Weekday-SDon-119000_M11_626,M11,d0,52,20:48:54,20:48:54,401444,5.0,1
MV_A5-Weekday-SDon-119000_M11_626,M11,d0,53,20:50:00,20:50:00,401446,4.0,1
MV_A5-Weekday-SDon-119000_M11_626,M11,d0,54,20:50:58,20:50:58,401447,5.0,1
MV_A5-Weekday-SDon-119000_M11_626,M11,d0,55,20:52:33,20:52:33,403757,1.0,1
MV_A5-Weekday-SDon-119000_M11_626,M11,d0,56,20:54:00,20:54:00,404011,3.0,1
MV_A5-Weekday-SDon-119000_M11_626,M11,d0,57,20:54:18,20:54:18,404012,3.0,1
MV_A5-Weekday-SDon-119000_M11_626,M11,d0,58,20:54:51,20:54:51,404013,3.0,1
MV_A5-Weekday-SDon-119000_M11_626,M11,d0,59,20:55:08,20:55:08,404056,1.0,1
MV_A5-Weekday-SDon-119000_M11_626,M11,d0,60,20:55:49,20:55:49,404014,3.0,1
MV_A5-Weekday-SDon-119000_M11_626,M11,d0,61,20:56:11,20:56:11,404015,1.0,1
MV_A5-Weekday-SDon-119000_M11_626,M11,d0,62,20:57:00,20:57:00,803194,1.0,1
MV_A5-Weekday-SDon-042700_M11_607,M11,d0,1,7:07:00,7:07:00,401393,1.0,1
MV_A5-Weekday-SDon-042700_M11_607,M11,d0,2,7:07:49,7:07:49,405120,1.0,3
MV_A5-Weekday-SDon-042700_M11_607,M11,d0,3,7:08:32,7:08:32,405167,35.0,3
MV_A5-Weekday-SDon-042700_M11_607,M11,d0,4,7:09:00,7:09:00,405265,35.0,3
MV_A5-Weekday-SDon-042700_M11_607,M11,d0,5,7:09:54,7:09:54,405152,35.0,3
MV_A5-Weekday-SDon-042700_M11_607,M11,d0,6,7:11:15,7:11:15,405151,35.0,3
MV_A5-Weekday-SDon-042700_M11_607,M11,d0,7,7:12:24,7:12:24,404161,35.0,3
MV_A5-Weekday-SDon-042700_M11_607,M11,d0,8,7:13:10,7:13:10,401398,35.0,3
MV_A5-Weekday-SDon-042700_M11_607,M11,d0,9,7:14:00,7:14:00,403802,35.0,3
MV_A5-Weekday-SDon-042700_M11_607,M11,d0,10,7:14:52,7:14:52,401400,35.0,3
MV_A5-Weekday-SDon-042700_M11_607,M11,d0,11,7:15:43,7:15:43,401401,35.0,3
MV_A5-Weekday-SDon-042700_M11_607,M11,d0,12,7:16:59,7:16:59,401402,35.0,3
MV_A5-Weekday-SDon-042700_M11_607,M11,d0,13,7:18:23,7:18:23,401404,35.0,3
MV_A5-Weekday-SDon-042700_M11_607,M11,d0,14,7:19:54,7:19:54,404279,35.0,3
MV_A5-Weekday-SDon-042700_M11_607,M11,d0,15,7:20:54,7:20:54,405631,35.0,3
MV_A5-Weekday-SDon-042700_M11_607,M11,d0,16,7:22:00,7:22:00,401407,35.0,3
MV_A5-Weekday-SDon-042700_M11_607,M11,d0,17,7:23:34,7:23:34,401408,35.0,3
MV_A5-Weekday-SDon-042700_M11_607,M11,d0,18,7:24:37,7:24:37,401409,35.0,3
MV_A5-Weekday-SDon-042700_M11_607,M11,d0,19,7:25:39,7:25:39,401410,35.0,3
MV_A5-Weekday-SDon-042700_M11_607,M11,d0,20,7:27:24,7:27:24,401411,35.0,3
MV_A5-Weekday-SDon-042700_M11_607,M11,d0,21,7:28:43,7:28:43,401412,35.0,3
MV_A5-Weekday-SDon-042700_M11_607,M11,d0,22,7:29:28,7:29:28,401413,35.0,3
MV_A5-Weekday-SDon-042700_M11_607,M11,d0,23,7:30:52,7:30:52,401414,35.0,3
MV_A5-Weekday-SDon-042700_M11_607,M11,d0,24,7:32:32,7:32:32,401416,35.0,3
MV_A5-Weekday-SDon-042700_M11_607,M11,d0,25,7:33:56,7:33:56,401417,35.0,3
MV_A5-Weekday-SDon-042700_M11_607,M11,d0,26,7:35:00,7:35:00,403472,35.0,3
MV_A5-Weekday-SDon-042700_M11_607,M11,d0,27,7:36:10,7:36:10,403555,35.0,3
MV_A5-Weekday-SDon-042700_M11_607,M11,d0,28,7:38:00,7:38:00,401021,35.0,3
MV_A5-Weekday-SDon-042700_M11_607,M11,d0,29,7:39:10,7:39:10,401022,35.0,3
MV_A5-Weekday-SDon-042700_M11_607,M11,d0,30,7:40:48,7:40:48,401023,35.0,3
MV_A5-Weekday-SDon-042700_M11_607,M11,d0,31,7:41:53,7:41:53,401024,35.0,4
MV_A5-Weekday-SDon-042700_M11_607,M11,d0,32,7:43:08,7:43:08,401025,49.0,4
MV_A5-Weekday-SDon-042700_M11_607,M11,d0,33,7:44:16,7:44:16,401026,49.0,4
MV_A5-Weekday-SDon-042700_M11_607,M11,d0,34,7:46:03,7:46:03,401027,49.0,4
MV_A5-Weekday-SDon-042700_M11_607,M11,d0,35,7:47:25,7:47:25,404320,49.0,4
MV_A5-Weekday-SDon-042700_M11_607,M11,d0,36,7:48:51,7:48:51,401029,49.0,4
MV_A5-Weekday-SDon-042700_M11_607,M11,d0,37,7:49:58,7:49:58,401030,49.0,4
MV_A5-Weekday-SDon-042700_M11_607,M11,d0,38,7:51:44,7:51:44,401031,49.0,4
MV_A5-Weekday-SDon-042700_M11_607,M11,d0,39,7:52:52,7:52:52,401032,49.0,4
MV_A5-Weekday-SDon-042700_M11_607,M11,d0,40,7:54:00,7:54:00,401033,49.0,4
MV_A5-Weekday-SDon-042700_M11_607,M11,d0,41,7:54:59,7:54:59,401034,49.0,4
MV_A5-Weekday-SDon-042700_M11_607,M11,d0,42,7:56:13,7:56:13,401035,49.0,4
MV_A5-Weekday-SDon-042700_M11_607,M11,d0,43,7:57:22,7:57:22,401435,49.0,4
MV_A5-Weekday-SDon-042700_M11_607,M11,d0,44,7:59:00,7:59:00,401436,19.0,2
MV_A5-Weekday-SDon-042700_M11_607,M11,d0,45,8:00:45,8:00:45,401438,20.0,2
MV_A5-Weekday-SDon-042700_M11_607,M11,d0,46,8:01:46,8:01:46,403886,20.0,2
MV_A5-Weekday-SDon-042700_M11_607,M11,d0,47,8:02:58,8:02:58,401440,20.0,2
MV_A5-Weekday-SDon-042700_M11_607,M11,d0,48,8:04:04,8:04:04,401441,20.0,2
MV_A5-Weekday-SDon-042700_M11_607,M11,d0,49,8:05:09,8:05:09,401442,20.0,2
MV_A5-Weekday-SDon-042700_M11_607,M11,d0,50,8:06:30,8:06:30,401443,20.0,2
MV_A5-Weekday-SDon-042700_M11_607,M11,d0,51,8:07:56,8:07:56,403292,22.0,2
MV_A5-Weekday-SDon-042700_M11_607,M11,d0,52,8:08:48,8:08:48,401444,22.0,2
MV_A5-Weekday-SDon-042700_M11_607,M11,d0,53,8:10:00,8:10:00,401446,22.0,2
MV_A5-Weekday-SDon-042700_M11_607,M11,d0,54,8:11:12,8:11:12,401447,18.0,2
MV_A5-Weekday-SDon-042700_M11_607,M11,d0,55,8:13:11,8:13:11,403757,13.0,1
MV_A5-Weekday-SDon-042700_M11_607,M11,d0,56,8:15:00,8:15:00,404011,15.0,1
MV_A5-Weekday-SDon-042700_M11_607,M11,d0,57,8:15:12,8:15:12,404012,15.0,1
MV_A5-Weekday-SDon-042700_M11_607,M11,d0,58,8:15:34,8:15:34,404013,15.0,1
MV_A5-Weekday-SDon-042700_M11_607,M11,d0,59,8:15:45,8:15:45,404056,15.0,1
MV_A5-Weekday-SDon-042700_M11_607,M11,d0,60,8:16:13,8:16:13,404014,15.0,1
MV_A5-Weekday-SDon-042700_M11_607,M11,d0,61,8:16:27,8:16:27,404015,15.0,1
MV_A5-Weekday-SDon-042700_M11_607,M11,d0,62,8:17:00,8:17:00,803194,15.0,1
MV_A5-Weekday-068300_M11_611,M11,d0,1,11:23:00,11:23:00,405374,5.0,1
MV_A5-Weekday-068300_M11_611,M11,d0,2,11:24:07,11:24:07,404919,5.0,1
MV_A5-Weekday-068300_M11_611,M11,d0,3,11:25:23,11:25:23,404872,5.0,1
MV_A5-Weekday-068300_M11_611,M11,d0,4,11:26:54,11:26:54,404846,5.0,1
MV_A5-Weekday-068300_M11_611,M11,d0,5,11:28:14,11:28:14,401239,5.0,1
MV_A5-Weekday-068300_M11_611,M11,d0,6,11:30:00,11:30:00,405393,5.0,1
MV_A5-Weekday-068300_M11_611,M11,d0,7,11:31:34,11:31:34,903209,5.0,1
MV_A5-Weekday-068300_M11_611,M11,d0,8,11:32:33,11:32:33,401016,8.0,1
MV_A5-Weekday-068300_M11_611,M11,d0,9,11:34:00,11:34:00,400747,8.0,1
MV_A5-Weekday-068300_M11_611,M11,d0,10,11:36:04,11:36:04,403271,10.0,1
MV_A5-Weekday-068300_M11_611,M11,d0,11,11:38:07,11:38:07,400750,10.0,1
MV_A5-Weekday-068300_M11_611,M11,d0,12,11:40:56,11:40:56,403103,15.0,1
MV_A5-Weekday-068300_M11_611,M11,d0,13,11:42:25,11:42:25,403104,15.0,1
MV_A5-Weekday-068300_M11_611,M11,d0,14,11:43:42,11:43:42,403105,15.0,1
MV_A5-Weekday-068300_M11_611,M11,d0,15,11:45:00,11:45:00,403106,14.0,1
MV_A5-Weekday-068300_M11_611,M11,d0,16,11:46:53,11:46:53,403107,14.0,1
MV_A5-Weekday-068300_M11_611,M11,d0,17,11:48:25,11:48:25,903299,13.0,1
MV_A5-Weekday-068300_M11_611,M11,d0,18,11:49:28,11:49:28,403109,13.0,1
MV_A5-Weekday-068300_M11_611,M11,d0,19,11:50:43,11:50:43,403110,13.0,1
MV_A5-Weekday-068300_M11_611,M11,d0,20,11:52:34,11:52:34,403111,13.0,1
MV_A5-Weekday-068300_M11_611,M11,d0,21,11:53:50,11:53:50,403112,9.0,1
MV_A5-Weekday-068300_M11_611,M11,d0,22,11:56:00,11:56:00,405248,9.0,1
MV_A5-Weekday-068300_M11_611,M11,d0,23,11:57:46,11:57:46,403114,9.0,1
MV_A5-Weekday-068300_M11_611,M11,d0,24,11:59:26,11:59:26,403115,9.0,1
MV_A5-Weekday-068300_M11_611,M11,d0,25,12:00:42,12:00:42,403116,9.0,1
MV_A5-Weekday-068300_M11_611,M11,d0,26,12:02:00,12:02:00,405394,9.0,1
MV_A5-Weekday-068300_M11_611,M11,d0,27,12:03:55,12:03:55,403118,9.0,1
MV_A5-Weekday-068300_M11_611,M11,d0,28,12:04:54,12:04:54,403119,9.0,1
MV_A5-Weekday-068300_M11_611,M11,d0,29,12:06:33,12:06:33,404260,9.0,1
MV_A5-Weekday-068300_M11_611,M11,d0,30,12:07:51,12:07:51,403122,9.0,1
MV_A5-Weekday-068300_M11_611,M11,d0,31,12:09:58,12:09:58,404262,9.0,1
MV_A5-Weekday-068300_M11_611,M11,d0,32,12:11:24,12:11:24,403125,9.0,1
MV_A5-Weekday-068300_M11_611,M11,d0,33,12:13:02,12:13:02,403126,9.0,1
MV_A5-Weekday-068300_M11_611,M11,d0,34,12:13:51,12:13:51,403127,9.0,1
MV_A5-Weekday-068300_M11_611,M11,d0,35,12:16:43,12:16:43,401444,9.0,1
MV_A5-Weekday-068300_M11_611,M11,d0,36,12:18:00,12:18:00,903352,9.0,1
MV_A5-Weekday-SDon-093700_M11_609,M11,d0,1,15:37:00,15:37:00,401393,8.0,1
MV_A5-Weekday-SDon-093700_M11_609,M11,d0,2,15:37:49,15:37:49,405120,8.0,1
MV_A5-Weekday-SDon-093700_M11_609,M11,d0,3,15:38:32,15:38:32,405167,8.0,1
MV_A5-Weekday-SDon-093700_M11_609,M11,d0,4,15:39:00,15:39:00,405265,8.0,1
MV_A5-Weekday-SDon-093700_M11_609,M11,d0,5,15:40:26,15:40:26,405152,8.0,1
MV_A5-Weekday-SDon-093700_M11_609,M11,d0,6,15:42:36,15:42:36,405151,8.0,1
MV_A5-Weekday-SDon-093700_M11_609,M11,d0,7,15:44:26,15:44:26,404161,8.0,1
MV_A5-Weekday-SDon-093700_M11_609,M11,d0,8,15:45:39,15:45:39,401398,8.0,1
MV_A5-Weekday-SDon-093700_M11_609,M11,d0,9,15:47:00,15:47:00,403802,8.0,1
MV_A5-Weekday-SDon-093700_M11_609,M11,d0,10,15:48:44,15:48:44,401400,8.0,1
MV_A5-Weekday-SDon-093700_M11_609,M11,d0,11,15:50:25,15:50:25,401401,8.0,1
MV_A5-Weekday-SDon-093700_M11_609,M11,d0,12,15:52:58,15:52:58,401402,10.0,1
MV_A5-Weekday-SDon-093700_M11_609,M11,d0,13,15:55:46,15:55:46,401404,10.0,1
MV_A5-Weekday-SDon-093700_M11_609,M11,d0,14,15:58:48,15:58:48,404279,10.0,1
MV_A5-Weekday-SDon-093700_M11_609,M11,d0,15,16:00:48,16:00:48,405631,14.0,1
MV_A5-Weekday-SDon-093700_M11_609,M11,d0,16,16:03:00,16:03:00,401407,14.0,1
MV_A5-Weekday-SDon-093700_M11_609,M11,d0,17,16:04:41,16:04:41,401408,9.0,2
MV_A5-Weekday-SDon-093700_M11_609,M11,d0,18,16:05:49,16:05:49,401409,27.0,2
MV_A5-Weekday-SDon-093700_M11_609,M11,d0,19,16:06:55,16:06:55,401410,27.0,2
MV_A5-Weekday-SDon-093700_M11_609,M11,d0,20,16:08:49,16:08:49,401411,24.0,2
MV_A5-Weekday-SDon-093700_M11_609,M11,d0,21,16:10:14,16:10:14,401412,25.0,2
MV_A5-Weekday-SDon-093700_M11_609,M11,d0,22,16:11:03,16:11:03,401413,25.0,2
MV_A5-Weekday-SDon-093700_M11_609,M11,d0,23,16:12:33,16:12:33,401414,19.0,2
MV_A5-Weekday-SDon-093700_M11_609,M11,d0,24,16:14:21,16:14:21,401416,19.0,2
MV_A5-Weekday-SDon-093700_M11_609,M11,d0,25,16:15:51,16:15:51,401417,19.0,2
MV_A5-Weekday-SDon-093700_M11_609,M11,d0,26,16:17:00,16:17:00,403472,17.0,2
MV_A5-Weekday-SDon-093700_M11_609,M11,d0,27,16:18:33,16:18:33,403555,23.0,2
MV_A5-Weekday-SDon-093700_M11_609,M11,d0,28,16:21:00,16:21:00,401021,23.0,2
MV_A5-Weekday-SDon-093700_M11_609,M11,d0,29,16:22:18,16:22:18,401022,23.0,2
MV_A5-Weekday-SDon-093700_M11_609,M11,d0,30,16:24:09,16:24:09,401023,29.0,2
MV_A5-Weekday-SDon-093700_M11_609,M11,d0,31,16:25:22,16:25:22,401024,29.0,2
MV_A5-Weekday-SDon-093700_M11_609,M11,d0,32,16:26:47,16:26:47,401025,29.0,2
MV_A5-Weekday-SDon-093700_M11_609,M11,d0,33,16:28:03,16:28:03,401026,29.0,2
MV_A5-Weekday-SDon-093700_M11_609,M11,d0,34,16:30:03,16:30:03,401027,24.0,2
MV_A5-Weekday-SDon-093700_M11_609,M11,d0,35,16:31:36,16:31:36,404320,24.0,2
MV_A5-Weekday-SDon-093700_M11_609,M11,d0,36,16:33:12,16:33:12,401029,10.0,1
MV_A5-Weekday-SDon-093700_M11_609,M11,d0,37,16:34:28,16:34:28,401030,6.0,1
MV_A5-Weekday-SDon-093700_M11_609,M11,d0,38,16:36:27,16:36:27,401031,10.0,1
MV_A5-Weekday-SDon-093700_M11_609,M11,d0,39,16:37:44,16:37:44,401032,10.0,1
MV_A5-Weekday-SDon-093700_M11_609,M11,d0,40,16:39:00,16:39:00,401033,10.0,1
MV_A5-Weekday-SDon-093700_M11_609,M11,d0,41,16:39:59,16:39:59,401034,10.0,1
MV_A5-Weekday-SDon-093700_M11_609,M11,d0,42,16:41:13,16:41:13,401035,16.0,1
MV_A5-Weekday-SDon-093700_M11_609,M11,d0,43,16:42:22,16:42:22,401435,16.0,1
MV_A5-Weekday-SDon-093700_M11_609,M11,d0,44,16:44:00,16:44:00,401436,16.0,1
MV_A5-Weekday-SDon-093700_M11_609,M11,d0,45,16:46:32,16:46:32,401438,10.0,1
MV_A5-Weekday-SDon-093700_M11_609,M11,d0,46,16:48:02,16:48:02,403886,11.0,1
MV_A5-Weekday-SDon-093700_M11_609,M11,d0,47,16:49:47,16:49:47,401440,11.0,1
MV_A5-Weekday-SDon-093700_M11_609,M11,d0,48,16:51:22,16:51:22,401441,4.0,1
MV_A5-Weekday-SDon-093700_M11_609,M11,d0,49,16:52:57,16:52:57,401442,1.0,1
MV_A5-Weekday-SDon-093700_M11_609,M11,d0,50,16:54:55,16:54:55,401443,12.0,1
MV_A5-Weekday-SDon-093700_M11_609,M11,d0,51,16:56:59,16:56:59,403292,14.0,1
MV_A5-Weekday-SDon-093700_M11_609,M11,d0,52,16:58:15,16:58:15,401444,14.0,1
MV_A5-Weekday-SDon-093700_M11_609,M11,d0,53,17:00:00,17:00:00,401446,14.0,1
MV_A5-Weekday-SDon-093700_M11_609,M11,d0,54,17:01:27,17:01:27,401447,3.0,1
MV_A5-Weekday-SDon-093700_M11_609,M11,d0,55,17:03:49,17:03:49,403757,3.0,1
MV_A5-Weekday-SDon-093700_M11_609,M11,d0,56,17:06:00,17:06:00,404011,3.0,1
MV_A5-Weekday-SDon-093700_M11_609,M11,d0,57,17:06:24,17:06:24,404012,3.0,1
MV_A5-Weekday-SDon-093700_M11_609,M11,d0,58,17:07:09,17:07:09,404013,3.0,1
MV_A5-Weekday-SDon-093700_M11_609,M11,d0,59,17:07:31,17:07:31,404056,3.0,1
MV_A5-Weekday-SDon-093700_M11_609,M11,d0,60,17:08:25,17:08:25,404014,3.0,1
MV_A5-Weekday-SDon-093700_M11_609,M11,d0,61,17:08:55,17:08:55,404015,3.0,1
MV_A5-Weekday-SDon-093700_M11_609,M11,d0,62,17:10:00,17:10:00,803194,3.0,1
MV_A5-Weekday-SDon-056700_M11_603,M11,d0,1,9:27:00,9:27:00,401393,4.0,1
MV_A5-Weekday-SDon-056700_M11_603,M11,d0,2,9:27:49,9:27:49,405120,1.0,1
MV_A5-Weekday-SDon-056700_M11_603,M11,d0,3,9:28:32,9:28:32,405167,4.0,1
MV_A5-Weekday-SDon-056700_M11_603,M11,d0,4,9:29:00,9:29:00,405265,7.0,1
MV_A5-Weekday-SDon-056700_M11_603,M11,d0,5,9:30:04,9:30:04,405152,7.0,1
MV_A5-Weekday-SDon-056700_M11_603,M11,d0,6,9:31:42,9:31:42,405151,6.0,1
MV_A5-Weekday-SDon-056700_M11_603,M11,d0,7,9:33:05,9:33:05,404161,6.0,1
MV_A5-Weekday-SDon-056700_M11_603,M11,d0,8,9:33:59,9:33:59,401398,12.0,1
MV_A5-Weekday-SDon-056700_M11_603,M11,d0,9,9:35:00,9:35:00,403802,12.0,1
MV_A5-Weekday-SDon-056700_M11_603,M11,d0,10,9:36:25,9:36:25,401400,12.0,1
MV_A5-Weekday-SDon-056700_M11_603,M11,d0,11,9:37:47,9:37:47,401401,8.0,1
MV_A5-Weekday-SDon-056700_M11_603,M11,d0,12,9:39:51,9:39:51,401402,12.0,1
MV_A5-Weekday-SDon-056700_M11_603,M11,d0,13,9:42:07,9:42:07,401404,11.0,1
MV_A5-Weekday-SDon-056700_M11_603,M11,d0,14,9:44:35,9:44:35,404279,15.0,1
MV_A5-Weekday-SDon-056700_M11_603,M11,d0,15,9:46:13,9:46:13,405631,15.0,2
MV_A5-Weekday-SDon-056700_M11_603,M11,d0,16,9:48:00,9:48:00,401407,23.0,2
MV_A5-Weekday-SDon-056700_M11_603,M11,d0,17,9:49:41,9:49:41,401408,24.0,3
MV_A5-Weekday-SDon-056700_M11_603,M11,d0,18,9:50:49,9:50:49,401409,37.0,3
MV_A5-Weekday-SDon-056700_M11_603,M11,d0,19,9:51:55,9:51:55,401410,23.0,2
MV_A5-Weekday-SDon-056700_M11_603,M11,d0,20,9:53:49,9:53:49,401411,10.0,3
MV_A5-Weekday-SDon-056700_M11_603,M11,d0,21,9:55:14,9:55:14,401412,33.0,3
MV_A5-Weekday-SDon-056700_M11_603,M11,d0,22,9:56:03,9:56:03,401413,18.0,2
MV_A5-Weekday-SDon-056700_M11_603,M11,d0,23,9:57:33,9:57:33,401414,30.0,2
MV_A5-Weekday-SDon-056700_M11_603,M11,d0,24,9:59:21,9:59:21,401416,14.0,1
MV_A5-Weekday-SDon-056700_M11_603,M11,d0,25,10:00:51,10:00:51,401417,5.0,2
MV_A5-Weekday-SDon-056700_M11_603,M11,d0,26,10:02:00,10:02:00,403472,19.0,2
MV_A5-Weekday-SDon-056700_M11_603,M11,d0,27,10:03:10,10:03:10,403555,15.0,2
MV_A5-Weekday-SDon-056700_M11_603,M11,d0,28,10:05:00,10:05:00,401021,29.0,2
MV_A5-Weekday-SDon-056700_M11_603,M11,d0,29,10:06:10,10:06:10,401022,19.0,2
MV_A5-Weekday-SDon-056700_M11_603,M11,d0,30,10:07:48,10:07:48,401023,8.0,1
MV_A5-Weekday-SDon-056700_M11_603,M11,d0,31,10:08:53,10:08:53,401024,15.0,1
MV_A5-Weekday-SDon-056700_M11_603,M11,d0,32,10:10:08,10:10:08,401025,15.0,1
MV_A5-Weekday-SDon-056700_M11_603,M11,d0,33,10:11:16,10:11:16,401026,15.0,2
MV_A5-Weekday-SDon-056700_M11_603,M11,d0,34,10:13:03,10:13:03,401027,21.0,2
MV_A5-Weekday-SDon-056700_M11_603,M11,d0,35,10:14:25,10:14:25,404320,18.0,2
MV_A5-Weekday-SDon-056700_M11_603,M11,d0,36,10:15:51,10:15:51,401029,1.0,1
MV_A5-Weekday-SDon-056700_M11_603,M11,d0,37,10:16:58,10:16:58,401030,16.0,2
MV_A5-Weekday-SDon-056700_M11_603,M11,d0,38,10:18:44,10:18:44,401031,21.0,2
MV_A5-Weekday-SDon-056700_M11_603,M11,d0,39,10:19:52,10:19:52,401032,7.0,2
MV_A5-Weekday-SDon-056700_M11_603,M11,d0,40,10:21:00,10:21:00,401033,22.0,2
MV_A5-Weekday-SDon-056700_M11_603,M11,d0,41,10:21:59,10:21:59,401034,19.0,2
MV_A5-Weekday-SDon-056700_M11_603,M11,d0,42,10:23:13,10:23:13,401035,9.0,2
MV_A5-Weekday-SDon-056700_M11_603,M11,d0,43,10:24:22,10:24:22,401435,19.0,2
MV_A5-Weekday-SDon-056700_M11_603,M11,d0,44,10:26:00,10:26:00,401436,19.0,2
MV_A5-Weekday-SDon-056700_M11_603,M11,d0,45,10:27:45,10:27:45,401438,15.0,1
MV_A5-Weekday-SDon-056700_M11_603,M11,d0,46,10:28:46,10:28:46,403886,12.0,1
MV_A5-Weekday-SDon-056700_M11_603,M11,d0,47,10:29:58,10:29:58,401440,3.0,1
MV_A5-Weekday-SDon-056700_M11_603,M11,d0,48,10:31:04,10:31:04,401441,14.0,1
MV_A5-Weekday-SDon-056700_M11_603,M11,d0,49,10:32:09,10:32:09,401442,15.0,1
MV_A5-Weekday-SDon-056700_M11_603,M11,d0,50,10:33:30,10:33:30,401443,15.0,1
MV_A5-Weekday-SDon-056700_M11_603,M11,d0,51,10:34:56,10:34:56,403292,8.0,2
MV_A5-Weekday-SDon-056700_M11_603,M11,d0,52,10:35:48,10:35:48,401444,17.0,2
MV_A5-Weekday-SDon-056700_M11_603,M11,d0,53,10:37:00,10:37:00,401446,3.0,1
MV_A5-Weekday-SDon-056700_M11_603,M11,d0,54,10:38:12,10:38:12,401447,1.0,1
MV_A5-Weekday-SDon-056700_M11_603,M11,d0,55,10:40:11,10:40:11,403757,4.0,1
MV_A5-Weekday-SDon-056700_M11_603,M11,d0,56,10:42:00,10:42:00,404011,4.0,1
MV_A5-Weekday-SDon-056700_M11_603,M11,d0,57,10:42:12,10:42:12,404012,4.0,1
MV_A5-Weekday-SDon-056700_M11_603,M11,d0,58,10:42:34,10:42:34,404013,2.0,1
MV_A5-Weekday-SDon-056700_M11_603,M11,d0,59,10:42:45,10:42:45,404056,1.0,1
MV_A5-Weekday-SDon-056700_M11_603,M11,d0,60,10:43:13,10:43:13,404014,4.0,1
MV_A5-Weekday-SDon-056700_M11_603,M11,d0,61,10:43:27,10:43:27,404015,4.0,1
MV_A5-Weekday-SDon-056700_M11_603,M11,d0,62,10:44:00,10:44:00,803194,4.0,1
MV_A5-Weekday-082700_M11_611,M11,d0,1,13:47:00,13:47:00,405374,10.0,1
MV_A5-Weekday-082700_M11_611,M11,d0,2,13:48:07,13:48:07,404919,10.0,1
MV_A5-Weekday-082700_M11_611,M11,d0,3,13:49:23,13:49:23,404872,10.0,1
MV_A5-Weekday-082700_M11_611,M11,d0,4,13:50:54,13:50:54,404846,6.0,1
MV_A5-Weekday-082700_M11_611,M11,d0,5,13:52:14,13:52:14,401239,10.0,1
MV_A5-Weekday-082700_M11_611,M11,d0,6,13:54:00,13:54:00,405393,12.0,1
MV_A5-Weekday-082700_M11_611,M11,d0,7,13:55:34,13:55:34,903209,12.0,1
MV_A5-Weekday-082700_M11_611,M11,d0,8,13:56:33,13:56:33,401016,12.0,1
MV_A5-Weekday-082700_M11_611,M11,d0,9,13:58:00,13:58:00,400747,15.0,1
MV_A5-Weekday-082700_M11_611,M11,d0,10,14:00:15,14:00:15,403271,15.0,1
MV_A5-Weekday-082700_M11_611,M11,d0,11,14:02:30,14:02:30,400750,15.0,2
MV_A5-Weekday-082700_M11_611,M11,d0,12,14:05:33,14:05:33,403103,19.0,2
MV_A5-Weekday-082700_M11_611,M11,d0,13,14:07:11,14:07:11,403104,23.0,2
MV_A5-Weekday-082700_M11_611,M11,d0,14,14:08:34,14:08:34,403105,25.0,2
MV_A5-Weekday-082700_M11_611,M11,d0,15,14:10:00,14:10:00,403106,29.0,2
MV_A5-Weekday-082700_M11_611,M11,d0,16,14:11:53,14:11:53,403107,29.0,2
MV_A5-Weekday-082700_M11_611,M11,d0,17,14:13:25,14:13:25,903299,29.0,2
MV_A5-Weekday-082700_M11_611,M11,d0,18,14:14:28,14:14:28,403109,29.0,2
MV_A5-Weekday-082700_M11_611,M11,d0,19,14:15:43,14:15:43,403110,26.0,2
MV_A5-Weekday-082700_M11_611,M11,d0,20,14:17:34,14:17:34,403111,29.0,2
MV_A5-Weekday-082700_M11_611,M11,d0,21,14:18:50,14:18:50,403112,29.0,2
MV_A5-Weekday-082700_M11_611,M11,d0,22,14:21:00,14:21:00,405248,29.0,2
MV_A5-Weekday-082700_M11_611,M11,d0,23,14:22:46,14:22:46,403114,29.0,2
MV_A5-Weekday-082700_M11_611,M11,d0,24,14:24:26,14:24:26,403115,29.0,2
MV_A5-Weekday-082700_M11_611,M11,d0,25,14:25:42,14:25:42,403116,29.0,2
MV_A5-Weekday-082700_M11_611,M11,d0,26,14:27:00,14:27:00,405394,27.0,2
MV_A5-Weekday-082700_M11_611,M11,d0,27,14:29:10,14:29:10,403118,24.0,2
MV_A5-Weekday-082700_M11_611,M11,d0,28,14:30:15,14:30:15,403119,16.0,1
MV_A5-Weekday-082700_M11_611,M11,d0,29,14:32:07,14:32:07,404260,13.0,1
MV_A5-Weekday-082700_M11_611,M11,d0,30,14:33:35,14:33:35,403122,12.0,1
MV_A5-Weekday-082700_M11_611,M11,d0,31,14:35:58,14:35:58,404262,12.0,1
MV_A5-Weekday-082700_M11_611,M11,d0,32,14:37:34,14:37:34,403125,12.0,1
MV_A5-Weekday-082700_M11_611,M11,d0,33,14:39:24,14:39:24,403126,8.0,1
MV_A5-Weekday-082700_M11_611,M11,d0,34,14:40:20,14:40:20,403127,8.0,1
MV_A5-Weekday-082700_M11_611,M11,d0,35,14:43:33,14:43:33,401444,5.0,1
MV_A5-Weekday-082700_M11_611,M11,d0,36,14:45:00,14:45:00,903352,5.0,1
MV_A5-Weekday-114500_M11_634,M11,d0,1,19:05:00,19:05:00,401393,3.0,1
MV_A5-Weekday-114500_M11_634,M11,d0,2,19:06:14,19:06:14,405120,4.0,1
MV_A5-Weekday-114500_M11_634,M11,d0,3,19:07:18,19:07:18,405167,5.0,1
MV_A5-Weekday-114500_M11_634,M11,d0,4,19:08:00,19:08:00,405265,5.0,1
MV_A5-Weekday-114500_M11_634,M11,d0,5,19:09:15,19:09:15,405152,8.0,1
MV_A5-Weekday-114500_M11_634,M11,d0,6,19:11:09,19:11:09,405151,13.0,1
MV_A5-Weekday-114500_M11_634,M11,d0,7,19:12:46,19:12:46,404161,13.0,1
MV_A5-Weekday-114500_M11_634,M11,d0,8,19:13:49,19:13:49,401398,14.0,2
MV_A5-Weekday-114500_M11_634,M11,d0,9,19:15:00,19:15:00,403802,25.0,2
MV_A5-Weekday-114500_M11_634,M11,d0,10,19:16:05,19:16:05,401400,25.0,2
MV_A5-Weekday-114500_M11_634,M11,d0,11,19:17:08,19:17:08,401401,25.0,2
MV_A5-Weekday-114500_M11_634,M11,d0,12,19:18:44,19:18:44,401402,26.0,2
MV_A5-Weekday-114500_M11_634,M11,d0,13,19:20:29,19:20:29,401404,30.0,2
MV_A5-Weekday-114500_M11_634,M11,d0,14,19:22:23,19:22:23,404279,30.0,2
MV_A5-Weekday-114500_M11_634,M11,d0,15,19:23:38,19:23:38,405631,22.0,2
MV_A5-Weekday-114500_M11_634,M11,d0,16,19:25:00,19:25:00,401407,23.0,2
MV_A5-Weekday-114500_M11_634,M11,d0,17,19:26:27,19:26:27,401408,24.0,2
MV_A5-Weekday-114500_M11_634,M11,d0,18,19:27:25,19:27:25,401409,24.0,2
MV_A5-Weekday-114500_M11_634,M11,d0,19,19:28:22,19:28:22,401410,24.0,2
MV_A5-Weekday-114500_M11_634,M11,d0,20,19:29:59,19:29:59,401411,25.0,2
MV_A5-Weekday-114500_M11_634,M11,d0,21,19:31:12,19:31:12,401412,28.0,2
MV_A5-Weekday-114500_M11_634,M11,d0,22,19:31:54,19:31:54,401413,28.0,2
MV_A5-Weekday-114500_M11_634,M11,d0,23,19:33:11,19:33:11,401414,24.0,2
MV_A5-Weekday-114500_M11_634,M11,d0,24,19:34:44,19:34:44,401416,20.0,2
MV_A5-Weekday-114500_M11_634,M11,d0,25,19:36:01,19:36:01,401417,25.0,2
MV_A5-Weekday-114500_M11_634,M11,d0,26,19:37:00,19:37:00,403472,25.0,2
MV_A5-Weekday-114500_M11_634,M11,d0,27,19:38:10,19:38:10,403555,21.0,2
MV_A5-Weekday-114500_M11_634,M11,d0,28,19:40:00,19:40:00,401021,21.0,2
MV_A5-Weekday-114500_M11_634,M11,d0,29,19:41:01,19:41:01,401022,20.0,2
MV_A5-Weekday-114500_M11_634,M11,d0,30,19:42:27,19:42:27,401023,19.0,2
MV_A5-Weekday-114500_M11_634,M11,d0,31,19:43:24,19:43:24,401024,17.0,2
MV_A5-Weekday-114500_M11_634,M11,d0,32,19:44:30,19:44:30,401025,20.0,2
MV_A5-Weekday-114500_M11_634,M11,d0,33,19:45:29,19:45:29,401026,8.0,2
MV_A5-Weekday-114500_M11_634,M11,d0,34,19:47:03,19:47:03,401027,22.0,2
MV_A5-Weekday-114500_M11_634,M11,d0,35,19:48:15,19:48:15,404320,22.0,2
MV_A5-Weekday-114500_M11_634,M11,d0,36,19:49:29,19:49:29,401029,22.0,2
MV_A5-Weekday-114500_M11_634,M11,d0,37,19:50:28,19:50:28,401030,13.0,1
MV_A5-Weekday-114500_M11_634,M11,d0,38,19:52:01,19:52:01,401031,5.0,2
MV_A5-Weekday-114500_M11_634,M11,d0,39,19:53:01,19:53:01,401032,17.0,2
MV_A5-Weekday-114500_M11_634,M11,d0,40,19:54:00,19:54:00,401033,18.0,2
MV_A5-Weekday-114500_M11_634,M11,d0,41,19:54:47,19:54:47,401034,18.0,2
MV_A5-Weekday-114500_M11_634,M11,d0,42,19:55:46,19:55:46,401035,21.0,2
MV_A5-Weekday-114500_M11_634,M11,d0,43,19:56:41,19:56:41,401435,21.0,2
MV_A5-Weekday-114500_M11_634,M11,d0,44,19:58:00,19:58:00,401436,21.0,2
MV_A5-Weekday-114500_M11_634,M11,d0,45,19:59:35,19:59:35,401438,18.0,2
MV_A5-Weekday-114500_M11_634,M11,d0,46,20:00:31,20:00:31,403886,10.0,1
MV_A5-Weekday-114500_M11_634,M11,d0,47,20:01:37,20:01:37,401440,10.0,1
MV_A5-Weekday-114500_M11_634,M11,d0,48,20:02:37,20:02:37,401441,10.0,1
MV_A5-Weekday-114500_M11_634,M11,d0,49,20:03:36,20:03:36,401442,15.0,1
MV_A5-Weekday-114500_M11_634,M11,d0,50,20:04:49,20:04:49,401443,15.0,1
MV_A5-Weekday-114500_M11_634,M11,d0,51,20:06:07,20:06:07,403292,11.0,1
MV_A5-Weekday-114500_M11_634,M11,d0,52,20:06:54,20:06:54,401444,5.0,1
MV_A5-Weekday-114500_M11_634,M11,d0,53,20:08:00,20:08:00,401446,9.0,1
MV_A5-Weekday-114500_M11_634,M11,d0,54,20:08:58,20:08:58,401447,9.0,1
MV_A5-Weekday-114500_M11_634,M11,d0,55,20:10:33,20:10:33,403757,7.0,1
MV_A5-Weekday-114500_M11_634,M11,d0,56,20:12:00,20:12:00,404011,7.0,1
MV_A5-Weekday-114500_M11_634,M11,d0,57,20:12:18,20:12:18,404012,1.0,1
MV_A5-Weekday-114500_M11_634,M11,d0,58,20:12:51,20:12:51,404013,7.0,1
MV_A5-Weekday-114500_M11_634,M11,d0,59,20:13:08,20:13:08,404056,7.0,1
MV_A5-Weekday-114500_M11_634,M11,d0,60,20:13:49,20:13:49,404014,7.0,1
MV_A5-Weekday-114500_M11_634,M11,d0,61,20:14:11,20:14:11,404015,7.0,1
MV_A5-Weekday-114500_M11_634,M11,d0,62,20:15:00,20:15:00,803194,7.0,1
MV_A5-Weekday-096700_M11_629,M11,d0,1,16:07:00,16:07:00,401393,2.0,1
MV_A5-Weekday-096700_M11_629,M11,d0,2,16:07:49,16:07:49,405120,2.0,1
MV_A5-Weekday-096700_M11_629,M11,d0,3,16:08:32,16:08:32,405167,2.0,1
MV_A5-Weekday-096700_M11_629,M11,d0,4,16:09:00,16:09:00,405265,4.0,1
MV_A5-Weekday-096700_M11_629,M11,d0,5,16:10:26,16:10:26,405152,9.0,1
MV_A5-Weekday-096700_M11_629,M11,d0,6,16:12:36,16:12:36,405151,9.0,1
MV_A5-Weekday-096700_M11_629,M11,d0,7,16:14:26,16:14:26,404161,11.0,1
MV_A5-Weekday-096700_M11_629,M11,d0,8,16:15:39,16:15:39,401398,14.0,2
MV_A5-Weekday-096700_M11_629,M11,d0,9,16:17:00,16:17:00,403802,20.0,2
MV_A5-Weekday-096700_M11_629,M11,d0,10,16:18:44,16:18:44,401400,16.0,3
MV_A5-Weekday-096700_M11_629,M11,d0,11,16:20:25,16:20:25,401401,37.0,3
MV_A5-Weekday-096700_M11_629,M11,d0,12,16:22:58,16:22:58,401402,37.0,3
MV_A5-Weekday-096700_M11_629,M11,d0,13,16:25:46,16:25:46,401404,37.0,3
MV_A5-Weekday-096700_M11_629,M11,d0,14,16:28:48,16:28:48,404279,27.0,2
MV_A5-Weekday-096700_M11_629,M11,d0,15,16:30:48,16:30:48,405631,25.0,2
MV_A5-Weekday-096700_M11_629,M11,d0,16,16:33:00,16:33:00,401407,22.0,2
MV_A5-Weekday-096700_M11_629,M11,d0,17,16:34:41,16:34:41,401408,27.0,3
MV_A5-Weekday-096700_M11_629,M11,d0,18,16:35:49,16:35:49,401409,43.0,3
MV_A5-Weekday-096700_M11_629,M11,d0,19,16:36:55,16:36:55,401410,27.0,4
MV_A5-Weekday-096700_M11_629,M11,d0,20,16:38:49,16:38:49,401411,52.0,4
MV_A5-Weekday-096700_M11_629,M11,d0,21,16:40:14,16:40:14,401412,52.0,4
MV_A5-Weekday-096700_M11_629,M11,d0,22,16:41:03,16:41:03,401413,52.0,4
MV_A5-Weekday-096700_M11_629,M11,d0,23,16:42:33,16:42:33,401414,52.0,4
MV_A5-Weekday-096700_M11_629,M11,d0,24,16:44:21,16:44:21,401416,52.0,4
MV_A5-Weekday-096700_M11_629,M11,d0,25,16:45:51,16:45:51,401417,52.0,4
MV_A5-Weekday-096700_M11_629,M11,d0,26,16:47:00,16:47:00,403472,52.0,4
MV_A5-Weekday-096700_M11_629,M11,d0,27,16:48:33,16:48:33,403555,33.0,3
MV_A5-Weekday-096700_M11_629,M11,d0,28,16:51:00,16:51:00,401021,33.0,3
MV_A5-Weekday-096700_M11_629,M11,d0,29,16:52:18,16:52:18,401022,33.0,3
MV_A5-Weekday-096700_M11_629,M11,d0,30,16:54:09,16:54:09,401023,15.0,3
MV_A5-Weekday-096700_M11_629,M11,d0,31,16:55:22,16:55:22,401024,36.0,3
MV_A5-Weekday-096700_M11_629,M11,d0,32,16:56:47,16:56:47,401025,36.0,3
MV_A5-Weekday-096700_M11_629,M11,d0,33,16:58:03,16:58:03,401026,33.0,3
MV_A5-Weekday-096700_M11_629,M11,d0,34,17:00:03,17:00:03,401027,36.0,3
MV_A5-Weekday-096700_M11_629,M11,d0,35,17:01:36,17:01:36,404320,40.0,3
MV_A5-Weekday-096700_M11_629,M11,d0,36,17:03:12,17:03:12,401029,40.0,3
MV_A5-Weekday-096700_M11_629,M11,d0,37,17:04:28,17:04:28,401030,40.0,3
MV_A5-Weekday-096700_M11_629,M11,d0,38,17:06:27,17:06:27,401031,40.0,3
MV_A5-Weekday-096700_M11_629,M11,d0,39,17:07:44,17:07:44,401032,40.0,3
MV_A5-Weekday-096700_M11_629,M11,d0,40,17:09:00,17:09:00,401033,40.0,3
MV_A5-Weekday-096700_M11_629,M11,d0,41,17:09:59,17:09:59,401034,39.0,3
MV_A5-Weekday-096700_M11_629,M11,d0,42,17:11:13,17:11:13,401035,39.0,3
MV_A5-Weekday-096700_M11_629,M11,d0,43,17:12:22,17:12:22,401435,19.0,2
MV_A5-Weekday-096700_M11_629,M11,d0,44,17:14:00,17:14:00,401436,20.0,2
MV_A5-Weekday-096700_M11_629,M11,d0,45,17:16:32,17:16:32,401438,20.0,2
MV_A5-Weekday-096700_M11_629,M11,d0,46,17:18:02,17:18:02,403886,20.0,2
MV_A5-Weekday-096700_M11_629,M11,d0,47,17:19:47,17:19:47,401440,20.0,2
MV_A5-Weekday-096700_M11_629,M11,d0,48,17:21:22,17:21:22,401441,20.0,2
MV_A5-Weekday-096700_M11_629,M11,d0,49,17:22:57,17:22:57,401442,20.0,2
MV_A5-Weekday-096700_M11_629,M11,d0,50,17:24:55,17:24:55,401443,19.0,2
MV_A5-Weekday-096700_M11_629,M11,d0,51,17:26:59,17:26:59,403292,20.0,2
MV_A5-Weekday-096700_M11_629,M11,d0,52,17:28:15,17:28:15,401444,32.0,2
MV_A5-Weekday-096700_M11_629,M11,d0,53,17:30:00,17:30:00,401446,32.0,2
MV_A5-Weekday-096700_M11_629,M11,d0,54,17:31:27,17:31:27,401447,32.0,2
MV_A5-Weekday-096700_M11_629,M11,d0,55,17:33:49,17:33:49,403757,32.0,2
MV_A5-Weekday-096700_M11_629,M11,d0,56,17:36:00,17:36:00,404011,32.0,2
MV_A5-Weekday-096700_M11_629,M11,d0,57,17:36:18,17:36:18,404012,4.0,1
MV_A5-Weekday-096700_M11_629,M11,d0,58,17:36:51,17:36:51,404013,4.0,1
MV_A5-Weekday-096700_M11_629,M11,d0,59,17:37:08,17:37:08,404056,4.0,1
MV_A5-Weekday-096700_M11_629,M11,d0,60,17:37:49,17:37:49,404014,4.0,1
MV_A5-Weekday-096700_M11_629,M11,d0,61,17:38:11,17:38:11,404015,4.0,1
MV_A5-Weekday-096700_M11_629,M11,d0,62,17:39:00,17:39:00,803194,4.0,1
MV_A5-Weekday-075700_M11_612,M11,d0,1,12:37:00,12:37:00,401393,4.0,1
MV_A5-Weekday-075700_M11_612,M11,d0,2,12:37:49,12:37:49,405120,4.0,1
MV_A5-Weekday-075700_M11_612,M11,d0,3,12:38:32,12:38:32,405167,5.0,1
MV_A5-Weekday-075700_M11_612,M11,d0,4,12:39:00,12:39:00,405265,12.0,1
MV_A5-Weekday-075700_M11_612,M11,d0,5,12:40:15,12:40:15,405152,12.0,1
MV_A5-Weekday-075700_M11_612,M11,d0,6,12:42:09,12:42:09,405151,11.0,1
MV_A5-Weekday-075700_M11_612,M11,d0,7,12:43:46,12:43:46,404161,13.0,1
MV_A5-Weekday-075700_M11_612,M11,d0,8,12:44:49,12:44:49,401398,13.0,2
MV_A5-Weekday-075700_M11_612,M11,d0,9,12:46:00,12:46:00,403802,18.0,2
MV_A5-Weekday-075700_M11_612,M11,d0,10,12:47:25,12:47:25,401400,10.0,1
MV_A5-Weekday-075700_M11_612,M11,d0,11,12:48:47,12:48:47,401401,16.0,2
MV_A5-Weekday-075700_M11_612,M11,d0,12,12:50:51,12:50:51,401402,24.0,2
MV_A5-Weekday-075700_M11_612,M11,d0,13,12:53:07,12:53:07,401404,25.0,2
MV_A5-Weekday-075700_M11_612,M11,d0,14,12:55:35,12:55:35,404279,26.0,2
MV_A5-Weekday-075700_M11_612,M11,d0,15,12:57:13,12:57:13,405631,24.0,3
MV_A5-Weekday-075700_M11_612,M11,d0,16,12:59:00,12:59:00,401407,37.0,3
MV_A5-Weekday-075700_M11_612,M11,d0,17,13:00:48,13:00:48,401408,26.0,3
MV_A5-Weekday-075700_M11_612,M11,d0,18,13:02:01,13:02:01,401409,36.0,3
MV_A5-Weekday-075700_M11_612,M11,d0,19,13:03:12,13:03:12,401410,30.0,3
MV_A5-Weekday-075700_M11_612,M11,d0,20,13:05:14,13:05:14,401411,34.0,3
MV_A5-Weekday-075700_M11_612,M11,d0,21,13:06:45,13:06:45,401412,36.0,3
MV_A5-Weekday-075700_M11_612,M11,d0,22,13:07:37,13:07:37,401413,24.0,3
MV_A5-Weekday-075700_M11_612,M11,d0,23,13:09:14,13:09:14,401414,33.0,3
MV_A5-Weekday-075700_M11_612,M11,d0,24,13:11:09,13:11:09,401416,33.0,3
MV_A5-Weekday-075700_M11_612,M11,d0,25,13:12:46,13:12:46,401417,23.0,2
MV_A5-Weekday-075700_M11_612,M11,d0,26,13:14:00,13:14:00,403472,31.0,3
MV_A5-Weekday-075700_M11_612,M11,d0,27,13:15:33,13:15:33,403555,34.0,3
MV_A5-Weekday-075700_M11_612,M11,d0,28,13:18:00,13:18:00,401021,36.0,3
MV_A5-Weekday-075700_M11_612,M11,d0,29,13:19:14,13:19:14,401022,36.0,3
MV_A5-Weekday-075700_M11_612,M11,d0,30,13:20:58,13:20:58,401023,22.0,2
MV_A5-Weekday-075700_M11_612,M11,d0,31,13:22:08,13:22:08,401024,22.0,2
MV_A5-Weekday-075700_M11_612,M11,d0,32,13:23:28,13:23:28,401025,32.0,3
MV_A5-Weekday-075700_M11_612,M11,d0,33,13:24:40,13:24:40,401026,38.0,3
MV_A5-Weekday-075700_M11_612,M11,d0,34,13:26:33,13:26:33,401027,29.0,3
MV_A5-Weekday-075700_M11_612,M11,d0,35,13:28:01,13:28:01,404320,42.0,3
MV_A5-Weekday-075700_M11_612,M11,d0,36,13:29:31,13:29:31,401029,44.0,4
MV_A5-Weekday-075700_M11_612,M11,d0,37,13:30:43,13:30:43,401030,54.0,4
MV_A5-Weekday-075700_M11_612,M11,d0,38,13:32:35,13:32:35,401031,54.0,4
MV_A5-Weekday-075700_M11_612,M11,d0,39,13:33:48,13:33:48,401032,45.0,3
MV_A5-Weekday-075700_M11_612,M11,d0,40,13:35:00,13:35:00,401033,45.0,3
MV_A5-Weekday-075700_M11_612,M11,d0,41,13:35:59,13:35:59,401034,32.0,3
MV_A5-Weekday-075700_M11_612,M11,d0,42,13:37:13,13:37:13,401035,39.0,3
MV_A5-Weekday-075700_M11_612,M11,d0,43,13:38:22,13:38:22,401435,44.0,3
MV_A5-Weekday-075700_M11_612,M11,d0,44,13:40:00,13:40:00,401436,42.0,3
MV_A5-Weekday-075700_M11_612,M11,d0,45,13:42:04,13:42:04,401438,35.0,3
MV_A5-Weekday-075700_M11_612,M11,d0,46,13:43:17,13:43:17,403886,35.0,3
MV_A5-Weekday-075700_M11_612,M11,d0,47,13:44:42,13:44:42,401440,22.0,3
MV_A5-Weekday-075700_M11_612,M11,d0,48,13:45:59,13:45:59,401441,33.0,3
MV_A5-Weekday-075700_M11_612,M11,d0,49,13:47:16,13:47:16,401442,33.0,3
MV_A5-Weekday-075700_M11_612,M11,d0,50,13:48:52,13:48:52,401443,33.0,3
MV_A5-Weekday-075700_M11_612,M11,d0,51,13:50:33,13:50:33,403292,27.0,2
MV_A5-Weekday-075700_M11_612,M11,d0,52,13:51:35,13:51:35,401444,30.0,2
MV_A5-Weekday-075700_M11_612,M11,d0,53,13:53:00,13:53:00,401446,18.0,2
MV_A5-Weekday-075700_M11_612,M11,d0,54,13:54:12,13:54:12,401447,23.0,2
MV_A5-Weekday-075700_M11_612,M11,d0,55,13:56:11,13:56:11,403757,23.0,2
MV_A5-Weekday-075700_M11_612,M11,d0,56,13:58:00,13:58:00,404011,23.0,2
MV_A5-Weekday-075700_M11_612,M11,d0,57,13:58:18,13:58:18,404012,14.0,2
MV_A5-Weekday-075700_M11_612,M11,d0,58,13:58:51,13:58:51,404013,18.0,2
MV_A5-Weekday-075700_M11_612,M11,d0,59,13:59:08,13:59:08,404056,18.0,2
MV_A5-Weekday-075700_M11_612,M11,d0,60,13:59:49,13:59:49,404014,18.0,2
MV_A5-Weekday-075700_M11_612,M11,d0,61,14:00:11,14:00:11,404015,18.0,2
MV_A5-Weekday-075700_M11_612,M11,d0,62,14:01:00,14:01:00,803194,18.0,2
MV_A5-Weekday-SDon-057700_M11_604,M11,d0,1,9:37:00,9:37:00,401393,11.0,1
MV_A5-Weekday-SDon-057700_M11_604,M11,d0,2,9:37:49,9:37:49,405120,11.0,1
MV_A5-Weekday-SDon-057700_M11_604,M11,d0,3,9:38:32,9:38:32,405167,11.0,1
MV_A5-Weekday-SDon-057700_M11_604,M11,d0,4,9:39:00,9:39:00,405265,2.0,1
MV_A5-Weekday-SDon-057700_M11_604,M11,d0,5,9:40:04,9:40:04,405152,2.0,1
MV_A5-Weekday-SDon-057700_M11_604,M11,d0,6,9:41:42,9:41:42,405151,2.0,1
MV_A5-Weekday-SDon-057700_M11_604,M11,d0,7,9:43:05,9:43:05,404161,4.0,1
MV_A5-Weekday-SDon-057700_M11_604,M11,d0,8,9:43:59,9:43:59,401398,6.0,1
MV_A5-Weekday-SDon-057700_M11_604,M11,d0,9,9:45:00,9:45:00,403802,7.0,1
MV_A5-Weekday-SDon-057700_M11_604,M11,d0,10,9:46:25,9:46:25,401400,12.0,1
MV_A5-Weekday-SDon-057700_M11_604,M11,d0,11,9:47:47,9:47:47,401401,12.0,1
MV_A5-Weekday-SDon-057700_M11_604,M11,d0,12,9:49:51,9:49:51,401402,13.0,1
MV_A5-Weekday-SDon-057700_M11_604,M11,d0,13,9:52:07,9:52:07,401404,13.0,1
MV_A5-Weekday-SDon-057700_M11_604,M11,d0,14,9:54:35,9:54:35,404279,11.0,1
MV_A5-Weekday-SDon-057700_M11_604,M11,d0,15,9:56:13,9:56:13,405631,11.0,1
MV_A5-Weekday-SDon-057700_M11_604,M11,d0,16,9:58:00,9:58:00,401407,13.0,1
MV_A5-Weekday-SDon-057700_M11_604,M11,d0,17,9:59:41,9:59:41,401408,16.0,1
MV_A5-Weekday-SDon-057700_M11_604,M11,d0,18,10:00:49,10:00:49,401409,14.0,2
MV_A5-Weekday-SDon-057700_M11_604,M11,d0,19,10:01:55,10:01:55,401410,22.0,2
MV_A5-Weekday-SDon-057700_M11_604,M11,d0,20,10:03:49,10:03:49,401411,22.0,2
MV_A5-Weekday-SDon-057700_M11_604,M11,d0,21,10:05:14,10:05:14,401412,14.0,2
MV_A5-Weekday-SDon-057700_M11_604,M11,d0,22,10:06:03,10:06:03,401413,21.0,2
MV_A5-Weekday-SDon-057700_M11_604,M11,d0,23,10:07:33,10:07:33,401414,18.0,2
MV_A5-Weekday-SDon-057700_M11_604,M11,d0,24,10:09:21,10:09:21,401416,18.0,2
MV_A5-Weekday-SDon-057700_M11_604,M11,d0,25,10:10:51,10:10:51,401417,16.0,2
MV_A5-Weekday-SDon-057700_M11_604,M11,d0,26,10:12:00,10:12:00,403472,20.0,2
MV_A5-Weekday-SDon-057700_M11_604,M11,d0,27,10:13:10,10:13:10,403555,19.0,2
MV_A5-Weekday-SDon-057700_M11_604,M11,d0,28,10:15:00,10:15:00,401021,15.0,2
MV_A5-Weekday-SDon-057700_M11_604,M11,d0,29,10:16:10,10:16:10,401022,18.0,2
MV_A5-Weekday-SDon-057700_M11_604,M11,d0,30,10:17:48,10:17:48,401023,14.0,1
MV_A5-Weekday-SDon-057700_M11_604,M11,d0,31,10:18:53,10:18:53,401024,14.0,1
MV_A5-Weekday-SDon-057700_M11_604,M11,d0,32,10:20:08,10:20:08,401025,12.0,1
MV_A5-Weekday-SDon-057700_M11_604,M11,d0,33,10:21:16,10:21:16,401026,13.0,2
MV_A5-Weekday-SDon-057700_M11_604,M11,d0,34,10:23:03,10:23:03,401027,23.0,2
MV_A5-Weekday-SDon-057700_M11_604,M11,d0,35,10:24:25,10:24:25,404320,25.0,2
MV_A5-Weekday-SDon-057700_M11_604,M11,d0,36,10:25:51,10:25:51,401029,7.0,2
MV_A5-Weekday-SDon-057700_M11_604,M11,d0,37,10:26:58,10:26:58,401030,30.0,2
MV_A5-Weekday-SDon-057700_M11_604,M11,d0,38,10:28:44,10:28:44,401031,25.0,2
MV_A5-Weekday-SDon-057700_M11_604,M11,d0,39,10:29:52,10:29:52,401032,7.0,2
MV_A5-Weekday-SDon-057700_M11_604,M11,d0,40,10:31:00,10:31:00,401033,23.0,2
MV_A5-Weekday-SDon-057700_M11_604,M11,d0,41,10:31:59,10:31:59,401034,26.0,2
MV_A5-Weekday-SDon-057700_M11_604,M11,d0,42,10:33:13,10:33:13,401035,20.0,2
MV_A5-Weekday-SDon-057700_M11_604,M11,d0,43,10:34:22,10:34:22,401435,24.0,2
MV_A5-Weekday-SDon-057700_M11_604,M11,d0,44,10:36:00,10:36:00,401436,24.0,2
MV_A5-Weekday-SDon-057700_M11_604,M11,d0,45,10:37:45,10:37:45,401438,21.0,2
MV_A5-Weekday-SDon-057700_M11_604,M11,d0,46,10:38:46,10:38:46,403886,4.0,2
MV_A5-Weekday-SDon-057700_M11_604,M11,d0,47,10:39:58,10:39:58,401440,20.0,2
MV_A5-Weekday-SDon-057700_M11_604,M11,d0,48,10:41:04,10:41:04,401441,2.0,1
MV_A5-Weekday-SDon-057700_M11_604,M11,d0,49,10:42:09,10:42:09,401442,14.0,1
MV_A5-Weekday-SDon-057700_M11_604,M11,d0,50,10:43:30,10:43:30,401443,14.0,1
MV_A5-Weekday-SDon-057700_M11_604,M11,d0,51,10:44:56,10:44:56,403292,3.0,1
MV_A5-Weekday-SDon-057700_M11_604,M11,d0,52,10:45:48,10:45:48,401444,14.0,1
MV_A5-Weekday-SDon-057700_M11_604,M11,d0,53,10:47:00,10:47:00,401446,14.0,1
MV_A5-Weekday-SDon-057700_M11_604,M11,d0,54,10:48:12,10:48:12,401447,8.0,1
MV_A5-Weekday-SDon-057700_M11_604,M11,d0,55,10:50:11,10:50:11,403757,13.0,1
MV_A5-Weekday-SDon-057700_M11_604,M11,d0,56,10:52:00,10:52:00,404011,13.0,1
MV_A5-Weekday-SDon-057700_M11_604,M11,d0,57,10:52:12,10:52:12,404012,13.0,1
MV_A5-Weekday-SDon-057700_M11_604,M11,d0,58,10:52:34,10:52:34,404013,1.0,1
MV_A5-Weekday-SDon-057700_M11_604,M11,d0,59,10:52:45,10:52:45,404056,13.0,1
MV_A5-Weekday-SDon-057700_M11_604,M11,d0,60,10:53:13,10:53:13,404014,13.0,1
MV_A5-Weekday-SDon-057700_M11_604,M11,d0,61,10:53:27,10:53:27,404015,13.0,1
MV_A5-Weekday-SDon-057700_M11_604,M11,d0,62,10:54:00,10:54:00,803194,13.0,1
MV_A5-Weekday-037500_M11_602,M11,d0,1,6:15:00,6:15:00,401393,3.0,1
MV_A5-Weekday-037500_M11_602,M11,d0,2,6:15:49,6:15:49,405120,3.0,1
MV_A5-Weekday-037500_M11_602,M11,d0,3,6:16:32,6:16:32,405167,3.0,1
MV_A5-Weekday-037500_M11_602,M11,d0,4,6:17:00,6:17:00,405265,3.0,1
MV_A5-Weekday-037500_M11_602,M11,d0,5,6:17:54,6:17:54,405152,3.0,1
MV_A5-Weekday-037500_M11_602,M11,d0,6,6:19:15,6:19:15,405151,3.0,1
MV_A5-Weekday-037500_M11_602,M11,d0,7,6:20:24,6:20:24,404161,5.0,1
MV_A5-Weekday-037500_M11_602,M11,d0,8,6:21:10,6:21:10,401398,6.0,1
MV_A5-Weekday-037500_M11_602,M11,d0,9,6:22:00,6:22:00,403802,6.0,1
MV_A5-Weekday-037500_M11_602,M11,d0,10,6:22:46,6:22:46,401400,6.0,1
MV_A5-Weekday-037500_M11_602,M11,d0,11,6:23:30,6:23:30,401401,6.0,1
MV_A5-Weekday-037500_M11_602,M11,d0,12,6:24:37,6:24:37,401402,6.0,1
MV_A5-Weekday-037500_M11_602,M11,d0,13,6:25:50,6:25:50,401404,7.0,1
MV_A5-Weekday-037500_M11_602,M11,d0,14,6:27:10,6:27:10,404279,9.0,1
MV_A5-Weekday-037500_M11_602,M11,d0,15,6:28:02,6:28:02,405631,12.0,1
MV_A5-Weekday-037500_M11_602,M11,d0,16,6:29:00,6:29:00,401407,12.0,1
MV_A5-Weekday-037500_M11_602,M11,d0,17,6:30:12,6:30:12,401408,12.0,1
MV_A5-Weekday-037500_M11_602,M11,d0,18,6:31:01,6:31:01,401409,14.0,1
MV_A5-Weekday-037500_M11_602,M11,d0,19,6:31:48,6:31:48,401410,14.0,1
MV_A5-Weekday-037500_M11_602,M11,d0,20,6:33:10,6:33:10,401411,14.0,1
MV_A5-Weekday-037500_M11_602,M11,d0,21,6:34:10,6:34:10,401412,14.0,1
MV_A5-Weekday-037500_M11_602,M11,d0,22,6:34:45,6:34:45,401413,8.0,1
MV_A5-Weekday-037500_M11_602,M11,d0,23,6:35:50,6:35:50,401414,13.0,1
MV_A5-Weekday-037500_M11_602,M11,d0,24,6:37:06,6:37:06,401416,14.0,1
MV_A5-Weekday-037500_M11_602,M11,d0,25,6:38:11,6:38:11,401417,14.0,1
MV_A5-Weekday-037500_M11_602,M11,d0,26,6:39:00,6:39:00,403472,14.0,1
MV_A5-Weekday-037500_M11_602,M11,d0,27,6:39:47,6:39:47,403555,13.0,1
MV_A5-Weekday-037500_M11_602,M11,d0,28,6:41:00,6:41:00,401021,14.0,1
MV_A5-Weekday-037500_M11_602,M11,d0,29,6:41:48,6:41:48,401022,15.0,1
MV_A5-Weekday-037500_M11_602,M11,d0,30,6:42:55,6:42:55,401023,15.0,1
MV_A5-Weekday-037500_M11_602,M11,d0,31,6:43:40,6:43:40,401024,16.0,1
MV_A5-Weekday-037500_M11_602,M11,d0,32,6:44:32,6:44:32,401025,16.0,2
MV_A5-Weekday-037500_M11_602,M11,d0,33,6:45:19,6:45:19,401026,18.0,2
MV_A5-Weekday-037500_M11_602,M11,d0,34,6:46:32,6:46:32,401027,16.0,2
MV_A5-Weekday-037500_M11_602,M11,d0,35,6:47:29,6:47:29,404320,17.0,2
MV_A5-Weekday-037500_M11_602,M11,d0,36,6:48:27,6:48:27,401029,17.0,2
MV_A5-Weekday-037500_M11_602,M11,d0,37,6:49:14,6:49:14,401030,17.0,2
MV_A5-Weekday-037500_M11_602,M11,d0,38,6:50:26,6:50:26,401031,13.0,1
MV_A5-Weekday-037500_M11_602,M11,d0,39,6:51:13,6:51:13,401032,15.0,1
MV_A5-Weekday-037500_M11_602,M11,d0,40,6:52:00,6:52:00,401033,15.0,1
MV_A5-Weekday-037500_M11_602,M11,d0,41,6:52:47,6:52:47,401034,15.0,1
MV_A5-Weekday-037500_M11_602,M11,d0,42,6:53:46,6:53:46,401035,15.0,1
MV_A5-Weekday-037500_M11_602,M11,d0,43,6:54:41,6:54:41,401435,15.0,1
MV_A5-Weekday-037500_M11_602,M11,d0,44,6:56:00,6:56:00,401436,15.0,1
MV_A5-Weekday-037500_M11_602,M11,d0,45,6:57:45,6:57:45,401438,14.0,1
MV_A5-Weekday-037500_M11_602,M11,d0,46,6:58:46,6:58:46,403886,14.0,1
MV_A5-Weekday-037500_M11_602,M11,d0,47,6:59:58,6:59:58,401440,14.0,1
MV_A5-Weekday-037500_M11_602,M11,d0,48,7:01:04,7:01:04,401441,12.0,1
MV_A5-Weekday-037500_M11_602,M11,d0,49,7:02:09,7:02:09,401442,12.0,1
MV_A5-Weekday-037500_M11_602,M11,d0,50,7:03:30,7:03:30,401443,11.0,1
MV_A5-Weekday-037500_M11_602,M11,d0,51,7:04:56,7:04:56,403292,10.0,1
MV_A5-Weekday-037500_M11_602,M11,d0,52,7:05:48,7:05:48,401444,10.0,1
MV_A5-Weekday-037500_M11_602,M11,d0,53,7:07:00,7:07:00,401446,10.0,1
MV_A5-Weekday-037500_M11_602,M11,d0,54,7:08:12,7:08:12,401447,10.0,1
MV_A5-Weekday-037500_M11_602,M11,d0,55,7:10:11,7:10:11,403757,10.0,1
MV_A5-Weekday-037500_M11_602,M11,d0,56,7:12:00,7:12:00,404011,10.0,1
MV_A5-Weekday-037500_M11_602,M11,d0,57,7:12:18,7:12:18,404012,10.0,1
MV_A5-Weekday-037500_M11_602,M11,d0,58,7:12:51,7:12:51,404013,10.0,1
MV_A5-Weekday-037500_M11_602,M11,d0,59,7:13:08,7:13:08,404056,9.0,1
MV_A5-Weekday-037500_M11_602,M11,d0,60,7:13:49,7:13:49,404014,9.0,1
MV_A5-Weekday-037500_M11_602,M11,d0,61,7:14:11,7:14:11,404015,9.0,1
MV_A5-Weekday-037500_M11_602,M11,d0,62,7:15:00,7:15:00,803194,9.0,1
MV_A5-Weekday-126500_M11_628,M11,d0,1,21:05:00,21:05:00,401393,9.0,1
MV_A5-Weekday-126500_M11_628,M11,d0,2,21:05:49,21:05:49,405120,9.0,1
MV_A5-Weekday-126500_M11_628,M11,d0,3,21:06:32,21:06:32,405167,9.0,1
MV_A5-Weekday-126500_M11_628,M11,d0,4,21:07:00,21:07:00,405265,3.0,1
MV_A5-Weekday-126500_M11_628,M11,d0,5,21:07:54,21:07:54,405152,8.0,1
MV_A5-Weekday-126500_M11_628,M11,d0,6,21:09:15,21:09:15,405151,8.0,1
MV_A5-Weekday-126500_M11_628,M11,d0,7,21:10:24,21:10:24,404161,4.0,1
MV_A5-Weekday-126500_M11_628,M11,d0,8,21:11:10,21:11:10,401398,11.0,1
MV_A5-Weekday-126500_M11_628,M11,d0,9,21:12:00,21:12:00,403802,14.0,1
MV_A5-Weekday-126500_M11_628,M11,d0,10,21:12:46,21:12:46,401400,8.0,1
MV_A5-Weekday-126500_M11_628,M11,d0,11,21:13:30,21:13:30,401401,8.0,1
MV_A5-Weekday-126500_M11_628,M11,d0,12,21:14:37,21:14:37,401402,14.0,1
MV_A5-Weekday-126500_M11_628,M11,d0,13,21:15:50,21:15:50,401404,15.0,1
MV_A5-Weekday-126500_M11_628,M11,d0,14,21:17:10,21:17:10,404279,14.0,1
MV_A5-Weekday-126500_M11_628,M11,d0,15,21:18:02,21:18:02,405631,9.0,1
MV_A5-Weekday-126500_M11_628,M11,d0,16,21:19:00,21:19:00,401407,6.0,1
MV_A5-Weekday-126500_M11_628,M11,d0,17,21:20:12,21:20:12,401408,9.0,1
MV_A5-Weekday-126500_M11_628,M11,d0,18,21:21:01,21:21:01,401409,9.0,1
MV_A5-Weekday-126500_M11_628,M11,d0,19,21:21:48,21:21:48,401410,9.0,1
MV_A5-Weekday-126500_M11_628,M11,d0,20,21:23:10,21:23:10,401411,8.0,1
MV_A5-Weekday-126500_M11_628,M11,d0,21,21:24:10,21:24:10,401412,8.0,1
MV_A5-Weekday-126500_M11_628,M11,d0,22,21:24:45,21:24:45,401413,3.0,1
MV_A5-Weekday-126500_M11_628,M11,d0,23,21:25:50,21:25:50,401414,7.0,1
MV_A5-Weekday-126500_M11_628,M11,d0,24,21:27:06,21:27:06,401416,5.0,1
MV_A5-Weekday-126500_M11_628,M11,d0,25,21:28:11,21:28:11,401417,7.0,1
MV_A5-Weekday-126500_M11_628,M11,d0,26,21:29:00,21:29:00,403472,7.0,1
MV_A5-Weekday-126500_M11_628,M11,d0,27,21:30:10,21:30:10,403555,6.0,1
MV_A5-Weekday-126500_M11_628,M11,d0,28,21:32:00,21:32:00,401021,7.0,1
MV_A5-Weekday-126500_M11_628,M11,d0,29,21:32:52,21:32:52,401022,8.0,1
MV_A5-Weekday-126500_M11_628,M11,d0,30,21:34:06,21:34:06,401023,8.0,1
MV_A5-Weekday-126500_M11_628,M11,d0,31,21:34:55,21:34:55,401024,11.0,1
MV_A5-Weekday-126500_M11_628,M11,d0,32,21:35:51,21:35:51,401025,4.0,1
MV_A5-Weekday-126500_M11_628,M11,d0,33,21:36:42,21:36:42,401026,11.0,1
MV_A5-Weekday-126500_M11_628,M11,d0,34,21:38:02,21:38:02,401027,5.0,1
MV_A5-Weekday-126500_M11_628,M11,d0,35,21:39:04,21:39:04,404320,5.0,1
MV_A5-Weekday-126500_M11_628,M11,d0,36,21:40:08,21:40:08,401029,3.0,1
MV_A5-Weekday-126500_M11_628,M11,d0,37,21:40:59,21:40:59,401030,11.0,1
MV_A5-Weekday-126500_M11_628,M11,d0,38,21:42:18,21:42:18,401031,11.0,1
MV_A5-Weekday-126500_M11_628,M11,d0,39,21:43:09,21:43:09,401032,11.0,1
MV_A5-Weekday-126500_M11_628,M11,d0,40,21:44:00,21:44:00,401033,3.0,1
MV_A5-Weekday-126500_M11_628,M11,d0,41,21:44:47,21:44:47,401034,10.0,1
MV_A5-Weekday-126500_M11_628,M11,d0,42,21:45:46,21:45:46,401035,10.0,1
MV_A5-Weekday-126500_M11_628,M11,d0,43,21:46:41,21:46:41,401435,10.0,1
MV_A5-Weekday-126500_M11_628,M11,d0,44,21:48:00,21:48:00,401436,10.0,1
MV_A5-Weekday-126500_M11_628,M11,d0,45,21:49:26,21:49:26,401438,10.0,1
MV_A5-Weekday-126500_M11_628,M11,d0,46,21:50:16,21:50:16,403886,10.0,1
MV_A5-Weekday-126500_M11_628,M11,d0,47,21:51:15,21:51:15,401440,10.0,1
MV_A5-Weekday-126500_M11_628,M11,d0,48,21:52:09,21:52:09,401441,10.0,1
MV_A5-Weekday-126500_M11_628,M11,d0,49,21:53:02,21:53:02,401442,9.0,1
MV_A5-Weekday-126500_M11_628,M11,d0,50,21:54:08,21:54:08,401443,2.0,1
MV_A5-Weekday-126500_M11_628,M11,d0,51,21:55:18,21:55:18,403292,9.0,1
MV_A5-Weekday-126500_M11_628,M11,d0,52,21:56:01,21:56:01,401444,11.0,1
MV_A5-Weekday-126500_M11_628,M11,d0,53,21:57:00,21:57:00,401446,11.0,1
MV_A5-Weekday-126500_M11_628,M11,d0,54,21:57:58,21:57:58,401447,11.0,1
MV_A5-Weekday-126500_M11_628,M11,d0,55,21:59:33,21:59:33,403757,2.0,1
MV_A5-Weekday-126500_M11_628,M11,d0,56,22:01:00,22:01:00,404011,9.0,1
MV_A5-Weekday-126500_M11_628,M11,d0,57,22:01:18,22:01:18,404012,2.0,1
MV_A5-Weekday-126500_M11_628,M11,d0,58,22:01:51,22:01:51,404013,9.0,1
MV_A5-Weekday-126500_M11_628,M11,d0,59,22:02:08,22:02:08,404056,8.0,1
MV_A5-Weekday-126500_M11_628,M11,d0,60,22:02:49,22:02:49,404014,2.0,1
MV_A5-Weekday-126500_M11_628,M11,d0,61,22:03:11,22:03:11,404015,2.0,1
MV_A5-Weekday-126500_M11_628,M11,d0,62,22:04:00,22:04:00,803194,2.0,1
MV_A5-Weekday-SDon-051700_M11_616,M11,d0,1,8:37:00,8:37:00,401393,9.0,2
MV_A5-Weekday-SDon-051700_M11_616,M11,d0,2,8:37:49,8:37:49,405120,20.0,2
MV_A5-Weekday-SDon-051700_M11_616,M11,d0,3,8:38:32,8:38:32,405167,20.0,2
MV_A5-Weekday-SDon-051700_M11_616,M11,d0,4,8:39:00,8:39:00,405265,20.0,2
MV_A5-Weekday-SDon-051700_M11_616,M11,d0,5,8:40:04,8:40:04,405152,20.0,2
MV_A5-Weekday-SDon-051700_M11_616,M11,d0,6,8:41:42,8:41:42,405151,21.0,2
MV_A5-Weekday-SDon-051700_M11_616,M11,d0,7,8:43:05,8:43:05,404161,21.0,2
MV_A5-Weekday-SDon-051700_M11_616,M11,d0,8,8:43:59,8:43:59,401398,26.0,2
MV_A5-Weekday-SDon-051700_M11_616,M11,d0,9,8:45:00,8:45:00,403802,6.0,2
MV_A5-Weekday-SDon-051700_M11_616,M11,d0,10,8:46:25,8:46:25,401400,23.0,2
MV_A5-Weekday-SDon-051700_M11_616,M11,d0,11,8:47:47,8:47:47,401401,23.0,2
MV_A5-Weekday-SDon-051700_M11_616,M11,d0,12,8:49:51,8:49:51,401402,23.0,2
MV_A5-Weekday-SDon-051700_M11_616,M11,d0,13,8:52:07,8:52:07,401404,16.0,1
MV_A5-Weekday-SDon-051700_M11_616,M11,d0,14,8:54:35,8:54:35,404279,16.0,1
MV_A5-Weekday-SDon-051700_M11_616,M11,d0,15,8:56:13,8:56:13,405631,14.0,1
MV_A5-Weekday-SDon-051700_M11_616,M11,d0,16,8:58:00,8:58:00,401407,15.0,1
MV_A5-Weekday-SDon-051700_M11_616,M11,d0,17,8:59:41,8:59:41,401408,15.0,1
MV_A5-Weekday-SDon-051700_M11_616,M11,d0,18,9:00:49,9:00:49,401409,15.0,1
MV_A5-Weekday-SDon-051700_M11_616,M11,d0,19,9:01:55,9:01:55,401410,9.0,1
MV_A5-Weekday-SDon-051700_M11_616,M11,d0,20,9:03:49,9:03:49,401411,8.0,1
MV_A5-Weekday-SDon-051700_M11_616,M11,d0,21,9:05:14,9:05:14,401412,8.0,1
MV_A5-Weekday-SDon-051700_M11_616,M11,d0,22,9:06:03,9:06:03,401413,3.0,1
MV_A5-Weekday-SDon-051700_M11_616,M11,d0,23,9:07:33,9:07:33,401414,6.0,2
MV_A5-Weekday-SDon-051700_M11_616,M11,d0,24,9:09:21,9:09:21,401416,21.0,2
MV_A5-Weekday-SDon-051700_M11_616,M11,d0,25,9:10:51,9:10:51,401417,21.0,2
MV_A5-Weekday-SDon-051700_M11_616,M11,d0,26,9:12:00,9:12:00,403472,7.0,2
MV_A5-Weekday-SDon-051700_M11_616,M11,d0,27,9:13:10,9:13:10,403555,19.0,2
MV_A5-Weekday-SDon-051700_M11_616,M11,d0,28,9:15:00,9:15:00,401021,19.0,2
MV_A5-Weekday-SDon-051700_M11_616,M11,d0,29,9:16:10,9:16:10,401022,12.0,1
MV_A5-Weekday-SDon-051700_M11_616,M11,d0,30,9:17:48,9:17:48,401023,6.0,1
MV_A5-Weekday-SDon-051700_M11_616,M11,d0,31,9:18:53,9:18:53,401024,10.0,1
MV_A5-Weekday-SDon-051700_M11_616,M11,d0,32,9:20:08,9:20:08,401025,12.0,1
MV_A5-Weekday-SDon-051700_M11_616,M11,d0,33,9:21:16,9:21:16,401026,15.0,1
MV_A5-Weekday-SDon-051700_M11_616,M11,d0,34,9:23:03,9:23:03,401027,15.0,1
MV_A5-Weekday-SDon-051700_M11_616,M11,d0,35,9:24:25,9:24:25,404320,15.0,2
MV_A5-Weekday-SDon-051700_M11_616,M11,d0,36,9:25:51,9:25:51,401029,17.0,2
MV_A5-Weekday-SDon-051700_M11_616,M11,d0,37,9:26:58,9:26:58,401030,16.0,1
MV_A5-Weekday-SDon-051700_M11_616,M11,d0,38,9:28:44,9:28:44,401031,16.0,1
MV_A5-Weekday-SDon-051700_M11_616,M11,d0,39,9:29:52,9:29:52,401032,11.0,2
MV_A5-Weekday-SDon-051700_M11_616,M11,d0,40,9:31:00,9:31:00,401033,17.0,2
MV_A5-Weekday-SDon-051700_M11_616,M11,d0,41,9:31:59,9:31:59,401034,19.0,2
MV_A5-Weekday-SDon-051700_M11_616,M11,d0,42,9:33:13,9:33:13,401035,19.0,2
MV_A5-Weekday-SDon-051700_M11_616,M11,d0,43,9:34:22,9:34:22,401435,19.0,2
MV_A5-Weekday-SDon-051700_M11_616,M11,d0,44,9:36:00,9:36:00,401436,12.0,1
MV_A5-Weekday-SDon-051700_M11_616,M11,d0,45,9:37:45,9:37:45,401438,12.0,1
MV_A5-Weekday-SDon-051700_M11_616,M11,d0,46,9:38:46,9:38:46,403886,5.0,1
MV_A5-Weekday-SDon-051700_M11_616,M11,d0,47,9:39:58,9:39:58,401440,11.0,1
MV_A5-Weekday-SDon-051700_M11_616,M11,d0,48,9:41:04,9:41:04,401441,11.0,1
MV_A5-Weekday-SDon-051700_M11_616,M11,d0,49,9:42:09,9:42:09,401442,11.0,1
MV_A5-Weekday-SDon-051700_M11_616,M11,d0,50,9:43:30,9:43:30,401443,11.0,1
MV_A5-Weekday-SDon-051700_M11_616,M11,d0,51,9:44:56,9:44:56,403292,11.0,1
MV_A5-Weekday-SDon-051700_M11_616,M11,d0,52,9:45:48,9:45:48,401444,10.0,1
MV_A5-Weekday-SDon-051700_M11_616,M11,d0,53,9:47:00,9:47:00,401446,1.0,1
MV_A5-Weekday-SDon-051700_M11_616,M11,d0,54,9:48:12,9:48:12,401447,1.0,1
MV_A5-Weekday-SDon-051700_M11_616,M11,d0,55,9:50:11,9:50:11,403757,1.0,1
MV_A5-Weekday-SDon-051700_M11_616,M11,d0,56,9:52:00,9:52:00,404011,1.0,1
MV_A5-Weekday-SDon-051700_M11_616,M11,d0,57,9:52:12,9:52:12,404012,1.0,1
MV_A5-Weekday-SDon-051700_M11_616,M11,d0,58,9:52:34,9:52:34,404013,1.0,1
MV_A5-Weekday-SDon-051700_M11_616,M11,d0,59,9:52:45,9:52:45,404056,1.0,1
MV_A5-Weekday-SDon-051700_M11_616,M11,d0,60,9:53:13,9:53:13,404014,1.0,1
MV_A5-Weekday-SDon-051700_M11_616,M11,d0,61,9:53:27,9:53:27,404015,1.0,1
MV_A5-Weekday-SDon-051700_M11_616,M11,d0,62,9:54:00,9:54:00,803194,1.0,1
MV_A5-Weekday-128000_M11_635,M11,d0,1,21:20:00,21:20:00,401393,2.0,1
MV_A5-Weekday-128000_M11_635,M11,d0,2,21:20:49,21:20:49,405120,2.0,1
MV_A5-Weekday-128000_M11_635,M11,d0,3,21:21:32,21:21:32,405167,2.0,1
MV_A5-Weekday-128000_M11_635,M11,d0,4,21:22:00,21:22:00,405265,8.0,1
MV_A5-Weekday-128000_M11_635,M11,d0,5,21:22:54,21:22:54,405152,9.0,1
MV_A5-Weekday-128000_M11_635,M11,d0,6,21:24:15,21:24:15,405151,12.0,1
MV_A5-Weekday-128000_M11_635,M11,d0,7,21:25:24,21:25:24,404161,10.0,1
MV_A5-Weekday-128000_M11_635,M11,d0,8,21:26:10,21:26:10,401398,13.0,1
MV_A5-Weekday-128000_M11_635,M11,d0,9,21:27:00,21:27:00,403802,14.0,1
MV_A5-Weekday-128000_M11_635,M11,d0,10,21:27:46,21:27:46,401400,14.0,1
MV_A5-Weekday-128000_M11_635,M11,d0,11,21:28:30,21:28:30,401401,16.0,2
MV_A5-Weekday-128000_M11_635,M11,d0,12,21:29:37,21:29:37,401402,19.0,2
MV_A5-Weekday-128000_M11_635,M11,d0,13,21:30:50,21:30:50,401404,20.0,2
MV_A5-Weekday-128000_M11_635,M11,d0,14,21:32:10,21:32:10,404279,19.0,2
MV_A5-Weekday-128000_M11_635,M11,d0,15,21:33:02,21:33:02,405631,18.0,2
MV_A5-Weekday-128000_M11_635,M11,d0,16,21:34:00,21:34:00,401407,17.0,2
MV_A5-Weekday-128000_M11_635,M11,d0,17,21:35:12,21:35:12,401408,11.0,1
MV_A5-Weekday-128000_M11_635,M11,d0,18,21:36:01,21:36:01,401409,15.0,1
MV_A5-Weekday-128000_M11_635,M11,d0,19,21:36:48,21:36:48,401410,14.0,1
MV_A5-Weekday-128000_M11_635,M11,d0,20,21:38:10,21:38:10,401411,10.0,1
MV_A5-Weekday-128000_M11_635,M11,d0,21,21:39:10,21:39:10,401412,12.0,1
MV_A5-Weekday-128000_M11_635,M11,d0,22,21:39:45,21:39:45,401413,7.0,1
MV_A5-Weekday-128000_M11_635,M11,d0,23,21:40:50,21:40:50,401414,12.0,1
MV_A5-Weekday-128000_M11_635,M11,d0,24,21:42:06,21:42:06,401416,14.0,1
MV_A5-Weekday-128000_M11_635,M11,d0,25,21:43:11,21:43:11,401417,12.0,1
MV_A5-Weekday-128000_M11_635,M11,d0,26,21:44:00,21:44:00,403472,9.0,1
MV_A5-Weekday-128000_M11_635,M11,d0,27,21:45:10,21:45:10,403555,7.0,1
MV_A5-Weekday-128000_M11_635,M11,d0,28,21:47:00,21:47:00,401021,12.0,1
MV_A5-Weekday-128000_M11_635,M11,d0,29,21:47:52,21:47:52,401022,14.0,1
MV_A5-Weekday-128000_M11_635,M11,d0,30,21:49:06,21:49:06,401023,9.0,2
MV_A5-Weekday-128000_M11_635,M11,d0,31,21:49:55,21:49:55,401024,18.0,2
MV_A5-Weekday-128000_M11_635,M11,d0,32,21:50:51,21:50:51,401025,23.0,2
MV_A5-Weekday-128000_M11_635,M11,d0,33,21:51:42,21:51:42,401026,23.0,2
MV_A5-Weekday-128000_M11_635,M11,d0,34,21:53:02,21:53:02,401027,11.0,2
MV_A5-Weekday-128000_M11_635,M11,d0,35,21:54:04,21:54:04,404320,23.0,2
MV_A5-Weekday-128000_M11_635,M11,d0,36,21:55:08,21:55:08,401029,22.0,2
MV_A5-Weekday-128000_M11_635,M11,d0,37,21:55:59,21:55:59,401030,23.0,2
MV_A5-Weekday-128000_M11_635,M11,d0,38,21:57:18,21:57:18,401031,7.0,2
MV_A5-Weekday-128000_M11_635,M11,d0,39,21:58:09,21:58:09,401032,20.0,2
MV_A5-Weekday-128000_M11_635,M11,d0,40,21:59:00,21:59:00,401033,18.0,2
MV_A5-Weekday-128000_M11_635,M11,d0,41,21:59:47,21:59:47,401034,16.0,1
MV_A5-Weekday-128000_M11_635,M11,d0,42,22:00:46,22:00:46,401035,16.0,1
MV_A5-Weekday-128000_M11_635,M11,d0,43,22:01:41,22:01:41,401435,5.0,1
MV_A5-Weekday-128000_M11_635,M11,d0,44,22:03:00,22:03:00,401436,14.0,1
MV_A5-Weekday-128000_M11_635,M11,d0,45,22:04:16,22:04:16,401438,13.0,1
MV_A5-Weekday-128000_M11_635,M11,d0,46,22:05:01,22:05:01,403886,8.0,1
MV_A5-Weekday-128000_M11_635,M11,d0,47,22:05:53,22:05:53,401440,14.0,1
MV_A5-Weekday-128000_M11_635,M11,d0,48,22:06:41,22:06:41,401441,14.0,1
MV_A5-Weekday-128000_M11_635,M11,d0,49,22:07:28,22:07:28,401442,8.0,1
MV_A5-Weekday-128000_M11_635,M11,d0,50,22:08:28,22:08:28,401443,13.0,1
MV_A5-Weekday-128000_M11_635,M11,d0,51,22:09:30,22:09:30,403292,7.0,1
MV_A5-Weekday-128000_M11_635,M11,d0,52,22:10:07,22:10:07,401444,12.0,1
MV_A5-Weekday-128000_M11_635,M11,d0,53,22:11:00,22:11:00,401446,7.0,1
MV_A5-Weekday-128000_M11_635,M11,d0,54,22:11:43,22:11:43,401447,12.0,1
MV_A5-Weekday-128000_M11_635,M11,d0,55,22:12:55,22:12:55,403757,10.0,1
MV_A5-Weekday-128000_M11_635,M11,d0,56,22:14:00,22:14:00,404011,5.0,1
MV_A5-Weekday-128000_M11_635,M11,d0,57,22:14:18,22:14:18,404012,10.0,1
MV_A5-Weekday-128000_M11_635,M11,d0,58,22:14:51,22:14:51,404013,10.0,1
MV_A5-Weekday-128000_M11_635,M11,d0,59,22:15:08,22:15:08,404056,10.0,1
MV_A5-Weekday-128000_M11_635,M11,d0,60,22:15:49,22:15:49,404014,5.0,1
MV_A5-Weekday-128000_M11_635,M11,d0,61,22:16:11,22:16:11,404015,9.0,1
MV_A5-Weekday-128000_M11_635,M11,d0,62,22:17:00,22:17:00,803194,9.0,1
MV_A5-Weekday-096500_M11_621,M11,d0,1,16:05:00,16:05:00,405374,6.0,1
MV_A5-Weekday-096500_M11_621,M11,d0,2,16:06:07,16:06:07,404919,6.0,1
MV_A5-Weekday-096500_M11_621,M11,d0,3,16:07:23,16:07:23,404872,6.0,1
MV_A5-Weekday-096500_M11_621,M11,d0,4,16:08:54,16:08:54,404846,6.0,1
MV_A5-Weekday-096500_M11_621,M11,d0,5,16:10:14,16:10:14,401239,13.0,1
MV_A5-Weekday-096500_M11_621,M11,d0,6,16:12:00,16:12:00,405393,14.0,1
MV_A5-Weekday-096500_M11_621,M11,d0,7,16:13:34,16:13:34,903209,14.0,2
MV_A5-Weekday-096500_M11_621,M11,d0,8,16:14:33,16:14:33,401016,20.0,2
MV_A5-Weekday-096500_M11_621,M11,d0,9,16:16:00,16:16:00,400747,20.0,2
MV_A5-Weekday-096500_M11_621,M11,d0,10,16:18:15,16:18:15,403271,12.0,1
MV_A5-Weekday-096500_M11_621,M11,d0,11,16:20:30,16:20:30,400750,15.0,2
MV_A5-Weekday-096500_M11_621,M11,d0,12,16:23:33,16:23:33,403103,18.0,2
MV_A5-Weekday-096500_M11_621,M11,d0,13,16:25:11,16:25:11,403104,18.0,2
MV_A5-Weekday-096500_M11_621,M11,d0,14,16:26:34,16:26:34,403105,18.0,2
MV_A5-Weekday-096500_M11_621,M11,d0,15,16:28:00,16:28:00,403106,17.0,2
MV_A5-Weekday-096500_M11_621,M11,d0,16,16:29:53,16:29:53,403107,16.0,2
MV_A5-Weekday-096500_M11_621,M11,d0,17,16:31:25,16:31:25,903299,31.0,2
MV_A5-Weekday-096500_M11_621,M11,d0,18,16:32:28,16:32:28,403109,31.0,2
MV_A5-Weekday-096500_M11_621,M11,d0,19,16:33:43,16:33:43,403110,20.0,2
MV_A5-Weekday-096500_M11_621,M11,d0,20,16:35:34,16:35:34,403111,20.0,2
MV_A5-Weekday-096500_M11_621,M11,d0,21,16:36:50,16:36:50,403112,20.0,2
MV_A5-Weekday-096500_M11_621,M11,d0,22,16:39:00,16:39:00,405248,20.0,2
MV_A5-Weekday-096500_M11_621,M11,d0,23,16:40:46,16:40:46,403114,20.0,2
MV_A5-Weekday-096500_M11_621,M11,d0,24,16:42:26,16:42:26,403115,20.0,2
MV_A5-Weekday-096500_M11_621,M11,d0,25,16:43:42,16:43:42,403116,20.0,2
MV_A5-Weekday-096500_M11_621,M11,d0,26,16:45:00,16:45:00,405394,20.0,2
MV_A5-Weekday-096500_M11_621,M11,d0,27,16:47:10,16:47:10,403118,20.0,2
MV_A5-Weekday-096500_M11_621,M11,d0,28,16:48:15,16:48:15,403119,9.0,1
MV_A5-Weekday-096500_M11_621,M11,d0,29,16:50:07,16:50:07,404260,9.0,1
MV_A5-Weekday-096500_M11_621,M11,d0,30,16:51:35,16:51:35,403122,9.0,1
MV_A5-Weekday-096500_M11_621,M11,d0,31,16:53:58,16:53:58,404262,9.0,1
MV_A5-Weekday-096500_M11_621,M11,d0,32,16:55:34,16:55:34,403125,1.0,1
MV_A5-Weekday-096500_M11_621,M11,d0,33,16:57:24,16:57:24,403126,1.0,1
MV_A5-Weekday-096500_M11_621,M11,d0,34,16:58:20,16:58:20,403127,1.0,1
MV_A5-Weekday-096500_M11_621,M11,d0,35,17:01:33,17:01:33,401444,1.0,1
MV_A5-Weekday-096500_M11_621,M11,d0,36,17:03:00,17:03:00,903352,1.0,1
MV_A5-Weekday-SDon-063700_M11_609,M11,d0,1,10:37:00,10:37:00,401393,5.0,1
MV_A5-Weekday-SDon-063700_M11_609,M11,d0,2,10:37:49,10:37:49,405120,4.0,1
MV_A5-Weekday-SDon-063700_M11_609,M11,d0,3,10:38:32,10:38:32,405167,8.0,1
MV_A5-Weekday-SDon-063700_M11_609,M11,d0,4,10:39:00,10:39:00,405265,8.0,1
MV_A5-Weekday-SDon-063700_M11_609,M11,d0,5,10:40:04,10:40:04,405152,8.0,1
MV_A5-Weekday-SDon-063700_M11_609,M11,d0,6,10:41:42,10:41:42,405151,11.0,2
MV_A5-Weekday-SDon-063700_M11_609,M11,d0,7,10:43:05,10:43:05,404161,18.0,2
MV_A5-Weekday-SDon-063700_M11_609,M11,d0,8,10:43:59,10:43:59,401398,18.0,2
MV_A5-Weekday-SDon-063700_M11_609,M11,d0,9,10:45:00,10:45:00,403802,12.0,1
MV_A5-Weekday-SDon-063700_M11_609,M11,d0,10,10:46:25,10:46:25,401400,9.0,1
MV_A5-Weekday-SDon-063700_M11_609,M11,d0,11,10:47:47,10:47:47,401401,12.0,1
MV_A5-Weekday-SDon-063700_M11_609,M11,d0,12,10:49:51,10:49:51,401402,15.0,1
MV_A5-Weekday-SDon-063700_M11_609,M11,d0,13,10:52:07,10:52:07,401404,13.0,2
MV_A5-Weekday-SDon-063700_M11_609,M11,d0,14,10:54:35,10:54:35,404279,18.0,2
MV_A5-Weekday-SDon-063700_M11_609,M11,d0,15,10:56:13,10:56:13,405631,19.0,2
MV_A5-Weekday-SDon-063700_M11_609,M11,d0,16,10:58:00,10:58:00,401407,17.0,2
MV_A5-Weekday-SDon-063700_M11_609,M11,d0,17,10:59:41,10:59:41,401408,23.0,2
MV_A5-Weekday-SDon-063700_M11_609,M11,d0,18,11:00:49,11:00:49,401409,15.0,1
MV_A5-Weekday-SDon-063700_M11_609,M11,d0,19,11:01:55,11:01:55,401410,13.0,2
MV_A5-Weekday-SDon-063700_M11_609,M11,d0,20,11:03:49,11:03:49,401411,26.0,2
MV_A5-Weekday-SDon-063700_M11_609,M11,d0,21,11:05:14,11:05:14,401412,11.0,2
MV_A5-Weekday-SDon-063700_M11_609,M11,d0,22,11:06:03,11:06:03,401413,28.0,2
MV_A5-Weekday-SDon-063700_M11_609,M11,d0,23,11:07:33,11:07:33,401414,28.0,2
MV_A5-Weekday-SDon-063700_M11_609,M11,d0,24,11:09:21,11:09:21,401416,28.0,2
MV_A5-Weekday-SDon-063700_M11_609,M11,d0,25,11:10:51,11:10:51,401417,28.0,2
MV_A5-Weekday-SDon-063700_M11_609,M11,d0,26,11:12:00,11:12:00,403472,15.0,2
MV_A5-Weekday-SDon-063700_M11_609,M11,d0,27,11:13:33,11:13:33,403555,28.0,3
MV_A5-Weekday-SDon-063700_M11_609,M11,d0,28,11:16:00,11:16:00,401021,35.0,3
MV_A5-Weekday-SDon-063700_M11_609,M11,d0,29,11:17:14,11:17:14,401022,35.0,3
MV_A5-Weekday-SDon-063700_M11_609,M11,d0,30,11:18:58,11:18:58,401023,34.0,3
MV_A5-Weekday-SDon-063700_M11_609,M11,d0,31,11:20:08,11:20:08,401024,17.0,2
MV_A5-Weekday-SDon-063700_M11_609,M11,d0,32,11:21:28,11:21:28,401025,30.0,2
MV_A5-Weekday-SDon-063700_M11_609,M11,d0,33,11:22:40,11:22:40,401026,18.0,3
MV_A5-Weekday-SDon-063700_M11_609,M11,d0,34,11:24:33,11:24:33,401027,33.0,3
MV_A5-Weekday-SDon-063700_M11_609,M11,d0,35,11:26:01,11:26:01,404320,24.0,2
MV_A5-Weekday-SDon-063700_M11_609,M11,d0,36,11:27:31,11:27:31,401029,28.0,2
MV_A5-Weekday-SDon-063700_M11_609,M11,d0,37,11:28:43,11:28:43,401030,29.0,3
MV_A5-Weekday-SDon-063700_M11_609,M11,d0,38,11:30:35,11:30:35,401031,34.0,3
MV_A5-Weekday-SDon-063700_M11_609,M11,d0,39,11:31:48,11:31:48,401032,32.0,3
MV_A5-Weekday-SDon-063700_M11_609,M11,d0,40,11:33:00,11:33:00,401033,33.0,3
MV_A5-Weekday-SDon-063700_M11_609,M11,d0,41,11:33:59,11:33:59,401034,33.0,3
MV_A5-Weekday-SDon-063700_M11_609,M11,d0,42,11:35:13,11:35:13,401035,33.0,3
MV_A5-Weekday-SDon-063700_M11_609,M11,d0,43,11:36:22,11:36:22,401435,34.0,3
MV_A5-Weekday-SDon-063700_M11_609,M11,d0,44,11:38:00,11:38:00,401436,34.0,3
MV_A5-Weekday-SDon-063700_M11_609,M11,d0,45,11:40:04,11:40:04,401438,28.0,2
MV_A5-Weekday-SDon-063700_M11_609,M11,d0,46,11:41:17,11:41:17,403886,28.0,2
MV_A5-Weekday-SDon-063700_M11_609,M11,d0,47,11:42:42,11:42:42,401440,28.0,2
MV_A5-Weekday-SDon-063700_M11_609,M11,d0,48,11:43:59,11:43:59,401441,28.0,2
MV_A5-Weekday-SDon-063700_M11_609,M11,d0,49,11:45:16,11:45:16,401442,23.0,2
MV_A5-Weekday-SDon-063700_M11_609,M11,d0,50,11:46:52,11:46:52,401443,25.0,2
MV_A5-Weekday-SDon-063700_M11_609,M11,d0,51,11:48:33,11:48:33,403292,19.0,2
MV_A5-Weekday-SDon-063700_M11_609,M11,d0,52,11:49:35,11:49:35,401444,19.0,2
MV_A5-Weekday-SDon-063700_M11_609,M11,d0,53,11:51:00,11:51:00,401446,22.0,2
MV_A5-Weekday-SDon-063700_M11_609,M11,d0,54,11:52:12,11:52:12,401447,22.0,2
MV_A5-Weekday-SDon-063700_M11_609,M11,d0,55,11:54:11,11:54:11,403757,7.0,2
MV_A5-Weekday-SDon-063700_M11_609,M11,d0,56,11:56:00,11:56:00,404011,18.0,2
MV_A5-Weekday-SDon-063700_M11_609,M11,d0,57,11:56:18,11:56:18,404012,18.0,2
MV_A5-Weekday-SDon-063700_M11_609,M11,d0,58,11:56:51,11:56:51,404013,1.0,2
MV_A5-Weekday-SDon-063700_M11_609,M11,d0,59,11:57:08,11:57:08,404056,17.0,2
MV_A5-Weekday-SDon-063700_M11_609,M11,d0,60,11:57:49,11:57:49,404014,17.0,2
MV_A5-Weekday-SDon-063700_M11_609,M11,d0,61,11:58:11,11:58:11,404015,15.0,1
MV_A5-Weekday-SDon-063700_M11_609,M11,d0,62,11:59:00,11:59:00,803194,15.0,1
MV_A5-Weekday-064900_M11_610,M11,d0,1,10:49:00,10:49:00,401393,3.0,1
MV_A5-Weekday-064900_M11_610,M11,d0,2,10:49:49,10:49:49,405120,3.0,1
MV_A5-Weekday-064900_M11_610,M11,d0,3,10:50:32,10:50:32,405167,3.0,1
MV_A5-Weekday-064900_M11_610,M11,d0,4,10:51:00,10:51:00,405265,3.0,1
MV_A5-Weekday-064900_M11_610,M11,d0,5,10:52:04,10:52:04,405152,9.0,1
MV_A5-Weekday-064900_M11_610,M11,d0,6,10:53:42,10:53:42,405151,9.0,1
MV_A5-Weekday-064900_M11_610,M11,d0,7,10:55:05,10:55:05,404161,10.0,1
MV_A5-Weekday-064900_M11_610,M11,d0,8,10:55:59,10:55:59,401398,11.0,1
MV_A5-Weekday-064900_M11_610,M11,d0,9,10:57:00,10:57:00,403802,11.0,2
MV_A5-Weekday-064900_M11_610,M11,d0,10,10:58:25,10:58:25,401400,22.0,2
MV_A5-Weekday-064900_M11_610,M11,d0,11,10:59:47,10:59:47,401401,15.0,1
MV_A5-Weekday-064900_M11_610,M11,d0,12,11:01:51,11:01:51,401402,14.0,1
MV_A5-Weekday-064900_M11_610,M11,d0,13,11:04:07,11:04:07,401404,15.0,1
MV_A5-Weekday-064900_M11_610,M11,d0,14,11:06:35,11:06:35,404279,13.0,2
MV_A5-Weekday-064900_M11_610,M11,d0,15,11:08:13,11:08:13,405631,18.0,2
MV_A5-Weekday-064900_M11_610,M11,d0,16,11:10:00,11:10:00,401407,23.0,2
MV_A5-Weekday-064900_M11_610,M11,d0,17,11:11:48,11:11:48,401408,7.0,2
MV_A5-Weekday-064900_M11_610,M11,d0,18,11:13:01,11:13:01,401409,23.0,2
MV_A5-Weekday-064900_M11_610,M11,d0,19,11:14:12,11:14:12,401410,23.0,2
MV_A5-Weekday-064900_M11_610,M11,d0,20,11:16:14,11:16:14,401411,15.0,2
MV_A5-Weekday-064900_M11_610,M11,d0,21,11:17:45,11:17:45,401412,22.0,2
MV_A5-Weekday-064900_M11_610,M11,d0,22,11:18:37,11:18:37,401413,22.0,2
MV_A5-Weekday-064900_M11_610,M11,d0,23,11:20:14,11:20:14,401414,17.0,2
MV_A5-Weekday-064900_M11_610,M11,d0,24,11:22:09,11:22:09,401416,12.0,1
MV_A5-Weekday-064900_M11_610,M11,d0,25,11:23:46,11:23:46,401417,12.0,1
MV_A5-Weekday-064900_M11_610,M11,d0,26,11:25:00,11:25:00,403472,15.0,1
MV_A5-Weekday-064900_M11_610,M11,d0,27,11:26:33,11:26:33,403555,15.0,1
MV_A5-Weekday-064900_M11_610,M11,d0,28,11:29:00,11:29:00,401021,15.0,1
MV_A5-Weekday-064900_M11_610,M11,d0,29,11:30:14,11:30:14,401022,15.0,1
MV_A5-Weekday-064900_M11_610,M11,d0,30,11:31:58,11:31:58,401023,12.0,1
MV_A5-Weekday-064900_M11_610,M11,d0,31,11:33:08,11:33:08,401024,11.0,1
MV_A5-Weekday-064900_M11_610,M11,d0,32,11:34:28,11:34:28,401025,13.0,1
MV_A5-Weekday-064900_M11_610,M11,d0,33,11:35:40,11:35:40,401026,13.0,2
MV_A5-Weekday-064900_M11_610,M11,d0,34,11:37:33,11:37:33,401027,18.0,2
MV_A5-Weekday-064900_M11_610,M11,d0,35,11:39:01,11:39:01,404320,18.0,2
MV_A5-Weekday-064900_M11_610,M11,d0,36,11:40:31,11:40:31,401029,13.0,1
MV_A5-Weekday-064900_M11_610,M11,d0,37,11:41:43,11:41:43,401030,13.0,2
MV_A5-Weekday-064900_M11_610,M11,d0,38,11:43:35,11:43:35,401031,19.0,2
MV_A5-Weekday-064900_M11_610,M11,d0,39,11:44:48,11:44:48,401032,19.0,2
MV_A5-Weekday-064900_M11_610,M11,d0,40,11:46:00,11:46:00,401033,16.0,1
MV_A5-Weekday-064900_M11_610,M11,d0,41,11:46:59,11:46:59,401034,16.0,1
MV_A5-Weekday-064900_M11_610,M11,d0,42,11:48:13,11:48:13,401035,13.0,1
MV_A5-Weekday-064900_M11_610,M11,d0,43,11:49:22,11:49:22,401435,14.0,1
MV_A5-Weekday-064900_M11_610,M11,d0,44,11:51:00,11:51:00,401436,10.0,1
MV_A5-Weekday-064900_M11_610,M11,d0,45,11:53:04,11:53:04,401438,12.0,1
MV_A5-Weekday-064900_M11_610,M11,d0,46,11:54:17,11:54:17,403886,15.0,1
MV_A5-Weekday-064900_M11_610,M11,d0,47,11:55:42,11:55:42,401440,9.0,1
MV_A5-Weekday-064900_M11_610,M11,d0,48,11:56:59,11:56:59,401441,14.0,1
MV_A5-Weekday-064900_M11_610,M11,d0,49,11:58:16,11:58:16,401442,14.0,1
MV_A5-Weekday-064900_M11_610,M11,d0,50,11:59:52,11:59:52,401443,12.0,1
MV_A5-Weekday-064900_M11_610,M11,d0,51,12:01:33,12:01:33,403292,16.0,1
MV_A5-Weekday-064900_M11_610,M11,d0,52,12:02:35,12:02:35,401444,16.0,1
MV_A5-Weekday-064900_M11_610,M11,d0,53,12:04:00,12:04:00,401446,11.0,1
MV_A5-Weekday-064900_M11_610,M11,d0,54,12:05:12,12:05:12,401447,16.0,1
MV_A5-Weekday-064900_M11_610,M11,d0,55,12:07:11,12:07:11,403757,8.0,1
MV_A5-Weekday-064900_M11_610,M11,d0,56,12:09:00,12:09:00,404011,8.0,1
MV_A5-Weekday-064900_M11_610,M11,d0,57,12:09:18,12:09:18,404012,8.0,1
MV_A5-Weekday-064900_M11_610,M11,d0,58,12:09:51,12:09:51,404013,8.0,1
MV_A5-Weekday-064900_M11_610,M11,d0,59,12:10:08,12:10:08,404056,7.0,1
MV_A5-Weekday-064900_M11_610,M11,d0,60,12:10:49,12:10:49,404014,7.0,1
MV_A5-Weekday-064900_M11_610,M11,d0,61,12:11:11,12:11:11,404015,6.0,1
MV_A5-Weekday-064900_M11_610,M11,d0,62,12:12:00,12:12:00,803194,6.0,1
MV_A5-Weekday-068500_M11_621,M11,d0,1,11:25:00,11:25:00,401393,28.0,2
MV_A5-Weekday-068500_M11_621,M11,d0,2,11:25:49,11:25:49,405120,28.0,2
MV_A5-Weekday-068500_M11_621,M11,d0,3,11:26:32,11:26:32,405167,28.0,2
MV_A5-Weekday-068500_M11_621,M11,d0,4,11:27:00,11:27:00,405265,28.0,2
MV_A5-Weekday-068500_M11_621,M11,d0,5,11:28:15,11:28:15,405152,28.0,2
MV_A5-Weekday-068500_M11_621,M11,d0,6,11:30:09,11:30:09,405151,28.0,2
MV_A5-Weekday-068500_M11_621,M11,d0,7,11:31:46,11:31:46,404161,28.0,2
MV_A5-Weekday-068500_M11_621,M11,d0,8,11:32:49,11:32:49,401398,28.0,2
MV_A5-Weekday-068500_M11_621,M11,d0,9,11:34:00,11:34:00,403802,28.0,2
MV_A5-Weekday-068500_M11_621,M11,d0,10,11:35:25,11:35:25,401400,28.0,2
MV_A5-Weekday-068500_M11_621,M11,d0,11,11:36:47,11:36:47,401401,28.0,2
MV_A5-Weekday-068500_M11_621,M11,d0,12,11:38:51,11:38:51,401402,28.0,2
MV_A5-Weekday-068500_M11_621,M11,d0,13,11:41:07,11:41:07,401404,28.0,2
MV_A5-Weekday-068500_M11_621,M11,d0,14,11:43:35,11:43:35,404279,28.0,2
MV_A5-Weekday-068500_M11_621,M11,d0,15,11:45:13,11:45:13,405631,28.0,2
MV_A5-Weekday-068500_M11_621,M11,d0,16,11:47:00,11:47:00,401407,28.0,2
MV_A5-Weekday-068500_M11_621,M11,d0,17,11:48:48,11:48:48,401408,28.0,2
MV_A5-Weekday-068500_M11_621,M11,d0,18,11:50:01,11:50:01,401409,28.0,2
MV_A5-Weekday-068500_M11_621,M11,d0,19,11:51:12,11:51:12,401410,28.0,2
MV_A5-Weekday-068500_M11_621,M11,d0,20,11:53:14,11:53:14,401411,28.0,2
MV_A5-Weekday-068500_M11_621,M11,d0,21,11:54:45,11:54:45,401412,28.0,2
MV_A5-Weekday-068500_M11_621,M11,d0,22,11:55:37,11:55:37,401413,28.0,2
MV_A5-Weekday-068500_M11_621,M11,d0,23,11:57:14,11:57:14,401414,28.0,2
MV_A5-Weekday-068500_M11_621,M11,d0,24,11:59:09,11:59:09,401416,28.0,2
MV_A5-Weekday-068500_M11_621,M11,d0,25,12:00:46,12:00:46,401417,28.0,2
MV_A5-Weekday-068500_M11_621,M11,d0,26,12:02:00,12:02:00,403472,28.0,2
MV_A5-Weekday-068500_M11_621,M11,d0,27,12:03:33,12:03:33,403555,28.0,2
MV_A5-Weekday-068500_M11_621,M11,d0,28,12:06:00,12:06:00,401021,28.0,2
MV_A5-Weekday-068500_M11_621,M11,d0,29,12:07:14,12:07:14,401022,28.0,2
MV_A5-Weekday-068500_M11_621,M11,d0,30,12:08:58,12:08:58,401023,28.0,2
MV_A5-Weekday-068500_M11_621,M11,d0,31,12:10:08,12:10:08,401024,28.0,2
MV_A5-Weekday-068500_M11_621,M11,d0,32,12:11:28,12:11:28,401025,28.0,2
MV_A5-Weekday-068500_M11_621,M11,d0,33,12:12:40,12:12:40,401026,28.0,2
MV_A5-Weekday-068500_M11_621,M11,d0,34,12:14:33,12:14:33,401027,28.0,2
MV_A5-Weekday-068500_M11_621,M11,d0,35,12:16:01,12:16:01,404320,28.0,2
MV_A5-Weekday-068500_M11_621,M11,d0,36,12:17:31,12:17:31,401029,28.0,2
MV_A5-Weekday-068500_M11_621,M11,d0,37,12:18:43,12:18:43,401030,28.0,2
MV_A5-Weekday-068500_M11_621,M11,d0,38,12:20:35,12:20:35,401031,28.0,2
MV_A5-Weekday-068500_M11_621,M11,d0,39,12:21:48,12:21:48,401032,28.0,2
MV_A5-Weekday-068500_M11_621,M11,d0,40,12:23:00,12:23:00,401033,28.0,2
MV_A5-Weekday-068500_M11_621,M11,d0,41,12:23:59,12:23:59,401034,28.0,2
MV_A5-Weekday-068500_M11_621,M11,d0,42,12:25:13,12:25:13,401035,28.0,2
MV_A5-Weekday-068500_M11_621,M11,d0,43,12:26:22,12:26:22,401435,28.0,2
MV_A5-Weekday-068500_M11_621,M11,d0,44,12:28:00,12:28:00,401436,28.0,2
MV_A5-Weekday-068500_M11_621,M11,d0,45,12:30:04,12:30:04,401438,28.0,2
MV_A5-Weekday-068500_M11_621,M11,d0,46,12:31:17,12:31:17,403886,28.0,2
MV_A5-Weekday-068500_M11_621,M11,d0,47,12:32:42,12:32:42,401440,28.0,2
MV_A5-Weekday-068500_M11_621,M11,d0,48,12:33:59,12:33:59,401441,28.0,2
MV_A5-Weekday-068500_M11_621,M11,d0,49,12:35:16,12:35:16,401442,28.0,2
MV_A5-Weekday-068500_M11_621,M11,d0,50,12:36:52,12:36:52,401443,28.0,2
MV_A5-Weekday-068500_M11_621,M11,d0,51,12:38:33,12:38:33,403292,28.0,2
MV_A5-Weekday-068500_M11_621,M11,d0,52,12:39:35,12:39:35,401444,28.0,2
MV_A5-Weekday-068500_M11_621,M11,d0,53,12:41:00,12:41:00,401446,28.0,2
MV_A5-Weekday-068500_M11_621,M11,d0,54,12:42:12,12:42:12,401447,28.0,2
MV_A5-Weekday-068500_M11_621,M11,d0,55,12:44:11,12:44:11,403757,28.0,2
MV_A5-Weekday-068500_M11_621,M11,d0,56,12:46:00,12:46:00,404011,28.0,2
MV_A5-Weekday-068500_M11_621,M11,d0,57,12:46:18,12:46:18,404012,26.0,2
MV_A5-Weekday-068500_M11_621,M11,d0,58,12:46:51,12:46:51,404013,26.0,2
MV_A5-Weekday-068500_M11_621,M11,d0,59,12:47:08,12:47:08,404056,24.0,2
MV_A5-Weekday-068500_M11_621,M11,d0,60,12:47:49,12:47:49,404014,24.0,2
MV_A5-Weekday-068500_M11_621,M11,d0,61,12:48:11,12:48:11,404015,20.0,2
MV_A5-Weekday-068500_M11_621,M11,d0,62,12:49:00,12:49:00,803194,20.0,2
MV_A5-Weekday-SDon-079100_M11_605,M11,d0,1,13:11:00,13:11:00,405374,7.0,1
MV_A5-Weekday-SDon-079100_M11_605,M11,d0,2,13:12:07,13:12:07,404919,7.0,1
MV_A5-Weekday-SDon-079100_M11_605,M11,d0,3,13:13:23,13:13:23,404872,7.0,1
MV_A5-Weekday-SDon-079100_M11_605,M11,d0,4,13:14:54,13:14:54,404846,7.0,1
MV_A5-Weekday-SDon-079100_M11_605,M11,d0,5,13:16:14,13:16:14,401239,7.0,1
MV_A5-Weekday-SDon-079100_M11_605,M11,d0,6,13:18:00,13:18:00,405393,8.0,1
MV_A5-Weekday-SDon-079100_M11_605,M11,d0,7,13:19:34,13:19:34,903209,8.0,1
MV_A5-Weekday-SDon-079100_M11_605,M11,d0,8,13:20:33,13:20:33,401016,5.0,1
MV_A5-Weekday-SDon-079100_M11_605,M11,d0,9,13:22:00,13:22:00,400747,6.0,1
MV_A5-Weekday-SDon-079100_M11_605,M11,d0,10,13:24:04,13:24:04,403271,10.0,1
MV_A5-Weekday-SDon-079100_M11_605,M11,d0,11,13:26:07,13:26:07,400750,13.0,1
MV_A5-Weekday-SDon-079100_M11_605,M11,d0,12,13:28:56,13:28:56,403103,13.0,1
MV_A5-Weekday-SDon-079100_M11_605,M11,d0,13,13:30:25,13:30:25,403104,11.0,1
MV_A5-Weekday-SDon-079100_M11_605,M11,d0,14,13:31:42,13:31:42,403105,11.0,1
MV_A5-Weekday-SDon-079100_M11_605,M11,d0,15,13:33:00,13:33:00,403106,11.0,1
MV_A5-Weekday-SDon-079100_M11_605,M11,d0,16,13:34:53,13:34:53,403107,8.0,2
MV_A5-Weekday-SDon-079100_M11_605,M11,d0,17,13:36:25,13:36:25,903299,23.0,2
MV_A5-Weekday-SDon-079100_M11_605,M11,d0,18,13:37:28,13:37:28,403109,23.0,2
MV_A5-Weekday-SDon-079100_M11_605,M11,d0,19,13:38:43,13:38:43,403110,23.0,2
MV_A5-Weekday-SDon-079100_M11_605,M11,d0,20,13:40:34,13:40:34,403111,23.0,2
MV_A5-Weekday-SDon-079100_M11_605,M11,d0,21,13:41:50,13:41:50,403112,23.0,2
MV_A5-Weekday-SDon-079100_M11_605,M11,d0,22,13:44:00,13:44:00,405248,24.0,2
MV_A5-Weekday-SDon-079100_M11_605,M11,d0,23,13:45:46,13:45:46,403114,24.0,2
MV_A5-Weekday-SDon-079100_M11_605,M11,d0,24,13:47:26,13:47:26,403115,17.0,2
MV_A5-Weekday-SDon-079100_M11_605,M11,d0,25,13:48:42,13:48:42,403116,23.0,2
MV_A5-Weekday-SDon-079100_M11_605,M11,d0,26,13:50:00,13:50:00,405394,23.0,2
MV_A5-Weekday-SDon-079100_M11_605,M11,d0,27,13:52:10,13:52:10,403118,18.0,2
MV_A5-Weekday-SDon-079100_M11_605,M11,d0,28,13:53:15,13:53:15,403119,19.0,2
MV_A5-Weekday-SDon-079100_M11_605,M11,d0,29,13:55:07,13:55:07,404260,20.0,2
MV_A5-Weekday-SDon-079100_M11_605,M11,d0,30,13:56:35,13:56:35,403122,20.0,2
MV_A5-Weekday-SDon-079100_M11_605,M11,d0,31,13:58:58,13:58:58,404262,20.0,2
MV_A5-Weekday-SDon-079100_M11_605,M11,d0,32,14:00:34,14:00:34,403125,19.0,2
MV_A5-Weekday-SDon-079100_M11_605,M11,d0,33,14:02:24,14:02:24,403126,17.0,2
MV_A5-Weekday-SDon-079100_M11_605,M11,d0,34,14:03:20,14:03:20,403127,13.0,1
MV_A5-Weekday-SDon-079100_M11_605,M11,d0,35,14:06:33,14:06:33,401444,13.0,1
MV_A5-Weekday-SDon-079100_M11_605,M11,d0,36,14:08:00,14:08:00,903352,13.0,1
MV_A5-Weekday-072100_M11_622,M11,d0,1,12:01:00,12:01:00,401393,3.0,1
MV_A5-Weekday-072100_M11_622,M11,d0,2,12:01:49,12:01:49,405120,3.0,1
MV_A5-Weekday-072100_M11_622,M11,d0,3,12:02:32,12:02:32,405167,3.0,1
MV_A5-Weekday-072100_M11_622,M11,d0,4,12:03:00,12:03:00,405265,6.0,1
MV_A5-Weekday-072100_M11_622,M11,d0,5,12:04:15,12:04:15,405152,6.0,1
MV_A5-Weekday-072100_M11_622,M11,d0,6,12:06:09,12:06:09,405151,9.0,1
MV_A5-Weekday-072100_M11_622,M11,d0,7,12:07:46,12:07:46,404161,10.0,1
MV_A5-Weekday-072100_M11_622,M11,d0,8,12:08:49,12:08:49,401398,10.0,1
MV_A5-Weekday-072100_M11_622,M11,d0,9,12:10:00,12:10:00,403802,13.0,1
MV_A5-Weekday-072100_M11_622,M11,d0,10,12:11:25,12:11:25,401400,15.0,2
MV_A5-Weekday-072100_M11_622,M11,d0,11,12:12:47,12:12:47,401401,17.0,2
MV_A5-Weekday-072100_M11_622,M11,d0,12,12:14:51,12:14:51,401402,17.0,2
MV_A5-Weekday-072100_M11_622,M11,d0,13,12:17:07,12:17:07,401404,20.0,2
MV_A5-Weekday-072100_M11_622,M11,d0,14,12:19:35,12:19:35,404279,20.0,2
MV_A5-Weekday-072100_M11_622,M11,d0,15,12:21:13,12:21:13,405631,20.0,2
MV_A5-Weekday-072100_M11_622,M11,d0,16,12:23:00,12:23:00,401407,16.0,2
MV_A5-Weekday-072100_M11_622,M11,d0,17,12:24:48,12:24:48,401408,20.0,2
MV_A5-Weekday-072100_M11_622,M11,d0,18,12:26:01,12:26:01,401409,21.0,2
MV_A5-Weekday-072100_M11_622,M11,d0,19,12:27:12,12:27:12,401410,21.0,2
MV_A5-Weekday-072100_M11_622,M11,d0,20,12:29:14,12:29:14,401411,23.0,2
MV_A5-Weekday-072100_M11_622,M11,d0,21,12:30:45,12:30:45,401412,23.0,2
MV_A5-Weekday-072100_M11_622,M11,d0,22,12:31:37,12:31:37,401413,21.0,2
MV_A5-Weekday-072100_M11_622,M11,d0,23,12:33:14,12:33:14,401414,28.0,2
MV_A5-Weekday-072100_M11_622,M11,d0,24,12:35:09,12:35:09,401416,14.0,1
MV_A5-Weekday-072100_M11_622,M11,d0,25,12:36:46,12:36:46,401417,14.0,1
MV_A5-Weekday-072100_M11_622,M11,d0,26,12:38:00,12:38:00,403472,14.0,1
MV_A5-Weekday-072100_M11_622,M11,d0,27,12:39:33,12:39:33,403555,13.0,2
MV_A5-Weekday-072100_M11_622,M11,d0,28,12:42:00,12:42:00,401021,20.0,2
MV_A5-Weekday-072100_M11_622,M11,d0,29,12:43:14,12:43:14,401022,24.0,3
MV_A5-Weekday-072100_M11_622,M11,d0,30,12:44:58,12:44:58,401023,39.0,3
MV_A5-Weekday-072100_M11_622,M11,d0,31,12:46:08,12:46:08,401024,38.0,3
MV_A5-Weekday-072100_M11_622,M11,d0,32,12:47:28,12:47:28,401025,38.0,3
MV_A5-Weekday-072100_M11_622,M11,d0,33,12:48:40,12:48:40,401026,34.0,3
MV_A5-Weekday-072100_M11_622,M11,d0,34,12:50:33,12:50:33,401027,34.0,3
MV_A5-Weekday-072100_M11_622,M11,d0,35,12:52:01,12:52:01,404320,34.0,3
MV_A5-Weekday-072100_M11_622,M11,d0,36,12:53:31,12:53:31,401029,31.0,3
MV_A5-Weekday-072100_M11_622,M11,d0,37,12:54:43,12:54:43,401030,33.0,3
MV_A5-Weekday-072100_M11_622,M11,d0,38,12:56:35,12:56:35,401031,35.0,3
MV_A5-Weekday-072100_M11_622,M11,d0,39,12:57:48,12:57:48,401032,12.0,3
MV_A5-Weekday-072100_M11_622,M11,d0,40,12:59:00,12:59:00,401033,35.0,3
MV_A5-Weekday-072100_M11_622,M11,d0,41,12:59:59,12:59:59,401034,34.0,3
MV_A5-Weekday-072100_M11_622,M11,d0,42,13:01:13,13:01:13,401035,31.0,2
MV_A5-Weekday-072100_M11_622,M11,d0,43,13:02:22,13:02:22,401435,25.0,2
MV_A5-Weekday-072100_M11_622,M11,d0,44,13:04:00,13:04:00,401436,23.0,2
MV_A5-Weekday-072100_M11_622,M11,d0,45,13:06:04,13:06:04,401438,23.0,2
MV_A5-Weekday-072100_M11_622,M11,d0,46,13:07:17,13:07:17,403886,23.0,2
MV_A5-Weekday-072100_M11_622,M11,d0,47,13:08:42,13:08:42,401440,21.0,2
MV_A5-Weekday-072100_M11_622,M11,d0,48,13:09:59,13:09:59,401441,12.0,2
MV_A5-Weekday-072100_M11_622,M11,d0,49,13:11:16,13:11:16,401442,21.0,2
MV_A5-Weekday-072100_M11_622,M11,d0,50,13:12:52,13:12:52,401443,21.0,2
MV_A5-Weekday-072100_M11_622,M11,d0,51,13:14:33,13:14:33,403292,20.0,2
MV_A5-Weekday-072100_M11_622,M11,d0,52,13:15:35,13:15:35,401444,20.0,2
MV_A5-Weekday-072100_M11_622,M11,d0,53,13:17:00,13:17:00,401446,15.0,2
MV_A5-Weekday-072100_M11_622,M11,d0,54,13:18:12,13:18:12,401447,22.0,2
MV_A5-Weekday-072100_M11_622,M11,d0,55,13:20:11,13:20:11,403757,13.0,1
MV_A5-Weekday-072100_M11_622,M11,d0,56,13:22:00,13:22:00,404011,13.0,1
MV_A5-Weekday-072100_M11_622,M11,d0,57,13:22:18,13:22:18,404012,13.0,1
MV_A5-Weekday-072100_M11_622,M11,d0,58,13:22:51,13:22:51,404013,13.0,1
MV_A5-Weekday-072100_M11_622,M11,d0,59,13:23:08,13:23:08,404056,13.0,1
MV_A5-Weekday-072100_M11_622,M11,d0,60,13:23:49,13:23:49,404014,13.0,1
MV_A5-Weekday-072100_M11_622,M11,d0,61,13:24:11,13:24:11,404015,13.0,1
MV_A5-Weekday-072100_M11_622,M11,d0,62,13:25:00,13:25:00,803194,13.0,1
MV_A5-Weekday-SDon-086500_M11_610,M11,d0,1,14:25:00,14:25:00,401393,3.0,1
MV_A5-Weekday-SDon-086500_M11_610,M11,d0,2,14:25:49,14:25:49,405120,6.0,1
MV_A5-Weekday-SDon-086500_M11_610,M11,d0,3,14:26:32,14:26:32,405167,6.0,1
MV_A5-Weekday-SDon-086500_M11_610,M11,d0,4,14:27:00,14:27:00,405265,6.0,1
MV_A5-Weekday-SDon-086500_M11_610,M11,d0,5,14:28:26,14:28:26,405152,11.0,1
MV_A5-Weekday-SDon-086500_M11_610,M11,d0,6,14:30:36,14:30:36,405151,12.0,1
MV_A5-Weekday-SDon-086500_M11_610,M11,d0,7,14:32:26,14:32:26,404161,12.0,1
MV_A5-Weekday-SDon-086500_M11_610,M11,d0,8,14:33:39,14:33:39,401398,12.0,1
MV_A5-Weekday-SDon-086500_M11_610,M11,d0,9,14:35:00,14:35:00,403802,12.0,1
MV_A5-Weekday-SDon-086500_M11_610,M11,d0,10,14:36:51,14:36:51,401400,12.0,1
MV_A5-Weekday-SDon-086500_M11_610,M11,d0,11,14:38:38,14:38:38,401401,12.0,1
MV_A5-Weekday-SDon-086500_M11_610,M11,d0,12,14:41:21,14:41:21,401402,12.0,1
MV_A5-Weekday-SDon-086500_M11_610,M11,d0,13,14:44:18,14:44:18,401404,11.0,3
MV_A5-Weekday-SDon-086500_M11_610,M11,d0,14,14:47:32,14:47:32,404279,43.0,3
MV_A5-Weekday-SDon-086500_M11_610,M11,d0,15,14:49:40,14:49:40,405631,43.0,3
MV_A5-Weekday-SDon-086500_M11_610,M11,d0,16,14:52:00,14:52:00,401407,43.0,3
MV_A5-Weekday-SDon-086500_M11_610,M11,d0,17,14:53:48,14:53:48,401408,43.0,3
MV_A5-Weekday-SDon-086500_M11_610,M11,d0,18,14:55:01,14:55:01,401409,43.0,3
MV_A5-Weekday-SDon-086500_M11_610,M11,d0,19,14:56:12,14:56:12,401410,43.0,3
MV_A5-Weekday-SDon-086500_M11_610,M11,d0,20,14:58:14,14:58:14,401411,43.0,3
MV_A5-Weekday-SDon-086500_M11_610,M11,d0,21,14:59:45,14:59:45,401412,43.0,3
MV_A5-Weekday-SDon-086500_M11_610,M11,d0,22,15:00:37,15:00:37,401413,43.0,3
MV_A5-Weekday-SDon-086500_M11_610,M11,d0,23,15:02:14,15:02:14,401414,43.0,3
MV_A5-Weekday-SDon-086500_M11_610,M11,d0,24,15:04:09,15:04:09,401416,43.0,3
MV_A5-Weekday-SDon-086500_M11_610,M11,d0,25,15:05:46,15:05:46,401417,43.0,3
MV_A5-Weekday-SDon-086500_M11_610,M11,d0,26,15:07:00,15:07:00,403472,43.0,3
MV_A5-Weekday-SDon-086500_M11_610,M11,d0,27,15:08:33,15:08:33,403555,43.0,3
MV_A5-Weekday-SDon-086500_M11_610,M11,d0,28,15:11:00,15:11:00,401021,43.0,3
MV_A5-Weekday-SDon-086500_M11_610,M11,d0,29,15:12:27,15:12:27,401022,43.0,3
MV_A5-Weekday-SDon-086500_M11_610,M11,d0,30,15:14:29,15:14:29,401023,44.0,3
MV_A5-Weekday-SDon-086500_M11_610,M11,d0,31,15:15:52,15:15:52,401024,44.0,3
MV_A5-Weekday-SDon-086500_M11_610,M11,d0,32,15:17:25,15:17:25,401025,44.0,3
MV_A5-Weekday-SDon-086500_M11_610,M11,d0,33,15:18:50,15:18:50,401026,39.0,3
MV_A5-Weekday-SDon-086500_M11_610,M11,d0,34,15:21:04,15:21:04,401027,39.0,3
MV_A5-Weekday-SDon-086500_M11_610,M11,d0,35,15:22:47,15:22:47,404320,39.0,3
MV_A5-Weekday-SDon-086500_M11_610,M11,d0,36,15:24:33,15:24:33,401029,22.0,2
MV_A5-Weekday-SDon-086500_M11_610,M11,d0,37,15:25:58,15:25:58,401030,22.0,2
MV_A5-Weekday-SDon-086500_M11_610,M11,d0,38,15:28:10,15:28:10,401031,22.0,2
MV_A5-Weekday-SDon-086500_M11_610,M11,d0,39,15:29:35,15:29:35,401032,22.0,2
MV_A5-Weekday-SDon-086500_M11_610,M11,d0,40,15:31:00,15:31:00,401033,32.0,2
MV_A5-Weekday-SDon-086500_M11_610,M11,d0,41,15:31:59,15:31:59,401034,32.0,2
MV_A5-Weekday-SDon-086500_M11_610,M11,d0,42,15:33:13,15:33:13,401035,32.0,2
MV_A5-Weekday-SDon-086500_M11_610,M11,d0,43,15:34:22,15:34:22,401435,26.0,2
MV_A5-Weekday-SDon-086500_M11_610,M11,d0,44,15:36:00,15:36:00,401436,26.0,2
MV_A5-Weekday-SDon-086500_M11_610,M11,d0,45,15:38:32,15:38:32,401438,16.0,1
MV_A5-Weekday-SDon-086500_M11_610,M11,d0,46,15:40:02,15:40:02,403886,16.0,1
MV_A5-Weekday-SDon-086500_M11_610,M11,d0,47,15:41:47,15:41:47,401440,6.0,1
MV_A5-Weekday-SDon-086500_M11_610,M11,d0,48,15:43:22,15:43:22,401441,16.0,2
MV_A5-Weekday-SDon-086500_M11_610,M11,d0,49,15:44:57,15:44:57,401442,18.0,2
MV_A5-Weekday-SDon-086500_M11_610,M11,d0,50,15:46:55,15:46:55,401443,18.0,3
MV_A5-Weekday-SDon-086500_M11_610,M11,d0,51,15:48:59,15:48:59,403292,34.0,3
MV_A5-Weekday-SDon-086500_M11_610,M11,d0,52,15:50:15,15:50:15,401444,34.0,3
MV_A5-Weekday-SDon-086500_M11_610,M11,d0,53,15:52:00,15:52:00,401446,21.0,2
MV_A5-Weekday-SDon-086500_M11_610,M11,d0,54,15:53:27,15:53:27,401447,27.0,2
MV_A5-Weekday-SDon-086500_M11_610,M11,d0,55,15:55:49,15:55:49,403757,27.0,2
MV_A5-Weekday-SDon-086500_M11_610,M11,d0,56,15:58:00,15:58:00,404011,3.0,1
MV_A5-Weekday-SDon-086500_M11_610,M11,d0,57,15:58:24,15:58:24,404012,13.0,1
MV_A5-Weekday-SDon-086500_M11_610,M11,d0,58,15:59:09,15:59:09,404013,6.0,1
MV_A5-Weekday-SDon-086500_M11_610,M11,d0,59,15:59:31,15:59:31,404056,6.0,1
MV_A5-Weekday-SDon-086500_M11_610,M11,d0,60,16:00:25,16:00:25,404014,2.0,1
MV_A5-Weekday-SDon-086500_M11_610,M11,d0,61,16:00:55,16:00:55,404015,13.0,1
MV_A5-Weekday-SDon-086500_M11_610,M11,d0,62,16:02:00,16:02:00,803194,13.0,1
MV_A5-Weekday-SDon-089700_M11_625,M11,d0,1,14:57:00,14:57:00,401393,1.0,2
MV_A5-Weekday-SDon-089700_M11_625,M11,d0,2,14:57:49,14:57:49,405120,30.0,2
MV_A5-Weekday-SDon-089700_M11_625,M11,d0,3,14:58:32,14:58:32,405167,30.0,2
MV_A5-Weekday-SDon-089700_M11_625,M11,d0,4,14:59:00,14:59:00,405265,30.0,2
MV_A5-Weekday-SDon-089700_M11_625,M11,d0,5,15:00:36,15:00:36,405152,30.0,2
MV_A5-Weekday-SDon-089700_M11_625,M11,d0,6,15:03:03,15:03:03,405151,30.0,2
MV_A5-Weekday-SDon-089700_M11_625,M11,d0,7,15:05:07,15:05:07,404161,30.0,2
MV_A5-Weekday-SDon-089700_M11_625,M11,d0,8,15:06:29,15:06:29,401398,30.0,2
MV_A5-Weekday-SDon-089700_M11_625,M11,d0,9,15:08:00,15:08:00,403802,30.0,2
MV_A5-Weekday-SDon-089700_M11_625,M11,d0,10,15:09:51,15:09:51,401400,30.0,2
MV_A5-Weekday-SDon-089700_M11_625,M11,d0,11,15:11:38,15:11:38,401401,30.0,3
MV_A5-Weekday-SDon-089700_M11_625,M11,d0,12,15:14:21,15:14:21,401402,39.0,3
MV_A5-Weekday-SDon-089700_M11_625,M11,d0,13,15:17:18,15:17:18,401404,39.0,3
MV_A5-Weekday-SDon-089700_M11_625,M11,d0,14,15:20:32,15:20:32,404279,39.0,3
MV_A5-Weekday-SDon-089700_M11_625,M11,d0,15,15:22:40,15:22:40,405631,39.0,3
MV_A5-Weekday-SDon-089700_M11_625,M11,d0,16,15:25:00,15:25:00,401407,39.0,3
MV_A5-Weekday-SDon-089700_M11_625,M11,d0,17,15:26:48,15:26:48,401408,39.0,3
MV_A5-Weekday-SDon-089700_M11_625,M11,d0,18,15:28:01,15:28:01,401409,39.0,3
MV_A5-Weekday-SDon-089700_M11_625,M11,d0,19,15:29:12,15:29:12,401410,33.0,3
MV_A5-Weekday-SDon-089700_M11_625,M11,d0,20,15:31:14,15:31:14,401411,36.0,3
MV_A5-Weekday-SDon-089700_M11_625,M11,d0,21,15:32:45,15:32:45,401412,36.0,3
MV_A5-Weekday-SDon-089700_M11_625,M11,d0,22,15:33:37,15:33:37,401413,36.0,3
MV_A5-Weekday-SDon-089700_M11_625,M11,d0,23,15:35:14,15:35:14,401414,34.0,3
MV_A5-Weekday-SDon-089700_M11_625,M11,d0,24,15:37:09,15:37:09,401416,33.0,3
MV_A5-Weekday-SDon-089700_M11_625,M11,d0,25,15:38:46,15:38:46,401417,32.0,3
MV_A5-Weekday-SDon-089700_M11_625,M11,d0,26,15:40:00,15:40:00,403472,34.0,3
MV_A5-Weekday-SDon-089700_M11_625,M11,d0,27,15:41:33,15:41:33,403555,34.0,3
MV_A5-Weekday-SDon-089700_M11_625,M11,d0,28,15:44:00,15:44:00,401021,31.0,2
MV_A5-Weekday-SDon-089700_M11_625,M11,d0,29,15:45:18,15:45:18,401022,31.0,2
MV_A5-Weekday-SDon-089700_M11_625,M11,d0,30,15:47:09,15:47:09,401023,31.0,2
MV_A5-Weekday-SDon-089700_M11_625,M11,d0,31,15:48:22,15:48:22,401024,14.0,2
MV_A5-Weekday-SDon-089700_M11_625,M11,d0,32,15:49:47,15:49:47,401025,31.0,2
MV_A5-Weekday-SDon-089700_M11_625,M11,d0,33,15:51:03,15:51:03,401026,20.0,2
MV_A5-Weekday-SDon-089700_M11_625,M11,d0,34,15:53:03,15:53:03,401027,30.0,2
MV_A5-Weekday-SDon-089700_M11_625,M11,d0,35,15:54:36,15:54:36,404320,30.0,2
MV_A5-Weekday-SDon-089700_M11_625,M11,d0,36,15:56:12,15:56:12,401029,18.0,2
MV_A5-Weekday-SDon-089700_M11_625,M11,d0,37,15:57:28,15:57:28,401030,17.0,2
MV_A5-Weekday-SDon-089700_M11_625,M11,d0,38,15:59:27,15:59:27,401031,25.0,2
MV_A5-Weekday-SDon-089700_M11_625,M11,d0,39,16:00:44,16:00:44,401032,30.0,2
MV_A5-Weekday-SDon-089700_M11_625,M11,d0,40,16:02:00,16:02:00,401033,30.0,2
MV_A5-Weekday-SDon-089700_M11_625,M11,d0,41,16:02:59,16:02:59,401034,1.0,2
MV_A5-Weekday-SDon-089700_M11_625,M11,d0,42,16:04:13,16:04:13,401035,24.0,2
MV_A5-Weekday-SDon-089700_M11_625,M11,d0,43,16:05:22,16:05:22,401435,24.0,2
MV_A5-Weekday-SDon-089700_M11_625,M11,d0,44,16:07:00,16:07:00,401436,27.0,2
MV_A5-Weekday-SDon-089700_M11_625,M11,d0,45,16:09:32,16:09:32,401438,27.0,2
MV_A5-Weekday-SDon-089700_M11_625,M11,d0,46,16:11:02,16:11:02,403886,27.0,2
MV_A5-Weekday-SDon-089700_M11_625,M11,d0,47,16:12:47,16:12:47,401440,17.0,2
MV_A5-Weekday-SDon-089700_M11_625,M11,d0,48,16:14:22,16:14:22,401441,28.0,2
MV_A5-Weekday-SDon-089700_M11_625,M11,d0,49,16:15:57,16:15:57,401442,28.0,2
MV_A5-Weekday-SDon-089700_M11_625,M11,d0,50,16:17:55,16:17:55,401443,18.0,2
MV_A5-Weekday-SDon-089700_M11_625,M11,d0,51,16:19:59,16:19:59,403292,20.0,2
MV_A5-Weekday-SDon-089700_M11_625,M11,d0,52,16:21:15,16:21:15,401444,20.0,2
MV_A5-Weekday-SDon-089700_M11_625,M11,d0,53,16:23:00,16:23:00,401446,20.0,2
MV_A5-Weekday-SDon-089700_M11_625,M11,d0,54,16:24:27,16:24:27,401447,18.0,2
MV_A5-Weekday-SDon-089700_M11_625,M11,d0,55,16:26:49,16:26:49,403757,18.0,2
MV_A5-Weekday-SDon-089700_M11_625,M11,d0,56,16:29:00,16:29:00,404011,6.0,1
MV_A5-Weekday-SDon-089700_M11_625,M11,d0,57,16:29:24,16:29:24,404012,2.0,1
MV_A5-Weekday-SDon-089700_M11_625,M11,d0,58,16:30:09,16:30:09,404013,1.0,1
MV_A5-Weekday-SDon-089700_M11_625,M11,d0,59,16:30:31,16:30:31,404056,1.0,1
MV_A5-Weekday-SDon-089700_M11_625,M11,d0,60,16:31:25,16:31:25,404014,1.0,1
MV_A5-Weekday-SDon-089700_M11_625,M11,d0,61,16:31:55,16:31:55,404015,1.0,1
MV_A5-Weekday-SDon-089700_M11_625,M11,d0,62,16:33:00,16:33:00,803194,1.0,1
MV_A5-Weekday-077900_M11_603,M11,d0,1,12:59:00,12:59:00,405374,3.0,1
MV_A5-Weekday-077900_M11_603,M11,d0,2,13:00:07,13:00:07,404919,3.0,1
MV_A5-Weekday-077900_M11_603,M11,d0,3,13:01:23,13:01:23,404872,4.0,1
MV_A5-Weekday-077900_M11_603,M11,d0,4,13:02:54,13:02:54,404846,3.0,1
MV_A5-Weekday-077900_M11_603,M11,d0,5,13:04:14,13:04:14,401239,6.0,1
MV_A5-Weekday-077900_M11_603,M11,d0,6,13:06:00,13:06:00,405393,6.0,1
MV_A5-Weekday-077900_M11_603,M11,d0,7,13:07:34,13:07:34,903209,6.0,1
MV_A5-Weekday-077900_M11_603,M11,d0,8,13:08:33,13:08:33,401016,9.0,1
MV_A5-Weekday-077900_M11_603,M11,d0,9,13:10:00,13:10:00,400747,14.0,1
MV_A5-Weekday-077900_M11_603,M11,d0,10,13:12:04,13:12:04,403271,14.0,1
MV_A5-Weekday-077900_M11_603,M11,d0,11,13:14:07,13:14:07,400750,14.0,1
MV_A5-Weekday-077900_M11_603,M11,d0,12,13:16:56,13:16:56,403103,5.0,1
MV_A5-Weekday-077900_M11_603,M11,d0,13,13:18:25,13:18:25,403104,9.0,1
MV_A5-Weekday-077900_M11_603,M11,d0,14,13:19:42,13:19:42,403105,8.0,1
MV_A5-Weekday-077900_M11_603,M11,d0,15,13:21:00,13:21:00,403106,8.0,1
MV_A5-Weekday-077900_M11_603,M11,d0,16,13:22:53,13:22:53,403107,3.0,1
MV_A5-Weekday-077900_M11_603,M11,d0,17,13:24:25,13:24:25,903299,8.0,1
MV_A5-Weekday-077900_M11_603,M11,d0,18,13:25:28,13:25:28,403109,11.0,1
MV_A5-Weekday-077900_M11_603,M11,d0,19,13:26:43,13:26:43,403110,11.0,1
MV_A5-Weekday-077900_M11_603,M11,d0,20,13:28:34,13:28:34,403111,11.0,1
MV_A5-Weekday-077900_M11_603,M11,d0,21,13:29:50,13:29:50,403112,11.0,1
MV_A5-Weekday-077900_M11_603,M11,d0,22,13:32:00,13:32:00,405248,12.0,1
MV_A5-Weekday-077900_M11_603,M11,d0,23,13:33:46,13:33:46,403114,12.0,1
MV_A5-Weekday-077900_M11_603,M11,d0,24,13:35:26,13:35:26,403115,13.0,1
MV_A5-Weekday-077900_M11_603,M11,d0,25,13:36:42,13:36:42,403116,13.0,1
MV_A5-Weekday-077900_M11_603,M11,d0,26,13:38:00,13:38:00,405394,6.0,1
MV_A5-Weekday-077900_M11_603,M11,d0,27,13:40:10,13:40:10,403118,8.0,1
MV_A5-Weekday-077900_M11_603,M11,d0,28,13:41:15,13:41:15,403119,4.0,1
MV_A5-Weekday-077900_M11_603,M11,d0,29,13:43:07,13:43:07,404260,6.0,1
MV_A5-Weekday-077900_M11_603,M11,d0,30,13:44:35,13:44:35,403122,6.0,1
MV_A5-Weekday-077900_M11_603,M11,d0,31,13:46:58,13:46:58,404262,6.0,1
MV_A5-Weekday-077900_M11_603,M11,d0,32,13:48:34,13:48:34,403125,2.0,1
MV_A5-Weekday-077900_M11_603,M11,d0,33,13:50:24,13:50:24,403126,4.0,1
MV_A5-Weekday-077900_M11_603,M11,d0,34,13:51:20,13:51:20,403127,2.0,1
MV_A5-Weekday-077900_M11_603,M11,d0,35,13:54:33,13:54:33,401444,2.0,1
MV_A5-Weekday-077900_M11_603,M11,d0,36,13:56:00,13:56:00,903352,2.0,1
MV_A5-Weekday-115500_M11_623,M11,d0,1,19:15:00,19:15:00,405374,21.0,2
MV_A5-Weekday-115500_M11_623,M11,d0,2,19:16:07,19:16:07,404919,21.0,2
MV_A5-Weekday-115500_M11_623,M11,d0,3,19:17:23,19:17:23,404872,21.0,2
MV_A5-Weekday-115500_M11_623,M11,d0,4,19:18:54,19:18:54,404846,21.0,2
MV_A5-Weekday-115500_M11_623,M11,d0,5,19:20:14,19:20:14,401239,4.0,2
MV_A5-Weekday-115500_M11_623,M11,d0,6,19:22:00,19:22:00,405393,21.0,2
MV_A5-Weekday-115500_M11_623,M11,d0,7,19:23:34,19:23:34,903209,21.0,2
MV_A5-Weekday-115500_M11_623,M11,d0,8,19:24:33,19:24:33,401016,17.0,2
MV_A5-Weekday-115500_M11_623,M11,d0,9,19:26:00,19:26:00,400747,19.0,2
MV_A5-Weekday-115500_M11_623,M11,d0,10,19:28:04,19:28:04,403271,6.0,2
MV_A5-Weekday-115500_M11_623,M11,d0,11,19:30:07,19:30:07,400750,18.0,2
MV_A5-Weekday-115500_M11_623,M11,d0,12,19:32:56,19:32:56,403103,4.0,1
MV_A5-Weekday-115500_M11_623,M11,d0,13,19:34:25,19:34:25,403104,4.0,1
MV_A5-Weekday-115500_M11_623,M11,d0,14,19:35:42,19:35:42,403105,5.0,2
MV_A5-Weekday-115500_M11_623,M11,d0,15,19:37:00,19:37:00,403106,18.0,2
MV_A5-Weekday-115500_M11_623,M11,d0,16,19:38:43,19:38:43,403107,19.0,2
MV_A5-Weekday-115500_M11_623,M11,d0,17,19:40:06,19:40:06,903299,3.0,2
MV_A5-Weekday-115500_M11_623,M11,d0,18,19:41:04,19:41:04,403109,20.0,2
MV_A5-Weekday-115500_M11_623,M11,d0,19,19:42:12,19:42:12,403110,19.0,2
MV_A5-Weekday-115500_M11_623,M11,d0,20,19:43:52,19:43:52,403111,19.0,2
MV_A5-Weekday-115500_M11_623,M11,d0,21,19:45:02,19:45:02,403112,3.0,2
MV_A5-Weekday-115500_M11_623,M11,d0,22,19:47:00,19:47:00,405248,20.0,2
MV_A5-Weekday-115500_M11_623,M11,d0,23,19:48:29,19:48:29,403114,3.0,2
MV_A5-Weekday-115500_M11_623,M11,d0,24,19:49:51,19:49:51,403115,19.0,2
MV_A5-Weekday-115500_M11_623,M11,d0,25,19:50:55,19:50:55,403116,3.0,1
MV_A5-Weekday-115500_M11_623,M11,d0,26,19:52:00,19:52:00,405394,3.0,1
MV_A5-Weekday-115500_M11_623,M11,d0,27,19:53:48,19:53:48,403118,3.0,1
MV_A5-Weekday-115500_M11_623,M11,d0,28,19:54:43,19:54:43,403119,3.0,2
MV_A5-Weekday-115500_M11_623,M11,d0,29,19:56:16,19:56:16,404260,20.0,2
MV_A5-Weekday-115500_M11_623,M11,d0,30,19:57:30,19:57:30,403122,3.0,1
MV_A5-Weekday-115500_M11_623,M11,d0,31,19:59:28,19:59:28,404262,2.0,2
MV_A5-Weekday-115500_M11_623,M11,d0,32,20:00:49,20:00:49,403125,18.0,2
MV_A5-Weekday-115500_M11_623,M11,d0,33,20:02:20,20:02:20,403126,2.0,1
MV_A5-Weekday-115500_M11_623,M11,d0,34,20:03:06,20:03:06,403127,1.0,1
MV_A5-Weekday-115500_M11_623,M11,d0,35,20:05:48,20:05:48,401444,1.0,1
MV_A5-Weekday-115500_M11_623,M11,d0,36,20:07:00,20:07:00,903352,1.0,1
MV_A5-Weekday-100500_M11_623,M11,d0,1,16:45:00,16:45:00,405374,13.0,1
MV_A5-Weekday-100500_M11_623,M11,d0,2,16:46:07,16:46:07,404919,13.0,1
MV_A5-Weekday-100500_M11_623,M11,d0,3,16:47:23,16:47:23,404872,13.0,1
MV_A5-Weekday-100500_M11_623,M11,d0,4,16:48:54,16:48:54,404846,13.0,1
MV_A5-Weekday-100500_M11_623,M11,d0,5,16:50:14,16:50:14,401239,13.0,1
MV_A5-Weekday-100500_M11_623,M11,d0,6,16:52:00,16:52:00,405393,14.0,1
MV_A5-Weekday-100500_M11_623,M11,d0,7,16:53:34,16:53:34,903209,14.0,2
MV_A5-Weekday-100500_M11_623,M11,d0,8,16:54:33,16:54:33,401016,24.0,2
MV_A5-Weekday-100500_M11_623,M11,d0,9,16:56:00,16:56:00,400747,24.0,2
MV_A5-Weekday-100500_M11_623,M11,d0,10,16:58:15,16:58:15,403271,24.0,2
MV_A5-Weekday-100500_M11_623,M11,d0,11,17:00:30,17:00:30,400750,17.0,2
MV_A5-Weekday-100500_M11_623,M11,d0,12,17:03:33,17:03:33,403103,24.0,2
MV_A5-Weekday-100500_M11_623,M11,d0,13,17:05:11,17:05:11,403104,24.0,2
MV_A5-Weekday-100500_M11_623,M11,d0,14,17:06:34,17:06:34,403105,24.0,2
MV_A5-Weekday-100500_M11_623,M11,d0,15,17:08:00,17:08:00,403106,24.0,2
MV_A5-Weekday-100500_M11_623,M11,d0,16,17:09:53,17:09:53,403107,23.0,2
MV_A5-Weekday-100500_M11_623,M11,d0,17,17:11:25,17:11:25,903299,23.0,2
MV_A5-Weekday-100500_M11_623,M11,d0,18,17:12:28,17:12:28,403109,24.0,2
MV_A5-Weekday-100500_M11_623,M11,d0,19,17:13:43,17:13:43,403110,24.0,2
MV_A5-Weekday-100500_M11_623,M11,d0,20,17:15:34,17:15:34,403111,25.0,2
MV_A5-Weekday-100500_M11_623,M11,d0,21,17:16:50,17:16:50,403112,25.0,2
MV_A5-Weekday-100500_M11_623,M11,d0,22,17:19:00,17:19:00,405248,26.0,2
MV_A5-Weekday-100500_M11_623,M11,d0,23,17:20:46,17:20:46,403114,26.0,2
MV_A5-Weekday-100500_M11_623,M11,d0,24,17:22:26,17:22:26,403115,26.0,2
MV_A5-Weekday-100500_M11_623,M11,d0,25,17:23:42,17:23:42,403116,26.0,2
MV_A5-Weekday-100500_M11_623,M11,d0,26,17:25:00,17:25:00,405394,26.0,2
MV_A5-Weekday-100500_M11_623,M11,d0,27,17:27:10,17:27:10,403118,26.0,2
MV_A5-Weekday-100500_M11_623,M11,d0,28,17:28:15,17:28:15,403119,26.0,2
MV_A5-Weekday-100500_M11_623,M11,d0,29,17:30:07,17:30:07,404260,21.0,2
MV_A5-Weekday-100500_M11_623,M11,d0,30,17:31:35,17:31:35,403122,10.0,2
MV_A5-Weekday-100500_M11_623,M11,d0,31,17:33:58,17:33:58,404262,23.0,2
MV_A5-Weekday-100500_M11_623,M11,d0,32,17:35:34,17:35:34,403125,23.0,2
MV_A5-Weekday-100500_M11_623,M11,d0,33,17:37:24,17:37:24,403126,13.0,1
MV_A5-Weekday-100500_M11_623,M11,d0,34,17:38:20,17:38:20,403127,13.0,1
MV_A5-Weekday-100500_M11_623,M11,d0,35,17:41:33,17:41:33,401444,4.0,1
MV_A5-Weekday-100500_M11_623,M11,d0,36,17:43:00,17:43:00,903352,4.0,1
MV_A5-Weekday-098500_M11_622,M11,d0,1,16:25:00,16:25:00,405374,1.0,1
MV_A5-Weekday-098500_M11_622,M11,d0,2,16:26:07,16:26:07,404919,1.0,1
MV_A5-Weekday-098500_M11_622,M11,d0,3,16:27:23,16:27:23,404872,1.0,1
MV_A5-Weekday-098500_M11_622,M11,d0,4,16:28:54,16:28:54,404846,6.0,1
MV_A5-Weekday-098500_M11_622,M11,d0,5,16:30:14,16:30:14,401239,11.0,1
MV_A5-Weekday-098500_M11_622,M11,d0,6,16:32:00,16:32:00,405393,11.0,1
MV_A5-Weekday-098500_M11_622,M11,d0,7,16:33:34,16:33:34,903209,11.0,1
MV_A5-Weekday-098500_M11_622,M11,d0,8,16:34:33,16:34:33,401016,8.0,1
MV_A5-Weekday-098500_M11_622,M11,d0,9,16:36:00,16:36:00,400747,6.0,1
MV_A5-Weekday-098500_M11_622,M11,d0,10,16:38:15,16:38:15,403271,12.0,1
MV_A5-Weekday-098500_M11_622,M11,d0,11,16:40:30,16:40:30,400750,12.0,1
MV_A5-Weekday-098500_M11_622,M11,d0,12,16:43:33,16:43:33,403103,12.0,1
MV_A5-Weekday-098500_M11_622,M11,d0,13,16:45:11,16:45:11,403104,12.0,1
MV_A5-Weekday-098500_M11_622,M11,d0,14,16:46:34,16:46:34,403105,12.0,1
MV_A5-Weekday-098500_M11_622,M11,d0,15,16:48:00,16:48:00,403106,12.0,2
MV_A5-Weekday-098500_M11_622,M11,d0,16,16:49:53,16:49:53,403107,27.0,2
MV_A5-Weekday-098500_M11_622,M11,d0,17,16:51:25,16:51:25,903299,27.0,2
MV_A5-Weekday-098500_M11_622,M11,d0,18,16:52:28,16:52:28,403109,27.0,2
MV_A5-Weekday-098500_M11_622,M11,d0,19,16:53:43,16:53:43,403110,27.0,2
MV_A5-Weekday-098500_M11_622,M11,d0,20,16:55:34,16:55:34,403111,27.0,2
MV_A5-Weekday-098500_M11_622,M11,d0,21,16:56:50,16:56:50,403112,19.0,2
MV_A5-Weekday-098500_M11_622,M11,d0,22,16:59:00,16:59:00,405248,29.0,2
MV_A5-Weekday-098500_M11_622,M11,d0,23,17:00:46,17:00:46,403114,29.0,2
MV_A5-Weekday-098500_M11_622,M11,d0,24,17:02:26,17:02:26,403115,16.0,1
MV_A5-Weekday-098500_M11_622,M11,d0,25,17:03:42,17:03:42,403116,16.0,1
MV_A5-Weekday-098500_M11_622,M11,d0,26,17:05:00,17:05:00,405394,12.0,1
MV_A5-Weekday-098500_M11_622,M11,d0,27,17:07:10,17:07:10,403118,12.0,1
MV_A5-Weekday-098500_M11_622,M11,d0,28,17:08:15,17:08:15,403119,12.0,1
MV_A5-Weekday-098500_M11_622,M11,d0,29,17:10:07,17:10:07,404260,7.0,1
MV_A5-Weekday-098500_M11_622,M11,d0,30,17:11:35,17:11:35,403122,7.0,1
MV_A5-Weekday-098500_M11_622,M11,d0,31,17:13:58,17:13:58,404262,7.0,1
MV_A5-Weekday-098500_M11_622,M11,d0,32,17:15:34,17:15:34,403125,6.0,1
MV_A5-Weekday-098500_M11_622,M11,d0,33,17:17:24,17:17:24,403126,6.0,1
MV_A5-Weekday-098500_M11_622,M11,d0,34,17:18:20,17:18:20,403127,2.0,1
MV_A5-Weekday-098500_M11_622,M11,d0,35,17:21:33,17:21:33,401444,6.0,1
MV_A5-Weekday-098500_M11_622,M11,d0,36,17:23:00,17:23:00,903352,6.0,1
MV_A5-Weekday-SDon-081500_M11_606,M11,d0,1,13:35:00,13:35:00,405374,5.0,1
MV_A5-Weekday-SDon-081500_M11_606,M11,d0,2,13:36:07,13:36:07,404919,10.0,1
MV_A5-Weekday-SDon-081500_M11_606,M11,d0,3,13:37:23,13:37:23,404872,14.0,1
MV_A5-Weekday-SDon-081500_M11_606,M11,d0,4,13:38:54,13:38:54,404846,14.0,1
MV_A5-Weekday-SDon-081500_M11_606,M11,d0,5,13:40:14,13:40:14,401239,14.0,1
MV_A5-Weekday-SDon-081500_M11_606,M11,d0,6,13:42:00,13:42:00,405393,14.0,1
MV_A5-Weekday-SDon-081500_M11_606,M11,d0,7,13:43:34,13:43:34,903209,14.0,1
MV_A5-Weekday-SDon-081500_M11_606,M11,d0,8,13:44:33,13:44:33,401016,12.0,1
MV_A5-Weekday-SDon-081500_M11_606,M11,d0,9,13:46:00,13:46:00,400747,14.0,1
MV_A5-Weekday-SDon-081500_M11_606,M11,d0,10,13:48:15,13:48:15,403271,16.0,2
MV_A5-Weekday-SDon-081500_M11_606,M11,d0,11,13:50:30,13:50:30,400750,21.0,2
MV_A5-Weekday-SDon-081500_M11_606,M11,d0,12,13:53:33,13:53:33,403103,30.0,2
MV_A5-Weekday-SDon-081500_M11_606,M11,d0,13,13:55:11,13:55:11,403104,17.0,3
MV_A5-Weekday-SDon-081500_M11_606,M11,d0,14,13:56:34,13:56:34,403105,39.0,3
MV_A5-Weekday-SDon-081500_M11_606,M11,d0,15,13:58:00,13:58:00,403106,16.0,2
MV_A5-Weekday-SDon-081500_M11_606,M11,d0,16,13:59:53,13:59:53,403107,17.0,3
MV_A5-Weekday-SDon-081500_M11_606,M11,d0,17,14:01:25,14:01:25,903299,38.0,3
MV_A5-Weekday-SDon-081500_M11_606,M11,d0,18,14:02:28,14:02:28,403109,15.0,3
MV_A5-Weekday-SDon-081500_M11_606,M11,d0,19,14:03:43,14:03:43,403110,40.0,3
MV_A5-Weekday-SDon-081500_M11_606,M11,d0,20,14:05:34,14:05:34,403111,40.0,3
MV_A5-Weekday-SDon-081500_M11_606,M11,d0,21,14:06:50,14:06:50,403112,23.0,2
MV_A5-Weekday-SDon-081500_M11_606,M11,d0,22,14:09:00,14:09:00,405248,17.0,2
MV_A5-Weekday-SDon-081500_M11_606,M11,d0,23,14:10:46,14:10:46,403114,20.0,2
MV_A5-Weekday-SDon-081500_M11_606,M11,d0,24,14:12:26,14:12:26,403115,27.0,2
MV_A5-Weekday-SDon-081500_M11_606,M11,d0,25,14:13:42,14:13:42,403116,27.0,2
MV_A5-Weekday-SDon-081500_M11_606,M11,d0,26,14:15:00,14:15:00,405394,24.0,2
MV_A5-Weekday-SDon-081500_M11_606,M11,d0,27,14:17:10,14:17:10,403118,26.0,2
MV_A5-Weekday-SDon-081500_M11_606,M11,d0,28,14:18:15,14:18:15,403119,17.0,2
MV_A5-Weekday-SDon-081500_M11_606,M11,d0,29,14:20:07,14:20:07,404260,9.0,1
MV_A5-Weekday-SDon-081500_M11_606,M11,d0,30,14:21:35,14:21:35,403122,12.0,1
MV_A5-Weekday-SDon-081500_M11_606,M11,d0,31,14:23:58,14:23:58,404262,12.0,1
MV_A5-Weekday-SDon-081500_M11_606,M11,d0,32,14:25:34,14:25:34,403125,12.0,1
MV_A5-Weekday-SDon-081500_M11_606,M11,d0,33,14:27:24,14:27:24,403126,12.0,1
MV_A5-Weekday-SDon-081500_M11_606,M11,d0,34,14:28:20,14:28:20,403127,5.0,1
MV_A5-Weekday-SDon-081500_M11_606,M11,d0,35,14:31:33,14:31:33,401444,5.0,1
MV_A5-Weekday-SDon-081500_M11_606,M11,d0,36,14:33:00,14:33:00,903352,5.0,1
MV_A5-Weekday-SDon-088500_M11_617,M11,d0,1,14:45:00,14:45:00,405374,30.0,2
MV_A5-Weekday-SDon-088500_M11_617,M11,d0,2,14:46:07,14:46:07,404919,30.0,2
MV_A5-Weekday-SDon-088500_M11_617,M11,d0,3,14:47:23,14:47:23,404872,30.0,2
MV_A5-Weekday-SDon-088500_M11_617,M11,d0,4,14:48:54,14:48:54,404846,30.0,2
MV_A5-Weekday-SDon-088500_M11_617,M11,d0,5,14:50:14,14:50:14,401239,30.0,2
MV_A5-Weekday-SDon-088500_M11_617,M11,d0,6,14:52:00,14:52:00,405393,30.0,2
MV_A5-Weekday-SDon-088500_M11_617,M11,d0,7,14:53:34,14:53:34,903209,30.0,2
MV_A5-Weekday-SDon-088500_M11_617,M11,d0,8,14:54:33,14:54:33,401016,30.0,2
MV_A5-Weekday-SDon-088500_M11_617,M11,d0,9,14:56:00,14:56:00,400747,30.0,2
MV_A5-Weekday-SDon-088500_M11_617,M11,d0,10,14:58:15,14:58:15,403271,30.0,2
MV_A5-Weekday-SDon-088500_M11_617,M11,d0,11,15:00:30,15:00:30,400750,30.0,2
MV_A5-Weekday-SDon-088500_M11_617,M11,d0,12,15:03:33,15:03:33,403103,30.0,2
MV_A5-Weekday-SDon-088500_M11_617,M11,d0,13,15:05:11,15:05:11,403104,30.0,2
MV_A5-Weekday-SDon-088500_M11_617,M11,d0,14,15:06:34,15:06:34,403105,30.0,2
MV_A5-Weekday-SDon-088500_M11_617,M11,d0,15,15:08:00,15:08:00,403106,30.0,2
MV_A5-Weekday-SDon-088500_M11_617,M11,d0,16,15:09:53,15:09:53,403107,30.0,3
MV_A5-Weekday-SDon-088500_M11_617,M11,d0,17,15:11:25,15:11:25,903299,36.0,3
MV_A5-Weekday-SDon-088500_M11_617,M11,d0,18,15:12:28,15:12:28,403109,36.0,3
MV_A5-Weekday-SDon-088500_M11_617,M11,d0,19,15:13:43,15:13:43,403110,36.0,3
MV_A5-Weekday-SDon-088500_M11_617,M11,d0,20,15:15:34,15:15:34,403111,36.0,3
MV_A5-Weekday-SDon-088500_M11_617,M11,d0,21,15:16:50,15:16:50,403112,36.0,3
MV_A5-Weekday-SDon-088500_M11_617,M11,d0,22,15:19:00,15:19:00,405248,36.0,3
MV_A5-Weekday-SDon-088500_M11_617,M11,d0,23,15:20:46,15:20:46,403114,36.0,3
MV_A5-Weekday-SDon-088500_M11_617,M11,d0,24,15:22:26,15:22:26,403115,36.0,3
MV_A5-Weekday-SDon-088500_M11_617,M11,d0,25,15:23:42,15:23:42,403116,36.0,3
MV_A5-Weekday-SDon-088500_M11_617,M11,d0,26,15:25:00,15:25:00,405394,36.0,3
MV_A5-Weekday-SDon-088500_M11_617,M11,d0,27,15:27:10,15:27:10,403118,36.0,3
MV_A5-Weekday-SDon-088500_M11_617,M11,d0,28,15:28:15,15:28:15,403119,36.0,3
MV_A5-Weekday-SDon-088500_M11_617,M11,d0,29,15:30:07,15:30:07,404260,36.0,3
MV_A5-Weekday-SDon-088500_M11_617,M11,d0,30,15:31:35,15:31:35,403122,10.0,1
MV_A5-Weekday-SDon-088500_M11_617,M11,d0,31,15:33:58,15:33:58,404262,7.0,1
MV_A5-Weekday-SDon-088500_M11_617,M11,d0,32,15:35:34,15:35:34,403125,11.0,1
MV_A5-Weekday-SDon-088500_M11_617,M11,d0,33,15:37:24,15:37:24,403126,4.0,1
MV_A5-Weekday-SDon-088500_M11_617,M11,d0,34,15:38:20,15:38:20,403127,2.0,1
MV_A5-Weekday-SDon-088500_M11_617,M11,d0,35,15:41:33,15:41:33,401444,1.0,1
MV_A5-Weekday-SDon-088500_M11_617,M11,d0,36,15:43:00,15:43:00,903352,1.0,1
MV_A5-Weekday-SDon-080500_M11_602,M11,d0,1,13:25:00,13:25:00,401393,1.0,1
MV_A5-Weekday-SDon-080500_M11_602,M11,d0,2,13:25:49,13:25:49,405120,1.0,1
MV_A5-Weekday-SDon-080500_M11_602,M11,d0,3,13:26:32,13:26:32,405167,1.0,1
MV_A5-Weekday-SDon-080500_M11_602,M11,d0,4,13:27:00,13:27:00,405265,2.0,1
MV_A5-Weekday-SDon-080500_M11_602,M11,d0,5,13:28:15,13:28:15,405152,2.0,1
MV_A5-Weekday-SDon-080500_M11_602,M11,d0,6,13:30:09,13:30:09,405151,2.0,1
MV_A5-Weekday-SDon-080500_M11_602,M11,d0,7,13:31:46,13:31:46,404161,2.0,1
MV_A5-Weekday-SDon-080500_M11_602,M11,d0,8,13:32:49,13:32:49,401398,2.0,1
MV_A5-Weekday-SDon-080500_M11_602,M11,d0,9,13:34:00,13:34:00,403802,2.0,1
MV_A5-Weekday-SDon-080500_M11_602,M11,d0,10,13:35:25,13:35:25,401400,2.0,1
MV_A5-Weekday-SDon-080500_M11_602,M11,d0,11,13:36:47,13:36:47,401401,2.0,2
MV_A5-Weekday-SDon-080500_M11_602,M11,d0,12,13:38:51,13:38:51,401402,18.0,2
MV_A5-Weekday-SDon-080500_M11_602,M11,d0,13,13:41:07,13:41:07,401404,18.0,2
MV_A5-Weekday-SDon-080500_M11_602,M11,d0,14,13:43:35,13:43:35,404279,18.0,2
MV_A5-Weekday-SDon-080500_M11_602,M11,d0,15,13:45:13,13:45:13,405631,17.0,2
MV_A5-Weekday-SDon-080500_M11_602,M11,d0,16,13:47:00,13:47:00,401407,31.0,3
MV_A5-Weekday-SDon-080500_M11_602,M11,d0,17,13:48:48,13:48:48,401408,33.0,3
MV_A5-Weekday-SDon-080500_M11_602,M11,d0,18,13:50:01,13:50:01,401409,33.0,3
MV_A5-Weekday-SDon-080500_M11_602,M11,d0,19,13:51:12,13:51:12,401410,33.0,3
MV_A5-Weekday-SDon-080500_M11_602,M11,d0,20,13:53:14,13:53:14,401411,31.0,2
MV_A5-Weekday-SDon-080500_M11_602,M11,d0,21,13:54:45,13:54:45,401412,24.0,2
MV_A5-Weekday-SDon-080500_M11_602,M11,d0,22,13:55:37,13:55:37,401413,23.0,2
MV_A5-Weekday-SDon-080500_M11_602,M11,d0,23,13:57:14,13:57:14,401414,14.0,2
MV_A5-Weekday-SDon-080500_M11_602,M11,d0,24,13:59:09,13:59:09,401416,24.0,2
MV_A5-Weekday-SDon-080500_M11_602,M11,d0,25,14:00:46,14:00:46,401417,13.0,1
MV_A5-Weekday-SDon-080500_M11_602,M11,d0,26,14:02:00,14:02:00,403472,13.0,2
MV_A5-Weekday-SDon-080500_M11_602,M11,d0,27,14:03:33,14:03:33,403555,22.0,2
MV_A5-Weekday-SDon-080500_M11_602,M11,d0,28,14:06:00,14:06:00,401021,22.0,2
MV_A5-Weekday-SDon-080500_M11_602,M11,d0,29,14:07:18,14:07:18,401022,14.0,1
MV_A5-Weekday-SDon-080500_M11_602,M11,d0,30,14:09:09,14:09:09,401023,15.0,2
MV_A5-Weekday-SDon-080500_M11_602,M11,d0,31,14:10:22,14:10:22,401024,17.0,2
MV_A5-Weekday-SDon-080500_M11_602,M11,d0,32,14:11:47,14:11:47,401025,29.0,2
MV_A5-Weekday-SDon-080500_M11_602,M11,d0,33,14:13:03,14:13:03,401026,29.0,2
MV_A5-Weekday-SDon-080500_M11_602,M11,d0,34,14:15:03,14:15:03,401027,25.0,2
MV_A5-Weekday-SDon-080500_M11_602,M11,d0,35,14:16:36,14:16:36,404320,18.0,2
MV_A5-Weekday-SDon-080500_M11_602,M11,d0,36,14:18:12,14:18:12,401029,17.0,2
MV_A5-Weekday-SDon-080500_M11_602,M11,d0,37,14:19:28,14:19:28,401030,25.0,2
MV_A5-Weekday-SDon-080500_M11_602,M11,d0,38,14:21:27,14:21:27,401031,8.0,2
MV_A5-Weekday-SDon-080500_M11_602,M11,d0,39,14:22:44,14:22:44,401032,23.0,2
MV_A5-Weekday-SDon-080500_M11_602,M11,d0,40,14:24:00,14:24:00,401033,13.0,2
MV_A5-Weekday-SDon-080500_M11_602,M11,d0,41,14:24:59,14:24:59,401034,25.0,2
MV_A5-Weekday-SDon-080500_M11_602,M11,d0,42,14:26:13,14:26:13,401035,12.0,2
MV_A5-Weekday-SDon-080500_M11_602,M11,d0,43,14:27:22,14:27:22,401435,25.0,2
MV_A5-Weekday-SDon-080500_M11_602,M11,d0,44,14:29:00,14:29:00,401436,25.0,2
MV_A5-Weekday-SDon-080500_M11_602,M11,d0,45,14:31:23,14:31:23,401438,25.0,2
MV_A5-Weekday-SDon-080500_M11_602,M11,d0,46,14:32:47,14:32:47,403886,25.0,2
MV_A5-Weekday-SDon-080500_M11_602,M11,d0,47,14:34:25,14:34:25,401440,25.0,2
MV_A5-Weekday-SDon-080500_M11_602,M11,d0,48,14:35:55,14:35:55,401441,25.0,2
MV_A5-Weekday-SDon-080500_M11_602,M11,d0,49,14:37:23,14:37:23,401442,25.0,2
MV_A5-Weekday-SDon-080500_M11_602,M11,d0,50,14:39:14,14:39:14,401443,25.0,2
MV_A5-Weekday-SDon-080500_M11_602,M11,d0,51,14:41:11,14:41:11,403292,25.0,2
MV_A5-Weekday-SDon-080500_M11_602,M11,d0,52,14:42:21,14:42:21,401444,25.0,2
MV_A5-Weekday-SDon-080500_M11_602,M11,d0,53,14:44:00,14:44:00,401446,25.0,2
MV_A5-Weekday-SDon-080500_M11_602,M11,d0,54,14:45:12,14:45:12,401447,25.0,2
MV_A5-Weekday-SDon-080500_M11_602,M11,d0,55,14:47:11,14:47:11,403757,25.0,2
MV_A5-Weekday-SDon-080500_M11_602,M11,d0,56,14:49:00,14:49:00,404011,25.0,2
MV_A5-Weekday-SDon-080500_M11_602,M11,d0,57,14:49:18,14:49:18,404012,25.0,2
MV_A5-Weekday-SDon-080500_M11_602,M11,d0,58,14:49:51,14:49:51,404013,25.0,2
MV_A5-Weekday-SDon-080500_M11_602,M11,d0,59,14:50:08,14:50:08,404056,25.0,2
MV_A5-Weekday-SDon-080500_M11_602,M11,d0,60,14:50:49,14:50:49,404014,25.0,2
MV_A5-Weekday-SDon-080500_M11_602,M11,d0,61,14:51:11,14:51:11,404015,25.0,2
MV_A5-Weekday-SDon-080500_M11_602,M11,d0,62,14:52:00,14:52:00,803194,25.0,2
MV_A5-Weekday-144000_M11_631,M11,d0,1,24:00:00,24:00:00,405374,3.0,1
MV_A5-Weekday-144000_M11_631,M11,d0,2,24:00:43,24:00:43,404919,3.0,1
MV_A5-Weekday-144000_M11_631,M11,d0,3,24:01:31,24:01:31,404872,3.0,1
MV_A5-Weekday-144000_M11_631,M11,d0,4,24:02:29,24:02:29,404846,6.0,1
MV_A5-Weekday-144000_M11_631,M11,d0,5,24:03:20,24:03:20,401239,1.0,1
MV_A5-Weekday-144000_M11_631,M11,d0,6,24:04:27,24:04:27,405393,5.0,1
MV_A5-Weekday-144000_M11_631,M11,d0,7,24:05:27,24:05:27,903209,5.0,1
MV_A5-Weekday-144000_M11_631,M11,d0,8,24:06:04,24:06:04,401016,5.0,1
MV_A5-Weekday-144000_M11_631,M11,d0,9,24:07:00,24:07:00,400747,5.0,1
MV_A5-Weekday-144000_M11_631,M11,d0,10,24:08:19,24:08:19,403271,6.0,1
MV_A5-Weekday-144000_M11_631,M11,d0,11,24:09:37,24:09:37,400750,4.0,1
MV_A5-Weekday-144000_M11_631,M11,d0,12,24:11:24,24:11:24,403103,1.0,1
MV_A5-Weekday-144000_M11_631,M11,d0,13,24:12:22,24:12:22,403104,4.0,1
MV_A5-Weekday-144000_M11_631,M11,d0,14,24:13:10,24:13:10,403105,5.0,1
MV_A5-Weekday-144000_M11_631,M11,d0,15,24:14:00,24:14:00,403106,4.0,1
MV_A5-Weekday-144000_M11_631,M11,d0,16,24:15:02,24:15:02,403107,4.0,1
MV_A5-Weekday-144000_M11_631,M11,d0,17,24:15:52,24:15:52,903299,2.0,1
MV_A5-Weekday-144000_M11_631,M11,d0,18,24:16:26,24:16:26,403109,5.0,1
MV_A5-Weekday-144000_M11_631,M11,d0,19,24:17:07,24:17:07,403110,5.0,1
MV_A5-Weekday-144000_M11_631,M11,d0,20,24:18:07,24:18:07,403111,2.0,1
MV_A5-Weekday-144000_M11_631,M11,d0,21,24:18:49,24:18:49,403112,3.0,1
MV_A5-Weekday-144000_M11_631,M11,d0,22,24:20:00,24:20:00,405248,3.0,1
MV_A5-Weekday-144000_M11_631,M11,d0,23,24:21:11,24:21:11,403114,2.0,1
MV_A5-Weekday-144000_M11_631,M11,d0,24,24:22:17,24:22:17,403115,3.0,1
MV_A5-Weekday-144000_M11_631,M11,d0,25,24:23:08,24:23:08,403116,2.0,1
MV_A5-Weekday-144000_M11_631,M11,d0,26,24:24:00,24:24:00,405394,4.0,1
MV_A5-Weekday-144000_M11_631,M11,d0,27,24:25:19,24:25:19,403118,1.0,1
MV_A5-Weekday-144000_M11_631,M11,d0,28,24:25:59,24:25:59,403119,3.0,1
MV_A5-Weekday-144000_M11_631,M11,d0,29,24:27:08,24:27:08,404260,4.0,1
MV_A5-Weekday-144000_M11_631,M11,d0,30,24:28:02,24:28:02,403122,2.0,1
MV_A5-Weekday-144000_M11_631,M11,d0,31,24:29:29,24:29:29,404262,2.0,1
MV_A5-Weekday-144000_M11_631,M11,d0,32,24:30:28,24:30:28,403125,4.0,1
MV_A5-Weekday-144000_M11_631,M11,d0,33,24:31:35,24:31:35,403126,1.0,1
MV_A5-Weekday-144000_M11_631,M11,d0,34,24:32:09,24:32:09,403127,1.0,1
MV_A5-Weekday-144000_M11_631,M11,d0,35,24:34:07,24:34:07,401444,1.0,1
MV_A5-Weekday-144000_M11_631,M11,d0,36,24:35:00,24:35:00,903352,1.0,1
MV_A5-Weekday-061300_M11_607,M11,d0,1,10:13:00,10:13:00,401393,5.0,1
MV_A5-Weekday-061300_M11_607,M11,d0,2,10:13:49,10:13:49,405120,5.0,1
MV_A5-Weekday-061300_M11_607,M11,d0,3,10:14:32,10:14:32,405167,5.0,1
MV_A5-Weekday-061300_M11_607,M11,d0,4,10:15:00,10:15:00,405265,8.0,1
MV_A5-Weekday-061300_M11_607,M11,d0,5,10:16:04,10:16:04,405152,10.0,1
MV_A5-Weekday-061300_M11_607,M11,d0,6,10:17:42,10:17:42,405151,10.0,1
MV_A5-Weekday-061300_M11_607,M11,d0,7,10:19:05,10:19:05,404161,11.0,1
MV_A5-Weekday-061300_M11_607,M11,d0,8,10:19:59,10:19:59,401398,11.0,1
MV_A5-Weekday-061300_M11_607,M11,d0,9,10:21:00,10:21:00,403802,11.0,2
MV_A5-Weekday-061300_M11_607,M11,d0,10,10:22:25,10:22:25,401400,17.0,2
MV_A5-Weekday-061300_M11_607,M11,d0,11,10:23:47,10:23:47,401401,17.0,2
MV_A5-Weekday-061300_M11_607,M11,d0,12,10:25:51,10:25:51,401402,20.0,2
MV_A5-Weekday-061300_M11_607,M11,d0,13,10:28:07,10:28:07,401404,7.0,2
MV_A5-Weekday-061300_M11_607,M11,d0,14,10:30:35,10:30:35,404279,19.0,2
MV_A5-Weekday-061300_M11_607,M11,d0,15,10:32:13,10:32:13,405631,19.0,2
MV_A5-Weekday-061300_M11_607,M11,d0,16,10:34:00,10:34:00,401407,23.0,2
MV_A5-Weekday-061300_M11_607,M11,d0,17,10:35:41,10:35:41,401408,24.0,2
MV_A5-Weekday-061300_M11_607,M11,d0,18,10:36:49,10:36:49,401409,27.0,2
MV_A5-Weekday-061300_M11_607,M11,d0,19,10:37:55,10:37:55,401410,15.0,3
MV_A5-Weekday-061300_M11_607,M11,d0,20,10:39:49,10:39:49,401411,33.0,3
MV_A5-Weekday-061300_M11_607,M11,d0,21,10:41:14,10:41:14,401412,33.0,3
MV_A5-Weekday-061300_M11_607,M11,d0,22,10:42:03,10:42:03,401413,26.0,3
MV_A5-Weekday-061300_M11_607,M11,d0,23,10:43:33,10:43:33,401414,36.0,3
MV_A5-Weekday-061300_M11_607,M11,d0,24,10:45:21,10:45:21,401416,35.0,3
MV_A5-Weekday-061300_M11_607,M11,d0,25,10:46:51,10:46:51,401417,5.0,3
MV_A5-Weekday-061300_M11_607,M11,d0,26,10:48:00,10:48:00,403472,36.0,3
MV_A5-Weekday-061300_M11_607,M11,d0,27,10:49:10,10:49:10,403555,36.0,3
MV_A5-Weekday-061300_M11_607,M11,d0,28,10:51:00,10:51:00,401021,36.0,3
MV_A5-Weekday-061300_M11_607,M11,d0,29,10:52:10,10:52:10,401022,23.0,2
MV_A5-Weekday-061300_M11_607,M11,d0,30,10:53:48,10:53:48,401023,30.0,2
MV_A5-Weekday-061300_M11_607,M11,d0,31,10:54:53,10:54:53,401024,28.0,2
MV_A5-Weekday-061300_M11_607,M11,d0,32,10:56:08,10:56:08,401025,28.0,2
MV_A5-Weekday-061300_M11_607,M11,d0,33,10:57:16,10:57:16,401026,28.0,2
MV_A5-Weekday-061300_M11_607,M11,d0,34,10:59:03,10:59:03,401027,3.0,2
MV_A5-Weekday-061300_M11_607,M11,d0,35,11:00:25,11:00:25,404320,19.0,2
MV_A5-Weekday-061300_M11_607,M11,d0,36,11:01:51,11:01:51,401029,19.0,2
MV_A5-Weekday-061300_M11_607,M11,d0,37,11:02:58,11:02:58,401030,24.0,2
MV_A5-Weekday-061300_M11_607,M11,d0,38,11:04:44,11:04:44,401031,3.0,1
MV_A5-Weekday-061300_M11_607,M11,d0,39,11:05:52,11:05:52,401032,1.0,1
MV_A5-Weekday-061300_M11_607,M11,d0,40,11:07:00,11:07:00,401033,3.0,2
MV_A5-Weekday-061300_M11_607,M11,d0,41,11:07:59,11:07:59,401034,20.0,2
MV_A5-Weekday-061300_M11_607,M11,d0,42,11:09:13,11:09:13,401035,20.0,2
MV_A5-Weekday-061300_M11_607,M11,d0,43,11:10:22,11:10:22,401435,20.0,2
MV_A5-Weekday-061300_M11_607,M11,d0,44,11:12:00,11:12:00,401436,17.0,2
MV_A5-Weekday-061300_M11_607,M11,d0,45,11:14:04,11:14:04,401438,18.0,2
MV_A5-Weekday-061300_M11_607,M11,d0,46,11:15:17,11:15:17,403886,18.0,2
MV_A5-Weekday-061300_M11_607,M11,d0,47,11:16:42,11:16:42,401440,3.0,2
MV_A5-Weekday-061300_M11_607,M11,d0,48,11:17:59,11:17:59,401441,17.0,2
MV_A5-Weekday-061300_M11_607,M11,d0,49,11:19:16,11:19:16,401442,16.0,1
MV_A5-Weekday-061300_M11_607,M11,d0,50,11:20:52,11:20:52,401443,3.0,1
MV_A5-Weekday-061300_M11_607,M11,d0,51,11:22:33,11:22:33,403292,3.0,1
MV_A5-Weekday-061300_M11_607,M11,d0,52,11:23:35,11:23:35,401444,3.0,1
MV_A5-Weekday-061300_M11_607,M11,d0,53,11:25:00,11:25:00,401446,3.0,2
MV_A5-Weekday-061300_M11_607,M11,d0,54,11:26:12,11:26:12,401447,19.0,2
MV_A5-Weekday-061300_M11_607,M11,d0,55,11:28:11,11:28:11,403757,17.0,2
MV_A5-Weekday-061300_M11_607,M11,d0,56,11:30:00,11:30:00,404011,17.0,2
MV_A5-Weekday-061300_M11_607,M11,d0,57,11:30:18,11:30:18,404012,17.0,2
MV_A5-Weekday-061300_M11_607,M11,d0,58,11:30:51,11:30:51,404013,15.0,1
MV_A5-Weekday-061300_M11_607,M11,d0,59,11:31:08,11:31:08,404056,15.0,1
MV_A5-Weekday-061300_M11_607,M11,d0,60,11:31:49,11:31:49,404014,15.0,1
MV_A5-Weekday-061300_M11_607,M11,d0,61,11:32:11,11:32:11,404015,15.0,1
MV_A5-Weekday-061300_M11_607,M11,d0,62,11:33:00,11:33:00,803194,15.0,1
MV_A5-Weekday-SDon-092700_M11_608,M11,d0,1,15:27:00,15:27:00,401393,11.0,1
MV_A5-Weekday-SDon-092700_M11_608,M11,d0,2,15:27:49,15:27:49,405120,11.0,1
MV_A5-Weekday-SDon-092700_M11_608,M11,d0,3,15:28:32,15:28:32,405167,11.0,1
MV_A5-Weekday-SDon-092700_M11_608,M11,d0,4,15:29:00,15:29:00,405265,11.0,1
MV_A5-Weekday-SDon-092700_M11_608,M11,d0,5,15:30:36,15:30:36,405152,11.0,2
MV_A5-Weekday-SDon-092700_M11_608,M11,d0,6,15:33:03,15:33:03,405151,19.0,2
MV_A5-Weekday-SDon-092700_M11_608,M11,d0,7,15:35:07,15:35:07,404161,19.0,2
MV_A5-Weekday-SDon-092700_M11_608,M11,d0,8,15:36:29,15:36:29,401398,23.0,2
MV_A5-Weekday-SDon-092700_M11_608,M11,d0,9,15:38:00,15:38:00,403802,12.0,2
MV_A5-Weekday-SDon-092700_M11_608,M11,d0,10,15:39:44,15:39:44,401400,28.0,2
MV_A5-Weekday-SDon-092700_M11_608,M11,d0,11,15:41:25,15:41:25,401401,31.0,2
MV_A5-Weekday-SDon-092700_M11_608,M11,d0,12,15:43:58,15:43:58,401402,17.0,2
MV_A5-Weekday-SDon-092700_M11_608,M11,d0,13,15:46:46,15:46:46,401404,23.0,2
MV_A5-Weekday-SDon-092700_M11_608,M11,d0,14,15:49:48,15:49:48,404279,23.0,2
MV_A5-Weekday-SDon-092700_M11_608,M11,d0,15,15:51:48,15:51:48,405631,2.0,2
MV_A5-Weekday-SDon-092700_M11_608,M11,d0,16,15:54:00,15:54:00,401407,20.0,2
MV_A5-Weekday-SDon-092700_M11_608,M11,d0,17,15:55:41,15:55:41,401408,20.0,2
MV_A5-Weekday-SDon-092700_M11_608,M11,d0,18,15:56:49,15:56:49,401409,16.0,2
MV_A5-Weekday-SDon-092700_M11_608,M11,d0,19,15:57:55,15:57:55,401410,22.0,2
MV_A5-Weekday-SDon-092700_M11_608,M11,d0,20,15:59:49,15:59:49,401411,18.0,2
MV_A5-Weekday-SDon-092700_M11_608,M11,d0,21,16:01:14,16:01:14,401412,23.0,2
MV_A5-Weekday-SDon-092700_M11_608,M11,d0,22,16:02:03,16:02:03,401413,17.0,2
MV_A5-Weekday-SDon-092700_M11_608,M11,d0,23,16:03:33,16:03:33,401414,23.0,2
MV_A5-Weekday-SDon-092700_M11_608,M11,d0,24,16:05:21,16:05:21,401416,25.0,2
MV_A5-Weekday-SDon-092700_M11_608,M11,d0,25,16:06:51,16:06:51,401417,13.0,2
MV_A5-Weekday-SDon-092700_M11_608,M11,d0,26,16:08:00,16:08:00,403472,22.0,2
MV_A5-Weekday-SDon-092700_M11_608,M11,d0,27,16:09:33,16:09:33,403555,22.0,2
MV_A5-Weekday-SDon-092700_M11_608,M11,d0,28,16:12:00,16:12:00,401021,21.0,2
MV_A5-Weekday-SDon-092700_M11_608,M11,d0,29,16:13:18,16:13:18,401022,22.0,2
MV_A5-Weekday-SDon-092700_M11_608,M11,d0,30,16:15:09,16:15:09,401023,25.0,2
MV_A5-Weekday-SDon-092700_M11_608,M11,d0,31,16:16:22,16:16:22,401024,25.0,2
MV_A5-Weekday-SDon-092700_M11_608,M11,d0,32,16:17:47,16:17:47,401025,25.0,2
MV_A5-Weekday-SDon-092700_M11_608,M11,d0,33,16:19:03,16:19:03,401026,18.0,2
MV_A5-Weekday-SDon-092700_M11_608,M11,d0,34,16:21:03,16:21:03,401027,21.0,2
MV_A5-Weekday-SDon-092700_M11_608,M11,d0,35,16:22:36,16:22:36,404320,17.0,2
MV_A5-Weekday-SDon-092700_M11_608,M11,d0,36,16:24:12,16:24:12,401029,17.0,2
MV_A5-Weekday-SDon-092700_M11_608,M11,d0,37,16:25:28,16:25:28,401030,13.0,2
MV_A5-Weekday-SDon-092700_M11_608,M11,d0,38,16:27:27,16:27:27,401031,17.0,2
MV_A5-Weekday-SDon-092700_M11_608,M11,d0,39,16:28:44,16:28:44,401032,17.0,2
MV_A5-Weekday-SDon-092700_M11_608,M11,d0,40,16:30:00,16:30:00,401033,20.0,2
MV_A5-Weekday-SDon-092700_M11_608,M11,d0,41,16:30:59,16:30:59,401034,16.0,1
MV_A5-Weekday-SDon-092700_M11_608,M11,d0,42,16:32:13,16:32:13,401035,14.0,1
MV_A5-Weekday-SDon-092700_M11_608,M11,d0,43,16:33:22,16:33:22,401435,14.0,1
MV_A5-Weekday-SDon-092700_M11_608,M11,d0,44,16:35:00,16:35:00,401436,9.0,1
MV_A5-Weekday-SDon-092700_M11_608,M11,d0,45,16:37:32,16:37:32,401438,9.0,1
MV_A5-Weekday-SDon-092700_M11_608,M11,d0,46,16:39:02,16:39:02,403886,10.0,1
MV_A5-Weekday-SDon-092700_M11_608,M11,d0,47,16:40:47,16:40:47,401440,7.0,1
MV_A5-Weekday-SDon-092700_M11_608,M11,d0,48,16:42:22,16:42:22,401441,7.0,1
MV_A5-Weekday-SDon-092700_M11_608,M11,d0,49,16:43:57,16:43:57,401442,7.0,1
MV_A5-Weekday-SDon-092700_M11_608,M11,d0,50,16:45:55,16:45:55,401443,5.0,1
MV_A5-Weekday-SDon-092700_M11_608,M11,d0,51,16:47:59,16:47:59,403292,15.0,2
MV_A5-Weekday-SDon-092700_M11_608,M11,d0,52,16:49:15,16:49:15,401444,19.0,2
MV_A5-Weekday-SDon-092700_M11_608,M11,d0,53,16:51:00,16:51:00,401446,19.0,2
MV_A5-Weekday-SDon-092700_M11_608,M11,d0,54,16:52:27,16:52:27,401447,19.0,2
MV_A5-Weekday-SDon-092700_M11_608,M11,d0,55,16:54:49,16:54:49,403757,19.0,2
MV_A5-Weekday-SDon-092700_M11_608,M11,d0,56,16:57:00,16:57:00,404011,19.0,2
MV_A5-Weekday-SDon-092700_M11_608,M11,d0,57,16:57:24,16:57:24,404012,1.0,1
MV_A5-Weekday-SDon-092700_M11_608,M11,d0,58,16:58:09,16:58:09,404013,1.0,1
MV_A5-Weekday-SDon-092700_M11_608,M11,d0,59,16:58:31,16:58:31,404056,1.0,1
MV_A5-Weekday-SDon-092700_M11_608,M11,d0,60,16:59:25,16:59:25,404014,1.0,1
MV_A5-Weekday-SDon-092700_M11_608,M11,d0,61,16:59:55,16:59:55,404015,1.0,1
MV_A5-Weekday-SDon-092700_M11_608,M11,d0,62,17:01:00,17:01:00,803194,1.0,1
MV_A5-Weekday-SDon-130200_M11_631,M11,d0,1,21:42:00,21:42:00,405374,2.0,1
MV_A5-Weekday-SDon-130200_M11_631,M11,d0,2,21:43:07,21:43:07,404919,2.0,1
MV_A5-Weekday-SDon-130200_M11_631,M11,d0,3,21:44:23,21:44:23,404872,10.0,1
MV_A5-Weekday-SDon-130200_M11_631,M11,d0,4,21:45:54,21:45:54,404846,7.0,1
MV_A5-Weekday-SDon-130200_M11_631,M11,d0,5,21:47:14,21:47:14,401239,9.0,1
MV_A5-Weekday-SDon-130200_M11_631,M11,d0,6,21:49:00,21:49:00,405393,12.0,1
MV_A5-Weekday-SDon-130200_M11_631,M11,d0,7,21:50:34,21:50:34,903209,12.0,1
MV_A5-Weekday-SDon-130200_M11_631,M11,d0,8,21:51:33,21:51:33,401016,12.0,1
MV_A5-Weekday-SDon-130200_M11_631,M11,d0,9,21:53:00,21:53:00,400747,12.0,2
MV_A5-Weekday-SDon-130200_M11_631,M11,d0,10,21:54:52,21:54:52,403271,20.0,2
MV_A5-Weekday-SDon-130200_M11_631,M11,d0,11,21:56:45,21:56:45,400750,19.0,2
MV_A5-Weekday-SDon-130200_M11_631,M11,d0,12,21:59:18,21:59:18,403103,19.0,2
MV_A5-Weekday-SDon-130200_M11_631,M11,d0,13,22:00:39,22:00:39,403104,21.0,2
MV_A5-Weekday-SDon-130200_M11_631,M11,d0,14,22:01:49,22:01:49,403105,21.0,2
MV_A5-Weekday-SDon-130200_M11_631,M11,d0,15,22:03:00,22:03:00,403106,21.0,2
MV_A5-Weekday-SDon-130200_M11_631,M11,d0,16,22:04:43,22:04:43,403107,20.0,2
MV_A5-Weekday-SDon-130200_M11_631,M11,d0,17,22:06:06,22:06:06,903299,20.0,2
MV_A5-Weekday-SDon-130200_M11_631,M11,d0,18,22:07:04,22:07:04,403109,14.0,1
MV_A5-Weekday-SDon-130200_M11_631,M11,d0,19,22:08:12,22:08:12,403110,14.0,2
MV_A5-Weekday-SDon-130200_M11_631,M11,d0,20,22:09:52,22:09:52,403111,18.0,2
MV_A5-Weekday-SDon-130200_M11_631,M11,d0,21,22:11:02,22:11:02,403112,15.0,1
MV_A5-Weekday-SDon-130200_M11_631,M11,d0,22,22:13:00,22:13:00,405248,13.0,1
MV_A5-Weekday-SDon-130200_M11_631,M11,d0,23,22:14:29,22:14:29,403114,15.0,1
MV_A5-Weekday-SDon-130200_M11_631,M11,d0,24,22:15:51,22:15:51,403115,11.0,1
MV_A5-Weekday-SDon-130200_M11_631,M11,d0,25,22:16:55,22:16:55,403116,13.0,1
MV_A5-Weekday-SDon-130200_M11_631,M11,d0,26,22:18:00,22:18:00,405394,12.0,1
MV_A5-Weekday-SDon-130200_M11_631,M11,d0,27,22:19:48,22:19:48,403118,11.0,1
MV_A5-Weekday-SDon-130200_M11_631,M11,d0,28,22:20:43,22:20:43,403119,4.0,1
MV_A5-Weekday-SDon-130200_M11_631,M11,d0,29,22:22:16,22:22:16,404260,11.0,1
MV_A5-Weekday-SDon-130200_M11_631,M11,d0,30,22:23:30,22:23:30,403122,9.0,1
MV_A5-Weekday-SDon-130200_M11_631,M11,d0,31,22:25:28,22:25:28,404262,9.0,1
MV_A5-Weekday-SDon-130200_M11_631,M11,d0,32,22:26:49,22:26:49,403125,2.0,1
MV_A5-Weekday-SDon-130200_M11_631,M11,d0,33,22:28:20,22:28:20,403126,8.0,1
MV_A5-Weekday-SDon-130200_M11_631,M11,d0,34,22:29:06,22:29:06,403127,8.0,1
MV_A5-Weekday-SDon-130200_M11_631,M11,d0,35,22:31:48,22:31:48,401444,3.0,1
MV_A5-Weekday-SDon-130200_M11_631,M11,d0,36,22:33:00,22:33:00,903352,3.0,1
MV_A5-Weekday-SDon-050700_M11_615,M11,d0,1,8:27:00,8:27:00,401393,13.0,1
MV_A5-Weekday-SDon-050700_M11_615,M11,d0,2,8:27:49,8:27:49,405120,13.0,1
MV_A5-Weekday-SDon-050700_M11_615,M11,d0,3,8:28:32,8:28:32,405167,13.0,1
MV_A5-Weekday-SDon-050700_M11_615,M11,d0,4,8:29:00,8:29:00,405265,13.0,1
MV_A5-Weekday-SDon-050700_M11_615,M11,d0,5,8:30:04,8:30:04,405152,9.0,1
MV_A5-Weekday-SDon-050700_M11_615,M11,d0,6,8:31:42,8:31:42,405151,11.0,1
MV_A5-Weekday-SDon-050700_M11_615,M11,d0,7,8:33:05,8:33:05,404161,11.0,1
MV_A5-Weekday-SDon-050700_M11_615,M11,d0,8,8:33:59,8:33:59,401398,14.0,1
MV_A5-Weekday-SDon-050700_M11_615,M11,d0,9,8:35:00,8:35:00,403802,14.0,1
MV_A5-Weekday-SDon-050700_M11_615,M11,d0,10,8:36:25,8:36:25,401400,14.0,2
MV_A5-Weekday-SDon-050700_M11_615,M11,d0,11,8:37:47,8:37:47,401401,17.0,2
MV_A5-Weekday-SDon-050700_M11_615,M11,d0,12,8:39:51,8:39:51,401402,17.0,2
MV_A5-Weekday-SDon-050700_M11_615,M11,d0,13,8:42:07,8:42:07,401404,20.0,2
MV_A5-Weekday-SDon-050700_M11_615,M11,d0,14,8:44:35,8:44:35,404279,20.0,2
MV_A5-Weekday-SDon-050700_M11_615,M11,d0,15,8:46:13,8:46:13,405631,20.0,2
MV_A5-Weekday-SDon-050700_M11_615,M11,d0,16,8:48:00,8:48:00,401407,26.0,2
MV_A5-Weekday-SDon-050700_M11_615,M11,d0,17,8:49:41,8:49:41,401408,26.0,3
MV_A5-Weekday-SDon-050700_M11_615,M11,d0,18,8:50:49,8:50:49,401409,36.0,3
MV_A5-Weekday-SDon-050700_M11_615,M11,d0,19,8:51:55,8:51:55,401410,36.0,3
MV_A5-Weekday-SDon-050700_M11_615,M11,d0,20,8:53:49,8:53:49,401411,39.0,3
MV_A5-Weekday-SDon-050700_M11_615,M11,d0,21,8:55:14,8:55:14,401412,35.0,3
MV_A5-Weekday-SDon-050700_M11_615,M11,d0,22,8:56:03,8:56:03,401413,36.0,3
MV_A5-Weekday-SDon-050700_M11_615,M11,d0,23,8:57:33,8:57:33,401414,20.0,2
MV_A5-Weekday-SDon-050700_M11_615,M11,d0,24,8:59:21,8:59:21,401416,19.0,2
MV_A5-Weekday-SDon-050700_M11_615,M11,d0,25,9:00:51,9:00:51,401417,7.0,2
MV_A5-Weekday-SDon-050700_M11_615,M11,d0,26,9:02:00,9:02:00,403472,19.0,2
MV_A5-Weekday-SDon-050700_M11_615,M11,d0,27,9:03:10,9:03:10,403555,16.0,1
MV_A5-Weekday-SDon-050700_M11_615,M11,d0,28,9:05:00,9:05:00,401021,4.0,1
MV_A5-Weekday-SDon-050700_M11_615,M11,d0,29,9:06:10,9:06:10,401022,16.0,1
MV_A5-Weekday-SDon-050700_M11_615,M11,d0,30,9:07:48,9:07:48,401023,16.0,1
MV_A5-Weekday-SDon-050700_M11_615,M11,d0,31,9:08:53,9:08:53,401024,10.0,1
MV_A5-Weekday-SDon-050700_M11_615,M11,d0,32,9:10:08,9:10:08,401025,2.0,1
MV_A5-Weekday-SDon-050700_M11_615,M11,d0,33,9:11:16,9:11:16,401026,10.0,1
MV_A5-Weekday-SDon-050700_M11_615,M11,d0,34,9:13:03,9:13:03,401027,4.0,1
MV_A5-Weekday-SDon-050700_M11_615,M11,d0,35,9:14:25,9:14:25,404320,2.0,1
MV_A5-Weekday-SDon-050700_M11_615,M11,d0,36,9:15:51,9:15:51,401029,4.0,1
MV_A5-Weekday-SDon-050700_M11_615,M11,d0,37,9:16:58,9:16:58,401030,16.0,1
MV_A5-Weekday-SDon-050700_M11_615,M11,d0,38,9:18:44,9:18:44,401031,16.0,1
MV_A5-Weekday-SDon-050700_M11_615,M11,d0,39,9:19:52,9:19:52,401032,2.0,1
MV_A5-Weekday-SDon-050700_M11_615,M11,d0,40,9:21:00,9:21:00,401033,1.0,1
MV_A5-Weekday-SDon-050700_M11_615,M11,d0,41,9:21:59,9:21:59,401034,16.0,1
MV_A5-Weekday-SDon-050700_M11_615,M11,d0,42,9:23:13,9:23:13,401035,16.0,1
MV_A5-Weekday-SDon-050700_M11_615,M11,d0,43,9:24:22,9:24:22,401435,1.0,1
MV_A5-Weekday-SDon-050700_M11_615,M11,d0,44,9:26:00,9:26:00,401436,8.0,1
MV_A5-Weekday-SDon-050700_M11_615,M11,d0,45,9:27:45,9:27:45,401438,8.0,1
MV_A5-Weekday-SDon-050700_M11_615,M11,d0,46,9:28:46,9:28:46,403886,1.0,1
MV_A5-Weekday-SDon-050700_M11_615,M11,d0,47,9:29:58,9:29:58,401440,7.0,1
MV_A5-Weekday-SDon-050700_M11_615,M11,d0,48,9:31:04,9:31:04,401441,7.0,1
MV_A5-Weekday-SDon-050700_M11_615,M11,d0,49,9:32:09,9:32:09,401442,5.0,1
MV_A5-Weekday-SDon-050700_M11_615,M11,d0,50,9:33:30,9:33:30,401443,5.0,1
MV_A5-Weekday-SDon-050700_M11_615,M11,d0,51,9:34:56,9:34:56,403292,1.0,1
MV_A5-Weekday-SDon-050700_M11_615,M11,d0,52,9:35:48,9:35:48,401444,6.0,1
MV_A5-Weekday-SDon-050700_M11_615,M11,d0,53,9:37:00,9:37:00,401446,5.0,1
MV_A5-Weekday-SDon-050700_M11_615,M11,d0,54,9:38:12,9:38:12,401447,4.0,1
MV_A5-Weekday-SDon-050700_M11_615,M11,d0,55,9:40:11,9:40:11,403757,4.0,1
MV_A5-Weekday-SDon-050700_M11_615,M11,d0,56,9:42:00,9:42:00,404011,4.0,1
MV_A5-Weekday-SDon-050700_M11_615,M11,d0,57,9:42:12,9:42:12,404012,4.0,1
MV_A5-Weekday-SDon-050700_M11_615,M11,d0,58,9:42:34,9:42:34,404013,2.0,1
MV_A5-Weekday-SDon-050700_M11_615,M11,d0,59,9:42:45,9:42:45,404056,4.0,1
MV_A5-Weekday-SDon-050700_M11_615,M11,d0,60,9:43:13,9:43:13,404014,1.0,1
MV_A5-Weekday-SDon-050700_M11_615,M11,d0,61,9:43:27,9:43:27,404015,4.0,1
MV_A5-Weekday-SDon-050700_M11_615,M11,d0,62,9:44:00,9:44:00,803194,4.0,1
MV_A5-Weekday-066100_M11_619,M11,d0,1,11:01:00,11:01:00,401393,3.0,1
MV_A5-Weekday-066100_M11_619,M11,d0,2,11:01:49,11:01:49,405120,3.0,1
MV_A5-Weekday-066100_M11_619,M11,d0,3,11:02:32,11:02:32,405167,3.0,1
MV_A5-Weekday-066100_M11_619,M11,d0,4,11:03:00,11:03:00,405265,3.0,2
MV_A5-Weekday-066100_M11_619,M11,d0,5,11:04:15,11:04:15,405152,22.0,2
MV_A5-Weekday-066100_M11_619,M11,d0,6,11:06:09,11:06:09,405151,22.0,2
MV_A5-Weekday-066100_M11_619,M11,d0,7,11:07:46,11:07:46,404161,23.0,2
MV_A5-Weekday-066100_M11_619,M11,d0,8,11:08:49,11:08:49,401398,23.0,2
MV_A5-Weekday-066100_M11_619,M11,d0,9,11:10:00,11:10:00,403802,23.0,2
MV_A5-Weekday-066100_M11_619,M11,d0,10,11:11:25,11:11:25,401400,8.0,2
MV_A5-Weekday-066100_M11_619,M11,d0,11,11:12:47,11:12:47,401401,28.0,2
MV_A5-Weekday-066100_M11_619,M11,d0,12,11:14:51,11:14:51,401402,28.0,3
MV_A5-Weekday-066100_M11_619,M11,d0,13,11:17:07,11:17:07,401404,35.0,3
MV_A5-Weekday-066100_M11_619,M11,d0,14,11:19:35,11:19:35,404279,37.0,3
MV_A5-Weekday-066100_M11_619,M11,d0,15,11:21:13,11:21:13,405631,38.0,3
MV_A5-Weekday-066100_M11_619,M11,d0,16,11:23:00,11:23:00,401407,20.0,3
MV_A5-Weekday-066100_M11_619,M11,d0,17,11:24:48,11:24:48,401408,40.0,3
MV_A5-Weekday-066100_M11_619,M11,d0,18,11:26:01,11:26:01,401409,40.0,3
MV_A5-Weekday-066100_M11_619,M11,d0,19,11:27:12,11:27:12,401410,41.0,3
MV_A5-Weekday-066100_M11_619,M11,d0,20,11:29:14,11:29:14,401411,20.0,3
MV_A5-Weekday-066100_M11_619,M11,d0,21,11:30:45,11:30:45,401412,34.0,3
MV_A5-Weekday-066100_M11_619,M11,d0,22,11:31:37,11:31:37,401413,37.0,3
MV_A5-Weekday-066100_M11_619,M11,d0,23,11:33:14,11:33:14,401414,37.0,3
MV_A5-Weekday-066100_M11_619,M11,d0,24,11:35:09,11:35:09,401416,35.0,3
MV_A5-Weekday-066100_M11_619,M11,d0,25,11:36:46,11:36:46,401417,18.0,3
MV_A5-Weekday-066100_M11_619,M11,d0,26,11:38:00,11:38:00,403472,36.0,3
MV_A5-Weekday-066100_M11_619,M11,d0,27,11:39:33,11:39:33,403555,36.0,3
MV_A5-Weekday-066100_M11_619,M11,d0,28,11:42:00,11:42:00,401021,46.0,3
MV_A5-Weekday-066100_M11_619,M11,d0,29,11:43:14,11:43:14,401022,46.0,3
MV_A5-Weekday-066100_M11_619,M11,d0,30,11:44:58,11:44:58,401023,47.0,3
MV_A5-Weekday-066100_M11_619,M11,d0,31,11:46:08,11:46:08,401024,41.0,3
MV_A5-Weekday-066100_M11_619,M11,d0,32,11:47:28,11:47:28,401025,39.0,3
MV_A5-Weekday-066100_M11_619,M11,d0,33,11:48:40,11:48:40,401026,41.0,3
MV_A5-Weekday-066100_M11_619,M11,d0,34,11:50:33,11:50:33,401027,16.0,3
MV_A5-Weekday-066100_M11_619,M11,d0,35,11:52:01,11:52:01,404320,38.0,3
MV_A5-Weekday-066100_M11_619,M11,d0,36,11:53:31,11:53:31,401029,38.0,3
MV_A5-Weekday-066100_M11_619,M11,d0,37,11:54:43,11:54:43,401030,37.0,3
MV_A5-Weekday-066100_M11_619,M11,d0,38,11:56:35,11:56:35,401031,43.0,3
MV_A5-Weekday-066100_M11_619,M11,d0,39,11:57:48,11:57:48,401032,43.0,3
MV_A5-Weekday-066100_M11_619,M11,d0,40,11:59:00,11:59:00,401033,43.0,3
MV_A5-Weekday-066100_M11_619,M11,d0,41,11:59:59,11:59:59,401034,19.0,2
MV_A5-Weekday-066100_M11_619,M11,d0,42,12:01:13,12:01:13,401035,20.0,2
MV_A5-Weekday-066100_M11_619,M11,d0,43,12:02:22,12:02:22,401435,17.0,3
MV_A5-Weekday-066100_M11_619,M11,d0,44,12:04:00,12:04:00,401436,37.0,3
MV_A5-Weekday-066100_M11_619,M11,d0,45,12:06:04,12:06:04,401438,37.0,3
MV_A5-Weekday-066100_M11_619,M11,d0,46,12:07:17,12:07:17,403886,16.0,1
MV_A5-Weekday-066100_M11_619,M11,d0,47,12:08:42,12:08:42,401440,16.0,1
MV_A5-Weekday-066100_M11_619,M11,d0,48,12:09:59,12:09:59,401441,16.0,1
MV_A5-Weekday-066100_M11_619,M11,d0,49,12:11:16,12:11:16,401442,8.0,1
MV_A5-Weekday-066100_M11_619,M11,d0,50,12:12:52,12:12:52,401443,6.0,1
MV_A5-Weekday-066100_M11_619,M11,d0,51,12:14:33,12:14:33,403292,6.0,1
MV_A5-Weekday-066100_M11_619,M11,d0,52,12:15:35,12:15:35,401444,3.0,1
MV_A5-Weekday-066100_M11_619,M11,d0,53,12:17:00,12:17:00,401446,3.0,1
MV_A5-Weekday-066100_M11_619,M11,d0,54,12:18:12,12:18:12,401447,1.0,1
MV_A5-Weekday-066100_M11_619,M11,d0,55,12:20:11,12:20:11,403757,1.0,1
MV_A5-Weekday-066100_M11_619,M11,d0,56,12:22:00,12:22:00,404011,1.0,1
MV_A5-Weekday-066100_M11_619,M11,d0,57,12:22:18,12:22:18,404012,1.0,1
MV_A5-Weekday-066100_M11_619,M11,d0,58,12:22:51,12:22:51,404013,1.0,1
MV_A5-Weekday-066100_M11_619,M11,d0,59,12:23:08,12:23:08,404056,1.0,1
MV_A5-Weekday-066100_M11_619,M11,d0,60,12:23:49,12:23:49,404014,1.0,1
MV_A5-Weekday-066100_M11_619,M11,d0,61,12:24:11,12:24:11,404015,1.0,1
MV_A5-Weekday-066100_M11_619,M11,d0,62,12:25:00,12:25:00,803194,1.0,1
MV_A5-Weekday-054700_M11_618,M11,d0,1,9:07:00,9:07:00,401393,29.0,2
MV_A5-Weekday-054700_M11_618,M11,d0,2,9:07:49,9:07:49,405120,29.0,2
MV_A5-Weekday-054700_M11_618,M11,d0,3,9:08:32,9:08:32,405167,29.0,2
MV_A5-Weekday-054700_M11_618,M11,d0,4,9:09:00,9:09:00,405265,29.0,2
MV_A5-Weekday-054700_M11_618,M11,d0,5,9:10:04,9:10:04,405152,29.0,2
MV_A5-Weekday-054700_M11_618,M11,d0,6,9:11:42,9:11:42,405151,29.0,2
MV_A5-Weekday-054700_M11_618,M11,d0,7,9:13:05,9:13:05,404161,29.0,2
MV_A5-Weekday-054700_M11_618,M11,d0,8,9:13:59,9:13:59,401398,29.0,2
MV_A5-Weekday-054700_M11_618,M11,d0,9,9:15:00,9:15:00,403802,29.0,2
MV_A5-Weekday-054700_M11_618,M11,d0,10,9:16:25,9:16:25,401400,29.0,2
MV_A5-Weekday-054700_M11_618,M11,d0,11,9:17:47,9:17:47,401401,29.0,2
MV_A5-Weekday-054700_M11_618,M11,d0,12,9:19:51,9:19:51,401402,29.0,2
MV_A5-Weekday-054700_M11_618,M11,d0,13,9:22:07,9:22:07,401404,29.0,2
MV_A5-Weekday-054700_M11_618,M11,d0,14,9:24:35,9:24:35,404279,29.0,2
MV_A5-Weekday-054700_M11_618,M11,d0,15,9:26:13,9:26:13,405631,29.0,2
MV_A5-Weekday-054700_M11_618,M11,d0,16,9:28:00,9:28:00,401407,29.0,2
MV_A5-Weekday-054700_M11_618,M11,d0,17,9:29:41,9:29:41,401408,29.0,2
MV_A5-Weekday-054700_M11_618,M11,d0,18,9:30:49,9:30:49,401409,29.0,2
MV_A5-Weekday-054700_M11_618,M11,d0,19,9:31:55,9:31:55,401410,29.0,2
MV_A5-Weekday-054700_M11_618,M11,d0,20,9:33:49,9:33:49,401411,29.0,2
MV_A5-Weekday-054700_M11_618,M11,d0,21,9:35:14,9:35:14,401412,24.0,2
MV_A5-Weekday-054700_M11_618,M11,d0,22,9:36:03,9:36:03,401413,24.0,2
MV_A5-Weekday-054700_M11_618,M11,d0,23,9:37:33,9:37:33,401414,19.0,2
MV_A5-Weekday-054700_M11_618,M11,d0,24,9:39:21,9:39:21,401416,19.0,2
MV_A5-Weekday-054700_M11_618,M11,d0,25,9:40:51,9:40:51,401417,19.0,2
MV_A5-Weekday-054700_M11_618,M11,d0,26,9:42:00,9:42:00,403472,17.0,2
MV_A5-Weekday-054700_M11_618,M11,d0,27,9:43:10,9:43:10,403555,17.0,2
MV_A5-Weekday-054700_M11_618,M11,d0,28,9:45:00,9:45:00,401021,17.0,2
MV_A5-Weekday-054700_M11_618,M11,d0,29,9:46:10,9:46:10,401022,18.0,2
MV_A5-Weekday-054700_M11_618,M11,d0,30,9:47:48,9:47:48,401023,18.0,2
MV_A5-Weekday-054700_M11_618,M11,d0,31,9:48:53,9:48:53,401024,18.0,2
MV_A5-Weekday-054700_M11_618,M11,d0,32,9:50:08,9:50:08,401025,18.0,2
MV_A5-Weekday-054700_M11_618,M11,d0,33,9:51:16,9:51:16,401026,18.0,2
MV_A5-Weekday-054700_M11_618,M11,d0,34,9:53:03,9:53:03,401027,17.0,2
MV_A5-Weekday-054700_M11_618,M11,d0,35,9:54:25,9:54:25,404320,17.0,2
MV_A5-Weekday-054700_M11_618,M11,d0,36,9:55:51,9:55:51,401029,17.0,2
MV_A5-Weekday-054700_M11_618,M11,d0,37,9:56:58,9:56:58,401030,24.0,2
MV_A5-Weekday-054700_M11_618,M11,d0,38,9:58:44,9:58:44,401031,24.0,2
MV_A5-Weekday-054700_M11_618,M11,d0,39,9:59:52,9:59:52,401032,25.0,2
MV_A5-Weekday-054700_M11_618,M11,d0,40,10:01:00,10:01:00,401033,25.0,2
MV_A5-Weekday-054700_M11_618,M11,d0,41,10:01:59,10:01:59,401034,25.0,2
MV_A5-Weekday-054700_M11_618,M11,d0,42,10:03:13,10:03:13,401035,18.0,2
MV_A5-Weekday-054700_M11_618,M11,d0,43,10:04:22,10:04:22,401435,18.0,2
MV_A5-Weekday-054700_M11_618,M11,d0,44,10:06:00,10:06:00,401436,14.0,1
MV_A5-Weekday-054700_M11_618,M11,d0,45,10:07:45,10:07:45,401438,14.0,1
MV_A5-Weekday-054700_M11_618,M11,d0,46,10:08:46,10:08:46,403886,14.0,1
MV_A5-Weekday-054700_M11_618,M11,d0,47,10:09:58,10:09:58,401440,8.0,1
MV_A5-Weekday-054700_M11_618,M11,d0,48,10:11:04,10:11:04,401441,8.0,1
MV_A5-Weekday-054700_M11_618,M11,d0,49,10:12:09,10:12:09,401442,7.0,1
MV_A5-Weekday-054700_M11_618,M11,d0,50,10:13:30,10:13:30,401443,6.0,1
MV_A5-Weekday-054700_M11_618,M11,d0,51,10:14:56,10:14:56,403292,6.0,1
MV_A5-Weekday-054700_M11_618,M11,d0,52,10:15:48,10:15:48,401444,5.0,1
MV_A5-Weekday-054700_M11_618,M11,d0,53,10:17:00,10:17:00,401446,12.0,1
MV_A5-Weekday-054700_M11_618,M11,d0,54,10:18:12,10:18:12,401447,12.0,1
MV_A5-Weekday-054700_M11_618,M11,d0,55,10:20:11,10:20:11,403757,8.0,1
MV_A5-Weekday-054700_M11_618,M11,d0,56,10:22:00,10:22:00,404011,8.0,1
MV_A5-Weekday-054700_M11_618,M11,d0,57,10:22:12,10:22:12,404012,5.0,1
MV_A5-Weekday-054700_M11_618,M11,d0,58,10:22:34,10:22:34,404013,5.0,1
MV_A5-Weekday-054700_M11_618,M11,d0,59,10:22:45,10:22:45,404056,5.0,1
MV_A5-Weekday-054700_M11_618,M11,d0,60,10:23:13,10:23:13,404014,5.0,1
MV_A5-Weekday-054700_M11_618,M11,d0,61,10:23:27,10:23:27,404015,5.0,1
MV_A5-Weekday-054700_M11_618,M11,d0,62,10:24:00,10:24:00,803194,5.0,1
MV_A5-Weekday-SDon-103700_M11_619,M11,d0,1,17:17:00,17:17:00,401393,4.0,1
MV_A5-Weekday-SDon-103700_M11_619,M11,d0,2,17:17:49,17:17:49,405120,9.0,1
MV_A5-Weekday-SDon-103700_M11_619,M11,d0,3,17:18:32,17:18:32,405167,9.0,1
MV_A5-Weekday-SDon-103700_M11_619,M11,d0,4,17:19:00,17:19:00,405265,9.0,1
MV_A5-Weekday-SDon-103700_M11_619,M11,d0,5,17:20:26,17:20:26,405152,8.0,1
MV_A5-Weekday-SDon-103700_M11_619,M11,d0,6,17:22:36,17:22:36,405151,8.0,1
MV_A5-Weekday-SDon-103700_M11_619,M11,d0,7,17:24:26,17:24:26,404161,5.0,1
MV_A5-Weekday-SDon-103700_M11_619,M11,d0,8,17:25:39,17:25:39,401398,11.0,2
MV_A5-Weekday-SDon-103700_M11_619,M11,d0,9,17:27:00,17:27:00,403802,23.0,2
MV_A5-Weekday-SDon-103700_M11_619,M11,d0,10,17:28:44,17:28:44,401400,23.0,2
MV_A5-Weekday-SDon-103700_M11_619,M11,d0,11,17:30:25,17:30:25,401401,23.0,3
MV_A5-Weekday-SDon-103700_M11_619,M11,d0,12,17:32:58,17:32:58,401402,40.0,3
MV_A5-Weekday-SDon-103700_M11_619,M11,d0,13,17:35:46,17:35:46,401404,40.0,3
MV_A5-Weekday-SDon-103700_M11_619,M11,d0,14,17:38:48,17:38:48,404279,42.0,3
MV_A5-Weekday-SDon-103700_M11_619,M11,d0,15,17:40:48,17:40:48,405631,22.0,3
MV_A5-Weekday-SDon-103700_M11_619,M11,d0,16,17:43:00,17:43:00,401407,38.0,3
MV_A5-Weekday-SDon-103700_M11_619,M11,d0,17,17:44:34,17:44:34,401408,35.0,3
MV_A5-Weekday-SDon-103700_M11_619,M11,d0,18,17:45:37,17:45:37,401409,36.0,3
MV_A5-Weekday-SDon-103700_M11_619,M11,d0,19,17:46:39,17:46:39,401410,38.0,3
MV_A5-Weekday-SDon-103700_M11_619,M11,d0,20,17:48:24,17:48:24,401411,38.0,3
MV_A5-Weekday-SDon-103700_M11_619,M11,d0,21,17:49:43,17:49:43,401412,38.0,3
MV_A5-Weekday-SDon-103700_M11_619,M11,d0,22,17:50:28,17:50:28,401413,19.0,3
MV_A5-Weekday-SDon-103700_M11_619,M11,d0,23,17:51:52,17:51:52,401414,34.0,3
MV_A5-Weekday-SDon-103700_M11_619,M11,d0,24,17:53:32,17:53:32,401416,34.0,3
MV_A5-Weekday-SDon-103700_M11_619,M11,d0,25,17:54:56,17:54:56,401417,27.0,3
MV_A5-Weekday-SDon-103700_M11_619,M11,d0,26,17:56:00,17:56:00,403472,36.0,3
MV_A5-Weekday-SDon-103700_M11_619,M11,d0,27,17:57:33,17:57:33,403555,31.0,3
MV_A5-Weekday-SDon-103700_M11_619,M11,d0,28,18:00:00,18:00:00,401021,45.0,3
MV_A5-Weekday-SDon-103700_M11_619,M11,d0,29,18:01:14,18:01:14,401022,45.0,3
MV_A5-Weekday-SDon-103700_M11_619,M11,d0,30,18:02:58,18:02:58,401023,41.0,3
MV_A5-Weekday-SDon-103700_M11_619,M11,d0,31,18:04:08,18:04:08,401024,47.0,3
MV_A5-Weekday-SDon-103700_M11_619,M11,d0,32,18:05:28,18:05:28,401025,37.0,4
MV_A5-Weekday-SDon-103700_M11_619,M11,d0,33,18:06:40,18:06:40,401026,49.0,4
MV_A5-Weekday-SDon-103700_M11_619,M11,d0,34,18:08:33,18:08:33,401027,49.0,4
MV_A5-Weekday-SDon-103700_M11_619,M11,d0,35,18:10:01,18:10:01,404320,47.0,3
MV_A5-Weekday-SDon-103700_M11_619,M11,d0,36,18:11:31,18:11:31,401029,12.0,3
MV_A5-Weekday-SDon-103700_M11_619,M11,d0,37,18:12:43,18:12:43,401030,47.0,4
MV_A5-Weekday-SDon-103700_M11_619,M11,d0,38,18:14:35,18:14:35,401031,54.0,4
MV_A5-Weekday-SDon-103700_M11_619,M11,d0,39,18:15:48,18:15:48,401032,54.0,4
MV_A5-Weekday-SDon-103700_M11_619,M11,d0,40,18:17:00,18:17:00,401033,54.0,4
MV_A5-Weekday-SDon-103700_M11_619,M11,d0,41,18:17:59,18:17:59,401034,12.0,4
MV_A5-Weekday-SDon-103700_M11_619,M11,d0,42,18:19:13,18:19:13,401035,50.0,4
MV_A5-Weekday-SDon-103700_M11_619,M11,d0,43,18:20:22,18:20:22,401435,30.0,2
MV_A5-Weekday-SDon-103700_M11_619,M11,d0,44,18:22:00,18:22:00,401436,25.0,2
MV_A5-Weekday-SDon-103700_M11_619,M11,d0,45,18:23:54,18:23:54,401438,19.0,2
MV_A5-Weekday-SDon-103700_M11_619,M11,d0,46,18:25:01,18:25:01,403886,10.0,2
MV_A5-Weekday-SDon-103700_M11_619,M11,d0,47,18:26:20,18:26:20,401440,20.0,2
MV_A5-Weekday-SDon-103700_M11_619,M11,d0,48,18:27:32,18:27:32,401441,20.0,2
MV_A5-Weekday-SDon-103700_M11_619,M11,d0,49,18:28:43,18:28:43,401442,19.0,3
MV_A5-Weekday-SDon-103700_M11_619,M11,d0,50,18:30:11,18:30:11,401443,36.0,3
MV_A5-Weekday-SDon-103700_M11_619,M11,d0,51,18:31:44,18:31:44,403292,27.0,2
MV_A5-Weekday-SDon-103700_M11_619,M11,d0,52,18:32:41,18:32:41,401444,29.0,2
MV_A5-Weekday-SDon-103700_M11_619,M11,d0,53,18:34:00,18:34:00,401446,31.0,2
MV_A5-Weekday-SDon-103700_M11_619,M11,d0,54,18:35:12,18:35:12,401447,31.0,2
MV_A5-Weekday-SDon-103700_M11_619,M11,d0,55,18:37:11,18:37:11,403757,28.0,2
MV_A5-Weekday-SDon-103700_M11_619,M11,d0,56,18:39:00,18:39:00,404011,13.0,1
MV_A5-Weekday-SDon-103700_M11_619,M11,d0,57,18:39:18,18:39:18,404012,11.0,2
MV_A5-Weekday-SDon-103700_M11_619,M11,d0,58,18:39:51,18:39:51,404013,20.0,2
MV_A5-Weekday-SDon-103700_M11_619,M11,d0,59,18:40:08,18:40:08,404056,20.0,2
MV_A5-Weekday-SDon-103700_M11_619,M11,d0,60,18:40:49,18:40:49,404014,13.0,1
MV_A5-Weekday-SDon-103700_M11_619,M11,d0,61,18:41:11,18:41:11,404015,10.0,1
MV_A5-Weekday-SDon-103700_M11_619,M11,d0,62,18:42:00,18:42:00,803194,10.0,1
MV_A5-Weekday-SDon-094700_M11_627,M11,d0,1,15:47:00,15:47:00,401393,8.0,1
MV_A5-Weekday-SDon-094700_M11_627,M11,d0,2,15:47:49,15:47:49,405120,14.0,1
MV_A5-Weekday-SDon-094700_M11_627,M11,d0,3,15:48:32,15:48:32,405167,14.0,1
MV_A5-Weekday-SDon-094700_M11_627,M11,d0,4,15:49:00,15:49:00,405265,14.0,1
MV_A5-Weekday-SDon-094700_M11_627,M11,d0,5,15:50:26,15:50:26,405152,14.0,1
MV_A5-Weekday-SDon-094700_M11_627,M11,d0,6,15:52:36,15:52:36,405151,14.0,1
MV_A5-Weekday-SDon-094700_M11_627,M11,d0,7,15:54:26,15:54:26,404161,14.0,3
MV_A5-Weekday-SDon-094700_M11_627,M11,d0,8,15:55:39,15:55:39,401398,35.0,3
MV_A5-Weekday-SDon-094700_M11_627,M11,d0,9,15:57:00,15:57:00,403802,13.0,2
MV_A5-Weekday-SDon-094700_M11_627,M11,d0,10,15:58:44,15:58:44,401400,18.0,2
MV_A5-Weekday-SDon-094700_M11_627,M11,d0,11,16:00:25,16:00:25,401401,13.0,4
MV_A5-Weekday-SDon-094700_M11_627,M11,d0,12,16:02:58,16:02:58,401402,50.0,4
MV_A5-Weekday-SDon-094700_M11_627,M11,d0,13,16:05:46,16:05:46,401404,50.0,4
MV_A5-Weekday-SDon-094700_M11_627,M11,d0,14,16:08:48,16:08:48,404279,18.0,2
MV_A5-Weekday-SDon-094700_M11_627,M11,d0,15,16:10:48,16:10:48,405631,20.0,3
MV_A5-Weekday-SDon-094700_M11_627,M11,d0,16,16:13:00,16:13:00,401407,43.0,3
MV_A5-Weekday-SDon-094700_M11_627,M11,d0,17,16:14:41,16:14:41,401408,43.0,3
MV_A5-Weekday-SDon-094700_M11_627,M11,d0,18,16:15:49,16:15:49,401409,43.0,3
MV_A5-Weekday-SDon-094700_M11_627,M11,d0,19,16:16:55,16:16:55,401410,39.0,3
MV_A5-Weekday-SDon-094700_M11_627,M11,d0,20,16:18:49,16:18:49,401411,8.0,3
MV_A5-Weekday-SDon-094700_M11_627,M11,d0,21,16:20:14,16:20:14,401412,36.0,3
MV_A5-Weekday-SDon-094700_M11_627,M11,d0,22,16:21:03,16:21:03,401413,3.0,3
MV_A5-Weekday-SDon-094700_M11_627,M11,d0,23,16:22:33,16:22:33,401414,41.0,3
MV_A5-Weekday-SDon-094700_M11_627,M11,d0,24,16:24:21,16:24:21,401416,41.0,3
MV_A5-Weekday-SDon-094700_M11_627,M11,d0,25,16:25:51,16:25:51,401417,41.0,3
MV_A5-Weekday-SDon-094700_M11_627,M11,d0,26,16:27:00,16:27:00,403472,41.0,3
MV_A5-Weekday-SDon-094700_M11_627,M11,d0,27,16:28:33,16:28:33,403555,41.0,3
MV_A5-Weekday-SDon-094700_M11_627,M11,d0,28,16:31:00,16:31:00,401021,24.0,2
MV_A5-Weekday-SDon-094700_M11_627,M11,d0,29,16:32:18,16:32:18,401022,8.0,1
MV_A5-Weekday-SDon-094700_M11_627,M11,d0,30,16:34:09,16:34:09,401023,8.0,1
MV_A5-Weekday-SDon-094700_M11_627,M11,d0,31,16:35:22,16:35:22,401024,8.0,2
MV_A5-Weekday-SDon-094700_M11_627,M11,d0,32,16:36:47,16:36:47,401025,31.0,2
MV_A5-Weekday-SDon-094700_M11_627,M11,d0,33,16:38:03,16:38:03,401026,31.0,3
MV_A5-Weekday-SDon-094700_M11_627,M11,d0,34,16:40:03,16:40:03,401027,34.0,3
MV_A5-Weekday-SDon-094700_M11_627,M11,d0,35,16:41:36,16:41:36,404320,23.0,2
MV_A5-Weekday-SDon-094700_M11_627,M11,d0,36,16:43:12,16:43:12,401029,19.0,2
MV_A5-Weekday-SDon-094700_M11_627,M11,d0,37,16:44:28,16:44:28,401030,23.0,2
MV_A5-Weekday-SDon-094700_M11_627,M11,d0,38,16:46:27,16:46:27,401031,23.0,2
MV_A5-Weekday-SDon-094700_M11_627,M11,d0,39,16:47:44,16:47:44,401032,17.0,2
MV_A5-Weekday-SDon-094700_M11_627,M11,d0,40,16:49:00,16:49:00,401033,17.0,2
MV_A5-Weekday-SDon-094700_M11_627,M11,d0,41,16:49:59,16:49:59,401034,17.0,2
MV_A5-Weekday-SDon-094700_M11_627,M11,d0,42,16:51:13,16:51:13,401035,17.0,2
MV_A5-Weekday-SDon-094700_M11_627,M11,d0,43,16:52:22,16:52:22,401435,14.0,1
MV_A5-Weekday-SDon-094700_M11_627,M11,d0,44,16:54:00,16:54:00,401436,14.0,1
MV_A5-Weekday-SDon-094700_M11_627,M11,d0,45,16:56:32,16:56:32,401438,12.0,2
MV_A5-Weekday-SDon-094700_M11_627,M11,d0,46,16:58:02,16:58:02,403886,25.0,2
MV_A5-Weekday-SDon-094700_M11_627,M11,d0,47,16:59:47,16:59:47,401440,25.0,2
MV_A5-Weekday-SDon-094700_M11_627,M11,d0,48,17:01:22,17:01:22,401441,25.0,2
MV_A5-Weekday-SDon-094700_M11_627,M11,d0,49,17:02:57,17:02:57,401442,25.0,2
MV_A5-Weekday-SDon-094700_M11_627,M11,d0,50,17:04:55,17:04:55,401443,24.0,2
MV_A5-Weekday-SDon-094700_M11_627,M11,d0,51,17:06:59,17:06:59,403292,26.0,2
MV_A5-Weekday-SDon-094700_M11_627,M11,d0,52,17:08:15,17:08:15,401444,26.0,2
MV_A5-Weekday-SDon-094700_M11_627,M11,d0,53,17:10:00,17:10:00,401446,26.0,2
MV_A5-Weekday-SDon-094700_M11_627,M11,d0,54,17:11:27,17:11:27,401447,18.0,2
MV_A5-Weekday-SDon-094700_M11_627,M11,d0,55,17:13:49,17:13:49,403757,18.0,2
MV_A5-Weekday-SDon-094700_M11_627,M11,d0,56,17:16:00,17:16:00,404011,4.0,1
MV_A5-Weekday-SDon-094700_M11_627,M11,d0,57,17:16:24,17:16:24,404012,4.0,1
MV_A5-Weekday-SDon-094700_M11_627,M11,d0,58,17:17:09,17:17:09,404013,4.0,1
MV_A5-Weekday-SDon-094700_M11_627,M11,d0,59,17:17:31,17:17:31,404056,4.0,1
MV_A5-Weekday-SDon-094700_M11_627,M11,d0,60,17:18:25,17:18:25,404014,4.0,1
MV_A5-Weekday-SDon-094700_M11_627,M11,d0,61,17:18:55,17:18:55,404015,2.0,1
MV_A5-Weekday-SDon-094700_M11_627,M11,d0,62,17:20:00,17:20:00,803194,2.0,1
MV_A5-Weekday-127000_M11_630,M11,d0,1,21:10:00,21:10:00,405374,6.0,1
MV_A5-Weekday-127000_M11_630,M11,d0,2,21:11:07,21:11:07,404919,6.0,1
MV_A5-Weekday-127000_M11_630,M11,d0,3,21:12:23,21:12:23,404872,10.0,1
MV_A5-Weekday-127000_M11_630,M11,d0,4,21:13:54,21:13:54,404846,11.0,1
MV_A5-Weekday-127000_M11_630,M11,d0,5,21:15:14,21:15:14,401239,11.0,1
MV_A5-Weekday-127000_M11_630,M11,d0,6,21:17:00,21:17:00,405393,11.0,1
MV_A5-Weekday-127000_M11_630,M11,d0,7,21:18:34,21:18:34,903209,9.0,1
MV_A5-Weekday-127000_M11_630,M11,d0,8,21:19:33,21:19:33,401016,10.0,1
MV_A5-Weekday-127000_M11_630,M11,d0,9,21:21:00,21:21:00,400747,9.0,1
MV_A5-Weekday-127000_M11_630,M11,d0,10,21:22:52,21:22:52,403271,11.0,1
MV_A5-Weekday-127000_M11_630,M11,d0,11,21:24:45,21:24:45,400750,12.0,1
MV_A5-Weekday-127000_M11_630,M11,d0,12,21:27:18,21:27:18,403103,9.0,1
MV_A5-Weekday-127000_M11_630,M11,d0,13,21:28:39,21:28:39,403104,8.0,1
MV_A5-Weekday-127000_M11_630,M11,d0,14,21:29:49,21:29:49,403105,11.0,1
MV_A5-Weekday-127000_M11_630,M11,d0,15,21:31:00,21:31:00,403106,11.0,1
MV_A5-Weekday-127000_M11_630,M11,d0,16,21:32:43,21:32:43,403107,11.0,1
MV_A5-Weekday-127000_M11_630,M11,d0,17,21:34:06,21:34:06,903299,11.0,1
MV_A5-Weekday-127000_M11_630,M11,d0,18,21:35:04,21:35:04,403109,8.0,1
MV_A5-Weekday-127000_M11_630,M11,d0,19,21:36:12,21:36:12,403110,13.0,1
MV_A5-Weekday-127000_M11_630,M11,d0,20,21:37:52,21:37:52,403111,14.0,1
MV_A5-Weekday-127000_M11_630,M11,d0,21,21:39:02,21:39:02,403112,11.0,1
MV_A5-Weekday-127000_M11_630,M11,d0,22,21:41:00,21:41:00,405248,11.0,1
MV_A5-Weekday-127000_M11_630,M11,d0,23,21:42:29,21:42:29,403114,11.0,1
MV_A5-Weekday-127000_M11_630,M11,d0,24,21:43:51,21:43:51,403115,11.0,1
MV_A5-Weekday-127000_M11_630,M11,d0,25,21:44:55,21:44:55,403116,3.0,1
MV_A5-Weekday-127000_M11_630,M11,d0,26,21:46:00,21:46:00,405394,10.0,1
MV_A5-Weekday-127000_M11_630,M11,d0,27,21:47:48,21:47:48,403118,10.0,1
MV_A5-Weekday-127000_M11_630,M11,d0,28,21:48:43,21:48:43,403119,11.0,1
MV_A5-Weekday-127000_M11_630,M11,d0,29,21:50:16,21:50:16,404260,11.0,1
MV_A5-Weekday-127000_M11_630,M11,d0,30,21:51:30,21:51:30,403122,5.0,1
MV_A5-Weekday-127000_M11_630,M11,d0,31,21:53:28,21:53:28,404262,5.0,1
MV_A5-Weekday-127000_M11_630,M11,d0,32,21:54:49,21:54:49,403125,7.0,1
MV_A5-Weekday-127000_M11_630,M11,d0,33,21:56:20,21:56:20,403126,1.0,1
MV_A5-Weekday-127000_M11_630,M11,d0,34,21:57:06,21:57:06,403127,8.0,1
MV_A5-Weekday-127000_M11_630,M11,d0,35,21:59:48,21:59:48,401444,1.0,1
MV_A5-Weekday-127000_M11_630,M11,d0,36,22:01:00,22:01:00,903352,1.0,1
MV_A5-Weekday-108500_M11_635,M11,d0,1,18:05:00,18:05:00,401393,1.0,1
MV_A5-Weekday-108500_M11_635,M11,d0,2,18:05:49,18:05:49,405120,1.0,1
MV_A5-Weekday-108500_M11_635,M11,d0,3,18:06:32,18:06:32,405167,1.0,1
MV_A5-Weekday-108500_M11_635,M11,d0,4,18:07:00,18:07:00,405265,13.0,1
MV_A5-Weekday-108500_M11_635,M11,d0,5,18:08:15,18:08:15,405152,13.0,1
MV_A5-Weekday-108500_M11_635,M11,d0,6,18:10:09,18:10:09,405151,8.0,1
MV_A5-Weekday-108500_M11_635,M11,d0,7,18:11:46,18:11:46,404161,10.0,1
MV_A5-Weekday-108500_M11_635,M11,d0,8,18:12:49,18:12:49,401398,9.0,1
MV_A5-Weekday-108500_M11_635,M11,d0,9,18:14:00,18:14:00,403802,15.0,1
MV_A5-Weekday-108500_M11_635,M11,d0,10,18:15:31,18:15:31,401400,15.0,2
MV_A5-Weekday-108500_M11_635,M11,d0,11,18:17:00,18:17:00,401401,17.0,2
MV_A5-Weekday-108500_M11_635,M11,d0,12,18:19:14,18:19:14,401402,17.0,2
MV_A5-Weekday-108500_M11_635,M11,d0,13,18:21:40,18:21:40,401404,20.0,2
MV_A5-Weekday-108500_M11_635,M11,d0,14,18:24:20,18:24:20,404279,21.0,2
MV_A5-Weekday-108500_M11_635,M11,d0,15,18:26:05,18:26:05,405631,21.0,2
MV_A5-Weekday-108500_M11_635,M11,d0,16,18:28:00,18:28:00,401407,22.0,2
MV_A5-Weekday-108500_M11_635,M11,d0,17,18:29:34,18:29:34,401408,21.0,2
MV_A5-Weekday-108500_M11_635,M11,d0,18,18:30:37,18:30:37,401409,17.0,2
MV_A5-Weekday-108500_M11_635,M11,d0,19,18:31:39,18:31:39,401410,17.0,2
MV_A5-Weekday-108500_M11_635,M11,d0,20,18:33:24,18:33:24,401411,13.0,1
MV_A5-Weekday-108500_M11_635,M11,d0,21,18:34:43,18:34:43,401412,16.0,2
MV_A5-Weekday-108500_M11_635,M11,d0,22,18:35:28,18:35:28,401413,20.0,2
MV_A5-Weekday-108500_M11_635,M11,d0,23,18:36:52,18:36:52,401414,20.0,2
MV_A5-Weekday-108500_M11_635,M11,d0,24,18:38:32,18:38:32,401416,10.0,1
MV_A5-Weekday-108500_M11_635,M11,d0,25,18:39:56,18:39:56,401417,8.0,2
MV_A5-Weekday-108500_M11_635,M11,d0,26,18:41:00,18:41:00,403472,21.0,2
MV_A5-Weekday-108500_M11_635,M11,d0,27,18:42:33,18:42:33,403555,21.0,2
MV_A5-Weekday-108500_M11_635,M11,d0,28,18:45:00,18:45:00,401021,13.0,1
MV_A5-Weekday-108500_M11_635,M11,d0,29,18:46:10,18:46:10,401022,14.0,1
MV_A5-Weekday-108500_M11_635,M11,d0,30,18:47:48,18:47:48,401023,8.0,1
MV_A5-Weekday-108500_M11_635,M11,d0,31,18:48:53,18:48:53,401024,14.0,1
MV_A5-Weekday-108500_M11_635,M11,d0,32,18:50:08,18:50:08,401025,14.0,1
MV_A5-Weekday-108500_M11_635,M11,d0,33,18:51:16,18:51:16,401026,14.0,1
MV_A5-Weekday-108500_M11_635,M11,d0,34,18:53:03,18:53:03,401027,8.0,1
MV_A5-Weekday-108500_M11_635,M11,d0,35,18:54:25,18:54:25,404320,12.0,1
MV_A5-Weekday-108500_M11_635,M11,d0,36,18:55:51,18:55:51,401029,16.0,1
MV_A5-Weekday-108500_M11_635,M11,d0,37,18:56:58,18:56:58,401030,5.0,2
MV_A5-Weekday-108500_M11_635,M11,d0,38,18:58:44,18:58:44,401031,20.0,2
MV_A5-Weekday-108500_M11_635,M11,d0,39,18:59:52,18:59:52,401032,12.0,1
MV_A5-Weekday-108500_M11_635,M11,d0,40,19:01:00,19:01:00,401033,5.0,2
MV_A5-Weekday-108500_M11_635,M11,d0,41,19:01:47,19:01:47,401034,18.0,2
MV_A5-Weekday-108500_M11_635,M11,d0,42,19:02:46,19:02:46,401035,11.0,1
MV_A5-Weekday-108500_M11_635,M11,d0,43,19:03:41,19:03:41,401435,13.0,1
MV_A5-Weekday-108500_M11_635,M11,d0,44,19:05:00,19:05:00,401436,13.0,1
MV_A5-Weekday-108500_M11_635,M11,d0,45,19:06:35,19:06:35,401438,11.0,1
MV_A5-Weekday-108500_M11_635,M11,d0,46,19:07:31,19:07:31,403886,13.0,1
MV_A5-Weekday-108500_M11_635,M11,d0,47,19:08:37,19:08:37,401440,13.0,1
MV_A5-Weekday-108500_M11_635,M11,d0,48,19:09:37,19:09:37,401441,13.0,1
MV_A5-Weekday-108500_M11_635,M11,d0,49,19:10:36,19:10:36,401442,1.0,1
MV_A5-Weekday-108500_M11_635,M11,d0,50,19:11:49,19:11:49,401443,9.0,1
MV_A5-Weekday-108500_M11_635,M11,d0,51,19:13:07,19:13:07,403292,1.0,1
MV_A5-Weekday-108500_M11_635,M11,d0,52,19:13:54,19:13:54,401444,7.0,1
MV_A5-Weekday-108500_M11_635,M11,d0,53,19:15:00,19:15:00,401446,5.0,1
MV_A5-Weekday-108500_M11_635,M11,d0,54,19:15:58,19:15:58,401447,5.0,1
MV_A5-Weekday-108500_M11_635,M11,d0,55,19:17:33,19:17:33,403757,5.0,1
MV_A5-Weekday-108500_M11_635,M11,d0,56,19:19:00,19:19:00,404011,5.0,1
MV_A5-Weekday-108500_M11_635,M11,d0,57,19:19:18,19:19:18,404012,1.0,1
MV_A5-Weekday-108500_M11_635,M11,d0,58,19:19:51,19:19:51,404013,1.0,1
MV_A5-Weekday-108500_M11_635,M11,d0,59,19:20:08,19:20:08,404056,1.0,1
MV_A5-Weekday-108500_M11_635,M11,d0,60,19:20:49,19:20:49,404014,1.0,1
MV_A5-Weekday-108500_M11_635,M11,d0,61,19:21:11,19:21:11,404015,1.0,1
MV_A5-Weekday-108500_M11_635,M11,d0,62,19:22:00,19:22:00,803194,1.0,1
MV_A5-Weekday-142000_M11_635,M11,d0,1,23:40:00,23:40:00,401393,5.0,1
MV_A5-Weekday-142000_M11_635,M11,d0,2,23:40:49,23:40:49,405120,5.0,1
MV_A5-Weekday-142000_M11_635,M11,d0,3,23:41:32,23:41:32,405167,2.0,1
MV_A5-Weekday-142000_M11_635,M11,d0,4,23:42:00,23:42:00,405265,2.0,1
MV_A5-Weekday-142000_M11_635,M11,d0,5,23:42:43,23:42:43,405152,2.0,1
MV_A5-Weekday-142000_M11_635,M11,d0,6,23:43:48,23:43:48,405151,10.0,1
MV_A5-Weekday-142000_M11_635,M11,d0,7,23:44:43,23:44:43,404161,7.0,1
MV_A5-Weekday-142000_M11_635,M11,d0,8,23:45:20,23:45:20,401398,8.0,1
MV_A5-Weekday-142000_M11_635,M11,d0,9,23:46:00,23:46:00,403802,11.0,1
MV_A5-Weekday-142000_M11_635,M11,d0,10,23:46:33,23:46:33,401400,8.0,1
MV_A5-Weekday-142000_M11_635,M11,d0,11,23:47:04,23:47:04,401401,11.0,1
MV_A5-Weekday-142000_M11_635,M11,d0,12,23:47:52,23:47:52,401402,7.0,1
MV_A5-Weekday-142000_M11_635,M11,d0,13,23:48:44,23:48:44,401404,7.0,1
MV_A5-Weekday-142000_M11_635,M11,d0,14,23:49:41,23:49:41,404279,7.0,1
MV_A5-Weekday-142000_M11_635,M11,d0,15,23:50:19,23:50:19,405631,2.0,1
MV_A5-Weekday-142000_M11_635,M11,d0,16,23:51:00,23:51:00,401407,9.0,1
MV_A5-Weekday-142000_M11_635,M11,d0,17,23:51:58,23:51:58,401408,8.0,1
MV_A5-Weekday-142000_M11_635,M11,d0,18,23:52:37,23:52:37,401409,7.0,1
MV_A5-Weekday-142000_M11_635,M11,d0,19,23:53:15,23:53:15,401410,6.0,1
MV_A5-Weekday-142000_M11_635,M11,d0,20,23:54:20,23:54:20,401411,5.0,1
MV_A5-Weekday-142000_M11_635,M11,d0,21,23:55:08,23:55:08,401412,2.0,1
MV_A5-Weekday-142000_M11_635,M11,d0,22,23:55:36,23:55:36,401413,6.0,1
MV_A5-Weekday-142000_M11_635,M11,d0,23,23:56:28,23:56:28,401414,6.0,1
MV_A5-Weekday-142000_M11_635,M11,d0,24,23:57:29,23:57:29,401416,6.0,1
MV_A5-Weekday-142000_M11_635,M11,d0,25,23:58:20,23:58:20,401417,5.0,1
MV_A5-Weekday-142000_M11_635,M11,d0,26,23:59:00,23:59:00,403472,5.0,1
MV_A5-Weekday-142000_M11_635,M11,d0,27,23:59:47,23:59:47,403555,5.0,1
MV_A5-Weekday-142000_M11_635,M11,d0,28,24:01:00,24:01:00,401021,6.0,1
MV_A5-Weekday-142000_M11_635,M11,d0,29,24:01:44,24:01:44,401022,6.0,1
MV_A5-Weekday-142000_M11_635,M11,d0,30,24:02:45,24:02:45,401023,7.0,1
MV_A5-Weekday-142000_M11_635,M11,d0,31,24:03:26,24:03:26,401024,6.0,1
MV_A5-Weekday-142000_M11_635,M11,d0,32,24:04:13,24:04:13,401025,8.0,1
MV_A5-Weekday-142000_M11_635,M11,d0,33,24:04:55,24:04:55,401026,7.0,1
MV_A5-Weekday-142000_M11_635,M11,d0,34,24:06:02,24:06:02,401027,7.0,1
MV_A5-Weekday-142000_M11_635,M11,d0,35,24:06:53,24:06:53,404320,7.0,1
MV_A5-Weekday-142000_M11_635,M11,d0,36,24:07:47,24:07:47,401029,9.0,1
MV_A5-Weekday-142000_M11_635,M11,d0,37,24:08:29,24:08:29,401030,6.0,1
MV_A5-Weekday-142000_M11_635,M11,d0,38,24:09:35,24:09:35,401031,9.0,1
MV_A5-Weekday-142000_M11_635,M11,d0,39,24:10:18,24:10:18,401032,7.0,1
MV_A5-Weekday-142000_M11_635,M11,d0,40,24:11:00,24:11:00,401033,6.0,1
MV_A5-Weekday-142000_M11_635,M11,d0,41,24:11:35,24:11:35,401034,5.0,1
MV_A5-Weekday-142000_M11_635,M11,d0,42,24:12:20,24:12:20,401035,4.0,1
MV_A5-Weekday-142000_M11_635,M11,d0,43,24:13:01,24:13:01,401435,6.0,1
MV_A5-Weekday-142000_M11_635,M11,d0,44,24:14:00,24:14:00,401436,3.0,1
MV_A5-Weekday-142000_M11_635,M11,d0,45,24:14:57,24:14:57,401438,4.0,1
MV_A5-Weekday-142000_M11_635,M11,d0,46,24:15:31,24:15:31,403886,4.0,1
MV_A5-Weekday-142000_M11_635,M11,d0,47,24:16:10,24:16:10,401440,5.0,1
MV_A5-Weekday-142000_M11_635,M11,d0,48,24:16:46,24:16:46,401441,5.0,1
MV_A5-Weekday-142000_M11_635,M11,d0,49,24:17:21,24:17:21,401442,5.0,1
MV_A5-Weekday-142000_M11_635,M11,d0,50,24:18:06,24:18:06,401443,1.0,1
MV_A5-Weekday-142000_M11_635,M11,d0,51,24:18:52,24:18:52,403292,4.0,1
MV_A5-Weekday-142000_M11_635,M11,d0,52,24:19:21,24:19:21,401444,1.0,1
MV_A5-Weekday-142000_M11_635,M11,d0,53,24:20:00,24:20:00,401446,4.0,1
MV_A5-Weekday-142000_M11_635,M11,d0,54,24:20:26,24:20:26,401447,4.0,1
MV_A5-Weekday-142000_M11_635,M11,d0,55,24:20:47,24:20:47,404147,4.0,1
MV_A5-Weekday-142000_M11_635,M11,d0,56,24:22:00,24:22:00,903092,4.0,1
MV_A5-Weekday-108500_M11_620,M11,d0,1,18:05:00,18:05:00,405374,10.0,1
MV_A5-Weekday-108500_M11_620,M11,d0,2,18:06:07,18:06:07,404919,10.0,1
MV_A5-Weekday-108500_M11_620,M11,d0,3,18:07:23,18:07:23,404872,10.0,1
MV_A5-Weekday-108500_M11_620,M11,d0,4,18:08:54,18:08:54,404846,10.0,1
MV_A5-Weekday-108500_M11_620,M11,d0,5,18:10:14,18:10:14,401239,14.0,1
MV_A5-Weekday-108500_M11_620,M11,d0,6,18:12:00,18:12:00,405393,14.0,1
MV_A5-Weekday-108500_M11_620,M11,d0,7,18:13:34,18:13:34,903209,10.0,1
MV_A5-Weekday-108500_M11_620,M11,d0,8,18:14:33,18:14:33,401016,12.0,1
MV_A5-Weekday-108500_M11_620,M11,d0,9,18:16:00,18:16:00,400747,12.0,1
MV_A5-Weekday-108500_M11_620,M11,d0,10,18:18:15,18:18:15,403271,13.0,1
MV_A5-Weekday-108500_M11_620,M11,d0,11,18:20:30,18:20:30,400750,15.0,1
MV_A5-Weekday-108500_M11_620,M11,d0,12,18:23:33,18:23:33,403103,14.0,2
MV_A5-Weekday-108500_M11_620,M11,d0,13,18:25:11,18:25:11,403104,23.0,2
MV_A5-Weekday-108500_M11_620,M11,d0,14,18:26:34,18:26:34,403105,23.0,2
MV_A5-Weekday-108500_M11_620,M11,d0,15,18:28:00,18:28:00,403106,27.0,2
MV_A5-Weekday-108500_M11_620,M11,d0,16,18:29:53,18:29:53,403107,10.0,2
MV_A5-Weekday-108500_M11_620,M11,d0,17,18:31:25,18:31:25,903299,29.0,2
MV_A5-Weekday-108500_M11_620,M11,d0,18,18:32:28,18:32:28,403109,31.0,2
MV_A5-Weekday-108500_M11_620,M11,d0,19,18:33:43,18:33:43,403110,30.0,2
MV_A5-Weekday-108500_M11_620,M11,d0,20,18:35:34,18:35:34,403111,27.0,2
MV_A5-Weekday-108500_M11_620,M11,d0,21,18:36:50,18:36:50,403112,27.0,2
MV_A5-Weekday-108500_M11_620,M11,d0,22,18:39:00,18:39:00,405248,27.0,2
MV_A5-Weekday-108500_M11_620,M11,d0,23,18:40:46,18:40:46,403114,24.0,2
MV_A5-Weekday-108500_M11_620,M11,d0,24,18:42:26,18:42:26,403115,24.0,2
MV_A5-Weekday-108500_M11_620,M11,d0,25,18:43:42,18:43:42,403116,24.0,2
MV_A5-Weekday-108500_M11_620,M11,d0,26,18:45:00,18:45:00,405394,13.0,1
MV_A5-Weekday-108500_M11_620,M11,d0,27,18:46:55,18:46:55,403118,13.0,2
MV_A5-Weekday-108500_M11_620,M11,d0,28,18:47:54,18:47:54,403119,24.0,2
MV_A5-Weekday-108500_M11_620,M11,d0,29,18:49:33,18:49:33,404260,24.0,2
MV_A5-Weekday-108500_M11_620,M11,d0,30,18:50:51,18:50:51,403122,22.0,2
MV_A5-Weekday-108500_M11_620,M11,d0,31,18:52:58,18:52:58,404262,8.0,1
MV_A5-Weekday-108500_M11_620,M11,d0,32,18:54:24,18:54:24,403125,2.0,1
MV_A5-Weekday-108500_M11_620,M11,d0,33,18:56:02,18:56:02,403126,3.0,1
MV_A5-Weekday-108500_M11_620,M11,d0,34,18:56:51,18:56:51,403127,7.0,1
MV_A5-Weekday-108500_M11_620,M11,d0,35,18:59:43,18:59:43,401444,7.0,1
MV_A5-Weekday-108500_M11_620,M11,d0,36,19:01:00,19:01:00,903352,7.0,1
MV_A5-Weekday-SDon-110000_M11_633,M11,d0,1,18:20:00,18:20:00,401393,5.0,1
MV_A5-Weekday-SDon-110000_M11_633,M11,d0,2,18:20:49,18:20:49,405120,5.0,1
MV_A5-Weekday-SDon-110000_M11_633,M11,d0,3,18:21:32,18:21:32,405167,8.0,1
MV_A5-Weekday-SDon-110000_M11_633,M11,d0,4,18:22:00,18:22:00,405265,8.0,1
MV_A5-Weekday-SDon-110000_M11_633,M11,d0,5,18:23:15,18:23:15,405152,8.0,1
MV_A5-Weekday-SDon-110000_M11_633,M11,d0,6,18:25:09,18:25:09,405151,15.0,1
MV_A5-Weekday-SDon-110000_M11_633,M11,d0,7,18:26:46,18:26:46,404161,10.0,2
MV_A5-Weekday-SDon-110000_M11_633,M11,d0,8,18:27:49,18:27:49,401398,19.0,2
MV_A5-Weekday-SDon-110000_M11_633,M11,d0,9,18:29:00,18:29:00,403802,25.0,2
MV_A5-Weekday-SDon-110000_M11_633,M11,d0,10,18:30:31,18:30:31,401400,17.0,2
MV_A5-Weekday-SDon-110000_M11_633,M11,d0,11,18:32:00,18:32:00,401401,27.0,2
MV_A5-Weekday-SDon-110000_M11_633,M11,d0,12,18:34:14,18:34:14,401402,29.0,2
MV_A5-Weekday-SDon-110000_M11_633,M11,d0,13,18:36:40,18:36:40,401404,30.0,3
MV_A5-Weekday-SDon-110000_M11_633,M11,d0,14,18:39:20,18:39:20,404279,34.0,3
MV_A5-Weekday-SDon-110000_M11_633,M11,d0,15,18:41:05,18:41:05,405631,29.0,2
MV_A5-Weekday-SDon-110000_M11_633,M11,d0,16,18:43:00,18:43:00,401407,31.0,3
MV_A5-Weekday-SDon-110000_M11_633,M11,d0,17,18:44:41,18:44:41,401408,34.0,3
MV_A5-Weekday-SDon-110000_M11_633,M11,d0,18,18:45:49,18:45:49,401409,38.0,3
MV_A5-Weekday-SDon-110000_M11_633,M11,d0,19,18:46:55,18:46:55,401410,36.0,3
MV_A5-Weekday-SDon-110000_M11_633,M11,d0,20,18:48:49,18:48:49,401411,19.0,2
MV_A5-Weekday-SDon-110000_M11_633,M11,d0,21,18:50:14,18:50:14,401412,27.0,2
MV_A5-Weekday-SDon-110000_M11_633,M11,d0,22,18:51:03,18:51:03,401413,32.0,3
MV_A5-Weekday-SDon-110000_M11_633,M11,d0,23,18:52:33,18:52:33,401414,33.0,3
MV_A5-Weekday-SDon-110000_M11_633,M11,d0,24,18:54:21,18:54:21,401416,31.0,2
MV_A5-Weekday-SDon-110000_M11_633,M11,d0,25,18:55:51,18:55:51,401417,19.0,2
MV_A5-Weekday-SDon-110000_M11_633,M11,d0,26,18:57:00,18:57:00,403472,22.0,2
MV_A5-Weekday-SDon-110000_M11_633,M11,d0,27,18:58:33,18:58:33,403555,20.0,2
MV_A5-Weekday-SDon-110000_M11_633,M11,d0,28,19:01:00,19:01:00,401021,19.0,2
MV_A5-Weekday-SDon-110000_M11_633,M11,d0,29,19:02:10,19:02:10,401022,22.0,2
MV_A5-Weekday-SDon-110000_M11_633,M11,d0,30,19:03:48,19:03:48,401023,18.0,2
MV_A5-Weekday-SDon-110000_M11_633,M11,d0,31,19:04:53,19:04:53,401024,25.0,2
MV_A5-Weekday-SDon-110000_M11_633,M11,d0,32,19:06:08,19:06:08,401025,25.0,2
MV_A5-Weekday-SDon-110000_M11_633,M11,d0,33,19:07:16,19:07:16,401026,23.0,2
MV_A5-Weekday-SDon-110000_M11_633,M11,d0,34,19:09:03,19:09:03,401027,20.0,2
MV_A5-Weekday-SDon-110000_M11_633,M11,d0,35,19:10:25,19:10:25,404320,19.0,2
MV_A5-Weekday-SDon-110000_M11_633,M11,d0,36,19:11:51,19:11:51,401029,19.0,2
MV_A5-Weekday-SDon-110000_M11_633,M11,d0,37,19:12:58,19:12:58,401030,13.0,1
MV_A5-Weekday-SDon-110000_M11_633,M11,d0,38,19:14:44,19:14:44,401031,10.0,1
MV_A5-Weekday-SDon-110000_M11_633,M11,d0,39,19:15:52,19:15:52,401032,13.0,1
MV_A5-Weekday-SDon-110000_M11_633,M11,d0,40,19:17:00,19:17:00,401033,13.0,1
MV_A5-Weekday-SDon-110000_M11_633,M11,d0,41,19:17:47,19:17:47,401034,7.0,1
MV_A5-Weekday-SDon-110000_M11_633,M11,d0,42,19:18:46,19:18:46,401035,11.0,1
MV_A5-Weekday-SDon-110000_M11_633,M11,d0,43,19:19:41,19:19:41,401435,4.0,1
MV_A5-Weekday-SDon-110000_M11_633,M11,d0,44,19:21:00,19:21:00,401436,9.0,1
MV_A5-Weekday-SDon-110000_M11_633,M11,d0,45,19:22:35,19:22:35,401438,11.0,1
MV_A5-Weekday-SDon-110000_M11_633,M11,d0,46,19:23:31,19:23:31,403886,11.0,1
MV_A5-Weekday-SDon-110000_M11_633,M11,d0,47,19:24:37,19:24:37,401440,4.0,1
MV_A5-Weekday-SDon-110000_M11_633,M11,d0,48,19:25:37,19:25:37,401441,9.0,1
MV_A5-Weekday-SDon-110000_M11_633,M11,d0,49,19:26:36,19:26:36,401442,9.0,1
MV_A5-Weekday-SDon-110000_M11_633,M11,d0,50,19:27:49,19:27:49,401443,8.0,1
MV_A5-Weekday-SDon-110000_M11_633,M11,d0,51,19:29:07,19:29:07,403292,7.0,1
MV_A5-Weekday-SDon-110000_M11_633,M11,d0,52,19:29:54,19:29:54,401444,4.0,1
MV_A5-Weekday-SDon-110000_M11_633,M11,d0,53,19:31:00,19:31:00,401446,6.0,1
MV_A5-Weekday-SDon-110000_M11_633,M11,d0,54,19:32:12,19:32:12,401447,5.0,1
MV_A5-Weekday-SDon-110000_M11_633,M11,d0,55,19:34:11,19:34:11,403757,5.0,1
MV_A5-Weekday-SDon-110000_M11_633,M11,d0,56,19:36:00,19:36:00,404011,4.0,1
MV_A5-Weekday-SDon-110000_M11_633,M11,d0,57,19:36:18,19:36:18,404012,2.0,1
MV_A5-Weekday-SDon-110000_M11_633,M11,d0,58,19:36:51,19:36:51,404013,2.0,1
MV_A5-Weekday-SDon-110000_M11_633,M11,d0,59,19:37:08,19:37:08,404056,1.0,1
MV_A5-Weekday-SDon-110000_M11_633,M11,d0,60,19:37:49,19:37:49,404014,2.0,1
MV_A5-Weekday-SDon-110000_M11_633,M11,d0,61,19:38:11,19:38:11,404015,2.0,1
MV_A5-Weekday-SDon-110000_M11_633,M11,d0,62,19:39:00,19:39:00,803194,2.0,1
MV_A5-Weekday-SDon-075500_M11_601,M11,d0,1,12:35:00,12:35:00,405374,7.0,1
MV_A5-Weekday-SDon-075500_M11_601,M11,d0,2,12:36:07,12:36:07,404919,4.0,1
MV_A5-Weekday-SDon-075500_M11_601,M11,d0,3,12:37:23,12:37:23,404872,7.0,1
MV_A5-Weekday-SDon-075500_M11_601,M11,d0,4,12:38:54,12:38:54,404846,7.0,1
MV_A5-Weekday-SDon-075500_M11_601,M11,d0,5,12:40:14,12:40:14,401239,1.0,1
MV_A5-Weekday-SDon-075500_M11_601,M11,d0,6,12:42:00,12:42:00,405393,6.0,1
MV_A5-Weekday-SDon-075500_M11_601,M11,d0,7,12:43:34,12:43:34,903209,6.0,1
MV_A5-Weekday-SDon-075500_M11_601,M11,d0,8,12:44:33,12:44:33,401016,12.0,1
MV_A5-Weekday-SDon-075500_M11_601,M11,d0,9,12:46:00,12:46:00,400747,11.0,1
MV_A5-Weekday-SDon-075500_M11_601,M11,d0,10,12:48:04,12:48:04,403271,11.0,1
MV_A5-Weekday-SDon-075500_M11_601,M11,d0,11,12:50:07,12:50:07,400750,12.0,2
MV_A5-Weekday-SDon-075500_M11_601,M11,d0,12,12:52:56,12:52:56,403103,19.0,2
MV_A5-Weekday-SDon-075500_M11_601,M11,d0,13,12:54:25,12:54:25,403104,11.0,2
MV_A5-Weekday-SDon-075500_M11_601,M11,d0,14,12:55:42,12:55:42,403105,22.0,2
MV_A5-Weekday-SDon-075500_M11_601,M11,d0,15,12:57:00,12:57:00,403106,9.0,2
MV_A5-Weekday-SDon-075500_M11_601,M11,d0,16,12:58:53,12:58:53,403107,26.0,2
MV_A5-Weekday-SDon-075500_M11_601,M11,d0,17,13:00:25,13:00:25,903299,6.0,3
MV_A5-Weekday-SDon-075500_M11_601,M11,d0,18,13:01:28,13:01:28,403109,33.0,3
MV_A5-Weekday-SDon-075500_M11_601,M11,d0,19,13:02:43,13:02:43,403110,10.0,1
MV_A5-Weekday-SDon-075500_M11_601,M11,d0,20,13:04:34,13:04:34,403111,11.0,1
MV_A5-Weekday-SDon-075500_M11_601,M11,d0,21,13:05:50,13:05:50,403112,11.0,1
MV_A5-Weekday-SDon-075500_M11_601,M11,d0,22,13:08:00,13:08:00,405248,11.0,1
MV_A5-Weekday-SDon-075500_M11_601,M11,d0,23,13:09:46,13:09:46,403114,11.0,2
MV_A5-Weekday-SDon-075500_M11_601,M11,d0,24,13:11:26,13:11:26,403115,19.0,2
MV_A5-Weekday-SDon-075500_M11_601,M11,d0,25,13:12:42,13:12:42,403116,19.0,2
MV_A5-Weekday-SDon-075500_M11_601,M11,d0,26,13:14:00,13:14:00,405394,26.0,2
MV_A5-Weekday-SDon-075500_M11_601,M11,d0,27,13:15:55,13:15:55,403118,26.0,2
MV_A5-Weekday-SDon-075500_M11_601,M11,d0,28,13:16:54,13:16:54,403119,19.0,2
MV_A5-Weekday-SDon-075500_M11_601,M11,d0,29,13:18:33,13:18:33,404260,19.0,2
MV_A5-Weekday-SDon-075500_M11_601,M11,d0,30,13:19:51,13:19:51,403122,13.0,1
MV_A5-Weekday-SDon-075500_M11_601,M11,d0,31,13:21:58,13:21:58,404262,9.0,1
MV_A5-Weekday-SDon-075500_M11_601,M11,d0,32,13:23:24,13:23:24,403125,9.0,1
MV_A5-Weekday-SDon-075500_M11_601,M11,d0,33,13:25:02,13:25:02,403126,9.0,1
MV_A5-Weekday-SDon-075500_M11_601,M11,d0,34,13:25:51,13:25:51,403127,9.0,1
MV_A5-Weekday-SDon-075500_M11_601,M11,d0,35,13:28:43,13:28:43,401444,9.0,1
MV_A5-Weekday-SDon-075500_M11_601,M11,d0,36,13:30:00,13:30:00,903352,9.0,1
MV_A5-Weekday-SDon-041700_M11_606,M11,d0,1,6:57:00,6:57:00,401393,4.0,1
MV_A5-Weekday-SDon-041700_M11_606,M11,d0,2,6:57:49,6:57:49,405120,4.0,1
MV_A5-Weekday-SDon-041700_M11_606,M11,d0,3,6:58:32,6:58:32,405167,4.0,1
MV_A5-Weekday-SDon-041700_M11_606,M11,d0,4,6:59:00,6:59:00,405265,4.0,1
MV_A5-Weekday-SDon-041700_M11_606,M11,d0,5,6:59:54,6:59:54,405152,4.0,1
MV_A5-Weekday-SDon-041700_M11_606,M11,d0,6,7:01:15,7:01:15,405151,6.0,1
MV_A5-Weekday-SDon-041700_M11_606,M11,d0,7,7:02:24,7:02:24,404161,5.0,1
MV_A5-Weekday-SDon-041700_M11_606,M11,d0,8,7:03:10,7:03:10,401398,9.0,1
MV_A5-Weekday-SDon-041700_M11_606,M11,d0,9,7:04:00,7:04:00,403802,9.0,1
MV_A5-Weekday-SDon-041700_M11_606,M11,d0,10,7:04:52,7:04:52,401400,9.0,1
MV_A5-Weekday-SDon-041700_M11_606,M11,d0,11,7:05:43,7:05:43,401401,9.0,1
MV_A5-Weekday-SDon-041700_M11_606,M11,d0,12,7:06:59,7:06:59,401402,9.0,2
MV_A5-Weekday-SDon-041700_M11_606,M11,d0,13,7:08:23,7:08:23,401404,18.0,2
MV_A5-Weekday-SDon-041700_M11_606,M11,d0,14,7:09:54,7:09:54,404279,18.0,2
MV_A5-Weekday-SDon-041700_M11_606,M11,d0,15,7:10:54,7:10:54,405631,18.0,2
MV_A5-Weekday-SDon-041700_M11_606,M11,d0,16,7:12:00,7:12:00,401407,18.0,2
MV_A5-Weekday-SDon-041700_M11_606,M11,d0,17,7:13:34,7:13:34,401408,18.0,2
MV_A5-Weekday-SDon-041700_M11_606,M11,d0,18,7:14:37,7:14:37,401409,18.0,2
MV_A5-Weekday-SDon-041700_M11_606,M11,d0,19,7:15:39,7:15:39,401410,18.0,2
MV_A5-Weekday-SDon-041700_M11_606,M11,d0,20,7:17:24,7:17:24,401411,18.0,2
MV_A5-Weekday-SDon-041700_M11_606,M11,d0,21,7:18:43,7:18:43,401412,18.0,2
MV_A5-Weekday-SDon-041700_M11_606,M11,d0,22,7:19:28,7:19:28,401413,18.0,2
MV_A5-Weekday-SDon-041700_M11_606,M11,d0,23,7:20:52,7:20:52,401414,18.0,2
MV_A5-Weekday-SDon-041700_M11_606,M11,d0,24,7:22:32,7:22:32,401416,18.0,2
MV_A5-Weekday-SDon-041700_M11_606,M11,d0,25,7:23:56,7:23:56,401417,18.0,2
MV_A5-Weekday-SDon-041700_M11_606,M11,d0,26,7:25:00,7:25:00,403472,18.0,2
MV_A5-Weekday-SDon-041700_M11_606,M11,d0,27,7:26:10,7:26:10,403555,18.0,2
MV_A5-Weekday-SDon-041700_M11_606,M11,d0,28,7:28:00,7:28:00,401021,18.0,2
MV_A5-Weekday-SDon-041700_M11_606,M11,d0,29,7:29:05,7:29:05,401022,18.0,2
MV_A5-Weekday-SDon-041700_M11_606,M11,d0,30,7:30:37,7:30:37,401023,18.0,2
MV_A5-Weekday-SDon-041700_M11_606,M11,d0,31,7:31:39,7:31:39,401024,18.0,2
MV_A5-Weekday-SDon-041700_M11_606,M11,d0,32,7:32:49,7:32:49,401025,18.0,2
MV_A5-Weekday-SDon-041700_M11_606,M11,d0,33,7:33:53,7:33:53,401026,18.0,2
MV_A5-Weekday-SDon-041700_M11_606,M11,d0,34,7:35:33,7:35:33,401027,18.0,2
MV_A5-Weekday-SDon-041700_M11_606,M11,d0,35,7:36:50,7:36:50,404320,18.0,2
MV_A5-Weekday-SDon-041700_M11_606,M11,d0,36,7:38:10,7:38:10,401029,18.0,2
MV_A5-Weekday-SDon-041700_M11_606,M11,d0,37,7:39:13,7:39:13,401030,18.0,2
MV_A5-Weekday-SDon-041700_M11_606,M11,d0,38,7:40:52,7:40:52,401031,18.0,2
MV_A5-Weekday-SDon-041700_M11_606,M11,d0,39,7:41:56,7:41:56,401032,18.0,2
MV_A5-Weekday-SDon-041700_M11_606,M11,d0,40,7:43:00,7:43:00,401033,18.0,2
MV_A5-Weekday-SDon-041700_M11_606,M11,d0,41,7:43:59,7:43:59,401034,18.0,2
MV_A5-Weekday-SDon-041700_M11_606,M11,d0,42,7:45:13,7:45:13,401035,22.0,2
MV_A5-Weekday-SDon-041700_M11_606,M11,d0,43,7:46:22,7:46:22,401435,22.0,2
MV_A5-Weekday-SDon-041700_M11_606,M11,d0,44,7:48:00,7:48:00,401436,24.0,2
MV_A5-Weekday-SDon-041700_M11_606,M11,d0,45,7:49:45,7:49:45,401438,24.0,2
MV_A5-Weekday-SDon-041700_M11_606,M11,d0,46,7:50:46,7:50:46,403886,24.0,2
MV_A5-Weekday-SDon-041700_M11_606,M11,d0,47,7:51:58,7:51:58,401440,24.0,2
MV_A5-Weekday-SDon-041700_M11_606,M11,d0,48,7:53:04,7:53:04,401441,4.0,1
MV_A5-Weekday-SDon-041700_M11_606,M11,d0,49,7:54:09,7:54:09,401442,11.0,1
MV_A5-Weekday-SDon-041700_M11_606,M11,d0,50,7:55:30,7:55:30,401443,11.0,1
MV_A5-Weekday-SDon-041700_M11_606,M11,d0,51,7:56:56,7:56:56,403292,4.0,1
MV_A5-Weekday-SDon-041700_M11_606,M11,d0,52,7:57:48,7:57:48,401444,4.0,1
MV_A5-Weekday-SDon-041700_M11_606,M11,d0,53,7:59:00,7:59:00,401446,4.0,1
MV_A5-Weekday-SDon-041700_M11_606,M11,d0,54,8:00:12,8:00:12,401447,3.0,1
MV_A5-Weekday-SDon-041700_M11_606,M11,d0,55,8:02:11,8:02:11,403757,3.0,1
MV_A5-Weekday-SDon-041700_M11_606,M11,d0,56,8:04:00,8:04:00,404011,3.0,1
MV_A5-Weekday-SDon-041700_M11_606,M11,d0,57,8:04:12,8:04:12,404012,3.0,1
MV_A5-Weekday-SDon-041700_M11_606,M11,d0,58,8:04:34,8:04:34,404013,3.0,1
MV_A5-Weekday-SDon-041700_M11_606,M11,d0,59,8:04:45,8:04:45,404056,3.0,1
MV_A5-Weekday-SDon-041700_M11_606,M11,d0,60,8:05:13,8:05:13,404014,3.0,1
MV_A5-Weekday-SDon-041700_M11_606,M11,d0,61,8:05:27,8:05:27,404015,3.0,1
MV_A5-Weekday-SDon-041700_M11_606,M11,d0,62,8:06:00,8:06:00,803194,3.0,1
MV_A5-Weekday-SDon-046700_M11_611,M11,d0,1,7:47:00,7:47:00,401393,6.0,1
MV_A5-Weekday-SDon-046700_M11_611,M11,d0,2,7:47:49,7:47:49,405120,6.0,1
MV_A5-Weekday-SDon-046700_M11_611,M11,d0,3,7:48:32,7:48:32,405167,6.0,1
MV_A5-Weekday-SDon-046700_M11_611,M11,d0,4,7:49:00,7:49:00,405265,6.0,1
MV_A5-Weekday-SDon-046700_M11_611,M11,d0,5,7:50:04,7:50:04,405152,6.0,1
MV_A5-Weekday-SDon-046700_M11_611,M11,d0,6,7:51:42,7:51:42,405151,6.0,1
MV_A5-Weekday-SDon-046700_M11_611,M11,d0,7,7:53:05,7:53:05,404161,12.0,1
MV_A5-Weekday-SDon-046700_M11_611,M11,d0,8,7:53:59,7:53:59,401398,12.0,1
MV_A5-Weekday-SDon-046700_M11_611,M11,d0,9,7:55:00,7:55:00,403802,12.0,1
MV_A5-Weekday-SDon-046700_M11_611,M11,d0,10,7:56:25,7:56:25,401400,8.0,2
MV_A5-Weekday-SDon-046700_M11_611,M11,d0,11,7:57:47,7:57:47,401401,27.0,2
MV_A5-Weekday-SDon-046700_M11_611,M11,d0,12,7:59:51,7:59:51,401402,27.0,2
MV_A5-Weekday-SDon-046700_M11_611,M11,d0,13,8:02:07,8:02:07,401404,27.0,2
MV_A5-Weekday-SDon-046700_M11_611,M11,d0,14,8:04:35,8:04:35,404279,24.0,3
MV_A5-Weekday-SDon-046700_M11_611,M11,d0,15,8:06:13,8:06:13,405631,36.0,3
MV_A5-Weekday-SDon-046700_M11_611,M11,d0,16,8:08:00,8:08:00,401407,36.0,3
MV_A5-Weekday-SDon-046700_M11_611,M11,d0,17,8:09:41,8:09:41,401408,36.0,3
MV_A5-Weekday-SDon-046700_M11_611,M11,d0,18,8:10:49,8:10:49,401409,34.0,3
MV_A5-Weekday-SDon-046700_M11_611,M11,d0,19,8:11:55,8:11:55,401410,32.0,3
MV_A5-Weekday-SDon-046700_M11_611,M11,d0,20,8:13:49,8:13:49,401411,35.0,3
MV_A5-Weekday-SDon-046700_M11_611,M11,d0,21,8:15:14,8:15:14,401412,31.0,2
MV_A5-Weekday-SDon-046700_M11_611,M11,d0,22,8:16:03,8:16:03,401413,31.0,2
MV_A5-Weekday-SDon-046700_M11_611,M11,d0,23,8:17:33,8:17:33,401414,31.0,2
MV_A5-Weekday-SDon-046700_M11_611,M11,d0,24,8:19:21,8:19:21,401416,31.0,2
MV_A5-Weekday-SDon-046700_M11_611,M11,d0,25,8:20:51,8:20:51,401417,31.0,2
MV_A5-Weekday-SDon-046700_M11_611,M11,d0,26,8:22:00,8:22:00,403472,31.0,2
MV_A5-Weekday-SDon-046700_M11_611,M11,d0,27,8:23:10,8:23:10,403555,31.0,2
MV_A5-Weekday-SDon-046700_M11_611,M11,d0,28,8:25:00,8:25:00,401021,23.0,2
MV_A5-Weekday-SDon-046700_M11_611,M11,d0,29,8:26:10,8:26:10,401022,29.0,2
MV_A5-Weekday-SDon-046700_M11_611,M11,d0,30,8:27:48,8:27:48,401023,29.0,2
MV_A5-Weekday-SDon-046700_M11_611,M11,d0,31,8:28:53,8:28:53,401024,25.0,2
MV_A5-Weekday-SDon-046700_M11_611,M11,d0,32,8:30:08,8:30:08,401025,32.0,2
MV_A5-Weekday-SDon-046700_M11_611,M11,d0,33,8:31:16,8:31:16,401026,28.0,2
MV_A5-Weekday-SDon-046700_M11_611,M11,d0,34,8:33:03,8:33:03,401027,27.0,2
MV_A5-Weekday-SDon-046700_M11_611,M11,d0,35,8:34:25,8:34:25,404320,13.0,2
MV_A5-Weekday-SDon-046700_M11_611,M11,d0,36,8:35:51,8:35:51,401029,26.0,2
MV_A5-Weekday-SDon-046700_M11_611,M11,d0,37,8:36:58,8:36:58,401030,17.0,2
MV_A5-Weekday-SDon-046700_M11_611,M11,d0,38,8:38:44,8:38:44,401031,17.0,2
MV_A5-Weekday-SDon-046700_M11_611,M11,d0,39,8:39:52,8:39:52,401032,16.0,2
MV_A5-Weekday-SDon-046700_M11_611,M11,d0,40,8:41:00,8:41:00,401033,17.0,2
MV_A5-Weekday-SDon-046700_M11_611,M11,d0,41,8:41:59,8:41:59,401034,17.0,2
MV_A5-Weekday-SDon-046700_M11_611,M11,d0,42,8:43:13,8:43:13,401035,14.0,1
MV_A5-Weekday-SDon-046700_M11_611,M11,d0,43,8:44:22,8:44:22,401435,13.0,1
MV_A5-Weekday-SDon-046700_M11_611,M11,d0,44,8:46:00,8:46:00,401436,14.0,1
MV_A5-Weekday-SDon-046700_M11_611,M11,d0,45,8:47:45,8:47:45,401438,12.0,1
MV_A5-Weekday-SDon-046700_M11_611,M11,d0,46,8:48:46,8:48:46,403886,10.0,1
MV_A5-Weekday-SDon-046700_M11_611,M11,d0,47,8:49:58,8:49:58,401440,10.0,1
MV_A5-Weekday-SDon-046700_M11_611,M11,d0,48,8:51:04,8:51:04,401441,8.0,1
MV_A5-Weekday-SDon-046700_M11_611,M11,d0,49,8:52:09,8:52:09,401442,2.0,1
MV_A5-Weekday-SDon-046700_M11_611,M11,d0,50,8:53:30,8:53:30,401443,2.0,1
MV_A5-Weekday-SDon-046700_M11_611,M11,d0,51,8:54:56,8:54:56,403292,3.0,1
MV_A5-Weekday-SDon-046700_M11_611,M11,d0,52,8:55:48,8:55:48,401444,1.0,1
MV_A5-Weekday-SDon-046700_M11_611,M11,d0,53,8:57:00,8:57:00,401446,2.0,1
MV_A5-Weekday-SDon-046700_M11_611,M11,d0,54,8:58:12,8:58:12,401447,7.0,1
MV_A5-Weekday-SDon-046700_M11_611,M11,d0,55,9:00:11,9:00:11,403757,7.0,1
MV_A5-Weekday-SDon-046700_M11_611,M11,d0,56,9:02:00,9:02:00,404011,7.0,1
MV_A5-Weekday-SDon-046700_M11_611,M11,d0,57,9:02:12,9:02:12,404012,1.0,1
MV_A5-Weekday-SDon-046700_M11_611,M11,d0,58,9:02:34,9:02:34,404013,7.0,1
MV_A5-Weekday-SDon-046700_M11_611,M11,d0,59,9:02:45,9:02:45,404056,7.0,1
MV_A5-Weekday-SDon-046700_M11_611,M11,d0,60,9:03:13,9:03:13,404014,7.0,1
MV_A5-Weekday-SDon-046700_M11_611,M11,d0,61,9:03:27,9:03:27,404015,7.0,1
MV_A5-Weekday-SDon-046700_M11_611,M11,d0,62,9:04:00,9:04:00,803194,7.0,1
MV_A5-Weekday-122000_M11_627,M11,d0,1,20:20:00,20:20:00,401393,2.0,1
MV_A5-Weekday-122000_M11_627,M11,d0,2,20:20:49,20:20:49,405120,2.0,1
MV_A5-Weekday-122000_M11_627,M11,d0,3,20:21:32,20:21:32,405167,2.0,1
MV_A5-Weekday-122000_M11_627,M11,d0,4,20:22:00,20:22:00,405265,3.0,1
MV_A5-Weekday-122000_M11_627,M11,d0,5,20:23:04,20:23:04,405152,5.0,1
MV_A5-Weekday-122000_M11_627,M11,d0,6,20:24:42,20:24:42,405151,8.0,1
MV_A5-Weekday-122000_M11_627,M11,d0,7,20:26:05,20:26:05,404161,9.0,1
MV_A5-Weekday-122000_M11_627,M11,d0,8,20:26:59,20:26:59,401398,9.0,1
MV_A5-Weekday-122000_M11_627,M11,d0,9,20:28:00,20:28:00,403802,15.0,1
MV_A5-Weekday-122000_M11_627,M11,d0,10,20:28:52,20:28:52,401400,10.0,1
MV_A5-Weekday-122000_M11_627,M11,d0,11,20:29:43,20:29:43,401401,15.0,2
MV_A5-Weekday-122000_M11_627,M11,d0,12,20:30:59,20:30:59,401402,18.0,2
MV_A5-Weekday-122000_M11_627,M11,d0,13,20:32:23,20:32:23,401404,22.0,2
MV_A5-Weekday-122000_M11_627,M11,d0,14,20:33:54,20:33:54,404279,28.0,2
MV_A5-Weekday-122000_M11_627,M11,d0,15,20:34:54,20:34:54,405631,26.0,2
MV_A5-Weekday-122000_M11_627,M11,d0,16,20:36:00,20:36:00,401407,27.0,2
MV_A5-Weekday-122000_M11_627,M11,d0,17,20:37:19,20:37:19,401408,27.0,2
MV_A5-Weekday-122000_M11_627,M11,d0,18,20:38:13,20:38:13,401409,15.0,2
MV_A5-Weekday-122000_M11_627,M11,d0,19,20:39:05,20:39:05,401410,23.0,2
MV_A5-Weekday-122000_M11_627,M11,d0,20,20:40:35,20:40:35,401411,24.0,2
MV_A5-Weekday-122000_M11_627,M11,d0,21,20:41:41,20:41:41,401412,24.0,2
MV_A5-Weekday-122000_M11_627,M11,d0,22,20:42:19,20:42:19,401413,21.0,2
MV_A5-Weekday-122000_M11_627,M11,d0,23,20:43:31,20:43:31,401414,18.0,2
MV_A5-Weekday-122000_M11_627,M11,d0,24,20:44:55,20:44:55,401416,19.0,2
MV_A5-Weekday-122000_M11_627,M11,d0,25,20:46:06,20:46:06,401417,18.0,2
MV_A5-Weekday-122000_M11_627,M11,d0,26,20:47:00,20:47:00,403472,20.0,2
MV_A5-Weekday-122000_M11_627,M11,d0,27,20:48:10,20:48:10,403555,18.0,2
MV_A5-Weekday-122000_M11_627,M11,d0,28,20:50:00,20:50:00,401021,15.0,2
MV_A5-Weekday-122000_M11_627,M11,d0,29,20:51:01,20:51:01,401022,19.0,2
MV_A5-Weekday-122000_M11_627,M11,d0,30,20:52:27,20:52:27,401023,18.0,2
MV_A5-Weekday-122000_M11_627,M11,d0,31,20:53:24,20:53:24,401024,19.0,2
MV_A5-Weekday-122000_M11_627,M11,d0,32,20:54:30,20:54:30,401025,16.0,2
MV_A5-Weekday-122000_M11_627,M11,d0,33,20:55:29,20:55:29,401026,19.0,2
MV_A5-Weekday-122000_M11_627,M11,d0,34,20:57:03,20:57:03,401027,21.0,2
MV_A5-Weekday-122000_M11_627,M11,d0,35,20:58:15,20:58:15,404320,25.0,2
MV_A5-Weekday-122000_M11_627,M11,d0,36,20:59:29,20:59:29,401029,11.0,2
MV_A5-Weekday-122000_M11_627,M11,d0,37,21:00:28,21:00:28,401030,26.0,3
MV_A5-Weekday-122000_M11_627,M11,d0,38,21:02:01,21:02:01,401031,36.0,3
MV_A5-Weekday-122000_M11_627,M11,d0,39,21:03:01,21:03:01,401032,8.0,3
MV_A5-Weekday-122000_M11_627,M11,d0,40,21:04:00,21:04:00,401033,35.0,3
MV_A5-Weekday-122000_M11_627,M11,d0,41,21:04:47,21:04:47,401034,35.0,3
MV_A5-Weekday-122000_M11_627,M11,d0,42,21:05:46,21:05:46,401035,32.0,2
MV_A5-Weekday-122000_M11_627,M11,d0,43,21:06:41,21:06:41,401435,29.0,2
MV_A5-Weekday-122000_M11_627,M11,d0,44,21:08:00,21:08:00,401436,30.0,2
MV_A5-Weekday-122000_M11_627,M11,d0,45,21:09:26,21:09:26,401438,28.0,2
MV_A5-Weekday-122000_M11_627,M11,d0,46,21:10:16,21:10:16,403886,17.0,2
MV_A5-Weekday-122000_M11_627,M11,d0,47,21:11:15,21:11:15,401440,23.0,2
MV_A5-Weekday-122000_M11_627,M11,d0,48,21:12:09,21:12:09,401441,13.0,2
MV_A5-Weekday-122000_M11_627,M11,d0,49,21:13:02,21:13:02,401442,20.0,2
MV_A5-Weekday-122000_M11_627,M11,d0,50,21:14:08,21:14:08,401443,11.0,1
MV_A5-Weekday-122000_M11_627,M11,d0,51,21:15:18,21:15:18,403292,8.0,1
MV_A5-Weekday-122000_M11_627,M11,d0,52,21:16:01,21:16:01,401444,4.0,1
MV_A5-Weekday-122000_M11_627,M11,d0,53,21:17:00,21:17:00,401446,14.0,1
MV_A5-Weekday-122000_M11_627,M11,d0,54,21:17:58,21:17:58,401447,12.0,1
MV_A5-Weekday-122000_M11_627,M11,d0,55,21:19:33,21:19:33,403757,12.0,1
MV_A5-Weekday-122000_M11_627,M11,d0,56,21:21:00,21:21:00,404011,2.0,1
MV_A5-Weekday-122000_M11_627,M11,d0,57,21:21:18,21:21:18,404012,11.0,1
MV_A5-Weekday-122000_M11_627,M11,d0,58,21:21:51,21:21:51,404013,3.0,1
MV_A5-Weekday-122000_M11_627,M11,d0,59,21:22:08,21:22:08,404056,11.0,1
MV_A5-Weekday-122000_M11_627,M11,d0,60,21:22:49,21:22:49,404014,1.0,1
MV_A5-Weekday-122000_M11_627,M11,d0,61,21:23:11,21:23:11,404015,1.0,1
MV_A5-Weekday-122000_M11_627,M11,d0,62,21:24:00,21:24:00,803194,1.0,1
MV_A5-Weekday-SDon-067300_M11_620,M11,d0,1,11:13:00,11:13:00,401393,2.0,1
MV_A5-Weekday-SDon-067300_M11_620,M11,d0,2,11:13:49,11:13:49,405120,2.0,1
MV_A5-Weekday-SDon-067300_M11_620,M11,d0,3,11:14:32,11:14:32,405167,2.0,1
MV_A5-Weekday-SDon-067300_M11_620,M11,d0,4,11:15:00,11:15:00,405265,2.0,1
MV_A5-Weekday-SDon-067300_M11_620,M11,d0,5,11:16:15,11:16:15,405152,3.0,1
MV_A5-Weekday-SDon-067300_M11_620,M11,d0,6,11:18:09,11:18:09,405151,6.0,1
MV_A5-Weekday-SDon-067300_M11_620,M11,d0,7,11:19:46,11:19:46,404161,6.0,1
MV_A5-Weekday-SDon-067300_M11_620,M11,d0,8,11:20:49,11:20:49,401398,2.0,1
MV_A5-Weekday-SDon-067300_M11_620,M11,d0,9,11:22:00,11:22:00,403802,15.0,1
MV_A5-Weekday-SDon-067300_M11_620,M11,d0,10,11:23:25,11:23:25,401400,16.0,2
MV_A5-Weekday-SDon-067300_M11_620,M11,d0,11,11:24:47,11:24:47,401401,21.0,2
MV_A5-Weekday-SDon-067300_M11_620,M11,d0,12,11:26:51,11:26:51,401402,20.0,2
MV_A5-Weekday-SDon-067300_M11_620,M11,d0,13,11:29:07,11:29:07,401404,25.0,2
MV_A5-Weekday-SDon-067300_M11_620,M11,d0,14,11:31:35,11:31:35,404279,26.0,2
MV_A5-Weekday-SDon-067300_M11_620,M11,d0,15,11:33:13,11:33:13,405631,23.0,3
MV_A5-Weekday-SDon-067300_M11_620,M11,d0,16,11:35:00,11:35:00,401407,35.0,3
MV_A5-Weekday-SDon-067300_M11_620,M11,d0,17,11:36:48,11:36:48,401408,34.0,3
MV_A5-Weekday-SDon-067300_M11_620,M11,d0,18,11:38:01,11:38:01,401409,35.0,3
MV_A5-Weekday-SDon-067300_M11_620,M11,d0,19,11:39:12,11:39:12,401410,30.0,2
MV_A5-Weekday-SDon-067300_M11_620,M11,d0,20,11:41:14,11:41:14,401411,29.0,3
MV_A5-Weekday-SDon-067300_M11_620,M11,d0,21,11:42:45,11:42:45,401412,38.0,3
MV_A5-Weekday-SDon-067300_M11_620,M11,d0,22,11:43:37,11:43:37,401413,38.0,3
MV_A5-Weekday-SDon-067300_M11_620,M11,d0,23,11:45:14,11:45:14,401414,28.0,2
MV_A5-Weekday-SDon-067300_M11_620,M11,d0,24,11:47:09,11:47:09,401416,30.0,2
MV_A5-Weekday-SDon-067300_M11_620,M11,d0,25,11:48:46,11:48:46,401417,23.0,2
MV_A5-Weekday-SDon-067300_M11_620,M11,d0,26,11:50:00,11:50:00,403472,25.0,2
MV_A5-Weekday-SDon-067300_M11_620,M11,d0,27,11:51:33,11:51:33,403555,23.0,2
MV_A5-Weekday-SDon-067300_M11_620,M11,d0,28,11:54:00,11:54:00,401021,22.0,2
MV_A5-Weekday-SDon-067300_M11_620,M11,d0,29,11:55:14,11:55:14,401022,9.0,2
MV_A5-Weekday-SDon-067300_M11_620,M11,d0,30,11:56:58,11:56:58,401023,24.0,2
MV_A5-Weekday-SDon-067300_M11_620,M11,d0,31,11:58:08,11:58:08,401024,7.0,2
MV_A5-Weekday-SDon-067300_M11_620,M11,d0,32,11:59:28,11:59:28,401025,22.0,2
MV_A5-Weekday-SDon-067300_M11_620,M11,d0,33,12:00:40,12:00:40,401026,24.0,2
MV_A5-Weekday-SDon-067300_M11_620,M11,d0,34,12:02:33,12:02:33,401027,17.0,2
MV_A5-Weekday-SDon-067300_M11_620,M11,d0,35,12:04:01,12:04:01,404320,17.0,2
MV_A5-Weekday-SDon-067300_M11_620,M11,d0,36,12:05:31,12:05:31,401029,16.0,1
MV_A5-Weekday-SDon-067300_M11_620,M11,d0,37,12:06:43,12:06:43,401030,16.0,2
MV_A5-Weekday-SDon-067300_M11_620,M11,d0,38,12:08:35,12:08:35,401031,24.0,2
MV_A5-Weekday-SDon-067300_M11_620,M11,d0,39,12:09:48,12:09:48,401032,24.0,2
MV_A5-Weekday-SDon-067300_M11_620,M11,d0,40,12:11:00,12:11:00,401033,29.0,2
MV_A5-Weekday-SDon-067300_M11_620,M11,d0,41,12:11:59,12:11:59,401034,21.0,2
MV_A5-Weekday-SDon-067300_M11_620,M11,d0,42,12:13:13,12:13:13,401035,29.0,2
MV_A5-Weekday-SDon-067300_M11_620,M11,d0,43,12:14:22,12:14:22,401435,31.0,2
MV_A5-Weekday-SDon-067300_M11_620,M11,d0,44,12:16:00,12:16:00,401436,25.0,2
MV_A5-Weekday-SDon-067300_M11_620,M11,d0,45,12:18:04,12:18:04,401438,23.0,2
MV_A5-Weekday-SDon-067300_M11_620,M11,d0,46,12:19:17,12:19:17,403886,21.0,2
MV_A5-Weekday-SDon-067300_M11_620,M11,d0,47,12:20:42,12:20:42,401440,19.0,2
MV_A5-Weekday-SDon-067300_M11_620,M11,d0,48,12:21:59,12:21:59,401441,21.0,2
MV_A5-Weekday-SDon-067300_M11_620,M11,d0,49,12:23:16,12:23:16,401442,21.0,2
MV_A5-Weekday-SDon-067300_M11_620,M11,d0,50,12:24:52,12:24:52,401443,16.0,1
MV_A5-Weekday-SDon-067300_M11_620,M11,d0,51,12:26:33,12:26:33,403292,9.0,2
MV_A5-Weekday-SDon-067300_M11_620,M11,d0,52,12:27:35,12:27:35,401444,19.0,2
MV_A5-Weekday-SDon-067300_M11_620,M11,d0,53,12:29:00,12:29:00,401446,20.0,2
MV_A5-Weekday-SDon-067300_M11_620,M11,d0,54,12:30:12,12:30:12,401447,17.0,2
MV_A5-Weekday-SDon-067300_M11_620,M11,d0,55,12:32:11,12:32:11,403757,6.0,1
MV_A5-Weekday-SDon-067300_M11_620,M11,d0,56,12:34:00,12:34:00,404011,6.0,1
MV_A5-Weekday-SDon-067300_M11_620,M11,d0,57,12:34:18,12:34:18,404012,5.0,1
MV_A5-Weekday-SDon-067300_M11_620,M11,d0,58,12:34:51,12:34:51,404013,6.0,1
MV_A5-Weekday-SDon-067300_M11_620,M11,d0,59,12:35:08,12:35:08,404056,6.0,1
MV_A5-Weekday-SDon-067300_M11_620,M11,d0,60,12:35:49,12:35:49,404014,6.0,1
MV_A5-Weekday-SDon-067300_M11_620,M11,d0,61,12:36:11,12:36:11,404015,3.0,1
MV_A5-Weekday-SDon-067300_M11_620,M11,d0,62,12:37:00,12:37:00,803194,3.0,1
MV_A5-Weekday-SDon-055700_M11_602,M11,d0,1,9:17:00,9:17:00,401393,2.0,1
MV_A5-Weekday-SDon-055700_M11_602,M11,d0,2,9:17:49,9:17:49,405120,4.0,1
MV_A5-Weekday-SDon-055700_M11_602,M11,d0,3,9:18:32,9:18:32,405167,4.0,1
MV_A5-Weekday-SDon-055700_M11_602,M11,d0,4,9:19:00,9:19:00,405265,1.0,1
MV_A5-Weekday-SDon-055700_M11_602,M11,d0,5,9:20:04,9:20:04,405152,4.0,1
MV_A5-Weekday-SDon-055700_M11_602,M11,d0,6,9:21:42,9:21:42,405151,1.0,1
MV_A5-Weekday-SDon-055700_M11_602,M11,d0,7,9:23:05,9:23:05,404161,4.0,1
MV_A5-Weekday-SDon-055700_M11_602,M11,d0,8,9:23:59,9:23:59,401398,4.0,1
MV_A5-Weekday-SDon-055700_M11_602,M11,d0,9,9:25:00,9:25:00,403802,1.0,1
MV_A5-Weekday-SDon-055700_M11_602,M11,d0,10,9:26:25,9:26:25,401400,5.0,1
MV_A5-Weekday-SDon-055700_M11_602,M11,d0,11,9:27:47,9:27:47,401401,5.0,1
MV_A5-Weekday-SDon-055700_M11_602,M11,d0,12,9:29:51,9:29:51,401402,3.0,1
MV_A5-Weekday-SDon-055700_M11_602,M11,d0,13,9:32:07,9:32:07,401404,4.0,1
MV_A5-Weekday-SDon-055700_M11_602,M11,d0,14,9:34:35,9:34:35,404279,4.0,1
MV_A5-Weekday-SDon-055700_M11_602,M11,d0,15,9:36:13,9:36:13,405631,4.0,1
MV_A5-Weekday-SDon-055700_M11_602,M11,d0,16,9:38:00,9:38:00,401407,6.0,1
MV_A5-Weekday-SDon-055700_M11_602,M11,d0,17,9:39:41,9:39:41,401408,11.0,1
MV_A5-Weekday-SDon-055700_M11_602,M11,d0,18,9:40:49,9:40:49,401409,12.0,1
MV_A5-Weekday-SDon-055700_M11_602,M11,d0,19,9:41:55,9:41:55,401410,12.0,1
MV_A5-Weekday-SDon-055700_M11_602,M11,d0,20,9:43:49,9:43:49,401411,12.0,1
MV_A5-Weekday-SDon-055700_M11_602,M11,d0,21,9:45:14,9:45:14,401412,14.0,1
MV_A5-Weekday-SDon-055700_M11_602,M11,d0,22,9:46:03,9:46:03,401413,5.0,1
MV_A5-Weekday-SDon-055700_M11_602,M11,d0,23,9:47:33,9:47:33,401414,6.0,1
MV_A5-Weekday-SDon-055700_M11_602,M11,d0,24,9:49:21,9:49:21,401416,12.0,1
MV_A5-Weekday-SDon-055700_M11_602,M11,d0,25,9:50:51,9:50:51,401417,12.0,1
MV_A5-Weekday-SDon-055700_M11_602,M11,d0,26,9:52:00,9:52:00,403472,8.0,1
MV_A5-Weekday-SDon-055700_M11_602,M11,d0,27,9:53:10,9:53:10,403555,12.0,1
MV_A5-Weekday-SDon-055700_M11_602,M11,d0,28,9:55:00,9:55:00,401021,9.0,1
MV_A5-Weekday-SDon-055700_M11_602,M11,d0,29,9:56:10,9:56:10,401022,11.0,1
MV_A5-Weekday-SDon-055700_M11_602,M11,d0,30,9:57:48,9:57:48,401023,11.0,1
MV_A5-Weekday-SDon-055700_M11_602,M11,d0,31,9:58:53,9:58:53,401024,12.0,1
MV_A5-Weekday-SDon-055700_M11_602,M11,d0,32,10:00:08,10:00:08,401025,12.0,1
MV_A5-Weekday-SDon-055700_M11_602,M11,d0,33,10:01:16,10:01:16,401026,12.0,1
MV_A5-Weekday-SDon-055700_M11_602,M11,d0,34,10:03:03,10:03:03,401027,12.0,1
MV_A5-Weekday-SDon-055700_M11_602,M11,d0,35,10:04:25,10:04:25,404320,12.0,1
MV_A5-Weekday-SDon-055700_M11_602,M11,d0,36,10:05:51,10:05:51,401029,1.0,1
MV_A5-Weekday-SDon-055700_M11_602,M11,d0,37,10:06:58,10:06:58,401030,12.0,1
MV_A5-Weekday-SDon-055700_M11_602,M11,d0,38,10:08:44,10:08:44,401031,9.0,1
MV_A5-Weekday-SDon-055700_M11_602,M11,d0,39,10:09:52,10:09:52,401032,12.0,1
MV_A5-Weekday-SDon-055700_M11_602,M11,d0,40,10:11:00,10:11:00,401033,13.0,1
MV_A5-Weekday-SDon-055700_M11_602,M11,d0,41,10:11:59,10:11:59,401034,13.0,1
MV_A5-Weekday-SDon-055700_M11_602,M11,d0,42,10:13:13,10:13:13,401035,1.0,1
MV_A5-Weekday-SDon-055700_M11_602,M11,d0,43,10:14:22,10:14:22,401435,14.0,1
MV_A5-Weekday-SDon-055700_M11_602,M11,d0,44,10:16:00,10:16:00,401436,16.0,1
MV_A5-Weekday-SDon-055700_M11_602,M11,d0,45,10:17:45,10:17:45,401438,15.0,1
MV_A5-Weekday-SDon-055700_M11_602,M11,d0,46,10:18:46,10:18:46,403886,13.0,1
MV_A5-Weekday-SDon-055700_M11_602,M11,d0,47,10:19:58,10:19:58,401440,15.0,1
MV_A5-Weekday-SDon-055700_M11_602,M11,d0,48,10:21:04,10:21:04,401441,15.0,1
MV_A5-Weekday-SDon-055700_M11_602,M11,d0,49,10:22:09,10:22:09,401442,12.0,1
MV_A5-Weekday-SDon-055700_M11_602,M11,d0,50,10:23:30,10:23:30,401443,11.0,1
MV_A5-Weekday-SDon-055700_M11_602,M11,d0,51,10:24:56,10:24:56,403292,12.0,1
MV_A5-Weekday-SDon-055700_M11_602,M11,d0,52,10:25:48,10:25:48,401444,12.0,1
MV_A5-Weekday-SDon-055700_M11_602,M11,d0,53,10:27:00,10:27:00,401446,12.0,1
MV_A5-Weekday-SDon-055700_M11_602,M11,d0,54,10:28:12,10:28:12,401447,7.0,1
MV_A5-Weekday-SDon-055700_M11_602,M11,d0,55,10:30:11,10:30:11,403757,3.0,1
MV_A5-Weekday-SDon-055700_M11_602,M11,d0,56,10:32:00,10:32:00,404011,3.0,1
MV_A5-Weekday-SDon-055700_M11_602,M11,d0,57,10:32:12,10:32:12,404012,2.0,1
MV_A5-Weekday-SDon-055700_M11_602,M11,d0,58,10:32:34,10:32:34,404013,2.0,1
MV_A5-Weekday-SDon-055700_M11_602,M11,d0,59,10:32:45,10:32:45,404056,2.0,1
MV_A5-Weekday-SDon-055700_M11_602,M11,d0,60,10:33:13,10:33:13,404014,2.0,1
MV_A5-Weekday-SDon-055700_M11_602,M11,d0,61,10:33:27,10:33:27,404015,1.0,1
MV_A5-Weekday-SDon-055700_M11_602,M11,d0,62,10:34:00,10:34:00,803194,1.0,1
MV_A5-Weekday-SDon-101300_M11_630,M11,d0,1,16:53:00,16:53:00,401393,19.0,2
MV_A5-Weekday-SDon-101300_M11_630,M11,d0,2,16:53:49,16:53:49,405120,19.0,2
MV_A5-Weekday-SDon-101300_M11_630,M11,d0,3,16:54:32,16:54:32,405167,19.0,2
MV_A5-Weekday-SDon-101300_M11_630,M11,d0,4,16:55:00,16:55:00,405265,19.0,2
MV_A5-Weekday-SDon-101300_M11_630,M11,d0,5,16:56:26,16:56:26,405152,19.0,2
MV_A5-Weekday-SDon-101300_M11_630,M11,d0,6,16:58:36,16:58:36,405151,19.0,2
MV_A5-Weekday-SDon-101300_M11_630,M11,d0,7,17:00:26,17:00:26,404161,20.0,2
MV_A5-Weekday-SDon-101300_M11_630,M11,d0,8,17:01:39,17:01:39,401398,24.0,2
MV_A5-Weekday-SDon-101300_M11_630,M11,d0,9,17:03:00,17:03:00,403802,19.0,3
MV_A5-Weekday-SDon-101300_M11_630,M11,d0,10,17:04:44,17:04:44,401400,41.0,3
MV_A5-Weekday-SDon-101300_M11_630,M11,d0,11,17:06:25,17:06:25,401401,22.0,2
MV_A5-Weekday-SDon-101300_M11_630,M11,d0,12,17:08:58,17:08:58,401402,26.0,3
MV_A5-Weekday-SDon-101300_M11_630,M11,d0,13,17:11:46,17:11:46,401404,48.0,3
MV_A5-Weekday-SDon-101300_M11_630,M11,d0,14,17:14:48,17:14:48,404279,48.0,3
MV_A5-Weekday-SDon-101300_M11_630,M11,d0,15,17:16:48,17:16:48,405631,45.0,3
MV_A5-Weekday-SDon-101300_M11_630,M11,d0,16,17:19:00,17:19:00,401407,46.0,3
MV_A5-Weekday-SDon-101300_M11_630,M11,d0,17,17:20:41,17:20:41,401408,46.0,3
MV_A5-Weekday-SDon-101300_M11_630,M11,d0,18,17:21:49,17:21:49,401409,40.0,3
MV_A5-Weekday-SDon-101300_M11_630,M11,d0,19,17:22:55,17:22:55,401410,44.0,3
MV_A5-Weekday-SDon-101300_M11_630,M11,d0,20,17:24:49,17:24:49,401411,39.0,3
MV_A5-Weekday-SDon-101300_M11_630,M11,d0,21,17:26:14,17:26:14,401412,39.0,3
MV_A5-Weekday-SDon-101300_M11_630,M11,d0,22,17:27:03,17:27:03,401413,33.0,3
MV_A5-Weekday-SDon-101300_M11_630,M11,d0,23,17:28:33,17:28:33,401414,33.0,3
MV_A5-Weekday-SDon-101300_M11_630,M11,d0,24,17:30:21,17:30:21,401416,27.0,2
MV_A5-Weekday-SDon-101300_M11_630,M11,d0,25,17:31:51,17:31:51,401417,26.0,2
MV_A5-Weekday-SDon-101300_M11_630,M11,d0,26,17:33:00,17:33:00,403472,24.0,2
MV_A5-Weekday-SDon-101300_M11_630,M11,d0,27,17:34:33,17:34:33,403555,27.0,2
MV_A5-Weekday-SDon-101300_M11_630,M11,d0,28,17:37:00,17:37:00,401021,24.0,2
MV_A5-Weekday-SDon-101300_M11_630,M11,d0,29,17:38:14,17:38:14,401022,27.0,3
MV_A5-Weekday-SDon-101300_M11_630,M11,d0,30,17:39:58,17:39:58,401023,33.0,3
MV_A5-Weekday-SDon-101300_M11_630,M11,d0,31,17:41:08,17:41:08,401024,33.0,3
MV_A5-Weekday-SDon-101300_M11_630,M11,d0,32,17:42:28,17:42:28,401025,28.0,2
MV_A5-Weekday-SDon-101300_M11_630,M11,d0,33,17:43:40,17:43:40,401026,26.0,3
MV_A5-Weekday-SDon-101300_M11_630,M11,d0,34,17:45:33,17:45:33,401027,38.0,3
MV_A5-Weekday-SDon-101300_M11_630,M11,d0,35,17:47:01,17:47:01,404320,33.0,3
MV_A5-Weekday-SDon-101300_M11_630,M11,d0,36,17:48:31,17:48:31,401029,30.0,3
MV_A5-Weekday-SDon-101300_M11_630,M11,d0,37,17:49:43,17:49:43,401030,35.0,3
MV_A5-Weekday-SDon-101300_M11_630,M11,d0,38,17:51:35,17:51:35,401031,25.0,3
MV_A5-Weekday-SDon-101300_M11_630,M11,d0,39,17:52:48,17:52:48,401032,44.0,3
MV_A5-Weekday-SDon-101300_M11_630,M11,d0,40,17:54:00,17:54:00,401033,44.0,3
MV_A5-Weekday-SDon-101300_M11_630,M11,d0,41,17:54:59,17:54:59,401034,44.0,3
MV_A5-Weekday-SDon-101300_M11_630,M11,d0,42,17:56:13,17:56:13,401035,21.0,2
MV_A5-Weekday-SDon-101300_M11_630,M11,d0,43,17:57:22,17:57:22,401435,26.0,2
MV_A5-Weekday-SDon-101300_M11_630,M11,d0,44,17:59:00,17:59:00,401436,17.0,2
MV_A5-Weekday-SDon-101300_M11_630,M11,d0,45,18:00:54,18:00:54,401438,24.0,2
MV_A5-Weekday-SDon-101300_M11_630,M11,d0,46,18:02:01,18:02:01,403886,24.0,2
MV_A5-Weekday-SDon-101300_M11_630,M11,d0,47,18:03:20,18:03:20,401440,24.0,2
MV_A5-Weekday-SDon-101300_M11_630,M11,d0,48,18:04:32,18:04:32,401441,25.0,2
MV_A5-Weekday-SDon-101300_M11_630,M11,d0,49,18:05:43,18:05:43,401442,24.0,2
MV_A5-Weekday-SDon-101300_M11_630,M11,d0,50,18:07:11,18:07:11,401443,17.0,2
MV_A5-Weekday-SDon-101300_M11_630,M11,d0,51,18:08:44,18:08:44,403292,12.0,1
MV_A5-Weekday-SDon-101300_M11_630,M11,d0,52,18:09:41,18:09:41,401444,16.0,2
MV_A5-Weekday-SDon-101300_M11_630,M11,d0,53,18:11:00,18:11:00,401446,17.0,2
MV_A5-Weekday-SDon-101300_M11_630,M11,d0,54,18:12:27,18:12:27,401447,17.0,2
MV_A5-Weekday-SDon-101300_M11_630,M11,d0,55,18:14:49,18:14:49,403757,14.0,1
MV_A5-Weekday-SDon-101300_M11_630,M11,d0,56,18:17:00,18:17:00,404011,14.0,1
MV_A5-Weekday-SDon-101300_M11_630,M11,d0,57,18:17:18,18:17:18,404012,4.0,1
MV_A5-Weekday-SDon-101300_M11_630,M11,d0,58,18:17:51,18:17:51,404013,4.0,1
MV_A5-Weekday-SDon-101300_M11_630,M11,d0,59,18:18:08,18:18:08,404056,4.0,1
MV_A5-Weekday-SDon-101300_M11_630,M11,d0,60,18:18:49,18:18:49,404014,4.0,1
MV_A5-Weekday-SDon-101300_M11_630,M11,d0,61,18:19:11,18:19:11,404015,4.0,1
MV_A5-Weekday-SDon-101300_M11_630,M11,d0,62,18:20:00,18:20:00,803194,4.0,1
MV_A5-Weekday-111500_M11_632,M11,d0,1,18:35:00,18:35:00,401393,4.0,1
MV_A5-Weekday-111500_M11_632,M11,d0,2,18:35:49,18:35:49,405120,4.0,1
MV_A5-Weekday-111500_M11_632,M11,d0,3,18:36:32,18:36:32,405167,4.0,1
MV_A5-Weekday-111500_M11_632,M11,d0,4,18:37:00,18:37:00,405265,4.0,1
MV_A5-Weekday-111500_M11_632,M11,d0,5,18:38:15,18:38:15,405152,9.0,1
MV_A5-Weekday-111500_M11_632,M11,d0,6,18:40:09,18:40:09,405151,5.0,2
MV_A5-Weekday-111500_M11_632,M11,d0,7,18:41:46,18:41:46,404161,19.0,2
MV_A5-Weekday-111500_M11_632,M11,d0,8,18:42:49,18:42:49,401398,22.0,2
MV_A5-Weekday-111500_M11_632,M11,d0,9,18:44:00,18:44:00,403802,22.0,2
MV_A5-Weekday-111500_M11_632,M11,d0,10,18:45:25,18:45:25,401400,15.0,1
MV_A5-Weekday-111500_M11_632,M11,d0,11,18:46:47,18:46:47,401401,8.0,2
MV_A5-Weekday-111500_M11_632,M11,d0,12,18:48:51,18:48:51,401402,18.0,3
MV_A5-Weekday-111500_M11_632,M11,d0,13,18:51:07,18:51:07,401404,44.0,3
MV_A5-Weekday-111500_M11_632,M11,d0,14,18:53:35,18:53:35,404279,44.0,3
MV_A5-Weekday-111500_M11_632,M11,d0,15,18:55:13,18:55:13,405631,41.0,3
MV_A5-Weekday-111500_M11_632,M11,d0,16,18:57:00,18:57:00,401407,35.0,3
MV_A5-Weekday-111500_M11_632,M11,d0,17,18:58:41,18:58:41,401408,37.0,3
MV_A5-Weekday-111500_M11_632,M11,d0,18,18:59:49,18:59:49,401409,33.0,3
MV_A5-Weekday-111500_M11_632,M11,d0,19,19:00:55,19:00:55,401410,34.0,3
MV_A5-Weekday-111500_M11_632,M11,d0,20,19:02:49,19:02:49,401411,22.0,3
MV_A5-Weekday-111500_M11_632,M11,d0,21,19:04:14,19:04:14,401412,39.0,3
MV_A5-Weekday-111500_M11_632,M11,d0,22,19:05:03,19:05:03,401413,21.0,2
MV_A5-Weekday-111500_M11_632,M11,d0,23,19:06:33,19:06:33,401414,27.0,2
MV_A5-Weekday-111500_M11_632,M11,d0,24,19:08:21,19:08:21,401416,18.0,2
MV_A5-Weekday-111500_M11_632,M11,d0,25,19:09:51,19:09:51,401417,21.0,2
MV_A5-Weekday-111500_M11_632,M11,d0,26,19:11:00,19:11:00,403472,15.0,2
MV_A5-Weekday-111500_M11_632,M11,d0,27,19:12:33,19:12:33,403555,19.0,2
MV_A5-Weekday-111500_M11_632,M11,d0,28,19:15:00,19:15:00,401021,20.0,2
MV_A5-Weekday-111500_M11_632,M11,d0,29,19:16:10,19:16:10,401022,20.0,2
MV_A5-Weekday-111500_M11_632,M11,d0,30,19:17:48,19:17:48,401023,23.0,2
MV_A5-Weekday-111500_M11_632,M11,d0,31,19:18:53,19:18:53,401024,23.0,2
MV_A5-Weekday-111500_M11_632,M11,d0,32,19:20:08,19:20:08,401025,18.0,2
MV_A5-Weekday-111500_M11_632,M11,d0,33,19:21:16,19:21:16,401026,21.0,2
MV_A5-Weekday-111500_M11_632,M11,d0,34,19:23:03,19:23:03,401027,18.0,2
MV_A5-Weekday-111500_M11_632,M11,d0,35,19:24:25,19:24:25,404320,18.0,2
MV_A5-Weekday-111500_M11_632,M11,d0,36,19:25:51,19:25:51,401029,22.0,2
MV_A5-Weekday-111500_M11_632,M11,d0,37,19:26:58,19:26:58,401030,22.0,2
MV_A5-Weekday-111500_M11_632,M11,d0,38,19:28:44,19:28:44,401031,22.0,2
MV_A5-Weekday-111500_M11_632,M11,d0,39,19:29:52,19:29:52,401032,22.0,2
MV_A5-Weekday-111500_M11_632,M11,d0,40,19:31:00,19:31:00,401033,22.0,2
MV_A5-Weekday-111500_M11_632,M11,d0,41,19:31:47,19:31:47,401034,16.0,1
MV_A5-Weekday-111500_M11_632,M11,d0,42,19:32:46,19:32:46,401035,15.0,1
MV_A5-Weekday-111500_M11_632,M11,d0,43,19:33:41,19:33:41,401435,16.0,1
MV_A5-Weekday-111500_M11_632,M11,d0,44,19:35:00,19:35:00,401436,9.0,1
MV_A5-Weekday-111500_M11_632,M11,d0,45,19:36:35,19:36:35,401438,11.0,1
MV_A5-Weekday-111500_M11_632,M11,d0,46,19:37:31,19:37:31,403886,10.0,1
MV_A5-Weekday-111500_M11_632,M11,d0,47,19:38:37,19:38:37,401440,10.0,1
MV_A5-Weekday-111500_M11_632,M11,d0,48,19:39:37,19:39:37,401441,7.0,1
MV_A5-Weekday-111500_M11_632,M11,d0,49,19:40:36,19:40:36,401442,7.0,1
MV_A5-Weekday-111500_M11_632,M11,d0,50,19:41:49,19:41:49,401443,7.0,1
MV_A5-Weekday-111500_M11_632,M11,d0,51,19:43:07,19:43:07,403292,8.0,1
MV_A5-Weekday-111500_M11_632,M11,d0,52,19:43:54,19:43:54,401444,9.0,1
MV_A5-Weekday-111500_M11_632,M11,d0,53,19:45:00,19:45:00,401446,6.0,1
MV_A5-Weekday-111500_M11_632,M11,d0,54,19:46:12,19:46:12,401447,4.0,1
MV_A5-Weekday-111500_M11_632,M11,d0,55,19:48:11,19:48:11,403757,4.0,1
MV_A5-Weekday-111500_M11_632,M11,d0,56,19:50:00,19:50:00,404011,2.0,1
MV_A5-Weekday-111500_M11_632,M11,d0,57,19:50:18,19:50:18,404012,4.0,1
MV_A5-Weekday-111500_M11_632,M11,d0,58,19:50:51,19:50:51,404013,4.0,1
MV_A5-Weekday-111500_M11_632,M11,d0,59,19:51:08,19:51:08,404056,4.0,1
MV_A5-Weekday-111500_M11_632,M11,d0,60,19:51:49,19:51:49,404014,4.0,1
MV_A5-Weekday-111500_M11_632,M11,d0,61,19:52:11,19:52:11,404015,4.0,1
MV_A5-Weekday-111500_M11_632,M11,d0,62,19:53:00,19:53:00,803194,4.0,1
MV_A5-Weekday-137000_M11_632,M11,d0,1,22:50:00,22:50:00,401393,6.0,1
MV_A5-Weekday-137000_M11_632,M11,d0,2,22:50:49,22:50:49,405120,4.0,1
MV_A5-Weekday-137000_M11_632,M11,d0,3,22:51:32,22:51:32,405167,10.0,1
MV_A5-Weekday-137000_M11_632,M11,d0,4,22:52:00,22:52:00,405265,5.0,1
MV_A5-Weekday-137000_M11_632,M11,d0,5,22:52:43,22:52:43,405152,12.0,1
MV_A5-Weekday-137000_M11_632,M11,d0,6,22:53:48,22:53:48,405151,12.0,1
MV_A5-Weekday-137000_M11_632,M11,d0,7,22:54:43,22:54:43,404161,7.0,1
MV_A5-Weekday-137000_M11_632,M11,d0,8,22:55:20,22:55:20,401398,13.0,1
MV_A5-Weekday-137000_M11_632,M11,d0,9,22:56:00,22:56:00,403802,13.0,1
MV_A5-Weekday-137000_M11_632,M11,d0,10,22:56:46,22:56:46,401400,13.0,1
MV_A5-Weekday-137000_M11_632,M11,d0,11,22:57:30,22:57:30,401401,13.0,1
MV_A5-Weekday-137000_M11_632,M11,d0,12,22:58:37,22:58:37,401402,9.0,1
MV_A5-Weekday-137000_M11_632,M11,d0,13,22:59:50,22:59:50,401404,13.0,1
MV_A5-Weekday-137000_M11_632,M11,d0,14,23:01:10,23:01:10,404279,12.0,1
MV_A5-Weekday-137000_M11_632,M11,d0,15,23:02:02,23:02:02,405631,5.0,1
MV_A5-Weekday-137000_M11_632,M11,d0,16,23:03:00,23:03:00,401407,15.0,2
MV_A5-Weekday-137000_M11_632,M11,d0,17,23:04:12,23:04:12,401408,18.0,2
MV_A5-Weekday-137000_M11_632,M11,d0,18,23:05:01,23:05:01,401409,18.0,2
MV_A5-Weekday-137000_M11_632,M11,d0,19,23:05:48,23:05:48,401410,15.0,1
MV_A5-Weekday-137000_M11_632,M11,d0,20,23:07:10,23:07:10,401411,14.0,2
MV_A5-Weekday-137000_M11_632,M11,d0,21,23:08:10,23:08:10,401412,20.0,2
MV_A5-Weekday-137000_M11_632,M11,d0,22,23:08:45,23:08:45,401413,20.0,2
MV_A5-Weekday-137000_M11_632,M11,d0,23,23:09:50,23:09:50,401414,12.0,1
MV_A5-Weekday-137000_M11_632,M11,d0,24,23:11:06,23:11:06,401416,11.0,1
MV_A5-Weekday-137000_M11_632,M11,d0,25,23:12:11,23:12:11,401417,8.0,2
MV_A5-Weekday-137000_M11_632,M11,d0,26,23:13:00,23:13:00,403472,21.0,2
MV_A5-Weekday-137000_M11_632,M11,d0,27,23:14:10,23:14:10,403555,13.0,2
MV_A5-Weekday-137000_M11_632,M11,d0,28,23:16:00,23:16:00,401021,20.0,2
MV_A5-Weekday-137000_M11_632,M11,d0,29,23:16:52,23:16:52,401022,13.0,2
MV_A5-Weekday-137000_M11_632,M11,d0,30,23:18:06,23:18:06,401023,21.0,2
MV_A5-Weekday-137000_M11_632,M11,d0,31,23:18:55,23:18:55,401024,21.0,2
MV_A5-Weekday-137000_M11_632,M11,d0,32,23:19:51,23:19:51,401025,13.0,2
MV_A5-Weekday-137000_M11_632,M11,d0,33,23:20:42,23:20:42,401026,21.0,2
MV_A5-Weekday-137000_M11_632,M11,d0,34,23:22:02,23:22:02,401027,21.0,2
MV_A5-Weekday-137000_M11_632,M11,d0,35,23:23:04,23:23:04,404320,21.0,2
MV_A5-Weekday-137000_M11_632,M11,d0,36,23:24:08,23:24:08,401029,14.0,1
MV_A5-Weekday-137000_M11_632,M11,d0,37,23:24:59,23:24:59,401030,14.0,1
MV_A5-Weekday-137000_M11_632,M11,d0,38,23:26:18,23:26:18,401031,15.0,1
MV_A5-Weekday-137000_M11_632,M11,d0,39,23:27:09,23:27:09,401032,3.0,1
MV_A5-Weekday-137000_M11_632,M11,d0,40,23:28:00,23:28:00,401033,14.0,1
MV_A5-Weekday-137000_M11_632,M11,d0,41,23:28:47,23:28:47,401034,7.0,1
MV_A5-Weekday-137000_M11_632,M11,d0,42,23:29:46,23:29:46,401035,13.0,1
MV_A5-Weekday-137000_M11_632,M11,d0,43,23:30:41,23:30:41,401435,13.0,1
MV_A5-Weekday-137000_M11_632,M11,d0,44,23:32:00,23:32:00,401436,12.0,1
MV_A5-Weekday-137000_M11_632,M11,d0,45,23:32:57,23:32:57,401438,12.0,1
MV_A5-Weekday-137000_M11_632,M11,d0,46,23:33:31,23:33:31,403886,11.0,1
MV_A5-Weekday-137000_M11_632,M11,d0,47,23:34:10,23:34:10,401440,2.0,1
MV_A5-Weekday-137000_M11_632,M11,d0,48,23:34:46,23:34:46,401441,3.0,1
MV_A5-Weekday-137000_M11_632,M11,d0,49,23:35:21,23:35:21,401442,11.0,1
MV_A5-Weekday-137000_M11_632,M11,d0,50,23:36:06,23:36:06,401443,3.0,1
MV_A5-Weekday-137000_M11_632,M11,d0,51,23:36:52,23:36:52,403292,9.0,1
MV_A5-Weekday-137000_M11_632,M11,d0,52,23:37:21,23:37:21,401444,2.0,1
MV_A5-Weekday-137000_M11_632,M11,d0,53,23:38:00,23:38:00,401446,9.0,1
MV_A5-Weekday-137000_M11_632,M11,d0,54,23:38:26,23:38:26,401447,9.0,1
MV_A5-Weekday-137000_M11_632,M11,d0,55,23:38:47,23:38:47,404147,9.0,1
MV_A5-Weekday-137000_M11_632,M11,d0,56,23:40:00,23:40:00,903092,9.0,1
MV_A5-Weekday-098900_M11_628,M11,d0,1,16:29:00,16:29:00,401393,6.0,1
MV_A5-Weekday-098900_M11_628,M11,d0,2,16:29:49,16:29:49,405120,6.0,1
MV_A5-Weekday-098900_M11_628,M11,d0,3,16:30:32,16:30:32,405167,6.0,1
MV_A5-Weekday-098900_M11_628,M11,d0,4,16:31:00,16:31:00,405265,5.0,1
MV_A5-Weekday-098900_M11_628,M11,d0,5,16:32:26,16:32:26,405152,5.0,2
MV_A5-Weekday-098900_M11_628,M11,d0,6,16:34:36,16:34:36,405151,21.0,2
MV_A5-Weekday-098900_M11_628,M11,d0,7,16:36:26,16:36:26,404161,21.0,2
MV_A5-Weekday-098900_M11_628,M11,d0,8,16:37:39,16:37:39,401398,21.0,2
MV_A5-Weekday-098900_M11_628,M11,d0,9,16:39:00,16:39:00,403802,21.0,2
MV_A5-Weekday-098900_M11_628,M11,d0,10,16:40:44,16:40:44,401400,24.0,2
MV_A5-Weekday-098900_M11_628,M11,d0,11,16:42:25,16:42:25,401401,24.0,3
MV_A5-Weekday-098900_M11_628,M11,d0,12,16:44:58,16:44:58,401402,35.0,3
MV_A5-Weekday-098900_M11_628,M11,d0,13,16:47:46,16:47:46,401404,35.0,3
MV_A5-Weekday-098900_M11_628,M11,d0,14,16:50:48,16:50:48,404279,35.0,3
MV_A5-Weekday-098900_M11_628,M11,d0,15,16:52:48,16:52:48,405631,39.0,3
MV_A5-Weekday-098900_M11_628,M11,d0,16,16:55:00,16:55:00,401407,46.0,3
MV_A5-Weekday-098900_M11_628,M11,d0,17,16:56:41,16:56:41,401408,46.0,3
MV_A5-Weekday-098900_M11_628,M11,d0,18,16:57:49,16:57:49,401409,46.0,3
MV_A5-Weekday-098900_M11_628,M11,d0,19,16:58:55,16:58:55,401410,46.0,3
MV_A5-Weekday-098900_M11_628,M11,d0,20,17:00:49,17:00:49,401411,46.0,3
MV_A5-Weekday-098900_M11_628,M11,d0,21,17:02:14,17:02:14,401412,46.0,3
MV_A5-Weekday-098900_M11_628,M11,d0,22,17:03:03,17:03:03,401413,36.0,3
MV_A5-Weekday-098900_M11_628,M11,d0,23,17:04:33,17:04:33,401414,36.0,3
MV_A5-Weekday-098900_M11_628,M11,d0,24,17:06:21,17:06:21,401416,36.0,3
MV_A5-Weekday-098900_M11_628,M11,d0,25,17:07:51,17:07:51,401417,31.0,2
MV_A5-Weekday-098900_M11_628,M11,d0,26,17:09:00,17:09:00,403472,31.0,2
MV_A5-Weekday-098900_M11_628,M11,d0,27,17:10:33,17:10:33,403555,31.0,2
MV_A5-Weekday-098900_M11_628,M11,d0,28,17:13:00,17:13:00,401021,31.0,2
MV_A5-Weekday-098900_M11_628,M11,d0,29,17:14:18,17:14:18,401022,28.0,2
MV_A5-Weekday-098900_M11_628,M11,d0,30,17:16:09,17:16:09,401023,31.0,2
MV_A5-Weekday-098900_M11_628,M11,d0,31,17:17:22,17:17:22,401024,31.0,2
MV_A5-Weekday-098900_M11_628,M11,d0,32,17:18:47,17:18:47,401025,30.0,2
MV_A5-Weekday-098900_M11_628,M11,d0,33,17:20:03,17:20:03,401026,27.0,2
MV_A5-Weekday-098900_M11_628,M11,d0,34,17:22:03,17:22:03,401027,27.0,2
MV_A5-Weekday-098900_M11_628,M11,d0,35,17:23:36,17:23:36,404320,27.0,2
MV_A5-Weekday-098900_M11_628,M11,d0,36,17:25:12,17:25:12,401029,27.0,2
MV_A5-Weekday-098900_M11_628,M11,d0,37,17:26:28,17:26:28,401030,27.0,2
MV_A5-Weekday-098900_M11_628,M11,d0,38,17:28:27,17:28:27,401031,13.0,1
MV_A5-Weekday-098900_M11_628,M11,d0,39,17:29:44,17:29:44,401032,15.0,2
MV_A5-Weekday-098900_M11_628,M11,d0,40,17:31:00,17:31:00,401033,31.0,2
MV_A5-Weekday-098900_M11_628,M11,d0,41,17:31:59,17:31:59,401034,31.0,2
MV_A5-Weekday-098900_M11_628,M11,d0,42,17:33:13,17:33:13,401035,31.0,2
MV_A5-Weekday-098900_M11_628,M11,d0,43,17:34:22,17:34:22,401435,11.0,1
MV_A5-Weekday-098900_M11_628,M11,d0,44,17:36:00,17:36:00,401436,11.0,1
MV_A5-Weekday-098900_M11_628,M11,d0,45,17:37:54,17:37:54,401438,11.0,1
MV_A5-Weekday-098900_M11_628,M11,d0,46,17:39:01,17:39:01,403886,11.0,1
MV_A5-Weekday-098900_M11_628,M11,d0,47,17:40:20,17:40:20,401440,5.0,2
MV_A5-Weekday-098900_M11_628,M11,d0,48,17:41:32,17:41:32,401441,19.0,2
MV_A5-Weekday-098900_M11_628,M11,d0,49,17:42:43,17:42:43,401442,19.0,2
MV_A5-Weekday-098900_M11_628,M11,d0,50,17:44:11,17:44:11,401443,19.0,2
MV_A5-Weekday-098900_M11_628,M11,d0,51,17:45:44,17:45:44,403292,19.0,2
MV_A5-Weekday-098900_M11_628,M11,d0,52,17:46:41,17:46:41,401444,19.0,2
MV_A5-Weekday-098900_M11_628,M11,d0,53,17:48:00,17:48:00,401446,19.0,2
MV_A5-Weekday-098900_M11_628,M11,d0,54,17:49:27,17:49:27,401447,19.0,2
MV_A5-Weekday-098900_M11_628,M11,d0,55,17:51:49,17:51:49,403757,19.0,2
MV_A5-Weekday-098900_M11_628,M11,d0,56,17:54:00,17:54:00,404011,19.0,2
MV_A5-Weekday-098900_M11_628,M11,d0,57,17:54:18,17:54:18,404012,19.0,2
MV_A5-Weekday-098900_M11_628,M11,d0,58,17:54:51,17:54:51,404013,19.0,2
MV_A5-Weekday-098900_M11_628,M11,d0,59,17:55:08,17:55:08,404056,3.0,1
MV_A5-Weekday-098900_M11_628,M11,d0,60,17:55:49,17:55:49,404014,3.0,1
MV_A5-Weekday-098900_M11_628,M11,d0,61,17:56:11,17:56:11,404015,3.0,1
MV_A5-Weekday-098900_M11_628,M11,d0,62,17:57:00,17:57:00,803194,3.0,1
MV_A5-Weekday-062500_M11_608,M11,d0,1,10:25:00,10:25:00,401393,2.0,1
MV_A5-Weekday-062500_M11_608,M11,d0,2,10:25:49,10:25:49,405120,2.0,1
MV_A5-Weekday-062500_M11_608,M11,d0,3,10:26:32,10:26:32,405167,2.0,1
MV_A5-Weekday-062500_M11_608,M11,d0,4,10:27:00,10:27:00,405265,2.0,1
MV_A5-Weekday-062500_M11_608,M11,d0,5,10:28:04,10:28:04,405152,2.0,1
MV_A5-Weekday-062500_M11_608,M11,d0,6,10:29:42,10:29:42,405151,2.0,1
MV_A5-Weekday-062500_M11_608,M11,d0,7,10:31:05,10:31:05,404161,2.0,1
MV_A5-Weekday-062500_M11_608,M11,d0,8,10:31:59,10:31:59,401398,3.0,1
MV_A5-Weekday-062500_M11_608,M11,d0,9,10:33:00,10:33:00,403802,6.0,1
MV_A5-Weekday-062500_M11_608,M11,d0,10,10:34:25,10:34:25,401400,5.0,1
MV_A5-Weekday-062500_M11_608,M11,d0,11,10:35:47,10:35:47,401401,5.0,1
MV_A5-Weekday-062500_M11_608,M11,d0,12,10:37:51,10:37:51,401402,6.0,1
MV_A5-Weekday-062500_M11_608,M11,d0,13,10:40:07,10:40:07,401404,6.0,1
MV_A5-Weekday-062500_M11_608,M11,d0,14,10:42:35,10:42:35,404279,8.0,1
MV_A5-Weekday-062500_M11_608,M11,d0,15,10:44:13,10:44:13,405631,8.0,1
MV_A5-Weekday-062500_M11_608,M11,d0,16,10:46:00,10:46:00,401407,15.0,1
MV_A5-Weekday-062500_M11_608,M11,d0,17,10:47:41,10:47:41,401408,8.0,1
MV_A5-Weekday-062500_M11_608,M11,d0,18,10:48:49,10:48:49,401409,15.0,1
MV_A5-Weekday-062500_M11_608,M11,d0,19,10:49:55,10:49:55,401410,15.0,1
MV_A5-Weekday-062500_M11_608,M11,d0,20,10:51:49,10:51:49,401411,15.0,1
MV_A5-Weekday-062500_M11_608,M11,d0,21,10:53:14,10:53:14,401412,12.0,1
MV_A5-Weekday-062500_M11_608,M11,d0,22,10:54:03,10:54:03,401413,12.0,1
MV_A5-Weekday-062500_M11_608,M11,d0,23,10:55:33,10:55:33,401414,13.0,1
MV_A5-Weekday-062500_M11_608,M11,d0,24,10:57:21,10:57:21,401416,13.0,1
MV_A5-Weekday-062500_M11_608,M11,d0,25,10:58:51,10:58:51,401417,6.0,1
MV_A5-Weekday-062500_M11_608,M11,d0,26,11:00:00,11:00:00,403472,14.0,1
MV_A5-Weekday-062500_M11_608,M11,d0,27,11:01:33,11:01:33,403555,15.0,1
MV_A5-Weekday-062500_M11_608,M11,d0,28,11:04:00,11:04:00,401021,1.0,1
MV_A5-Weekday-062500_M11_608,M11,d0,29,11:05:14,11:05:14,401022,15.0,1
MV_A5-Weekday-062500_M11_608,M11,d0,30,11:06:58,11:06:58,401023,1.0,1
MV_A5-Weekday-062500_M11_608,M11,d0,31,11:08:08,11:08:08,401024,2.0,2
MV_A5-Weekday-062500_M11_608,M11,d0,32,11:09:28,11:09:28,401025,17.0,2
MV_A5-Weekday-062500_M11_608,M11,d0,33,11:10:40,11:10:40,401026,18.0,2
MV_A5-Weekday-062500_M11_608,M11,d0,34,11:12:33,11:12:33,401027,18.0,2
MV_A5-Weekday-062500_M11_608,M11,d0,35,11:14:01,11:14:01,404320,18.0,2
MV_A5-Weekday-062500_M11_608,M11,d0,36,11:15:31,11:15:31,401029,18.0,2
MV_A5-Weekday-062500_M11_608,M11,d0,37,11:16:43,11:16:43,401030,17.0,2
MV_A5-Weekday-062500_M11_608,M11,d0,38,11:18:35,11:18:35,401031,13.0,1
MV_A5-Weekday-062500_M11_608,M11,d0,39,11:19:48,11:19:48,401032,13.0,1
MV_A5-Weekday-062500_M11_608,M11,d0,40,11:21:00,11:21:00,401033,13.0,1
MV_A5-Weekday-062500_M11_608,M11,d0,41,11:21:59,11:21:59,401034,13.0,1
MV_A5-Weekday-062500_M11_608,M11,d0,42,11:23:13,11:23:13,401035,13.0,1
MV_A5-Weekday-062500_M11_608,M11,d0,43,11:24:22,11:24:22,401435,13.0,1
MV_A5-Weekday-062500_M11_608,M11,d0,44,11:26:00,11:26:00,401436,13.0,1
MV_A5-Weekday-062500_M11_608,M11,d0,45,11:28:04,11:28:04,401438,14.0,1
MV_A5-Weekday-062500_M11_608,M11,d0,46,11:29:17,11:29:17,403886,14.0,1
MV_A5-Weekday-062500_M11_608,M11,d0,47,11:30:42,11:30:42,401440,14.0,1
MV_A5-Weekday-062500_M11_608,M11,d0,48,11:31:59,11:31:59,401441,14.0,1
MV_A5-Weekday-062500_M11_608,M11,d0,49,11:33:16,11:33:16,401442,12.0,1
MV_A5-Weekday-062500_M11_608,M11,d0,50,11:34:52,11:34:52,401443,13.0,1
MV_A5-Weekday-062500_M11_608,M11,d0,51,11:36:33,11:36:33,403292,11.0,1
MV_A5-Weekday-062500_M11_608,M11,d0,52,11:37:35,11:37:35,401444,12.0,1
MV_A5-Weekday-062500_M11_608,M11,d0,53,11:39:00,11:39:00,401446,12.0,1
MV_A5-Weekday-062500_M11_608,M11,d0,54,11:40:12,11:40:12,401447,14.0,1
MV_A5-Weekday-062500_M11_608,M11,d0,55,11:42:11,11:42:11,403757,10.0,1
MV_A5-Weekday-062500_M11_608,M11,d0,56,11:44:00,11:44:00,404011,10.0,1
MV_A5-Weekday-062500_M11_608,M11,d0,57,11:44:18,11:44:18,404012,10.0,1
MV_A5-Weekday-062500_M11_608,M11,d0,58,11:44:51,11:44:51,404013,10.0,1
MV_A5-Weekday-062500_M11_608,M11,d0,59,11:45:08,11:45:08,404056,10.0,1
MV_A5-Weekday-062500_M11_608,M11,d0,60,11:45:49,11:45:49,404014,10.0,1
MV_A5-Weekday-062500_M11_608,M11,d0,61,11:46:11,11:46:11,404015,9.0,1
MV_A5-Weekday-062500_M11_608,M11,d0,62,11:47:00,11:47:00,803194,9.0,1
MV_A5-Weekday-SDon-069700_M11_624,M11,d0,1,11:37:00,11:37:00,401393,5.0,1
MV_A5-Weekday-SDon-069700_M11_624,M11,d0,2,11:37:49,11:37:49,405120,5.0,1
MV_A5-Weekday-SDon-069700_M11_624,M11,d0,3,11:38:32,11:38:32,405167,5.0,1
MV_A5-Weekday-SDon-069700_M11_624,M11,d0,4,11:39:00,11:39:00,405265,5.0,1
MV_A5-Weekday-SDon-069700_M11_624,M11,d0,5,11:40:15,11:40:15,405152,8.0,1
MV_A5-Weekday-SDon-069700_M11_624,M11,d0,6,11:42:09,11:42:09,405151,6.0,1
MV_A5-Weekday-SDon-069700_M11_624,M11,d0,7,11:43:46,11:43:46,404161,14.0,1
MV_A5-Weekday-SDon-069700_M11_624,M11,d0,8,11:44:49,11:44:49,401398,14.0,1
MV_A5-Weekday-SDon-069700_M11_624,M11,d0,9,11:46:00,11:46:00,403802,14.0,2
MV_A5-Weekday-SDon-069700_M11_624,M11,d0,10,11:47:25,11:47:25,401400,19.0,2
MV_A5-Weekday-SDon-069700_M11_624,M11,d0,11,11:48:47,11:48:47,401401,13.0,1
MV_A5-Weekday-SDon-069700_M11_624,M11,d0,12,11:50:51,11:50:51,401402,16.0,2
MV_A5-Weekday-SDon-069700_M11_624,M11,d0,13,11:53:07,11:53:07,401404,18.0,2
MV_A5-Weekday-SDon-069700_M11_624,M11,d0,14,11:55:35,11:55:35,404279,17.0,2
MV_A5-Weekday-SDon-069700_M11_624,M11,d0,15,11:57:13,11:57:13,405631,21.0,2
MV_A5-Weekday-SDon-069700_M11_624,M11,d0,16,11:59:00,11:59:00,401407,26.0,2
MV_A5-Weekday-SDon-069700_M11_624,M11,d0,17,12:00:48,12:00:48,401408,29.0,2
MV_A5-Weekday-SDon-069700_M11_624,M11,d0,18,12:02:01,12:02:01,401409,29.0,2
MV_A5-Weekday-SDon-069700_M11_624,M11,d0,19,12:03:12,12:03:12,401410,28.0,2
MV_A5-Weekday-SDon-069700_M11_624,M11,d0,20,12:05:14,12:05:14,401411,28.0,2
MV_A5-Weekday-SDon-069700_M11_624,M11,d0,21,12:06:45,12:06:45,401412,28.0,2
MV_A5-Weekday-SDon-069700_M11_624,M11,d0,22,12:07:37,12:07:37,401413,26.0,2
MV_A5-Weekday-SDon-069700_M11_624,M11,d0,23,12:09:14,12:09:14,401414,30.0,2
MV_A5-Weekday-SDon-069700_M11_624,M11,d0,24,12:11:09,12:11:09,401416,28.0,2
MV_A5-Weekday-SDon-069700_M11_624,M11,d0,25,12:12:46,12:12:46,401417,7.0,2
MV_A5-Weekday-SDon-069700_M11_624,M11,d0,26,12:14:00,12:14:00,403472,26.0,2
MV_A5-Weekday-SDon-069700_M11_624,M11,d0,27,12:15:33,12:15:33,403555,26.0,2
MV_A5-Weekday-SDon-069700_M11_624,M11,d0,28,12:18:00,12:18:00,401021,26.0,2
MV_A5-Weekday-SDon-069700_M11_624,M11,d0,29,12:19:14,12:19:14,401022,20.0,2
MV_A5-Weekday-SDon-069700_M11_624,M11,d0,30,12:20:58,12:20:58,401023,17.0,2
MV_A5-Weekday-SDon-069700_M11_624,M11,d0,31,12:22:08,12:22:08,401024,19.0,2
MV_A5-Weekday-SDon-069700_M11_624,M11,d0,32,12:23:28,12:23:28,401025,17.0,2
MV_A5-Weekday-SDon-069700_M11_624,M11,d0,33,12:24:40,12:24:40,401026,17.0,2
MV_A5-Weekday-SDon-069700_M11_624,M11,d0,34,12:26:33,12:26:33,401027,2.0,1
MV_A5-Weekday-SDon-069700_M11_624,M11,d0,35,12:28:01,12:28:01,404320,16.0,2
MV_A5-Weekday-SDon-069700_M11_624,M11,d0,36,12:29:31,12:29:31,401029,21.0,2
MV_A5-Weekday-SDon-069700_M11_624,M11,d0,37,12:30:43,12:30:43,401030,19.0,2
MV_A5-Weekday-SDon-069700_M11_624,M11,d0,38,12:32:35,12:32:35,401031,5.0,2
MV_A5-Weekday-SDon-069700_M11_624,M11,d0,39,12:33:48,12:33:48,401032,29.0,3
MV_A5-Weekday-SDon-069700_M11_624,M11,d0,40,12:35:00,12:35:00,401033,34.0,3
MV_A5-Weekday-SDon-069700_M11_624,M11,d0,41,12:35:59,12:35:59,401034,7.0,3
MV_A5-Weekday-SDon-069700_M11_624,M11,d0,42,12:37:13,12:37:13,401035,34.0,3
MV_A5-Weekday-SDon-069700_M11_624,M11,d0,43,12:38:22,12:38:22,401435,34.0,3
MV_A5-Weekday-SDon-069700_M11_624,M11,d0,44,12:40:00,12:40:00,401436,12.0,3
MV_A5-Weekday-SDon-069700_M11_624,M11,d0,45,12:42:04,12:42:04,401438,33.0,3
MV_A5-Weekday-SDon-069700_M11_624,M11,d0,46,12:43:17,12:43:17,403886,29.0,2
MV_A5-Weekday-SDon-069700_M11_624,M11,d0,47,12:44:42,12:44:42,401440,13.0,1
MV_A5-Weekday-SDon-069700_M11_624,M11,d0,48,12:45:59,12:45:59,401441,13.0,1
MV_A5-Weekday-SDon-069700_M11_624,M11,d0,49,12:47:16,12:47:16,401442,13.0,1
MV_A5-Weekday-SDon-069700_M11_624,M11,d0,50,12:48:52,12:48:52,401443,13.0,1
MV_A5-Weekday-SDon-069700_M11_624,M11,d0,51,12:50:33,12:50:33,403292,6.0,1
MV_A5-Weekday-SDon-069700_M11_624,M11,d0,52,12:51:35,12:51:35,401444,5.0,1
MV_A5-Weekday-SDon-069700_M11_624,M11,d0,53,12:53:00,12:53:00,401446,5.0,1
MV_A5-Weekday-SDon-069700_M11_624,M11,d0,54,12:54:12,12:54:12,401447,3.0,1
MV_A5-Weekday-SDon-069700_M11_624,M11,d0,55,12:56:11,12:56:11,403757,3.0,1
MV_A5-Weekday-SDon-069700_M11_624,M11,d0,56,12:58:00,12:58:00,404011,3.0,1
MV_A5-Weekday-SDon-069700_M11_624,M11,d0,57,12:58:18,12:58:18,404012,2.0,1
MV_A5-Weekday-SDon-069700_M11_624,M11,d0,58,12:58:51,12:58:51,404013,14.0,1
MV_A5-Weekday-SDon-069700_M11_624,M11,d0,59,12:59:08,12:59:08,404056,14.0,1
MV_A5-Weekday-SDon-069700_M11_624,M11,d0,60,12:59:49,12:59:49,404014,14.0,1
MV_A5-Weekday-SDon-069700_M11_624,M11,d0,61,13:00:11,13:00:11,404015,1.0,1
MV_A5-Weekday-SDon-069700_M11_624,M11,d0,62,13:01:00,13:01:00,803194,1.0,1
MV_A5-Weekday-104500_M11_624,M11,d0,1,17:25:00,17:25:00,405374,1.0,1
MV_A5-Weekday-104500_M11_624,M11,d0,2,17:26:07,17:26:07,404919,1.0,1
MV_A5-Weekday-104500_M11_624,M11,d0,3,17:27:23,17:27:23,404872,14.0,1
MV_A5-Weekday-104500_M11_624,M11,d0,4,17:28:54,17:28:54,404846,14.0,1
MV_A5-Weekday-104500_M11_624,M11,d0,5,17:30:14,17:30:14,401239,14.0,1
MV_A5-Weekday-104500_M11_624,M11,d0,6,17:32:00,17:32:00,405393,14.0,1
MV_A5-Weekday-104500_M11_624,M11,d0,7,17:33:34,17:33:34,903209,8.0,1
MV_A5-Weekday-104500_M11_624,M11,d0,8,17:34:33,17:34:33,401016,8.0,1
MV_A5-Weekday-104500_M11_624,M11,d0,9,17:36:00,17:36:00,400747,6.0,1
MV_A5-Weekday-104500_M11_624,M11,d0,10,17:38:15,17:38:15,403271,6.0,1
MV_A5-Weekday-104500_M11_624,M11,d0,11,17:40:30,17:40:30,400750,4.0,1
MV_A5-Weekday-104500_M11_624,M11,d0,12,17:43:33,17:43:33,403103,14.0,1
MV_A5-Weekday-104500_M11_624,M11,d0,13,17:45:11,17:45:11,403104,14.0,1
MV_A5-Weekday-104500_M11_624,M11,d0,14,17:46:34,17:46:34,403105,14.0,1
MV_A5-Weekday-104500_M11_624,M11,d0,15,17:48:00,17:48:00,403106,14.0,1
MV_A5-Weekday-104500_M11_624,M11,d0,16,17:49:53,17:49:53,403107,8.0,1
MV_A5-Weekday-104500_M11_624,M11,d0,17,17:51:25,17:51:25,903299,8.0,1
MV_A5-Weekday-104500_M11_624,M11,d0,18,17:52:28,17:52:28,403109,8.0,2
MV_A5-Weekday-104500_M11_624,M11,d0,19,17:53:43,17:53:43,403110,19.0,2
MV_A5-Weekday-104500_M11_624,M11,d0,20,17:55:34,17:55:34,403111,19.0,2
MV_A5-Weekday-104500_M11_624,M11,d0,21,17:56:50,17:56:50,403112,23.0,2
MV_A5-Weekday-104500_M11_624,M11,d0,22,17:59:00,17:59:00,405248,23.0,2
MV_A5-Weekday-104500_M11_624,M11,d0,23,18:00:46,18:00:46,403114,20.0,2
MV_A5-Weekday-104500_M11_624,M11,d0,24,18:02:26,18:02:26,403115,20.0,2
MV_A5-Weekday-104500_M11_624,M11,d0,25,18:03:42,18:03:42,403116,20.0,2
MV_A5-Weekday-104500_M11_624,M11,d0,26,18:05:00,18:05:00,405394,12.0,1
MV_A5-Weekday-104500_M11_624,M11,d0,27,18:07:10,18:07:10,403118,12.0,1
MV_A5-Weekday-104500_M11_624,M11,d0,28,18:08:15,18:08:15,403119,12.0,1
MV_A5-Weekday-104500_M11_624,M11,d0,29,18:10:07,18:10:07,404260,10.0,1
MV_A5-Weekday-104500_M11_624,M11,d0,30,18:11:35,18:11:35,403122,10.0,1
MV_A5-Weekday-104500_M11_624,M11,d0,31,18:13:58,18:13:58,404262,9.0,1
MV_A5-Weekday-104500_M11_624,M11,d0,32,18:15:34,18:15:34,403125,9.0,1
MV_A5-Weekday-104500_M11_624,M11,d0,33,18:17:24,18:17:24,403126,9.0,1
MV_A5-Weekday-104500_M11_624,M11,d0,34,18:18:20,18:18:20,403127,5.0,1
MV_A5-Weekday-104500_M11_624,M11,d0,35,18:21:33,18:21:33,401444,1.0,1
MV_A5-Weekday-104500_M11_624,M11,d0,36,18:23:00,18:23:00,903352,1.0,1
MV_A5-Weekday-119500_M11_624,M11,d0,1,19:55:00,19:55:00,405374,3.0,1
MV_A5-Weekday-119500_M11_624,M11,d0,2,19:56:07,19:56:07,404919,3.0,1
MV_A5-Weekday-119500_M11_624,M11,d0,3,19:57:23,19:57:23,404872,7.0,1
MV_A5-Weekday-119500_M11_624,M11,d0,4,19:58:54,19:58:54,404846,10.0,1
MV_A5-Weekday-119500_M11_624,M11,d0,5,20:00:14,20:00:14,401239,10.0,1
MV_A5-Weekday-119500_M11_624,M11,d0,6,20:02:00,20:02:00,405393,10.0,1
MV_A5-Weekday-119500_M11_624,M11,d0,7,20:03:34,20:03:34,903209,9.0,1
MV_A5-Weekday-119500_M11_624,M11,d0,8,20:04:33,20:04:33,401016,10.0,1
MV_A5-Weekday-119500_M11_624,M11,d0,9,20:06:00,20:06:00,400747,13.0,1
MV_A5-Weekday-119500_M11_624,M11,d0,10,20:07:52,20:07:52,403271,10.0,1
MV_A5-Weekday-119500_M11_624,M11,d0,11,20:09:45,20:09:45,400750,14.0,1
MV_A5-Weekday-119500_M11_624,M11,d0,12,20:12:18,20:12:18,403103,14.0,1
MV_A5-Weekday-119500_M11_624,M11,d0,13,20:13:39,20:13:39,403104,14.0,1
MV_A5-Weekday-119500_M11_624,M11,d0,14,20:14:49,20:14:49,403105,12.0,1
MV_A5-Weekday-119500_M11_624,M11,d0,15,20:16:00,20:16:00,403106,10.0,1
MV_A5-Weekday-119500_M11_624,M11,d0,16,20:17:43,20:17:43,403107,10.0,1
MV_A5-Weekday-119500_M11_624,M11,d0,17,20:19:06,20:19:06,903299,13.0,1
MV_A5-Weekday-119500_M11_624,M11,d0,18,20:20:04,20:20:04,403109,12.0,1
MV_A5-Weekday-119500_M11_624,M11,d0,19,20:21:12,20:21:12,403110,10.0,1
MV_A5-Weekday-119500_M11_624,M11,d0,20,20:22:52,20:22:52,403111,11.0,1
MV_A5-Weekday-119500_M11_624,M11,d0,21,20:24:02,20:24:02,403112,11.0,1
MV_A5-Weekday-119500_M11_624,M11,d0,22,20:26:00,20:26:00,405248,4.0,1
MV_A5-Weekday-119500_M11_624,M11,d0,23,20:27:29,20:27:29,403114,4.0,1
MV_A5-Weekday-119500_M11_624,M11,d0,24,20:28:51,20:28:51,403115,6.0,1
MV_A5-Weekday-119500_M11_624,M11,d0,25,20:29:55,20:29:55,403116,6.0,1
MV_A5-Weekday-119500_M11_624,M11,d0,26,20:31:00,20:31:00,405394,3.0,1
MV_A5-Weekday-119500_M11_624,M11,d0,27,20:32:48,20:32:48,403118,5.0,1
MV_A5-Weekday-119500_M11_624,M11,d0,28,20:33:43,20:33:43,403119,5.0,1
MV_A5-Weekday-119500_M11_624,M11,d0,29,20:35:16,20:35:16,404260,4.0,1
MV_A5-Weekday-119500_M11_624,M11,d0,30,20:36:30,20:36:30,403122,3.0,1
MV_A5-Weekday-119500_M11_624,M11,d0,31,20:38:28,20:38:28,404262,4.0,1
MV_A5-Weekday-119500_M11_624,M11,d0,32,20:39:49,20:39:49,403125,3.0,1
MV_A5-Weekday-119500_M11_624,M11,d0,33,20:41:20,20:41:20,403126,1.0,1
MV_A5-Weekday-119500_M11_624,M11,d0,34,20:42:06,20:42:06,403127,1.0,1
MV_A5-Weekday-119500_M11_624,M11,d0,35,20:44:48,20:44:48,401444,1.0,1
MV_A5-Weekday-119500_M11_624,M11,d0,36,20:46:00,20:46:00,903352,1.0,1
MV_A5-Weekday-SDon-052700_M11_617,M11,d0,1,8:47:00,8:47:00,401393,8.0,1
MV_A5-Weekday-SDon-052700_M11_617,M11,d0,2,8:47:49,8:47:49,405120,8.0,1
MV_A5-Weekday-SDon-052700_M11_617,M11,d0,3,8:48:32,8:48:32,405167,8.0,1
MV_A5-Weekday-SDon-052700_M11_617,M11,d0,4,8:49:00,8:49:00,405265,8.0,1
MV_A5-Weekday-SDon-052700_M11_617,M11,d0,5,8:50:04,8:50:04,405152,3.0,1
MV_A5-Weekday-SDon-052700_M11_617,M11,d0,6,8:51:42,8:51:42,405151,4.0,1
MV_A5-Weekday-SDon-052700_M11_617,M11,d0,7,8:53:05,8:53:05,404161,11.0,1
MV_A5-Weekday-SDon-052700_M11_617,M11,d0,8,8:53:59,8:53:59,401398,11.0,1
MV_A5-Weekday-SDon-052700_M11_617,M11,d0,9,8:55:00,8:55:00,403802,5.0,1
MV_A5-Weekday-SDon-052700_M11_617,M11,d0,10,8:56:25,8:56:25,401400,12.0,1
MV_A5-Weekday-SDon-052700_M11_617,M11,d0,11,8:57:47,8:57:47,401401,12.0,1
MV_A5-Weekday-SDon-052700_M11_617,M11,d0,12,8:59:51,8:59:51,401402,12.0,1
MV_A5-Weekday-SDon-052700_M11_617,M11,d0,13,9:02:07,9:02:07,401404,5.0,1
MV_A5-Weekday-SDon-052700_M11_617,M11,d0,14,9:04:35,9:04:35,404279,7.0,1
MV_A5-Weekday-SDon-052700_M11_617,M11,d0,15,9:06:13,9:06:13,405631,7.0,1
MV_A5-Weekday-SDon-052700_M11_617,M11,d0,16,9:08:00,9:08:00,401407,10.0,2
MV_A5-Weekday-SDon-052700_M11_617,M11,d0,17,9:09:41,9:09:41,401408,17.0,2
MV_A5-Weekday-SDon-052700_M11_617,M11,d0,18,9:10:49,9:10:49,401409,13.0,1
MV_A5-Weekday-SDon-052700_M11_617,M11,d0,19,9:11:55,9:11:55,401410,14.0,1
MV_A5-Weekday-SDon-052700_M11_617,M11,d0,20,9:13:49,9:13:49,401411,10.0,2
MV_A5-Weekday-SDon-052700_M11_617,M11,d0,21,9:15:14,9:15:14,401412,19.0,2
MV_A5-Weekday-SDon-052700_M11_617,M11,d0,22,9:16:03,9:16:03,401413,19.0,2
MV_A5-Weekday-SDon-052700_M11_617,M11,d0,23,9:17:33,9:17:33,401414,10.0,2
MV_A5-Weekday-SDon-052700_M11_617,M11,d0,24,9:19:21,9:19:21,401416,20.0,2
MV_A5-Weekday-SDon-052700_M11_617,M11,d0,25,9:20:51,9:20:51,401417,10.0,2
MV_A5-Weekday-SDon-052700_M11_617,M11,d0,26,9:22:00,9:22:00,403472,25.0,2
MV_A5-Weekday-SDon-052700_M11_617,M11,d0,27,9:23:10,9:23:10,403555,12.0,1
MV_A5-Weekday-SDon-052700_M11_617,M11,d0,28,9:25:00,9:25:00,401021,12.0,1
MV_A5-Weekday-SDon-052700_M11_617,M11,d0,29,9:26:10,9:26:10,401022,8.0,2
MV_A5-Weekday-SDon-052700_M11_617,M11,d0,30,9:27:48,9:27:48,401023,22.0,2
MV_A5-Weekday-SDon-052700_M11_617,M11,d0,31,9:28:53,9:28:53,401024,11.0,1
MV_A5-Weekday-SDon-052700_M11_617,M11,d0,32,9:30:08,9:30:08,401025,4.0,1
MV_A5-Weekday-SDon-052700_M11_617,M11,d0,33,9:31:16,9:31:16,401026,11.0,1
MV_A5-Weekday-SDon-052700_M11_617,M11,d0,34,9:33:03,9:33:03,401027,11.0,2
MV_A5-Weekday-SDon-052700_M11_617,M11,d0,35,9:34:25,9:34:25,404320,17.0,2
MV_A5-Weekday-SDon-052700_M11_617,M11,d0,36,9:35:51,9:35:51,401029,5.0,1
MV_A5-Weekday-SDon-052700_M11_617,M11,d0,37,9:36:58,9:36:58,401030,11.0,1
MV_A5-Weekday-SDon-052700_M11_617,M11,d0,38,9:38:44,9:38:44,401031,13.0,1
MV_A5-Weekday-SDon-052700_M11_617,M11,d0,39,9:39:52,9:39:52,401032,11.0,1
MV_A5-Weekday-SDon-052700_M11_617,M11,d0,40,9:41:00,9:41:00,401033,12.0,1
MV_A5-Weekday-SDon-052700_M11_617,M11,d0,41,9:41:59,9:41:59,401034,14.0,1
MV_A5-Weekday-SDon-052700_M11_617,M11,d0,42,9:43:13,9:43:13,401035,14.0,1
MV_A5-Weekday-SDon-052700_M11_617,M11,d0,43,9:44:22,9:44:22,401435,10.0,2
MV_A5-Weekday-SDon-052700_M11_617,M11,d0,44,9:46:00,9:46:00,401436,17.0,2
MV_A5-Weekday-SDon-052700_M11_617,M11,d0,45,9:47:45,9:47:45,401438,14.0,2
MV_A5-Weekday-SDon-052700_M11_617,M11,d0,46,9:48:46,9:48:46,403886,17.0,2
MV_A5-Weekday-SDon-052700_M11_617,M11,d0,47,9:49:58,9:49:58,401440,12.0,1
MV_A5-Weekday-SDon-052700_M11_617,M11,d0,48,9:51:04,9:51:04,401441,12.0,1
MV_A5-Weekday-SDon-052700_M11_617,M11,d0,49,9:52:09,9:52:09,401442,11.0,1
MV_A5-Weekday-SDon-052700_M11_617,M11,d0,50,9:53:30,9:53:30,401443,11.0,1
MV_A5-Weekday-SDon-052700_M11_617,M11,d0,51,9:54:56,9:54:56,403292,6.0,1
MV_A5-Weekday-SDon-052700_M11_617,M11,d0,52,9:55:48,9:55:48,401444,8.0,1
MV_A5-Weekday-SDon-052700_M11_617,M11,d0,53,9:57:00,9:57:00,401446,11.0,1
MV_A5-Weekday-SDon-052700_M11_617,M11,d0,54,9:58:12,9:58:12,401447,11.0,1
MV_A5-Weekday-SDon-052700_M11_617,M11,d0,55,10:00:11,10:00:11,403757,10.0,1
MV_A5-Weekday-SDon-052700_M11_617,M11,d0,56,10:02:00,10:02:00,404011,10.0,1
MV_A5-Weekday-SDon-052700_M11_617,M11,d0,57,10:02:12,10:02:12,404012,10.0,1
MV_A5-Weekday-SDon-052700_M11_617,M11,d0,58,10:02:34,10:02:34,404013,5.0,1
MV_A5-Weekday-SDon-052700_M11_617,M11,d0,59,10:02:45,10:02:45,404056,5.0,1
MV_A5-Weekday-SDon-052700_M11_617,M11,d0,60,10:03:13,10:03:13,404014,3.0,1
MV_A5-Weekday-SDon-052700_M11_617,M11,d0,61,10:03:27,10:03:27,404015,3.0,1
MV_A5-Weekday-SDon-052700_M11_617,M11,d0,62,10:04:00,10:04:00,803194,3.0,1
MV_A5-Weekday-SDon-091700_M11_626,M11,d0,1,15:17:00,15:17:00,401393,8.0,1
MV_A5-Weekday-SDon-091700_M11_626,M11,d0,2,15:17:49,15:17:49,405120,8.0,1
MV_A5-Weekday-SDon-091700_M11_626,M11,d0,3,15:18:32,15:18:32,405167,8.0,1
MV_A5-Weekday-SDon-091700_M11_626,M11,d0,4,15:19:00,15:19:00,405265,8.0,1
MV_A5-Weekday-SDon-091700_M11_626,M11,d0,5,15:20:36,15:20:36,405152,9.0,1
MV_A5-Weekday-SDon-091700_M11_626,M11,d0,6,15:23:03,15:23:03,405151,9.0,1
MV_A5-Weekday-SDon-091700_M11_626,M11,d0,7,15:25:07,15:25:07,404161,9.0,1
MV_A5-Weekday-SDon-091700_M11_626,M11,d0,8,15:26:29,15:26:29,401398,9.0,1
MV_A5-Weekday-SDon-091700_M11_626,M11,d0,9,15:28:00,15:28:00,403802,9.0,1
MV_A5-Weekday-SDon-091700_M11_626,M11,d0,10,15:29:51,15:29:51,401400,15.0,1
MV_A5-Weekday-SDon-091700_M11_626,M11,d0,11,15:31:38,15:31:38,401401,11.0,1
MV_A5-Weekday-SDon-091700_M11_626,M11,d0,12,15:34:21,15:34:21,401402,16.0,1
MV_A5-Weekday-SDon-091700_M11_626,M11,d0,13,15:37:18,15:37:18,401404,15.0,1
MV_A5-Weekday-SDon-091700_M11_626,M11,d0,14,15:40:32,15:40:32,404279,10.0,1
MV_A5-Weekday-SDon-091700_M11_626,M11,d0,15,15:42:40,15:42:40,405631,10.0,2
MV_A5-Weekday-SDon-091700_M11_626,M11,d0,16,15:45:00,15:45:00,401407,24.0,2
MV_A5-Weekday-SDon-091700_M11_626,M11,d0,17,15:46:41,15:46:41,401408,7.0,1
MV_A5-Weekday-SDon-091700_M11_626,M11,d0,18,15:47:49,15:47:49,401409,7.0,2
MV_A5-Weekday-SDon-091700_M11_626,M11,d0,19,15:48:55,15:48:55,401410,26.0,2
MV_A5-Weekday-SDon-091700_M11_626,M11,d0,20,15:50:49,15:50:49,401411,26.0,2
MV_A5-Weekday-SDon-091700_M11_626,M11,d0,21,15:52:14,15:52:14,401412,26.0,2
MV_A5-Weekday-SDon-091700_M11_626,M11,d0,22,15:53:03,15:53:03,401413,12.0,1
MV_A5-Weekday-SDon-091700_M11_626,M11,d0,23,15:54:33,15:54:33,401414,9.0,2
MV_A5-Weekday-SDon-091700_M11_626,M11,d0,24,15:56:21,15:56:21,401416,28.0,2
MV_A5-Weekday-SDon-091700_M11_626,M11,d0,25,15:57:51,15:57:51,401417,20.0,2
MV_A5-Weekday-SDon-091700_M11_626,M11,d0,26,15:59:00,15:59:00,403472,21.0,2
MV_A5-Weekday-SDon-091700_M11_626,M11,d0,27,16:00:33,16:00:33,403555,26.0,2
MV_A5-Weekday-SDon-091700_M11_626,M11,d0,28,16:03:00,16:03:00,401021,23.0,2
MV_A5-Weekday-SDon-091700_M11_626,M11,d0,29,16:04:18,16:04:18,401022,31.0,3
MV_A5-Weekday-SDon-091700_M11_626,M11,d0,30,16:06:09,16:06:09,401023,36.0,3
MV_A5-Weekday-SDon-091700_M11_626,M11,d0,31,16:07:22,16:07:22,401024,23.0,2
MV_A5-Weekday-SDon-091700_M11_626,M11,d0,32,16:08:47,16:08:47,401025,27.0,2
MV_A5-Weekday-SDon-091700_M11_626,M11,d0,33,16:10:03,16:10:03,401026,27.0,3
MV_A5-Weekday-SDon-091700_M11_626,M11,d0,34,16:12:03,16:12:03,401027,38.0,3
MV_A5-Weekday-SDon-091700_M11_626,M11,d0,35,16:13:36,16:13:36,404320,20.0,2
MV_A5-Weekday-SDon-091700_M11_626,M11,d0,36,16:15:12,16:15:12,401029,19.0,2
MV_A5-Weekday-SDon-091700_M11_626,M11,d0,37,16:16:28,16:16:28,401030,23.0,2
MV_A5-Weekday-SDon-091700_M11_626,M11,d0,38,16:18:27,16:18:27,401031,23.0,2
MV_A5-Weekday-SDon-091700_M11_626,M11,d0,39,16:19:44,16:19:44,401032,18.0,2
MV_A5-Weekday-SDon-091700_M11_626,M11,d0,40,16:21:00,16:21:00,401033,1.0,2
MV_A5-Weekday-SDon-091700_M11_626,M11,d0,41,16:21:59,16:21:59,401034,27.0,2
MV_A5-Weekday-SDon-091700_M11_626,M11,d0,42,16:23:13,16:23:13,401035,27.0,2
MV_A5-Weekday-SDon-091700_M11_626,M11,d0,43,16:24:22,16:24:22,401435,19.0,2
MV_A5-Weekday-SDon-091700_M11_626,M11,d0,44,16:26:00,16:26:00,401436,19.0,2
MV_A5-Weekday-SDon-091700_M11_626,M11,d0,45,16:28:32,16:28:32,401438,1.0,2
MV_A5-Weekday-SDon-091700_M11_626,M11,d0,46,16:30:02,16:30:02,403886,29.0,2
MV_A5-Weekday-SDon-091700_M11_626,M11,d0,47,16:31:47,16:31:47,401440,27.0,2
MV_A5-Weekday-SDon-091700_M11_626,M11,d0,48,16:33:22,16:33:22,401441,11.0,1
MV_A5-Weekday-SDon-091700_M11_626,M11,d0,49,16:34:57,16:34:57,401442,11.0,1
MV_A5-Weekday-SDon-091700_M11_626,M11,d0,50,16:36:55,16:36:55,401443,10.0,1
MV_A5-Weekday-SDon-091700_M11_626,M11,d0,51,16:38:59,16:38:59,403292,15.0,1
MV_A5-Weekday-SDon-091700_M11_626,M11,d0,52,16:40:15,16:40:15,401444,5.0,1
MV_A5-Weekday-SDon-091700_M11_626,M11,d0,53,16:42:00,16:42:00,401446,14.0,1
MV_A5-Weekday-SDon-091700_M11_626,M11,d0,54,16:43:27,16:43:27,401447,14.0,1
MV_A5-Weekday-SDon-091700_M11_626,M11,d0,55,16:45:49,16:45:49,403757,14.0,1
MV_A5-Weekday-SDon-091700_M11_626,M11,d0,56,16:48:00,16:48:00,404011,14.0,1
MV_A5-Weekday-SDon-091700_M11_626,M11,d0,57,16:48:24,16:48:24,404012,4.0,1
MV_A5-Weekday-SDon-091700_M11_626,M11,d0,58,16:49:09,16:49:09,404013,4.0,1
MV_A5-Weekday-SDon-091700_M11_626,M11,d0,59,16:49:31,16:49:31,404056,4.0,1
MV_A5-Weekday-SDon-091700_M11_626,M11,d0,60,16:50:25,16:50:25,404014,3.0,1
MV_A5-Weekday-SDon-091700_M11_626,M11,d0,61,16:50:55,16:50:55,404015,2.0,1
MV_A5-Weekday-SDon-091700_M11_626,M11,d0,62,16:52:00,16:52:00,803194,2.0,1
MV_A5-Weekday-148000_M11_633,M11,d0,1,24:40:00,24:40:00,405374,2.0,1
MV_A5-Weekday-148000_M11_633,M11,d0,2,24:40:43,24:40:43,404919,2.0,1
MV_A5-Weekday-148000_M11_633,M11,d0,3,24:41:31,24:41:31,404872,5.0,1
MV_A5-Weekday-148000_M11_633,M11,d0,4,24:42:29,24:42:29,404846,6.0,1
MV_A5-Weekday-148000_M11_633,M11,d0,5,24:43:20,24:43:20,401239,4.0,1
MV_A5-Weekday-148000_M11_633,M11,d0,6,24:44:27,24:44:27,405393,6.0,1
MV_A5-Weekday-148000_M11_633,M11,d0,7,24:45:27,24:45:27,903209,6.0,1
MV_A5-Weekday-148000_M11_633,M11,d0,8,24:46:04,24:46:04,401016,6.0,1
MV_A5-Weekday-148000_M11_633,M11,d0,9,24:47:00,24:47:00,400747,6.0,1
MV_A5-Weekday-148000_M11_633,M11,d0,10,24:48:19,24:48:19,403271,3.0,1
MV_A5-Weekday-148000_M11_633,M11,d0,11,24:49:37,24:49:37,400750,6.0,1
MV_A5-Weekday-148000_M11_633,M11,d0,12,24:51:24,24:51:24,403103,6.0,1
MV_A5-Weekday-148000_M11_633,M11,d0,13,24:52:22,24:52:22,403104,6.0,1
MV_A5-Weekday-148000_M11_633,M11,d0,14,24:53:10,24:53:10,403105,6.0,1
MV_A5-Weekday-148000_M11_633,M11,d0,15,24:54:00,24:54:00,403106,3.0,1
MV_A5-Weekday-148000_M11_633,M11,d0,16,24:55:02,24:55:02,403107,6.0,1
MV_A5-Weekday-148000_M11_633,M11,d0,17,24:55:52,24:55:52,903299,3.0,1
MV_A5-Weekday-148000_M11_633,M11,d0,18,24:56:26,24:56:26,403109,6.0,1
MV_A5-Weekday-148000_M11_633,M11,d0,19,24:57:07,24:57:07,403110,3.0,1
MV_A5-Weekday-148000_M11_633,M11,d0,20,24:58:07,24:58:07,403111,5.0,1
MV_A5-Weekday-148000_M11_633,M11,d0,21,24:58:49,24:58:49,403112,5.0,1
MV_A5-Weekday-148000_M11_633,M11,d0,22,25:00:00,25:00:00,405248,6.0,1
MV_A5-Weekday-148000_M11_633,M11,d0,23,25:01:11,25:01:11,403114,4.0,1
MV_A5-Weekday-148000_M11_633,M11,d0,24,25:02:17,25:02:17,403115,5.0,1
MV_A5-Weekday-148000_M11_633,M11,d0,25,25:03:08,25:03:08,403116,5.0,1
MV_A5-Weekday-148000_M11_633,M11,d0,26,25:04:00,25:04:00,405394,4.0,1
MV_A5-Weekday-148000_M11_633,M11,d0,27,25:05:19,25:05:19,403118,4.0,1
MV_A5-Weekday-148000_M11_633,M11,d0,28,25:05:59,25:05:59,403119,4.0,1
MV_A5-Weekday-148000_M11_633,M11,d0,29,25:07:08,25:07:08,404260,4.0,1
MV_A5-Weekday-148000_M11_633,M11,d0,30,25:08:02,25:08:02,403122,4.0,1
MV_A5-Weekday-148000_M11_633,M11,d0,31,25:09:29,25:09:29,404262,4.0,1
MV_A5-Weekday-148000_M11_633,M11,d0,32,25:10:28,25:10:28,403125,4.0,1
MV_A5-Weekday-148000_M11_633,M11,d0,33,25:11:35,25:11:35,403126,4.0,1
MV_A5-Weekday-148000_M11_633,M11,d0,34,25:12:09,25:12:09,403127,4.0,1
MV_A5-Weekday-148000_M11_633,M11,d0,35,25:14:07,25:14:07,401444,4.0,1
MV_A5-Weekday-148000_M11_633,M11,d0,36,25:15:00,25:15:00,903352,4.0,1
MV_A5-Weekday-SDon-107300_M11_631,M11,d0,1,17:53:00,17:53:00,401393,1.0,1
MV_A5-Weekday-SDon-107300_M11_631,M11,d0,2,17:53:49,17:53:49,405120,4.0,1
MV_A5-Weekday-SDon-107300_M11_631,M11,d0,3,17:54:32,17:54:32,405167,4.0,1
MV_A5-Weekday-SDon-107300_M11_631,M11,d0,4,17:55:00,17:55:00,405265,10.0,1
MV_A5-Weekday-SDon-107300_M11_631,M11,d0,5,17:56:15,17:56:15,405152,12.0,1
MV_A5-Weekday-SDon-107300_M11_631,M11,d0,6,17:58:09,17:58:09,405151,16.0,2
MV_A5-Weekday-SDon-107300_M11_631,M11,d0,7,17:59:46,17:59:46,404161,25.0,3
MV_A5-Weekday-SDon-107300_M11_631,M11,d0,8,18:00:49,18:00:49,401398,36.0,3
MV_A5-Weekday-SDon-107300_M11_631,M11,d0,9,18:02:00,18:02:00,403802,27.0,2
MV_A5-Weekday-SDon-107300_M11_631,M11,d0,10,18:03:31,18:03:31,401400,27.0,2
MV_A5-Weekday-SDon-107300_M11_631,M11,d0,11,18:05:00,18:05:00,401401,27.0,2
MV_A5-Weekday-SDon-107300_M11_631,M11,d0,12,18:07:14,18:07:14,401402,28.0,3
MV_A5-Weekday-SDon-107300_M11_631,M11,d0,13,18:09:40,18:09:40,401404,35.0,3
MV_A5-Weekday-SDon-107300_M11_631,M11,d0,14,18:12:20,18:12:20,404279,20.0,3
MV_A5-Weekday-SDon-107300_M11_631,M11,d0,15,18:14:05,18:14:05,405631,35.0,3
MV_A5-Weekday-SDon-107300_M11_631,M11,d0,16,18:16:00,18:16:00,401407,47.0,3
MV_A5-Weekday-SDon-107300_M11_631,M11,d0,17,18:17:34,18:17:34,401408,33.0,3
MV_A5-Weekday-SDon-107300_M11_631,M11,d0,18,18:18:37,18:18:37,401409,38.0,3
MV_A5-Weekday-SDon-107300_M11_631,M11,d0,19,18:19:39,18:19:39,401410,38.0,3
MV_A5-Weekday-SDon-107300_M11_631,M11,d0,20,18:21:24,18:21:24,401411,40.0,3
MV_A5-Weekday-SDon-107300_M11_631,M11,d0,21,18:22:43,18:22:43,401412,34.0,3
MV_A5-Weekday-SDon-107300_M11_631,M11,d0,22,18:23:28,18:23:28,401413,26.0,2
MV_A5-Weekday-SDon-107300_M11_631,M11,d0,23,18:24:52,18:24:52,401414,32.0,2
MV_A5-Weekday-SDon-107300_M11_631,M11,d0,24,18:26:32,18:26:32,401416,28.0,2
MV_A5-Weekday-SDon-107300_M11_631,M11,d0,25,18:27:56,18:27:56,401417,23.0,2
MV_A5-Weekday-SDon-107300_M11_631,M11,d0,26,18:29:00,18:29:00,403472,17.0,2
MV_A5-Weekday-SDon-107300_M11_631,M11,d0,27,18:30:33,18:30:33,403555,27.0,2
MV_A5-Weekday-SDon-107300_M11_631,M11,d0,28,18:33:00,18:33:00,401021,30.0,2
MV_A5-Weekday-SDon-107300_M11_631,M11,d0,29,18:34:10,18:34:10,401022,30.0,3
MV_A5-Weekday-SDon-107300_M11_631,M11,d0,30,18:35:48,18:35:48,401023,40.0,3
MV_A5-Weekday-SDon-107300_M11_631,M11,d0,31,18:36:53,18:36:53,401024,40.0,3
MV_A5-Weekday-SDon-107300_M11_631,M11,d0,32,18:38:08,18:38:08,401025,29.0,3
MV_A5-Weekday-SDon-107300_M11_631,M11,d0,33,18:39:16,18:39:16,401026,43.0,3
MV_A5-Weekday-SDon-107300_M11_631,M11,d0,34,18:41:03,18:41:03,401027,46.0,3
MV_A5-Weekday-SDon-107300_M11_631,M11,d0,35,18:42:25,18:42:25,404320,19.0,3
MV_A5-Weekday-SDon-107300_M11_631,M11,d0,36,18:43:51,18:43:51,401029,38.0,3
MV_A5-Weekday-SDon-107300_M11_631,M11,d0,37,18:44:58,18:44:58,401030,14.0,3
MV_A5-Weekday-SDon-107300_M11_631,M11,d0,38,18:46:44,18:46:44,401031,33.0,3
MV_A5-Weekday-SDon-107300_M11_631,M11,d0,39,18:47:52,18:47:52,401032,33.0,3
MV_A5-Weekday-SDon-107300_M11_631,M11,d0,40,18:49:00,18:49:00,401033,20.0,2
MV_A5-Weekday-SDon-107300_M11_631,M11,d0,41,18:49:47,18:49:47,401034,20.0,2
MV_A5-Weekday-SDon-107300_M11_631,M11,d0,42,18:50:46,18:50:46,401035,19.0,2
MV_A5-Weekday-SDon-107300_M11_631,M11,d0,43,18:51:41,18:51:41,401435,12.0,1
MV_A5-Weekday-SDon-107300_M11_631,M11,d0,44,18:53:00,18:53:00,401436,14.0,1
MV_A5-Weekday-SDon-107300_M11_631,M11,d0,45,18:54:35,18:54:35,401438,14.0,1
MV_A5-Weekday-SDon-107300_M11_631,M11,d0,46,18:55:31,18:55:31,403886,10.0,2
MV_A5-Weekday-SDon-107300_M11_631,M11,d0,47,18:56:37,18:56:37,401440,27.0,2
MV_A5-Weekday-SDon-107300_M11_631,M11,d0,48,18:57:37,18:57:37,401441,27.0,2
MV_A5-Weekday-SDon-107300_M11_631,M11,d0,49,18:58:36,18:58:36,401442,7.0,2
MV_A5-Weekday-SDon-107300_M11_631,M11,d0,50,18:59:49,18:59:49,401443,22.0,2
MV_A5-Weekday-SDon-107300_M11_631,M11,d0,51,19:01:07,19:01:07,403292,21.0,2
MV_A5-Weekday-SDon-107300_M11_631,M11,d0,52,19:01:54,19:01:54,401444,24.0,2
MV_A5-Weekday-SDon-107300_M11_631,M11,d0,53,19:03:00,19:03:00,401446,23.0,2
MV_A5-Weekday-SDon-107300_M11_631,M11,d0,54,19:03:58,19:03:58,401447,22.0,2
MV_A5-Weekday-SDon-107300_M11_631,M11,d0,55,19:05:33,19:05:33,403757,20.0,2
MV_A5-Weekday-SDon-107300_M11_631,M11,d0,56,19:07:00,19:07:00,404011,20.0,2
MV_A5-Weekday-SDon-107300_M11_631,M11,d0,57,19:07:18,19:07:18,404012,20.0,2
MV_A5-Weekday-SDon-107300_M11_631,M11,d0,58,19:07:51,19:07:51,404013,4.0,1
MV_A5-Weekday-SDon-107300_M11_631,M11,d0,59,19:08:08,19:08:08,404056,4.0,1
MV_A5-Weekday-SDon-107300_M11_631,M11,d0,60,19:08:49,19:08:49,404014,4.0,1
MV_A5-Weekday-SDon-107300_M11_631,M11,d0,61,19:09:11,19:09:11,404015,1.0,1
MV_A5-Weekday-SDon-107300_M11_631,M11,d0,62,19:10:00,19:10:00,803194,1.0,1
MV_A5-Weekday-SDon-091500_M11_615,M11,d0,1,15:15:00,15:15:00,405374,2.0,1
MV_A5-Weekday-SDon-091500_M11_615,M11,d0,2,15:16:07,15:16:07,404919,2.0,1
MV_A5-Weekday-SDon-091500_M11_615,M11,d0,3,15:17:23,15:17:23,404872,2.0,1
MV_A5-Weekday-SDon-091500_M11_615,M11,d0,4,15:18:54,15:18:54,404846,2.0,1
MV_A5-Weekday-SDon-091500_M11_615,M11,d0,5,15:20:14,15:20:14,401239,2.0,1
MV_A5-Weekday-SDon-091500_M11_615,M11,d0,6,15:22:00,15:22:00,405393,2.0,1
MV_A5-Weekday-SDon-091500_M11_615,M11,d0,7,15:23:34,15:23:34,903209,2.0,1
MV_A5-Weekday-SDon-091500_M11_615,M11,d0,8,15:24:33,15:24:33,401016,2.0,1
MV_A5-Weekday-SDon-091500_M11_615,M11,d0,9,15:26:00,15:26:00,400747,2.0,1
MV_A5-Weekday-SDon-091500_M11_615,M11,d0,10,15:28:15,15:28:15,403271,2.0,1
MV_A5-Weekday-SDon-091500_M11_615,M11,d0,11,15:30:30,15:30:30,400750,15.0,1
MV_A5-Weekday-SDon-091500_M11_615,M11,d0,12,15:33:33,15:33:33,403103,15.0,1
MV_A5-Weekday-SDon-091500_M11_615,M11,d0,13,15:35:11,15:35:11,403104,15.0,1
MV_A5-Weekday-SDon-091500_M11_615,M11,d0,14,15:36:34,15:36:34,403105,15.0,1
MV_A5-Weekday-SDon-091500_M11_615,M11,d0,15,15:38:00,15:38:00,403106,15.0,1
MV_A5-Weekday-SDon-091500_M11_615,M11,d0,16,15:39:53,15:39:53,403107,15.0,2
MV_A5-Weekday-SDon-091500_M11_615,M11,d0,17,15:41:25,15:41:25,903299,32.0,2
MV_A5-Weekday-SDon-091500_M11_615,M11,d0,18,15:42:28,15:42:28,403109,8.0,2
MV_A5-Weekday-SDon-091500_M11_615,M11,d0,19,15:43:43,15:43:43,403110,31.0,2
MV_A5-Weekday-SDon-091500_M11_615,M11,d0,20,15:45:34,15:45:34,403111,30.0,2
MV_A5-Weekday-SDon-091500_M11_615,M11,d0,21,15:46:50,15:46:50,403112,24.0,3
MV_A5-Weekday-SDon-091500_M11_615,M11,d0,22,15:49:00,15:49:00,405248,33.0,3
MV_A5-Weekday-SDon-091500_M11_615,M11,d0,23,15:50:46,15:50:46,403114,14.0,2
MV_A5-Weekday-SDon-091500_M11_615,M11,d0,24,15:52:26,15:52:26,403115,23.0,2
MV_A5-Weekday-SDon-091500_M11_615,M11,d0,25,15:53:42,15:53:42,403116,19.0,2
MV_A5-Weekday-SDon-091500_M11_615,M11,d0,26,15:55:00,15:55:00,405394,9.0,1
MV_A5-Weekday-SDon-091500_M11_615,M11,d0,27,15:57:10,15:57:10,403118,14.0,1
MV_A5-Weekday-SDon-091500_M11_615,M11,d0,28,15:58:15,15:58:15,403119,9.0,1
MV_A5-Weekday-SDon-091500_M11_615,M11,d0,29,16:00:07,16:00:07,404260,9.0,1
MV_A5-Weekday-SDon-091500_M11_615,M11,d0,30,16:01:35,16:01:35,403122,6.0,1
MV_A5-Weekday-SDon-091500_M11_615,M11,d0,31,16:03:58,16:03:58,404262,4.0,1
MV_A5-Weekday-SDon-091500_M11_615,M11,d0,32,16:05:34,16:05:34,403125,4.0,1
MV_A5-Weekday-SDon-091500_M11_615,M11,d0,33,16:07:24,16:07:24,403126,2.0,1
MV_A5-Weekday-SDon-091500_M11_615,M11,d0,34,16:08:20,16:08:20,403127,2.0,1
MV_A5-Weekday-SDon-091500_M11_615,M11,d0,35,16:11:33,16:11:33,401444,5.0,1
MV_A5-Weekday-SDon-091500_M11_615,M11,d0,36,16:13:00,16:13:00,903352,5.0,1
MV_A5-Weekday-SDon-060100_M11_606,M11,d0,1,10:01:00,10:01:00,401393,4.0,1
MV_A5-Weekday-SDon-060100_M11_606,M11,d0,2,10:01:49,10:01:49,405120,4.0,1
MV_A5-Weekday-SDon-060100_M11_606,M11,d0,3,10:02:32,10:02:32,405167,4.0,1
MV_A5-Weekday-SDon-060100_M11_606,M11,d0,4,10:03:00,10:03:00,405265,3.0,1
MV_A5-Weekday-SDon-060100_M11_606,M11,d0,5,10:04:04,10:04:04,405152,8.0,1
MV_A5-Weekday-SDon-060100_M11_606,M11,d0,6,10:05:42,10:05:42,405151,8.0,1
MV_A5-Weekday-SDon-060100_M11_606,M11,d0,7,10:07:05,10:07:05,404161,8.0,1
MV_A5-Weekday-SDon-060100_M11_606,M11,d0,8,10:07:59,10:07:59,401398,3.0,1
MV_A5-Weekday-SDon-060100_M11_606,M11,d0,9,10:09:00,10:09:00,403802,7.0,1
MV_A5-Weekday-SDon-060100_M11_606,M11,d0,10,10:10:25,10:10:25,401400,6.0,1
MV_A5-Weekday-SDon-060100_M11_606,M11,d0,11,10:11:47,10:11:47,401401,7.0,1
MV_A5-Weekday-SDon-060100_M11_606,M11,d0,12,10:13:51,10:13:51,401402,9.0,1
MV_A5-Weekday-SDon-060100_M11_606,M11,d0,13,10:16:07,10:16:07,401404,14.0,2
MV_A5-Weekday-SDon-060100_M11_606,M11,d0,14,10:18:35,10:18:35,404279,17.0,2
MV_A5-Weekday-SDon-060100_M11_606,M11,d0,15,10:20:13,10:20:13,405631,21.0,2
MV_A5-Weekday-SDon-060100_M11_606,M11,d0,16,10:22:00,10:22:00,401407,20.0,2
MV_A5-Weekday-SDon-060100_M11_606,M11,d0,17,10:23:41,10:23:41,401408,20.0,2
MV_A5-Weekday-SDon-060100_M11_606,M11,d0,18,10:24:49,10:24:49,401409,16.0,1
MV_A5-Weekday-SDon-060100_M11_606,M11,d0,19,10:25:55,10:25:55,401410,16.0,1
MV_A5-Weekday-SDon-060100_M11_606,M11,d0,20,10:27:49,10:27:49,401411,14.0,1
MV_A5-Weekday-SDon-060100_M11_606,M11,d0,21,10:29:14,10:29:14,401412,9.0,2
MV_A5-Weekday-SDon-060100_M11_606,M11,d0,22,10:30:03,10:30:03,401413,17.0,2
MV_A5-Weekday-SDon-060100_M11_606,M11,d0,23,10:31:33,10:31:33,401414,19.0,2
MV_A5-Weekday-SDon-060100_M11_606,M11,d0,24,10:33:21,10:33:21,401416,21.0,2
MV_A5-Weekday-SDon-060100_M11_606,M11,d0,25,10:34:51,10:34:51,401417,11.0,1
MV_A5-Weekday-SDon-060100_M11_606,M11,d0,26,10:36:00,10:36:00,403472,10.0,2
MV_A5-Weekday-SDon-060100_M11_606,M11,d0,27,10:37:10,10:37:10,403555,20.0,2
MV_A5-Weekday-SDon-060100_M11_606,M11,d0,28,10:39:00,10:39:00,401021,20.0,2
MV_A5-Weekday-SDon-060100_M11_606,M11,d0,29,10:40:10,10:40:10,401022,16.0,1
MV_A5-Weekday-SDon-060100_M11_606,M11,d0,30,10:41:48,10:41:48,401023,10.0,2
MV_A5-Weekday-SDon-060100_M11_606,M11,d0,31,10:42:53,10:42:53,401024,20.0,2
MV_A5-Weekday-SDon-060100_M11_606,M11,d0,32,10:44:08,10:44:08,401025,16.0,1
MV_A5-Weekday-SDon-060100_M11_606,M11,d0,33,10:45:16,10:45:16,401026,11.0,2
MV_A5-Weekday-SDon-060100_M11_606,M11,d0,34,10:47:03,10:47:03,401027,20.0,2
MV_A5-Weekday-SDon-060100_M11_606,M11,d0,35,10:48:25,10:48:25,404320,13.0,1
MV_A5-Weekday-SDon-060100_M11_606,M11,d0,36,10:49:51,10:49:51,401029,16.0,2
MV_A5-Weekday-SDon-060100_M11_606,M11,d0,37,10:50:58,10:50:58,401030,21.0,2
MV_A5-Weekday-SDon-060100_M11_606,M11,d0,38,10:52:44,10:52:44,401031,22.0,2
MV_A5-Weekday-SDon-060100_M11_606,M11,d0,39,10:53:52,10:53:52,401032,17.0,2
MV_A5-Weekday-SDon-060100_M11_606,M11,d0,40,10:55:00,10:55:00,401033,20.0,2
MV_A5-Weekday-SDon-060100_M11_606,M11,d0,41,10:55:59,10:55:59,401034,20.0,2
MV_A5-Weekday-SDon-060100_M11_606,M11,d0,42,10:57:13,10:57:13,401035,22.0,2
MV_A5-Weekday-SDon-060100_M11_606,M11,d0,43,10:58:22,10:58:22,401435,25.0,2
MV_A5-Weekday-SDon-060100_M11_606,M11,d0,44,11:00:00,11:00:00,401436,26.0,2
MV_A5-Weekday-SDon-060100_M11_606,M11,d0,45,11:02:04,11:02:04,401438,27.0,3
MV_A5-Weekday-SDon-060100_M11_606,M11,d0,46,11:03:17,11:03:17,403886,34.0,3
MV_A5-Weekday-SDon-060100_M11_606,M11,d0,47,11:04:42,11:04:42,401440,34.0,3
MV_A5-Weekday-SDon-060100_M11_606,M11,d0,48,11:05:59,11:05:59,401441,11.0,2
MV_A5-Weekday-SDon-060100_M11_606,M11,d0,49,11:07:16,11:07:16,401442,31.0,2
MV_A5-Weekday-SDon-060100_M11_606,M11,d0,50,11:08:52,11:08:52,401443,31.0,2
MV_A5-Weekday-SDon-060100_M11_606,M11,d0,51,11:10:33,11:10:33,403292,26.0,2
MV_A5-Weekday-SDon-060100_M11_606,M11,d0,52,11:11:35,11:11:35,401444,6.0,1
MV_A5-Weekday-SDon-060100_M11_606,M11,d0,53,11:13:00,11:13:00,401446,10.0,2
MV_A5-Weekday-SDon-060100_M11_606,M11,d0,54,11:14:12,11:14:12,401447,20.0,2
MV_A5-Weekday-SDon-060100_M11_606,M11,d0,55,11:16:11,11:16:11,403757,7.0,1
MV_A5-Weekday-SDon-060100_M11_606,M11,d0,56,11:18:00,11:18:00,404011,15.0,1
MV_A5-Weekday-SDon-060100_M11_606,M11,d0,57,11:18:18,11:18:18,404012,15.0,1
MV_A5-Weekday-SDon-060100_M11_606,M11,d0,58,11:18:51,11:18:51,404013,13.0,1
MV_A5-Weekday-SDon-060100_M11_606,M11,d0,59,11:19:08,11:19:08,404056,1.0,1
MV_A5-Weekday-SDon-060100_M11_606,M11,d0,60,11:19:49,11:19:49,404014,14.0,1
MV_A5-Weekday-SDon-060100_M11_606,M11,d0,61,11:20:11,11:20:11,404015,11.0,1
MV_A5-Weekday-SDon-060100_M11_606,M11,d0,62,11:21:00,11:21:00,803194,11.0,1
MV_A5-Weekday-044700_M11_609,M11,d0,1,7:27:00,7:27:00,401393,5.0,1
MV_A5-Weekday-044700_M11_609,M11,d0,2,7:27:49,7:27:49,405120,10.0,1
MV_A5-Weekday-044700_M11_609,M11,d0,3,7:28:32,7:28:32,405167,10.0,1
MV_A5-Weekday-044700_M11_609,M11,d0,4,7:29:00,7:29:00,405265,10.0,1
MV_A5-Weekday-044700_M11_609,M11,d0,5,7:29:54,7:29:54,405152,10.0,1
MV_A5-Weekday-044700_M11_609,M11,d0,6,7:31:15,7:31:15,405151,10.0,2
MV_A5-Weekday-044700_M11_609,M11,d0,7,7:32:24,7:32:24,404161,21.0,2
MV_A5-Weekday-044700_M11_609,M11,d0,8,7:33:10,7:33:10,401398,21.0,2
MV_A5-Weekday-044700_M11_609,M11,d0,9,7:34:00,7:34:00,403802,21.0,2
MV_A5-Weekday-044700_M11_609,M11,d0,10,7:35:25,7:35:25,401400,25.0,2
MV_A5-Weekday-044700_M11_609,M11,d0,11,7:36:47,7:36:47,401401,25.0,2
MV_A5-Weekday-044700_M11_609,M11,d0,12,7:38:51,7:38:51,401402,25.0,2
MV_A5-Weekday-044700_M11_609,M11,d0,13,7:41:07,7:41:07,401404,23.0,2
MV_A5-Weekday-044700_M11_609,M11,d0,14,7:43:35,7:43:35,404279,24.0,2
MV_A5-Weekday-044700_M11_609,M11,d0,15,7:45:13,7:45:13,405631,24.0,2
MV_A5-Weekday-044700_M11_609,M11,d0,16,7:47:00,7:47:00,401407,22.0,2
MV_A5-Weekday-044700_M11_609,M11,d0,17,7:48:41,7:48:41,401408,25.0,2
MV_A5-Weekday-044700_M11_609,M11,d0,18,7:49:49,7:49:49,401409,25.0,2
MV_A5-Weekday-044700_M11_609,M11,d0,19,7:50:55,7:50:55,401410,25.0,2
MV_A5-Weekday-044700_M11_609,M11,d0,20,7:52:49,7:52:49,401411,25.0,2
MV_A5-Weekday-044700_M11_609,M11,d0,21,7:54:14,7:54:14,401412,25.0,2
MV_A5-Weekday-044700_M11_609,M11,d0,22,7:55:03,7:55:03,401413,25.0,2
MV_A5-Weekday-044700_M11_609,M11,d0,23,7:56:33,7:56:33,401414,25.0,2
MV_A5-Weekday-044700_M11_609,M11,d0,24,7:58:21,7:58:21,401416,25.0,2
MV_A5-Weekday-044700_M11_609,M11,d0,25,7:59:51,7:59:51,401417,25.0,2
MV_A5-Weekday-044700_M11_609,M11,d0,26,8:01:00,8:01:00,403472,28.0,2
MV_A5-Weekday-044700_M11_609,M11,d0,27,8:02:10,8:02:10,403555,28.0,2
MV_A5-Weekday-044700_M11_609,M11,d0,28,8:04:00,8:04:00,401021,28.0,2
MV_A5-Weekday-044700_M11_609,M11,d0,29,8:05:10,8:05:10,401022,28.0,2
MV_A5-Weekday-044700_M11_609,M11,d0,30,8:06:48,8:06:48,401023,28.0,2
MV_A5-Weekday-044700_M11_609,M11,d0,31,8:07:53,8:07:53,401024,28.0,2
MV_A5-Weekday-044700_M11_609,M11,d0,32,8:09:08,8:09:08,401025,28.0,2
MV_A5-Weekday-044700_M11_609,M11,d0,33,8:10:16,8:10:16,401026,28.0,2
MV_A5-Weekday-044700_M11_609,M11,d0,34,8:12:03,8:12:03,401027,28.0,2
MV_A5-Weekday-044700_M11_609,M11,d0,35,8:13:25,8:13:25,404320,28.0,2
MV_A5-Weekday-044700_M11_609,M11,d0,36,8:14:51,8:14:51,401029,28.0,2
MV_A5-Weekday-044700_M11_609,M11,d0,37,8:15:58,8:15:58,401030,28.0,2
MV_A5-Weekday-044700_M11_609,M11,d0,38,8:17:44,8:17:44,401031,28.0,2
MV_A5-Weekday-044700_M11_609,M11,d0,39,8:18:52,8:18:52,401032,28.0,2
MV_A5-Weekday-044700_M11_609,M11,d0,40,8:20:00,8:20:00,401033,28.0,2
MV_A5-Weekday-044700_M11_609,M11,d0,41,8:20:59,8:20:59,401034,22.0,2
MV_A5-Weekday-044700_M11_609,M11,d0,42,8:22:13,8:22:13,401035,24.0,2
MV_A5-Weekday-044700_M11_609,M11,d0,43,8:23:22,8:23:22,401435,24.0,2
MV_A5-Weekday-044700_M11_609,M11,d0,44,8:25:00,8:25:00,401436,24.0,2
MV_A5-Weekday-044700_M11_609,M11,d0,45,8:26:45,8:26:45,401438,17.0,2
MV_A5-Weekday-044700_M11_609,M11,d0,46,8:27:46,8:27:46,403886,17.0,2
MV_A5-Weekday-044700_M11_609,M11,d0,47,8:28:58,8:28:58,401440,17.0,2
MV_A5-Weekday-044700_M11_609,M11,d0,48,8:30:04,8:30:04,401441,12.0,1
MV_A5-Weekday-044700_M11_609,M11,d0,49,8:31:09,8:31:09,401442,12.0,1
MV_A5-Weekday-044700_M11_609,M11,d0,50,8:32:30,8:32:30,401443,10.0,1
MV_A5-Weekday-044700_M11_609,M11,d0,51,8:33:56,8:33:56,403292,10.0,1
MV_A5-Weekday-044700_M11_609,M11,d0,52,8:34:48,8:34:48,401444,8.0,1
MV_A5-Weekday-044700_M11_609,M11,d0,53,8:36:00,8:36:00,401446,8.0,1
MV_A5-Weekday-044700_M11_609,M11,d0,54,8:37:12,8:37:12,401447,7.0,1
MV_A5-Weekday-044700_M11_609,M11,d0,55,8:39:11,8:39:11,403757,8.0,1
MV_A5-Weekday-044700_M11_609,M11,d0,56,8:41:00,8:41:00,404011,8.0,1
MV_A5-Weekday-044700_M11_609,M11,d0,57,8:41:12,8:41:12,404012,8.0,1
MV_A5-Weekday-044700_M11_609,M11,d0,58,8:41:34,8:41:34,404013,6.0,1
MV_A5-Weekday-044700_M11_609,M11,d0,59,8:41:45,8:41:45,404056,6.0,1
MV_A5-Weekday-044700_M11_609,M11,d0,60,8:42:13,8:42:13,404014,6.0,1
MV_A5-Weekday-044700_M11_609,M11,d0,61,8:42:27,8:42:27,404015,6.0,1
MV_A5-Weekday-044700_M11_609,M11,d0,62,8:43:00,8:43:00,803194,6.0,1
MV_A5-Weekday-111500_M11_621,M11,d0,1,18:35:00,18:35:00,405374,8.0,1
MV_A5-Weekday-111500_M11_621,M11,d0,2,18:36:07,18:36:07,404919,8.0,1
MV_A5-Weekday-111500_M11_621,M11,d0,3,18:37:23,18:37:23,404872,8.0,1
MV_A5-Weekday-111500_M11_621,M11,d0,4,18:38:54,18:38:54,404846,8.0,1
MV_A5-Weekday-111500_M11_621,M11,d0,5,18:40:14,18:40:14,401239,16.0,1
MV_A5-Weekday-111500_M11_621,M11,d0,6,18:42:00,18:42:00,405393,16.0,1
MV_A5-Weekday-111500_M11_621,M11,d0,7,18:43:34,18:43:34,903209,7.0,1
MV_A5-Weekday-111500_M11_621,M11,d0,8,18:44:33,18:44:33,401016,14.0,1
MV_A5-Weekday-111500_M11_621,M11,d0,9,18:46:00,18:46:00,400747,14.0,1
MV_A5-Weekday-111500_M11_621,M11,d0,10,18:48:04,18:48:04,403271,11.0,2
MV_A5-Weekday-111500_M11_621,M11,d0,11,18:50:07,18:50:07,400750,24.0,2
MV_A5-Weekday-111500_M11_621,M11,d0,12,18:52:56,18:52:56,403103,23.0,2
MV_A5-Weekday-111500_M11_621,M11,d0,13,18:54:25,18:54:25,403104,19.0,2
MV_A5-Weekday-111500_M11_621,M11,d0,14,18:55:42,18:55:42,403105,18.0,2
MV_A5-Weekday-111500_M11_621,M11,d0,15,18:57:00,18:57:00,403106,14.0,1
MV_A5-Weekday-111500_M11_621,M11,d0,16,18:58:53,18:58:53,403107,8.0,1
MV_A5-Weekday-111500_M11_621,M11,d0,17,19:00:25,19:00:25,903299,14.0,1
MV_A5-Weekday-111500_M11_621,M11,d0,18,19:01:28,19:01:28,403109,5.0,1
MV_A5-Weekday-111500_M11_621,M11,d0,19,19:02:43,19:02:43,403110,13.0,1
MV_A5-Weekday-111500_M11_621,M11,d0,20,19:04:34,19:04:34,403111,13.0,1
MV_A5-Weekday-111500_M11_621,M11,d0,21,19:05:50,19:05:50,403112,13.0,1
MV_A5-Weekday-111500_M11_621,M11,d0,22,19:08:00,19:08:00,405248,7.0,1
MV_A5-Weekday-111500_M11_621,M11,d0,23,19:09:46,19:09:46,403114,8.0,1
MV_A5-Weekday-111500_M11_621,M11,d0,24,19:11:26,19:11:26,403115,8.0,1
MV_A5-Weekday-111500_M11_621,M11,d0,25,19:12:42,19:12:42,403116,5.0,1
MV_A5-Weekday-111500_M11_621,M11,d0,26,19:14:00,19:14:00,405394,6.0,1
MV_A5-Weekday-111500_M11_621,M11,d0,27,19:15:55,19:15:55,403118,6.0,1
MV_A5-Weekday-111500_M11_621,M11,d0,28,19:16:54,19:16:54,403119,6.0,1
MV_A5-Weekday-111500_M11_621,M11,d0,29,19:18:33,19:18:33,404260,1.0,1
MV_A5-Weekday-111500_M11_621,M11,d0,30,19:19:51,19:19:51,403122,6.0,1
MV_A5-Weekday-111500_M11_621,M11,d0,31,19:21:58,19:21:58,404262,4.0,1
MV_A5-Weekday-111500_M11_621,M11,d0,32,19:23:24,19:23:24,403125,6.0,1
MV_A5-Weekday-111500_M11_621,M11,d0,33,19:25:02,19:25:02,403126,1.0,1
MV_A5-Weekday-111500_M11_621,M11,d0,34,19:25:51,19:25:51,403127,6.0,1
MV_A5-Weekday-111500_M11_621,M11,d0,35,19:28:43,19:28:43,401444,6.0,1
MV_A5-Weekday-111500_M11_621,M11,d0,36,19:30:00,19:30:00,903352,6.0,1
MV_A5-Weekday-SDon-047700_M11_612,M11,d0,1,7:57:00,7:57:00,401393,12.0,1
MV_A5-Weekday-SDon-047700_M11_612,M11,d0,2,7:57:49,7:57:49,405120,12.0,1
MV_A5-Weekday-SDon-047700_M11_612,M11,d0,3,7:58:32,7:58:32,405167,12.0,1
MV_A5-Weekday-SDon-047700_M11_612,M11,d0,4,7:59:00,7:59:00,405265,12.0,1
MV_A5-Weekday-SDon-047700_M11_612,M11,d0,5,8:00:04,8:00:04,405152,12.0,2
MV_A5-Weekday-SDon-047700_M11_612,M11,d0,6,8:01:42,8:01:42,405151,24.0,2
MV_A5-Weekday-SDon-047700_M11_612,M11,d0,7,8:03:05,8:03:05,404161,29.0,2
MV_A5-Weekday-SDon-047700_M11_612,M11,d0,8,8:03:59,8:03:59,401398,29.0,2
MV_A5-Weekday-SDon-047700_M11_612,M11,d0,9,8:05:00,8:05:00,403802,29.0,2
MV_A5-Weekday-SDon-047700_M11_612,M11,d0,10,8:06:25,8:06:25,401400,15.0,1
MV_A5-Weekday-SDon-047700_M11_612,M11,d0,11,8:07:47,8:07:47,401401,15.0,1
MV_A5-Weekday-SDon-047700_M11_612,M11,d0,12,8:09:51,8:09:51,401402,13.0,1
MV_A5-Weekday-SDon-047700_M11_612,M11,d0,13,8:12:07,8:12:07,401404,16.0,2
MV_A5-Weekday-SDon-047700_M11_612,M11,d0,14,8:14:35,8:14:35,404279,19.0,2
MV_A5-Weekday-SDon-047700_M11_612,M11,d0,15,8:16:13,8:16:13,405631,16.0,2
MV_A5-Weekday-SDon-047700_M11_612,M11,d0,16,8:18:00,8:18:00,401407,30.0,2
MV_A5-Weekday-SDon-047700_M11_612,M11,d0,17,8:19:41,8:19:41,401408,30.0,2
MV_A5-Weekday-SDon-047700_M11_612,M11,d0,18,8:20:49,8:20:49,401409,30.0,2
MV_A5-Weekday-SDon-047700_M11_612,M11,d0,19,8:21:55,8:21:55,401410,16.0,2
MV_A5-Weekday-SDon-047700_M11_612,M11,d0,20,8:23:49,8:23:49,401411,30.0,2
MV_A5-Weekday-SDon-047700_M11_612,M11,d0,21,8:25:14,8:25:14,401412,27.0,2
MV_A5-Weekday-SDon-047700_M11_612,M11,d0,22,8:26:03,8:26:03,401413,25.0,2
MV_A5-Weekday-SDon-047700_M11_612,M11,d0,23,8:27:33,8:27:33,401414,25.0,2
MV_A5-Weekday-SDon-047700_M11_612,M11,d0,24,8:29:21,8:29:21,401416,21.0,2
MV_A5-Weekday-SDon-047700_M11_612,M11,d0,25,8:30:51,8:30:51,401417,26.0,2
MV_A5-Weekday-SDon-047700_M11_612,M11,d0,26,8:32:00,8:32:00,403472,26.0,2
MV_A5-Weekday-SDon-047700_M11_612,M11,d0,27,8:33:10,8:33:10,403555,26.0,2
MV_A5-Weekday-SDon-047700_M11_612,M11,d0,28,8:35:00,8:35:00,401021,26.0,2
MV_A5-Weekday-SDon-047700_M11_612,M11,d0,29,8:36:10,8:36:10,401022,26.0,2
MV_A5-Weekday-SDon-047700_M11_612,M11,d0,30,8:37:48,8:37:48,401023,21.0,2
MV_A5-Weekday-SDon-047700_M11_612,M11,d0,31,8:38:53,8:38:53,401024,27.0,2
MV_A5-Weekday-SDon-047700_M11_612,M11,d0,32,8:40:08,8:40:08,401025,27.0,2
MV_A5-Weekday-SDon-047700_M11_612,M11,d0,33,8:41:16,8:41:16,401026,26.0,2
MV_A5-Weekday-SDon-047700_M11_612,M11,d0,34,8:43:03,8:43:03,401027,24.0,2
MV_A5-Weekday-SDon-047700_M11_612,M11,d0,35,8:44:25,8:44:25,404320,24.0,2
MV_A5-Weekday-SDon-047700_M11_612,M11,d0,36,8:45:51,8:45:51,401029,24.0,2
MV_A5-Weekday-SDon-047700_M11_612,M11,d0,37,8:46:58,8:46:58,401030,23.0,2
MV_A5-Weekday-SDon-047700_M11_612,M11,d0,38,8:48:44,8:48:44,401031,23.0,3
MV_A5-Weekday-SDon-047700_M11_612,M11,d0,39,8:49:52,8:49:52,401032,37.0,3
MV_A5-Weekday-SDon-047700_M11_612,M11,d0,40,8:51:00,8:51:00,401033,37.0,3
MV_A5-Weekday-SDon-047700_M11_612,M11,d0,41,8:51:59,8:51:59,401034,36.0,3
MV_A5-Weekday-SDon-047700_M11_612,M11,d0,42,8:53:13,8:53:13,401035,10.0,1
MV_A5-Weekday-SDon-047700_M11_612,M11,d0,43,8:54:22,8:54:22,401435,11.0,1
MV_A5-Weekday-SDon-047700_M11_612,M11,d0,44,8:56:00,8:56:00,401436,11.0,2
MV_A5-Weekday-SDon-047700_M11_612,M11,d0,45,8:57:45,8:57:45,401438,29.0,2
MV_A5-Weekday-SDon-047700_M11_612,M11,d0,46,8:58:46,8:58:46,403886,5.0,1
MV_A5-Weekday-SDon-047700_M11_612,M11,d0,47,8:59:58,8:59:58,401440,15.0,1
MV_A5-Weekday-SDon-047700_M11_612,M11,d0,48,9:01:04,9:01:04,401441,15.0,1
MV_A5-Weekday-SDon-047700_M11_612,M11,d0,49,9:02:09,9:02:09,401442,15.0,1
MV_A5-Weekday-SDon-047700_M11_612,M11,d0,50,9:03:30,9:03:30,401443,14.0,1
MV_A5-Weekday-SDon-047700_M11_612,M11,d0,51,9:04:56,9:04:56,403292,14.0,1
MV_A5-Weekday-SDon-047700_M11_612,M11,d0,52,9:05:48,9:05:48,401444,6.0,1
MV_A5-Weekday-SDon-047700_M11_612,M11,d0,53,9:07:00,9:07:00,401446,5.0,1
MV_A5-Weekday-SDon-047700_M11_612,M11,d0,54,9:08:12,9:08:12,401447,2.0,1
MV_A5-Weekday-SDon-047700_M11_612,M11,d0,55,9:10:11,9:10:11,403757,3.0,1
MV_A5-Weekday-SDon-047700_M11_612,M11,d0,56,9:12:00,9:12:00,404011,3.0,1
MV_A5-Weekday-SDon-047700_M11_612,M11,d0,57,9:12:12,9:12:12,404012,3.0,1
MV_A5-Weekday-SDon-047700_M11_612,M11,d0,58,9:12:34,9:12:34,404013,3.0,1
MV_A5-Weekday-SDon-047700_M11_612,M11,d0,59,9:12:45,9:12:45,404056,1.0,1
MV_A5-Weekday-SDon-047700_M11_612,M11,d0,60,9:13:13,9:13:13,404014,6.0,1
MV_A5-Weekday-SDon-047700_M11_612,M11,d0,61,9:13:27,9:13:27,404015,2.0,1
MV_A5-Weekday-SDon-047700_M11_612,M11,d0,62,9:14:00,9:14:00,803194,2.0,1
MV_A5-Weekday-SDon-040700_M11_605,M11,d0,1,6:47:00,6:47:00,401393,2.0,1
MV_A5-Weekday-SDon-040700_M11_605,M11,d0,2,6:47:49,6:47:49,405120,2.0,1
MV_A5-Weekday-SDon-040700_M11_605,M11,d0,3,6:48:32,6:48:32,405167,4.0,1
MV_A5-Weekday-SDon-040700_M11_605,M11,d0,4,6:49:00,6:49:00,405265,4.0,1
MV_A5-Weekday-SDon-040700_M11_605,M11,d0,5,6:49:54,6:49:54,405152,4.0,1
MV_A5-Weekday-SDon-040700_M11_605,M11,d0,6,6:51:15,6:51:15,405151,5.0,1
MV_A5-Weekday-SDon-040700_M11_605,M11,d0,7,6:52:24,6:52:24,404161,16.0,1
MV_A5-Weekday-SDon-040700_M11_605,M11,d0,8,6:53:10,6:53:10,401398,5.0,2
MV_A5-Weekday-SDon-040700_M11_605,M11,d0,9,6:54:00,6:54:00,403802,18.0,2
MV_A5-Weekday-SDon-040700_M11_605,M11,d0,10,6:54:46,6:54:46,401400,18.0,2
MV_A5-Weekday-SDon-040700_M11_605,M11,d0,11,6:55:30,6:55:30,401401,18.0,2
MV_A5-Weekday-SDon-040700_M11_605,M11,d0,12,6:56:37,6:56:37,401402,11.0,2
MV_A5-Weekday-SDon-040700_M11_605,M11,d0,13,6:57:50,6:57:50,401404,18.0,2
MV_A5-Weekday-SDon-040700_M11_605,M11,d0,14,6:59:10,6:59:10,404279,18.0,2
MV_A5-Weekday-SDon-040700_M11_605,M11,d0,15,7:00:02,7:00:02,405631,32.0,2
MV_A5-Weekday-SDon-040700_M11_605,M11,d0,16,7:01:00,7:01:00,401407,32.0,3
MV_A5-Weekday-SDon-040700_M11_605,M11,d0,17,7:02:34,7:02:34,401408,40.0,3
MV_A5-Weekday-SDon-040700_M11_605,M11,d0,18,7:03:37,7:03:37,401409,40.0,3
MV_A5-Weekday-SDon-040700_M11_605,M11,d0,19,7:04:39,7:04:39,401410,40.0,3
MV_A5-Weekday-SDon-040700_M11_605,M11,d0,20,7:06:24,7:06:24,401411,40.0,3
MV_A5-Weekday-SDon-040700_M11_605,M11,d0,21,7:07:43,7:07:43,401412,40.0,3
MV_A5-Weekday-SDon-040700_M11_605,M11,d0,22,7:08:28,7:08:28,401413,40.0,3
MV_A5-Weekday-SDon-040700_M11_605,M11,d0,23,7:09:52,7:09:52,401414,40.0,3
MV_A5-Weekday-SDon-040700_M11_605,M11,d0,24,7:11:32,7:11:32,401416,40.0,3
MV_A5-Weekday-SDon-040700_M11_605,M11,d0,25,7:12:56,7:12:56,401417,40.0,3
MV_A5-Weekday-SDon-040700_M11_605,M11,d0,26,7:14:00,7:14:00,403472,40.0,3
MV_A5-Weekday-SDon-040700_M11_605,M11,d0,27,7:15:10,7:15:10,403555,40.0,3
MV_A5-Weekday-SDon-040700_M11_605,M11,d0,28,7:17:00,7:17:00,401021,40.0,3
MV_A5-Weekday-SDon-040700_M11_605,M11,d0,29,7:18:05,7:18:05,401022,40.0,3
MV_A5-Weekday-SDon-040700_M11_605,M11,d0,30,7:19:37,7:19:37,401023,40.0,3
MV_A5-Weekday-SDon-040700_M11_605,M11,d0,31,7:20:39,7:20:39,401024,40.0,3
MV_A5-Weekday-SDon-040700_M11_605,M11,d0,32,7:21:49,7:21:49,401025,40.0,3
MV_A5-Weekday-SDon-040700_M11_605,M11,d0,33,7:22:53,7:22:53,401026,40.0,3
MV_A5-Weekday-SDon-040700_M11_605,M11,d0,34,7:24:33,7:24:33,401027,40.0,3
MV_A5-Weekday-SDon-040700_M11_605,M11,d0,35,7:25:50,7:25:50,404320,40.0,3
MV_A5-Weekday-SDon-040700_M11_605,M11,d0,36,7:27:10,7:27:10,401029,40.0,3
MV_A5-Weekday-SDon-040700_M11_605,M11,d0,37,7:28:13,7:28:13,401030,40.0,3
MV_A5-Weekday-SDon-040700_M11_605,M11,d0,38,7:29:52,7:29:52,401031,40.0,3
MV_A5-Weekday-SDon-040700_M11_605,M11,d0,39,7:30:56,7:30:56,401032,40.0,3
MV_A5-Weekday-SDon-040700_M11_605,M11,d0,40,7:32:00,7:32:00,401033,40.0,3
MV_A5-Weekday-SDon-040700_M11_605,M11,d0,41,7:32:59,7:32:59,401034,40.0,3
MV_A5-Weekday-SDon-040700_M11_605,M11,d0,42,7:34:13,7:34:13,401035,40.0,3
MV_A5-Weekday-SDon-040700_M11_605,M11,d0,43,7:35:22,7:35:22,401435,40.0,3
MV_A5-Weekday-SDon-040700_M11_605,M11,d0,44,7:37:00,7:37:00,401436,40.0,3
MV_A5-Weekday-SDon-040700_M11_605,M11,d0,45,7:38:45,7:38:45,401438,40.0,3
MV_A5-Weekday-SDon-040700_M11_605,M11,d0,46,7:39:46,7:39:46,403886,40.0,3
MV_A5-Weekday-SDon-040700_M11_605,M11,d0,47,7:40:58,7:40:58,401440,40.0,3
MV_A5-Weekday-SDon-040700_M11_605,M11,d0,48,7:42:04,7:42:04,401441,40.0,3
MV_A5-Weekday-SDon-040700_M11_605,M11,d0,49,7:43:09,7:43:09,401442,40.0,3
MV_A5-Weekday-SDon-040700_M11_605,M11,d0,50,7:44:30,7:44:30,401443,40.0,3
MV_A5-Weekday-SDon-040700_M11_605,M11,d0,51,7:45:56,7:45:56,403292,40.0,3
MV_A5-Weekday-SDon-040700_M11_605,M11,d0,52,7:46:48,7:46:48,401444,40.0,3
MV_A5-Weekday-SDon-040700_M11_605,M11,d0,53,7:48:00,7:48:00,401446,40.0,3
MV_A5-Weekday-SDon-040700_M11_605,M11,d0,54,7:49:12,7:49:12,401447,40.0,3
MV_A5-Weekday-SDon-040700_M11_605,M11,d0,55,7:51:11,7:51:11,403757,40.0,3
MV_A5-Weekday-SDon-040700_M11_605,M11,d0,56,7:53:00,7:53:00,404011,40.0,3
MV_A5-Weekday-SDon-040700_M11_605,M11,d0,57,7:53:12,7:53:12,404012,40.0,3
MV_A5-Weekday-SDon-040700_M11_605,M11,d0,58,7:53:34,7:53:34,404013,40.0,3
MV_A5-Weekday-SDon-040700_M11_605,M11,d0,59,7:53:45,7:53:45,404056,40.0,3
MV_A5-Weekday-SDon-040700_M11_605,M11,d0,60,7:54:13,7:54:13,404014,27.0,2
MV_A5-Weekday-SDon-040700_M11_605,M11,d0,61,7:54:27,7:54:27,404015,9.0,1
MV_A5-Weekday-SDon-040700_M11_605,M11,d0,62,7:55:00,7:55:00,803194,9.0,1
MV_A5-Weekday-SDon-132000_M11_629,M11,d0,1,22:00:00,22:00:00,405374,2.0,1
MV_A5-Weekday-SDon-132000_M11_629,M11,d0,2,22:01:07,22:01:07,404919,4.0,2
MV_A5-Weekday-SDon-132000_M11_629,M11,d0,3,22:02:23,22:02:23,404872,18.0,2
MV_A5-Weekday-SDon-132000_M11_629,M11,d0,4,22:03:54,22:03:54,404846,7.0,2
MV_A5-Weekday-SDon-132000_M11_629,M11,d0,5,22:05:14,22:05:14,401239,23.0,2
MV_A5-Weekday-SDon-132000_M11_629,M11,d0,6,22:07:00,22:07:00,405393,24.0,2
MV_A5-Weekday-SDon-132000_M11_629,M11,d0,7,22:08:34,22:08:34,903209,24.0,2
MV_A5-Weekday-SDon-132000_M11_629,M11,d0,8,22:09:33,22:09:33,401016,30.0,2
MV_A5-Weekday-SDon-132000_M11_629,M11,d0,9,22:11:00,22:11:00,400747,30.0,2
MV_A5-Weekday-SDon-132000_M11_629,M11,d0,10,22:12:52,22:12:52,403271,30.0,2
MV_A5-Weekday-SDon-132000_M11_629,M11,d0,11,22:14:45,22:14:45,400750,26.0,3
MV_A5-Weekday-SDon-132000_M11_629,M11,d0,12,22:17:18,22:17:18,403103,34.0,3
MV_A5-Weekday-SDon-132000_M11_629,M11,d0,13,22:18:39,22:18:39,403104,34.0,3
MV_A5-Weekday-SDon-132000_M11_629,M11,d0,14,22:19:49,22:19:49,403105,32.0,2
MV_A5-Weekday-SDon-132000_M11_629,M11,d0,15,22:21:00,22:21:00,403106,22.0,2
MV_A5-Weekday-SDon-132000_M11_629,M11,d0,16,22:22:43,22:22:43,403107,22.0,2
MV_A5-Weekday-SDon-132000_M11_629,M11,d0,17,22:24:06,22:24:06,903299,19.0,2
MV_A5-Weekday-SDon-132000_M11_629,M11,d0,18,22:25:04,22:25:04,403109,22.0,2
MV_A5-Weekday-SDon-132000_M11_629,M11,d0,19,22:26:12,22:26:12,403110,18.0,2
MV_A5-Weekday-SDon-132000_M11_629,M11,d0,20,22:27:52,22:27:52,403111,15.0,1
MV_A5-Weekday-SDon-132000_M11_629,M11,d0,21,22:29:02,22:29:02,403112,14.0,1
MV_A5-Weekday-SDon-132000_M11_629,M11,d0,22,22:31:00,22:31:00,405248,9.0,1
MV_A5-Weekday-SDon-132000_M11_629,M11,d0,23,22:32:29,22:32:29,403114,15.0,1
MV_A5-Weekday-SDon-132000_M11_629,M11,d0,24,22:33:51,22:33:51,403115,15.0,1
MV_A5-Weekday-SDon-132000_M11_629,M11,d0,25,22:34:55,22:34:55,403116,14.0,1
MV_A5-Weekday-SDon-132000_M11_629,M11,d0,26,22:36:00,22:36:00,405394,14.0,1
MV_A5-Weekday-SDon-132000_M11_629,M11,d0,27,22:37:34,22:37:34,403118,13.0,1
MV_A5-Weekday-SDon-132000_M11_629,M11,d0,28,22:38:21,22:38:21,403119,9.0,1
MV_A5-Weekday-SDon-132000_M11_629,M11,d0,29,22:39:42,22:39:42,404260,11.0,1
MV_A5-Weekday-SDon-132000_M11_629,M11,d0,30,22:40:46,22:40:46,403122,12.0,1
MV_A5-Weekday-SDon-132000_M11_629,M11,d0,31,22:42:29,22:42:29,404262,12.0,1
MV_A5-Weekday-SDon-132000_M11_629,M11,d0,32,22:43:38,22:43:38,403125,3.0,1
MV_A5-Weekday-SDon-132000_M11_629,M11,d0,33,22:44:58,22:44:58,403126,12.0,1
MV_A5-Weekday-SDon-132000_M11_629,M11,d0,34,22:45:37,22:45:37,403127,12.0,1
MV_A5-Weekday-SDon-132000_M11_629,M11,d0,35,22:47:58,22:47:58,401444,11.0,1
MV_A5-Weekday-SDon-132000_M11_629,M11,d0,36,22:49:00,22:49:00,903352,11.0,1
MV_A5-Weekday-SDon-039700_M11_604,M11,d0,1,6:37:00,6:37:00,401393,3.0,1
MV_A5-Weekday-SDon-039700_M11_604,M11,d0,2,6:37:49,6:37:49,405120,3.0,1
MV_A5-Weekday-SDon-039700_M11_604,M11,d0,3,6:38:32,6:38:32,405167,3.0,1
MV_A5-Weekday-SDon-039700_M11_604,M11,d0,4,6:39:00,6:39:00,405265,3.0,1
MV_A5-Weekday-SDon-039700_M11_604,M11,d0,5,6:39:54,6:39:54,405152,3.0,1
MV_A5-Weekday-SDon-039700_M11_604,M11,d0,6,6:41:15,6:41:15,405151,3.0,1
MV_A5-Weekday-SDon-039700_M11_604,M11,d0,7,6:42:24,6:42:24,404161,3.0,1
MV_A5-Weekday-SDon-039700_M11_604,M11,d0,8,6:43:10,6:43:10,401398,1.0,1
MV_A5-Weekday-SDon-039700_M11_604,M11,d0,9,6:44:00,6:44:00,403802,6.0,1
MV_A5-Weekday-SDon-039700_M11_604,M11,d0,10,6:44:46,6:44:46,401400,3.0,1
MV_A5-Weekday-SDon-039700_M11_604,M11,d0,11,6:45:30,6:45:30,401401,6.0,1
MV_A5-Weekday-SDon-039700_M11_604,M11,d0,12,6:46:37,6:46:37,401402,10.0,1
MV_A5-Weekday-SDon-039700_M11_604,M11,d0,13,6:47:50,6:47:50,401404,11.0,1
MV_A5-Weekday-SDon-039700_M11_604,M11,d0,14,6:49:10,6:49:10,404279,10.0,1
MV_A5-Weekday-SDon-039700_M11_604,M11,d0,15,6:50:02,6:50:02,405631,2.0,2
MV_A5-Weekday-SDon-039700_M11_604,M11,d0,16,6:51:00,6:51:00,401407,19.0,2
MV_A5-Weekday-SDon-039700_M11_604,M11,d0,17,6:52:12,6:52:12,401408,22.0,2
MV_A5-Weekday-SDon-039700_M11_604,M11,d0,18,6:53:01,6:53:01,401409,23.0,2
MV_A5-Weekday-SDon-039700_M11_604,M11,d0,19,6:53:48,6:53:48,401410,24.0,2
MV_A5-Weekday-SDon-039700_M11_604,M11,d0,20,6:55:10,6:55:10,401411,24.0,2
MV_A5-Weekday-SDon-039700_M11_604,M11,d0,21,6:56:10,6:56:10,401412,14.0,2
MV_A5-Weekday-SDon-039700_M11_604,M11,d0,22,6:56:45,6:56:45,401413,25.0,2
MV_A5-Weekday-SDon-039700_M11_604,M11,d0,23,6:57:50,6:57:50,401414,13.0,2
MV_A5-Weekday-SDon-039700_M11_604,M11,d0,24,6:59:06,6:59:06,401416,25.0,2
MV_A5-Weekday-SDon-039700_M11_604,M11,d0,25,7:00:11,7:00:11,401417,25.0,2
MV_A5-Weekday-SDon-039700_M11_604,M11,d0,26,7:01:00,7:01:00,403472,25.0,2
MV_A5-Weekday-SDon-039700_M11_604,M11,d0,27,7:02:10,7:02:10,403555,24.0,2
MV_A5-Weekday-SDon-039700_M11_604,M11,d0,28,7:04:00,7:04:00,401021,24.0,2
MV_A5-Weekday-SDon-039700_M11_604,M11,d0,29,7:05:05,7:05:05,401022,24.0,2
MV_A5-Weekday-SDon-039700_M11_604,M11,d0,30,7:06:37,7:06:37,401023,24.0,2
MV_A5-Weekday-SDon-039700_M11_604,M11,d0,31,7:07:39,7:07:39,401024,24.0,2
MV_A5-Weekday-SDon-039700_M11_604,M11,d0,32,7:08:49,7:08:49,401025,24.0,2
MV_A5-Weekday-SDon-039700_M11_604,M11,d0,33,7:09:53,7:09:53,401026,24.0,2
MV_A5-Weekday-SDon-039700_M11_604,M11,d0,34,7:11:33,7:11:33,401027,24.0,2
MV_A5-Weekday-SDon-039700_M11_604,M11,d0,35,7:12:50,7:12:50,404320,24.0,2
MV_A5-Weekday-SDon-039700_M11_604,M11,d0,36,7:14:10,7:14:10,401029,24.0,2
MV_A5-Weekday-SDon-039700_M11_604,M11,d0,37,7:15:13,7:15:13,401030,24.0,2
MV_A5-Weekday-SDon-039700_M11_604,M11,d0,38,7:16:52,7:16:52,401031,24.0,2
MV_A5-Weekday-SDon-039700_M11_604,M11,d0,39,7:17:56,7:17:56,401032,24.0,2
MV_A5-Weekday-SDon-039700_M11_604,M11,d0,40,7:19:00,7:19:00,401033,24.0,2
MV_A5-Weekday-SDon-039700_M11_604,M11,d0,41,7:19:47,7:19:47,401034,24.0,2
MV_A5-Weekday-SDon-039700_M11_604,M11,d0,42,7:20:46,7:20:46,401035,24.0,2
MV_A5-Weekday-SDon-039700_M11_604,M11,d0,43,7:21:41,7:21:41,401435,24.0,2
MV_A5-Weekday-SDon-039700_M11_604,M11,d0,44,7:23:00,7:23:00,401436,24.0,2
MV_A5-Weekday-SDon-039700_M11_604,M11,d0,45,7:24:54,7:24:54,401438,24.0,2
MV_A5-Weekday-SDon-039700_M11_604,M11,d0,46,7:26:01,7:26:01,403886,24.0,2
MV_A5-Weekday-SDon-039700_M11_604,M11,d0,47,7:27:20,7:27:20,401440,24.0,2
MV_A5-Weekday-SDon-039700_M11_604,M11,d0,48,7:28:32,7:28:32,401441,24.0,2
MV_A5-Weekday-SDon-039700_M11_604,M11,d0,49,7:29:43,7:29:43,401442,24.0,2
MV_A5-Weekday-SDon-039700_M11_604,M11,d0,50,7:31:11,7:31:11,401443,24.0,2
MV_A5-Weekday-SDon-039700_M11_604,M11,d0,51,7:32:44,7:32:44,403292,24.0,2
MV_A5-Weekday-SDon-039700_M11_604,M11,d0,52,7:33:41,7:33:41,401444,24.0,2
MV_A5-Weekday-SDon-039700_M11_604,M11,d0,53,7:35:00,7:35:00,401446,24.0,2
MV_A5-Weekday-SDon-039700_M11_604,M11,d0,54,7:36:12,7:36:12,401447,24.0,2
MV_A5-Weekday-SDon-039700_M11_604,M11,d0,55,7:38:11,7:38:11,403757,24.0,2
MV_A5-Weekday-SDon-039700_M11_604,M11,d0,56,7:40:00,7:40:00,404011,24.0,2
MV_A5-Weekday-SDon-039700_M11_604,M11,d0,57,7:40:12,7:40:12,404012,24.0,2
MV_A5-Weekday-SDon-039700_M11_604,M11,d0,58,7:40:34,7:40:34,404013,24.0,2
MV_A5-Weekday-SDon-039700_M11_604,M11,d0,59,7:40:45,7:40:45,404056,24.0,2
MV_A5-Weekday-SDon-039700_M11_604,M11,d0,60,7:41:13,7:41:13,404014,24.0,2
MV_A5-Weekday-SDon-039700_M11_604,M11,d0,61,7:41:27,7:41:27,404015,24.0,2
MV_A5-Weekday-SDon-039700_M11_604,M11,d0,62,7:42:00,7:42:00,803194,24.0,2
MV_A5-Weekday-SDon-049700_M11_614,M11,d0,1,8:17:00,8:17:00,401393,4.0,1
MV_A5-Weekday-SDon-049700_M11_614,M11,d0,2,8:17:49,8:17:49,405120,16.0,1
MV_A5-Weekday-SDon-049700_M11_614,M11,d0,3,8:18:32,8:18:32,405167,16.0,1
MV_A5-Weekday-SDon-049700_M11_614,M11,d0,4,8:19:00,8:19:00,405265,16.0,1
MV_A5-Weekday-SDon-049700_M11_614,M11,d0,5,8:20:04,8:20:04,405152,6.0,1
MV_A5-Weekday-SDon-049700_M11_614,M11,d0,6,8:21:42,8:21:42,405151,8.0,1
MV_A5-Weekday-SDon-049700_M11_614,M11,d0,7,8:23:05,8:23:05,404161,8.0,1
MV_A5-Weekday-SDon-049700_M11_614,M11,d0,8,8:23:59,8:23:59,401398,15.0,1
MV_A5-Weekday-SDon-049700_M11_614,M11,d0,9,8:25:00,8:25:00,403802,15.0,1
MV_A5-Weekday-SDon-049700_M11_614,M11,d0,10,8:26:25,8:26:25,401400,14.0,2
MV_A5-Weekday-SDon-049700_M11_614,M11,d0,11,8:27:47,8:27:47,401401,21.0,2
MV_A5-Weekday-SDon-049700_M11_614,M11,d0,12,8:29:51,8:29:51,401402,21.0,2
MV_A5-Weekday-SDon-049700_M11_614,M11,d0,13,8:32:07,8:32:07,401404,18.0,2
MV_A5-Weekday-SDon-049700_M11_614,M11,d0,14,8:34:35,8:34:35,404279,21.0,2
MV_A5-Weekday-SDon-049700_M11_614,M11,d0,15,8:36:13,8:36:13,405631,25.0,2
MV_A5-Weekday-SDon-049700_M11_614,M11,d0,16,8:38:00,8:38:00,401407,21.0,2
MV_A5-Weekday-SDon-049700_M11_614,M11,d0,17,8:39:41,8:39:41,401408,28.0,2
MV_A5-Weekday-SDon-049700_M11_614,M11,d0,18,8:40:49,8:40:49,401409,32.0,2
MV_A5-Weekday-SDon-049700_M11_614,M11,d0,19,8:41:55,8:41:55,401410,12.0,2
MV_A5-Weekday-SDon-049700_M11_614,M11,d0,20,8:43:49,8:43:49,401411,28.0,2
MV_A5-Weekday-SDon-049700_M11_614,M11,d0,21,8:45:14,8:45:14,401412,28.0,2
MV_A5-Weekday-SDon-049700_M11_614,M11,d0,22,8:46:03,8:46:03,401413,21.0,2
MV_A5-Weekday-SDon-049700_M11_614,M11,d0,23,8:47:33,8:47:33,401414,25.0,2
MV_A5-Weekday-SDon-049700_M11_614,M11,d0,24,8:49:21,8:49:21,401416,12.0,2
MV_A5-Weekday-SDon-049700_M11_614,M11,d0,25,8:50:51,8:50:51,401417,23.0,2
MV_A5-Weekday-SDon-049700_M11_614,M11,d0,26,8:52:00,8:52:00,403472,6.0,2
MV_A5-Weekday-SDon-049700_M11_614,M11,d0,27,8:53:10,8:53:10,403555,23.0,2
MV_A5-Weekday-SDon-049700_M11_614,M11,d0,28,8:55:00,8:55:00,401021,16.0,2
MV_A5-Weekday-SDon-049700_M11_614,M11,d0,29,8:56:10,8:56:10,401022,18.0,2
MV_A5-Weekday-SDon-049700_M11_614,M11,d0,30,8:57:48,8:57:48,401023,18.0,2
MV_A5-Weekday-SDon-049700_M11_614,M11,d0,31,8:58:53,8:58:53,401024,19.0,2
MV_A5-Weekday-SDon-049700_M11_614,M11,d0,32,9:00:08,9:00:08,401025,10.0,2
MV_A5-Weekday-SDon-049700_M11_614,M11,d0,33,9:01:16,9:01:16,401026,19.0,2
MV_A5-Weekday-SDon-049700_M11_614,M11,d0,34,9:03:03,9:03:03,401027,12.0,1
MV_A5-Weekday-SDon-049700_M11_614,M11,d0,35,9:04:25,9:04:25,404320,10.0,1
MV_A5-Weekday-SDon-049700_M11_614,M11,d0,36,9:05:51,9:05:51,401029,14.0,1
MV_A5-Weekday-SDon-049700_M11_614,M11,d0,37,9:06:58,9:06:58,401030,11.0,1
MV_A5-Weekday-SDon-049700_M11_614,M11,d0,38,9:08:44,9:08:44,401031,11.0,1
MV_A5-Weekday-SDon-049700_M11_614,M11,d0,39,9:09:52,9:09:52,401032,10.0,1
MV_A5-Weekday-SDon-049700_M11_614,M11,d0,40,9:11:00,9:11:00,401033,11.0,1
MV_A5-Weekday-SDon-049700_M11_614,M11,d0,41,9:11:59,9:11:59,401034,11.0,1
MV_A5-Weekday-SDon-049700_M11_614,M11,d0,42,9:13:13,9:13:13,401035,12.0,1
MV_A5-Weekday-SDon-049700_M11_614,M11,d0,43,9:14:22,9:14:22,401435,9.0,1
MV_A5-Weekday-SDon-049700_M11_614,M11,d0,44,9:16:00,9:16:00,401436,6.0,1
MV_A5-Weekday-SDon-049700_M11_614,M11,d0,45,9:17:45,9:17:45,401438,4.0,1
MV_A5-Weekday-SDon-049700_M11_614,M11,d0,46,9:18:46,9:18:46,403886,8.0,1
MV_A5-Weekday-SDon-049700_M11_614,M11,d0,47,9:19:58,9:19:58,401440,1.0,1
MV_A5-Weekday-SDon-049700_M11_614,M11,d0,48,9:21:04,9:21:04,401441,3.0,1
MV_A5-Weekday-SDon-049700_M11_614,M11,d0,49,9:22:09,9:22:09,401442,1.0,1
MV_A5-Weekday-SDon-049700_M11_614,M11,d0,50,9:23:30,9:23:30,401443,1.0,1
MV_A5-Weekday-SDon-049700_M11_614,M11,d0,51,9:24:56,9:24:56,403292,2.0,1
MV_A5-Weekday-SDon-049700_M11_614,M11,d0,52,9:25:48,9:25:48,401444,5.0,1
MV_A5-Weekday-SDon-049700_M11_614,M11,d0,53,9:27:00,9:27:00,401446,2.0,1
MV_A5-Weekday-SDon-049700_M11_614,M11,d0,54,9:28:12,9:28:12,401447,3.0,1
MV_A5-Weekday-SDon-049700_M11_614,M11,d0,55,9:30:11,9:30:11,403757,4.0,1
MV_A5-Weekday-SDon-049700_M11_614,M11,d0,56,9:32:00,9:32:00,404011,4.0,1
MV_A5-Weekday-SDon-049700_M11_614,M11,d0,57,9:32:12,9:32:12,404012,4.0,1
MV_A5-Weekday-SDon-049700_M11_614,M11,d0,58,9:32:34,9:32:34,404013,4.0,1
MV_A5-Weekday-SDon-049700_M11_614,M11,d0,59,9:32:45,9:32:45,404056,4.0,1
MV_A5-Weekday-SDon-049700_M11_614,M11,d0,60,9:33:13,9:33:13,404014,2.0,1
MV_A5-Weekday-SDon-049700_M11_614,M11,d0,61,9:33:27,9:33:27,404015,2.0,1
MV_A5-Weekday-SDon-049700_M11_614,M11,d0,62,9:34:00,9:34:00,803194,2.0,1
MV_A5-Weekday-SDon-073300_M11_623,M11,d0,1,12:13:00,12:13:00,401393,3.0,1
MV_A5-Weekday-SDon-073300_M11_623,M11,d0,2,12:13:49,12:13:49,405120,4.0,1
MV_A5-Weekday-SDon-073300_M11_623,M11,d0,3,12:14:32,12:14:32,405167,4.0,1
MV_A5-Weekday-SDon-073300_M11_623,M11,d0,4,12:15:00,12:15:00,405265,5.0,1
MV_A5-Weekday-SDon-073300_M11_623,M11,d0,5,12:16:15,12:16:15,405152,9.0,1
MV_A5-Weekday-SDon-073300_M11_623,M11,d0,6,12:18:09,12:18:09,405151,11.0,1
MV_A5-Weekday-SDon-073300_M11_623,M11,d0,7,12:19:46,12:19:46,404161,12.0,1
MV_A5-Weekday-SDon-073300_M11_623,M11,d0,8,12:20:49,12:20:49,401398,12.0,1
MV_A5-Weekday-SDon-073300_M11_623,M11,d0,9,12:22:00,12:22:00,403802,15.0,2
MV_A5-Weekday-SDon-073300_M11_623,M11,d0,10,12:23:25,12:23:25,401400,20.0,2
MV_A5-Weekday-SDon-073300_M11_623,M11,d0,11,12:24:47,12:24:47,401401,23.0,2
MV_A5-Weekday-SDon-073300_M11_623,M11,d0,12,12:26:51,12:26:51,401402,25.0,2
MV_A5-Weekday-SDon-073300_M11_623,M11,d0,13,12:29:07,12:29:07,401404,29.0,2
MV_A5-Weekday-SDon-073300_M11_623,M11,d0,14,12:31:35,12:31:35,404279,14.0,2
MV_A5-Weekday-SDon-073300_M11_623,M11,d0,15,12:33:13,12:33:13,405631,30.0,3
MV_A5-Weekday-SDon-073300_M11_623,M11,d0,16,12:35:00,12:35:00,401407,42.0,3
MV_A5-Weekday-SDon-073300_M11_623,M11,d0,17,12:36:48,12:36:48,401408,41.0,3
MV_A5-Weekday-SDon-073300_M11_623,M11,d0,18,12:38:01,12:38:01,401409,42.0,3
MV_A5-Weekday-SDon-073300_M11_623,M11,d0,19,12:39:12,12:39:12,401410,48.0,3
MV_A5-Weekday-SDon-073300_M11_623,M11,d0,20,12:41:14,12:41:14,401411,13.0,4
MV_A5-Weekday-SDon-073300_M11_623,M11,d0,21,12:42:45,12:42:45,401412,53.0,4
MV_A5-Weekday-SDon-073300_M11_623,M11,d0,22,12:43:37,12:43:37,401413,46.0,3
MV_A5-Weekday-SDon-073300_M11_623,M11,d0,23,12:45:14,12:45:14,401414,41.0,3
MV_A5-Weekday-SDon-073300_M11_623,M11,d0,24,12:47:09,12:47:09,401416,24.0,3
MV_A5-Weekday-SDon-073300_M11_623,M11,d0,25,12:48:46,12:48:46,401417,34.0,3
MV_A5-Weekday-SDon-073300_M11_623,M11,d0,26,12:50:00,12:50:00,403472,27.0,2
MV_A5-Weekday-SDon-073300_M11_623,M11,d0,27,12:51:33,12:51:33,403555,27.0,2
MV_A5-Weekday-SDon-073300_M11_623,M11,d0,28,12:54:00,12:54:00,401021,15.0,3
MV_A5-Weekday-SDon-073300_M11_623,M11,d0,29,12:55:14,12:55:14,401022,35.0,3
MV_A5-Weekday-SDon-073300_M11_623,M11,d0,30,12:56:58,12:56:58,401023,35.0,3
MV_A5-Weekday-SDon-073300_M11_623,M11,d0,31,12:58:08,12:58:08,401024,34.0,3
MV_A5-Weekday-SDon-073300_M11_623,M11,d0,32,12:59:28,12:59:28,401025,33.0,3
MV_A5-Weekday-SDon-073300_M11_623,M11,d0,33,13:00:40,13:00:40,401026,35.0,3
MV_A5-Weekday-SDon-073300_M11_623,M11,d0,34,13:02:33,13:02:33,401027,38.0,3
MV_A5-Weekday-SDon-073300_M11_623,M11,d0,35,13:04:01,13:04:01,404320,38.0,3
MV_A5-Weekday-SDon-073300_M11_623,M11,d0,36,13:05:31,13:05:31,401029,34.0,3
MV_A5-Weekday-SDon-073300_M11_623,M11,d0,37,13:06:43,13:06:43,401030,22.0,2
MV_A5-Weekday-SDon-073300_M11_623,M11,d0,38,13:08:35,13:08:35,401031,28.0,2
MV_A5-Weekday-SDon-073300_M11_623,M11,d0,39,13:09:48,13:09:48,401032,30.0,2
MV_A5-Weekday-SDon-073300_M11_623,M11,d0,40,13:11:00,13:11:00,401033,30.0,2
MV_A5-Weekday-SDon-073300_M11_623,M11,d0,41,13:11:59,13:11:59,401034,30.0,2
MV_A5-Weekday-SDon-073300_M11_623,M11,d0,42,13:13:13,13:13:13,401035,28.0,2
MV_A5-Weekday-SDon-073300_M11_623,M11,d0,43,13:14:22,13:14:22,401435,28.0,2
MV_A5-Weekday-SDon-073300_M11_623,M11,d0,44,13:16:00,13:16:00,401436,28.0,2
MV_A5-Weekday-SDon-073300_M11_623,M11,d0,45,13:18:04,13:18:04,401438,28.0,2
MV_A5-Weekday-SDon-073300_M11_623,M11,d0,46,13:19:17,13:19:17,403886,24.0,2
MV_A5-Weekday-SDon-073300_M11_623,M11,d0,47,13:20:42,13:20:42,401440,22.0,2
MV_A5-Weekday-SDon-073300_M11_623,M11,d0,48,13:21:59,13:21:59,401441,22.0,2
MV_A5-Weekday-SDon-073300_M11_623,M11,d0,49,13:23:16,13:23:16,401442,22.0,2
MV_A5-Weekday-SDon-073300_M11_623,M11,d0,50,13:24:52,13:24:52,401443,22.0,2
MV_A5-Weekday-SDon-073300_M11_623,M11,d0,51,13:26:33,13:26:33,403292,4.0,1
MV_A5-Weekday-SDon-073300_M11_623,M11,d0,52,13:27:35,13:27:35,401444,4.0,1
MV_A5-Weekday-SDon-073300_M11_623,M11,d0,53,13:29:00,13:29:00,401446,4.0,1
MV_A5-Weekday-SDon-073300_M11_623,M11,d0,54,13:30:12,13:30:12,401447,4.0,1
MV_A5-Weekday-SDon-073300_M11_623,M11,d0,55,13:32:11,13:32:11,403757,4.0,1
MV_A5-Weekday-SDon-073300_M11_623,M11,d0,56,13:34:00,13:34:00,404011,4.0,1
MV_A5-Weekday-SDon-073300_M11_623,M11,d0,57,13:34:18,13:34:18,404012,4.0,1
MV_A5-Weekday-SDon-073300_M11_623,M11,d0,58,13:34:51,13:34:51,404013,4.0,1
MV_A5-Weekday-SDon-073300_M11_623,M11,d0,59,13:35:08,13:35:08,404056,4.0,1
MV_A5-Weekday-SDon-073300_M11_623,M11,d0,60,13:35:49,13:35:49,404014,4.0,1
MV_A5-Weekday-SDon-073300_M11_623,M11,d0,61,13:36:11,13:36:11,404015,4.0,1
MV_A5-Weekday-SDon-073300_M11_623,M11,d0,62,13:37:00,13:37:00,803194,4.0,1
MV_A5-Weekday-117500_M11_625,M11,d0,1,19:35:00,19:35:00,401393,1.0,1
MV_A5-Weekday-117500_M11_625,M11,d0,2,19:35:49,19:35:49,405120,1.0,1
MV_A5-Weekday-117500_M11_625,M11,d0,3,19:36:32,19:36:32,405167,1.0,1
MV_A5-Weekday-117500_M11_625,M11,d0,4,19:37:00,19:37:00,405265,1.0,1
MV_A5-Weekday-117500_M11_625,M11,d0,5,19:38:15,19:38:15,405152,6.0,1
MV_A5-Weekday-117500_M11_625,M11,d0,6,19:40:09,19:40:09,405151,8.0,1
MV_A5-Weekday-117500_M11_625,M11,d0,7,19:41:46,19:41:46,404161,8.0,1
MV_A5-Weekday-117500_M11_625,M11,d0,8,19:42:49,19:42:49,401398,9.0,1
MV_A5-Weekday-117500_M11_625,M11,d0,9,19:44:00,19:44:00,403802,12.0,1
MV_A5-Weekday-117500_M11_625,M11,d0,10,19:44:59,19:44:59,401400,12.0,1
MV_A5-Weekday-117500_M11_625,M11,d0,11,19:45:56,19:45:56,401401,16.0,2
MV_A5-Weekday-117500_M11_625,M11,d0,12,19:47:22,19:47:22,401402,22.0,2
MV_A5-Weekday-117500_M11_625,M11,d0,13,19:48:56,19:48:56,401404,29.0,3
MV_A5-Weekday-117500_M11_625,M11,d0,14,19:50:38,19:50:38,404279,33.0,3
MV_A5-Weekday-117500_M11_625,M11,d0,15,19:51:46,19:51:46,405631,33.0,3
MV_A5-Weekday-117500_M11_625,M11,d0,16,19:53:00,19:53:00,401407,33.0,3
MV_A5-Weekday-117500_M11_625,M11,d0,17,19:54:19,19:54:19,401408,33.0,3
MV_A5-Weekday-117500_M11_625,M11,d0,18,19:55:13,19:55:13,401409,33.0,3
MV_A5-Weekday-117500_M11_625,M11,d0,19,19:56:05,19:56:05,401410,25.0,2
MV_A5-Weekday-117500_M11_625,M11,d0,20,19:57:35,19:57:35,401411,29.0,2
MV_A5-Weekday-117500_M11_625,M11,d0,21,19:58:41,19:58:41,401412,22.0,2
MV_A5-Weekday-117500_M11_625,M11,d0,22,19:59:19,19:59:19,401413,27.0,2
MV_A5-Weekday-117500_M11_625,M11,d0,23,20:00:31,20:00:31,401414,24.0,2
MV_A5-Weekday-117500_M11_625,M11,d0,24,20:01:55,20:01:55,401416,24.0,2
MV_A5-Weekday-117500_M11_625,M11,d0,25,20:03:06,20:03:06,401417,15.0,2
MV_A5-Weekday-117500_M11_625,M11,d0,26,20:04:00,20:04:00,403472,24.0,2
MV_A5-Weekday-117500_M11_625,M11,d0,27,20:05:10,20:05:10,403555,19.0,2
MV_A5-Weekday-117500_M11_625,M11,d0,28,20:07:00,20:07:00,401021,27.0,2
MV_A5-Weekday-117500_M11_625,M11,d0,29,20:08:01,20:08:01,401022,27.0,2
MV_A5-Weekday-117500_M11_625,M11,d0,30,20:09:27,20:09:27,401023,27.0,2
MV_A5-Weekday-117500_M11_625,M11,d0,31,20:10:24,20:10:24,401024,26.0,2
MV_A5-Weekday-117500_M11_625,M11,d0,32,20:11:30,20:11:30,401025,26.0,2
MV_A5-Weekday-117500_M11_625,M11,d0,33,20:12:29,20:12:29,401026,21.0,2
MV_A5-Weekday-117500_M11_625,M11,d0,34,20:14:03,20:14:03,401027,20.0,2
MV_A5-Weekday-117500_M11_625,M11,d0,35,20:15:15,20:15:15,404320,20.0,2
MV_A5-Weekday-117500_M11_625,M11,d0,36,20:16:29,20:16:29,401029,19.0,2
MV_A5-Weekday-117500_M11_625,M11,d0,37,20:17:28,20:17:28,401030,18.0,2
MV_A5-Weekday-117500_M11_625,M11,d0,38,20:19:01,20:19:01,401031,7.0,1
MV_A5-Weekday-117500_M11_625,M11,d0,39,20:20:01,20:20:01,401032,16.0,1
MV_A5-Weekday-117500_M11_625,M11,d0,40,20:21:00,20:21:00,401033,16.0,1
MV_A5-Weekday-117500_M11_625,M11,d0,41,20:21:47,20:21:47,401034,10.0,1
MV_A5-Weekday-117500_M11_625,M11,d0,42,20:22:46,20:22:46,401035,5.0,1
MV_A5-Weekday-117500_M11_625,M11,d0,43,20:23:41,20:23:41,401435,7.0,1
MV_A5-Weekday-117500_M11_625,M11,d0,44,20:25:00,20:25:00,401436,8.0,1
MV_A5-Weekday-117500_M11_625,M11,d0,45,20:26:35,20:26:35,401438,8.0,1
MV_A5-Weekday-117500_M11_625,M11,d0,46,20:27:31,20:27:31,403886,1.0,1
MV_A5-Weekday-117500_M11_625,M11,d0,47,20:28:37,20:28:37,401440,8.0,1
MV_A5-Weekday-117500_M11_625,M11,d0,48,20:29:37,20:29:37,401441,1.0,1
MV_A5-Weekday-117500_M11_625,M11,d0,49,20:30:36,20:30:36,401442,8.0,1
MV_A5-Weekday-117500_M11_625,M11,d0,50,20:31:49,20:31:49,401443,1.0,1
MV_A5-Weekday-117500_M11_625,M11,d0,51,20:33:07,20:33:07,403292,7.0,1
MV_A5-Weekday-117500_M11_625,M11,d0,52,20:33:54,20:33:54,401444,7.0,1
MV_A5-Weekday-117500_M11_625,M11,d0,53,20:35:00,20:35:00,401446,7.0,1
MV_A5-Weekday-117500_M11_625,M11,d0,54,20:35:58,20:35:58,401447,7.0,1
MV_A5-Weekday-117500_M11_625,M11,d0,55,20:37:33,20:37:33,403757,3.0,1
MV_A5-Weekday-117500_M11_625,M11,d0,56,20:39:00,20:39:00,404011,3.0,1
MV_A5-Weekday-117500_M11_625,M11,d0,57,20:39:18,20:39:18,404012,1.0,1
MV_A5-Weekday-117500_M11_625,M11,d0,58,20:39:51,20:39:51,404013,3.0,1
MV_A5-Weekday-117500_M11_625,M11,d0,59,20:40:08,20:40:08,404056,3.0,1
MV_A5-Weekday-117500_M11_625,M11,d0,60,20:40:49,20:40:49,404014,3.0,1
MV_A5-Weekday-117500_M11_625,M11,d0,61,20:41:11,20:41:11,404015,1.0,1
MV_A5-Weekday-117500_M11_625,M11,d0,62,20:42:00,20:42:00,803194,1.0,1
MV_A5-Weekday-138000_M11_634,M11,d0,1,23:00:00,23:00:00,405374,3.0,1
MV_A5-Weekday-138000_M11_634,M11,d0,2,23:01:01,23:01:01,404919,3.0,1
MV_A5-Weekday-138000_M11_634,M11,d0,3,23:02:10,23:02:10,404872,5.0,1
MV_A5-Weekday-138000_M11_634,M11,d0,4,23:03:32,23:03:32,404846,8.0,1
MV_A5-Weekday-138000_M11_634,M11,d0,5,23:04:45,23:04:45,401239,4.0,1
MV_A5-Weekday-138000_M11_634,M11,d0,6,23:06:22,23:06:22,405393,8.0,1
MV_A5-Weekday-138000_M11_634,M11,d0,7,23:07:47,23:07:47,903209,8.0,1
MV_A5-Weekday-138000_M11_634,M11,d0,8,23:08:41,23:08:41,401016,8.0,1
MV_A5-Weekday-138000_M11_634,M11,d0,9,23:10:00,23:10:00,400747,2.0,1
MV_A5-Weekday-138000_M11_634,M11,d0,10,23:11:30,23:11:30,403271,7.0,1
MV_A5-Weekday-138000_M11_634,M11,d0,11,23:13:00,23:13:00,400750,7.0,1
MV_A5-Weekday-138000_M11_634,M11,d0,12,23:15:02,23:15:02,403103,7.0,1
MV_A5-Weekday-138000_M11_634,M11,d0,13,23:16:07,23:16:07,403104,6.0,1
MV_A5-Weekday-138000_M11_634,M11,d0,14,23:17:03,23:17:03,403105,2.0,1
MV_A5-Weekday-138000_M11_634,M11,d0,15,23:18:00,23:18:00,403106,6.0,1
MV_A5-Weekday-138000_M11_634,M11,d0,16,23:19:33,23:19:33,403107,7.0,1
MV_A5-Weekday-138000_M11_634,M11,d0,17,23:20:47,23:20:47,903299,7.0,1
MV_A5-Weekday-138000_M11_634,M11,d0,18,23:21:39,23:21:39,403109,7.0,1
MV_A5-Weekday-138000_M11_634,M11,d0,19,23:22:41,23:22:41,403110,2.0,1
MV_A5-Weekday-138000_M11_634,M11,d0,20,23:24:11,23:24:11,403111,6.0,1
MV_A5-Weekday-138000_M11_634,M11,d0,21,23:25:14,23:25:14,403112,6.0,1
MV_A5-Weekday-138000_M11_634,M11,d0,22,23:27:00,23:27:00,405248,7.0,1
MV_A5-Weekday-138000_M11_634,M11,d0,23,23:28:11,23:28:11,403114,6.0,1
MV_A5-Weekday-138000_M11_634,M11,d0,24,23:29:17,23:29:17,403115,6.0,1
MV_A5-Weekday-138000_M11_634,M11,d0,25,23:30:08,23:30:08,403116,2.0,1
MV_A5-Weekday-138000_M11_634,M11,d0,26,23:31:00,23:31:00,405394,6.0,1
MV_A5-Weekday-138000_M11_634,M11,d0,27,23:32:19,23:32:19,403118,4.0,1
MV_A5-Weekday-138000_M11_634,M11,d0,28,23:32:59,23:32:59,403119,2.0,1
MV_A5-Weekday-138000_M11_634,M11,d0,29,23:34:08,23:34:08,404260,4.0,1
MV_A5-Weekday-138000_M11_634,M11,d0,30,23:35:02,23:35:02,403122,4.0,1
MV_A5-Weekday-138000_M11_634,M11,d0,31,23:36:29,23:36:29,404262,2.0,1
MV_A5-Weekday-138000_M11_634,M11,d0,32,23:37:28,23:37:28,403125,3.0,1
MV_A5-Weekday-138000_M11_634,M11,d0,33,23:38:35,23:38:35,403126,2.0,1
MV_A5-Weekday-138000_M11_634,M11,d0,34,23:39:09,23:39:09,403127,2.0,1
MV_A5-Weekday-138000_M11_634,M11,d0,35,23:41:07,23:41:07,401444,2.0,1
MV_A5-Weekday-138000_M11_634,M11,d0,36,23:42:00,23:42:00,903352,2.0,1
MV_A5-Weekday-SDon-058900_M11_605,M11,d0,1,9:49:00,9:49:00,401393,2.0,1
MV_A5-Weekday-SDon-058900_M11_605,M11,d0,2,9:49:49,9:49:49,405120,3.0,1
MV_A5-Weekday-SDon-058900_M11_605,M11,d0,3,9:50:32,9:50:32,405167,2.0,1
MV_A5-Weekday-SDon-058900_M11_605,M11,d0,4,9:51:00,9:51:00,405265,4.0,1
MV_A5-Weekday-SDon-058900_M11_605,M11,d0,5,9:52:04,9:52:04,405152,7.0,1
MV_A5-Weekday-SDon-058900_M11_605,M11,d0,6,9:53:42,9:53:42,405151,2.0,1
MV_A5-Weekday-SDon-058900_M11_605,M11,d0,7,9:55:05,9:55:05,404161,4.0,1
MV_A5-Weekday-SDon-058900_M11_605,M11,d0,8,9:55:59,9:55:59,401398,9.0,1
MV_A5-Weekday-SDon-058900_M11_605,M11,d0,9,9:57:00,9:57:00,403802,14.0,1
MV_A5-Weekday-SDon-058900_M11_605,M11,d0,10,9:58:25,9:58:25,401400,14.0,1
MV_A5-Weekday-SDon-058900_M11_605,M11,d0,11,9:59:47,9:59:47,401401,8.0,1
MV_A5-Weekday-SDon-058900_M11_605,M11,d0,12,10:01:51,10:01:51,401402,10.0,1
MV_A5-Weekday-SDon-058900_M11_605,M11,d0,13,10:04:07,10:04:07,401404,10.0,2
MV_A5-Weekday-SDon-058900_M11_605,M11,d0,14,10:06:35,10:06:35,404279,25.0,2
MV_A5-Weekday-SDon-058900_M11_605,M11,d0,15,10:08:13,10:08:13,405631,12.0,2
MV_A5-Weekday-SDon-058900_M11_605,M11,d0,16,10:10:00,10:10:00,401407,24.0,2
MV_A5-Weekday-SDon-058900_M11_605,M11,d0,17,10:11:41,10:11:41,401408,31.0,2
MV_A5-Weekday-SDon-058900_M11_605,M11,d0,18,10:12:49,10:12:49,401409,31.0,2
MV_A5-Weekday-SDon-058900_M11_605,M11,d0,19,10:13:55,10:13:55,401410,32.0,3
MV_A5-Weekday-SDon-058900_M11_605,M11,d0,20,10:15:49,10:15:49,401411,38.0,3
MV_A5-Weekday-SDon-058900_M11_605,M11,d0,21,10:17:14,10:17:14,401412,39.0,3
MV_A5-Weekday-SDon-058900_M11_605,M11,d0,22,10:18:03,10:18:03,401413,35.0,3
MV_A5-Weekday-SDon-058900_M11_605,M11,d0,23,10:19:33,10:19:33,401414,30.0,3
MV_A5-Weekday-SDon-058900_M11_605,M11,d0,24,10:21:21,10:21:21,401416,40.0,3
MV_A5-Weekday-SDon-058900_M11_605,M11,d0,25,10:22:51,10:22:51,401417,28.0,3
MV_A5-Weekday-SDon-058900_M11_605,M11,d0,26,10:24:00,10:24:00,403472,38.0,3
MV_A5-Weekday-SDon-058900_M11_605,M11,d0,27,10:25:10,10:25:10,403555,27.0,2
MV_A5-Weekday-SDon-058900_M11_605,M11,d0,28,10:27:00,10:27:00,401021,24.0,2
MV_A5-Weekday-SDon-058900_M11_605,M11,d0,29,10:28:10,10:28:10,401022,27.0,2
MV_A5-Weekday-SDon-058900_M11_605,M11,d0,30,10:29:48,10:29:48,401023,27.0,2
MV_A5-Weekday-SDon-058900_M11_605,M11,d0,31,10:30:53,10:30:53,401024,26.0,2
MV_A5-Weekday-SDon-058900_M11_605,M11,d0,32,10:32:08,10:32:08,401025,21.0,2
MV_A5-Weekday-SDon-058900_M11_605,M11,d0,33,10:33:16,10:33:16,401026,24.0,2
MV_A5-Weekday-SDon-058900_M11_605,M11,d0,34,10:35:03,10:35:03,401027,23.0,2
MV_A5-Weekday-SDon-058900_M11_605,M11,d0,35,10:36:25,10:36:25,404320,20.0,2
MV_A5-Weekday-SDon-058900_M11_605,M11,d0,36,10:37:51,10:37:51,401029,25.0,2
MV_A5-Weekday-SDon-058900_M11_605,M11,d0,37,10:38:58,10:38:58,401030,26.0,2
MV_A5-Weekday-SDon-058900_M11_605,M11,d0,38,10:40:44,10:40:44,401031,28.0,2
MV_A5-Weekday-SDon-058900_M11_605,M11,d0,39,10:41:52,10:41:52,401032,30.0,3
MV_A5-Weekday-SDon-058900_M11_605,M11,d0,40,10:43:00,10:43:00,401033,37.0,3
MV_A5-Weekday-SDon-058900_M11_605,M11,d0,41,10:43:59,10:43:59,401034,32.0,3
MV_A5-Weekday-SDon-058900_M11_605,M11,d0,42,10:45:13,10:45:13,401035,36.0,3
MV_A5-Weekday-SDon-058900_M11_605,M11,d0,43,10:46:22,10:46:22,401435,35.0,3
MV_A5-Weekday-SDon-058900_M11_605,M11,d0,44,10:48:00,10:48:00,401436,33.0,3
MV_A5-Weekday-SDon-058900_M11_605,M11,d0,45,10:49:45,10:49:45,401438,37.0,3
MV_A5-Weekday-SDon-058900_M11_605,M11,d0,46,10:50:46,10:50:46,403886,21.0,2
MV_A5-Weekday-SDon-058900_M11_605,M11,d0,47,10:51:58,10:51:58,401440,32.0,2
MV_A5-Weekday-SDon-058900_M11_605,M11,d0,48,10:53:04,10:53:04,401441,28.0,2
MV_A5-Weekday-SDon-058900_M11_605,M11,d0,49,10:54:09,10:54:09,401442,27.0,2
MV_A5-Weekday-SDon-058900_M11_605,M11,d0,50,10:55:30,10:55:30,401443,25.0,2
MV_A5-Weekday-SDon-058900_M11_605,M11,d0,51,10:56:56,10:56:56,403292,24.0,2
MV_A5-Weekday-SDon-058900_M11_605,M11,d0,52,10:57:48,10:57:48,401444,21.0,2
MV_A5-Weekday-SDon-058900_M11_605,M11,d0,53,10:59:00,10:59:00,401446,29.0,2
MV_A5-Weekday-SDon-058900_M11_605,M11,d0,54,11:00:12,11:00:12,401447,13.0,1
MV_A5-Weekday-SDon-058900_M11_605,M11,d0,55,11:02:11,11:02:11,403757,13.0,1
MV_A5-Weekday-SDon-058900_M11_605,M11,d0,56,11:04:00,11:04:00,404011,13.0,1
MV_A5-Weekday-SDon-058900_M11_605,M11,d0,57,11:04:18,11:04:18,404012,13.0,1
MV_A5-Weekday-SDon-058900_M11_605,M11,d0,58,11:04:51,11:04:51,404013,13.0,1
MV_A5-Weekday-SDon-058900_M11_605,M11,d0,59,11:05:08,11:05:08,404056,7.0,2
MV_A5-Weekday-SDon-058900_M11_605,M11,d0,60,11:05:49,11:05:49,404014,30.0,2
MV_A5-Weekday-SDon-058900_M11_605,M11,d0,61,11:06:11,11:06:11,404015,5.0,1
MV_A5-Weekday-SDon-058900_M11_605,M11,d0,62,11:07:00,11:07:00,803194,5.0,1
MV_A5-Weekday-087500_M11_618,M11,d0,1,14:35:00,14:35:00,405374,8.0,1
MV_A5-Weekday-087500_M11_618,M11,d0,2,14:36:07,14:36:07,404919,8.0,1
MV_A5-Weekday-087500_M11_618,M11,d0,3,14:37:23,14:37:23,404872,8.0,1
MV_A5-Weekday-087500_M11_618,M11,d0,4,14:38:54,14:38:54,404846,4.0,1
MV_A5-Weekday-087500_M11_618,M11,d0,5,14:40:14,14:40:14,401239,8.0,1
MV_A5-Weekday-087500_M11_618,M11,d0,6,14:42:00,14:42:00,405393,8.0,1
MV_A5-Weekday-087500_M11_618,M11,d0,7,14:43:34,14:43:34,903209,8.0,1
MV_A5-Weekday-087500_M11_618,M11,d0,8,14:44:33,14:44:33,401016,8.0,1
MV_A5-Weekday-087500_M11_618,M11,d0,9,14:46:00,14:46:00,400747,8.0,1
MV_A5-Weekday-087500_M11_618,M11,d0,10,14:48:15,14:48:15,403271,10.0,1
MV_A5-Weekday-087500_M11_618,M11,d0,11,14:50:30,14:50:30,400750,14.0,1
MV_A5-Weekday-087500_M11_618,M11,d0,12,14:53:33,14:53:33,403103,14.0,1
MV_A5-Weekday-087500_M11_618,M11,d0,13,14:55:11,14:55:11,403104,14.0,2
MV_A5-Weekday-087500_M11_618,M11,d0,14,14:56:34,14:56:34,403105,18.0,2
MV_A5-Weekday-087500_M11_618,M11,d0,15,14:58:00,14:58:00,403106,18.0,2
MV_A5-Weekday-087500_M11_618,M11,d0,16,14:59:53,14:59:53,403107,18.0,2
MV_A5-Weekday-087500_M11_618,M11,d0,17,15:01:25,15:01:25,903299,18.0,2
MV_A5-Weekday-087500_M11_618,M11,d0,18,15:02:28,15:02:28,403109,18.0,2
MV_A5-Weekday-087500_M11_618,M11,d0,19,15:03:43,15:03:43,403110,18.0,2
MV_A5-Weekday-087500_M11_618,M11,d0,20,15:05:34,15:05:34,403111,18.0,2
MV_A5-Weekday-087500_M11_618,M11,d0,21,15:06:50,15:06:50,403112,15.0,2
MV_A5-Weekday-087500_M11_618,M11,d0,22,15:09:00,15:09:00,405248,20.0,2
MV_A5-Weekday-087500_M11_618,M11,d0,23,15:10:46,15:10:46,403114,20.0,2
MV_A5-Weekday-087500_M11_618,M11,d0,24,15:12:26,15:12:26,403115,20.0,2
MV_A5-Weekday-087500_M11_618,M11,d0,25,15:13:42,15:13:42,403116,18.0,2
MV_A5-Weekday-087500_M11_618,M11,d0,26,15:15:00,15:15:00,405394,18.0,2
MV_A5-Weekday-087500_M11_618,M11,d0,27,15:17:10,15:17:10,403118,18.0,2
MV_A5-Weekday-087500_M11_618,M11,d0,28,15:18:15,15:18:15,403119,9.0,1
MV_A5-Weekday-087500_M11_618,M11,d0,29,15:20:07,15:20:07,404260,9.0,2
MV_A5-Weekday-087500_M11_618,M11,d0,30,15:21:35,15:21:35,403122,17.0,2
MV_A5-Weekday-087500_M11_618,M11,d0,31,15:23:58,15:23:58,404262,17.0,2
MV_A5-Weekday-087500_M11_618,M11,d0,32,15:25:34,15:25:34,403125,17.0,2
MV_A5-Weekday-087500_M11_618,M11,d0,33,15:27:24,15:27:24,403126,12.0,1
MV_A5-Weekday-087500_M11_618,M11,d0,34,15:28:20,15:28:20,403127,12.0,1
MV_A5-Weekday-087500_M11_618,M11,d0,35,15:31:33,15:31:33,401444,12.0,1
MV_A5-Weekday-087500_M11_618,M11,d0,36,15:33:00,15:33:00,903352,12.0,1
MV_A5-Weekday-076700_M11_615,M11,d0,1,12:47:00,12:47:00,405374,9.0,1
MV_A5-Weekday-076700_M11_615,M11,d0,2,12:48:07,12:48:07,404919,9.0,1
MV_A5-Weekday-076700_M11_615,M11,d0,3,12:49:23,12:49:23,404872,10.0,1
MV_A5-Weekday-076700_M11_615,M11,d0,4,12:50:54,12:50:54,404846,12.0,1
MV_A5-Weekday-076700_M11_615,M11,d0,5,12:52:14,12:52:14,401239,16.0,1
MV_A5-Weekday-076700_M11_615,M11,d0,6,12:54:00,12:54:00,405393,16.0,1
MV_A5-Weekday-076700_M11_615,M11,d0,7,12:55:34,12:55:34,903209,15.0,1
MV_A5-Weekday-076700_M11_615,M11,d0,8,12:56:33,12:56:33,401016,11.0,2
MV_A5-Weekday-076700_M11_615,M11,d0,9,12:58:00,12:58:00,400747,17.0,2
MV_A5-Weekday-076700_M11_615,M11,d0,10,13:00:04,13:00:04,403271,21.0,2
MV_A5-Weekday-076700_M11_615,M11,d0,11,13:02:07,13:02:07,400750,18.0,2
MV_A5-Weekday-076700_M11_615,M11,d0,12,13:04:56,13:04:56,403103,22.0,2
MV_A5-Weekday-076700_M11_615,M11,d0,13,13:06:25,13:06:25,403104,24.0,2
MV_A5-Weekday-076700_M11_615,M11,d0,14,13:07:42,13:07:42,403105,28.0,2
MV_A5-Weekday-076700_M11_615,M11,d0,15,13:09:00,13:09:00,403106,28.0,2
MV_A5-Weekday-076700_M11_615,M11,d0,16,13:10:53,13:10:53,403107,23.0,2
MV_A5-Weekday-076700_M11_615,M11,d0,17,13:12:25,13:12:25,903299,30.0,2
MV_A5-Weekday-076700_M11_615,M11,d0,18,13:13:28,13:13:28,403109,4.0,2
MV_A5-Weekday-076700_M11_615,M11,d0,19,13:14:43,13:14:43,403110,21.0,2
MV_A5-Weekday-076700_M11_615,M11,d0,20,13:16:34,13:16:34,403111,26.0,2
MV_A5-Weekday-076700_M11_615,M11,d0,21,13:17:50,13:17:50,403112,26.0,2
MV_A5-Weekday-076700_M11_615,M11,d0,22,13:20:00,13:20:00,405248,25.0,2
MV_A5-Weekday-076700_M11_615,M11,d0,23,13:21:46,13:21:46,403114,9.0,2
MV_A5-Weekday-076700_M11_615,M11,d0,24,13:23:26,13:23:26,403115,23.0,2
MV_A5-Weekday-076700_M11_615,M11,d0,25,13:24:42,13:24:42,403116,23.0,2
MV_A5-Weekday-076700_M11_615,M11,d0,26,13:26:00,13:26:00,405394,22.0,2
MV_A5-Weekday-076700_M11_615,M11,d0,27,13:27:55,13:27:55,403118,22.0,2
MV_A5-Weekday-076700_M11_615,M11,d0,28,13:28:54,13:28:54,403119,17.0,2
MV_A5-Weekday-076700_M11_615,M11,d0,29,13:30:33,13:30:33,404260,14.0,1
MV_A5-Weekday-076700_M11_615,M11,d0,30,13:31:51,13:31:51,403122,3.0,1
MV_A5-Weekday-076700_M11_615,M11,d0,31,13:33:58,13:33:58,404262,13.0,1
MV_A5-Weekday-076700_M11_615,M11,d0,32,13:35:24,13:35:24,403125,13.0,1
MV_A5-Weekday-076700_M11_615,M11,d0,33,13:37:02,13:37:02,403126,13.0,1
MV_A5-Weekday-076700_M11_615,M11,d0,34,13:37:51,13:37:51,403127,10.0,1
MV_A5-Weekday-076700_M11_615,M11,d0,35,13:40:43,13:40:43,401444,9.0,1
MV_A5-Weekday-076700_M11_615,M11,d0,36,13:42:00,13:42:00,903352,9.0,1
MV_A5-Weekday-087700_M11_607,M11,d0,1,14:37:00,14:37:00,401393,1.0,1
MV_A5-Weekday-087700_M11_607,M11,d0,2,14:37:49,14:37:49,405120,1.0,1
MV_A5-Weekday-087700_M11_607,M11,d0,3,14:38:32,14:38:32,405167,1.0,1
MV_A5-Weekday-087700_M11_607,M11,d0,4,14:39:00,14:39:00,405265,1.0,1
MV_A5-Weekday-087700_M11_607,M11,d0,5,14:40:36,14:40:36,405152,4.0,1
MV_A5-Weekday-087700_M11_607,M11,d0,6,14:43:03,14:43:03,405151,4.0,1
MV_A5-Weekday-087700_M11_607,M11,d0,7,14:45:07,14:45:07,404161,4.0,1
MV_A5-Weekday-087700_M11_607,M11,d0,8,14:46:29,14:46:29,401398,4.0,1
MV_A5-Weekday-087700_M11_607,M11,d0,9,14:48:00,14:48:00,403802,16.0,2
MV_A5-Weekday-087700_M11_607,M11,d0,10,14:49:51,14:49:51,401400,19.0,2
MV_A5-Weekday-087700_M11_607,M11,d0,11,14:51:38,14:51:38,401401,19.0,2
MV_A5-Weekday-087700_M11_607,M11,d0,12,14:54:21,14:54:21,401402,28.0,2
MV_A5-Weekday-087700_M11_607,M11,d0,13,14:57:18,14:57:18,401404,22.0,2
MV_A5-Weekday-087700_M11_607,M11,d0,14,15:00:32,15:00:32,404279,23.0,3
MV_A5-Weekday-087700_M11_607,M11,d0,15,15:02:40,15:02:40,405631,34.0,3
MV_A5-Weekday-087700_M11_607,M11,d0,16,15:05:00,15:05:00,401407,40.0,3
MV_A5-Weekday-087700_M11_607,M11,d0,17,15:06:48,15:06:48,401408,40.0,3
MV_A5-Weekday-087700_M11_607,M11,d0,18,15:08:01,15:08:01,401409,40.0,3
MV_A5-Weekday-087700_M11_607,M11,d0,19,15:09:12,15:09:12,401410,40.0,3
MV_A5-Weekday-087700_M11_607,M11,d0,20,15:11:14,15:11:14,401411,35.0,3
MV_A5-Weekday-087700_M11_607,M11,d0,21,15:12:45,15:12:45,401412,40.0,3
MV_A5-Weekday-087700_M11_607,M11,d0,22,15:13:37,15:13:37,401413,40.0,3
MV_A5-Weekday-087700_M11_607,M11,d0,23,15:15:14,15:15:14,401414,40.0,4
MV_A5-Weekday-087700_M11_607,M11,d0,24,15:17:09,15:17:09,401416,49.0,4
MV_A5-Weekday-087700_M11_607,M11,d0,25,15:18:46,15:18:46,401417,49.0,4
MV_A5-Weekday-087700_M11_607,M11,d0,26,15:20:00,15:20:00,403472,49.0,4
MV_A5-Weekday-087700_M11_607,M11,d0,27,15:21:33,15:21:33,403555,45.0,3
MV_A5-Weekday-087700_M11_607,M11,d0,28,15:24:00,15:24:00,401021,38.0,3
MV_A5-Weekday-087700_M11_607,M11,d0,29,15:25:27,15:25:27,401022,40.0,3
MV_A5-Weekday-087700_M11_607,M11,d0,30,15:27:29,15:27:29,401023,40.0,3
MV_A5-Weekday-087700_M11_607,M11,d0,31,15:28:52,15:28:52,401024,32.0,2
MV_A5-Weekday-087700_M11_607,M11,d0,32,15:30:25,15:30:25,401025,32.0,2
MV_A5-Weekday-087700_M11_607,M11,d0,33,15:31:50,15:31:50,401026,29.0,2
MV_A5-Weekday-087700_M11_607,M11,d0,34,15:34:04,15:34:04,401027,21.0,2
MV_A5-Weekday-087700_M11_607,M11,d0,35,15:35:47,15:35:47,404320,25.0,2
MV_A5-Weekday-087700_M11_607,M11,d0,36,15:37:33,15:37:33,401029,27.0,2
MV_A5-Weekday-087700_M11_607,M11,d0,37,15:38:58,15:38:58,401030,27.0,2
MV_A5-Weekday-087700_M11_607,M11,d0,38,15:41:10,15:41:10,401031,25.0,2
MV_A5-Weekday-087700_M11_607,M11,d0,39,15:42:35,15:42:35,401032,23.0,2
MV_A5-Weekday-087700_M11_607,M11,d0,40,15:44:00,15:44:00,401033,23.0,2
MV_A5-Weekday-087700_M11_607,M11,d0,41,15:44:59,15:44:59,401034,23.0,2
MV_A5-Weekday-087700_M11_607,M11,d0,42,15:46:13,15:46:13,401035,23.0,2
MV_A5-Weekday-087700_M11_607,M11,d0,43,15:47:22,15:47:22,401435,23.0,2
MV_A5-Weekday-087700_M11_607,M11,d0,44,15:49:00,15:49:00,401436,18.0,2
MV_A5-Weekday-087700_M11_607,M11,d0,45,15:51:32,15:51:32,401438,10.0,1
MV_A5-Weekday-087700_M11_607,M11,d0,46,15:53:02,15:53:02,403886,12.0,1
MV_A5-Weekday-087700_M11_607,M11,d0,47,15:54:47,15:54:47,401440,16.0,1
MV_A5-Weekday-087700_M11_607,M11,d0,48,15:56:22,15:56:22,401441,16.0,1
MV_A5-Weekday-087700_M11_607,M11,d0,49,15:57:57,15:57:57,401442,16.0,1
MV_A5-Weekday-087700_M11_607,M11,d0,50,15:59:55,15:59:55,401443,15.0,1
MV_A5-Weekday-087700_M11_607,M11,d0,51,16:01:59,16:01:59,403292,12.0,2
MV_A5-Weekday-087700_M11_607,M11,d0,52,16:03:15,16:03:15,401444,19.0,2
MV_A5-Weekday-087700_M11_607,M11,d0,53,16:05:00,16:05:00,401446,19.0,2
MV_A5-Weekday-087700_M11_607,M11,d0,54,16:06:27,16:06:27,401447,14.0,1
MV_A5-Weekday-087700_M11_607,M11,d0,55,16:08:49,16:08:49,403757,14.0,1
MV_A5-Weekday-087700_M11_607,M11,d0,56,16:11:00,16:11:00,404011,14.0,1
MV_A5-Weekday-087700_M11_607,M11,d0,57,16:11:24,16:11:24,404012,14.0,1
MV_A5-Weekday-087700_M11_607,M11,d0,58,16:12:09,16:12:09,404013,6.0,1
MV_A5-Weekday-087700_M11_607,M11,d0,59,16:12:31,16:12:31,404056,6.0,1
MV_A5-Weekday-087700_M11_607,M11,d0,60,16:13:25,16:13:25,404014,1.0,1
MV_A5-Weekday-087700_M11_607,M11,d0,61,16:13:55,16:13:55,404015,11.0,1
MV_A5-Weekday-087700_M11_607,M11,d0,62,16:15:00,16:15:00,803194,11.0,1
MV_A5-Weekday-079300_M11_616,M11,d0,1,13:13:00,13:13:00,401393,2.0,1
MV_A5-Weekday-079300_M11_616,M11,d0,2,13:13:49,13:13:49,405120,2.0,1
MV_A5-Weekday-079300_M11_616,M11,d0,3,13:14:32,13:14:32,405167,2.0,1
MV_A5-Weekday-079300_M11_616,M11,d0,4,13:15:00,13:15:00,405265,7.0,1
MV_A5-Weekday-079300_M11_616,M11,d0,5,13:16:15,13:16:15,405152,7.0,1
MV_A5-Weekday-079300_M11_616,M11,d0,6,13:18:09,13:18:09,405151,13.0,1
MV_A5-Weekday-079300_M11_616,M11,d0,7,13:19:46,13:19:46,404161,14.0,1
MV_A5-Weekday-079300_M11_616,M11,d0,8,13:20:49,13:20:49,401398,15.0,1
MV_A5-Weekday-079300_M11_616,M11,d0,9,13:22:00,13:22:00,403802,15.0,1
MV_A5-Weekday-079300_M11_616,M11,d0,10,13:23:25,13:23:25,401400,15.0,1
MV_A5-Weekday-079300_M11_616,M11,d0,11,13:24:47,13:24:47,401401,15.0,2
MV_A5-Weekday-079300_M11_616,M11,d0,12,13:26:51,13:26:51,401402,29.0,2
MV_A5-Weekday-079300_M11_616,M11,d0,13,13:29:07,13:29:07,401404,31.0,2
MV_A5-Weekday-079300_M11_616,M11,d0,14,13:31:35,13:31:35,404279,31.0,3
MV_A5-Weekday-079300_M11_616,M11,d0,15,13:33:13,13:33:13,405631,34.0,3
MV_A5-Weekday-079300_M11_616,M11,d0,16,13:35:00,13:35:00,401407,32.0,3
MV_A5-Weekday-079300_M11_616,M11,d0,17,13:36:48,13:36:48,401408,33.0,3
MV_A5-Weekday-079300_M11_616,M11,d0,18,13:38:01,13:38:01,401409,33.0,3
MV_A5-Weekday-079300_M11_616,M11,d0,19,13:39:12,13:39:12,401410,31.0,2
MV_A5-Weekday-079300_M11_616,M11,d0,20,13:41:14,13:41:14,401411,17.0,2
MV_A5-Weekday-079300_M11_616,M11,d0,21,13:42:45,13:42:45,401412,19.0,2
MV_A5-Weekday-079300_M11_616,M11,d0,22,13:43:37,13:43:37,401413,21.0,2
MV_A5-Weekday-079300_M11_616,M11,d0,23,13:45:14,13:45:14,401414,23.0,2
MV_A5-Weekday-079300_M11_616,M11,d0,24,13:47:09,13:47:09,401416,22.0,2
MV_A5-Weekday-079300_M11_616,M11,d0,25,13:48:46,13:48:46,401417,23.0,2
MV_A5-Weekday-079300_M11_616,M11,d0,26,13:50:00,13:50:00,403472,23.0,2
MV_A5-Weekday-079300_M11_616,M11,d0,27,13:51:33,13:51:33,403555,22.0,2
MV_A5-Weekday-079300_M11_616,M11,d0,28,13:54:00,13:54:00,401021,22.0,2
MV_A5-Weekday-079300_M11_616,M11,d0,29,13:55:14,13:55:14,401022,28.0,2
MV_A5-Weekday-079300_M11_616,M11,d0,30,13:56:58,13:56:58,401023,28.0,2
MV_A5-Weekday-079300_M11_616,M11,d0,31,13:58:08,13:58:08,401024,25.0,2
MV_A5-Weekday-079300_M11_616,M11,d0,32,13:59:28,13:59:28,401025,25.0,2
MV_A5-Weekday-079300_M11_616,M11,d0,33,14:00:40,14:00:40,401026,25.0,2
MV_A5-Weekday-079300_M11_616,M11,d0,34,14:02:33,14:02:33,401027,25.0,2
MV_A5-Weekday-079300_M11_616,M11,d0,35,14:04:01,14:04:01,404320,25.0,2
MV_A5-Weekday-079300_M11_616,M11,d0,36,14:05:31,14:05:31,401029,21.0,2
MV_A5-Weekday-079300_M11_616,M11,d0,37,14:06:43,14:06:43,401030,20.0,2
MV_A5-Weekday-079300_M11_616,M11,d0,38,14:08:35,14:08:35,401031,14.0,2
MV_A5-Weekday-079300_M11_616,M11,d0,39,14:09:48,14:09:48,401032,25.0,2
MV_A5-Weekday-079300_M11_616,M11,d0,40,14:11:00,14:11:00,401033,24.0,2
MV_A5-Weekday-079300_M11_616,M11,d0,41,14:11:59,14:11:59,401034,32.0,3
MV_A5-Weekday-079300_M11_616,M11,d0,42,14:13:13,14:13:13,401035,35.0,3
MV_A5-Weekday-079300_M11_616,M11,d0,43,14:14:22,14:14:22,401435,35.0,3
MV_A5-Weekday-079300_M11_616,M11,d0,44,14:16:00,14:16:00,401436,35.0,3
MV_A5-Weekday-079300_M11_616,M11,d0,45,14:18:23,14:18:23,401438,31.0,2
MV_A5-Weekday-079300_M11_616,M11,d0,46,14:19:47,14:19:47,403886,31.0,2
MV_A5-Weekday-079300_M11_616,M11,d0,47,14:21:25,14:21:25,401440,31.0,2
MV_A5-Weekday-079300_M11_616,M11,d0,48,14:22:55,14:22:55,401441,31.0,2
MV_A5-Weekday-079300_M11_616,M11,d0,49,14:24:23,14:24:23,401442,30.0,2
MV_A5-Weekday-079300_M11_616,M11,d0,50,14:26:14,14:26:14,401443,30.0,2
MV_A5-Weekday-079300_M11_616,M11,d0,51,14:28:11,14:28:11,403292,22.0,2
MV_A5-Weekday-079300_M11_616,M11,d0,52,14:29:21,14:29:21,401444,22.0,2
MV_A5-Weekday-079300_M11_616,M11,d0,53,14:31:00,14:31:00,401446,22.0,2
MV_A5-Weekday-079300_M11_616,M11,d0,54,14:32:12,14:32:12,401447,8.0,2
MV_A5-Weekday-079300_M11_616,M11,d0,55,14:34:11,14:34:11,403757,21.0,2
MV_A5-Weekday-079300_M11_616,M11,d0,56,14:36:00,14:36:00,404011,21.0,2
MV_A5-Weekday-079300_M11_616,M11,d0,57,14:36:18,14:36:18,404012,20.0,2
MV_A5-Weekday-079300_M11_616,M11,d0,58,14:36:51,14:36:51,404013,20.0,2
MV_A5-Weekday-079300_M11_616,M11,d0,59,14:37:08,14:37:08,404056,20.0,2
MV_A5-Weekday-079300_M11_616,M11,d0,60,14:37:49,14:37:49,404014,20.0,2
MV_A5-Weekday-079300_M11_616,M11,d0,61,14:38:11,14:38:11,404015,19.0,2
MV_A5-Weekday-079300_M11_616,M11,d0,62,14:39:00,14:39:00,803194,19.0,2
MV_A5-Weekday-SDon-074500_M11_614,M11,d0,1,12:25:00,12:25:00,401393,2.0,1
MV_A5-Weekday-SDon-074500_M11_614,M11,d0,2,12:25:49,12:25:49,405120,2.0,1
MV_A5-Weekday-SDon-074500_M11_614,M11,d0,3,12:26:32,12:26:32,405167,1.0,1
MV_A5-Weekday-SDon-074500_M11_614,M11,d0,4,12:27:00,12:27:00,405265,3.0,1
MV_A5-Weekday-SDon-074500_M11_614,M11,d0,5,12:28:15,12:28:15,405152,4.0,1
MV_A5-Weekday-SDon-074500_M11_614,M11,d0,6,12:30:09,12:30:09,405151,11.0,1
MV_A5-Weekday-SDon-074500_M11_614,M11,d0,7,12:31:46,12:31:46,404161,12.0,1
MV_A5-Weekday-SDon-074500_M11_614,M11,d0,8,12:32:49,12:32:49,401398,4.0,1
MV_A5-Weekday-SDon-074500_M11_614,M11,d0,9,12:34:00,12:34:00,403802,11.0,1
MV_A5-Weekday-SDon-074500_M11_614,M11,d0,10,12:35:25,12:35:25,401400,6.0,1
MV_A5-Weekday-SDon-074500_M11_614,M11,d0,11,12:36:47,12:36:47,401401,12.0,1
MV_A5-Weekday-SDon-074500_M11_614,M11,d0,12,12:38:51,12:38:51,401402,15.0,1
MV_A5-Weekday-SDon-074500_M11_614,M11,d0,13,12:41:07,12:41:07,401404,10.0,1
MV_A5-Weekday-SDon-074500_M11_614,M11,d0,14,12:43:35,12:43:35,404279,9.0,1
MV_A5-Weekday-SDon-074500_M11_614,M11,d0,15,12:45:13,12:45:13,405631,15.0,2
MV_A5-Weekday-SDon-074500_M11_614,M11,d0,16,12:47:00,12:47:00,401407,19.0,2
MV_A5-Weekday-SDon-074500_M11_614,M11,d0,17,12:48:48,12:48:48,401408,22.0,2
MV_A5-Weekday-SDon-074500_M11_614,M11,d0,18,12:50:01,12:50:01,401409,24.0,2
MV_A5-Weekday-SDon-074500_M11_614,M11,d0,19,12:51:12,12:51:12,401410,30.0,2
MV_A5-Weekday-SDon-074500_M11_614,M11,d0,20,12:53:14,12:53:14,401411,30.0,2
MV_A5-Weekday-SDon-074500_M11_614,M11,d0,21,12:54:45,12:54:45,401412,29.0,2
MV_A5-Weekday-SDon-074500_M11_614,M11,d0,22,12:55:37,12:55:37,401413,17.0,2
MV_A5-Weekday-SDon-074500_M11_614,M11,d0,23,12:57:14,12:57:14,401414,22.0,2
MV_A5-Weekday-SDon-074500_M11_614,M11,d0,24,12:59:09,12:59:09,401416,22.0,2
MV_A5-Weekday-SDon-074500_M11_614,M11,d0,25,13:00:46,13:00:46,401417,18.0,2
MV_A5-Weekday-SDon-074500_M11_614,M11,d0,26,13:02:00,13:02:00,403472,18.0,2
MV_A5-Weekday-SDon-074500_M11_614,M11,d0,27,13:03:33,13:03:33,403555,17.0,2
MV_A5-Weekday-SDon-074500_M11_614,M11,d0,28,13:06:00,13:06:00,401021,20.0,2
MV_A5-Weekday-SDon-074500_M11_614,M11,d0,29,13:07:14,13:07:14,401022,20.0,2
MV_A5-Weekday-SDon-074500_M11_614,M11,d0,30,13:08:58,13:08:58,401023,20.0,2
MV_A5-Weekday-SDon-074500_M11_614,M11,d0,31,13:10:08,13:10:08,401024,22.0,2
MV_A5-Weekday-SDon-074500_M11_614,M11,d0,32,13:11:28,13:11:28,401025,22.0,2
MV_A5-Weekday-SDon-074500_M11_614,M11,d0,33,13:12:40,13:12:40,401026,7.0,2
MV_A5-Weekday-SDon-074500_M11_614,M11,d0,34,13:14:33,13:14:33,401027,19.0,2
MV_A5-Weekday-SDon-074500_M11_614,M11,d0,35,13:16:01,13:16:01,404320,19.0,2
MV_A5-Weekday-SDon-074500_M11_614,M11,d0,36,13:17:31,13:17:31,401029,14.0,2
MV_A5-Weekday-SDon-074500_M11_614,M11,d0,37,13:18:43,13:18:43,401030,19.0,2
MV_A5-Weekday-SDon-074500_M11_614,M11,d0,38,13:20:35,13:20:35,401031,15.0,1
MV_A5-Weekday-SDon-074500_M11_614,M11,d0,39,13:21:48,13:21:48,401032,13.0,2
MV_A5-Weekday-SDon-074500_M11_614,M11,d0,40,13:23:00,13:23:00,401033,17.0,2
MV_A5-Weekday-SDon-074500_M11_614,M11,d0,41,13:23:59,13:23:59,401034,17.0,2
MV_A5-Weekday-SDon-074500_M11_614,M11,d0,42,13:25:13,13:25:13,401035,24.0,2
MV_A5-Weekday-SDon-074500_M11_614,M11,d0,43,13:26:22,13:26:22,401435,24.0,2
MV_A5-Weekday-SDon-074500_M11_614,M11,d0,44,13:28:00,13:28:00,401436,24.0,2
MV_A5-Weekday-SDon-074500_M11_614,M11,d0,45,13:30:04,13:30:04,401438,24.0,2
MV_A5-Weekday-SDon-074500_M11_614,M11,d0,46,13:31:17,13:31:17,403886,15.0,1
MV_A5-Weekday-SDon-074500_M11_614,M11,d0,47,13:32:42,13:32:42,401440,16.0,1
MV_A5-Weekday-SDon-074500_M11_614,M11,d0,48,13:33:59,13:33:59,401441,16.0,1
MV_A5-Weekday-SDon-074500_M11_614,M11,d0,49,13:35:16,13:35:16,401442,16.0,1
MV_A5-Weekday-SDon-074500_M11_614,M11,d0,50,13:36:52,13:36:52,401443,16.0,1
MV_A5-Weekday-SDon-074500_M11_614,M11,d0,51,13:38:33,13:38:33,403292,16.0,1
MV_A5-Weekday-SDon-074500_M11_614,M11,d0,52,13:39:35,13:39:35,401444,16.0,1
MV_A5-Weekday-SDon-074500_M11_614,M11,d0,53,13:41:00,13:41:00,401446,16.0,1
MV_A5-Weekday-SDon-074500_M11_614,M11,d0,54,13:42:12,13:42:12,401447,10.0,1
MV_A5-Weekday-SDon-074500_M11_614,M11,d0,55,13:44:11,13:44:11,403757,10.0,1
MV_A5-Weekday-SDon-074500_M11_614,M11,d0,56,13:46:00,13:46:00,404011,6.0,1
MV_A5-Weekday-SDon-074500_M11_614,M11,d0,57,13:46:18,13:46:18,404012,6.0,1
MV_A5-Weekday-SDon-074500_M11_614,M11,d0,58,13:46:51,13:46:51,404013,6.0,1
MV_A5-Weekday-SDon-074500_M11_614,M11,d0,59,13:47:08,13:47:08,404056,6.0,1
MV_A5-Weekday-SDon-074500_M11_614,M11,d0,60,13:47:49,13:47:49,404014,6.0,1
MV_A5-Weekday-SDon-074500_M11_614,M11,d0,61,13:48:11,13:48:11,404015,4.0,1
MV_A5-Weekday-SDon-074500_M11_614,M11,d0,62,13:49:00,13:49:00,803194,4.0,1
MV_A5-Weekday-093500_M11_620,M11,d0,1,15:35:00,15:35:00,405374,3.0,1
MV_A5-Weekday-093500_M11_620,M11,d0,2,15:36:07,15:36:07,404919,3.0,1
MV_A5-Weekday-093500_M11_620,M11,d0,3,15:37:23,15:37:23,404872,9.0,1
MV_A5-Weekday-093500_M11_620,M11,d0,4,15:38:54,15:38:54,404846,2.0,1
MV_A5-Weekday-093500_M11_620,M11,d0,5,15:40:14,15:40:14,401239,7.0,2
MV_A5-Weekday-093500_M11_620,M11,d0,6,15:42:00,15:42:00,405393,27.0,2
MV_A5-Weekday-093500_M11_620,M11,d0,7,15:43:34,15:43:34,903209,27.0,3
MV_A5-Weekday-093500_M11_620,M11,d0,8,15:44:33,15:44:33,401016,33.0,3
MV_A5-Weekday-093500_M11_620,M11,d0,9,15:46:00,15:46:00,400747,34.0,3
MV_A5-Weekday-093500_M11_620,M11,d0,10,15:48:15,15:48:15,403271,34.0,3
MV_A5-Weekday-093500_M11_620,M11,d0,11,15:50:30,15:50:30,400750,21.0,2
MV_A5-Weekday-093500_M11_620,M11,d0,12,15:53:33,15:53:33,403103,23.0,2
MV_A5-Weekday-093500_M11_620,M11,d0,13,15:55:11,15:55:11,403104,24.0,2
MV_A5-Weekday-093500_M11_620,M11,d0,14,15:56:34,15:56:34,403105,24.0,2
MV_A5-Weekday-093500_M11_620,M11,d0,15,15:58:00,15:58:00,403106,17.0,2
MV_A5-Weekday-093500_M11_620,M11,d0,16,15:59:53,15:59:53,403107,23.0,2
MV_A5-Weekday-093500_M11_620,M11,d0,17,16:01:25,16:01:25,903299,23.0,2
MV_A5-Weekday-093500_M11_620,M11,d0,18,16:02:28,16:02:28,403109,21.0,2
MV_A5-Weekday-093500_M11_620,M11,d0,19,16:03:43,16:03:43,403110,25.0,2
MV_A5-Weekday-093500_M11_620,M11,d0,20,16:05:34,16:05:34,403111,25.0,2
MV_A5-Weekday-093500_M11_620,M11,d0,21,16:06:50,16:06:50,403112,25.0,2
MV_A5-Weekday-093500_M11_620,M11,d0,22,16:09:00,16:09:00,405248,24.0,2
MV_A5-Weekday-093500_M11_620,M11,d0,23,16:10:46,16:10:46,403114,21.0,2
MV_A5-Weekday-093500_M11_620,M11,d0,24,16:12:26,16:12:26,403115,23.0,2
MV_A5-Weekday-093500_M11_620,M11,d0,25,16:13:42,16:13:42,403116,23.0,2
MV_A5-Weekday-093500_M11_620,M11,d0,26,16:15:00,16:15:00,405394,20.0,2
MV_A5-Weekday-093500_M11_620,M11,d0,27,16:17:10,16:17:10,403118,20.0,2
MV_A5-Weekday-093500_M11_620,M11,d0,28,16:18:15,16:18:15,403119,15.0,1
MV_A5-Weekday-093500_M11_620,M11,d0,29,16:20:07,16:20:07,404260,4.0,1
MV_A5-Weekday-093500_M11_620,M11,d0,30,16:21:35,16:21:35,403122,4.0,1
MV_A5-Weekday-093500_M11_620,M11,d0,31,16:23:58,16:23:58,404262,4.0,1
MV_A5-Weekday-093500_M11_620,M11,d0,32,16:25:34,16:25:34,403125,4.0,1
MV_A5-Weekday-093500_M11_620,M11,d0,33,16:27:24,16:27:24,403126,4.0,1
MV_A5-Weekday-093500_M11_620,M11,d0,34,16:28:20,16:28:20,403127,2.0,1
MV_A5-Weekday-093500_M11_620,M11,d0,35,16:31:33,16:31:33,401444,3.0,1
MV_A5-Weekday-093500_M11_620,M11,d0,36,16:33:00,16:33:00,903352,3.0,1
MV_A5-Weekday-082900_M11_604,M11,d0,1,13:49:00,13:49:00,401393,3.0,1
MV_A5-Weekday-082900_M11_604,M11,d0,2,13:49:49,13:49:49,405120,3.0,1
MV_A5-Weekday-082900_M11_604,M11,d0,3,13:50:32,13:50:32,405167,3.0,1
MV_A5-Weekday-082900_M11_604,M11,d0,4,13:51:00,13:51:00,405265,9.0,1
MV_A5-Weekday-082900_M11_604,M11,d0,5,13:52:15,13:52:15,405152,13.0,2
MV_A5-Weekday-082900_M11_604,M11,d0,6,13:54:09,13:54:09,405151,17.0,2
MV_A5-Weekday-082900_M11_604,M11,d0,7,13:55:46,13:55:46,404161,17.0,2
MV_A5-Weekday-082900_M11_604,M11,d0,8,13:56:49,13:56:49,401398,5.0,2
MV_A5-Weekday-082900_M11_604,M11,d0,9,13:58:00,13:58:00,403802,17.0,2
MV_A5-Weekday-082900_M11_604,M11,d0,10,13:59:25,13:59:25,401400,17.0,2
MV_A5-Weekday-082900_M11_604,M11,d0,11,14:00:47,14:00:47,401401,17.0,2
MV_A5-Weekday-082900_M11_604,M11,d0,12,14:02:51,14:02:51,401402,15.0,2
MV_A5-Weekday-082900_M11_604,M11,d0,13,14:05:07,14:05:07,401404,17.0,2
MV_A5-Weekday-082900_M11_604,M11,d0,14,14:07:35,14:07:35,404279,17.0,2
MV_A5-Weekday-082900_M11_604,M11,d0,15,14:09:13,14:09:13,405631,18.0,2
MV_A5-Weekday-082900_M11_604,M11,d0,16,14:11:00,14:11:00,401407,19.0,2
MV_A5-Weekday-082900_M11_604,M11,d0,17,14:12:48,14:12:48,401408,22.0,2
MV_A5-Weekday-082900_M11_604,M11,d0,18,14:14:01,14:14:01,401409,23.0,2
MV_A5-Weekday-082900_M11_604,M11,d0,19,14:15:12,14:15:12,401410,26.0,2
MV_A5-Weekday-082900_M11_604,M11,d0,20,14:17:14,14:17:14,401411,27.0,2
MV_A5-Weekday-082900_M11_604,M11,d0,21,14:18:45,14:18:45,401412,27.0,2
MV_A5-Weekday-082900_M11_604,M11,d0,22,14:19:37,14:19:37,401413,27.0,3
MV_A5-Weekday-082900_M11_604,M11,d0,23,14:21:14,14:21:14,401414,34.0,3
MV_A5-Weekday-082900_M11_604,M11,d0,24,14:23:09,14:23:09,401416,34.0,3
MV_A5-Weekday-082900_M11_604,M11,d0,25,14:24:46,14:24:46,401417,34.0,3
MV_A5-Weekday-082900_M11_604,M11,d0,26,14:26:00,14:26:00,403472,34.0,3
MV_A5-Weekday-082900_M11_604,M11,d0,27,14:27:33,14:27:33,403555,34.0,3
MV_A5-Weekday-082900_M11_604,M11,d0,28,14:30:00,14:30:00,401021,34.0,3
MV_A5-Weekday-082900_M11_604,M11,d0,29,14:31:27,14:31:27,401022,34.0,3
MV_A5-Weekday-082900_M11_604,M11,d0,30,14:33:29,14:33:29,401023,30.0,2
MV_A5-Weekday-082900_M11_604,M11,d0,31,14:34:52,14:34:52,401024,30.0,2
MV_A5-Weekday-082900_M11_604,M11,d0,32,14:36:25,14:36:25,401025,28.0,2
MV_A5-Weekday-082900_M11_604,M11,d0,33,14:37:50,14:37:50,401026,26.0,2
MV_A5-Weekday-082900_M11_604,M11,d0,34,14:40:04,14:40:04,401027,25.0,2
MV_A5-Weekday-082900_M11_604,M11,d0,35,14:41:47,14:41:47,404320,26.0,2
MV_A5-Weekday-082900_M11_604,M11,d0,36,14:43:33,14:43:33,401029,26.0,2
MV_A5-Weekday-082900_M11_604,M11,d0,37,14:44:58,14:44:58,401030,27.0,2
MV_A5-Weekday-082900_M11_604,M11,d0,38,14:47:10,14:47:10,401031,32.0,2
MV_A5-Weekday-082900_M11_604,M11,d0,39,14:48:35,14:48:35,401032,32.0,3
MV_A5-Weekday-082900_M11_604,M11,d0,40,14:50:00,14:50:00,401033,34.0,3
MV_A5-Weekday-082900_M11_604,M11,d0,41,14:51:11,14:51:11,401034,34.0,3
MV_A5-Weekday-082900_M11_604,M11,d0,42,14:52:40,14:52:40,401035,34.0,3
MV_A5-Weekday-082900_M11_604,M11,d0,43,14:54:02,14:54:02,401435,33.0,3
MV_A5-Weekday-082900_M11_604,M11,d0,44,14:56:00,14:56:00,401436,33.0,3
MV_A5-Weekday-082900_M11_604,M11,d0,45,14:58:23,14:58:23,401438,33.0,3
MV_A5-Weekday-082900_M11_604,M11,d0,46,14:59:47,14:59:47,403886,31.0,2
MV_A5-Weekday-082900_M11_604,M11,d0,47,15:01:25,15:01:25,401440,31.0,2
MV_A5-Weekday-082900_M11_604,M11,d0,48,15:02:55,15:02:55,401441,31.0,2
MV_A5-Weekday-082900_M11_604,M11,d0,49,15:04:23,15:04:23,401442,31.0,2
MV_A5-Weekday-082900_M11_604,M11,d0,50,15:06:14,15:06:14,401443,25.0,2
MV_A5-Weekday-082900_M11_604,M11,d0,51,15:08:11,15:08:11,403292,20.0,2
MV_A5-Weekday-082900_M11_604,M11,d0,52,15:09:21,15:09:21,401444,20.0,2
MV_A5-Weekday-082900_M11_604,M11,d0,53,15:11:00,15:11:00,401446,20.0,2
MV_A5-Weekday-082900_M11_604,M11,d0,54,15:12:12,15:12:12,401447,20.0,2
MV_A5-Weekday-082900_M11_604,M11,d0,55,15:14:11,15:14:11,403757,20.0,2
MV_A5-Weekday-082900_M11_604,M11,d0,56,15:16:00,15:16:00,404011,20.0,2
MV_A5-Weekday-082900_M11_604,M11,d0,57,15:16:18,15:16:18,404012,20.0,2
MV_A5-Weekday-082900_M11_604,M11,d0,58,15:16:51,15:16:51,404013,20.0,2
MV_A5-Weekday-082900_M11_604,M11,d0,59,15:17:08,15:17:08,404056,20.0,2
MV_A5-Weekday-082900_M11_604,M11,d0,60,15:17:49,15:17:49,404014,20.0,2
MV_A5-Weekday-082900_M11_604,M11,d0,61,15:18:11,15:18:11,404015,2.0,1
MV_A5-Weekday-082900_M11_604,M11,d0,62,15:19:00,15:19:00,803194,2.0,1
MV_A5-Weekday-136000_M11_633,M11,d0,1,22:40:00,22:40:00,405374,3.0,1
MV_A5-Weekday-136000_M11_633,M11,d0,2,22:41:07,22:41:07,404919,3.0,1
MV_A5-Weekday-136000_M11_633,M11,d0,3,22:42:23,22:42:23,404872,6.0,1
MV_A5-Weekday-136000_M11_633,M11,d0,4,22:43:54,22:43:54,404846,14.0,1
MV_A5-Weekday-136000_M11_633,M11,d0,5,22:45:14,22:45:14,401239,9.0,1
MV_A5-Weekday-136000_M11_633,M11,d0,6,22:47:00,22:47:00,405393,14.0,1
MV_A5-Weekday-136000_M11_633,M11,d0,7,22:48:34,22:48:34,903209,14.0,1
MV_A5-Weekday-136000_M11_633,M11,d0,8,22:49:33,22:49:33,401016,15.0,1
MV_A5-Weekday-136000_M11_633,M11,d0,9,22:51:00,22:51:00,400747,15.0,1
MV_A5-Weekday-136000_M11_633,M11,d0,10,22:52:30,22:52:30,403271,13.0,1
MV_A5-Weekday-136000_M11_633,M11,d0,11,22:54:00,22:54:00,400750,10.0,1
MV_A5-Weekday-136000_M11_633,M11,d0,12,22:56:02,22:56:02,403103,10.0,1
MV_A5-Weekday-136000_M11_633,M11,d0,13,22:57:07,22:57:07,403104,9.0,1
MV_A5-Weekday-136000_M11_633,M11,d0,14,22:58:03,22:58:03,403105,9.0,1
MV_A5-Weekday-136000_M11_633,M11,d0,15,22:59:00,22:59:00,403106,6.0,1
MV_A5-Weekday-136000_M11_633,M11,d0,16,23:00:33,23:00:33,403107,8.0,1
MV_A5-Weekday-136000_M11_633,M11,d0,17,23:01:47,23:01:47,903299,6.0,1
MV_A5-Weekday-136000_M11_633,M11,d0,18,23:02:39,23:02:39,403109,10.0,1
MV_A5-Weekday-136000_M11_633,M11,d0,19,23:03:41,23:03:41,403110,7.0,1
MV_A5-Weekday-136000_M11_633,M11,d0,20,23:05:11,23:05:11,403111,10.0,1
MV_A5-Weekday-136000_M11_633,M11,d0,21,23:06:14,23:06:14,403112,10.0,1
MV_A5-Weekday-136000_M11_633,M11,d0,22,23:08:00,23:08:00,405248,11.0,1
MV_A5-Weekday-136000_M11_633,M11,d0,23,23:09:11,23:09:11,403114,11.0,1
MV_A5-Weekday-136000_M11_633,M11,d0,24,23:10:17,23:10:17,403115,11.0,1
MV_A5-Weekday-136000_M11_633,M11,d0,25,23:11:08,23:11:08,403116,9.0,1
MV_A5-Weekday-136000_M11_633,M11,d0,26,23:12:00,23:12:00,405394,9.0,1
MV_A5-Weekday-136000_M11_633,M11,d0,27,23:13:19,23:13:19,403118,9.0,1
MV_A5-Weekday-136000_M11_633,M11,d0,28,23:13:59,23:13:59,403119,9.0,1
MV_A5-Weekday-136000_M11_633,M11,d0,29,23:15:08,23:15:08,404260,9.0,1
MV_A5-Weekday-136000_M11_633,M11,d0,30,23:16:02,23:16:02,403122,9.0,1
MV_A5-Weekday-136000_M11_633,M11,d0,31,23:17:29,23:17:29,404262,6.0,1
MV_A5-Weekday-136000_M11_633,M11,d0,32,23:18:28,23:18:28,403125,9.0,1
MV_A5-Weekday-136000_M11_633,M11,d0,33,23:19:35,23:19:35,403126,6.0,1
MV_A5-Weekday-136000_M11_633,M11,d0,34,23:20:09,23:20:09,403127,7.0,1
MV_A5-Weekday-136000_M11_633,M11,d0,35,23:22:07,23:22:07,401444,2.0,1
MV_A5-Weekday-136000_M11_633,M11,d0,36,23:23:00,23:23:00,903352,2.0,1
MV_A5-Weekday-118000_M11_629,M11,d0,1,19:40:00,19:40:00,405374,8.0,1
MV_A5-Weekday-118000_M11_629,M11,d0,2,19:41:07,19:41:07,404919,8.0,1
MV_A5-Weekday-118000_M11_629,M11,d0,3,19:42:23,19:42:23,404872,14.0,1
MV_A5-Weekday-118000_M11_629,M11,d0,4,19:43:54,19:43:54,404846,7.0,2
MV_A5-Weekday-118000_M11_629,M11,d0,5,19:45:14,19:45:14,401239,17.0,2
MV_A5-Weekday-118000_M11_629,M11,d0,6,19:47:00,19:47:00,405393,17.0,2
MV_A5-Weekday-118000_M11_629,M11,d0,7,19:48:34,19:48:34,903209,17.0,2
MV_A5-Weekday-118000_M11_629,M11,d0,8,19:49:33,19:49:33,401016,19.0,2
MV_A5-Weekday-118000_M11_629,M11,d0,9,19:51:00,19:51:00,400747,20.0,2
MV_A5-Weekday-118000_M11_629,M11,d0,10,19:52:52,19:52:52,403271,20.0,2
MV_A5-Weekday-118000_M11_629,M11,d0,11,19:54:45,19:54:45,400750,19.0,2
MV_A5-Weekday-118000_M11_629,M11,d0,12,19:57:18,19:57:18,403103,5.0,2
MV_A5-Weekday-118000_M11_629,M11,d0,13,19:58:39,19:58:39,403104,19.0,2
MV_A5-Weekday-118000_M11_629,M11,d0,14,19:59:49,19:59:49,403105,20.0,2
MV_A5-Weekday-118000_M11_629,M11,d0,15,20:01:00,20:01:00,403106,21.0,2
MV_A5-Weekday-118000_M11_629,M11,d0,16,20:02:43,20:02:43,403107,8.0,2
MV_A5-Weekday-118000_M11_629,M11,d0,17,20:04:06,20:04:06,903299,21.0,2
MV_A5-Weekday-118000_M11_629,M11,d0,18,20:05:04,20:05:04,403109,22.0,2
MV_A5-Weekday-118000_M11_629,M11,d0,19,20:06:12,20:06:12,403110,10.0,2
MV_A5-Weekday-118000_M11_629,M11,d0,20,20:07:52,20:07:52,403111,19.0,2
MV_A5-Weekday-118000_M11_629,M11,d0,21,20:09:02,20:09:02,403112,17.0,2
MV_A5-Weekday-118000_M11_629,M11,d0,22,20:11:00,20:11:00,405248,20.0,2
MV_A5-Weekday-118000_M11_629,M11,d0,23,20:12:29,20:12:29,403114,16.0,1
MV_A5-Weekday-118000_M11_629,M11,d0,24,20:13:51,20:13:51,403115,14.0,1
MV_A5-Weekday-118000_M11_629,M11,d0,25,20:14:55,20:14:55,403116,14.0,1
MV_A5-Weekday-118000_M11_629,M11,d0,26,20:16:00,20:16:00,405394,13.0,1
MV_A5-Weekday-118000_M11_629,M11,d0,27,20:17:48,20:17:48,403118,11.0,1
MV_A5-Weekday-118000_M11_629,M11,d0,28,20:18:43,20:18:43,403119,12.0,1
MV_A5-Weekday-118000_M11_629,M11,d0,29,20:20:16,20:20:16,404260,11.0,1
MV_A5-Weekday-118000_M11_629,M11,d0,30,20:21:30,20:21:30,403122,8.0,1
MV_A5-Weekday-118000_M11_629,M11,d0,31,20:23:28,20:23:28,404262,11.0,1
MV_A5-Weekday-118000_M11_629,M11,d0,32,20:24:49,20:24:49,403125,9.0,1
MV_A5-Weekday-118000_M11_629,M11,d0,33,20:26:20,20:26:20,403126,3.0,1
MV_A5-Weekday-118000_M11_629,M11,d0,34,20:27:06,20:27:06,403127,3.0,1
MV_A5-Weekday-118000_M11_629,M11,d0,35,20:29:48,20:29:48,401444,2.0,1
MV_A5-Weekday-118000_M11_629,M11,d0,36,20:31:00,20:31:00,903352,2.0,1
MV_A5-Weekday-043700_M11_608,M11,d0,1,7:17:00,7:17:00,401393,1.0,1
MV_A5-Weekday-043700_M11_608,M11,d0,2,7:17:49,7:17:49,405120,2.0,1
MV_A5-Weekday-043700_M11_608,M11,d0,3,7:18:32,7:18:32,405167,2.0,1
MV_A5-Weekday-043700_M11_608,M11,d0,4,7:19:00,7:19:00,405265,2.0,1
MV_A5-Weekday-043700_M11_608,M11,d0,5,7:19:54,7:19:54,405152,2.0,1
MV_A5-Weekday-043700_M11_608,M11,d0,6,7:21:15,7:21:15,405151,7.0,1
MV_A5-Weekday-043700_M11_608,M11,d0,7,7:22:24,7:22:24,404161,7.0,1
MV_A5-Weekday-043700_M11_608,M11,d0,8,7:23:10,7:23:10,401398,7.0,1
MV_A5-Weekday-043700_M11_608,M11,d0,9,7:24:00,7:24:00,403802,10.0,1
MV_A5-Weekday-043700_M11_608,M11,d0,10,7:24:52,7:24:52,401400,10.0,1
MV_A5-Weekday-043700_M11_608,M11,d0,11,7:25:43,7:25:43,401401,16.0,1
MV_A5-Weekday-043700_M11_608,M11,d0,12,7:26:59,7:26:59,401402,16.0,1
MV_A5-Weekday-043700_M11_608,M11,d0,13,7:28:23,7:28:23,401404,16.0,1
MV_A5-Weekday-043700_M11_608,M11,d0,14,7:29:54,7:29:54,404279,11.0,1
MV_A5-Weekday-043700_M11_608,M11,d0,15,7:30:54,7:30:54,405631,9.0,1
MV_A5-Weekday-043700_M11_608,M11,d0,16,7:32:00,7:32:00,401407,8.0,1
MV_A5-Weekday-043700_M11_608,M11,d0,17,7:33:41,7:33:41,401408,9.0,1
MV_A5-Weekday-043700_M11_608,M11,d0,18,7:34:49,7:34:49,401409,9.0,1
MV_A5-Weekday-043700_M11_608,M11,d0,19,7:35:55,7:35:55,401410,9.0,1
MV_A5-Weekday-043700_M11_608,M11,d0,20,7:37:49,7:37:49,401411,9.0,1
MV_A5-Weekday-043700_M11_608,M11,d0,21,7:39:14,7:39:14,401412,7.0,1
MV_A5-Weekday-043700_M11_608,M11,d0,22,7:40:03,7:40:03,401413,5.0,1
MV_A5-Weekday-043700_M11_608,M11,d0,23,7:41:33,7:41:33,401414,7.0,1
MV_A5-Weekday-043700_M11_608,M11,d0,24,7:43:21,7:43:21,401416,8.0,1
MV_A5-Weekday-043700_M11_608,M11,d0,25,7:44:51,7:44:51,401417,1.0,1
MV_A5-Weekday-043700_M11_608,M11,d0,26,7:46:00,7:46:00,403472,1.0,1
MV_A5-Weekday-043700_M11_608,M11,d0,27,7:47:10,7:47:10,403555,1.0,1
MV_A5-Weekday-043700_M11_608,M11,d0,28,7:49:00,7:49:00,401021,3.0,1
MV_A5-Weekday-043700_M11_608,M11,d0,29,7:50:10,7:50:10,401022,3.0,1
MV_A5-Weekday-043700_M11_608,M11,d0,30,7:51:48,7:51:48,401023,3.0,1
MV_A5-Weekday-043700_M11_608,M11,d0,31,7:52:53,7:52:53,401024,3.0,1
MV_A5-Weekday-043700_M11_608,M11,d0,32,7:54:08,7:54:08,401025,3.0,1
MV_A5-Weekday-043700_M11_608,M11,d0,33,7:55:16,7:55:16,401026,11.0,1
MV_A5-Weekday-043700_M11_608,M11,d0,34,7:57:03,7:57:03,401027,11.0,1
MV_A5-Weekday-043700_M11_608,M11,d0,35,7:58:25,7:58:25,404320,3.0,1
MV_A5-Weekday-043700_M11_608,M11,d0,36,7:59:51,7:59:51,401029,1.0,1
MV_A5-Weekday-043700_M11_608,M11,d0,37,8:00:58,8:00:58,401030,1.0,1
MV_A5-Weekday-043700_M11_608,M11,d0,38,8:02:44,8:02:44,401031,1.0,1
MV_A5-Weekday-043700_M11_608,M11,d0,39,8:03:52,8:03:52,401032,9.0,1
MV_A5-Weekday-043700_M11_608,M11,d0,40,8:05:00,8:05:00,401033,3.0,1
MV_A5-Weekday-043700_M11_608,M11,d0,41,8:05:59,8:05:59,401034,7.0,1
MV_A5-Weekday-043700_M11_608,M11,d0,42,8:07:13,8:07:13,401035,7.0,1
MV_A5-Weekday-043700_M11_608,M11,d0,43,8:08:22,8:08:22,401435,9.0,1
MV_A5-Weekday-043700_M11_608,M11,d0,44,8:10:00,8:10:00,401436,9.0,1
MV_A5-Weekday-043700_M11_608,M11,d0,45,8:11:45,8:11:45,401438,7.0,1
MV_A5-Weekday-043700_M11_608,M11,d0,46,8:12:46,8:12:46,403886,7.0,1
MV_A5-Weekday-043700_M11_608,M11,d0,47,8:13:58,8:13:58,401440,7.0,1
MV_A5-Weekday-043700_M11_608,M11,d0,48,8:15:04,8:15:04,401441,7.0,1
MV_A5-Weekday-043700_M11_608,M11,d0,49,8:16:09,8:16:09,401442,7.0,1
MV_A5-Weekday-043700_M11_608,M11,d0,50,8:17:30,8:17:30,401443,4.0,1
MV_A5-Weekday-043700_M11_608,M11,d0,51,8:18:56,8:18:56,403292,4.0,1
MV_A5-Weekday-043700_M11_608,M11,d0,52,8:19:48,8:19:48,401444,4.0,1
MV_A5-Weekday-043700_M11_608,M11,d0,53,8:21:00,8:21:00,401446,4.0,1
MV_A5-Weekday-043700_M11_608,M11,d0,54,8:22:12,8:22:12,401447,1.0,1
MV_A5-Weekday-043700_M11_608,M11,d0,55,8:24:11,8:24:11,403757,1.0,1
MV_A5-Weekday-043700_M11_608,M11,d0,56,8:26:00,8:26:00,404011,1.0,1
MV_A5-Weekday-043700_M11_608,M11,d0,57,8:26:12,8:26:12,404012,1.0,1
MV_A5-Weekday-043700_M11_608,M11,d0,58,8:26:34,8:26:34,404013,1.0,1
MV_A5-Weekday-043700_M11_608,M11,d0,59,8:26:45,8:26:45,404056,1.0,1
MV_A5-Weekday-043700_M11_608,M11,d0,60,8:27:13,8:27:13,404014,1.0,1
MV_A5-Weekday-043700_M11_608,M11,d0,61,8:27:27,8:27:27,404015,1.0,1
MV_A5-Weekday-043700_M11_608,M11,d0,62,8:28:00,8:28:00,803194,1.0,1
MV_A5-Weekday-SDon-048700_M11_613,M11,d0,1,8:07:00,8:07:00,401393,3.0,1
MV_A5-Weekday-SDon-048700_M11_613,M11,d0,2,8:07:49,8:07:49,405120,4.0,1
MV_A5-Weekday-SDon-048700_M11_613,M11,d0,3,8:08:32,8:08:32,405167,5.0,1
MV_A5-Weekday-SDon-048700_M11_613,M11,d0,4,8:09:00,8:09:00,405265,5.0,1
MV_A5-Weekday-SDon-048700_M11_613,M11,d0,5,8:10:04,8:10:04,405152,5.0,1
MV_A5-Weekday-SDon-048700_M11_613,M11,d0,6,8:11:42,8:11:42,405151,7.0,1
MV_A5-Weekday-SDon-048700_M11_613,M11,d0,7,8:13:05,8:13:05,404161,5.0,1
MV_A5-Weekday-SDon-048700_M11_613,M11,d0,8,8:13:59,8:13:59,401398,12.0,1
MV_A5-Weekday-SDon-048700_M11_613,M11,d0,9,8:15:00,8:15:00,403802,7.0,1
MV_A5-Weekday-SDon-048700_M11_613,M11,d0,10,8:16:25,8:16:25,401400,8.0,1
MV_A5-Weekday-SDon-048700_M11_613,M11,d0,11,8:17:47,8:17:47,401401,11.0,1
MV_A5-Weekday-SDon-048700_M11_613,M11,d0,12,8:19:51,8:19:51,401402,10.0,1
MV_A5-Weekday-SDon-048700_M11_613,M11,d0,13,8:22:07,8:22:07,401404,3.0,2
MV_A5-Weekday-SDon-048700_M11_613,M11,d0,14,8:24:35,8:24:35,404279,19.0,2
MV_A5-Weekday-SDon-048700_M11_613,M11,d0,15,8:26:13,8:26:13,405631,19.0,2
MV_A5-Weekday-SDon-048700_M11_613,M11,d0,16,8:28:00,8:28:00,401407,24.0,2
MV_A5-Weekday-SDon-048700_M11_613,M11,d0,17,8:29:41,8:29:41,401408,10.0,1
MV_A5-Weekday-SDon-048700_M11_613,M11,d0,18,8:30:49,8:30:49,401409,10.0,2
MV_A5-Weekday-SDon-048700_M11_613,M11,d0,19,8:31:55,8:31:55,401410,20.0,2
MV_A5-Weekday-SDon-048700_M11_613,M11,d0,20,8:33:49,8:33:49,401411,20.0,2
MV_A5-Weekday-SDon-048700_M11_613,M11,d0,21,8:35:14,8:35:14,401412,16.0,1
MV_A5-Weekday-SDon-048700_M11_613,M11,d0,22,8:36:03,8:36:03,401413,4.0,1
MV_A5-Weekday-SDon-048700_M11_613,M11,d0,23,8:37:33,8:37:33,401414,1.0,1
MV_A5-Weekday-SDon-048700_M11_613,M11,d0,24,8:39:21,8:39:21,401416,10.0,1
MV_A5-Weekday-SDon-048700_M11_613,M11,d0,25,8:40:51,8:40:51,401417,3.0,1
MV_A5-Weekday-SDon-048700_M11_613,M11,d0,26,8:42:00,8:42:00,403472,13.0,1
MV_A5-Weekday-SDon-048700_M11_613,M11,d0,27,8:43:10,8:43:10,403555,3.0,1
MV_A5-Weekday-SDon-048700_M11_613,M11,d0,28,8:45:00,8:45:00,401021,3.0,1
MV_A5-Weekday-SDon-048700_M11_613,M11,d0,29,8:46:10,8:46:10,401022,3.0,1
MV_A5-Weekday-SDon-048700_M11_613,M11,d0,30,8:47:48,8:47:48,401023,7.0,1
MV_A5-Weekday-SDon-048700_M11_613,M11,d0,31,8:48:53,8:48:53,401024,1.0,1
MV_A5-Weekday-SDon-048700_M11_613,M11,d0,32,8:50:08,8:50:08,401025,14.0,1
MV_A5-Weekday-SDon-048700_M11_613,M11,d0,33,8:51:16,8:51:16,401026,5.0,1
MV_A5-Weekday-SDon-048700_M11_613,M11,d0,34,8:53:03,8:53:03,401027,12.0,1
MV_A5-Weekday-SDon-048700_M11_613,M11,d0,35,8:54:25,8:54:25,404320,6.0,1
MV_A5-Weekday-SDon-048700_M11_613,M11,d0,36,8:55:51,8:55:51,401029,7.0,1
MV_A5-Weekday-SDon-048700_M11_613,M11,d0,37,8:56:58,8:56:58,401030,7.0,1
MV_A5-Weekday-SDon-048700_M11_613,M11,d0,38,8:58:44,8:58:44,401031,7.0,1
MV_A5-Weekday-SDon-048700_M11_613,M11,d0,39,8:59:52,8:59:52,401032,7.0,1
MV_A5-Weekday-SDon-048700_M11_613,M11,d0,40,9:01:00,9:01:00,401033,1.0,1
MV_A5-Weekday-SDon-048700_M11_613,M11,d0,41,9:01:59,9:01:59,401034,2.0,1
MV_A5-Weekday-SDon-048700_M11_613,M11,d0,42,9:03:13,9:03:13,401035,1.0,1
MV_A5-Weekday-SDon-048700_M11_613,M11,d0,43,9:04:22,9:04:22,401435,2.0,1
MV_A5-Weekday-SDon-048700_M11_613,M11,d0,44,9:06:00,9:06:00,401436,1.0,1
MV_A5-Weekday-SDon-048700_M11_613,M11,d0,45,9:07:45,9:07:45,401438,1.0,1
MV_A5-Weekday-SDon-048700_M11_613,M11,d0,46,9:08:46,9:08:46,403886,1.0,1
MV_A5-Weekday-SDon-048700_M11_613,M11,d0,47,9:09:58,9:09:58,401440,1.0,1
MV_A5-Weekday-SDon-048700_M11_613,M11,d0,48,9:11:04,9:11:04,401441,1.0,1
MV_A5-Weekday-SDon-048700_M11_613,M11,d0,49,9:12:09,9:12:09,401442,1.0,1
MV_A5-Weekday-SDon-048700_M11_613,M11,d0,50,9:13:30,9:13:30,401443,2.0,1
MV_A5-Weekday-SDon-048700_M11_613,M11,d0,51,9:14:56,9:14:56,403292,2.0,1
MV_A5-Weekday-SDon-048700_M11_613,M11,d0,52,9:15:48,9:15:48,401444,2.0,1
MV_A5-Weekday-SDon-048700_M11_613,M11,d0,53,9:17:00,9:17:00,401446,3.0,1
MV_A5-Weekday-SDon-048700_M11_613,M11,d0,54,9:18:12,9:18:12,401447,1.0,1
MV_A5-Weekday-SDon-048700_M11_613,M11,d0,55,9:20:11,9:20:11,403757,1.0,1
MV_A5-Weekday-SDon-048700_M11_613,M11,d0,56,9:22:00,9:22:00,404011,1.0,1
MV_A5-Weekday-SDon-048700_M11_613,M11,d0,57,9:22:12,9:22:12,404012,1.0,1
MV_A5-Weekday-SDon-048700_M11_613,M11,d0,58,9:22:34,9:22:34,404013,1.0,1
MV_A5-Weekday-SDon-048700_M11_613,M11,d0,59,9:22:45,9:22:45,404056,1.0,1
MV_A5-Weekday-SDon-048700_M11_613,M11,d0,60,9:23:13,9:23:13,404014,1.0,1
MV_A5-Weekday-SDon-048700_M11_613,M11,d0,61,9:23:27,9:23:27,404015,1.0,1
MV_A5-Weekday-SDon-048700_M11_613,M11,d0,62,9:24:00,9:24:00,803194,1.0,1
MV_A5-Weekday-SDon-038700_M11_603,M11,d0,1,6:27:00,6:27:00,401393,1.0,1
MV_A5-Weekday-SDon-038700_M11_603,M11,d0,2,6:27:49,6:27:49,405120,1.0,1
MV_A5-Weekday-SDon-038700_M11_603,M11,d0,3,6:28:32,6:28:32,405167,1.0,1
MV_A5-Weekday-SDon-038700_M11_603,M11,d0,4,6:29:00,6:29:00,405265,1.0,1
MV_A5-Weekday-SDon-038700_M11_603,M11,d0,5,6:29:54,6:29:54,405152,1.0,1
MV_A5-Weekday-SDon-038700_M11_603,M11,d0,6,6:31:15,6:31:15,405151,1.0,1
MV_A5-Weekday-SDon-038700_M11_603,M11,d0,7,6:32:24,6:32:24,404161,3.0,1
MV_A5-Weekday-SDon-038700_M11_603,M11,d0,8,6:33:10,6:33:10,401398,3.0,1
MV_A5-Weekday-SDon-038700_M11_603,M11,d0,9,6:34:00,6:34:00,403802,4.0,1
MV_A5-Weekday-SDon-038700_M11_603,M11,d0,10,6:34:46,6:34:46,401400,4.0,1
MV_A5-Weekday-SDon-038700_M11_603,M11,d0,11,6:35:30,6:35:30,401401,1.0,1
MV_A5-Weekday-SDon-038700_M11_603,M11,d0,12,6:36:37,6:36:37,401402,4.0,1
MV_A5-Weekday-SDon-038700_M11_603,M11,d0,13,6:37:50,6:37:50,401404,2.0,1
MV_A5-Weekday-SDon-038700_M11_603,M11,d0,14,6:39:10,6:39:10,404279,5.0,1
MV_A5-Weekday-SDon-038700_M11_603,M11,d0,15,6:40:02,6:40:02,405631,5.0,1
MV_A5-Weekday-SDon-038700_M11_603,M11,d0,16,6:41:00,6:41:00,401407,9.0,1
MV_A5-Weekday-SDon-038700_M11_603,M11,d0,17,6:42:12,6:42:12,401408,9.0,1
MV_A5-Weekday-SDon-038700_M11_603,M11,d0,18,6:43:01,6:43:01,401409,13.0,1
MV_A5-Weekday-SDon-038700_M11_603,M11,d0,19,6:43:48,6:43:48,401410,10.0,2
MV_A5-Weekday-SDon-038700_M11_603,M11,d0,20,6:45:10,6:45:10,401411,17.0,2
MV_A5-Weekday-SDon-038700_M11_603,M11,d0,21,6:46:10,6:46:10,401412,17.0,2
MV_A5-Weekday-SDon-038700_M11_603,M11,d0,22,6:46:45,6:46:45,401413,5.0,1
MV_A5-Weekday-SDon-038700_M11_603,M11,d0,23,6:47:50,6:47:50,401414,8.0,2
MV_A5-Weekday-SDon-038700_M11_603,M11,d0,24,6:49:06,6:49:06,401416,19.0,2
MV_A5-Weekday-SDon-038700_M11_603,M11,d0,25,6:50:11,6:50:11,401417,19.0,2
MV_A5-Weekday-SDon-038700_M11_603,M11,d0,26,6:51:00,6:51:00,403472,16.0,1
MV_A5-Weekday-SDon-038700_M11_603,M11,d0,27,6:51:47,6:51:47,403555,15.0,1
MV_A5-Weekday-SDon-038700_M11_603,M11,d0,28,6:53:00,6:53:00,401021,2.0,1
MV_A5-Weekday-SDon-038700_M11_603,M11,d0,29,6:53:48,6:53:48,401022,6.0,1
MV_A5-Weekday-SDon-038700_M11_603,M11,d0,30,6:54:55,6:54:55,401023,6.0,1
MV_A5-Weekday-SDon-038700_M11_603,M11,d0,31,6:55:40,6:55:40,401024,8.0,1
MV_A5-Weekday-SDon-038700_M11_603,M11,d0,32,6:56:32,6:56:32,401025,8.0,1
MV_A5-Weekday-SDon-038700_M11_603,M11,d0,33,6:57:19,6:57:19,401026,6.0,1
MV_A5-Weekday-SDon-038700_M11_603,M11,d0,34,6:58:32,6:58:32,401027,9.0,1
MV_A5-Weekday-SDon-038700_M11_603,M11,d0,35,6:59:29,6:59:29,404320,9.0,1
MV_A5-Weekday-SDon-038700_M11_603,M11,d0,36,7:00:27,7:00:27,401029,9.0,1
MV_A5-Weekday-SDon-038700_M11_603,M11,d0,37,7:01:14,7:01:14,401030,6.0,1
MV_A5-Weekday-SDon-038700_M11_603,M11,d0,38,7:02:26,7:02:26,401031,6.0,1
MV_A5-Weekday-SDon-038700_M11_603,M11,d0,39,7:03:13,7:03:13,401032,3.0,1
MV_A5-Weekday-SDon-038700_M11_603,M11,d0,40,7:04:00,7:04:00,401033,9.0,1
MV_A5-Weekday-SDon-038700_M11_603,M11,d0,41,7:04:47,7:04:47,401034,9.0,1
MV_A5-Weekday-SDon-038700_M11_603,M11,d0,42,7:05:46,7:05:46,401035,9.0,1
MV_A5-Weekday-SDon-038700_M11_603,M11,d0,43,7:06:41,7:06:41,401435,8.0,1
MV_A5-Weekday-SDon-038700_M11_603,M11,d0,44,7:08:00,7:08:00,401436,8.0,1
MV_A5-Weekday-SDon-038700_M11_603,M11,d0,45,7:09:54,7:09:54,401438,8.0,1
MV_A5-Weekday-SDon-038700_M11_603,M11,d0,46,7:11:01,7:11:01,403886,8.0,1
MV_A5-Weekday-SDon-038700_M11_603,M11,d0,47,7:12:20,7:12:20,401440,8.0,1
MV_A5-Weekday-SDon-038700_M11_603,M11,d0,48,7:13:32,7:13:32,401441,8.0,1
MV_A5-Weekday-SDon-038700_M11_603,M11,d0,49,7:14:43,7:14:43,401442,8.0,1
MV_A5-Weekday-SDon-038700_M11_603,M11,d0,50,7:16:11,7:16:11,401443,8.0,1
MV_A5-Weekday-SDon-038700_M11_603,M11,d0,51,7:17:44,7:17:44,403292,8.0,1
MV_A5-Weekday-SDon-038700_M11_603,M11,d0,52,7:18:41,7:18:41,401444,8.0,1
MV_A5-Weekday-SDon-038700_M11_603,M11,d0,53,7:20:00,7:20:00,401446,8.0,1
MV_A5-Weekday-SDon-038700_M11_603,M11,d0,54,7:21:12,7:21:12,401447,8.0,1
MV_A5-Weekday-SDon-038700_M11_603,M11,d0,55,7:23:11,7:23:11,403757,8.0,1
MV_A5-Weekday-SDon-038700_M11_603,M11,d0,56,7:25:00,7:25:00,404011,8.0,1
MV_A5-Weekday-SDon-038700_M11_603,M11,d0,57,7:25:18,7:25:18,404012,8.0,1
MV_A5-Weekday-SDon-038700_M11_603,M11,d0,58,7:25:51,7:25:51,404013,8.0,1
MV_A5-Weekday-SDon-038700_M11_603,M11,d0,59,7:26:08,7:26:08,404056,8.0,1
MV_A5-Weekday-SDon-038700_M11_603,M11,d0,60,7:26:49,7:26:49,404014,8.0,1
MV_A5-Weekday-SDon-038700_M11_603,M11,d0,61,7:27:11,7:27:11,404015,8.0,1
MV_A5-Weekday-SDon-038700_M11_603,M11,d0,62,7:28:00,7:28:00,803194,8.0,1
MV_A5-Weekday-SDon-036000_M11_601,M11,d0,1,6:00:00,6:00:00,401393,1.0,1
MV_A5-Weekday-SDon-036000_M11_601,M11,d0,2,6:00:49,6:00:49,405120,1.0,1
MV_A5-Weekday-SDon-036000_M11_601,M11,d0,3,6:01:32,6:01:32,405167,1.0,1
MV_A5-Weekday-SDon-036000_M11_601,M11,d0,4,6:02:00,6:02:00,405265,1.0,1
MV_A5-Weekday-SDon-036000_M11_601,M11,d0,5,6:02:54,6:02:54,405152,7.0,1
MV_A5-Weekday-SDon-036000_M11_601,M11,d0,6,6:04:15,6:04:15,405151,7.0,1
MV_A5-Weekday-SDon-036000_M11_601,M11,d0,7,6:05:24,6:05:24,404161,6.0,1
MV_A5-Weekday-SDon-036000_M11_601,M11,d0,8,6:06:10,6:06:10,401398,9.0,1
MV_A5-Weekday-SDon-036000_M11_601,M11,d0,9,6:07:00,6:07:00,403802,10.0,1
MV_A5-Weekday-SDon-036000_M11_601,M11,d0,10,6:07:46,6:07:46,401400,10.0,1
MV_A5-Weekday-SDon-036000_M11_601,M11,d0,11,6:08:30,6:08:30,401401,10.0,1
MV_A5-Weekday-SDon-036000_M11_601,M11,d0,12,6:09:37,6:09:37,401402,10.0,1
MV_A5-Weekday-SDon-036000_M11_601,M11,d0,13,6:10:50,6:10:50,401404,9.0,1
MV_A5-Weekday-SDon-036000_M11_601,M11,d0,14,6:12:10,6:12:10,404279,10.0,1
MV_A5-Weekday-SDon-036000_M11_601,M11,d0,15,6:13:02,6:13:02,405631,10.0,1
MV_A5-Weekday-SDon-036000_M11_601,M11,d0,16,6:14:00,6:14:00,401407,16.0,1
MV_A5-Weekday-SDon-036000_M11_601,M11,d0,17,6:15:12,6:15:12,401408,15.0,2
MV_A5-Weekday-SDon-036000_M11_601,M11,d0,18,6:16:01,6:16:01,401409,18.0,2
MV_A5-Weekday-SDon-036000_M11_601,M11,d0,19,6:16:48,6:16:48,401410,21.0,2
MV_A5-Weekday-SDon-036000_M11_601,M11,d0,20,6:18:10,6:18:10,401411,13.0,2
MV_A5-Weekday-SDon-036000_M11_601,M11,d0,21,6:19:10,6:19:10,401412,23.0,2
MV_A5-Weekday-SDon-036000_M11_601,M11,d0,22,6:19:45,6:19:45,401413,18.0,2
MV_A5-Weekday-SDon-036000_M11_601,M11,d0,23,6:20:50,6:20:50,401414,24.0,2
MV_A5-Weekday-SDon-036000_M11_601,M11,d0,24,6:22:06,6:22:06,401416,27.0,2
MV_A5-Weekday-SDon-036000_M11_601,M11,d0,25,6:23:11,6:23:11,401417,11.0,2
MV_A5-Weekday-SDon-036000_M11_601,M11,d0,26,6:24:00,6:24:00,403472,25.0,2
MV_A5-Weekday-SDon-036000_M11_601,M11,d0,27,6:24:47,6:24:47,403555,24.0,2
MV_A5-Weekday-SDon-036000_M11_601,M11,d0,28,6:26:00,6:26:00,401021,14.0,2
MV_A5-Weekday-SDon-036000_M11_601,M11,d0,29,6:26:48,6:26:48,401022,24.0,2
MV_A5-Weekday-SDon-036000_M11_601,M11,d0,30,6:27:55,6:27:55,401023,8.0,2
MV_A5-Weekday-SDon-036000_M11_601,M11,d0,31,6:28:40,6:28:40,401024,26.0,2
MV_A5-Weekday-SDon-036000_M11_601,M11,d0,32,6:29:32,6:29:32,401025,7.0,2
MV_A5-Weekday-SDon-036000_M11_601,M11,d0,33,6:30:19,6:30:19,401026,23.0,2
MV_A5-Weekday-SDon-036000_M11_601,M11,d0,34,6:31:32,6:31:32,401027,21.0,2
MV_A5-Weekday-SDon-036000_M11_601,M11,d0,35,6:32:29,6:32:29,404320,21.0,2
MV_A5-Weekday-SDon-036000_M11_601,M11,d0,36,6:33:27,6:33:27,401029,8.0,2
MV_A5-Weekday-SDon-036000_M11_601,M11,d0,37,6:34:14,6:34:14,401030,20.0,2
MV_A5-Weekday-SDon-036000_M11_601,M11,d0,38,6:35:26,6:35:26,401031,21.0,2
MV_A5-Weekday-SDon-036000_M11_601,M11,d0,39,6:36:13,6:36:13,401032,12.0,2
MV_A5-Weekday-SDon-036000_M11_601,M11,d0,40,6:37:00,6:37:00,401033,23.0,2
MV_A5-Weekday-SDon-036000_M11_601,M11,d0,41,6:37:47,6:37:47,401034,23.0,2
MV_A5-Weekday-SDon-036000_M11_601,M11,d0,42,6:38:46,6:38:46,401035,14.0,1
MV_A5-Weekday-SDon-036000_M11_601,M11,d0,43,6:39:41,6:39:41,401435,14.0,1
MV_A5-Weekday-SDon-036000_M11_601,M11,d0,44,6:41:00,6:41:00,401436,14.0,2
MV_A5-Weekday-SDon-036000_M11_601,M11,d0,45,6:42:45,6:42:45,401438,26.0,2
MV_A5-Weekday-SDon-036000_M11_601,M11,d0,46,6:43:46,6:43:46,403886,26.0,2
MV_A5-Weekday-SDon-036000_M11_601,M11,d0,47,6:44:58,6:44:58,401440,22.0,2
MV_A5-Weekday-SDon-036000_M11_601,M11,d0,48,6:46:04,6:46:04,401441,22.0,2
MV_A5-Weekday-SDon-036000_M11_601,M11,d0,49,6:47:09,6:47:09,401442,6.0,1
MV_A5-Weekday-SDon-036000_M11_601,M11,d0,50,6:48:30,6:48:30,401443,5.0,1
MV_A5-Weekday-SDon-036000_M11_601,M11,d0,51,6:49:56,6:49:56,403292,5.0,2
MV_A5-Weekday-SDon-036000_M11_601,M11,d0,52,6:50:48,6:50:48,401444,18.0,2
MV_A5-Weekday-SDon-036000_M11_601,M11,d0,53,6:52:00,6:52:00,401446,1.0,1
MV_A5-Weekday-SDon-036000_M11_601,M11,d0,54,6:52:58,6:52:58,401447,15.0,1
MV_A5-Weekday-SDon-036000_M11_601,M11,d0,55,6:54:33,6:54:33,403757,13.0,1
MV_A5-Weekday-SDon-036000_M11_601,M11,d0,56,6:56:00,6:56:00,404011,1.0,1
MV_A5-Weekday-SDon-036000_M11_601,M11,d0,57,6:56:18,6:56:18,404012,1.0,1
MV_A5-Weekday-SDon-036000_M11_601,M11,d0,58,6:56:51,6:56:51,404013,1.0,1
MV_A5-Weekday-SDon-036000_M11_601,M11,d0,59,6:57:08,6:57:08,404056,6.0,1
MV_A5-Weekday-SDon-036000_M11_601,M11,d0,60,6:57:49,6:57:49,404014,6.0,1
MV_A5-Weekday-SDon-036000_M11_601,M11,d0,61,6:58:11,6:58:11,404015,1.0,1
MV_A5-Weekday-SDon-036000_M11_601,M11,d0,62,6:59:00,6:59:00,803194,1.0,1
MV_A5-Weekday-SDon-053700_M11_601,M11,d0,1,8:57:00,8:57:00,401393,9.0,1
MV_A5-Weekday-SDon-053700_M11_601,M11,d0,2,8:57:49,8:57:49,405120,12.0,1
MV_A5-Weekday-SDon-053700_M11_601,M11,d0,3,8:58:32,8:58:32,405167,12.0,1
MV_A5-Weekday-SDon-053700_M11_601,M11,d0,4,8:59:00,8:59:00,405265,12.0,1
MV_A5-Weekday-SDon-053700_M11_601,M11,d0,5,9:00:04,9:00:04,405152,12.0,1
MV_A5-Weekday-SDon-053700_M11_601,M11,d0,6,9:01:42,9:01:42,405151,12.0,1
MV_A5-Weekday-SDon-053700_M11_601,M11,d0,7,9:03:05,9:03:05,404161,7.0,1
MV_A5-Weekday-SDon-053700_M11_601,M11,d0,8,9:03:59,9:03:59,401398,14.0,1
MV_A5-Weekday-SDon-053700_M11_601,M11,d0,9,9:05:00,9:05:00,403802,10.0,1
MV_A5-Weekday-SDon-053700_M11_601,M11,d0,10,9:06:25,9:06:25,401400,16.0,1
MV_A5-Weekday-SDon-053700_M11_601,M11,d0,11,9:07:47,9:07:47,401401,11.0,2
MV_A5-Weekday-SDon-053700_M11_601,M11,d0,12,9:09:51,9:09:51,401402,19.0,2
MV_A5-Weekday-SDon-053700_M11_601,M11,d0,13,9:12:07,9:12:07,401404,19.0,2
MV_A5-Weekday-SDon-053700_M11_601,M11,d0,14,9:14:35,9:14:35,404279,15.0,2
MV_A5-Weekday-SDon-053700_M11_601,M11,d0,15,9:16:13,9:16:13,405631,21.0,2
MV_A5-Weekday-SDon-053700_M11_601,M11,d0,16,9:18:00,9:18:00,401407,19.0,2
MV_A5-Weekday-SDon-053700_M11_601,M11,d0,17,9:19:41,9:19:41,401408,22.0,2
MV_A5-Weekday-SDon-053700_M11_601,M11,d0,18,9:20:49,9:20:49,401409,22.0,2
MV_A5-Weekday-SDon-053700_M11_601,M11,d0,19,9:21:55,9:21:55,401410,20.0,2
MV_A5-Weekday-SDon-053700_M11_601,M11,d0,20,9:23:49,9:23:49,401411,11.0,2
MV_A5-Weekday-SDon-053700_M11_601,M11,d0,21,9:25:14,9:25:14,401412,18.0,2
MV_A5-Weekday-SDon-053700_M11_601,M11,d0,22,9:26:03,9:26:03,401413,11.0,2
MV_A5-Weekday-SDon-053700_M11_601,M11,d0,23,9:27:33,9:27:33,401414,17.0,2
MV_A5-Weekday-SDon-053700_M11_601,M11,d0,24,9:29:21,9:29:21,401416,14.0,1
MV_A5-Weekday-SDon-053700_M11_601,M11,d0,25,9:30:51,9:30:51,401417,16.0,1
MV_A5-Weekday-SDon-053700_M11_601,M11,d0,26,9:32:00,9:32:00,403472,13.0,1
MV_A5-Weekday-SDon-053700_M11_601,M11,d0,27,9:33:10,9:33:10,403555,13.0,1
MV_A5-Weekday-SDon-053700_M11_601,M11,d0,28,9:35:00,9:35:00,401021,9.0,2
MV_A5-Weekday-SDon-053700_M11_601,M11,d0,29,9:36:10,9:36:10,401022,19.0,2
MV_A5-Weekday-SDon-053700_M11_601,M11,d0,30,9:37:48,9:37:48,401023,9.0,1
MV_A5-Weekday-SDon-053700_M11_601,M11,d0,31,9:38:53,9:38:53,401024,10.0,1
MV_A5-Weekday-SDon-053700_M11_601,M11,d0,32,9:40:08,9:40:08,401025,10.0,1
MV_A5-Weekday-SDon-053700_M11_601,M11,d0,33,9:41:16,9:41:16,401026,10.0,1
MV_A5-Weekday-SDon-053700_M11_601,M11,d0,34,9:43:03,9:43:03,401027,8.0,2
MV_A5-Weekday-SDon-053700_M11_601,M11,d0,35,9:44:25,9:44:25,404320,20.0,2
MV_A5-Weekday-SDon-053700_M11_601,M11,d0,36,9:45:51,9:45:51,401029,10.0,2
MV_A5-Weekday-SDon-053700_M11_601,M11,d0,37,9:46:58,9:46:58,401030,17.0,2
MV_A5-Weekday-SDon-053700_M11_601,M11,d0,38,9:48:44,9:48:44,401031,18.0,2
MV_A5-Weekday-SDon-053700_M11_601,M11,d0,39,9:49:52,9:49:52,401032,7.0,1
MV_A5-Weekday-SDon-053700_M11_601,M11,d0,40,9:51:00,9:51:00,401033,12.0,1
MV_A5-Weekday-SDon-053700_M11_601,M11,d0,41,9:51:59,9:51:59,401034,12.0,2
MV_A5-Weekday-SDon-053700_M11_601,M11,d0,42,9:53:13,9:53:13,401035,18.0,2
MV_A5-Weekday-SDon-053700_M11_601,M11,d0,43,9:54:22,9:54:22,401435,11.0,1
MV_A5-Weekday-SDon-053700_M11_601,M11,d0,44,9:56:00,9:56:00,401436,16.0,1
MV_A5-Weekday-SDon-053700_M11_601,M11,d0,45,9:57:45,9:57:45,401438,16.0,1
MV_A5-Weekday-SDon-053700_M11_601,M11,d0,46,9:58:46,9:58:46,403886,4.0,1
MV_A5-Weekday-SDon-053700_M11_601,M11,d0,47,9:59:58,9:59:58,401440,10.0,1
MV_A5-Weekday-SDon-053700_M11_601,M11,d0,48,10:01:04,10:01:04,401441,2.0,1
MV_A5-Weekday-SDon-053700_M11_601,M11,d0,49,10:02:09,10:02:09,401442,7.0,1
MV_A5-Weekday-SDon-053700_M11_601,M11,d0,50,10:03:30,10:03:30,401443,2.0,1
MV_A5-Weekday-SDon-053700_M11_601,M11,d0,51,10:04:56,10:04:56,403292,5.0,1
MV_A5-Weekday-SDon-053700_M11_601,M11,d0,52,10:05:48,10:05:48,401444,6.0,1
MV_A5-Weekday-SDon-053700_M11_601,M11,d0,53,10:07:00,10:07:00,401446,6.0,1
MV_A5-Weekday-SDon-053700_M11_601,M11,d0,54,10:08:12,10:08:12,401447,6.0,1
MV_A5-Weekday-SDon-053700_M11_601,M11,d0,55,10:10:11,10:10:11,403757,6.0,1
MV_A5-Weekday-SDon-053700_M11_601,M11,d0,56,10:12:00,10:12:00,404011,6.0,1
MV_A5-Weekday-SDon-053700_M11_601,M11,d0,57,10:12:12,10:12:12,404012,2.0,1
MV_A5-Weekday-SDon-053700_M11_601,M11,d0,58,10:12:34,10:12:34,404013,6.0,1
MV_A5-Weekday-SDon-053700_M11_601,M11,d0,59,10:12:45,10:12:45,404056,6.0,1
MV_A5-Weekday-SDon-053700_M11_601,M11,d0,60,10:13:13,10:13:13,404014,1.0,1
MV_A5-Weekday-SDon-053700_M11_601,M11,d0,61,10:13:27,10:13:27,404015,6.0,1
MV_A5-Weekday-SDon-053700_M11_601,M11,d0,62,10:14:00,10:14:00,803194,6.0,1
MV_A5-Weekday-SDon-073100_M11_617,M11,d0,1,12:11:00,12:11:00,405374,1.0,2
MV_A5-Weekday-SDon-073100_M11_617,M11,d0,2,12:12:07,12:12:07,404919,18.0,2
MV_A5-Weekday-SDon-073100_M11_617,M11,d0,3,12:13:23,12:13:23,404872,19.0,2
MV_A5-Weekday-SDon-073100_M11_617,M11,d0,4,12:14:54,12:14:54,404846,23.0,2
MV_A5-Weekday-SDon-073100_M11_617,M11,d0,5,12:16:14,12:16:14,401239,22.0,2
MV_A5-Weekday-SDon-073100_M11_617,M11,d0,6,12:18:00,12:18:00,405393,22.0,2
MV_A5-Weekday-SDon-073100_M11_617,M11,d0,7,12:19:34,12:19:34,903209,20.0,2
MV_A5-Weekday-SDon-073100_M11_617,M11,d0,8,12:20:33,12:20:33,401016,22.0,2
MV_A5-Weekday-SDon-073100_M11_617,M11,d0,9,12:22:00,12:22:00,400747,23.0,2
MV_A5-Weekday-SDon-073100_M11_617,M11,d0,10,12:24:04,12:24:04,403271,19.0,2
MV_A5-Weekday-SDon-073100_M11_617,M11,d0,11,12:26:07,12:26:07,400750,23.0,2
MV_A5-Weekday-SDon-073100_M11_617,M11,d0,12,12:28:56,12:28:56,403103,28.0,2
MV_A5-Weekday-SDon-073100_M11_617,M11,d0,13,12:30:25,12:30:25,403104,21.0,2
MV_A5-Weekday-SDon-073100_M11_617,M11,d0,14,12:31:42,12:31:42,403105,27.0,2
MV_A5-Weekday-SDon-073100_M11_617,M11,d0,15,12:33:00,12:33:00,403106,29.0,2
MV_A5-Weekday-SDon-073100_M11_617,M11,d0,16,12:34:53,12:34:53,403107,17.0,2
MV_A5-Weekday-SDon-073100_M11_617,M11,d0,17,12:36:25,12:36:25,903299,26.0,2
MV_A5-Weekday-SDon-073100_M11_617,M11,d0,18,12:37:28,12:37:28,403109,28.0,2
MV_A5-Weekday-SDon-073100_M11_617,M11,d0,19,12:38:43,12:38:43,403110,28.0,2
MV_A5-Weekday-SDon-073100_M11_617,M11,d0,20,12:40:34,12:40:34,403111,8.0,2
MV_A5-Weekday-SDon-073100_M11_617,M11,d0,21,12:41:50,12:41:50,403112,27.0,2
MV_A5-Weekday-SDon-073100_M11_617,M11,d0,22,12:44:00,12:44:00,405248,27.0,2
MV_A5-Weekday-SDon-073100_M11_617,M11,d0,23,12:45:46,12:45:46,403114,18.0,2
MV_A5-Weekday-SDon-073100_M11_617,M11,d0,24,12:47:26,12:47:26,403115,3.0,2
MV_A5-Weekday-SDon-073100_M11_617,M11,d0,25,12:48:42,12:48:42,403116,26.0,2
MV_A5-Weekday-SDon-073100_M11_617,M11,d0,26,12:50:00,12:50:00,405394,26.0,2
MV_A5-Weekday-SDon-073100_M11_617,M11,d0,27,12:51:55,12:51:55,403118,23.0,2
MV_A5-Weekday-SDon-073100_M11_617,M11,d0,28,12:52:54,12:52:54,403119,10.0,1
MV_A5-Weekday-SDon-073100_M11_617,M11,d0,29,12:54:33,12:54:33,404260,6.0,2
MV_A5-Weekday-SDon-073100_M11_617,M11,d0,30,12:55:51,12:55:51,403122,22.0,2
MV_A5-Weekday-SDon-073100_M11_617,M11,d0,31,12:57:58,12:57:58,404262,1.0,2
MV_A5-Weekday-SDon-073100_M11_617,M11,d0,32,12:59:24,12:59:24,403125,23.0,2
MV_A5-Weekday-SDon-073100_M11_617,M11,d0,33,13:01:02,13:01:02,403126,23.0,2
MV_A5-Weekday-SDon-073100_M11_617,M11,d0,34,13:01:51,13:01:51,403127,22.0,2
MV_A5-Weekday-SDon-073100_M11_617,M11,d0,35,13:04:43,13:04:43,401444,1.0,1
MV_A5-Weekday-SDon-073100_M11_617,M11,d0,36,13:06:00,13:06:00,903352,1.0,1
MV_A5-Weekday-102500_M11_618,M11,d0,1,17:05:00,17:05:00,405374,15.0,1
MV_A5-Weekday-102500_M11_618,M11,d0,2,17:06:07,17:06:07,404919,15.0,1
MV_A5-Weekday-102500_M11_618,M11,d0,3,17:07:23,17:07:23,404872,15.0,2
MV_A5-Weekday-102500_M11_618,M11,d0,4,17:08:54,17:08:54,404846,17.0,2
MV_A5-Weekday-102500_M11_618,M11,d0,5,17:10:14,17:10:14,401239,17.0,2
MV_A5-Weekday-102500_M11_618,M11,d0,6,17:12:00,17:12:00,405393,17.0,2
MV_A5-Weekday-102500_M11_618,M11,d0,7,17:13:34,17:13:34,903209,15.0,1
MV_A5-Weekday-102500_M11_618,M11,d0,8,17:14:33,17:14:33,401016,15.0,1
MV_A5-Weekday-102500_M11_618,M11,d0,9,17:16:00,17:16:00,400747,15.0,1
MV_A5-Weekday-102500_M11_618,M11,d0,10,17:18:15,17:18:15,403271,15.0,1
MV_A5-Weekday-102500_M11_618,M11,d0,11,17:20:30,17:20:30,400750,8.0,1
MV_A5-Weekday-102500_M11_618,M11,d0,12,17:23:33,17:23:33,403103,12.0,1
MV_A5-Weekday-102500_M11_618,M11,d0,13,17:25:11,17:25:11,403104,12.0,1
MV_A5-Weekday-102500_M11_618,M11,d0,14,17:26:34,17:26:34,403105,11.0,1
MV_A5-Weekday-102500_M11_618,M11,d0,15,17:28:00,17:28:00,403106,11.0,1
MV_A5-Weekday-102500_M11_618,M11,d0,16,17:29:53,17:29:53,403107,11.0,1
MV_A5-Weekday-102500_M11_618,M11,d0,17,17:31:25,17:31:25,903299,9.0,1
MV_A5-Weekday-102500_M11_618,M11,d0,18,17:32:28,17:32:28,403109,8.0,1
MV_A5-Weekday-102500_M11_618,M11,d0,19,17:33:43,17:33:43,403110,10.0,2
MV_A5-Weekday-102500_M11_618,M11,d0,20,17:35:34,17:35:34,403111,17.0,2
MV_A5-Weekday-102500_M11_618,M11,d0,21,17:36:50,17:36:50,403112,17.0,2
MV_A5-Weekday-102500_M11_618,M11,d0,22,17:39:00,17:39:00,405248,17.0,2
MV_A5-Weekday-102500_M11_618,M11,d0,23,17:40:46,17:40:46,403114,17.0,2
MV_A5-Weekday-102500_M11_618,M11,d0,24,17:42:26,17:42:26,403115,17.0,2
MV_A5-Weekday-102500_M11_618,M11,d0,25,17:43:42,17:43:42,403116,8.0,1
MV_A5-Weekday-102500_M11_618,M11,d0,26,17:45:00,17:45:00,405394,8.0,1
MV_A5-Weekday-102500_M11_618,M11,d0,27,17:47:10,17:47:10,403118,15.0,2
MV_A5-Weekday-102500_M11_618,M11,d0,28,17:48:15,17:48:15,403119,21.0,2
MV_A5-Weekday-102500_M11_618,M11,d0,29,17:50:07,17:50:07,404260,21.0,2
MV_A5-Weekday-102500_M11_618,M11,d0,30,17:51:35,17:51:35,403122,13.0,1
MV_A5-Weekday-102500_M11_618,M11,d0,31,17:53:58,17:53:58,404262,11.0,1
MV_A5-Weekday-102500_M11_618,M11,d0,32,17:55:34,17:55:34,403125,11.0,1
MV_A5-Weekday-102500_M11_618,M11,d0,33,17:57:24,17:57:24,403126,1.0,1
MV_A5-Weekday-102500_M11_618,M11,d0,34,17:58:20,17:58:20,403127,1.0,1
MV_A5-Weekday-102500_M11_618,M11,d0,35,18:01:33,18:01:33,401444,1.0,1
MV_A5-Weekday-102500_M11_618,M11,d0,36,18:03:00,18:03:00,903352,1.0,1
MV_A5-Weekday-140000_M11_630,M11,d0,1,23:20:00,23:20:00,405374,1.0,1
MV_A5-Weekday-140000_M11_630,M11,d0,2,23:21:01,23:21:01,404919,1.0,1
MV_A5-Weekday-140000_M11_630,M11,d0,3,23:22:10,23:22:10,404872,1.0,1
MV_A5-Weekday-140000_M11_630,M11,d0,4,23:23:32,23:23:32,404846,1.0,1
MV_A5-Weekday-140000_M11_630,M11,d0,5,23:24:45,23:24:45,401239,5.0,1
MV_A5-Weekday-140000_M11_630,M11,d0,6,23:26:22,23:26:22,405393,5.0,1
MV_A5-Weekday-140000_M11_630,M11,d0,7,23:27:47,23:27:47,903209,5.0,1
MV_A5-Weekday-140000_M11_630,M11,d0,8,23:28:41,23:28:41,401016,6.0,1
MV_A5-Weekday-140000_M11_630,M11,d0,9,23:30:00,23:30:00,400747,7.0,1
MV_A5-Weekday-140000_M11_630,M11,d0,10,23:31:30,23:31:30,403271,7.0,1
MV_A5-Weekday-140000_M11_630,M11,d0,11,23:33:00,23:33:00,400750,4.0,1
MV_A5-Weekday-140000_M11_630,M11,d0,12,23:35:02,23:35:02,403103,6.0,1
MV_A5-Weekday-140000_M11_630,M11,d0,13,23:36:07,23:36:07,403104,7.0,1
MV_A5-Weekday-140000_M11_630,M11,d0,14,23:37:03,23:37:03,403105,4.0,1
MV_A5-Weekday-140000_M11_630,M11,d0,15,23:38:00,23:38:00,403106,6.0,1
MV_A5-Weekday-140000_M11_630,M11,d0,16,23:39:33,23:39:33,403107,7.0,1
MV_A5-Weekday-140000_M11_630,M11,d0,17,23:40:47,23:40:47,903299,7.0,1
MV_A5-Weekday-140000_M11_630,M11,d0,18,23:41:39,23:41:39,403109,9.0,1
MV_A5-Weekday-140000_M11_630,M11,d0,19,23:42:41,23:42:41,403110,9.0,1
MV_A5-Weekday-140000_M11_630,M11,d0,20,23:44:11,23:44:11,403111,9.0,1
MV_A5-Weekday-140000_M11_630,M11,d0,21,23:45:14,23:45:14,403112,8.0,1
MV_A5-Weekday-140000_M11_630,M11,d0,22,23:47:00,23:47:00,405248,8.0,1
MV_A5-Weekday-140000_M11_630,M11,d0,23,23:48:11,23:48:11,403114,5.0,1
MV_A5-Weekday-140000_M11_630,M11,d0,24,23:49:17,23:49:17,403115,8.0,1
MV_A5-Weekday-140000_M11_630,M11,d0,25,23:50:08,23:50:08,403116,5.0,1
MV_A5-Weekday-140000_M11_630,M11,d0,26,23:51:00,23:51:00,405394,5.0,1
MV_A5-Weekday-140000_M11_630,M11,d0,27,23:52:19,23:52:19,403118,5.0,1
MV_A5-Weekday-140000_M11_630,M11,d0,28,23:52:59,23:52:59,403119,5.0,1
MV_A5-Weekday-140000_M11_630,M11,d0,29,23:54:08,23:54:08,404260,6.0,1
MV_A5-Weekday-140000_M11_630,M11,d0,30,23:55:02,23:55:02,403122,7.0,1
MV_A5-Weekday-140000_M11_630,M11,d0,31,23:56:29,23:56:29,404262,7.0,1
MV_A5-Weekday-140000_M11_630,M11,d0,32,23:57:28,23:57:28,403125,7.0,1
MV_A5-Weekday-140000_M11_630,M11,d0,33,23:58:35,23:58:35,403126,1.0,1
MV_A5-Weekday-140000_M11_630,M11,d0,34,23:59:09,23:59:09,403127,6.0,1
MV_A5-Weekday-140000_M11_630,M11,d0,35,24:01:07,24:01:07,401444,6.0,1
MV_A5-Weekday-140000_M11_630,M11,d0,36,24:02:00,24:02:00,903352,6.0,1
MV_A5-Weekday-SDon-068500_M11_621,M11,d0,1,11:25:00,11:25:00,401393,2.0,1
MV_A5-Weekday-SDon-068500_M11_621,M11,d0,2,11:25:49,11:25:49,405120,3.0,1
MV_A5-Weekday-SDon-068500_M11_621,M11,d0,3,11:26:32,11:26:32,405167,3.0,1
MV_A5-Weekday-SDon-068500_M11_621,M11,d0,4,11:27:00,11:27:00,405265,1.0,1
MV_A5-Weekday-SDon-068500_M11_621,M11,d0,5,11:28:15,11:28:15,405152,2.0,1
MV_A5-Weekday-SDon-068500_M11_621,M11,d0,6,11:30:09,11:30:09,405151,2.0,1
MV_A5-Weekday-SDon-068500_M11_621,M11,d0,7,11:31:46,11:31:46,404161,7.0,1
MV_A5-Weekday-SDon-068500_M11_621,M11,d0,8,11:32:49,11:32:49,401398,8.0,1
MV_A5-Weekday-SDon-068500_M11_621,M11,d0,9,11:34:00,11:34:00,403802,7.0,1
MV_A5-Weekday-SDon-068500_M11_621,M11,d0,10,11:35:25,11:35:25,401400,11.0,1
MV_A5-Weekday-SDon-068500_M11_621,M11,d0,11,11:36:47,11:36:47,401401,9.0,1
MV_A5-Weekday-SDon-068500_M11_621,M11,d0,12,11:38:51,11:38:51,401402,15.0,2
MV_A5-Weekday-SDon-068500_M11_621,M11,d0,13,11:41:07,11:41:07,401404,21.0,2
MV_A5-Weekday-SDon-068500_M11_621,M11,d0,14,11:43:35,11:43:35,404279,3.0,1
MV_A5-Weekday-SDon-068500_M11_621,M11,d0,15,11:45:13,11:45:13,405631,12.0,2
MV_A5-Weekday-SDon-068500_M11_621,M11,d0,16,11:47:00,11:47:00,401407,23.0,2
MV_A5-Weekday-SDon-068500_M11_621,M11,d0,17,11:48:48,11:48:48,401408,26.0,2
MV_A5-Weekday-SDon-068500_M11_621,M11,d0,18,11:50:01,11:50:01,401409,26.0,2
MV_A5-Weekday-SDon-068500_M11_621,M11,d0,19,11:51:12,11:51:12,401410,27.0,2
MV_A5-Weekday-SDon-068500_M11_621,M11,d0,20,11:53:14,11:53:14,401411,27.0,2
MV_A5-Weekday-SDon-068500_M11_621,M11,d0,21,11:54:45,11:54:45,401412,28.0,2
MV_A5-Weekday-SDon-068500_M11_621,M11,d0,22,11:55:37,11:55:37,401413,26.0,2
MV_A5-Weekday-SDon-068500_M11_621,M11,d0,23,11:57:14,11:57:14,401414,17.0,2
MV_A5-Weekday-SDon-068500_M11_621,M11,d0,24,11:59:09,11:59:09,401416,23.0,2
MV_A5-Weekday-SDon-068500_M11_621,M11,d0,25,12:00:46,12:00:46,401417,23.0,2
MV_A5-Weekday-SDon-068500_M11_621,M11,d0,26,12:02:00,12:02:00,403472,21.0,2
MV_A5-Weekday-SDon-068500_M11_621,M11,d0,27,12:03:33,12:03:33,403555,16.0,1
MV_A5-Weekday-SDon-068500_M11_621,M11,d0,28,12:06:00,12:06:00,401021,15.0,1
MV_A5-Weekday-SDon-068500_M11_621,M11,d0,29,12:07:14,12:07:14,401022,16.0,1
MV_A5-Weekday-SDon-068500_M11_621,M11,d0,30,12:08:58,12:08:58,401023,8.0,2
MV_A5-Weekday-SDon-068500_M11_621,M11,d0,31,12:10:08,12:10:08,401024,19.0,2
MV_A5-Weekday-SDon-068500_M11_621,M11,d0,32,12:11:28,12:11:28,401025,20.0,2
MV_A5-Weekday-SDon-068500_M11_621,M11,d0,33,12:12:40,12:12:40,401026,20.0,2
MV_A5-Weekday-SDon-068500_M11_621,M11,d0,34,12:14:33,12:14:33,401027,25.0,2
MV_A5-Weekday-SDon-068500_M11_621,M11,d0,35,12:16:01,12:16:01,404320,26.0,2
MV_A5-Weekday-SDon-068500_M11_621,M11,d0,36,12:17:31,12:17:31,401029,15.0,2
MV_A5-Weekday-SDon-068500_M11_621,M11,d0,37,12:18:43,12:18:43,401030,19.0,2
MV_A5-Weekday-SDon-068500_M11_621,M11,d0,38,12:20:35,12:20:35,401031,23.0,2
MV_A5-Weekday-SDon-068500_M11_621,M11,d0,39,12:21:48,12:21:48,401032,14.0,1
MV_A5-Weekday-SDon-068500_M11_621,M11,d0,40,12:23:00,12:23:00,401033,7.0,2
MV_A5-Weekday-SDon-068500_M11_621,M11,d0,41,12:23:59,12:23:59,401034,21.0,2
MV_A5-Weekday-SDon-068500_M11_621,M11,d0,42,12:25:13,12:25:13,401035,21.0,2
MV_A5-Weekday-SDon-068500_M11_621,M11,d0,43,12:26:22,12:26:22,401435,11.0,1
MV_A5-Weekday-SDon-068500_M11_621,M11,d0,44,12:28:00,12:28:00,401436,14.0,1
MV_A5-Weekday-SDon-068500_M11_621,M11,d0,45,12:30:04,12:30:04,401438,5.0,1
MV_A5-Weekday-SDon-068500_M11_621,M11,d0,46,12:31:17,12:31:17,403886,5.0,1
MV_A5-Weekday-SDon-068500_M11_621,M11,d0,47,12:32:42,12:32:42,401440,5.0,1
MV_A5-Weekday-SDon-068500_M11_621,M11,d0,48,12:33:59,12:33:59,401441,4.0,1
MV_A5-Weekday-SDon-068500_M11_621,M11,d0,49,12:35:16,12:35:16,401442,5.0,1
MV_A5-Weekday-SDon-068500_M11_621,M11,d0,50,12:36:52,12:36:52,401443,1.0,1
MV_A5-Weekday-SDon-068500_M11_621,M11,d0,51,12:38:33,12:38:33,403292,2.0,1
MV_A5-Weekday-SDon-068500_M11_621,M11,d0,52,12:39:35,12:39:35,401444,3.0,1
MV_A5-Weekday-SDon-068500_M11_621,M11,d0,53,12:41:00,12:41:00,401446,10.0,1
MV_A5-Weekday-SDon-068500_M11_621,M11,d0,54,12:42:12,12:42:12,401447,2.0,1
MV_A5-Weekday-SDon-068500_M11_621,M11,d0,55,12:44:11,12:44:11,403757,5.0,1
MV_A5-Weekday-SDon-068500_M11_621,M11,d0,56,12:46:00,12:46:00,404011,5.0,1
MV_A5-Weekday-SDon-068500_M11_621,M11,d0,57,12:46:18,12:46:18,404012,2.0,1
MV_A5-Weekday-SDon-068500_M11_621,M11,d0,58,12:46:51,12:46:51,404013,5.0,1
MV_A5-Weekday-SDon-068500_M11_621,M11,d0,59,12:47:08,12:47:08,404056,5.0,1
MV_A5-Weekday-SDon-068500_M11_621,M11,d0,60,12:47:49,12:47:49,404014,5.0,1
MV_A5-Weekday-SDon-068500_M11_621,M11,d0,61,12:48:11,12:48:11,404015,5.0,1
MV_A5-Weekday-SDon-068500_M11_621,M11,d0,62,12:49:00,12:49:00,803194,5.0,1
MV_A5-Weekday-SDon-064900_M11_610,M11,d0,1,10:49:00,10:49:00,401393,2.0,1
MV_A5-Weekday-SDon-064900_M11_610,M11,d0,2,10:49:49,10:49:49,405120,10.0,1
MV_A5-Weekday-SDon-064900_M11_610,M11,d0,3,10:50:32,10:50:32,405167,10.0,1
MV_A5-Weekday-SDon-064900_M11_610,M11,d0,4,10:51:00,10:51:00,405265,10.0,1
MV_A5-Weekday-SDon-064900_M11_610,M11,d0,5,10:52:04,10:52:04,405152,10.0,1
MV_A5-Weekday-SDon-064900_M11_610,M11,d0,6,10:53:42,10:53:42,405151,4.0,1
MV_A5-Weekday-SDon-064900_M11_610,M11,d0,7,10:55:05,10:55:05,404161,12.0,1
MV_A5-Weekday-SDon-064900_M11_610,M11,d0,8,10:55:59,10:55:59,401398,12.0,1
MV_A5-Weekday-SDon-064900_M11_610,M11,d0,9,10:57:00,10:57:00,403802,7.0,1
MV_A5-Weekday-SDon-064900_M11_610,M11,d0,10,10:58:25,10:58:25,401400,5.0,1
MV_A5-Weekday-SDon-064900_M11_610,M11,d0,11,10:59:47,10:59:47,401401,14.0,1
MV_A5-Weekday-SDon-064900_M11_610,M11,d0,12,11:01:51,11:01:51,401402,15.0,1
MV_A5-Weekday-SDon-064900_M11_610,M11,d0,13,11:04:07,11:04:07,401404,15.0,1
MV_A5-Weekday-SDon-064900_M11_610,M11,d0,14,11:06:35,11:06:35,404279,15.0,1
MV_A5-Weekday-SDon-064900_M11_610,M11,d0,15,11:08:13,11:08:13,405631,15.0,1
MV_A5-Weekday-SDon-064900_M11_610,M11,d0,16,11:10:00,11:10:00,401407,15.0,1
MV_A5-Weekday-SDon-064900_M11_610,M11,d0,17,11:11:48,11:11:48,401408,5.0,2
MV_A5-Weekday-SDon-064900_M11_610,M11,d0,18,11:13:01,11:13:01,401409,25.0,2
MV_A5-Weekday-SDon-064900_M11_610,M11,d0,19,11:14:12,11:14:12,401410,17.0,2
MV_A5-Weekday-SDon-064900_M11_610,M11,d0,20,11:16:14,11:16:14,401411,11.0,3
MV_A5-Weekday-SDon-064900_M11_610,M11,d0,21,11:17:45,11:17:45,401412,41.0,3
MV_A5-Weekday-SDon-064900_M11_610,M11,d0,22,11:18:37,11:18:37,401413,39.0,3
MV_A5-Weekday-SDon-064900_M11_610,M11,d0,23,11:20:14,11:20:14,401414,40.0,3
MV_A5-Weekday-SDon-064900_M11_610,M11,d0,24,11:22:09,11:22:09,401416,40.0,3
MV_A5-Weekday-SDon-064900_M11_610,M11,d0,25,11:23:46,11:23:46,401417,10.0,3
MV_A5-Weekday-SDon-064900_M11_610,M11,d0,26,11:25:00,11:25:00,403472,39.0,3
MV_A5-Weekday-SDon-064900_M11_610,M11,d0,27,11:26:33,11:26:33,403555,35.0,3
MV_A5-Weekday-SDon-064900_M11_610,M11,d0,28,11:29:00,11:29:00,401021,22.0,2
MV_A5-Weekday-SDon-064900_M11_610,M11,d0,29,11:30:14,11:30:14,401022,23.0,2
MV_A5-Weekday-SDon-064900_M11_610,M11,d0,30,11:31:58,11:31:58,401023,24.0,2
MV_A5-Weekday-SDon-064900_M11_610,M11,d0,31,11:33:08,11:33:08,401024,23.0,2
MV_A5-Weekday-SDon-064900_M11_610,M11,d0,32,11:34:28,11:34:28,401025,14.0,2
MV_A5-Weekday-SDon-064900_M11_610,M11,d0,33,11:35:40,11:35:40,401026,24.0,2
MV_A5-Weekday-SDon-064900_M11_610,M11,d0,34,11:37:33,11:37:33,401027,28.0,2
MV_A5-Weekday-SDon-064900_M11_610,M11,d0,35,11:39:01,11:39:01,404320,24.0,3
MV_A5-Weekday-SDon-064900_M11_610,M11,d0,36,11:40:31,11:40:31,401029,33.0,3
MV_A5-Weekday-SDon-064900_M11_610,M11,d0,37,11:41:43,11:41:43,401030,31.0,2
MV_A5-Weekday-SDon-064900_M11_610,M11,d0,38,11:43:35,11:43:35,401031,26.0,2
MV_A5-Weekday-SDon-064900_M11_610,M11,d0,39,11:44:48,11:44:48,401032,6.0,2
MV_A5-Weekday-SDon-064900_M11_610,M11,d0,40,11:46:00,11:46:00,401033,31.0,2
MV_A5-Weekday-SDon-064900_M11_610,M11,d0,41,11:46:59,11:46:59,401034,27.0,2
MV_A5-Weekday-SDon-064900_M11_610,M11,d0,42,11:48:13,11:48:13,401035,24.0,2
MV_A5-Weekday-SDon-064900_M11_610,M11,d0,43,11:49:22,11:49:22,401435,24.0,2
MV_A5-Weekday-SDon-064900_M11_610,M11,d0,44,11:51:00,11:51:00,401436,20.0,2
MV_A5-Weekday-SDon-064900_M11_610,M11,d0,45,11:53:04,11:53:04,401438,21.0,2
MV_A5-Weekday-SDon-064900_M11_610,M11,d0,46,11:54:17,11:54:17,403886,18.0,2
MV_A5-Weekday-SDon-064900_M11_610,M11,d0,47,11:55:42,11:55:42,401440,18.0,2
MV_A5-Weekday-SDon-064900_M11_610,M11,d0,48,11:56:59,11:56:59,401441,11.0,2
MV_A5-Weekday-SDon-064900_M11_610,M11,d0,49,11:58:16,11:58:16,401442,18.0,2
MV_A5-Weekday-SDon-064900_M11_610,M11,d0,50,11:59:52,11:59:52,401443,16.0,1
MV_A5-Weekday-SDon-064900_M11_610,M11,d0,51,12:01:33,12:01:33,403292,11.0,2
MV_A5-Weekday-SDon-064900_M11_610,M11,d0,52,12:02:35,12:02:35,401444,19.0,2
MV_A5-Weekday-SDon-064900_M11_610,M11,d0,53,12:04:00,12:04:00,401446,15.0,2
MV_A5-Weekday-SDon-064900_M11_610,M11,d0,54,12:05:12,12:05:12,401447,18.0,2
MV_A5-Weekday-SDon-064900_M11_610,M11,d0,55,12:07:11,12:07:11,403757,14.0,1
MV_A5-Weekday-SDon-064900_M11_610,M11,d0,56,12:09:00,12:09:00,404011,14.0,1
MV_A5-Weekday-SDon-064900_M11_610,M11,d0,57,12:09:18,12:09:18,404012,14.0,1
MV_A5-Weekday-SDon-064900_M11_610,M11,d0,58,12:09:51,12:09:51,404013,14.0,1
MV_A5-Weekday-SDon-064900_M11_610,M11,d0,59,12:10:08,12:10:08,404056,5.0,1
MV_A5-Weekday-SDon-064900_M11_610,M11,d0,60,12:10:49,12:10:49,404014,1.0,1
MV_A5-Weekday-SDon-064900_M11_610,M11,d0,61,12:11:11,12:11:11,404015,6.0,1
MV_A5-Weekday-SDon-064900_M11_610,M11,d0,62,12:12:00,12:12:00,803194,6.0,1
MV_A5-Weekday-089700_M11_625,M11,d0,1,14:57:00,14:57:00,401393,8.0,1
MV_A5-Weekday-089700_M11_625,M11,d0,2,14:57:49,14:57:49,405120,8.0,1
MV_A5-Weekday-089700_M11_625,M11,d0,3,14:58:32,14:58:32,405167,8.0,1
MV_A5-Weekday-089700_M11_625,M11,d0,4,14:59:00,14:59:00,405265,8.0,1
MV_A5-Weekday-089700_M11_625,M11,d0,5,15:00:36,15:00:36,405152,8.0,2
MV_A5-Weekday-089700_M11_625,M11,d0,6,15:03:03,15:03:03,405151,21.0,2
MV_A5-Weekday-089700_M11_625,M11,d0,7,15:05:07,15:05:07,404161,21.0,2
MV_A5-Weekday-089700_M11_625,M11,d0,8,15:06:29,15:06:29,401398,21.0,3
MV_A5-Weekday-089700_M11_625,M11,d0,9,15:08:00,15:08:00,403802,34.0,3
MV_A5-Weekday-089700_M11_625,M11,d0,10,15:09:51,15:09:51,401400,34.0,3
MV_A5-Weekday-089700_M11_625,M11,d0,11,15:11:38,15:11:38,401401,34.0,3
MV_A5-Weekday-089700_M11_625,M11,d0,12,15:14:21,15:14:21,401402,31.0,3
MV_A5-Weekday-089700_M11_625,M11,d0,13,15:17:18,15:17:18,401404,33.0,3
MV_A5-Weekday-089700_M11_625,M11,d0,14,15:20:32,15:20:32,404279,33.0,3
MV_A5-Weekday-089700_M11_625,M11,d0,15,15:22:40,15:22:40,405631,33.0,3
MV_A5-Weekday-089700_M11_625,M11,d0,16,15:25:00,15:25:00,401407,33.0,3
MV_A5-Weekday-089700_M11_625,M11,d0,17,15:26:48,15:26:48,401408,32.0,2
MV_A5-Weekday-089700_M11_625,M11,d0,18,15:28:01,15:28:01,401409,32.0,2
MV_A5-Weekday-089700_M11_625,M11,d0,19,15:29:12,15:29:12,401410,31.0,2
MV_A5-Weekday-089700_M11_625,M11,d0,20,15:31:14,15:31:14,401411,31.0,3
MV_A5-Weekday-089700_M11_625,M11,d0,21,15:32:45,15:32:45,401412,35.0,3
MV_A5-Weekday-089700_M11_625,M11,d0,22,15:33:37,15:33:37,401413,35.0,3
MV_A5-Weekday-089700_M11_625,M11,d0,23,15:35:14,15:35:14,401414,30.0,2
MV_A5-Weekday-089700_M11_625,M11,d0,24,15:37:09,15:37:09,401416,30.0,2
MV_A5-Weekday-089700_M11_625,M11,d0,25,15:38:46,15:38:46,401417,28.0,2
MV_A5-Weekday-089700_M11_625,M11,d0,26,15:40:00,15:40:00,403472,22.0,2
MV_A5-Weekday-089700_M11_625,M11,d0,27,15:41:33,15:41:33,403555,20.0,2
MV_A5-Weekday-089700_M11_625,M11,d0,28,15:44:00,15:44:00,401021,27.0,3
MV_A5-Weekday-089700_M11_625,M11,d0,29,15:45:18,15:45:18,401022,36.0,3
MV_A5-Weekday-089700_M11_625,M11,d0,30,15:47:09,15:47:09,401023,34.0,3
MV_A5-Weekday-089700_M11_625,M11,d0,31,15:48:22,15:48:22,401024,25.0,2
MV_A5-Weekday-089700_M11_625,M11,d0,32,15:49:47,15:49:47,401025,25.0,2
MV_A5-Weekday-089700_M11_625,M11,d0,33,15:51:03,15:51:03,401026,21.0,2
MV_A5-Weekday-089700_M11_625,M11,d0,34,15:53:03,15:53:03,401027,26.0,2
MV_A5-Weekday-089700_M11_625,M11,d0,35,15:54:36,15:54:36,404320,14.0,2
MV_A5-Weekday-089700_M11_625,M11,d0,36,15:56:12,15:56:12,401029,22.0,2
MV_A5-Weekday-089700_M11_625,M11,d0,37,15:57:28,15:57:28,401030,22.0,2
MV_A5-Weekday-089700_M11_625,M11,d0,38,15:59:27,15:59:27,401031,22.0,2
MV_A5-Weekday-089700_M11_625,M11,d0,39,16:00:44,16:00:44,401032,7.0,2
MV_A5-Weekday-089700_M11_625,M11,d0,40,16:02:00,16:02:00,401033,20.0,2
MV_A5-Weekday-089700_M11_625,M11,d0,41,16:02:59,16:02:59,401034,20.0,2
MV_A5-Weekday-089700_M11_625,M11,d0,42,16:04:13,16:04:13,401035,20.0,2
MV_A5-Weekday-089700_M11_625,M11,d0,43,16:05:22,16:05:22,401435,20.0,2
MV_A5-Weekday-089700_M11_625,M11,d0,44,16:07:00,16:07:00,401436,20.0,2
MV_A5-Weekday-089700_M11_625,M11,d0,45,16:09:32,16:09:32,401438,20.0,2
MV_A5-Weekday-089700_M11_625,M11,d0,46,16:11:02,16:11:02,403886,20.0,2
MV_A5-Weekday-089700_M11_625,M11,d0,47,16:12:47,16:12:47,401440,20.0,2
MV_A5-Weekday-089700_M11_625,M11,d0,48,16:14:22,16:14:22,401441,16.0,1
MV_A5-Weekday-089700_M11_625,M11,d0,49,16:15:57,16:15:57,401442,9.0,1
MV_A5-Weekday-089700_M11_625,M11,d0,50,16:17:55,16:17:55,401443,13.0,1
MV_A5-Weekday-089700_M11_625,M11,d0,51,16:19:59,16:19:59,403292,13.0,1
MV_A5-Weekday-089700_M11_625,M11,d0,52,16:21:15,16:21:15,401444,16.0,1
MV_A5-Weekday-089700_M11_625,M11,d0,53,16:23:00,16:23:00,401446,16.0,1
MV_A5-Weekday-089700_M11_625,M11,d0,54,16:24:27,16:24:27,401447,16.0,1
MV_A5-Weekday-089700_M11_625,M11,d0,55,16:26:49,16:26:49,403757,16.0,1
MV_A5-Weekday-089700_M11_625,M11,d0,56,16:29:00,16:29:00,404011,16.0,1
MV_A5-Weekday-089700_M11_625,M11,d0,57,16:29:24,16:29:24,404012,16.0,1
MV_A5-Weekday-089700_M11_625,M11,d0,58,16:30:09,16:30:09,404013,16.0,1
MV_A5-Weekday-089700_M11_625,M11,d0,59,16:30:31,16:30:31,404056,1.0,1
MV_A5-Weekday-089700_M11_625,M11,d0,60,16:31:25,16:31:25,404014,1.0,1
MV_A5-Weekday-089700_M11_625,M11,d0,61,16:31:55,16:31:55,404015,1.0,1
MV_A5-Weekday-089700_M11_625,M11,d0,62,16:33:00,16:33:00,803194,1.0,1
MV_A5-Weekday-SDon-100500_M11_623,M11,d0,1,16:45:00,16:45:00,405374,91.0,6
MV_A5-Weekday-SDon-100500_M11_623,M11,d0,2,16:46:07,16:46:07,404919,91.0,6
MV_A5-Weekday-SDon-100500_M11_623,M11,d0,3,16:47:23,16:47:23,404872,91.0,6
MV_A5-Weekday-SDon-100500_M11_623,M11,d0,4,16:48:54,16:48:54,404846,92.0,6
MV_A5-Weekday-SDon-100500_M11_623,M11,d0,5,16:50:14,16:50:14,401239,92.0,6
MV_A5-Weekday-SDon-100500_M11_623,M11,d0,6,16:52:00,16:52:00,405393,92.0,6
MV_A5-Weekday-SDon-100500_M11_623,M11,d0,7,16:53:34,16:53:34,903209,11.0,1
MV_A5-Weekday-SDon-100500_M11_623,M11,d0,8,16:54:33,16:54:33,401016,14.0,1
MV_A5-Weekday-SDon-100500_M11_623,M11,d0,9,16:56:00,16:56:00,400747,14.0,7
MV_A5-Weekday-SDon-100500_M11_623,M11,d0,10,16:58:15,16:58:15,403271,110.0,7
MV_A5-Weekday-SDon-100500_M11_623,M11,d0,11,17:00:30,17:00:30,400750,110.0,7
MV_A5-Weekday-SDon-100500_M11_623,M11,d0,12,17:03:33,17:03:33,403103,110.0,7
MV_A5-Weekday-SDon-100500_M11_623,M11,d0,13,17:05:11,17:05:11,403104,28.0,2
MV_A5-Weekday-SDon-100500_M11_623,M11,d0,14,17:06:34,17:06:34,403105,29.0,3
MV_A5-Weekday-SDon-100500_M11_623,M11,d0,15,17:08:00,17:08:00,403106,34.0,3
MV_A5-Weekday-SDon-100500_M11_623,M11,d0,16,17:09:53,17:09:53,403107,34.0,7
MV_A5-Weekday-SDon-100500_M11_623,M11,d0,17,17:11:25,17:11:25,903299,110.0,7
MV_A5-Weekday-SDon-100500_M11_623,M11,d0,18,17:12:28,17:12:28,403109,110.0,7
MV_A5-Weekday-SDon-100500_M11_623,M11,d0,19,17:13:43,17:13:43,403110,110.0,7
MV_A5-Weekday-SDon-100500_M11_623,M11,d0,20,17:15:34,17:15:34,403111,21.0,3
MV_A5-Weekday-SDon-100500_M11_623,M11,d0,21,17:16:50,17:16:50,403112,42.0,3
MV_A5-Weekday-SDon-100500_M11_623,M11,d0,22,17:19:00,17:19:00,405248,42.0,3
MV_A5-Weekday-SDon-100500_M11_623,M11,d0,23,17:20:46,17:20:46,403114,42.0,3
MV_A5-Weekday-SDon-100500_M11_623,M11,d0,24,17:22:26,17:22:26,403115,42.0,3
MV_A5-Weekday-SDon-100500_M11_623,M11,d0,25,17:23:42,17:23:42,403116,42.0,3
MV_A5-Weekday-SDon-100500_M11_623,M11,d0,26,17:25:00,17:25:00,405394,14.0,2
MV_A5-Weekday-SDon-100500_M11_623,M11,d0,27,17:27:10,17:27:10,403118,21.0,2
MV_A5-Weekday-SDon-100500_M11_623,M11,d0,28,17:28:15,17:28:15,403119,21.0,2
MV_A5-Weekday-SDon-100500_M11_623,M11,d0,29,17:30:07,17:30:07,404260,21.0,2
MV_A5-Weekday-SDon-100500_M11_623,M11,d0,30,17:31:35,17:31:35,403122,21.0,2
MV_A5-Weekday-SDon-100500_M11_623,M11,d0,31,17:33:58,17:33:58,404262,21.0,2
MV_A5-Weekday-SDon-100500_M11_623,M11,d0,32,17:35:34,17:35:34,403125,15.0,1
MV_A5-Weekday-SDon-100500_M11_623,M11,d0,33,17:37:24,17:37:24,403126,7.0,1
MV_A5-Weekday-SDon-100500_M11_623,M11,d0,34,17:38:20,17:38:20,403127,4.0,1
MV_A5-Weekday-SDon-100500_M11_623,M11,d0,35,17:41:33,17:41:33,401444,3.0,1
MV_A5-Weekday-SDon-100500_M11_623,M11,d0,36,17:43:00,17:43:00,903352,3.0,1
MV_A5-Weekday-SDon-115500_M11_623,M11,d0,1,19:15:00,19:15:00,405374,6.0,1
MV_A5-Weekday-SDon-115500_M11_623,M11,d0,2,19:16:07,19:16:07,404919,9.0,1
MV_A5-Weekday-SDon-115500_M11_623,M11,d0,3,19:17:23,19:17:23,404872,12.0,1
MV_A5-Weekday-SDon-115500_M11_623,M11,d0,4,19:18:54,19:18:54,404846,12.0,1
MV_A5-Weekday-SDon-115500_M11_623,M11,d0,5,19:20:14,19:20:14,401239,12.0,1
MV_A5-Weekday-SDon-115500_M11_623,M11,d0,6,19:22:00,19:22:00,405393,12.0,1
MV_A5-Weekday-SDon-115500_M11_623,M11,d0,7,19:23:34,19:23:34,903209,12.0,1
MV_A5-Weekday-SDon-115500_M11_623,M11,d0,8,19:24:33,19:24:33,401016,12.0,1
MV_A5-Weekday-SDon-115500_M11_623,M11,d0,9,19:26:00,19:26:00,400747,15.0,2
MV_A5-Weekday-SDon-115500_M11_623,M11,d0,10,19:28:04,19:28:04,403271,18.0,2
MV_A5-Weekday-SDon-115500_M11_623,M11,d0,11,19:30:07,19:30:07,400750,17.0,2
MV_A5-Weekday-SDon-115500_M11_623,M11,d0,12,19:32:56,19:32:56,403103,18.0,2
MV_A5-Weekday-SDon-115500_M11_623,M11,d0,13,19:34:25,19:34:25,403104,23.0,2
MV_A5-Weekday-SDon-115500_M11_623,M11,d0,14,19:35:42,19:35:42,403105,14.0,2
MV_A5-Weekday-SDon-115500_M11_623,M11,d0,15,19:37:00,19:37:00,403106,23.0,2
MV_A5-Weekday-SDon-115500_M11_623,M11,d0,16,19:38:43,19:38:43,403107,18.0,2
MV_A5-Weekday-SDon-115500_M11_623,M11,d0,17,19:40:06,19:40:06,903299,24.0,2
MV_A5-Weekday-SDon-115500_M11_623,M11,d0,18,19:41:04,19:41:04,403109,24.0,2
MV_A5-Weekday-SDon-115500_M11_623,M11,d0,19,19:42:12,19:42:12,403110,24.0,2
MV_A5-Weekday-SDon-115500_M11_623,M11,d0,20,19:43:52,19:43:52,403111,17.0,2
MV_A5-Weekday-SDon-115500_M11_623,M11,d0,21,19:45:02,19:45:02,403112,17.0,2
MV_A5-Weekday-SDon-115500_M11_623,M11,d0,22,19:47:00,19:47:00,405248,17.0,2
MV_A5-Weekday-SDon-115500_M11_623,M11,d0,23,19:48:29,19:48:29,403114,10.0,1
MV_A5-Weekday-SDon-115500_M11_623,M11,d0,24,19:49:51,19:49:51,403115,14.0,1
MV_A5-Weekday-SDon-115500_M11_623,M11,d0,25,19:50:55,19:50:55,403116,14.0,1
MV_A5-Weekday-SDon-115500_M11_623,M11,d0,26,19:52:00,19:52:00,405394,8.0,1
MV_A5-Weekday-SDon-115500_M11_623,M11,d0,27,19:53:48,19:53:48,403118,14.0,1
MV_A5-Weekday-SDon-115500_M11_623,M11,d0,28,19:54:43,19:54:43,403119,16.0,1
MV_A5-Weekday-SDon-115500_M11_623,M11,d0,29,19:56:16,19:56:16,404260,5.0,1
MV_A5-Weekday-SDon-115500_M11_623,M11,d0,30,19:57:30,19:57:30,403122,1.0,1
MV_A5-Weekday-SDon-115500_M11_623,M11,d0,31,19:59:28,19:59:28,404262,14.0,1
MV_A5-Weekday-SDon-115500_M11_623,M11,d0,32,20:00:49,20:00:49,403125,4.0,1
MV_A5-Weekday-SDon-115500_M11_623,M11,d0,33,20:02:20,20:02:20,403126,13.0,1
MV_A5-Weekday-SDon-115500_M11_623,M11,d0,34,20:03:06,20:03:06,403127,4.0,1
MV_A5-Weekday-SDon-115500_M11_623,M11,d0,35,20:05:48,20:05:48,401444,4.0,1
MV_A5-Weekday-SDon-115500_M11_623,M11,d0,36,20:07:00,20:07:00,903352,4.0,1
MV_A5-Weekday-SDon-077900_M11_603,M11,d0,1,12:59:00,12:59:00,405374,7.0,1
MV_A5-Weekday-SDon-077900_M11_603,M11,d0,2,13:00:07,13:00:07,404919,7.0,1
MV_A5-Weekday-SDon-077900_M11_603,M11,d0,3,13:01:23,13:01:23,404872,11.0,1
MV_A5-Weekday-SDon-077900_M11_603,M11,d0,4,13:02:54,13:02:54,404846,12.0,1
MV_A5-Weekday-SDon-077900_M11_603,M11,d0,5,13:04:14,13:04:14,401239,12.0,1
MV_A5-Weekday-SDon-077900_M11_603,M11,d0,6,13:06:00,13:06:00,405393,12.0,1
MV_A5-Weekday-SDon-077900_M11_603,M11,d0,7,13:07:34,13:07:34,903209,12.0,1
MV_A5-Weekday-SDon-077900_M11_603,M11,d0,8,13:08:33,13:08:33,401016,5.0,1
MV_A5-Weekday-SDon-077900_M11_603,M11,d0,9,13:10:00,13:10:00,400747,14.0,1
MV_A5-Weekday-SDon-077900_M11_603,M11,d0,10,13:12:04,13:12:04,403271,14.0,1
MV_A5-Weekday-SDon-077900_M11_603,M11,d0,11,13:14:07,13:14:07,400750,1.0,2
MV_A5-Weekday-SDon-077900_M11_603,M11,d0,12,13:16:56,13:16:56,403103,18.0,2
MV_A5-Weekday-SDon-077900_M11_603,M11,d0,13,13:18:25,13:18:25,403104,18.0,2
MV_A5-Weekday-SDon-077900_M11_603,M11,d0,14,13:19:42,13:19:42,403105,1.0,1
MV_A5-Weekday-SDon-077900_M11_603,M11,d0,15,13:21:00,13:21:00,403106,12.0,1
MV_A5-Weekday-SDon-077900_M11_603,M11,d0,16,13:22:53,13:22:53,403107,12.0,1
MV_A5-Weekday-SDon-077900_M11_603,M11,d0,17,13:24:25,13:24:25,903299,7.0,2
MV_A5-Weekday-SDon-077900_M11_603,M11,d0,18,13:25:28,13:25:28,403109,20.0,2
MV_A5-Weekday-SDon-077900_M11_603,M11,d0,19,13:26:43,13:26:43,403110,20.0,2
MV_A5-Weekday-SDon-077900_M11_603,M11,d0,20,13:28:34,13:28:34,403111,20.0,2
MV_A5-Weekday-SDon-077900_M11_603,M11,d0,21,13:29:50,13:29:50,403112,20.0,2
MV_A5-Weekday-SDon-077900_M11_603,M11,d0,22,13:32:00,13:32:00,405248,20.0,2
MV_A5-Weekday-SDon-077900_M11_603,M11,d0,23,13:33:46,13:33:46,403114,20.0,2
MV_A5-Weekday-SDon-077900_M11_603,M11,d0,24,13:35:26,13:35:26,403115,20.0,2
MV_A5-Weekday-SDon-077900_M11_603,M11,d0,25,13:36:42,13:36:42,403116,20.0,2
MV_A5-Weekday-SDon-077900_M11_603,M11,d0,26,13:38:00,13:38:00,405394,20.0,2
MV_A5-Weekday-SDon-077900_M11_603,M11,d0,27,13:40:10,13:40:10,403118,20.0,2
MV_A5-Weekday-SDon-077900_M11_603,M11,d0,28,13:41:15,13:41:15,403119,2.0,1
MV_A5-Weekday-SDon-077900_M11_603,M11,d0,29,13:43:07,13:43:07,404260,2.0,1
MV_A5-Weekday-SDon-077900_M11_603,M11,d0,30,13:44:35,13:44:35,403122,9.0,1
MV_A5-Weekday-SDon-077900_M11_603,M11,d0,31,13:46:58,13:46:58,404262,7.0,1
MV_A5-Weekday-SDon-077900_M11_603,M11,d0,32,13:48:34,13:48:34,403125,2.0,1
MV_A5-Weekday-SDon-077900_M11_603,M11,d0,33,13:50:24,13:50:24,403126,5.0,1
MV_A5-Weekday-SDon-077900_M11_603,M11,d0,34,13:51:20,13:51:20,403127,4.0,1
MV_A5-Weekday-SDon-077900_M11_603,M11,d0,35,13:54:33,13:54:33,401444,2.0,1
MV_A5-Weekday-SDon-077900_M11_603,M11,d0,36,13:56:00,13:56:00,903352,2.0,1
MV_A5-Weekday-086500_M11_610,M11,d0,1,14:25:00,14:25:00,401393,5.0,1
MV_A5-Weekday-086500_M11_610,M11,d0,2,14:25:49,14:25:49,405120,5.0,1
MV_A5-Weekday-086500_M11_610,M11,d0,3,14:26:32,14:26:32,405167,5.0,1
MV_A5-Weekday-086500_M11_610,M11,d0,4,14:27:00,14:27:00,405265,5.0,1
MV_A5-Weekday-086500_M11_610,M11,d0,5,14:28:26,14:28:26,405152,5.0,1
MV_A5-Weekday-086500_M11_610,M11,d0,6,14:30:36,14:30:36,405151,5.0,1
MV_A5-Weekday-086500_M11_610,M11,d0,7,14:32:26,14:32:26,404161,5.0,1
MV_A5-Weekday-086500_M11_610,M11,d0,8,14:33:39,14:33:39,401398,5.0,1
MV_A5-Weekday-086500_M11_610,M11,d0,9,14:35:00,14:35:00,403802,9.0,1
MV_A5-Weekday-086500_M11_610,M11,d0,10,14:36:51,14:36:51,401400,15.0,1
MV_A5-Weekday-086500_M11_610,M11,d0,11,14:38:38,14:38:38,401401,15.0,2
MV_A5-Weekday-086500_M11_610,M11,d0,12,14:41:21,14:41:21,401402,21.0,2
MV_A5-Weekday-086500_M11_610,M11,d0,13,14:44:18,14:44:18,401404,24.0,2
MV_A5-Weekday-086500_M11_610,M11,d0,14,14:47:32,14:47:32,404279,25.0,2
MV_A5-Weekday-086500_M11_610,M11,d0,15,14:49:40,14:49:40,405631,25.0,2
MV_A5-Weekday-086500_M11_610,M11,d0,16,14:52:00,14:52:00,401407,22.0,3
MV_A5-Weekday-086500_M11_610,M11,d0,17,14:53:48,14:53:48,401408,33.0,3
MV_A5-Weekday-086500_M11_610,M11,d0,18,14:55:01,14:55:01,401409,33.0,3
MV_A5-Weekday-086500_M11_610,M11,d0,19,14:56:12,14:56:12,401410,38.0,3
MV_A5-Weekday-086500_M11_610,M11,d0,20,14:58:14,14:58:14,401411,38.0,3
MV_A5-Weekday-086500_M11_610,M11,d0,21,14:59:45,14:59:45,401412,38.0,3
MV_A5-Weekday-086500_M11_610,M11,d0,22,15:00:37,15:00:37,401413,34.0,3
MV_A5-Weekday-086500_M11_610,M11,d0,23,15:02:14,15:02:14,401414,34.0,3
MV_A5-Weekday-086500_M11_610,M11,d0,24,15:04:09,15:04:09,401416,34.0,3
MV_A5-Weekday-086500_M11_610,M11,d0,25,15:05:46,15:05:46,401417,20.0,2
MV_A5-Weekday-086500_M11_610,M11,d0,26,15:07:00,15:07:00,403472,20.0,2
MV_A5-Weekday-086500_M11_610,M11,d0,27,15:08:33,15:08:33,403555,20.0,2
MV_A5-Weekday-086500_M11_610,M11,d0,28,15:11:00,15:11:00,401021,20.0,2
MV_A5-Weekday-086500_M11_610,M11,d0,29,15:12:27,15:12:27,401022,20.0,2
MV_A5-Weekday-086500_M11_610,M11,d0,30,15:14:29,15:14:29,401023,20.0,2
MV_A5-Weekday-086500_M11_610,M11,d0,31,15:15:52,15:15:52,401024,20.0,2
MV_A5-Weekday-086500_M11_610,M11,d0,32,15:17:25,15:17:25,401025,16.0,1
MV_A5-Weekday-086500_M11_610,M11,d0,33,15:18:50,15:18:50,401026,15.0,2
MV_A5-Weekday-086500_M11_610,M11,d0,34,15:21:04,15:21:04,401027,19.0,2
MV_A5-Weekday-086500_M11_610,M11,d0,35,15:22:47,15:22:47,404320,19.0,2
MV_A5-Weekday-086500_M11_610,M11,d0,36,15:24:33,15:24:33,401029,19.0,2
MV_A5-Weekday-086500_M11_610,M11,d0,37,15:25:58,15:25:58,401030,16.0,2
MV_A5-Weekday-086500_M11_610,M11,d0,38,15:28:10,15:28:10,401031,21.0,2
MV_A5-Weekday-086500_M11_610,M11,d0,39,15:29:35,15:29:35,401032,23.0,2
MV_A5-Weekday-086500_M11_610,M11,d0,40,15:31:00,15:31:00,401033,24.0,2
MV_A5-Weekday-086500_M11_610,M11,d0,41,15:31:59,15:31:59,401034,24.0,2
MV_A5-Weekday-086500_M11_610,M11,d0,42,15:33:13,15:33:13,401035,24.0,2
MV_A5-Weekday-086500_M11_610,M11,d0,43,15:34:22,15:34:22,401435,22.0,2
MV_A5-Weekday-086500_M11_610,M11,d0,44,15:36:00,15:36:00,401436,22.0,2
MV_A5-Weekday-086500_M11_610,M11,d0,45,15:38:32,15:38:32,401438,21.0,2
MV_A5-Weekday-086500_M11_610,M11,d0,46,15:40:02,15:40:02,403886,26.0,2
MV_A5-Weekday-086500_M11_610,M11,d0,47,15:41:47,15:41:47,401440,18.0,2
MV_A5-Weekday-086500_M11_610,M11,d0,48,15:43:22,15:43:22,401441,18.0,2
MV_A5-Weekday-086500_M11_610,M11,d0,49,15:44:57,15:44:57,401442,18.0,2
MV_A5-Weekday-086500_M11_610,M11,d0,50,15:46:55,15:46:55,401443,19.0,2
MV_A5-Weekday-086500_M11_610,M11,d0,51,15:48:59,15:48:59,403292,19.0,2
MV_A5-Weekday-086500_M11_610,M11,d0,52,15:50:15,15:50:15,401444,13.0,2
MV_A5-Weekday-086500_M11_610,M11,d0,53,15:52:00,15:52:00,401446,19.0,2
MV_A5-Weekday-086500_M11_610,M11,d0,54,15:53:27,15:53:27,401447,16.0,1
MV_A5-Weekday-086500_M11_610,M11,d0,55,15:55:49,15:55:49,403757,13.0,1
MV_A5-Weekday-086500_M11_610,M11,d0,56,15:58:00,15:58:00,404011,13.0,1
MV_A5-Weekday-086500_M11_610,M11,d0,57,15:58:24,15:58:24,404012,1.0,1
MV_A5-Weekday-086500_M11_610,M11,d0,58,15:59:09,15:59:09,404013,1.0,1
MV_A5-Weekday-086500_M11_610,M11,d0,59,15:59:31,15:59:31,404056,1.0,1
MV_A5-Weekday-086500_M11_610,M11,d0,60,16:00:25,16:00:25,404014,1.0,1
MV_A5-Weekday-086500_M11_610,M11,d0,61,16:00:55,16:00:55,404015,1.0,1
MV_A5-Weekday-086500_M11_610,M11,d0,62,16:02:00,16:02:00,803194,1.0,1
MV_A5-Weekday-079100_M11_605,M11,d0,1,13:11:00,13:11:00,405374,3.0,1
MV_A5-Weekday-079100_M11_605,M11,d0,2,13:12:07,13:12:07,404919,3.0,1
MV_A5-Weekday-079100_M11_605,M11,d0,3,13:13:23,13:13:23,404872,3.0,1
MV_A5-Weekday-079100_M11_605,M11,d0,4,13:14:54,13:14:54,404846,3.0,1
MV_A5-Weekday-079100_M11_605,M11,d0,5,13:16:14,13:16:14,401239,1.0,1
MV_A5-Weekday-079100_M11_605,M11,d0,6,13:18:00,13:18:00,405393,4.0,1
MV_A5-Weekday-079100_M11_605,M11,d0,7,13:19:34,13:19:34,903209,4.0,1
MV_A5-Weekday-079100_M11_605,M11,d0,8,13:20:33,13:20:33,401016,4.0,1
MV_A5-Weekday-079100_M11_605,M11,d0,9,13:22:00,13:22:00,400747,6.0,1
MV_A5-Weekday-079100_M11_605,M11,d0,10,13:24:04,13:24:04,403271,9.0,1
MV_A5-Weekday-079100_M11_605,M11,d0,11,13:26:07,13:26:07,400750,9.0,1
MV_A5-Weekday-079100_M11_605,M11,d0,12,13:28:56,13:28:56,403103,9.0,1
MV_A5-Weekday-079100_M11_605,M11,d0,13,13:30:25,13:30:25,403104,9.0,1
MV_A5-Weekday-079100_M11_605,M11,d0,14,13:31:42,13:31:42,403105,9.0,1
MV_A5-Weekday-079100_M11_605,M11,d0,15,13:33:00,13:33:00,403106,9.0,1
MV_A5-Weekday-079100_M11_605,M11,d0,16,13:34:53,13:34:53,403107,9.0,1
MV_A5-Weekday-079100_M11_605,M11,d0,17,13:36:25,13:36:25,903299,9.0,1
MV_A5-Weekday-079100_M11_605,M11,d0,18,13:37:28,13:37:28,403109,9.0,1
MV_A5-Weekday-079100_M11_605,M11,d0,19,13:38:43,13:38:43,403110,9.0,1
MV_A5-Weekday-079100_M11_605,M11,d0,20,13:40:34,13:40:34,403111,7.0,1
MV_A5-Weekday-079100_M11_605,M11,d0,21,13:41:50,13:41:50,403112,8.0,1
MV_A5-Weekday-079100_M11_605,M11,d0,22,13:44:00,13:44:00,405248,8.0,1
MV_A5-Weekday-079100_M11_605,M11,d0,23,13:45:46,13:45:46,403114,5.0,1
MV_A5-Weekday-079100_M11_605,M11,d0,24,13:47:26,13:47:26,403115,5.0,1
MV_A5-Weekday-079100_M11_605,M11,d0,25,13:48:42,13:48:42,403116,4.0,1
MV_A5-Weekday-079100_M11_605,M11,d0,26,13:50:00,13:50:00,405394,4.0,1
MV_A5-Weekday-079100_M11_605,M11,d0,27,13:52:10,13:52:10,403118,1.0,1
MV_A5-Weekday-079100_M11_605,M11,d0,28,13:53:15,13:53:15,403119,1.0,1
MV_A5-Weekday-079100_M11_605,M11,d0,29,13:55:07,13:55:07,404260,1.0,1
MV_A5-Weekday-079100_M11_605,M11,d0,30,13:56:35,13:56:35,403122,1.0,1
MV_A5-Weekday-079100_M11_605,M11,d0,31,13:58:58,13:58:58,404262,1.0,1
MV_A5-Weekday-079100_M11_605,M11,d0,32,14:00:34,14:00:34,403125,1.0,1
MV_A5-Weekday-079100_M11_605,M11,d0,33,14:02:24,14:02:24,403126,1.0,1
MV_A5-Weekday-079100_M11_605,M11,d0,34,14:03:20,14:03:20,403127,1.0,1
MV_A5-Weekday-079100_M11_605,M11,d0,35,14:06:33,14:06:33,401444,1.0,1
MV_A5-Weekday-079100_M11_605,M11,d0,36,14:08:00,14:08:00,903352,1.0,1
MV_A5-Weekday-SDon-072100_M11_622,M11,d0,1,12:01:00,12:01:00,401393,10.0,1
MV_A5-Weekday-SDon-072100_M11_622,M11,d0,2,12:01:49,12:01:49,405120,2.0,1
MV_A5-Weekday-SDon-072100_M11_622,M11,d0,3,12:02:32,12:02:32,405167,4.0,1
MV_A5-Weekday-SDon-072100_M11_622,M11,d0,4,12:03:00,12:03:00,405265,2.0,1
MV_A5-Weekday-SDon-072100_M11_622,M11,d0,5,12:04:15,12:04:15,405152,5.0,1
MV_A5-Weekday-SDon-072100_M11_622,M11,d0,6,12:06:09,12:06:09,405151,12.0,1
MV_A5-Weekday-SDon-072100_M11_622,M11,d0,7,12:07:46,12:07:46,404161,7.0,1
MV_A5-Weekday-SDon-072100_M11_622,M11,d0,8,12:08:49,12:08:49,401398,7.0,1
MV_A5-Weekday-SDon-072100_M11_622,M11,d0,9,12:10:00,12:10:00,403802,6.0,1
MV_A5-Weekday-SDon-072100_M11_622,M11,d0,10,12:11:25,12:11:25,401400,11.0,1
MV_A5-Weekday-SDon-072100_M11_622,M11,d0,11,12:12:47,12:12:47,401401,11.0,1
MV_A5-Weekday-SDon-072100_M11_622,M11,d0,12,12:14:51,12:14:51,401402,15.0,1
MV_A5-Weekday-SDon-072100_M11_622,M11,d0,13,12:17:07,12:17:07,401404,16.0,2
MV_A5-Weekday-SDon-072100_M11_622,M11,d0,14,12:19:35,12:19:35,404279,17.0,2
MV_A5-Weekday-SDon-072100_M11_622,M11,d0,15,12:21:13,12:21:13,405631,16.0,2
MV_A5-Weekday-SDon-072100_M11_622,M11,d0,16,12:23:00,12:23:00,401407,23.0,2
MV_A5-Weekday-SDon-072100_M11_622,M11,d0,17,12:24:48,12:24:48,401408,25.0,2
MV_A5-Weekday-SDon-072100_M11_622,M11,d0,18,12:26:01,12:26:01,401409,30.0,3
MV_A5-Weekday-SDon-072100_M11_622,M11,d0,19,12:27:12,12:27:12,401410,47.0,3
MV_A5-Weekday-SDon-072100_M11_622,M11,d0,20,12:29:14,12:29:14,401411,47.0,3
MV_A5-Weekday-SDon-072100_M11_622,M11,d0,21,12:30:45,12:30:45,401412,33.0,3
MV_A5-Weekday-SDon-072100_M11_622,M11,d0,22,12:31:37,12:31:37,401413,29.0,3
MV_A5-Weekday-SDon-072100_M11_622,M11,d0,23,12:33:14,12:33:14,401414,40.0,3
MV_A5-Weekday-SDon-072100_M11_622,M11,d0,24,12:35:09,12:35:09,401416,31.0,3
MV_A5-Weekday-SDon-072100_M11_622,M11,d0,25,12:36:46,12:36:46,401417,36.0,3
MV_A5-Weekday-SDon-072100_M11_622,M11,d0,26,12:38:00,12:38:00,403472,36.0,3
MV_A5-Weekday-SDon-072100_M11_622,M11,d0,27,12:39:33,12:39:33,403555,32.0,2
MV_A5-Weekday-SDon-072100_M11_622,M11,d0,28,12:42:00,12:42:00,401021,20.0,2
MV_A5-Weekday-SDon-072100_M11_622,M11,d0,29,12:43:14,12:43:14,401022,28.0,2
MV_A5-Weekday-SDon-072100_M11_622,M11,d0,30,12:44:58,12:44:58,401023,31.0,2
MV_A5-Weekday-SDon-072100_M11_622,M11,d0,31,12:46:08,12:46:08,401024,26.0,2
MV_A5-Weekday-SDon-072100_M11_622,M11,d0,32,12:47:28,12:47:28,401025,24.0,2
MV_A5-Weekday-SDon-072100_M11_622,M11,d0,33,12:48:40,12:48:40,401026,25.0,2
MV_A5-Weekday-SDon-072100_M11_622,M11,d0,34,12:50:33,12:50:33,401027,28.0,2
MV_A5-Weekday-SDon-072100_M11_622,M11,d0,35,12:52:01,12:52:01,404320,25.0,2
MV_A5-Weekday-SDon-072100_M11_622,M11,d0,36,12:53:31,12:53:31,401029,15.0,1
MV_A5-Weekday-SDon-072100_M11_622,M11,d0,37,12:54:43,12:54:43,401030,16.0,1
MV_A5-Weekday-SDon-072100_M11_622,M11,d0,38,12:56:35,12:56:35,401031,12.0,1
MV_A5-Weekday-SDon-072100_M11_622,M11,d0,39,12:57:48,12:57:48,401032,16.0,1
MV_A5-Weekday-SDon-072100_M11_622,M11,d0,40,12:59:00,12:59:00,401033,16.0,1
MV_A5-Weekday-SDon-072100_M11_622,M11,d0,41,12:59:59,12:59:59,401034,15.0,2
MV_A5-Weekday-SDon-072100_M11_622,M11,d0,42,13:01:13,13:01:13,401035,19.0,2
MV_A5-Weekday-SDon-072100_M11_622,M11,d0,43,13:02:22,13:02:22,401435,19.0,2
MV_A5-Weekday-SDon-072100_M11_622,M11,d0,44,13:04:00,13:04:00,401436,19.0,2
MV_A5-Weekday-SDon-072100_M11_622,M11,d0,45,13:06:04,13:06:04,401438,17.0,2
MV_A5-Weekday-SDon-072100_M11_622,M11,d0,46,13:07:17,13:07:17,403886,19.0,2
MV_A5-Weekday-SDon-072100_M11_622,M11,d0,47,13:08:42,13:08:42,401440,19.0,2
MV_A5-Weekday-SDon-072100_M11_622,M11,d0,48,13:09:59,13:09:59,401441,19.0,2
MV_A5-Weekday-SDon-072100_M11_622,M11,d0,49,13:11:16,13:11:16,401442,12.0,1
MV_A5-Weekday-SDon-072100_M11_622,M11,d0,50,13:12:52,13:12:52,401443,6.0,1
MV_A5-Weekday-SDon-072100_M11_622,M11,d0,51,13:14:33,13:14:33,403292,8.0,1
MV_A5-Weekday-SDon-072100_M11_622,M11,d0,52,13:15:35,13:15:35,401444,12.0,1
MV_A5-Weekday-SDon-072100_M11_622,M11,d0,53,13:17:00,13:17:00,401446,12.0,1
MV_A5-Weekday-SDon-072100_M11_622,M11,d0,54,13:18:12,13:18:12,401447,10.0,1
MV_A5-Weekday-SDon-072100_M11_622,M11,d0,55,13:20:11,13:20:11,403757,10.0,1
MV_A5-Weekday-SDon-072100_M11_622,M11,d0,56,13:22:00,13:22:00,404011,10.0,1
MV_A5-Weekday-SDon-072100_M11_622,M11,d0,57,13:22:18,13:22:18,404012,10.0,1
MV_A5-Weekday-SDon-072100_M11_622,M11,d0,58,13:22:51,13:22:51,404013,2.0,1
MV_A5-Weekday-SDon-072100_M11_622,M11,d0,59,13:23:08,13:23:08,404056,8.0,1
MV_A5-Weekday-SDon-072100_M11_622,M11,d0,60,13:23:49,13:23:49,404014,8.0,1
MV_A5-Weekday-SDon-072100_M11_622,M11,d0,61,13:24:11,13:24:11,404015,8.0,1
MV_A5-Weekday-SDon-072100_M11_622,M11,d0,62,13:25:00,13:25:00,803194,8.0,1
MV_A5-Weekday-SDon-150000_M11_634,M11,d0,1,25:00:00,25:00:00,405374,1.0,1
MV_A5-Weekday-SDon-150000_M11_634,M11,d0,2,25:00:37,25:00:37,404919,1.0,1
MV_A5-Weekday-SDon-150000_M11_634,M11,d0,3,25:01:18,25:01:18,404872,1.0,1
MV_A5-Weekday-SDon-150000_M11_634,M11,d0,4,25:02:07,25:02:07,404846,1.0,1
MV_A5-Weekday-SDon-150000_M11_634,M11,d0,5,25:02:51,25:02:51,401239,1.0,1
MV_A5-Weekday-SDon-150000_M11_634,M11,d0,6,25:03:49,25:03:49,405393,3.0,1
MV_A5-Weekday-SDon-150000_M11_634,M11,d0,7,25:04:40,25:04:40,903209,3.0,1
MV_A5-Weekday-SDon-150000_M11_634,M11,d0,8,25:05:12,25:05:12,401016,3.0,1
MV_A5-Weekday-SDon-150000_M11_634,M11,d0,9,25:06:00,25:06:00,400747,3.0,1
MV_A5-Weekday-SDon-150000_M11_634,M11,d0,10,25:07:07,25:07:07,403271,3.0,1
MV_A5-Weekday-SDon-150000_M11_634,M11,d0,11,25:08:15,25:08:15,400750,6.0,1
MV_A5-Weekday-SDon-150000_M11_634,M11,d0,12,25:09:47,25:09:47,403103,3.0,1
MV_A5-Weekday-SDon-150000_M11_634,M11,d0,13,25:10:36,25:10:36,403104,1.0,1
MV_A5-Weekday-SDon-150000_M11_634,M11,d0,14,25:11:17,25:11:17,403105,3.0,1
MV_A5-Weekday-SDon-150000_M11_634,M11,d0,15,25:12:00,25:12:00,403106,6.0,1
MV_A5-Weekday-SDon-150000_M11_634,M11,d0,16,25:13:02,25:13:02,403107,12.0,1
MV_A5-Weekday-SDon-150000_M11_634,M11,d0,17,25:13:52,25:13:52,903299,14.0,1
MV_A5-Weekday-SDon-150000_M11_634,M11,d0,18,25:14:26,25:14:26,403109,4.0,1
MV_A5-Weekday-SDon-150000_M11_634,M11,d0,19,25:15:07,25:15:07,403110,2.0,1
MV_A5-Weekday-SDon-150000_M11_634,M11,d0,20,25:16:07,25:16:07,403111,4.0,1
MV_A5-Weekday-SDon-150000_M11_634,M11,d0,21,25:16:49,25:16:49,403112,13.0,1
MV_A5-Weekday-SDon-150000_M11_634,M11,d0,22,25:18:00,25:18:00,405248,13.0,1
MV_A5-Weekday-SDon-150000_M11_634,M11,d0,23,25:19:11,25:19:11,403114,6.0,1
MV_A5-Weekday-SDon-150000_M11_634,M11,d0,24,25:20:17,25:20:17,403115,13.0,1
MV_A5-Weekday-SDon-150000_M11_634,M11,d0,25,25:21:08,25:21:08,403116,6.0,1
MV_A5-Weekday-SDon-150000_M11_634,M11,d0,26,25:22:00,25:22:00,405394,13.0,1
MV_A5-Weekday-SDon-150000_M11_634,M11,d0,27,25:23:19,25:23:19,403118,12.0,1
MV_A5-Weekday-SDon-150000_M11_634,M11,d0,28,25:23:59,25:23:59,403119,12.0,1
MV_A5-Weekday-SDon-150000_M11_634,M11,d0,29,25:25:08,25:25:08,404260,12.0,1
MV_A5-Weekday-SDon-150000_M11_634,M11,d0,30,25:26:02,25:26:02,403122,5.0,1
MV_A5-Weekday-SDon-150000_M11_634,M11,d0,31,25:27:29,25:27:29,404262,9.0,1
MV_A5-Weekday-SDon-150000_M11_634,M11,d0,32,25:28:28,25:28:28,403125,8.0,1
MV_A5-Weekday-SDon-150000_M11_634,M11,d0,33,25:29:35,25:29:35,403126,8.0,1
MV_A5-Weekday-SDon-150000_M11_634,M11,d0,34,25:30:09,25:30:09,403127,3.0,1
MV_A5-Weekday-SDon-150000_M11_634,M11,d0,35,25:32:07,25:32:07,401444,1.0,1
MV_A5-Weekday-SDon-150000_M11_634,M11,d0,36,25:33:00,25:33:00,903352,1.0,1
MV_A5-Weekday-081500_M11_606,M11,d0,1,13:35:00,13:35:00,405374,8.0,1
MV_A5-Weekday-081500_M11_606,M11,d0,2,13:36:07,13:36:07,404919,8.0,1
MV_A5-Weekday-081500_M11_606,M11,d0,3,13:37:23,13:37:23,404872,12.0,1
MV_A5-Weekday-081500_M11_606,M11,d0,4,13:38:54,13:38:54,404846,12.0,1
MV_A5-Weekday-081500_M11_606,M11,d0,5,13:40:14,13:40:14,401239,12.0,1
MV_A5-Weekday-081500_M11_606,M11,d0,6,13:42:00,13:42:00,405393,12.0,1
MV_A5-Weekday-081500_M11_606,M11,d0,7,13:43:34,13:43:34,903209,12.0,1
MV_A5-Weekday-081500_M11_606,M11,d0,8,13:44:33,13:44:33,401016,12.0,1
MV_A5-Weekday-081500_M11_606,M11,d0,9,13:46:00,13:46:00,400747,12.0,1
MV_A5-Weekday-081500_M11_606,M11,d0,10,13:48:15,13:48:15,403271,12.0,1
MV_A5-Weekday-081500_M11_606,M11,d0,11,13:50:30,13:50:30,400750,12.0,1
MV_A5-Weekday-081500_M11_606,M11,d0,12,13:53:33,13:53:33,403103,12.0,1
MV_A5-Weekday-081500_M11_606,M11,d0,13,13:55:11,13:55:11,403104,12.0,1
MV_A5-Weekday-081500_M11_606,M11,d0,14,13:56:34,13:56:34,403105,2.0,1
MV_A5-Weekday-081500_M11_606,M11,d0,15,13:58:00,13:58:00,403106,2.0,1
MV_A5-Weekday-081500_M11_606,M11,d0,16,13:59:53,13:59:53,403107,2.0,1
MV_A5-Weekday-081500_M11_606,M11,d0,17,14:01:25,14:01:25,903299,2.0,1
MV_A5-Weekday-081500_M11_606,M11,d0,18,14:02:28,14:02:28,403109,2.0,1
MV_A5-Weekday-081500_M11_606,M11,d0,19,14:03:43,14:03:43,403110,10.0,1
MV_A5-Weekday-081500_M11_606,M11,d0,20,14:05:34,14:05:34,403111,10.0,1
MV_A5-Weekday-081500_M11_606,M11,d0,21,14:06:50,14:06:50,403112,3.0,1
MV_A5-Weekday-081500_M11_606,M11,d0,22,14:09:00,14:09:00,405248,10.0,1
MV_A5-Weekday-081500_M11_606,M11,d0,23,14:10:46,14:10:46,403114,11.0,1
MV_A5-Weekday-081500_M11_606,M11,d0,24,14:12:26,14:12:26,403115,11.0,1
MV_A5-Weekday-081500_M11_606,M11,d0,25,14:13:42,14:13:42,403116,12.0,1
MV_A5-Weekday-081500_M11_606,M11,d0,26,14:15:00,14:15:00,405394,12.0,1
MV_A5-Weekday-081500_M11_606,M11,d0,27,14:17:10,14:17:10,403118,12.0,1
MV_A5-Weekday-081500_M11_606,M11,d0,28,14:18:15,14:18:15,403119,4.0,1
MV_A5-Weekday-081500_M11_606,M11,d0,29,14:20:07,14:20:07,404260,4.0,1
MV_A5-Weekday-081500_M11_606,M11,d0,30,14:21:35,14:21:35,403122,1.0,1
MV_A5-Weekday-081500_M11_606,M11,d0,31,14:23:58,14:23:58,404262,1.0,1
MV_A5-Weekday-081500_M11_606,M11,d0,32,14:25:34,14:25:34,403125,1.0,1
MV_A5-Weekday-081500_M11_606,M11,d0,33,14:27:24,14:27:24,403126,2.0,1
MV_A5-Weekday-081500_M11_606,M11,d0,34,14:28:20,14:28:20,403127,2.0,1
MV_A5-Weekday-081500_M11_606,M11,d0,35,14:31:33,14:31:33,401444,1.0,1
MV_A5-Weekday-081500_M11_606,M11,d0,36,14:33:00,14:33:00,903352,1.0,1
MV_A5-Weekday-SDon-098500_M11_622,M11,d0,1,16:25:00,16:25:00,405374,5.0,1
MV_A5-Weekday-SDon-098500_M11_622,M11,d0,2,16:26:07,16:26:07,404919,5.0,1
MV_A5-Weekday-SDon-098500_M11_622,M11,d0,3,16:27:23,16:27:23,404872,4.0,1
MV_A5-Weekday-SDon-098500_M11_622,M11,d0,4,16:28:54,16:28:54,404846,9.0,1
MV_A5-Weekday-SDon-098500_M11_622,M11,d0,5,16:30:14,16:30:14,401239,8.0,1
MV_A5-Weekday-SDon-098500_M11_622,M11,d0,6,16:32:00,16:32:00,405393,8.0,1
MV_A5-Weekday-SDon-098500_M11_622,M11,d0,7,16:33:34,16:33:34,903209,5.0,1
MV_A5-Weekday-SDon-098500_M11_622,M11,d0,8,16:34:33,16:34:33,401016,2.0,2
MV_A5-Weekday-SDon-098500_M11_622,M11,d0,9,16:36:00,16:36:00,400747,20.0,2
MV_A5-Weekday-SDon-098500_M11_622,M11,d0,10,16:38:15,16:38:15,403271,27.0,2
MV_A5-Weekday-SDon-098500_M11_622,M11,d0,11,16:40:30,16:40:30,400750,27.0,2
MV_A5-Weekday-SDon-098500_M11_622,M11,d0,12,16:43:33,16:43:33,403103,6.0,2
MV_A5-Weekday-SDon-098500_M11_622,M11,d0,13,16:45:11,16:45:11,403104,18.0,2
MV_A5-Weekday-SDon-098500_M11_622,M11,d0,14,16:46:34,16:46:34,403105,18.0,2
MV_A5-Weekday-SDon-098500_M11_622,M11,d0,15,16:48:00,16:48:00,403106,14.0,1
MV_A5-Weekday-SDon-098500_M11_622,M11,d0,16,16:49:53,16:49:53,403107,5.0,1
MV_A5-Weekday-SDon-098500_M11_622,M11,d0,17,16:51:25,16:51:25,903299,5.0,1
MV_A5-Weekday-SDon-098500_M11_622,M11,d0,18,16:52:28,16:52:28,403109,3.0,1
MV_A5-Weekday-SDon-098500_M11_622,M11,d0,19,16:53:43,16:53:43,403110,14.0,1
MV_A5-Weekday-SDon-098500_M11_622,M11,d0,20,16:55:34,16:55:34,403111,14.0,1
MV_A5-Weekday-SDon-098500_M11_622,M11,d0,21,16:56:50,16:56:50,403112,12.0,1
MV_A5-Weekday-SDon-098500_M11_622,M11,d0,22,16:59:00,16:59:00,405248,8.0,1
MV_A5-Weekday-SDon-098500_M11_622,M11,d0,23,17:00:46,17:00:46,403114,10.0,1
MV_A5-Weekday-SDon-098500_M11_622,M11,d0,24,17:02:26,17:02:26,403115,10.0,1
MV_A5-Weekday-SDon-098500_M11_622,M11,d0,25,17:03:42,17:03:42,403116,10.0,1
MV_A5-Weekday-SDon-098500_M11_622,M11,d0,26,17:05:00,17:05:00,405394,10.0,1
MV_A5-Weekday-SDon-098500_M11_622,M11,d0,27,17:07:10,17:07:10,403118,10.0,1
MV_A5-Weekday-SDon-098500_M11_622,M11,d0,28,17:08:15,17:08:15,403119,10.0,1
MV_A5-Weekday-SDon-098500_M11_622,M11,d0,29,17:10:07,17:10:07,404260,7.0,1
MV_A5-Weekday-SDon-098500_M11_622,M11,d0,30,17:11:35,17:11:35,403122,5.0,1
MV_A5-Weekday-SDon-098500_M11_622,M11,d0,31,17:13:58,17:13:58,404262,5.0,1
MV_A5-Weekday-SDon-098500_M11_622,M11,d0,32,17:15:34,17:15:34,403125,5.0,1
MV_A5-Weekday-SDon-098500_M11_622,M11,d0,33,17:17:24,17:17:24,403126,3.0,1
MV_A5-Weekday-SDon-098500_M11_622,M11,d0,34,17:18:20,17:18:20,403127,4.0,1
MV_A5-Weekday-SDon-098500_M11_622,M11,d0,35,17:21:33,17:21:33,401444,4.0,1
MV_A5-Weekday-SDon-098500_M11_622,M11,d0,36,17:23:00,17:23:00,903352,4.0,1
MV_A5-Weekday-SDon-144000_M11_631,M11,d0,1,24:00:00,24:00:00,405374,3.0,1
MV_A5-Weekday-SDon-144000_M11_631,M11,d0,2,24:00:43,24:00:43,404919,3.0,1
MV_A5-Weekday-SDon-144000_M11_631,M11,d0,3,24:01:31,24:01:31,404872,6.0,1
MV_A5-Weekday-SDon-144000_M11_631,M11,d0,4,24:02:29,24:02:29,404846,6.0,1
MV_A5-Weekday-SDon-144000_M11_631,M11,d0,5,24:03:20,24:03:20,401239,5.0,1
MV_A5-Weekday-SDon-144000_M11_631,M11,d0,6,24:04:27,24:04:27,405393,5.0,1
MV_A5-Weekday-SDon-144000_M11_631,M11,d0,7,24:05:27,24:05:27,903209,5.0,1
MV_A5-Weekday-SDon-144000_M11_631,M11,d0,8,24:06:04,24:06:04,401016,4.0,1
MV_A5-Weekday-SDon-144000_M11_631,M11,d0,9,24:07:00,24:07:00,400747,4.0,1
MV_A5-Weekday-SDon-144000_M11_631,M11,d0,10,24:08:19,24:08:19,403271,6.0,1
MV_A5-Weekday-SDon-144000_M11_631,M11,d0,11,24:09:37,24:09:37,400750,6.0,1
MV_A5-Weekday-SDon-144000_M11_631,M11,d0,12,24:11:24,24:11:24,403103,4.0,1
MV_A5-Weekday-SDon-144000_M11_631,M11,d0,13,24:12:22,24:12:22,403104,6.0,1
MV_A5-Weekday-SDon-144000_M11_631,M11,d0,14,24:13:10,24:13:10,403105,6.0,1
MV_A5-Weekday-SDon-144000_M11_631,M11,d0,15,24:14:00,24:14:00,403106,6.0,1
MV_A5-Weekday-SDon-144000_M11_631,M11,d0,16,24:15:02,24:15:02,403107,5.0,1
MV_A5-Weekday-SDon-144000_M11_631,M11,d0,17,24:15:52,24:15:52,903299,5.0,1
MV_A5-Weekday-SDon-144000_M11_631,M11,d0,18,24:16:26,24:16:26,403109,8.0,1
MV_A5-Weekday-SDon-144000_M11_631,M11,d0,19,24:17:07,24:17:07,403110,8.0,1
MV_A5-Weekday-SDon-144000_M11_631,M11,d0,20,24:18:07,24:18:07,403111,8.0,1
MV_A5-Weekday-SDon-144000_M11_631,M11,d0,21,24:18:49,24:18:49,403112,8.0,1
MV_A5-Weekday-SDon-144000_M11_631,M11,d0,22,24:20:00,24:20:00,405248,7.0,1
MV_A5-Weekday-SDon-144000_M11_631,M11,d0,23,24:21:11,24:21:11,403114,7.0,1
MV_A5-Weekday-SDon-144000_M11_631,M11,d0,24,24:22:17,24:22:17,403115,6.0,1
MV_A5-Weekday-SDon-144000_M11_631,M11,d0,25,24:23:08,24:23:08,403116,6.0,1
MV_A5-Weekday-SDon-144000_M11_631,M11,d0,26,24:24:00,24:24:00,405394,6.0,1
MV_A5-Weekday-SDon-144000_M11_631,M11,d0,27,24:25:19,24:25:19,403118,7.0,1
MV_A5-Weekday-SDon-144000_M11_631,M11,d0,28,24:25:59,24:25:59,403119,2.0,1
MV_A5-Weekday-SDon-144000_M11_631,M11,d0,29,24:27:08,24:27:08,404260,7.0,1
MV_A5-Weekday-SDon-144000_M11_631,M11,d0,30,24:28:02,24:28:02,403122,1.0,1
MV_A5-Weekday-SDon-144000_M11_631,M11,d0,31,24:29:29,24:29:29,404262,1.0,1
MV_A5-Weekday-SDon-144000_M11_631,M11,d0,32,24:30:28,24:30:28,403125,6.0,1
MV_A5-Weekday-SDon-144000_M11_631,M11,d0,33,24:31:35,24:31:35,403126,6.0,1
MV_A5-Weekday-SDon-144000_M11_631,M11,d0,34,24:32:09,24:32:09,403127,1.0,1
MV_A5-Weekday-SDon-144000_M11_631,M11,d0,35,24:34:07,24:34:07,401444,1.0,1
MV_A5-Weekday-SDon-144000_M11_631,M11,d0,36,24:35:00,24:35:00,903352,1.0,1
MV_A5-Weekday-SDon-061300_M11_607,M11,d0,1,10:13:00,10:13:00,401393,3.0,1
MV_A5-Weekday-SDon-061300_M11_607,M11,d0,2,10:13:49,10:13:49,405120,3.0,1
MV_A5-Weekday-SDon-061300_M11_607,M11,d0,3,10:14:32,10:14:32,405167,3.0,1
MV_A5-Weekday-SDon-061300_M11_607,M11,d0,4,10:15:00,10:15:00,405265,3.0,1
MV_A5-Weekday-SDon-061300_M11_607,M11,d0,5,10:16:04,10:16:04,405152,5.0,1
MV_A5-Weekday-SDon-061300_M11_607,M11,d0,6,10:17:42,10:17:42,405151,4.0,1
MV_A5-Weekday-SDon-061300_M11_607,M11,d0,7,10:19:05,10:19:05,404161,7.0,1
MV_A5-Weekday-SDon-061300_M11_607,M11,d0,8,10:19:59,10:19:59,401398,7.0,1
MV_A5-Weekday-SDon-061300_M11_607,M11,d0,9,10:21:00,10:21:00,403802,8.0,1
MV_A5-Weekday-SDon-061300_M11_607,M11,d0,10,10:22:25,10:22:25,401400,9.0,1
MV_A5-Weekday-SDon-061300_M11_607,M11,d0,11,10:23:47,10:23:47,401401,14.0,1
MV_A5-Weekday-SDon-061300_M11_607,M11,d0,12,10:25:51,10:25:51,401402,16.0,2
MV_A5-Weekday-SDon-061300_M11_607,M11,d0,13,10:28:07,10:28:07,401404,23.0,2
MV_A5-Weekday-SDon-061300_M11_607,M11,d0,14,10:30:35,10:30:35,404279,12.0,2
MV_A5-Weekday-SDon-061300_M11_607,M11,d0,15,10:32:13,10:32:13,405631,27.0,2
MV_A5-Weekday-SDon-061300_M11_607,M11,d0,16,10:34:00,10:34:00,401407,27.0,2
MV_A5-Weekday-SDon-061300_M11_607,M11,d0,17,10:35:41,10:35:41,401408,25.0,2
MV_A5-Weekday-SDon-061300_M11_607,M11,d0,18,10:36:49,10:36:49,401409,19.0,2
MV_A5-Weekday-SDon-061300_M11_607,M11,d0,19,10:37:55,10:37:55,401410,23.0,2
MV_A5-Weekday-SDon-061300_M11_607,M11,d0,20,10:39:49,10:39:49,401411,24.0,2
MV_A5-Weekday-SDon-061300_M11_607,M11,d0,21,10:41:14,10:41:14,401412,26.0,2
MV_A5-Weekday-SDon-061300_M11_607,M11,d0,22,10:42:03,10:42:03,401413,22.0,2
MV_A5-Weekday-SDon-061300_M11_607,M11,d0,23,10:43:33,10:43:33,401414,26.0,2
MV_A5-Weekday-SDon-061300_M11_607,M11,d0,24,10:45:21,10:45:21,401416,23.0,2
MV_A5-Weekday-SDon-061300_M11_607,M11,d0,25,10:46:51,10:46:51,401417,21.0,2
MV_A5-Weekday-SDon-061300_M11_607,M11,d0,26,10:48:00,10:48:00,403472,16.0,2
MV_A5-Weekday-SDon-061300_M11_607,M11,d0,27,10:49:10,10:49:10,403555,21.0,2
MV_A5-Weekday-SDon-061300_M11_607,M11,d0,28,10:51:00,10:51:00,401021,21.0,2
MV_A5-Weekday-SDon-061300_M11_607,M11,d0,29,10:52:10,10:52:10,401022,19.0,2
MV_A5-Weekday-SDon-061300_M11_607,M11,d0,30,10:53:48,10:53:48,401023,19.0,2
MV_A5-Weekday-SDon-061300_M11_607,M11,d0,31,10:54:53,10:54:53,401024,19.0,2
MV_A5-Weekday-SDon-061300_M11_607,M11,d0,32,10:56:08,10:56:08,401025,15.0,2
MV_A5-Weekday-SDon-061300_M11_607,M11,d0,33,10:57:16,10:57:16,401026,21.0,2
MV_A5-Weekday-SDon-061300_M11_607,M11,d0,34,10:59:03,10:59:03,401027,21.0,2
MV_A5-Weekday-SDon-061300_M11_607,M11,d0,35,11:00:25,11:00:25,404320,22.0,2
MV_A5-Weekday-SDon-061300_M11_607,M11,d0,36,11:01:51,11:01:51,401029,26.0,2
MV_A5-Weekday-SDon-061300_M11_607,M11,d0,37,11:02:58,11:02:58,401030,22.0,2
MV_A5-Weekday-SDon-061300_M11_607,M11,d0,38,11:04:44,11:04:44,401031,24.0,2
MV_A5-Weekday-SDon-061300_M11_607,M11,d0,39,11:05:52,11:05:52,401032,15.0,2
MV_A5-Weekday-SDon-061300_M11_607,M11,d0,40,11:07:00,11:07:00,401033,23.0,2
MV_A5-Weekday-SDon-061300_M11_607,M11,d0,41,11:07:59,11:07:59,401034,20.0,2
MV_A5-Weekday-SDon-061300_M11_607,M11,d0,42,11:09:13,11:09:13,401035,18.0,2
MV_A5-Weekday-SDon-061300_M11_607,M11,d0,43,11:10:22,11:10:22,401435,22.0,2
MV_A5-Weekday-SDon-061300_M11_607,M11,d0,44,11:12:00,11:12:00,401436,6.0,2
MV_A5-Weekday-SDon-061300_M11_607,M11,d0,45,11:14:04,11:14:04,401438,17.0,2
MV_A5-Weekday-SDon-061300_M11_607,M11,d0,46,11:15:17,11:15:17,403886,8.0,2
MV_A5-Weekday-SDon-061300_M11_607,M11,d0,47,11:16:42,11:16:42,401440,19.0,2
MV_A5-Weekday-SDon-061300_M11_607,M11,d0,48,11:17:59,11:17:59,401441,19.0,2
MV_A5-Weekday-SDon-061300_M11_607,M11,d0,49,11:19:16,11:19:16,401442,19.0,2
MV_A5-Weekday-SDon-061300_M11_607,M11,d0,50,11:20:52,11:20:52,401443,17.0,2
MV_A5-Weekday-SDon-061300_M11_607,M11,d0,51,11:22:33,11:22:33,403292,18.0,2
MV_A5-Weekday-SDon-061300_M11_607,M11,d0,52,11:23:35,11:23:35,401444,22.0,2
MV_A5-Weekday-SDon-061300_M11_607,M11,d0,53,11:25:00,11:25:00,401446,22.0,2
MV_A5-Weekday-SDon-061300_M11_607,M11,d0,54,11:26:12,11:26:12,401447,22.0,2
MV_A5-Weekday-SDon-061300_M11_607,M11,d0,55,11:28:11,11:28:11,403757,9.0,1
MV_A5-Weekday-SDon-061300_M11_607,M11,d0,56,11:30:00,11:30:00,404011,4.0,1
MV_A5-Weekday-SDon-061300_M11_607,M11,d0,57,11:30:18,11:30:18,404012,4.0,1
MV_A5-Weekday-SDon-061300_M11_607,M11,d0,58,11:30:51,11:30:51,404013,9.0,1
MV_A5-Weekday-SDon-061300_M11_607,M11,d0,59,11:31:08,11:31:08,404056,1.0,1
MV_A5-Weekday-SDon-061300_M11_607,M11,d0,60,11:31:49,11:31:49,404014,13.0,1
MV_A5-Weekday-SDon-061300_M11_607,M11,d0,61,11:32:11,11:32:11,404015,13.0,1
MV_A5-Weekday-SDon-061300_M11_607,M11,d0,62,11:33:00,11:33:00,803194,13.0,1
MV_A5-Weekday-080500_M11_602,M11,d0,1,13:25:00,13:25:00,401393,7.0,1
MV_A5-Weekday-080500_M11_602,M11,d0,2,13:25:49,13:25:49,405120,7.0,1
MV_A5-Weekday-080500_M11_602,M11,d0,3,13:26:32,13:26:32,405167,7.0,1
MV_A5-Weekday-080500_M11_602,M11,d0,4,13:27:00,13:27:00,405265,7.0,1
MV_A5-Weekday-080500_M11_602,M11,d0,5,13:28:15,13:28:15,405152,7.0,1
MV_A5-Weekday-080500_M11_602,M11,d0,6,13:30:09,13:30:09,405151,8.0,1
MV_A5-Weekday-080500_M11_602,M11,d0,7,13:31:46,13:31:46,404161,8.0,1
MV_A5-Weekday-080500_M11_602,M11,d0,8,13:32:49,13:32:49,401398,8.0,1
MV_A5-Weekday-080500_M11_602,M11,d0,9,13:34:00,13:34:00,403802,12.0,1
MV_A5-Weekday-080500_M11_602,M11,d0,10,13:35:25,13:35:25,401400,12.0,1
MV_A5-Weekday-080500_M11_602,M11,d0,11,13:36:47,13:36:47,401401,12.0,1
MV_A5-Weekday-080500_M11_602,M11,d0,12,13:38:51,13:38:51,401402,12.0,1
MV_A5-Weekday-080500_M11_602,M11,d0,13,13:41:07,13:41:07,401404,13.0,1
MV_A5-Weekday-080500_M11_602,M11,d0,14,13:43:35,13:43:35,404279,10.0,1
MV_A5-Weekday-080500_M11_602,M11,d0,15,13:45:13,13:45:13,405631,13.0,2
MV_A5-Weekday-080500_M11_602,M11,d0,16,13:47:00,13:47:00,401407,18.0,2
MV_A5-Weekday-080500_M11_602,M11,d0,17,13:48:48,13:48:48,401408,17.0,2
MV_A5-Weekday-080500_M11_602,M11,d0,18,13:50:01,13:50:01,401409,21.0,2
MV_A5-Weekday-080500_M11_602,M11,d0,19,13:51:12,13:51:12,401410,18.0,2
MV_A5-Weekday-080500_M11_602,M11,d0,20,13:53:14,13:53:14,401411,17.0,2
MV_A5-Weekday-080500_M11_602,M11,d0,21,13:54:45,13:54:45,401412,19.0,2
MV_A5-Weekday-080500_M11_602,M11,d0,22,13:55:37,13:55:37,401413,25.0,2
MV_A5-Weekday-080500_M11_602,M11,d0,23,13:57:14,13:57:14,401414,25.0,2
MV_A5-Weekday-080500_M11_602,M11,d0,24,13:59:09,13:59:09,401416,26.0,2
MV_A5-Weekday-080500_M11_602,M11,d0,25,14:00:46,14:00:46,401417,26.0,2
MV_A5-Weekday-080500_M11_602,M11,d0,26,14:02:00,14:02:00,403472,26.0,2
MV_A5-Weekday-080500_M11_602,M11,d0,27,14:03:33,14:03:33,403555,25.0,2
MV_A5-Weekday-080500_M11_602,M11,d0,28,14:06:00,14:06:00,401021,32.0,2
MV_A5-Weekday-080500_M11_602,M11,d0,29,14:07:18,14:07:18,401022,32.0,3
MV_A5-Weekday-080500_M11_602,M11,d0,30,14:09:09,14:09:09,401023,34.0,3
MV_A5-Weekday-080500_M11_602,M11,d0,31,14:10:22,14:10:22,401024,34.0,3
MV_A5-Weekday-080500_M11_602,M11,d0,32,14:11:47,14:11:47,401025,34.0,3
MV_A5-Weekday-080500_M11_602,M11,d0,33,14:13:03,14:13:03,401026,32.0,2
MV_A5-Weekday-080500_M11_602,M11,d0,34,14:15:03,14:15:03,401027,29.0,2
MV_A5-Weekday-080500_M11_602,M11,d0,35,14:16:36,14:16:36,404320,29.0,2
MV_A5-Weekday-080500_M11_602,M11,d0,36,14:18:12,14:18:12,401029,29.0,2
MV_A5-Weekday-080500_M11_602,M11,d0,37,14:19:28,14:19:28,401030,27.0,2
MV_A5-Weekday-080500_M11_602,M11,d0,38,14:21:27,14:21:27,401031,27.0,2
MV_A5-Weekday-080500_M11_602,M11,d0,39,14:22:44,14:22:44,401032,27.0,2
MV_A5-Weekday-080500_M11_602,M11,d0,40,14:24:00,14:24:00,401033,27.0,2
MV_A5-Weekday-080500_M11_602,M11,d0,41,14:24:59,14:24:59,401034,27.0,2
MV_A5-Weekday-080500_M11_602,M11,d0,42,14:26:13,14:26:13,401035,32.0,2
MV_A5-Weekday-080500_M11_602,M11,d0,43,14:27:22,14:27:22,401435,32.0,2
MV_A5-Weekday-080500_M11_602,M11,d0,44,14:29:00,14:29:00,401436,32.0,2
MV_A5-Weekday-080500_M11_602,M11,d0,45,14:31:23,14:31:23,401438,32.0,2
MV_A5-Weekday-080500_M11_602,M11,d0,46,14:32:47,14:32:47,403886,21.0,2
MV_A5-Weekday-080500_M11_602,M11,d0,47,14:34:25,14:34:25,401440,20.0,2
MV_A5-Weekday-080500_M11_602,M11,d0,48,14:35:55,14:35:55,401441,21.0,2
MV_A5-Weekday-080500_M11_602,M11,d0,49,14:37:23,14:37:23,401442,21.0,2
MV_A5-Weekday-080500_M11_602,M11,d0,50,14:39:14,14:39:14,401443,22.0,2
MV_A5-Weekday-080500_M11_602,M11,d0,51,14:41:11,14:41:11,403292,29.0,2
MV_A5-Weekday-080500_M11_602,M11,d0,52,14:42:21,14:42:21,401444,29.0,2
MV_A5-Weekday-080500_M11_602,M11,d0,53,14:44:00,14:44:00,401446,29.0,2
MV_A5-Weekday-080500_M11_602,M11,d0,54,14:45:12,14:45:12,401447,29.0,2
MV_A5-Weekday-080500_M11_602,M11,d0,55,14:47:11,14:47:11,403757,29.0,2
MV_A5-Weekday-080500_M11_602,M11,d0,56,14:49:00,14:49:00,404011,29.0,2
MV_A5-Weekday-080500_M11_602,M11,d0,57,14:49:18,14:49:18,404012,29.0,2
MV_A5-Weekday-080500_M11_602,M11,d0,58,14:49:51,14:49:51,404013,29.0,2
MV_A5-Weekday-080500_M11_602,M11,d0,59,14:50:08,14:50:08,404056,29.0,2
MV_A5-Weekday-080500_M11_602,M11,d0,60,14:50:49,14:50:49,404014,29.0,2
MV_A5-Weekday-080500_M11_602,M11,d0,61,14:51:11,14:51:11,404015,29.0,2
MV_A5-Weekday-080500_M11_602,M11,d0,62,14:52:00,14:52:00,803194,29.0,2
MV_A5-Weekday-088500_M11_617,M11,d0,1,14:45:00,14:45:00,405374,2.0,1
MV_A5-Weekday-088500_M11_617,M11,d0,2,14:46:07,14:46:07,404919,2.0,1
MV_A5-Weekday-088500_M11_617,M11,d0,3,14:47:23,14:47:23,404872,4.0,1
MV_A5-Weekday-088500_M11_617,M11,d0,4,14:48:54,14:48:54,404846,4.0,1
MV_A5-Weekday-088500_M11_617,M11,d0,5,14:50:14,14:50:14,401239,4.0,1
MV_A5-Weekday-088500_M11_617,M11,d0,6,14:52:00,14:52:00,405393,4.0,1
MV_A5-Weekday-088500_M11_617,M11,d0,7,14:53:34,14:53:34,903209,4.0,1
MV_A5-Weekday-088500_M11_617,M11,d0,8,14:54:33,14:54:33,401016,4.0,1
MV_A5-Weekday-088500_M11_617,M11,d0,9,14:56:00,14:56:00,400747,4.0,1
MV_A5-Weekday-088500_M11_617,M11,d0,10,14:58:15,14:58:15,403271,4.0,1
MV_A5-Weekday-088500_M11_617,M11,d0,11,15:00:30,15:00:30,400750,4.0,1
MV_A5-Weekday-088500_M11_617,M11,d0,12,15:03:33,15:03:33,403103,4.0,1
MV_A5-Weekday-088500_M11_617,M11,d0,13,15:05:11,15:05:11,403104,4.0,1
MV_A5-Weekday-088500_M11_617,M11,d0,14,15:06:34,15:06:34,403105,4.0,1
MV_A5-Weekday-088500_M11_617,M11,d0,15,15:08:00,15:08:00,403106,4.0,1
MV_A5-Weekday-088500_M11_617,M11,d0,16,15:09:53,15:09:53,403107,4.0,1
MV_A5-Weekday-088500_M11_617,M11,d0,17,15:11:25,15:11:25,903299,4.0,1
MV_A5-Weekday-088500_M11_617,M11,d0,18,15:12:28,15:12:28,403109,4.0,1
MV_A5-Weekday-088500_M11_617,M11,d0,19,15:13:43,15:13:43,403110,4.0,1
MV_A5-Weekday-088500_M11_617,M11,d0,20,15:15:34,15:15:34,403111,4.0,1
MV_A5-Weekday-088500_M11_617,M11,d0,21,15:16:50,15:16:50,403112,4.0,1
MV_A5-Weekday-088500_M11_617,M11,d0,22,15:19:00,15:19:00,405248,4.0,1
MV_A5-Weekday-088500_M11_617,M11,d0,23,15:20:46,15:20:46,403114,4.0,1
MV_A5-Weekday-088500_M11_617,M11,d0,24,15:22:26,15:22:26,403115,4.0,1
MV_A5-Weekday-088500_M11_617,M11,d0,25,15:23:42,15:23:42,403116,4.0,1
MV_A5-Weekday-088500_M11_617,M11,d0,26,15:25:00,15:25:00,405394,4.0,1
MV_A5-Weekday-088500_M11_617,M11,d0,27,15:27:10,15:27:10,403118,4.0,1
MV_A5-Weekday-088500_M11_617,M11,d0,28,15:28:15,15:28:15,403119,8.0,1
MV_A5-Weekday-088500_M11_617,M11,d0,29,15:30:07,15:30:07,404260,8.0,1
MV_A5-Weekday-088500_M11_617,M11,d0,30,15:31:35,15:31:35,403122,7.0,1
MV_A5-Weekday-088500_M11_617,M11,d0,31,15:33:58,15:33:58,404262,7.0,1
MV_A5-Weekday-088500_M11_617,M11,d0,32,15:35:34,15:35:34,403125,7.0,1
MV_A5-Weekday-088500_M11_617,M11,d0,33,15:37:24,15:37:24,403126,7.0,1
MV_A5-Weekday-088500_M11_617,M11,d0,34,15:38:20,15:38:20,403127,1.0,1
MV_A5-Weekday-088500_M11_617,M11,d0,35,15:41:33,15:41:33,401444,1.0,1
MV_A5-Weekday-088500_M11_617,M11,d0,36,15:43:00,15:43:00,903352,1.0,1
MV_A5-Weekday-SDon-054700_M11_618,M11,d0,1,9:07:00,9:07:00,401393,1.0,1
MV_A5-Weekday-SDon-054700_M11_618,M11,d0,2,9:07:49,9:07:49,405120,6.0,1
MV_A5-Weekday-SDon-054700_M11_618,M11,d0,3,9:08:32,9:08:32,405167,6.0,1
MV_A5-Weekday-SDon-054700_M11_618,M11,d0,4,9:09:00,9:09:00,405265,5.0,1
MV_A5-Weekday-SDon-054700_M11_618,M11,d0,5,9:10:04,9:10:04,405152,10.0,1
MV_A5-Weekday-SDon-054700_M11_618,M11,d0,6,9:11:42,9:11:42,405151,9.0,1
MV_A5-Weekday-SDon-054700_M11_618,M11,d0,7,9:13:05,9:13:05,404161,10.0,1
MV_A5-Weekday-SDon-054700_M11_618,M11,d0,8,9:13:59,9:13:59,401398,10.0,1
MV_A5-Weekday-SDon-054700_M11_618,M11,d0,9,9:15:00,9:15:00,403802,12.0,1
MV_A5-Weekday-SDon-054700_M11_618,M11,d0,10,9:16:25,9:16:25,401400,2.0,1
MV_A5-Weekday-SDon-054700_M11_618,M11,d0,11,9:17:47,9:17:47,401401,13.0,1
MV_A5-Weekday-SDon-054700_M11_618,M11,d0,12,9:19:51,9:19:51,401402,8.0,1
MV_A5-Weekday-SDon-054700_M11_618,M11,d0,13,9:22:07,9:22:07,401404,7.0,1
MV_A5-Weekday-SDon-054700_M11_618,M11,d0,14,9:24:35,9:24:35,404279,16.0,1
MV_A5-Weekday-SDon-054700_M11_618,M11,d0,15,9:26:13,9:26:13,405631,3.0,2
MV_A5-Weekday-SDon-054700_M11_618,M11,d0,16,9:28:00,9:28:00,401407,18.0,2
MV_A5-Weekday-SDon-054700_M11_618,M11,d0,17,9:29:41,9:29:41,401408,20.0,2
MV_A5-Weekday-SDon-054700_M11_618,M11,d0,18,9:30:49,9:30:49,401409,31.0,2
MV_A5-Weekday-SDon-054700_M11_618,M11,d0,19,9:31:55,9:31:55,401410,19.0,2
MV_A5-Weekday-SDon-054700_M11_618,M11,d0,20,9:33:49,9:33:49,401411,31.0,2
MV_A5-Weekday-SDon-054700_M11_618,M11,d0,21,9:35:14,9:35:14,401412,31.0,2
MV_A5-Weekday-SDon-054700_M11_618,M11,d0,22,9:36:03,9:36:03,401413,25.0,2
MV_A5-Weekday-SDon-054700_M11_618,M11,d0,23,9:37:33,9:37:33,401414,16.0,2
MV_A5-Weekday-SDon-054700_M11_618,M11,d0,24,9:39:21,9:39:21,401416,28.0,2
MV_A5-Weekday-SDon-054700_M11_618,M11,d0,25,9:40:51,9:40:51,401417,26.0,2
MV_A5-Weekday-SDon-054700_M11_618,M11,d0,26,9:42:00,9:42:00,403472,24.0,2
MV_A5-Weekday-SDon-054700_M11_618,M11,d0,27,9:43:10,9:43:10,403555,23.0,2
MV_A5-Weekday-SDon-054700_M11_618,M11,d0,28,9:45:00,9:45:00,401021,25.0,2
MV_A5-Weekday-SDon-054700_M11_618,M11,d0,29,9:46:10,9:46:10,401022,26.0,2
MV_A5-Weekday-SDon-054700_M11_618,M11,d0,30,9:47:48,9:47:48,401023,30.0,2
MV_A5-Weekday-SDon-054700_M11_618,M11,d0,31,9:48:53,9:48:53,401024,29.0,2
MV_A5-Weekday-SDon-054700_M11_618,M11,d0,32,9:50:08,9:50:08,401025,20.0,2
MV_A5-Weekday-SDon-054700_M11_618,M11,d0,33,9:51:16,9:51:16,401026,30.0,2
MV_A5-Weekday-SDon-054700_M11_618,M11,d0,34,9:53:03,9:53:03,401027,32.0,2
MV_A5-Weekday-SDon-054700_M11_618,M11,d0,35,9:54:25,9:54:25,404320,23.0,2
MV_A5-Weekday-SDon-054700_M11_618,M11,d0,36,9:55:51,9:55:51,401029,31.0,2
MV_A5-Weekday-SDon-054700_M11_618,M11,d0,37,9:56:58,9:56:58,401030,27.0,2
MV_A5-Weekday-SDon-054700_M11_618,M11,d0,38,9:58:44,9:58:44,401031,24.0,2
MV_A5-Weekday-SDon-054700_M11_618,M11,d0,39,9:59:52,9:59:52,401032,26.0,2
MV_A5-Weekday-SDon-054700_M11_618,M11,d0,40,10:01:00,10:01:00,401033,22.0,2
MV_A5-Weekday-SDon-054700_M11_618,M11,d0,41,10:01:59,10:01:59,401034,27.0,2
MV_A5-Weekday-SDon-054700_M11_618,M11,d0,42,10:03:13,10:03:13,401035,24.0,2
MV_A5-Weekday-SDon-054700_M11_618,M11,d0,43,10:04:22,10:04:22,401435,21.0,2
MV_A5-Weekday-SDon-054700_M11_618,M11,d0,44,10:06:00,10:06:00,401436,18.0,2
MV_A5-Weekday-SDon-054700_M11_618,M11,d0,45,10:07:45,10:07:45,401438,18.0,2
MV_A5-Weekday-SDon-054700_M11_618,M11,d0,46,10:08:46,10:08:46,403886,13.0,1
MV_A5-Weekday-SDon-054700_M11_618,M11,d0,47,10:09:58,10:09:58,401440,15.0,1
MV_A5-Weekday-SDon-054700_M11_618,M11,d0,48,10:11:04,10:11:04,401441,15.0,1
MV_A5-Weekday-SDon-054700_M11_618,M11,d0,49,10:12:09,10:12:09,401442,13.0,1
MV_A5-Weekday-SDon-054700_M11_618,M11,d0,50,10:13:30,10:13:30,401443,13.0,1
MV_A5-Weekday-SDon-054700_M11_618,M11,d0,51,10:14:56,10:14:56,403292,16.0,1
MV_A5-Weekday-SDon-054700_M11_618,M11,d0,52,10:15:48,10:15:48,401444,6.0,1
MV_A5-Weekday-SDon-054700_M11_618,M11,d0,53,10:17:00,10:17:00,401446,16.0,1
MV_A5-Weekday-SDon-054700_M11_618,M11,d0,54,10:18:12,10:18:12,401447,12.0,1
MV_A5-Weekday-SDon-054700_M11_618,M11,d0,55,10:20:11,10:20:11,403757,9.0,1
MV_A5-Weekday-SDon-054700_M11_618,M11,d0,56,10:22:00,10:22:00,404011,9.0,1
MV_A5-Weekday-SDon-054700_M11_618,M11,d0,57,10:22:12,10:22:12,404012,5.0,1
MV_A5-Weekday-SDon-054700_M11_618,M11,d0,58,10:22:34,10:22:34,404013,2.0,1
MV_A5-Weekday-SDon-054700_M11_618,M11,d0,59,10:22:45,10:22:45,404056,5.0,1
MV_A5-Weekday-SDon-054700_M11_618,M11,d0,60,10:23:13,10:23:13,404014,5.0,1
MV_A5-Weekday-SDon-054700_M11_618,M11,d0,61,10:23:27,10:23:27,404015,5.0,1
MV_A5-Weekday-SDon-054700_M11_618,M11,d0,62,10:24:00,10:24:00,803194,5.0,1
MV_A5-Weekday-SDon-066100_M11_619,M11,d0,1,11:01:00,11:01:00,401393,1.0,1
MV_A5-Weekday-SDon-066100_M11_619,M11,d0,2,11:01:49,11:01:49,405120,1.0,1
MV_A5-Weekday-SDon-066100_M11_619,M11,d0,3,11:02:32,11:02:32,405167,4.0,1
MV_A5-Weekday-SDon-066100_M11_619,M11,d0,4,11:03:00,11:03:00,405265,4.0,1
MV_A5-Weekday-SDon-066100_M11_619,M11,d0,5,11:04:15,11:04:15,405152,7.0,1
MV_A5-Weekday-SDon-066100_M11_619,M11,d0,6,11:06:09,11:06:09,405151,7.0,2
MV_A5-Weekday-SDon-066100_M11_619,M11,d0,7,11:07:46,11:07:46,404161,18.0,2
MV_A5-Weekday-SDon-066100_M11_619,M11,d0,8,11:08:49,11:08:49,401398,7.0,1
MV_A5-Weekday-SDon-066100_M11_619,M11,d0,9,11:10:00,11:10:00,403802,11.0,1
MV_A5-Weekday-SDon-066100_M11_619,M11,d0,10,11:11:25,11:11:25,401400,15.0,2
MV_A5-Weekday-SDon-066100_M11_619,M11,d0,11,11:12:47,11:12:47,401401,18.0,2
MV_A5-Weekday-SDon-066100_M11_619,M11,d0,12,11:14:51,11:14:51,401402,30.0,3
MV_A5-Weekday-SDon-066100_M11_619,M11,d0,13,11:17:07,11:17:07,401404,36.0,3
MV_A5-Weekday-SDon-066100_M11_619,M11,d0,14,11:19:35,11:19:35,404279,16.0,3
MV_A5-Weekday-SDon-066100_M11_619,M11,d0,15,11:21:13,11:21:13,405631,37.0,3
MV_A5-Weekday-SDon-066100_M11_619,M11,d0,16,11:23:00,11:23:00,401407,35.0,3
MV_A5-Weekday-SDon-066100_M11_619,M11,d0,17,11:24:48,11:24:48,401408,35.0,3
MV_A5-Weekday-SDon-066100_M11_619,M11,d0,18,11:26:01,11:26:01,401409,36.0,3
MV_A5-Weekday-SDon-066100_M11_619,M11,d0,19,11:27:12,11:27:12,401410,32.0,3
MV_A5-Weekday-SDon-066100_M11_619,M11,d0,20,11:29:14,11:29:14,401411,34.0,4
MV_A5-Weekday-SDon-066100_M11_619,M11,d0,21,11:30:45,11:30:45,401412,49.0,4
MV_A5-Weekday-SDon-066100_M11_619,M11,d0,22,11:31:37,11:31:37,401413,29.0,3
MV_A5-Weekday-SDon-066100_M11_619,M11,d0,23,11:33:14,11:33:14,401414,42.0,3
MV_A5-Weekday-SDon-066100_M11_619,M11,d0,24,11:35:09,11:35:09,401416,32.0,3
MV_A5-Weekday-SDon-066100_M11_619,M11,d0,25,11:36:46,11:36:46,401417,41.0,3
MV_A5-Weekday-SDon-066100_M11_619,M11,d0,26,11:38:00,11:38:00,403472,32.0,3
MV_A5-Weekday-SDon-066100_M11_619,M11,d0,27,11:39:33,11:39:33,403555,33.0,3
MV_A5-Weekday-SDon-066100_M11_619,M11,d0,28,11:42:00,11:42:00,401021,19.0,3
MV_A5-Weekday-SDon-066100_M11_619,M11,d0,29,11:43:14,11:43:14,401022,35.0,3
MV_A5-Weekday-SDon-066100_M11_619,M11,d0,30,11:44:58,11:44:58,401023,35.0,3
MV_A5-Weekday-SDon-066100_M11_619,M11,d0,31,11:46:08,11:46:08,401024,34.0,3
MV_A5-Weekday-SDon-066100_M11_619,M11,d0,32,11:47:28,11:47:28,401025,40.0,3
MV_A5-Weekday-SDon-066100_M11_619,M11,d0,33,11:48:40,11:48:40,401026,24.0,2
MV_A5-Weekday-SDon-066100_M11_619,M11,d0,34,11:50:33,11:50:33,401027,17.0,3
MV_A5-Weekday-SDon-066100_M11_619,M11,d0,35,11:52:01,11:52:01,404320,40.0,3
MV_A5-Weekday-SDon-066100_M11_619,M11,d0,36,11:53:31,11:53:31,401029,40.0,3
MV_A5-Weekday-SDon-066100_M11_619,M11,d0,37,11:54:43,11:54:43,401030,39.0,3
MV_A5-Weekday-SDon-066100_M11_619,M11,d0,38,11:56:35,11:56:35,401031,17.0,2
MV_A5-Weekday-SDon-066100_M11_619,M11,d0,39,11:57:48,11:57:48,401032,27.0,2
MV_A5-Weekday-SDon-066100_M11_619,M11,d0,40,11:59:00,11:59:00,401033,27.0,2
MV_A5-Weekday-SDon-066100_M11_619,M11,d0,41,11:59:59,11:59:59,401034,18.0,2
MV_A5-Weekday-SDon-066100_M11_619,M11,d0,42,12:01:13,12:01:13,401035,16.0,2
MV_A5-Weekday-SDon-066100_M11_619,M11,d0,43,12:02:22,12:02:22,401435,26.0,2
MV_A5-Weekday-SDon-066100_M11_619,M11,d0,44,12:04:00,12:04:00,401436,25.0,2
MV_A5-Weekday-SDon-066100_M11_619,M11,d0,45,12:06:04,12:06:04,401438,22.0,2
MV_A5-Weekday-SDon-066100_M11_619,M11,d0,46,12:07:17,12:07:17,403886,26.0,2
MV_A5-Weekday-SDon-066100_M11_619,M11,d0,47,12:08:42,12:08:42,401440,19.0,2
MV_A5-Weekday-SDon-066100_M11_619,M11,d0,48,12:09:59,12:09:59,401441,24.0,2
MV_A5-Weekday-SDon-066100_M11_619,M11,d0,49,12:11:16,12:11:16,401442,21.0,2
MV_A5-Weekday-SDon-066100_M11_619,M11,d0,50,12:12:52,12:12:52,401443,19.0,2
MV_A5-Weekday-SDon-066100_M11_619,M11,d0,51,12:14:33,12:14:33,403292,16.0,1
MV_A5-Weekday-SDon-066100_M11_619,M11,d0,52,12:15:35,12:15:35,401444,15.0,1
MV_A5-Weekday-SDon-066100_M11_619,M11,d0,53,12:17:00,12:17:00,401446,16.0,1
MV_A5-Weekday-SDon-066100_M11_619,M11,d0,54,12:18:12,12:18:12,401447,12.0,1
MV_A5-Weekday-SDon-066100_M11_619,M11,d0,55,12:20:11,12:20:11,403757,8.0,2
MV_A5-Weekday-SDon-066100_M11_619,M11,d0,56,12:22:00,12:22:00,404011,17.0,2
MV_A5-Weekday-SDon-066100_M11_619,M11,d0,57,12:22:18,12:22:18,404012,1.0,1
MV_A5-Weekday-SDon-066100_M11_619,M11,d0,58,12:22:51,12:22:51,404013,1.0,1
MV_A5-Weekday-SDon-066100_M11_619,M11,d0,59,12:23:08,12:23:08,404056,1.0,1
MV_A5-Weekday-SDon-066100_M11_619,M11,d0,60,12:23:49,12:23:49,404014,1.0,1
MV_A5-Weekday-SDon-066100_M11_619,M11,d0,61,12:24:11,12:24:11,404015,14.0,1
MV_A5-Weekday-SDon-066100_M11_619,M11,d0,62,12:25:00,12:25:00,803194,14.0,1
MV_A5-Weekday-050700_M11_615,M11,d0,1,8:27:00,8:27:00,401393,3.0,1
MV_A5-Weekday-050700_M11_615,M11,d0,2,8:27:49,8:27:49,405120,3.0,1
MV_A5-Weekday-050700_M11_615,M11,d0,3,8:28:32,8:28:32,405167,3.0,1
MV_A5-Weekday-050700_M11_615,M11,d0,4,8:29:00,8:29:00,405265,3.0,1
MV_A5-Weekday-050700_M11_615,M11,d0,5,8:30:04,8:30:04,405152,3.0,1
MV_A5-Weekday-050700_M11_615,M11,d0,6,8:31:42,8:31:42,405151,5.0,1
MV_A5-Weekday-050700_M11_615,M11,d0,7,8:33:05,8:33:05,404161,5.0,1
MV_A5-Weekday-050700_M11_615,M11,d0,8,8:33:59,8:33:59,401398,5.0,1
MV_A5-Weekday-050700_M11_615,M11,d0,9,8:35:00,8:35:00,403802,7.0,1
MV_A5-Weekday-050700_M11_615,M11,d0,10,8:36:25,8:36:25,401400,7.0,1
MV_A5-Weekday-050700_M11_615,M11,d0,11,8:37:47,8:37:47,401401,7.0,1
MV_A5-Weekday-050700_M11_615,M11,d0,12,8:39:51,8:39:51,401402,7.0,1
MV_A5-Weekday-050700_M11_615,M11,d0,13,8:42:07,8:42:07,401404,7.0,1
MV_A5-Weekday-050700_M11_615,M11,d0,14,8:44:35,8:44:35,404279,7.0,1
MV_A5-Weekday-050700_M11_615,M11,d0,15,8:46:13,8:46:13,405631,7.0,1
MV_A5-Weekday-050700_M11_615,M11,d0,16,8:48:00,8:48:00,401407,9.0,1
MV_A5-Weekday-050700_M11_615,M11,d0,17,8:49:41,8:49:41,401408,9.0,1
MV_A5-Weekday-050700_M11_615,M11,d0,18,8:50:49,8:50:49,401409,11.0,1
MV_A5-Weekday-050700_M11_615,M11,d0,19,8:51:55,8:51:55,401410,11.0,1
MV_A5-Weekday-050700_M11_615,M11,d0,20,8:53:49,8:53:49,401411,11.0,1
MV_A5-Weekday-050700_M11_615,M11,d0,21,8:55:14,8:55:14,401412,11.0,1
MV_A5-Weekday-050700_M11_615,M11,d0,22,8:56:03,8:56:03,401413,11.0,1
MV_A5-Weekday-050700_M11_615,M11,d0,23,8:57:33,8:57:33,401414,11.0,1
MV_A5-Weekday-050700_M11_615,M11,d0,24,8:59:21,8:59:21,401416,11.0,1
MV_A5-Weekday-050700_M11_615,M11,d0,25,9:00:51,9:00:51,401417,11.0,1
MV_A5-Weekday-050700_M11_615,M11,d0,26,9:02:00,9:02:00,403472,5.0,1
MV_A5-Weekday-050700_M11_615,M11,d0,27,9:03:10,9:03:10,403555,5.0,1
MV_A5-Weekday-050700_M11_615,M11,d0,28,9:05:00,9:05:00,401021,5.0,1
MV_A5-Weekday-050700_M11_615,M11,d0,29,9:06:10,9:06:10,401022,5.0,1
MV_A5-Weekday-050700_M11_615,M11,d0,30,9:07:48,9:07:48,401023,5.0,1
MV_A5-Weekday-050700_M11_615,M11,d0,31,9:08:53,9:08:53,401024,5.0,1
MV_A5-Weekday-050700_M11_615,M11,d0,32,9:10:08,9:10:08,401025,5.0,1
MV_A5-Weekday-050700_M11_615,M11,d0,33,9:11:16,9:11:16,401026,5.0,1
MV_A5-Weekday-050700_M11_615,M11,d0,34,9:13:03,9:13:03,401027,5.0,1
MV_A5-Weekday-050700_M11_615,M11,d0,35,9:14:25,9:14:25,404320,5.0,1
MV_A5-Weekday-050700_M11_615,M11,d0,36,9:15:51,9:15:51,401029,5.0,1
MV_A5-Weekday-050700_M11_615,M11,d0,37,9:16:58,9:16:58,401030,5.0,1
MV_A5-Weekday-050700_M11_615,M11,d0,38,9:18:44,9:18:44,401031,5.0,1
MV_A5-Weekday-050700_M11_615,M11,d0,39,9:19:52,9:19:52,401032,5.0,1
MV_A5-Weekday-050700_M11_615,M11,d0,40,9:21:00,9:21:00,401033,5.0,1
MV_A5-Weekday-050700_M11_615,M11,d0,41,9:21:59,9:21:59,401034,5.0,1
MV_A5-Weekday-050700_M11_615,M11,d0,42,9:23:13,9:23:13,401035,5.0,1
MV_A5-Weekday-050700_M11_615,M11,d0,43,9:24:22,9:24:22,401435,5.0,1
MV_A5-Weekday-050700_M11_615,M11,d0,44,9:26:00,9:26:00,401436,5.0,1
MV_A5-Weekday-050700_M11_615,M11,d0,45,9:27:45,9:27:45,401438,5.0,1
MV_A5-Weekday-050700_M11_615,M11,d0,46,9:28:46,9:28:46,403886,5.0,1
MV_A5-Weekday-050700_M11_615,M11,d0,47,9:29:58,9:29:58,401440,5.0,1
MV_A5-Weekday-050700_M11_615,M11,d0,48,9:31:04,9:31:04,401441,5.0,1
MV_A5-Weekday-050700_M11_615,M11,d0,49,9:32:09,9:32:09,401442,5.0,1
MV_A5-Weekday-050700_M11_615,M11,d0,50,9:33:30,9:33:30,401443,5.0,1
MV_A5-Weekday-050700_M11_615,M11,d0,51,9:34:56,9:34:56,403292,5.0,1
MV_A5-Weekday-050700_M11_615,M11,d0,52,9:35:48,9:35:48,401444,5.0,1
MV_A5-Weekday-050700_M11_615,M11,d0,53,9:37:00,9:37:00,401446,5.0,1
MV_A5-Weekday-050700_M11_615,M11,d0,54,9:38:12,9:38:12,401447,5.0,1
MV_A5-Weekday-050700_M11_615,M11,d0,55,9:40:11,9:40:11,403757,5.0,1
MV_A5-Weekday-050700_M11_615,M11,d0,56,9:42:00,9:42:00,404011,5.0,1
MV_A5-Weekday-050700_M11_615,M11,d0,57,9:42:12,9:42:12,404012,5.0,1
MV_A5-Weekday-050700_M11_615,M11,d0,58,9:42:34,9:42:34,404013,5.0,1
MV_A5-Weekday-050700_M11_615,M11,d0,59,9:42:45,9:42:45,404056,5.0,1
MV_A5-Weekday-050700_M11_615,M11,d0,60,9:43:13,9:43:13,404014,5.0,1
MV_A5-Weekday-050700_M11_615,M11,d0,61,9:43:27,9:43:27,404015,5.0,1
MV_A5-Weekday-050700_M11_615,M11,d0,62,9:44:00,9:44:00,803194,5.0,1
MV_A5-Weekday-130200_M11_631,M11,d0,1,21:42:00,21:42:00,405374,1.0,1
MV_A5-Weekday-130200_M11_631,M11,d0,2,21:43:07,21:43:07,404919,1.0,1
MV_A5-Weekday-130200_M11_631,M11,d0,3,21:44:23,21:44:23,404872,12.0,1
MV_A5-Weekday-130200_M11_631,M11,d0,4,21:45:54,21:45:54,404846,14.0,1
MV_A5-Weekday-130200_M11_631,M11,d0,5,21:47:14,21:47:14,401239,4.0,1
MV_A5-Weekday-130200_M11_631,M11,d0,6,21:49:00,21:49:00,405393,12.0,1
MV_A5-Weekday-130200_M11_631,M11,d0,7,21:50:34,21:50:34,903209,12.0,1
MV_A5-Weekday-130200_M11_631,M11,d0,8,21:51:33,21:51:33,401016,12.0,2
MV_A5-Weekday-130200_M11_631,M11,d0,9,21:53:00,21:53:00,400747,19.0,3
MV_A5-Weekday-130200_M11_631,M11,d0,10,21:54:52,21:54:52,403271,36.0,3
MV_A5-Weekday-130200_M11_631,M11,d0,11,21:56:45,21:56:45,400750,33.0,3
MV_A5-Weekday-130200_M11_631,M11,d0,12,21:59:18,21:59:18,403103,33.0,3
MV_A5-Weekday-130200_M11_631,M11,d0,13,22:00:39,22:00:39,403104,31.0,2
MV_A5-Weekday-130200_M11_631,M11,d0,14,22:01:49,22:01:49,403105,9.0,2
MV_A5-Weekday-130200_M11_631,M11,d0,15,22:03:00,22:03:00,403106,23.0,2
MV_A5-Weekday-130200_M11_631,M11,d0,16,22:04:43,22:04:43,403107,17.0,2
MV_A5-Weekday-130200_M11_631,M11,d0,17,22:06:06,22:06:06,903299,9.0,2
MV_A5-Weekday-130200_M11_631,M11,d0,18,22:07:04,22:07:04,403109,17.0,2
MV_A5-Weekday-130200_M11_631,M11,d0,19,22:08:12,22:08:12,403110,16.0,1
MV_A5-Weekday-130200_M11_631,M11,d0,20,22:09:52,22:09:52,403111,7.0,1
MV_A5-Weekday-130200_M11_631,M11,d0,21,22:11:02,22:11:02,403112,9.0,1
MV_A5-Weekday-130200_M11_631,M11,d0,22,22:13:00,22:13:00,405248,10.0,1
MV_A5-Weekday-130200_M11_631,M11,d0,23,22:14:29,22:14:29,403114,10.0,1
MV_A5-Weekday-130200_M11_631,M11,d0,24,22:15:51,22:15:51,403115,7.0,1
MV_A5-Weekday-130200_M11_631,M11,d0,25,22:16:55,22:16:55,403116,6.0,1
MV_A5-Weekday-130200_M11_631,M11,d0,26,22:18:00,22:18:00,405394,7.0,1
MV_A5-Weekday-130200_M11_631,M11,d0,27,22:19:48,22:19:48,403118,7.0,1
MV_A5-Weekday-130200_M11_631,M11,d0,28,22:20:43,22:20:43,403119,6.0,1
MV_A5-Weekday-130200_M11_631,M11,d0,29,22:22:16,22:22:16,404260,6.0,1
MV_A5-Weekday-130200_M11_631,M11,d0,30,22:23:30,22:23:30,403122,4.0,1
MV_A5-Weekday-130200_M11_631,M11,d0,31,22:25:28,22:25:28,404262,2.0,1
MV_A5-Weekday-130200_M11_631,M11,d0,32,22:26:49,22:26:49,403125,1.0,1
MV_A5-Weekday-130200_M11_631,M11,d0,33,22:28:20,22:28:20,403126,2.0,1
MV_A5-Weekday-130200_M11_631,M11,d0,34,22:29:06,22:29:06,403127,2.0,1
MV_A5-Weekday-130200_M11_631,M11,d0,35,22:31:48,22:31:48,401444,2.0,1
MV_A5-Weekday-130200_M11_631,M11,d0,36,22:33:00,22:33:00,903352,2.0,1
MV_A5-Weekday-092700_M11_608,M11,d0,1,15:27:00,15:27:00,401393,3.0,1
MV_A5-Weekday-092700_M11_608,M11,d0,2,15:27:49,15:27:49,405120,3.0,1
MV_A5-Weekday-092700_M11_608,M11,d0,3,15:28:32,15:28:32,405167,3.0,1
MV_A5-Weekday-092700_M11_608,M11,d0,4,15:29:00,15:29:00,405265,3.0,1
MV_A5-Weekday-092700_M11_608,M11,d0,5,15:30:36,15:30:36,405152,3.0,1
MV_A5-Weekday-092700_M11_608,M11,d0,6,15:33:03,15:33:03,405151,4.0,1
MV_A5-Weekday-092700_M11_608,M11,d0,7,15:35:07,15:35:07,404161,4.0,1
MV_A5-Weekday-092700_M11_608,M11,d0,8,15:36:29,15:36:29,401398,11.0,1
MV_A5-Weekday-092700_M11_608,M11,d0,9,15:38:00,15:38:00,403802,5.0,1
MV_A5-Weekday-092700_M11_608,M11,d0,10,15:39:44,15:39:44,401400,14.0,1
MV_A5-Weekday-092700_M11_608,M11,d0,11,15:41:25,15:41:25,401401,14.0,2
MV_A5-Weekday-092700_M11_608,M11,d0,12,15:43:58,15:43:58,401402,19.0,2
MV_A5-Weekday-092700_M11_608,M11,d0,13,15:46:46,15:46:46,401404,6.0,2
MV_A5-Weekday-092700_M11_608,M11,d0,14,15:49:48,15:49:48,404279,20.0,2
MV_A5-Weekday-092700_M11_608,M11,d0,15,15:51:48,15:51:48,405631,6.0,2
MV_A5-Weekday-092700_M11_608,M11,d0,16,15:54:00,15:54:00,401407,19.0,2
MV_A5-Weekday-092700_M11_608,M11,d0,17,15:55:41,15:55:41,401408,19.0,2
MV_A5-Weekday-092700_M11_608,M11,d0,18,15:56:49,15:56:49,401409,8.0,1
MV_A5-Weekday-092700_M11_608,M11,d0,19,15:57:55,15:57:55,401410,10.0,1
MV_A5-Weekday-092700_M11_608,M11,d0,20,15:59:49,15:59:49,401411,10.0,1
MV_A5-Weekday-092700_M11_608,M11,d0,21,16:01:14,16:01:14,401412,10.0,1
MV_A5-Weekday-092700_M11_608,M11,d0,22,16:02:03,16:02:03,401413,15.0,1
MV_A5-Weekday-092700_M11_608,M11,d0,23,16:03:33,16:03:33,401414,15.0,1
MV_A5-Weekday-092700_M11_608,M11,d0,24,16:05:21,16:05:21,401416,14.0,1
MV_A5-Weekday-092700_M11_608,M11,d0,25,16:06:51,16:06:51,401417,14.0,1
MV_A5-Weekday-092700_M11_608,M11,d0,26,16:08:00,16:08:00,403472,14.0,1
MV_A5-Weekday-092700_M11_608,M11,d0,27,16:09:33,16:09:33,403555,12.0,1
MV_A5-Weekday-092700_M11_608,M11,d0,28,16:12:00,16:12:00,401021,12.0,1
MV_A5-Weekday-092700_M11_608,M11,d0,29,16:13:18,16:13:18,401022,6.0,2
MV_A5-Weekday-092700_M11_608,M11,d0,30,16:15:09,16:15:09,401023,25.0,2
MV_A5-Weekday-092700_M11_608,M11,d0,31,16:16:22,16:16:22,401024,25.0,2
MV_A5-Weekday-092700_M11_608,M11,d0,32,16:17:47,16:17:47,401025,29.0,2
MV_A5-Weekday-092700_M11_608,M11,d0,33,16:19:03,16:19:03,401026,29.0,2
MV_A5-Weekday-092700_M11_608,M11,d0,34,16:21:03,16:21:03,401027,9.0,1
MV_A5-Weekday-092700_M11_608,M11,d0,35,16:22:36,16:22:36,404320,9.0,2
MV_A5-Weekday-092700_M11_608,M11,d0,36,16:24:12,16:24:12,401029,20.0,2
MV_A5-Weekday-092700_M11_608,M11,d0,37,16:25:28,16:25:28,401030,20.0,2
MV_A5-Weekday-092700_M11_608,M11,d0,38,16:27:27,16:27:27,401031,20.0,2
MV_A5-Weekday-092700_M11_608,M11,d0,39,16:28:44,16:28:44,401032,20.0,2
MV_A5-Weekday-092700_M11_608,M11,d0,40,16:30:00,16:30:00,401033,20.0,2
MV_A5-Weekday-092700_M11_608,M11,d0,41,16:30:59,16:30:59,401034,13.0,1
MV_A5-Weekday-092700_M11_608,M11,d0,42,16:32:13,16:32:13,401035,12.0,2
MV_A5-Weekday-092700_M11_608,M11,d0,43,16:33:22,16:33:22,401435,19.0,2
MV_A5-Weekday-092700_M11_608,M11,d0,44,16:35:00,16:35:00,401436,19.0,2
MV_A5-Weekday-092700_M11_608,M11,d0,45,16:37:32,16:37:32,401438,23.0,2
MV_A5-Weekday-092700_M11_608,M11,d0,46,16:39:02,16:39:02,403886,23.0,2
MV_A5-Weekday-092700_M11_608,M11,d0,47,16:40:47,16:40:47,401440,23.0,2
MV_A5-Weekday-092700_M11_608,M11,d0,48,16:42:22,16:42:22,401441,23.0,2
MV_A5-Weekday-092700_M11_608,M11,d0,49,16:43:57,16:43:57,401442,23.0,2
MV_A5-Weekday-092700_M11_608,M11,d0,50,16:45:55,16:45:55,401443,23.0,2
MV_A5-Weekday-092700_M11_608,M11,d0,51,16:47:59,16:47:59,403292,15.0,1
MV_A5-Weekday-092700_M11_608,M11,d0,52,16:49:15,16:49:15,401444,15.0,1
MV_A5-Weekday-092700_M11_608,M11,d0,53,16:51:00,16:51:00,401446,15.0,1
MV_A5-Weekday-092700_M11_608,M11,d0,54,16:52:27,16:52:27,401447,15.0,1
MV_A5-Weekday-092700_M11_608,M11,d0,55,16:54:49,16:54:49,403757,15.0,1
MV_A5-Weekday-092700_M11_608,M11,d0,56,16:57:00,16:57:00,404011,15.0,1
MV_A5-Weekday-092700_M11_608,M11,d0,57,16:57:24,16:57:24,404012,15.0,1
MV_A5-Weekday-092700_M11_608,M11,d0,58,16:58:09,16:58:09,404013,15.0,1
MV_A5-Weekday-092700_M11_608,M11,d0,59,16:58:31,16:58:31,404056,15.0,1
MV_A5-Weekday-092700_M11_608,M11,d0,60,16:59:25,16:59:25,404014,15.0,1
MV_A5-Weekday-092700_M11_608,M11,d0,61,16:59:55,16:59:55,404015,15.0,1
MV_A5-Weekday-092700_M11_608,M11,d0,62,17:01:00,17:01:00,803194,15.0,1
MV_A5-Weekday-SDon-127000_M11_630,M11,d0,1,21:10:00,21:10:00,405374,8.0,1
MV_A5-Weekday-SDon-127000_M11_630,M11,d0,2,21:11:07,21:11:07,404919,8.0,1
MV_A5-Weekday-SDon-127000_M11_630,M11,d0,3,21:12:23,21:12:23,404872,9.0,1
MV_A5-Weekday-SDon-127000_M11_630,M11,d0,4,21:13:54,21:13:54,404846,11.0,2
MV_A5-Weekday-SDon-127000_M11_630,M11,d0,5,21:15:14,21:15:14,401239,18.0,2
MV_A5-Weekday-SDon-127000_M11_630,M11,d0,6,21:17:00,21:17:00,405393,18.0,2
MV_A5-Weekday-SDon-127000_M11_630,M11,d0,7,21:18:34,21:18:34,903209,18.0,2
MV_A5-Weekday-SDon-127000_M11_630,M11,d0,8,21:19:33,21:19:33,401016,16.0,2
MV_A5-Weekday-SDon-127000_M11_630,M11,d0,9,21:21:00,21:21:00,400747,18.0,2
MV_A5-Weekday-SDon-127000_M11_630,M11,d0,10,21:22:52,21:22:52,403271,14.0,2
MV_A5-Weekday-SDon-127000_M11_630,M11,d0,11,21:24:45,21:24:45,400750,17.0,2
MV_A5-Weekday-SDon-127000_M11_630,M11,d0,12,21:27:18,21:27:18,403103,13.0,2
MV_A5-Weekday-SDon-127000_M11_630,M11,d0,13,21:28:39,21:28:39,403104,19.0,2
MV_A5-Weekday-SDon-127000_M11_630,M11,d0,14,21:29:49,21:29:49,403105,13.0,1
MV_A5-Weekday-SDon-127000_M11_630,M11,d0,15,21:31:00,21:31:00,403106,14.0,1
MV_A5-Weekday-SDon-127000_M11_630,M11,d0,16,21:32:43,21:32:43,403107,10.0,1
MV_A5-Weekday-SDon-127000_M11_630,M11,d0,17,21:34:06,21:34:06,903299,13.0,1
MV_A5-Weekday-SDon-127000_M11_630,M11,d0,18,21:35:04,21:35:04,403109,12.0,1
MV_A5-Weekday-SDon-127000_M11_630,M11,d0,19,21:36:12,21:36:12,403110,11.0,1
MV_A5-Weekday-SDon-127000_M11_630,M11,d0,20,21:37:52,21:37:52,403111,5.0,1
MV_A5-Weekday-SDon-127000_M11_630,M11,d0,21,21:39:02,21:39:02,403112,15.0,1
MV_A5-Weekday-SDon-127000_M11_630,M11,d0,22,21:41:00,21:41:00,405248,15.0,1
MV_A5-Weekday-SDon-127000_M11_630,M11,d0,23,21:42:29,21:42:29,403114,14.0,1
MV_A5-Weekday-SDon-127000_M11_630,M11,d0,24,21:43:51,21:43:51,403115,12.0,1
MV_A5-Weekday-SDon-127000_M11_630,M11,d0,25,21:44:55,21:44:55,403116,13.0,1
MV_A5-Weekday-SDon-127000_M11_630,M11,d0,26,21:46:00,21:46:00,405394,12.0,1
MV_A5-Weekday-SDon-127000_M11_630,M11,d0,27,21:47:48,21:47:48,403118,11.0,1
MV_A5-Weekday-SDon-127000_M11_630,M11,d0,28,21:48:43,21:48:43,403119,9.0,1
MV_A5-Weekday-SDon-127000_M11_630,M11,d0,29,21:50:16,21:50:16,404260,7.0,1
MV_A5-Weekday-SDon-127000_M11_630,M11,d0,30,21:51:30,21:51:30,403122,7.0,1
MV_A5-Weekday-SDon-127000_M11_630,M11,d0,31,21:53:28,21:53:28,404262,3.0,1
MV_A5-Weekday-SDon-127000_M11_630,M11,d0,32,21:54:49,21:54:49,403125,4.0,1
MV_A5-Weekday-SDon-127000_M11_630,M11,d0,33,21:56:20,21:56:20,403126,4.0,1
MV_A5-Weekday-SDon-127000_M11_630,M11,d0,34,21:57:06,21:57:06,403127,3.0,1
MV_A5-Weekday-SDon-127000_M11_630,M11,d0,35,21:59:48,21:59:48,401444,3.0,1
MV_A5-Weekday-SDon-127000_M11_630,M11,d0,36,22:01:00,22:01:00,903352,3.0,1
MV_A5-Weekday-094700_M11_627,M11,d0,1,15:47:00,15:47:00,401393,4.0,1
MV_A5-Weekday-094700_M11_627,M11,d0,2,15:47:49,15:47:49,405120,4.0,1
MV_A5-Weekday-094700_M11_627,M11,d0,3,15:48:32,15:48:32,405167,4.0,1
MV_A5-Weekday-094700_M11_627,M11,d0,4,15:49:00,15:49:00,405265,1.0,1
MV_A5-Weekday-094700_M11_627,M11,d0,5,15:50:26,15:50:26,405152,8.0,1
MV_A5-Weekday-094700_M11_627,M11,d0,6,15:52:36,15:52:36,405151,8.0,1
MV_A5-Weekday-094700_M11_627,M11,d0,7,15:54:26,15:54:26,404161,8.0,1
MV_A5-Weekday-094700_M11_627,M11,d0,8,15:55:39,15:55:39,401398,8.0,1
MV_A5-Weekday-094700_M11_627,M11,d0,9,15:57:00,15:57:00,403802,8.0,1
MV_A5-Weekday-094700_M11_627,M11,d0,10,15:58:44,15:58:44,401400,8.0,1
MV_A5-Weekday-094700_M11_627,M11,d0,11,16:00:25,16:00:25,401401,8.0,1
MV_A5-Weekday-094700_M11_627,M11,d0,12,16:02:58,16:02:58,401402,6.0,3
MV_A5-Weekday-094700_M11_627,M11,d0,13,16:05:46,16:05:46,401404,38.0,3
MV_A5-Weekday-094700_M11_627,M11,d0,14,16:08:48,16:08:48,404279,34.0,3
MV_A5-Weekday-094700_M11_627,M11,d0,15,16:10:48,16:10:48,405631,34.0,3
MV_A5-Weekday-094700_M11_627,M11,d0,16,16:13:00,16:13:00,401407,34.0,3
MV_A5-Weekday-094700_M11_627,M11,d0,17,16:14:41,16:14:41,401408,25.0,4
MV_A5-Weekday-094700_M11_627,M11,d0,18,16:15:49,16:15:49,401409,49.0,4
MV_A5-Weekday-094700_M11_627,M11,d0,19,16:16:55,16:16:55,401410,49.0,4
MV_A5-Weekday-094700_M11_627,M11,d0,20,16:18:49,16:18:49,401411,51.0,4
MV_A5-Weekday-094700_M11_627,M11,d0,21,16:20:14,16:20:14,401412,46.0,3
MV_A5-Weekday-094700_M11_627,M11,d0,22,16:21:03,16:21:03,401413,46.0,3
MV_A5-Weekday-094700_M11_627,M11,d0,23,16:22:33,16:22:33,401414,46.0,3
MV_A5-Weekday-094700_M11_627,M11,d0,24,16:24:21,16:24:21,401416,46.0,3
MV_A5-Weekday-094700_M11_627,M11,d0,25,16:25:51,16:25:51,401417,39.0,3
MV_A5-Weekday-094700_M11_627,M11,d0,26,16:27:00,16:27:00,403472,39.0,3
MV_A5-Weekday-094700_M11_627,M11,d0,27,16:28:33,16:28:33,403555,39.0,3
MV_A5-Weekday-094700_M11_627,M11,d0,28,16:31:00,16:31:00,401021,27.0,2
MV_A5-Weekday-094700_M11_627,M11,d0,29,16:32:18,16:32:18,401022,27.0,2
MV_A5-Weekday-094700_M11_627,M11,d0,30,16:34:09,16:34:09,401023,27.0,3
MV_A5-Weekday-094700_M11_627,M11,d0,31,16:35:22,16:35:22,401024,36.0,3
MV_A5-Weekday-094700_M11_627,M11,d0,32,16:36:47,16:36:47,401025,36.0,3
MV_A5-Weekday-094700_M11_627,M11,d0,33,16:38:03,16:38:03,401026,36.0,3
MV_A5-Weekday-094700_M11_627,M11,d0,34,16:40:03,16:40:03,401027,36.0,3
MV_A5-Weekday-094700_M11_627,M11,d0,35,16:41:36,16:41:36,404320,36.0,3
MV_A5-Weekday-094700_M11_627,M11,d0,36,16:43:12,16:43:12,401029,36.0,3
MV_A5-Weekday-094700_M11_627,M11,d0,37,16:44:28,16:44:28,401030,34.0,3
MV_A5-Weekday-094700_M11_627,M11,d0,38,16:46:27,16:46:27,401031,34.0,3
MV_A5-Weekday-094700_M11_627,M11,d0,39,16:47:44,16:47:44,401032,34.0,3
MV_A5-Weekday-094700_M11_627,M11,d0,40,16:49:00,16:49:00,401033,34.0,3
MV_A5-Weekday-094700_M11_627,M11,d0,41,16:49:59,16:49:59,401034,33.0,3
MV_A5-Weekday-094700_M11_627,M11,d0,42,16:51:13,16:51:13,401035,33.0,3
MV_A5-Weekday-094700_M11_627,M11,d0,43,16:52:22,16:52:22,401435,25.0,2
MV_A5-Weekday-094700_M11_627,M11,d0,44,16:54:00,16:54:00,401436,25.0,2
MV_A5-Weekday-094700_M11_627,M11,d0,45,16:56:32,16:56:32,401438,17.0,2
MV_A5-Weekday-094700_M11_627,M11,d0,46,16:58:02,16:58:02,403886,17.0,2
MV_A5-Weekday-094700_M11_627,M11,d0,47,16:59:47,16:59:47,401440,17.0,2
MV_A5-Weekday-094700_M11_627,M11,d0,48,17:01:22,17:01:22,401441,17.0,2
MV_A5-Weekday-094700_M11_627,M11,d0,49,17:02:57,17:02:57,401442,17.0,2
MV_A5-Weekday-094700_M11_627,M11,d0,50,17:04:55,17:04:55,401443,9.0,1
MV_A5-Weekday-094700_M11_627,M11,d0,51,17:06:59,17:06:59,403292,7.0,1
MV_A5-Weekday-094700_M11_627,M11,d0,52,17:08:15,17:08:15,401444,10.0,1
MV_A5-Weekday-094700_M11_627,M11,d0,53,17:10:00,17:10:00,401446,10.0,1
MV_A5-Weekday-094700_M11_627,M11,d0,54,17:11:27,17:11:27,401447,9.0,1
MV_A5-Weekday-094700_M11_627,M11,d0,55,17:13:49,17:13:49,403757,11.0,1
MV_A5-Weekday-094700_M11_627,M11,d0,56,17:16:00,17:16:00,404011,11.0,1
MV_A5-Weekday-094700_M11_627,M11,d0,57,17:16:24,17:16:24,404012,11.0,1
MV_A5-Weekday-094700_M11_627,M11,d0,58,17:17:09,17:17:09,404013,11.0,1
MV_A5-Weekday-094700_M11_627,M11,d0,59,17:17:31,17:17:31,404056,11.0,1
MV_A5-Weekday-094700_M11_627,M11,d0,60,17:18:25,17:18:25,404014,11.0,1
MV_A5-Weekday-094700_M11_627,M11,d0,61,17:18:55,17:18:55,404015,11.0,1
MV_A5-Weekday-094700_M11_627,M11,d0,62,17:20:00,17:20:00,803194,11.0,1
MV_A5-Weekday-SDon-108500_M11_635,M11,d0,1,18:05:00,18:05:00,401393,5.0,1
MV_A5-Weekday-SDon-108500_M11_635,M11,d0,2,18:05:49,18:05:49,405120,2.0,1
MV_A5-Weekday-SDon-108500_M11_635,M11,d0,3,18:06:32,18:06:32,405167,6.0,1
MV_A5-Weekday-SDon-108500_M11_635,M11,d0,4,18:07:00,18:07:00,405265,6.0,1
MV_A5-Weekday-SDon-108500_M11_635,M11,d0,5,18:08:15,18:08:15,405152,7.0,1
MV_A5-Weekday-SDon-108500_M11_635,M11,d0,6,18:10:09,18:10:09,405151,13.0,2
MV_A5-Weekday-SDon-108500_M11_635,M11,d0,7,18:11:46,18:11:46,404161,20.0,2
MV_A5-Weekday-SDon-108500_M11_635,M11,d0,8,18:12:49,18:12:49,401398,20.0,2
MV_A5-Weekday-SDon-108500_M11_635,M11,d0,9,18:14:00,18:14:00,403802,24.0,2
MV_A5-Weekday-SDon-108500_M11_635,M11,d0,10,18:15:31,18:15:31,401400,18.0,2
MV_A5-Weekday-SDon-108500_M11_635,M11,d0,11,18:17:00,18:17:00,401401,24.0,2
MV_A5-Weekday-SDon-108500_M11_635,M11,d0,12,18:19:14,18:19:14,401402,18.0,2
MV_A5-Weekday-SDon-108500_M11_635,M11,d0,13,18:21:40,18:21:40,401404,26.0,2
MV_A5-Weekday-SDon-108500_M11_635,M11,d0,14,18:24:20,18:24:20,404279,19.0,2
MV_A5-Weekday-SDon-108500_M11_635,M11,d0,15,18:26:05,18:26:05,405631,30.0,2
MV_A5-Weekday-SDon-108500_M11_635,M11,d0,16,18:28:00,18:28:00,401407,26.0,2
MV_A5-Weekday-SDon-108500_M11_635,M11,d0,17,18:29:34,18:29:34,401408,22.0,2
MV_A5-Weekday-SDon-108500_M11_635,M11,d0,18,18:30:37,18:30:37,401409,25.0,2
MV_A5-Weekday-SDon-108500_M11_635,M11,d0,19,18:31:39,18:31:39,401410,29.0,2
MV_A5-Weekday-SDon-108500_M11_635,M11,d0,20,18:33:24,18:33:24,401411,15.0,2
MV_A5-Weekday-SDon-108500_M11_635,M11,d0,21,18:34:43,18:34:43,401412,28.0,2
MV_A5-Weekday-SDon-108500_M11_635,M11,d0,22,18:35:28,18:35:28,401413,14.0,2
MV_A5-Weekday-SDon-108500_M11_635,M11,d0,23,18:36:52,18:36:52,401414,29.0,2
MV_A5-Weekday-SDon-108500_M11_635,M11,d0,24,18:38:32,18:38:32,401416,27.0,2
MV_A5-Weekday-SDon-108500_M11_635,M11,d0,25,18:39:56,18:39:56,401417,4.0,2
MV_A5-Weekday-SDon-108500_M11_635,M11,d0,26,18:41:00,18:41:00,403472,23.0,2
MV_A5-Weekday-SDon-108500_M11_635,M11,d0,27,18:42:33,18:42:33,403555,22.0,2
MV_A5-Weekday-SDon-108500_M11_635,M11,d0,28,18:45:00,18:45:00,401021,22.0,2
MV_A5-Weekday-SDon-108500_M11_635,M11,d0,29,18:46:10,18:46:10,401022,16.0,1
MV_A5-Weekday-SDon-108500_M11_635,M11,d0,30,18:47:48,18:47:48,401023,7.0,1
MV_A5-Weekday-SDon-108500_M11_635,M11,d0,31,18:48:53,18:48:53,401024,13.0,1
MV_A5-Weekday-SDon-108500_M11_635,M11,d0,32,18:50:08,18:50:08,401025,13.0,1
MV_A5-Weekday-SDon-108500_M11_635,M11,d0,33,18:51:16,18:51:16,401026,11.0,1
MV_A5-Weekday-SDon-108500_M11_635,M11,d0,34,18:53:03,18:53:03,401027,7.0,1
MV_A5-Weekday-SDon-108500_M11_635,M11,d0,35,18:54:25,18:54:25,404320,9.0,1
MV_A5-Weekday-SDon-108500_M11_635,M11,d0,36,18:55:51,18:55:51,401029,9.0,1
MV_A5-Weekday-SDon-108500_M11_635,M11,d0,37,18:56:58,18:56:58,401030,8.0,1
MV_A5-Weekday-SDon-108500_M11_635,M11,d0,38,18:58:44,18:58:44,401031,8.0,1
MV_A5-Weekday-SDon-108500_M11_635,M11,d0,39,18:59:52,18:59:52,401032,1.0,1
MV_A5-Weekday-SDon-108500_M11_635,M11,d0,40,19:01:00,19:01:00,401033,7.0,1
MV_A5-Weekday-SDon-108500_M11_635,M11,d0,41,19:01:47,19:01:47,401034,7.0,1
MV_A5-Weekday-SDon-108500_M11_635,M11,d0,42,19:02:46,19:02:46,401035,1.0,1
MV_A5-Weekday-SDon-108500_M11_635,M11,d0,43,19:03:41,19:03:41,401435,6.0,1
MV_A5-Weekday-SDon-108500_M11_635,M11,d0,44,19:05:00,19:05:00,401436,2.0,1
MV_A5-Weekday-SDon-108500_M11_635,M11,d0,45,19:06:35,19:06:35,401438,5.0,1
MV_A5-Weekday-SDon-108500_M11_635,M11,d0,46,19:07:31,19:07:31,403886,1.0,1
MV_A5-Weekday-SDon-108500_M11_635,M11,d0,47,19:08:37,19:08:37,401440,1.0,1
MV_A5-Weekday-SDon-108500_M11_635,M11,d0,48,19:09:37,19:09:37,401441,1.0,1
MV_A5-Weekday-SDon-108500_M11_635,M11,d0,49,19:10:36,19:10:36,401442,5.0,1
MV_A5-Weekday-SDon-108500_M11_635,M11,d0,50,19:11:49,19:11:49,401443,6.0,1
MV_A5-Weekday-SDon-108500_M11_635,M11,d0,51,19:13:07,19:13:07,403292,6.0,1
MV_A5-Weekday-SDon-108500_M11_635,M11,d0,52,19:13:54,19:13:54,401444,1.0,1
MV_A5-Weekday-SDon-108500_M11_635,M11,d0,53,19:15:00,19:15:00,401446,8.0,1
MV_A5-Weekday-SDon-108500_M11_635,M11,d0,54,19:15:58,19:15:58,401447,6.0,1
MV_A5-Weekday-SDon-108500_M11_635,M11,d0,55,19:17:33,19:17:33,403757,6.0,1
MV_A5-Weekday-SDon-108500_M11_635,M11,d0,56,19:19:00,19:19:00,404011,1.0,1
MV_A5-Weekday-SDon-108500_M11_635,M11,d0,57,19:19:18,19:19:18,404012,6.0,1
MV_A5-Weekday-SDon-108500_M11_635,M11,d0,58,19:19:51,19:19:51,404013,6.0,1
MV_A5-Weekday-SDon-108500_M11_635,M11,d0,59,19:20:08,19:20:08,404056,1.0,1
MV_A5-Weekday-SDon-108500_M11_635,M11,d0,60,19:20:49,19:20:49,404014,1.0,1
MV_A5-Weekday-SDon-108500_M11_635,M11,d0,61,19:21:11,19:21:11,404015,1.0,1
MV_A5-Weekday-SDon-108500_M11_635,M11,d0,62,19:22:00,19:22:00,803194,1.0,1
MV_A5-Weekday-103700_M11_619,M11,d0,1,17:17:00,17:17:00,401393,21.0,2
MV_A5-Weekday-103700_M11_619,M11,d0,2,17:17:49,17:17:49,405120,21.0,2
MV_A5-Weekday-103700_M11_619,M11,d0,3,17:18:32,17:18:32,405167,21.0,2
MV_A5-Weekday-103700_M11_619,M11,d0,4,17:19:00,17:19:00,405265,21.0,2
MV_A5-Weekday-103700_M11_619,M11,d0,5,17:20:26,17:20:26,405152,21.0,2
MV_A5-Weekday-103700_M11_619,M11,d0,6,17:22:36,17:22:36,405151,21.0,2
MV_A5-Weekday-103700_M11_619,M11,d0,7,17:24:26,17:24:26,404161,21.0,2
MV_A5-Weekday-103700_M11_619,M11,d0,8,17:25:39,17:25:39,401398,21.0,2
MV_A5-Weekday-103700_M11_619,M11,d0,9,17:27:00,17:27:00,403802,21.0,2
MV_A5-Weekday-103700_M11_619,M11,d0,10,17:28:44,17:28:44,401400,21.0,2
MV_A5-Weekday-103700_M11_619,M11,d0,11,17:30:25,17:30:25,401401,11.0,3
MV_A5-Weekday-103700_M11_619,M11,d0,12,17:32:58,17:32:58,401402,35.0,3
MV_A5-Weekday-103700_M11_619,M11,d0,13,17:35:46,17:35:46,401404,45.0,3
MV_A5-Weekday-103700_M11_619,M11,d0,14,17:38:48,17:38:48,404279,45.0,3
MV_A5-Weekday-103700_M11_619,M11,d0,15,17:40:48,17:40:48,405631,45.0,3
MV_A5-Weekday-103700_M11_619,M11,d0,16,17:43:00,17:43:00,401407,17.0,2
MV_A5-Weekday-103700_M11_619,M11,d0,17,17:44:34,17:44:34,401408,16.0,3
MV_A5-Weekday-103700_M11_619,M11,d0,18,17:45:37,17:45:37,401409,48.0,3
MV_A5-Weekday-103700_M11_619,M11,d0,19,17:46:39,17:46:39,401410,48.0,3
MV_A5-Weekday-103700_M11_619,M11,d0,20,17:48:24,17:48:24,401411,46.0,3
MV_A5-Weekday-103700_M11_619,M11,d0,21,17:49:43,17:49:43,401412,17.0,2
MV_A5-Weekday-103700_M11_619,M11,d0,22,17:50:28,17:50:28,401413,15.0,2
MV_A5-Weekday-103700_M11_619,M11,d0,23,17:51:52,17:51:52,401414,19.0,2
MV_A5-Weekday-103700_M11_619,M11,d0,24,17:53:32,17:53:32,401416,19.0,2
MV_A5-Weekday-103700_M11_619,M11,d0,25,17:54:56,17:54:56,401417,20.0,2
MV_A5-Weekday-103700_M11_619,M11,d0,26,17:56:00,17:56:00,403472,20.0,2
MV_A5-Weekday-103700_M11_619,M11,d0,27,17:57:33,17:57:33,403555,20.0,2
MV_A5-Weekday-103700_M11_619,M11,d0,28,18:00:00,18:00:00,401021,19.0,3
MV_A5-Weekday-103700_M11_619,M11,d0,29,18:01:14,18:01:14,401022,46.0,3
MV_A5-Weekday-103700_M11_619,M11,d0,30,18:02:58,18:02:58,401023,24.0,2
MV_A5-Weekday-103700_M11_619,M11,d0,31,18:04:08,18:04:08,401024,26.0,2
MV_A5-Weekday-103700_M11_619,M11,d0,32,18:05:28,18:05:28,401025,26.0,2
MV_A5-Weekday-103700_M11_619,M11,d0,33,18:06:40,18:06:40,401026,30.0,2
MV_A5-Weekday-103700_M11_619,M11,d0,34,18:08:33,18:08:33,401027,30.0,2
MV_A5-Weekday-103700_M11_619,M11,d0,35,18:10:01,18:10:01,404320,30.0,2
MV_A5-Weekday-103700_M11_619,M11,d0,36,18:11:31,18:11:31,401029,22.0,3
MV_A5-Weekday-103700_M11_619,M11,d0,37,18:12:43,18:12:43,401030,48.0,3
MV_A5-Weekday-103700_M11_619,M11,d0,38,18:14:35,18:14:35,401031,18.0,2
MV_A5-Weekday-103700_M11_619,M11,d0,39,18:15:48,18:15:48,401032,20.0,2
MV_A5-Weekday-103700_M11_619,M11,d0,40,18:17:00,18:17:00,401033,20.0,3
MV_A5-Weekday-103700_M11_619,M11,d0,41,18:17:59,18:17:59,401034,40.0,3
MV_A5-Weekday-103700_M11_619,M11,d0,42,18:19:13,18:19:13,401035,40.0,3
MV_A5-Weekday-103700_M11_619,M11,d0,43,18:20:22,18:20:22,401435,40.0,3
MV_A5-Weekday-103700_M11_619,M11,d0,44,18:22:00,18:22:00,401436,40.0,3
MV_A5-Weekday-103700_M11_619,M11,d0,45,18:23:54,18:23:54,401438,39.0,3
MV_A5-Weekday-103700_M11_619,M11,d0,46,18:25:01,18:25:01,403886,14.0,1
MV_A5-Weekday-103700_M11_619,M11,d0,47,18:26:20,18:26:20,401440,15.0,2
MV_A5-Weekday-103700_M11_619,M11,d0,48,18:27:32,18:27:32,401441,28.0,3
MV_A5-Weekday-103700_M11_619,M11,d0,49,18:28:43,18:28:43,401442,42.0,3
MV_A5-Weekday-103700_M11_619,M11,d0,50,18:30:11,18:30:11,401443,42.0,3
MV_A5-Weekday-103700_M11_619,M11,d0,51,18:31:44,18:31:44,403292,10.0,1
MV_A5-Weekday-103700_M11_619,M11,d0,52,18:32:41,18:32:41,401444,5.0,3
MV_A5-Weekday-103700_M11_619,M11,d0,53,18:34:00,18:34:00,401446,37.0,3
MV_A5-Weekday-103700_M11_619,M11,d0,54,18:35:12,18:35:12,401447,38.0,3
MV_A5-Weekday-103700_M11_619,M11,d0,55,18:37:11,18:37:11,403757,5.0,3
MV_A5-Weekday-103700_M11_619,M11,d0,56,18:39:00,18:39:00,404011,34.0,3
MV_A5-Weekday-103700_M11_619,M11,d0,57,18:39:18,18:39:18,404012,34.0,3
MV_A5-Weekday-103700_M11_619,M11,d0,58,18:39:51,18:39:51,404013,34.0,3
MV_A5-Weekday-103700_M11_619,M11,d0,59,18:40:08,18:40:08,404056,33.0,3
MV_A5-Weekday-103700_M11_619,M11,d0,60,18:40:49,18:40:49,404014,33.0,3
MV_A5-Weekday-103700_M11_619,M11,d0,61,18:41:11,18:41:11,404015,4.0,1
MV_A5-Weekday-103700_M11_619,M11,d0,62,18:42:00,18:42:00,803194,4.0,1
MV_A5-Weekday-110000_M11_633,M11,d0,1,18:20:00,18:20:00,401393,1.0,1
MV_A5-Weekday-110000_M11_633,M11,d0,2,18:20:49,18:20:49,405120,6.0,1
MV_A5-Weekday-110000_M11_633,M11,d0,3,18:21:32,18:21:32,405167,5.0,1
MV_A5-Weekday-110000_M11_633,M11,d0,4,18:22:00,18:22:00,405265,10.0,1
MV_A5-Weekday-110000_M11_633,M11,d0,5,18:23:15,18:23:15,405152,9.0,2
MV_A5-Weekday-110000_M11_633,M11,d0,6,18:25:09,18:25:09,405151,17.0,2
MV_A5-Weekday-110000_M11_633,M11,d0,7,18:26:46,18:26:46,404161,20.0,2
MV_A5-Weekday-110000_M11_633,M11,d0,8,18:27:49,18:27:49,401398,24.0,2
MV_A5-Weekday-110000_M11_633,M11,d0,9,18:29:00,18:29:00,403802,32.0,2
MV_A5-Weekday-110000_M11_633,M11,d0,10,18:30:31,18:30:31,401400,27.0,3
MV_A5-Weekday-110000_M11_633,M11,d0,11,18:32:00,18:32:00,401401,36.0,3
MV_A5-Weekday-110000_M11_633,M11,d0,12,18:34:14,18:34:14,401402,36.0,4
MV_A5-Weekday-110000_M11_633,M11,d0,13,18:36:40,18:36:40,401404,50.0,4
MV_A5-Weekday-110000_M11_633,M11,d0,14,18:39:20,18:39:20,404279,50.0,4
MV_A5-Weekday-110000_M11_633,M11,d0,15,18:41:05,18:41:05,405631,45.0,4
MV_A5-Weekday-110000_M11_633,M11,d0,16,18:43:00,18:43:00,401407,50.0,4
MV_A5-Weekday-110000_M11_633,M11,d0,17,18:44:41,18:44:41,401408,50.0,4
MV_A5-Weekday-110000_M11_633,M11,d0,18,18:45:49,18:45:49,401409,51.0,4
MV_A5-Weekday-110000_M11_633,M11,d0,19,18:46:55,18:46:55,401410,33.0,3
MV_A5-Weekday-110000_M11_633,M11,d0,20,18:48:49,18:48:49,401411,36.0,3
MV_A5-Weekday-110000_M11_633,M11,d0,21,18:50:14,18:50:14,401412,36.0,3
MV_A5-Weekday-110000_M11_633,M11,d0,22,18:51:03,18:51:03,401413,33.0,3
MV_A5-Weekday-110000_M11_633,M11,d0,23,18:52:33,18:52:33,401414,33.0,3
MV_A5-Weekday-110000_M11_633,M11,d0,24,18:54:21,18:54:21,401416,27.0,2
MV_A5-Weekday-110000_M11_633,M11,d0,25,18:55:51,18:55:51,401417,25.0,2
MV_A5-Weekday-110000_M11_633,M11,d0,26,18:57:00,18:57:00,403472,23.0,2
MV_A5-Weekday-110000_M11_633,M11,d0,27,18:58:33,18:58:33,403555,26.0,2
MV_A5-Weekday-110000_M11_633,M11,d0,28,19:01:00,19:01:00,401021,29.0,2
MV_A5-Weekday-110000_M11_633,M11,d0,29,19:02:10,19:02:10,401022,29.0,2
MV_A5-Weekday-110000_M11_633,M11,d0,30,19:03:48,19:03:48,401023,13.0,2
MV_A5-Weekday-110000_M11_633,M11,d0,31,19:04:53,19:04:53,401024,18.0,2
MV_A5-Weekday-110000_M11_633,M11,d0,32,19:06:08,19:06:08,401025,27.0,2
MV_A5-Weekday-110000_M11_633,M11,d0,33,19:07:16,19:07:16,401026,17.0,2
MV_A5-Weekday-110000_M11_633,M11,d0,34,19:09:03,19:09:03,401027,16.0,1
MV_A5-Weekday-110000_M11_633,M11,d0,35,19:10:25,19:10:25,404320,9.0,1
MV_A5-Weekday-110000_M11_633,M11,d0,36,19:11:51,19:11:51,401029,7.0,2
MV_A5-Weekday-110000_M11_633,M11,d0,37,19:12:58,19:12:58,401030,28.0,2
MV_A5-Weekday-110000_M11_633,M11,d0,38,19:14:44,19:14:44,401031,14.0,2
MV_A5-Weekday-110000_M11_633,M11,d0,39,19:15:52,19:15:52,401032,31.0,2
MV_A5-Weekday-110000_M11_633,M11,d0,40,19:17:00,19:17:00,401033,31.0,2
MV_A5-Weekday-110000_M11_633,M11,d0,41,19:17:47,19:17:47,401034,31.0,2
MV_A5-Weekday-110000_M11_633,M11,d0,42,19:18:46,19:18:46,401035,7.0,2
MV_A5-Weekday-110000_M11_633,M11,d0,43,19:19:41,19:19:41,401435,29.0,2
MV_A5-Weekday-110000_M11_633,M11,d0,44,19:21:00,19:21:00,401436,18.0,2
MV_A5-Weekday-110000_M11_633,M11,d0,45,19:22:35,19:22:35,401438,29.0,2
MV_A5-Weekday-110000_M11_633,M11,d0,46,19:23:31,19:23:31,403886,12.0,3
MV_A5-Weekday-110000_M11_633,M11,d0,47,19:24:37,19:24:37,401440,33.0,3
MV_A5-Weekday-110000_M11_633,M11,d0,48,19:25:37,19:25:37,401441,33.0,3
MV_A5-Weekday-110000_M11_633,M11,d0,49,19:26:36,19:26:36,401442,14.0,1
MV_A5-Weekday-110000_M11_633,M11,d0,50,19:27:49,19:27:49,401443,11.0,1
MV_A5-Weekday-110000_M11_633,M11,d0,51,19:29:07,19:29:07,403292,9.0,2
MV_A5-Weekday-110000_M11_633,M11,d0,52,19:29:54,19:29:54,401444,29.0,2
MV_A5-Weekday-110000_M11_633,M11,d0,53,19:31:00,19:31:00,401446,26.0,2
MV_A5-Weekday-110000_M11_633,M11,d0,54,19:32:12,19:32:12,401447,26.0,2
MV_A5-Weekday-110000_M11_633,M11,d0,55,19:34:11,19:34:11,403757,2.0,2
MV_A5-Weekday-110000_M11_633,M11,d0,56,19:36:00,19:36:00,404011,24.0,2
MV_A5-Weekday-110000_M11_633,M11,d0,57,19:36:18,19:36:18,404012,26.0,2
MV_A5-Weekday-110000_M11_633,M11,d0,58,19:36:51,19:36:51,404013,26.0,2
MV_A5-Weekday-110000_M11_633,M11,d0,59,19:37:08,19:37:08,404056,26.0,2
MV_A5-Weekday-110000_M11_633,M11,d0,60,19:37:49,19:37:49,404014,2.0,2
MV_A5-Weekday-110000_M11_633,M11,d0,61,19:38:11,19:38:11,404015,26.0,2
MV_A5-Weekday-110000_M11_633,M11,d0,62,19:39:00,19:39:00,803194,26.0,2
MV_A5-Weekday-SDon-108500_M11_620,M11,d0,1,18:05:00,18:05:00,405374,3.0,1
MV_A5-Weekday-SDon-108500_M11_620,M11,d0,2,18:06:07,18:06:07,404919,4.0,1
MV_A5-Weekday-SDon-108500_M11_620,M11,d0,3,18:07:23,18:07:23,404872,9.0,1
MV_A5-Weekday-SDon-108500_M11_620,M11,d0,4,18:08:54,18:08:54,404846,4.0,1
MV_A5-Weekday-SDon-108500_M11_620,M11,d0,5,18:10:14,18:10:14,401239,6.0,1
MV_A5-Weekday-SDon-108500_M11_620,M11,d0,6,18:12:00,18:12:00,405393,6.0,1
MV_A5-Weekday-SDon-108500_M11_620,M11,d0,7,18:13:34,18:13:34,903209,6.0,1
MV_A5-Weekday-SDon-108500_M11_620,M11,d0,8,18:14:33,18:14:33,401016,7.0,1
MV_A5-Weekday-SDon-108500_M11_620,M11,d0,9,18:16:00,18:16:00,400747,6.0,1
MV_A5-Weekday-SDon-108500_M11_620,M11,d0,10,18:18:15,18:18:15,403271,8.0,1
MV_A5-Weekday-SDon-108500_M11_620,M11,d0,11,18:20:30,18:20:30,400750,15.0,2
MV_A5-Weekday-SDon-108500_M11_620,M11,d0,12,18:23:33,18:23:33,403103,20.0,2
MV_A5-Weekday-SDon-108500_M11_620,M11,d0,13,18:25:11,18:25:11,403104,20.0,2
MV_A5-Weekday-SDon-108500_M11_620,M11,d0,14,18:26:34,18:26:34,403105,8.0,1
MV_A5-Weekday-SDon-108500_M11_620,M11,d0,15,18:28:00,18:28:00,403106,8.0,1
MV_A5-Weekday-SDon-108500_M11_620,M11,d0,16,18:29:53,18:29:53,403107,14.0,1
MV_A5-Weekday-SDon-108500_M11_620,M11,d0,17,18:31:25,18:31:25,903299,13.0,1
MV_A5-Weekday-SDon-108500_M11_620,M11,d0,18,18:32:28,18:32:28,403109,16.0,2
MV_A5-Weekday-SDon-108500_M11_620,M11,d0,19,18:33:43,18:33:43,403110,21.0,2
MV_A5-Weekday-SDon-108500_M11_620,M11,d0,20,18:35:34,18:35:34,403111,15.0,1
MV_A5-Weekday-SDon-108500_M11_620,M11,d0,21,18:36:50,18:36:50,403112,15.0,1
MV_A5-Weekday-SDon-108500_M11_620,M11,d0,22,18:39:00,18:39:00,405248,12.0,1
MV_A5-Weekday-SDon-108500_M11_620,M11,d0,23,18:40:46,18:40:46,403114,15.0,1
MV_A5-Weekday-SDon-108500_M11_620,M11,d0,24,18:42:26,18:42:26,403115,11.0,1
MV_A5-Weekday-SDon-108500_M11_620,M11,d0,25,18:43:42,18:43:42,403116,11.0,1
MV_A5-Weekday-SDon-108500_M11_620,M11,d0,26,18:45:00,18:45:00,405394,8.0,1
MV_A5-Weekday-SDon-108500_M11_620,M11,d0,27,18:46:55,18:46:55,403118,8.0,1
MV_A5-Weekday-SDon-108500_M11_620,M11,d0,28,18:47:54,18:47:54,403119,11.0,1
MV_A5-Weekday-SDon-108500_M11_620,M11,d0,29,18:49:33,18:49:33,404260,7.0,1
MV_A5-Weekday-SDon-108500_M11_620,M11,d0,30,18:50:51,18:50:51,403122,6.0,1
MV_A5-Weekday-SDon-108500_M11_620,M11,d0,31,18:52:58,18:52:58,404262,6.0,1
MV_A5-Weekday-SDon-108500_M11_620,M11,d0,32,18:54:24,18:54:24,403125,4.0,1
MV_A5-Weekday-SDon-108500_M11_620,M11,d0,33,18:56:02,18:56:02,403126,4.0,1
MV_A5-Weekday-SDon-108500_M11_620,M11,d0,34,18:56:51,18:56:51,403127,4.0,1
MV_A5-Weekday-SDon-108500_M11_620,M11,d0,35,18:59:43,18:59:43,401444,3.0,1
MV_A5-Weekday-SDon-108500_M11_620,M11,d0,36,19:01:00,19:01:00,903352,3.0,1
MV_A5-Weekday-SDon-142000_M11_635,M11,d0,1,23:40:00,23:40:00,401393,2.0,1
MV_A5-Weekday-SDon-142000_M11_635,M11,d0,2,23:40:49,23:40:49,405120,2.0,1
MV_A5-Weekday-SDon-142000_M11_635,M11,d0,3,23:41:32,23:41:32,405167,2.0,1
MV_A5-Weekday-SDon-142000_M11_635,M11,d0,4,23:42:00,23:42:00,405265,4.0,1
MV_A5-Weekday-SDon-142000_M11_635,M11,d0,5,23:42:43,23:42:43,405152,4.0,1
MV_A5-Weekday-SDon-142000_M11_635,M11,d0,6,23:43:48,23:43:48,405151,4.0,1
MV_A5-Weekday-SDon-142000_M11_635,M11,d0,7,23:44:43,23:44:43,404161,6.0,1
MV_A5-Weekday-SDon-142000_M11_635,M11,d0,8,23:45:20,23:45:20,401398,6.0,1
MV_A5-Weekday-SDon-142000_M11_635,M11,d0,9,23:46:00,23:46:00,403802,8.0,1
MV_A5-Weekday-SDon-142000_M11_635,M11,d0,10,23:46:33,23:46:33,401400,9.0,1
MV_A5-Weekday-SDon-142000_M11_635,M11,d0,11,23:47:04,23:47:04,401401,8.0,1
MV_A5-Weekday-SDon-142000_M11_635,M11,d0,12,23:47:52,23:47:52,401402,8.0,1
MV_A5-Weekday-SDon-142000_M11_635,M11,d0,13,23:48:44,23:48:44,401404,8.0,1
MV_A5-Weekday-SDon-142000_M11_635,M11,d0,14,23:49:41,23:49:41,404279,3.0,1
MV_A5-Weekday-SDon-142000_M11_635,M11,d0,15,23:50:19,23:50:19,405631,7.0,1
MV_A5-Weekday-SDon-142000_M11_635,M11,d0,16,23:51:00,23:51:00,401407,5.0,1
MV_A5-Weekday-SDon-142000_M11_635,M11,d0,17,23:51:58,23:51:58,401408,7.0,1
MV_A5-Weekday-SDon-142000_M11_635,M11,d0,18,23:52:37,23:52:37,401409,5.0,1
MV_A5-Weekday-SDon-142000_M11_635,M11,d0,19,23:53:15,23:53:15,401410,5.0,1
MV_A5-Weekday-SDon-142000_M11_635,M11,d0,20,23:54:20,23:54:20,401411,8.0,1
MV_A5-Weekday-SDon-142000_M11_635,M11,d0,21,23:55:08,23:55:08,401412,2.0,1
MV_A5-Weekday-SDon-142000_M11_635,M11,d0,22,23:55:36,23:55:36,401413,9.0,1
MV_A5-Weekday-SDon-142000_M11_635,M11,d0,23,23:56:28,23:56:28,401414,3.0,1
MV_A5-Weekday-SDon-142000_M11_635,M11,d0,24,23:57:29,23:57:29,401416,6.0,1
MV_A5-Weekday-SDon-142000_M11_635,M11,d0,25,23:58:20,23:58:20,401417,9.0,1
MV_A5-Weekday-SDon-142000_M11_635,M11,d0,26,23:59:00,23:59:00,403472,6.0,1
MV_A5-Weekday-SDon-142000_M11_635,M11,d0,27,23:59:47,23:59:47,403555,9.0,1
MV_A5-Weekday-SDon-142000_M11_635,M11,d0,28,24:01:00,24:01:00,401021,1.0,1
MV_A5-Weekday-SDon-142000_M11_635,M11,d0,29,24:01:44,24:01:44,401022,8.0,1
MV_A5-Weekday-SDon-142000_M11_635,M11,d0,30,24:02:45,24:02:45,401023,1.0,1
MV_A5-Weekday-SDon-142000_M11_635,M11,d0,31,24:03:26,24:03:26,401024,6.0,1
MV_A5-Weekday-SDon-142000_M11_635,M11,d0,32,24:04:13,24:04:13,401025,7.0,1
MV_A5-Weekday-SDon-142000_M11_635,M11,d0,33,24:04:55,24:04:55,401026,9.0,1
MV_A5-Weekday-SDon-142000_M11_635,M11,d0,34,24:06:02,24:06:02,401027,7.0,1
MV_A5-Weekday-SDon-142000_M11_635,M11,d0,35,24:06:53,24:06:53,404320,9.0,1
MV_A5-Weekday-SDon-142000_M11_635,M11,d0,36,24:07:47,24:07:47,401029,9.0,1
MV_A5-Weekday-SDon-142000_M11_635,M11,d0,37,24:08:29,24:08:29,401030,2.0,1
MV_A5-Weekday-SDon-142000_M11_635,M11,d0,38,24:09:35,24:09:35,401031,8.0,1
MV_A5-Weekday-SDon-142000_M11_635,M11,d0,39,24:10:18,24:10:18,401032,7.0,1
MV_A5-Weekday-SDon-142000_M11_635,M11,d0,40,24:11:00,24:11:00,401033,3.0,1
MV_A5-Weekday-SDon-142000_M11_635,M11,d0,41,24:11:35,24:11:35,401034,5.0,1
MV_A5-Weekday-SDon-142000_M11_635,M11,d0,42,24:12:20,24:12:20,401035,5.0,1
MV_A5-Weekday-SDon-142000_M11_635,M11,d0,43,24:13:01,24:13:01,401435,2.0,1
MV_A5-Weekday-SDon-142000_M11_635,M11,d0,44,24:14:00,24:14:00,401436,3.0,1
MV_A5-Weekday-SDon-142000_M11_635,M11,d0,45,24:14:57,24:14:57,401438,4.0,1
MV_A5-Weekday-SDon-142000_M11_635,M11,d0,46,24:15:31,24:15:31,403886,3.0,1
MV_A5-Weekday-SDon-142000_M11_635,M11,d0,47,24:16:10,24:16:10,401440,3.0,1
MV_A5-Weekday-SDon-142000_M11_635,M11,d0,48,24:16:46,24:16:46,401441,4.0,1
MV_A5-Weekday-SDon-142000_M11_635,M11,d0,49,24:17:21,24:17:21,401442,2.0,1
MV_A5-Weekday-SDon-142000_M11_635,M11,d0,50,24:18:06,24:18:06,401443,6.0,1
MV_A5-Weekday-SDon-142000_M11_635,M11,d0,51,24:18:52,24:18:52,403292,2.0,1
MV_A5-Weekday-SDon-142000_M11_635,M11,d0,52,24:19:21,24:19:21,401444,8.0,1
MV_A5-Weekday-SDon-142000_M11_635,M11,d0,53,24:20:00,24:20:00,401446,2.0,1
MV_A5-Weekday-SDon-142000_M11_635,M11,d0,54,24:20:26,24:20:26,401447,1.0,1
MV_A5-Weekday-SDon-142000_M11_635,M11,d0,55,24:20:47,24:20:47,404147,3.0,1
MV_A5-Weekday-SDon-142000_M11_635,M11,d0,56,24:22:00,24:22:00,903092,3.0,1
MV_A5-Weekday-042700_M11_607,M11,d0,1,7:07:00,7:07:00,401393,1.0,1
MV_A5-Weekday-042700_M11_607,M11,d0,2,7:07:49,7:07:49,405120,1.0,1
MV_A5-Weekday-042700_M11_607,M11,d0,3,7:08:32,7:08:32,405167,1.0,1
MV_A5-Weekday-042700_M11_607,M11,d0,4,7:09:00,7:09:00,405265,7.0,1
MV_A5-Weekday-042700_M11_607,M11,d0,5,7:09:54,7:09:54,405152,7.0,1
MV_A5-Weekday-042700_M11_607,M11,d0,6,7:11:15,7:11:15,405151,7.0,1
MV_A5-Weekday-042700_M11_607,M11,d0,7,7:12:24,7:12:24,404161,7.0,1
MV_A5-Weekday-042700_M11_607,M11,d0,8,7:13:10,7:13:10,401398,4.0,1
MV_A5-Weekday-042700_M11_607,M11,d0,9,7:14:00,7:14:00,403802,16.0,1
MV_A5-Weekday-042700_M11_607,M11,d0,10,7:14:52,7:14:52,401400,16.0,3
MV_A5-Weekday-042700_M11_607,M11,d0,11,7:15:43,7:15:43,401401,36.0,3
MV_A5-Weekday-042700_M11_607,M11,d0,12,7:16:59,7:16:59,401402,36.0,3
MV_A5-Weekday-042700_M11_607,M11,d0,13,7:18:23,7:18:23,401404,36.0,3
MV_A5-Weekday-042700_M11_607,M11,d0,14,7:19:54,7:19:54,404279,39.0,3
MV_A5-Weekday-042700_M11_607,M11,d0,15,7:20:54,7:20:54,405631,18.0,3
MV_A5-Weekday-042700_M11_607,M11,d0,16,7:22:00,7:22:00,401407,35.0,3
MV_A5-Weekday-042700_M11_607,M11,d0,17,7:23:34,7:23:34,401408,35.0,3
MV_A5-Weekday-042700_M11_607,M11,d0,18,7:24:37,7:24:37,401409,35.0,3
MV_A5-Weekday-042700_M11_607,M11,d0,19,7:25:39,7:25:39,401410,12.0,2
MV_A5-Weekday-042700_M11_607,M11,d0,20,7:27:24,7:27:24,401411,28.0,2
MV_A5-Weekday-042700_M11_607,M11,d0,21,7:28:43,7:28:43,401412,28.0,2
MV_A5-Weekday-042700_M11_607,M11,d0,22,7:29:28,7:29:28,401413,28.0,2
MV_A5-Weekday-042700_M11_607,M11,d0,23,7:30:52,7:30:52,401414,28.0,2
MV_A5-Weekday-042700_M11_607,M11,d0,24,7:32:32,7:32:32,401416,13.0,2
MV_A5-Weekday-042700_M11_607,M11,d0,25,7:33:56,7:33:56,401417,28.0,2
MV_A5-Weekday-042700_M11_607,M11,d0,26,7:35:00,7:35:00,403472,11.0,2
MV_A5-Weekday-042700_M11_607,M11,d0,27,7:36:10,7:36:10,403555,27.0,2
MV_A5-Weekday-042700_M11_607,M11,d0,28,7:38:00,7:38:00,401021,27.0,2
MV_A5-Weekday-042700_M11_607,M11,d0,29,7:39:10,7:39:10,401022,27.0,2
MV_A5-Weekday-042700_M11_607,M11,d0,30,7:40:48,7:40:48,401023,27.0,2
MV_A5-Weekday-042700_M11_607,M11,d0,31,7:41:53,7:41:53,401024,27.0,2
MV_A5-Weekday-042700_M11_607,M11,d0,32,7:43:08,7:43:08,401025,27.0,2
MV_A5-Weekday-042700_M11_607,M11,d0,33,7:44:16,7:44:16,401026,27.0,2
MV_A5-Weekday-042700_M11_607,M11,d0,34,7:46:03,7:46:03,401027,23.0,2
MV_A5-Weekday-042700_M11_607,M11,d0,35,7:47:25,7:47:25,404320,17.0,2
MV_A5-Weekday-042700_M11_607,M11,d0,36,7:48:51,7:48:51,401029,20.0,2
MV_A5-Weekday-042700_M11_607,M11,d0,37,7:49:58,7:49:58,401030,23.0,2
MV_A5-Weekday-042700_M11_607,M11,d0,38,7:51:44,7:51:44,401031,23.0,2
MV_A5-Weekday-042700_M11_607,M11,d0,39,7:52:52,7:52:52,401032,23.0,2
MV_A5-Weekday-042700_M11_607,M11,d0,40,7:54:00,7:54:00,401033,23.0,2
MV_A5-Weekday-042700_M11_607,M11,d0,41,7:54:59,7:54:59,401034,27.0,2
MV_A5-Weekday-042700_M11_607,M11,d0,42,7:56:13,7:56:13,401035,27.0,2
MV_A5-Weekday-042700_M11_607,M11,d0,43,7:57:22,7:57:22,401435,27.0,2
MV_A5-Weekday-042700_M11_607,M11,d0,44,7:59:00,7:59:00,401436,3.0,2
MV_A5-Weekday-042700_M11_607,M11,d0,45,8:00:45,8:00:45,401438,22.0,2
MV_A5-Weekday-042700_M11_607,M11,d0,46,8:01:46,8:01:46,403886,22.0,2
MV_A5-Weekday-042700_M11_607,M11,d0,47,8:02:58,8:02:58,401440,22.0,2
MV_A5-Weekday-042700_M11_607,M11,d0,48,8:04:04,8:04:04,401441,3.0,1
MV_A5-Weekday-042700_M11_607,M11,d0,49,8:05:09,8:05:09,401442,3.0,1
MV_A5-Weekday-042700_M11_607,M11,d0,50,8:06:30,8:06:30,401443,3.0,1
MV_A5-Weekday-042700_M11_607,M11,d0,51,8:07:56,8:07:56,403292,3.0,1
MV_A5-Weekday-042700_M11_607,M11,d0,52,8:08:48,8:08:48,401444,3.0,1
MV_A5-Weekday-042700_M11_607,M11,d0,53,8:10:00,8:10:00,401446,3.0,1
MV_A5-Weekday-042700_M11_607,M11,d0,54,8:11:12,8:11:12,401447,3.0,2
MV_A5-Weekday-042700_M11_607,M11,d0,55,8:13:11,8:13:11,403757,18.0,2
MV_A5-Weekday-042700_M11_607,M11,d0,56,8:15:00,8:15:00,404011,18.0,2
MV_A5-Weekday-042700_M11_607,M11,d0,57,8:15:12,8:15:12,404012,18.0,2
MV_A5-Weekday-042700_M11_607,M11,d0,58,8:15:34,8:15:34,404013,18.0,2
MV_A5-Weekday-042700_M11_607,M11,d0,59,8:15:45,8:15:45,404056,18.0,2
MV_A5-Weekday-042700_M11_607,M11,d0,60,8:16:13,8:16:13,404014,18.0,2
MV_A5-Weekday-042700_M11_607,M11,d0,61,8:16:27,8:16:27,404015,18.0,2
MV_A5-Weekday-042700_M11_607,M11,d0,62,8:17:00,8:17:00,803194,18.0,2
MV_A5-Weekday-078100_M11_613,M11,d0,1,13:01:00,13:01:00,401393,2.0,1
MV_A5-Weekday-078100_M11_613,M11,d0,2,13:01:49,13:01:49,405120,4.0,1
MV_A5-Weekday-078100_M11_613,M11,d0,3,13:02:32,13:02:32,405167,7.0,1
MV_A5-Weekday-078100_M11_613,M11,d0,4,13:03:00,13:03:00,405265,7.0,1
MV_A5-Weekday-078100_M11_613,M11,d0,5,13:04:15,13:04:15,405152,8.0,1
MV_A5-Weekday-078100_M11_613,M11,d0,6,13:06:09,13:06:09,405151,9.0,1
MV_A5-Weekday-078100_M11_613,M11,d0,7,13:07:46,13:07:46,404161,11.0,1
MV_A5-Weekday-078100_M11_613,M11,d0,8,13:08:49,13:08:49,401398,9.0,2
MV_A5-Weekday-078100_M11_613,M11,d0,9,13:10:00,13:10:00,403802,17.0,2
MV_A5-Weekday-078100_M11_613,M11,d0,10,13:11:25,13:11:25,401400,21.0,2
MV_A5-Weekday-078100_M11_613,M11,d0,11,13:12:47,13:12:47,401401,21.0,2
MV_A5-Weekday-078100_M11_613,M11,d0,12,13:14:51,13:14:51,401402,20.0,2
MV_A5-Weekday-078100_M11_613,M11,d0,13,13:17:07,13:17:07,401404,20.0,2
MV_A5-Weekday-078100_M11_613,M11,d0,14,13:19:35,13:19:35,404279,12.0,1
MV_A5-Weekday-078100_M11_613,M11,d0,15,13:21:13,13:21:13,405631,16.0,2
MV_A5-Weekday-078100_M11_613,M11,d0,16,13:23:00,13:23:00,401407,17.0,2
MV_A5-Weekday-078100_M11_613,M11,d0,17,13:24:48,13:24:48,401408,19.0,2
MV_A5-Weekday-078100_M11_613,M11,d0,18,13:26:01,13:26:01,401409,32.0,3
MV_A5-Weekday-078100_M11_613,M11,d0,19,13:27:12,13:27:12,401410,37.0,3
MV_A5-Weekday-078100_M11_613,M11,d0,20,13:29:14,13:29:14,401411,40.0,3
MV_A5-Weekday-078100_M11_613,M11,d0,21,13:30:45,13:30:45,401412,40.0,3
MV_A5-Weekday-078100_M11_613,M11,d0,22,13:31:37,13:31:37,401413,34.0,3
MV_A5-Weekday-078100_M11_613,M11,d0,23,13:33:14,13:33:14,401414,25.0,2
MV_A5-Weekday-078100_M11_613,M11,d0,24,13:35:09,13:35:09,401416,25.0,2
MV_A5-Weekday-078100_M11_613,M11,d0,25,13:36:46,13:36:46,401417,25.0,2
MV_A5-Weekday-078100_M11_613,M11,d0,26,13:38:00,13:38:00,403472,25.0,2
MV_A5-Weekday-078100_M11_613,M11,d0,27,13:39:33,13:39:33,403555,24.0,2
MV_A5-Weekday-078100_M11_613,M11,d0,28,13:42:00,13:42:00,401021,30.0,2
MV_A5-Weekday-078100_M11_613,M11,d0,29,13:43:14,13:43:14,401022,30.0,2
MV_A5-Weekday-078100_M11_613,M11,d0,30,13:44:58,13:44:58,401023,32.0,2
MV_A5-Weekday-078100_M11_613,M11,d0,31,13:46:08,13:46:08,401024,32.0,2
MV_A5-Weekday-078100_M11_613,M11,d0,32,13:47:28,13:47:28,401025,23.0,2
MV_A5-Weekday-078100_M11_613,M11,d0,33,13:48:40,13:48:40,401026,32.0,2
MV_A5-Weekday-078100_M11_613,M11,d0,34,13:50:33,13:50:33,401027,25.0,2
MV_A5-Weekday-078100_M11_613,M11,d0,35,13:52:01,13:52:01,404320,27.0,2
MV_A5-Weekday-078100_M11_613,M11,d0,36,13:53:31,13:53:31,401029,21.0,2
MV_A5-Weekday-078100_M11_613,M11,d0,37,13:54:43,13:54:43,401030,17.0,2
MV_A5-Weekday-078100_M11_613,M11,d0,38,13:56:35,13:56:35,401031,23.0,2
MV_A5-Weekday-078100_M11_613,M11,d0,39,13:57:48,13:57:48,401032,23.0,2
MV_A5-Weekday-078100_M11_613,M11,d0,40,13:59:00,13:59:00,401033,26.0,2
MV_A5-Weekday-078100_M11_613,M11,d0,41,13:59:59,13:59:59,401034,26.0,2
MV_A5-Weekday-078100_M11_613,M11,d0,42,14:01:13,14:01:13,401035,26.0,2
MV_A5-Weekday-078100_M11_613,M11,d0,43,14:02:22,14:02:22,401435,23.0,2
MV_A5-Weekday-078100_M11_613,M11,d0,44,14:04:00,14:04:00,401436,17.0,2
MV_A5-Weekday-078100_M11_613,M11,d0,45,14:06:23,14:06:23,401438,17.0,2
MV_A5-Weekday-078100_M11_613,M11,d0,46,14:07:47,14:07:47,403886,17.0,2
MV_A5-Weekday-078100_M11_613,M11,d0,47,14:09:25,14:09:25,401440,17.0,2
MV_A5-Weekday-078100_M11_613,M11,d0,48,14:10:55,14:10:55,401441,24.0,2
MV_A5-Weekday-078100_M11_613,M11,d0,49,14:12:23,14:12:23,401442,24.0,2
MV_A5-Weekday-078100_M11_613,M11,d0,50,14:14:14,14:14:14,401443,24.0,2
MV_A5-Weekday-078100_M11_613,M11,d0,51,14:16:11,14:16:11,403292,18.0,2
MV_A5-Weekday-078100_M11_613,M11,d0,52,14:17:21,14:17:21,401444,18.0,2
MV_A5-Weekday-078100_M11_613,M11,d0,53,14:19:00,14:19:00,401446,18.0,2
MV_A5-Weekday-078100_M11_613,M11,d0,54,14:20:12,14:20:12,401447,18.0,2
MV_A5-Weekday-078100_M11_613,M11,d0,55,14:22:11,14:22:11,403757,18.0,2
MV_A5-Weekday-078100_M11_613,M11,d0,56,14:24:00,14:24:00,404011,18.0,2
MV_A5-Weekday-078100_M11_613,M11,d0,57,14:24:18,14:24:18,404012,8.0,1
MV_A5-Weekday-078100_M11_613,M11,d0,58,14:24:51,14:24:51,404013,8.0,1
MV_A5-Weekday-078100_M11_613,M11,d0,59,14:25:08,14:25:08,404056,8.0,1
MV_A5-Weekday-078100_M11_613,M11,d0,60,14:25:49,14:25:49,404014,6.0,1
MV_A5-Weekday-078100_M11_613,M11,d0,61,14:26:11,14:26:11,404015,6.0,1
MV_A5-Weekday-078100_M11_613,M11,d0,62,14:27:00,14:27:00,803194,6.0,1
MV_A5-Weekday-045700_M11_610,M11,d0,1,7:37:00,7:37:00,401393,4.0,1
MV_A5-Weekday-045700_M11_610,M11,d0,2,7:37:49,7:37:49,405120,4.0,1
MV_A5-Weekday-045700_M11_610,M11,d0,3,7:38:32,7:38:32,405167,7.0,1
MV_A5-Weekday-045700_M11_610,M11,d0,4,7:39:00,7:39:00,405265,11.0,1
MV_A5-Weekday-045700_M11_610,M11,d0,5,7:40:04,7:40:04,405152,11.0,1
MV_A5-Weekday-045700_M11_610,M11,d0,6,7:41:42,7:41:42,405151,11.0,1
MV_A5-Weekday-045700_M11_610,M11,d0,7,7:43:05,7:43:05,404161,13.0,1
MV_A5-Weekday-045700_M11_610,M11,d0,8,7:43:59,7:43:59,401398,13.0,1
MV_A5-Weekday-045700_M11_610,M11,d0,9,7:45:00,7:45:00,403802,16.0,1
MV_A5-Weekday-045700_M11_610,M11,d0,10,7:46:25,7:46:25,401400,16.0,1
MV_A5-Weekday-045700_M11_610,M11,d0,11,7:47:47,7:47:47,401401,14.0,1
MV_A5-Weekday-045700_M11_610,M11,d0,12,7:49:51,7:49:51,401402,14.0,1
MV_A5-Weekday-045700_M11_610,M11,d0,13,7:52:07,7:52:07,401404,12.0,1
MV_A5-Weekday-045700_M11_610,M11,d0,14,7:54:35,7:54:35,404279,13.0,1
MV_A5-Weekday-045700_M11_610,M11,d0,15,7:56:13,7:56:13,405631,10.0,2
MV_A5-Weekday-045700_M11_610,M11,d0,16,7:58:00,7:58:00,401407,17.0,2
MV_A5-Weekday-045700_M11_610,M11,d0,17,7:59:41,7:59:41,401408,21.0,2
MV_A5-Weekday-045700_M11_610,M11,d0,18,8:00:49,8:00:49,401409,21.0,2
MV_A5-Weekday-045700_M11_610,M11,d0,19,8:01:55,8:01:55,401410,20.0,2
MV_A5-Weekday-045700_M11_610,M11,d0,20,8:03:49,8:03:49,401411,20.0,2
MV_A5-Weekday-045700_M11_610,M11,d0,21,8:05:14,8:05:14,401412,20.0,2
MV_A5-Weekday-045700_M11_610,M11,d0,22,8:06:03,8:06:03,401413,20.0,2
MV_A5-Weekday-045700_M11_610,M11,d0,23,8:07:33,8:07:33,401414,21.0,2
MV_A5-Weekday-045700_M11_610,M11,d0,24,8:09:21,8:09:21,401416,18.0,2
MV_A5-Weekday-045700_M11_610,M11,d0,25,8:10:51,8:10:51,401417,18.0,2
MV_A5-Weekday-045700_M11_610,M11,d0,26,8:12:00,8:12:00,403472,18.0,2
MV_A5-Weekday-045700_M11_610,M11,d0,27,8:13:10,8:13:10,403555,15.0,1
MV_A5-Weekday-045700_M11_610,M11,d0,28,8:15:00,8:15:00,401021,16.0,1
MV_A5-Weekday-045700_M11_610,M11,d0,29,8:16:10,8:16:10,401022,16.0,2
MV_A5-Weekday-045700_M11_610,M11,d0,30,8:17:48,8:17:48,401023,19.0,2
MV_A5-Weekday-045700_M11_610,M11,d0,31,8:18:53,8:18:53,401024,19.0,2
MV_A5-Weekday-045700_M11_610,M11,d0,32,8:20:08,8:20:08,401025,19.0,2
MV_A5-Weekday-045700_M11_610,M11,d0,33,8:21:16,8:21:16,401026,19.0,2
MV_A5-Weekday-045700_M11_610,M11,d0,34,8:23:03,8:23:03,401027,17.0,2
MV_A5-Weekday-045700_M11_610,M11,d0,35,8:24:25,8:24:25,404320,19.0,2
MV_A5-Weekday-045700_M11_610,M11,d0,36,8:25:51,8:25:51,401029,27.0,2
MV_A5-Weekday-045700_M11_610,M11,d0,37,8:26:58,8:26:58,401030,27.0,2
MV_A5-Weekday-045700_M11_610,M11,d0,38,8:28:44,8:28:44,401031,27.0,2
MV_A5-Weekday-045700_M11_610,M11,d0,39,8:29:52,8:29:52,401032,27.0,2
MV_A5-Weekday-045700_M11_610,M11,d0,40,8:31:00,8:31:00,401033,21.0,2
MV_A5-Weekday-045700_M11_610,M11,d0,41,8:31:59,8:31:59,401034,21.0,2
MV_A5-Weekday-045700_M11_610,M11,d0,42,8:33:13,8:33:13,401035,21.0,2
MV_A5-Weekday-045700_M11_610,M11,d0,43,8:34:22,8:34:22,401435,9.0,1
MV_A5-Weekday-045700_M11_610,M11,d0,44,8:36:00,8:36:00,401436,16.0,1
MV_A5-Weekday-045700_M11_610,M11,d0,45,8:37:45,8:37:45,401438,15.0,1
MV_A5-Weekday-045700_M11_610,M11,d0,46,8:38:46,8:38:46,403886,9.0,1
MV_A5-Weekday-045700_M11_610,M11,d0,47,8:39:58,8:39:58,401440,11.0,1
MV_A5-Weekday-045700_M11_610,M11,d0,48,8:41:04,8:41:04,401441,6.0,1
MV_A5-Weekday-045700_M11_610,M11,d0,49,8:42:09,8:42:09,401442,6.0,1
MV_A5-Weekday-045700_M11_610,M11,d0,50,8:43:30,8:43:30,401443,6.0,1
MV_A5-Weekday-045700_M11_610,M11,d0,51,8:44:56,8:44:56,403292,6.0,1
MV_A5-Weekday-045700_M11_610,M11,d0,52,8:45:48,8:45:48,401444,5.0,1
MV_A5-Weekday-045700_M11_610,M11,d0,53,8:47:00,8:47:00,401446,9.0,1
MV_A5-Weekday-045700_M11_610,M11,d0,54,8:48:12,8:48:12,401447,7.0,1
MV_A5-Weekday-045700_M11_610,M11,d0,55,8:50:11,8:50:11,403757,7.0,1
MV_A5-Weekday-045700_M11_610,M11,d0,56,8:52:00,8:52:00,404011,4.0,1
MV_A5-Weekday-045700_M11_610,M11,d0,57,8:52:12,8:52:12,404012,7.0,1
MV_A5-Weekday-045700_M11_610,M11,d0,58,8:52:34,8:52:34,404013,7.0,1
MV_A5-Weekday-045700_M11_610,M11,d0,59,8:52:45,8:52:45,404056,3.0,1
MV_A5-Weekday-045700_M11_610,M11,d0,60,8:53:13,8:53:13,404014,7.0,1
MV_A5-Weekday-045700_M11_610,M11,d0,61,8:53:27,8:53:27,404015,7.0,1
MV_A5-Weekday-045700_M11_610,M11,d0,62,8:54:00,8:54:00,803194,7.0,1
MV_A5-Weekday-119000_M11_626,M11,d0,1,19:50:00,19:50:00,401393,1.0,3
MV_A5-Weekday-119000_M11_626,M11,d0,2,19:50:49,19:50:49,405120,44.0,3
MV_A5-Weekday-119000_M11_626,M11,d0,3,19:51:32,19:51:32,405167,5.0,3
MV_A5-Weekday-119000_M11_626,M11,d0,4,19:52:00,19:52:00,405265,44.0,3
MV_A5-Weekday-119000_M11_626,M11,d0,5,19:53:15,19:53:15,405152,44.0,3
MV_A5-Weekday-119000_M11_626,M11,d0,6,19:55:09,19:55:09,405151,6.0,1
MV_A5-Weekday-119000_M11_626,M11,d0,7,19:56:46,19:56:46,404161,8.0,1
MV_A5-Weekday-119000_M11_626,M11,d0,8,19:57:49,19:57:49,401398,6.0,1
MV_A5-Weekday-119000_M11_626,M11,d0,9,19:59:00,19:59:00,403802,7.0,3
MV_A5-Weekday-119000_M11_626,M11,d0,10,19:59:59,19:59:59,401400,47.0,3
MV_A5-Weekday-119000_M11_626,M11,d0,11,20:00:56,20:00:56,401401,47.0,3
MV_A5-Weekday-119000_M11_626,M11,d0,12,20:02:22,20:02:22,401402,47.0,3
MV_A5-Weekday-119000_M11_626,M11,d0,13,20:03:56,20:03:56,401404,21.0,2
MV_A5-Weekday-119000_M11_626,M11,d0,14,20:05:38,20:05:38,404279,24.0,2
MV_A5-Weekday-119000_M11_626,M11,d0,15,20:06:46,20:06:46,405631,24.0,4
MV_A5-Weekday-119000_M11_626,M11,d0,16,20:08:00,20:08:00,401407,50.0,4
MV_A5-Weekday-119000_M11_626,M11,d0,17,20:09:19,20:09:19,401408,53.0,4
MV_A5-Weekday-119000_M11_626,M11,d0,18,20:10:13,20:10:13,401409,55.0,4
MV_A5-Weekday-119000_M11_626,M11,d0,19,20:11:05,20:11:05,401410,25.0,4
MV_A5-Weekday-119000_M11_626,M11,d0,20,20:12:35,20:12:35,401411,51.0,4
MV_A5-Weekday-119000_M11_626,M11,d0,21,20:13:41,20:13:41,401412,49.0,4
MV_A5-Weekday-119000_M11_626,M11,d0,22,20:14:19,20:14:19,401413,14.0,2
MV_A5-Weekday-119000_M11_626,M11,d0,23,20:15:31,20:15:31,401414,27.0,2
MV_A5-Weekday-119000_M11_626,M11,d0,24,20:16:55,20:16:55,401416,28.0,2
MV_A5-Weekday-119000_M11_626,M11,d0,25,20:18:06,20:18:06,401417,16.0,1
MV_A5-Weekday-119000_M11_626,M11,d0,26,20:19:00,20:19:00,403472,16.0,4
MV_A5-Weekday-119000_M11_626,M11,d0,27,20:20:10,20:20:10,403555,51.0,4
MV_A5-Weekday-119000_M11_626,M11,d0,28,20:22:00,20:22:00,401021,33.0,3
MV_A5-Weekday-119000_M11_626,M11,d0,29,20:23:01,20:23:01,401022,32.0,2
MV_A5-Weekday-119000_M11_626,M11,d0,30,20:24:27,20:24:27,401023,30.0,4
MV_A5-Weekday-119000_M11_626,M11,d0,31,20:25:24,20:25:24,401024,50.0,4
MV_A5-Weekday-119000_M11_626,M11,d0,32,20:26:30,20:26:30,401025,26.0,4
MV_A5-Weekday-119000_M11_626,M11,d0,33,20:27:29,20:27:29,401026,50.0,4
MV_A5-Weekday-119000_M11_626,M11,d0,34,20:29:03,20:29:03,401027,26.0,4
MV_A5-Weekday-119000_M11_626,M11,d0,35,20:30:15,20:30:15,404320,53.0,4
MV_A5-Weekday-119000_M11_626,M11,d0,36,20:31:29,20:31:29,401029,54.0,4
MV_A5-Weekday-119000_M11_626,M11,d0,37,20:32:28,20:32:28,401030,25.0,2
MV_A5-Weekday-119000_M11_626,M11,d0,38,20:34:01,20:34:01,401031,30.0,2
MV_A5-Weekday-119000_M11_626,M11,d0,39,20:35:01,20:35:01,401032,30.0,4
MV_A5-Weekday-119000_M11_626,M11,d0,40,20:36:00,20:36:00,401033,52.0,4
MV_A5-Weekday-119000_M11_626,M11,d0,41,20:36:47,20:36:47,401034,51.0,4
MV_A5-Weekday-119000_M11_626,M11,d0,42,20:37:46,20:37:46,401035,28.0,2
MV_A5-Weekday-119000_M11_626,M11,d0,43,20:38:41,20:38:41,401435,28.0,4
MV_A5-Weekday-119000_M11_626,M11,d0,44,20:40:00,20:40:00,401436,50.0,4
MV_A5-Weekday-119000_M11_626,M11,d0,45,20:41:35,20:41:35,401438,51.0,4
MV_A5-Weekday-119000_M11_626,M11,d0,46,20:42:31,20:42:31,403886,52.0,4
MV_A5-Weekday-119000_M11_626,M11,d0,47,20:43:37,20:43:37,401440,53.0,4
MV_A5-Weekday-119000_M11_626,M11,d0,48,20:44:37,20:44:37,401441,12.0,4
MV_A5-Weekday-119000_M11_626,M11,d0,49,20:45:36,20:45:36,401442,53.0,4
MV_A5-Weekday-119000_M11_626,M11,d0,50,20:46:49,20:46:49,401443,50.0,4
MV_A5-Weekday-119000_M11_626,M11,d0,51,20:48:07,20:48:07,403292,50.0,4
MV_A5-Weekday-119000_M11_626,M11,d0,52,20:48:54,20:48:54,401444,18.0,3
MV_A5-Weekday-119000_M11_626,M11,d0,53,20:50:00,20:50:00,401446,46.0,3
MV_A5-Weekday-119000_M11_626,M11,d0,54,20:50:58,20:50:58,401447,16.0,1
MV_A5-Weekday-119000_M11_626,M11,d0,55,20:52:33,20:52:33,403757,14.0,3
MV_A5-Weekday-119000_M11_626,M11,d0,56,20:54:00,20:54:00,404011,43.0,3
MV_A5-Weekday-119000_M11_626,M11,d0,57,20:54:18,20:54:18,404012,12.0,3
MV_A5-Weekday-119000_M11_626,M11,d0,58,20:54:51,20:54:51,404013,42.0,3
MV_A5-Weekday-119000_M11_626,M11,d0,59,20:55:08,20:55:08,404056,42.0,3
MV_A5-Weekday-119000_M11_626,M11,d0,60,20:55:49,20:55:49,404014,42.0,3
MV_A5-Weekday-119000_M11_626,M11,d0,61,20:56:11,20:56:11,404015,41.0,3
MV_A5-Weekday-119000_M11_626,M11,d0,62,20:57:00,20:57:00,803194,41.0,3
MV_A5-Weekday-SDon-113500_M11_622,M11,d0,1,18:55:00,18:55:00,405374,2.0,1
MV_A5-Weekday-SDon-113500_M11_622,M11,d0,2,18:56:07,18:56:07,404919,5.0,1
MV_A5-Weekday-SDon-113500_M11_622,M11,d0,3,18:57:23,18:57:23,404872,4.0,1
MV_A5-Weekday-SDon-113500_M11_622,M11,d0,4,18:58:54,18:58:54,404846,8.0,1
MV_A5-Weekday-SDon-113500_M11_622,M11,d0,5,19:00:14,19:00:14,401239,11.0,1
MV_A5-Weekday-SDon-113500_M11_622,M11,d0,6,19:02:00,19:02:00,405393,12.0,1
MV_A5-Weekday-SDon-113500_M11_622,M11,d0,7,19:03:34,19:03:34,903209,12.0,1
MV_A5-Weekday-SDon-113500_M11_622,M11,d0,8,19:04:33,19:04:33,401016,13.0,1
MV_A5-Weekday-SDon-113500_M11_622,M11,d0,9,19:06:00,19:06:00,400747,13.0,1
MV_A5-Weekday-SDon-113500_M11_622,M11,d0,10,19:08:04,19:08:04,403271,14.0,1
MV_A5-Weekday-SDon-113500_M11_622,M11,d0,11,19:10:07,19:10:07,400750,16.0,1
MV_A5-Weekday-SDon-113500_M11_622,M11,d0,12,19:12:56,19:12:56,403103,14.0,2
MV_A5-Weekday-SDon-113500_M11_622,M11,d0,13,19:14:25,19:14:25,403104,17.0,2
MV_A5-Weekday-SDon-113500_M11_622,M11,d0,14,19:15:42,19:15:42,403105,18.0,2
MV_A5-Weekday-SDon-113500_M11_622,M11,d0,15,19:17:00,19:17:00,403106,18.0,2
MV_A5-Weekday-SDon-113500_M11_622,M11,d0,16,19:18:53,19:18:53,403107,18.0,2
MV_A5-Weekday-SDon-113500_M11_622,M11,d0,17,19:20:25,19:20:25,903299,18.0,2
MV_A5-Weekday-SDon-113500_M11_622,M11,d0,18,19:21:28,19:21:28,403109,16.0,1
MV_A5-Weekday-SDon-113500_M11_622,M11,d0,19,19:22:43,19:22:43,403110,16.0,1
MV_A5-Weekday-SDon-113500_M11_622,M11,d0,20,19:24:34,19:24:34,403111,13.0,1
MV_A5-Weekday-SDon-113500_M11_622,M11,d0,21,19:25:50,19:25:50,403112,14.0,2
MV_A5-Weekday-SDon-113500_M11_622,M11,d0,22,19:28:00,19:28:00,405248,19.0,2
MV_A5-Weekday-SDon-113500_M11_622,M11,d0,23,19:29:46,19:29:46,403114,12.0,1
MV_A5-Weekday-SDon-113500_M11_622,M11,d0,24,19:31:26,19:31:26,403115,12.0,1
MV_A5-Weekday-SDon-113500_M11_622,M11,d0,25,19:32:42,19:32:42,403116,12.0,1
MV_A5-Weekday-SDon-113500_M11_622,M11,d0,26,19:34:00,19:34:00,405394,7.0,1
MV_A5-Weekday-SDon-113500_M11_622,M11,d0,27,19:35:48,19:35:48,403118,6.0,1
MV_A5-Weekday-SDon-113500_M11_622,M11,d0,28,19:36:43,19:36:43,403119,5.0,1
MV_A5-Weekday-SDon-113500_M11_622,M11,d0,29,19:38:16,19:38:16,404260,5.0,1
MV_A5-Weekday-SDon-113500_M11_622,M11,d0,30,19:39:30,19:39:30,403122,5.0,1
MV_A5-Weekday-SDon-113500_M11_622,M11,d0,31,19:41:28,19:41:28,404262,5.0,1
MV_A5-Weekday-SDon-113500_M11_622,M11,d0,32,19:42:49,19:42:49,403125,3.0,1
MV_A5-Weekday-SDon-113500_M11_622,M11,d0,33,19:44:20,19:44:20,403126,1.0,1
MV_A5-Weekday-SDon-113500_M11_622,M11,d0,34,19:45:06,19:45:06,403127,2.0,1
MV_A5-Weekday-SDon-113500_M11_622,M11,d0,35,19:47:48,19:47:48,401444,1.0,1
MV_A5-Weekday-SDon-113500_M11_622,M11,d0,36,19:49:00,19:49:00,903352,1.0,1
MV_A5-Weekday-056700_M11_603,M11,d0,1,9:27:00,9:27:00,401393,7.0,1
MV_A5-Weekday-056700_M11_603,M11,d0,2,9:27:49,9:27:49,405120,7.0,1
MV_A5-Weekday-056700_M11_603,M11,d0,3,9:28:32,9:28:32,405167,7.0,1
MV_A5-Weekday-056700_M11_603,M11,d0,4,9:29:00,9:29:00,405265,7.0,1
MV_A5-Weekday-056700_M11_603,M11,d0,5,9:30:04,9:30:04,405152,7.0,1
MV_A5-Weekday-056700_M11_603,M11,d0,6,9:31:42,9:31:42,405151,7.0,1
MV_A5-Weekday-056700_M11_603,M11,d0,7,9:33:05,9:33:05,404161,7.0,1
MV_A5-Weekday-056700_M11_603,M11,d0,8,9:33:59,9:33:59,401398,7.0,1
MV_A5-Weekday-056700_M11_603,M11,d0,9,9:35:00,9:35:00,403802,7.0,1
MV_A5-Weekday-056700_M11_603,M11,d0,10,9:36:25,9:36:25,401400,7.0,1
MV_A5-Weekday-056700_M11_603,M11,d0,11,9:37:47,9:37:47,401401,7.0,1
MV_A5-Weekday-056700_M11_603,M11,d0,12,9:39:51,9:39:51,401402,7.0,1
MV_A5-Weekday-056700_M11_603,M11,d0,13,9:42:07,9:42:07,401404,4.0,1
MV_A5-Weekday-056700_M11_603,M11,d0,14,9:44:35,9:44:35,404279,4.0,1
MV_A5-Weekday-056700_M11_603,M11,d0,15,9:46:13,9:46:13,405631,11.0,2
MV_A5-Weekday-056700_M11_603,M11,d0,16,9:48:00,9:48:00,401407,19.0,2
MV_A5-Weekday-056700_M11_603,M11,d0,17,9:49:41,9:49:41,401408,19.0,2
MV_A5-Weekday-056700_M11_603,M11,d0,18,9:50:49,9:50:49,401409,19.0,2
MV_A5-Weekday-056700_M11_603,M11,d0,19,9:51:55,9:51:55,401410,19.0,2
MV_A5-Weekday-056700_M11_603,M11,d0,20,9:53:49,9:53:49,401411,23.0,2
MV_A5-Weekday-056700_M11_603,M11,d0,21,9:55:14,9:55:14,401412,23.0,2
MV_A5-Weekday-056700_M11_603,M11,d0,22,9:56:03,9:56:03,401413,23.0,2
MV_A5-Weekday-056700_M11_603,M11,d0,23,9:57:33,9:57:33,401414,21.0,2
MV_A5-Weekday-056700_M11_603,M11,d0,24,9:59:21,9:59:21,401416,27.0,2
MV_A5-Weekday-056700_M11_603,M11,d0,25,10:00:51,10:00:51,401417,27.0,2
MV_A5-Weekday-056700_M11_603,M11,d0,26,10:02:00,10:02:00,403472,27.0,2
MV_A5-Weekday-056700_M11_603,M11,d0,27,10:03:10,10:03:10,403555,27.0,2
MV_A5-Weekday-056700_M11_603,M11,d0,28,10:05:00,10:05:00,401021,29.0,2
MV_A5-Weekday-056700_M11_603,M11,d0,29,10:06:10,10:06:10,401022,29.0,2
MV_A5-Weekday-056700_M11_603,M11,d0,30,10:07:48,10:07:48,401023,29.0,2
MV_A5-Weekday-056700_M11_603,M11,d0,31,10:08:53,10:08:53,401024,25.0,2
MV_A5-Weekday-056700_M11_603,M11,d0,32,10:10:08,10:10:08,401025,28.0,2
MV_A5-Weekday-056700_M11_603,M11,d0,33,10:11:16,10:11:16,401026,28.0,2
MV_A5-Weekday-056700_M11_603,M11,d0,34,10:13:03,10:13:03,401027,28.0,2
MV_A5-Weekday-056700_M11_603,M11,d0,35,10:14:25,10:14:25,404320,28.0,2
MV_A5-Weekday-056700_M11_603,M11,d0,36,10:15:51,10:15:51,401029,28.0,2
MV_A5-Weekday-056700_M11_603,M11,d0,37,10:16:58,10:16:58,401030,24.0,2
MV_A5-Weekday-056700_M11_603,M11,d0,38,10:18:44,10:18:44,401031,16.0,1
MV_A5-Weekday-056700_M11_603,M11,d0,39,10:19:52,10:19:52,401032,16.0,1
MV_A5-Weekday-056700_M11_603,M11,d0,40,10:21:00,10:21:00,401033,16.0,1
MV_A5-Weekday-056700_M11_603,M11,d0,41,10:21:59,10:21:59,401034,16.0,1
MV_A5-Weekday-056700_M11_603,M11,d0,42,10:23:13,10:23:13,401035,10.0,1
MV_A5-Weekday-056700_M11_603,M11,d0,43,10:24:22,10:24:22,401435,10.0,1
MV_A5-Weekday-056700_M11_603,M11,d0,44,10:26:00,10:26:00,401436,5.0,1
MV_A5-Weekday-056700_M11_603,M11,d0,45,10:27:45,10:27:45,401438,5.0,1
MV_A5-Weekday-056700_M11_603,M11,d0,46,10:28:46,10:28:46,403886,5.0,1
MV_A5-Weekday-056700_M11_603,M11,d0,47,10:29:58,10:29:58,401440,5.0,1
MV_A5-Weekday-056700_M11_603,M11,d0,48,10:31:04,10:31:04,401441,5.0,1
MV_A5-Weekday-056700_M11_603,M11,d0,49,10:32:09,10:32:09,401442,5.0,1
MV_A5-Weekday-056700_M11_603,M11,d0,50,10:33:30,10:33:30,401443,2.0,1
MV_A5-Weekday-056700_M11_603,M11,d0,51,10:34:56,10:34:56,403292,4.0,1
MV_A5-Weekday-056700_M11_603,M11,d0,52,10:35:48,10:35:48,401444,5.0,1
MV_A5-Weekday-056700_M11_603,M11,d0,53,10:37:00,10:37:00,401446,5.0,1
MV_A5-Weekday-056700_M11_603,M11,d0,54,10:38:12,10:38:12,401447,6.0,1
MV_A5-Weekday-056700_M11_603,M11,d0,55,10:40:11,10:40:11,403757,2.0,1
MV_A5-Weekday-056700_M11_603,M11,d0,56,10:42:00,10:42:00,404011,2.0,1
MV_A5-Weekday-056700_M11_603,M11,d0,57,10:42:12,10:42:12,404012,2.0,1
MV_A5-Weekday-056700_M11_603,M11,d0,58,10:42:34,10:42:34,404013,2.0,1
MV_A5-Weekday-056700_M11_603,M11,d0,59,10:42:45,10:42:45,404056,2.0,1
MV_A5-Weekday-056700_M11_603,M11,d0,60,10:43:13,10:43:13,404014,2.0,1
MV_A5-Weekday-056700_M11_603,M11,d0,61,10:43:27,10:43:27,404015,2.0,1
MV_A5-Weekday-056700_M11_603,M11,d0,62,10:44:00,10:44:00,803194,2.0,1
MV_A5-Weekday-SDon-068300_M11_611,M11,d0,1,11:23:00,11:23:00,405374,5.0,1
MV_A5-Weekday-SDon-068300_M11_611,M11,d0,2,11:24:07,11:24:07,404919,5.0,1
MV_A5-Weekday-SDon-068300_M11_611,M11,d0,3,11:25:23,11:25:23,404872,5.0,1
MV_A5-Weekday-SDon-068300_M11_611,M11,d0,4,11:26:54,11:26:54,404846,6.0,1
MV_A5-Weekday-SDon-068300_M11_611,M11,d0,5,11:28:14,11:28:14,401239,11.0,1
MV_A5-Weekday-SDon-068300_M11_611,M11,d0,6,11:30:00,11:30:00,405393,11.0,1
MV_A5-Weekday-SDon-068300_M11_611,M11,d0,7,11:31:34,11:31:34,903209,11.0,1
MV_A5-Weekday-SDon-068300_M11_611,M11,d0,8,11:32:33,11:32:33,401016,12.0,1
MV_A5-Weekday-SDon-068300_M11_611,M11,d0,9,11:34:00,11:34:00,400747,12.0,1
MV_A5-Weekday-SDon-068300_M11_611,M11,d0,10,11:36:04,11:36:04,403271,10.0,2
MV_A5-Weekday-SDon-068300_M11_611,M11,d0,11,11:38:07,11:38:07,400750,17.0,2
MV_A5-Weekday-SDon-068300_M11_611,M11,d0,12,11:40:56,11:40:56,403103,12.0,2
MV_A5-Weekday-SDon-068300_M11_611,M11,d0,13,11:42:25,11:42:25,403104,20.0,2
MV_A5-Weekday-SDon-068300_M11_611,M11,d0,14,11:43:42,11:43:42,403105,22.0,2
MV_A5-Weekday-SDon-068300_M11_611,M11,d0,15,11:45:00,11:45:00,403106,11.0,1
MV_A5-Weekday-SDon-068300_M11_611,M11,d0,16,11:46:53,11:46:53,403107,9.0,1
MV_A5-Weekday-SDon-068300_M11_611,M11,d0,17,11:48:25,11:48:25,903299,16.0,1
MV_A5-Weekday-SDon-068300_M11_611,M11,d0,18,11:49:28,11:49:28,403109,16.0,2
MV_A5-Weekday-SDon-068300_M11_611,M11,d0,19,11:50:43,11:50:43,403110,17.0,2
MV_A5-Weekday-SDon-068300_M11_611,M11,d0,20,11:52:34,11:52:34,403111,17.0,2
MV_A5-Weekday-SDon-068300_M11_611,M11,d0,21,11:53:50,11:53:50,403112,19.0,2
MV_A5-Weekday-SDon-068300_M11_611,M11,d0,22,11:56:00,11:56:00,405248,19.0,2
MV_A5-Weekday-SDon-068300_M11_611,M11,d0,23,11:57:46,11:57:46,403114,18.0,2
MV_A5-Weekday-SDon-068300_M11_611,M11,d0,24,11:59:26,11:59:26,403115,18.0,2
MV_A5-Weekday-SDon-068300_M11_611,M11,d0,25,12:00:42,12:00:42,403116,16.0,1
MV_A5-Weekday-SDon-068300_M11_611,M11,d0,26,12:02:00,12:02:00,405394,14.0,1
MV_A5-Weekday-SDon-068300_M11_611,M11,d0,27,12:03:55,12:03:55,403118,15.0,1
MV_A5-Weekday-SDon-068300_M11_611,M11,d0,28,12:04:54,12:04:54,403119,14.0,1
MV_A5-Weekday-SDon-068300_M11_611,M11,d0,29,12:06:33,12:06:33,404260,15.0,1
MV_A5-Weekday-SDon-068300_M11_611,M11,d0,30,12:07:51,12:07:51,403122,6.0,1
MV_A5-Weekday-SDon-068300_M11_611,M11,d0,31,12:09:58,12:09:58,404262,6.0,2
MV_A5-Weekday-SDon-068300_M11_611,M11,d0,32,12:11:24,12:11:24,403125,17.0,2
MV_A5-Weekday-SDon-068300_M11_611,M11,d0,33,12:13:02,12:13:02,403126,5.0,1
MV_A5-Weekday-SDon-068300_M11_611,M11,d0,34,12:13:51,12:13:51,403127,16.0,1
MV_A5-Weekday-SDon-068300_M11_611,M11,d0,35,12:16:43,12:16:43,401444,15.0,1
MV_A5-Weekday-SDon-068300_M11_611,M11,d0,36,12:18:00,12:18:00,903352,15.0,1
MV_A5-Weekday-093700_M11_609,M11,d0,1,15:37:00,15:37:00,401393,2.0,1
MV_A5-Weekday-093700_M11_609,M11,d0,2,15:37:49,15:37:49,405120,2.0,1
MV_A5-Weekday-093700_M11_609,M11,d0,3,15:38:32,15:38:32,405167,4.0,1
MV_A5-Weekday-093700_M11_609,M11,d0,4,15:39:00,15:39:00,405265,4.0,1
MV_A5-Weekday-093700_M11_609,M11,d0,5,15:40:26,15:40:26,405152,8.0,1
MV_A5-Weekday-093700_M11_609,M11,d0,6,15:42:36,15:42:36,405151,14.0,1
MV_A5-Weekday-093700_M11_609,M11,d0,7,15:44:26,15:44:26,404161,14.0,2
MV_A5-Weekday-093700_M11_609,M11,d0,8,15:45:39,15:45:39,401398,23.0,2
MV_A5-Weekday-093700_M11_609,M11,d0,9,15:47:00,15:47:00,403802,23.0,2
MV_A5-Weekday-093700_M11_609,M11,d0,10,15:48:44,15:48:44,401400,23.0,2
MV_A5-Weekday-093700_M11_609,M11,d0,11,15:50:25,15:50:25,401401,23.0,2
MV_A5-Weekday-093700_M11_609,M11,d0,12,15:52:58,15:52:58,401402,29.0,2
MV_A5-Weekday-093700_M11_609,M11,d0,13,15:55:46,15:55:46,401404,29.0,2
MV_A5-Weekday-093700_M11_609,M11,d0,14,15:58:48,15:58:48,404279,29.0,2
MV_A5-Weekday-093700_M11_609,M11,d0,15,16:00:48,16:00:48,405631,23.0,2
MV_A5-Weekday-093700_M11_609,M11,d0,16,16:03:00,16:03:00,401407,25.0,2
MV_A5-Weekday-093700_M11_609,M11,d0,17,16:04:41,16:04:41,401408,19.0,2
MV_A5-Weekday-093700_M11_609,M11,d0,18,16:05:49,16:05:49,401409,24.0,3
MV_A5-Weekday-093700_M11_609,M11,d0,19,16:06:55,16:06:55,401410,46.0,3
MV_A5-Weekday-093700_M11_609,M11,d0,20,16:08:49,16:08:49,401411,11.0,3
MV_A5-Weekday-093700_M11_609,M11,d0,21,16:10:14,16:10:14,401412,46.0,3
MV_A5-Weekday-093700_M11_609,M11,d0,22,16:11:03,16:11:03,401413,46.0,3
MV_A5-Weekday-093700_M11_609,M11,d0,23,16:12:33,16:12:33,401414,46.0,3
MV_A5-Weekday-093700_M11_609,M11,d0,24,16:14:21,16:14:21,401416,15.0,1
MV_A5-Weekday-093700_M11_609,M11,d0,25,16:15:51,16:15:51,401417,15.0,1
MV_A5-Weekday-093700_M11_609,M11,d0,26,16:17:00,16:17:00,403472,11.0,1
MV_A5-Weekday-093700_M11_609,M11,d0,27,16:18:33,16:18:33,403555,11.0,2
MV_A5-Weekday-093700_M11_609,M11,d0,28,16:21:00,16:21:00,401021,21.0,2
MV_A5-Weekday-093700_M11_609,M11,d0,29,16:22:18,16:22:18,401022,21.0,2
MV_A5-Weekday-093700_M11_609,M11,d0,30,16:24:09,16:24:09,401023,21.0,2
MV_A5-Weekday-093700_M11_609,M11,d0,31,16:25:22,16:25:22,401024,21.0,2
MV_A5-Weekday-093700_M11_609,M11,d0,32,16:26:47,16:26:47,401025,11.0,2
MV_A5-Weekday-093700_M11_609,M11,d0,33,16:28:03,16:28:03,401026,18.0,2
MV_A5-Weekday-093700_M11_609,M11,d0,34,16:30:03,16:30:03,401027,22.0,2
MV_A5-Weekday-093700_M11_609,M11,d0,35,16:31:36,16:31:36,404320,22.0,2
MV_A5-Weekday-093700_M11_609,M11,d0,36,16:33:12,16:33:12,401029,22.0,2
MV_A5-Weekday-093700_M11_609,M11,d0,37,16:34:28,16:34:28,401030,7.0,1
MV_A5-Weekday-093700_M11_609,M11,d0,38,16:36:27,16:36:27,401031,14.0,1
MV_A5-Weekday-093700_M11_609,M11,d0,39,16:37:44,16:37:44,401032,14.0,1
MV_A5-Weekday-093700_M11_609,M11,d0,40,16:39:00,16:39:00,401033,14.0,1
MV_A5-Weekday-093700_M11_609,M11,d0,41,16:39:59,16:39:59,401034,14.0,1
MV_A5-Weekday-093700_M11_609,M11,d0,42,16:41:13,16:41:13,401035,14.0,1
MV_A5-Weekday-093700_M11_609,M11,d0,43,16:42:22,16:42:22,401435,14.0,1
MV_A5-Weekday-093700_M11_609,M11,d0,44,16:44:00,16:44:00,401436,14.0,1
MV_A5-Weekday-093700_M11_609,M11,d0,45,16:46:32,16:46:32,401438,14.0,1
MV_A5-Weekday-093700_M11_609,M11,d0,46,16:48:02,16:48:02,403886,14.0,1
MV_A5-Weekday-093700_M11_609,M11,d0,47,16:49:47,16:49:47,401440,14.0,1
MV_A5-Weekday-093700_M11_609,M11,d0,48,16:51:22,16:51:22,401441,12.0,1
MV_A5-Weekday-093700_M11_609,M11,d0,49,16:52:57,16:52:57,401442,12.0,1
MV_A5-Weekday-093700_M11_609,M11,d0,50,16:54:55,16:54:55,401443,10.0,1
MV_A5-Weekday-093700_M11_609,M11,d0,51,16:56:59,16:56:59,403292,9.0,1
MV_A5-Weekday-093700_M11_609,M11,d0,52,16:58:15,16:58:15,401444,10.0,1
MV_A5-Weekday-093700_M11_609,M11,d0,53,17:00:00,17:00:00,401446,10.0,1
MV_A5-Weekday-093700_M11_609,M11,d0,54,17:01:27,17:01:27,401447,13.0,1
MV_A5-Weekday-093700_M11_609,M11,d0,55,17:03:49,17:03:49,403757,13.0,1
MV_A5-Weekday-093700_M11_609,M11,d0,56,17:06:00,17:06:00,404011,7.0,1
MV_A5-Weekday-093700_M11_609,M11,d0,57,17:06:24,17:06:24,404012,7.0,1
MV_A5-Weekday-093700_M11_609,M11,d0,58,17:07:09,17:07:09,404013,7.0,1
MV_A5-Weekday-093700_M11_609,M11,d0,59,17:07:31,17:07:31,404056,7.0,1
MV_A5-Weekday-093700_M11_609,M11,d0,60,17:08:25,17:08:25,404014,3.0,1
MV_A5-Weekday-093700_M11_609,M11,d0,61,17:08:55,17:08:55,404015,3.0,1
MV_A5-Weekday-093700_M11_609,M11,d0,62,17:10:00,17:10:00,803194,3.0,1
MV_A5-Weekday-SDon-082700_M11_611,M11,d0,1,13:47:00,13:47:00,405374,14.0,1
MV_A5-Weekday-SDon-082700_M11_611,M11,d0,2,13:48:07,13:48:07,404919,14.0,1
MV_A5-Weekday-SDon-082700_M11_611,M11,d0,3,13:49:23,13:49:23,404872,16.0,1
MV_A5-Weekday-SDon-082700_M11_611,M11,d0,4,13:50:54,13:50:54,404846,16.0,1
MV_A5-Weekday-SDon-082700_M11_611,M11,d0,5,13:52:14,13:52:14,401239,16.0,1
MV_A5-Weekday-SDon-082700_M11_611,M11,d0,6,13:54:00,13:54:00,405393,16.0,1
MV_A5-Weekday-SDon-082700_M11_611,M11,d0,7,13:55:34,13:55:34,903209,16.0,2
MV_A5-Weekday-SDon-082700_M11_611,M11,d0,8,13:56:33,13:56:33,401016,22.0,2
MV_A5-Weekday-SDon-082700_M11_611,M11,d0,9,13:58:00,13:58:00,400747,22.0,2
MV_A5-Weekday-SDon-082700_M11_611,M11,d0,10,14:00:15,14:00:15,403271,28.0,2
MV_A5-Weekday-SDon-082700_M11_611,M11,d0,11,14:02:30,14:02:30,400750,28.0,2
MV_A5-Weekday-SDon-082700_M11_611,M11,d0,12,14:05:33,14:05:33,403103,16.0,3
MV_A5-Weekday-SDon-082700_M11_611,M11,d0,13,14:07:11,14:07:11,403104,34.0,3
MV_A5-Weekday-SDon-082700_M11_611,M11,d0,14,14:08:34,14:08:34,403105,16.0,1
MV_A5-Weekday-SDon-082700_M11_611,M11,d0,15,14:10:00,14:10:00,403106,16.0,1
MV_A5-Weekday-SDon-082700_M11_611,M11,d0,16,14:11:53,14:11:53,403107,16.0,1
MV_A5-Weekday-SDon-082700_M11_611,M11,d0,17,14:13:25,14:13:25,903299,16.0,1
MV_A5-Weekday-SDon-082700_M11_611,M11,d0,18,14:14:28,14:14:28,403109,4.0,1
MV_A5-Weekday-SDon-082700_M11_611,M11,d0,19,14:15:43,14:15:43,403110,8.0,1
MV_A5-Weekday-SDon-082700_M11_611,M11,d0,20,14:17:34,14:17:34,403111,8.0,1
MV_A5-Weekday-SDon-082700_M11_611,M11,d0,21,14:18:50,14:18:50,403112,12.0,1
MV_A5-Weekday-SDon-082700_M11_611,M11,d0,22,14:21:00,14:21:00,405248,12.0,1
MV_A5-Weekday-SDon-082700_M11_611,M11,d0,23,14:22:46,14:22:46,403114,12.0,1
MV_A5-Weekday-SDon-082700_M11_611,M11,d0,24,14:24:26,14:24:26,403115,12.0,1
MV_A5-Weekday-SDon-082700_M11_611,M11,d0,25,14:25:42,14:25:42,403116,11.0,1
MV_A5-Weekday-SDon-082700_M11_611,M11,d0,26,14:27:00,14:27:00,405394,11.0,1
MV_A5-Weekday-SDon-082700_M11_611,M11,d0,27,14:29:10,14:29:10,403118,11.0,1
MV_A5-Weekday-SDon-082700_M11_611,M11,d0,28,14:30:15,14:30:15,403119,11.0,1
MV_A5-Weekday-SDon-082700_M11_611,M11,d0,29,14:32:07,14:32:07,404260,11.0,1
MV_A5-Weekday-SDon-082700_M11_611,M11,d0,30,14:33:35,14:33:35,403122,11.0,1
MV_A5-Weekday-SDon-082700_M11_611,M11,d0,31,14:35:58,14:35:58,404262,11.0,1
MV_A5-Weekday-SDon-082700_M11_611,M11,d0,32,14:37:34,14:37:34,403125,11.0,1
MV_A5-Weekday-SDon-082700_M11_611,M11,d0,33,14:39:24,14:39:24,403126,11.0,1
MV_A5-Weekday-SDon-082700_M11_611,M11,d0,34,14:40:20,14:40:20,403127,11.0,1
MV_A5-Weekday-SDon-082700_M11_611,M11,d0,35,14:43:33,14:43:33,401444,11.0,1
MV_A5-Weekday-SDon-082700_M11_611,M11,d0,36,14:45:00,14:45:00,903352,11.0,1
MV_A5-Weekday-SDon-114500_M11_634,M11,d0,1,19:05:00,19:05:00,401393,3.0,1
MV_A5-Weekday-SDon-114500_M11_634,M11,d0,2,19:06:14,19:06:14,405120,3.0,1
MV_A5-Weekday-SDon-114500_M11_634,M11,d0,3,19:07:18,19:07:18,405167,12.0,1
MV_A5-Weekday-SDon-114500_M11_634,M11,d0,4,19:08:00,19:08:00,405265,12.0,1
MV_A5-Weekday-SDon-114500_M11_634,M11,d0,5,19:09:15,19:09:15,405152,11.0,1
MV_A5-Weekday-SDon-114500_M11_634,M11,d0,6,19:11:09,19:11:09,405151,13.0,1
MV_A5-Weekday-SDon-114500_M11_634,M11,d0,7,19:12:46,19:12:46,404161,13.0,1
MV_A5-Weekday-SDon-114500_M11_634,M11,d0,8,19:13:49,19:13:49,401398,13.0,1
MV_A5-Weekday-SDon-114500_M11_634,M11,d0,9,19:15:00,19:15:00,403802,16.0,2
MV_A5-Weekday-SDon-114500_M11_634,M11,d0,10,19:16:05,19:16:05,401400,20.0,2
MV_A5-Weekday-SDon-114500_M11_634,M11,d0,11,19:17:08,19:17:08,401401,16.0,2
MV_A5-Weekday-SDon-114500_M11_634,M11,d0,12,19:18:44,19:18:44,401402,23.0,2
MV_A5-Weekday-SDon-114500_M11_634,M11,d0,13,19:20:29,19:20:29,401404,28.0,2
MV_A5-Weekday-SDon-114500_M11_634,M11,d0,14,19:22:23,19:22:23,404279,28.0,2
MV_A5-Weekday-SDon-114500_M11_634,M11,d0,15,19:23:38,19:23:38,405631,29.0,2
MV_A5-Weekday-SDon-114500_M11_634,M11,d0,16,19:25:00,19:25:00,401407,30.0,2
MV_A5-Weekday-SDon-114500_M11_634,M11,d0,17,19:26:27,19:26:27,401408,22.0,2
MV_A5-Weekday-SDon-114500_M11_634,M11,d0,18,19:27:25,19:27:25,401409,28.0,2
MV_A5-Weekday-SDon-114500_M11_634,M11,d0,19,19:28:22,19:28:22,401410,28.0,2
MV_A5-Weekday-SDon-114500_M11_634,M11,d0,20,19:29:59,19:29:59,401411,13.0,2
MV_A5-Weekday-SDon-114500_M11_634,M11,d0,21,19:31:12,19:31:12,401412,23.0,2
MV_A5-Weekday-SDon-114500_M11_634,M11,d0,22,19:31:54,19:31:54,401413,22.0,2
MV_A5-Weekday-SDon-114500_M11_634,M11,d0,23,19:33:11,19:33:11,401414,22.0,2
MV_A5-Weekday-SDon-114500_M11_634,M11,d0,24,19:34:44,19:34:44,401416,24.0,2
MV_A5-Weekday-SDon-114500_M11_634,M11,d0,25,19:36:01,19:36:01,401417,17.0,2
MV_A5-Weekday-SDon-114500_M11_634,M11,d0,26,19:37:00,19:37:00,403472,22.0,2
MV_A5-Weekday-SDon-114500_M11_634,M11,d0,27,19:38:10,19:38:10,403555,22.0,2
MV_A5-Weekday-SDon-114500_M11_634,M11,d0,28,19:40:00,19:40:00,401021,32.0,3
MV_A5-Weekday-SDon-114500_M11_634,M11,d0,29,19:41:01,19:41:01,401022,40.0,3
MV_A5-Weekday-SDon-114500_M11_634,M11,d0,30,19:42:27,19:42:27,401023,43.0,3
MV_A5-Weekday-SDon-114500_M11_634,M11,d0,31,19:43:24,19:43:24,401024,14.0,3
MV_A5-Weekday-SDon-114500_M11_634,M11,d0,32,19:44:30,19:44:30,401025,40.0,3
MV_A5-Weekday-SDon-114500_M11_634,M11,d0,33,19:45:29,19:45:29,401026,35.0,3
MV_A5-Weekday-SDon-114500_M11_634,M11,d0,34,19:47:03,19:47:03,401027,16.0,2
MV_A5-Weekday-SDon-114500_M11_634,M11,d0,35,19:48:15,19:48:15,404320,32.0,2
MV_A5-Weekday-SDon-114500_M11_634,M11,d0,36,19:49:29,19:49:29,401029,32.0,2
MV_A5-Weekday-SDon-114500_M11_634,M11,d0,37,19:50:28,19:50:28,401030,29.0,2
MV_A5-Weekday-SDon-114500_M11_634,M11,d0,38,19:52:01,19:52:01,401031,29.0,2
MV_A5-Weekday-SDon-114500_M11_634,M11,d0,39,19:53:01,19:53:01,401032,23.0,2
MV_A5-Weekday-SDon-114500_M11_634,M11,d0,40,19:54:00,19:54:00,401033,26.0,2
MV_A5-Weekday-SDon-114500_M11_634,M11,d0,41,19:54:47,19:54:47,401034,14.0,1
MV_A5-Weekday-SDon-114500_M11_634,M11,d0,42,19:55:46,19:55:46,401035,8.0,2
MV_A5-Weekday-SDon-114500_M11_634,M11,d0,43,19:56:41,19:56:41,401435,19.0,2
MV_A5-Weekday-SDon-114500_M11_634,M11,d0,44,19:58:00,19:58:00,401436,13.0,1
MV_A5-Weekday-SDon-114500_M11_634,M11,d0,45,19:59:35,19:59:35,401438,14.0,1
MV_A5-Weekday-SDon-114500_M11_634,M11,d0,46,20:00:31,20:00:31,403886,15.0,1
MV_A5-Weekday-SDon-114500_M11_634,M11,d0,47,20:01:37,20:01:37,401440,15.0,1
MV_A5-Weekday-SDon-114500_M11_634,M11,d0,48,20:02:37,20:02:37,401441,15.0,1
MV_A5-Weekday-SDon-114500_M11_634,M11,d0,49,20:03:36,20:03:36,401442,15.0,1
MV_A5-Weekday-SDon-114500_M11_634,M11,d0,50,20:04:49,20:04:49,401443,9.0,1
MV_A5-Weekday-SDon-114500_M11_634,M11,d0,51,20:06:07,20:06:07,403292,9.0,1
MV_A5-Weekday-SDon-114500_M11_634,M11,d0,52,20:06:54,20:06:54,401444,5.0,1
MV_A5-Weekday-SDon-114500_M11_634,M11,d0,53,20:08:00,20:08:00,401446,5.0,1
MV_A5-Weekday-SDon-114500_M11_634,M11,d0,54,20:08:58,20:08:58,401447,4.0,1
MV_A5-Weekday-SDon-114500_M11_634,M11,d0,55,20:10:33,20:10:33,403757,2.0,1
MV_A5-Weekday-SDon-114500_M11_634,M11,d0,56,20:12:00,20:12:00,404011,2.0,1
MV_A5-Weekday-SDon-114500_M11_634,M11,d0,57,20:12:18,20:12:18,404012,2.0,1
MV_A5-Weekday-SDon-114500_M11_634,M11,d0,58,20:12:51,20:12:51,404013,2.0,1
MV_A5-Weekday-SDon-114500_M11_634,M11,d0,59,20:13:08,20:13:08,404056,2.0,1
MV_A5-Weekday-SDon-114500_M11_634,M11,d0,60,20:13:49,20:13:49,404014,2.0,1
MV_A5-Weekday-SDon-114500_M11_634,M11,d0,61,20:14:11,20:14:11,404015,2.0,1
MV_A5-Weekday-SDon-114500_M11_634,M11,d0,62,20:15:00,20:15:00,803194,2.0,1
MV_A5-Weekday-SDon-096700_M11_629,M11,d0,1,16:07:00,16:07:00,401393,1.0,1
MV_A5-Weekday-SDon-096700_M11_629,M11,d0,2,16:07:49,16:07:49,405120,1.0,1
MV_A5-Weekday-SDon-096700_M11_629,M11,d0,3,16:08:32,16:08:32,405167,1.0,1
MV_A5-Weekday-SDon-096700_M11_629,M11,d0,4,16:09:00,16:09:00,405265,10.0,1
MV_A5-Weekday-SDon-096700_M11_629,M11,d0,5,16:10:26,16:10:26,405152,10.0,1
MV_A5-Weekday-SDon-096700_M11_629,M11,d0,6,16:12:36,16:12:36,405151,10.0,1
MV_A5-Weekday-SDon-096700_M11_629,M11,d0,7,16:14:26,16:14:26,404161,1.0,1
MV_A5-Weekday-SDon-096700_M11_629,M11,d0,8,16:15:39,16:15:39,401398,15.0,1
MV_A5-Weekday-SDon-096700_M11_629,M11,d0,9,16:17:00,16:17:00,403802,6.0,2
MV_A5-Weekday-SDon-096700_M11_629,M11,d0,10,16:18:44,16:18:44,401400,26.0,2
MV_A5-Weekday-SDon-096700_M11_629,M11,d0,11,16:20:25,16:20:25,401401,26.0,2
MV_A5-Weekday-SDon-096700_M11_629,M11,d0,12,16:22:58,16:22:58,401402,10.0,3
MV_A5-Weekday-SDon-096700_M11_629,M11,d0,13,16:25:46,16:25:46,401404,34.0,3
MV_A5-Weekday-SDon-096700_M11_629,M11,d0,14,16:28:48,16:28:48,404279,35.0,3
MV_A5-Weekday-SDon-096700_M11_629,M11,d0,15,16:30:48,16:30:48,405631,20.0,3
MV_A5-Weekday-SDon-096700_M11_629,M11,d0,16,16:33:00,16:33:00,401407,37.0,3
MV_A5-Weekday-SDon-096700_M11_629,M11,d0,17,16:34:41,16:34:41,401408,37.0,3
MV_A5-Weekday-SDon-096700_M11_629,M11,d0,18,16:35:49,16:35:49,401409,37.0,3
MV_A5-Weekday-SDon-096700_M11_629,M11,d0,19,16:36:55,16:36:55,401410,28.0,2
MV_A5-Weekday-SDon-096700_M11_629,M11,d0,20,16:38:49,16:38:49,401411,29.0,2
MV_A5-Weekday-SDon-096700_M11_629,M11,d0,21,16:40:14,16:40:14,401412,29.0,2
MV_A5-Weekday-SDon-096700_M11_629,M11,d0,22,16:41:03,16:41:03,401413,29.0,3
MV_A5-Weekday-SDon-096700_M11_629,M11,d0,23,16:42:33,16:42:33,401414,35.0,3
MV_A5-Weekday-SDon-096700_M11_629,M11,d0,24,16:44:21,16:44:21,401416,36.0,3
MV_A5-Weekday-SDon-096700_M11_629,M11,d0,25,16:45:51,16:45:51,401417,40.0,3
MV_A5-Weekday-SDon-096700_M11_629,M11,d0,26,16:47:00,16:47:00,403472,40.0,3
MV_A5-Weekday-SDon-096700_M11_629,M11,d0,27,16:48:33,16:48:33,403555,40.0,3
MV_A5-Weekday-SDon-096700_M11_629,M11,d0,28,16:51:00,16:51:00,401021,40.0,3
MV_A5-Weekday-SDon-096700_M11_629,M11,d0,29,16:52:18,16:52:18,401022,36.0,3
MV_A5-Weekday-SDon-096700_M11_629,M11,d0,30,16:54:09,16:54:09,401023,36.0,3
MV_A5-Weekday-SDon-096700_M11_629,M11,d0,31,16:55:22,16:55:22,401024,36.0,3
MV_A5-Weekday-SDon-096700_M11_629,M11,d0,32,16:56:47,16:56:47,401025,15.0,2
MV_A5-Weekday-SDon-096700_M11_629,M11,d0,33,16:58:03,16:58:03,401026,26.0,2
MV_A5-Weekday-SDon-096700_M11_629,M11,d0,34,17:00:03,17:00:03,401027,26.0,2
MV_A5-Weekday-SDon-096700_M11_629,M11,d0,35,17:01:36,17:01:36,404320,26.0,2
MV_A5-Weekday-SDon-096700_M11_629,M11,d0,36,17:03:12,17:03:12,401029,26.0,2
MV_A5-Weekday-SDon-096700_M11_629,M11,d0,37,17:04:28,17:04:28,401030,26.0,2
MV_A5-Weekday-SDon-096700_M11_629,M11,d0,38,17:06:27,17:06:27,401031,32.0,2
MV_A5-Weekday-SDon-096700_M11_629,M11,d0,39,17:07:44,17:07:44,401032,12.0,2
MV_A5-Weekday-SDon-096700_M11_629,M11,d0,40,17:09:00,17:09:00,401033,26.0,2
MV_A5-Weekday-SDon-096700_M11_629,M11,d0,41,17:09:59,17:09:59,401034,26.0,2
MV_A5-Weekday-SDon-096700_M11_629,M11,d0,42,17:11:13,17:11:13,401035,11.0,2
MV_A5-Weekday-SDon-096700_M11_629,M11,d0,43,17:12:22,17:12:22,401435,20.0,2
MV_A5-Weekday-SDon-096700_M11_629,M11,d0,44,17:14:00,17:14:00,401436,20.0,2
MV_A5-Weekday-SDon-096700_M11_629,M11,d0,45,17:16:32,17:16:32,401438,2.0,2
MV_A5-Weekday-SDon-096700_M11_629,M11,d0,46,17:18:02,17:18:02,403886,19.0,2
MV_A5-Weekday-SDon-096700_M11_629,M11,d0,47,17:19:47,17:19:47,401440,19.0,2
MV_A5-Weekday-SDon-096700_M11_629,M11,d0,48,17:21:22,17:21:22,401441,19.0,2
MV_A5-Weekday-SDon-096700_M11_629,M11,d0,49,17:22:57,17:22:57,401442,18.0,2
MV_A5-Weekday-SDon-096700_M11_629,M11,d0,50,17:24:55,17:24:55,401443,13.0,1
MV_A5-Weekday-SDon-096700_M11_629,M11,d0,51,17:26:59,17:26:59,403292,8.0,1
MV_A5-Weekday-SDon-096700_M11_629,M11,d0,52,17:28:15,17:28:15,401444,8.0,1
MV_A5-Weekday-SDon-096700_M11_629,M11,d0,53,17:30:00,17:30:00,401446,8.0,1
MV_A5-Weekday-SDon-096700_M11_629,M11,d0,54,17:31:27,17:31:27,401447,5.0,1
MV_A5-Weekday-SDon-096700_M11_629,M11,d0,55,17:33:49,17:33:49,403757,9.0,1
MV_A5-Weekday-SDon-096700_M11_629,M11,d0,56,17:36:00,17:36:00,404011,1.0,1
MV_A5-Weekday-SDon-096700_M11_629,M11,d0,57,17:36:18,17:36:18,404012,5.0,1
MV_A5-Weekday-SDon-096700_M11_629,M11,d0,58,17:36:51,17:36:51,404013,5.0,1
MV_A5-Weekday-SDon-096700_M11_629,M11,d0,59,17:37:08,17:37:08,404056,5.0,1
MV_A5-Weekday-SDon-096700_M11_629,M11,d0,60,17:37:49,17:37:49,404014,5.0,1
MV_A5-Weekday-SDon-096700_M11_629,M11,d0,61,17:38:11,17:38:11,404015,1.0,1
MV_A5-Weekday-SDon-096700_M11_629,M11,d0,62,17:39:00,17:39:00,803194,1.0,1
MV_A5-Weekday-057700_M11_604,M11,d0,1,9:37:00,9:37:00,401393,2.0,1
MV_A5-Weekday-057700_M11_604,M11,d0,2,9:37:49,9:37:49,405120,2.0,1
MV_A5-Weekday-057700_M11_604,M11,d0,3,9:38:32,9:38:32,405167,2.0,1
MV_A5-Weekday-057700_M11_604,M11,d0,4,9:39:00,9:39:00,405265,3.0,1
MV_A5-Weekday-057700_M11_604,M11,d0,5,9:40:04,9:40:04,405152,3.0,1
MV_A5-Weekday-057700_M11_604,M11,d0,6,9:41:42,9:41:42,405151,12.0,1
MV_A5-Weekday-057700_M11_604,M11,d0,7,9:43:05,9:43:05,404161,12.0,1
MV_A5-Weekday-057700_M11_604,M11,d0,8,9:43:59,9:43:59,401398,2.0,1
MV_A5-Weekday-057700_M11_604,M11,d0,9,9:45:00,9:45:00,403802,15.0,1
MV_A5-Weekday-057700_M11_604,M11,d0,10,9:46:25,9:46:25,401400,16.0,1
MV_A5-Weekday-057700_M11_604,M11,d0,11,9:47:47,9:47:47,401401,16.0,1
MV_A5-Weekday-057700_M11_604,M11,d0,12,9:49:51,9:49:51,401402,13.0,1
MV_A5-Weekday-057700_M11_604,M11,d0,13,9:52:07,9:52:07,401404,13.0,1
MV_A5-Weekday-057700_M11_604,M11,d0,14,9:54:35,9:54:35,404279,13.0,1
MV_A5-Weekday-057700_M11_604,M11,d0,15,9:56:13,9:56:13,405631,13.0,1
MV_A5-Weekday-057700_M11_604,M11,d0,16,9:58:00,9:58:00,401407,15.0,1
MV_A5-Weekday-057700_M11_604,M11,d0,17,9:59:41,9:59:41,401408,16.0,1
MV_A5-Weekday-057700_M11_604,M11,d0,18,10:00:49,10:00:49,401409,16.0,1
MV_A5-Weekday-057700_M11_604,M11,d0,19,10:01:55,10:01:55,401410,8.0,1
MV_A5-Weekday-057700_M11_604,M11,d0,20,10:03:49,10:03:49,401411,8.0,1
MV_A5-Weekday-057700_M11_604,M11,d0,21,10:05:14,10:05:14,401412,9.0,1
MV_A5-Weekday-057700_M11_604,M11,d0,22,10:06:03,10:06:03,401413,12.0,1
MV_A5-Weekday-057700_M11_604,M11,d0,23,10:07:33,10:07:33,401414,12.0,1
MV_A5-Weekday-057700_M11_604,M11,d0,24,10:09:21,10:09:21,401416,11.0,1
MV_A5-Weekday-057700_M11_604,M11,d0,25,10:10:51,10:10:51,401417,11.0,1
MV_A5-Weekday-057700_M11_604,M11,d0,26,10:12:00,10:12:00,403472,9.0,1
MV_A5-Weekday-057700_M11_604,M11,d0,27,10:13:10,10:13:10,403555,10.0,1
MV_A5-Weekday-057700_M11_604,M11,d0,28,10:15:00,10:15:00,401021,10.0,1
MV_A5-Weekday-057700_M11_604,M11,d0,29,10:16:10,10:16:10,401022,4.0,2
MV_A5-Weekday-057700_M11_604,M11,d0,30,10:17:48,10:17:48,401023,24.0,2
MV_A5-Weekday-057700_M11_604,M11,d0,31,10:18:53,10:18:53,401024,22.0,2
MV_A5-Weekday-057700_M11_604,M11,d0,32,10:20:08,10:20:08,401025,20.0,2
MV_A5-Weekday-057700_M11_604,M11,d0,33,10:21:16,10:21:16,401026,8.0,2
MV_A5-Weekday-057700_M11_604,M11,d0,34,10:23:03,10:23:03,401027,23.0,2
MV_A5-Weekday-057700_M11_604,M11,d0,35,10:24:25,10:24:25,404320,22.0,2
MV_A5-Weekday-057700_M11_604,M11,d0,36,10:25:51,10:25:51,401029,8.0,2
MV_A5-Weekday-057700_M11_604,M11,d0,37,10:26:58,10:26:58,401030,21.0,2
MV_A5-Weekday-057700_M11_604,M11,d0,38,10:28:44,10:28:44,401031,24.0,2
MV_A5-Weekday-057700_M11_604,M11,d0,39,10:29:52,10:29:52,401032,8.0,2
MV_A5-Weekday-057700_M11_604,M11,d0,40,10:31:00,10:31:00,401033,17.0,2
MV_A5-Weekday-057700_M11_604,M11,d0,41,10:31:59,10:31:59,401034,32.0,2
MV_A5-Weekday-057700_M11_604,M11,d0,42,10:33:13,10:33:13,401035,32.0,2
MV_A5-Weekday-057700_M11_604,M11,d0,43,10:34:22,10:34:22,401435,22.0,2
MV_A5-Weekday-057700_M11_604,M11,d0,44,10:36:00,10:36:00,401436,32.0,2
MV_A5-Weekday-057700_M11_604,M11,d0,45,10:37:45,10:37:45,401438,27.0,2
MV_A5-Weekday-057700_M11_604,M11,d0,46,10:38:46,10:38:46,403886,6.0,1
MV_A5-Weekday-057700_M11_604,M11,d0,47,10:39:58,10:39:58,401440,15.0,1
MV_A5-Weekday-057700_M11_604,M11,d0,48,10:41:04,10:41:04,401441,5.0,1
MV_A5-Weekday-057700_M11_604,M11,d0,49,10:42:09,10:42:09,401442,4.0,1
MV_A5-Weekday-057700_M11_604,M11,d0,50,10:43:30,10:43:30,401443,13.0,2
MV_A5-Weekday-057700_M11_604,M11,d0,51,10:44:56,10:44:56,403292,19.0,2
MV_A5-Weekday-057700_M11_604,M11,d0,52,10:45:48,10:45:48,401444,13.0,1
MV_A5-Weekday-057700_M11_604,M11,d0,53,10:47:00,10:47:00,401446,16.0,1
MV_A5-Weekday-057700_M11_604,M11,d0,54,10:48:12,10:48:12,401447,11.0,1
MV_A5-Weekday-057700_M11_604,M11,d0,55,10:50:11,10:50:11,403757,2.0,1
MV_A5-Weekday-057700_M11_604,M11,d0,56,10:52:00,10:52:00,404011,8.0,1
MV_A5-Weekday-057700_M11_604,M11,d0,57,10:52:12,10:52:12,404012,11.0,1
MV_A5-Weekday-057700_M11_604,M11,d0,58,10:52:34,10:52:34,404013,11.0,1
MV_A5-Weekday-057700_M11_604,M11,d0,59,10:52:45,10:52:45,404056,11.0,1
MV_A5-Weekday-057700_M11_604,M11,d0,60,10:53:13,10:53:13,404014,11.0,1
MV_A5-Weekday-057700_M11_604,M11,d0,61,10:53:27,10:53:27,404015,11.0,1
MV_A5-Weekday-057700_M11_604,M11,d0,62,10:54:00,10:54:00,803194,11.0,1
MV_A5-Weekday-SDon-075700_M11_612,M11,d0,1,12:37:00,12:37:00,401393,4.0,1
MV_A5-Weekday-SDon-075700_M11_612,M11,d0,2,12:37:49,12:37:49,405120,4.0,1
MV_A5-Weekday-SDon-075700_M11_612,M11,d0,3,12:38:32,12:38:32,405167,3.0,1
MV_A5-Weekday-SDon-075700_M11_612,M11,d0,4,12:39:00,12:39:00,405265,6.0,1
MV_A5-Weekday-SDon-075700_M11_612,M11,d0,5,12:40:15,12:40:15,405152,7.0,1
MV_A5-Weekday-SDon-075700_M11_612,M11,d0,6,12:42:09,12:42:09,405151,9.0,1
MV_A5-Weekday-SDon-075700_M11_612,M11,d0,7,12:43:46,12:43:46,404161,11.0,1
MV_A5-Weekday-SDon-075700_M11_612,M11,d0,8,12:44:49,12:44:49,401398,12.0,1
MV_A5-Weekday-SDon-075700_M11_612,M11,d0,9,12:46:00,12:46:00,403802,15.0,1
MV_A5-Weekday-SDon-075700_M11_612,M11,d0,10,12:47:25,12:47:25,401400,16.0,1
MV_A5-Weekday-SDon-075700_M11_612,M11,d0,11,12:48:47,12:48:47,401401,16.0,1
MV_A5-Weekday-SDon-075700_M11_612,M11,d0,12,12:50:51,12:50:51,401402,16.0,2
MV_A5-Weekday-SDon-075700_M11_612,M11,d0,13,12:53:07,12:53:07,401404,21.0,2
MV_A5-Weekday-SDon-075700_M11_612,M11,d0,14,12:55:35,12:55:35,404279,11.0,3
MV_A5-Weekday-SDon-075700_M11_612,M11,d0,15,12:57:13,12:57:13,405631,35.0,3
MV_A5-Weekday-SDon-075700_M11_612,M11,d0,16,12:59:00,12:59:00,401407,18.0,2
MV_A5-Weekday-SDon-075700_M11_612,M11,d0,17,13:00:48,13:00:48,401408,18.0,4
MV_A5-Weekday-SDon-075700_M11_612,M11,d0,18,13:02:01,13:02:01,401409,58.0,4
MV_A5-Weekday-SDon-075700_M11_612,M11,d0,19,13:03:12,13:03:12,401410,58.0,4
MV_A5-Weekday-SDon-075700_M11_612,M11,d0,20,13:05:14,13:05:14,401411,20.0,2
MV_A5-Weekday-SDon-075700_M11_612,M11,d0,21,13:06:45,13:06:45,401412,18.0,2
MV_A5-Weekday-SDon-075700_M11_612,M11,d0,22,13:07:37,13:07:37,401413,16.0,2
MV_A5-Weekday-SDon-075700_M11_612,M11,d0,23,13:09:14,13:09:14,401414,22.0,2
MV_A5-Weekday-SDon-075700_M11_612,M11,d0,24,13:11:09,13:11:09,401416,22.0,2
MV_A5-Weekday-SDon-075700_M11_612,M11,d0,25,13:12:46,13:12:46,401417,22.0,2
MV_A5-Weekday-SDon-075700_M11_612,M11,d0,26,13:14:00,13:14:00,403472,20.0,2
MV_A5-Weekday-SDon-075700_M11_612,M11,d0,27,13:15:33,13:15:33,403555,23.0,2
MV_A5-Weekday-SDon-075700_M11_612,M11,d0,28,13:18:00,13:18:00,401021,23.0,2
MV_A5-Weekday-SDon-075700_M11_612,M11,d0,29,13:19:14,13:19:14,401022,23.0,2
MV_A5-Weekday-SDon-075700_M11_612,M11,d0,30,13:20:58,13:20:58,401023,23.0,2
MV_A5-Weekday-SDon-075700_M11_612,M11,d0,31,13:22:08,13:22:08,401024,19.0,2
MV_A5-Weekday-SDon-075700_M11_612,M11,d0,32,13:23:28,13:23:28,401025,24.0,2
MV_A5-Weekday-SDon-075700_M11_612,M11,d0,33,13:24:40,13:24:40,401026,24.0,2
MV_A5-Weekday-SDon-075700_M11_612,M11,d0,34,13:26:33,13:26:33,401027,24.0,2
MV_A5-Weekday-SDon-075700_M11_612,M11,d0,35,13:28:01,13:28:01,404320,28.0,2
MV_A5-Weekday-SDon-075700_M11_612,M11,d0,36,13:29:31,13:29:31,401029,28.0,2
MV_A5-Weekday-SDon-075700_M11_612,M11,d0,37,13:30:43,13:30:43,401030,28.0,2
MV_A5-Weekday-SDon-075700_M11_612,M11,d0,38,13:32:35,13:32:35,401031,28.0,2
MV_A5-Weekday-SDon-075700_M11_612,M11,d0,39,13:33:48,13:33:48,401032,28.0,2
MV_A5-Weekday-SDon-075700_M11_612,M11,d0,40,13:35:00,13:35:00,401033,28.0,2
MV_A5-Weekday-SDon-075700_M11_612,M11,d0,41,13:35:59,13:35:59,401034,28.0,2
MV_A5-Weekday-SDon-075700_M11_612,M11,d0,42,13:37:13,13:37:13,401035,28.0,2
MV_A5-Weekday-SDon-075700_M11_612,M11,d0,43,13:38:22,13:38:22,401435,28.0,2
MV_A5-Weekday-SDon-075700_M11_612,M11,d0,44,13:40:00,13:40:00,401436,28.0,2
MV_A5-Weekday-SDon-075700_M11_612,M11,d0,45,13:42:04,13:42:04,401438,27.0,2
MV_A5-Weekday-SDon-075700_M11_612,M11,d0,46,13:43:17,13:43:17,403886,27.0,2
MV_A5-Weekday-SDon-075700_M11_612,M11,d0,47,13:44:42,13:44:42,401440,27.0,2
MV_A5-Weekday-SDon-075700_M11_612,M11,d0,48,13:45:59,13:45:59,401441,27.0,2
MV_A5-Weekday-SDon-075700_M11_612,M11,d0,49,13:47:16,13:47:16,401442,13.0,1
MV_A5-Weekday-SDon-075700_M11_612,M11,d0,50,13:48:52,13:48:52,401443,14.0,1
MV_A5-Weekday-SDon-075700_M11_612,M11,d0,51,13:50:33,13:50:33,403292,11.0,1
MV_A5-Weekday-SDon-075700_M11_612,M11,d0,52,13:51:35,13:51:35,401444,11.0,1
MV_A5-Weekday-SDon-075700_M11_612,M11,d0,53,13:53:00,13:53:00,401446,11.0,1
MV_A5-Weekday-SDon-075700_M11_612,M11,d0,54,13:54:12,13:54:12,401447,6.0,1
MV_A5-Weekday-SDon-075700_M11_612,M11,d0,55,13:56:11,13:56:11,403757,5.0,1
MV_A5-Weekday-SDon-075700_M11_612,M11,d0,56,13:58:00,13:58:00,404011,5.0,1
MV_A5-Weekday-SDon-075700_M11_612,M11,d0,57,13:58:18,13:58:18,404012,5.0,1
MV_A5-Weekday-SDon-075700_M11_612,M11,d0,58,13:58:51,13:58:51,404013,15.0,1
MV_A5-Weekday-SDon-075700_M11_612,M11,d0,59,13:59:08,13:59:08,404056,15.0,1
MV_A5-Weekday-SDon-075700_M11_612,M11,d0,60,13:59:49,13:59:49,404014,15.0,1
MV_A5-Weekday-SDon-075700_M11_612,M11,d0,61,14:00:11,14:00:11,404015,12.0,1
MV_A5-Weekday-SDon-075700_M11_612,M11,d0,62,14:01:00,14:01:00,803194,12.0,1
MV_A5-Weekday-SDon-037500_M11_602,M11,d0,1,6:15:00,6:15:00,401393,1.0,1
MV_A5-Weekday-SDon-037500_M11_602,M11,d0,2,6:15:49,6:15:49,405120,1.0,1
MV_A5-Weekday-SDon-037500_M11_602,M11,d0,3,6:16:32,6:16:32,405167,1.0,1
MV_A5-Weekday-SDon-037500_M11_602,M11,d0,4,6:17:00,6:17:00,405265,1.0,1
MV_A5-Weekday-SDon-037500_M11_602,M11,d0,5,6:17:54,6:17:54,405152,1.0,1
MV_A5-Weekday-SDon-037500_M11_602,M11,d0,6,6:19:15,6:19:15,405151,1.0,1
MV_A5-Weekday-SDon-037500_M11_602,M11,d0,7,6:20:24,6:20:24,404161,3.0,1
MV_A5-Weekday-SDon-037500_M11_602,M11,d0,8,6:21:10,6:21:10,401398,3.0,1
MV_A5-Weekday-SDon-037500_M11_602,M11,d0,9,6:22:00,6:22:00,403802,3.0,1
MV_A5-Weekday-SDon-037500_M11_602,M11,d0,10,6:22:46,6:22:46,401400,2.0,1
MV_A5-Weekday-SDon-037500_M11_602,M11,d0,11,6:23:30,6:23:30,401401,3.0,1
MV_A5-Weekday-SDon-037500_M11_602,M11,d0,12,6:24:37,6:24:37,401402,2.0,1
MV_A5-Weekday-SDon-037500_M11_602,M11,d0,13,6:25:50,6:25:50,401404,3.0,1
MV_A5-Weekday-SDon-037500_M11_602,M11,d0,14,6:27:10,6:27:10,404279,5.0,1
MV_A5-Weekday-SDon-037500_M11_602,M11,d0,15,6:28:02,6:28:02,405631,1.0,1
MV_A5-Weekday-SDon-037500_M11_602,M11,d0,16,6:29:00,6:29:00,401407,6.0,1
MV_A5-Weekday-SDon-037500_M11_602,M11,d0,17,6:30:12,6:30:12,401408,8.0,1
MV_A5-Weekday-SDon-037500_M11_602,M11,d0,18,6:31:01,6:31:01,401409,8.0,1
MV_A5-Weekday-SDon-037500_M11_602,M11,d0,19,6:31:48,6:31:48,401410,10.0,1
MV_A5-Weekday-SDon-037500_M11_602,M11,d0,20,6:33:10,6:33:10,401411,10.0,1
MV_A5-Weekday-SDon-037500_M11_602,M11,d0,21,6:34:10,6:34:10,401412,9.0,1
MV_A5-Weekday-SDon-037500_M11_602,M11,d0,22,6:34:45,6:34:45,401413,10.0,1
MV_A5-Weekday-SDon-037500_M11_602,M11,d0,23,6:35:50,6:35:50,401414,9.0,1
MV_A5-Weekday-SDon-037500_M11_602,M11,d0,24,6:37:06,6:37:06,401416,14.0,1
MV_A5-Weekday-SDon-037500_M11_602,M11,d0,25,6:38:11,6:38:11,401417,14.0,1
MV_A5-Weekday-SDon-037500_M11_602,M11,d0,26,6:39:00,6:39:00,403472,8.0,1
MV_A5-Weekday-SDon-037500_M11_602,M11,d0,27,6:39:47,6:39:47,403555,11.0,1
MV_A5-Weekday-SDon-037500_M11_602,M11,d0,28,6:41:00,6:41:00,401021,12.0,1
MV_A5-Weekday-SDon-037500_M11_602,M11,d0,29,6:41:48,6:41:48,401022,14.0,1
MV_A5-Weekday-SDon-037500_M11_602,M11,d0,30,6:42:55,6:42:55,401023,14.0,1
MV_A5-Weekday-SDon-037500_M11_602,M11,d0,31,6:43:40,6:43:40,401024,9.0,1
MV_A5-Weekday-SDon-037500_M11_602,M11,d0,32,6:44:32,6:44:32,401025,13.0,1
MV_A5-Weekday-SDon-037500_M11_602,M11,d0,33,6:45:19,6:45:19,401026,13.0,1
MV_A5-Weekday-SDon-037500_M11_602,M11,d0,34,6:46:32,6:46:32,401027,11.0,1
MV_A5-Weekday-SDon-037500_M11_602,M11,d0,35,6:47:29,6:47:29,404320,10.0,1
MV_A5-Weekday-SDon-037500_M11_602,M11,d0,36,6:48:27,6:48:27,401029,11.0,1
MV_A5-Weekday-SDon-037500_M11_602,M11,d0,37,6:49:14,6:49:14,401030,13.0,1
MV_A5-Weekday-SDon-037500_M11_602,M11,d0,38,6:50:26,6:50:26,401031,13.0,1
MV_A5-Weekday-SDon-037500_M11_602,M11,d0,39,6:51:13,6:51:13,401032,13.0,1
MV_A5-Weekday-SDon-037500_M11_602,M11,d0,40,6:52:00,6:52:00,401033,11.0,1
MV_A5-Weekday-SDon-037500_M11_602,M11,d0,41,6:52:47,6:52:47,401034,10.0,1
MV_A5-Weekday-SDon-037500_M11_602,M11,d0,42,6:53:46,6:53:46,401035,11.0,1
MV_A5-Weekday-SDon-037500_M11_602,M11,d0,43,6:54:41,6:54:41,401435,9.0,1
MV_A5-Weekday-SDon-037500_M11_602,M11,d0,44,6:56:00,6:56:00,401436,9.0,1
MV_A5-Weekday-SDon-037500_M11_602,M11,d0,45,6:57:45,6:57:45,401438,9.0,1
MV_A5-Weekday-SDon-037500_M11_602,M11,d0,46,6:58:46,6:58:46,403886,2.0,1
MV_A5-Weekday-SDon-037500_M11_602,M11,d0,47,6:59:58,6:59:58,401440,8.0,1
MV_A5-Weekday-SDon-037500_M11_602,M11,d0,48,7:01:04,7:01:04,401441,8.0,1
MV_A5-Weekday-SDon-037500_M11_602,M11,d0,49,7:02:09,7:02:09,401442,8.0,1
MV_A5-Weekday-SDon-037500_M11_602,M11,d0,50,7:03:30,7:03:30,401443,6.0,1
MV_A5-Weekday-SDon-037500_M11_602,M11,d0,51,7:04:56,7:04:56,403292,6.0,1
MV_A5-Weekday-SDon-037500_M11_602,M11,d0,52,7:05:48,7:05:48,401444,6.0,1
MV_A5-Weekday-SDon-037500_M11_602,M11,d0,53,7:07:00,7:07:00,401446,6.0,1
MV_A5-Weekday-SDon-037500_M11_602,M11,d0,54,7:08:12,7:08:12,401447,6.0,1
MV_A5-Weekday-SDon-037500_M11_602,M11,d0,55,7:10:11,7:10:11,403757,6.0,1
MV_A5-Weekday-SDon-037500_M11_602,M11,d0,56,7:12:00,7:12:00,404011,6.0,1
MV_A5-Weekday-SDon-037500_M11_602,M11,d0,57,7:12:18,7:12:18,404012,6.0,1
MV_A5-Weekday-SDon-037500_M11_602,M11,d0,58,7:12:51,7:12:51,404013,6.0,1
MV_A5-Weekday-SDon-037500_M11_602,M11,d0,59,7:13:08,7:13:08,404056,6.0,1
MV_A5-Weekday-SDon-037500_M11_602,M11,d0,60,7:13:49,7:13:49,404014,6.0,1
MV_A5-Weekday-SDon-037500_M11_602,M11,d0,61,7:14:11,7:14:11,404015,6.0,1
MV_A5-Weekday-SDon-037500_M11_602,M11,d0,62,7:15:00,7:15:00,803194,6.0,1
MV_A5-Weekday-SDon-128000_M11_635,M11,d0,1,21:20:00,21:20:00,401393,3.0,1
MV_A5-Weekday-SDon-128000_M11_635,M11,d0,2,21:20:49,21:20:49,405120,4.0,1
MV_A5-Weekday-SDon-128000_M11_635,M11,d0,3,21:21:32,21:21:32,405167,4.0,1
MV_A5-Weekday-SDon-128000_M11_635,M11,d0,4,21:22:00,21:22:00,405265,4.0,1
MV_A5-Weekday-SDon-128000_M11_635,M11,d0,5,21:22:54,21:22:54,405152,10.0,1
MV_A5-Weekday-SDon-128000_M11_635,M11,d0,6,21:24:15,21:24:15,405151,11.0,1
MV_A5-Weekday-SDon-128000_M11_635,M11,d0,7,21:25:24,21:25:24,404161,12.0,1
MV_A5-Weekday-SDon-128000_M11_635,M11,d0,8,21:26:10,21:26:10,401398,12.0,1
MV_A5-Weekday-SDon-128000_M11_635,M11,d0,9,21:27:00,21:27:00,403802,4.0,1
MV_A5-Weekday-SDon-128000_M11_635,M11,d0,10,21:27:46,21:27:46,401400,11.0,1
MV_A5-Weekday-SDon-128000_M11_635,M11,d0,11,21:28:30,21:28:30,401401,12.0,1
MV_A5-Weekday-SDon-128000_M11_635,M11,d0,12,21:29:37,21:29:37,401402,12.0,1
MV_A5-Weekday-SDon-128000_M11_635,M11,d0,13,21:30:50,21:30:50,401404,6.0,1
MV_A5-Weekday-SDon-128000_M11_635,M11,d0,14,21:32:10,21:32:10,404279,13.0,1
MV_A5-Weekday-SDon-128000_M11_635,M11,d0,15,21:33:02,21:33:02,405631,12.0,1
MV_A5-Weekday-SDon-128000_M11_635,M11,d0,16,21:34:00,21:34:00,401407,12.0,1
MV_A5-Weekday-SDon-128000_M11_635,M11,d0,17,21:35:12,21:35:12,401408,14.0,1
MV_A5-Weekday-SDon-128000_M11_635,M11,d0,18,21:36:01,21:36:01,401409,10.0,1
MV_A5-Weekday-SDon-128000_M11_635,M11,d0,19,21:36:48,21:36:48,401410,11.0,1
MV_A5-Weekday-SDon-128000_M11_635,M11,d0,20,21:38:10,21:38:10,401411,9.0,1
MV_A5-Weekday-SDon-128000_M11_635,M11,d0,21,21:39:10,21:39:10,401412,10.0,1
MV_A5-Weekday-SDon-128000_M11_635,M11,d0,22,21:39:45,21:39:45,401413,10.0,1
MV_A5-Weekday-SDon-128000_M11_635,M11,d0,23,21:40:50,21:40:50,401414,6.0,1
MV_A5-Weekday-SDon-128000_M11_635,M11,d0,24,21:42:06,21:42:06,401416,12.0,1
MV_A5-Weekday-SDon-128000_M11_635,M11,d0,25,21:43:11,21:43:11,401417,7.0,1
MV_A5-Weekday-SDon-128000_M11_635,M11,d0,26,21:44:00,21:44:00,403472,13.0,1
MV_A5-Weekday-SDon-128000_M11_635,M11,d0,27,21:45:10,21:45:10,403555,3.0,1
MV_A5-Weekday-SDon-128000_M11_635,M11,d0,28,21:47:00,21:47:00,401021,2.0,1
MV_A5-Weekday-SDon-128000_M11_635,M11,d0,29,21:47:52,21:47:52,401022,5.0,1
MV_A5-Weekday-SDon-128000_M11_635,M11,d0,30,21:49:06,21:49:06,401023,16.0,1
MV_A5-Weekday-SDon-128000_M11_635,M11,d0,31,21:49:55,21:49:55,401024,16.0,1
MV_A5-Weekday-SDon-128000_M11_635,M11,d0,32,21:50:51,21:50:51,401025,16.0,1
MV_A5-Weekday-SDon-128000_M11_635,M11,d0,33,21:51:42,21:51:42,401026,2.0,2
MV_A5-Weekday-SDon-128000_M11_635,M11,d0,34,21:53:02,21:53:02,401027,22.0,2
MV_A5-Weekday-SDon-128000_M11_635,M11,d0,35,21:54:04,21:54:04,404320,20.0,2
MV_A5-Weekday-SDon-128000_M11_635,M11,d0,36,21:55:08,21:55:08,401029,19.0,2
MV_A5-Weekday-SDon-128000_M11_635,M11,d0,37,21:55:59,21:55:59,401030,6.0,1
MV_A5-Weekday-SDon-128000_M11_635,M11,d0,38,21:57:18,21:57:18,401031,2.0,1
MV_A5-Weekday-SDon-128000_M11_635,M11,d0,39,21:58:09,21:58:09,401032,8.0,1
MV_A5-Weekday-SDon-128000_M11_635,M11,d0,40,21:59:00,21:59:00,401033,2.0,1
MV_A5-Weekday-SDon-128000_M11_635,M11,d0,41,21:59:47,21:59:47,401034,16.0,1
MV_A5-Weekday-SDon-128000_M11_635,M11,d0,42,22:00:46,22:00:46,401035,16.0,1
MV_A5-Weekday-SDon-128000_M11_635,M11,d0,43,22:01:41,22:01:41,401435,11.0,1
MV_A5-Weekday-SDon-128000_M11_635,M11,d0,44,22:03:00,22:03:00,401436,9.0,1
MV_A5-Weekday-SDon-128000_M11_635,M11,d0,45,22:04:16,22:04:16,401438,8.0,1
MV_A5-Weekday-SDon-128000_M11_635,M11,d0,46,22:05:01,22:05:01,403886,6.0,1
MV_A5-Weekday-SDon-128000_M11_635,M11,d0,47,22:05:53,22:05:53,401440,6.0,1
MV_A5-Weekday-SDon-128000_M11_635,M11,d0,48,22:06:41,22:06:41,401441,6.0,1
MV_A5-Weekday-SDon-128000_M11_635,M11,d0,49,22:07:28,22:07:28,401442,1.0,1
MV_A5-Weekday-SDon-128000_M11_635,M11,d0,50,22:08:28,22:08:28,401443,4.0,1
MV_A5-Weekday-SDon-128000_M11_635,M11,d0,51,22:09:30,22:09:30,403292,5.0,1
MV_A5-Weekday-SDon-128000_M11_635,M11,d0,52,22:10:07,22:10:07,401444,1.0,1
MV_A5-Weekday-SDon-128000_M11_635,M11,d0,53,22:11:00,22:11:00,401446,4.0,1
MV_A5-Weekday-SDon-128000_M11_635,M11,d0,54,22:11:43,22:11:43,401447,4.0,1
MV_A5-Weekday-SDon-128000_M11_635,M11,d0,55,22:12:55,22:12:55,403757,4.0,1
MV_A5-Weekday-SDon-128000_M11_635,M11,d0,56,22:14:00,22:14:00,404011,4.0,1
MV_A5-Weekday-SDon-128000_M11_635,M11,d0,57,22:14:18,22:14:18,404012,1.0,1
MV_A5-Weekday-SDon-128000_M11_635,M11,d0,58,22:14:51,22:14:51,404013,1.0,1
MV_A5-Weekday-SDon-128000_M11_635,M11,d0,59,22:15:08,22:15:08,404056,1.0,1
MV_A5-Weekday-SDon-128000_M11_635,M11,d0,60,22:15:49,22:15:49,404014,1.0,1
MV_A5-Weekday-SDon-128000_M11_635,M11,d0,61,22:16:11,22:16:11,404015,1.0,1
MV_A5-Weekday-SDon-128000_M11_635,M11,d0,62,22:17:00,22:17:00,803194,1.0,1
MV_A5-Weekday-051700_M11_616,M11,d0,1,8:37:00,8:37:00,401393,15.0,1
MV_A5-Weekday-051700_M11_616,M11,d0,2,8:37:49,8:37:49,405120,15.0,1
MV_A5-Weekday-051700_M11_616,M11,d0,3,8:38:32,8:38:32,405167,15.0,1
MV_A5-Weekday-051700_M11_616,M11,d0,4,8:39:00,8:39:00,405265,15.0,1
MV_A5-Weekday-051700_M11_616,M11,d0,5,8:40:04,8:40:04,405152,16.0,1
MV_A5-Weekday-051700_M11_616,M11,d0,6,8:41:42,8:41:42,405151,16.0,2
MV_A5-Weekday-051700_M11_616,M11,d0,7,8:43:05,8:43:05,404161,18.0,2
MV_A5-Weekday-051700_M11_616,M11,d0,8,8:43:59,8:43:59,401398,18.0,2
MV_A5-Weekday-051700_M11_616,M11,d0,9,8:45:00,8:45:00,403802,18.0,2
MV_A5-Weekday-051700_M11_616,M11,d0,10,8:46:25,8:46:25,401400,18.0,2
MV_A5-Weekday-051700_M11_616,M11,d0,11,8:47:47,8:47:47,401401,19.0,2
MV_A5-Weekday-051700_M11_616,M11,d0,12,8:49:51,8:49:51,401402,19.0,2
MV_A5-Weekday-051700_M11_616,M11,d0,13,8:52:07,8:52:07,401404,13.0,2
MV_A5-Weekday-051700_M11_616,M11,d0,14,8:54:35,8:54:35,404279,24.0,2
MV_A5-Weekday-051700_M11_616,M11,d0,15,8:56:13,8:56:13,405631,24.0,2
MV_A5-Weekday-051700_M11_616,M11,d0,16,8:58:00,8:58:00,401407,24.0,2
MV_A5-Weekday-051700_M11_616,M11,d0,17,8:59:41,8:59:41,401408,25.0,2
MV_A5-Weekday-051700_M11_616,M11,d0,18,9:00:49,9:00:49,401409,25.0,2
MV_A5-Weekday-051700_M11_616,M11,d0,19,9:01:55,9:01:55,401410,25.0,2
MV_A5-Weekday-051700_M11_616,M11,d0,20,9:03:49,9:03:49,401411,25.0,2
MV_A5-Weekday-051700_M11_616,M11,d0,21,9:05:14,9:05:14,401412,25.0,2
MV_A5-Weekday-051700_M11_616,M11,d0,22,9:06:03,9:06:03,401413,25.0,2
MV_A5-Weekday-051700_M11_616,M11,d0,23,9:07:33,9:07:33,401414,25.0,2
MV_A5-Weekday-051700_M11_616,M11,d0,24,9:09:21,9:09:21,401416,25.0,2
MV_A5-Weekday-051700_M11_616,M11,d0,25,9:10:51,9:10:51,401417,25.0,2
MV_A5-Weekday-051700_M11_616,M11,d0,26,9:12:00,9:12:00,403472,25.0,2
MV_A5-Weekday-051700_M11_616,M11,d0,27,9:13:10,9:13:10,403555,25.0,2
MV_A5-Weekday-051700_M11_616,M11,d0,28,9:15:00,9:15:00,401021,25.0,2
MV_A5-Weekday-051700_M11_616,M11,d0,29,9:16:10,9:16:10,401022,25.0,2
MV_A5-Weekday-051700_M11_616,M11,d0,30,9:17:48,9:17:48,401023,25.0,2
MV_A5-Weekday-051700_M11_616,M11,d0,31,9:18:53,9:18:53,401024,25.0,2
MV_A5-Weekday-051700_M11_616,M11,d0,32,9:20:08,9:20:08,401025,25.0,2
MV_A5-Weekday-051700_M11_616,M11,d0,33,9:21:16,9:21:16,401026,25.0,2
MV_A5-Weekday-051700_M11_616,M11,d0,34,9:23:03,9:23:03,401027,25.0,2
MV_A5-Weekday-051700_M11_616,M11,d0,35,9:24:25,9:24:25,404320,25.0,2
MV_A5-Weekday-051700_M11_616,M11,d0,36,9:25:51,9:25:51,401029,25.0,2
MV_A5-Weekday-051700_M11_616,M11,d0,37,9:26:58,9:26:58,401030,25.0,2
MV_A5-Weekday-051700_M11_616,M11,d0,38,9:28:44,9:28:44,401031,25.0,2
MV_A5-Weekday-051700_M11_616,M11,d0,39,9:29:52,9:29:52,401032,25.0,2
MV_A5-Weekday-051700_M11_616,M11,d0,40,9:31:00,9:31:00,401033,25.0,2
MV_A5-Weekday-051700_M11_616,M11,d0,41,9:31:59,9:31:59,401034,25.0,2
MV_A5-Weekday-051700_M11_616,M11,d0,42,9:33:13,9:33:13,401035,25.0,2
MV_A5-Weekday-051700_M11_616,M11,d0,43,9:34:22,9:34:22,401435,25.0,2
MV_A5-Weekday-051700_M11_616,M11,d0,44,9:36:00,9:36:00,401436,25.0,2
MV_A5-Weekday-051700_M11_616,M11,d0,45,9:37:45,9:37:45,401438,25.0,2
MV_A5-Weekday-051700_M11_616,M11,d0,46,9:38:46,9:38:46,403886,25.0,2
MV_A5-Weekday-051700_M11_616,M11,d0,47,9:39:58,9:39:58,401440,25.0,2
MV_A5-Weekday-051700_M11_616,M11,d0,48,9:41:04,9:41:04,401441,25.0,2
MV_A5-Weekday-051700_M11_616,M11,d0,49,9:42:09,9:42:09,401442,25.0,2
MV_A5-Weekday-051700_M11_616,M11,d0,50,9:43:30,9:43:30,401443,25.0,2
MV_A5-Weekday-051700_M11_616,M11,d0,51,9:44:56,9:44:56,403292,25.0,2
MV_A5-Weekday-051700_M11_616,M11,d0,52,9:45:48,9:45:48,401444,18.0,2
MV_A5-Weekday-051700_M11_616,M11,d0,53,9:47:00,9:47:00,401446,18.0,2
MV_A5-Weekday-051700_M11_616,M11,d0,54,9:48:12,9:48:12,401447,18.0,2
MV_A5-Weekday-051700_M11_616,M11,d0,55,9:50:11,9:50:11,403757,18.0,2
MV_A5-Weekday-051700_M11_616,M11,d0,56,9:52:00,9:52:00,404011,18.0,2
MV_A5-Weekday-051700_M11_616,M11,d0,57,9:52:12,9:52:12,404012,18.0,2
MV_A5-Weekday-051700_M11_616,M11,d0,58,9:52:34,9:52:34,404013,12.0,1
MV_A5-Weekday-051700_M11_616,M11,d0,59,9:52:45,9:52:45,404056,12.0,1
MV_A5-Weekday-051700_M11_616,M11,d0,60,9:53:13,9:53:13,404014,12.0,1
MV_A5-Weekday-051700_M11_616,M11,d0,61,9:53:27,9:53:27,404015,12.0,1
MV_A5-Weekday-051700_M11_616,M11,d0,62,9:54:00,9:54:00,803194,12.0,1
MV_A5-Weekday-SDon-126500_M11_628,M11,d0,1,21:05:00,21:05:00,401393,4.0,1
MV_A5-Weekday-SDon-126500_M11_628,M11,d0,2,21:05:49,21:05:49,405120,4.0,1
MV_A5-Weekday-SDon-126500_M11_628,M11,d0,3,21:06:32,21:06:32,405167,2.0,1
MV_A5-Weekday-SDon-126500_M11_628,M11,d0,4,21:07:00,21:07:00,405265,4.0,1
MV_A5-Weekday-SDon-126500_M11_628,M11,d0,5,21:07:54,21:07:54,405152,4.0,1
MV_A5-Weekday-SDon-126500_M11_628,M11,d0,6,21:09:15,21:09:15,405151,7.0,1
MV_A5-Weekday-SDon-126500_M11_628,M11,d0,7,21:10:24,21:10:24,404161,2.0,1
MV_A5-Weekday-SDon-126500_M11_628,M11,d0,8,21:11:10,21:11:10,401398,4.0,1
MV_A5-Weekday-SDon-126500_M11_628,M11,d0,9,21:12:00,21:12:00,403802,8.0,1
MV_A5-Weekday-SDon-126500_M11_628,M11,d0,10,21:12:46,21:12:46,401400,5.0,1
MV_A5-Weekday-SDon-126500_M11_628,M11,d0,11,21:13:30,21:13:30,401401,8.0,1
MV_A5-Weekday-SDon-126500_M11_628,M11,d0,12,21:14:37,21:14:37,401402,11.0,1
MV_A5-Weekday-SDon-126500_M11_628,M11,d0,13,21:15:50,21:15:50,401404,9.0,1
MV_A5-Weekday-SDon-126500_M11_628,M11,d0,14,21:17:10,21:17:10,404279,10.0,1
MV_A5-Weekday-SDon-126500_M11_628,M11,d0,15,21:18:02,21:18:02,405631,14.0,2
MV_A5-Weekday-SDon-126500_M11_628,M11,d0,16,21:19:00,21:19:00,401407,17.0,2
MV_A5-Weekday-SDon-126500_M11_628,M11,d0,17,21:20:12,21:20:12,401408,11.0,2
MV_A5-Weekday-SDon-126500_M11_628,M11,d0,18,21:21:01,21:21:01,401409,19.0,2
MV_A5-Weekday-SDon-126500_M11_628,M11,d0,19,21:21:48,21:21:48,401410,10.0,2
MV_A5-Weekday-SDon-126500_M11_628,M11,d0,20,21:23:10,21:23:10,401411,22.0,2
MV_A5-Weekday-SDon-126500_M11_628,M11,d0,21,21:24:10,21:24:10,401412,9.0,1
MV_A5-Weekday-SDon-126500_M11_628,M11,d0,22,21:24:45,21:24:45,401413,1.0,2
MV_A5-Weekday-SDon-126500_M11_628,M11,d0,23,21:25:50,21:25:50,401414,20.0,2
MV_A5-Weekday-SDon-126500_M11_628,M11,d0,24,21:27:06,21:27:06,401416,10.0,1
MV_A5-Weekday-SDon-126500_M11_628,M11,d0,25,21:28:11,21:28:11,401417,14.0,1
MV_A5-Weekday-SDon-126500_M11_628,M11,d0,26,21:29:00,21:29:00,403472,14.0,1
MV_A5-Weekday-SDon-126500_M11_628,M11,d0,27,21:30:10,21:30:10,403555,11.0,1
MV_A5-Weekday-SDon-126500_M11_628,M11,d0,28,21:32:00,21:32:00,401021,12.0,1
MV_A5-Weekday-SDon-126500_M11_628,M11,d0,29,21:32:52,21:32:52,401022,12.0,1
MV_A5-Weekday-SDon-126500_M11_628,M11,d0,30,21:34:06,21:34:06,401023,13.0,1
MV_A5-Weekday-SDon-126500_M11_628,M11,d0,31,21:34:55,21:34:55,401024,13.0,1
MV_A5-Weekday-SDon-126500_M11_628,M11,d0,32,21:35:51,21:35:51,401025,4.0,1
MV_A5-Weekday-SDon-126500_M11_628,M11,d0,33,21:36:42,21:36:42,401026,13.0,2
MV_A5-Weekday-SDon-126500_M11_628,M11,d0,34,21:38:02,21:38:02,401027,18.0,2
MV_A5-Weekday-SDon-126500_M11_628,M11,d0,35,21:39:04,21:39:04,404320,4.0,1
MV_A5-Weekday-SDon-126500_M11_628,M11,d0,36,21:40:08,21:40:08,401029,2.0,1
MV_A5-Weekday-SDon-126500_M11_628,M11,d0,37,21:40:59,21:40:59,401030,12.0,1
MV_A5-Weekday-SDon-126500_M11_628,M11,d0,38,21:42:18,21:42:18,401031,12.0,1
MV_A5-Weekday-SDon-126500_M11_628,M11,d0,39,21:43:09,21:43:09,401032,11.0,1
MV_A5-Weekday-SDon-126500_M11_628,M11,d0,40,21:44:00,21:44:00,401033,2.0,1
MV_A5-Weekday-SDon-126500_M11_628,M11,d0,41,21:44:47,21:44:47,401034,2.0,1
MV_A5-Weekday-SDon-126500_M11_628,M11,d0,42,21:45:46,21:45:46,401035,2.0,1
MV_A5-Weekday-SDon-126500_M11_628,M11,d0,43,21:46:41,21:46:41,401435,6.0,1
MV_A5-Weekday-SDon-126500_M11_628,M11,d0,44,21:48:00,21:48:00,401436,2.0,1
MV_A5-Weekday-SDon-126500_M11_628,M11,d0,45,21:49:26,21:49:26,401438,6.0,1
MV_A5-Weekday-SDon-126500_M11_628,M11,d0,46,21:50:16,21:50:16,403886,6.0,1
MV_A5-Weekday-SDon-126500_M11_628,M11,d0,47,21:51:15,21:51:15,401440,6.0,1
MV_A5-Weekday-SDon-126500_M11_628,M11,d0,48,21:52:09,21:52:09,401441,6.0,1
MV_A5-Weekday-SDon-126500_M11_628,M11,d0,49,21:53:02,21:53:02,401442,2.0,1
MV_A5-Weekday-SDon-126500_M11_628,M11,d0,50,21:54:08,21:54:08,401443,1.0,1
MV_A5-Weekday-SDon-126500_M11_628,M11,d0,51,21:55:18,21:55:18,403292,6.0,1
MV_A5-Weekday-SDon-126500_M11_628,M11,d0,52,21:56:01,21:56:01,401444,6.0,1
MV_A5-Weekday-SDon-126500_M11_628,M11,d0,53,21:57:00,21:57:00,401446,6.0,1
MV_A5-Weekday-SDon-126500_M11_628,M11,d0,54,21:57:58,21:57:58,401447,6.0,1
MV_A5-Weekday-SDon-126500_M11_628,M11,d0,55,21:59:33,21:59:33,403757,2.0,1
MV_A5-Weekday-SDon-126500_M11_628,M11,d0,56,22:01:00,22:01:00,404011,2.0,1
MV_A5-Weekday-SDon-126500_M11_628,M11,d0,57,22:01:18,22:01:18,404012,2.0,1
MV_A5-Weekday-SDon-126500_M11_628,M11,d0,58,22:01:51,22:01:51,404013,2.0,1
MV_A5-Weekday-SDon-126500_M11_628,M11,d0,59,22:02:08,22:02:08,404056,1.0,1
MV_A5-Weekday-SDon-126500_M11_628,M11,d0,60,22:02:49,22:02:49,404014,1.0,1
MV_A5-Weekday-SDon-126500_M11_628,M11,d0,61,22:03:11,22:03:11,404015,1.0,1
MV_A5-Weekday-SDon-126500_M11_628,M11,d0,62,22:04:00,22:04:00,803194,1.0,1
MV_A5-Weekday-063700_M11_609,M11,d0,1,10:37:00,10:37:00,401393,3.0,1
MV_A5-Weekday-063700_M11_609,M11,d0,2,10:37:49,10:37:49,405120,3.0,1
MV_A5-Weekday-063700_M11_609,M11,d0,3,10:38:32,10:38:32,405167,3.0,1
MV_A5-Weekday-063700_M11_609,M11,d0,4,10:39:00,10:39:00,405265,3.0,1
MV_A5-Weekday-063700_M11_609,M11,d0,5,10:40:04,10:40:04,405152,3.0,1
MV_A5-Weekday-063700_M11_609,M11,d0,6,10:41:42,10:41:42,405151,3.0,1
MV_A5-Weekday-063700_M11_609,M11,d0,7,10:43:05,10:43:05,404161,1.0,1
MV_A5-Weekday-063700_M11_609,M11,d0,8,10:43:59,10:43:59,401398,3.0,1
MV_A5-Weekday-063700_M11_609,M11,d0,9,10:45:00,10:45:00,403802,3.0,1
MV_A5-Weekday-063700_M11_609,M11,d0,10,10:46:25,10:46:25,401400,5.0,1
MV_A5-Weekday-063700_M11_609,M11,d0,11,10:47:47,10:47:47,401401,5.0,1
MV_A5-Weekday-063700_M11_609,M11,d0,12,10:49:51,10:49:51,401402,7.0,1
MV_A5-Weekday-063700_M11_609,M11,d0,13,10:52:07,10:52:07,401404,11.0,1
MV_A5-Weekday-063700_M11_609,M11,d0,14,10:54:35,10:54:35,404279,2.0,2
MV_A5-Weekday-063700_M11_609,M11,d0,15,10:56:13,10:56:13,405631,21.0,2
MV_A5-Weekday-063700_M11_609,M11,d0,16,10:58:00,10:58:00,401407,21.0,2
MV_A5-Weekday-063700_M11_609,M11,d0,17,10:59:41,10:59:41,401408,10.0,2
MV_A5-Weekday-063700_M11_609,M11,d0,18,11:00:49,11:00:49,401409,22.0,2
MV_A5-Weekday-063700_M11_609,M11,d0,19,11:01:55,11:01:55,401410,21.0,2
MV_A5-Weekday-063700_M11_609,M11,d0,20,11:03:49,11:03:49,401411,24.0,2
MV_A5-Weekday-063700_M11_609,M11,d0,21,11:05:14,11:05:14,401412,20.0,2
MV_A5-Weekday-063700_M11_609,M11,d0,22,11:06:03,11:06:03,401413,23.0,2
MV_A5-Weekday-063700_M11_609,M11,d0,23,11:07:33,11:07:33,401414,23.0,2
MV_A5-Weekday-063700_M11_609,M11,d0,24,11:09:21,11:09:21,401416,23.0,2
MV_A5-Weekday-063700_M11_609,M11,d0,25,11:10:51,11:10:51,401417,23.0,2
MV_A5-Weekday-063700_M11_609,M11,d0,26,11:12:00,11:12:00,403472,23.0,2
MV_A5-Weekday-063700_M11_609,M11,d0,27,11:13:33,11:13:33,403555,29.0,2
MV_A5-Weekday-063700_M11_609,M11,d0,28,11:16:00,11:16:00,401021,32.0,2
MV_A5-Weekday-063700_M11_609,M11,d0,29,11:17:14,11:17:14,401022,32.0,2
MV_A5-Weekday-063700_M11_609,M11,d0,30,11:18:58,11:18:58,401023,32.0,2
MV_A5-Weekday-063700_M11_609,M11,d0,31,11:20:08,11:20:08,401024,32.0,2
MV_A5-Weekday-063700_M11_609,M11,d0,32,11:21:28,11:21:28,401025,32.0,3
MV_A5-Weekday-063700_M11_609,M11,d0,33,11:22:40,11:22:40,401026,35.0,3
MV_A5-Weekday-063700_M11_609,M11,d0,34,11:24:33,11:24:33,401027,35.0,3
MV_A5-Weekday-063700_M11_609,M11,d0,35,11:26:01,11:26:01,404320,35.0,3
MV_A5-Weekday-063700_M11_609,M11,d0,36,11:27:31,11:27:31,401029,35.0,3
MV_A5-Weekday-063700_M11_609,M11,d0,37,11:28:43,11:28:43,401030,22.0,2
MV_A5-Weekday-063700_M11_609,M11,d0,38,11:30:35,11:30:35,401031,22.0,2
MV_A5-Weekday-063700_M11_609,M11,d0,39,11:31:48,11:31:48,401032,22.0,2
MV_A5-Weekday-063700_M11_609,M11,d0,40,11:33:00,11:33:00,401033,22.0,2
MV_A5-Weekday-063700_M11_609,M11,d0,41,11:33:59,11:33:59,401034,20.0,2
MV_A5-Weekday-063700_M11_609,M11,d0,42,11:35:13,11:35:13,401035,20.0,2
MV_A5-Weekday-063700_M11_609,M11,d0,43,11:36:22,11:36:22,401435,18.0,2
MV_A5-Weekday-063700_M11_609,M11,d0,44,11:38:00,11:38:00,401436,17.0,2
MV_A5-Weekday-063700_M11_609,M11,d0,45,11:40:04,11:40:04,401438,16.0,2
MV_A5-Weekday-063700_M11_609,M11,d0,46,11:41:17,11:41:17,403886,18.0,2
MV_A5-Weekday-063700_M11_609,M11,d0,47,11:42:42,11:42:42,401440,18.0,2
MV_A5-Weekday-063700_M11_609,M11,d0,48,11:43:59,11:43:59,401441,18.0,2
MV_A5-Weekday-063700_M11_609,M11,d0,49,11:45:16,11:45:16,401442,17.0,2
MV_A5-Weekday-063700_M11_609,M11,d0,50,11:46:52,11:46:52,401443,18.0,2
MV_A5-Weekday-063700_M11_609,M11,d0,51,11:48:33,11:48:33,403292,17.0,2
MV_A5-Weekday-063700_M11_609,M11,d0,52,11:49:35,11:49:35,401444,17.0,2
MV_A5-Weekday-063700_M11_609,M11,d0,53,11:51:00,11:51:00,401446,16.0,1
MV_A5-Weekday-063700_M11_609,M11,d0,54,11:52:12,11:52:12,401447,15.0,1
MV_A5-Weekday-063700_M11_609,M11,d0,55,11:54:11,11:54:11,403757,11.0,1
MV_A5-Weekday-063700_M11_609,M11,d0,56,11:56:00,11:56:00,404011,5.0,1
MV_A5-Weekday-063700_M11_609,M11,d0,57,11:56:18,11:56:18,404012,5.0,1
MV_A5-Weekday-063700_M11_609,M11,d0,58,11:56:51,11:56:51,404013,5.0,1
MV_A5-Weekday-063700_M11_609,M11,d0,59,11:57:08,11:57:08,404056,5.0,1
MV_A5-Weekday-063700_M11_609,M11,d0,60,11:57:49,11:57:49,404014,5.0,1
MV_A5-Weekday-063700_M11_609,M11,d0,61,11:58:11,11:58:11,404015,5.0,1
MV_A5-Weekday-063700_M11_609,M11,d0,62,11:59:00,11:59:00,803194,5.0,1
MV_A5-Weekday-SDon-096500_M11_621,M11,d0,1,16:05:00,16:05:00,405374,5.0,1
MV_A5-Weekday-SDon-096500_M11_621,M11,d0,2,16:06:07,16:06:07,404919,5.0,1
MV_A5-Weekday-SDon-096500_M11_621,M11,d0,3,16:07:23,16:07:23,404872,5.0,1
MV_A5-Weekday-SDon-096500_M11_621,M11,d0,4,16:08:54,16:08:54,404846,5.0,2
MV_A5-Weekday-SDon-096500_M11_621,M11,d0,5,16:10:14,16:10:14,401239,20.0,2
MV_A5-Weekday-SDon-096500_M11_621,M11,d0,6,16:12:00,16:12:00,405393,22.0,2
MV_A5-Weekday-SDon-096500_M11_621,M11,d0,7,16:13:34,16:13:34,903209,22.0,2
MV_A5-Weekday-SDon-096500_M11_621,M11,d0,8,16:14:33,16:14:33,401016,23.0,2
MV_A5-Weekday-SDon-096500_M11_621,M11,d0,9,16:16:00,16:16:00,400747,23.0,2
MV_A5-Weekday-SDon-096500_M11_621,M11,d0,10,16:18:15,16:18:15,403271,23.0,2
MV_A5-Weekday-SDon-096500_M11_621,M11,d0,11,16:20:30,16:20:30,400750,21.0,2
MV_A5-Weekday-SDon-096500_M11_621,M11,d0,12,16:23:33,16:23:33,403103,13.0,2
MV_A5-Weekday-SDon-096500_M11_621,M11,d0,13,16:25:11,16:25:11,403104,26.0,2
MV_A5-Weekday-SDon-096500_M11_621,M11,d0,14,16:26:34,16:26:34,403105,26.0,2
MV_A5-Weekday-SDon-096500_M11_621,M11,d0,15,16:28:00,16:28:00,403106,26.0,2
MV_A5-Weekday-SDon-096500_M11_621,M11,d0,16,16:29:53,16:29:53,403107,31.0,2
MV_A5-Weekday-SDon-096500_M11_621,M11,d0,17,16:31:25,16:31:25,903299,21.0,2
MV_A5-Weekday-SDon-096500_M11_621,M11,d0,18,16:32:28,16:32:28,403109,22.0,2
MV_A5-Weekday-SDon-096500_M11_621,M11,d0,19,16:33:43,16:33:43,403110,29.0,2
MV_A5-Weekday-SDon-096500_M11_621,M11,d0,20,16:35:34,16:35:34,403111,28.0,2
MV_A5-Weekday-SDon-096500_M11_621,M11,d0,21,16:36:50,16:36:50,403112,28.0,3
MV_A5-Weekday-SDon-096500_M11_621,M11,d0,22,16:39:00,16:39:00,405248,37.0,3
MV_A5-Weekday-SDon-096500_M11_621,M11,d0,23,16:40:46,16:40:46,403114,37.0,3
MV_A5-Weekday-SDon-096500_M11_621,M11,d0,24,16:42:26,16:42:26,403115,37.0,3
MV_A5-Weekday-SDon-096500_M11_621,M11,d0,25,16:43:42,16:43:42,403116,37.0,3
MV_A5-Weekday-SDon-096500_M11_621,M11,d0,26,16:45:00,16:45:00,405394,32.0,2
MV_A5-Weekday-SDon-096500_M11_621,M11,d0,27,16:47:10,16:47:10,403118,32.0,2
MV_A5-Weekday-SDon-096500_M11_621,M11,d0,28,16:48:15,16:48:15,403119,21.0,2
MV_A5-Weekday-SDon-096500_M11_621,M11,d0,29,16:50:07,16:50:07,404260,8.0,1
MV_A5-Weekday-SDon-096500_M11_621,M11,d0,30,16:51:35,16:51:35,403122,14.0,1
MV_A5-Weekday-SDon-096500_M11_621,M11,d0,31,16:53:58,16:53:58,404262,14.0,1
MV_A5-Weekday-SDon-096500_M11_621,M11,d0,32,16:55:34,16:55:34,403125,14.0,1
MV_A5-Weekday-SDon-096500_M11_621,M11,d0,33,16:57:24,16:57:24,403126,14.0,1
MV_A5-Weekday-SDon-096500_M11_621,M11,d0,34,16:58:20,16:58:20,403127,8.0,1
MV_A5-Weekday-SDon-096500_M11_621,M11,d0,35,17:01:33,17:01:33,401444,8.0,1
MV_A5-Weekday-SDon-096500_M11_621,M11,d0,36,17:03:00,17:03:00,903352,8.0,1
MV_A5-Weekday-107300_M11_631,M11,d0,1,17:53:00,17:53:00,401393,6.0,1
MV_A5-Weekday-107300_M11_631,M11,d0,2,17:53:49,17:53:49,405120,6.0,1
MV_A5-Weekday-107300_M11_631,M11,d0,3,17:54:32,17:54:32,405167,6.0,1
MV_A5-Weekday-107300_M11_631,M11,d0,4,17:55:00,17:55:00,405265,6.0,1
MV_A5-Weekday-107300_M11_631,M11,d0,5,17:56:15,17:56:15,405152,11.0,1
MV_A5-Weekday-107300_M11_631,M11,d0,6,17:58:09,17:58:09,405151,11.0,1
MV_A5-Weekday-107300_M11_631,M11,d0,7,17:59:46,17:59:46,404161,13.0,2
MV_A5-Weekday-107300_M11_631,M11,d0,8,18:00:49,18:00:49,401398,27.0,2
MV_A5-Weekday-107300_M11_631,M11,d0,9,18:02:00,18:02:00,403802,27.0,2
MV_A5-Weekday-107300_M11_631,M11,d0,10,18:03:31,18:03:31,401400,22.0,2
MV_A5-Weekday-107300_M11_631,M11,d0,11,18:05:00,18:05:00,401401,23.0,3
MV_A5-Weekday-107300_M11_631,M11,d0,12,18:07:14,18:07:14,401402,42.0,4
MV_A5-Weekday-107300_M11_631,M11,d0,13,18:09:40,18:09:40,401404,53.0,4
MV_A5-Weekday-107300_M11_631,M11,d0,14,18:12:20,18:12:20,404279,55.0,4
MV_A5-Weekday-107300_M11_631,M11,d0,15,18:14:05,18:14:05,405631,55.0,4
MV_A5-Weekday-107300_M11_631,M11,d0,16,18:16:00,18:16:00,401407,51.0,4
MV_A5-Weekday-107300_M11_631,M11,d0,17,18:17:34,18:17:34,401408,43.0,3
MV_A5-Weekday-107300_M11_631,M11,d0,18,18:18:37,18:18:37,401409,30.0,3
MV_A5-Weekday-107300_M11_631,M11,d0,19,18:19:39,18:19:39,401410,40.0,3
MV_A5-Weekday-107300_M11_631,M11,d0,20,18:21:24,18:21:24,401411,35.0,3
MV_A5-Weekday-107300_M11_631,M11,d0,21,18:22:43,18:22:43,401412,22.0,2
MV_A5-Weekday-107300_M11_631,M11,d0,22,18:23:28,18:23:28,401413,31.0,2
MV_A5-Weekday-107300_M11_631,M11,d0,23,18:24:52,18:24:52,401414,16.0,2
MV_A5-Weekday-107300_M11_631,M11,d0,24,18:26:32,18:26:32,401416,31.0,2
MV_A5-Weekday-107300_M11_631,M11,d0,25,18:27:56,18:27:56,401417,31.0,2
MV_A5-Weekday-107300_M11_631,M11,d0,26,18:29:00,18:29:00,403472,26.0,2
MV_A5-Weekday-107300_M11_631,M11,d0,27,18:30:33,18:30:33,403555,16.0,2
MV_A5-Weekday-107300_M11_631,M11,d0,28,18:33:00,18:33:00,401021,20.0,2
MV_A5-Weekday-107300_M11_631,M11,d0,29,18:34:10,18:34:10,401022,22.0,2
MV_A5-Weekday-107300_M11_631,M11,d0,30,18:35:48,18:35:48,401023,22.0,2
MV_A5-Weekday-107300_M11_631,M11,d0,31,18:36:53,18:36:53,401024,22.0,2
MV_A5-Weekday-107300_M11_631,M11,d0,32,18:38:08,18:38:08,401025,19.0,2
MV_A5-Weekday-107300_M11_631,M11,d0,33,18:39:16,18:39:16,401026,27.0,2
MV_A5-Weekday-107300_M11_631,M11,d0,34,18:41:03,18:41:03,401027,15.0,1
MV_A5-Weekday-107300_M11_631,M11,d0,35,18:42:25,18:42:25,404320,16.0,1
MV_A5-Weekday-107300_M11_631,M11,d0,36,18:43:51,18:43:51,401029,16.0,1
MV_A5-Weekday-107300_M11_631,M11,d0,37,18:44:58,18:44:58,401030,16.0,2
MV_A5-Weekday-107300_M11_631,M11,d0,38,18:46:44,18:46:44,401031,27.0,2
MV_A5-Weekday-107300_M11_631,M11,d0,39,18:47:52,18:47:52,401032,22.0,2
MV_A5-Weekday-107300_M11_631,M11,d0,40,18:49:00,18:49:00,401033,22.0,2
MV_A5-Weekday-107300_M11_631,M11,d0,41,18:49:47,18:49:47,401034,10.0,1
MV_A5-Weekday-107300_M11_631,M11,d0,42,18:50:46,18:50:46,401035,10.0,1
MV_A5-Weekday-107300_M11_631,M11,d0,43,18:51:41,18:51:41,401435,10.0,2
MV_A5-Weekday-107300_M11_631,M11,d0,44,18:53:00,18:53:00,401436,18.0,2
MV_A5-Weekday-107300_M11_631,M11,d0,45,18:54:35,18:54:35,401438,10.0,1
MV_A5-Weekday-107300_M11_631,M11,d0,46,18:55:31,18:55:31,403886,10.0,1
MV_A5-Weekday-107300_M11_631,M11,d0,47,18:56:37,18:56:37,401440,1.0,1
MV_A5-Weekday-107300_M11_631,M11,d0,48,18:57:37,18:57:37,401441,10.0,1
MV_A5-Weekday-107300_M11_631,M11,d0,49,18:58:36,18:58:36,401442,10.0,1
MV_A5-Weekday-107300_M11_631,M11,d0,50,18:59:49,18:59:49,401443,2.0,1
MV_A5-Weekday-107300_M11_631,M11,d0,51,19:01:07,19:01:07,403292,8.0,1
MV_A5-Weekday-107300_M11_631,M11,d0,52,19:01:54,19:01:54,401444,2.0,1
MV_A5-Weekday-107300_M11_631,M11,d0,53,19:03:00,19:03:00,401446,9.0,1
MV_A5-Weekday-107300_M11_631,M11,d0,54,19:03:58,19:03:58,401447,1.0,1
MV_A5-Weekday-107300_M11_631,M11,d0,55,19:05:33,19:05:33,403757,7.0,1
MV_A5-Weekday-107300_M11_631,M11,d0,56,19:07:00,19:07:00,404011,7.0,1
MV_A5-Weekday-107300_M11_631,M11,d0,57,19:07:18,19:07:18,404012,3.0,1
MV_A5-Weekday-107300_M11_631,M11,d0,58,19:07:51,19:07:51,404013,3.0,1
MV_A5-Weekday-107300_M11_631,M11,d0,59,19:08:08,19:08:08,404056,3.0,1
MV_A5-Weekday-107300_M11_631,M11,d0,60,19:08:49,19:08:49,404014,3.0,1
MV_A5-Weekday-107300_M11_631,M11,d0,61,19:09:11,19:09:11,404015,3.0,1
MV_A5-Weekday-107300_M11_631,M11,d0,62,19:10:00,19:10:00,803194,3.0,1
MV_A5-Weekday-091500_M11_615,M11,d0,1,15:15:00,15:15:00,405374,14.0,1
MV_A5-Weekday-091500_M11_615,M11,d0,2,15:16:07,15:16:07,404919,14.0,1
MV_A5-Weekday-091500_M11_615,M11,d0,3,15:17:23,15:17:23,404872,14.0,1
MV_A5-Weekday-091500_M11_615,M11,d0,4,15:18:54,15:18:54,404846,14.0,1
MV_A5-Weekday-091500_M11_615,M11,d0,5,15:20:14,15:20:14,401239,14.0,1
MV_A5-Weekday-091500_M11_615,M11,d0,6,15:22:00,15:22:00,405393,14.0,1
MV_A5-Weekday-091500_M11_615,M11,d0,7,15:23:34,15:23:34,903209,7.0,1
MV_A5-Weekday-091500_M11_615,M11,d0,8,15:24:33,15:24:33,401016,15.0,2
MV_A5-Weekday-091500_M11_615,M11,d0,9,15:26:00,15:26:00,400747,25.0,2
MV_A5-Weekday-091500_M11_615,M11,d0,10,15:28:15,15:28:15,403271,27.0,2
MV_A5-Weekday-091500_M11_615,M11,d0,11,15:30:30,15:30:30,400750,26.0,2
MV_A5-Weekday-091500_M11_615,M11,d0,12,15:33:33,15:33:33,403103,26.0,2
MV_A5-Weekday-091500_M11_615,M11,d0,13,15:35:11,15:35:11,403104,13.0,1
MV_A5-Weekday-091500_M11_615,M11,d0,14,15:36:34,15:36:34,403105,16.0,2
MV_A5-Weekday-091500_M11_615,M11,d0,15,15:38:00,15:38:00,403106,29.0,2
MV_A5-Weekday-091500_M11_615,M11,d0,16,15:39:53,15:39:53,403107,29.0,2
MV_A5-Weekday-091500_M11_615,M11,d0,17,15:41:25,15:41:25,903299,23.0,3
MV_A5-Weekday-091500_M11_615,M11,d0,18,15:42:28,15:42:28,403109,37.0,3
MV_A5-Weekday-091500_M11_615,M11,d0,19,15:43:43,15:43:43,403110,37.0,3
MV_A5-Weekday-091500_M11_615,M11,d0,20,15:45:34,15:45:34,403111,31.0,3
MV_A5-Weekday-091500_M11_615,M11,d0,21,15:46:50,15:46:50,403112,38.0,3
MV_A5-Weekday-091500_M11_615,M11,d0,22,15:49:00,15:49:00,405248,31.0,2
MV_A5-Weekday-091500_M11_615,M11,d0,23,15:50:46,15:50:46,403114,31.0,2
MV_A5-Weekday-091500_M11_615,M11,d0,24,15:52:26,15:52:26,403115,11.0,2
MV_A5-Weekday-091500_M11_615,M11,d0,25,15:53:42,15:53:42,403116,24.0,2
MV_A5-Weekday-091500_M11_615,M11,d0,26,15:55:00,15:55:00,405394,24.0,2
MV_A5-Weekday-091500_M11_615,M11,d0,27,15:57:10,15:57:10,403118,15.0,1
MV_A5-Weekday-091500_M11_615,M11,d0,28,15:58:15,15:58:15,403119,10.0,2
MV_A5-Weekday-091500_M11_615,M11,d0,29,16:00:07,16:00:07,404260,25.0,2
MV_A5-Weekday-091500_M11_615,M11,d0,30,16:01:35,16:01:35,403122,8.0,1
MV_A5-Weekday-091500_M11_615,M11,d0,31,16:03:58,16:03:58,404262,6.0,1
MV_A5-Weekday-091500_M11_615,M11,d0,32,16:05:34,16:05:34,403125,13.0,1
MV_A5-Weekday-091500_M11_615,M11,d0,33,16:07:24,16:07:24,403126,13.0,1
MV_A5-Weekday-091500_M11_615,M11,d0,34,16:08:20,16:08:20,403127,4.0,1
MV_A5-Weekday-091500_M11_615,M11,d0,35,16:11:33,16:11:33,401444,9.0,1
MV_A5-Weekday-091500_M11_615,M11,d0,36,16:13:00,16:13:00,903352,9.0,1
MV_A5-Weekday-SDon-148000_M11_633,M11,d0,1,24:40:00,24:40:00,405374,2.0,1
MV_A5-Weekday-SDon-148000_M11_633,M11,d0,2,24:40:43,24:40:43,404919,2.0,1
MV_A5-Weekday-SDon-148000_M11_633,M11,d0,3,24:41:31,24:41:31,404872,2.0,1
MV_A5-Weekday-SDon-148000_M11_633,M11,d0,4,24:42:29,24:42:29,404846,6.0,1
MV_A5-Weekday-SDon-148000_M11_633,M11,d0,5,24:43:20,24:43:20,401239,6.0,1
MV_A5-Weekday-SDon-148000_M11_633,M11,d0,6,24:44:27,24:44:27,405393,6.0,1
MV_A5-Weekday-SDon-148000_M11_633,M11,d0,7,24:45:27,24:45:27,903209,1.0,1
MV_A5-Weekday-SDon-148000_M11_633,M11,d0,8,24:46:04,24:46:04,401016,11.0,1
MV_A5-Weekday-SDon-148000_M11_633,M11,d0,9,24:47:00,24:47:00,400747,5.0,1
MV_A5-Weekday-SDon-148000_M11_633,M11,d0,10,24:48:19,24:48:19,403271,11.0,1
MV_A5-Weekday-SDon-148000_M11_633,M11,d0,11,24:49:37,24:49:37,400750,13.0,1
MV_A5-Weekday-SDon-148000_M11_633,M11,d0,12,24:51:24,24:51:24,403103,13.0,1
MV_A5-Weekday-SDon-148000_M11_633,M11,d0,13,24:52:22,24:52:22,403104,15.0,1
MV_A5-Weekday-SDon-148000_M11_633,M11,d0,14,24:53:10,24:53:10,403105,15.0,1
MV_A5-Weekday-SDon-148000_M11_633,M11,d0,15,24:54:00,24:54:00,403106,15.0,1
MV_A5-Weekday-SDon-148000_M11_633,M11,d0,16,24:55:02,24:55:02,403107,13.0,1
MV_A5-Weekday-SDon-148000_M11_633,M11,d0,17,24:55:52,24:55:52,903299,5.0,1
MV_A5-Weekday-SDon-148000_M11_633,M11,d0,18,24:56:26,24:56:26,403109,13.0,1
MV_A5-Weekday-SDon-148000_M11_633,M11,d0,19,24:57:07,24:57:07,403110,8.0,1
MV_A5-Weekday-SDon-148000_M11_633,M11,d0,20,24:58:07,24:58:07,403111,9.0,1
MV_A5-Weekday-SDon-148000_M11_633,M11,d0,21,24:58:49,24:58:49,403112,6.0,1
MV_A5-Weekday-SDon-148000_M11_633,M11,d0,22,25:00:00,25:00:00,405248,15.0,1
MV_A5-Weekday-SDon-148000_M11_633,M11,d0,23,25:01:11,25:01:11,403114,3.0,2
MV_A5-Weekday-SDon-148000_M11_633,M11,d0,24,25:02:17,25:02:17,403115,19.0,2
MV_A5-Weekday-SDon-148000_M11_633,M11,d0,25,25:03:08,25:03:08,403116,17.0,2
MV_A5-Weekday-SDon-148000_M11_633,M11,d0,26,25:04:00,25:04:00,405394,17.0,2
MV_A5-Weekday-SDon-148000_M11_633,M11,d0,27,25:05:19,25:05:19,403118,16.0,1
MV_A5-Weekday-SDon-148000_M11_633,M11,d0,28,25:05:59,25:05:59,403119,13.0,1
MV_A5-Weekday-SDon-148000_M11_633,M11,d0,29,25:07:08,25:07:08,404260,10.0,1
MV_A5-Weekday-SDon-148000_M11_633,M11,d0,30,25:08:02,25:08:02,403122,8.0,1
MV_A5-Weekday-SDon-148000_M11_633,M11,d0,31,25:09:29,25:09:29,404262,8.0,1
MV_A5-Weekday-SDon-148000_M11_633,M11,d0,32,25:10:28,25:10:28,403125,9.0,1
MV_A5-Weekday-SDon-148000_M11_633,M11,d0,33,25:11:35,25:11:35,403126,1.0,1
MV_A5-Weekday-SDon-148000_M11_633,M11,d0,34,25:12:09,25:12:09,403127,2.0,1
MV_A5-Weekday-SDon-148000_M11_633,M11,d0,35,25:14:07,25:14:07,401444,2.0,1
MV_A5-Weekday-SDon-148000_M11_633,M11,d0,36,25:15:00,25:15:00,903352,2.0,1
MV_A5-Weekday-SDon-111500_M11_621,M11,d0,1,18:35:00,18:35:00,405374,4.0,1
MV_A5-Weekday-SDon-111500_M11_621,M11,d0,2,18:36:07,18:36:07,404919,14.0,2
MV_A5-Weekday-SDon-111500_M11_621,M11,d0,3,18:37:23,18:37:23,404872,18.0,2
MV_A5-Weekday-SDon-111500_M11_621,M11,d0,4,18:38:54,18:38:54,404846,4.0,1
MV_A5-Weekday-SDon-111500_M11_621,M11,d0,5,18:40:14,18:40:14,401239,5.0,1
MV_A5-Weekday-SDon-111500_M11_621,M11,d0,6,18:42:00,18:42:00,405393,9.0,1
MV_A5-Weekday-SDon-111500_M11_621,M11,d0,7,18:43:34,18:43:34,903209,9.0,1
MV_A5-Weekday-SDon-111500_M11_621,M11,d0,8,18:44:33,18:44:33,401016,11.0,1
MV_A5-Weekday-SDon-111500_M11_621,M11,d0,9,18:46:00,18:46:00,400747,15.0,2
MV_A5-Weekday-SDon-111500_M11_621,M11,d0,10,18:48:04,18:48:04,403271,20.0,2
MV_A5-Weekday-SDon-111500_M11_621,M11,d0,11,18:50:07,18:50:07,400750,23.0,2
MV_A5-Weekday-SDon-111500_M11_621,M11,d0,12,18:52:56,18:52:56,403103,25.0,2
MV_A5-Weekday-SDon-111500_M11_621,M11,d0,13,18:54:25,18:54:25,403104,27.0,2
MV_A5-Weekday-SDon-111500_M11_621,M11,d0,14,18:55:42,18:55:42,403105,26.0,2
MV_A5-Weekday-SDon-111500_M11_621,M11,d0,15,18:57:00,18:57:00,403106,15.0,2
MV_A5-Weekday-SDon-111500_M11_621,M11,d0,16,18:58:53,18:58:53,403107,30.0,2
MV_A5-Weekday-SDon-111500_M11_621,M11,d0,17,19:00:25,19:00:25,903299,30.0,2
MV_A5-Weekday-SDon-111500_M11_621,M11,d0,18,19:01:28,19:01:28,403109,28.0,2
MV_A5-Weekday-SDon-111500_M11_621,M11,d0,19,19:02:43,19:02:43,403110,32.0,2
MV_A5-Weekday-SDon-111500_M11_621,M11,d0,20,19:04:34,19:04:34,403111,9.0,2
MV_A5-Weekday-SDon-111500_M11_621,M11,d0,21,19:05:50,19:05:50,403112,30.0,2
MV_A5-Weekday-SDon-111500_M11_621,M11,d0,22,19:08:00,19:08:00,405248,17.0,2
MV_A5-Weekday-SDon-111500_M11_621,M11,d0,23,19:09:46,19:09:46,403114,26.0,2
MV_A5-Weekday-SDon-111500_M11_621,M11,d0,24,19:11:26,19:11:26,403115,12.0,2
MV_A5-Weekday-SDon-111500_M11_621,M11,d0,25,19:12:42,19:12:42,403116,23.0,2
MV_A5-Weekday-SDon-111500_M11_621,M11,d0,26,19:14:00,19:14:00,405394,21.0,2
MV_A5-Weekday-SDon-111500_M11_621,M11,d0,27,19:15:55,19:15:55,403118,17.0,2
MV_A5-Weekday-SDon-111500_M11_621,M11,d0,28,19:16:54,19:16:54,403119,8.0,1
MV_A5-Weekday-SDon-111500_M11_621,M11,d0,29,19:18:33,19:18:33,404260,2.0,1
MV_A5-Weekday-SDon-111500_M11_621,M11,d0,30,19:19:51,19:19:51,403122,9.0,1
MV_A5-Weekday-SDon-111500_M11_621,M11,d0,31,19:21:58,19:21:58,404262,9.0,1
MV_A5-Weekday-SDon-111500_M11_621,M11,d0,32,19:23:24,19:23:24,403125,5.0,1
MV_A5-Weekday-SDon-111500_M11_621,M11,d0,33,19:25:02,19:25:02,403126,7.0,1
MV_A5-Weekday-SDon-111500_M11_621,M11,d0,34,19:25:51,19:25:51,403127,1.0,1
MV_A5-Weekday-SDon-111500_M11_621,M11,d0,35,19:28:43,19:28:43,401444,1.0,1
MV_A5-Weekday-SDon-111500_M11_621,M11,d0,36,19:30:00,19:30:00,903352,1.0,1
MV_A5-Weekday-SDon-044700_M11_609,M11,d0,1,7:27:00,7:27:00,401393,42.0,3
MV_A5-Weekday-SDon-044700_M11_609,M11,d0,2,7:27:49,7:27:49,405120,42.0,3
MV_A5-Weekday-SDon-044700_M11_609,M11,d0,3,7:28:32,7:28:32,405167,42.0,3
MV_A5-Weekday-SDon-044700_M11_609,M11,d0,4,7:29:00,7:29:00,405265,42.0,3
MV_A5-Weekday-SDon-044700_M11_609,M11,d0,5,7:29:54,7:29:54,405152,42.0,3
MV_A5-Weekday-SDon-044700_M11_609,M11,d0,6,7:31:15,7:31:15,405151,42.0,3
MV_A5-Weekday-SDon-044700_M11_609,M11,d0,7,7:32:24,7:32:24,404161,42.0,3
MV_A5-Weekday-SDon-044700_M11_609,M11,d0,8,7:33:10,7:33:10,401398,42.0,3
MV_A5-Weekday-SDon-044700_M11_609,M11,d0,9,7:34:00,7:34:00,403802,42.0,3
MV_A5-Weekday-SDon-044700_M11_609,M11,d0,10,7:35:25,7:35:25,401400,42.0,3
MV_A5-Weekday-SDon-044700_M11_609,M11,d0,11,7:36:47,7:36:47,401401,42.0,3
MV_A5-Weekday-SDon-044700_M11_609,M11,d0,12,7:38:51,7:38:51,401402,42.0,3
MV_A5-Weekday-SDon-044700_M11_609,M11,d0,13,7:41:07,7:41:07,401404,42.0,3
MV_A5-Weekday-SDon-044700_M11_609,M11,d0,14,7:43:35,7:43:35,404279,46.0,3
MV_A5-Weekday-SDon-044700_M11_609,M11,d0,15,7:45:13,7:45:13,405631,46.0,3
MV_A5-Weekday-SDon-044700_M11_609,M11,d0,16,7:47:00,7:47:00,401407,46.0,3
MV_A5-Weekday-SDon-044700_M11_609,M11,d0,17,7:48:41,7:48:41,401408,46.0,3
MV_A5-Weekday-SDon-044700_M11_609,M11,d0,18,7:49:49,7:49:49,401409,46.0,3
MV_A5-Weekday-SDon-044700_M11_609,M11,d0,19,7:50:55,7:50:55,401410,38.0,3
MV_A5-Weekday-SDon-044700_M11_609,M11,d0,20,7:52:49,7:52:49,401411,40.0,3
MV_A5-Weekday-SDon-044700_M11_609,M11,d0,21,7:54:14,7:54:14,401412,40.0,3
MV_A5-Weekday-SDon-044700_M11_609,M11,d0,22,7:55:03,7:55:03,401413,40.0,3
MV_A5-Weekday-SDon-044700_M11_609,M11,d0,23,7:56:33,7:56:33,401414,33.0,3
MV_A5-Weekday-SDon-044700_M11_609,M11,d0,24,7:58:21,7:58:21,401416,39.0,3
MV_A5-Weekday-SDon-044700_M11_609,M11,d0,25,7:59:51,7:59:51,401417,39.0,3
MV_A5-Weekday-SDon-044700_M11_609,M11,d0,26,8:01:00,8:01:00,403472,39.0,3
MV_A5-Weekday-SDon-044700_M11_609,M11,d0,27,8:02:10,8:02:10,403555,41.0,3
MV_A5-Weekday-SDon-044700_M11_609,M11,d0,28,8:04:00,8:04:00,401021,41.0,3
MV_A5-Weekday-SDon-044700_M11_609,M11,d0,29,8:05:10,8:05:10,401022,33.0,3
MV_A5-Weekday-SDon-044700_M11_609,M11,d0,30,8:06:48,8:06:48,401023,11.0,3
MV_A5-Weekday-SDon-044700_M11_609,M11,d0,31,8:07:53,8:07:53,401024,38.0,3
MV_A5-Weekday-SDon-044700_M11_609,M11,d0,32,8:09:08,8:09:08,401025,33.0,3
MV_A5-Weekday-SDon-044700_M11_609,M11,d0,33,8:10:16,8:10:16,401026,45.0,4
MV_A5-Weekday-SDon-044700_M11_609,M11,d0,34,8:12:03,8:12:03,401027,50.0,4
MV_A5-Weekday-SDon-044700_M11_609,M11,d0,35,8:13:25,8:13:25,404320,31.0,3
MV_A5-Weekday-SDon-044700_M11_609,M11,d0,36,8:14:51,8:14:51,401029,43.0,3
MV_A5-Weekday-SDon-044700_M11_609,M11,d0,37,8:15:58,8:15:58,401030,43.0,3
MV_A5-Weekday-SDon-044700_M11_609,M11,d0,38,8:17:44,8:17:44,401031,38.0,3
MV_A5-Weekday-SDon-044700_M11_609,M11,d0,39,8:18:52,8:18:52,401032,38.0,3
MV_A5-Weekday-SDon-044700_M11_609,M11,d0,40,8:20:00,8:20:00,401033,38.0,3
MV_A5-Weekday-SDon-044700_M11_609,M11,d0,41,8:20:59,8:20:59,401034,22.0,3
MV_A5-Weekday-SDon-044700_M11_609,M11,d0,42,8:22:13,8:22:13,401035,38.0,3
MV_A5-Weekday-SDon-044700_M11_609,M11,d0,43,8:23:22,8:23:22,401435,22.0,2
MV_A5-Weekday-SDon-044700_M11_609,M11,d0,44,8:25:00,8:25:00,401436,22.0,2
MV_A5-Weekday-SDon-044700_M11_609,M11,d0,45,8:26:45,8:26:45,401438,22.0,2
MV_A5-Weekday-SDon-044700_M11_609,M11,d0,46,8:27:46,8:27:46,403886,22.0,2
MV_A5-Weekday-SDon-044700_M11_609,M11,d0,47,8:28:58,8:28:58,401440,7.0,1
MV_A5-Weekday-SDon-044700_M11_609,M11,d0,48,8:30:04,8:30:04,401441,15.0,2
MV_A5-Weekday-SDon-044700_M11_609,M11,d0,49,8:31:09,8:31:09,401442,22.0,2
MV_A5-Weekday-SDon-044700_M11_609,M11,d0,50,8:32:30,8:32:30,401443,5.0,1
MV_A5-Weekday-SDon-044700_M11_609,M11,d0,51,8:33:56,8:33:56,403292,9.0,1
MV_A5-Weekday-SDon-044700_M11_609,M11,d0,52,8:34:48,8:34:48,401444,7.0,1
MV_A5-Weekday-SDon-044700_M11_609,M11,d0,53,8:36:00,8:36:00,401446,7.0,1
MV_A5-Weekday-SDon-044700_M11_609,M11,d0,54,8:37:12,8:37:12,401447,8.0,1
MV_A5-Weekday-SDon-044700_M11_609,M11,d0,55,8:39:11,8:39:11,403757,3.0,1
MV_A5-Weekday-SDon-044700_M11_609,M11,d0,56,8:41:00,8:41:00,404011,6.0,1
MV_A5-Weekday-SDon-044700_M11_609,M11,d0,57,8:41:12,8:41:12,404012,6.0,1
MV_A5-Weekday-SDon-044700_M11_609,M11,d0,58,8:41:34,8:41:34,404013,6.0,1
MV_A5-Weekday-SDon-044700_M11_609,M11,d0,59,8:41:45,8:41:45,404056,2.0,1
MV_A5-Weekday-SDon-044700_M11_609,M11,d0,60,8:42:13,8:42:13,404014,2.0,1
MV_A5-Weekday-SDon-044700_M11_609,M11,d0,61,8:42:27,8:42:27,404015,1.0,1
MV_A5-Weekday-SDon-044700_M11_609,M11,d0,62,8:43:00,8:43:00,803194,1.0,1
MV_A5-Weekday-060100_M11_606,M11,d0,1,10:01:00,10:01:00,401393,2.0,1
MV_A5-Weekday-060100_M11_606,M11,d0,2,10:01:49,10:01:49,405120,2.0,1
MV_A5-Weekday-060100_M11_606,M11,d0,3,10:02:32,10:02:32,405167,2.0,1
MV_A5-Weekday-060100_M11_606,M11,d0,4,10:03:00,10:03:00,405265,1.0,1
MV_A5-Weekday-060100_M11_606,M11,d0,5,10:04:04,10:04:04,405152,3.0,1
MV_A5-Weekday-060100_M11_606,M11,d0,6,10:05:42,10:05:42,405151,3.0,1
MV_A5-Weekday-060100_M11_606,M11,d0,7,10:07:05,10:07:05,404161,3.0,1
MV_A5-Weekday-060100_M11_606,M11,d0,8,10:07:59,10:07:59,401398,1.0,1
MV_A5-Weekday-060100_M11_606,M11,d0,9,10:09:00,10:09:00,403802,4.0,1
MV_A5-Weekday-060100_M11_606,M11,d0,10,10:10:25,10:10:25,401400,4.0,1
MV_A5-Weekday-060100_M11_606,M11,d0,11,10:11:47,10:11:47,401401,4.0,1
MV_A5-Weekday-060100_M11_606,M11,d0,12,10:13:51,10:13:51,401402,3.0,1
MV_A5-Weekday-060100_M11_606,M11,d0,13,10:16:07,10:16:07,401404,3.0,1
MV_A5-Weekday-060100_M11_606,M11,d0,14,10:18:35,10:18:35,404279,13.0,1
MV_A5-Weekday-060100_M11_606,M11,d0,15,10:20:13,10:20:13,405631,13.0,2
MV_A5-Weekday-060100_M11_606,M11,d0,16,10:22:00,10:22:00,401407,23.0,2
MV_A5-Weekday-060100_M11_606,M11,d0,17,10:23:41,10:23:41,401408,15.0,3
MV_A5-Weekday-060100_M11_606,M11,d0,18,10:24:49,10:24:49,401409,33.0,3
MV_A5-Weekday-060100_M11_606,M11,d0,19,10:25:55,10:25:55,401410,33.0,3
MV_A5-Weekday-060100_M11_606,M11,d0,20,10:27:49,10:27:49,401411,36.0,3
MV_A5-Weekday-060100_M11_606,M11,d0,21,10:29:14,10:29:14,401412,35.0,3
MV_A5-Weekday-060100_M11_606,M11,d0,22,10:30:03,10:30:03,401413,30.0,2
MV_A5-Weekday-060100_M11_606,M11,d0,23,10:31:33,10:31:33,401414,20.0,2
MV_A5-Weekday-060100_M11_606,M11,d0,24,10:33:21,10:33:21,401416,32.0,2
MV_A5-Weekday-060100_M11_606,M11,d0,25,10:34:51,10:34:51,401417,20.0,3
MV_A5-Weekday-060100_M11_606,M11,d0,26,10:36:00,10:36:00,403472,34.0,3
MV_A5-Weekday-060100_M11_606,M11,d0,27,10:37:10,10:37:10,403555,29.0,2
MV_A5-Weekday-060100_M11_606,M11,d0,28,10:39:00,10:39:00,401021,14.0,2
MV_A5-Weekday-060100_M11_606,M11,d0,29,10:40:10,10:40:10,401022,24.0,2
MV_A5-Weekday-060100_M11_606,M11,d0,30,10:41:48,10:41:48,401023,32.0,2
MV_A5-Weekday-060100_M11_606,M11,d0,31,10:42:53,10:42:53,401024,17.0,2
MV_A5-Weekday-060100_M11_606,M11,d0,32,10:44:08,10:44:08,401025,32.0,2
MV_A5-Weekday-060100_M11_606,M11,d0,33,10:45:16,10:45:16,401026,29.0,2
MV_A5-Weekday-060100_M11_606,M11,d0,34,10:47:03,10:47:03,401027,13.0,2
MV_A5-Weekday-060100_M11_606,M11,d0,35,10:48:25,10:48:25,404320,29.0,2
MV_A5-Weekday-060100_M11_606,M11,d0,36,10:49:51,10:49:51,401029,17.0,2
MV_A5-Weekday-060100_M11_606,M11,d0,37,10:50:58,10:50:58,401030,31.0,2
MV_A5-Weekday-060100_M11_606,M11,d0,38,10:52:44,10:52:44,401031,26.0,2
MV_A5-Weekday-060100_M11_606,M11,d0,39,10:53:52,10:53:52,401032,12.0,2
MV_A5-Weekday-060100_M11_606,M11,d0,40,10:55:00,10:55:00,401033,25.0,2
MV_A5-Weekday-060100_M11_606,M11,d0,41,10:55:59,10:55:59,401034,19.0,2
MV_A5-Weekday-060100_M11_606,M11,d0,42,10:57:13,10:57:13,401035,29.0,2
MV_A5-Weekday-060100_M11_606,M11,d0,43,10:58:22,10:58:22,401435,30.0,2
MV_A5-Weekday-060100_M11_606,M11,d0,44,11:00:00,11:00:00,401436,16.0,2
MV_A5-Weekday-060100_M11_606,M11,d0,45,11:02:04,11:02:04,401438,30.0,2
MV_A5-Weekday-060100_M11_606,M11,d0,46,11:03:17,11:03:17,403886,13.0,3
MV_A5-Weekday-060100_M11_606,M11,d0,47,11:04:42,11:04:42,401440,37.0,3
MV_A5-Weekday-060100_M11_606,M11,d0,48,11:05:59,11:05:59,401441,37.0,3
MV_A5-Weekday-060100_M11_606,M11,d0,49,11:07:16,11:07:16,401442,10.0,1
MV_A5-Weekday-060100_M11_606,M11,d0,50,11:08:52,11:08:52,401443,8.0,1
MV_A5-Weekday-060100_M11_606,M11,d0,51,11:10:33,11:10:33,403292,5.0,2
MV_A5-Weekday-060100_M11_606,M11,d0,52,11:11:35,11:11:35,401444,28.0,2
MV_A5-Weekday-060100_M11_606,M11,d0,53,11:13:00,11:13:00,401446,28.0,2
MV_A5-Weekday-060100_M11_606,M11,d0,54,11:14:12,11:14:12,401447,26.0,2
MV_A5-Weekday-060100_M11_606,M11,d0,55,11:16:11,11:16:11,403757,24.0,2
MV_A5-Weekday-060100_M11_606,M11,d0,56,11:18:00,11:18:00,404011,24.0,2
MV_A5-Weekday-060100_M11_606,M11,d0,57,11:18:18,11:18:18,404012,24.0,2
MV_A5-Weekday-060100_M11_606,M11,d0,58,11:18:51,11:18:51,404013,24.0,2
MV_A5-Weekday-060100_M11_606,M11,d0,59,11:19:08,11:19:08,404056,24.0,2
MV_A5-Weekday-060100_M11_606,M11,d0,60,11:19:49,11:19:49,404014,24.0,2
MV_A5-Weekday-060100_M11_606,M11,d0,61,11:20:11,11:20:11,404015,22.0,2
MV_A5-Weekday-060100_M11_606,M11,d0,62,11:21:00,11:21:00,803194,22.0,2
MV_A5-Weekday-132000_M11_629,M11,d0,1,22:00:00,22:00:00,405374,1.0,1
MV_A5-Weekday-132000_M11_629,M11,d0,2,22:01:07,22:01:07,404919,1.0,1
MV_A5-Weekday-132000_M11_629,M11,d0,3,22:02:23,22:02:23,404872,12.0,2
MV_A5-Weekday-132000_M11_629,M11,d0,4,22:03:54,22:03:54,404846,18.0,2
MV_A5-Weekday-132000_M11_629,M11,d0,5,22:05:14,22:05:14,401239,6.0,1
MV_A5-Weekday-132000_M11_629,M11,d0,6,22:07:00,22:07:00,405393,16.0,1
MV_A5-Weekday-132000_M11_629,M11,d0,7,22:08:34,22:08:34,903209,16.0,1
MV_A5-Weekday-132000_M11_629,M11,d0,8,22:09:33,22:09:33,401016,14.0,2
MV_A5-Weekday-132000_M11_629,M11,d0,9,22:11:00,22:11:00,400747,19.0,2
MV_A5-Weekday-132000_M11_629,M11,d0,10,22:12:52,22:12:52,403271,5.0,2
MV_A5-Weekday-132000_M11_629,M11,d0,11,22:14:45,22:14:45,400750,23.0,2
MV_A5-Weekday-132000_M11_629,M11,d0,12,22:17:18,22:17:18,403103,23.0,2
MV_A5-Weekday-132000_M11_629,M11,d0,13,22:18:39,22:18:39,403104,7.0,2
MV_A5-Weekday-132000_M11_629,M11,d0,14,22:19:49,22:19:49,403105,21.0,2
MV_A5-Weekday-132000_M11_629,M11,d0,15,22:21:00,22:21:00,403106,7.0,2
MV_A5-Weekday-132000_M11_629,M11,d0,16,22:22:43,22:22:43,403107,18.0,2
MV_A5-Weekday-132000_M11_629,M11,d0,17,22:24:06,22:24:06,903299,7.0,1
MV_A5-Weekday-132000_M11_629,M11,d0,18,22:25:04,22:25:04,403109,5.0,1
MV_A5-Weekday-132000_M11_629,M11,d0,19,22:26:12,22:26:12,403110,6.0,1
MV_A5-Weekday-132000_M11_629,M11,d0,20,22:27:52,22:27:52,403111,7.0,1
MV_A5-Weekday-132000_M11_629,M11,d0,21,22:29:02,22:29:02,403112,4.0,1
MV_A5-Weekday-132000_M11_629,M11,d0,22,22:31:00,22:31:00,405248,9.0,1
MV_A5-Weekday-132000_M11_629,M11,d0,23,22:32:29,22:32:29,403114,3.0,1
MV_A5-Weekday-132000_M11_629,M11,d0,24,22:33:51,22:33:51,403115,9.0,1
MV_A5-Weekday-132000_M11_629,M11,d0,25,22:34:55,22:34:55,403116,2.0,1
MV_A5-Weekday-132000_M11_629,M11,d0,26,22:36:00,22:36:00,405394,9.0,1
MV_A5-Weekday-132000_M11_629,M11,d0,27,22:37:34,22:37:34,403118,2.0,1
MV_A5-Weekday-132000_M11_629,M11,d0,28,22:38:21,22:38:21,403119,4.0,1
MV_A5-Weekday-132000_M11_629,M11,d0,29,22:39:42,22:39:42,404260,2.0,1
MV_A5-Weekday-132000_M11_629,M11,d0,30,22:40:46,22:40:46,403122,2.0,1
MV_A5-Weekday-132000_M11_629,M11,d0,31,22:42:29,22:42:29,404262,1.0,1
MV_A5-Weekday-132000_M11_629,M11,d0,32,22:43:38,22:43:38,403125,2.0,1
MV_A5-Weekday-132000_M11_629,M11,d0,33,22:44:58,22:44:58,403126,1.0,1
MV_A5-Weekday-132000_M11_629,M11,d0,34,22:45:37,22:45:37,403127,2.0,1
MV_A5-Weekday-132000_M11_629,M11,d0,35,22:47:58,22:47:58,401444,1.0,1
MV_A5-Weekday-132000_M11_629,M11,d0,36,22:49:00,22:49:00,903352,1.0,1
MV_A5-Weekday-040700_M11_605,M11,d0,1,6:47:00,6:47:00,401393,2.0,1
MV_A5-Weekday-040700_M11_605,M11,d0,2,6:47:49,6:47:49,405120,2.0,1
MV_A5-Weekday-040700_M11_605,M11,d0,3,6:48:32,6:48:32,405167,2.0,1
MV_A5-Weekday-040700_M11_605,M11,d0,4,6:49:00,6:49:00,405265,2.0,1
MV_A5-Weekday-040700_M11_605,M11,d0,5,6:49:54,6:49:54,405152,8.0,1
MV_A5-Weekday-040700_M11_605,M11,d0,6,6:51:15,6:51:15,405151,8.0,1
MV_A5-Weekday-040700_M11_605,M11,d0,7,6:52:24,6:52:24,404161,8.0,1
MV_A5-Weekday-040700_M11_605,M11,d0,8,6:53:10,6:53:10,401398,6.0,1
MV_A5-Weekday-040700_M11_605,M11,d0,9,6:54:00,6:54:00,403802,9.0,1
MV_A5-Weekday-040700_M11_605,M11,d0,10,6:54:46,6:54:46,401400,12.0,1
MV_A5-Weekday-040700_M11_605,M11,d0,11,6:55:30,6:55:30,401401,12.0,1
MV_A5-Weekday-040700_M11_605,M11,d0,12,6:56:37,6:56:37,401402,10.0,1
MV_A5-Weekday-040700_M11_605,M11,d0,13,6:57:50,6:57:50,401404,6.0,1
MV_A5-Weekday-040700_M11_605,M11,d0,14,6:59:10,6:59:10,404279,11.0,1
MV_A5-Weekday-040700_M11_605,M11,d0,15,7:00:02,7:00:02,405631,11.0,1
MV_A5-Weekday-040700_M11_605,M11,d0,16,7:01:00,7:01:00,401407,10.0,1
MV_A5-Weekday-040700_M11_605,M11,d0,17,7:02:34,7:02:34,401408,10.0,1
MV_A5-Weekday-040700_M11_605,M11,d0,18,7:03:37,7:03:37,401409,9.0,1
MV_A5-Weekday-040700_M11_605,M11,d0,19,7:04:39,7:04:39,401410,9.0,1
MV_A5-Weekday-040700_M11_605,M11,d0,20,7:06:24,7:06:24,401411,8.0,1
MV_A5-Weekday-040700_M11_605,M11,d0,21,7:07:43,7:07:43,401412,10.0,1
MV_A5-Weekday-040700_M11_605,M11,d0,22,7:08:28,7:08:28,401413,10.0,1
MV_A5-Weekday-040700_M11_605,M11,d0,23,7:09:52,7:09:52,401414,10.0,1
MV_A5-Weekday-040700_M11_605,M11,d0,24,7:11:32,7:11:32,401416,10.0,2
MV_A5-Weekday-040700_M11_605,M11,d0,25,7:12:56,7:12:56,401417,20.0,2
MV_A5-Weekday-040700_M11_605,M11,d0,26,7:14:00,7:14:00,403472,20.0,2
MV_A5-Weekday-040700_M11_605,M11,d0,27,7:15:10,7:15:10,403555,20.0,2
MV_A5-Weekday-040700_M11_605,M11,d0,28,7:17:00,7:17:00,401021,12.0,1
MV_A5-Weekday-040700_M11_605,M11,d0,29,7:18:05,7:18:05,401022,16.0,1
MV_A5-Weekday-040700_M11_605,M11,d0,30,7:19:37,7:19:37,401023,16.0,1
MV_A5-Weekday-040700_M11_605,M11,d0,31,7:20:39,7:20:39,401024,16.0,1
MV_A5-Weekday-040700_M11_605,M11,d0,32,7:21:49,7:21:49,401025,16.0,1
MV_A5-Weekday-040700_M11_605,M11,d0,33,7:22:53,7:22:53,401026,16.0,1
MV_A5-Weekday-040700_M11_605,M11,d0,34,7:24:33,7:24:33,401027,13.0,1
MV_A5-Weekday-040700_M11_605,M11,d0,35,7:25:50,7:25:50,404320,13.0,1
MV_A5-Weekday-040700_M11_605,M11,d0,36,7:27:10,7:27:10,401029,5.0,1
MV_A5-Weekday-040700_M11_605,M11,d0,37,7:28:13,7:28:13,401030,10.0,1
MV_A5-Weekday-040700_M11_605,M11,d0,38,7:29:52,7:29:52,401031,10.0,1
MV_A5-Weekday-040700_M11_605,M11,d0,39,7:30:56,7:30:56,401032,4.0,1
MV_A5-Weekday-040700_M11_605,M11,d0,40,7:32:00,7:32:00,401033,16.0,1
MV_A5-Weekday-040700_M11_605,M11,d0,41,7:32:59,7:32:59,401034,16.0,1
MV_A5-Weekday-040700_M11_605,M11,d0,42,7:34:13,7:34:13,401035,16.0,1
MV_A5-Weekday-040700_M11_605,M11,d0,43,7:35:22,7:35:22,401435,6.0,1
MV_A5-Weekday-040700_M11_605,M11,d0,44,7:37:00,7:37:00,401436,6.0,1
MV_A5-Weekday-040700_M11_605,M11,d0,45,7:38:45,7:38:45,401438,6.0,1
MV_A5-Weekday-040700_M11_605,M11,d0,46,7:39:46,7:39:46,403886,6.0,1
MV_A5-Weekday-040700_M11_605,M11,d0,47,7:40:58,7:40:58,401440,6.0,1
MV_A5-Weekday-040700_M11_605,M11,d0,48,7:42:04,7:42:04,401441,6.0,1
MV_A5-Weekday-040700_M11_605,M11,d0,49,7:43:09,7:43:09,401442,6.0,1
MV_A5-Weekday-040700_M11_605,M11,d0,50,7:44:30,7:44:30,401443,5.0,1
MV_A5-Weekday-040700_M11_605,M11,d0,51,7:45:56,7:45:56,403292,2.0,1
MV_A5-Weekday-040700_M11_605,M11,d0,52,7:46:48,7:46:48,401444,2.0,1
MV_A5-Weekday-040700_M11_605,M11,d0,53,7:48:00,7:48:00,401446,2.0,1
MV_A5-Weekday-040700_M11_605,M11,d0,54,7:49:12,7:49:12,401447,1.0,1
MV_A5-Weekday-040700_M11_605,M11,d0,55,7:51:11,7:51:11,403757,1.0,1
MV_A5-Weekday-040700_M11_605,M11,d0,56,7:53:00,7:53:00,404011,1.0,1
MV_A5-Weekday-040700_M11_605,M11,d0,57,7:53:12,7:53:12,404012,1.0,1
MV_A5-Weekday-040700_M11_605,M11,d0,58,7:53:34,7:53:34,404013,1.0,1
MV_A5-Weekday-040700_M11_605,M11,d0,59,7:53:45,7:53:45,404056,1.0,1
MV_A5-Weekday-040700_M11_605,M11,d0,60,7:54:13,7:54:13,404014,1.0,1
MV_A5-Weekday-040700_M11_605,M11,d0,61,7:54:27,7:54:27,404015,1.0,1
MV_A5-Weekday-040700_M11_605,M11,d0,62,7:55:00,7:55:00,803194,1.0,1
MV_A5-Weekday-047700_M11_612,M11,d0,1,7:57:00,7:57:00,401393,4.0,1
MV_A5-Weekday-047700_M11_612,M11,d0,2,7:57:49,7:57:49,405120,7.0,1
MV_A5-Weekday-047700_M11_612,M11,d0,3,7:58:32,7:58:32,405167,7.0,1
MV_A5-Weekday-047700_M11_612,M11,d0,4,7:59:00,7:59:00,405265,7.0,1
MV_A5-Weekday-047700_M11_612,M11,d0,5,8:00:04,8:00:04,405152,7.0,1
MV_A5-Weekday-047700_M11_612,M11,d0,6,8:01:42,8:01:42,405151,11.0,1
MV_A5-Weekday-047700_M11_612,M11,d0,7,8:03:05,8:03:05,404161,15.0,1
MV_A5-Weekday-047700_M11_612,M11,d0,8,8:03:59,8:03:59,401398,15.0,1
MV_A5-Weekday-047700_M11_612,M11,d0,9,8:05:00,8:05:00,403802,15.0,1
MV_A5-Weekday-047700_M11_612,M11,d0,10,8:06:25,8:06:25,401400,15.0,1
MV_A5-Weekday-047700_M11_612,M11,d0,11,8:07:47,8:07:47,401401,15.0,2
MV_A5-Weekday-047700_M11_612,M11,d0,12,8:09:51,8:09:51,401402,17.0,2
MV_A5-Weekday-047700_M11_612,M11,d0,13,8:12:07,8:12:07,401404,17.0,2
MV_A5-Weekday-047700_M11_612,M11,d0,14,8:14:35,8:14:35,404279,17.0,2
MV_A5-Weekday-047700_M11_612,M11,d0,15,8:16:13,8:16:13,405631,12.0,1
MV_A5-Weekday-047700_M11_612,M11,d0,16,8:18:00,8:18:00,401407,13.0,1
MV_A5-Weekday-047700_M11_612,M11,d0,17,8:19:41,8:19:41,401408,13.0,2
MV_A5-Weekday-047700_M11_612,M11,d0,18,8:20:49,8:20:49,401409,20.0,2
MV_A5-Weekday-047700_M11_612,M11,d0,19,8:21:55,8:21:55,401410,20.0,2
MV_A5-Weekday-047700_M11_612,M11,d0,20,8:23:49,8:23:49,401411,20.0,2
MV_A5-Weekday-047700_M11_612,M11,d0,21,8:25:14,8:25:14,401412,16.0,1
MV_A5-Weekday-047700_M11_612,M11,d0,22,8:26:03,8:26:03,401413,15.0,2
MV_A5-Weekday-047700_M11_612,M11,d0,23,8:27:33,8:27:33,401414,18.0,2
MV_A5-Weekday-047700_M11_612,M11,d0,24,8:29:21,8:29:21,401416,17.0,2
MV_A5-Weekday-047700_M11_612,M11,d0,25,8:30:51,8:30:51,401417,19.0,2
MV_A5-Weekday-047700_M11_612,M11,d0,26,8:32:00,8:32:00,403472,19.0,2
MV_A5-Weekday-047700_M11_612,M11,d0,27,8:33:10,8:33:10,403555,20.0,2
MV_A5-Weekday-047700_M11_612,M11,d0,28,8:35:00,8:35:00,401021,20.0,2
MV_A5-Weekday-047700_M11_612,M11,d0,29,8:36:10,8:36:10,401022,18.0,2
MV_A5-Weekday-047700_M11_612,M11,d0,30,8:37:48,8:37:48,401023,20.0,2
MV_A5-Weekday-047700_M11_612,M11,d0,31,8:38:53,8:38:53,401024,20.0,2
MV_A5-Weekday-047700_M11_612,M11,d0,32,8:40:08,8:40:08,401025,20.0,2
MV_A5-Weekday-047700_M11_612,M11,d0,33,8:41:16,8:41:16,401026,16.0,1
MV_A5-Weekday-047700_M11_612,M11,d0,34,8:43:03,8:43:03,401027,16.0,1
MV_A5-Weekday-047700_M11_612,M11,d0,35,8:44:25,8:44:25,404320,16.0,1
MV_A5-Weekday-047700_M11_612,M11,d0,36,8:45:51,8:45:51,401029,13.0,1
MV_A5-Weekday-047700_M11_612,M11,d0,37,8:46:58,8:46:58,401030,12.0,1
MV_A5-Weekday-047700_M11_612,M11,d0,38,8:48:44,8:48:44,401031,16.0,2
MV_A5-Weekday-047700_M11_612,M11,d0,39,8:49:52,8:49:52,401032,17.0,2
MV_A5-Weekday-047700_M11_612,M11,d0,40,8:51:00,8:51:00,401033,17.0,2
MV_A5-Weekday-047700_M11_612,M11,d0,41,8:51:59,8:51:59,401034,17.0,2
MV_A5-Weekday-047700_M11_612,M11,d0,42,8:53:13,8:53:13,401035,17.0,2
MV_A5-Weekday-047700_M11_612,M11,d0,43,8:54:22,8:54:22,401435,15.0,1
MV_A5-Weekday-047700_M11_612,M11,d0,44,8:56:00,8:56:00,401436,14.0,1
MV_A5-Weekday-047700_M11_612,M11,d0,45,8:57:45,8:57:45,401438,14.0,1
MV_A5-Weekday-047700_M11_612,M11,d0,46,8:58:46,8:58:46,403886,14.0,1
MV_A5-Weekday-047700_M11_612,M11,d0,47,8:59:58,8:59:58,401440,4.0,1
MV_A5-Weekday-047700_M11_612,M11,d0,48,9:01:04,9:01:04,401441,1.0,1
MV_A5-Weekday-047700_M11_612,M11,d0,49,9:02:09,9:02:09,401442,3.0,1
MV_A5-Weekday-047700_M11_612,M11,d0,50,9:03:30,9:03:30,401443,3.0,1
MV_A5-Weekday-047700_M11_612,M11,d0,51,9:04:56,9:04:56,403292,1.0,1
MV_A5-Weekday-047700_M11_612,M11,d0,52,9:05:48,9:05:48,401444,3.0,1
MV_A5-Weekday-047700_M11_612,M11,d0,53,9:07:00,9:07:00,401446,3.0,1
MV_A5-Weekday-047700_M11_612,M11,d0,54,9:08:12,9:08:12,401447,3.0,1
MV_A5-Weekday-047700_M11_612,M11,d0,55,9:10:11,9:10:11,403757,1.0,1
MV_A5-Weekday-047700_M11_612,M11,d0,56,9:12:00,9:12:00,404011,3.0,1
MV_A5-Weekday-047700_M11_612,M11,d0,57,9:12:12,9:12:12,404012,3.0,1
MV_A5-Weekday-047700_M11_612,M11,d0,58,9:12:34,9:12:34,404013,3.0,1
MV_A5-Weekday-047700_M11_612,M11,d0,59,9:12:45,9:12:45,404056,3.0,1
MV_A5-Weekday-047700_M11_612,M11,d0,60,9:13:13,9:13:13,404014,3.0,1
MV_A5-Weekday-047700_M11_612,M11,d0,61,9:13:27,9:13:27,404015,3.0,1
MV_A5-Weekday-047700_M11_612,M11,d0,62,9:14:00,9:14:00,803194,3.0,1
MV_A5-Weekday-073300_M11_623,M11,d0,1,12:13:00,12:13:00,401393,5.0,1
MV_A5-Weekday-073300_M11_623,M11,d0,2,12:13:49,12:13:49,405120,5.0,1
MV_A5-Weekday-073300_M11_623,M11,d0,3,12:14:32,12:14:32,405167,5.0,1
MV_A5-Weekday-073300_M11_623,M11,d0,4,12:15:00,12:15:00,405265,5.0,1
MV_A5-Weekday-073300_M11_623,M11,d0,5,12:16:15,12:16:15,405152,5.0,1
MV_A5-Weekday-073300_M11_623,M11,d0,6,12:18:09,12:18:09,405151,5.0,1
MV_A5-Weekday-073300_M11_623,M11,d0,7,12:19:46,12:19:46,404161,5.0,1
MV_A5-Weekday-073300_M11_623,M11,d0,8,12:20:49,12:20:49,401398,5.0,1
MV_A5-Weekday-073300_M11_623,M11,d0,9,12:22:00,12:22:00,403802,5.0,1
MV_A5-Weekday-073300_M11_623,M11,d0,10,12:23:25,12:23:25,401400,5.0,1
MV_A5-Weekday-073300_M11_623,M11,d0,11,12:24:47,12:24:47,401401,5.0,1
MV_A5-Weekday-073300_M11_623,M11,d0,12,12:26:51,12:26:51,401402,5.0,1
MV_A5-Weekday-073300_M11_623,M11,d0,13,12:29:07,12:29:07,401404,5.0,1
MV_A5-Weekday-073300_M11_623,M11,d0,14,12:31:35,12:31:35,404279,14.0,1
MV_A5-Weekday-073300_M11_623,M11,d0,15,12:33:13,12:33:13,405631,14.0,1
MV_A5-Weekday-073300_M11_623,M11,d0,16,12:35:00,12:35:00,401407,14.0,1
MV_A5-Weekday-073300_M11_623,M11,d0,17,12:36:48,12:36:48,401408,14.0,1
MV_A5-Weekday-073300_M11_623,M11,d0,18,12:38:01,12:38:01,401409,14.0,1
MV_A5-Weekday-073300_M11_623,M11,d0,19,12:39:12,12:39:12,401410,14.0,1
MV_A5-Weekday-073300_M11_623,M11,d0,20,12:41:14,12:41:14,401411,14.0,3
MV_A5-Weekday-073300_M11_623,M11,d0,21,12:42:45,12:42:45,401412,46.0,3
MV_A5-Weekday-073300_M11_623,M11,d0,22,12:43:37,12:43:37,401413,17.0,3
MV_A5-Weekday-073300_M11_623,M11,d0,23,12:45:14,12:45:14,401414,41.0,3
MV_A5-Weekday-073300_M11_623,M11,d0,24,12:47:09,12:47:09,401416,41.0,3
MV_A5-Weekday-073300_M11_623,M11,d0,25,12:48:46,12:48:46,401417,39.0,3
MV_A5-Weekday-073300_M11_623,M11,d0,26,12:50:00,12:50:00,403472,9.0,3
MV_A5-Weekday-073300_M11_623,M11,d0,27,12:51:33,12:51:33,403555,39.0,3
MV_A5-Weekday-073300_M11_623,M11,d0,28,12:54:00,12:54:00,401021,34.0,3
MV_A5-Weekday-073300_M11_623,M11,d0,29,12:55:14,12:55:14,401022,32.0,2
MV_A5-Weekday-073300_M11_623,M11,d0,30,12:56:58,12:56:58,401023,32.0,2
MV_A5-Weekday-073300_M11_623,M11,d0,31,12:58:08,12:58:08,401024,30.0,2
MV_A5-Weekday-073300_M11_623,M11,d0,32,12:59:28,12:59:28,401025,29.0,2
MV_A5-Weekday-073300_M11_623,M11,d0,33,13:00:40,13:00:40,401026,23.0,2
MV_A5-Weekday-073300_M11_623,M11,d0,34,13:02:33,13:02:33,401027,14.0,1
MV_A5-Weekday-073300_M11_623,M11,d0,35,13:04:01,13:04:01,404320,14.0,1
MV_A5-Weekday-073300_M11_623,M11,d0,36,13:05:31,13:05:31,401029,15.0,1
MV_A5-Weekday-073300_M11_623,M11,d0,37,13:06:43,13:06:43,401030,15.0,1
MV_A5-Weekday-073300_M11_623,M11,d0,38,13:08:35,13:08:35,401031,13.0,1
MV_A5-Weekday-073300_M11_623,M11,d0,39,13:09:48,13:09:48,401032,14.0,1
MV_A5-Weekday-073300_M11_623,M11,d0,40,13:11:00,13:11:00,401033,10.0,2
MV_A5-Weekday-073300_M11_623,M11,d0,41,13:11:59,13:11:59,401034,25.0,2
MV_A5-Weekday-073300_M11_623,M11,d0,42,13:13:13,13:13:13,401035,26.0,2
MV_A5-Weekday-073300_M11_623,M11,d0,43,13:14:22,13:14:22,401435,26.0,2
MV_A5-Weekday-073300_M11_623,M11,d0,44,13:16:00,13:16:00,401436,23.0,2
MV_A5-Weekday-073300_M11_623,M11,d0,45,13:18:04,13:18:04,401438,24.0,2
MV_A5-Weekday-073300_M11_623,M11,d0,46,13:19:17,13:19:17,403886,24.0,2
MV_A5-Weekday-073300_M11_623,M11,d0,47,13:20:42,13:20:42,401440,1.0,2
MV_A5-Weekday-073300_M11_623,M11,d0,48,13:21:59,13:21:59,401441,22.0,2
MV_A5-Weekday-073300_M11_623,M11,d0,49,13:23:16,13:23:16,401442,22.0,2
MV_A5-Weekday-073300_M11_623,M11,d0,50,13:24:52,13:24:52,401443,1.0,1
MV_A5-Weekday-073300_M11_623,M11,d0,51,13:26:33,13:26:33,403292,1.0,1
MV_A5-Weekday-073300_M11_623,M11,d0,52,13:27:35,13:27:35,401444,16.0,1
MV_A5-Weekday-073300_M11_623,M11,d0,53,13:29:00,13:29:00,401446,1.0,1
MV_A5-Weekday-073300_M11_623,M11,d0,54,13:30:12,13:30:12,401447,14.0,1
MV_A5-Weekday-073300_M11_623,M11,d0,55,13:32:11,13:32:11,403757,12.0,1
MV_A5-Weekday-073300_M11_623,M11,d0,56,13:34:00,13:34:00,404011,1.0,1
MV_A5-Weekday-073300_M11_623,M11,d0,57,13:34:18,13:34:18,404012,1.0,1
MV_A5-Weekday-073300_M11_623,M11,d0,58,13:34:51,13:34:51,404013,2.0,1
MV_A5-Weekday-073300_M11_623,M11,d0,59,13:35:08,13:35:08,404056,2.0,1
MV_A5-Weekday-073300_M11_623,M11,d0,60,13:35:49,13:35:49,404014,1.0,1
MV_A5-Weekday-073300_M11_623,M11,d0,61,13:36:11,13:36:11,404015,1.0,1
MV_A5-Weekday-073300_M11_623,M11,d0,62,13:37:00,13:37:00,803194,1.0,1
MV_A5-Weekday-039700_M11_604,M11,d0,1,6:37:00,6:37:00,401393,2.0,1
MV_A5-Weekday-039700_M11_604,M11,d0,2,6:37:49,6:37:49,405120,2.0,1
MV_A5-Weekday-039700_M11_604,M11,d0,3,6:38:32,6:38:32,405167,2.0,1
MV_A5-Weekday-039700_M11_604,M11,d0,4,6:39:00,6:39:00,405265,2.0,1
MV_A5-Weekday-039700_M11_604,M11,d0,5,6:39:54,6:39:54,405152,2.0,1
MV_A5-Weekday-039700_M11_604,M11,d0,6,6:41:15,6:41:15,405151,2.0,1
MV_A5-Weekday-039700_M11_604,M11,d0,7,6:42:24,6:42:24,404161,2.0,1
MV_A5-Weekday-039700_M11_604,M11,d0,8,6:43:10,6:43:10,401398,2.0,1
MV_A5-Weekday-039700_M11_604,M11,d0,9,6:44:00,6:44:00,403802,2.0,1
MV_A5-Weekday-039700_M11_604,M11,d0,10,6:44:46,6:44:46,401400,2.0,1
MV_A5-Weekday-039700_M11_604,M11,d0,11,6:45:30,6:45:30,401401,2.0,1
MV_A5-Weekday-039700_M11_604,M11,d0,12,6:46:37,6:46:37,401402,3.0,1
MV_A5-Weekday-039700_M11_604,M11,d0,13,6:47:50,6:47:50,401404,3.0,1
MV_A5-Weekday-039700_M11_604,M11,d0,14,6:49:10,6:49:10,404279,3.0,1
MV_A5-Weekday-039700_M11_604,M11,d0,15,6:50:02,6:50:02,405631,2.0,1
MV_A5-Weekday-039700_M11_604,M11,d0,16,6:51:00,6:51:00,401407,3.0,1
MV_A5-Weekday-039700_M11_604,M11,d0,17,6:52:12,6:52:12,401408,4.0,1
MV_A5-Weekday-039700_M11_604,M11,d0,18,6:53:01,6:53:01,401409,4.0,1
MV_A5-Weekday-039700_M11_604,M11,d0,19,6:53:48,6:53:48,401410,3.0,1
MV_A5-Weekday-039700_M11_604,M11,d0,20,6:55:10,6:55:10,401411,3.0,1
MV_A5-Weekday-039700_M11_604,M11,d0,21,6:56:10,6:56:10,401412,3.0,1
MV_A5-Weekday-039700_M11_604,M11,d0,22,6:56:45,6:56:45,401413,3.0,1
MV_A5-Weekday-039700_M11_604,M11,d0,23,6:57:50,6:57:50,401414,3.0,1
MV_A5-Weekday-039700_M11_604,M11,d0,24,6:59:06,6:59:06,401416,1.0,1
MV_A5-Weekday-039700_M11_604,M11,d0,25,7:00:11,7:00:11,401417,3.0,1
MV_A5-Weekday-039700_M11_604,M11,d0,26,7:01:00,7:01:00,403472,3.0,1
MV_A5-Weekday-039700_M11_604,M11,d0,27,7:02:10,7:02:10,403555,3.0,1
MV_A5-Weekday-039700_M11_604,M11,d0,28,7:04:00,7:04:00,401021,8.0,1
MV_A5-Weekday-039700_M11_604,M11,d0,29,7:05:05,7:05:05,401022,8.0,1
MV_A5-Weekday-039700_M11_604,M11,d0,30,7:06:37,7:06:37,401023,8.0,1
MV_A5-Weekday-039700_M11_604,M11,d0,31,7:07:39,7:07:39,401024,8.0,1
MV_A5-Weekday-039700_M11_604,M11,d0,32,7:08:49,7:08:49,401025,8.0,1
MV_A5-Weekday-039700_M11_604,M11,d0,33,7:09:53,7:09:53,401026,8.0,1
MV_A5-Weekday-039700_M11_604,M11,d0,34,7:11:33,7:11:33,401027,4.0,1
MV_A5-Weekday-039700_M11_604,M11,d0,35,7:12:50,7:12:50,404320,3.0,1
MV_A5-Weekday-039700_M11_604,M11,d0,36,7:14:10,7:14:10,401029,6.0,1
MV_A5-Weekday-039700_M11_604,M11,d0,37,7:15:13,7:15:13,401030,6.0,1
MV_A5-Weekday-039700_M11_604,M11,d0,38,7:16:52,7:16:52,401031,7.0,1
MV_A5-Weekday-039700_M11_604,M11,d0,39,7:17:56,7:17:56,401032,7.0,1
MV_A5-Weekday-039700_M11_604,M11,d0,40,7:19:00,7:19:00,401033,4.0,1
MV_A5-Weekday-039700_M11_604,M11,d0,41,7:19:47,7:19:47,401034,7.0,1
MV_A5-Weekday-039700_M11_604,M11,d0,42,7:20:46,7:20:46,401035,7.0,1
MV_A5-Weekday-039700_M11_604,M11,d0,43,7:21:41,7:21:41,401435,5.0,1
MV_A5-Weekday-039700_M11_604,M11,d0,44,7:23:00,7:23:00,401436,13.0,1
MV_A5-Weekday-039700_M11_604,M11,d0,45,7:24:54,7:24:54,401438,13.0,1
MV_A5-Weekday-039700_M11_604,M11,d0,46,7:26:01,7:26:01,403886,13.0,1
MV_A5-Weekday-039700_M11_604,M11,d0,47,7:27:20,7:27:20,401440,14.0,1
MV_A5-Weekday-039700_M11_604,M11,d0,48,7:28:32,7:28:32,401441,14.0,1
MV_A5-Weekday-039700_M11_604,M11,d0,49,7:29:43,7:29:43,401442,14.0,1
MV_A5-Weekday-039700_M11_604,M11,d0,50,7:31:11,7:31:11,401443,9.0,1
MV_A5-Weekday-039700_M11_604,M11,d0,51,7:32:44,7:32:44,403292,13.0,1
MV_A5-Weekday-039700_M11_604,M11,d0,52,7:33:41,7:33:41,401444,13.0,1
MV_A5-Weekday-039700_M11_604,M11,d0,53,7:35:00,7:35:00,401446,9.0,1
MV_A5-Weekday-039700_M11_604,M11,d0,54,7:36:12,7:36:12,401447,5.0,1
MV_A5-Weekday-039700_M11_604,M11,d0,55,7:38:11,7:38:11,403757,7.0,1
MV_A5-Weekday-039700_M11_604,M11,d0,56,7:40:00,7:40:00,404011,7.0,1
MV_A5-Weekday-039700_M11_604,M11,d0,57,7:40:12,7:40:12,404012,7.0,1
MV_A5-Weekday-039700_M11_604,M11,d0,58,7:40:34,7:40:34,404013,7.0,1
MV_A5-Weekday-039700_M11_604,M11,d0,59,7:40:45,7:40:45,404056,7.0,1
MV_A5-Weekday-039700_M11_604,M11,d0,60,7:41:13,7:41:13,404014,7.0,1
MV_A5-Weekday-039700_M11_604,M11,d0,61,7:41:27,7:41:27,404015,7.0,1
MV_A5-Weekday-039700_M11_604,M11,d0,62,7:42:00,7:42:00,803194,7.0,1
MV_A5-Weekday-049700_M11_614,M11,d0,1,8:17:00,8:17:00,401393,4.0,1
MV_A5-Weekday-049700_M11_614,M11,d0,2,8:17:49,8:17:49,405120,4.0,1
MV_A5-Weekday-049700_M11_614,M11,d0,3,8:18:32,8:18:32,405167,12.0,1
MV_A5-Weekday-049700_M11_614,M11,d0,4,8:19:00,8:19:00,405265,12.0,1
MV_A5-Weekday-049700_M11_614,M11,d0,5,8:20:04,8:20:04,405152,12.0,1
MV_A5-Weekday-049700_M11_614,M11,d0,6,8:21:42,8:21:42,405151,12.0,2
MV_A5-Weekday-049700_M11_614,M11,d0,7,8:23:05,8:23:05,404161,19.0,2
MV_A5-Weekday-049700_M11_614,M11,d0,8,8:23:59,8:23:59,401398,19.0,2
MV_A5-Weekday-049700_M11_614,M11,d0,9,8:25:00,8:25:00,403802,19.0,2
MV_A5-Weekday-049700_M11_614,M11,d0,10,8:26:25,8:26:25,401400,19.0,2
MV_A5-Weekday-049700_M11_614,M11,d0,11,8:27:47,8:27:47,401401,10.0,1
MV_A5-Weekday-049700_M11_614,M11,d0,12,8:29:51,8:29:51,401402,4.0,1
MV_A5-Weekday-049700_M11_614,M11,d0,13,8:32:07,8:32:07,401404,11.0,1
MV_A5-Weekday-049700_M11_614,M11,d0,14,8:34:35,8:34:35,404279,11.0,1
MV_A5-Weekday-049700_M11_614,M11,d0,15,8:36:13,8:36:13,405631,11.0,1
MV_A5-Weekday-049700_M11_614,M11,d0,16,8:38:00,8:38:00,401407,11.0,1
MV_A5-Weekday-049700_M11_614,M11,d0,17,8:39:41,8:39:41,401408,14.0,1
MV_A5-Weekday-049700_M11_614,M11,d0,18,8:40:49,8:40:49,401409,14.0,1
MV_A5-Weekday-049700_M11_614,M11,d0,19,8:41:55,8:41:55,401410,14.0,1
MV_A5-Weekday-049700_M11_614,M11,d0,20,8:43:49,8:43:49,401411,14.0,1
MV_A5-Weekday-049700_M11_614,M11,d0,21,8:45:14,8:45:14,401412,13.0,1
MV_A5-Weekday-049700_M11_614,M11,d0,22,8:46:03,8:46:03,401413,15.0,1
MV_A5-Weekday-049700_M11_614,M11,d0,23,8:47:33,8:47:33,401414,15.0,1
MV_A5-Weekday-049700_M11_614,M11,d0,24,8:49:21,8:49:21,401416,11.0,1
MV_A5-Weekday-049700_M11_614,M11,d0,25,8:50:51,8:50:51,401417,13.0,1
MV_A5-Weekday-049700_M11_614,M11,d0,26,8:52:00,8:52:00,403472,13.0,1
MV_A5-Weekday-049700_M11_614,M11,d0,27,8:53:10,8:53:10,403555,13.0,1
MV_A5-Weekday-049700_M11_614,M11,d0,28,8:55:00,8:55:00,401021,13.0,2
MV_A5-Weekday-049700_M11_614,M11,d0,29,8:56:10,8:56:10,401022,17.0,2
MV_A5-Weekday-049700_M11_614,M11,d0,30,8:57:48,8:57:48,401023,17.0,2
MV_A5-Weekday-049700_M11_614,M11,d0,31,8:58:53,8:58:53,401024,17.0,2
MV_A5-Weekday-049700_M11_614,M11,d0,32,9:00:08,9:00:08,401025,17.0,2
MV_A5-Weekday-049700_M11_614,M11,d0,33,9:01:16,9:01:16,401026,17.0,2
MV_A5-Weekday-049700_M11_614,M11,d0,34,9:03:03,9:03:03,401027,17.0,2
MV_A5-Weekday-049700_M11_614,M11,d0,35,9:04:25,9:04:25,404320,17.0,2
MV_A5-Weekday-049700_M11_614,M11,d0,36,9:05:51,9:05:51,401029,17.0,2
MV_A5-Weekday-049700_M11_614,M11,d0,37,9:06:58,9:06:58,401030,17.0,2
MV_A5-Weekday-049700_M11_614,M11,d0,38,9:08:44,9:08:44,401031,17.0,2
MV_A5-Weekday-049700_M11_614,M11,d0,39,9:09:52,9:09:52,401032,17.0,2
MV_A5-Weekday-049700_M11_614,M11,d0,40,9:11:00,9:11:00,401033,17.0,2
MV_A5-Weekday-049700_M11_614,M11,d0,41,9:11:59,9:11:59,401034,17.0,2
MV_A5-Weekday-049700_M11_614,M11,d0,42,9:13:13,9:13:13,401035,17.0,2
MV_A5-Weekday-049700_M11_614,M11,d0,43,9:14:22,9:14:22,401435,17.0,2
MV_A5-Weekday-049700_M11_614,M11,d0,44,9:16:00,9:16:00,401436,17.0,2
MV_A5-Weekday-049700_M11_614,M11,d0,45,9:17:45,9:17:45,401438,17.0,2
MV_A5-Weekday-049700_M11_614,M11,d0,46,9:18:46,9:18:46,403886,17.0,2
MV_A5-Weekday-049700_M11_614,M11,d0,47,9:19:58,9:19:58,401440,17.0,2
MV_A5-Weekday-049700_M11_614,M11,d0,48,9:21:04,9:21:04,401441,17.0,2
MV_A5-Weekday-049700_M11_614,M11,d0,49,9:22:09,9:22:09,401442,17.0,2
MV_A5-Weekday-049700_M11_614,M11,d0,50,9:23:30,9:23:30,401443,17.0,2
MV_A5-Weekday-049700_M11_614,M11,d0,51,9:24:56,9:24:56,403292,17.0,2
MV_A5-Weekday-049700_M11_614,M11,d0,52,9:25:48,9:25:48,401444,17.0,2
MV_A5-Weekday-049700_M11_614,M11,d0,53,9:27:00,9:27:00,401446,17.0,2
MV_A5-Weekday-049700_M11_614,M11,d0,54,9:28:12,9:28:12,401447,17.0,2
MV_A5-Weekday-049700_M11_614,M11,d0,55,9:30:11,9:30:11,403757,17.0,2
MV_A5-Weekday-049700_M11_614,M11,d0,56,9:32:00,9:32:00,404011,17.0,2
MV_A5-Weekday-049700_M11_614,M11,d0,57,9:32:12,9:32:12,404012,17.0,2
MV_A5-Weekday-049700_M11_614,M11,d0,58,9:32:34,9:32:34,404013,17.0,2
MV_A5-Weekday-049700_M11_614,M11,d0,59,9:32:45,9:32:45,404056,17.0,2
MV_A5-Weekday-049700_M11_614,M11,d0,60,9:33:13,9:33:13,404014,17.0,2
MV_A5-Weekday-049700_M11_614,M11,d0,61,9:33:27,9:33:27,404015,17.0,2
MV_A5-Weekday-049700_M11_614,M11,d0,62,9:34:00,9:34:00,803194,17.0,2
MV_A5-Weekday-SDon-087700_M11_607,M11,d0,1,14:37:00,14:37:00,401393,5.0,1
MV_A5-Weekday-SDon-087700_M11_607,M11,d0,2,14:37:49,14:37:49,405120,5.0,1
MV_A5-Weekday-SDon-087700_M11_607,M11,d0,3,14:38:32,14:38:32,405167,5.0,1
MV_A5-Weekday-SDon-087700_M11_607,M11,d0,4,14:39:00,14:39:00,405265,5.0,1
MV_A5-Weekday-SDon-087700_M11_607,M11,d0,5,14:40:36,14:40:36,405152,5.0,3
MV_A5-Weekday-SDon-087700_M11_607,M11,d0,6,14:43:03,14:43:03,405151,36.0,3
MV_A5-Weekday-SDon-087700_M11_607,M11,d0,7,14:45:07,14:45:07,404161,36.0,3
MV_A5-Weekday-SDon-087700_M11_607,M11,d0,8,14:46:29,14:46:29,401398,36.0,3
MV_A5-Weekday-SDon-087700_M11_607,M11,d0,9,14:48:00,14:48:00,403802,36.0,3
MV_A5-Weekday-SDon-087700_M11_607,M11,d0,10,14:49:51,14:49:51,401400,36.0,3
MV_A5-Weekday-SDon-087700_M11_607,M11,d0,11,14:51:38,14:51:38,401401,36.0,3
MV_A5-Weekday-SDon-087700_M11_607,M11,d0,12,14:54:21,14:54:21,401402,36.0,3
MV_A5-Weekday-SDon-087700_M11_607,M11,d0,13,14:57:18,14:57:18,401404,36.0,3
MV_A5-Weekday-SDon-087700_M11_607,M11,d0,14,15:00:32,15:00:32,404279,36.0,3
MV_A5-Weekday-SDon-087700_M11_607,M11,d0,15,15:02:40,15:02:40,405631,36.0,3
MV_A5-Weekday-SDon-087700_M11_607,M11,d0,16,15:05:00,15:05:00,401407,36.0,3
MV_A5-Weekday-SDon-087700_M11_607,M11,d0,17,15:06:48,15:06:48,401408,36.0,3
MV_A5-Weekday-SDon-087700_M11_607,M11,d0,18,15:08:01,15:08:01,401409,36.0,3
MV_A5-Weekday-SDon-087700_M11_607,M11,d0,19,15:09:12,15:09:12,401410,36.0,3
MV_A5-Weekday-SDon-087700_M11_607,M11,d0,20,15:11:14,15:11:14,401411,39.0,3
MV_A5-Weekday-SDon-087700_M11_607,M11,d0,21,15:12:45,15:12:45,401412,39.0,3
MV_A5-Weekday-SDon-087700_M11_607,M11,d0,22,15:13:37,15:13:37,401413,39.0,3
MV_A5-Weekday-SDon-087700_M11_607,M11,d0,23,15:15:14,15:15:14,401414,39.0,3
MV_A5-Weekday-SDon-087700_M11_607,M11,d0,24,15:17:09,15:17:09,401416,43.0,3
MV_A5-Weekday-SDon-087700_M11_607,M11,d0,25,15:18:46,15:18:46,401417,43.0,3
MV_A5-Weekday-SDon-087700_M11_607,M11,d0,26,15:20:00,15:20:00,403472,43.0,3
MV_A5-Weekday-SDon-087700_M11_607,M11,d0,27,15:21:33,15:21:33,403555,43.0,3
MV_A5-Weekday-SDon-087700_M11_607,M11,d0,28,15:24:00,15:24:00,401021,43.0,3
MV_A5-Weekday-SDon-087700_M11_607,M11,d0,29,15:25:27,15:25:27,401022,38.0,3
MV_A5-Weekday-SDon-087700_M11_607,M11,d0,30,15:27:29,15:27:29,401023,38.0,3
MV_A5-Weekday-SDon-087700_M11_607,M11,d0,31,15:28:52,15:28:52,401024,35.0,3
MV_A5-Weekday-SDon-087700_M11_607,M11,d0,32,15:30:25,15:30:25,401025,48.0,3
MV_A5-Weekday-SDon-087700_M11_607,M11,d0,33,15:31:50,15:31:50,401026,35.0,4
MV_A5-Weekday-SDon-087700_M11_607,M11,d0,34,15:34:04,15:34:04,401027,52.0,4
MV_A5-Weekday-SDon-087700_M11_607,M11,d0,35,15:35:47,15:35:47,404320,35.0,3
MV_A5-Weekday-SDon-087700_M11_607,M11,d0,36,15:37:33,15:37:33,401029,35.0,3
MV_A5-Weekday-SDon-087700_M11_607,M11,d0,37,15:38:58,15:38:58,401030,25.0,3
MV_A5-Weekday-SDon-087700_M11_607,M11,d0,38,15:41:10,15:41:10,401031,36.0,3
MV_A5-Weekday-SDon-087700_M11_607,M11,d0,39,15:42:35,15:42:35,401032,32.0,3
MV_A5-Weekday-SDon-087700_M11_607,M11,d0,40,15:44:00,15:44:00,401033,33.0,3
MV_A5-Weekday-SDon-087700_M11_607,M11,d0,41,15:44:59,15:44:59,401034,33.0,3
MV_A5-Weekday-SDon-087700_M11_607,M11,d0,42,15:46:13,15:46:13,401035,33.0,3
MV_A5-Weekday-SDon-087700_M11_607,M11,d0,43,15:47:22,15:47:22,401435,33.0,3
MV_A5-Weekday-SDon-087700_M11_607,M11,d0,44,15:49:00,15:49:00,401436,33.0,3
MV_A5-Weekday-SDon-087700_M11_607,M11,d0,45,15:51:32,15:51:32,401438,15.0,2
MV_A5-Weekday-SDon-087700_M11_607,M11,d0,46,15:53:02,15:53:02,403886,27.0,2
MV_A5-Weekday-SDon-087700_M11_607,M11,d0,47,15:54:47,15:54:47,401440,27.0,2
MV_A5-Weekday-SDon-087700_M11_607,M11,d0,48,15:56:22,15:56:22,401441,16.0,2
MV_A5-Weekday-SDon-087700_M11_607,M11,d0,49,15:57:57,15:57:57,401442,18.0,2
MV_A5-Weekday-SDon-087700_M11_607,M11,d0,50,15:59:55,15:59:55,401443,18.0,2
MV_A5-Weekday-SDon-087700_M11_607,M11,d0,51,16:01:59,16:01:59,403292,17.0,2
MV_A5-Weekday-SDon-087700_M11_607,M11,d0,52,16:03:15,16:03:15,401444,7.0,2
MV_A5-Weekday-SDon-087700_M11_607,M11,d0,53,16:05:00,16:05:00,401446,23.0,2
MV_A5-Weekday-SDon-087700_M11_607,M11,d0,54,16:06:27,16:06:27,401447,13.0,2
MV_A5-Weekday-SDon-087700_M11_607,M11,d0,55,16:08:49,16:08:49,403757,17.0,2
MV_A5-Weekday-SDon-087700_M11_607,M11,d0,56,16:11:00,16:11:00,404011,17.0,2
MV_A5-Weekday-SDon-087700_M11_607,M11,d0,57,16:11:24,16:11:24,404012,6.0,2
MV_A5-Weekday-SDon-087700_M11_607,M11,d0,58,16:12:09,16:12:09,404013,17.0,2
MV_A5-Weekday-SDon-087700_M11_607,M11,d0,59,16:12:31,16:12:31,404056,17.0,2
MV_A5-Weekday-SDon-087700_M11_607,M11,d0,60,16:13:25,16:13:25,404014,17.0,2
MV_A5-Weekday-SDon-087700_M11_607,M11,d0,61,16:13:55,16:13:55,404015,6.0,1
MV_A5-Weekday-SDon-087700_M11_607,M11,d0,62,16:15:00,16:15:00,803194,6.0,1
MV_A5-Weekday-SDon-076700_M11_615,M11,d0,1,12:47:00,12:47:00,405374,3.0,1
MV_A5-Weekday-SDon-076700_M11_615,M11,d0,2,12:48:07,12:48:07,404919,7.0,1
MV_A5-Weekday-SDon-076700_M11_615,M11,d0,3,12:49:23,12:49:23,404872,6.0,1
MV_A5-Weekday-SDon-076700_M11_615,M11,d0,4,12:50:54,12:50:54,404846,8.0,1
MV_A5-Weekday-SDon-076700_M11_615,M11,d0,5,12:52:14,12:52:14,401239,10.0,1
MV_A5-Weekday-SDon-076700_M11_615,M11,d0,6,12:54:00,12:54:00,405393,14.0,1
MV_A5-Weekday-SDon-076700_M11_615,M11,d0,7,12:55:34,12:55:34,903209,14.0,2
MV_A5-Weekday-SDon-076700_M11_615,M11,d0,8,12:56:33,12:56:33,401016,19.0,2
MV_A5-Weekday-SDon-076700_M11_615,M11,d0,9,12:58:00,12:58:00,400747,20.0,2
MV_A5-Weekday-SDon-076700_M11_615,M11,d0,10,13:00:04,13:00:04,403271,20.0,2
MV_A5-Weekday-SDon-076700_M11_615,M11,d0,11,13:02:07,13:02:07,400750,16.0,2
MV_A5-Weekday-SDon-076700_M11_615,M11,d0,12,13:04:56,13:04:56,403103,23.0,2
MV_A5-Weekday-SDon-076700_M11_615,M11,d0,13,13:06:25,13:06:25,403104,11.0,1
MV_A5-Weekday-SDon-076700_M11_615,M11,d0,14,13:07:42,13:07:42,403105,11.0,1
MV_A5-Weekday-SDon-076700_M11_615,M11,d0,15,13:09:00,13:09:00,403106,8.0,2
MV_A5-Weekday-SDon-076700_M11_615,M11,d0,16,13:10:53,13:10:53,403107,21.0,2
MV_A5-Weekday-SDon-076700_M11_615,M11,d0,17,13:12:25,13:12:25,903299,21.0,2
MV_A5-Weekday-SDon-076700_M11_615,M11,d0,18,13:13:28,13:13:28,403109,18.0,2
MV_A5-Weekday-SDon-076700_M11_615,M11,d0,19,13:14:43,13:14:43,403110,18.0,2
MV_A5-Weekday-SDon-076700_M11_615,M11,d0,20,13:16:34,13:16:34,403111,18.0,2
MV_A5-Weekday-SDon-076700_M11_615,M11,d0,21,13:17:50,13:17:50,403112,18.0,2
MV_A5-Weekday-SDon-076700_M11_615,M11,d0,22,13:20:00,13:20:00,405248,18.0,2
MV_A5-Weekday-SDon-076700_M11_615,M11,d0,23,13:21:46,13:21:46,403114,18.0,2
MV_A5-Weekday-SDon-076700_M11_615,M11,d0,24,13:23:26,13:23:26,403115,18.0,2
MV_A5-Weekday-SDon-076700_M11_615,M11,d0,25,13:24:42,13:24:42,403116,18.0,2
MV_A5-Weekday-SDon-076700_M11_615,M11,d0,26,13:26:00,13:26:00,405394,18.0,2
MV_A5-Weekday-SDon-076700_M11_615,M11,d0,27,13:27:55,13:27:55,403118,18.0,2
MV_A5-Weekday-SDon-076700_M11_615,M11,d0,28,13:28:54,13:28:54,403119,18.0,2
MV_A5-Weekday-SDon-076700_M11_615,M11,d0,29,13:30:33,13:30:33,404260,6.0,1
MV_A5-Weekday-SDon-076700_M11_615,M11,d0,30,13:31:51,13:31:51,403122,6.0,1
MV_A5-Weekday-SDon-076700_M11_615,M11,d0,31,13:33:58,13:33:58,404262,6.0,1
MV_A5-Weekday-SDon-076700_M11_615,M11,d0,32,13:35:24,13:35:24,403125,11.0,1
MV_A5-Weekday-SDon-076700_M11_615,M11,d0,33,13:37:02,13:37:02,403126,11.0,1
MV_A5-Weekday-SDon-076700_M11_615,M11,d0,34,13:37:51,13:37:51,403127,12.0,1
MV_A5-Weekday-SDon-076700_M11_615,M11,d0,35,13:40:43,13:40:43,401444,4.0,1
MV_A5-Weekday-SDon-076700_M11_615,M11,d0,36,13:42:00,13:42:00,903352,4.0,1
MV_A5-Weekday-058900_M11_605,M11,d0,1,9:49:00,9:49:00,401393,2.0,1
MV_A5-Weekday-058900_M11_605,M11,d0,2,9:49:49,9:49:49,405120,3.0,1
MV_A5-Weekday-058900_M11_605,M11,d0,3,9:50:32,9:50:32,405167,3.0,1
MV_A5-Weekday-058900_M11_605,M11,d0,4,9:51:00,9:51:00,405265,3.0,1
MV_A5-Weekday-058900_M11_605,M11,d0,5,9:52:04,9:52:04,405152,5.0,1
MV_A5-Weekday-058900_M11_605,M11,d0,6,9:53:42,9:53:42,405151,6.0,1
MV_A5-Weekday-058900_M11_605,M11,d0,7,9:55:05,9:55:05,404161,7.0,1
MV_A5-Weekday-058900_M11_605,M11,d0,8,9:55:59,9:55:59,401398,7.0,1
MV_A5-Weekday-058900_M11_605,M11,d0,9,9:57:00,9:57:00,403802,7.0,1
MV_A5-Weekday-058900_M11_605,M11,d0,10,9:58:25,9:58:25,401400,7.0,1
MV_A5-Weekday-058900_M11_605,M11,d0,11,9:59:47,9:59:47,401401,6.0,1
MV_A5-Weekday-058900_M11_605,M11,d0,12,10:01:51,10:01:51,401402,7.0,1
MV_A5-Weekday-058900_M11_605,M11,d0,13,10:04:07,10:04:07,401404,9.0,1
MV_A5-Weekday-058900_M11_605,M11,d0,14,10:06:35,10:06:35,404279,12.0,1
MV_A5-Weekday-058900_M11_605,M11,d0,15,10:08:13,10:08:13,405631,11.0,1
MV_A5-Weekday-058900_M11_605,M11,d0,16,10:10:00,10:10:00,401407,13.0,2
MV_A5-Weekday-058900_M11_605,M11,d0,17,10:11:41,10:11:41,401408,17.0,2
MV_A5-Weekday-058900_M11_605,M11,d0,18,10:12:49,10:12:49,401409,17.0,2
MV_A5-Weekday-058900_M11_605,M11,d0,19,10:13:55,10:13:55,401410,18.0,2
MV_A5-Weekday-058900_M11_605,M11,d0,20,10:15:49,10:15:49,401411,18.0,2
MV_A5-Weekday-058900_M11_605,M11,d0,21,10:17:14,10:17:14,401412,15.0,2
MV_A5-Weekday-058900_M11_605,M11,d0,22,10:18:03,10:18:03,401413,17.0,2
MV_A5-Weekday-058900_M11_605,M11,d0,23,10:19:33,10:19:33,401414,19.0,2
MV_A5-Weekday-058900_M11_605,M11,d0,24,10:21:21,10:21:21,401416,18.0,2
MV_A5-Weekday-058900_M11_605,M11,d0,25,10:22:51,10:22:51,401417,16.0,2
MV_A5-Weekday-058900_M11_605,M11,d0,26,10:24:00,10:24:00,403472,18.0,2
MV_A5-Weekday-058900_M11_605,M11,d0,27,10:25:10,10:25:10,403555,18.0,2
MV_A5-Weekday-058900_M11_605,M11,d0,28,10:27:00,10:27:00,401021,16.0,2
MV_A5-Weekday-058900_M11_605,M11,d0,29,10:28:10,10:28:10,401022,20.0,2
MV_A5-Weekday-058900_M11_605,M11,d0,30,10:29:48,10:29:48,401023,20.0,2
MV_A5-Weekday-058900_M11_605,M11,d0,31,10:30:53,10:30:53,401024,20.0,2
MV_A5-Weekday-058900_M11_605,M11,d0,32,10:32:08,10:32:08,401025,8.0,2
MV_A5-Weekday-058900_M11_605,M11,d0,33,10:33:16,10:33:16,401026,19.0,2
MV_A5-Weekday-058900_M11_605,M11,d0,34,10:35:03,10:35:03,401027,24.0,2
MV_A5-Weekday-058900_M11_605,M11,d0,35,10:36:25,10:36:25,404320,26.0,2
MV_A5-Weekday-058900_M11_605,M11,d0,36,10:37:51,10:37:51,401029,1.0,2
MV_A5-Weekday-058900_M11_605,M11,d0,37,10:38:58,10:38:58,401030,27.0,2
MV_A5-Weekday-058900_M11_605,M11,d0,38,10:40:44,10:40:44,401031,24.0,2
MV_A5-Weekday-058900_M11_605,M11,d0,39,10:41:52,10:41:52,401032,25.0,2
MV_A5-Weekday-058900_M11_605,M11,d0,40,10:43:00,10:43:00,401033,25.0,2
MV_A5-Weekday-058900_M11_605,M11,d0,41,10:43:59,10:43:59,401034,8.0,1
MV_A5-Weekday-058900_M11_605,M11,d0,42,10:45:13,10:45:13,401035,7.0,2
MV_A5-Weekday-058900_M11_605,M11,d0,43,10:46:22,10:46:22,401435,20.0,2
MV_A5-Weekday-058900_M11_605,M11,d0,44,10:48:00,10:48:00,401436,20.0,2
MV_A5-Weekday-058900_M11_605,M11,d0,45,10:49:45,10:49:45,401438,18.0,2
MV_A5-Weekday-058900_M11_605,M11,d0,46,10:50:46,10:50:46,403886,3.0,1
MV_A5-Weekday-058900_M11_605,M11,d0,47,10:51:58,10:51:58,401440,14.0,1
MV_A5-Weekday-058900_M11_605,M11,d0,48,10:53:04,10:53:04,401441,14.0,1
MV_A5-Weekday-058900_M11_605,M11,d0,49,10:54:09,10:54:09,401442,13.0,1
MV_A5-Weekday-058900_M11_605,M11,d0,50,10:55:30,10:55:30,401443,3.0,1
MV_A5-Weekday-058900_M11_605,M11,d0,51,10:56:56,10:56:56,403292,13.0,1
MV_A5-Weekday-058900_M11_605,M11,d0,52,10:57:48,10:57:48,401444,9.0,1
MV_A5-Weekday-058900_M11_605,M11,d0,53,10:59:00,10:59:00,401446,3.0,1
MV_A5-Weekday-058900_M11_605,M11,d0,54,11:00:12,11:00:12,401447,3.0,1
MV_A5-Weekday-058900_M11_605,M11,d0,55,11:02:11,11:02:11,403757,10.0,1
MV_A5-Weekday-058900_M11_605,M11,d0,56,11:04:00,11:04:00,404011,10.0,1
MV_A5-Weekday-058900_M11_605,M11,d0,57,11:04:18,11:04:18,404012,7.0,1
MV_A5-Weekday-058900_M11_605,M11,d0,58,11:04:51,11:04:51,404013,7.0,1
MV_A5-Weekday-058900_M11_605,M11,d0,59,11:05:08,11:05:08,404056,3.0,1
MV_A5-Weekday-058900_M11_605,M11,d0,60,11:05:49,11:05:49,404014,6.0,1
MV_A5-Weekday-058900_M11_605,M11,d0,61,11:06:11,11:06:11,404015,6.0,1
MV_A5-Weekday-058900_M11_605,M11,d0,62,11:07:00,11:07:00,803194,6.0,1
MV_A5-Weekday-SDon-087500_M11_618,M11,d0,1,14:35:00,14:35:00,405374,12.0,1
MV_A5-Weekday-SDon-087500_M11_618,M11,d0,2,14:36:07,14:36:07,404919,12.0,1
MV_A5-Weekday-SDon-087500_M11_618,M11,d0,3,14:37:23,14:37:23,404872,12.0,1
MV_A5-Weekday-SDon-087500_M11_618,M11,d0,4,14:38:54,14:38:54,404846,12.0,1
MV_A5-Weekday-SDon-087500_M11_618,M11,d0,5,14:40:14,14:40:14,401239,12.0,2
MV_A5-Weekday-SDon-087500_M11_618,M11,d0,6,14:42:00,14:42:00,405393,22.0,2
MV_A5-Weekday-SDon-087500_M11_618,M11,d0,7,14:43:34,14:43:34,903209,22.0,2
MV_A5-Weekday-SDon-087500_M11_618,M11,d0,8,14:44:33,14:44:33,401016,22.0,2
MV_A5-Weekday-SDon-087500_M11_618,M11,d0,9,14:46:00,14:46:00,400747,22.0,2
MV_A5-Weekday-SDon-087500_M11_618,M11,d0,10,14:48:15,14:48:15,403271,22.0,2
MV_A5-Weekday-SDon-087500_M11_618,M11,d0,11,14:50:30,14:50:30,400750,22.0,2
MV_A5-Weekday-SDon-087500_M11_618,M11,d0,12,14:53:33,14:53:33,403103,22.0,2
MV_A5-Weekday-SDon-087500_M11_618,M11,d0,13,14:55:11,14:55:11,403104,22.0,2
MV_A5-Weekday-SDon-087500_M11_618,M11,d0,14,14:56:34,14:56:34,403105,22.0,2
MV_A5-Weekday-SDon-087500_M11_618,M11,d0,15,14:58:00,14:58:00,403106,22.0,2
MV_A5-Weekday-SDon-087500_M11_618,M11,d0,16,14:59:53,14:59:53,403107,22.0,2
MV_A5-Weekday-SDon-087500_M11_618,M11,d0,17,15:01:25,15:01:25,903299,22.0,2
MV_A5-Weekday-SDon-087500_M11_618,M11,d0,18,15:02:28,15:02:28,403109,22.0,2
MV_A5-Weekday-SDon-087500_M11_618,M11,d0,19,15:03:43,15:03:43,403110,22.0,2
MV_A5-Weekday-SDon-087500_M11_618,M11,d0,20,15:05:34,15:05:34,403111,22.0,2
MV_A5-Weekday-SDon-087500_M11_618,M11,d0,21,15:06:50,15:06:50,403112,22.0,3
MV_A5-Weekday-SDon-087500_M11_618,M11,d0,22,15:09:00,15:09:00,405248,33.0,3
MV_A5-Weekday-SDon-087500_M11_618,M11,d0,23,15:10:46,15:10:46,403114,33.0,3
MV_A5-Weekday-SDon-087500_M11_618,M11,d0,24,15:12:26,15:12:26,403115,33.0,3
MV_A5-Weekday-SDon-087500_M11_618,M11,d0,25,15:13:42,15:13:42,403116,19.0,2
MV_A5-Weekday-SDon-087500_M11_618,M11,d0,26,15:15:00,15:15:00,405394,19.0,2
MV_A5-Weekday-SDon-087500_M11_618,M11,d0,27,15:17:10,15:17:10,403118,19.0,2
MV_A5-Weekday-SDon-087500_M11_618,M11,d0,28,15:18:15,15:18:15,403119,15.0,1
MV_A5-Weekday-SDon-087500_M11_618,M11,d0,29,15:20:07,15:20:07,404260,15.0,1
MV_A5-Weekday-SDon-087500_M11_618,M11,d0,30,15:21:35,15:21:35,403122,15.0,1
MV_A5-Weekday-SDon-087500_M11_618,M11,d0,31,15:23:58,15:23:58,404262,5.0,1
MV_A5-Weekday-SDon-087500_M11_618,M11,d0,32,15:25:34,15:25:34,403125,5.0,1
MV_A5-Weekday-SDon-087500_M11_618,M11,d0,33,15:27:24,15:27:24,403126,5.0,1
MV_A5-Weekday-SDon-087500_M11_618,M11,d0,34,15:28:20,15:28:20,403127,4.0,1
MV_A5-Weekday-SDon-087500_M11_618,M11,d0,35,15:31:33,15:31:33,401444,15.0,1
MV_A5-Weekday-SDon-087500_M11_618,M11,d0,36,15:33:00,15:33:00,903352,15.0,1
MV_A5-Weekday-SDon-117500_M11_625,M11,d0,1,19:35:00,19:35:00,401393,3.0,1
MV_A5-Weekday-SDon-117500_M11_625,M11,d0,2,19:35:49,19:35:49,405120,7.0,1
MV_A5-Weekday-SDon-117500_M11_625,M11,d0,3,19:36:32,19:36:32,405167,7.0,1
MV_A5-Weekday-SDon-117500_M11_625,M11,d0,4,19:37:00,19:37:00,405265,11.0,1
MV_A5-Weekday-SDon-117500_M11_625,M11,d0,5,19:38:15,19:38:15,405152,14.0,1
MV_A5-Weekday-SDon-117500_M11_625,M11,d0,6,19:40:09,19:40:09,405151,15.0,1
MV_A5-Weekday-SDon-117500_M11_625,M11,d0,7,19:41:46,19:41:46,404161,15.0,2
MV_A5-Weekday-SDon-117500_M11_625,M11,d0,8,19:42:49,19:42:49,401398,17.0,2
MV_A5-Weekday-SDon-117500_M11_625,M11,d0,9,19:44:00,19:44:00,403802,16.0,2
MV_A5-Weekday-SDon-117500_M11_625,M11,d0,10,19:44:59,19:44:59,401400,26.0,2
MV_A5-Weekday-SDon-117500_M11_625,M11,d0,11,19:45:56,19:45:56,401401,26.0,2
MV_A5-Weekday-SDon-117500_M11_625,M11,d0,12,19:47:22,19:47:22,401402,25.0,3
MV_A5-Weekday-SDon-117500_M11_625,M11,d0,13,19:48:56,19:48:56,401404,37.0,3
MV_A5-Weekday-SDon-117500_M11_625,M11,d0,14,19:50:38,19:50:38,404279,37.0,3
MV_A5-Weekday-SDon-117500_M11_625,M11,d0,15,19:51:46,19:51:46,405631,30.0,2
MV_A5-Weekday-SDon-117500_M11_625,M11,d0,16,19:53:00,19:53:00,401407,14.0,2
MV_A5-Weekday-SDon-117500_M11_625,M11,d0,17,19:54:19,19:54:19,401408,29.0,2
MV_A5-Weekday-SDon-117500_M11_625,M11,d0,18,19:55:13,19:55:13,401409,29.0,2
MV_A5-Weekday-SDon-117500_M11_625,M11,d0,19,19:56:05,19:56:05,401410,23.0,2
MV_A5-Weekday-SDon-117500_M11_625,M11,d0,20,19:57:35,19:57:35,401411,23.0,2
MV_A5-Weekday-SDon-117500_M11_625,M11,d0,21,19:58:41,19:58:41,401412,9.0,2
MV_A5-Weekday-SDon-117500_M11_625,M11,d0,22,19:59:19,19:59:19,401413,21.0,2
MV_A5-Weekday-SDon-117500_M11_625,M11,d0,23,20:00:31,20:00:31,401414,24.0,2
MV_A5-Weekday-SDon-117500_M11_625,M11,d0,24,20:01:55,20:01:55,401416,22.0,2
MV_A5-Weekday-SDon-117500_M11_625,M11,d0,25,20:03:06,20:03:06,401417,22.0,2
MV_A5-Weekday-SDon-117500_M11_625,M11,d0,26,20:04:00,20:04:00,403472,22.0,2
MV_A5-Weekday-SDon-117500_M11_625,M11,d0,27,20:05:10,20:05:10,403555,22.0,2
MV_A5-Weekday-SDon-117500_M11_625,M11,d0,28,20:07:00,20:07:00,401021,23.0,2
MV_A5-Weekday-SDon-117500_M11_625,M11,d0,29,20:08:01,20:08:01,401022,23.0,2
MV_A5-Weekday-SDon-117500_M11_625,M11,d0,30,20:09:27,20:09:27,401023,23.0,2
MV_A5-Weekday-SDon-117500_M11_625,M11,d0,31,20:10:24,20:10:24,401024,9.0,2
MV_A5-Weekday-SDon-117500_M11_625,M11,d0,32,20:11:30,20:11:30,401025,28.0,2
MV_A5-Weekday-SDon-117500_M11_625,M11,d0,33,20:12:29,20:12:29,401026,32.0,2
MV_A5-Weekday-SDon-117500_M11_625,M11,d0,34,20:14:03,20:14:03,401027,27.0,2
MV_A5-Weekday-SDon-117500_M11_625,M11,d0,35,20:15:15,20:15:15,404320,27.0,2
MV_A5-Weekday-SDon-117500_M11_625,M11,d0,36,20:16:29,20:16:29,401029,27.0,2
MV_A5-Weekday-SDon-117500_M11_625,M11,d0,37,20:17:28,20:17:28,401030,20.0,2
MV_A5-Weekday-SDon-117500_M11_625,M11,d0,38,20:19:01,20:19:01,401031,20.0,2
MV_A5-Weekday-SDon-117500_M11_625,M11,d0,39,20:20:01,20:20:01,401032,6.0,2
MV_A5-Weekday-SDon-117500_M11_625,M11,d0,40,20:21:00,20:21:00,401033,17.0,2
MV_A5-Weekday-SDon-117500_M11_625,M11,d0,41,20:21:47,20:21:47,401034,17.0,2
MV_A5-Weekday-SDon-117500_M11_625,M11,d0,42,20:22:46,20:22:46,401035,17.0,2
MV_A5-Weekday-SDon-117500_M11_625,M11,d0,43,20:23:41,20:23:41,401435,14.0,1
MV_A5-Weekday-SDon-117500_M11_625,M11,d0,44,20:25:00,20:25:00,401436,12.0,1
MV_A5-Weekday-SDon-117500_M11_625,M11,d0,45,20:26:35,20:26:35,401438,6.0,2
MV_A5-Weekday-SDon-117500_M11_625,M11,d0,46,20:27:31,20:27:31,403886,18.0,2
MV_A5-Weekday-SDon-117500_M11_625,M11,d0,47,20:28:37,20:28:37,401440,18.0,2
MV_A5-Weekday-SDon-117500_M11_625,M11,d0,48,20:29:37,20:29:37,401441,8.0,1
MV_A5-Weekday-SDon-117500_M11_625,M11,d0,49,20:30:36,20:30:36,401442,8.0,1
MV_A5-Weekday-SDon-117500_M11_625,M11,d0,50,20:31:49,20:31:49,401443,7.0,1
MV_A5-Weekday-SDon-117500_M11_625,M11,d0,51,20:33:07,20:33:07,403292,15.0,1
MV_A5-Weekday-SDon-117500_M11_625,M11,d0,52,20:33:54,20:33:54,401444,7.0,1
MV_A5-Weekday-SDon-117500_M11_625,M11,d0,53,20:35:00,20:35:00,401446,15.0,1
MV_A5-Weekday-SDon-117500_M11_625,M11,d0,54,20:35:58,20:35:58,401447,12.0,1
MV_A5-Weekday-SDon-117500_M11_625,M11,d0,55,20:37:33,20:37:33,403757,8.0,1
MV_A5-Weekday-SDon-117500_M11_625,M11,d0,56,20:39:00,20:39:00,404011,8.0,1
MV_A5-Weekday-SDon-117500_M11_625,M11,d0,57,20:39:18,20:39:18,404012,6.0,1
MV_A5-Weekday-SDon-117500_M11_625,M11,d0,58,20:39:51,20:39:51,404013,6.0,1
MV_A5-Weekday-SDon-117500_M11_625,M11,d0,59,20:40:08,20:40:08,404056,5.0,1
MV_A5-Weekday-SDon-117500_M11_625,M11,d0,60,20:40:49,20:40:49,404014,3.0,1
MV_A5-Weekday-SDon-117500_M11_625,M11,d0,61,20:41:11,20:41:11,404015,5.0,1
MV_A5-Weekday-SDon-117500_M11_625,M11,d0,62,20:42:00,20:42:00,803194,5.0,1
MV_A5-Weekday-SDon-138000_M11_634,M11,d0,1,23:00:00,23:00:00,405374,3.0,1
MV_A5-Weekday-SDon-138000_M11_634,M11,d0,2,23:01:01,23:01:01,404919,3.0,1
MV_A5-Weekday-SDon-138000_M11_634,M11,d0,3,23:02:10,23:02:10,404872,4.0,1
MV_A5-Weekday-SDon-138000_M11_634,M11,d0,4,23:03:32,23:03:32,404846,5.0,1
MV_A5-Weekday-SDon-138000_M11_634,M11,d0,5,23:04:45,23:04:45,401239,6.0,1
MV_A5-Weekday-SDon-138000_M11_634,M11,d0,6,23:06:22,23:06:22,405393,7.0,1
MV_A5-Weekday-SDon-138000_M11_634,M11,d0,7,23:07:47,23:07:47,903209,7.0,1
MV_A5-Weekday-SDon-138000_M11_634,M11,d0,8,23:08:41,23:08:41,401016,7.0,1
MV_A5-Weekday-SDon-138000_M11_634,M11,d0,9,23:10:00,23:10:00,400747,7.0,1
MV_A5-Weekday-SDon-138000_M11_634,M11,d0,10,23:11:30,23:11:30,403271,3.0,1
MV_A5-Weekday-SDon-138000_M11_634,M11,d0,11,23:13:00,23:13:00,400750,9.0,1
MV_A5-Weekday-SDon-138000_M11_634,M11,d0,12,23:15:02,23:15:02,403103,3.0,1
MV_A5-Weekday-SDon-138000_M11_634,M11,d0,13,23:16:07,23:16:07,403104,1.0,1
MV_A5-Weekday-SDon-138000_M11_634,M11,d0,14,23:17:03,23:17:03,403105,4.0,1
MV_A5-Weekday-SDon-138000_M11_634,M11,d0,15,23:18:00,23:18:00,403106,9.0,1
MV_A5-Weekday-SDon-138000_M11_634,M11,d0,16,23:19:33,23:19:33,403107,7.0,1
MV_A5-Weekday-SDon-138000_M11_634,M11,d0,17,23:20:47,23:20:47,903299,6.0,1
MV_A5-Weekday-SDon-138000_M11_634,M11,d0,18,23:21:39,23:21:39,403109,6.0,1
MV_A5-Weekday-SDon-138000_M11_634,M11,d0,19,23:22:41,23:22:41,403110,6.0,1
MV_A5-Weekday-SDon-138000_M11_634,M11,d0,20,23:24:11,23:24:11,403111,6.0,1
MV_A5-Weekday-SDon-138000_M11_634,M11,d0,21,23:25:14,23:25:14,403112,6.0,1
MV_A5-Weekday-SDon-138000_M11_634,M11,d0,22,23:27:00,23:27:00,405248,2.0,1
MV_A5-Weekday-SDon-138000_M11_634,M11,d0,23,23:28:11,23:28:11,403114,7.0,1
MV_A5-Weekday-SDon-138000_M11_634,M11,d0,24,23:29:17,23:29:17,403115,3.0,1
MV_A5-Weekday-SDon-138000_M11_634,M11,d0,25,23:30:08,23:30:08,403116,6.0,1
MV_A5-Weekday-SDon-138000_M11_634,M11,d0,26,23:31:00,23:31:00,405394,7.0,1
MV_A5-Weekday-SDon-138000_M11_634,M11,d0,27,23:32:19,23:32:19,403118,3.0,1
MV_A5-Weekday-SDon-138000_M11_634,M11,d0,28,23:32:59,23:32:59,403119,8.0,1
MV_A5-Weekday-SDon-138000_M11_634,M11,d0,29,23:34:08,23:34:08,404260,8.0,1
MV_A5-Weekday-SDon-138000_M11_634,M11,d0,30,23:35:02,23:35:02,403122,7.0,1
MV_A5-Weekday-SDon-138000_M11_634,M11,d0,31,23:36:29,23:36:29,404262,7.0,1
MV_A5-Weekday-SDon-138000_M11_634,M11,d0,32,23:37:28,23:37:28,403125,2.0,1
MV_A5-Weekday-SDon-138000_M11_634,M11,d0,33,23:38:35,23:38:35,403126,3.0,1
MV_A5-Weekday-SDon-138000_M11_634,M11,d0,34,23:39:09,23:39:09,403127,4.0,1
MV_A5-Weekday-SDon-138000_M11_634,M11,d0,35,23:41:07,23:41:07,401444,4.0,1
MV_A5-Weekday-SDon-138000_M11_634,M11,d0,36,23:42:00,23:42:00,903352,4.0,1
MV_A5-Weekday-SDon-082900_M11_604,M11,d0,1,13:49:00,13:49:00,401393,4.0,1
MV_A5-Weekday-SDon-082900_M11_604,M11,d0,2,13:49:49,13:49:49,405120,4.0,1
MV_A5-Weekday-SDon-082900_M11_604,M11,d0,3,13:50:32,13:50:32,405167,9.0,1
MV_A5-Weekday-SDon-082900_M11_604,M11,d0,4,13:51:00,13:51:00,405265,9.0,1
MV_A5-Weekday-SDon-082900_M11_604,M11,d0,5,13:52:15,13:52:15,405152,9.0,1
MV_A5-Weekday-SDon-082900_M11_604,M11,d0,6,13:54:09,13:54:09,405151,4.0,1
MV_A5-Weekday-SDon-082900_M11_604,M11,d0,7,13:55:46,13:55:46,404161,4.0,1
MV_A5-Weekday-SDon-082900_M11_604,M11,d0,8,13:56:49,13:56:49,401398,6.0,1
MV_A5-Weekday-SDon-082900_M11_604,M11,d0,9,13:58:00,13:58:00,403802,6.0,1
MV_A5-Weekday-SDon-082900_M11_604,M11,d0,10,13:59:25,13:59:25,401400,10.0,1
MV_A5-Weekday-SDon-082900_M11_604,M11,d0,11,14:00:47,14:00:47,401401,9.0,2
MV_A5-Weekday-SDon-082900_M11_604,M11,d0,12,14:02:51,14:02:51,401402,19.0,2
MV_A5-Weekday-SDon-082900_M11_604,M11,d0,13,14:05:07,14:05:07,401404,19.0,2
MV_A5-Weekday-SDon-082900_M11_604,M11,d0,14,14:07:35,14:07:35,404279,8.0,2
MV_A5-Weekday-SDon-082900_M11_604,M11,d0,15,14:09:13,14:09:13,405631,27.0,2
MV_A5-Weekday-SDon-082900_M11_604,M11,d0,16,14:11:00,14:11:00,401407,23.0,2
MV_A5-Weekday-SDon-082900_M11_604,M11,d0,17,14:12:48,14:12:48,401408,4.0,1
MV_A5-Weekday-SDon-082900_M11_604,M11,d0,18,14:14:01,14:14:01,401409,4.0,2
MV_A5-Weekday-SDon-082900_M11_604,M11,d0,19,14:15:12,14:15:12,401410,21.0,2
MV_A5-Weekday-SDon-082900_M11_604,M11,d0,20,14:17:14,14:17:14,401411,21.0,2
MV_A5-Weekday-SDon-082900_M11_604,M11,d0,21,14:18:45,14:18:45,401412,25.0,2
MV_A5-Weekday-SDon-082900_M11_604,M11,d0,22,14:19:37,14:19:37,401413,29.0,2
MV_A5-Weekday-SDon-082900_M11_604,M11,d0,23,14:21:14,14:21:14,401414,30.0,2
MV_A5-Weekday-SDon-082900_M11_604,M11,d0,24,14:23:09,14:23:09,401416,31.0,3
MV_A5-Weekday-SDon-082900_M11_604,M11,d0,25,14:24:46,14:24:46,401417,37.0,3
MV_A5-Weekday-SDon-082900_M11_604,M11,d0,26,14:26:00,14:26:00,403472,36.0,3
MV_A5-Weekday-SDon-082900_M11_604,M11,d0,27,14:27:33,14:27:33,403555,8.0,2
MV_A5-Weekday-SDon-082900_M11_604,M11,d0,28,14:30:00,14:30:00,401021,25.0,2
MV_A5-Weekday-SDon-082900_M11_604,M11,d0,29,14:31:27,14:31:27,401022,27.0,3
MV_A5-Weekday-SDon-082900_M11_604,M11,d0,30,14:33:29,14:33:29,401023,38.0,3
MV_A5-Weekday-SDon-082900_M11_604,M11,d0,31,14:34:52,14:34:52,401024,38.0,3
MV_A5-Weekday-SDon-082900_M11_604,M11,d0,32,14:36:25,14:36:25,401025,38.0,3
MV_A5-Weekday-SDon-082900_M11_604,M11,d0,33,14:37:50,14:37:50,401026,38.0,3
MV_A5-Weekday-SDon-082900_M11_604,M11,d0,34,14:40:04,14:40:04,401027,38.0,3
MV_A5-Weekday-SDon-082900_M11_604,M11,d0,35,14:41:47,14:41:47,404320,38.0,3
MV_A5-Weekday-SDon-082900_M11_604,M11,d0,36,14:43:33,14:43:33,401029,38.0,3
MV_A5-Weekday-SDon-082900_M11_604,M11,d0,37,14:44:58,14:44:58,401030,38.0,3
MV_A5-Weekday-SDon-082900_M11_604,M11,d0,38,14:47:10,14:47:10,401031,38.0,3
MV_A5-Weekday-SDon-082900_M11_604,M11,d0,39,14:48:35,14:48:35,401032,38.0,3
MV_A5-Weekday-SDon-082900_M11_604,M11,d0,40,14:50:00,14:50:00,401033,38.0,3
MV_A5-Weekday-SDon-082900_M11_604,M11,d0,41,14:51:11,14:51:11,401034,38.0,3
MV_A5-Weekday-SDon-082900_M11_604,M11,d0,42,14:52:40,14:52:40,401035,38.0,3
MV_A5-Weekday-SDon-082900_M11_604,M11,d0,43,14:54:02,14:54:02,401435,38.0,3
MV_A5-Weekday-SDon-082900_M11_604,M11,d0,44,14:56:00,14:56:00,401436,38.0,3
MV_A5-Weekday-SDon-082900_M11_604,M11,d0,45,14:58:23,14:58:23,401438,38.0,3
MV_A5-Weekday-SDon-082900_M11_604,M11,d0,46,14:59:47,14:59:47,403886,38.0,3
MV_A5-Weekday-SDon-082900_M11_604,M11,d0,47,15:01:25,15:01:25,401440,38.0,3
MV_A5-Weekday-SDon-082900_M11_604,M11,d0,48,15:02:55,15:02:55,401441,38.0,3
MV_A5-Weekday-SDon-082900_M11_604,M11,d0,49,15:04:23,15:04:23,401442,38.0,3
MV_A5-Weekday-SDon-082900_M11_604,M11,d0,50,15:06:14,15:06:14,401443,38.0,3
MV_A5-Weekday-SDon-082900_M11_604,M11,d0,51,15:08:11,15:08:11,403292,38.0,3
MV_A5-Weekday-SDon-082900_M11_604,M11,d0,52,15:09:21,15:09:21,401444,38.0,3
MV_A5-Weekday-SDon-082900_M11_604,M11,d0,53,15:11:00,15:11:00,401446,5.0,1
MV_A5-Weekday-SDon-082900_M11_604,M11,d0,54,15:12:12,15:12:12,401447,2.0,1
MV_A5-Weekday-SDon-082900_M11_604,M11,d0,55,15:14:11,15:14:11,403757,2.0,1
MV_A5-Weekday-SDon-082900_M11_604,M11,d0,56,15:16:00,15:16:00,404011,2.0,1
MV_A5-Weekday-SDon-082900_M11_604,M11,d0,57,15:16:18,15:16:18,404012,2.0,2
MV_A5-Weekday-SDon-082900_M11_604,M11,d0,58,15:16:51,15:16:51,404013,22.0,2
MV_A5-Weekday-SDon-082900_M11_604,M11,d0,59,15:17:08,15:17:08,404056,22.0,2
MV_A5-Weekday-SDon-082900_M11_604,M11,d0,60,15:17:49,15:17:49,404014,22.0,2
MV_A5-Weekday-SDon-082900_M11_604,M11,d0,61,15:18:11,15:18:11,404015,5.0,1
MV_A5-Weekday-SDon-082900_M11_604,M11,d0,62,15:19:00,15:19:00,803194,5.0,1
MV_A5-Weekday-074500_M11_614,M11,d0,1,12:25:00,12:25:00,401393,5.0,1
MV_A5-Weekday-074500_M11_614,M11,d0,2,12:25:49,12:25:49,405120,5.0,1
MV_A5-Weekday-074500_M11_614,M11,d0,3,12:26:32,12:26:32,405167,5.0,1
MV_A5-Weekday-074500_M11_614,M11,d0,4,12:27:00,12:27:00,405265,6.0,1
MV_A5-Weekday-074500_M11_614,M11,d0,5,12:28:15,12:28:15,405152,6.0,1
MV_A5-Weekday-074500_M11_614,M11,d0,6,12:30:09,12:30:09,405151,3.0,1
MV_A5-Weekday-074500_M11_614,M11,d0,7,12:31:46,12:31:46,404161,8.0,1
MV_A5-Weekday-074500_M11_614,M11,d0,8,12:32:49,12:32:49,401398,8.0,1
MV_A5-Weekday-074500_M11_614,M11,d0,9,12:34:00,12:34:00,403802,3.0,1
MV_A5-Weekday-074500_M11_614,M11,d0,10,12:35:25,12:35:25,401400,4.0,1
MV_A5-Weekday-074500_M11_614,M11,d0,11,12:36:47,12:36:47,401401,4.0,1
MV_A5-Weekday-074500_M11_614,M11,d0,12,12:38:51,12:38:51,401402,4.0,1
MV_A5-Weekday-074500_M11_614,M11,d0,13,12:41:07,12:41:07,401404,4.0,1
MV_A5-Weekday-074500_M11_614,M11,d0,14,12:43:35,12:43:35,404279,8.0,1
MV_A5-Weekday-074500_M11_614,M11,d0,15,12:45:13,12:45:13,405631,14.0,1
MV_A5-Weekday-074500_M11_614,M11,d0,16,12:47:00,12:47:00,401407,16.0,1
MV_A5-Weekday-074500_M11_614,M11,d0,17,12:48:48,12:48:48,401408,16.0,1
MV_A5-Weekday-074500_M11_614,M11,d0,18,12:50:01,12:50:01,401409,16.0,2
MV_A5-Weekday-074500_M11_614,M11,d0,19,12:51:12,12:51:12,401410,30.0,2
MV_A5-Weekday-074500_M11_614,M11,d0,20,12:53:14,12:53:14,401411,27.0,2
MV_A5-Weekday-074500_M11_614,M11,d0,21,12:54:45,12:54:45,401412,27.0,2
MV_A5-Weekday-074500_M11_614,M11,d0,22,12:55:37,12:55:37,401413,24.0,2
MV_A5-Weekday-074500_M11_614,M11,d0,23,12:57:14,12:57:14,401414,31.0,2
MV_A5-Weekday-074500_M11_614,M11,d0,24,12:59:09,12:59:09,401416,21.0,2
MV_A5-Weekday-074500_M11_614,M11,d0,25,13:00:46,13:00:46,401417,22.0,2
MV_A5-Weekday-074500_M11_614,M11,d0,26,13:02:00,13:02:00,403472,25.0,2
MV_A5-Weekday-074500_M11_614,M11,d0,27,13:03:33,13:03:33,403555,25.0,2
MV_A5-Weekday-074500_M11_614,M11,d0,28,13:06:00,13:06:00,401021,27.0,2
MV_A5-Weekday-074500_M11_614,M11,d0,29,13:07:14,13:07:14,401022,4.0,2
MV_A5-Weekday-074500_M11_614,M11,d0,30,13:08:58,13:08:58,401023,27.0,2
MV_A5-Weekday-074500_M11_614,M11,d0,31,13:10:08,13:10:08,401024,23.0,2
MV_A5-Weekday-074500_M11_614,M11,d0,32,13:11:28,13:11:28,401025,10.0,2
MV_A5-Weekday-074500_M11_614,M11,d0,33,13:12:40,13:12:40,401026,22.0,2
MV_A5-Weekday-074500_M11_614,M11,d0,34,13:14:33,13:14:33,401027,22.0,2
MV_A5-Weekday-074500_M11_614,M11,d0,35,13:16:01,13:16:01,404320,19.0,2
MV_A5-Weekday-074500_M11_614,M11,d0,36,13:17:31,13:17:31,401029,19.0,2
MV_A5-Weekday-074500_M11_614,M11,d0,37,13:18:43,13:18:43,401030,15.0,2
MV_A5-Weekday-074500_M11_614,M11,d0,38,13:20:35,13:20:35,401031,20.0,2
MV_A5-Weekday-074500_M11_614,M11,d0,39,13:21:48,13:21:48,401032,20.0,2
MV_A5-Weekday-074500_M11_614,M11,d0,40,13:23:00,13:23:00,401033,20.0,2
MV_A5-Weekday-074500_M11_614,M11,d0,41,13:23:59,13:23:59,401034,20.0,2
MV_A5-Weekday-074500_M11_614,M11,d0,42,13:25:13,13:25:13,401035,20.0,2
MV_A5-Weekday-074500_M11_614,M11,d0,43,13:26:22,13:26:22,401435,21.0,2
MV_A5-Weekday-074500_M11_614,M11,d0,44,13:28:00,13:28:00,401436,15.0,1
MV_A5-Weekday-074500_M11_614,M11,d0,45,13:30:04,13:30:04,401438,14.0,1
MV_A5-Weekday-074500_M11_614,M11,d0,46,13:31:17,13:31:17,403886,14.0,1
MV_A5-Weekday-074500_M11_614,M11,d0,47,13:32:42,13:32:42,401440,14.0,1
MV_A5-Weekday-074500_M11_614,M11,d0,48,13:33:59,13:33:59,401441,13.0,1
MV_A5-Weekday-074500_M11_614,M11,d0,49,13:35:16,13:35:16,401442,10.0,1
MV_A5-Weekday-074500_M11_614,M11,d0,50,13:36:52,13:36:52,401443,12.0,1
MV_A5-Weekday-074500_M11_614,M11,d0,51,13:38:33,13:38:33,403292,12.0,1
MV_A5-Weekday-074500_M11_614,M11,d0,52,13:39:35,13:39:35,401444,13.0,1
MV_A5-Weekday-074500_M11_614,M11,d0,53,13:41:00,13:41:00,401446,13.0,1
MV_A5-Weekday-074500_M11_614,M11,d0,54,13:42:12,13:42:12,401447,12.0,1
MV_A5-Weekday-074500_M11_614,M11,d0,55,13:44:11,13:44:11,403757,10.0,1
MV_A5-Weekday-074500_M11_614,M11,d0,56,13:46:00,13:46:00,404011,10.0,1
MV_A5-Weekday-074500_M11_614,M11,d0,57,13:46:18,13:46:18,404012,4.0,1
MV_A5-Weekday-074500_M11_614,M11,d0,58,13:46:51,13:46:51,404013,4.0,1
MV_A5-Weekday-074500_M11_614,M11,d0,59,13:47:08,13:47:08,404056,4.0,1
MV_A5-Weekday-074500_M11_614,M11,d0,60,13:47:49,13:47:49,404014,1.0,1
MV_A5-Weekday-074500_M11_614,M11,d0,61,13:48:11,13:48:11,404015,1.0,1
MV_A5-Weekday-074500_M11_614,M11,d0,62,13:49:00,13:49:00,803194,1.0,1
MV_A5-Weekday-SDon-093500_M11_620,M11,d0,1,15:35:00,15:35:00,405374,6.0,1
MV_A5-Weekday-SDon-093500_M11_620,M11,d0,2,15:36:07,15:36:07,404919,6.0,1
MV_A5-Weekday-SDon-093500_M11_620,M11,d0,3,15:37:23,15:37:23,404872,3.0,1
MV_A5-Weekday-SDon-093500_M11_620,M11,d0,4,15:38:54,15:38:54,404846,5.0,1
MV_A5-Weekday-SDon-093500_M11_620,M11,d0,5,15:40:14,15:40:14,401239,5.0,1
MV_A5-Weekday-SDon-093500_M11_620,M11,d0,6,15:42:00,15:42:00,405393,6.0,1
MV_A5-Weekday-SDon-093500_M11_620,M11,d0,7,15:43:34,15:43:34,903209,6.0,1
MV_A5-Weekday-SDon-093500_M11_620,M11,d0,8,15:44:33,15:44:33,401016,12.0,1
MV_A5-Weekday-SDon-093500_M11_620,M11,d0,9,15:46:00,15:46:00,400747,12.0,1
MV_A5-Weekday-SDon-093500_M11_620,M11,d0,10,15:48:15,15:48:15,403271,12.0,1
MV_A5-Weekday-SDon-093500_M11_620,M11,d0,11,15:50:30,15:50:30,400750,11.0,1
MV_A5-Weekday-SDon-093500_M11_620,M11,d0,12,15:53:33,15:53:33,403103,7.0,1
MV_A5-Weekday-SDon-093500_M11_620,M11,d0,13,15:55:11,15:55:11,403104,13.0,1
MV_A5-Weekday-SDon-093500_M11_620,M11,d0,14,15:56:34,15:56:34,403105,13.0,1
MV_A5-Weekday-SDon-093500_M11_620,M11,d0,15,15:58:00,15:58:00,403106,14.0,2
MV_A5-Weekday-SDon-093500_M11_620,M11,d0,16,15:59:53,15:59:53,403107,21.0,2
MV_A5-Weekday-SDon-093500_M11_620,M11,d0,17,16:01:25,16:01:25,903299,21.0,2
MV_A5-Weekday-SDon-093500_M11_620,M11,d0,18,16:02:28,16:02:28,403109,15.0,2
MV_A5-Weekday-SDon-093500_M11_620,M11,d0,19,16:03:43,16:03:43,403110,17.0,2
MV_A5-Weekday-SDon-093500_M11_620,M11,d0,20,16:05:34,16:05:34,403111,19.0,2
MV_A5-Weekday-SDon-093500_M11_620,M11,d0,21,16:06:50,16:06:50,403112,12.0,1
MV_A5-Weekday-SDon-093500_M11_620,M11,d0,22,16:09:00,16:09:00,405248,12.0,1
MV_A5-Weekday-SDon-093500_M11_620,M11,d0,23,16:10:46,16:10:46,403114,11.0,1
MV_A5-Weekday-SDon-093500_M11_620,M11,d0,24,16:12:26,16:12:26,403115,7.0,2
MV_A5-Weekday-SDon-093500_M11_620,M11,d0,25,16:13:42,16:13:42,403116,18.0,2
MV_A5-Weekday-SDon-093500_M11_620,M11,d0,26,16:15:00,16:15:00,405394,18.0,2
MV_A5-Weekday-SDon-093500_M11_620,M11,d0,27,16:17:10,16:17:10,403118,13.0,1
MV_A5-Weekday-SDon-093500_M11_620,M11,d0,28,16:18:15,16:18:15,403119,8.0,1
MV_A5-Weekday-SDon-093500_M11_620,M11,d0,29,16:20:07,16:20:07,404260,10.0,1
MV_A5-Weekday-SDon-093500_M11_620,M11,d0,30,16:21:35,16:21:35,403122,5.0,1
MV_A5-Weekday-SDon-093500_M11_620,M11,d0,31,16:23:58,16:23:58,404262,5.0,1
MV_A5-Weekday-SDon-093500_M11_620,M11,d0,32,16:25:34,16:25:34,403125,2.0,1
MV_A5-Weekday-SDon-093500_M11_620,M11,d0,33,16:27:24,16:27:24,403126,2.0,1
MV_A5-Weekday-SDon-093500_M11_620,M11,d0,34,16:28:20,16:28:20,403127,7.0,1
MV_A5-Weekday-SDon-093500_M11_620,M11,d0,35,16:31:33,16:31:33,401444,4.0,1
MV_A5-Weekday-SDon-093500_M11_620,M11,d0,36,16:33:00,16:33:00,903352,4.0,1
MV_A5-Weekday-SDon-079300_M11_616,M11,d0,1,13:13:00,13:13:00,401393,2.0,1
MV_A5-Weekday-SDon-079300_M11_616,M11,d0,2,13:13:49,13:13:49,405120,2.0,1
MV_A5-Weekday-SDon-079300_M11_616,M11,d0,3,13:14:32,13:14:32,405167,5.0,1
MV_A5-Weekday-SDon-079300_M11_616,M11,d0,4,13:15:00,13:15:00,405265,5.0,1
MV_A5-Weekday-SDon-079300_M11_616,M11,d0,5,13:16:15,13:16:15,405152,7.0,1
MV_A5-Weekday-SDon-079300_M11_616,M11,d0,6,13:18:09,13:18:09,405151,5.0,1
MV_A5-Weekday-SDon-079300_M11_616,M11,d0,7,13:19:46,13:19:46,404161,8.0,1
MV_A5-Weekday-SDon-079300_M11_616,M11,d0,8,13:20:49,13:20:49,401398,11.0,1
MV_A5-Weekday-SDon-079300_M11_616,M11,d0,9,13:22:00,13:22:00,403802,11.0,1
MV_A5-Weekday-SDon-079300_M11_616,M11,d0,10,13:23:25,13:23:25,401400,11.0,1
MV_A5-Weekday-SDon-079300_M11_616,M11,d0,11,13:24:47,13:24:47,401401,5.0,2
MV_A5-Weekday-SDon-079300_M11_616,M11,d0,12,13:26:51,13:26:51,401402,24.0,2
MV_A5-Weekday-SDon-079300_M11_616,M11,d0,13,13:29:07,13:29:07,401404,24.0,2
MV_A5-Weekday-SDon-079300_M11_616,M11,d0,14,13:31:35,13:31:35,404279,4.0,1
MV_A5-Weekday-SDon-079300_M11_616,M11,d0,15,13:33:13,13:33:13,405631,4.0,1
MV_A5-Weekday-SDon-079300_M11_616,M11,d0,16,13:35:00,13:35:00,401407,5.0,1
MV_A5-Weekday-SDon-079300_M11_616,M11,d0,17,13:36:48,13:36:48,401408,15.0,1
MV_A5-Weekday-SDon-079300_M11_616,M11,d0,18,13:38:01,13:38:01,401409,15.0,1
MV_A5-Weekday-SDon-079300_M11_616,M11,d0,19,13:39:12,13:39:12,401410,15.0,1
MV_A5-Weekday-SDon-079300_M11_616,M11,d0,20,13:41:14,13:41:14,401411,15.0,3
MV_A5-Weekday-SDon-079300_M11_616,M11,d0,21,13:42:45,13:42:45,401412,45.0,3
MV_A5-Weekday-SDon-079300_M11_616,M11,d0,22,13:43:37,13:43:37,401413,45.0,3
MV_A5-Weekday-SDon-079300_M11_616,M11,d0,23,13:45:14,13:45:14,401414,33.0,3
MV_A5-Weekday-SDon-079300_M11_616,M11,d0,24,13:47:09,13:47:09,401416,31.0,3
MV_A5-Weekday-SDon-079300_M11_616,M11,d0,25,13:48:46,13:48:46,401417,34.0,3
MV_A5-Weekday-SDon-079300_M11_616,M11,d0,26,13:50:00,13:50:00,403472,34.0,3
MV_A5-Weekday-SDon-079300_M11_616,M11,d0,27,13:51:33,13:51:33,403555,34.0,3
MV_A5-Weekday-SDon-079300_M11_616,M11,d0,28,13:54:00,13:54:00,401021,27.0,2
MV_A5-Weekday-SDon-079300_M11_616,M11,d0,29,13:55:14,13:55:14,401022,28.0,2
MV_A5-Weekday-SDon-079300_M11_616,M11,d0,30,13:56:58,13:56:58,401023,27.0,2
MV_A5-Weekday-SDon-079300_M11_616,M11,d0,31,13:58:08,13:58:08,401024,29.0,2
MV_A5-Weekday-SDon-079300_M11_616,M11,d0,32,13:59:28,13:59:28,401025,30.0,2
MV_A5-Weekday-SDon-079300_M11_616,M11,d0,33,14:00:40,14:00:40,401026,30.0,2
MV_A5-Weekday-SDon-079300_M11_616,M11,d0,34,14:02:33,14:02:33,401027,30.0,2
MV_A5-Weekday-SDon-079300_M11_616,M11,d0,35,14:04:01,14:04:01,404320,25.0,3
MV_A5-Weekday-SDon-079300_M11_616,M11,d0,36,14:05:31,14:05:31,401029,36.0,3
MV_A5-Weekday-SDon-079300_M11_616,M11,d0,37,14:06:43,14:06:43,401030,36.0,3
MV_A5-Weekday-SDon-079300_M11_616,M11,d0,38,14:08:35,14:08:35,401031,21.0,2
MV_A5-Weekday-SDon-079300_M11_616,M11,d0,39,14:09:48,14:09:48,401032,21.0,2
MV_A5-Weekday-SDon-079300_M11_616,M11,d0,40,14:11:00,14:11:00,401033,24.0,2
MV_A5-Weekday-SDon-079300_M11_616,M11,d0,41,14:11:59,14:11:59,401034,24.0,2
MV_A5-Weekday-SDon-079300_M11_616,M11,d0,42,14:13:13,14:13:13,401035,31.0,2
MV_A5-Weekday-SDon-079300_M11_616,M11,d0,43,14:14:22,14:14:22,401435,31.0,2
MV_A5-Weekday-SDon-079300_M11_616,M11,d0,44,14:16:00,14:16:00,401436,29.0,2
MV_A5-Weekday-SDon-079300_M11_616,M11,d0,45,14:18:23,14:18:23,401438,22.0,2
MV_A5-Weekday-SDon-079300_M11_616,M11,d0,46,14:19:47,14:19:47,403886,21.0,2
MV_A5-Weekday-SDon-079300_M11_616,M11,d0,47,14:21:25,14:21:25,401440,24.0,2
MV_A5-Weekday-SDon-079300_M11_616,M11,d0,48,14:22:55,14:22:55,401441,24.0,2
MV_A5-Weekday-SDon-079300_M11_616,M11,d0,49,14:24:23,14:24:23,401442,4.0,2
MV_A5-Weekday-SDon-079300_M11_616,M11,d0,50,14:26:14,14:26:14,401443,22.0,2
MV_A5-Weekday-SDon-079300_M11_616,M11,d0,51,14:28:11,14:28:11,403292,23.0,2
MV_A5-Weekday-SDon-079300_M11_616,M11,d0,52,14:29:21,14:29:21,401444,29.0,2
MV_A5-Weekday-SDon-079300_M11_616,M11,d0,53,14:31:00,14:31:00,401446,29.0,2
MV_A5-Weekday-SDon-079300_M11_616,M11,d0,54,14:32:12,14:32:12,401447,2.0,1
MV_A5-Weekday-SDon-079300_M11_616,M11,d0,55,14:34:11,14:34:11,403757,2.0,1
MV_A5-Weekday-SDon-079300_M11_616,M11,d0,56,14:36:00,14:36:00,404011,2.0,1
MV_A5-Weekday-SDon-079300_M11_616,M11,d0,57,14:36:18,14:36:18,404012,1.0,1
MV_A5-Weekday-SDon-079300_M11_616,M11,d0,58,14:36:51,14:36:51,404013,1.0,1
MV_A5-Weekday-SDon-079300_M11_616,M11,d0,59,14:37:08,14:37:08,404056,1.0,1
MV_A5-Weekday-SDon-079300_M11_616,M11,d0,60,14:37:49,14:37:49,404014,1.0,1
MV_A5-Weekday-SDon-079300_M11_616,M11,d0,61,14:38:11,14:38:11,404015,1.0,1
MV_A5-Weekday-SDon-079300_M11_616,M11,d0,62,14:39:00,14:39:00,803194,1.0,1
MV_A5-Weekday-048700_M11_613,M11,d0,1,8:07:00,8:07:00,401393,23.0,2
MV_A5-Weekday-048700_M11_613,M11,d0,2,8:07:49,8:07:49,405120,23.0,2
MV_A5-Weekday-048700_M11_613,M11,d0,3,8:08:32,8:08:32,405167,23.0,2
MV_A5-Weekday-048700_M11_613,M11,d0,4,8:09:00,8:09:00,405265,23.0,2
MV_A5-Weekday-048700_M11_613,M11,d0,5,8:10:04,8:10:04,405152,23.0,2
MV_A5-Weekday-048700_M11_613,M11,d0,6,8:11:42,8:11:42,405151,23.0,2
MV_A5-Weekday-048700_M11_613,M11,d0,7,8:13:05,8:13:05,404161,23.0,2
MV_A5-Weekday-048700_M11_613,M11,d0,8,8:13:59,8:13:59,401398,23.0,2
MV_A5-Weekday-048700_M11_613,M11,d0,9,8:15:00,8:15:00,403802,23.0,2
MV_A5-Weekday-048700_M11_613,M11,d0,10,8:16:25,8:16:25,401400,23.0,2
MV_A5-Weekday-048700_M11_613,M11,d0,11,8:17:47,8:17:47,401401,23.0,2
MV_A5-Weekday-048700_M11_613,M11,d0,12,8:19:51,8:19:51,401402,23.0,2
MV_A5-Weekday-048700_M11_613,M11,d0,13,8:22:07,8:22:07,401404,23.0,2
MV_A5-Weekday-048700_M11_613,M11,d0,14,8:24:35,8:24:35,404279,9.0,1
MV_A5-Weekday-048700_M11_613,M11,d0,15,8:26:13,8:26:13,405631,12.0,1
MV_A5-Weekday-048700_M11_613,M11,d0,16,8:28:00,8:28:00,401407,12.0,1
MV_A5-Weekday-048700_M11_613,M11,d0,17,8:29:41,8:29:41,401408,12.0,1
MV_A5-Weekday-048700_M11_613,M11,d0,18,8:30:49,8:30:49,401409,15.0,1
MV_A5-Weekday-048700_M11_613,M11,d0,19,8:31:55,8:31:55,401410,15.0,1
MV_A5-Weekday-048700_M11_613,M11,d0,20,8:33:49,8:33:49,401411,12.0,1
MV_A5-Weekday-048700_M11_613,M11,d0,21,8:35:14,8:35:14,401412,12.0,1
MV_A5-Weekday-048700_M11_613,M11,d0,22,8:36:03,8:36:03,401413,12.0,1
MV_A5-Weekday-048700_M11_613,M11,d0,23,8:37:33,8:37:33,401414,9.0,1
MV_A5-Weekday-048700_M11_613,M11,d0,24,8:39:21,8:39:21,401416,13.0,1
MV_A5-Weekday-048700_M11_613,M11,d0,25,8:40:51,8:40:51,401417,13.0,1
MV_A5-Weekday-048700_M11_613,M11,d0,26,8:42:00,8:42:00,403472,13.0,1
MV_A5-Weekday-048700_M11_613,M11,d0,27,8:43:10,8:43:10,403555,13.0,1
MV_A5-Weekday-048700_M11_613,M11,d0,28,8:45:00,8:45:00,401021,13.0,1
MV_A5-Weekday-048700_M11_613,M11,d0,29,8:46:10,8:46:10,401022,12.0,1
MV_A5-Weekday-048700_M11_613,M11,d0,30,8:47:48,8:47:48,401023,12.0,1
MV_A5-Weekday-048700_M11_613,M11,d0,31,8:48:53,8:48:53,401024,11.0,1
MV_A5-Weekday-048700_M11_613,M11,d0,32,8:50:08,8:50:08,401025,12.0,1
MV_A5-Weekday-048700_M11_613,M11,d0,33,8:51:16,8:51:16,401026,16.0,1
MV_A5-Weekday-048700_M11_613,M11,d0,34,8:53:03,8:53:03,401027,16.0,1
MV_A5-Weekday-048700_M11_613,M11,d0,35,8:54:25,8:54:25,404320,16.0,1
MV_A5-Weekday-048700_M11_613,M11,d0,36,8:55:51,8:55:51,401029,16.0,1
MV_A5-Weekday-048700_M11_613,M11,d0,37,8:56:58,8:56:58,401030,13.0,1
MV_A5-Weekday-048700_M11_613,M11,d0,38,8:58:44,8:58:44,401031,13.0,1
MV_A5-Weekday-048700_M11_613,M11,d0,39,8:59:52,8:59:52,401032,13.0,1
MV_A5-Weekday-048700_M11_613,M11,d0,40,9:01:00,9:01:00,401033,15.0,1
MV_A5-Weekday-048700_M11_613,M11,d0,41,9:01:59,9:01:59,401034,15.0,1
MV_A5-Weekday-048700_M11_613,M11,d0,42,9:03:13,9:03:13,401035,15.0,1
MV_A5-Weekday-048700_M11_613,M11,d0,43,9:04:22,9:04:22,401435,15.0,1
MV_A5-Weekday-048700_M11_613,M11,d0,44,9:06:00,9:06:00,401436,15.0,1
MV_A5-Weekday-048700_M11_613,M11,d0,45,9:07:45,9:07:45,401438,13.0,1
MV_A5-Weekday-048700_M11_613,M11,d0,46,9:08:46,9:08:46,403886,13.0,1
MV_A5-Weekday-048700_M11_613,M11,d0,47,9:09:58,9:09:58,401440,12.0,1
MV_A5-Weekday-048700_M11_613,M11,d0,48,9:11:04,9:11:04,401441,12.0,1
MV_A5-Weekday-048700_M11_613,M11,d0,49,9:12:09,9:12:09,401442,8.0,1
MV_A5-Weekday-048700_M11_613,M11,d0,50,9:13:30,9:13:30,401443,9.0,1
MV_A5-Weekday-048700_M11_613,M11,d0,51,9:14:56,9:14:56,403292,8.0,1
MV_A5-Weekday-048700_M11_613,M11,d0,52,9:15:48,9:15:48,401444,8.0,1
MV_A5-Weekday-048700_M11_613,M11,d0,53,9:17:00,9:17:00,401446,8.0,1
MV_A5-Weekday-048700_M11_613,M11,d0,54,9:18:12,9:18:12,401447,8.0,1
MV_A5-Weekday-048700_M11_613,M11,d0,55,9:20:11,9:20:11,403757,8.0,1
MV_A5-Weekday-048700_M11_613,M11,d0,56,9:22:00,9:22:00,404011,8.0,1
MV_A5-Weekday-048700_M11_613,M11,d0,57,9:22:12,9:22:12,404012,8.0,1
MV_A5-Weekday-048700_M11_613,M11,d0,58,9:22:34,9:22:34,404013,8.0,1
MV_A5-Weekday-048700_M11_613,M11,d0,59,9:22:45,9:22:45,404056,8.0,1
MV_A5-Weekday-048700_M11_613,M11,d0,60,9:23:13,9:23:13,404014,8.0,1
MV_A5-Weekday-048700_M11_613,M11,d0,61,9:23:27,9:23:27,404015,8.0,1
MV_A5-Weekday-048700_M11_613,M11,d0,62,9:24:00,9:24:00,803194,8.0,1
MV_A5-Weekday-SDon-043700_M11_608,M11,d0,1,7:17:00,7:17:00,401393,28.0,2
MV_A5-Weekday-SDon-043700_M11_608,M11,d0,2,7:17:49,7:17:49,405120,28.0,2
MV_A5-Weekday-SDon-043700_M11_608,M11,d0,3,7:18:32,7:18:32,405167,28.0,2
MV_A5-Weekday-SDon-043700_M11_608,M11,d0,4,7:19:00,7:19:00,405265,28.0,2
MV_A5-Weekday-SDon-043700_M11_608,M11,d0,5,7:19:54,7:19:54,405152,28.0,2
MV_A5-Weekday-SDon-043700_M11_608,M11,d0,6,7:21:15,7:21:15,405151,28.0,2
MV_A5-Weekday-SDon-043700_M11_608,M11,d0,7,7:22:24,7:22:24,404161,28.0,2
MV_A5-Weekday-SDon-043700_M11_608,M11,d0,8,7:23:10,7:23:10,401398,28.0,2
MV_A5-Weekday-SDon-043700_M11_608,M11,d0,9,7:24:00,7:24:00,403802,28.0,2
MV_A5-Weekday-SDon-043700_M11_608,M11,d0,10,7:24:52,7:24:52,401400,28.0,2
MV_A5-Weekday-SDon-043700_M11_608,M11,d0,11,7:25:43,7:25:43,401401,28.0,2
MV_A5-Weekday-SDon-043700_M11_608,M11,d0,12,7:26:59,7:26:59,401402,28.0,2
MV_A5-Weekday-SDon-043700_M11_608,M11,d0,13,7:28:23,7:28:23,401404,28.0,2
MV_A5-Weekday-SDon-043700_M11_608,M11,d0,14,7:29:54,7:29:54,404279,28.0,2
MV_A5-Weekday-SDon-043700_M11_608,M11,d0,15,7:30:54,7:30:54,405631,28.0,2
MV_A5-Weekday-SDon-043700_M11_608,M11,d0,16,7:32:00,7:32:00,401407,28.0,2
MV_A5-Weekday-SDon-043700_M11_608,M11,d0,17,7:33:41,7:33:41,401408,28.0,2
MV_A5-Weekday-SDon-043700_M11_608,M11,d0,18,7:34:49,7:34:49,401409,28.0,2
MV_A5-Weekday-SDon-043700_M11_608,M11,d0,19,7:35:55,7:35:55,401410,28.0,2
MV_A5-Weekday-SDon-043700_M11_608,M11,d0,20,7:37:49,7:37:49,401411,28.0,2
MV_A5-Weekday-SDon-043700_M11_608,M11,d0,21,7:39:14,7:39:14,401412,28.0,2
MV_A5-Weekday-SDon-043700_M11_608,M11,d0,22,7:40:03,7:40:03,401413,28.0,2
MV_A5-Weekday-SDon-043700_M11_608,M11,d0,23,7:41:33,7:41:33,401414,28.0,2
MV_A5-Weekday-SDon-043700_M11_608,M11,d0,24,7:43:21,7:43:21,401416,28.0,2
MV_A5-Weekday-SDon-043700_M11_608,M11,d0,25,7:44:51,7:44:51,401417,28.0,4
MV_A5-Weekday-SDon-043700_M11_608,M11,d0,26,7:46:00,7:46:00,403472,51.0,4
MV_A5-Weekday-SDon-043700_M11_608,M11,d0,27,7:47:10,7:47:10,403555,51.0,4
MV_A5-Weekday-SDon-043700_M11_608,M11,d0,28,7:49:00,7:49:00,401021,51.0,4
MV_A5-Weekday-SDon-043700_M11_608,M11,d0,29,7:50:10,7:50:10,401022,51.0,4
MV_A5-Weekday-SDon-043700_M11_608,M11,d0,30,7:51:48,7:51:48,401023,51.0,4
MV_A5-Weekday-SDon-043700_M11_608,M11,d0,31,7:52:53,7:52:53,401024,51.0,4
MV_A5-Weekday-SDon-043700_M11_608,M11,d0,32,7:54:08,7:54:08,401025,60.0,4
MV_A5-Weekday-SDon-043700_M11_608,M11,d0,33,7:55:16,7:55:16,401026,60.0,4
MV_A5-Weekday-SDon-043700_M11_608,M11,d0,34,7:57:03,7:57:03,401027,60.0,4
MV_A5-Weekday-SDon-043700_M11_608,M11,d0,35,7:58:25,7:58:25,404320,60.0,4
MV_A5-Weekday-SDon-043700_M11_608,M11,d0,36,7:59:51,7:59:51,401029,48.0,3
MV_A5-Weekday-SDon-043700_M11_608,M11,d0,37,8:00:58,8:00:58,401030,48.0,3
MV_A5-Weekday-SDon-043700_M11_608,M11,d0,38,8:02:44,8:02:44,401031,48.0,3
MV_A5-Weekday-SDon-043700_M11_608,M11,d0,39,8:03:52,8:03:52,401032,42.0,4
MV_A5-Weekday-SDon-043700_M11_608,M11,d0,40,8:05:00,8:05:00,401033,52.0,4
MV_A5-Weekday-SDon-043700_M11_608,M11,d0,41,8:05:59,8:05:59,401034,52.0,4
MV_A5-Weekday-SDon-043700_M11_608,M11,d0,42,8:07:13,8:07:13,401035,52.0,4
MV_A5-Weekday-SDon-043700_M11_608,M11,d0,43,8:08:22,8:08:22,401435,20.0,2
MV_A5-Weekday-SDon-043700_M11_608,M11,d0,44,8:10:00,8:10:00,401436,19.0,2
MV_A5-Weekday-SDon-043700_M11_608,M11,d0,45,8:11:45,8:11:45,401438,17.0,2
MV_A5-Weekday-SDon-043700_M11_608,M11,d0,46,8:12:46,8:12:46,403886,17.0,2
MV_A5-Weekday-SDon-043700_M11_608,M11,d0,47,8:13:58,8:13:58,401440,17.0,2
MV_A5-Weekday-SDon-043700_M11_608,M11,d0,48,8:15:04,8:15:04,401441,17.0,2
MV_A5-Weekday-SDon-043700_M11_608,M11,d0,49,8:16:09,8:16:09,401442,10.0,1
MV_A5-Weekday-SDon-043700_M11_608,M11,d0,50,8:17:30,8:17:30,401443,16.0,2
MV_A5-Weekday-SDon-043700_M11_608,M11,d0,51,8:18:56,8:18:56,403292,17.0,2
MV_A5-Weekday-SDon-043700_M11_608,M11,d0,52,8:19:48,8:19:48,401444,16.0,1
MV_A5-Weekday-SDon-043700_M11_608,M11,d0,53,8:21:00,8:21:00,401446,16.0,1
MV_A5-Weekday-SDon-043700_M11_608,M11,d0,54,8:22:12,8:22:12,401447,16.0,1
MV_A5-Weekday-SDon-043700_M11_608,M11,d0,55,8:24:11,8:24:11,403757,16.0,1
MV_A5-Weekday-SDon-043700_M11_608,M11,d0,56,8:26:00,8:26:00,404011,4.0,1
MV_A5-Weekday-SDon-043700_M11_608,M11,d0,57,8:26:12,8:26:12,404012,8.0,1
MV_A5-Weekday-SDon-043700_M11_608,M11,d0,58,8:26:34,8:26:34,404013,8.0,1
MV_A5-Weekday-SDon-043700_M11_608,M11,d0,59,8:26:45,8:26:45,404056,7.0,1
MV_A5-Weekday-SDon-043700_M11_608,M11,d0,60,8:27:13,8:27:13,404014,16.0,1
MV_A5-Weekday-SDon-043700_M11_608,M11,d0,61,8:27:27,8:27:27,404015,16.0,1
MV_A5-Weekday-SDon-043700_M11_608,M11,d0,62,8:28:00,8:28:00,803194,16.0,1
MV_A5-Weekday-036000_M11_601,M11,d0,1,6:00:00,6:00:00,401393,2.0,1
MV_A5-Weekday-036000_M11_601,M11,d0,2,6:00:49,6:00:49,405120,2.0,1
MV_A5-Weekday-036000_M11_601,M11,d0,3,6:01:32,6:01:32,405167,2.0,1
MV_A5-Weekday-036000_M11_601,M11,d0,4,6:02:00,6:02:00,405265,2.0,1
MV_A5-Weekday-036000_M11_601,M11,d0,5,6:02:54,6:02:54,405152,3.0,1
MV_A5-Weekday-036000_M11_601,M11,d0,6,6:04:15,6:04:15,405151,6.0,1
MV_A5-Weekday-036000_M11_601,M11,d0,7,6:05:24,6:05:24,404161,6.0,1
MV_A5-Weekday-036000_M11_601,M11,d0,8,6:06:10,6:06:10,401398,2.0,1
MV_A5-Weekday-036000_M11_601,M11,d0,9,6:07:00,6:07:00,403802,8.0,1
MV_A5-Weekday-036000_M11_601,M11,d0,10,6:07:46,6:07:46,401400,8.0,1
MV_A5-Weekday-036000_M11_601,M11,d0,11,6:08:30,6:08:30,401401,8.0,1
MV_A5-Weekday-036000_M11_601,M11,d0,12,6:09:37,6:09:37,401402,7.0,1
MV_A5-Weekday-036000_M11_601,M11,d0,13,6:10:50,6:10:50,401404,7.0,1
MV_A5-Weekday-036000_M11_601,M11,d0,14,6:12:10,6:12:10,404279,7.0,1
MV_A5-Weekday-036000_M11_601,M11,d0,15,6:13:02,6:13:02,405631,6.0,1
MV_A5-Weekday-036000_M11_601,M11,d0,16,6:14:00,6:14:00,401407,12.0,1
MV_A5-Weekday-036000_M11_601,M11,d0,17,6:15:12,6:15:12,401408,11.0,1
MV_A5-Weekday-036000_M11_601,M11,d0,18,6:16:01,6:16:01,401409,13.0,1
MV_A5-Weekday-036000_M11_601,M11,d0,19,6:16:48,6:16:48,401410,11.0,1
MV_A5-Weekday-036000_M11_601,M11,d0,20,6:18:10,6:18:10,401411,13.0,1
MV_A5-Weekday-036000_M11_601,M11,d0,21,6:19:10,6:19:10,401412,10.0,1
MV_A5-Weekday-036000_M11_601,M11,d0,22,6:19:45,6:19:45,401413,11.0,1
MV_A5-Weekday-036000_M11_601,M11,d0,23,6:20:50,6:20:50,401414,10.0,1
MV_A5-Weekday-036000_M11_601,M11,d0,24,6:22:06,6:22:06,401416,11.0,1
MV_A5-Weekday-036000_M11_601,M11,d0,25,6:23:11,6:23:11,401417,11.0,1
MV_A5-Weekday-036000_M11_601,M11,d0,26,6:24:00,6:24:00,403472,11.0,1
MV_A5-Weekday-036000_M11_601,M11,d0,27,6:24:47,6:24:47,403555,8.0,1
MV_A5-Weekday-036000_M11_601,M11,d0,28,6:26:00,6:26:00,401021,8.0,1
MV_A5-Weekday-036000_M11_601,M11,d0,29,6:26:48,6:26:48,401022,6.0,1
MV_A5-Weekday-036000_M11_601,M11,d0,30,6:27:55,6:27:55,401023,8.0,1
MV_A5-Weekday-036000_M11_601,M11,d0,31,6:28:40,6:28:40,401024,8.0,1
MV_A5-Weekday-036000_M11_601,M11,d0,32,6:29:32,6:29:32,401025,6.0,1
MV_A5-Weekday-036000_M11_601,M11,d0,33,6:30:19,6:30:19,401026,6.0,1
MV_A5-Weekday-036000_M11_601,M11,d0,34,6:31:32,6:31:32,401027,8.0,1
MV_A5-Weekday-036000_M11_601,M11,d0,35,6:32:29,6:32:29,404320,5.0,1
MV_A5-Weekday-036000_M11_601,M11,d0,36,6:33:27,6:33:27,401029,4.0,1
MV_A5-Weekday-036000_M11_601,M11,d0,37,6:34:14,6:34:14,401030,4.0,1
MV_A5-Weekday-036000_M11_601,M11,d0,38,6:35:26,6:35:26,401031,3.0,1
MV_A5-Weekday-036000_M11_601,M11,d0,39,6:36:13,6:36:13,401032,6.0,1
MV_A5-Weekday-036000_M11_601,M11,d0,40,6:37:00,6:37:00,401033,6.0,1
MV_A5-Weekday-036000_M11_601,M11,d0,41,6:37:47,6:37:47,401034,6.0,1
MV_A5-Weekday-036000_M11_601,M11,d0,42,6:38:46,6:38:46,401035,6.0,1
MV_A5-Weekday-036000_M11_601,M11,d0,43,6:39:41,6:39:41,401435,5.0,1
MV_A5-Weekday-036000_M11_601,M11,d0,44,6:41:00,6:41:00,401436,6.0,1
MV_A5-Weekday-036000_M11_601,M11,d0,45,6:42:45,6:42:45,401438,6.0,1
MV_A5-Weekday-036000_M11_601,M11,d0,46,6:43:46,6:43:46,403886,6.0,1
MV_A5-Weekday-036000_M11_601,M11,d0,47,6:44:58,6:44:58,401440,3.0,1
MV_A5-Weekday-036000_M11_601,M11,d0,48,6:46:04,6:46:04,401441,3.0,1
MV_A5-Weekday-036000_M11_601,M11,d0,49,6:47:09,6:47:09,401442,3.0,1
MV_A5-Weekday-036000_M11_601,M11,d0,50,6:48:30,6:48:30,401443,3.0,1
MV_A5-Weekday-036000_M11_601,M11,d0,51,6:49:56,6:49:56,403292,1.0,1
MV_A5-Weekday-036000_M11_601,M11,d0,52,6:50:48,6:50:48,401444,1.0,1
MV_A5-Weekday-036000_M11_601,M11,d0,53,6:52:00,6:52:00,401446,1.0,1
MV_A5-Weekday-036000_M11_601,M11,d0,54,6:52:58,6:52:58,401447,1.0,1
MV_A5-Weekday-036000_M11_601,M11,d0,55,6:54:33,6:54:33,403757,1.0,1
MV_A5-Weekday-036000_M11_601,M11,d0,56,6:56:00,6:56:00,404011,1.0,1
MV_A5-Weekday-036000_M11_601,M11,d0,57,6:56:18,6:56:18,404012,1.0,1
MV_A5-Weekday-036000_M11_601,M11,d0,58,6:56:51,6:56:51,404013,1.0,1
MV_A5-Weekday-036000_M11_601,M11,d0,59,6:57:08,6:57:08,404056,1.0,1
MV_A5-Weekday-036000_M11_601,M11,d0,60,6:57:49,6:57:49,404014,1.0,1
MV_A5-Weekday-036000_M11_601,M11,d0,61,6:58:11,6:58:11,404015,1.0,1
MV_A5-Weekday-036000_M11_601,M11,d0,62,6:59:00,6:59:00,803194,1.0,1
MV_A5-Weekday-038700_M11_603,M11,d0,1,6:27:00,6:27:00,401393,3.0,1
MV_A5-Weekday-038700_M11_603,M11,d0,2,6:27:49,6:27:49,405120,3.0,1
MV_A5-Weekday-038700_M11_603,M11,d0,3,6:28:32,6:28:32,405167,3.0,1
MV_A5-Weekday-038700_M11_603,M11,d0,4,6:29:00,6:29:00,405265,3.0,1
MV_A5-Weekday-038700_M11_603,M11,d0,5,6:29:54,6:29:54,405152,3.0,1
MV_A5-Weekday-038700_M11_603,M11,d0,6,6:31:15,6:31:15,405151,3.0,1
MV_A5-Weekday-038700_M11_603,M11,d0,7,6:32:24,6:32:24,404161,3.0,1
MV_A5-Weekday-038700_M11_603,M11,d0,8,6:33:10,6:33:10,401398,3.0,1
MV_A5-Weekday-038700_M11_603,M11,d0,9,6:34:00,6:34:00,403802,3.0,1
MV_A5-Weekday-038700_M11_603,M11,d0,10,6:34:46,6:34:46,401400,3.0,1
MV_A5-Weekday-038700_M11_603,M11,d0,11,6:35:30,6:35:30,401401,3.0,1
MV_A5-Weekday-038700_M11_603,M11,d0,12,6:36:37,6:36:37,401402,3.0,1
MV_A5-Weekday-038700_M11_603,M11,d0,13,6:37:50,6:37:50,401404,3.0,1
MV_A5-Weekday-038700_M11_603,M11,d0,14,6:39:10,6:39:10,404279,3.0,2
MV_A5-Weekday-038700_M11_603,M11,d0,15,6:40:02,6:40:02,405631,17.0,2
MV_A5-Weekday-038700_M11_603,M11,d0,16,6:41:00,6:41:00,401407,17.0,2
MV_A5-Weekday-038700_M11_603,M11,d0,17,6:42:12,6:42:12,401408,17.0,2
MV_A5-Weekday-038700_M11_603,M11,d0,18,6:43:01,6:43:01,401409,17.0,2
MV_A5-Weekday-038700_M11_603,M11,d0,19,6:43:48,6:43:48,401410,17.0,2
MV_A5-Weekday-038700_M11_603,M11,d0,20,6:45:10,6:45:10,401411,15.0,1
MV_A5-Weekday-038700_M11_603,M11,d0,21,6:46:10,6:46:10,401412,16.0,1
MV_A5-Weekday-038700_M11_603,M11,d0,22,6:46:45,6:46:45,401413,16.0,1
MV_A5-Weekday-038700_M11_603,M11,d0,23,6:47:50,6:47:50,401414,16.0,1
MV_A5-Weekday-038700_M11_603,M11,d0,24,6:49:06,6:49:06,401416,8.0,1
MV_A5-Weekday-038700_M11_603,M11,d0,25,6:50:11,6:50:11,401417,8.0,1
MV_A5-Weekday-038700_M11_603,M11,d0,26,6:51:00,6:51:00,403472,8.0,1
MV_A5-Weekday-038700_M11_603,M11,d0,27,6:51:47,6:51:47,403555,8.0,1
MV_A5-Weekday-038700_M11_603,M11,d0,28,6:53:00,6:53:00,401021,8.0,1
MV_A5-Weekday-038700_M11_603,M11,d0,29,6:53:48,6:53:48,401022,6.0,1
MV_A5-Weekday-038700_M11_603,M11,d0,30,6:54:55,6:54:55,401023,7.0,1
MV_A5-Weekday-038700_M11_603,M11,d0,31,6:55:40,6:55:40,401024,7.0,1
MV_A5-Weekday-038700_M11_603,M11,d0,32,6:56:32,6:56:32,401025,7.0,1
MV_A5-Weekday-038700_M11_603,M11,d0,33,6:57:19,6:57:19,401026,7.0,1
MV_A5-Weekday-038700_M11_603,M11,d0,34,6:58:32,6:58:32,401027,7.0,1
MV_A5-Weekday-038700_M11_603,M11,d0,35,6:59:29,6:59:29,404320,7.0,1
MV_A5-Weekday-038700_M11_603,M11,d0,36,7:00:27,7:00:27,401029,7.0,1
MV_A5-Weekday-038700_M11_603,M11,d0,37,7:01:14,7:01:14,401030,7.0,1
MV_A5-Weekday-038700_M11_603,M11,d0,38,7:02:26,7:02:26,401031,7.0,1
MV_A5-Weekday-038700_M11_603,M11,d0,39,7:03:13,7:03:13,401032,7.0,1
MV_A5-Weekday-038700_M11_603,M11,d0,40,7:04:00,7:04:00,401033,7.0,1
MV_A5-Weekday-038700_M11_603,M11,d0,41,7:04:47,7:04:47,401034,7.0,1
MV_A5-Weekday-038700_M11_603,M11,d0,42,7:05:46,7:05:46,401035,7.0,1
MV_A5-Weekday-038700_M11_603,M11,d0,43,7:06:41,7:06:41,401435,7.0,1
MV_A5-Weekday-038700_M11_603,M11,d0,44,7:08:00,7:08:00,401436,8.0,1
MV_A5-Weekday-038700_M11_603,M11,d0,45,7:09:54,7:09:54,401438,8.0,1
MV_A5-Weekday-038700_M11_603,M11,d0,46,7:11:01,7:11:01,403886,8.0,1
MV_A5-Weekday-038700_M11_603,M11,d0,47,7:12:20,7:12:20,401440,7.0,1
MV_A5-Weekday-038700_M11_603,M11,d0,48,7:13:32,7:13:32,401441,7.0,1
MV_A5-Weekday-038700_M11_603,M11,d0,49,7:14:43,7:14:43,401442,7.0,1
MV_A5-Weekday-038700_M11_603,M11,d0,50,7:16:11,7:16:11,401443,7.0,1
MV_A5-Weekday-038700_M11_603,M11,d0,51,7:17:44,7:17:44,403292,7.0,1
MV_A5-Weekday-038700_M11_603,M11,d0,52,7:18:41,7:18:41,401444,7.0,1
MV_A5-Weekday-038700_M11_603,M11,d0,53,7:20:00,7:20:00,401446,7.0,1
MV_A5-Weekday-038700_M11_603,M11,d0,54,7:21:12,7:21:12,401447,2.0,1
MV_A5-Weekday-038700_M11_603,M11,d0,55,7:23:11,7:23:11,403757,2.0,1
MV_A5-Weekday-038700_M11_603,M11,d0,56,7:25:00,7:25:00,404011,2.0,1
MV_A5-Weekday-038700_M11_603,M11,d0,57,7:25:18,7:25:18,404012,2.0,1
MV_A5-Weekday-038700_M11_603,M11,d0,58,7:25:51,7:25:51,404013,2.0,1
MV_A5-Weekday-038700_M11_603,M11,d0,59,7:26:08,7:26:08,404056,2.0,1
MV_A5-Weekday-038700_M11_603,M11,d0,60,7:26:49,7:26:49,404014,2.0,1
MV_A5-Weekday-038700_M11_603,M11,d0,61,7:27:11,7:27:11,404015,2.0,1
MV_A5-Weekday-038700_M11_603,M11,d0,62,7:28:00,7:28:00,803194,2.0,1
MV_A5-Weekday-SDon-118000_M11_629,M11,d0,1,19:40:00,19:40:00,405374,6.0,1
MV_A5-Weekday-SDon-118000_M11_629,M11,d0,2,19:41:07,19:41:07,404919,6.0,1
MV_A5-Weekday-SDon-118000_M11_629,M11,d0,3,19:42:23,19:42:23,404872,12.0,1
MV_A5-Weekday-SDon-118000_M11_629,M11,d0,4,19:43:54,19:43:54,404846,3.0,1
MV_A5-Weekday-SDon-118000_M11_629,M11,d0,5,19:45:14,19:45:14,401239,12.0,1
MV_A5-Weekday-SDon-118000_M11_629,M11,d0,6,19:47:00,19:47:00,405393,13.0,1
MV_A5-Weekday-SDon-118000_M11_629,M11,d0,7,19:48:34,19:48:34,903209,13.0,1
MV_A5-Weekday-SDon-118000_M11_629,M11,d0,8,19:49:33,19:49:33,401016,12.0,1
MV_A5-Weekday-SDon-118000_M11_629,M11,d0,9,19:51:00,19:51:00,400747,3.0,1
MV_A5-Weekday-SDon-118000_M11_629,M11,d0,10,19:52:52,19:52:52,403271,12.0,1
MV_A5-Weekday-SDon-118000_M11_629,M11,d0,11,19:54:45,19:54:45,400750,13.0,1
MV_A5-Weekday-SDon-118000_M11_629,M11,d0,12,19:57:18,19:57:18,403103,13.0,1
MV_A5-Weekday-SDon-118000_M11_629,M11,d0,13,19:58:39,19:58:39,403104,15.0,2
MV_A5-Weekday-SDon-118000_M11_629,M11,d0,14,19:59:49,19:59:49,403105,18.0,2
MV_A5-Weekday-SDon-118000_M11_629,M11,d0,15,20:01:00,20:01:00,403106,9.0,1
MV_A5-Weekday-SDon-118000_M11_629,M11,d0,16,20:02:43,20:02:43,403107,16.0,2
MV_A5-Weekday-SDon-118000_M11_629,M11,d0,17,20:04:06,20:04:06,903299,17.0,2
MV_A5-Weekday-SDon-118000_M11_629,M11,d0,18,20:05:04,20:05:04,403109,18.0,2
MV_A5-Weekday-SDon-118000_M11_629,M11,d0,19,20:06:12,20:06:12,403110,15.0,1
MV_A5-Weekday-SDon-118000_M11_629,M11,d0,20,20:07:52,20:07:52,403111,12.0,1
MV_A5-Weekday-SDon-118000_M11_629,M11,d0,21,20:09:02,20:09:02,403112,15.0,1
MV_A5-Weekday-SDon-118000_M11_629,M11,d0,22,20:11:00,20:11:00,405248,12.0,2
MV_A5-Weekday-SDon-118000_M11_629,M11,d0,23,20:12:29,20:12:29,403114,17.0,2
MV_A5-Weekday-SDon-118000_M11_629,M11,d0,24,20:13:51,20:13:51,403115,17.0,2
MV_A5-Weekday-SDon-118000_M11_629,M11,d0,25,20:14:55,20:14:55,403116,15.0,1
MV_A5-Weekday-SDon-118000_M11_629,M11,d0,26,20:16:00,20:16:00,405394,11.0,1
MV_A5-Weekday-SDon-118000_M11_629,M11,d0,27,20:17:48,20:17:48,403118,14.0,1
MV_A5-Weekday-SDon-118000_M11_629,M11,d0,28,20:18:43,20:18:43,403119,11.0,1
MV_A5-Weekday-SDon-118000_M11_629,M11,d0,29,20:20:16,20:20:16,404260,6.0,1
MV_A5-Weekday-SDon-118000_M11_629,M11,d0,30,20:21:30,20:21:30,403122,7.0,1
MV_A5-Weekday-SDon-118000_M11_629,M11,d0,31,20:23:28,20:23:28,404262,6.0,1
MV_A5-Weekday-SDon-118000_M11_629,M11,d0,32,20:24:49,20:24:49,403125,5.0,1
MV_A5-Weekday-SDon-118000_M11_629,M11,d0,33,20:26:20,20:26:20,403126,9.0,1
MV_A5-Weekday-SDon-118000_M11_629,M11,d0,34,20:27:06,20:27:06,403127,9.0,1
MV_A5-Weekday-SDon-118000_M11_629,M11,d0,35,20:29:48,20:29:48,401444,9.0,1
MV_A5-Weekday-SDon-118000_M11_629,M11,d0,36,20:31:00,20:31:00,903352,9.0,1
MV_A5-Weekday-SDon-136000_M11_633,M11,d0,1,22:40:00,22:40:00,405374,2.0,1
MV_A5-Weekday-SDon-136000_M11_633,M11,d0,2,22:41:07,22:41:07,404919,5.0,1
MV_A5-Weekday-SDon-136000_M11_633,M11,d0,3,22:42:23,22:42:23,404872,11.0,1
MV_A5-Weekday-SDon-136000_M11_633,M11,d0,4,22:43:54,22:43:54,404846,11.0,1
MV_A5-Weekday-SDon-136000_M11_633,M11,d0,5,22:45:14,22:45:14,401239,11.0,1
MV_A5-Weekday-SDon-136000_M11_633,M11,d0,6,22:47:00,22:47:00,405393,11.0,1
MV_A5-Weekday-SDon-136000_M11_633,M11,d0,7,22:48:34,22:48:34,903209,11.0,1
MV_A5-Weekday-SDon-136000_M11_633,M11,d0,8,22:49:33,22:49:33,401016,12.0,1
MV_A5-Weekday-SDon-136000_M11_633,M11,d0,9,22:51:00,22:51:00,400747,13.0,1
MV_A5-Weekday-SDon-136000_M11_633,M11,d0,10,22:52:30,22:52:30,403271,11.0,1
MV_A5-Weekday-SDon-136000_M11_633,M11,d0,11,22:54:00,22:54:00,400750,11.0,1
MV_A5-Weekday-SDon-136000_M11_633,M11,d0,12,22:56:02,22:56:02,403103,11.0,1
MV_A5-Weekday-SDon-136000_M11_633,M11,d0,13,22:57:07,22:57:07,403104,7.0,1
MV_A5-Weekday-SDon-136000_M11_633,M11,d0,14,22:58:03,22:58:03,403105,13.0,1
MV_A5-Weekday-SDon-136000_M11_633,M11,d0,15,22:59:00,22:59:00,403106,12.0,1
MV_A5-Weekday-SDon-136000_M11_633,M11,d0,16,23:00:33,23:00:33,403107,6.0,1
MV_A5-Weekday-SDon-136000_M11_633,M11,d0,17,23:01:47,23:01:47,903299,11.0,1
MV_A5-Weekday-SDon-136000_M11_633,M11,d0,18,23:02:39,23:02:39,403109,7.0,1
MV_A5-Weekday-SDon-136000_M11_633,M11,d0,19,23:03:41,23:03:41,403110,6.0,1
MV_A5-Weekday-SDon-136000_M11_633,M11,d0,20,23:05:11,23:05:11,403111,7.0,1
MV_A5-Weekday-SDon-136000_M11_633,M11,d0,21,23:06:14,23:06:14,403112,4.0,1
MV_A5-Weekday-SDon-136000_M11_633,M11,d0,22,23:08:00,23:08:00,405248,7.0,1
MV_A5-Weekday-SDon-136000_M11_633,M11,d0,23,23:09:11,23:09:11,403114,6.0,1
MV_A5-Weekday-SDon-136000_M11_633,M11,d0,24,23:10:17,23:10:17,403115,4.0,1
MV_A5-Weekday-SDon-136000_M11_633,M11,d0,25,23:11:08,23:11:08,403116,7.0,1
MV_A5-Weekday-SDon-136000_M11_633,M11,d0,26,23:12:00,23:12:00,405394,6.0,1
MV_A5-Weekday-SDon-136000_M11_633,M11,d0,27,23:13:19,23:13:19,403118,1.0,1
MV_A5-Weekday-SDon-136000_M11_633,M11,d0,28,23:13:59,23:13:59,403119,3.0,1
MV_A5-Weekday-SDon-136000_M11_633,M11,d0,29,23:15:08,23:15:08,404260,4.0,1
MV_A5-Weekday-SDon-136000_M11_633,M11,d0,30,23:16:02,23:16:02,403122,3.0,1
MV_A5-Weekday-SDon-136000_M11_633,M11,d0,31,23:17:29,23:17:29,404262,1.0,1
MV_A5-Weekday-SDon-136000_M11_633,M11,d0,32,23:18:28,23:18:28,403125,4.0,1
MV_A5-Weekday-SDon-136000_M11_633,M11,d0,33,23:19:35,23:19:35,403126,1.0,1
MV_A5-Weekday-SDon-136000_M11_633,M11,d0,34,23:20:09,23:20:09,403127,1.0,1
MV_A5-Weekday-SDon-136000_M11_633,M11,d0,35,23:22:07,23:22:07,401444,1.0,1
MV_A5-Weekday-SDon-136000_M11_633,M11,d0,36,23:23:00,23:23:00,903352,1.0,1
MV_A5-Weekday-SDon-102500_M11_618,M11,d0,1,17:05:00,17:05:00,405374,13.0,1
MV_A5-Weekday-SDon-102500_M11_618,M11,d0,2,17:06:07,17:06:07,404919,8.0,1
MV_A5-Weekday-SDon-102500_M11_618,M11,d0,3,17:07:23,17:07:23,404872,12.0,1
MV_A5-Weekday-SDon-102500_M11_618,M11,d0,4,17:08:54,17:08:54,404846,14.0,1
MV_A5-Weekday-SDon-102500_M11_618,M11,d0,5,17:10:14,17:10:14,401239,14.0,2
MV_A5-Weekday-SDon-102500_M11_618,M11,d0,6,17:12:00,17:12:00,405393,20.0,2
MV_A5-Weekday-SDon-102500_M11_618,M11,d0,7,17:13:34,17:13:34,903209,20.0,3
MV_A5-Weekday-SDon-102500_M11_618,M11,d0,8,17:14:33,17:14:33,401016,33.0,3
MV_A5-Weekday-SDon-102500_M11_618,M11,d0,9,17:16:00,17:16:00,400747,33.0,3
MV_A5-Weekday-SDon-102500_M11_618,M11,d0,10,17:18:15,17:18:15,403271,33.0,3
MV_A5-Weekday-SDon-102500_M11_618,M11,d0,11,17:20:30,17:20:30,400750,32.0,3
MV_A5-Weekday-SDon-102500_M11_618,M11,d0,12,17:23:33,17:23:33,403103,37.0,3
MV_A5-Weekday-SDon-102500_M11_618,M11,d0,13,17:25:11,17:25:11,403104,37.0,3
MV_A5-Weekday-SDon-102500_M11_618,M11,d0,14,17:26:34,17:26:34,403105,14.0,2
MV_A5-Weekday-SDon-102500_M11_618,M11,d0,15,17:28:00,17:28:00,403106,29.0,2
MV_A5-Weekday-SDon-102500_M11_618,M11,d0,16,17:29:53,17:29:53,403107,29.0,2
MV_A5-Weekday-SDon-102500_M11_618,M11,d0,17,17:31:25,17:31:25,903299,29.0,2
MV_A5-Weekday-SDon-102500_M11_618,M11,d0,18,17:32:28,17:32:28,403109,29.0,2
MV_A5-Weekday-SDon-102500_M11_618,M11,d0,19,17:33:43,17:33:43,403110,15.0,2
MV_A5-Weekday-SDon-102500_M11_618,M11,d0,20,17:35:34,17:35:34,403111,27.0,2
MV_A5-Weekday-SDon-102500_M11_618,M11,d0,21,17:36:50,17:36:50,403112,14.0,2
MV_A5-Weekday-SDon-102500_M11_618,M11,d0,22,17:39:00,17:39:00,405248,22.0,3
MV_A5-Weekday-SDon-102500_M11_618,M11,d0,23,17:40:46,17:40:46,403114,41.0,3
MV_A5-Weekday-SDon-102500_M11_618,M11,d0,24,17:42:26,17:42:26,403115,37.0,3
MV_A5-Weekday-SDon-102500_M11_618,M11,d0,25,17:43:42,17:43:42,403116,7.0,2
MV_A5-Weekday-SDon-102500_M11_618,M11,d0,26,17:45:00,17:45:00,405394,28.0,2
MV_A5-Weekday-SDon-102500_M11_618,M11,d0,27,17:47:10,17:47:10,403118,19.0,2
MV_A5-Weekday-SDon-102500_M11_618,M11,d0,28,17:48:15,17:48:15,403119,3.0,1
MV_A5-Weekday-SDon-102500_M11_618,M11,d0,29,17:50:07,17:50:07,404260,14.0,1
MV_A5-Weekday-SDon-102500_M11_618,M11,d0,30,17:51:35,17:51:35,403122,10.0,1
MV_A5-Weekday-SDon-102500_M11_618,M11,d0,31,17:53:58,17:53:58,404262,12.0,1
MV_A5-Weekday-SDon-102500_M11_618,M11,d0,32,17:55:34,17:55:34,403125,12.0,1
MV_A5-Weekday-SDon-102500_M11_618,M11,d0,33,17:57:24,17:57:24,403126,6.0,1
MV_A5-Weekday-SDon-102500_M11_618,M11,d0,34,17:58:20,17:58:20,403127,8.0,1
MV_A5-Weekday-SDon-102500_M11_618,M11,d0,35,18:01:33,18:01:33,401444,1.0,1
MV_A5-Weekday-SDon-102500_M11_618,M11,d0,36,18:03:00,18:03:00,903352,1.0,1
MV_A5-Weekday-SDon-140000_M11_630,M11,d0,1,23:20:00,23:20:00,405374,3.0,1
MV_A5-Weekday-SDon-140000_M11_630,M11,d0,2,23:21:01,23:21:01,404919,3.0,1
MV_A5-Weekday-SDon-140000_M11_630,M11,d0,3,23:22:10,23:22:10,404872,7.0,1
MV_A5-Weekday-SDon-140000_M11_630,M11,d0,4,23:23:32,23:23:32,404846,8.0,1
MV_A5-Weekday-SDon-140000_M11_630,M11,d0,5,23:24:45,23:24:45,401239,9.0,1
MV_A5-Weekday-SDon-140000_M11_630,M11,d0,6,23:26:22,23:26:22,405393,9.0,1
MV_A5-Weekday-SDon-140000_M11_630,M11,d0,7,23:27:47,23:27:47,903209,9.0,1
MV_A5-Weekday-SDon-140000_M11_630,M11,d0,8,23:28:41,23:28:41,401016,9.0,1
MV_A5-Weekday-SDon-140000_M11_630,M11,d0,9,23:30:00,23:30:00,400747,9.0,1
MV_A5-Weekday-SDon-140000_M11_630,M11,d0,10,23:31:30,23:31:30,403271,10.0,1
MV_A5-Weekday-SDon-140000_M11_630,M11,d0,11,23:33:00,23:33:00,400750,9.0,1
MV_A5-Weekday-SDon-140000_M11_630,M11,d0,12,23:35:02,23:35:02,403103,9.0,1
MV_A5-Weekday-SDon-140000_M11_630,M11,d0,13,23:36:07,23:36:07,403104,1.0,1
MV_A5-Weekday-SDon-140000_M11_630,M11,d0,14,23:37:03,23:37:03,403105,9.0,1
MV_A5-Weekday-SDon-140000_M11_630,M11,d0,15,23:38:00,23:38:00,403106,8.0,1
MV_A5-Weekday-SDon-140000_M11_630,M11,d0,16,23:39:33,23:39:33,403107,10.0,1
MV_A5-Weekday-SDon-140000_M11_630,M11,d0,17,23:40:47,23:40:47,903299,10.0,1
MV_A5-Weekday-SDon-140000_M11_630,M11,d0,18,23:41:39,23:41:39,403109,10.0,1
MV_A5-Weekday-SDon-140000_M11_630,M11,d0,19,23:42:41,23:42:41,403110,10.0,1
MV_A5-Weekday-SDon-140000_M11_630,M11,d0,20,23:44:11,23:44:11,403111,10.0,1
MV_A5-Weekday-SDon-140000_M11_630,M11,d0,21,23:45:14,23:45:14,403112,9.0,1
MV_A5-Weekday-SDon-140000_M11_630,M11,d0,22,23:47:00,23:47:00,405248,6.0,1
MV_A5-Weekday-SDon-140000_M11_630,M11,d0,23,23:48:11,23:48:11,403114,8.0,1
MV_A5-Weekday-SDon-140000_M11_630,M11,d0,24,23:49:17,23:49:17,403115,5.0,1
MV_A5-Weekday-SDon-140000_M11_630,M11,d0,25,23:50:08,23:50:08,403116,7.0,1
MV_A5-Weekday-SDon-140000_M11_630,M11,d0,26,23:51:00,23:51:00,405394,4.0,1
MV_A5-Weekday-SDon-140000_M11_630,M11,d0,27,23:52:19,23:52:19,403118,7.0,1
MV_A5-Weekday-SDon-140000_M11_630,M11,d0,28,23:52:59,23:52:59,403119,5.0,1
MV_A5-Weekday-SDon-140000_M11_630,M11,d0,29,23:54:08,23:54:08,404260,3.0,1
MV_A5-Weekday-SDon-140000_M11_630,M11,d0,30,23:55:02,23:55:02,403122,2.0,1
MV_A5-Weekday-SDon-140000_M11_630,M11,d0,31,23:56:29,23:56:29,404262,5.0,1
MV_A5-Weekday-SDon-140000_M11_630,M11,d0,32,23:57:28,23:57:28,403125,4.0,1
MV_A5-Weekday-SDon-140000_M11_630,M11,d0,33,23:58:35,23:58:35,403126,2.0,1
MV_A5-Weekday-SDon-140000_M11_630,M11,d0,34,23:59:09,23:59:09,403127,2.0,1
MV_A5-Weekday-SDon-140000_M11_630,M11,d0,35,24:01:07,24:01:07,401444,2.0,1
MV_A5-Weekday-SDon-140000_M11_630,M11,d0,36,24:02:00,24:02:00,903352,2.0,1
MV_A5-Weekday-073100_M11_617,M11,d0,1,12:11:00,12:11:00,405374,4.0,1
MV_A5-Weekday-073100_M11_617,M11,d0,2,12:12:07,12:12:07,404919,4.0,1
MV_A5-Weekday-073100_M11_617,M11,d0,3,12:13:23,12:13:23,404872,3.0,1
MV_A5-Weekday-073100_M11_617,M11,d0,4,12:14:54,12:14:54,404846,8.0,1
MV_A5-Weekday-073100_M11_617,M11,d0,5,12:16:14,12:16:14,401239,8.0,1
MV_A5-Weekday-073100_M11_617,M11,d0,6,12:18:00,12:18:00,405393,8.0,1
MV_A5-Weekday-073100_M11_617,M11,d0,7,12:19:34,12:19:34,903209,8.0,1
MV_A5-Weekday-073100_M11_617,M11,d0,8,12:20:33,12:20:33,401016,8.0,1
MV_A5-Weekday-073100_M11_617,M11,d0,9,12:22:00,12:22:00,400747,9.0,1
MV_A5-Weekday-073100_M11_617,M11,d0,10,12:24:04,12:24:04,403271,13.0,1
MV_A5-Weekday-073100_M11_617,M11,d0,11,12:26:07,12:26:07,400750,13.0,1
MV_A5-Weekday-073100_M11_617,M11,d0,12,12:28:56,12:28:56,403103,13.0,1
MV_A5-Weekday-073100_M11_617,M11,d0,13,12:30:25,12:30:25,403104,13.0,1
MV_A5-Weekday-073100_M11_617,M11,d0,14,12:31:42,12:31:42,403105,9.0,1
MV_A5-Weekday-073100_M11_617,M11,d0,15,12:33:00,12:33:00,403106,11.0,1
MV_A5-Weekday-073100_M11_617,M11,d0,16,12:34:53,12:34:53,403107,12.0,2
MV_A5-Weekday-073100_M11_617,M11,d0,17,12:36:25,12:36:25,903299,17.0,2
MV_A5-Weekday-073100_M11_617,M11,d0,18,12:37:28,12:37:28,403109,17.0,2
MV_A5-Weekday-073100_M11_617,M11,d0,19,12:38:43,12:38:43,403110,16.0,1
MV_A5-Weekday-073100_M11_617,M11,d0,20,12:40:34,12:40:34,403111,14.0,1
MV_A5-Weekday-073100_M11_617,M11,d0,21,12:41:50,12:41:50,403112,10.0,1
MV_A5-Weekday-073100_M11_617,M11,d0,22,12:44:00,12:44:00,405248,8.0,1
MV_A5-Weekday-073100_M11_617,M11,d0,23,12:45:46,12:45:46,403114,8.0,1
MV_A5-Weekday-073100_M11_617,M11,d0,24,12:47:26,12:47:26,403115,7.0,1
MV_A5-Weekday-073100_M11_617,M11,d0,25,12:48:42,12:48:42,403116,16.0,1
MV_A5-Weekday-073100_M11_617,M11,d0,26,12:50:00,12:50:00,405394,16.0,1
MV_A5-Weekday-073100_M11_617,M11,d0,27,12:51:55,12:51:55,403118,14.0,1
MV_A5-Weekday-073100_M11_617,M11,d0,28,12:52:54,12:52:54,403119,13.0,1
MV_A5-Weekday-073100_M11_617,M11,d0,29,12:54:33,12:54:33,404260,5.0,1
MV_A5-Weekday-073100_M11_617,M11,d0,30,12:55:51,12:55:51,403122,8.0,1
MV_A5-Weekday-073100_M11_617,M11,d0,31,12:57:58,12:57:58,404262,7.0,1
MV_A5-Weekday-073100_M11_617,M11,d0,32,12:59:24,12:59:24,403125,6.0,1
MV_A5-Weekday-073100_M11_617,M11,d0,33,13:01:02,13:01:02,403126,3.0,1
MV_A5-Weekday-073100_M11_617,M11,d0,34,13:01:51,13:01:51,403127,3.0,1
MV_A5-Weekday-073100_M11_617,M11,d0,35,13:04:43,13:04:43,401444,3.0,1
MV_A5-Weekday-073100_M11_617,M11,d0,36,13:06:00,13:06:00,903352,3.0,1
MV_A5-Weekday-053700_M11_601,M11,d0,1,8:57:00,8:57:00,401393,7.0,1
MV_A5-Weekday-053700_M11_601,M11,d0,2,8:57:49,8:57:49,405120,10.0,1
MV_A5-Weekday-053700_M11_601,M11,d0,3,8:58:32,8:58:32,405167,4.0,1
MV_A5-Weekday-053700_M11_601,M11,d0,4,8:59:00,8:59:00,405265,10.0,1
MV_A5-Weekday-053700_M11_601,M11,d0,5,9:00:04,9:00:04,405152,10.0,1
MV_A5-Weekday-053700_M11_601,M11,d0,6,9:01:42,9:01:42,405151,10.0,1
MV_A5-Weekday-053700_M11_601,M11,d0,7,9:03:05,9:03:05,404161,10.0,1
MV_A5-Weekday-053700_M11_601,M11,d0,8,9:03:59,9:03:59,401398,10.0,1
MV_A5-Weekday-053700_M11_601,M11,d0,9,9:05:00,9:05:00,403802,10.0,1
MV_A5-Weekday-053700_M11_601,M11,d0,10,9:06:25,9:06:25,401400,10.0,1
MV_A5-Weekday-053700_M11_601,M11,d0,11,9:07:47,9:07:47,401401,9.0,1
MV_A5-Weekday-053700_M11_601,M11,d0,12,9:09:51,9:09:51,401402,6.0,1
MV_A5-Weekday-053700_M11_601,M11,d0,13,9:12:07,9:12:07,401404,7.0,1
MV_A5-Weekday-053700_M11_601,M11,d0,14,9:14:35,9:14:35,404279,8.0,1
MV_A5-Weekday-053700_M11_601,M11,d0,15,9:16:13,9:16:13,405631,9.0,1
MV_A5-Weekday-053700_M11_601,M11,d0,16,9:18:00,9:18:00,401407,14.0,2
MV_A5-Weekday-053700_M11_601,M11,d0,17,9:19:41,9:19:41,401408,19.0,2
MV_A5-Weekday-053700_M11_601,M11,d0,18,9:20:49,9:20:49,401409,19.0,2
MV_A5-Weekday-053700_M11_601,M11,d0,19,9:21:55,9:21:55,401410,19.0,2
MV_A5-Weekday-053700_M11_601,M11,d0,20,9:23:49,9:23:49,401411,18.0,2
MV_A5-Weekday-053700_M11_601,M11,d0,21,9:25:14,9:25:14,401412,18.0,2
MV_A5-Weekday-053700_M11_601,M11,d0,22,9:26:03,9:26:03,401413,12.0,1
MV_A5-Weekday-053700_M11_601,M11,d0,23,9:27:33,9:27:33,401414,12.0,1
MV_A5-Weekday-053700_M11_601,M11,d0,24,9:29:21,9:29:21,401416,8.0,1
MV_A5-Weekday-053700_M11_601,M11,d0,25,9:30:51,9:30:51,401417,8.0,1
MV_A5-Weekday-053700_M11_601,M11,d0,26,9:32:00,9:32:00,403472,8.0,1
MV_A5-Weekday-053700_M11_601,M11,d0,27,9:33:10,9:33:10,403555,9.0,1
MV_A5-Weekday-053700_M11_601,M11,d0,28,9:35:00,9:35:00,401021,8.0,1
MV_A5-Weekday-053700_M11_601,M11,d0,29,9:36:10,9:36:10,401022,8.0,1
MV_A5-Weekday-053700_M11_601,M11,d0,30,9:37:48,9:37:48,401023,7.0,1
MV_A5-Weekday-053700_M11_601,M11,d0,31,9:38:53,9:38:53,401024,7.0,1
MV_A5-Weekday-053700_M11_601,M11,d0,32,9:40:08,9:40:08,401025,7.0,1
MV_A5-Weekday-053700_M11_601,M11,d0,33,9:41:16,9:41:16,401026,7.0,1
MV_A5-Weekday-053700_M11_601,M11,d0,34,9:43:03,9:43:03,401027,12.0,1
MV_A5-Weekday-053700_M11_601,M11,d0,35,9:44:25,9:44:25,404320,3.0,1
MV_A5-Weekday-053700_M11_601,M11,d0,36,9:45:51,9:45:51,401029,10.0,1
MV_A5-Weekday-053700_M11_601,M11,d0,37,9:46:58,9:46:58,401030,10.0,1
MV_A5-Weekday-053700_M11_601,M11,d0,38,9:48:44,9:48:44,401031,8.0,1
MV_A5-Weekday-053700_M11_601,M11,d0,39,9:49:52,9:49:52,401032,1.0,1
MV_A5-Weekday-053700_M11_601,M11,d0,40,9:51:00,9:51:00,401033,8.0,1
MV_A5-Weekday-053700_M11_601,M11,d0,41,9:51:59,9:51:59,401034,8.0,1
MV_A5-Weekday-053700_M11_601,M11,d0,42,9:53:13,9:53:13,401035,8.0,1
MV_A5-Weekday-053700_M11_601,M11,d0,43,9:54:22,9:54:22,401435,6.0,1
MV_A5-Weekday-053700_M11_601,M11,d0,44,9:56:00,9:56:00,401436,7.0,1
MV_A5-Weekday-053700_M11_601,M11,d0,45,9:57:45,9:57:45,401438,8.0,1
MV_A5-Weekday-053700_M11_601,M11,d0,46,9:58:46,9:58:46,403886,8.0,1
MV_A5-Weekday-053700_M11_601,M11,d0,47,9:59:58,9:59:58,401440,1.0,1
MV_A5-Weekday-053700_M11_601,M11,d0,48,10:01:04,10:01:04,401441,2.0,1
MV_A5-Weekday-053700_M11_601,M11,d0,49,10:02:09,10:02:09,401442,2.0,1
MV_A5-Weekday-053700_M11_601,M11,d0,50,10:03:30,10:03:30,401443,2.0,1
MV_A5-Weekday-053700_M11_601,M11,d0,51,10:04:56,10:04:56,403292,2.0,1
MV_A5-Weekday-053700_M11_601,M11,d0,52,10:05:48,10:05:48,401444,2.0,1
MV_A5-Weekday-053700_M11_601,M11,d0,53,10:07:00,10:07:00,401446,2.0,1
MV_A5-Weekday-053700_M11_601,M11,d0,54,10:08:12,10:08:12,401447,2.0,1
MV_A5-Weekday-053700_M11_601,M11,d0,55,10:10:11,10:10:11,403757,2.0,1
MV_A5-Weekday-053700_M11_601,M11,d0,56,10:12:00,10:12:00,404011,3.0,1
MV_A5-Weekday-053700_M11_601,M11,d0,57,10:12:12,10:12:12,404012,3.0,1
MV_A5-Weekday-053700_M11_601,M11,d0,58,10:12:34,10:12:34,404013,3.0,1
MV_A5-Weekday-053700_M11_601,M11,d0,59,10:12:45,10:12:45,404056,3.0,1
MV_A5-Weekday-053700_M11_601,M11,d0,60,10:13:13,10:13:13,404014,3.0,1
MV_A5-Weekday-053700_M11_601,M11,d0,61,10:13:27,10:13:27,404015,3.0,1
MV_A5-Weekday-053700_M11_601,M11,d0,62,10:14:00,10:14:00,803194,3.0,1
MV_A5-Weekday-SDon-122000_M11_627,M11,d0,1,20:20:00,20:20:00,401393,2.0,1
MV_A5-Weekday-SDon-122000_M11_627,M11,d0,2,20:20:49,20:20:49,405120,1.0,1
MV_A5-Weekday-SDon-122000_M11_627,M11,d0,3,20:21:32,20:21:32,405167,2.0,1
MV_A5-Weekday-SDon-122000_M11_627,M11,d0,4,20:22:00,20:22:00,405265,8.0,1
MV_A5-Weekday-SDon-122000_M11_627,M11,d0,5,20:23:04,20:23:04,405152,6.0,1
MV_A5-Weekday-SDon-122000_M11_627,M11,d0,6,20:24:42,20:24:42,405151,11.0,1
MV_A5-Weekday-SDon-122000_M11_627,M11,d0,7,20:26:05,20:26:05,404161,12.0,2
MV_A5-Weekday-SDon-122000_M11_627,M11,d0,8,20:26:59,20:26:59,401398,17.0,2
MV_A5-Weekday-SDon-122000_M11_627,M11,d0,9,20:28:00,20:28:00,403802,10.0,1
MV_A5-Weekday-SDon-122000_M11_627,M11,d0,10,20:28:52,20:28:52,401400,12.0,2
MV_A5-Weekday-SDon-122000_M11_627,M11,d0,11,20:29:43,20:29:43,401401,17.0,2
MV_A5-Weekday-SDon-122000_M11_627,M11,d0,12,20:30:59,20:30:59,401402,21.0,2
MV_A5-Weekday-SDon-122000_M11_627,M11,d0,13,20:32:23,20:32:23,401404,19.0,2
MV_A5-Weekday-SDon-122000_M11_627,M11,d0,14,20:33:54,20:33:54,404279,20.0,2
MV_A5-Weekday-SDon-122000_M11_627,M11,d0,15,20:34:54,20:34:54,405631,13.0,2
MV_A5-Weekday-SDon-122000_M11_627,M11,d0,16,20:36:00,20:36:00,401407,30.0,2
MV_A5-Weekday-SDon-122000_M11_627,M11,d0,17,20:37:19,20:37:19,401408,28.0,2
MV_A5-Weekday-SDon-122000_M11_627,M11,d0,18,20:38:13,20:38:13,401409,28.0,2
MV_A5-Weekday-SDon-122000_M11_627,M11,d0,19,20:39:05,20:39:05,401410,28.0,2
MV_A5-Weekday-SDon-122000_M11_627,M11,d0,20,20:40:35,20:40:35,401411,28.0,2
MV_A5-Weekday-SDon-122000_M11_627,M11,d0,21,20:41:41,20:41:41,401412,22.0,2
MV_A5-Weekday-SDon-122000_M11_627,M11,d0,22,20:42:19,20:42:19,401413,23.0,2
MV_A5-Weekday-SDon-122000_M11_627,M11,d0,23,20:43:31,20:43:31,401414,21.0,2
MV_A5-Weekday-SDon-122000_M11_627,M11,d0,24,20:44:55,20:44:55,401416,24.0,2
MV_A5-Weekday-SDon-122000_M11_627,M11,d0,25,20:46:06,20:46:06,401417,23.0,2
MV_A5-Weekday-SDon-122000_M11_627,M11,d0,26,20:47:00,20:47:00,403472,20.0,2
MV_A5-Weekday-SDon-122000_M11_627,M11,d0,27,20:48:10,20:48:10,403555,22.0,2
MV_A5-Weekday-SDon-122000_M11_627,M11,d0,28,20:50:00,20:50:00,401021,15.0,2
MV_A5-Weekday-SDon-122000_M11_627,M11,d0,29,20:51:01,20:51:01,401022,19.0,2
MV_A5-Weekday-SDon-122000_M11_627,M11,d0,30,20:52:27,20:52:27,401023,17.0,2
MV_A5-Weekday-SDon-122000_M11_627,M11,d0,31,20:53:24,20:53:24,401024,16.0,1
MV_A5-Weekday-SDon-122000_M11_627,M11,d0,32,20:54:30,20:54:30,401025,12.0,1
MV_A5-Weekday-SDon-122000_M11_627,M11,d0,33,20:55:29,20:55:29,401026,16.0,2
MV_A5-Weekday-SDon-122000_M11_627,M11,d0,34,20:57:03,20:57:03,401027,22.0,2
MV_A5-Weekday-SDon-122000_M11_627,M11,d0,35,20:58:15,20:58:15,404320,8.0,1
MV_A5-Weekday-SDon-122000_M11_627,M11,d0,36,20:59:29,20:59:29,401029,15.0,1
MV_A5-Weekday-SDon-122000_M11_627,M11,d0,37,21:00:28,21:00:28,401030,15.0,1
MV_A5-Weekday-SDon-122000_M11_627,M11,d0,38,21:02:01,21:02:01,401031,15.0,1
MV_A5-Weekday-SDon-122000_M11_627,M11,d0,39,21:03:01,21:03:01,401032,1.0,1
MV_A5-Weekday-SDon-122000_M11_627,M11,d0,40,21:04:00,21:04:00,401033,13.0,1
MV_A5-Weekday-SDon-122000_M11_627,M11,d0,41,21:04:47,21:04:47,401034,15.0,1
MV_A5-Weekday-SDon-122000_M11_627,M11,d0,42,21:05:46,21:05:46,401035,13.0,1
MV_A5-Weekday-SDon-122000_M11_627,M11,d0,43,21:06:41,21:06:41,401435,13.0,1
MV_A5-Weekday-SDon-122000_M11_627,M11,d0,44,21:08:00,21:08:00,401436,11.0,1
MV_A5-Weekday-SDon-122000_M11_627,M11,d0,45,21:09:26,21:09:26,401438,6.0,1
MV_A5-Weekday-SDon-122000_M11_627,M11,d0,46,21:10:16,21:10:16,403886,6.0,1
MV_A5-Weekday-SDon-122000_M11_627,M11,d0,47,21:11:15,21:11:15,401440,11.0,1
MV_A5-Weekday-SDon-122000_M11_627,M11,d0,48,21:12:09,21:12:09,401441,6.0,1
MV_A5-Weekday-SDon-122000_M11_627,M11,d0,49,21:13:02,21:13:02,401442,9.0,1
MV_A5-Weekday-SDon-122000_M11_627,M11,d0,50,21:14:08,21:14:08,401443,7.0,1
MV_A5-Weekday-SDon-122000_M11_627,M11,d0,51,21:15:18,21:15:18,403292,3.0,1
MV_A5-Weekday-SDon-122000_M11_627,M11,d0,52,21:16:01,21:16:01,401444,3.0,1
MV_A5-Weekday-SDon-122000_M11_627,M11,d0,53,21:17:00,21:17:00,401446,3.0,1
MV_A5-Weekday-SDon-122000_M11_627,M11,d0,54,21:17:58,21:17:58,401447,3.0,1
MV_A5-Weekday-SDon-122000_M11_627,M11,d0,55,21:19:33,21:19:33,403757,3.0,1
MV_A5-Weekday-SDon-122000_M11_627,M11,d0,56,21:21:00,21:21:00,404011,3.0,1
MV_A5-Weekday-SDon-122000_M11_627,M11,d0,57,21:21:18,21:21:18,404012,1.0,1
MV_A5-Weekday-SDon-122000_M11_627,M11,d0,58,21:21:51,21:21:51,404013,1.0,1
MV_A5-Weekday-SDon-122000_M11_627,M11,d0,59,21:22:08,21:22:08,404056,1.0,1
MV_A5-Weekday-SDon-122000_M11_627,M11,d0,60,21:22:49,21:22:49,404014,1.0,1
MV_A5-Weekday-SDon-122000_M11_627,M11,d0,61,21:23:11,21:23:11,404015,3.0,1
MV_A5-Weekday-SDon-122000_M11_627,M11,d0,62,21:24:00,21:24:00,803194,3.0,1
MV_A5-Weekday-046700_M11_611,M11,d0,1,7:47:00,7:47:00,401393,2.0,1
MV_A5-Weekday-046700_M11_611,M11,d0,2,7:47:49,7:47:49,405120,2.0,1
MV_A5-Weekday-046700_M11_611,M11,d0,3,7:48:32,7:48:32,405167,2.0,1
MV_A5-Weekday-046700_M11_611,M11,d0,4,7:49:00,7:49:00,405265,2.0,1
MV_A5-Weekday-046700_M11_611,M11,d0,5,7:50:04,7:50:04,405152,2.0,1
MV_A5-Weekday-046700_M11_611,M11,d0,6,7:51:42,7:51:42,405151,2.0,1
MV_A5-Weekday-046700_M11_611,M11,d0,7,7:53:05,7:53:05,404161,2.0,1
MV_A5-Weekday-046700_M11_611,M11,d0,8,7:53:59,7:53:59,401398,2.0,1
MV_A5-Weekday-046700_M11_611,M11,d0,9,7:55:00,7:55:00,403802,2.0,1
MV_A5-Weekday-046700_M11_611,M11,d0,10,7:56:25,7:56:25,401400,2.0,1
MV_A5-Weekday-046700_M11_611,M11,d0,11,7:57:47,7:57:47,401401,2.0,1
MV_A5-Weekday-046700_M11_611,M11,d0,12,7:59:51,7:59:51,401402,2.0,1
MV_A5-Weekday-046700_M11_611,M11,d0,13,8:02:07,8:02:07,401404,2.0,1
MV_A5-Weekday-046700_M11_611,M11,d0,14,8:04:35,8:04:35,404279,2.0,1
MV_A5-Weekday-046700_M11_611,M11,d0,15,8:06:13,8:06:13,405631,2.0,1
MV_A5-Weekday-046700_M11_611,M11,d0,16,8:08:00,8:08:00,401407,4.0,1
MV_A5-Weekday-046700_M11_611,M11,d0,17,8:09:41,8:09:41,401408,6.0,1
MV_A5-Weekday-046700_M11_611,M11,d0,18,8:10:49,8:10:49,401409,6.0,1
MV_A5-Weekday-046700_M11_611,M11,d0,19,8:11:55,8:11:55,401410,6.0,1
MV_A5-Weekday-046700_M11_611,M11,d0,20,8:13:49,8:13:49,401411,9.0,1
MV_A5-Weekday-046700_M11_611,M11,d0,21,8:15:14,8:15:14,401412,9.0,1
MV_A5-Weekday-046700_M11_611,M11,d0,22,8:16:03,8:16:03,401413,9.0,1
MV_A5-Weekday-046700_M11_611,M11,d0,23,8:17:33,8:17:33,401414,8.0,1
MV_A5-Weekday-046700_M11_611,M11,d0,24,8:19:21,8:19:21,401416,8.0,1
MV_A5-Weekday-046700_M11_611,M11,d0,25,8:20:51,8:20:51,401417,8.0,1
MV_A5-Weekday-046700_M11_611,M11,d0,26,8:22:00,8:22:00,403472,8.0,1
MV_A5-Weekday-046700_M11_611,M11,d0,27,8:23:10,8:23:10,403555,8.0,1
MV_A5-Weekday-046700_M11_611,M11,d0,28,8:25:00,8:25:00,401021,8.0,1
MV_A5-Weekday-046700_M11_611,M11,d0,29,8:26:10,8:26:10,401022,7.0,1
MV_A5-Weekday-046700_M11_611,M11,d0,30,8:27:48,8:27:48,401023,7.0,1
MV_A5-Weekday-046700_M11_611,M11,d0,31,8:28:53,8:28:53,401024,4.0,1
MV_A5-Weekday-046700_M11_611,M11,d0,32,8:30:08,8:30:08,401025,4.0,1
MV_A5-Weekday-046700_M11_611,M11,d0,33,8:31:16,8:31:16,401026,4.0,1
MV_A5-Weekday-046700_M11_611,M11,d0,34,8:33:03,8:33:03,401027,4.0,1
MV_A5-Weekday-046700_M11_611,M11,d0,35,8:34:25,8:34:25,404320,4.0,1
MV_A5-Weekday-046700_M11_611,M11,d0,36,8:35:51,8:35:51,401029,5.0,1
MV_A5-Weekday-046700_M11_611,M11,d0,37,8:36:58,8:36:58,401030,5.0,1
MV_A5-Weekday-046700_M11_611,M11,d0,38,8:38:44,8:38:44,401031,5.0,1
MV_A5-Weekday-046700_M11_611,M11,d0,39,8:39:52,8:39:52,401032,5.0,1
MV_A5-Weekday-046700_M11_611,M11,d0,40,8:41:00,8:41:00,401033,5.0,1
MV_A5-Weekday-046700_M11_611,M11,d0,41,8:41:59,8:41:59,401034,7.0,1
MV_A5-Weekday-046700_M11_611,M11,d0,42,8:43:13,8:43:13,401035,14.0,1
MV_A5-Weekday-046700_M11_611,M11,d0,43,8:44:22,8:44:22,401435,14.0,1
MV_A5-Weekday-046700_M11_611,M11,d0,44,8:46:00,8:46:00,401436,14.0,1
MV_A5-Weekday-046700_M11_611,M11,d0,45,8:47:45,8:47:45,401438,14.0,1
MV_A5-Weekday-046700_M11_611,M11,d0,46,8:48:46,8:48:46,403886,10.0,1
MV_A5-Weekday-046700_M11_611,M11,d0,47,8:49:58,8:49:58,401440,10.0,1
MV_A5-Weekday-046700_M11_611,M11,d0,48,8:51:04,8:51:04,401441,10.0,1
MV_A5-Weekday-046700_M11_611,M11,d0,49,8:52:09,8:52:09,401442,5.0,1
MV_A5-Weekday-046700_M11_611,M11,d0,50,8:53:30,8:53:30,401443,5.0,1
MV_A5-Weekday-046700_M11_611,M11,d0,51,8:54:56,8:54:56,403292,5.0,1
MV_A5-Weekday-046700_M11_611,M11,d0,52,8:55:48,8:55:48,401444,5.0,1
MV_A5-Weekday-046700_M11_611,M11,d0,53,8:57:00,8:57:00,401446,5.0,1
MV_A5-Weekday-046700_M11_611,M11,d0,54,8:58:12,8:58:12,401447,5.0,1
MV_A5-Weekday-046700_M11_611,M11,d0,55,9:00:11,9:00:11,403757,5.0,1
MV_A5-Weekday-046700_M11_611,M11,d0,56,9:02:00,9:02:00,404011,5.0,1
MV_A5-Weekday-046700_M11_611,M11,d0,57,9:02:12,9:02:12,404012,5.0,1
MV_A5-Weekday-046700_M11_611,M11,d0,58,9:02:34,9:02:34,404013,5.0,1
MV_A5-Weekday-046700_M11_611,M11,d0,59,9:02:45,9:02:45,404056,5.0,1
MV_A5-Weekday-046700_M11_611,M11,d0,60,9:03:13,9:03:13,404014,5.0,1
MV_A5-Weekday-046700_M11_611,M11,d0,61,9:03:27,9:03:27,404015,5.0,1
MV_A5-Weekday-046700_M11_611,M11,d0,62,9:04:00,9:04:00,803194,5.0,1
MV_A5-Weekday-075500_M11_601,M11,d0,1,12:35:00,12:35:00,405374,3.0,1
MV_A5-Weekday-075500_M11_601,M11,d0,2,12:36:07,12:36:07,404919,3.0,1
MV_A5-Weekday-075500_M11_601,M11,d0,3,12:37:23,12:37:23,404872,3.0,1
MV_A5-Weekday-075500_M11_601,M11,d0,4,12:38:54,12:38:54,404846,3.0,2
MV_A5-Weekday-075500_M11_601,M11,d0,5,12:40:14,12:40:14,401239,22.0,2
MV_A5-Weekday-075500_M11_601,M11,d0,6,12:42:00,12:42:00,405393,22.0,2
MV_A5-Weekday-075500_M11_601,M11,d0,7,12:43:34,12:43:34,903209,6.0,1
MV_A5-Weekday-075500_M11_601,M11,d0,8,12:44:33,12:44:33,401016,11.0,1
MV_A5-Weekday-075500_M11_601,M11,d0,9,12:46:00,12:46:00,400747,13.0,1
MV_A5-Weekday-075500_M11_601,M11,d0,10,12:48:04,12:48:04,403271,15.0,1
MV_A5-Weekday-075500_M11_601,M11,d0,11,12:50:07,12:50:07,400750,14.0,1
MV_A5-Weekday-075500_M11_601,M11,d0,12,12:52:56,12:52:56,403103,14.0,1
MV_A5-Weekday-075500_M11_601,M11,d0,13,12:54:25,12:54:25,403104,9.0,2
MV_A5-Weekday-075500_M11_601,M11,d0,14,12:55:42,12:55:42,403105,23.0,2
MV_A5-Weekday-075500_M11_601,M11,d0,15,12:57:00,12:57:00,403106,23.0,2
MV_A5-Weekday-075500_M11_601,M11,d0,16,12:58:53,12:58:53,403107,12.0,2
MV_A5-Weekday-075500_M11_601,M11,d0,17,13:00:25,13:00:25,903299,30.0,2
MV_A5-Weekday-075500_M11_601,M11,d0,18,13:01:28,13:01:28,403109,12.0,2
MV_A5-Weekday-075500_M11_601,M11,d0,19,13:02:43,13:02:43,403110,27.0,2
MV_A5-Weekday-075500_M11_601,M11,d0,20,13:04:34,13:04:34,403111,26.0,2
MV_A5-Weekday-075500_M11_601,M11,d0,21,13:05:50,13:05:50,403112,5.0,2
MV_A5-Weekday-075500_M11_601,M11,d0,22,13:08:00,13:08:00,405248,27.0,2
MV_A5-Weekday-075500_M11_601,M11,d0,23,13:09:46,13:09:46,403114,23.0,2
MV_A5-Weekday-075500_M11_601,M11,d0,24,13:11:26,13:11:26,403115,10.0,2
MV_A5-Weekday-075500_M11_601,M11,d0,25,13:12:42,13:12:42,403116,25.0,2
MV_A5-Weekday-075500_M11_601,M11,d0,26,13:14:00,13:14:00,405394,21.0,2
MV_A5-Weekday-075500_M11_601,M11,d0,27,13:15:55,13:15:55,403118,21.0,2
MV_A5-Weekday-075500_M11_601,M11,d0,28,13:16:54,13:16:54,403119,14.0,1
MV_A5-Weekday-075500_M11_601,M11,d0,29,13:18:33,13:18:33,404260,11.0,1
MV_A5-Weekday-075500_M11_601,M11,d0,30,13:19:51,13:19:51,403122,10.0,1
MV_A5-Weekday-075500_M11_601,M11,d0,31,13:21:58,13:21:58,404262,10.0,1
MV_A5-Weekday-075500_M11_601,M11,d0,32,13:23:24,13:23:24,403125,3.0,1
MV_A5-Weekday-075500_M11_601,M11,d0,33,13:25:02,13:25:02,403126,7.0,1
MV_A5-Weekday-075500_M11_601,M11,d0,34,13:25:51,13:25:51,403127,2.0,1
MV_A5-Weekday-075500_M11_601,M11,d0,35,13:28:43,13:28:43,401444,2.0,1
MV_A5-Weekday-075500_M11_601,M11,d0,36,13:30:00,13:30:00,903352,2.0,1
MV_A5-Weekday-041700_M11_606,M11,d0,1,6:57:00,6:57:00,401393,2.0,1
MV_A5-Weekday-041700_M11_606,M11,d0,2,6:57:49,6:57:49,405120,2.0,1
MV_A5-Weekday-041700_M11_606,M11,d0,3,6:58:32,6:58:32,405167,2.0,1
MV_A5-Weekday-041700_M11_606,M11,d0,4,6:59:00,6:59:00,405265,4.0,1
MV_A5-Weekday-041700_M11_606,M11,d0,5,6:59:54,6:59:54,405152,2.0,1
MV_A5-Weekday-041700_M11_606,M11,d0,6,7:01:15,7:01:15,405151,3.0,1
MV_A5-Weekday-041700_M11_606,M11,d0,7,7:02:24,7:02:24,404161,3.0,1
MV_A5-Weekday-041700_M11_606,M11,d0,8,7:03:10,7:03:10,401398,3.0,1
MV_A5-Weekday-041700_M11_606,M11,d0,9,7:04:00,7:04:00,403802,14.0,1
MV_A5-Weekday-041700_M11_606,M11,d0,10,7:04:52,7:04:52,401400,14.0,1
MV_A5-Weekday-041700_M11_606,M11,d0,11,7:05:43,7:05:43,401401,14.0,1
MV_A5-Weekday-041700_M11_606,M11,d0,12,7:06:59,7:06:59,401402,14.0,1
MV_A5-Weekday-041700_M11_606,M11,d0,13,7:08:23,7:08:23,401404,14.0,1
MV_A5-Weekday-041700_M11_606,M11,d0,14,7:09:54,7:09:54,404279,14.0,1
MV_A5-Weekday-041700_M11_606,M11,d0,15,7:10:54,7:10:54,405631,14.0,1
MV_A5-Weekday-041700_M11_606,M11,d0,16,7:12:00,7:12:00,401407,14.0,1
MV_A5-Weekday-041700_M11_606,M11,d0,17,7:13:34,7:13:34,401408,13.0,1
MV_A5-Weekday-041700_M11_606,M11,d0,18,7:14:37,7:14:37,401409,13.0,1
MV_A5-Weekday-041700_M11_606,M11,d0,19,7:15:39,7:15:39,401410,11.0,2
MV_A5-Weekday-041700_M11_606,M11,d0,20,7:17:24,7:17:24,401411,22.0,2
MV_A5-Weekday-041700_M11_606,M11,d0,21,7:18:43,7:18:43,401412,22.0,2
MV_A5-Weekday-041700_M11_606,M11,d0,22,7:19:28,7:19:28,401413,19.0,2
MV_A5-Weekday-041700_M11_606,M11,d0,23,7:20:52,7:20:52,401414,19.0,2
MV_A5-Weekday-041700_M11_606,M11,d0,24,7:22:32,7:22:32,401416,18.0,2
MV_A5-Weekday-041700_M11_606,M11,d0,25,7:23:56,7:23:56,401417,17.0,2
MV_A5-Weekday-041700_M11_606,M11,d0,26,7:25:00,7:25:00,403472,17.0,2
MV_A5-Weekday-041700_M11_606,M11,d0,27,7:26:10,7:26:10,403555,17.0,2
MV_A5-Weekday-041700_M11_606,M11,d0,28,7:28:00,7:28:00,401021,16.0,2
MV_A5-Weekday-041700_M11_606,M11,d0,29,7:29:05,7:29:05,401022,21.0,2
MV_A5-Weekday-041700_M11_606,M11,d0,30,7:30:37,7:30:37,401023,21.0,2
MV_A5-Weekday-041700_M11_606,M11,d0,31,7:31:39,7:31:39,401024,21.0,2
MV_A5-Weekday-041700_M11_606,M11,d0,32,7:32:49,7:32:49,401025,21.0,2
MV_A5-Weekday-041700_M11_606,M11,d0,33,7:33:53,7:33:53,401026,16.0,1
MV_A5-Weekday-041700_M11_606,M11,d0,34,7:35:33,7:35:33,401027,12.0,1
MV_A5-Weekday-041700_M11_606,M11,d0,35,7:36:50,7:36:50,404320,11.0,1
MV_A5-Weekday-041700_M11_606,M11,d0,36,7:38:10,7:38:10,401029,8.0,1
MV_A5-Weekday-041700_M11_606,M11,d0,37,7:39:13,7:39:13,401030,9.0,1
MV_A5-Weekday-041700_M11_606,M11,d0,38,7:40:52,7:40:52,401031,12.0,1
MV_A5-Weekday-041700_M11_606,M11,d0,39,7:41:56,7:41:56,401032,12.0,1
MV_A5-Weekday-041700_M11_606,M11,d0,40,7:43:00,7:43:00,401033,12.0,1
MV_A5-Weekday-041700_M11_606,M11,d0,41,7:43:59,7:43:59,401034,12.0,1
MV_A5-Weekday-041700_M11_606,M11,d0,42,7:45:13,7:45:13,401035,12.0,1
MV_A5-Weekday-041700_M11_606,M11,d0,43,7:46:22,7:46:22,401435,11.0,1
MV_A5-Weekday-041700_M11_606,M11,d0,44,7:48:00,7:48:00,401436,11.0,1
MV_A5-Weekday-041700_M11_606,M11,d0,45,7:49:45,7:49:45,401438,11.0,1
MV_A5-Weekday-041700_M11_606,M11,d0,46,7:50:46,7:50:46,403886,8.0,1
MV_A5-Weekday-041700_M11_606,M11,d0,47,7:51:58,7:51:58,401440,8.0,1
MV_A5-Weekday-041700_M11_606,M11,d0,48,7:53:04,7:53:04,401441,8.0,1
MV_A5-Weekday-041700_M11_606,M11,d0,49,7:54:09,7:54:09,401442,8.0,1
MV_A5-Weekday-041700_M11_606,M11,d0,50,7:55:30,7:55:30,401443,4.0,1
MV_A5-Weekday-041700_M11_606,M11,d0,51,7:56:56,7:56:56,403292,8.0,1
MV_A5-Weekday-041700_M11_606,M11,d0,52,7:57:48,7:57:48,401444,8.0,1
MV_A5-Weekday-041700_M11_606,M11,d0,53,7:59:00,7:59:00,401446,8.0,1
MV_A5-Weekday-041700_M11_606,M11,d0,54,8:00:12,8:00:12,401447,8.0,1
MV_A5-Weekday-041700_M11_606,M11,d0,55,8:02:11,8:02:11,403757,8.0,1
MV_A5-Weekday-041700_M11_606,M11,d0,56,8:04:00,8:04:00,404011,8.0,1
MV_A5-Weekday-041700_M11_606,M11,d0,57,8:04:12,8:04:12,404012,8.0,1
MV_A5-Weekday-041700_M11_606,M11,d0,58,8:04:34,8:04:34,404013,8.0,1
MV_A5-Weekday-041700_M11_606,M11,d0,59,8:04:45,8:04:45,404056,1.0,1
MV_A5-Weekday-041700_M11_606,M11,d0,60,8:05:13,8:05:13,404014,1.0,1
MV_A5-Weekday-041700_M11_606,M11,d0,61,8:05:27,8:05:27,404015,1.0,1
MV_A5-Weekday-041700_M11_606,M11,d0,62,8:06:00,8:06:00,803194,1.0,1
MV_A5-Weekday-101300_M11_630,M11,d0,1,16:53:00,16:53:00,401393,5.0,1
MV_A5-Weekday-101300_M11_630,M11,d0,2,16:53:49,16:53:49,405120,5.0,1
MV_A5-Weekday-101300_M11_630,M11,d0,3,16:54:32,16:54:32,405167,5.0,1
MV_A5-Weekday-101300_M11_630,M11,d0,4,16:55:00,16:55:00,405265,5.0,1
MV_A5-Weekday-101300_M11_630,M11,d0,5,16:56:26,16:56:26,405152,5.0,1
MV_A5-Weekday-101300_M11_630,M11,d0,6,16:58:36,16:58:36,405151,5.0,2
MV_A5-Weekday-101300_M11_630,M11,d0,7,17:00:26,17:00:26,404161,21.0,2
MV_A5-Weekday-101300_M11_630,M11,d0,8,17:01:39,17:01:39,401398,21.0,2
MV_A5-Weekday-101300_M11_630,M11,d0,9,17:03:00,17:03:00,403802,32.0,2
MV_A5-Weekday-101300_M11_630,M11,d0,10,17:04:44,17:04:44,401400,32.0,2
MV_A5-Weekday-101300_M11_630,M11,d0,11,17:06:25,17:06:25,401401,32.0,3
MV_A5-Weekday-101300_M11_630,M11,d0,12,17:08:58,17:08:58,401402,48.0,3
MV_A5-Weekday-101300_M11_630,M11,d0,13,17:11:46,17:11:46,401404,48.0,3
MV_A5-Weekday-101300_M11_630,M11,d0,14,17:14:48,17:14:48,404279,47.0,3
MV_A5-Weekday-101300_M11_630,M11,d0,15,17:16:48,17:16:48,405631,43.0,4
MV_A5-Weekday-101300_M11_630,M11,d0,16,17:19:00,17:19:00,401407,51.0,4
MV_A5-Weekday-101300_M11_630,M11,d0,17,17:20:41,17:20:41,401408,53.0,4
MV_A5-Weekday-101300_M11_630,M11,d0,18,17:21:49,17:21:49,401409,53.0,4
MV_A5-Weekday-101300_M11_630,M11,d0,19,17:22:55,17:22:55,401410,42.0,3
MV_A5-Weekday-101300_M11_630,M11,d0,20,17:24:49,17:24:49,401411,42.0,3
MV_A5-Weekday-101300_M11_630,M11,d0,21,17:26:14,17:26:14,401412,42.0,3
MV_A5-Weekday-101300_M11_630,M11,d0,22,17:27:03,17:27:03,401413,34.0,3
MV_A5-Weekday-101300_M11_630,M11,d0,23,17:28:33,17:28:33,401414,40.0,3
MV_A5-Weekday-101300_M11_630,M11,d0,24,17:30:21,17:30:21,401416,40.0,3
MV_A5-Weekday-101300_M11_630,M11,d0,25,17:31:51,17:31:51,401417,35.0,3
MV_A5-Weekday-101300_M11_630,M11,d0,26,17:33:00,17:33:00,403472,26.0,2
MV_A5-Weekday-101300_M11_630,M11,d0,27,17:34:33,17:34:33,403555,27.0,2
MV_A5-Weekday-101300_M11_630,M11,d0,28,17:37:00,17:37:00,401021,27.0,2
MV_A5-Weekday-101300_M11_630,M11,d0,29,17:38:14,17:38:14,401022,27.0,2
MV_A5-Weekday-101300_M11_630,M11,d0,30,17:39:58,17:39:58,401023,29.0,2
MV_A5-Weekday-101300_M11_630,M11,d0,31,17:41:08,17:41:08,401024,29.0,2
MV_A5-Weekday-101300_M11_630,M11,d0,32,17:42:28,17:42:28,401025,29.0,2
MV_A5-Weekday-101300_M11_630,M11,d0,33,17:43:40,17:43:40,401026,31.0,2
MV_A5-Weekday-101300_M11_630,M11,d0,34,17:45:33,17:45:33,401027,28.0,2
MV_A5-Weekday-101300_M11_630,M11,d0,35,17:47:01,17:47:01,404320,11.0,2
MV_A5-Weekday-101300_M11_630,M11,d0,36,17:48:31,17:48:31,401029,25.0,2
MV_A5-Weekday-101300_M11_630,M11,d0,37,17:49:43,17:49:43,401030,25.0,2
MV_A5-Weekday-101300_M11_630,M11,d0,38,17:51:35,17:51:35,401031,22.0,2
MV_A5-Weekday-101300_M11_630,M11,d0,39,17:52:48,17:52:48,401032,15.0,2
MV_A5-Weekday-101300_M11_630,M11,d0,40,17:54:00,17:54:00,401033,19.0,2
MV_A5-Weekday-101300_M11_630,M11,d0,41,17:54:59,17:54:59,401034,19.0,2
MV_A5-Weekday-101300_M11_630,M11,d0,42,17:56:13,17:56:13,401035,19.0,2
MV_A5-Weekday-101300_M11_630,M11,d0,43,17:57:22,17:57:22,401435,16.0,2
MV_A5-Weekday-101300_M11_630,M11,d0,44,17:59:00,17:59:00,401436,18.0,2
MV_A5-Weekday-101300_M11_630,M11,d0,45,18:00:54,18:00:54,401438,18.0,2
MV_A5-Weekday-101300_M11_630,M11,d0,46,18:02:01,18:02:01,403886,18.0,2
MV_A5-Weekday-101300_M11_630,M11,d0,47,18:03:20,18:03:20,401440,18.0,2
MV_A5-Weekday-101300_M11_630,M11,d0,48,18:04:32,18:04:32,401441,18.0,2
MV_A5-Weekday-101300_M11_630,M11,d0,49,18:05:43,18:05:43,401442,17.0,2
MV_A5-Weekday-101300_M11_630,M11,d0,50,18:07:11,18:07:11,401443,17.0,2
MV_A5-Weekday-101300_M11_630,M11,d0,51,18:08:44,18:08:44,403292,15.0,1
MV_A5-Weekday-101300_M11_630,M11,d0,52,18:09:41,18:09:41,401444,6.0,1
MV_A5-Weekday-101300_M11_630,M11,d0,53,18:11:00,18:11:00,401446,15.0,1
MV_A5-Weekday-101300_M11_630,M11,d0,54,18:12:27,18:12:27,401447,6.0,1
MV_A5-Weekday-101300_M11_630,M11,d0,55,18:14:49,18:14:49,403757,6.0,1
MV_A5-Weekday-101300_M11_630,M11,d0,56,18:17:00,18:17:00,404011,6.0,1
MV_A5-Weekday-101300_M11_630,M11,d0,57,18:17:18,18:17:18,404012,3.0,1
MV_A5-Weekday-101300_M11_630,M11,d0,58,18:17:51,18:17:51,404013,2.0,1
MV_A5-Weekday-101300_M11_630,M11,d0,59,18:18:08,18:18:08,404056,6.0,1
MV_A5-Weekday-101300_M11_630,M11,d0,60,18:18:49,18:18:49,404014,6.0,1
MV_A5-Weekday-101300_M11_630,M11,d0,61,18:19:11,18:19:11,404015,1.0,1
MV_A5-Weekday-101300_M11_630,M11,d0,62,18:20:00,18:20:00,803194,1.0,1
MV_A5-Weekday-055700_M11_602,M11,d0,1,9:17:00,9:17:00,401393,4.0,1
MV_A5-Weekday-055700_M11_602,M11,d0,2,9:17:49,9:17:49,405120,4.0,1
MV_A5-Weekday-055700_M11_602,M11,d0,3,9:18:32,9:18:32,405167,6.0,1
MV_A5-Weekday-055700_M11_602,M11,d0,4,9:19:00,9:19:00,405265,6.0,1
MV_A5-Weekday-055700_M11_602,M11,d0,5,9:20:04,9:20:04,405152,11.0,1
MV_A5-Weekday-055700_M11_602,M11,d0,6,9:21:42,9:21:42,405151,15.0,1
MV_A5-Weekday-055700_M11_602,M11,d0,7,9:23:05,9:23:05,404161,16.0,1
MV_A5-Weekday-055700_M11_602,M11,d0,8,9:23:59,9:23:59,401398,16.0,1
MV_A5-Weekday-055700_M11_602,M11,d0,9,9:25:00,9:25:00,403802,16.0,2
MV_A5-Weekday-055700_M11_602,M11,d0,10,9:26:25,9:26:25,401400,19.0,2
MV_A5-Weekday-055700_M11_602,M11,d0,11,9:27:47,9:27:47,401401,19.0,2
MV_A5-Weekday-055700_M11_602,M11,d0,12,9:29:51,9:29:51,401402,12.0,1
MV_A5-Weekday-055700_M11_602,M11,d0,13,9:32:07,9:32:07,401404,12.0,1
MV_A5-Weekday-055700_M11_602,M11,d0,14,9:34:35,9:34:35,404279,12.0,2
MV_A5-Weekday-055700_M11_602,M11,d0,15,9:36:13,9:36:13,405631,18.0,2
MV_A5-Weekday-055700_M11_602,M11,d0,16,9:38:00,9:38:00,401407,18.0,2
MV_A5-Weekday-055700_M11_602,M11,d0,17,9:39:41,9:39:41,401408,20.0,2
MV_A5-Weekday-055700_M11_602,M11,d0,18,9:40:49,9:40:49,401409,22.0,2
MV_A5-Weekday-055700_M11_602,M11,d0,19,9:41:55,9:41:55,401410,22.0,2
MV_A5-Weekday-055700_M11_602,M11,d0,20,9:43:49,9:43:49,401411,22.0,2
MV_A5-Weekday-055700_M11_602,M11,d0,21,9:45:14,9:45:14,401412,17.0,2
MV_A5-Weekday-055700_M11_602,M11,d0,22,9:46:03,9:46:03,401413,3.0,2
MV_A5-Weekday-055700_M11_602,M11,d0,23,9:47:33,9:47:33,401414,18.0,2
MV_A5-Weekday-055700_M11_602,M11,d0,24,9:49:21,9:49:21,401416,18.0,2
MV_A5-Weekday-055700_M11_602,M11,d0,25,9:50:51,9:50:51,401417,17.0,2
MV_A5-Weekday-055700_M11_602,M11,d0,26,9:52:00,9:52:00,403472,15.0,1
MV_A5-Weekday-055700_M11_602,M11,d0,27,9:53:10,9:53:10,403555,15.0,1
MV_A5-Weekday-055700_M11_602,M11,d0,28,9:55:00,9:55:00,401021,2.0,2
MV_A5-Weekday-055700_M11_602,M11,d0,29,9:56:10,9:56:10,401022,23.0,2
MV_A5-Weekday-055700_M11_602,M11,d0,30,9:57:48,9:57:48,401023,24.0,2
MV_A5-Weekday-055700_M11_602,M11,d0,31,9:58:53,9:58:53,401024,24.0,2
MV_A5-Weekday-055700_M11_602,M11,d0,32,10:00:08,10:00:08,401025,22.0,2
MV_A5-Weekday-055700_M11_602,M11,d0,33,10:01:16,10:01:16,401026,22.0,2
MV_A5-Weekday-055700_M11_602,M11,d0,34,10:03:03,10:03:03,401027,20.0,2
MV_A5-Weekday-055700_M11_602,M11,d0,35,10:04:25,10:04:25,404320,3.0,1
MV_A5-Weekday-055700_M11_602,M11,d0,36,10:05:51,10:05:51,401029,3.0,2
MV_A5-Weekday-055700_M11_602,M11,d0,37,10:06:58,10:06:58,401030,20.0,2
MV_A5-Weekday-055700_M11_602,M11,d0,38,10:08:44,10:08:44,401031,20.0,2
MV_A5-Weekday-055700_M11_602,M11,d0,39,10:09:52,10:09:52,401032,20.0,2
MV_A5-Weekday-055700_M11_602,M11,d0,40,10:11:00,10:11:00,401033,21.0,2
MV_A5-Weekday-055700_M11_602,M11,d0,41,10:11:59,10:11:59,401034,21.0,2
MV_A5-Weekday-055700_M11_602,M11,d0,42,10:13:13,10:13:13,401035,4.0,2
MV_A5-Weekday-055700_M11_602,M11,d0,43,10:14:22,10:14:22,401435,20.0,2
MV_A5-Weekday-055700_M11_602,M11,d0,44,10:16:00,10:16:00,401436,18.0,2
MV_A5-Weekday-055700_M11_602,M11,d0,45,10:17:45,10:17:45,401438,13.0,2
MV_A5-Weekday-055700_M11_602,M11,d0,46,10:18:46,10:18:46,403886,21.0,2
MV_A5-Weekday-055700_M11_602,M11,d0,47,10:19:58,10:19:58,401440,21.0,2
MV_A5-Weekday-055700_M11_602,M11,d0,48,10:21:04,10:21:04,401441,14.0,1
MV_A5-Weekday-055700_M11_602,M11,d0,49,10:22:09,10:22:09,401442,6.0,2
MV_A5-Weekday-055700_M11_602,M11,d0,50,10:23:30,10:23:30,401443,21.0,2
MV_A5-Weekday-055700_M11_602,M11,d0,51,10:24:56,10:24:56,403292,6.0,2
MV_A5-Weekday-055700_M11_602,M11,d0,52,10:25:48,10:25:48,401444,18.0,2
MV_A5-Weekday-055700_M11_602,M11,d0,53,10:27:00,10:27:00,401446,7.0,2
MV_A5-Weekday-055700_M11_602,M11,d0,54,10:28:12,10:28:12,401447,18.0,2
MV_A5-Weekday-055700_M11_602,M11,d0,55,10:30:11,10:30:11,403757,18.0,2
MV_A5-Weekday-055700_M11_602,M11,d0,56,10:32:00,10:32:00,404011,18.0,2
MV_A5-Weekday-055700_M11_602,M11,d0,57,10:32:12,10:32:12,404012,7.0,2
MV_A5-Weekday-055700_M11_602,M11,d0,58,10:32:34,10:32:34,404013,17.0,2
MV_A5-Weekday-055700_M11_602,M11,d0,59,10:32:45,10:32:45,404056,17.0,2
MV_A5-Weekday-055700_M11_602,M11,d0,60,10:33:13,10:33:13,404014,17.0,2
MV_A5-Weekday-055700_M11_602,M11,d0,61,10:33:27,10:33:27,404015,14.0,1
MV_A5-Weekday-055700_M11_602,M11,d0,62,10:34:00,10:34:00,803194,14.0,1
MV_A5-Weekday-067300_M11_620,M11,d0,1,11:13:00,11:13:00,401393,2.0,1
MV_A5-Weekday-067300_M11_620,M11,d0,2,11:13:49,11:13:49,405120,2.0,1
MV_A5-Weekday-067300_M11_620,M11,d0,3,11:14:32,11:14:32,405167,2.0,1
MV_A5-Weekday-067300_M11_620,M11,d0,4,11:15:00,11:15:00,405265,2.0,1
MV_A5-Weekday-067300_M11_620,M11,d0,5,11:16:15,11:16:15,405152,9.0,1
MV_A5-Weekday-067300_M11_620,M11,d0,6,11:18:09,11:18:09,405151,9.0,1
MV_A5-Weekday-067300_M11_620,M11,d0,7,11:19:46,11:19:46,404161,16.0,1
MV_A5-Weekday-067300_M11_620,M11,d0,8,11:20:49,11:20:49,401398,16.0,1
MV_A5-Weekday-067300_M11_620,M11,d0,9,11:22:00,11:22:00,403802,16.0,1
MV_A5-Weekday-067300_M11_620,M11,d0,10,11:23:25,11:23:25,401400,16.0,1
MV_A5-Weekday-067300_M11_620,M11,d0,11,11:24:47,11:24:47,401401,16.0,1
MV_A5-Weekday-067300_M11_620,M11,d0,12,11:26:51,11:26:51,401402,13.0,1
MV_A5-Weekday-067300_M11_620,M11,d0,13,11:29:07,11:29:07,401404,16.0,2
MV_A5-Weekday-067300_M11_620,M11,d0,14,11:31:35,11:31:35,404279,18.0,2
MV_A5-Weekday-067300_M11_620,M11,d0,15,11:33:13,11:33:13,405631,18.0,2
MV_A5-Weekday-067300_M11_620,M11,d0,16,11:35:00,11:35:00,401407,15.0,1
MV_A5-Weekday-067300_M11_620,M11,d0,17,11:36:48,11:36:48,401408,9.0,2
MV_A5-Weekday-067300_M11_620,M11,d0,18,11:38:01,11:38:01,401409,17.0,2
MV_A5-Weekday-067300_M11_620,M11,d0,19,11:39:12,11:39:12,401410,16.0,1
MV_A5-Weekday-067300_M11_620,M11,d0,20,11:41:14,11:41:14,401411,16.0,2
MV_A5-Weekday-067300_M11_620,M11,d0,21,11:42:45,11:42:45,401412,17.0,2
MV_A5-Weekday-067300_M11_620,M11,d0,22,11:43:37,11:43:37,401413,17.0,2
MV_A5-Weekday-067300_M11_620,M11,d0,23,11:45:14,11:45:14,401414,20.0,2
MV_A5-Weekday-067300_M11_620,M11,d0,24,11:47:09,11:47:09,401416,20.0,2
MV_A5-Weekday-067300_M11_620,M11,d0,25,11:48:46,11:48:46,401417,18.0,2
MV_A5-Weekday-067300_M11_620,M11,d0,26,11:50:00,11:50:00,403472,18.0,2
MV_A5-Weekday-067300_M11_620,M11,d0,27,11:51:33,11:51:33,403555,21.0,2
MV_A5-Weekday-067300_M11_620,M11,d0,28,11:54:00,11:54:00,401021,21.0,2
MV_A5-Weekday-067300_M11_620,M11,d0,29,11:55:14,11:55:14,401022,21.0,2
MV_A5-Weekday-067300_M11_620,M11,d0,30,11:56:58,11:56:58,401023,8.0,1
MV_A5-Weekday-067300_M11_620,M11,d0,31,11:58:08,11:58:08,401024,9.0,1
MV_A5-Weekday-067300_M11_620,M11,d0,32,11:59:28,11:59:28,401025,15.0,1
MV_A5-Weekday-067300_M11_620,M11,d0,33,12:00:40,12:00:40,401026,15.0,1
MV_A5-Weekday-067300_M11_620,M11,d0,34,12:02:33,12:02:33,401027,14.0,1
MV_A5-Weekday-067300_M11_620,M11,d0,35,12:04:01,12:04:01,404320,5.0,1
MV_A5-Weekday-067300_M11_620,M11,d0,36,12:05:31,12:05:31,401029,5.0,1
MV_A5-Weekday-067300_M11_620,M11,d0,37,12:06:43,12:06:43,401030,4.0,1
MV_A5-Weekday-067300_M11_620,M11,d0,38,12:08:35,12:08:35,401031,2.0,1
MV_A5-Weekday-067300_M11_620,M11,d0,39,12:09:48,12:09:48,401032,4.0,1
MV_A5-Weekday-067300_M11_620,M11,d0,40,12:11:00,12:11:00,401033,4.0,1
MV_A5-Weekday-067300_M11_620,M11,d0,41,12:11:59,12:11:59,401034,4.0,1
MV_A5-Weekday-067300_M11_620,M11,d0,42,12:13:13,12:13:13,401035,1.0,1
MV_A5-Weekday-067300_M11_620,M11,d0,43,12:14:22,12:14:22,401435,1.0,1
MV_A5-Weekday-067300_M11_620,M11,d0,44,12:16:00,12:16:00,401436,1.0,1
MV_A5-Weekday-067300_M11_620,M11,d0,45,12:18:04,12:18:04,401438,1.0,1
MV_A5-Weekday-067300_M11_620,M11,d0,46,12:19:17,12:19:17,403886,1.0,1
MV_A5-Weekday-067300_M11_620,M11,d0,47,12:20:42,12:20:42,401440,1.0,1
MV_A5-Weekday-067300_M11_620,M11,d0,48,12:21:59,12:21:59,401441,1.0,1
MV_A5-Weekday-067300_M11_620,M11,d0,49,12:23:16,12:23:16,401442,1.0,1
MV_A5-Weekday-067300_M11_620,M11,d0,50,12:24:52,12:24:52,401443,1.0,1
MV_A5-Weekday-067300_M11_620,M11,d0,51,12:26:33,12:26:33,403292,1.0,1
MV_A5-Weekday-067300_M11_620,M11,d0,52,12:27:35,12:27:35,401444,1.0,1
MV_A5-Weekday-067300_M11_620,M11,d0,53,12:29:00,12:29:00,401446,1.0,1
MV_A5-Weekday-067300_M11_620,M11,d0,54,12:30:12,12:30:12,401447,9.0,1
MV_A5-Weekday-067300_M11_620,M11,d0,55,12:32:11,12:32:11,403757,9.0,1
MV_A5-Weekday-067300_M11_620,M11,d0,56,12:34:00,12:34:00,404011,9.0,1
MV_A5-Weekday-067300_M11_620,M11,d0,57,12:34:18,12:34:18,404012,9.0,1
MV_A5-Weekday-067300_M11_620,M11,d0,58,12:34:51,12:34:51,404013,9.0,1
MV_A5-Weekday-067300_M11_620,M11,d0,59,12:35:08,12:35:08,404056,9.0,1
MV_A5-Weekday-067300_M11_620,M11,d0,60,12:35:49,12:35:49,404014,9.0,1
MV_A5-Weekday-067300_M11_620,M11,d0,61,12:36:11,12:36:11,404015,9.0,1
MV_A5-Weekday-067300_M11_620,M11,d0,62,12:37:00,12:37:00,803194,9.0,1
MV_A5-Weekday-SDon-111500_M11_632,M11,d0,1,18:35:00,18:35:00,401393,2.0,1
MV_A5-Weekday-SDon-111500_M11_632,M11,d0,2,18:35:49,18:35:49,405120,2.0,1
MV_A5-Weekday-SDon-111500_M11_632,M11,d0,3,18:36:32,18:36:32,405167,6.0,1
MV_A5-Weekday-SDon-111500_M11_632,M11,d0,4,18:37:00,18:37:00,405265,6.0,1
MV_A5-Weekday-SDon-111500_M11_632,M11,d0,5,18:38:15,18:38:15,405152,12.0,1
MV_A5-Weekday-SDon-111500_M11_632,M11,d0,6,18:40:09,18:40:09,405151,9.0,1
MV_A5-Weekday-SDon-111500_M11_632,M11,d0,7,18:41:46,18:41:46,404161,16.0,2
MV_A5-Weekday-SDon-111500_M11_632,M11,d0,8,18:42:49,18:42:49,401398,19.0,2
MV_A5-Weekday-SDon-111500_M11_632,M11,d0,9,18:44:00,18:44:00,403802,23.0,2
MV_A5-Weekday-SDon-111500_M11_632,M11,d0,10,18:45:25,18:45:25,401400,21.0,2
MV_A5-Weekday-SDon-111500_M11_632,M11,d0,11,18:46:47,18:46:47,401401,27.0,2
MV_A5-Weekday-SDon-111500_M11_632,M11,d0,12,18:48:51,18:48:51,401402,25.0,3
MV_A5-Weekday-SDon-111500_M11_632,M11,d0,13,18:51:07,18:51:07,401404,33.0,3
MV_A5-Weekday-SDon-111500_M11_632,M11,d0,14,18:53:35,18:53:35,404279,37.0,3
MV_A5-Weekday-SDon-111500_M11_632,M11,d0,15,18:55:13,18:55:13,405631,33.0,3
MV_A5-Weekday-SDon-111500_M11_632,M11,d0,16,18:57:00,18:57:00,401407,34.0,3
MV_A5-Weekday-SDon-111500_M11_632,M11,d0,17,18:58:41,18:58:41,401408,16.0,3
MV_A5-Weekday-SDon-111500_M11_632,M11,d0,18,18:59:49,18:59:49,401409,35.0,3
MV_A5-Weekday-SDon-111500_M11_632,M11,d0,19,19:00:55,19:00:55,401410,34.0,3
MV_A5-Weekday-SDon-111500_M11_632,M11,d0,20,19:02:49,19:02:49,401411,13.0,3
MV_A5-Weekday-SDon-111500_M11_632,M11,d0,21,19:04:14,19:04:14,401412,34.0,3
MV_A5-Weekday-SDon-111500_M11_632,M11,d0,22,19:05:03,19:05:03,401413,34.0,3
MV_A5-Weekday-SDon-111500_M11_632,M11,d0,23,19:06:33,19:06:33,401414,34.0,3
MV_A5-Weekday-SDon-111500_M11_632,M11,d0,24,19:08:21,19:08:21,401416,28.0,2
MV_A5-Weekday-SDon-111500_M11_632,M11,d0,25,19:09:51,19:09:51,401417,20.0,2
MV_A5-Weekday-SDon-111500_M11_632,M11,d0,26,19:11:00,19:11:00,403472,15.0,2
MV_A5-Weekday-SDon-111500_M11_632,M11,d0,27,19:12:33,19:12:33,403555,19.0,2
MV_A5-Weekday-SDon-111500_M11_632,M11,d0,28,19:15:00,19:15:00,401021,20.0,2
MV_A5-Weekday-SDon-111500_M11_632,M11,d0,29,19:16:10,19:16:10,401022,20.0,2
MV_A5-Weekday-SDon-111500_M11_632,M11,d0,30,19:17:48,19:17:48,401023,20.0,2
MV_A5-Weekday-SDon-111500_M11_632,M11,d0,31,19:18:53,19:18:53,401024,18.0,2
MV_A5-Weekday-SDon-111500_M11_632,M11,d0,32,19:20:08,19:20:08,401025,13.0,1
MV_A5-Weekday-SDon-111500_M11_632,M11,d0,33,19:21:16,19:21:16,401026,16.0,1
MV_A5-Weekday-SDon-111500_M11_632,M11,d0,34,19:23:03,19:23:03,401027,13.0,1
MV_A5-Weekday-SDon-111500_M11_632,M11,d0,35,19:24:25,19:24:25,404320,15.0,1
MV_A5-Weekday-SDon-111500_M11_632,M11,d0,36,19:25:51,19:25:51,401029,15.0,1
MV_A5-Weekday-SDon-111500_M11_632,M11,d0,37,19:26:58,19:26:58,401030,14.0,1
MV_A5-Weekday-SDon-111500_M11_632,M11,d0,38,19:28:44,19:28:44,401031,13.0,1
MV_A5-Weekday-SDon-111500_M11_632,M11,d0,39,19:29:52,19:29:52,401032,13.0,1
MV_A5-Weekday-SDon-111500_M11_632,M11,d0,40,19:31:00,19:31:00,401033,10.0,1
MV_A5-Weekday-SDon-111500_M11_632,M11,d0,41,19:31:47,19:31:47,401034,8.0,1
MV_A5-Weekday-SDon-111500_M11_632,M11,d0,42,19:32:46,19:32:46,401035,6.0,1
MV_A5-Weekday-SDon-111500_M11_632,M11,d0,43,19:33:41,19:33:41,401435,8.0,1
MV_A5-Weekday-SDon-111500_M11_632,M11,d0,44,19:35:00,19:35:00,401436,8.0,1
MV_A5-Weekday-SDon-111500_M11_632,M11,d0,45,19:36:35,19:36:35,401438,6.0,1
MV_A5-Weekday-SDon-111500_M11_632,M11,d0,46,19:37:31,19:37:31,403886,7.0,1
MV_A5-Weekday-SDon-111500_M11_632,M11,d0,47,19:38:37,19:38:37,401440,7.0,1
MV_A5-Weekday-SDon-111500_M11_632,M11,d0,48,19:39:37,19:39:37,401441,7.0,1
MV_A5-Weekday-SDon-111500_M11_632,M11,d0,49,19:40:36,19:40:36,401442,5.0,1
MV_A5-Weekday-SDon-111500_M11_632,M11,d0,50,19:41:49,19:41:49,401443,5.0,1
MV_A5-Weekday-SDon-111500_M11_632,M11,d0,51,19:43:07,19:43:07,403292,4.0,1
MV_A5-Weekday-SDon-111500_M11_632,M11,d0,52,19:43:54,19:43:54,401444,1.0,1
MV_A5-Weekday-SDon-111500_M11_632,M11,d0,53,19:45:00,19:45:00,401446,1.0,1
MV_A5-Weekday-SDon-111500_M11_632,M11,d0,54,19:46:12,19:46:12,401447,1.0,1
MV_A5-Weekday-SDon-111500_M11_632,M11,d0,55,19:48:11,19:48:11,403757,1.0,1
MV_A5-Weekday-SDon-111500_M11_632,M11,d0,56,19:50:00,19:50:00,404011,1.0,1
MV_A5-Weekday-SDon-111500_M11_632,M11,d0,57,19:50:18,19:50:18,404012,1.0,1
MV_A5-Weekday-SDon-111500_M11_632,M11,d0,58,19:50:51,19:50:51,404013,1.0,1
MV_A5-Weekday-SDon-111500_M11_632,M11,d0,59,19:51:08,19:51:08,404056,1.0,1
MV_A5-Weekday-SDon-111500_M11_632,M11,d0,60,19:51:49,19:51:49,404014,1.0,1
MV_A5-Weekday-SDon-111500_M11_632,M11,d0,61,19:52:11,19:52:11,404015,1.0,1
MV_A5-Weekday-SDon-111500_M11_632,M11,d0,62,19:53:00,19:53:00,803194,1.0,1
MV_A5-Weekday-SDon-137000_M11_632,M11,d0,1,22:50:00,22:50:00,401393,2.0,1
MV_A5-Weekday-SDon-137000_M11_632,M11,d0,2,22:50:49,22:50:49,405120,4.0,1
MV_A5-Weekday-SDon-137000_M11_632,M11,d0,3,22:51:32,22:51:32,405167,1.0,1
MV_A5-Weekday-SDon-137000_M11_632,M11,d0,4,22:52:00,22:52:00,405265,6.0,1
MV_A5-Weekday-SDon-137000_M11_632,M11,d0,5,22:52:43,22:52:43,405152,5.0,1
MV_A5-Weekday-SDon-137000_M11_632,M11,d0,6,22:53:48,22:53:48,405151,7.0,1
MV_A5-Weekday-SDon-137000_M11_632,M11,d0,7,22:54:43,22:54:43,404161,6.0,1
MV_A5-Weekday-SDon-137000_M11_632,M11,d0,8,22:55:20,22:55:20,401398,8.0,1
MV_A5-Weekday-SDon-137000_M11_632,M11,d0,9,22:56:00,22:56:00,403802,10.0,1
MV_A5-Weekday-SDon-137000_M11_632,M11,d0,10,22:56:46,22:56:46,401400,10.0,1
MV_A5-Weekday-SDon-137000_M11_632,M11,d0,11,22:57:30,22:57:30,401401,14.0,1
MV_A5-Weekday-SDon-137000_M11_632,M11,d0,12,22:58:37,22:58:37,401402,14.0,1
MV_A5-Weekday-SDon-137000_M11_632,M11,d0,13,22:59:50,22:59:50,401404,12.0,1
MV_A5-Weekday-SDon-137000_M11_632,M11,d0,14,23:01:10,23:01:10,404279,12.0,1
MV_A5-Weekday-SDon-137000_M11_632,M11,d0,15,23:02:02,23:02:02,405631,9.0,1
MV_A5-Weekday-SDon-137000_M11_632,M11,d0,16,23:03:00,23:03:00,401407,10.0,1
MV_A5-Weekday-SDon-137000_M11_632,M11,d0,17,23:04:12,23:04:12,401408,9.0,1
MV_A5-Weekday-SDon-137000_M11_632,M11,d0,18,23:05:01,23:05:01,401409,14.0,1
MV_A5-Weekday-SDon-137000_M11_632,M11,d0,19,23:05:48,23:05:48,401410,11.0,1
MV_A5-Weekday-SDon-137000_M11_632,M11,d0,20,23:07:10,23:07:10,401411,15.0,1
MV_A5-Weekday-SDon-137000_M11_632,M11,d0,21,23:08:10,23:08:10,401412,15.0,1
MV_A5-Weekday-SDon-137000_M11_632,M11,d0,22,23:08:45,23:08:45,401413,10.0,1
MV_A5-Weekday-SDon-137000_M11_632,M11,d0,23,23:09:50,23:09:50,401414,16.0,1
MV_A5-Weekday-SDon-137000_M11_632,M11,d0,24,23:11:06,23:11:06,401416,13.0,2
MV_A5-Weekday-SDon-137000_M11_632,M11,d0,25,23:12:11,23:12:11,401417,17.0,2
MV_A5-Weekday-SDon-137000_M11_632,M11,d0,26,23:13:00,23:13:00,403472,17.0,2
MV_A5-Weekday-SDon-137000_M11_632,M11,d0,27,23:14:10,23:14:10,403555,17.0,2
MV_A5-Weekday-SDon-137000_M11_632,M11,d0,28,23:16:00,23:16:00,401021,8.0,2
MV_A5-Weekday-SDon-137000_M11_632,M11,d0,29,23:16:52,23:16:52,401022,19.0,2
MV_A5-Weekday-SDon-137000_M11_632,M11,d0,30,23:18:06,23:18:06,401023,7.0,1
MV_A5-Weekday-SDon-137000_M11_632,M11,d0,31,23:18:55,23:18:55,401024,8.0,2
MV_A5-Weekday-SDon-137000_M11_632,M11,d0,32,23:19:51,23:19:51,401025,18.0,2
MV_A5-Weekday-SDon-137000_M11_632,M11,d0,33,23:20:42,23:20:42,401026,15.0,1
MV_A5-Weekday-SDon-137000_M11_632,M11,d0,34,23:22:02,23:22:02,401027,10.0,1
MV_A5-Weekday-SDon-137000_M11_632,M11,d0,35,23:23:04,23:23:04,404320,16.0,1
MV_A5-Weekday-SDon-137000_M11_632,M11,d0,36,23:24:08,23:24:08,401029,8.0,1
MV_A5-Weekday-SDon-137000_M11_632,M11,d0,37,23:24:59,23:24:59,401030,15.0,1
MV_A5-Weekday-SDon-137000_M11_632,M11,d0,38,23:26:18,23:26:18,401031,10.0,1
MV_A5-Weekday-SDon-137000_M11_632,M11,d0,39,23:27:09,23:27:09,401032,7.0,1
MV_A5-Weekday-SDon-137000_M11_632,M11,d0,40,23:28:00,23:28:00,401033,16.0,1
MV_A5-Weekday-SDon-137000_M11_632,M11,d0,41,23:28:47,23:28:47,401034,10.0,1
MV_A5-Weekday-SDon-137000_M11_632,M11,d0,42,23:29:46,23:29:46,401035,5.0,1
MV_A5-Weekday-SDon-137000_M11_632,M11,d0,43,23:30:41,23:30:41,401435,14.0,1
MV_A5-Weekday-SDon-137000_M11_632,M11,d0,44,23:32:00,23:32:00,401436,14.0,1
MV_A5-Weekday-SDon-137000_M11_632,M11,d0,45,23:32:57,23:32:57,401438,8.0,1
MV_A5-Weekday-SDon-137000_M11_632,M11,d0,46,23:33:31,23:33:31,403886,8.0,1
MV_A5-Weekday-SDon-137000_M11_632,M11,d0,47,23:34:10,23:34:10,401440,1.0,1
MV_A5-Weekday-SDon-137000_M11_632,M11,d0,48,23:34:46,23:34:46,401441,14.0,1
MV_A5-Weekday-SDon-137000_M11_632,M11,d0,49,23:35:21,23:35:21,401442,7.0,1
MV_A5-Weekday-SDon-137000_M11_632,M11,d0,50,23:36:06,23:36:06,401443,14.0,1
MV_A5-Weekday-SDon-137000_M11_632,M11,d0,51,23:36:52,23:36:52,403292,14.0,1
MV_A5-Weekday-SDon-137000_M11_632,M11,d0,52,23:37:21,23:37:21,401444,1.0,1
MV_A5-Weekday-SDon-137000_M11_632,M11,d0,53,23:38:00,23:38:00,401446,11.0,1
MV_A5-Weekday-SDon-137000_M11_632,M11,d0,54,23:38:26,23:38:26,401447,6.0,1
MV_A5-Weekday-SDon-137000_M11_632,M11,d0,55,23:38:47,23:38:47,404147,11.0,1
MV_A5-Weekday-SDon-137000_M11_632,M11,d0,56,23:40:00,23:40:00,903092,11.0,1
MV_A5-Weekday-069700_M11_624,M11,d0,1,11:37:00,11:37:00,401393,5.0,1
MV_A5-Weekday-069700_M11_624,M11,d0,2,11:37:49,11:37:49,405120,5.0,1
MV_A5-Weekday-069700_M11_624,M11,d0,3,11:38:32,11:38:32,405167,5.0,1
MV_A5-Weekday-069700_M11_624,M11,d0,4,11:39:00,11:39:00,405265,5.0,1
MV_A5-Weekday-069700_M11_624,M11,d0,5,11:40:15,11:40:15,405152,5.0,1
MV_A5-Weekday-069700_M11_624,M11,d0,6,11:42:09,11:42:09,405151,7.0,1
MV_A5-Weekday-069700_M11_624,M11,d0,7,11:43:46,11:43:46,404161,10.0,1
MV_A5-Weekday-069700_M11_624,M11,d0,8,11:44:49,11:44:49,401398,10.0,1
MV_A5-Weekday-069700_M11_624,M11,d0,9,11:46:00,11:46:00,403802,12.0,1
MV_A5-Weekday-069700_M11_624,M11,d0,10,11:47:25,11:47:25,401400,12.0,1
MV_A5-Weekday-069700_M11_624,M11,d0,11,11:48:47,11:48:47,401401,13.0,1
MV_A5-Weekday-069700_M11_624,M11,d0,12,11:50:51,11:50:51,401402,10.0,1
MV_A5-Weekday-069700_M11_624,M11,d0,13,11:53:07,11:53:07,401404,12.0,1
MV_A5-Weekday-069700_M11_624,M11,d0,14,11:55:35,11:55:35,404279,12.0,1
MV_A5-Weekday-069700_M11_624,M11,d0,15,11:57:13,11:57:13,405631,1.0,1
MV_A5-Weekday-069700_M11_624,M11,d0,16,11:59:00,11:59:00,401407,4.0,1
MV_A5-Weekday-069700_M11_624,M11,d0,17,12:00:48,12:00:48,401408,16.0,1
MV_A5-Weekday-069700_M11_624,M11,d0,18,12:02:01,12:02:01,401409,16.0,1
MV_A5-Weekday-069700_M11_624,M11,d0,19,12:03:12,12:03:12,401410,14.0,1
MV_A5-Weekday-069700_M11_624,M11,d0,20,12:05:14,12:05:14,401411,7.0,1
MV_A5-Weekday-069700_M11_624,M11,d0,21,12:06:45,12:06:45,401412,9.0,1
MV_A5-Weekday-069700_M11_624,M11,d0,22,12:07:37,12:07:37,401413,13.0,2
MV_A5-Weekday-069700_M11_624,M11,d0,23,12:09:14,12:09:14,401414,17.0,2
MV_A5-Weekday-069700_M11_624,M11,d0,24,12:11:09,12:11:09,401416,17.0,2
MV_A5-Weekday-069700_M11_624,M11,d0,25,12:12:46,12:12:46,401417,16.0,1
MV_A5-Weekday-069700_M11_624,M11,d0,26,12:14:00,12:14:00,403472,15.0,2
MV_A5-Weekday-069700_M11_624,M11,d0,27,12:15:33,12:15:33,403555,17.0,2
MV_A5-Weekday-069700_M11_624,M11,d0,28,12:18:00,12:18:00,401021,17.0,2
MV_A5-Weekday-069700_M11_624,M11,d0,29,12:19:14,12:19:14,401022,17.0,2
MV_A5-Weekday-069700_M11_624,M11,d0,30,12:20:58,12:20:58,401023,13.0,1
MV_A5-Weekday-069700_M11_624,M11,d0,31,12:22:08,12:22:08,401024,12.0,1
MV_A5-Weekday-069700_M11_624,M11,d0,32,12:23:28,12:23:28,401025,12.0,1
MV_A5-Weekday-069700_M11_624,M11,d0,33,12:24:40,12:24:40,401026,9.0,1
MV_A5-Weekday-069700_M11_624,M11,d0,34,12:26:33,12:26:33,401027,9.0,1
MV_A5-Weekday-069700_M11_624,M11,d0,35,12:28:01,12:28:01,404320,5.0,1
MV_A5-Weekday-069700_M11_624,M11,d0,36,12:29:31,12:29:31,401029,5.0,1
MV_A5-Weekday-069700_M11_624,M11,d0,37,12:30:43,12:30:43,401030,5.0,1
MV_A5-Weekday-069700_M11_624,M11,d0,38,12:32:35,12:32:35,401031,5.0,1
MV_A5-Weekday-069700_M11_624,M11,d0,39,12:33:48,12:33:48,401032,5.0,1
MV_A5-Weekday-069700_M11_624,M11,d0,40,12:35:00,12:35:00,401033,5.0,1
MV_A5-Weekday-069700_M11_624,M11,d0,41,12:35:59,12:35:59,401034,5.0,1
MV_A5-Weekday-069700_M11_624,M11,d0,42,12:37:13,12:37:13,401035,3.0,1
MV_A5-Weekday-069700_M11_624,M11,d0,43,12:38:22,12:38:22,401435,3.0,1
MV_A5-Weekday-069700_M11_624,M11,d0,44,12:40:00,12:40:00,401436,3.0,1
MV_A5-Weekday-069700_M11_624,M11,d0,45,12:42:04,12:42:04,401438,3.0,1
MV_A5-Weekday-069700_M11_624,M11,d0,46,12:43:17,12:43:17,403886,3.0,1
MV_A5-Weekday-069700_M11_624,M11,d0,47,12:44:42,12:44:42,401440,3.0,1
MV_A5-Weekday-069700_M11_624,M11,d0,48,12:45:59,12:45:59,401441,3.0,1
MV_A5-Weekday-069700_M11_624,M11,d0,49,12:47:16,12:47:16,401442,3.0,1
MV_A5-Weekday-069700_M11_624,M11,d0,50,12:48:52,12:48:52,401443,3.0,1
MV_A5-Weekday-069700_M11_624,M11,d0,51,12:50:33,12:50:33,403292,3.0,1
MV_A5-Weekday-069700_M11_624,M11,d0,52,12:51:35,12:51:35,401444,3.0,1
MV_A5-Weekday-069700_M11_624,M11,d0,53,12:53:00,12:53:00,401446,3.0,1
MV_A5-Weekday-069700_M11_624,M11,d0,54,12:54:12,12:54:12,401447,3.0,1
MV_A5-Weekday-069700_M11_624,M11,d0,55,12:56:11,12:56:11,403757,3.0,1
MV_A5-Weekday-069700_M11_624,M11,d0,56,12:58:00,12:58:00,404011,3.0,1
MV_A5-Weekday-069700_M11_624,M11,d0,57,12:58:18,12:58:18,404012,3.0,1
MV_A5-Weekday-069700_M11_624,M11,d0,58,12:58:51,12:58:51,404013,3.0,1
MV_A5-Weekday-069700_M11_624,M11,d0,59,12:59:08,12:59:08,404056,2.0,1
MV_A5-Weekday-069700_M11_624,M11,d0,60,12:59:49,12:59:49,404014,2.0,1
MV_A5-Weekday-069700_M11_624,M11,d0,61,13:00:11,13:00:11,404015,2.0,1
MV_A5-Weekday-069700_M11_624,M11,d0,62,13:01:00,13:01:00,803194,2.0,1
MV_A5-Weekday-SDon-104500_M11_624,M11,d0,1,17:25:00,17:25:00,405374,9.0,1
MV_A5-Weekday-SDon-104500_M11_624,M11,d0,2,17:26:07,17:26:07,404919,9.0,1
MV_A5-Weekday-SDon-104500_M11_624,M11,d0,3,17:27:23,17:27:23,404872,9.0,1
MV_A5-Weekday-SDon-104500_M11_624,M11,d0,4,17:28:54,17:28:54,404846,11.0,1
MV_A5-Weekday-SDon-104500_M11_624,M11,d0,5,17:30:14,17:30:14,401239,11.0,1
MV_A5-Weekday-SDon-104500_M11_624,M11,d0,6,17:32:00,17:32:00,405393,14.0,1
MV_A5-Weekday-SDon-104500_M11_624,M11,d0,7,17:33:34,17:33:34,903209,14.0,2
MV_A5-Weekday-SDon-104500_M11_624,M11,d0,8,17:34:33,17:34:33,401016,17.0,2
MV_A5-Weekday-SDon-104500_M11_624,M11,d0,9,17:36:00,17:36:00,400747,18.0,2
MV_A5-Weekday-SDon-104500_M11_624,M11,d0,10,17:38:15,17:38:15,403271,18.0,2
MV_A5-Weekday-SDon-104500_M11_624,M11,d0,11,17:40:30,17:40:30,400750,22.0,2
MV_A5-Weekday-SDon-104500_M11_624,M11,d0,12,17:43:33,17:43:33,403103,22.0,2
MV_A5-Weekday-SDon-104500_M11_624,M11,d0,13,17:45:11,17:45:11,403104,29.0,2
MV_A5-Weekday-SDon-104500_M11_624,M11,d0,14,17:46:34,17:46:34,403105,20.0,2
MV_A5-Weekday-SDon-104500_M11_624,M11,d0,15,17:48:00,17:48:00,403106,30.0,2
MV_A5-Weekday-SDon-104500_M11_624,M11,d0,16,17:49:53,17:49:53,403107,30.0,2
MV_A5-Weekday-SDon-104500_M11_624,M11,d0,17,17:51:25,17:51:25,903299,30.0,2
MV_A5-Weekday-SDon-104500_M11_624,M11,d0,18,17:52:28,17:52:28,403109,30.0,2
MV_A5-Weekday-SDon-104500_M11_624,M11,d0,19,17:53:43,17:53:43,403110,30.0,2
MV_A5-Weekday-SDon-104500_M11_624,M11,d0,20,17:55:34,17:55:34,403111,25.0,2
MV_A5-Weekday-SDon-104500_M11_624,M11,d0,21,17:56:50,17:56:50,403112,25.0,2
MV_A5-Weekday-SDon-104500_M11_624,M11,d0,22,17:59:00,17:59:00,405248,28.0,2
MV_A5-Weekday-SDon-104500_M11_624,M11,d0,23,18:00:46,18:00:46,403114,28.0,2
MV_A5-Weekday-SDon-104500_M11_624,M11,d0,24,18:02:26,18:02:26,403115,28.0,2
MV_A5-Weekday-SDon-104500_M11_624,M11,d0,25,18:03:42,18:03:42,403116,22.0,2
MV_A5-Weekday-SDon-104500_M11_624,M11,d0,26,18:05:00,18:05:00,405394,17.0,2
MV_A5-Weekday-SDon-104500_M11_624,M11,d0,27,18:07:10,18:07:10,403118,17.0,2
MV_A5-Weekday-SDon-104500_M11_624,M11,d0,28,18:08:15,18:08:15,403119,14.0,1
MV_A5-Weekday-SDon-104500_M11_624,M11,d0,29,18:10:07,18:10:07,404260,14.0,1
MV_A5-Weekday-SDon-104500_M11_624,M11,d0,30,18:11:35,18:11:35,403122,13.0,1
MV_A5-Weekday-SDon-104500_M11_624,M11,d0,31,18:13:58,18:13:58,404262,13.0,1
MV_A5-Weekday-SDon-104500_M11_624,M11,d0,32,18:15:34,18:15:34,403125,1.0,1
MV_A5-Weekday-SDon-104500_M11_624,M11,d0,33,18:17:24,18:17:24,403126,5.0,1
MV_A5-Weekday-SDon-104500_M11_624,M11,d0,34,18:18:20,18:18:20,403127,5.0,1
MV_A5-Weekday-SDon-104500_M11_624,M11,d0,35,18:21:33,18:21:33,401444,5.0,1
MV_A5-Weekday-SDon-104500_M11_624,M11,d0,36,18:23:00,18:23:00,903352,5.0,1
MV_A5-Weekday-SDon-062500_M11_608,M11,d0,1,10:25:00,10:25:00,401393,1.0,1
MV_A5-Weekday-SDon-062500_M11_608,M11,d0,2,10:25:49,10:25:49,405120,6.0,1
MV_A5-Weekday-SDon-062500_M11_608,M11,d0,3,10:26:32,10:26:32,405167,6.0,1
MV_A5-Weekday-SDon-062500_M11_608,M11,d0,4,10:27:00,10:27:00,405265,6.0,1
MV_A5-Weekday-SDon-062500_M11_608,M11,d0,5,10:28:04,10:28:04,405152,6.0,1
MV_A5-Weekday-SDon-062500_M11_608,M11,d0,6,10:29:42,10:29:42,405151,6.0,1
MV_A5-Weekday-SDon-062500_M11_608,M11,d0,7,10:31:05,10:31:05,404161,4.0,1
MV_A5-Weekday-SDon-062500_M11_608,M11,d0,8,10:31:59,10:31:59,401398,9.0,1
MV_A5-Weekday-SDon-062500_M11_608,M11,d0,9,10:33:00,10:33:00,403802,3.0,1
MV_A5-Weekday-SDon-062500_M11_608,M11,d0,10,10:34:25,10:34:25,401400,15.0,2
MV_A5-Weekday-SDon-062500_M11_608,M11,d0,11,10:35:47,10:35:47,401401,17.0,2
MV_A5-Weekday-SDon-062500_M11_608,M11,d0,12,10:37:51,10:37:51,401402,13.0,1
MV_A5-Weekday-SDon-062500_M11_608,M11,d0,13,10:40:07,10:40:07,401404,7.0,1
MV_A5-Weekday-SDon-062500_M11_608,M11,d0,14,10:42:35,10:42:35,404279,7.0,1
MV_A5-Weekday-SDon-062500_M11_608,M11,d0,15,10:44:13,10:44:13,405631,13.0,2
MV_A5-Weekday-SDon-062500_M11_608,M11,d0,16,10:46:00,10:46:00,401407,19.0,2
MV_A5-Weekday-SDon-062500_M11_608,M11,d0,17,10:47:41,10:47:41,401408,22.0,2
MV_A5-Weekday-SDon-062500_M11_608,M11,d0,18,10:48:49,10:48:49,401409,14.0,2
MV_A5-Weekday-SDon-062500_M11_608,M11,d0,19,10:49:55,10:49:55,401410,21.0,2
MV_A5-Weekday-SDon-062500_M11_608,M11,d0,20,10:51:49,10:51:49,401411,21.0,2
MV_A5-Weekday-SDon-062500_M11_608,M11,d0,21,10:53:14,10:53:14,401412,14.0,2
MV_A5-Weekday-SDon-062500_M11_608,M11,d0,22,10:54:03,10:54:03,401413,25.0,2
MV_A5-Weekday-SDon-062500_M11_608,M11,d0,23,10:55:33,10:55:33,401414,16.0,2
MV_A5-Weekday-SDon-062500_M11_608,M11,d0,24,10:57:21,10:57:21,401416,26.0,2
MV_A5-Weekday-SDon-062500_M11_608,M11,d0,25,10:58:51,10:58:51,401417,23.0,2
MV_A5-Weekday-SDon-062500_M11_608,M11,d0,26,11:00:00,11:00:00,403472,13.0,1
MV_A5-Weekday-SDon-062500_M11_608,M11,d0,27,11:01:33,11:01:33,403555,15.0,2
MV_A5-Weekday-SDon-062500_M11_608,M11,d0,28,11:04:00,11:04:00,401021,21.0,2
MV_A5-Weekday-SDon-062500_M11_608,M11,d0,29,11:05:14,11:05:14,401022,29.0,2
MV_A5-Weekday-SDon-062500_M11_608,M11,d0,30,11:06:58,11:06:58,401023,31.0,2
MV_A5-Weekday-SDon-062500_M11_608,M11,d0,31,11:08:08,11:08:08,401024,8.0,3
MV_A5-Weekday-SDon-062500_M11_608,M11,d0,32,11:09:28,11:09:28,401025,33.0,3
MV_A5-Weekday-SDon-062500_M11_608,M11,d0,33,11:10:40,11:10:40,401026,37.0,3
MV_A5-Weekday-SDon-062500_M11_608,M11,d0,34,11:12:33,11:12:33,401027,38.0,3
MV_A5-Weekday-SDon-062500_M11_608,M11,d0,35,11:14:01,11:14:01,404320,37.0,3
MV_A5-Weekday-SDon-062500_M11_608,M11,d0,36,11:15:31,11:15:31,401029,37.0,3
MV_A5-Weekday-SDon-062500_M11_608,M11,d0,37,11:16:43,11:16:43,401030,42.0,3
MV_A5-Weekday-SDon-062500_M11_608,M11,d0,38,11:18:35,11:18:35,401031,12.0,3
MV_A5-Weekday-SDon-062500_M11_608,M11,d0,39,11:19:48,11:19:48,401032,38.0,3
MV_A5-Weekday-SDon-062500_M11_608,M11,d0,40,11:21:00,11:21:00,401033,29.0,2
MV_A5-Weekday-SDon-062500_M11_608,M11,d0,41,11:21:59,11:21:59,401034,26.0,3
MV_A5-Weekday-SDon-062500_M11_608,M11,d0,42,11:23:13,11:23:13,401035,36.0,3
MV_A5-Weekday-SDon-062500_M11_608,M11,d0,43,11:24:22,11:24:22,401435,21.0,2
MV_A5-Weekday-SDon-062500_M11_608,M11,d0,44,11:26:00,11:26:00,401436,20.0,2
MV_A5-Weekday-SDon-062500_M11_608,M11,d0,45,11:28:04,11:28:04,401438,18.0,2
MV_A5-Weekday-SDon-062500_M11_608,M11,d0,46,11:29:17,11:29:17,403886,6.0,2
MV_A5-Weekday-SDon-062500_M11_608,M11,d0,47,11:30:42,11:30:42,401440,20.0,2
MV_A5-Weekday-SDon-062500_M11_608,M11,d0,48,11:31:59,11:31:59,401441,20.0,2
MV_A5-Weekday-SDon-062500_M11_608,M11,d0,49,11:33:16,11:33:16,401442,11.0,1
MV_A5-Weekday-SDon-062500_M11_608,M11,d0,50,11:34:52,11:34:52,401443,16.0,1
MV_A5-Weekday-SDon-062500_M11_608,M11,d0,51,11:36:33,11:36:33,403292,15.0,1
MV_A5-Weekday-SDon-062500_M11_608,M11,d0,52,11:37:35,11:37:35,401444,15.0,1
MV_A5-Weekday-SDon-062500_M11_608,M11,d0,53,11:39:00,11:39:00,401446,6.0,1
MV_A5-Weekday-SDon-062500_M11_608,M11,d0,54,11:40:12,11:40:12,401447,8.0,1
MV_A5-Weekday-SDon-062500_M11_608,M11,d0,55,11:42:11,11:42:11,403757,3.0,1
MV_A5-Weekday-SDon-062500_M11_608,M11,d0,56,11:44:00,11:44:00,404011,15.0,1
MV_A5-Weekday-SDon-062500_M11_608,M11,d0,57,11:44:18,11:44:18,404012,1.0,1
MV_A5-Weekday-SDon-062500_M11_608,M11,d0,58,11:44:51,11:44:51,404013,5.0,1
MV_A5-Weekday-SDon-062500_M11_608,M11,d0,59,11:45:08,11:45:08,404056,5.0,1
MV_A5-Weekday-SDon-062500_M11_608,M11,d0,60,11:45:49,11:45:49,404014,15.0,1
MV_A5-Weekday-SDon-062500_M11_608,M11,d0,61,11:46:11,11:46:11,404015,15.0,1
MV_A5-Weekday-SDon-062500_M11_608,M11,d0,62,11:47:00,11:47:00,803194,15.0,1
MV_A5-Weekday-SDon-098900_M11_628,M11,d0,1,16:29:00,16:29:00,401393,2.0,1
MV_A5-Weekday-SDon-098900_M11_628,M11,d0,2,16:29:49,16:29:49,405120,2.0,1
MV_A5-Weekday-SDon-098900_M11_628,M11,d0,3,16:30:32,16:30:32,405167,2.0,1
MV_A5-Weekday-SDon-098900_M11_628,M11,d0,4,16:31:00,16:31:00,405265,2.0,1
MV_A5-Weekday-SDon-098900_M11_628,M11,d0,5,16:32:26,16:32:26,405152,15.0,1
MV_A5-Weekday-SDon-098900_M11_628,M11,d0,6,16:34:36,16:34:36,405151,10.0,1
MV_A5-Weekday-SDon-098900_M11_628,M11,d0,7,16:36:26,16:36:26,404161,12.0,1
MV_A5-Weekday-SDon-098900_M11_628,M11,d0,8,16:37:39,16:37:39,401398,14.0,2
MV_A5-Weekday-SDon-098900_M11_628,M11,d0,9,16:39:00,16:39:00,403802,23.0,2
MV_A5-Weekday-SDon-098900_M11_628,M11,d0,10,16:40:44,16:40:44,401400,23.0,2
MV_A5-Weekday-SDon-098900_M11_628,M11,d0,11,16:42:25,16:42:25,401401,23.0,2
MV_A5-Weekday-SDon-098900_M11_628,M11,d0,12,16:44:58,16:44:58,401402,23.0,3
MV_A5-Weekday-SDon-098900_M11_628,M11,d0,13,16:47:46,16:47:46,401404,33.0,3
MV_A5-Weekday-SDon-098900_M11_628,M11,d0,14,16:50:48,16:50:48,404279,33.0,3
MV_A5-Weekday-SDon-098900_M11_628,M11,d0,15,16:52:48,16:52:48,405631,33.0,3
MV_A5-Weekday-SDon-098900_M11_628,M11,d0,16,16:55:00,16:55:00,401407,33.0,3
MV_A5-Weekday-SDon-098900_M11_628,M11,d0,17,16:56:41,16:56:41,401408,30.0,4
MV_A5-Weekday-SDon-098900_M11_628,M11,d0,18,16:57:49,16:57:49,401409,51.0,4
MV_A5-Weekday-SDon-098900_M11_628,M11,d0,19,16:58:55,16:58:55,401410,51.0,4
MV_A5-Weekday-SDon-098900_M11_628,M11,d0,20,17:00:49,17:00:49,401411,51.0,4
MV_A5-Weekday-SDon-098900_M11_628,M11,d0,21,17:02:14,17:02:14,401412,51.0,4
MV_A5-Weekday-SDon-098900_M11_628,M11,d0,22,17:03:03,17:03:03,401413,39.0,3
MV_A5-Weekday-SDon-098900_M11_628,M11,d0,23,17:04:33,17:04:33,401414,42.0,3
MV_A5-Weekday-SDon-098900_M11_628,M11,d0,24,17:06:21,17:06:21,401416,42.0,3
MV_A5-Weekday-SDon-098900_M11_628,M11,d0,25,17:07:51,17:07:51,401417,42.0,3
MV_A5-Weekday-SDon-098900_M11_628,M11,d0,26,17:09:00,17:09:00,403472,40.0,3
MV_A5-Weekday-SDon-098900_M11_628,M11,d0,27,17:10:33,17:10:33,403555,26.0,3
MV_A5-Weekday-SDon-098900_M11_628,M11,d0,28,17:13:00,17:13:00,401021,34.0,3
MV_A5-Weekday-SDon-098900_M11_628,M11,d0,29,17:14:18,17:14:18,401022,35.0,3
MV_A5-Weekday-SDon-098900_M11_628,M11,d0,30,17:16:09,17:16:09,401023,35.0,3
MV_A5-Weekday-SDon-098900_M11_628,M11,d0,31,17:17:22,17:17:22,401024,41.0,3
MV_A5-Weekday-SDon-098900_M11_628,M11,d0,32,17:18:47,17:18:47,401025,41.0,3
MV_A5-Weekday-SDon-098900_M11_628,M11,d0,33,17:20:03,17:20:03,401026,40.0,3
MV_A5-Weekday-SDon-098900_M11_628,M11,d0,34,17:22:03,17:22:03,401027,42.0,3
MV_A5-Weekday-SDon-098900_M11_628,M11,d0,35,17:23:36,17:23:36,404320,46.0,3
MV_A5-Weekday-SDon-098900_M11_628,M11,d0,36,17:25:12,17:25:12,401029,46.0,3
MV_A5-Weekday-SDon-098900_M11_628,M11,d0,37,17:26:28,17:26:28,401030,46.0,3
MV_A5-Weekday-SDon-098900_M11_628,M11,d0,38,17:28:27,17:28:27,401031,32.0,3
MV_A5-Weekday-SDon-098900_M11_628,M11,d0,39,17:29:44,17:29:44,401032,48.0,3
MV_A5-Weekday-SDon-098900_M11_628,M11,d0,40,17:31:00,17:31:00,401033,48.0,3
MV_A5-Weekday-SDon-098900_M11_628,M11,d0,41,17:31:59,17:31:59,401034,42.0,3
MV_A5-Weekday-SDon-098900_M11_628,M11,d0,42,17:33:13,17:33:13,401035,42.0,3
MV_A5-Weekday-SDon-098900_M11_628,M11,d0,43,17:34:22,17:34:22,401435,42.0,3
MV_A5-Weekday-SDon-098900_M11_628,M11,d0,44,17:36:00,17:36:00,401436,42.0,3
MV_A5-Weekday-SDon-098900_M11_628,M11,d0,45,17:37:54,17:37:54,401438,21.0,2
MV_A5-Weekday-SDon-098900_M11_628,M11,d0,46,17:39:01,17:39:01,403886,29.0,2
MV_A5-Weekday-SDon-098900_M11_628,M11,d0,47,17:40:20,17:40:20,401440,26.0,2
MV_A5-Weekday-SDon-098900_M11_628,M11,d0,48,17:41:32,17:41:32,401441,31.0,2
MV_A5-Weekday-SDon-098900_M11_628,M11,d0,49,17:42:43,17:42:43,401442,25.0,2
MV_A5-Weekday-SDon-098900_M11_628,M11,d0,50,17:44:11,17:44:11,401443,30.0,2
MV_A5-Weekday-SDon-098900_M11_628,M11,d0,51,17:45:44,17:45:44,403292,30.0,2
MV_A5-Weekday-SDon-098900_M11_628,M11,d0,52,17:46:41,17:46:41,401444,25.0,2
MV_A5-Weekday-SDon-098900_M11_628,M11,d0,53,17:48:00,17:48:00,401446,25.0,2
MV_A5-Weekday-SDon-098900_M11_628,M11,d0,54,17:49:27,17:49:27,401447,8.0,1
MV_A5-Weekday-SDon-098900_M11_628,M11,d0,55,17:51:49,17:51:49,403757,14.0,1
MV_A5-Weekday-SDon-098900_M11_628,M11,d0,56,17:54:00,17:54:00,404011,7.0,2
MV_A5-Weekday-SDon-098900_M11_628,M11,d0,57,17:54:18,17:54:18,404012,17.0,2
MV_A5-Weekday-SDon-098900_M11_628,M11,d0,58,17:54:51,17:54:51,404013,17.0,2
MV_A5-Weekday-SDon-098900_M11_628,M11,d0,59,17:55:08,17:55:08,404056,10.0,1
MV_A5-Weekday-SDon-098900_M11_628,M11,d0,60,17:55:49,17:55:49,404014,1.0,2
MV_A5-Weekday-SDon-098900_M11_628,M11,d0,61,17:56:11,17:56:11,404015,20.0,2
MV_A5-Weekday-SDon-098900_M11_628,M11,d0,62,17:57:00,17:57:00,803194,20.0,2
MV_A5-Weekday-052700_M11_617,M11,d0,1,8:47:00,8:47:00,401393,3.0,1
MV_A5-Weekday-052700_M11_617,M11,d0,2,8:47:49,8:47:49,405120,4.0,1
MV_A5-Weekday-052700_M11_617,M11,d0,3,8:48:32,8:48:32,405167,4.0,1
MV_A5-Weekday-052700_M11_617,M11,d0,4,8:49:00,8:49:00,405265,7.0,1
MV_A5-Weekday-052700_M11_617,M11,d0,5,8:50:04,8:50:04,405152,7.0,1
MV_A5-Weekday-052700_M11_617,M11,d0,6,8:51:42,8:51:42,405151,9.0,1
MV_A5-Weekday-052700_M11_617,M11,d0,7,8:53:05,8:53:05,404161,9.0,1
MV_A5-Weekday-052700_M11_617,M11,d0,8,8:53:59,8:53:59,401398,9.0,2
MV_A5-Weekday-052700_M11_617,M11,d0,9,8:55:00,8:55:00,403802,18.0,2
MV_A5-Weekday-052700_M11_617,M11,d0,10,8:56:25,8:56:25,401400,18.0,2
MV_A5-Weekday-052700_M11_617,M11,d0,11,8:57:47,8:57:47,401401,20.0,2
MV_A5-Weekday-052700_M11_617,M11,d0,12,8:59:51,8:59:51,401402,20.0,2
MV_A5-Weekday-052700_M11_617,M11,d0,13,9:02:07,9:02:07,401404,20.0,2
MV_A5-Weekday-052700_M11_617,M11,d0,14,9:04:35,9:04:35,404279,20.0,2
MV_A5-Weekday-052700_M11_617,M11,d0,15,9:06:13,9:06:13,405631,20.0,2
MV_A5-Weekday-052700_M11_617,M11,d0,16,9:08:00,9:08:00,401407,8.0,1
MV_A5-Weekday-052700_M11_617,M11,d0,17,9:09:41,9:09:41,401408,12.0,1
MV_A5-Weekday-052700_M11_617,M11,d0,18,9:10:49,9:10:49,401409,12.0,1
MV_A5-Weekday-052700_M11_617,M11,d0,19,9:11:55,9:11:55,401410,12.0,1
MV_A5-Weekday-052700_M11_617,M11,d0,20,9:13:49,9:13:49,401411,10.0,1
MV_A5-Weekday-052700_M11_617,M11,d0,21,9:15:14,9:15:14,401412,10.0,1
MV_A5-Weekday-052700_M11_617,M11,d0,22,9:16:03,9:16:03,401413,10.0,1
MV_A5-Weekday-052700_M11_617,M11,d0,23,9:17:33,9:17:33,401414,6.0,1
MV_A5-Weekday-052700_M11_617,M11,d0,24,9:19:21,9:19:21,401416,4.0,1
MV_A5-Weekday-052700_M11_617,M11,d0,25,9:20:51,9:20:51,401417,4.0,1
MV_A5-Weekday-052700_M11_617,M11,d0,26,9:22:00,9:22:00,403472,4.0,1
MV_A5-Weekday-052700_M11_617,M11,d0,27,9:23:10,9:23:10,403555,4.0,1
MV_A5-Weekday-052700_M11_617,M11,d0,28,9:25:00,9:25:00,401021,4.0,1
MV_A5-Weekday-052700_M11_617,M11,d0,29,9:26:10,9:26:10,401022,4.0,1
MV_A5-Weekday-052700_M11_617,M11,d0,30,9:27:48,9:27:48,401023,6.0,1
MV_A5-Weekday-052700_M11_617,M11,d0,31,9:28:53,9:28:53,401024,6.0,1
MV_A5-Weekday-052700_M11_617,M11,d0,32,9:30:08,9:30:08,401025,8.0,1
MV_A5-Weekday-052700_M11_617,M11,d0,33,9:31:16,9:31:16,401026,7.0,1
MV_A5-Weekday-052700_M11_617,M11,d0,34,9:33:03,9:33:03,401027,11.0,1
MV_A5-Weekday-052700_M11_617,M11,d0,35,9:34:25,9:34:25,404320,11.0,1
MV_A5-Weekday-052700_M11_617,M11,d0,36,9:35:51,9:35:51,401029,12.0,1
MV_A5-Weekday-052700_M11_617,M11,d0,37,9:36:58,9:36:58,401030,12.0,1
MV_A5-Weekday-052700_M11_617,M11,d0,38,9:38:44,9:38:44,401031,10.0,1
MV_A5-Weekday-052700_M11_617,M11,d0,39,9:39:52,9:39:52,401032,10.0,1
MV_A5-Weekday-052700_M11_617,M11,d0,40,9:41:00,9:41:00,401033,5.0,1
MV_A5-Weekday-052700_M11_617,M11,d0,41,9:41:59,9:41:59,401034,3.0,2
MV_A5-Weekday-052700_M11_617,M11,d0,42,9:43:13,9:43:13,401035,25.0,2
MV_A5-Weekday-052700_M11_617,M11,d0,43,9:44:22,9:44:22,401435,25.0,2
MV_A5-Weekday-052700_M11_617,M11,d0,44,9:46:00,9:46:00,401436,23.0,2
MV_A5-Weekday-052700_M11_617,M11,d0,45,9:47:45,9:47:45,401438,1.0,2
MV_A5-Weekday-052700_M11_617,M11,d0,46,9:48:46,9:48:46,403886,17.0,2
MV_A5-Weekday-052700_M11_617,M11,d0,47,9:49:58,9:49:58,401440,17.0,2
MV_A5-Weekday-052700_M11_617,M11,d0,48,9:51:04,9:51:04,401441,15.0,1
MV_A5-Weekday-052700_M11_617,M11,d0,49,9:52:09,9:52:09,401442,15.0,1
MV_A5-Weekday-052700_M11_617,M11,d0,50,9:53:30,9:53:30,401443,13.0,1
MV_A5-Weekday-052700_M11_617,M11,d0,51,9:54:56,9:54:56,403292,12.0,1
MV_A5-Weekday-052700_M11_617,M11,d0,52,9:55:48,9:55:48,401444,15.0,1
MV_A5-Weekday-052700_M11_617,M11,d0,53,9:57:00,9:57:00,401446,15.0,1
MV_A5-Weekday-052700_M11_617,M11,d0,54,9:58:12,9:58:12,401447,1.0,1
MV_A5-Weekday-052700_M11_617,M11,d0,55,10:00:11,10:00:11,403757,14.0,1
MV_A5-Weekday-052700_M11_617,M11,d0,56,10:02:00,10:02:00,404011,14.0,1
MV_A5-Weekday-052700_M11_617,M11,d0,57,10:02:12,10:02:12,404012,14.0,1
MV_A5-Weekday-052700_M11_617,M11,d0,58,10:02:34,10:02:34,404013,10.0,1
MV_A5-Weekday-052700_M11_617,M11,d0,59,10:02:45,10:02:45,404056,10.0,1
MV_A5-Weekday-052700_M11_617,M11,d0,60,10:03:13,10:03:13,404014,10.0,1
MV_A5-Weekday-052700_M11_617,M11,d0,61,10:03:27,10:03:27,404015,10.0,1
MV_A5-Weekday-052700_M11_617,M11,d0,62,10:04:00,10:04:00,803194,10.0,1
MV_A5-Weekday-SDon-119500_M11_624,M11,d0,1,19:55:00,19:55:00,405374,6.0,1
MV_A5-Weekday-SDon-119500_M11_624,M11,d0,2,19:56:07,19:56:07,404919,6.0,1
MV_A5-Weekday-SDon-119500_M11_624,M11,d0,3,19:57:23,19:57:23,404872,6.0,1
MV_A5-Weekday-SDon-119500_M11_624,M11,d0,4,19:58:54,19:58:54,404846,4.0,1
MV_A5-Weekday-SDon-119500_M11_624,M11,d0,5,20:00:14,20:00:14,401239,6.0,1
MV_A5-Weekday-SDon-119500_M11_624,M11,d0,6,20:02:00,20:02:00,405393,7.0,1
MV_A5-Weekday-SDon-119500_M11_624,M11,d0,7,20:03:34,20:03:34,903209,7.0,1
MV_A5-Weekday-SDon-119500_M11_624,M11,d0,8,20:04:33,20:04:33,401016,7.0,1
MV_A5-Weekday-SDon-119500_M11_624,M11,d0,9,20:06:00,20:06:00,400747,11.0,1
MV_A5-Weekday-SDon-119500_M11_624,M11,d0,10,20:07:52,20:07:52,403271,9.0,1
MV_A5-Weekday-SDon-119500_M11_624,M11,d0,11,20:09:45,20:09:45,400750,14.0,1
MV_A5-Weekday-SDon-119500_M11_624,M11,d0,12,20:12:18,20:12:18,403103,14.0,1
MV_A5-Weekday-SDon-119500_M11_624,M11,d0,13,20:13:39,20:13:39,403104,15.0,1
MV_A5-Weekday-SDon-119500_M11_624,M11,d0,14,20:14:49,20:14:49,403105,16.0,1
MV_A5-Weekday-SDon-119500_M11_624,M11,d0,15,20:16:00,20:16:00,403106,16.0,1
MV_A5-Weekday-SDon-119500_M11_624,M11,d0,16,20:17:43,20:17:43,403107,12.0,2
MV_A5-Weekday-SDon-119500_M11_624,M11,d0,17,20:19:06,20:19:06,903299,17.0,2
MV_A5-Weekday-SDon-119500_M11_624,M11,d0,18,20:20:04,20:20:04,403109,16.0,1
MV_A5-Weekday-SDon-119500_M11_624,M11,d0,19,20:21:12,20:21:12,403110,16.0,1
MV_A5-Weekday-SDon-119500_M11_624,M11,d0,20,20:22:52,20:22:52,403111,16.0,1
MV_A5-Weekday-SDon-119500_M11_624,M11,d0,21,20:24:02,20:24:02,403112,14.0,1
MV_A5-Weekday-SDon-119500_M11_624,M11,d0,22,20:26:00,20:26:00,405248,15.0,1
MV_A5-Weekday-SDon-119500_M11_624,M11,d0,23,20:27:29,20:27:29,403114,15.0,1
MV_A5-Weekday-SDon-119500_M11_624,M11,d0,24,20:28:51,20:28:51,403115,8.0,1
MV_A5-Weekday-SDon-119500_M11_624,M11,d0,25,20:29:55,20:29:55,403116,4.0,1
MV_A5-Weekday-SDon-119500_M11_624,M11,d0,26,20:31:00,20:31:00,405394,11.0,1
MV_A5-Weekday-SDon-119500_M11_624,M11,d0,27,20:32:48,20:32:48,403118,4.0,1
MV_A5-Weekday-SDon-119500_M11_624,M11,d0,28,20:33:43,20:33:43,403119,10.0,1
MV_A5-Weekday-SDon-119500_M11_624,M11,d0,29,20:35:16,20:35:16,404260,10.0,1
MV_A5-Weekday-SDon-119500_M11_624,M11,d0,30,20:36:30,20:36:30,403122,10.0,1
MV_A5-Weekday-SDon-119500_M11_624,M11,d0,31,20:38:28,20:38:28,404262,10.0,1
MV_A5-Weekday-SDon-119500_M11_624,M11,d0,32,20:39:49,20:39:49,403125,10.0,1
MV_A5-Weekday-SDon-119500_M11_624,M11,d0,33,20:41:20,20:41:20,403126,10.0,1
MV_A5-Weekday-SDon-119500_M11_624,M11,d0,34,20:42:06,20:42:06,403127,8.0,1
MV_A5-Weekday-SDon-119500_M11_624,M11,d0,35,20:44:48,20:44:48,401444,8.0,1
MV_A5-Weekday-SDon-119500_M11_624,M11,d0,36,20:46:00,20:46:00,903352,8.0,1
MV_A5-Weekday-091700_M11_626,M11,d0,1,15:17:00,15:17:00,401393,17.0,2
MV_A5-Weekday-091700_M11_626,M11,d0,2,15:17:49,15:17:49,405120,17.0,2
MV_A5-Weekday-091700_M11_626,M11,d0,3,15:18:32,15:18:32,405167,17.0,2
MV_A5-Weekday-091700_M11_626,M11,d0,4,15:19:00,15:19:00,405265,17.0,2
MV_A5-Weekday-091700_M11_626,M11,d0,5,15:20:36,15:20:36,405152,17.0,2
MV_A5-Weekday-091700_M11_626,M11,d0,6,15:23:03,15:23:03,405151,17.0,2
MV_A5-Weekday-091700_M11_626,M11,d0,7,15:25:07,15:25:07,404161,17.0,2
MV_A5-Weekday-091700_M11_626,M11,d0,8,15:26:29,15:26:29,401398,14.0,2
MV_A5-Weekday-091700_M11_626,M11,d0,9,15:28:00,15:28:00,403802,19.0,2
MV_A5-Weekday-091700_M11_626,M11,d0,10,15:29:51,15:29:51,401400,19.0,2
MV_A5-Weekday-091700_M11_626,M11,d0,11,15:31:38,15:31:38,401401,22.0,2
MV_A5-Weekday-091700_M11_626,M11,d0,12,15:34:21,15:34:21,401402,28.0,2
MV_A5-Weekday-091700_M11_626,M11,d0,13,15:37:18,15:37:18,401404,32.0,2
MV_A5-Weekday-091700_M11_626,M11,d0,14,15:40:32,15:40:32,404279,32.0,2
MV_A5-Weekday-091700_M11_626,M11,d0,15,15:42:40,15:42:40,405631,26.0,2
MV_A5-Weekday-091700_M11_626,M11,d0,16,15:45:00,15:45:00,401407,24.0,2
MV_A5-Weekday-091700_M11_626,M11,d0,17,15:46:41,15:46:41,401408,29.0,2
MV_A5-Weekday-091700_M11_626,M11,d0,18,15:47:49,15:47:49,401409,29.0,2
MV_A5-Weekday-091700_M11_626,M11,d0,19,15:48:55,15:48:55,401410,28.0,2
MV_A5-Weekday-091700_M11_626,M11,d0,20,15:50:49,15:50:49,401411,25.0,2
MV_A5-Weekday-091700_M11_626,M11,d0,21,15:52:14,15:52:14,401412,25.0,2
MV_A5-Weekday-091700_M11_626,M11,d0,22,15:53:03,15:53:03,401413,25.0,2
MV_A5-Weekday-091700_M11_626,M11,d0,23,15:54:33,15:54:33,401414,23.0,2
MV_A5-Weekday-091700_M11_626,M11,d0,24,15:56:21,15:56:21,401416,23.0,2
MV_A5-Weekday-091700_M11_626,M11,d0,25,15:57:51,15:57:51,401417,14.0,1
MV_A5-Weekday-091700_M11_626,M11,d0,26,15:59:00,15:59:00,403472,13.0,2
MV_A5-Weekday-091700_M11_626,M11,d0,27,16:00:33,16:00:33,403555,29.0,2
MV_A5-Weekday-091700_M11_626,M11,d0,28,16:03:00,16:03:00,401021,29.0,2
MV_A5-Weekday-091700_M11_626,M11,d0,29,16:04:18,16:04:18,401022,29.0,2
MV_A5-Weekday-091700_M11_626,M11,d0,30,16:06:09,16:06:09,401023,21.0,2
MV_A5-Weekday-091700_M11_626,M11,d0,31,16:07:22,16:07:22,401024,26.0,2
MV_A5-Weekday-091700_M11_626,M11,d0,32,16:08:47,16:08:47,401025,26.0,2
MV_A5-Weekday-091700_M11_626,M11,d0,33,16:10:03,16:10:03,401026,26.0,2
MV_A5-Weekday-091700_M11_626,M11,d0,34,16:12:03,16:12:03,401027,26.0,2
MV_A5-Weekday-091700_M11_626,M11,d0,35,16:13:36,16:13:36,404320,26.0,2
MV_A5-Weekday-091700_M11_626,M11,d0,36,16:15:12,16:15:12,401029,19.0,2
MV_A5-Weekday-091700_M11_626,M11,d0,37,16:16:28,16:16:28,401030,19.0,2
MV_A5-Weekday-091700_M11_626,M11,d0,38,16:18:27,16:18:27,401031,11.0,2
MV_A5-Weekday-091700_M11_626,M11,d0,39,16:19:44,16:19:44,401032,20.0,2
MV_A5-Weekday-091700_M11_626,M11,d0,40,16:21:00,16:21:00,401033,20.0,2
MV_A5-Weekday-091700_M11_626,M11,d0,41,16:21:59,16:21:59,401034,20.0,2
MV_A5-Weekday-091700_M11_626,M11,d0,42,16:23:13,16:23:13,401035,20.0,2
MV_A5-Weekday-091700_M11_626,M11,d0,43,16:24:22,16:24:22,401435,16.0,1
MV_A5-Weekday-091700_M11_626,M11,d0,44,16:26:00,16:26:00,401436,15.0,2
MV_A5-Weekday-091700_M11_626,M11,d0,45,16:28:32,16:28:32,401438,17.0,2
MV_A5-Weekday-091700_M11_626,M11,d0,46,16:30:02,16:30:02,403886,17.0,2
MV_A5-Weekday-091700_M11_626,M11,d0,47,16:31:47,16:31:47,401440,17.0,2
MV_A5-Weekday-091700_M11_626,M11,d0,48,16:33:22,16:33:22,401441,17.0,2
MV_A5-Weekday-091700_M11_626,M11,d0,49,16:34:57,16:34:57,401442,17.0,2
MV_A5-Weekday-091700_M11_626,M11,d0,50,16:36:55,16:36:55,401443,13.0,1
MV_A5-Weekday-091700_M11_626,M11,d0,51,16:38:59,16:38:59,403292,13.0,1
MV_A5-Weekday-091700_M11_626,M11,d0,52,16:40:15,16:40:15,401444,13.0,1
MV_A5-Weekday-091700_M11_626,M11,d0,53,16:42:00,16:42:00,401446,13.0,1
MV_A5-Weekday-091700_M11_626,M11,d0,54,16:43:27,16:43:27,401447,7.0,1
MV_A5-Weekday-091700_M11_626,M11,d0,55,16:45:49,16:45:49,403757,7.0,1
MV_A5-Weekday-091700_M11_626,M11,d0,56,16:48:00,16:48:00,404011,7.0,1
MV_A5-Weekday-091700_M11_626,M11,d0,57,16:48:24,16:48:24,404012,3.0,1
MV_A5-Weekday-091700_M11_626,M11,d0,58,16:49:09,16:49:09,404013,3.0,1
MV_A5-Weekday-091700_M11_626,M11,d0,59,16:49:31,16:49:31,404056,3.0,1
MV_A5-Weekday-091700_M11_626,M11,d0,60,16:50:25,16:50:25,404014,3.0,1
MV_A5-Weekday-091700_M11_626,M11,d0,61,16:50:55,16:50:55,404015,3.0,1
MV_A5-Weekday-091700_M11_626,M11,d0,62,16:52:00,16:52:00,803194,3.0,1
