trip_id,route,direction,stop_sequence,arrival_time,departure_time,stop_id,estimated_passenger_count,required_pods
MV_A5-Weekday-076800_M5_506,M5,d1,1,12:48:00,12:48:00,400808,18.0,2
MV_A5-Weekday-076800_M5_506,M5,d1,2,12:49:19,12:49:19,400809,21.0,2
MV_A5-Weekday-076800_M5_506,M5,d1,3,12:50:24,12:50:24,400810,28.0,3
MV_A5-Weekday-076800_M5_506,M5,d1,4,12:51:30,12:51:30,400811,33.0,3
MV_A5-Weekday-076800_M5_506,M5,d1,5,12:52:16,12:52:16,400812,33.0,3
MV_A5-Weekday-076800_M5_506,M5,d1,6,12:54:11,12:54:11,404918,30.0,2
MV_A5-Weekday-076800_M5_506,M5,d1,7,12:55:47,12:55:47,400814,26.0,2
MV_A5-Weekday-076800_M5_506,M5,d1,8,12:56:45,12:56:45,400815,26.0,2
MV_A5-Weekday-076800_M5_506,M5,d1,9,12:57:47,12:57:47,400816,25.0,2
MV_A5-Weekday-076800_M5_506,M5,d1,10,12:59:00,12:59:00,400655,22.0,2
MV_A5-Weekday-076800_M5_506,M5,d1,11,13:01:28,13:01:28,400657,25.0,2
MV_A5-Weekday-076800_M5_506,M5,d1,12,13:04:12,13:04:12,403483,17.0,2
MV_A5-Weekday-076800_M5_506,M5,d1,13,13:06:42,13:06:42,400662,17.0,2
MV_A5-Weekday-076800_M5_506,M5,d1,14,13:09:00,13:09:00,404011,17.0,2
MV_A5-Weekday-076800_M5_506,M5,d1,15,13:09:26,13:09:26,404012,12.0,1
MV_A5-Weekday-076800_M5_506,M5,d1,16,13:11:46,13:11:46,404822,14.0,1
MV_A5-Weekday-076800_M5_506,M5,d1,17,13:13:02,13:13:02,404259,3.0,1
MV_A5-Weekday-076800_M5_506,M5,d1,18,13:13:56,13:13:56,405580,3.0,1
MV_A5-Weekday-076800_M5_506,M5,d1,19,13:14:49,13:14:49,400834,16.0,1
MV_A5-Weekday-076800_M5_506,M5,d1,20,13:15:23,13:15:23,400835,16.0,1
MV_A5-Weekday-076800_M5_506,M5,d1,21,13:15:54,13:15:54,400836,16.0,1
MV_A5-Weekday-076800_M5_506,M5,d1,22,13:16:59,13:16:59,400837,14.0,1
MV_A5-Weekday-076800_M5_506,M5,d1,23,13:17:31,13:17:31,400838,16.0,1
MV_A5-Weekday-076800_M5_506,M5,d1,24,13:18:05,13:18:05,404130,16.0,1
MV_A5-Weekday-076800_M5_506,M5,d1,25,13:19:16,13:19:16,400840,16.0,1
MV_A5-Weekday-076800_M5_506,M5,d1,26,13:20:00,13:20:00,400841,16.0,1
MV_A5-Weekday-076800_M5_506,M5,d1,27,13:21:24,13:21:24,404131,16.0,1
MV_A5-Weekday-076800_M5_506,M5,d1,28,13:22:40,13:22:40,400843,16.0,1
MV_A5-Weekday-076800_M5_506,M5,d1,29,13:23:57,13:23:57,404855,16.0,1
MV_A5-Weekday-076800_M5_506,M5,d1,30,13:25:13,13:25:13,400846,16.0,1
MV_A5-Weekday-076800_M5_506,M5,d1,31,13:26:08,13:26:08,400847,16.0,1
MV_A5-Weekday-076800_M5_506,M5,d1,32,13:27:06,13:27:06,400848,16.0,1
MV_A5-Weekday-076800_M5_506,M5,d1,33,13:28:00,13:28:00,400849,15.0,1
MV_A5-Weekday-076800_M5_506,M5,d1,34,13:30:12,13:30:12,400851,15.0,1
MV_A5-Weekday-076800_M5_506,M5,d1,35,13:31:30,13:31:30,400852,15.0,1
MV_A5-Weekday-076800_M5_506,M5,d1,36,13:33:22,13:33:22,400853,15.0,1
MV_A5-Weekday-076800_M5_506,M5,d1,37,13:34:35,13:34:35,400854,15.0,1
MV_A5-Weekday-076800_M5_506,M5,d1,38,13:38:46,13:38:46,403171,12.0,1
MV_A5-Weekday-076800_M5_506,M5,d1,39,13:43:00,13:43:00,400861,10.0,1
MV_A5-Weekday-076800_M5_506,M5,d1,40,13:48:56,13:48:56,403047,10.0,1
MV_A5-Weekday-076800_M5_506,M5,d1,41,13:53:41,13:53:41,402446,10.0,1
MV_A5-Weekday-076800_M5_506,M5,d1,42,13:59:27,13:59:27,450123,7.0,1
MV_A5-Weekday-076800_M5_506,M5,d1,43,14:07:00,14:07:00,400135,7.0,1
MV_A5-Weekday-076800_M5_506,M5,d1,44,14:08:28,14:08:28,400322,7.0,1
MV_A5-Weekday-076800_M5_506,M5,d1,45,14:09:56,14:09:56,400323,7.0,1
MV_A5-Weekday-076800_M5_506,M5,d1,46,14:11:30,14:11:30,400324,7.0,1
MV_A5-Weekday-076800_M5_506,M5,d1,47,14:14:00,14:14:00,803082,7.0,1
MV_A5-Weekday-SDon-115000_M5_533,M5,d1,1,19:10:00,19:10:00,400808,11.0,1
MV_A5-Weekday-SDon-115000_M5_533,M5,d1,2,19:11:04,19:11:04,400809,11.0,1
MV_A5-Weekday-SDon-115000_M5_533,M5,d1,3,19:11:58,19:11:58,400810,13.0,1
MV_A5-Weekday-SDon-115000_M5_533,M5,d1,4,19:12:52,19:12:52,400811,10.0,1
MV_A5-Weekday-SDon-115000_M5_533,M5,d1,5,19:13:29,19:13:29,400812,9.0,1
MV_A5-Weekday-SDon-115000_M5_533,M5,d1,6,19:15:03,19:15:03,404918,9.0,1
MV_A5-Weekday-SDon-115000_M5_533,M5,d1,7,19:16:22,19:16:22,400814,8.0,1
MV_A5-Weekday-SDon-115000_M5_533,M5,d1,8,19:17:10,19:17:10,400815,10.0,1
MV_A5-Weekday-SDon-115000_M5_533,M5,d1,9,19:18:00,19:18:00,400816,14.0,2
MV_A5-Weekday-SDon-115000_M5_533,M5,d1,10,19:19:00,19:19:00,400655,20.0,2
MV_A5-Weekday-SDon-115000_M5_533,M5,d1,11,19:20:26,19:20:26,400656,20.0,2
MV_A5-Weekday-SDon-115000_M5_533,M5,d1,12,19:21:57,19:21:57,400657,11.0,1
MV_A5-Weekday-SDon-115000_M5_533,M5,d1,13,19:23:00,19:23:00,400658,16.0,1
MV_A5-Weekday-SDon-115000_M5_533,M5,d1,14,19:24:34,19:24:34,400659,8.0,1
MV_A5-Weekday-SDon-115000_M5_533,M5,d1,15,19:25:15,19:25:15,403483,13.0,1
MV_A5-Weekday-SDon-115000_M5_533,M5,d1,16,19:27:12,19:27:12,400661,12.0,1
MV_A5-Weekday-SDon-115000_M5_533,M5,d1,17,19:28:14,19:28:14,400662,2.0,1
MV_A5-Weekday-SDon-115000_M5_533,M5,d1,18,19:29:15,19:29:15,400663,8.0,1
MV_A5-Weekday-SDon-115000_M5_533,M5,d1,19,19:31:00,19:31:00,404011,5.0,1
MV_A5-Weekday-SDon-115000_M5_533,M5,d1,20,19:31:21,19:31:21,404012,9.0,1
MV_A5-Weekday-SDon-115000_M5_533,M5,d1,21,19:33:16,19:33:16,404822,9.0,1
MV_A5-Weekday-SDon-115000_M5_533,M5,d1,22,19:34:18,19:34:18,404259,2.0,1
MV_A5-Weekday-SDon-115000_M5_533,M5,d1,23,19:35:03,19:35:03,405580,9.0,1
MV_A5-Weekday-SDon-115000_M5_533,M5,d1,24,19:35:46,19:35:46,400834,9.0,1
MV_A5-Weekday-SDon-115000_M5_533,M5,d1,25,19:36:13,19:36:13,400835,12.0,1
MV_A5-Weekday-SDon-115000_M5_533,M5,d1,26,19:36:39,19:36:39,400836,12.0,1
MV_A5-Weekday-SDon-115000_M5_533,M5,d1,27,19:37:32,19:37:32,400837,12.0,1
MV_A5-Weekday-SDon-115000_M5_533,M5,d1,28,19:37:58,19:37:58,400838,9.0,1
MV_A5-Weekday-SDon-115000_M5_533,M5,d1,29,19:38:26,19:38:26,404130,12.0,1
MV_A5-Weekday-SDon-115000_M5_533,M5,d1,30,19:39:24,19:39:24,400840,13.0,1
MV_A5-Weekday-SDon-115000_M5_533,M5,d1,31,19:40:00,19:40:00,400841,8.0,1
MV_A5-Weekday-SDon-115000_M5_533,M5,d1,32,19:40:52,19:40:52,404131,13.0,1
MV_A5-Weekday-SDon-115000_M5_533,M5,d1,33,19:41:40,19:41:40,400843,10.0,1
MV_A5-Weekday-SDon-115000_M5_533,M5,d1,34,19:42:28,19:42:28,404855,8.0,1
MV_A5-Weekday-SDon-115000_M5_533,M5,d1,35,19:43:16,19:43:16,400846,2.0,1
MV_A5-Weekday-SDon-115000_M5_533,M5,d1,36,19:43:50,19:43:50,400847,8.0,1
MV_A5-Weekday-SDon-115000_M5_533,M5,d1,37,19:44:26,19:44:26,400848,8.0,1
MV_A5-Weekday-SDon-115000_M5_533,M5,d1,38,19:45:00,19:45:00,400849,8.0,1
MV_A5-Weekday-SDon-115000_M5_533,M5,d1,39,19:47:04,19:47:04,400851,1.0,1
MV_A5-Weekday-SDon-115000_M5_533,M5,d1,40,19:48:16,19:48:16,400852,8.0,1
MV_A5-Weekday-SDon-115000_M5_533,M5,d1,41,19:50:01,19:50:01,400853,1.0,1
MV_A5-Weekday-SDon-115000_M5_533,M5,d1,42,19:51:08,19:51:08,400854,8.0,1
MV_A5-Weekday-SDon-115000_M5_533,M5,d1,43,19:52:38,19:52:38,403169,1.0,1
MV_A5-Weekday-SDon-115000_M5_533,M5,d1,44,19:53:35,19:53:35,400856,8.0,1
MV_A5-Weekday-SDon-115000_M5_533,M5,d1,45,19:55:03,19:55:03,403171,8.0,1
MV_A5-Weekday-SDon-115000_M5_533,M5,d1,46,19:56:05,19:56:05,400858,5.0,1
MV_A5-Weekday-SDon-115000_M5_533,M5,d1,47,19:57:42,19:57:42,400860,9.0,1
MV_A5-Weekday-SDon-115000_M5_533,M5,d1,48,19:59:00,19:59:00,400861,9.0,1
MV_A5-Weekday-SDon-115000_M5_533,M5,d1,49,19:59:34,19:59:34,403781,9.0,1
MV_A5-Weekday-SDon-115000_M5_533,M5,d1,50,20:01:28,20:01:28,403047,9.0,1
MV_A5-Weekday-SDon-115000_M5_533,M5,d1,51,20:03:27,20:03:27,402446,4.0,1
MV_A5-Weekday-SDon-115000_M5_533,M5,d1,52,20:04:17,20:04:17,403266,4.0,1
MV_A5-Weekday-SDon-115000_M5_533,M5,d1,53,20:05:10,20:05:10,400131,9.0,1
MV_A5-Weekday-SDon-115000_M5_533,M5,d1,54,20:05:51,20:05:51,450123,9.0,1
MV_A5-Weekday-SDon-115000_M5_533,M5,d1,55,20:07:14,20:07:14,400133,9.0,1
MV_A5-Weekday-SDon-115000_M5_533,M5,d1,56,20:07:55,20:07:55,404180,9.0,1
MV_A5-Weekday-SDon-115000_M5_533,M5,d1,57,20:09:00,20:09:00,400135,9.0,1
MV_A5-Weekday-SDon-115000_M5_533,M5,d1,58,20:12:21,20:12:21,400322,2.0,1
MV_A5-Weekday-SDon-115000_M5_533,M5,d1,59,20:15:41,20:15:41,400323,9.0,1
MV_A5-Weekday-SDon-115000_M5_533,M5,d1,60,20:19:17,20:19:17,400324,9.0,1
MV_A5-Weekday-SDon-115000_M5_533,M5,d1,61,20:25:00,20:25:00,803082,9.0,1
MV_A5-Weekday-116700_M5_524,M5,d1,1,19:27:00,19:27:00,400639,1.0,1
MV_A5-Weekday-116700_M5_524,M5,d1,2,19:28:28,19:28:28,400640,1.0,1
MV_A5-Weekday-116700_M5_524,M5,d1,3,19:29:38,19:29:38,400641,1.0,1
MV_A5-Weekday-116700_M5_524,M5,d1,4,19:30:34,19:30:34,400642,1.0,1
MV_A5-Weekday-116700_M5_524,M5,d1,5,19:31:16,19:31:16,400643,1.0,1
MV_A5-Weekday-116700_M5_524,M5,d1,6,19:31:59,19:31:59,400644,2.0,1
MV_A5-Weekday-116700_M5_524,M5,d1,7,19:32:47,19:32:47,400645,2.0,1
MV_A5-Weekday-116700_M5_524,M5,d1,8,19:33:42,19:33:42,400646,2.0,1
MV_A5-Weekday-116700_M5_524,M5,d1,9,19:34:41,19:34:41,400647,2.0,1
MV_A5-Weekday-116700_M5_524,M5,d1,10,19:35:29,19:35:29,400648,2.0,1
MV_A5-Weekday-116700_M5_524,M5,d1,11,19:36:16,19:36:16,400649,2.0,1
MV_A5-Weekday-116700_M5_524,M5,d1,12,19:37:00,19:37:00,403373,2.0,1
MV_A5-Weekday-116700_M5_524,M5,d1,13,19:38:29,19:38:29,403374,2.0,1
MV_A5-Weekday-116700_M5_524,M5,d1,14,19:39:21,19:39:21,403375,2.0,1
MV_A5-Weekday-116700_M5_524,M5,d1,15,19:40:14,19:40:14,403376,1.0,1
MV_A5-Weekday-116700_M5_524,M5,d1,16,19:41:17,19:41:17,403377,2.0,1
MV_A5-Weekday-116700_M5_524,M5,d1,17,19:42:53,19:42:53,400655,2.0,1
MV_A5-Weekday-116700_M5_524,M5,d1,18,19:44:17,19:44:17,400656,2.0,1
MV_A5-Weekday-116700_M5_524,M5,d1,19,19:45:47,19:45:47,400657,2.0,1
MV_A5-Weekday-116700_M5_524,M5,d1,20,19:46:48,19:46:48,400658,2.0,1
MV_A5-Weekday-116700_M5_524,M5,d1,21,19:48:20,19:48:20,400659,2.0,1
MV_A5-Weekday-116700_M5_524,M5,d1,22,19:49:00,19:49:00,403483,2.0,1
MV_A5-Weekday-116700_M5_524,M5,d1,23,19:50:25,19:50:25,400661,2.0,1
MV_A5-Weekday-116700_M5_524,M5,d1,24,19:51:09,19:51:09,400662,2.0,1
MV_A5-Weekday-116700_M5_524,M5,d1,25,19:51:53,19:51:53,400663,2.0,1
MV_A5-Weekday-116700_M5_524,M5,d1,26,19:53:00,19:53:00,803157,4.0,1
MV_A5-Weekday-116700_M5_524,M5,d1,27,19:54:00,19:54:00,404148,4.0,1
MV_A5-Weekday-116700_M5_524,M5,d1,28,19:55:53,19:55:53,403903,4.0,1
MV_A5-Weekday-116700_M5_524,M5,d1,29,19:56:49,19:56:49,403142,4.0,1
MV_A5-Weekday-116700_M5_524,M5,d1,30,19:57:51,19:57:51,403144,4.0,1
MV_A5-Weekday-116700_M5_524,M5,d1,31,19:59:29,19:59:29,403145,9.0,1
MV_A5-Weekday-116700_M5_524,M5,d1,32,20:00:36,20:00:36,405234,10.0,1
MV_A5-Weekday-116700_M5_524,M5,d1,33,20:02:32,20:02:32,403147,12.0,1
MV_A5-Weekday-116700_M5_524,M5,d1,34,20:03:35,20:03:35,403148,10.0,1
MV_A5-Weekday-116700_M5_524,M5,d1,35,20:04:36,20:04:36,403149,13.0,1
MV_A5-Weekday-116700_M5_524,M5,d1,36,20:05:55,20:05:55,400676,13.0,1
MV_A5-Weekday-116700_M5_524,M5,d1,37,20:07:34,20:07:34,400677,10.0,1
MV_A5-Weekday-116700_M5_524,M5,d1,38,20:09:16,20:09:16,400678,9.0,1
MV_A5-Weekday-116700_M5_524,M5,d1,39,20:10:00,20:10:00,400485,14.0,1
MV_A5-Weekday-116700_M5_524,M5,d1,40,20:11:30,20:11:30,400486,10.0,1
MV_A5-Weekday-116700_M5_524,M5,d1,41,20:13:30,20:13:30,400290,14.0,1
MV_A5-Weekday-116700_M5_524,M5,d1,42,20:15:28,20:15:28,404278,16.0,1
MV_A5-Weekday-116700_M5_524,M5,d1,43,20:17:00,20:17:00,400292,9.0,1
MV_A5-Weekday-116700_M5_524,M5,d1,44,20:18:01,20:18:01,400108,8.0,1
MV_A5-Weekday-116700_M5_524,M5,d1,45,20:18:48,20:18:48,400109,8.0,1
MV_A5-Weekday-116700_M5_524,M5,d1,46,20:19:32,20:19:32,400110,6.0,1
MV_A5-Weekday-116700_M5_524,M5,d1,47,20:20:21,20:20:21,400111,10.0,1
MV_A5-Weekday-116700_M5_524,M5,d1,48,20:21:46,20:21:46,404081,9.0,1
MV_A5-Weekday-116700_M5_524,M5,d1,49,20:22:44,20:22:44,404168,9.0,1
MV_A5-Weekday-116700_M5_524,M5,d1,50,20:23:20,20:23:20,400115,9.0,1
MV_A5-Weekday-116700_M5_524,M5,d1,51,20:24:08,20:24:08,400116,9.0,1
MV_A5-Weekday-116700_M5_524,M5,d1,52,20:24:52,20:24:52,400117,9.0,1
MV_A5-Weekday-116700_M5_524,M5,d1,53,20:25:56,20:25:56,400118,9.0,1
MV_A5-Weekday-116700_M5_524,M5,d1,54,20:26:59,20:26:59,400119,9.0,2
MV_A5-Weekday-116700_M5_524,M5,d1,55,20:28:33,20:28:33,400120,30.0,2
MV_A5-Weekday-116700_M5_524,M5,d1,56,20:29:11,20:29:11,400121,30.0,2
MV_A5-Weekday-116700_M5_524,M5,d1,57,20:29:51,20:29:51,400122,32.0,2
MV_A5-Weekday-116700_M5_524,M5,d1,58,20:30:36,20:30:36,400123,32.0,2
MV_A5-Weekday-116700_M5_524,M5,d1,59,20:32:00,20:32:00,400124,8.0,2
MV_A5-Weekday-116700_M5_524,M5,d1,60,20:33:12,20:33:12,400125,32.0,2
MV_A5-Weekday-116700_M5_524,M5,d1,61,20:34:36,20:34:36,400126,8.0,1
MV_A5-Weekday-116700_M5_524,M5,d1,62,20:35:39,20:35:39,400127,9.0,1
MV_A5-Weekday-116700_M5_524,M5,d1,63,20:36:21,20:36:21,400128,9.0,2
MV_A5-Weekday-116700_M5_524,M5,d1,64,20:37:14,20:37:14,400512,17.0,2
MV_A5-Weekday-116700_M5_524,M5,d1,65,20:39:05,20:39:05,403266,17.0,2
MV_A5-Weekday-116700_M5_524,M5,d1,66,20:40:21,20:40:21,400514,17.0,2
MV_A5-Weekday-116700_M5_524,M5,d1,67,20:41:40,20:41:40,400515,17.0,2
MV_A5-Weekday-116700_M5_524,M5,d1,68,20:42:58,20:42:58,400516,17.0,2
MV_A5-Weekday-116700_M5_524,M5,d1,69,20:43:51,20:43:51,405179,14.0,1
MV_A5-Weekday-116700_M5_524,M5,d1,70,20:45:00,20:45:00,400518,8.0,1
MV_A5-Weekday-116700_M5_524,M5,d1,71,20:46:23,20:46:23,400519,8.0,1
MV_A5-Weekday-116700_M5_524,M5,d1,72,20:47:12,20:47:12,405486,8.0,1
MV_A5-Weekday-116700_M5_524,M5,d1,73,20:49:00,20:49:00,903128,8.0,1
MV_A5-Weekday-105500_M5_516,M5,d1,1,17:35:00,17:35:00,403835,2.0,1
MV_A5-Weekday-105500_M5_516,M5,d1,2,17:37:00,17:37:00,400639,12.0,1
MV_A5-Weekday-105500_M5_516,M5,d1,3,17:38:54,17:38:54,400640,12.0,1
MV_A5-Weekday-105500_M5_516,M5,d1,4,17:40:25,17:40:25,400641,12.0,1
MV_A5-Weekday-105500_M5_516,M5,d1,5,17:41:39,17:41:39,400642,12.0,1
MV_A5-Weekday-105500_M5_516,M5,d1,6,17:42:33,17:42:33,400643,16.0,1
MV_A5-Weekday-105500_M5_516,M5,d1,7,17:43:28,17:43:28,400644,16.0,1
MV_A5-Weekday-105500_M5_516,M5,d1,8,17:44:31,17:44:31,400645,16.0,1
MV_A5-Weekday-105500_M5_516,M5,d1,9,17:45:43,17:45:43,400646,16.0,1
MV_A5-Weekday-105500_M5_516,M5,d1,10,17:46:59,17:46:59,400647,14.0,1
MV_A5-Weekday-105500_M5_516,M5,d1,11,17:48:02,17:48:02,400648,13.0,1
MV_A5-Weekday-105500_M5_516,M5,d1,12,17:49:03,17:49:03,400649,15.0,1
MV_A5-Weekday-105500_M5_516,M5,d1,13,17:50:00,17:50:00,403373,15.0,1
MV_A5-Weekday-105500_M5_516,M5,d1,14,17:51:51,17:51:51,403374,15.0,1
MV_A5-Weekday-105500_M5_516,M5,d1,15,17:52:56,17:52:56,403375,15.0,1
MV_A5-Weekday-105500_M5_516,M5,d1,16,17:54:02,17:54:02,403376,15.0,1
MV_A5-Weekday-105500_M5_516,M5,d1,17,17:55:21,17:55:21,403377,14.0,1
MV_A5-Weekday-105500_M5_516,M5,d1,18,17:57:21,17:57:21,400655,16.0,1
MV_A5-Weekday-105500_M5_516,M5,d1,19,17:59:06,17:59:06,400656,16.0,1
MV_A5-Weekday-105500_M5_516,M5,d1,20,18:00:58,18:00:58,400657,15.0,1
MV_A5-Weekday-105500_M5_516,M5,d1,21,18:02:15,18:02:15,400658,11.0,1
MV_A5-Weekday-105500_M5_516,M5,d1,22,18:04:10,18:04:10,400659,11.0,1
MV_A5-Weekday-105500_M5_516,M5,d1,23,18:05:00,18:05:00,403483,11.0,1
MV_A5-Weekday-105500_M5_516,M5,d1,24,18:07:07,18:07:07,400661,11.0,1
MV_A5-Weekday-105500_M5_516,M5,d1,25,18:08:14,18:08:14,400662,8.0,1
MV_A5-Weekday-105500_M5_516,M5,d1,26,18:09:20,18:09:20,400663,8.0,1
MV_A5-Weekday-105500_M5_516,M5,d1,27,18:11:00,18:11:00,803157,8.0,1
MV_A5-Weekday-037400_M5_509,M5,d1,1,6:14:00,6:14:00,400808,2.0,1
MV_A5-Weekday-037400_M5_509,M5,d1,2,6:14:57,6:14:57,400809,2.0,1
MV_A5-Weekday-037400_M5_509,M5,d1,3,6:15:45,6:15:45,400810,2.0,1
MV_A5-Weekday-037400_M5_509,M5,d1,4,6:16:32,6:16:32,400811,2.0,1
MV_A5-Weekday-037400_M5_509,M5,d1,5,6:17:06,6:17:06,400812,2.0,1
MV_A5-Weekday-037400_M5_509,M5,d1,6,6:18:29,6:18:29,404918,2.0,1
MV_A5-Weekday-037400_M5_509,M5,d1,7,6:19:39,6:19:39,400814,3.0,1
MV_A5-Weekday-037400_M5_509,M5,d1,8,6:20:22,6:20:22,400815,3.0,1
MV_A5-Weekday-037400_M5_509,M5,d1,9,6:21:07,6:21:07,400816,7.0,1
MV_A5-Weekday-037400_M5_509,M5,d1,10,6:22:00,6:22:00,400655,7.0,1
MV_A5-Weekday-037400_M5_509,M5,d1,11,6:22:57,6:22:57,400656,7.0,1
MV_A5-Weekday-037400_M5_509,M5,d1,12,6:23:58,6:23:58,400657,9.0,1
MV_A5-Weekday-037400_M5_509,M5,d1,13,6:24:40,6:24:40,400658,9.0,1
MV_A5-Weekday-037400_M5_509,M5,d1,14,6:25:42,6:25:42,400659,9.0,1
MV_A5-Weekday-037400_M5_509,M5,d1,15,6:26:10,6:26:10,403483,9.0,1
MV_A5-Weekday-037400_M5_509,M5,d1,16,6:27:28,6:27:28,400661,13.0,1
MV_A5-Weekday-037400_M5_509,M5,d1,17,6:28:09,6:28:09,400662,13.0,1
MV_A5-Weekday-037400_M5_509,M5,d1,18,6:28:50,6:28:50,400663,13.0,1
MV_A5-Weekday-037400_M5_509,M5,d1,19,6:30:00,6:30:00,404011,13.0,1
MV_A5-Weekday-037400_M5_509,M5,d1,20,6:30:21,6:30:21,404012,13.0,1
MV_A5-Weekday-037400_M5_509,M5,d1,21,6:32:16,6:32:16,404822,13.0,1
MV_A5-Weekday-037400_M5_509,M5,d1,22,6:33:18,6:33:18,404259,13.0,1
MV_A5-Weekday-037400_M5_509,M5,d1,23,6:34:03,6:34:03,405580,13.0,1
MV_A5-Weekday-037400_M5_509,M5,d1,24,6:34:46,6:34:46,400834,13.0,1
MV_A5-Weekday-037400_M5_509,M5,d1,25,6:35:13,6:35:13,400835,13.0,1
MV_A5-Weekday-037400_M5_509,M5,d1,26,6:35:39,6:35:39,400836,13.0,1
MV_A5-Weekday-037400_M5_509,M5,d1,27,6:36:32,6:36:32,400837,13.0,1
MV_A5-Weekday-037400_M5_509,M5,d1,28,6:36:58,6:36:58,400838,13.0,1
MV_A5-Weekday-037400_M5_509,M5,d1,29,6:37:26,6:37:26,404130,13.0,1
MV_A5-Weekday-037400_M5_509,M5,d1,30,6:38:24,6:38:24,400840,13.0,1
MV_A5-Weekday-037400_M5_509,M5,d1,31,6:39:00,6:39:00,400841,13.0,1
MV_A5-Weekday-037400_M5_509,M5,d1,32,6:40:03,6:40:03,404131,13.0,1
MV_A5-Weekday-037400_M5_509,M5,d1,33,6:41:00,6:41:00,400843,13.0,1
MV_A5-Weekday-037400_M5_509,M5,d1,34,6:41:58,6:41:58,404855,12.0,1
MV_A5-Weekday-037400_M5_509,M5,d1,35,6:42:55,6:42:55,400846,13.0,1
MV_A5-Weekday-037400_M5_509,M5,d1,36,6:43:36,6:43:36,400847,13.0,1
MV_A5-Weekday-037400_M5_509,M5,d1,37,6:44:20,6:44:20,400848,13.0,1
MV_A5-Weekday-037400_M5_509,M5,d1,38,6:45:00,6:45:00,400849,13.0,1
MV_A5-Weekday-037400_M5_509,M5,d1,39,6:46:37,6:46:37,400851,13.0,1
MV_A5-Weekday-037400_M5_509,M5,d1,40,6:47:34,6:47:34,400852,13.0,1
MV_A5-Weekday-037400_M5_509,M5,d1,41,6:48:56,6:48:56,400853,15.0,1
MV_A5-Weekday-037400_M5_509,M5,d1,42,6:49:49,6:49:49,400854,15.0,2
MV_A5-Weekday-037400_M5_509,M5,d1,43,6:51:00,6:51:00,403169,18.0,2
MV_A5-Weekday-037400_M5_509,M5,d1,44,6:51:44,6:51:44,400856,18.0,2
MV_A5-Weekday-037400_M5_509,M5,d1,45,6:52:54,6:52:54,403171,18.0,2
MV_A5-Weekday-037400_M5_509,M5,d1,46,6:53:43,6:53:43,400858,18.0,2
MV_A5-Weekday-037400_M5_509,M5,d1,47,6:54:59,6:54:59,400860,18.0,2
MV_A5-Weekday-037400_M5_509,M5,d1,48,6:56:00,6:56:00,400861,18.0,2
MV_A5-Weekday-037400_M5_509,M5,d1,49,6:56:14,6:56:14,403781,18.0,2
MV_A5-Weekday-037400_M5_509,M5,d1,50,6:56:59,6:56:59,403047,18.0,2
MV_A5-Weekday-037400_M5_509,M5,d1,51,6:57:47,6:57:47,402446,18.0,2
MV_A5-Weekday-037400_M5_509,M5,d1,52,6:58:07,6:58:07,403266,18.0,2
MV_A5-Weekday-037400_M5_509,M5,d1,53,6:58:28,6:58:28,400131,12.0,1
MV_A5-Weekday-037400_M5_509,M5,d1,54,6:58:44,6:58:44,450123,12.0,1
MV_A5-Weekday-037400_M5_509,M5,d1,55,6:59:18,6:59:18,400133,12.0,1
MV_A5-Weekday-037400_M5_509,M5,d1,56,6:59:34,6:59:34,404180,12.0,1
MV_A5-Weekday-037400_M5_509,M5,d1,57,7:00:00,7:00:00,400135,12.0,1
MV_A5-Weekday-037400_M5_509,M5,d1,58,7:02:56,7:02:56,400322,12.0,1
MV_A5-Weekday-037400_M5_509,M5,d1,59,7:05:51,7:05:51,400323,12.0,1
MV_A5-Weekday-037400_M5_509,M5,d1,60,7:09:00,7:09:00,400324,12.0,1
MV_A5-Weekday-037400_M5_509,M5,d1,61,7:14:00,7:14:00,803082,12.0,1
MV_A5-Weekday-SDon-076900_M5_507,M5,d1,1,12:49:00,12:49:00,403835,4.0,1
MV_A5-Weekday-SDon-076900_M5_507,M5,d1,2,12:51:00,12:51:00,400639,4.0,1
MV_A5-Weekday-SDon-076900_M5_507,M5,d1,3,12:53:03,12:53:03,400640,4.0,1
MV_A5-Weekday-SDon-076900_M5_507,M5,d1,4,12:54:41,12:54:41,400641,13.0,1
MV_A5-Weekday-SDon-076900_M5_507,M5,d1,5,12:56:00,12:56:00,400642,5.0,1
MV_A5-Weekday-SDon-076900_M5_507,M5,d1,6,12:56:58,12:56:58,400643,14.0,1
MV_A5-Weekday-SDon-076900_M5_507,M5,d1,7,12:57:58,12:57:58,400644,11.0,2
MV_A5-Weekday-SDon-076900_M5_507,M5,d1,8,12:59:05,12:59:05,400645,17.0,2
MV_A5-Weekday-SDon-076900_M5_507,M5,d1,9,13:00:23,13:00:23,400646,14.0,1
MV_A5-Weekday-SDon-076900_M5_507,M5,d1,10,13:01:46,13:01:46,400647,7.0,1
MV_A5-Weekday-SDon-076900_M5_507,M5,d1,11,13:02:53,13:02:53,400648,11.0,1
MV_A5-Weekday-SDon-076900_M5_507,M5,d1,12,13:03:58,13:03:58,400649,6.0,2
MV_A5-Weekday-SDon-076900_M5_507,M5,d1,13,13:05:00,13:05:00,403373,22.0,2
MV_A5-Weekday-SDon-076900_M5_507,M5,d1,14,13:06:43,13:06:43,403374,17.0,2
MV_A5-Weekday-SDon-076900_M5_507,M5,d1,15,13:07:45,13:07:45,403375,17.0,2
MV_A5-Weekday-SDon-076900_M5_507,M5,d1,16,13:08:46,13:08:46,403376,5.0,2
MV_A5-Weekday-SDon-076900_M5_507,M5,d1,17,13:10:00,13:10:00,403377,19.0,2
MV_A5-Weekday-SDon-076900_M5_507,M5,d1,18,13:11:51,13:11:51,400655,6.0,1
MV_A5-Weekday-SDon-076900_M5_507,M5,d1,19,13:13:30,13:13:30,400656,4.0,1
MV_A5-Weekday-SDon-076900_M5_507,M5,d1,20,13:15:14,13:15:14,400657,2.0,1
MV_A5-Weekday-SDon-076900_M5_507,M5,d1,21,13:16:26,13:16:26,400658,6.0,1
MV_A5-Weekday-SDon-076900_M5_507,M5,d1,22,13:18:13,13:18:13,400659,8.0,1
MV_A5-Weekday-SDon-076900_M5_507,M5,d1,23,13:19:00,13:19:00,403483,9.0,1
MV_A5-Weekday-SDon-076900_M5_507,M5,d1,24,13:21:28,13:21:28,400661,9.0,1
MV_A5-Weekday-SDon-076900_M5_507,M5,d1,25,13:22:46,13:22:46,400662,7.0,1
MV_A5-Weekday-SDon-076900_M5_507,M5,d1,26,13:24:03,13:24:03,400663,4.0,1
MV_A5-Weekday-SDon-076900_M5_507,M5,d1,27,13:26:00,13:26:00,803157,7.0,1
MV_A5-Weekday-SDon-076900_M5_507,M5,d1,28,13:28:00,13:28:00,404148,7.0,1
MV_A5-Weekday-SDon-076900_M5_507,M5,d1,29,13:30:07,13:30:07,403903,7.0,1
MV_A5-Weekday-SDon-076900_M5_507,M5,d1,30,13:31:10,13:31:10,403142,7.0,1
MV_A5-Weekday-SDon-076900_M5_507,M5,d1,31,13:32:20,13:32:20,403144,5.0,1
MV_A5-Weekday-SDon-076900_M5_507,M5,d1,32,13:34:10,13:34:10,403145,8.0,1
MV_A5-Weekday-SDon-076900_M5_507,M5,d1,33,13:35:26,13:35:26,405234,8.0,1
MV_A5-Weekday-SDon-076900_M5_507,M5,d1,34,13:37:36,13:37:36,403147,8.0,1
MV_A5-Weekday-SDon-076900_M5_507,M5,d1,35,13:38:47,13:38:47,403148,8.0,1
MV_A5-Weekday-SDon-076900_M5_507,M5,d1,36,13:39:56,13:39:56,403149,8.0,1
MV_A5-Weekday-SDon-076900_M5_507,M5,d1,37,13:41:24,13:41:24,400676,16.0,1
MV_A5-Weekday-SDon-076900_M5_507,M5,d1,38,13:43:16,13:43:16,400677,6.0,1
MV_A5-Weekday-SDon-076900_M5_507,M5,d1,39,13:45:11,13:45:11,400678,6.0,1
MV_A5-Weekday-SDon-076900_M5_507,M5,d1,40,13:46:00,13:46:00,400485,13.0,1
MV_A5-Weekday-SDon-076900_M5_507,M5,d1,41,13:47:43,13:47:43,400486,12.0,1
MV_A5-Weekday-SDon-076900_M5_507,M5,d1,42,13:50:00,13:50:00,400290,11.0,1
MV_A5-Weekday-SDon-076900_M5_507,M5,d1,43,13:52:15,13:52:15,404278,13.0,1
MV_A5-Weekday-SDon-076900_M5_507,M5,d1,44,13:54:00,13:54:00,400292,9.0,1
MV_A5-Weekday-SDon-076900_M5_507,M5,d1,45,13:56:05,13:56:05,400108,9.0,1
MV_A5-Weekday-SDon-076900_M5_507,M5,d1,46,13:57:43,13:57:43,400109,8.0,1
MV_A5-Weekday-SDon-076900_M5_507,M5,d1,47,13:59:15,13:59:15,400110,8.0,1
MV_A5-Weekday-SDon-076900_M5_507,M5,d1,48,14:00:56,14:00:56,400111,8.0,1
MV_A5-Weekday-SDon-076900_M5_507,M5,d1,49,14:03:51,14:03:51,404081,8.0,2
MV_A5-Weekday-SDon-076900_M5_507,M5,d1,50,14:05:52,14:05:52,404168,22.0,2
MV_A5-Weekday-SDon-076900_M5_507,M5,d1,51,14:07:06,14:07:06,400115,11.0,2
MV_A5-Weekday-SDon-076900_M5_507,M5,d1,52,14:08:45,14:08:45,400116,20.0,2
MV_A5-Weekday-SDon-076900_M5_507,M5,d1,53,14:10:14,14:10:14,400117,20.0,2
MV_A5-Weekday-SDon-076900_M5_507,M5,d1,54,14:12:28,14:12:28,400118,14.0,1
MV_A5-Weekday-SDon-076900_M5_507,M5,d1,55,14:14:37,14:14:37,400119,15.0,1
MV_A5-Weekday-SDon-076900_M5_507,M5,d1,56,14:17:52,14:17:52,400120,16.0,2
MV_A5-Weekday-SDon-076900_M5_507,M5,d1,57,14:19:10,14:19:10,400121,22.0,2
MV_A5-Weekday-SDon-076900_M5_507,M5,d1,58,14:20:33,14:20:33,400122,22.0,2
MV_A5-Weekday-SDon-076900_M5_507,M5,d1,59,14:22:06,14:22:06,400123,21.0,2
MV_A5-Weekday-SDon-076900_M5_507,M5,d1,60,14:25:00,14:25:00,400124,21.0,2
MV_A5-Weekday-SDon-076900_M5_507,M5,d1,61,14:27:07,14:27:07,400125,21.0,2
MV_A5-Weekday-SDon-076900_M5_507,M5,d1,62,14:29:36,14:29:36,400126,20.0,2
MV_A5-Weekday-SDon-076900_M5_507,M5,d1,63,14:31:27,14:31:27,400127,20.0,2
MV_A5-Weekday-SDon-076900_M5_507,M5,d1,64,14:32:42,14:32:42,400128,18.0,2
MV_A5-Weekday-SDon-076900_M5_507,M5,d1,65,14:34:15,14:34:15,400512,17.0,2
MV_A5-Weekday-SDon-076900_M5_507,M5,d1,66,14:37:32,14:37:32,403266,20.0,2
MV_A5-Weekday-SDon-076900_M5_507,M5,d1,67,14:39:47,14:39:47,400514,20.0,2
MV_A5-Weekday-SDon-076900_M5_507,M5,d1,68,14:42:06,14:42:06,400515,20.0,2
MV_A5-Weekday-SDon-076900_M5_507,M5,d1,69,14:44:24,14:44:24,400516,20.0,2
MV_A5-Weekday-SDon-076900_M5_507,M5,d1,70,14:45:58,14:45:58,405179,20.0,2
MV_A5-Weekday-SDon-076900_M5_507,M5,d1,71,14:48:00,14:48:00,400518,20.0,2
MV_A5-Weekday-SDon-076900_M5_507,M5,d1,72,14:50:46,14:50:46,400519,20.0,2
MV_A5-Weekday-SDon-076900_M5_507,M5,d1,73,14:52:24,14:52:24,405486,20.0,2
MV_A5-Weekday-SDon-076900_M5_507,M5,d1,74,14:56:00,14:56:00,903128,20.0,2
MV_A5-Weekday-SDon-030000_M5_503,M5,d1,1,5:00:00,5:00:00,404011,4.0,1
MV_A5-Weekday-SDon-030000_M5_503,M5,d1,2,5:00:19,5:00:19,404012,4.0,1
MV_A5-Weekday-SDon-030000_M5_503,M5,d1,3,5:02:01,5:02:01,404822,4.0,1
MV_A5-Weekday-SDon-030000_M5_503,M5,d1,4,5:02:56,5:02:56,404259,4.0,1
MV_A5-Weekday-SDon-030000_M5_503,M5,d1,5,5:03:36,5:03:36,405580,4.0,1
MV_A5-Weekday-SDon-030000_M5_503,M5,d1,6,5:04:14,5:04:14,400834,4.0,1
MV_A5-Weekday-SDon-030000_M5_503,M5,d1,7,5:04:38,5:04:38,400835,2.0,1
MV_A5-Weekday-SDon-030000_M5_503,M5,d1,8,5:05:01,5:05:01,400836,4.0,1
MV_A5-Weekday-SDon-030000_M5_503,M5,d1,9,5:05:48,5:05:48,400837,3.0,1
MV_A5-Weekday-SDon-030000_M5_503,M5,d1,10,5:06:11,5:06:11,400838,5.0,1
MV_A5-Weekday-SDon-030000_M5_503,M5,d1,11,5:06:36,5:06:36,404130,5.0,1
MV_A5-Weekday-SDon-030000_M5_503,M5,d1,12,5:07:28,5:07:28,400840,6.0,1
MV_A5-Weekday-SDon-030000_M5_503,M5,d1,13,5:08:00,5:08:00,400841,7.0,1
MV_A5-Weekday-SDon-030000_M5_503,M5,d1,14,5:08:52,5:08:52,404131,3.0,1
MV_A5-Weekday-SDon-030000_M5_503,M5,d1,15,5:09:40,5:09:40,400843,7.0,1
MV_A5-Weekday-SDon-030000_M5_503,M5,d1,16,5:10:28,5:10:28,404855,3.0,1
MV_A5-Weekday-SDon-030000_M5_503,M5,d1,17,5:11:16,5:11:16,400846,7.0,1
MV_A5-Weekday-SDon-030000_M5_503,M5,d1,18,5:11:50,5:11:50,400847,7.0,1
MV_A5-Weekday-SDon-030000_M5_503,M5,d1,19,5:12:26,5:12:26,400848,5.0,1
MV_A5-Weekday-SDon-030000_M5_503,M5,d1,20,5:13:00,5:13:00,400849,3.0,1
MV_A5-Weekday-SDon-030000_M5_503,M5,d1,21,5:14:28,5:14:28,400851,5.0,1
MV_A5-Weekday-SDon-030000_M5_503,M5,d1,22,5:15:20,5:15:20,400852,7.0,1
MV_A5-Weekday-SDon-030000_M5_503,M5,d1,23,5:16:35,5:16:35,400853,7.0,1
MV_A5-Weekday-SDon-030000_M5_503,M5,d1,24,5:17:23,5:17:23,400854,8.0,1
MV_A5-Weekday-SDon-030000_M5_503,M5,d1,25,5:18:27,5:18:27,403169,2.0,1
MV_A5-Weekday-SDon-030000_M5_503,M5,d1,26,5:19:08,5:19:08,400856,8.0,1
MV_A5-Weekday-SDon-030000_M5_503,M5,d1,27,5:20:11,5:20:11,403171,10.0,1
MV_A5-Weekday-SDon-030000_M5_503,M5,d1,28,5:20:55,5:20:55,400858,8.0,1
MV_A5-Weekday-SDon-030000_M5_503,M5,d1,29,5:22:05,5:22:05,400860,13.0,1
MV_A5-Weekday-SDon-030000_M5_503,M5,d1,30,5:23:00,5:23:00,400861,12.0,1
MV_A5-Weekday-SDon-030000_M5_503,M5,d1,31,5:23:17,5:23:17,403781,11.0,1
MV_A5-Weekday-SDon-030000_M5_503,M5,d1,32,5:24:14,5:24:14,403047,11.0,1
MV_A5-Weekday-SDon-030000_M5_503,M5,d1,33,5:25:13,5:25:13,402446,4.0,1
MV_A5-Weekday-SDon-030000_M5_503,M5,d1,34,5:25:38,5:25:38,403266,9.0,1
MV_A5-Weekday-SDon-030000_M5_503,M5,d1,35,5:26:05,5:26:05,400131,9.0,1
MV_A5-Weekday-SDon-030000_M5_503,M5,d1,36,5:26:26,5:26:26,450123,8.0,1
MV_A5-Weekday-SDon-030000_M5_503,M5,d1,37,5:27:07,5:27:07,400133,8.0,1
MV_A5-Weekday-SDon-030000_M5_503,M5,d1,38,5:27:28,5:27:28,404180,7.0,1
MV_A5-Weekday-SDon-030000_M5_503,M5,d1,39,5:28:00,5:28:00,400135,8.0,1
MV_A5-Weekday-SDon-030000_M5_503,M5,d1,40,5:30:31,5:30:31,400322,8.0,1
MV_A5-Weekday-SDon-030000_M5_503,M5,d1,41,5:33:01,5:33:01,400323,8.0,1
MV_A5-Weekday-SDon-030000_M5_503,M5,d1,42,5:35:43,5:35:43,400324,6.0,1
MV_A5-Weekday-SDon-030000_M5_503,M5,d1,43,5:40:00,5:40:00,803082,6.0,1
MV_A5-Weekday-SDon-069300_M5_524,M5,d1,1,11:33:00,11:33:00,400808,19.0,2
MV_A5-Weekday-SDon-069300_M5_524,M5,d1,2,11:34:19,11:34:19,400809,24.0,2
MV_A5-Weekday-SDon-069300_M5_524,M5,d1,3,11:35:24,11:35:24,400810,24.0,2
MV_A5-Weekday-SDon-069300_M5_524,M5,d1,4,11:36:30,11:36:30,400811,13.0,2
MV_A5-Weekday-SDon-069300_M5_524,M5,d1,5,11:37:16,11:37:16,400812,25.0,2
MV_A5-Weekday-SDon-069300_M5_524,M5,d1,6,11:39:11,11:39:11,404918,21.0,2
MV_A5-Weekday-SDon-069300_M5_524,M5,d1,7,11:40:47,11:40:47,400814,26.0,2
MV_A5-Weekday-SDon-069300_M5_524,M5,d1,8,11:41:45,11:41:45,400815,26.0,2
MV_A5-Weekday-SDon-069300_M5_524,M5,d1,9,11:42:47,11:42:47,400816,21.0,2
MV_A5-Weekday-SDon-069300_M5_524,M5,d1,10,11:44:00,11:44:00,400655,23.0,2
MV_A5-Weekday-SDon-069300_M5_524,M5,d1,11,11:46:28,11:46:28,400657,23.0,2
MV_A5-Weekday-SDon-069300_M5_524,M5,d1,12,11:49:12,11:49:12,403483,17.0,2
MV_A5-Weekday-SDon-069300_M5_524,M5,d1,13,11:51:42,11:51:42,400662,13.0,1
MV_A5-Weekday-SDon-069300_M5_524,M5,d1,14,11:54:00,11:54:00,404011,13.0,1
MV_A5-Weekday-SDon-069300_M5_524,M5,d1,15,11:54:26,11:54:26,404012,11.0,1
MV_A5-Weekday-SDon-069300_M5_524,M5,d1,16,11:56:46,11:56:46,404822,16.0,1
MV_A5-Weekday-SDon-069300_M5_524,M5,d1,17,11:58:02,11:58:02,404259,16.0,1
MV_A5-Weekday-SDon-069300_M5_524,M5,d1,18,11:58:56,11:58:56,405580,3.0,1
MV_A5-Weekday-SDon-069300_M5_524,M5,d1,19,11:59:49,11:59:49,400834,14.0,1
MV_A5-Weekday-SDon-069300_M5_524,M5,d1,20,12:00:23,12:00:23,400835,14.0,1
MV_A5-Weekday-SDon-069300_M5_524,M5,d1,21,12:00:54,12:00:54,400836,2.0,1
MV_A5-Weekday-SDon-069300_M5_524,M5,d1,22,12:01:59,12:01:59,400837,8.0,1
MV_A5-Weekday-SDon-069300_M5_524,M5,d1,23,12:02:31,12:02:31,400838,15.0,1
MV_A5-Weekday-SDon-069300_M5_524,M5,d1,24,12:03:05,12:03:05,404130,15.0,1
MV_A5-Weekday-SDon-069300_M5_524,M5,d1,25,12:04:16,12:04:16,400840,6.0,1
MV_A5-Weekday-SDon-069300_M5_524,M5,d1,26,12:05:00,12:05:00,400841,2.0,1
MV_A5-Weekday-SDon-069300_M5_524,M5,d1,27,12:06:24,12:06:24,404131,14.0,1
MV_A5-Weekday-SDon-069300_M5_524,M5,d1,28,12:07:40,12:07:40,400843,2.0,1
MV_A5-Weekday-SDon-069300_M5_524,M5,d1,29,12:08:57,12:08:57,404855,16.0,2
MV_A5-Weekday-SDon-069300_M5_524,M5,d1,30,12:10:13,12:10:13,400846,17.0,2
MV_A5-Weekday-SDon-069300_M5_524,M5,d1,31,12:11:08,12:11:08,400847,8.0,1
MV_A5-Weekday-SDon-069300_M5_524,M5,d1,32,12:12:06,12:12:06,400848,16.0,2
MV_A5-Weekday-SDon-069300_M5_524,M5,d1,33,12:13:00,12:13:00,400849,18.0,2
MV_A5-Weekday-SDon-069300_M5_524,M5,d1,34,12:15:12,12:15:12,400851,18.0,2
MV_A5-Weekday-SDon-069300_M5_524,M5,d1,35,12:16:30,12:16:30,400852,18.0,2
MV_A5-Weekday-SDon-069300_M5_524,M5,d1,36,12:18:22,12:18:22,400853,16.0,1
MV_A5-Weekday-SDon-069300_M5_524,M5,d1,37,12:19:35,12:19:35,400854,14.0,1
MV_A5-Weekday-SDon-069300_M5_524,M5,d1,38,12:23:46,12:23:46,403171,14.0,1
MV_A5-Weekday-SDon-069300_M5_524,M5,d1,39,12:28:00,12:28:00,400861,13.0,1
MV_A5-Weekday-SDon-069300_M5_524,M5,d1,40,12:33:56,12:33:56,403047,12.0,1
MV_A5-Weekday-SDon-069300_M5_524,M5,d1,41,12:38:41,12:38:41,402446,13.0,1
MV_A5-Weekday-SDon-069300_M5_524,M5,d1,42,12:44:27,12:44:27,450123,11.0,1
MV_A5-Weekday-SDon-069300_M5_524,M5,d1,43,12:52:00,12:52:00,400135,2.0,1
MV_A5-Weekday-SDon-069300_M5_524,M5,d1,44,12:53:28,12:53:28,400322,7.0,1
MV_A5-Weekday-SDon-069300_M5_524,M5,d1,45,12:54:56,12:54:56,400323,1.0,1
MV_A5-Weekday-SDon-069300_M5_524,M5,d1,46,12:56:30,12:56:30,400324,2.0,1
MV_A5-Weekday-SDon-069300_M5_524,M5,d1,47,12:59:00,12:59:00,803082,2.0,1
MV_A5-Weekday-SDon-036200_M5_507,M5,d1,1,6:02:00,6:02:00,400808,2.0,1
MV_A5-Weekday-SDon-036200_M5_507,M5,d1,2,6:02:57,6:02:57,400809,9.0,1
MV_A5-Weekday-SDon-036200_M5_507,M5,d1,3,6:03:45,6:03:45,400810,7.0,1
MV_A5-Weekday-SDon-036200_M5_507,M5,d1,4,6:04:32,6:04:32,400811,3.0,1
MV_A5-Weekday-SDon-036200_M5_507,M5,d1,5,6:05:06,6:05:06,400812,8.0,1
MV_A5-Weekday-SDon-036200_M5_507,M5,d1,6,6:06:29,6:06:29,404918,5.0,1
MV_A5-Weekday-SDon-036200_M5_507,M5,d1,7,6:07:39,6:07:39,400814,4.0,1
MV_A5-Weekday-SDon-036200_M5_507,M5,d1,8,6:08:22,6:08:22,400815,4.0,1
MV_A5-Weekday-SDon-036200_M5_507,M5,d1,9,6:09:07,6:09:07,400816,5.0,1
MV_A5-Weekday-SDon-036200_M5_507,M5,d1,10,6:10:00,6:10:00,400655,6.0,1
MV_A5-Weekday-SDon-036200_M5_507,M5,d1,11,6:10:57,6:10:57,400656,7.0,1
MV_A5-Weekday-SDon-036200_M5_507,M5,d1,12,6:11:58,6:11:58,400657,6.0,1
MV_A5-Weekday-SDon-036200_M5_507,M5,d1,13,6:12:40,6:12:40,400658,12.0,1
MV_A5-Weekday-SDon-036200_M5_507,M5,d1,14,6:13:42,6:13:42,400659,4.0,1
MV_A5-Weekday-SDon-036200_M5_507,M5,d1,15,6:14:10,6:14:10,403483,11.0,1
MV_A5-Weekday-SDon-036200_M5_507,M5,d1,16,6:15:28,6:15:28,400661,7.0,1
MV_A5-Weekday-SDon-036200_M5_507,M5,d1,17,6:16:09,6:16:09,400662,13.0,1
MV_A5-Weekday-SDon-036200_M5_507,M5,d1,18,6:16:50,6:16:50,400663,15.0,1
MV_A5-Weekday-SDon-036200_M5_507,M5,d1,19,6:18:00,6:18:00,404011,3.0,1
MV_A5-Weekday-SDon-036200_M5_507,M5,d1,20,6:18:19,6:18:19,404012,15.0,1
MV_A5-Weekday-SDon-036200_M5_507,M5,d1,21,6:20:01,6:20:01,404822,15.0,1
MV_A5-Weekday-SDon-036200_M5_507,M5,d1,22,6:20:56,6:20:56,404259,15.0,1
MV_A5-Weekday-SDon-036200_M5_507,M5,d1,23,6:21:36,6:21:36,405580,10.0,1
MV_A5-Weekday-SDon-036200_M5_507,M5,d1,24,6:22:14,6:22:14,400834,15.0,1
MV_A5-Weekday-SDon-036200_M5_507,M5,d1,25,6:22:38,6:22:38,400835,15.0,1
MV_A5-Weekday-SDon-036200_M5_507,M5,d1,26,6:23:01,6:23:01,400836,11.0,1
MV_A5-Weekday-SDon-036200_M5_507,M5,d1,27,6:23:48,6:23:48,400837,16.0,1
MV_A5-Weekday-SDon-036200_M5_507,M5,d1,28,6:24:11,6:24:11,400838,16.0,1
MV_A5-Weekday-SDon-036200_M5_507,M5,d1,29,6:24:36,6:24:36,404130,16.0,1
MV_A5-Weekday-SDon-036200_M5_507,M5,d1,30,6:25:28,6:25:28,400840,9.0,2
MV_A5-Weekday-SDon-036200_M5_507,M5,d1,31,6:26:00,6:26:00,400841,17.0,2
MV_A5-Weekday-SDon-036200_M5_507,M5,d1,32,6:26:52,6:26:52,404131,18.0,2
MV_A5-Weekday-SDon-036200_M5_507,M5,d1,33,6:27:40,6:27:40,400843,3.0,2
MV_A5-Weekday-SDon-036200_M5_507,M5,d1,34,6:28:28,6:28:28,404855,17.0,2
MV_A5-Weekday-SDon-036200_M5_507,M5,d1,35,6:29:16,6:29:16,400846,8.0,1
MV_A5-Weekday-SDon-036200_M5_507,M5,d1,36,6:29:50,6:29:50,400847,9.0,2
MV_A5-Weekday-SDon-036200_M5_507,M5,d1,37,6:30:26,6:30:26,400848,18.0,2
MV_A5-Weekday-SDon-036200_M5_507,M5,d1,38,6:31:00,6:31:00,400849,9.0,1
MV_A5-Weekday-SDon-036200_M5_507,M5,d1,39,6:32:37,6:32:37,400851,15.0,1
MV_A5-Weekday-SDon-036200_M5_507,M5,d1,40,6:33:34,6:33:34,400852,15.0,1
MV_A5-Weekday-SDon-036200_M5_507,M5,d1,41,6:34:56,6:34:56,400853,13.0,1
MV_A5-Weekday-SDon-036200_M5_507,M5,d1,42,6:35:49,6:35:49,400854,14.0,1
MV_A5-Weekday-SDon-036200_M5_507,M5,d1,43,6:37:00,6:37:00,403169,6.0,1
MV_A5-Weekday-SDon-036200_M5_507,M5,d1,44,6:37:44,6:37:44,400856,15.0,2
MV_A5-Weekday-SDon-036200_M5_507,M5,d1,45,6:38:54,6:38:54,403171,17.0,2
MV_A5-Weekday-SDon-036200_M5_507,M5,d1,46,6:39:43,6:39:43,400858,14.0,1
MV_A5-Weekday-SDon-036200_M5_507,M5,d1,47,6:40:59,6:40:59,400860,11.0,2
MV_A5-Weekday-SDon-036200_M5_507,M5,d1,48,6:42:00,6:42:00,400861,23.0,2
MV_A5-Weekday-SDon-036200_M5_507,M5,d1,49,6:42:14,6:42:14,403781,23.0,2
MV_A5-Weekday-SDon-036200_M5_507,M5,d1,50,6:42:59,6:42:59,403047,20.0,2
MV_A5-Weekday-SDon-036200_M5_507,M5,d1,51,6:43:47,6:43:47,402446,14.0,1
MV_A5-Weekday-SDon-036200_M5_507,M5,d1,52,6:44:07,6:44:07,403266,16.0,1
MV_A5-Weekday-SDon-036200_M5_507,M5,d1,53,6:44:28,6:44:28,400131,16.0,1
MV_A5-Weekday-SDon-036200_M5_507,M5,d1,54,6:44:44,6:44:44,450123,13.0,1
MV_A5-Weekday-SDon-036200_M5_507,M5,d1,55,6:45:18,6:45:18,400133,3.0,1
MV_A5-Weekday-SDon-036200_M5_507,M5,d1,56,6:45:34,6:45:34,404180,3.0,1
MV_A5-Weekday-SDon-036200_M5_507,M5,d1,57,6:46:00,6:46:00,400135,3.0,1
MV_A5-Weekday-SDon-036200_M5_507,M5,d1,58,6:48:56,6:48:56,400322,3.0,1
MV_A5-Weekday-SDon-036200_M5_507,M5,d1,59,6:51:51,6:51:51,400323,3.0,1
MV_A5-Weekday-SDon-036200_M5_507,M5,d1,60,6:55:00,6:55:00,400324,1.0,1
MV_A5-Weekday-SDon-036200_M5_507,M5,d1,61,7:00:00,7:00:00,803082,1.0,1
MV_A5-Weekday-067800_M5_519,M5,d1,1,11:18:00,11:18:00,400808,1.0,2
MV_A5-Weekday-067800_M5_519,M5,d1,2,11:19:12,11:19:12,400809,20.0,2
MV_A5-Weekday-067800_M5_519,M5,d1,3,11:20:11,11:20:11,400810,20.0,2
MV_A5-Weekday-067800_M5_519,M5,d1,4,11:21:11,11:21:11,400811,20.0,2
MV_A5-Weekday-067800_M5_519,M5,d1,5,11:21:52,11:21:52,400812,19.0,2
MV_A5-Weekday-067800_M5_519,M5,d1,6,11:23:37,11:23:37,404918,22.0,2
MV_A5-Weekday-067800_M5_519,M5,d1,7,11:25:04,11:25:04,400814,28.0,2
MV_A5-Weekday-067800_M5_519,M5,d1,8,11:25:58,11:25:58,400815,28.0,2
MV_A5-Weekday-067800_M5_519,M5,d1,9,11:26:54,11:26:54,400816,27.0,2
MV_A5-Weekday-067800_M5_519,M5,d1,10,11:28:00,11:28:00,400655,30.0,2
MV_A5-Weekday-067800_M5_519,M5,d1,11,11:30:28,11:30:28,400657,30.0,2
MV_A5-Weekday-067800_M5_519,M5,d1,12,11:33:12,11:33:12,403483,30.0,2
MV_A5-Weekday-067800_M5_519,M5,d1,13,11:35:42,11:35:42,400662,9.0,1
MV_A5-Weekday-067800_M5_519,M5,d1,14,11:38:00,11:38:00,404011,9.0,1
MV_A5-Weekday-067800_M5_519,M5,d1,15,11:38:26,11:38:26,404012,9.0,1
MV_A5-Weekday-067800_M5_519,M5,d1,16,11:40:46,11:40:46,404822,9.0,1
MV_A5-Weekday-067800_M5_519,M5,d1,17,11:42:02,11:42:02,404259,9.0,1
MV_A5-Weekday-067800_M5_519,M5,d1,18,11:42:56,11:42:56,405580,8.0,1
MV_A5-Weekday-067800_M5_519,M5,d1,19,11:43:49,11:43:49,400834,8.0,1
MV_A5-Weekday-067800_M5_519,M5,d1,20,11:44:23,11:44:23,400835,8.0,1
MV_A5-Weekday-067800_M5_519,M5,d1,21,11:44:54,11:44:54,400836,8.0,1
MV_A5-Weekday-067800_M5_519,M5,d1,22,11:45:59,11:45:59,400837,8.0,1
MV_A5-Weekday-067800_M5_519,M5,d1,23,11:46:31,11:46:31,400838,6.0,1
MV_A5-Weekday-067800_M5_519,M5,d1,24,11:47:05,11:47:05,404130,9.0,1
MV_A5-Weekday-067800_M5_519,M5,d1,25,11:48:16,11:48:16,400840,10.0,1
MV_A5-Weekday-067800_M5_519,M5,d1,26,11:49:00,11:49:00,400841,10.0,1
MV_A5-Weekday-067800_M5_519,M5,d1,27,11:50:24,11:50:24,404131,10.0,1
MV_A5-Weekday-067800_M5_519,M5,d1,28,11:51:40,11:51:40,400843,10.0,1
MV_A5-Weekday-067800_M5_519,M5,d1,29,11:52:57,11:52:57,404855,5.0,1
MV_A5-Weekday-067800_M5_519,M5,d1,30,11:54:13,11:54:13,400846,5.0,1
MV_A5-Weekday-067800_M5_519,M5,d1,31,11:55:08,11:55:08,400847,15.0,1
MV_A5-Weekday-067800_M5_519,M5,d1,32,11:56:06,11:56:06,400848,15.0,1
MV_A5-Weekday-067800_M5_519,M5,d1,33,11:57:00,11:57:00,400849,15.0,1
MV_A5-Weekday-067800_M5_519,M5,d1,34,11:59:12,11:59:12,400851,5.0,1
MV_A5-Weekday-067800_M5_519,M5,d1,35,12:00:30,12:00:30,400852,5.0,1
MV_A5-Weekday-067800_M5_519,M5,d1,36,12:02:22,12:02:22,400853,5.0,1
MV_A5-Weekday-067800_M5_519,M5,d1,37,12:03:35,12:03:35,400854,5.0,1
MV_A5-Weekday-067800_M5_519,M5,d1,38,12:07:46,12:07:46,403171,7.0,1
MV_A5-Weekday-067800_M5_519,M5,d1,39,12:12:00,12:12:00,400861,7.0,1
MV_A5-Weekday-067800_M5_519,M5,d1,40,12:17:56,12:17:56,403047,7.0,1
MV_A5-Weekday-067800_M5_519,M5,d1,41,12:22:41,12:22:41,402446,8.0,1
MV_A5-Weekday-067800_M5_519,M5,d1,42,12:28:27,12:28:27,450123,8.0,1
MV_A5-Weekday-067800_M5_519,M5,d1,43,12:36:00,12:36:00,400135,8.0,1
MV_A5-Weekday-067800_M5_519,M5,d1,44,12:37:28,12:37:28,400322,2.0,1
MV_A5-Weekday-067800_M5_519,M5,d1,45,12:38:56,12:38:56,400323,3.0,1
MV_A5-Weekday-067800_M5_519,M5,d1,46,12:40:30,12:40:30,400324,3.0,1
MV_A5-Weekday-067800_M5_519,M5,d1,47,12:43:00,12:43:00,803082,3.0,1
MV_A5-Weekday-061800_M5_513,M5,d1,1,10:18:00,10:18:00,400808,12.0,1
MV_A5-Weekday-061800_M5_513,M5,d1,2,10:19:12,10:19:12,400809,15.0,1
MV_A5-Weekday-061800_M5_513,M5,d1,3,10:20:11,10:20:11,400810,15.0,2
MV_A5-Weekday-061800_M5_513,M5,d1,4,10:21:11,10:21:11,400811,17.0,2
MV_A5-Weekday-061800_M5_513,M5,d1,5,10:21:52,10:21:52,400812,21.0,2
MV_A5-Weekday-061800_M5_513,M5,d1,6,10:23:37,10:23:37,404918,21.0,2
MV_A5-Weekday-061800_M5_513,M5,d1,7,10:25:04,10:25:04,400814,21.0,2
MV_A5-Weekday-061800_M5_513,M5,d1,8,10:25:58,10:25:58,400815,15.0,1
MV_A5-Weekday-061800_M5_513,M5,d1,9,10:26:54,10:26:54,400816,16.0,1
MV_A5-Weekday-061800_M5_513,M5,d1,10,10:28:00,10:28:00,400655,11.0,1
MV_A5-Weekday-061800_M5_513,M5,d1,11,10:30:13,10:30:13,400657,14.0,1
MV_A5-Weekday-061800_M5_513,M5,d1,12,10:32:41,10:32:41,403483,14.0,1
MV_A5-Weekday-061800_M5_513,M5,d1,13,10:34:56,10:34:56,400662,11.0,1
MV_A5-Weekday-061800_M5_513,M5,d1,14,10:37:00,10:37:00,404011,9.0,1
MV_A5-Weekday-061800_M5_513,M5,d1,15,10:37:23,10:37:23,404012,11.0,1
MV_A5-Weekday-061800_M5_513,M5,d1,16,10:39:31,10:39:31,404822,11.0,1
MV_A5-Weekday-061800_M5_513,M5,d1,17,10:40:40,10:40:40,404259,13.0,1
MV_A5-Weekday-061800_M5_513,M5,d1,18,10:41:29,10:41:29,405580,13.0,1
MV_A5-Weekday-061800_M5_513,M5,d1,19,10:42:17,10:42:17,400834,3.0,1
MV_A5-Weekday-061800_M5_513,M5,d1,20,10:42:48,10:42:48,400835,16.0,1
MV_A5-Weekday-061800_M5_513,M5,d1,21,10:43:17,10:43:17,400836,9.0,1
MV_A5-Weekday-061800_M5_513,M5,d1,22,10:44:15,10:44:15,400837,16.0,1
MV_A5-Weekday-061800_M5_513,M5,d1,23,10:44:44,10:44:44,400838,9.0,2
MV_A5-Weekday-061800_M5_513,M5,d1,24,10:45:15,10:45:15,404130,18.0,2
MV_A5-Weekday-061800_M5_513,M5,d1,25,10:46:20,10:46:20,400840,19.0,2
MV_A5-Weekday-061800_M5_513,M5,d1,26,10:47:00,10:47:00,400841,19.0,2
MV_A5-Weekday-061800_M5_513,M5,d1,27,10:48:24,10:48:24,404131,19.0,2
MV_A5-Weekday-061800_M5_513,M5,d1,28,10:49:40,10:49:40,400843,3.0,2
MV_A5-Weekday-061800_M5_513,M5,d1,29,10:50:57,10:50:57,404855,19.0,2
MV_A5-Weekday-061800_M5_513,M5,d1,30,10:52:13,10:52:13,400846,19.0,2
MV_A5-Weekday-061800_M5_513,M5,d1,31,10:53:08,10:53:08,400847,19.0,2
MV_A5-Weekday-061800_M5_513,M5,d1,32,10:54:06,10:54:06,400848,19.0,2
MV_A5-Weekday-061800_M5_513,M5,d1,33,10:55:00,10:55:00,400849,20.0,2
MV_A5-Weekday-061800_M5_513,M5,d1,34,10:57:04,10:57:04,400851,20.0,2
MV_A5-Weekday-061800_M5_513,M5,d1,35,10:58:16,10:58:16,400852,21.0,2
MV_A5-Weekday-061800_M5_513,M5,d1,36,11:00:01,11:00:01,400853,9.0,1
MV_A5-Weekday-061800_M5_513,M5,d1,37,11:01:08,11:01:08,400854,16.0,2
MV_A5-Weekday-061800_M5_513,M5,d1,38,11:05:03,11:05:03,403171,17.0,2
MV_A5-Weekday-061800_M5_513,M5,d1,39,11:09:00,11:09:00,400861,17.0,2
MV_A5-Weekday-061800_M5_513,M5,d1,40,11:13:27,11:13:27,403047,19.0,2
MV_A5-Weekday-061800_M5_513,M5,d1,41,11:17:00,11:17:00,402446,19.0,2
MV_A5-Weekday-061800_M5_513,M5,d1,42,11:21:20,11:21:20,450123,11.0,1
MV_A5-Weekday-061800_M5_513,M5,d1,43,11:27:00,11:27:00,400135,2.0,1
MV_A5-Weekday-061800_M5_513,M5,d1,44,11:28:28,11:28:28,400322,2.0,1
MV_A5-Weekday-061800_M5_513,M5,d1,45,11:29:56,11:29:56,400323,8.0,1
MV_A5-Weekday-061800_M5_513,M5,d1,46,11:31:30,11:31:30,400324,8.0,1
MV_A5-Weekday-061800_M5_513,M5,d1,47,11:34:00,11:34:00,803082,8.0,1
MV_A5-Weekday-110500_M5_534,M5,d1,1,18:25:00,18:25:00,400808,16.0,1
MV_A5-Weekday-110500_M5_534,M5,d1,2,18:26:19,18:26:19,400809,10.0,2
MV_A5-Weekday-110500_M5_534,M5,d1,3,18:27:24,18:27:24,400810,18.0,2
MV_A5-Weekday-110500_M5_534,M5,d1,4,18:28:30,18:28:30,400811,20.0,2
MV_A5-Weekday-110500_M5_534,M5,d1,5,18:29:16,18:29:16,400812,3.0,2
MV_A5-Weekday-110500_M5_534,M5,d1,6,18:31:11,18:31:11,404918,17.0,2
MV_A5-Weekday-110500_M5_534,M5,d1,7,18:32:47,18:32:47,400814,13.0,2
MV_A5-Weekday-110500_M5_534,M5,d1,8,18:33:45,18:33:45,400815,20.0,2
MV_A5-Weekday-110500_M5_534,M5,d1,9,18:34:47,18:34:47,400816,19.0,2
MV_A5-Weekday-110500_M5_534,M5,d1,10,18:36:00,18:36:00,400655,18.0,2
MV_A5-Weekday-110500_M5_534,M5,d1,11,18:38:13,18:38:13,400657,15.0,1
MV_A5-Weekday-110500_M5_534,M5,d1,12,18:40:41,18:40:41,403483,15.0,1
MV_A5-Weekday-110500_M5_534,M5,d1,13,18:42:56,18:42:56,400662,13.0,1
MV_A5-Weekday-110500_M5_534,M5,d1,14,18:45:00,18:45:00,404011,13.0,1
MV_A5-Weekday-110500_M5_534,M5,d1,15,18:45:28,18:45:28,404012,4.0,1
MV_A5-Weekday-110500_M5_534,M5,d1,16,18:48:01,18:48:01,404822,5.0,1
MV_A5-Weekday-110500_M5_534,M5,d1,17,18:49:24,18:49:24,404259,5.0,1
MV_A5-Weekday-110500_M5_534,M5,d1,18,18:50:23,18:50:23,405580,5.0,1
MV_A5-Weekday-110500_M5_534,M5,d1,19,18:51:21,18:51:21,400834,9.0,1
MV_A5-Weekday-110500_M5_534,M5,d1,20,18:51:57,18:51:57,400835,9.0,1
MV_A5-Weekday-110500_M5_534,M5,d1,21,18:52:32,18:52:32,400836,9.0,1
MV_A5-Weekday-110500_M5_534,M5,d1,22,18:53:42,18:53:42,400837,9.0,1
MV_A5-Weekday-110500_M5_534,M5,d1,23,18:54:17,18:54:17,400838,9.0,1
MV_A5-Weekday-110500_M5_534,M5,d1,24,18:54:54,18:54:54,404130,5.0,1
MV_A5-Weekday-110500_M5_534,M5,d1,25,18:56:12,18:56:12,400840,6.0,1
MV_A5-Weekday-110500_M5_534,M5,d1,26,18:57:00,18:57:00,400841,1.0,1
MV_A5-Weekday-110500_M5_534,M5,d1,27,18:58:24,18:58:24,404131,3.0,1
MV_A5-Weekday-110500_M5_534,M5,d1,28,18:59:40,18:59:40,400843,11.0,1
MV_A5-Weekday-110500_M5_534,M5,d1,29,19:00:57,19:00:57,404855,7.0,1
MV_A5-Weekday-110500_M5_534,M5,d1,30,19:02:13,19:02:13,400846,10.0,1
MV_A5-Weekday-110500_M5_534,M5,d1,31,19:03:08,19:03:08,400847,10.0,1
MV_A5-Weekday-110500_M5_534,M5,d1,32,19:04:06,19:04:06,400848,2.0,1
MV_A5-Weekday-110500_M5_534,M5,d1,33,19:05:00,19:05:00,400849,10.0,1
MV_A5-Weekday-110500_M5_534,M5,d1,34,19:07:04,19:07:04,400851,10.0,1
MV_A5-Weekday-110500_M5_534,M5,d1,35,19:08:16,19:08:16,400852,10.0,1
MV_A5-Weekday-110500_M5_534,M5,d1,36,19:10:01,19:10:01,400853,11.0,1
MV_A5-Weekday-110500_M5_534,M5,d1,37,19:11:08,19:11:08,400854,10.0,1
MV_A5-Weekday-110500_M5_534,M5,d1,38,19:15:03,19:15:03,403171,9.0,1
MV_A5-Weekday-110500_M5_534,M5,d1,39,19:19:00,19:19:00,400861,11.0,1
MV_A5-Weekday-110500_M5_534,M5,d1,40,19:24:56,19:24:56,403047,15.0,1
MV_A5-Weekday-110500_M5_534,M5,d1,41,19:29:41,19:29:41,402446,15.0,1
MV_A5-Weekday-110500_M5_534,M5,d1,42,19:35:27,19:35:27,450123,12.0,1
MV_A5-Weekday-110500_M5_534,M5,d1,43,19:43:00,19:43:00,400135,10.0,1
MV_A5-Weekday-110500_M5_534,M5,d1,44,19:44:28,19:44:28,400322,10.0,1
MV_A5-Weekday-110500_M5_534,M5,d1,45,19:45:56,19:45:56,400323,10.0,1
MV_A5-Weekday-110500_M5_534,M5,d1,46,19:47:30,19:47:30,400324,2.0,1
MV_A5-Weekday-110500_M5_534,M5,d1,47,19:50:00,19:50:00,803082,2.0,1
MV_A5-Weekday-099200_M5_532,M5,d1,1,16:32:00,16:32:00,403835,2.0,1
MV_A5-Weekday-099200_M5_532,M5,d1,2,16:34:00,16:34:00,400639,2.0,2
MV_A5-Weekday-099200_M5_532,M5,d1,3,16:35:54,16:35:54,400640,28.0,2
MV_A5-Weekday-099200_M5_532,M5,d1,4,16:37:25,16:37:25,400641,28.0,2
MV_A5-Weekday-099200_M5_532,M5,d1,5,16:38:39,16:38:39,400642,28.0,2
MV_A5-Weekday-099200_M5_532,M5,d1,6,16:39:33,16:39:33,400643,28.0,2
MV_A5-Weekday-099200_M5_532,M5,d1,7,16:40:28,16:40:28,400644,28.0,2
MV_A5-Weekday-099200_M5_532,M5,d1,8,16:41:31,16:41:31,400645,28.0,2
MV_A5-Weekday-099200_M5_532,M5,d1,9,16:42:43,16:42:43,400646,28.0,2
MV_A5-Weekday-099200_M5_532,M5,d1,10,16:43:59,16:43:59,400647,28.0,2
MV_A5-Weekday-099200_M5_532,M5,d1,11,16:45:02,16:45:02,400648,28.0,2
MV_A5-Weekday-099200_M5_532,M5,d1,12,16:46:03,16:46:03,400649,28.0,3
MV_A5-Weekday-099200_M5_532,M5,d1,13,16:47:00,16:47:00,403373,33.0,3
MV_A5-Weekday-099200_M5_532,M5,d1,14,16:48:51,16:48:51,403374,33.0,3
MV_A5-Weekday-099200_M5_532,M5,d1,15,16:49:56,16:49:56,403375,33.0,3
MV_A5-Weekday-099200_M5_532,M5,d1,16,16:51:02,16:51:02,403376,33.0,3
MV_A5-Weekday-099200_M5_532,M5,d1,17,16:52:21,16:52:21,403377,33.0,3
MV_A5-Weekday-099200_M5_532,M5,d1,18,16:54:21,16:54:21,400655,33.0,3
MV_A5-Weekday-099200_M5_532,M5,d1,19,16:56:06,16:56:06,400656,33.0,3
MV_A5-Weekday-099200_M5_532,M5,d1,20,16:57:58,16:57:58,400657,33.0,3
MV_A5-Weekday-099200_M5_532,M5,d1,21,16:59:15,16:59:15,400658,35.0,3
MV_A5-Weekday-099200_M5_532,M5,d1,22,17:01:10,17:01:10,400659,35.0,3
MV_A5-Weekday-099200_M5_532,M5,d1,23,17:02:00,17:02:00,403483,35.0,3
MV_A5-Weekday-099200_M5_532,M5,d1,24,17:04:07,17:04:07,400661,35.0,3
MV_A5-Weekday-099200_M5_532,M5,d1,25,17:05:14,17:05:14,400662,35.0,3
MV_A5-Weekday-099200_M5_532,M5,d1,26,17:06:20,17:06:20,400663,34.0,3
MV_A5-Weekday-099200_M5_532,M5,d1,27,17:08:00,17:08:00,803157,34.0,3
MV_A5-Weekday-099200_M5_532,M5,d1,28,17:10:00,17:10:00,404148,34.0,3
MV_A5-Weekday-099200_M5_532,M5,d1,29,17:12:07,17:12:07,403903,34.0,3
MV_A5-Weekday-099200_M5_532,M5,d1,30,17:13:10,17:13:10,403142,34.0,3
MV_A5-Weekday-099200_M5_532,M5,d1,31,17:14:20,17:14:20,403144,34.0,3
MV_A5-Weekday-099200_M5_532,M5,d1,32,17:16:10,17:16:10,403145,37.0,3
MV_A5-Weekday-099200_M5_532,M5,d1,33,17:17:26,17:17:26,405234,37.0,3
MV_A5-Weekday-099200_M5_532,M5,d1,34,17:19:36,17:19:36,403147,44.0,3
MV_A5-Weekday-099200_M5_532,M5,d1,35,17:20:47,17:20:47,403148,44.0,3
MV_A5-Weekday-099200_M5_532,M5,d1,36,17:21:56,17:21:56,403149,44.0,4
MV_A5-Weekday-099200_M5_532,M5,d1,37,17:23:24,17:23:24,400676,61.0,4
MV_A5-Weekday-099200_M5_532,M5,d1,38,17:25:16,17:25:16,400677,61.0,4
MV_A5-Weekday-099200_M5_532,M5,d1,39,17:27:11,17:27:11,400678,61.0,4
MV_A5-Weekday-099200_M5_532,M5,d1,40,17:28:00,17:28:00,400485,61.0,4
MV_A5-Weekday-099200_M5_532,M5,d1,41,17:29:43,17:29:43,400486,61.0,4
MV_A5-Weekday-099200_M5_532,M5,d1,42,17:32:00,17:32:00,400290,61.0,4
MV_A5-Weekday-099200_M5_532,M5,d1,43,17:34:15,17:34:15,404278,61.0,4
MV_A5-Weekday-099200_M5_532,M5,d1,44,17:36:00,17:36:00,400292,4.0,3
MV_A5-Weekday-099200_M5_532,M5,d1,45,17:37:33,17:37:33,400108,46.0,3
MV_A5-Weekday-099200_M5_532,M5,d1,46,17:38:46,17:38:46,400109,46.0,3
MV_A5-Weekday-099200_M5_532,M5,d1,47,17:39:54,17:39:54,400110,4.0,1
MV_A5-Weekday-099200_M5_532,M5,d1,48,17:41:08,17:41:08,400111,4.0,1
MV_A5-Weekday-099200_M5_532,M5,d1,49,17:43:18,17:43:18,404081,4.0,1
MV_A5-Weekday-099200_M5_532,M5,d1,50,17:44:48,17:44:48,404168,4.0,3
MV_A5-Weekday-099200_M5_532,M5,d1,51,17:45:43,17:45:43,400115,46.0,3
MV_A5-Weekday-099200_M5_532,M5,d1,52,17:46:57,17:46:57,400116,46.0,3
MV_A5-Weekday-099200_M5_532,M5,d1,53,17:48:03,17:48:03,400117,46.0,3
MV_A5-Weekday-099200_M5_532,M5,d1,54,17:49:42,17:49:42,400118,46.0,3
MV_A5-Weekday-099200_M5_532,M5,d1,55,17:51:18,17:51:18,400119,46.0,3
MV_A5-Weekday-099200_M5_532,M5,d1,56,17:53:42,17:53:42,400120,46.0,3
MV_A5-Weekday-099200_M5_532,M5,d1,57,17:54:40,17:54:40,400121,46.0,3
MV_A5-Weekday-099200_M5_532,M5,d1,58,17:55:42,17:55:42,400122,46.0,3
MV_A5-Weekday-099200_M5_532,M5,d1,59,17:56:51,17:56:51,400123,46.0,3
MV_A5-Weekday-099200_M5_532,M5,d1,60,17:59:00,17:59:00,400124,46.0,3
MV_A5-Weekday-099200_M5_532,M5,d1,61,18:01:13,18:01:13,400125,45.0,3
MV_A5-Weekday-099200_M5_532,M5,d1,62,18:03:48,18:03:48,400126,45.0,3
MV_A5-Weekday-099200_M5_532,M5,d1,63,18:05:43,18:05:43,400127,45.0,3
MV_A5-Weekday-099200_M5_532,M5,d1,64,18:07:02,18:07:02,400128,45.0,3
MV_A5-Weekday-099200_M5_532,M5,d1,65,18:08:39,18:08:39,400512,45.0,3
MV_A5-Weekday-099200_M5_532,M5,d1,66,18:12:05,18:12:05,403266,42.0,4
MV_A5-Weekday-099200_M5_532,M5,d1,67,18:14:26,18:14:26,400514,49.0,4
MV_A5-Weekday-099200_M5_532,M5,d1,68,18:16:50,18:16:50,400515,49.0,4
MV_A5-Weekday-099200_M5_532,M5,d1,69,18:19:14,18:19:14,400516,49.0,4
MV_A5-Weekday-099200_M5_532,M5,d1,70,18:20:52,18:20:52,405179,55.0,4
MV_A5-Weekday-099200_M5_532,M5,d1,71,18:23:00,18:23:00,400518,55.0,4
MV_A5-Weekday-099200_M5_532,M5,d1,72,18:25:25,18:25:25,400519,55.0,4
MV_A5-Weekday-099200_M5_532,M5,d1,73,18:26:51,18:26:51,405486,46.0,3
MV_A5-Weekday-099200_M5_532,M5,d1,74,18:30:00,18:30:00,903128,46.0,3
MV_A5-Weekday-078700_M5_509,M5,d1,1,13:07:00,13:07:00,403835,2.0,1
MV_A5-Weekday-078700_M5_509,M5,d1,2,13:09:00,13:09:00,400639,2.0,1
MV_A5-Weekday-078700_M5_509,M5,d1,3,13:11:03,13:11:03,400640,2.0,1
MV_A5-Weekday-078700_M5_509,M5,d1,4,13:12:41,13:12:41,400641,12.0,1
MV_A5-Weekday-078700_M5_509,M5,d1,5,13:14:00,13:14:00,400642,12.0,1
MV_A5-Weekday-078700_M5_509,M5,d1,6,13:14:58,13:14:58,400643,12.0,1
MV_A5-Weekday-078700_M5_509,M5,d1,7,13:15:58,13:15:58,400644,12.0,1
MV_A5-Weekday-078700_M5_509,M5,d1,8,13:17:05,13:17:05,400645,7.0,1
MV_A5-Weekday-078700_M5_509,M5,d1,9,13:18:23,13:18:23,400646,5.0,1
MV_A5-Weekday-078700_M5_509,M5,d1,10,13:19:46,13:19:46,400647,9.0,1
MV_A5-Weekday-078700_M5_509,M5,d1,11,13:20:53,13:20:53,400648,6.0,1
MV_A5-Weekday-078700_M5_509,M5,d1,12,13:21:58,13:21:58,400649,7.0,1
MV_A5-Weekday-078700_M5_509,M5,d1,13,13:23:00,13:23:00,403373,7.0,1
MV_A5-Weekday-078700_M5_509,M5,d1,14,13:24:43,13:24:43,403374,8.0,1
MV_A5-Weekday-078700_M5_509,M5,d1,15,13:25:45,13:25:45,403375,8.0,1
MV_A5-Weekday-078700_M5_509,M5,d1,16,13:26:46,13:26:46,403376,8.0,1
MV_A5-Weekday-078700_M5_509,M5,d1,17,13:28:00,13:28:00,403377,3.0,1
MV_A5-Weekday-078700_M5_509,M5,d1,18,13:29:51,13:29:51,400655,9.0,1
MV_A5-Weekday-078700_M5_509,M5,d1,19,13:31:30,13:31:30,400656,9.0,1
MV_A5-Weekday-078700_M5_509,M5,d1,20,13:33:14,13:33:14,400657,9.0,1
MV_A5-Weekday-078700_M5_509,M5,d1,21,13:34:26,13:34:26,400658,9.0,1
MV_A5-Weekday-078700_M5_509,M5,d1,22,13:36:13,13:36:13,400659,11.0,1
MV_A5-Weekday-078700_M5_509,M5,d1,23,13:37:00,13:37:00,403483,10.0,1
MV_A5-Weekday-078700_M5_509,M5,d1,24,13:39:28,13:39:28,400661,8.0,1
MV_A5-Weekday-078700_M5_509,M5,d1,25,13:40:46,13:40:46,400662,9.0,1
MV_A5-Weekday-078700_M5_509,M5,d1,26,13:42:03,13:42:03,400663,10.0,1
MV_A5-Weekday-078700_M5_509,M5,d1,27,13:44:00,13:44:00,803157,7.0,1
MV_A5-Weekday-078700_M5_509,M5,d1,28,13:46:00,13:46:00,404148,7.0,1
MV_A5-Weekday-078700_M5_509,M5,d1,29,13:48:07,13:48:07,403903,9.0,1
MV_A5-Weekday-078700_M5_509,M5,d1,30,13:49:10,13:49:10,403142,12.0,1
MV_A5-Weekday-078700_M5_509,M5,d1,31,13:50:20,13:50:20,403144,13.0,1
MV_A5-Weekday-078700_M5_509,M5,d1,32,13:52:10,13:52:10,403145,13.0,1
MV_A5-Weekday-078700_M5_509,M5,d1,33,13:53:26,13:53:26,405234,5.0,1
MV_A5-Weekday-078700_M5_509,M5,d1,34,13:55:36,13:55:36,403147,5.0,1
MV_A5-Weekday-078700_M5_509,M5,d1,35,13:56:47,13:56:47,403148,5.0,1
MV_A5-Weekday-078700_M5_509,M5,d1,36,13:57:56,13:57:56,403149,3.0,1
MV_A5-Weekday-078700_M5_509,M5,d1,37,13:59:24,13:59:24,400676,11.0,1
MV_A5-Weekday-078700_M5_509,M5,d1,38,14:01:16,14:01:16,400677,11.0,1
MV_A5-Weekday-078700_M5_509,M5,d1,39,14:03:11,14:03:11,400678,11.0,1
MV_A5-Weekday-078700_M5_509,M5,d1,40,14:04:00,14:04:00,400485,11.0,1
MV_A5-Weekday-078700_M5_509,M5,d1,41,14:05:43,14:05:43,400486,12.0,1
MV_A5-Weekday-078700_M5_509,M5,d1,42,14:08:00,14:08:00,400290,16.0,1
MV_A5-Weekday-078700_M5_509,M5,d1,43,14:10:15,14:10:15,404278,16.0,1
MV_A5-Weekday-078700_M5_509,M5,d1,44,14:12:00,14:12:00,400292,13.0,1
MV_A5-Weekday-078700_M5_509,M5,d1,45,14:14:05,14:14:05,400108,13.0,1
MV_A5-Weekday-078700_M5_509,M5,d1,46,14:15:43,14:15:43,400109,13.0,1
MV_A5-Weekday-078700_M5_509,M5,d1,47,14:17:15,14:17:15,400110,13.0,1
MV_A5-Weekday-078700_M5_509,M5,d1,48,14:18:56,14:18:56,400111,12.0,1
MV_A5-Weekday-078700_M5_509,M5,d1,49,14:21:51,14:21:51,404081,12.0,1
MV_A5-Weekday-078700_M5_509,M5,d1,50,14:23:52,14:23:52,404168,12.0,1
MV_A5-Weekday-078700_M5_509,M5,d1,51,14:25:06,14:25:06,400115,12.0,1
MV_A5-Weekday-078700_M5_509,M5,d1,52,14:26:45,14:26:45,400116,12.0,1
MV_A5-Weekday-078700_M5_509,M5,d1,53,14:28:14,14:28:14,400117,10.0,1
MV_A5-Weekday-078700_M5_509,M5,d1,54,14:30:28,14:30:28,400118,9.0,1
MV_A5-Weekday-078700_M5_509,M5,d1,55,14:32:37,14:32:37,400119,16.0,1
MV_A5-Weekday-078700_M5_509,M5,d1,56,14:35:52,14:35:52,400120,16.0,1
MV_A5-Weekday-078700_M5_509,M5,d1,57,14:37:10,14:37:10,400121,16.0,1
MV_A5-Weekday-078700_M5_509,M5,d1,58,14:38:33,14:38:33,400122,16.0,1
MV_A5-Weekday-078700_M5_509,M5,d1,59,14:40:06,14:40:06,400123,16.0,1
MV_A5-Weekday-078700_M5_509,M5,d1,60,14:43:00,14:43:00,400124,16.0,1
MV_A5-Weekday-078700_M5_509,M5,d1,61,14:45:07,14:45:07,400125,15.0,1
MV_A5-Weekday-078700_M5_509,M5,d1,62,14:47:36,14:47:36,400126,15.0,1
MV_A5-Weekday-078700_M5_509,M5,d1,63,14:49:27,14:49:27,400127,15.0,1
MV_A5-Weekday-078700_M5_509,M5,d1,64,14:50:42,14:50:42,400128,13.0,1
MV_A5-Weekday-078700_M5_509,M5,d1,65,14:52:15,14:52:15,400512,11.0,1
MV_A5-Weekday-078700_M5_509,M5,d1,66,14:55:32,14:55:32,403266,8.0,1
MV_A5-Weekday-078700_M5_509,M5,d1,67,14:57:47,14:57:47,400514,8.0,1
MV_A5-Weekday-078700_M5_509,M5,d1,68,15:00:06,15:00:06,400515,8.0,1
MV_A5-Weekday-078700_M5_509,M5,d1,69,15:02:24,15:02:24,400516,5.0,1
MV_A5-Weekday-078700_M5_509,M5,d1,70,15:03:58,15:03:58,405179,6.0,1
MV_A5-Weekday-078700_M5_509,M5,d1,71,15:06:00,15:06:00,400518,6.0,1
MV_A5-Weekday-078700_M5_509,M5,d1,72,15:08:46,15:08:46,400519,6.0,1
MV_A5-Weekday-078700_M5_509,M5,d1,73,15:10:24,15:10:24,405486,6.0,1
MV_A5-Weekday-078700_M5_509,M5,d1,74,15:14:00,15:14:00,903128,6.0,1
MV_A5-Weekday-120500_M5_542,M5,d1,1,20:05:00,20:05:00,400808,11.0,1
MV_A5-Weekday-120500_M5_542,M5,d1,2,20:06:04,20:06:04,400809,11.0,1
MV_A5-Weekday-120500_M5_542,M5,d1,3,20:06:58,20:06:58,400810,10.0,1
MV_A5-Weekday-120500_M5_542,M5,d1,4,20:07:52,20:07:52,400811,7.0,1
MV_A5-Weekday-120500_M5_542,M5,d1,5,20:08:29,20:08:29,400812,11.0,1
MV_A5-Weekday-120500_M5_542,M5,d1,6,20:10:03,20:10:03,404918,14.0,1
MV_A5-Weekday-120500_M5_542,M5,d1,7,20:11:22,20:11:22,400814,16.0,1
MV_A5-Weekday-120500_M5_542,M5,d1,8,20:12:10,20:12:10,400815,8.0,2
MV_A5-Weekday-120500_M5_542,M5,d1,9,20:13:00,20:13:00,400816,17.0,2
MV_A5-Weekday-120500_M5_542,M5,d1,10,20:14:00,20:14:00,400655,17.0,2
MV_A5-Weekday-120500_M5_542,M5,d1,11,20:15:26,20:15:26,400656,17.0,2
MV_A5-Weekday-120500_M5_542,M5,d1,12,20:16:57,20:16:57,400657,15.0,1
MV_A5-Weekday-120500_M5_542,M5,d1,13,20:18:00,20:18:00,400658,13.0,1
MV_A5-Weekday-120500_M5_542,M5,d1,14,20:19:34,20:19:34,400659,12.0,1
MV_A5-Weekday-120500_M5_542,M5,d1,15,20:20:15,20:20:15,403483,12.0,1
MV_A5-Weekday-120500_M5_542,M5,d1,16,20:22:12,20:22:12,400661,10.0,1
MV_A5-Weekday-120500_M5_542,M5,d1,17,20:23:14,20:23:14,400662,4.0,1
MV_A5-Weekday-120500_M5_542,M5,d1,18,20:24:15,20:24:15,400663,7.0,1
MV_A5-Weekday-120500_M5_542,M5,d1,19,20:26:00,20:26:00,404011,7.0,1
MV_A5-Weekday-120500_M5_542,M5,d1,20,20:26:21,20:26:21,404012,3.0,1
MV_A5-Weekday-120500_M5_542,M5,d1,21,20:28:16,20:28:16,404822,7.0,1
MV_A5-Weekday-120500_M5_542,M5,d1,22,20:29:18,20:29:18,404259,3.0,1
MV_A5-Weekday-120500_M5_542,M5,d1,23,20:30:03,20:30:03,405580,7.0,1
MV_A5-Weekday-120500_M5_542,M5,d1,24,20:30:46,20:30:46,400834,7.0,1
MV_A5-Weekday-120500_M5_542,M5,d1,25,20:31:13,20:31:13,400835,7.0,1
MV_A5-Weekday-120500_M5_542,M5,d1,26,20:31:39,20:31:39,400836,2.0,1
MV_A5-Weekday-120500_M5_542,M5,d1,27,20:32:32,20:32:32,400837,2.0,1
MV_A5-Weekday-120500_M5_542,M5,d1,28,20:32:58,20:32:58,400838,1.0,1
MV_A5-Weekday-120500_M5_542,M5,d1,29,20:33:26,20:33:26,404130,7.0,1
MV_A5-Weekday-120500_M5_542,M5,d1,30,20:34:24,20:34:24,400840,1.0,1
MV_A5-Weekday-120500_M5_542,M5,d1,31,20:35:00,20:35:00,400841,1.0,1
MV_A5-Weekday-120500_M5_542,M5,d1,32,20:35:52,20:35:52,404131,1.0,1
MV_A5-Weekday-120500_M5_542,M5,d1,33,20:36:40,20:36:40,400843,1.0,1
MV_A5-Weekday-120500_M5_542,M5,d1,34,20:37:28,20:37:28,404855,1.0,1
MV_A5-Weekday-120500_M5_542,M5,d1,35,20:38:16,20:38:16,400846,1.0,1
MV_A5-Weekday-120500_M5_542,M5,d1,36,20:38:50,20:38:50,400847,2.0,1
MV_A5-Weekday-120500_M5_542,M5,d1,37,20:39:26,20:39:26,400848,7.0,1
MV_A5-Weekday-120500_M5_542,M5,d1,38,20:40:00,20:40:00,400849,7.0,1
MV_A5-Weekday-120500_M5_542,M5,d1,39,20:41:55,20:41:55,400851,7.0,1
MV_A5-Weekday-120500_M5_542,M5,d1,40,20:43:02,20:43:02,400852,7.0,1
MV_A5-Weekday-120500_M5_542,M5,d1,41,20:44:39,20:44:39,400853,7.0,1
MV_A5-Weekday-120500_M5_542,M5,d1,42,20:45:42,20:45:42,400854,7.0,1
MV_A5-Weekday-120500_M5_542,M5,d1,43,20:47:06,20:47:06,403169,7.0,1
MV_A5-Weekday-120500_M5_542,M5,d1,44,20:47:58,20:47:58,400856,6.0,1
MV_A5-Weekday-120500_M5_542,M5,d1,45,20:49:20,20:49:20,403171,7.0,1
MV_A5-Weekday-120500_M5_542,M5,d1,46,20:50:18,20:50:18,400858,3.0,1
MV_A5-Weekday-120500_M5_542,M5,d1,47,20:51:48,20:51:48,400860,1.0,1
MV_A5-Weekday-120500_M5_542,M5,d1,48,20:53:00,20:53:00,400861,1.0,1
MV_A5-Weekday-120500_M5_542,M5,d1,49,20:53:24,20:53:24,403781,6.0,1
MV_A5-Weekday-120500_M5_542,M5,d1,50,20:54:44,20:54:44,403047,1.0,1
MV_A5-Weekday-120500_M5_542,M5,d1,51,20:56:07,20:56:07,402446,7.0,1
MV_A5-Weekday-120500_M5_542,M5,d1,52,20:56:42,20:56:42,403266,3.0,1
MV_A5-Weekday-120500_M5_542,M5,d1,53,20:57:19,20:57:19,400131,1.0,1
MV_A5-Weekday-120500_M5_542,M5,d1,54,20:57:48,20:57:48,450123,8.0,1
MV_A5-Weekday-120500_M5_542,M5,d1,55,20:58:46,20:58:46,400133,8.0,1
MV_A5-Weekday-120500_M5_542,M5,d1,56,20:59:15,20:59:15,404180,8.0,1
MV_A5-Weekday-120500_M5_542,M5,d1,57,21:00:00,21:00:00,400135,8.0,1
MV_A5-Weekday-120500_M5_542,M5,d1,58,21:02:56,21:02:56,400322,8.0,1
MV_A5-Weekday-120500_M5_542,M5,d1,59,21:05:51,21:05:51,400323,6.0,1
MV_A5-Weekday-120500_M5_542,M5,d1,60,21:09:00,21:09:00,400324,6.0,1
MV_A5-Weekday-120500_M5_542,M5,d1,61,21:14:00,21:14:00,803082,6.0,1
MV_A5-Weekday-033600_M5_506,M5,d1,1,5:36:00,5:36:00,404011,1.0,1
MV_A5-Weekday-033600_M5_506,M5,d1,2,5:36:19,5:36:19,404012,1.0,1
MV_A5-Weekday-033600_M5_506,M5,d1,3,5:38:01,5:38:01,404822,1.0,1
MV_A5-Weekday-033600_M5_506,M5,d1,4,5:38:56,5:38:56,404259,1.0,1
MV_A5-Weekday-033600_M5_506,M5,d1,5,5:39:36,5:39:36,405580,1.0,1
MV_A5-Weekday-033600_M5_506,M5,d1,6,5:40:14,5:40:14,400834,1.0,1
MV_A5-Weekday-033600_M5_506,M5,d1,7,5:40:38,5:40:38,400835,1.0,1
MV_A5-Weekday-033600_M5_506,M5,d1,8,5:41:01,5:41:01,400836,1.0,1
MV_A5-Weekday-033600_M5_506,M5,d1,9,5:41:48,5:41:48,400837,1.0,1
MV_A5-Weekday-033600_M5_506,M5,d1,10,5:42:11,5:42:11,400838,1.0,1
MV_A5-Weekday-033600_M5_506,M5,d1,11,5:42:36,5:42:36,404130,1.0,1
MV_A5-Weekday-033600_M5_506,M5,d1,12,5:43:28,5:43:28,400840,1.0,1
MV_A5-Weekday-033600_M5_506,M5,d1,13,5:44:00,5:44:00,400841,1.0,1
MV_A5-Weekday-033600_M5_506,M5,d1,14,5:44:52,5:44:52,404131,1.0,1
MV_A5-Weekday-033600_M5_506,M5,d1,15,5:45:40,5:45:40,400843,1.0,1
MV_A5-Weekday-033600_M5_506,M5,d1,16,5:46:28,5:46:28,404855,1.0,1
MV_A5-Weekday-033600_M5_506,M5,d1,17,5:47:16,5:47:16,400846,3.0,1
MV_A5-Weekday-033600_M5_506,M5,d1,18,5:47:50,5:47:50,400847,3.0,1
MV_A5-Weekday-033600_M5_506,M5,d1,19,5:48:26,5:48:26,400848,3.0,1
MV_A5-Weekday-033600_M5_506,M5,d1,20,5:49:00,5:49:00,400849,3.0,1
MV_A5-Weekday-033600_M5_506,M5,d1,21,5:50:28,5:50:28,400851,3.0,1
MV_A5-Weekday-033600_M5_506,M5,d1,22,5:51:20,5:51:20,400852,3.0,1
MV_A5-Weekday-033600_M5_506,M5,d1,23,5:52:35,5:52:35,400853,4.0,1
MV_A5-Weekday-033600_M5_506,M5,d1,24,5:53:23,5:53:23,400854,4.0,1
MV_A5-Weekday-033600_M5_506,M5,d1,25,5:54:27,5:54:27,403169,4.0,1
MV_A5-Weekday-033600_M5_506,M5,d1,26,5:55:08,5:55:08,400856,4.0,1
MV_A5-Weekday-033600_M5_506,M5,d1,27,5:56:11,5:56:11,403171,6.0,1
MV_A5-Weekday-033600_M5_506,M5,d1,28,5:56:55,5:56:55,400858,6.0,1
MV_A5-Weekday-033600_M5_506,M5,d1,29,5:58:05,5:58:05,400860,9.0,1
MV_A5-Weekday-033600_M5_506,M5,d1,30,5:59:00,5:59:00,400861,9.0,1
MV_A5-Weekday-033600_M5_506,M5,d1,31,5:59:17,5:59:17,403781,9.0,1
MV_A5-Weekday-033600_M5_506,M5,d1,32,6:00:14,6:00:14,403047,8.0,1
MV_A5-Weekday-033600_M5_506,M5,d1,33,6:01:13,6:01:13,402446,7.0,1
MV_A5-Weekday-033600_M5_506,M5,d1,34,6:01:38,6:01:38,403266,7.0,1
MV_A5-Weekday-033600_M5_506,M5,d1,35,6:02:05,6:02:05,400131,7.0,1
MV_A5-Weekday-033600_M5_506,M5,d1,36,6:02:26,6:02:26,450123,7.0,1
MV_A5-Weekday-033600_M5_506,M5,d1,37,6:03:07,6:03:07,400133,7.0,1
MV_A5-Weekday-033600_M5_506,M5,d1,38,6:03:28,6:03:28,404180,6.0,1
MV_A5-Weekday-033600_M5_506,M5,d1,39,6:04:00,6:04:00,400135,6.0,1
MV_A5-Weekday-033600_M5_506,M5,d1,40,6:06:31,6:06:31,400322,6.0,1
MV_A5-Weekday-033600_M5_506,M5,d1,41,6:09:01,6:09:01,400323,6.0,1
MV_A5-Weekday-033600_M5_506,M5,d1,42,6:11:43,6:11:43,400324,6.0,1
MV_A5-Weekday-033600_M5_506,M5,d1,43,6:16:00,6:16:00,803082,6.0,1
MV_A5-Weekday-088000_M5_535,M5,d1,1,14:40:00,14:40:00,400808,9.0,1
MV_A5-Weekday-088000_M5_535,M5,d1,2,14:41:19,14:41:19,400809,9.0,1
MV_A5-Weekday-088000_M5_535,M5,d1,3,14:42:24,14:42:24,400810,9.0,1
MV_A5-Weekday-088000_M5_535,M5,d1,4,14:43:30,14:43:30,400811,9.0,1
MV_A5-Weekday-088000_M5_535,M5,d1,5,14:44:16,14:44:16,400812,9.0,1
MV_A5-Weekday-088000_M5_535,M5,d1,6,14:46:11,14:46:11,404918,9.0,1
MV_A5-Weekday-088000_M5_535,M5,d1,7,14:47:47,14:47:47,400814,9.0,1
MV_A5-Weekday-088000_M5_535,M5,d1,8,14:48:45,14:48:45,400815,9.0,1
MV_A5-Weekday-088000_M5_535,M5,d1,9,14:49:47,14:49:47,400816,9.0,1
MV_A5-Weekday-088000_M5_535,M5,d1,10,14:51:00,14:51:00,400655,9.0,1
MV_A5-Weekday-088000_M5_535,M5,d1,11,14:53:28,14:53:28,400657,9.0,1
MV_A5-Weekday-088000_M5_535,M5,d1,12,14:56:12,14:56:12,403483,9.0,1
MV_A5-Weekday-088000_M5_535,M5,d1,13,14:58:42,14:58:42,400662,9.0,1
MV_A5-Weekday-088000_M5_535,M5,d1,14,15:01:00,15:01:00,404011,9.0,1
MV_A5-Weekday-088000_M5_535,M5,d1,15,15:01:26,15:01:26,404012,9.0,1
MV_A5-Weekday-088000_M5_535,M5,d1,16,15:03:46,15:03:46,404822,9.0,1
MV_A5-Weekday-088000_M5_535,M5,d1,17,15:05:02,15:05:02,404259,9.0,1
MV_A5-Weekday-088000_M5_535,M5,d1,18,15:05:56,15:05:56,405580,9.0,1
MV_A5-Weekday-088000_M5_535,M5,d1,19,15:06:49,15:06:49,400834,9.0,1
MV_A5-Weekday-088000_M5_535,M5,d1,20,15:07:23,15:07:23,400835,9.0,1
MV_A5-Weekday-088000_M5_535,M5,d1,21,15:07:54,15:07:54,400836,9.0,1
MV_A5-Weekday-088000_M5_535,M5,d1,22,15:08:59,15:08:59,400837,9.0,1
MV_A5-Weekday-088000_M5_535,M5,d1,23,15:09:31,15:09:31,400838,9.0,1
MV_A5-Weekday-088000_M5_535,M5,d1,24,15:10:05,15:10:05,404130,9.0,1
MV_A5-Weekday-088000_M5_535,M5,d1,25,15:11:16,15:11:16,400840,9.0,1
MV_A5-Weekday-088000_M5_535,M5,d1,26,15:12:00,15:12:00,400841,2.0,1
MV_A5-Weekday-088000_M5_535,M5,d1,27,15:13:24,15:13:24,404131,14.0,1
MV_A5-Weekday-088000_M5_535,M5,d1,28,15:14:40,15:14:40,400843,14.0,1
MV_A5-Weekday-088000_M5_535,M5,d1,29,15:15:57,15:15:57,404855,14.0,1
MV_A5-Weekday-088000_M5_535,M5,d1,30,15:17:13,15:17:13,400846,14.0,1
MV_A5-Weekday-088000_M5_535,M5,d1,31,15:18:08,15:18:08,400847,14.0,1
MV_A5-Weekday-088000_M5_535,M5,d1,32,15:19:06,15:19:06,400848,14.0,1
MV_A5-Weekday-088000_M5_535,M5,d1,33,15:20:00,15:20:00,400849,14.0,1
MV_A5-Weekday-088000_M5_535,M5,d1,34,15:22:12,15:22:12,400851,14.0,1
MV_A5-Weekday-088000_M5_535,M5,d1,35,15:23:30,15:23:30,400852,9.0,1
MV_A5-Weekday-088000_M5_535,M5,d1,36,15:25:22,15:25:22,400853,4.0,1
MV_A5-Weekday-088000_M5_535,M5,d1,37,15:26:35,15:26:35,400854,4.0,1
MV_A5-Weekday-088000_M5_535,M5,d1,38,15:30:46,15:30:46,403171,4.0,1
MV_A5-Weekday-088000_M5_535,M5,d1,39,15:35:00,15:35:00,400861,4.0,1
MV_A5-Weekday-088000_M5_535,M5,d1,40,15:40:56,15:40:56,403047,4.0,1
MV_A5-Weekday-088000_M5_535,M5,d1,41,15:45:41,15:45:41,402446,4.0,1
MV_A5-Weekday-088000_M5_535,M5,d1,42,15:51:27,15:51:27,450123,4.0,1
MV_A5-Weekday-088000_M5_535,M5,d1,43,15:59:00,15:59:00,400135,4.0,1
MV_A5-Weekday-088000_M5_535,M5,d1,44,16:00:28,16:00:28,400322,4.0,1
MV_A5-Weekday-088000_M5_535,M5,d1,45,16:01:56,16:01:56,400323,4.0,1
MV_A5-Weekday-088000_M5_535,M5,d1,46,16:03:30,16:03:30,400324,4.0,1
MV_A5-Weekday-088000_M5_535,M5,d1,47,16:06:00,16:06:00,803082,4.0,1
MV_A5-Weekday-107500_M5_536,M5,d1,1,17:55:00,17:55:00,400808,8.0,1
MV_A5-Weekday-107500_M5_536,M5,d1,2,17:56:19,17:56:19,400809,13.0,1
MV_A5-Weekday-107500_M5_536,M5,d1,3,17:57:24,17:57:24,400810,13.0,1
MV_A5-Weekday-107500_M5_536,M5,d1,4,17:58:30,17:58:30,400811,13.0,2
MV_A5-Weekday-107500_M5_536,M5,d1,5,17:59:16,17:59:16,400812,19.0,2
MV_A5-Weekday-107500_M5_536,M5,d1,6,18:01:11,18:01:11,404918,19.0,2
MV_A5-Weekday-107500_M5_536,M5,d1,7,18:02:47,18:02:47,400814,16.0,1
MV_A5-Weekday-107500_M5_536,M5,d1,8,18:03:45,18:03:45,400815,16.0,1
MV_A5-Weekday-107500_M5_536,M5,d1,9,18:04:47,18:04:47,400816,16.0,1
MV_A5-Weekday-107500_M5_536,M5,d1,10,18:06:00,18:06:00,400655,15.0,2
MV_A5-Weekday-107500_M5_536,M5,d1,11,18:08:13,18:08:13,400657,19.0,2
MV_A5-Weekday-107500_M5_536,M5,d1,12,18:10:41,18:10:41,403483,15.0,1
MV_A5-Weekday-107500_M5_536,M5,d1,13,18:12:56,18:12:56,400662,9.0,1
MV_A5-Weekday-107500_M5_536,M5,d1,14,18:15:00,18:15:00,404011,11.0,1
MV_A5-Weekday-107500_M5_536,M5,d1,15,18:15:28,18:15:28,404012,11.0,1
MV_A5-Weekday-107500_M5_536,M5,d1,16,18:18:01,18:18:01,404822,11.0,1
MV_A5-Weekday-107500_M5_536,M5,d1,17,18:19:24,18:19:24,404259,1.0,1
MV_A5-Weekday-107500_M5_536,M5,d1,18,18:20:23,18:20:23,405580,11.0,1
MV_A5-Weekday-107500_M5_536,M5,d1,19,18:21:21,18:21:21,400834,12.0,1
MV_A5-Weekday-107500_M5_536,M5,d1,20,18:21:57,18:21:57,400835,12.0,1
MV_A5-Weekday-107500_M5_536,M5,d1,21,18:22:32,18:22:32,400836,11.0,1
MV_A5-Weekday-107500_M5_536,M5,d1,22,18:23:42,18:23:42,400837,11.0,1
MV_A5-Weekday-107500_M5_536,M5,d1,23,18:24:17,18:24:17,400838,11.0,1
MV_A5-Weekday-107500_M5_536,M5,d1,24,18:24:54,18:24:54,404130,1.0,1
MV_A5-Weekday-107500_M5_536,M5,d1,25,18:26:12,18:26:12,400840,11.0,1
MV_A5-Weekday-107500_M5_536,M5,d1,26,18:27:00,18:27:00,400841,16.0,1
MV_A5-Weekday-107500_M5_536,M5,d1,27,18:28:24,18:28:24,404131,11.0,1
MV_A5-Weekday-107500_M5_536,M5,d1,28,18:29:40,18:29:40,400843,11.0,1
MV_A5-Weekday-107500_M5_536,M5,d1,29,18:30:57,18:30:57,404855,3.0,2
MV_A5-Weekday-107500_M5_536,M5,d1,30,18:32:13,18:32:13,400846,17.0,2
MV_A5-Weekday-107500_M5_536,M5,d1,31,18:33:08,18:33:08,400847,3.0,1
MV_A5-Weekday-107500_M5_536,M5,d1,32,18:34:06,18:34:06,400848,3.0,1
MV_A5-Weekday-107500_M5_536,M5,d1,33,18:35:00,18:35:00,400849,3.0,2
MV_A5-Weekday-107500_M5_536,M5,d1,34,18:37:04,18:37:04,400851,19.0,2
MV_A5-Weekday-107500_M5_536,M5,d1,35,18:38:16,18:38:16,400852,20.0,2
MV_A5-Weekday-107500_M5_536,M5,d1,36,18:40:01,18:40:01,400853,12.0,2
MV_A5-Weekday-107500_M5_536,M5,d1,37,18:41:08,18:41:08,400854,18.0,2
MV_A5-Weekday-107500_M5_536,M5,d1,38,18:45:03,18:45:03,403171,15.0,1
MV_A5-Weekday-107500_M5_536,M5,d1,39,18:49:00,18:49:00,400861,5.0,2
MV_A5-Weekday-107500_M5_536,M5,d1,40,18:54:56,18:54:56,403047,18.0,2
MV_A5-Weekday-107500_M5_536,M5,d1,41,18:59:41,18:59:41,402446,22.0,2
MV_A5-Weekday-107500_M5_536,M5,d1,42,19:05:27,19:05:27,450123,20.0,2
MV_A5-Weekday-107500_M5_536,M5,d1,43,19:13:00,19:13:00,400135,20.0,2
MV_A5-Weekday-107500_M5_536,M5,d1,44,19:14:28,19:14:28,400322,14.0,1
MV_A5-Weekday-107500_M5_536,M5,d1,45,19:15:56,19:15:56,400323,11.0,1
MV_A5-Weekday-107500_M5_536,M5,d1,46,19:17:30,19:17:30,400324,11.0,1
MV_A5-Weekday-107500_M5_536,M5,d1,47,19:20:00,19:20:00,803082,11.0,1
MV_A5-Weekday-104000_M5_514,M5,d1,1,17:20:00,17:20:00,403835,2.0,1
MV_A5-Weekday-104000_M5_514,M5,d1,2,17:22:00,17:22:00,400639,2.0,1
MV_A5-Weekday-104000_M5_514,M5,d1,3,17:23:54,17:23:54,400640,2.0,1
MV_A5-Weekday-104000_M5_514,M5,d1,4,17:25:25,17:25:25,400641,2.0,1
MV_A5-Weekday-104000_M5_514,M5,d1,5,17:26:39,17:26:39,400642,2.0,1
MV_A5-Weekday-104000_M5_514,M5,d1,6,17:27:33,17:27:33,400643,2.0,1
MV_A5-Weekday-104000_M5_514,M5,d1,7,17:28:28,17:28:28,400644,1.0,1
MV_A5-Weekday-104000_M5_514,M5,d1,8,17:29:31,17:29:31,400645,1.0,1
MV_A5-Weekday-104000_M5_514,M5,d1,9,17:30:43,17:30:43,400646,1.0,1
MV_A5-Weekday-104000_M5_514,M5,d1,10,17:31:59,17:31:59,400647,1.0,1
MV_A5-Weekday-104000_M5_514,M5,d1,11,17:33:02,17:33:02,400648,1.0,1
MV_A5-Weekday-104000_M5_514,M5,d1,12,17:34:03,17:34:03,400649,1.0,1
MV_A5-Weekday-104000_M5_514,M5,d1,13,17:35:00,17:35:00,403373,1.0,4
MV_A5-Weekday-104000_M5_514,M5,d1,14,17:36:51,17:36:51,403374,55.0,4
MV_A5-Weekday-104000_M5_514,M5,d1,15,17:37:56,17:37:56,403375,55.0,4
MV_A5-Weekday-104000_M5_514,M5,d1,16,17:39:02,17:39:02,403376,55.0,4
MV_A5-Weekday-104000_M5_514,M5,d1,17,17:40:21,17:40:21,403377,55.0,4
MV_A5-Weekday-104000_M5_514,M5,d1,18,17:42:21,17:42:21,400655,55.0,4
MV_A5-Weekday-104000_M5_514,M5,d1,19,17:44:06,17:44:06,400656,55.0,4
MV_A5-Weekday-104000_M5_514,M5,d1,20,17:45:58,17:45:58,400657,1.0,4
MV_A5-Weekday-104000_M5_514,M5,d1,21,17:47:15,17:47:15,400658,51.0,4
MV_A5-Weekday-104000_M5_514,M5,d1,22,17:49:10,17:49:10,400659,51.0,4
MV_A5-Weekday-104000_M5_514,M5,d1,23,17:50:00,17:50:00,403483,51.0,4
MV_A5-Weekday-104000_M5_514,M5,d1,24,17:52:07,17:52:07,400661,51.0,4
MV_A5-Weekday-104000_M5_514,M5,d1,25,17:53:14,17:53:14,400662,51.0,4
MV_A5-Weekday-104000_M5_514,M5,d1,26,17:54:20,17:54:20,400663,3.0,1
MV_A5-Weekday-104000_M5_514,M5,d1,27,17:56:00,17:56:00,803157,3.0,1
MV_A5-Weekday-SDon-035100_M5_508,M5,d1,1,5:51:00,5:51:00,404011,4.0,1
MV_A5-Weekday-SDon-035100_M5_508,M5,d1,2,5:51:19,5:51:19,404012,4.0,1
MV_A5-Weekday-SDon-035100_M5_508,M5,d1,3,5:53:01,5:53:01,404822,4.0,1
MV_A5-Weekday-SDon-035100_M5_508,M5,d1,4,5:53:56,5:53:56,404259,4.0,1
MV_A5-Weekday-SDon-035100_M5_508,M5,d1,5,5:54:36,5:54:36,405580,3.0,1
MV_A5-Weekday-SDon-035100_M5_508,M5,d1,6,5:55:14,5:55:14,400834,4.0,1
MV_A5-Weekday-SDon-035100_M5_508,M5,d1,7,5:55:38,5:55:38,400835,4.0,1
MV_A5-Weekday-SDon-035100_M5_508,M5,d1,8,5:56:01,5:56:01,400836,4.0,1
MV_A5-Weekday-SDon-035100_M5_508,M5,d1,9,5:56:48,5:56:48,400837,3.0,1
MV_A5-Weekday-SDon-035100_M5_508,M5,d1,10,5:57:11,5:57:11,400838,3.0,1
MV_A5-Weekday-SDon-035100_M5_508,M5,d1,11,5:57:36,5:57:36,404130,3.0,1
MV_A5-Weekday-SDon-035100_M5_508,M5,d1,12,5:58:28,5:58:28,400840,3.0,1
MV_A5-Weekday-SDon-035100_M5_508,M5,d1,13,5:59:00,5:59:00,400841,3.0,1
MV_A5-Weekday-SDon-035100_M5_508,M5,d1,14,5:59:52,5:59:52,404131,3.0,1
MV_A5-Weekday-SDon-035100_M5_508,M5,d1,15,6:00:40,6:00:40,400843,3.0,1
MV_A5-Weekday-SDon-035100_M5_508,M5,d1,16,6:01:28,6:01:28,404855,3.0,1
MV_A5-Weekday-SDon-035100_M5_508,M5,d1,17,6:02:16,6:02:16,400846,4.0,1
MV_A5-Weekday-SDon-035100_M5_508,M5,d1,18,6:02:50,6:02:50,400847,3.0,1
MV_A5-Weekday-SDon-035100_M5_508,M5,d1,19,6:03:26,6:03:26,400848,3.0,1
MV_A5-Weekday-SDon-035100_M5_508,M5,d1,20,6:04:00,6:04:00,400849,3.0,1
MV_A5-Weekday-SDon-035100_M5_508,M5,d1,21,6:05:28,6:05:28,400851,4.0,1
MV_A5-Weekday-SDon-035100_M5_508,M5,d1,22,6:06:20,6:06:20,400852,4.0,1
MV_A5-Weekday-SDon-035100_M5_508,M5,d1,23,6:07:35,6:07:35,400853,4.0,1
MV_A5-Weekday-SDon-035100_M5_508,M5,d1,24,6:08:23,6:08:23,400854,5.0,1
MV_A5-Weekday-SDon-035100_M5_508,M5,d1,25,6:09:27,6:09:27,403169,4.0,1
MV_A5-Weekday-SDon-035100_M5_508,M5,d1,26,6:10:08,6:10:08,400856,5.0,1
MV_A5-Weekday-SDon-035100_M5_508,M5,d1,27,6:11:11,6:11:11,403171,3.0,1
MV_A5-Weekday-SDon-035100_M5_508,M5,d1,28,6:11:55,6:11:55,400858,5.0,1
MV_A5-Weekday-SDon-035100_M5_508,M5,d1,29,6:13:05,6:13:05,400860,5.0,1
MV_A5-Weekday-SDon-035100_M5_508,M5,d1,30,6:14:00,6:14:00,400861,6.0,1
MV_A5-Weekday-SDon-035100_M5_508,M5,d1,31,6:14:17,6:14:17,403781,6.0,1
MV_A5-Weekday-SDon-035100_M5_508,M5,d1,32,6:15:14,6:15:14,403047,7.0,1
MV_A5-Weekday-SDon-035100_M5_508,M5,d1,33,6:16:13,6:16:13,402446,7.0,1
MV_A5-Weekday-SDon-035100_M5_508,M5,d1,34,6:16:38,6:16:38,403266,6.0,1
MV_A5-Weekday-SDon-035100_M5_508,M5,d1,35,6:17:05,6:17:05,400131,7.0,1
MV_A5-Weekday-SDon-035100_M5_508,M5,d1,36,6:17:26,6:17:26,450123,7.0,1
MV_A5-Weekday-SDon-035100_M5_508,M5,d1,37,6:18:07,6:18:07,400133,3.0,1
MV_A5-Weekday-SDon-035100_M5_508,M5,d1,38,6:18:28,6:18:28,404180,4.0,1
MV_A5-Weekday-SDon-035100_M5_508,M5,d1,39,6:19:00,6:19:00,400135,4.0,1
MV_A5-Weekday-SDon-035100_M5_508,M5,d1,40,6:21:31,6:21:31,400322,5.0,1
MV_A5-Weekday-SDon-035100_M5_508,M5,d1,41,6:24:01,6:24:01,400323,3.0,1
MV_A5-Weekday-SDon-035100_M5_508,M5,d1,42,6:26:43,6:26:43,400324,3.0,1
MV_A5-Weekday-SDon-035100_M5_508,M5,d1,43,6:31:00,6:31:00,803082,3.0,1
MV_A5-Weekday-057000_M5_510,M5,d1,1,9:30:00,9:30:00,400808,3.0,1
MV_A5-Weekday-057000_M5_510,M5,d1,2,9:31:12,9:31:12,400809,4.0,1
MV_A5-Weekday-057000_M5_510,M5,d1,3,9:32:11,9:32:11,400810,4.0,1
MV_A5-Weekday-057000_M5_510,M5,d1,4,9:33:11,9:33:11,400811,4.0,1
MV_A5-Weekday-057000_M5_510,M5,d1,5,9:33:52,9:33:52,400812,4.0,1
MV_A5-Weekday-057000_M5_510,M5,d1,6,9:35:37,9:35:37,404918,4.0,1
MV_A5-Weekday-057000_M5_510,M5,d1,7,9:37:04,9:37:04,400814,4.0,1
MV_A5-Weekday-057000_M5_510,M5,d1,8,9:37:58,9:37:58,400815,2.0,1
MV_A5-Weekday-057000_M5_510,M5,d1,9,9:38:54,9:38:54,400816,3.0,1
MV_A5-Weekday-057000_M5_510,M5,d1,10,9:40:00,9:40:00,400655,3.0,1
MV_A5-Weekday-057000_M5_510,M5,d1,11,9:42:13,9:42:13,400657,4.0,1
MV_A5-Weekday-057000_M5_510,M5,d1,12,9:44:41,9:44:41,403483,5.0,1
MV_A5-Weekday-057000_M5_510,M5,d1,13,9:46:56,9:46:56,400662,4.0,1
MV_A5-Weekday-057000_M5_510,M5,d1,14,9:49:00,9:49:00,404011,4.0,1
MV_A5-Weekday-057000_M5_510,M5,d1,15,9:49:23,9:49:23,404012,2.0,1
MV_A5-Weekday-057000_M5_510,M5,d1,16,9:51:31,9:51:31,404822,3.0,1
MV_A5-Weekday-057000_M5_510,M5,d1,17,9:52:40,9:52:40,404259,3.0,1
MV_A5-Weekday-057000_M5_510,M5,d1,18,9:53:29,9:53:29,405580,1.0,1
MV_A5-Weekday-057000_M5_510,M5,d1,19,9:54:17,9:54:17,400834,3.0,1
MV_A5-Weekday-057000_M5_510,M5,d1,20,9:54:48,9:54:48,400835,1.0,1
MV_A5-Weekday-057000_M5_510,M5,d1,21,9:55:17,9:55:17,400836,3.0,1
MV_A5-Weekday-057000_M5_510,M5,d1,22,9:56:15,9:56:15,400837,3.0,1
MV_A5-Weekday-057000_M5_510,M5,d1,23,9:56:44,9:56:44,400838,3.0,1
MV_A5-Weekday-057000_M5_510,M5,d1,24,9:57:15,9:57:15,404130,4.0,1
MV_A5-Weekday-057000_M5_510,M5,d1,25,9:58:20,9:58:20,400840,4.0,1
MV_A5-Weekday-057000_M5_510,M5,d1,26,9:59:00,9:59:00,400841,4.0,1
MV_A5-Weekday-057000_M5_510,M5,d1,27,10:00:24,10:00:24,404131,5.0,1
MV_A5-Weekday-057000_M5_510,M5,d1,28,10:01:40,10:01:40,400843,5.0,1
MV_A5-Weekday-057000_M5_510,M5,d1,29,10:02:57,10:02:57,404855,5.0,1
MV_A5-Weekday-057000_M5_510,M5,d1,30,10:04:13,10:04:13,400846,5.0,1
MV_A5-Weekday-057000_M5_510,M5,d1,31,10:05:08,10:05:08,400847,5.0,1
MV_A5-Weekday-057000_M5_510,M5,d1,32,10:06:06,10:06:06,400848,1.0,1
MV_A5-Weekday-057000_M5_510,M5,d1,33,10:07:00,10:07:00,400849,5.0,1
MV_A5-Weekday-057000_M5_510,M5,d1,34,10:09:04,10:09:04,400851,5.0,1
MV_A5-Weekday-057000_M5_510,M5,d1,35,10:10:16,10:10:16,400852,6.0,1
MV_A5-Weekday-057000_M5_510,M5,d1,36,10:12:01,10:12:01,400853,6.0,1
MV_A5-Weekday-057000_M5_510,M5,d1,37,10:13:08,10:13:08,400854,6.0,1
MV_A5-Weekday-057000_M5_510,M5,d1,38,10:17:03,10:17:03,403171,8.0,1
MV_A5-Weekday-057000_M5_510,M5,d1,39,10:21:00,10:21:00,400861,8.0,2
MV_A5-Weekday-057000_M5_510,M5,d1,40,10:25:27,10:25:27,403047,20.0,2
MV_A5-Weekday-057000_M5_510,M5,d1,41,10:29:00,10:29:00,402446,3.0,1
MV_A5-Weekday-057000_M5_510,M5,d1,42,10:33:20,10:33:20,450123,10.0,1
MV_A5-Weekday-057000_M5_510,M5,d1,43,10:39:00,10:39:00,400135,7.0,1
MV_A5-Weekday-057000_M5_510,M5,d1,44,10:40:28,10:40:28,400322,7.0,1
MV_A5-Weekday-057000_M5_510,M5,d1,45,10:41:56,10:41:56,400323,2.0,1
MV_A5-Weekday-057000_M5_510,M5,d1,46,10:43:30,10:43:30,400324,2.0,1
MV_A5-Weekday-057000_M5_510,M5,d1,47,10:46:00,10:46:00,803082,2.0,1
MV_A5-Weekday-114200_M5_522,M5,d1,1,19:02:00,19:02:00,400639,2.0,1
MV_A5-Weekday-114200_M5_522,M5,d1,2,19:03:28,19:03:28,400640,6.0,1
MV_A5-Weekday-114200_M5_522,M5,d1,3,19:04:38,19:04:38,400641,6.0,1
MV_A5-Weekday-114200_M5_522,M5,d1,4,19:05:34,19:05:34,400642,2.0,1
MV_A5-Weekday-114200_M5_522,M5,d1,5,19:06:16,19:06:16,400643,4.0,1
MV_A5-Weekday-114200_M5_522,M5,d1,6,19:06:59,19:06:59,400644,6.0,1
MV_A5-Weekday-114200_M5_522,M5,d1,7,19:07:47,19:07:47,400645,5.0,1
MV_A5-Weekday-114200_M5_522,M5,d1,8,19:08:42,19:08:42,400646,6.0,1
MV_A5-Weekday-114200_M5_522,M5,d1,9,19:09:41,19:09:41,400647,7.0,1
MV_A5-Weekday-114200_M5_522,M5,d1,10,19:10:29,19:10:29,400648,6.0,1
MV_A5-Weekday-114200_M5_522,M5,d1,11,19:11:16,19:11:16,400649,6.0,1
MV_A5-Weekday-114200_M5_522,M5,d1,12,19:12:00,19:12:00,403373,6.0,1
MV_A5-Weekday-114200_M5_522,M5,d1,13,19:13:29,19:13:29,403374,6.0,1
MV_A5-Weekday-114200_M5_522,M5,d1,14,19:14:21,19:14:21,403375,4.0,1
MV_A5-Weekday-114200_M5_522,M5,d1,15,19:15:14,19:15:14,403376,7.0,1
MV_A5-Weekday-114200_M5_522,M5,d1,16,19:16:17,19:16:17,403377,7.0,1
MV_A5-Weekday-114200_M5_522,M5,d1,17,19:17:53,19:17:53,400655,10.0,1
MV_A5-Weekday-114200_M5_522,M5,d1,18,19:19:17,19:19:17,400656,9.0,1
MV_A5-Weekday-114200_M5_522,M5,d1,19,19:20:47,19:20:47,400657,1.0,1
MV_A5-Weekday-114200_M5_522,M5,d1,20,19:21:48,19:21:48,400658,9.0,1
MV_A5-Weekday-114200_M5_522,M5,d1,21,19:23:20,19:23:20,400659,9.0,1
MV_A5-Weekday-114200_M5_522,M5,d1,22,19:24:00,19:24:00,403483,8.0,1
MV_A5-Weekday-114200_M5_522,M5,d1,23,19:25:25,19:25:25,400661,6.0,1
MV_A5-Weekday-114200_M5_522,M5,d1,24,19:26:09,19:26:09,400662,4.0,1
MV_A5-Weekday-114200_M5_522,M5,d1,25,19:26:53,19:26:53,400663,1.0,1
MV_A5-Weekday-114200_M5_522,M5,d1,26,19:28:00,19:28:00,803157,1.0,1
MV_A5-Weekday-104700_M5_529,M5,d1,1,17:27:00,17:27:00,403835,6.0,1
MV_A5-Weekday-104700_M5_529,M5,d1,2,17:29:00,17:29:00,400639,6.0,1
MV_A5-Weekday-104700_M5_529,M5,d1,3,17:30:54,17:30:54,400640,6.0,1
MV_A5-Weekday-104700_M5_529,M5,d1,4,17:32:25,17:32:25,400641,6.0,1
MV_A5-Weekday-104700_M5_529,M5,d1,5,17:33:39,17:33:39,400642,6.0,1
MV_A5-Weekday-104700_M5_529,M5,d1,6,17:34:33,17:34:33,400643,6.0,1
MV_A5-Weekday-104700_M5_529,M5,d1,7,17:35:28,17:35:28,400644,5.0,1
MV_A5-Weekday-104700_M5_529,M5,d1,8,17:36:31,17:36:31,400645,15.0,1
MV_A5-Weekday-104700_M5_529,M5,d1,9,17:37:43,17:37:43,400646,15.0,1
MV_A5-Weekday-104700_M5_529,M5,d1,10,17:38:59,17:38:59,400647,15.0,1
MV_A5-Weekday-104700_M5_529,M5,d1,11,17:40:02,17:40:02,400648,15.0,1
MV_A5-Weekday-104700_M5_529,M5,d1,12,17:41:03,17:41:03,400649,15.0,1
MV_A5-Weekday-104700_M5_529,M5,d1,13,17:42:00,17:42:00,403373,15.0,1
MV_A5-Weekday-104700_M5_529,M5,d1,14,17:43:51,17:43:51,403374,15.0,1
MV_A5-Weekday-104700_M5_529,M5,d1,15,17:44:56,17:44:56,403375,15.0,1
MV_A5-Weekday-104700_M5_529,M5,d1,16,17:46:02,17:46:02,403376,15.0,2
MV_A5-Weekday-104700_M5_529,M5,d1,17,17:47:21,17:47:21,403377,21.0,2
MV_A5-Weekday-104700_M5_529,M5,d1,18,17:49:21,17:49:21,400655,21.0,2
MV_A5-Weekday-104700_M5_529,M5,d1,19,17:51:06,17:51:06,400656,23.0,2
MV_A5-Weekday-104700_M5_529,M5,d1,20,17:52:58,17:52:58,400657,23.0,2
MV_A5-Weekday-104700_M5_529,M5,d1,21,17:54:15,17:54:15,400658,23.0,2
MV_A5-Weekday-104700_M5_529,M5,d1,22,17:56:10,17:56:10,400659,23.0,2
MV_A5-Weekday-104700_M5_529,M5,d1,23,17:57:00,17:57:00,403483,23.0,2
MV_A5-Weekday-104700_M5_529,M5,d1,24,17:59:07,17:59:07,400661,23.0,2
MV_A5-Weekday-104700_M5_529,M5,d1,25,18:00:14,18:00:14,400662,23.0,2
MV_A5-Weekday-104700_M5_529,M5,d1,26,18:01:20,18:01:20,400663,16.0,2
MV_A5-Weekday-104700_M5_529,M5,d1,27,18:03:00,18:03:00,803157,18.0,2
MV_A5-Weekday-104700_M5_529,M5,d1,28,18:05:00,18:05:00,404148,18.0,2
MV_A5-Weekday-104700_M5_529,M5,d1,29,18:07:07,18:07:07,403903,18.0,2
MV_A5-Weekday-104700_M5_529,M5,d1,30,18:08:10,18:08:10,403142,18.0,2
MV_A5-Weekday-104700_M5_529,M5,d1,31,18:09:20,18:09:20,403144,18.0,2
MV_A5-Weekday-104700_M5_529,M5,d1,32,18:11:10,18:11:10,403145,18.0,2
MV_A5-Weekday-104700_M5_529,M5,d1,33,18:12:26,18:12:26,405234,18.0,2
MV_A5-Weekday-104700_M5_529,M5,d1,34,18:14:36,18:14:36,403147,18.0,2
MV_A5-Weekday-104700_M5_529,M5,d1,35,18:15:47,18:15:47,403148,7.0,2
MV_A5-Weekday-104700_M5_529,M5,d1,36,18:16:56,18:16:56,403149,21.0,2
MV_A5-Weekday-104700_M5_529,M5,d1,37,18:18:24,18:18:24,400676,21.0,2
MV_A5-Weekday-104700_M5_529,M5,d1,38,18:20:16,18:20:16,400677,24.0,2
MV_A5-Weekday-104700_M5_529,M5,d1,39,18:22:11,18:22:11,400678,24.0,2
MV_A5-Weekday-104700_M5_529,M5,d1,40,18:23:00,18:23:00,400485,24.0,2
MV_A5-Weekday-104700_M5_529,M5,d1,41,18:24:43,18:24:43,400486,24.0,2
MV_A5-Weekday-104700_M5_529,M5,d1,42,18:27:00,18:27:00,400290,18.0,2
MV_A5-Weekday-104700_M5_529,M5,d1,43,18:29:15,18:29:15,404278,19.0,2
MV_A5-Weekday-104700_M5_529,M5,d1,44,18:31:00,18:31:00,400292,19.0,2
MV_A5-Weekday-104700_M5_529,M5,d1,45,18:32:01,18:32:01,400108,19.0,2
MV_A5-Weekday-104700_M5_529,M5,d1,46,18:32:48,18:32:48,400109,19.0,2
MV_A5-Weekday-104700_M5_529,M5,d1,47,18:33:32,18:33:32,400110,13.0,1
MV_A5-Weekday-104700_M5_529,M5,d1,48,18:34:21,18:34:21,400111,9.0,1
MV_A5-Weekday-104700_M5_529,M5,d1,49,18:35:46,18:35:46,404081,9.0,1
MV_A5-Weekday-104700_M5_529,M5,d1,50,18:36:44,18:36:44,404168,9.0,1
MV_A5-Weekday-104700_M5_529,M5,d1,51,18:37:20,18:37:20,400115,6.0,1
MV_A5-Weekday-104700_M5_529,M5,d1,52,18:38:08,18:38:08,400116,13.0,1
MV_A5-Weekday-104700_M5_529,M5,d1,53,18:38:52,18:38:52,400117,13.0,1
MV_A5-Weekday-104700_M5_529,M5,d1,54,18:39:56,18:39:56,400118,13.0,1
MV_A5-Weekday-104700_M5_529,M5,d1,55,18:40:59,18:40:59,400119,5.0,1
MV_A5-Weekday-104700_M5_529,M5,d1,56,18:42:33,18:42:33,400120,5.0,1
MV_A5-Weekday-104700_M5_529,M5,d1,57,18:43:11,18:43:11,400121,2.0,2
MV_A5-Weekday-104700_M5_529,M5,d1,58,18:43:51,18:43:51,400122,18.0,2
MV_A5-Weekday-104700_M5_529,M5,d1,59,18:44:36,18:44:36,400123,18.0,2
MV_A5-Weekday-104700_M5_529,M5,d1,60,18:46:00,18:46:00,400124,18.0,2
MV_A5-Weekday-104700_M5_529,M5,d1,61,18:47:40,18:47:40,400125,16.0,1
MV_A5-Weekday-104700_M5_529,M5,d1,62,18:49:36,18:49:36,400126,4.0,1
MV_A5-Weekday-104700_M5_529,M5,d1,63,18:51:03,18:51:03,400127,10.0,1
MV_A5-Weekday-104700_M5_529,M5,d1,64,18:52:02,18:52:02,400128,10.0,1
MV_A5-Weekday-104700_M5_529,M5,d1,65,18:53:14,18:53:14,400512,10.0,1
MV_A5-Weekday-104700_M5_529,M5,d1,66,18:55:48,18:55:48,403266,4.0,2
MV_A5-Weekday-104700_M5_529,M5,d1,67,18:57:34,18:57:34,400514,25.0,2
MV_A5-Weekday-104700_M5_529,M5,d1,68,18:59:23,18:59:23,400515,11.0,2
MV_A5-Weekday-104700_M5_529,M5,d1,69,19:01:11,19:01:11,400516,25.0,2
MV_A5-Weekday-104700_M5_529,M5,d1,70,19:02:24,19:02:24,405179,1.0,2
MV_A5-Weekday-104700_M5_529,M5,d1,71,19:04:00,19:04:00,400518,23.0,2
MV_A5-Weekday-104700_M5_529,M5,d1,72,19:05:44,19:05:44,400519,9.0,1
MV_A5-Weekday-104700_M5_529,M5,d1,73,19:06:45,19:06:45,405486,6.0,1
MV_A5-Weekday-104700_M5_529,M5,d1,74,19:09:00,19:09:00,903128,6.0,1
MV_A5-Weekday-SDon-141000_M5_541,M5,d1,1,23:30:00,23:30:00,400639,2.0,1
MV_A5-Weekday-SDon-141000_M5_541,M5,d1,2,23:31:19,23:31:19,400640,2.0,1
MV_A5-Weekday-SDon-141000_M5_541,M5,d1,3,23:32:22,23:32:22,400641,2.0,1
MV_A5-Weekday-SDon-141000_M5_541,M5,d1,4,23:33:13,23:33:13,400642,2.0,1
MV_A5-Weekday-SDon-141000_M5_541,M5,d1,5,23:33:50,23:33:50,400643,1.0,1
MV_A5-Weekday-SDon-141000_M5_541,M5,d1,6,23:34:29,23:34:29,400644,3.0,1
MV_A5-Weekday-SDon-141000_M5_541,M5,d1,7,23:35:12,23:35:12,400645,3.0,1
MV_A5-Weekday-SDon-141000_M5_541,M5,d1,8,23:36:02,23:36:02,400646,4.0,1
MV_A5-Weekday-SDon-141000_M5_541,M5,d1,9,23:36:55,23:36:55,400647,3.0,1
MV_A5-Weekday-SDon-141000_M5_541,M5,d1,10,23:37:38,23:37:38,400648,4.0,1
MV_A5-Weekday-SDon-141000_M5_541,M5,d1,11,23:38:20,23:38:20,400649,4.0,1
MV_A5-Weekday-SDon-141000_M5_541,M5,d1,12,23:39:00,23:39:00,403373,4.0,1
MV_A5-Weekday-SDon-141000_M5_541,M5,d1,13,23:40:14,23:40:14,403374,2.0,1
MV_A5-Weekday-SDon-141000_M5_541,M5,d1,14,23:40:58,23:40:58,403375,3.0,1
MV_A5-Weekday-SDon-141000_M5_541,M5,d1,15,23:41:41,23:41:41,403376,3.0,1
MV_A5-Weekday-SDon-141000_M5_541,M5,d1,16,23:42:34,23:42:34,403377,7.0,1
MV_A5-Weekday-SDon-141000_M5_541,M5,d1,17,23:43:54,23:43:54,400655,7.0,1
MV_A5-Weekday-SDon-141000_M5_541,M5,d1,18,23:45:04,23:45:04,400656,7.0,1
MV_A5-Weekday-SDon-141000_M5_541,M5,d1,19,23:46:19,23:46:19,400657,4.0,1
MV_A5-Weekday-SDon-141000_M5_541,M5,d1,20,23:47:10,23:47:10,400658,7.0,1
MV_A5-Weekday-SDon-141000_M5_541,M5,d1,21,23:48:27,23:48:27,400659,6.0,1
MV_A5-Weekday-SDon-141000_M5_541,M5,d1,22,23:49:00,23:49:00,403483,2.0,1
MV_A5-Weekday-SDon-141000_M5_541,M5,d1,23,23:50:25,23:50:25,400661,6.0,1
MV_A5-Weekday-SDon-141000_M5_541,M5,d1,24,23:51:09,23:51:09,400662,5.0,1
MV_A5-Weekday-SDon-141000_M5_541,M5,d1,25,23:51:53,23:51:53,400663,4.0,1
MV_A5-Weekday-SDon-141000_M5_541,M5,d1,26,23:53:00,23:53:00,803157,4.0,1
MV_A5-Weekday-SDon-049800_M5_508,M5,d1,1,8:18:00,8:18:00,400808,9.0,2
MV_A5-Weekday-SDon-049800_M5_508,M5,d1,2,8:19:12,8:19:12,400809,17.0,2
MV_A5-Weekday-SDon-049800_M5_508,M5,d1,3,8:20:11,8:20:11,400810,17.0,2
MV_A5-Weekday-SDon-049800_M5_508,M5,d1,4,8:21:11,8:21:11,400811,17.0,2
MV_A5-Weekday-SDon-049800_M5_508,M5,d1,5,8:21:52,8:21:52,400812,17.0,2
MV_A5-Weekday-SDon-049800_M5_508,M5,d1,6,8:23:37,8:23:37,404918,17.0,2
MV_A5-Weekday-SDon-049800_M5_508,M5,d1,7,8:25:04,8:25:04,400814,1.0,1
MV_A5-Weekday-SDon-049800_M5_508,M5,d1,8,8:25:58,8:25:58,400815,5.0,1
MV_A5-Weekday-SDon-049800_M5_508,M5,d1,9,8:26:54,8:26:54,400816,5.0,1
MV_A5-Weekday-SDon-049800_M5_508,M5,d1,10,8:28:00,8:28:00,400655,5.0,1
MV_A5-Weekday-SDon-049800_M5_508,M5,d1,11,8:30:13,8:30:13,400657,16.0,1
MV_A5-Weekday-SDon-049800_M5_508,M5,d1,12,8:32:41,8:32:41,403483,8.0,1
MV_A5-Weekday-SDon-049800_M5_508,M5,d1,13,8:34:56,8:34:56,400662,13.0,1
MV_A5-Weekday-SDon-049800_M5_508,M5,d1,14,8:37:00,8:37:00,404011,14.0,1
MV_A5-Weekday-SDon-049800_M5_508,M5,d1,15,8:37:23,8:37:23,404012,13.0,1
MV_A5-Weekday-SDon-049800_M5_508,M5,d1,16,8:39:31,8:39:31,404822,13.0,1
MV_A5-Weekday-SDon-049800_M5_508,M5,d1,17,8:40:40,8:40:40,404259,12.0,1
MV_A5-Weekday-SDon-049800_M5_508,M5,d1,18,8:41:29,8:41:29,405580,3.0,1
MV_A5-Weekday-SDon-049800_M5_508,M5,d1,19,8:42:17,8:42:17,400834,11.0,1
MV_A5-Weekday-SDon-049800_M5_508,M5,d1,20,8:42:48,8:42:48,400835,11.0,1
MV_A5-Weekday-SDon-049800_M5_508,M5,d1,21,8:43:17,8:43:17,400836,11.0,1
MV_A5-Weekday-SDon-049800_M5_508,M5,d1,22,8:44:15,8:44:15,400837,1.0,1
MV_A5-Weekday-SDon-049800_M5_508,M5,d1,23,8:44:44,8:44:44,400838,12.0,1
MV_A5-Weekday-SDon-049800_M5_508,M5,d1,24,8:45:15,8:45:15,404130,12.0,1
MV_A5-Weekday-SDon-049800_M5_508,M5,d1,25,8:46:20,8:46:20,400840,12.0,1
MV_A5-Weekday-SDon-049800_M5_508,M5,d1,26,8:47:00,8:47:00,400841,12.0,1
MV_A5-Weekday-SDon-049800_M5_508,M5,d1,27,8:48:24,8:48:24,404131,12.0,1
MV_A5-Weekday-SDon-049800_M5_508,M5,d1,28,8:49:40,8:49:40,400843,12.0,1
MV_A5-Weekday-SDon-049800_M5_508,M5,d1,29,8:50:57,8:50:57,404855,12.0,1
MV_A5-Weekday-SDon-049800_M5_508,M5,d1,30,8:52:13,8:52:13,400846,12.0,1
MV_A5-Weekday-SDon-049800_M5_508,M5,d1,31,8:53:08,8:53:08,400847,13.0,1
MV_A5-Weekday-SDon-049800_M5_508,M5,d1,32,8:54:06,8:54:06,400848,13.0,1
MV_A5-Weekday-SDon-049800_M5_508,M5,d1,33,8:55:00,8:55:00,400849,13.0,1
MV_A5-Weekday-SDon-049800_M5_508,M5,d1,34,8:57:04,8:57:04,400851,12.0,1
MV_A5-Weekday-SDon-049800_M5_508,M5,d1,35,8:58:16,8:58:16,400852,11.0,1
MV_A5-Weekday-SDon-049800_M5_508,M5,d1,36,9:00:01,9:00:01,400853,5.0,1
MV_A5-Weekday-SDon-049800_M5_508,M5,d1,37,9:01:08,9:01:08,400854,15.0,1
MV_A5-Weekday-SDon-049800_M5_508,M5,d1,38,9:05:03,9:05:03,403171,16.0,1
MV_A5-Weekday-SDon-049800_M5_508,M5,d1,39,9:09:00,9:09:00,400861,6.0,1
MV_A5-Weekday-SDon-049800_M5_508,M5,d1,40,9:13:27,9:13:27,403047,16.0,1
MV_A5-Weekday-SDon-049800_M5_508,M5,d1,41,9:17:00,9:17:00,402446,11.0,1
MV_A5-Weekday-SDon-049800_M5_508,M5,d1,42,9:21:20,9:21:20,450123,4.0,1
MV_A5-Weekday-SDon-049800_M5_508,M5,d1,43,9:27:00,9:27:00,400135,4.0,1
MV_A5-Weekday-SDon-049800_M5_508,M5,d1,44,9:28:28,9:28:28,400322,2.0,1
MV_A5-Weekday-SDon-049800_M5_508,M5,d1,45,9:29:56,9:29:56,400323,2.0,1
MV_A5-Weekday-SDon-049800_M5_508,M5,d1,46,9:31:30,9:31:30,400324,1.0,1
MV_A5-Weekday-SDon-049800_M5_508,M5,d1,47,9:34:00,9:34:00,803082,1.0,1
MV_A5-Weekday-SDon-116700_M5_524,M5,d1,1,19:27:00,19:27:00,400639,8.0,1
MV_A5-Weekday-SDon-116700_M5_524,M5,d1,2,19:28:28,19:28:28,400640,8.0,1
MV_A5-Weekday-SDon-116700_M5_524,M5,d1,3,19:29:38,19:29:38,400641,8.0,1
MV_A5-Weekday-SDon-116700_M5_524,M5,d1,4,19:30:34,19:30:34,400642,8.0,1
MV_A5-Weekday-SDon-116700_M5_524,M5,d1,5,19:31:16,19:31:16,400643,1.0,1
MV_A5-Weekday-SDon-116700_M5_524,M5,d1,6,19:31:59,19:31:59,400644,2.0,1
MV_A5-Weekday-SDon-116700_M5_524,M5,d1,7,19:32:47,19:32:47,400645,2.0,1
MV_A5-Weekday-SDon-116700_M5_524,M5,d1,8,19:33:42,19:33:42,400646,2.0,1
MV_A5-Weekday-SDon-116700_M5_524,M5,d1,9,19:34:41,19:34:41,400647,4.0,1
MV_A5-Weekday-SDon-116700_M5_524,M5,d1,10,19:35:29,19:35:29,400648,4.0,1
MV_A5-Weekday-SDon-116700_M5_524,M5,d1,11,19:36:16,19:36:16,400649,5.0,1
MV_A5-Weekday-SDon-116700_M5_524,M5,d1,12,19:37:00,19:37:00,403373,5.0,1
MV_A5-Weekday-SDon-116700_M5_524,M5,d1,13,19:38:29,19:38:29,403374,5.0,1
MV_A5-Weekday-SDon-116700_M5_524,M5,d1,14,19:39:21,19:39:21,403375,5.0,1
MV_A5-Weekday-SDon-116700_M5_524,M5,d1,15,19:40:14,19:40:14,403376,5.0,1
MV_A5-Weekday-SDon-116700_M5_524,M5,d1,16,19:41:17,19:41:17,403377,5.0,1
MV_A5-Weekday-SDon-116700_M5_524,M5,d1,17,19:42:53,19:42:53,400655,9.0,1
MV_A5-Weekday-SDon-116700_M5_524,M5,d1,18,19:44:17,19:44:17,400656,3.0,1
MV_A5-Weekday-SDon-116700_M5_524,M5,d1,19,19:45:47,19:45:47,400657,7.0,1
MV_A5-Weekday-SDon-116700_M5_524,M5,d1,20,19:46:48,19:46:48,400658,3.0,1
MV_A5-Weekday-SDon-116700_M5_524,M5,d1,21,19:48:20,19:48:20,400659,7.0,1
MV_A5-Weekday-SDon-116700_M5_524,M5,d1,22,19:49:00,19:49:00,403483,7.0,1
MV_A5-Weekday-SDon-116700_M5_524,M5,d1,23,19:50:25,19:50:25,400661,7.0,1
MV_A5-Weekday-SDon-116700_M5_524,M5,d1,24,19:51:09,19:51:09,400662,5.0,1
MV_A5-Weekday-SDon-116700_M5_524,M5,d1,25,19:51:53,19:51:53,400663,4.0,1
MV_A5-Weekday-SDon-116700_M5_524,M5,d1,26,19:53:00,19:53:00,803157,4.0,1
MV_A5-Weekday-SDon-116700_M5_524,M5,d1,27,19:54:00,19:54:00,404148,9.0,1
MV_A5-Weekday-SDon-116700_M5_524,M5,d1,28,19:55:53,19:55:53,403903,4.0,1
MV_A5-Weekday-SDon-116700_M5_524,M5,d1,29,19:56:49,19:56:49,403142,10.0,1
MV_A5-Weekday-SDon-116700_M5_524,M5,d1,30,19:57:51,19:57:51,403144,3.0,1
MV_A5-Weekday-SDon-116700_M5_524,M5,d1,31,19:59:29,19:59:29,403145,5.0,1
MV_A5-Weekday-SDon-116700_M5_524,M5,d1,32,20:00:36,20:00:36,405234,9.0,1
MV_A5-Weekday-SDon-116700_M5_524,M5,d1,33,20:02:32,20:02:32,403147,13.0,1
MV_A5-Weekday-SDon-116700_M5_524,M5,d1,34,20:03:35,20:03:35,403148,3.0,1
MV_A5-Weekday-SDon-116700_M5_524,M5,d1,35,20:04:36,20:04:36,403149,8.0,1
MV_A5-Weekday-SDon-116700_M5_524,M5,d1,36,20:05:55,20:05:55,400676,14.0,2
MV_A5-Weekday-SDon-116700_M5_524,M5,d1,37,20:07:34,20:07:34,400677,17.0,2
MV_A5-Weekday-SDon-116700_M5_524,M5,d1,38,20:09:16,20:09:16,400678,17.0,2
MV_A5-Weekday-SDon-116700_M5_524,M5,d1,39,20:10:00,20:10:00,400485,13.0,1
MV_A5-Weekday-SDon-116700_M5_524,M5,d1,40,20:11:30,20:11:30,400486,10.0,1
MV_A5-Weekday-SDon-116700_M5_524,M5,d1,41,20:13:30,20:13:30,400290,13.0,1
MV_A5-Weekday-SDon-116700_M5_524,M5,d1,42,20:15:28,20:15:28,404278,13.0,1
MV_A5-Weekday-SDon-116700_M5_524,M5,d1,43,20:17:00,20:17:00,400292,11.0,1
MV_A5-Weekday-SDon-116700_M5_524,M5,d1,44,20:18:01,20:18:01,400108,4.0,1
MV_A5-Weekday-SDon-116700_M5_524,M5,d1,45,20:18:48,20:18:48,400109,2.0,1
MV_A5-Weekday-SDon-116700_M5_524,M5,d1,46,20:19:32,20:19:32,400110,7.0,1
MV_A5-Weekday-SDon-116700_M5_524,M5,d1,47,20:20:21,20:20:21,400111,7.0,1
MV_A5-Weekday-SDon-116700_M5_524,M5,d1,48,20:21:46,20:21:46,404081,8.0,1
MV_A5-Weekday-SDon-116700_M5_524,M5,d1,49,20:22:44,20:22:44,404168,8.0,1
MV_A5-Weekday-SDon-116700_M5_524,M5,d1,50,20:23:20,20:23:20,400115,8.0,1
MV_A5-Weekday-SDon-116700_M5_524,M5,d1,51,20:24:08,20:24:08,400116,8.0,1
MV_A5-Weekday-SDon-116700_M5_524,M5,d1,52,20:24:52,20:24:52,400117,8.0,1
MV_A5-Weekday-SDon-116700_M5_524,M5,d1,53,20:25:56,20:25:56,400118,3.0,1
MV_A5-Weekday-SDon-116700_M5_524,M5,d1,54,20:26:59,20:26:59,400119,12.0,1
MV_A5-Weekday-SDon-116700_M5_524,M5,d1,55,20:28:33,20:28:33,400120,12.0,1
MV_A5-Weekday-SDon-116700_M5_524,M5,d1,56,20:29:11,20:29:11,400121,3.0,1
MV_A5-Weekday-SDon-116700_M5_524,M5,d1,57,20:29:51,20:29:51,400122,15.0,1
MV_A5-Weekday-SDon-116700_M5_524,M5,d1,58,20:30:36,20:30:36,400123,15.0,1
MV_A5-Weekday-SDon-116700_M5_524,M5,d1,59,20:32:00,20:32:00,400124,15.0,1
MV_A5-Weekday-SDon-116700_M5_524,M5,d1,60,20:33:12,20:33:12,400125,1.0,1
MV_A5-Weekday-SDon-116700_M5_524,M5,d1,61,20:34:36,20:34:36,400126,15.0,1
MV_A5-Weekday-SDon-116700_M5_524,M5,d1,62,20:35:39,20:35:39,400127,15.0,1
MV_A5-Weekday-SDon-116700_M5_524,M5,d1,63,20:36:21,20:36:21,400128,12.0,1
MV_A5-Weekday-SDon-116700_M5_524,M5,d1,64,20:37:14,20:37:14,400512,12.0,1
MV_A5-Weekday-SDon-116700_M5_524,M5,d1,65,20:39:05,20:39:05,403266,3.0,1
MV_A5-Weekday-SDon-116700_M5_524,M5,d1,66,20:40:21,20:40:21,400514,12.0,1
MV_A5-Weekday-SDon-116700_M5_524,M5,d1,67,20:41:40,20:41:40,400515,8.0,1
MV_A5-Weekday-SDon-116700_M5_524,M5,d1,68,20:42:58,20:42:58,400516,8.0,1
MV_A5-Weekday-SDon-116700_M5_524,M5,d1,69,20:43:51,20:43:51,405179,8.0,1
MV_A5-Weekday-SDon-116700_M5_524,M5,d1,70,20:45:00,20:45:00,400518,6.0,1
MV_A5-Weekday-SDon-116700_M5_524,M5,d1,71,20:46:23,20:46:23,400519,6.0,1
MV_A5-Weekday-SDon-116700_M5_524,M5,d1,72,20:47:12,20:47:12,405486,3.0,1
MV_A5-Weekday-SDon-116700_M5_524,M5,d1,73,20:49:00,20:49:00,903128,3.0,1
MV_A5-Weekday-SDon-105500_M5_516,M5,d1,1,17:35:00,17:35:00,403835,1.0,1
MV_A5-Weekday-SDon-105500_M5_516,M5,d1,2,17:37:00,17:37:00,400639,1.0,1
MV_A5-Weekday-SDon-105500_M5_516,M5,d1,3,17:38:54,17:38:54,400640,4.0,1
MV_A5-Weekday-SDon-105500_M5_516,M5,d1,4,17:40:25,17:40:25,400641,4.0,1
MV_A5-Weekday-SDon-105500_M5_516,M5,d1,5,17:41:39,17:41:39,400642,4.0,1
MV_A5-Weekday-SDon-105500_M5_516,M5,d1,6,17:42:33,17:42:33,400643,4.0,1
MV_A5-Weekday-SDon-105500_M5_516,M5,d1,7,17:43:28,17:43:28,400644,4.0,1
MV_A5-Weekday-SDon-105500_M5_516,M5,d1,8,17:44:31,17:44:31,400645,3.0,1
MV_A5-Weekday-SDon-105500_M5_516,M5,d1,9,17:45:43,17:45:43,400646,3.0,1
MV_A5-Weekday-SDon-105500_M5_516,M5,d1,10,17:46:59,17:46:59,400647,3.0,1
MV_A5-Weekday-SDon-105500_M5_516,M5,d1,11,17:48:02,17:48:02,400648,3.0,1
MV_A5-Weekday-SDon-105500_M5_516,M5,d1,12,17:49:03,17:49:03,400649,3.0,1
MV_A5-Weekday-SDon-105500_M5_516,M5,d1,13,17:50:00,17:50:00,403373,3.0,1
MV_A5-Weekday-SDon-105500_M5_516,M5,d1,14,17:51:51,17:51:51,403374,3.0,1
MV_A5-Weekday-SDon-105500_M5_516,M5,d1,15,17:52:56,17:52:56,403375,4.0,1
MV_A5-Weekday-SDon-105500_M5_516,M5,d1,16,17:54:02,17:54:02,403376,4.0,2
MV_A5-Weekday-SDon-105500_M5_516,M5,d1,17,17:55:21,17:55:21,403377,18.0,2
MV_A5-Weekday-SDon-105500_M5_516,M5,d1,18,17:57:21,17:57:21,400655,18.0,2
MV_A5-Weekday-SDon-105500_M5_516,M5,d1,19,17:59:06,17:59:06,400656,6.0,1
MV_A5-Weekday-SDon-105500_M5_516,M5,d1,20,18:00:58,18:00:58,400657,6.0,1
MV_A5-Weekday-SDon-105500_M5_516,M5,d1,21,18:02:15,18:02:15,400658,6.0,1
MV_A5-Weekday-SDon-105500_M5_516,M5,d1,22,18:04:10,18:04:10,400659,2.0,1
MV_A5-Weekday-SDon-105500_M5_516,M5,d1,23,18:05:00,18:05:00,403483,10.0,1
MV_A5-Weekday-SDon-105500_M5_516,M5,d1,24,18:07:07,18:07:07,400661,2.0,1
MV_A5-Weekday-SDon-105500_M5_516,M5,d1,25,18:08:14,18:08:14,400662,4.0,1
MV_A5-Weekday-SDon-105500_M5_516,M5,d1,26,18:09:20,18:09:20,400663,4.0,1
MV_A5-Weekday-SDon-105500_M5_516,M5,d1,27,18:11:00,18:11:00,803157,4.0,1
MV_A5-Weekday-SDon-037400_M5_509,M5,d1,1,6:14:00,6:14:00,400808,4.0,1
MV_A5-Weekday-SDon-037400_M5_509,M5,d1,2,6:14:57,6:14:57,400809,4.0,1
MV_A5-Weekday-SDon-037400_M5_509,M5,d1,3,6:15:45,6:15:45,400810,15.0,1
MV_A5-Weekday-SDon-037400_M5_509,M5,d1,4,6:16:32,6:16:32,400811,4.0,1
MV_A5-Weekday-SDon-037400_M5_509,M5,d1,5,6:17:06,6:17:06,400812,16.0,1
MV_A5-Weekday-SDon-037400_M5_509,M5,d1,6,6:18:29,6:18:29,404918,5.0,1
MV_A5-Weekday-SDon-037400_M5_509,M5,d1,7,6:19:39,6:19:39,400814,8.0,1
MV_A5-Weekday-SDon-037400_M5_509,M5,d1,8,6:20:22,6:20:22,400815,11.0,1
MV_A5-Weekday-SDon-037400_M5_509,M5,d1,9,6:21:07,6:21:07,400816,11.0,1
MV_A5-Weekday-SDon-037400_M5_509,M5,d1,10,6:22:00,6:22:00,400655,9.0,1
MV_A5-Weekday-SDon-037400_M5_509,M5,d1,11,6:22:57,6:22:57,400656,9.0,1
MV_A5-Weekday-SDon-037400_M5_509,M5,d1,12,6:23:58,6:23:58,400657,12.0,1
MV_A5-Weekday-SDon-037400_M5_509,M5,d1,13,6:24:40,6:24:40,400658,9.0,1
MV_A5-Weekday-SDon-037400_M5_509,M5,d1,14,6:25:42,6:25:42,400659,13.0,1
MV_A5-Weekday-SDon-037400_M5_509,M5,d1,15,6:26:10,6:26:10,403483,13.0,1
MV_A5-Weekday-SDon-037400_M5_509,M5,d1,16,6:27:28,6:27:28,400661,9.0,1
MV_A5-Weekday-SDon-037400_M5_509,M5,d1,17,6:28:09,6:28:09,400662,14.0,1
MV_A5-Weekday-SDon-037400_M5_509,M5,d1,18,6:28:50,6:28:50,400663,10.0,2
MV_A5-Weekday-SDon-037400_M5_509,M5,d1,19,6:30:00,6:30:00,404011,17.0,2
MV_A5-Weekday-SDon-037400_M5_509,M5,d1,20,6:30:21,6:30:21,404012,18.0,2
MV_A5-Weekday-SDon-037400_M5_509,M5,d1,21,6:32:16,6:32:16,404822,15.0,2
MV_A5-Weekday-SDon-037400_M5_509,M5,d1,22,6:33:18,6:33:18,404259,17.0,2
MV_A5-Weekday-SDon-037400_M5_509,M5,d1,23,6:34:03,6:34:03,405580,17.0,2
MV_A5-Weekday-SDon-037400_M5_509,M5,d1,24,6:34:46,6:34:46,400834,11.0,2
MV_A5-Weekday-SDon-037400_M5_509,M5,d1,25,6:35:13,6:35:13,400835,17.0,2
MV_A5-Weekday-SDon-037400_M5_509,M5,d1,26,6:35:39,6:35:39,400836,16.0,2
MV_A5-Weekday-SDon-037400_M5_509,M5,d1,27,6:36:32,6:36:32,400837,17.0,2
MV_A5-Weekday-SDon-037400_M5_509,M5,d1,28,6:36:58,6:36:58,400838,17.0,2
MV_A5-Weekday-SDon-037400_M5_509,M5,d1,29,6:37:26,6:37:26,404130,17.0,2
MV_A5-Weekday-SDon-037400_M5_509,M5,d1,30,6:38:24,6:38:24,400840,17.0,2
MV_A5-Weekday-SDon-037400_M5_509,M5,d1,31,6:39:00,6:39:00,400841,17.0,2
MV_A5-Weekday-SDon-037400_M5_509,M5,d1,32,6:40:03,6:40:03,404131,12.0,1
MV_A5-Weekday-SDon-037400_M5_509,M5,d1,33,6:41:00,6:41:00,400843,13.0,2
MV_A5-Weekday-SDon-037400_M5_509,M5,d1,34,6:41:58,6:41:58,404855,17.0,2
MV_A5-Weekday-SDon-037400_M5_509,M5,d1,35,6:42:55,6:42:55,400846,17.0,2
MV_A5-Weekday-SDon-037400_M5_509,M5,d1,36,6:43:36,6:43:36,400847,17.0,2
MV_A5-Weekday-SDon-037400_M5_509,M5,d1,37,6:44:20,6:44:20,400848,20.0,2
MV_A5-Weekday-SDon-037400_M5_509,M5,d1,38,6:45:00,6:45:00,400849,20.0,2
MV_A5-Weekday-SDon-037400_M5_509,M5,d1,39,6:46:37,6:46:37,400851,10.0,1
MV_A5-Weekday-SDon-037400_M5_509,M5,d1,40,6:47:34,6:47:34,400852,11.0,2
MV_A5-Weekday-SDon-037400_M5_509,M5,d1,41,6:48:56,6:48:56,400853,18.0,2
MV_A5-Weekday-SDon-037400_M5_509,M5,d1,42,6:49:49,6:49:49,400854,20.0,2
MV_A5-Weekday-SDon-037400_M5_509,M5,d1,43,6:51:00,6:51:00,403169,20.0,2
MV_A5-Weekday-SDon-037400_M5_509,M5,d1,44,6:51:44,6:51:44,400856,22.0,2
MV_A5-Weekday-SDon-037400_M5_509,M5,d1,45,6:52:54,6:52:54,403171,20.0,2
MV_A5-Weekday-SDon-037400_M5_509,M5,d1,46,6:53:43,6:53:43,400858,22.0,2
MV_A5-Weekday-SDon-037400_M5_509,M5,d1,47,6:54:59,6:54:59,400860,24.0,2
MV_A5-Weekday-SDon-037400_M5_509,M5,d1,48,6:56:00,6:56:00,400861,24.0,2
MV_A5-Weekday-SDon-037400_M5_509,M5,d1,49,6:56:14,6:56:14,403781,22.0,2
MV_A5-Weekday-SDon-037400_M5_509,M5,d1,50,6:56:59,6:56:59,403047,24.0,2
MV_A5-Weekday-SDon-037400_M5_509,M5,d1,51,6:57:47,6:57:47,402446,24.0,2
MV_A5-Weekday-SDon-037400_M5_509,M5,d1,52,6:58:07,6:58:07,403266,21.0,2
MV_A5-Weekday-SDon-037400_M5_509,M5,d1,53,6:58:28,6:58:28,400131,21.0,2
MV_A5-Weekday-SDon-037400_M5_509,M5,d1,54,6:58:44,6:58:44,450123,18.0,2
MV_A5-Weekday-SDon-037400_M5_509,M5,d1,55,6:59:18,6:59:18,400133,18.0,2
MV_A5-Weekday-SDon-037400_M5_509,M5,d1,56,6:59:34,6:59:34,404180,18.0,2
MV_A5-Weekday-SDon-037400_M5_509,M5,d1,57,7:00:00,7:00:00,400135,18.0,2
MV_A5-Weekday-SDon-037400_M5_509,M5,d1,58,7:02:56,7:02:56,400322,18.0,2
MV_A5-Weekday-SDon-037400_M5_509,M5,d1,59,7:05:51,7:05:51,400323,18.0,2
MV_A5-Weekday-SDon-037400_M5_509,M5,d1,60,7:09:00,7:09:00,400324,18.0,2
MV_A5-Weekday-SDon-037400_M5_509,M5,d1,61,7:14:00,7:14:00,803082,18.0,2
MV_A5-Weekday-SDon-076800_M5_506,M5,d1,1,12:48:00,12:48:00,400808,14.0,2
MV_A5-Weekday-SDon-076800_M5_506,M5,d1,2,12:49:19,12:49:19,400809,21.0,2
MV_A5-Weekday-SDon-076800_M5_506,M5,d1,3,12:50:24,12:50:24,400810,19.0,2
MV_A5-Weekday-SDon-076800_M5_506,M5,d1,4,12:51:30,12:51:30,400811,23.0,2
MV_A5-Weekday-SDon-076800_M5_506,M5,d1,5,12:52:16,12:52:16,400812,23.0,2
MV_A5-Weekday-SDon-076800_M5_506,M5,d1,6,12:54:11,12:54:11,404918,26.0,2
MV_A5-Weekday-SDon-076800_M5_506,M5,d1,7,12:55:47,12:55:47,400814,27.0,2
MV_A5-Weekday-SDon-076800_M5_506,M5,d1,8,12:56:45,12:56:45,400815,30.0,2
MV_A5-Weekday-SDon-076800_M5_506,M5,d1,9,12:57:47,12:57:47,400816,30.0,4
MV_A5-Weekday-SDon-076800_M5_506,M5,d1,10,12:59:00,12:59:00,400655,56.0,4
MV_A5-Weekday-SDon-076800_M5_506,M5,d1,11,13:01:28,13:01:28,400657,51.0,4
MV_A5-Weekday-SDon-076800_M5_506,M5,d1,12,13:04:12,13:04:12,403483,11.0,3
MV_A5-Weekday-SDon-076800_M5_506,M5,d1,13,13:06:42,13:06:42,400662,40.0,3
MV_A5-Weekday-SDon-076800_M5_506,M5,d1,14,13:09:00,13:09:00,404011,40.0,3
MV_A5-Weekday-SDon-076800_M5_506,M5,d1,15,13:09:26,13:09:26,404012,40.0,3
MV_A5-Weekday-SDon-076800_M5_506,M5,d1,16,13:11:46,13:11:46,404822,40.0,3
MV_A5-Weekday-SDon-076800_M5_506,M5,d1,17,13:13:02,13:13:02,404259,40.0,3
MV_A5-Weekday-SDon-076800_M5_506,M5,d1,18,13:13:56,13:13:56,405580,40.0,3
MV_A5-Weekday-SDon-076800_M5_506,M5,d1,19,13:14:49,13:14:49,400834,40.0,3
MV_A5-Weekday-SDon-076800_M5_506,M5,d1,20,13:15:23,13:15:23,400835,40.0,3
MV_A5-Weekday-SDon-076800_M5_506,M5,d1,21,13:15:54,13:15:54,400836,40.0,3
MV_A5-Weekday-SDon-076800_M5_506,M5,d1,22,13:16:59,13:16:59,400837,40.0,3
MV_A5-Weekday-SDon-076800_M5_506,M5,d1,23,13:17:31,13:17:31,400838,40.0,3
MV_A5-Weekday-SDon-076800_M5_506,M5,d1,24,13:18:05,13:18:05,404130,40.0,3
MV_A5-Weekday-SDon-076800_M5_506,M5,d1,25,13:19:16,13:19:16,400840,40.0,3
MV_A5-Weekday-SDon-076800_M5_506,M5,d1,26,13:20:00,13:20:00,400841,40.0,3
MV_A5-Weekday-SDon-076800_M5_506,M5,d1,27,13:21:24,13:21:24,404131,6.0,2
MV_A5-Weekday-SDon-076800_M5_506,M5,d1,28,13:22:40,13:22:40,400843,20.0,2
MV_A5-Weekday-SDon-076800_M5_506,M5,d1,29,13:23:57,13:23:57,404855,20.0,2
MV_A5-Weekday-SDon-076800_M5_506,M5,d1,30,13:25:13,13:25:13,400846,20.0,2
MV_A5-Weekday-SDon-076800_M5_506,M5,d1,31,13:26:08,13:26:08,400847,20.0,2
MV_A5-Weekday-SDon-076800_M5_506,M5,d1,32,13:27:06,13:27:06,400848,20.0,2
MV_A5-Weekday-SDon-076800_M5_506,M5,d1,33,13:28:00,13:28:00,400849,20.0,2
MV_A5-Weekday-SDon-076800_M5_506,M5,d1,34,13:30:12,13:30:12,400851,20.0,2
MV_A5-Weekday-SDon-076800_M5_506,M5,d1,35,13:31:30,13:31:30,400852,20.0,2
MV_A5-Weekday-SDon-076800_M5_506,M5,d1,36,13:33:22,13:33:22,400853,20.0,2
MV_A5-Weekday-SDon-076800_M5_506,M5,d1,37,13:34:35,13:34:35,400854,20.0,2
MV_A5-Weekday-SDon-076800_M5_506,M5,d1,38,13:38:46,13:38:46,403171,20.0,2
MV_A5-Weekday-SDon-076800_M5_506,M5,d1,39,13:43:00,13:43:00,400861,14.0,1
MV_A5-Weekday-SDon-076800_M5_506,M5,d1,40,13:48:56,13:48:56,403047,13.0,1
MV_A5-Weekday-SDon-076800_M5_506,M5,d1,41,13:53:41,13:53:41,402446,7.0,1
MV_A5-Weekday-SDon-076800_M5_506,M5,d1,42,13:59:27,13:59:27,450123,6.0,1
MV_A5-Weekday-SDon-076800_M5_506,M5,d1,43,14:07:00,14:07:00,400135,2.0,1
MV_A5-Weekday-SDon-076800_M5_506,M5,d1,44,14:08:28,14:08:28,400322,3.0,1
MV_A5-Weekday-SDon-076800_M5_506,M5,d1,45,14:09:56,14:09:56,400323,3.0,1
MV_A5-Weekday-SDon-076800_M5_506,M5,d1,46,14:11:30,14:11:30,400324,4.0,1
MV_A5-Weekday-SDon-076800_M5_506,M5,d1,47,14:14:00,14:14:00,803082,4.0,1
MV_A5-Weekday-115000_M5_533,M5,d1,1,19:10:00,19:10:00,400808,7.0,1
MV_A5-Weekday-115000_M5_533,M5,d1,2,19:11:04,19:11:04,400809,11.0,1
MV_A5-Weekday-115000_M5_533,M5,d1,3,19:11:58,19:11:58,400810,11.0,1
MV_A5-Weekday-115000_M5_533,M5,d1,4,19:12:52,19:12:52,400811,11.0,1
MV_A5-Weekday-115000_M5_533,M5,d1,5,19:13:29,19:13:29,400812,11.0,1
MV_A5-Weekday-115000_M5_533,M5,d1,6,19:15:03,19:15:03,404918,9.0,1
MV_A5-Weekday-115000_M5_533,M5,d1,7,19:16:22,19:16:22,400814,1.0,1
MV_A5-Weekday-115000_M5_533,M5,d1,8,19:17:10,19:17:10,400815,8.0,1
MV_A5-Weekday-115000_M5_533,M5,d1,9,19:18:00,19:18:00,400816,8.0,1
MV_A5-Weekday-115000_M5_533,M5,d1,10,19:19:00,19:19:00,400655,9.0,1
MV_A5-Weekday-115000_M5_533,M5,d1,11,19:20:26,19:20:26,400656,4.0,1
MV_A5-Weekday-115000_M5_533,M5,d1,12,19:21:57,19:21:57,400657,1.0,1
MV_A5-Weekday-115000_M5_533,M5,d1,13,19:23:00,19:23:00,400658,6.0,1
MV_A5-Weekday-115000_M5_533,M5,d1,14,19:24:34,19:24:34,400659,1.0,1
MV_A5-Weekday-115000_M5_533,M5,d1,15,19:25:15,19:25:15,403483,6.0,1
MV_A5-Weekday-115000_M5_533,M5,d1,16,19:27:12,19:27:12,400661,5.0,1
MV_A5-Weekday-115000_M5_533,M5,d1,17,19:28:14,19:28:14,400662,4.0,1
MV_A5-Weekday-115000_M5_533,M5,d1,18,19:29:15,19:29:15,400663,4.0,1
MV_A5-Weekday-115000_M5_533,M5,d1,19,19:31:00,19:31:00,404011,4.0,1
MV_A5-Weekday-115000_M5_533,M5,d1,20,19:31:21,19:31:21,404012,4.0,1
MV_A5-Weekday-115000_M5_533,M5,d1,21,19:33:16,19:33:16,404822,4.0,1
MV_A5-Weekday-115000_M5_533,M5,d1,22,19:34:18,19:34:18,404259,4.0,1
MV_A5-Weekday-115000_M5_533,M5,d1,23,19:35:03,19:35:03,405580,4.0,1
MV_A5-Weekday-115000_M5_533,M5,d1,24,19:35:46,19:35:46,400834,3.0,1
MV_A5-Weekday-115000_M5_533,M5,d1,25,19:36:13,19:36:13,400835,1.0,1
MV_A5-Weekday-115000_M5_533,M5,d1,26,19:36:39,19:36:39,400836,3.0,1
MV_A5-Weekday-115000_M5_533,M5,d1,27,19:37:32,19:37:32,400837,3.0,1
MV_A5-Weekday-115000_M5_533,M5,d1,28,19:37:58,19:37:58,400838,1.0,1
MV_A5-Weekday-115000_M5_533,M5,d1,29,19:38:26,19:38:26,404130,3.0,1
MV_A5-Weekday-115000_M5_533,M5,d1,30,19:39:24,19:39:24,400840,3.0,1
MV_A5-Weekday-115000_M5_533,M5,d1,31,19:40:00,19:40:00,400841,3.0,1
MV_A5-Weekday-115000_M5_533,M5,d1,32,19:40:52,19:40:52,404131,3.0,1
MV_A5-Weekday-115000_M5_533,M5,d1,33,19:41:40,19:41:40,400843,3.0,1
MV_A5-Weekday-115000_M5_533,M5,d1,34,19:42:28,19:42:28,404855,3.0,1
MV_A5-Weekday-115000_M5_533,M5,d1,35,19:43:16,19:43:16,400846,3.0,1
MV_A5-Weekday-115000_M5_533,M5,d1,36,19:43:50,19:43:50,400847,3.0,1
MV_A5-Weekday-115000_M5_533,M5,d1,37,19:44:26,19:44:26,400848,2.0,1
MV_A5-Weekday-115000_M5_533,M5,d1,38,19:45:00,19:45:00,400849,3.0,1
MV_A5-Weekday-115000_M5_533,M5,d1,39,19:47:04,19:47:04,400851,3.0,1
MV_A5-Weekday-115000_M5_533,M5,d1,40,19:48:16,19:48:16,400852,3.0,1
MV_A5-Weekday-115000_M5_533,M5,d1,41,19:50:01,19:50:01,400853,2.0,1
MV_A5-Weekday-115000_M5_533,M5,d1,42,19:51:08,19:51:08,400854,2.0,1
MV_A5-Weekday-115000_M5_533,M5,d1,43,19:52:38,19:52:38,403169,2.0,1
MV_A5-Weekday-115000_M5_533,M5,d1,44,19:53:35,19:53:35,400856,1.0,1
MV_A5-Weekday-115000_M5_533,M5,d1,45,19:55:03,19:55:03,403171,1.0,1
MV_A5-Weekday-115000_M5_533,M5,d1,46,19:56:05,19:56:05,400858,3.0,1
MV_A5-Weekday-115000_M5_533,M5,d1,47,19:57:42,19:57:42,400860,3.0,1
MV_A5-Weekday-115000_M5_533,M5,d1,48,19:59:00,19:59:00,400861,3.0,1
MV_A5-Weekday-115000_M5_533,M5,d1,49,19:59:34,19:59:34,403781,3.0,1
MV_A5-Weekday-115000_M5_533,M5,d1,50,20:01:28,20:01:28,403047,3.0,1
MV_A5-Weekday-115000_M5_533,M5,d1,51,20:03:27,20:03:27,402446,2.0,1
MV_A5-Weekday-115000_M5_533,M5,d1,52,20:04:17,20:04:17,403266,3.0,1
MV_A5-Weekday-115000_M5_533,M5,d1,53,20:05:10,20:05:10,400131,2.0,1
MV_A5-Weekday-115000_M5_533,M5,d1,54,20:05:51,20:05:51,450123,3.0,1
MV_A5-Weekday-115000_M5_533,M5,d1,55,20:07:14,20:07:14,400133,3.0,1
MV_A5-Weekday-115000_M5_533,M5,d1,56,20:07:55,20:07:55,404180,2.0,1
MV_A5-Weekday-115000_M5_533,M5,d1,57,20:09:00,20:09:00,400135,4.0,1
MV_A5-Weekday-115000_M5_533,M5,d1,58,20:12:21,20:12:21,400322,2.0,1
MV_A5-Weekday-115000_M5_533,M5,d1,59,20:15:41,20:15:41,400323,2.0,1
MV_A5-Weekday-115000_M5_533,M5,d1,60,20:19:17,20:19:17,400324,2.0,1
MV_A5-Weekday-115000_M5_533,M5,d1,61,20:25:00,20:25:00,803082,2.0,1
MV_A5-Weekday-076900_M5_507,M5,d1,1,12:49:00,12:49:00,403835,14.0,1
MV_A5-Weekday-076900_M5_507,M5,d1,2,12:51:00,12:51:00,400639,14.0,2
MV_A5-Weekday-076900_M5_507,M5,d1,3,12:53:03,12:53:03,400640,17.0,2
MV_A5-Weekday-076900_M5_507,M5,d1,4,12:54:41,12:54:41,400641,17.0,2
MV_A5-Weekday-076900_M5_507,M5,d1,5,12:56:00,12:56:00,400642,21.0,2
MV_A5-Weekday-076900_M5_507,M5,d1,6,12:56:58,12:56:58,400643,21.0,2
MV_A5-Weekday-076900_M5_507,M5,d1,7,12:57:58,12:57:58,400644,21.0,2
MV_A5-Weekday-076900_M5_507,M5,d1,8,12:59:05,12:59:05,400645,21.0,2
MV_A5-Weekday-076900_M5_507,M5,d1,9,13:00:23,13:00:23,400646,21.0,2
MV_A5-Weekday-076900_M5_507,M5,d1,10,13:01:46,13:01:46,400647,23.0,2
MV_A5-Weekday-076900_M5_507,M5,d1,11,13:02:53,13:02:53,400648,23.0,2
MV_A5-Weekday-076900_M5_507,M5,d1,12,13:03:58,13:03:58,400649,20.0,2
MV_A5-Weekday-076900_M5_507,M5,d1,13,13:05:00,13:05:00,403373,20.0,2
MV_A5-Weekday-076900_M5_507,M5,d1,14,13:06:43,13:06:43,403374,1.0,2
MV_A5-Weekday-076900_M5_507,M5,d1,15,13:07:45,13:07:45,403375,19.0,2
MV_A5-Weekday-076900_M5_507,M5,d1,16,13:08:46,13:08:46,403376,19.0,2
MV_A5-Weekday-076900_M5_507,M5,d1,17,13:10:00,13:10:00,403377,19.0,2
MV_A5-Weekday-076900_M5_507,M5,d1,18,13:11:51,13:11:51,400655,20.0,2
MV_A5-Weekday-076900_M5_507,M5,d1,19,13:13:30,13:13:30,400656,20.0,2
MV_A5-Weekday-076900_M5_507,M5,d1,20,13:15:14,13:15:14,400657,21.0,2
MV_A5-Weekday-076900_M5_507,M5,d1,21,13:16:26,13:16:26,400658,3.0,1
MV_A5-Weekday-076900_M5_507,M5,d1,22,13:18:13,13:18:13,400659,3.0,1
MV_A5-Weekday-076900_M5_507,M5,d1,23,13:19:00,13:19:00,403483,3.0,1
MV_A5-Weekday-076900_M5_507,M5,d1,24,13:21:28,13:21:28,400661,3.0,2
MV_A5-Weekday-076900_M5_507,M5,d1,25,13:22:46,13:22:46,400662,24.0,2
MV_A5-Weekday-076900_M5_507,M5,d1,26,13:24:03,13:24:03,400663,1.0,1
MV_A5-Weekday-076900_M5_507,M5,d1,27,13:26:00,13:26:00,803157,5.0,2
MV_A5-Weekday-076900_M5_507,M5,d1,28,13:28:00,13:28:00,404148,24.0,2
MV_A5-Weekday-076900_M5_507,M5,d1,29,13:30:07,13:30:07,403903,7.0,2
MV_A5-Weekday-076900_M5_507,M5,d1,30,13:31:10,13:31:10,403142,26.0,2
MV_A5-Weekday-076900_M5_507,M5,d1,31,13:32:20,13:32:20,403144,9.0,1
MV_A5-Weekday-076900_M5_507,M5,d1,32,13:34:10,13:34:10,403145,11.0,2
MV_A5-Weekday-076900_M5_507,M5,d1,33,13:35:26,13:35:26,405234,25.0,2
MV_A5-Weekday-076900_M5_507,M5,d1,34,13:37:36,13:37:36,403147,9.0,1
MV_A5-Weekday-076900_M5_507,M5,d1,35,13:38:47,13:38:47,403148,4.0,2
MV_A5-Weekday-076900_M5_507,M5,d1,36,13:39:56,13:39:56,403149,25.0,3
MV_A5-Weekday-076900_M5_507,M5,d1,37,13:41:24,13:41:24,400676,35.0,3
MV_A5-Weekday-076900_M5_507,M5,d1,38,13:43:16,13:43:16,400677,37.0,3
MV_A5-Weekday-076900_M5_507,M5,d1,39,13:45:11,13:45:11,400678,14.0,3
MV_A5-Weekday-076900_M5_507,M5,d1,40,13:46:00,13:46:00,400485,37.0,3
MV_A5-Weekday-076900_M5_507,M5,d1,41,13:47:43,13:47:43,400486,14.0,3
MV_A5-Weekday-076900_M5_507,M5,d1,42,13:50:00,13:50:00,400290,38.0,3
MV_A5-Weekday-076900_M5_507,M5,d1,43,13:52:15,13:52:15,404278,13.0,3
MV_A5-Weekday-076900_M5_507,M5,d1,44,13:54:00,13:54:00,400292,34.0,3
MV_A5-Weekday-076900_M5_507,M5,d1,45,13:56:05,13:56:05,400108,32.0,2
MV_A5-Weekday-076900_M5_507,M5,d1,46,13:57:43,13:57:43,400109,32.0,2
MV_A5-Weekday-076900_M5_507,M5,d1,47,13:59:15,13:59:15,400110,32.0,2
MV_A5-Weekday-076900_M5_507,M5,d1,48,14:00:56,14:00:56,400111,27.0,2
MV_A5-Weekday-076900_M5_507,M5,d1,49,14:03:51,14:03:51,404081,10.0,1
MV_A5-Weekday-076900_M5_507,M5,d1,50,14:05:52,14:05:52,404168,11.0,1
MV_A5-Weekday-076900_M5_507,M5,d1,51,14:07:06,14:07:06,400115,11.0,1
MV_A5-Weekday-076900_M5_507,M5,d1,52,14:08:45,14:08:45,400116,11.0,1
MV_A5-Weekday-076900_M5_507,M5,d1,53,14:10:14,14:10:14,400117,4.0,2
MV_A5-Weekday-076900_M5_507,M5,d1,54,14:12:28,14:12:28,400118,27.0,2
MV_A5-Weekday-076900_M5_507,M5,d1,55,14:14:37,14:14:37,400119,4.0,1
MV_A5-Weekday-076900_M5_507,M5,d1,56,14:17:52,14:17:52,400120,3.0,1
MV_A5-Weekday-076900_M5_507,M5,d1,57,14:19:10,14:19:10,400121,3.0,1
MV_A5-Weekday-076900_M5_507,M5,d1,58,14:20:33,14:20:33,400122,5.0,1
MV_A5-Weekday-076900_M5_507,M5,d1,59,14:22:06,14:22:06,400123,5.0,1
MV_A5-Weekday-076900_M5_507,M5,d1,60,14:25:00,14:25:00,400124,5.0,1
MV_A5-Weekday-076900_M5_507,M5,d1,61,14:27:07,14:27:07,400125,9.0,1
MV_A5-Weekday-076900_M5_507,M5,d1,62,14:29:36,14:29:36,400126,8.0,1
MV_A5-Weekday-076900_M5_507,M5,d1,63,14:31:27,14:31:27,400127,8.0,1
MV_A5-Weekday-076900_M5_507,M5,d1,64,14:32:42,14:32:42,400128,8.0,1
MV_A5-Weekday-076900_M5_507,M5,d1,65,14:34:15,14:34:15,400512,6.0,1
MV_A5-Weekday-076900_M5_507,M5,d1,66,14:37:32,14:37:32,403266,6.0,1
MV_A5-Weekday-076900_M5_507,M5,d1,67,14:39:47,14:39:47,400514,4.0,3
MV_A5-Weekday-076900_M5_507,M5,d1,68,14:42:06,14:42:06,400515,33.0,3
MV_A5-Weekday-076900_M5_507,M5,d1,69,14:44:24,14:44:24,400516,3.0,1
MV_A5-Weekday-076900_M5_507,M5,d1,70,14:45:58,14:45:58,405179,2.0,2
MV_A5-Weekday-076900_M5_507,M5,d1,71,14:48:00,14:48:00,400518,28.0,2
MV_A5-Weekday-076900_M5_507,M5,d1,72,14:50:46,14:50:46,400519,28.0,2
MV_A5-Weekday-076900_M5_507,M5,d1,73,14:52:24,14:52:24,405486,3.0,1
MV_A5-Weekday-076900_M5_507,M5,d1,74,14:56:00,14:56:00,903128,3.0,1
MV_A5-Weekday-030000_M5_503,M5,d1,1,5:00:00,5:00:00,404011,2.0,1
MV_A5-Weekday-030000_M5_503,M5,d1,2,5:00:19,5:00:19,404012,2.0,1
MV_A5-Weekday-030000_M5_503,M5,d1,3,5:02:01,5:02:01,404822,2.0,1
MV_A5-Weekday-030000_M5_503,M5,d1,4,5:02:56,5:02:56,404259,2.0,1
MV_A5-Weekday-030000_M5_503,M5,d1,5,5:03:36,5:03:36,405580,2.0,1
MV_A5-Weekday-030000_M5_503,M5,d1,6,5:04:14,5:04:14,400834,2.0,1
MV_A5-Weekday-030000_M5_503,M5,d1,7,5:04:38,5:04:38,400835,2.0,1
MV_A5-Weekday-030000_M5_503,M5,d1,8,5:05:01,5:05:01,400836,2.0,1
MV_A5-Weekday-030000_M5_503,M5,d1,9,5:05:48,5:05:48,400837,2.0,1
MV_A5-Weekday-030000_M5_503,M5,d1,10,5:06:11,5:06:11,400838,4.0,1
MV_A5-Weekday-030000_M5_503,M5,d1,11,5:06:36,5:06:36,404130,4.0,1
MV_A5-Weekday-030000_M5_503,M5,d1,12,5:07:28,5:07:28,400840,6.0,1
MV_A5-Weekday-030000_M5_503,M5,d1,13,5:08:00,5:08:00,400841,6.0,1
MV_A5-Weekday-030000_M5_503,M5,d1,14,5:08:52,5:08:52,404131,4.0,1
MV_A5-Weekday-030000_M5_503,M5,d1,15,5:09:40,5:09:40,400843,4.0,1
MV_A5-Weekday-030000_M5_503,M5,d1,16,5:10:28,5:10:28,404855,4.0,1
MV_A5-Weekday-030000_M5_503,M5,d1,17,5:11:16,5:11:16,400846,4.0,1
MV_A5-Weekday-030000_M5_503,M5,d1,18,5:11:50,5:11:50,400847,6.0,1
MV_A5-Weekday-030000_M5_503,M5,d1,19,5:12:26,5:12:26,400848,6.0,1
MV_A5-Weekday-030000_M5_503,M5,d1,20,5:13:00,5:13:00,400849,6.0,1
MV_A5-Weekday-030000_M5_503,M5,d1,21,5:14:28,5:14:28,400851,4.0,1
MV_A5-Weekday-030000_M5_503,M5,d1,22,5:15:20,5:15:20,400852,6.0,1
MV_A5-Weekday-030000_M5_503,M5,d1,23,5:16:35,5:16:35,400853,6.0,1
MV_A5-Weekday-030000_M5_503,M5,d1,24,5:17:23,5:17:23,400854,9.0,1
MV_A5-Weekday-030000_M5_503,M5,d1,25,5:18:27,5:18:27,403169,9.0,1
MV_A5-Weekday-030000_M5_503,M5,d1,26,5:19:08,5:19:08,400856,8.0,1
MV_A5-Weekday-030000_M5_503,M5,d1,27,5:20:11,5:20:11,403171,8.0,1
MV_A5-Weekday-030000_M5_503,M5,d1,28,5:20:55,5:20:55,400858,8.0,1
MV_A5-Weekday-030000_M5_503,M5,d1,29,5:22:05,5:22:05,400860,8.0,1
MV_A5-Weekday-030000_M5_503,M5,d1,30,5:23:00,5:23:00,400861,11.0,1
MV_A5-Weekday-030000_M5_503,M5,d1,31,5:23:17,5:23:17,403781,11.0,1
MV_A5-Weekday-030000_M5_503,M5,d1,32,5:24:14,5:24:14,403047,11.0,1
MV_A5-Weekday-030000_M5_503,M5,d1,33,5:25:13,5:25:13,402446,11.0,1
MV_A5-Weekday-030000_M5_503,M5,d1,34,5:25:38,5:25:38,403266,11.0,1
MV_A5-Weekday-030000_M5_503,M5,d1,35,5:26:05,5:26:05,400131,6.0,1
MV_A5-Weekday-030000_M5_503,M5,d1,36,5:26:26,5:26:26,450123,12.0,1
MV_A5-Weekday-030000_M5_503,M5,d1,37,5:27:07,5:27:07,400133,2.0,1
MV_A5-Weekday-030000_M5_503,M5,d1,38,5:27:28,5:27:28,404180,10.0,1
MV_A5-Weekday-030000_M5_503,M5,d1,39,5:28:00,5:28:00,400135,10.0,1
MV_A5-Weekday-030000_M5_503,M5,d1,40,5:30:31,5:30:31,400322,1.0,1
MV_A5-Weekday-030000_M5_503,M5,d1,41,5:33:01,5:33:01,400323,10.0,1
MV_A5-Weekday-030000_M5_503,M5,d1,42,5:35:43,5:35:43,400324,8.0,1
MV_A5-Weekday-030000_M5_503,M5,d1,43,5:40:00,5:40:00,803082,8.0,1
MV_A5-Weekday-069300_M5_524,M5,d1,1,11:33:00,11:33:00,400808,5.0,1
MV_A5-Weekday-069300_M5_524,M5,d1,2,11:34:19,11:34:19,400809,14.0,1
MV_A5-Weekday-069300_M5_524,M5,d1,3,11:35:24,11:35:24,400810,11.0,1
MV_A5-Weekday-069300_M5_524,M5,d1,4,11:36:30,11:36:30,400811,13.0,1
MV_A5-Weekday-069300_M5_524,M5,d1,5,11:37:16,11:37:16,400812,15.0,2
MV_A5-Weekday-069300_M5_524,M5,d1,6,11:39:11,11:39:11,404918,17.0,2
MV_A5-Weekday-069300_M5_524,M5,d1,7,11:40:47,11:40:47,400814,18.0,2
MV_A5-Weekday-069300_M5_524,M5,d1,8,11:41:45,11:41:45,400815,17.0,2
MV_A5-Weekday-069300_M5_524,M5,d1,9,11:42:47,11:42:47,400816,19.0,2
MV_A5-Weekday-069300_M5_524,M5,d1,10,11:44:00,11:44:00,400655,18.0,2
MV_A5-Weekday-069300_M5_524,M5,d1,11,11:46:28,11:46:28,400657,22.0,2
MV_A5-Weekday-069300_M5_524,M5,d1,12,11:49:12,11:49:12,403483,20.0,2
MV_A5-Weekday-069300_M5_524,M5,d1,13,11:51:42,11:51:42,400662,14.0,1
MV_A5-Weekday-069300_M5_524,M5,d1,14,11:54:00,11:54:00,404011,14.0,1
MV_A5-Weekday-069300_M5_524,M5,d1,15,11:54:26,11:54:26,404012,14.0,1
MV_A5-Weekday-069300_M5_524,M5,d1,16,11:56:46,11:56:46,404822,14.0,1
MV_A5-Weekday-069300_M5_524,M5,d1,17,11:58:02,11:58:02,404259,7.0,1
MV_A5-Weekday-069300_M5_524,M5,d1,18,11:58:56,11:58:56,405580,9.0,1
MV_A5-Weekday-069300_M5_524,M5,d1,19,11:59:49,11:59:49,400834,9.0,1
MV_A5-Weekday-069300_M5_524,M5,d1,20,12:00:23,12:00:23,400835,9.0,1
MV_A5-Weekday-069300_M5_524,M5,d1,21,12:00:54,12:00:54,400836,9.0,1
MV_A5-Weekday-069300_M5_524,M5,d1,22,12:01:59,12:01:59,400837,11.0,1
MV_A5-Weekday-069300_M5_524,M5,d1,23,12:02:31,12:02:31,400838,11.0,1
MV_A5-Weekday-069300_M5_524,M5,d1,24,12:03:05,12:03:05,404130,9.0,1
MV_A5-Weekday-069300_M5_524,M5,d1,25,12:04:16,12:04:16,400840,9.0,1
MV_A5-Weekday-069300_M5_524,M5,d1,26,12:05:00,12:05:00,400841,9.0,1
MV_A5-Weekday-069300_M5_524,M5,d1,27,12:06:24,12:06:24,404131,8.0,1
MV_A5-Weekday-069300_M5_524,M5,d1,28,12:07:40,12:07:40,400843,8.0,1
MV_A5-Weekday-069300_M5_524,M5,d1,29,12:08:57,12:08:57,404855,8.0,1
MV_A5-Weekday-069300_M5_524,M5,d1,30,12:10:13,12:10:13,400846,8.0,1
MV_A5-Weekday-069300_M5_524,M5,d1,31,12:11:08,12:11:08,400847,8.0,1
MV_A5-Weekday-069300_M5_524,M5,d1,32,12:12:06,12:12:06,400848,9.0,1
MV_A5-Weekday-069300_M5_524,M5,d1,33,12:13:00,12:13:00,400849,9.0,1
MV_A5-Weekday-069300_M5_524,M5,d1,34,12:15:12,12:15:12,400851,9.0,1
MV_A5-Weekday-069300_M5_524,M5,d1,35,12:16:30,12:16:30,400852,9.0,1
MV_A5-Weekday-069300_M5_524,M5,d1,36,12:18:22,12:18:22,400853,9.0,1
MV_A5-Weekday-069300_M5_524,M5,d1,37,12:19:35,12:19:35,400854,9.0,1
MV_A5-Weekday-069300_M5_524,M5,d1,38,12:23:46,12:23:46,403171,13.0,2
MV_A5-Weekday-069300_M5_524,M5,d1,39,12:28:00,12:28:00,400861,19.0,2
MV_A5-Weekday-069300_M5_524,M5,d1,40,12:33:56,12:33:56,403047,19.0,2
MV_A5-Weekday-069300_M5_524,M5,d1,41,12:38:41,12:38:41,402446,11.0,1
MV_A5-Weekday-069300_M5_524,M5,d1,42,12:44:27,12:44:27,450123,8.0,1
MV_A5-Weekday-069300_M5_524,M5,d1,43,12:52:00,12:52:00,400135,3.0,1
MV_A5-Weekday-069300_M5_524,M5,d1,44,12:53:28,12:53:28,400322,9.0,1
MV_A5-Weekday-069300_M5_524,M5,d1,45,12:54:56,12:54:56,400323,3.0,1
MV_A5-Weekday-069300_M5_524,M5,d1,46,12:56:30,12:56:30,400324,3.0,1
MV_A5-Weekday-069300_M5_524,M5,d1,47,12:59:00,12:59:00,803082,3.0,1
MV_A5-Weekday-SDon-067800_M5_519,M5,d1,1,11:18:00,11:18:00,400808,22.0,2
MV_A5-Weekday-SDon-067800_M5_519,M5,d1,2,11:19:12,11:19:12,400809,25.0,2
MV_A5-Weekday-SDon-067800_M5_519,M5,d1,3,11:20:11,11:20:11,400810,25.0,2
MV_A5-Weekday-SDon-067800_M5_519,M5,d1,4,11:21:11,11:21:11,400811,25.0,2
MV_A5-Weekday-SDon-067800_M5_519,M5,d1,5,11:21:52,11:21:52,400812,25.0,2
MV_A5-Weekday-SDon-067800_M5_519,M5,d1,6,11:23:37,11:23:37,404918,30.0,2
MV_A5-Weekday-SDon-067800_M5_519,M5,d1,7,11:25:04,11:25:04,400814,31.0,2
MV_A5-Weekday-SDon-067800_M5_519,M5,d1,8,11:25:58,11:25:58,400815,31.0,2
MV_A5-Weekday-SDon-067800_M5_519,M5,d1,9,11:26:54,11:26:54,400816,31.0,2
MV_A5-Weekday-SDon-067800_M5_519,M5,d1,10,11:28:00,11:28:00,400655,31.0,2
MV_A5-Weekday-SDon-067800_M5_519,M5,d1,11,11:30:28,11:30:28,400657,25.0,2
MV_A5-Weekday-SDon-067800_M5_519,M5,d1,12,11:33:12,11:33:12,403483,16.0,1
MV_A5-Weekday-SDon-067800_M5_519,M5,d1,13,11:35:42,11:35:42,400662,15.0,1
MV_A5-Weekday-SDon-067800_M5_519,M5,d1,14,11:38:00,11:38:00,404011,7.0,2
MV_A5-Weekday-SDon-067800_M5_519,M5,d1,15,11:38:26,11:38:26,404012,18.0,2
MV_A5-Weekday-SDon-067800_M5_519,M5,d1,16,11:40:46,11:40:46,404822,18.0,2
MV_A5-Weekday-SDon-067800_M5_519,M5,d1,17,11:42:02,11:42:02,404259,20.0,2
MV_A5-Weekday-SDon-067800_M5_519,M5,d1,18,11:42:56,11:42:56,405580,20.0,2
MV_A5-Weekday-SDon-067800_M5_519,M5,d1,19,11:43:49,11:43:49,400834,4.0,1
MV_A5-Weekday-SDon-067800_M5_519,M5,d1,20,11:44:23,11:44:23,400835,12.0,1
MV_A5-Weekday-SDon-067800_M5_519,M5,d1,21,11:44:54,11:44:54,400836,10.0,2
MV_A5-Weekday-SDon-067800_M5_519,M5,d1,22,11:45:59,11:45:59,400837,22.0,2
MV_A5-Weekday-SDon-067800_M5_519,M5,d1,23,11:46:31,11:46:31,400838,11.0,2
MV_A5-Weekday-SDon-067800_M5_519,M5,d1,24,11:47:05,11:47:05,404130,23.0,2
MV_A5-Weekday-SDon-067800_M5_519,M5,d1,25,11:48:16,11:48:16,400840,13.0,2
MV_A5-Weekday-SDon-067800_M5_519,M5,d1,26,11:49:00,11:49:00,400841,23.0,2
MV_A5-Weekday-SDon-067800_M5_519,M5,d1,27,11:50:24,11:50:24,404131,24.0,2
MV_A5-Weekday-SDon-067800_M5_519,M5,d1,28,11:51:40,11:51:40,400843,22.0,2
MV_A5-Weekday-SDon-067800_M5_519,M5,d1,29,11:52:57,11:52:57,404855,23.0,2
MV_A5-Weekday-SDon-067800_M5_519,M5,d1,30,11:54:13,11:54:13,400846,24.0,2
MV_A5-Weekday-SDon-067800_M5_519,M5,d1,31,11:55:08,11:55:08,400847,14.0,2
MV_A5-Weekday-SDon-067800_M5_519,M5,d1,32,11:56:06,11:56:06,400848,25.0,2
MV_A5-Weekday-SDon-067800_M5_519,M5,d1,33,11:57:00,11:57:00,400849,25.0,2
MV_A5-Weekday-SDon-067800_M5_519,M5,d1,34,11:59:12,11:59:12,400851,25.0,2
MV_A5-Weekday-SDon-067800_M5_519,M5,d1,35,12:00:30,12:00:30,400852,23.0,2
MV_A5-Weekday-SDon-067800_M5_519,M5,d1,36,12:02:22,12:02:22,400853,25.0,2
MV_A5-Weekday-SDon-067800_M5_519,M5,d1,37,12:03:35,12:03:35,400854,26.0,2
MV_A5-Weekday-SDon-067800_M5_519,M5,d1,38,12:07:46,12:07:46,403171,26.0,2
MV_A5-Weekday-SDon-067800_M5_519,M5,d1,39,12:12:00,12:12:00,400861,27.0,2
MV_A5-Weekday-SDon-067800_M5_519,M5,d1,40,12:17:56,12:17:56,403047,26.0,2
MV_A5-Weekday-SDon-067800_M5_519,M5,d1,41,12:22:41,12:22:41,402446,24.0,2
MV_A5-Weekday-SDon-067800_M5_519,M5,d1,42,12:28:27,12:28:27,450123,16.0,1
MV_A5-Weekday-SDon-067800_M5_519,M5,d1,43,12:36:00,12:36:00,400135,11.0,1
MV_A5-Weekday-SDon-067800_M5_519,M5,d1,44,12:37:28,12:37:28,400322,15.0,1
MV_A5-Weekday-SDon-067800_M5_519,M5,d1,45,12:38:56,12:38:56,400323,15.0,1
MV_A5-Weekday-SDon-067800_M5_519,M5,d1,46,12:40:30,12:40:30,400324,1.0,1
MV_A5-Weekday-SDon-067800_M5_519,M5,d1,47,12:43:00,12:43:00,803082,1.0,1
MV_A5-Weekday-036200_M5_507,M5,d1,1,6:02:00,6:02:00,400808,5.0,1
MV_A5-Weekday-036200_M5_507,M5,d1,2,6:02:57,6:02:57,400809,5.0,1
MV_A5-Weekday-036200_M5_507,M5,d1,3,6:03:45,6:03:45,400810,6.0,1
MV_A5-Weekday-036200_M5_507,M5,d1,4,6:04:32,6:04:32,400811,6.0,1
MV_A5-Weekday-036200_M5_507,M5,d1,5,6:05:06,6:05:06,400812,5.0,1
MV_A5-Weekday-036200_M5_507,M5,d1,6,6:06:29,6:06:29,404918,5.0,1
MV_A5-Weekday-036200_M5_507,M5,d1,7,6:07:39,6:07:39,400814,5.0,1
MV_A5-Weekday-036200_M5_507,M5,d1,8,6:08:22,6:08:22,400815,4.0,1
MV_A5-Weekday-036200_M5_507,M5,d1,9,6:09:07,6:09:07,400816,5.0,1
MV_A5-Weekday-036200_M5_507,M5,d1,10,6:10:00,6:10:00,400655,6.0,1
MV_A5-Weekday-036200_M5_507,M5,d1,11,6:10:57,6:10:57,400656,6.0,1
MV_A5-Weekday-036200_M5_507,M5,d1,12,6:11:58,6:11:58,400657,8.0,1
MV_A5-Weekday-036200_M5_507,M5,d1,13,6:12:40,6:12:40,400658,11.0,1
MV_A5-Weekday-036200_M5_507,M5,d1,14,6:13:42,6:13:42,400659,11.0,1
MV_A5-Weekday-036200_M5_507,M5,d1,15,6:14:10,6:14:10,403483,8.0,1
MV_A5-Weekday-036200_M5_507,M5,d1,16,6:15:28,6:15:28,400661,8.0,1
MV_A5-Weekday-036200_M5_507,M5,d1,17,6:16:09,6:16:09,400662,7.0,1
MV_A5-Weekday-036200_M5_507,M5,d1,18,6:16:50,6:16:50,400663,9.0,1
MV_A5-Weekday-036200_M5_507,M5,d1,19,6:18:00,6:18:00,404011,12.0,1
MV_A5-Weekday-036200_M5_507,M5,d1,20,6:18:19,6:18:19,404012,12.0,1
MV_A5-Weekday-036200_M5_507,M5,d1,21,6:20:01,6:20:01,404822,12.0,1
MV_A5-Weekday-036200_M5_507,M5,d1,22,6:20:56,6:20:56,404259,10.0,1
MV_A5-Weekday-036200_M5_507,M5,d1,23,6:21:36,6:21:36,405580,10.0,1
MV_A5-Weekday-036200_M5_507,M5,d1,24,6:22:14,6:22:14,400834,10.0,1
MV_A5-Weekday-036200_M5_507,M5,d1,25,6:22:38,6:22:38,400835,10.0,1
MV_A5-Weekday-036200_M5_507,M5,d1,26,6:23:01,6:23:01,400836,8.0,1
MV_A5-Weekday-036200_M5_507,M5,d1,27,6:23:48,6:23:48,400837,12.0,1
MV_A5-Weekday-036200_M5_507,M5,d1,28,6:24:11,6:24:11,400838,12.0,1
MV_A5-Weekday-036200_M5_507,M5,d1,29,6:24:36,6:24:36,404130,9.0,1
MV_A5-Weekday-036200_M5_507,M5,d1,30,6:25:28,6:25:28,400840,13.0,1
MV_A5-Weekday-036200_M5_507,M5,d1,31,6:26:00,6:26:00,400841,10.0,1
MV_A5-Weekday-036200_M5_507,M5,d1,32,6:26:52,6:26:52,404131,14.0,1
MV_A5-Weekday-036200_M5_507,M5,d1,33,6:27:40,6:27:40,400843,14.0,1
MV_A5-Weekday-036200_M5_507,M5,d1,34,6:28:28,6:28:28,404855,14.0,1
MV_A5-Weekday-036200_M5_507,M5,d1,35,6:29:16,6:29:16,400846,10.0,1
MV_A5-Weekday-036200_M5_507,M5,d1,36,6:29:50,6:29:50,400847,10.0,1
MV_A5-Weekday-036200_M5_507,M5,d1,37,6:30:26,6:30:26,400848,10.0,1
MV_A5-Weekday-036200_M5_507,M5,d1,38,6:31:00,6:31:00,400849,10.0,1
MV_A5-Weekday-036200_M5_507,M5,d1,39,6:32:37,6:32:37,400851,12.0,1
MV_A5-Weekday-036200_M5_507,M5,d1,40,6:33:34,6:33:34,400852,12.0,1
MV_A5-Weekday-036200_M5_507,M5,d1,41,6:34:56,6:34:56,400853,15.0,1
MV_A5-Weekday-036200_M5_507,M5,d1,42,6:35:49,6:35:49,400854,15.0,1
MV_A5-Weekday-036200_M5_507,M5,d1,43,6:37:00,6:37:00,403169,12.0,2
MV_A5-Weekday-036200_M5_507,M5,d1,44,6:37:44,6:37:44,400856,17.0,2
MV_A5-Weekday-036200_M5_507,M5,d1,45,6:38:54,6:38:54,403171,17.0,2
MV_A5-Weekday-036200_M5_507,M5,d1,46,6:39:43,6:39:43,400858,12.0,2
MV_A5-Weekday-036200_M5_507,M5,d1,47,6:40:59,6:40:59,400860,19.0,2
MV_A5-Weekday-036200_M5_507,M5,d1,48,6:42:00,6:42:00,400861,23.0,2
MV_A5-Weekday-036200_M5_507,M5,d1,49,6:42:14,6:42:14,403781,23.0,2
MV_A5-Weekday-036200_M5_507,M5,d1,50,6:42:59,6:42:59,403047,23.0,2
MV_A5-Weekday-036200_M5_507,M5,d1,51,6:43:47,6:43:47,402446,17.0,2
MV_A5-Weekday-036200_M5_507,M5,d1,52,6:44:07,6:44:07,403266,8.0,1
MV_A5-Weekday-036200_M5_507,M5,d1,53,6:44:28,6:44:28,400131,9.0,1
MV_A5-Weekday-036200_M5_507,M5,d1,54,6:44:44,6:44:44,450123,9.0,1
MV_A5-Weekday-036200_M5_507,M5,d1,55,6:45:18,6:45:18,400133,4.0,1
MV_A5-Weekday-036200_M5_507,M5,d1,56,6:45:34,6:45:34,404180,6.0,1
MV_A5-Weekday-036200_M5_507,M5,d1,57,6:46:00,6:46:00,400135,5.0,1
MV_A5-Weekday-036200_M5_507,M5,d1,58,6:48:56,6:48:56,400322,2.0,1
MV_A5-Weekday-036200_M5_507,M5,d1,59,6:51:51,6:51:51,400323,5.0,1
MV_A5-Weekday-036200_M5_507,M5,d1,60,6:55:00,6:55:00,400324,1.0,1
MV_A5-Weekday-036200_M5_507,M5,d1,61,7:00:00,7:00:00,803082,1.0,1
MV_A5-Weekday-SDon-078700_M5_509,M5,d1,1,13:07:00,13:07:00,403835,2.0,1
MV_A5-Weekday-SDon-078700_M5_509,M5,d1,2,13:09:00,13:09:00,400639,2.0,1
MV_A5-Weekday-SDon-078700_M5_509,M5,d1,3,13:11:03,13:11:03,400640,2.0,1
MV_A5-Weekday-SDon-078700_M5_509,M5,d1,4,13:12:41,13:12:41,400641,1.0,1
MV_A5-Weekday-SDon-078700_M5_509,M5,d1,5,13:14:00,13:14:00,400642,16.0,1
MV_A5-Weekday-SDon-078700_M5_509,M5,d1,6,13:14:58,13:14:58,400643,16.0,1
MV_A5-Weekday-SDon-078700_M5_509,M5,d1,7,13:15:58,13:15:58,400644,16.0,2
MV_A5-Weekday-SDon-078700_M5_509,M5,d1,8,13:17:05,13:17:05,400645,20.0,2
MV_A5-Weekday-SDon-078700_M5_509,M5,d1,9,13:18:23,13:18:23,400646,4.0,2
MV_A5-Weekday-SDon-078700_M5_509,M5,d1,10,13:19:46,13:19:46,400647,23.0,2
MV_A5-Weekday-SDon-078700_M5_509,M5,d1,11,13:20:53,13:20:53,400648,23.0,2
MV_A5-Weekday-SDon-078700_M5_509,M5,d1,12,13:21:58,13:21:58,400649,24.0,2
MV_A5-Weekday-SDon-078700_M5_509,M5,d1,13,13:23:00,13:23:00,403373,24.0,2
MV_A5-Weekday-SDon-078700_M5_509,M5,d1,14,13:24:43,13:24:43,403374,24.0,2
MV_A5-Weekday-SDon-078700_M5_509,M5,d1,15,13:25:45,13:25:45,403375,24.0,2
MV_A5-Weekday-SDon-078700_M5_509,M5,d1,16,13:26:46,13:26:46,403376,24.0,2
MV_A5-Weekday-SDon-078700_M5_509,M5,d1,17,13:28:00,13:28:00,403377,2.0,1
MV_A5-Weekday-SDon-078700_M5_509,M5,d1,18,13:29:51,13:29:51,400655,6.0,1
MV_A5-Weekday-SDon-078700_M5_509,M5,d1,19,13:31:30,13:31:30,400656,6.0,1
MV_A5-Weekday-SDon-078700_M5_509,M5,d1,20,13:33:14,13:33:14,400657,6.0,1
MV_A5-Weekday-SDon-078700_M5_509,M5,d1,21,13:34:26,13:34:26,400658,6.0,1
MV_A5-Weekday-SDon-078700_M5_509,M5,d1,22,13:36:13,13:36:13,400659,6.0,1
MV_A5-Weekday-SDon-078700_M5_509,M5,d1,23,13:37:00,13:37:00,403483,6.0,1
MV_A5-Weekday-SDon-078700_M5_509,M5,d1,24,13:39:28,13:39:28,400661,6.0,1
MV_A5-Weekday-SDon-078700_M5_509,M5,d1,25,13:40:46,13:40:46,400662,6.0,1
MV_A5-Weekday-SDon-078700_M5_509,M5,d1,26,13:42:03,13:42:03,400663,6.0,1
MV_A5-Weekday-SDon-078700_M5_509,M5,d1,27,13:44:00,13:44:00,803157,6.0,1
MV_A5-Weekday-SDon-078700_M5_509,M5,d1,28,13:46:00,13:46:00,404148,6.0,1
MV_A5-Weekday-SDon-078700_M5_509,M5,d1,29,13:48:07,13:48:07,403903,7.0,1
MV_A5-Weekday-SDon-078700_M5_509,M5,d1,30,13:49:10,13:49:10,403142,7.0,1
MV_A5-Weekday-SDon-078700_M5_509,M5,d1,31,13:50:20,13:50:20,403144,7.0,1
MV_A5-Weekday-SDon-078700_M5_509,M5,d1,32,13:52:10,13:52:10,403145,6.0,1
MV_A5-Weekday-SDon-078700_M5_509,M5,d1,33,13:53:26,13:53:26,405234,10.0,1
MV_A5-Weekday-SDon-078700_M5_509,M5,d1,34,13:55:36,13:55:36,403147,10.0,1
MV_A5-Weekday-SDon-078700_M5_509,M5,d1,35,13:56:47,13:56:47,403148,9.0,1
MV_A5-Weekday-SDon-078700_M5_509,M5,d1,36,13:57:56,13:57:56,403149,13.0,1
MV_A5-Weekday-SDon-078700_M5_509,M5,d1,37,13:59:24,13:59:24,400676,8.0,1
MV_A5-Weekday-SDon-078700_M5_509,M5,d1,38,14:01:16,14:01:16,400677,9.0,1
MV_A5-Weekday-SDon-078700_M5_509,M5,d1,39,14:03:11,14:03:11,400678,11.0,1
MV_A5-Weekday-SDon-078700_M5_509,M5,d1,40,14:04:00,14:04:00,400485,11.0,2
MV_A5-Weekday-SDon-078700_M5_509,M5,d1,41,14:05:43,14:05:43,400486,23.0,2
MV_A5-Weekday-SDon-078700_M5_509,M5,d1,42,14:08:00,14:08:00,400290,19.0,2
MV_A5-Weekday-SDon-078700_M5_509,M5,d1,43,14:10:15,14:10:15,404278,17.0,2
MV_A5-Weekday-SDon-078700_M5_509,M5,d1,44,14:12:00,14:12:00,400292,14.0,1
MV_A5-Weekday-SDon-078700_M5_509,M5,d1,45,14:14:05,14:14:05,400108,12.0,1
MV_A5-Weekday-SDon-078700_M5_509,M5,d1,46,14:15:43,14:15:43,400109,16.0,1
MV_A5-Weekday-SDon-078700_M5_509,M5,d1,47,14:17:15,14:17:15,400110,10.0,1
MV_A5-Weekday-SDon-078700_M5_509,M5,d1,48,14:18:56,14:18:56,400111,16.0,1
MV_A5-Weekday-SDon-078700_M5_509,M5,d1,49,14:21:51,14:21:51,404081,9.0,1
MV_A5-Weekday-SDon-078700_M5_509,M5,d1,50,14:23:52,14:23:52,404168,9.0,1
MV_A5-Weekday-SDon-078700_M5_509,M5,d1,51,14:25:06,14:25:06,400115,9.0,1
MV_A5-Weekday-SDon-078700_M5_509,M5,d1,52,14:26:45,14:26:45,400116,9.0,1
MV_A5-Weekday-SDon-078700_M5_509,M5,d1,53,14:28:14,14:28:14,400117,9.0,1
MV_A5-Weekday-SDon-078700_M5_509,M5,d1,54,14:30:28,14:30:28,400118,9.0,1
MV_A5-Weekday-SDon-078700_M5_509,M5,d1,55,14:32:37,14:32:37,400119,6.0,1
MV_A5-Weekday-SDon-078700_M5_509,M5,d1,56,14:35:52,14:35:52,400120,11.0,1
MV_A5-Weekday-SDon-078700_M5_509,M5,d1,57,14:37:10,14:37:10,400121,11.0,1
MV_A5-Weekday-SDon-078700_M5_509,M5,d1,58,14:38:33,14:38:33,400122,11.0,1
MV_A5-Weekday-SDon-078700_M5_509,M5,d1,59,14:40:06,14:40:06,400123,11.0,1
MV_A5-Weekday-SDon-078700_M5_509,M5,d1,60,14:43:00,14:43:00,400124,11.0,1
MV_A5-Weekday-SDon-078700_M5_509,M5,d1,61,14:45:07,14:45:07,400125,11.0,1
MV_A5-Weekday-SDon-078700_M5_509,M5,d1,62,14:47:36,14:47:36,400126,11.0,1
MV_A5-Weekday-SDon-078700_M5_509,M5,d1,63,14:49:27,14:49:27,400127,11.0,1
MV_A5-Weekday-SDon-078700_M5_509,M5,d1,64,14:50:42,14:50:42,400128,11.0,1
MV_A5-Weekday-SDon-078700_M5_509,M5,d1,65,14:52:15,14:52:15,400512,11.0,1
MV_A5-Weekday-SDon-078700_M5_509,M5,d1,66,14:55:32,14:55:32,403266,11.0,1
MV_A5-Weekday-SDon-078700_M5_509,M5,d1,67,14:57:47,14:57:47,400514,11.0,1
MV_A5-Weekday-SDon-078700_M5_509,M5,d1,68,15:00:06,15:00:06,400515,11.0,1
MV_A5-Weekday-SDon-078700_M5_509,M5,d1,69,15:02:24,15:02:24,400516,11.0,1
MV_A5-Weekday-SDon-078700_M5_509,M5,d1,70,15:03:58,15:03:58,405179,11.0,1
MV_A5-Weekday-SDon-078700_M5_509,M5,d1,71,15:06:00,15:06:00,400518,11.0,1
MV_A5-Weekday-SDon-078700_M5_509,M5,d1,72,15:08:46,15:08:46,400519,11.0,1
MV_A5-Weekday-SDon-078700_M5_509,M5,d1,73,15:10:24,15:10:24,405486,11.0,1
MV_A5-Weekday-SDon-078700_M5_509,M5,d1,74,15:14:00,15:14:00,903128,11.0,1
MV_A5-Weekday-SDon-120500_M5_542,M5,d1,1,20:05:00,20:05:00,400808,4.0,1
MV_A5-Weekday-SDon-120500_M5_542,M5,d1,2,20:06:04,20:06:04,400809,11.0,1
MV_A5-Weekday-SDon-120500_M5_542,M5,d1,3,20:06:58,20:06:58,400810,12.0,1
MV_A5-Weekday-SDon-120500_M5_542,M5,d1,4,20:07:52,20:07:52,400811,15.0,1
MV_A5-Weekday-SDon-120500_M5_542,M5,d1,5,20:08:29,20:08:29,400812,15.0,1
MV_A5-Weekday-SDon-120500_M5_542,M5,d1,6,20:10:03,20:10:03,404918,10.0,1
MV_A5-Weekday-SDon-120500_M5_542,M5,d1,7,20:11:22,20:11:22,400814,9.0,1
MV_A5-Weekday-SDon-120500_M5_542,M5,d1,8,20:12:10,20:12:10,400815,12.0,1
MV_A5-Weekday-SDon-120500_M5_542,M5,d1,9,20:13:00,20:13:00,400816,7.0,1
MV_A5-Weekday-SDon-120500_M5_542,M5,d1,10,20:14:00,20:14:00,400655,11.0,1
MV_A5-Weekday-SDon-120500_M5_542,M5,d1,11,20:15:26,20:15:26,400656,10.0,1
MV_A5-Weekday-SDon-120500_M5_542,M5,d1,12,20:16:57,20:16:57,400657,10.0,1
MV_A5-Weekday-SDon-120500_M5_542,M5,d1,13,20:18:00,20:18:00,400658,7.0,1
MV_A5-Weekday-SDon-120500_M5_542,M5,d1,14,20:19:34,20:19:34,400659,6.0,1
MV_A5-Weekday-SDon-120500_M5_542,M5,d1,15,20:20:15,20:20:15,403483,10.0,1
MV_A5-Weekday-SDon-120500_M5_542,M5,d1,16,20:22:12,20:22:12,400661,10.0,1
MV_A5-Weekday-SDon-120500_M5_542,M5,d1,17,20:23:14,20:23:14,400662,6.0,1
MV_A5-Weekday-SDon-120500_M5_542,M5,d1,18,20:24:15,20:24:15,400663,7.0,1
MV_A5-Weekday-SDon-120500_M5_542,M5,d1,19,20:26:00,20:26:00,404011,7.0,1
MV_A5-Weekday-SDon-120500_M5_542,M5,d1,20,20:26:21,20:26:21,404012,7.0,1
MV_A5-Weekday-SDon-120500_M5_542,M5,d1,21,20:28:16,20:28:16,404822,8.0,1
MV_A5-Weekday-SDon-120500_M5_542,M5,d1,22,20:29:18,20:29:18,404259,8.0,1
MV_A5-Weekday-SDon-120500_M5_542,M5,d1,23,20:30:03,20:30:03,405580,8.0,1
MV_A5-Weekday-SDon-120500_M5_542,M5,d1,24,20:30:46,20:30:46,400834,8.0,1
MV_A5-Weekday-SDon-120500_M5_542,M5,d1,25,20:31:13,20:31:13,400835,8.0,1
MV_A5-Weekday-SDon-120500_M5_542,M5,d1,26,20:31:39,20:31:39,400836,1.0,1
MV_A5-Weekday-SDon-120500_M5_542,M5,d1,27,20:32:32,20:32:32,400837,6.0,1
MV_A5-Weekday-SDon-120500_M5_542,M5,d1,28,20:32:58,20:32:58,400838,6.0,1
MV_A5-Weekday-SDon-120500_M5_542,M5,d1,29,20:33:26,20:33:26,404130,6.0,1
MV_A5-Weekday-SDon-120500_M5_542,M5,d1,30,20:34:24,20:34:24,400840,3.0,1
MV_A5-Weekday-SDon-120500_M5_542,M5,d1,31,20:35:00,20:35:00,400841,6.0,1
MV_A5-Weekday-SDon-120500_M5_542,M5,d1,32,20:35:52,20:35:52,404131,6.0,1
MV_A5-Weekday-SDon-120500_M5_542,M5,d1,33,20:36:40,20:36:40,400843,3.0,1
MV_A5-Weekday-SDon-120500_M5_542,M5,d1,34,20:37:28,20:37:28,404855,5.0,1
MV_A5-Weekday-SDon-120500_M5_542,M5,d1,35,20:38:16,20:38:16,400846,6.0,1
MV_A5-Weekday-SDon-120500_M5_542,M5,d1,36,20:38:50,20:38:50,400847,6.0,1
MV_A5-Weekday-SDon-120500_M5_542,M5,d1,37,20:39:26,20:39:26,400848,4.0,1
MV_A5-Weekday-SDon-120500_M5_542,M5,d1,38,20:40:00,20:40:00,400849,3.0,1
MV_A5-Weekday-SDon-120500_M5_542,M5,d1,39,20:41:55,20:41:55,400851,3.0,1
MV_A5-Weekday-SDon-120500_M5_542,M5,d1,40,20:43:02,20:43:02,400852,4.0,1
MV_A5-Weekday-SDon-120500_M5_542,M5,d1,41,20:44:39,20:44:39,400853,3.0,1
MV_A5-Weekday-SDon-120500_M5_542,M5,d1,42,20:45:42,20:45:42,400854,4.0,1
MV_A5-Weekday-SDon-120500_M5_542,M5,d1,43,20:47:06,20:47:06,403169,4.0,1
MV_A5-Weekday-SDon-120500_M5_542,M5,d1,44,20:47:58,20:47:58,400856,4.0,1
MV_A5-Weekday-SDon-120500_M5_542,M5,d1,45,20:49:20,20:49:20,403171,2.0,1
MV_A5-Weekday-SDon-120500_M5_542,M5,d1,46,20:50:18,20:50:18,400858,5.0,1
MV_A5-Weekday-SDon-120500_M5_542,M5,d1,47,20:51:48,20:51:48,400860,5.0,1
MV_A5-Weekday-SDon-120500_M5_542,M5,d1,48,20:53:00,20:53:00,400861,5.0,1
MV_A5-Weekday-SDon-120500_M5_542,M5,d1,49,20:53:24,20:53:24,403781,8.0,1
MV_A5-Weekday-SDon-120500_M5_542,M5,d1,50,20:54:44,20:54:44,403047,8.0,1
MV_A5-Weekday-SDon-120500_M5_542,M5,d1,51,20:56:07,20:56:07,402446,11.0,1
MV_A5-Weekday-SDon-120500_M5_542,M5,d1,52,20:56:42,20:56:42,403266,11.0,1
MV_A5-Weekday-SDon-120500_M5_542,M5,d1,53,20:57:19,20:57:19,400131,5.0,1
MV_A5-Weekday-SDon-120500_M5_542,M5,d1,54,20:57:48,20:57:48,450123,12.0,1
MV_A5-Weekday-SDon-120500_M5_542,M5,d1,55,20:58:46,20:58:46,400133,12.0,1
MV_A5-Weekday-SDon-120500_M5_542,M5,d1,56,20:59:15,20:59:15,404180,12.0,1
MV_A5-Weekday-SDon-120500_M5_542,M5,d1,57,21:00:00,21:00:00,400135,11.0,1
MV_A5-Weekday-SDon-120500_M5_542,M5,d1,58,21:02:56,21:02:56,400322,11.0,1
MV_A5-Weekday-SDon-120500_M5_542,M5,d1,59,21:05:51,21:05:51,400323,8.0,1
MV_A5-Weekday-SDon-120500_M5_542,M5,d1,60,21:09:00,21:09:00,400324,1.0,1
MV_A5-Weekday-SDon-120500_M5_542,M5,d1,61,21:14:00,21:14:00,803082,1.0,1
MV_A5-Weekday-SDon-033600_M5_506,M5,d1,1,5:36:00,5:36:00,404011,3.0,1
MV_A5-Weekday-SDon-033600_M5_506,M5,d1,2,5:36:19,5:36:19,404012,3.0,1
MV_A5-Weekday-SDon-033600_M5_506,M5,d1,3,5:38:01,5:38:01,404822,2.0,1
MV_A5-Weekday-SDon-033600_M5_506,M5,d1,4,5:38:56,5:38:56,404259,3.0,1
MV_A5-Weekday-SDon-033600_M5_506,M5,d1,5,5:39:36,5:39:36,405580,3.0,1
MV_A5-Weekday-SDon-033600_M5_506,M5,d1,6,5:40:14,5:40:14,400834,3.0,1
MV_A5-Weekday-SDon-033600_M5_506,M5,d1,7,5:40:38,5:40:38,400835,3.0,1
MV_A5-Weekday-SDon-033600_M5_506,M5,d1,8,5:41:01,5:41:01,400836,3.0,1
MV_A5-Weekday-SDon-033600_M5_506,M5,d1,9,5:41:48,5:41:48,400837,3.0,1
MV_A5-Weekday-SDon-033600_M5_506,M5,d1,10,5:42:11,5:42:11,400838,3.0,1
MV_A5-Weekday-SDon-033600_M5_506,M5,d1,11,5:42:36,5:42:36,404130,4.0,1
MV_A5-Weekday-SDon-033600_M5_506,M5,d1,12,5:43:28,5:43:28,400840,3.0,1
MV_A5-Weekday-SDon-033600_M5_506,M5,d1,13,5:44:00,5:44:00,400841,4.0,1
MV_A5-Weekday-SDon-033600_M5_506,M5,d1,14,5:44:52,5:44:52,404131,3.0,1
MV_A5-Weekday-SDon-033600_M5_506,M5,d1,15,5:45:40,5:45:40,400843,3.0,1
MV_A5-Weekday-SDon-033600_M5_506,M5,d1,16,5:46:28,5:46:28,404855,3.0,1
MV_A5-Weekday-SDon-033600_M5_506,M5,d1,17,5:47:16,5:47:16,400846,5.0,1
MV_A5-Weekday-SDon-033600_M5_506,M5,d1,18,5:47:50,5:47:50,400847,6.0,1
MV_A5-Weekday-SDon-033600_M5_506,M5,d1,19,5:48:26,5:48:26,400848,6.0,1
MV_A5-Weekday-SDon-033600_M5_506,M5,d1,20,5:49:00,5:49:00,400849,5.0,1
MV_A5-Weekday-SDon-033600_M5_506,M5,d1,21,5:50:28,5:50:28,400851,5.0,1
MV_A5-Weekday-SDon-033600_M5_506,M5,d1,22,5:51:20,5:51:20,400852,6.0,1
MV_A5-Weekday-SDon-033600_M5_506,M5,d1,23,5:52:35,5:52:35,400853,6.0,1
MV_A5-Weekday-SDon-033600_M5_506,M5,d1,24,5:53:23,5:53:23,400854,6.0,1
MV_A5-Weekday-SDon-033600_M5_506,M5,d1,25,5:54:27,5:54:27,403169,6.0,1
MV_A5-Weekday-SDon-033600_M5_506,M5,d1,26,5:55:08,5:55:08,400856,7.0,1
MV_A5-Weekday-SDon-033600_M5_506,M5,d1,27,5:56:11,5:56:11,403171,7.0,1
MV_A5-Weekday-SDon-033600_M5_506,M5,d1,28,5:56:55,5:56:55,400858,7.0,1
MV_A5-Weekday-SDon-033600_M5_506,M5,d1,29,5:58:05,5:58:05,400860,8.0,1
MV_A5-Weekday-SDon-033600_M5_506,M5,d1,30,5:59:00,5:59:00,400861,10.0,1
MV_A5-Weekday-SDon-033600_M5_506,M5,d1,31,5:59:17,5:59:17,403781,10.0,1
MV_A5-Weekday-SDon-033600_M5_506,M5,d1,32,6:00:14,6:00:14,403047,11.0,1
MV_A5-Weekday-SDon-033600_M5_506,M5,d1,33,6:01:13,6:01:13,402446,11.0,1
MV_A5-Weekday-SDon-033600_M5_506,M5,d1,34,6:01:38,6:01:38,403266,9.0,1
MV_A5-Weekday-SDon-033600_M5_506,M5,d1,35,6:02:05,6:02:05,400131,6.0,1
MV_A5-Weekday-SDon-033600_M5_506,M5,d1,36,6:02:26,6:02:26,450123,8.0,1
MV_A5-Weekday-SDon-033600_M5_506,M5,d1,37,6:03:07,6:03:07,400133,7.0,1
MV_A5-Weekday-SDon-033600_M5_506,M5,d1,38,6:03:28,6:03:28,404180,6.0,1
MV_A5-Weekday-SDon-033600_M5_506,M5,d1,39,6:04:00,6:04:00,400135,4.0,1
MV_A5-Weekday-SDon-033600_M5_506,M5,d1,40,6:06:31,6:06:31,400322,6.0,1
MV_A5-Weekday-SDon-033600_M5_506,M5,d1,41,6:09:01,6:09:01,400323,3.0,1
MV_A5-Weekday-SDon-033600_M5_506,M5,d1,42,6:11:43,6:11:43,400324,3.0,1
MV_A5-Weekday-SDon-033600_M5_506,M5,d1,43,6:16:00,6:16:00,803082,3.0,1
MV_A5-Weekday-SDon-061800_M5_513,M5,d1,1,10:18:00,10:18:00,400808,22.0,2
MV_A5-Weekday-SDon-061800_M5_513,M5,d1,2,10:19:12,10:19:12,400809,24.0,2
MV_A5-Weekday-SDon-061800_M5_513,M5,d1,3,10:20:11,10:20:11,400810,26.0,2
MV_A5-Weekday-SDon-061800_M5_513,M5,d1,4,10:21:11,10:21:11,400811,19.0,2
MV_A5-Weekday-SDon-061800_M5_513,M5,d1,5,10:21:52,10:21:52,400812,25.0,2
MV_A5-Weekday-SDon-061800_M5_513,M5,d1,6,10:23:37,10:23:37,404918,23.0,2
MV_A5-Weekday-SDon-061800_M5_513,M5,d1,7,10:25:04,10:25:04,400814,21.0,2
MV_A5-Weekday-SDon-061800_M5_513,M5,d1,8,10:25:58,10:25:58,400815,27.0,2
MV_A5-Weekday-SDon-061800_M5_513,M5,d1,9,10:26:54,10:26:54,400816,27.0,2
MV_A5-Weekday-SDon-061800_M5_513,M5,d1,10,10:28:00,10:28:00,400655,17.0,2
MV_A5-Weekday-SDon-061800_M5_513,M5,d1,11,10:30:13,10:30:13,400657,17.0,2
MV_A5-Weekday-SDon-061800_M5_513,M5,d1,12,10:32:41,10:32:41,403483,17.0,2
MV_A5-Weekday-SDon-061800_M5_513,M5,d1,13,10:34:56,10:34:56,400662,11.0,1
MV_A5-Weekday-SDon-061800_M5_513,M5,d1,14,10:37:00,10:37:00,404011,14.0,1
MV_A5-Weekday-SDon-061800_M5_513,M5,d1,15,10:37:23,10:37:23,404012,14.0,1
MV_A5-Weekday-SDon-061800_M5_513,M5,d1,16,10:39:31,10:39:31,404822,14.0,1
MV_A5-Weekday-SDon-061800_M5_513,M5,d1,17,10:40:40,10:40:40,404259,14.0,1
MV_A5-Weekday-SDon-061800_M5_513,M5,d1,18,10:41:29,10:41:29,405580,7.0,1
MV_A5-Weekday-SDon-061800_M5_513,M5,d1,19,10:42:17,10:42:17,400834,15.0,1
MV_A5-Weekday-SDon-061800_M5_513,M5,d1,20,10:42:48,10:42:48,400835,15.0,1
MV_A5-Weekday-SDon-061800_M5_513,M5,d1,21,10:43:17,10:43:17,400836,15.0,1
MV_A5-Weekday-SDon-061800_M5_513,M5,d1,22,10:44:15,10:44:15,400837,15.0,1
MV_A5-Weekday-SDon-061800_M5_513,M5,d1,23,10:44:44,10:44:44,400838,7.0,1
MV_A5-Weekday-SDon-061800_M5_513,M5,d1,24,10:45:15,10:45:15,404130,8.0,1
MV_A5-Weekday-SDon-061800_M5_513,M5,d1,25,10:46:20,10:46:20,400840,8.0,1
MV_A5-Weekday-SDon-061800_M5_513,M5,d1,26,10:47:00,10:47:00,400841,9.0,1
MV_A5-Weekday-SDon-061800_M5_513,M5,d1,27,10:48:24,10:48:24,404131,9.0,1
MV_A5-Weekday-SDon-061800_M5_513,M5,d1,28,10:49:40,10:49:40,400843,5.0,1
MV_A5-Weekday-SDon-061800_M5_513,M5,d1,29,10:50:57,10:50:57,404855,10.0,1
MV_A5-Weekday-SDon-061800_M5_513,M5,d1,30,10:52:13,10:52:13,400846,9.0,1
MV_A5-Weekday-SDon-061800_M5_513,M5,d1,31,10:53:08,10:53:08,400847,10.0,1
MV_A5-Weekday-SDon-061800_M5_513,M5,d1,32,10:54:06,10:54:06,400848,10.0,1
MV_A5-Weekday-SDon-061800_M5_513,M5,d1,33,10:55:00,10:55:00,400849,12.0,1
MV_A5-Weekday-SDon-061800_M5_513,M5,d1,34,10:57:04,10:57:04,400851,9.0,1
MV_A5-Weekday-SDon-061800_M5_513,M5,d1,35,10:58:16,10:58:16,400852,9.0,1
MV_A5-Weekday-SDon-061800_M5_513,M5,d1,36,11:00:01,11:00:01,400853,13.0,2
MV_A5-Weekday-SDon-061800_M5_513,M5,d1,37,11:01:08,11:01:08,400854,26.0,2
MV_A5-Weekday-SDon-061800_M5_513,M5,d1,38,11:05:03,11:05:03,403171,17.0,2
MV_A5-Weekday-SDon-061800_M5_513,M5,d1,39,11:09:00,11:09:00,400861,20.0,2
MV_A5-Weekday-SDon-061800_M5_513,M5,d1,40,11:13:27,11:13:27,403047,20.0,2
MV_A5-Weekday-SDon-061800_M5_513,M5,d1,41,11:17:00,11:17:00,402446,16.0,1
MV_A5-Weekday-SDon-061800_M5_513,M5,d1,42,11:21:20,11:21:20,450123,14.0,1
MV_A5-Weekday-SDon-061800_M5_513,M5,d1,43,11:27:00,11:27:00,400135,9.0,1
MV_A5-Weekday-SDon-061800_M5_513,M5,d1,44,11:28:28,11:28:28,400322,14.0,1
MV_A5-Weekday-SDon-061800_M5_513,M5,d1,45,11:29:56,11:29:56,400323,9.0,1
MV_A5-Weekday-SDon-061800_M5_513,M5,d1,46,11:31:30,11:31:30,400324,9.0,1
MV_A5-Weekday-SDon-061800_M5_513,M5,d1,47,11:34:00,11:34:00,803082,9.0,1
MV_A5-Weekday-SDon-110500_M5_534,M5,d1,1,18:25:00,18:25:00,400808,12.0,1
MV_A5-Weekday-SDon-110500_M5_534,M5,d1,2,18:26:19,18:26:19,400809,14.0,2
MV_A5-Weekday-SDon-110500_M5_534,M5,d1,3,18:27:24,18:27:24,400810,22.0,2
MV_A5-Weekday-SDon-110500_M5_534,M5,d1,4,18:28:30,18:28:30,400811,13.0,2
MV_A5-Weekday-SDon-110500_M5_534,M5,d1,5,18:29:16,18:29:16,400812,22.0,2
MV_A5-Weekday-SDon-110500_M5_534,M5,d1,6,18:31:11,18:31:11,404918,22.0,2
MV_A5-Weekday-SDon-110500_M5_534,M5,d1,7,18:32:47,18:32:47,400814,16.0,2
MV_A5-Weekday-SDon-110500_M5_534,M5,d1,8,18:33:45,18:33:45,400815,21.0,2
MV_A5-Weekday-SDon-110500_M5_534,M5,d1,9,18:34:47,18:34:47,400816,14.0,2
MV_A5-Weekday-SDon-110500_M5_534,M5,d1,10,18:36:00,18:36:00,400655,21.0,2
MV_A5-Weekday-SDon-110500_M5_534,M5,d1,11,18:38:13,18:38:13,400657,19.0,2
MV_A5-Weekday-SDon-110500_M5_534,M5,d1,12,18:40:41,18:40:41,403483,20.0,2
MV_A5-Weekday-SDon-110500_M5_534,M5,d1,13,18:42:56,18:42:56,400662,15.0,1
MV_A5-Weekday-SDon-110500_M5_534,M5,d1,14,18:45:00,18:45:00,404011,15.0,1
MV_A5-Weekday-SDon-110500_M5_534,M5,d1,15,18:45:28,18:45:28,404012,7.0,1
MV_A5-Weekday-SDon-110500_M5_534,M5,d1,16,18:48:01,18:48:01,404822,3.0,1
MV_A5-Weekday-SDon-110500_M5_534,M5,d1,17,18:49:24,18:49:24,404259,4.0,1
MV_A5-Weekday-SDon-110500_M5_534,M5,d1,18,18:50:23,18:50:23,405580,4.0,1
MV_A5-Weekday-SDon-110500_M5_534,M5,d1,19,18:51:21,18:51:21,400834,6.0,1
MV_A5-Weekday-SDon-110500_M5_534,M5,d1,20,18:51:57,18:51:57,400835,7.0,1
MV_A5-Weekday-SDon-110500_M5_534,M5,d1,21,18:52:32,18:52:32,400836,6.0,1
MV_A5-Weekday-SDon-110500_M5_534,M5,d1,22,18:53:42,18:53:42,400837,7.0,1
MV_A5-Weekday-SDon-110500_M5_534,M5,d1,23,18:54:17,18:54:17,400838,7.0,1
MV_A5-Weekday-SDon-110500_M5_534,M5,d1,24,18:54:54,18:54:54,404130,6.0,1
MV_A5-Weekday-SDon-110500_M5_534,M5,d1,25,18:56:12,18:56:12,400840,6.0,1
MV_A5-Weekday-SDon-110500_M5_534,M5,d1,26,18:57:00,18:57:00,400841,7.0,1
MV_A5-Weekday-SDon-110500_M5_534,M5,d1,27,18:58:24,18:58:24,404131,7.0,1
MV_A5-Weekday-SDon-110500_M5_534,M5,d1,28,18:59:40,18:59:40,400843,7.0,1
MV_A5-Weekday-SDon-110500_M5_534,M5,d1,29,19:00:57,19:00:57,404855,4.0,1
MV_A5-Weekday-SDon-110500_M5_534,M5,d1,30,19:02:13,19:02:13,400846,5.0,1
MV_A5-Weekday-SDon-110500_M5_534,M5,d1,31,19:03:08,19:03:08,400847,5.0,1
MV_A5-Weekday-SDon-110500_M5_534,M5,d1,32,19:04:06,19:04:06,400848,6.0,1
MV_A5-Weekday-SDon-110500_M5_534,M5,d1,33,19:05:00,19:05:00,400849,6.0,1
MV_A5-Weekday-SDon-110500_M5_534,M5,d1,34,19:07:04,19:07:04,400851,3.0,1
MV_A5-Weekday-SDon-110500_M5_534,M5,d1,35,19:08:16,19:08:16,400852,3.0,1
MV_A5-Weekday-SDon-110500_M5_534,M5,d1,36,19:10:01,19:10:01,400853,3.0,1
MV_A5-Weekday-SDon-110500_M5_534,M5,d1,37,19:11:08,19:11:08,400854,3.0,1
MV_A5-Weekday-SDon-110500_M5_534,M5,d1,38,19:15:03,19:15:03,403171,3.0,1
MV_A5-Weekday-SDon-110500_M5_534,M5,d1,39,19:19:00,19:19:00,400861,5.0,1
MV_A5-Weekday-SDon-110500_M5_534,M5,d1,40,19:24:56,19:24:56,403047,5.0,1
MV_A5-Weekday-SDon-110500_M5_534,M5,d1,41,19:29:41,19:29:41,402446,5.0,1
MV_A5-Weekday-SDon-110500_M5_534,M5,d1,42,19:35:27,19:35:27,450123,5.0,1
MV_A5-Weekday-SDon-110500_M5_534,M5,d1,43,19:43:00,19:43:00,400135,8.0,1
MV_A5-Weekday-SDon-110500_M5_534,M5,d1,44,19:44:28,19:44:28,400322,8.0,1
MV_A5-Weekday-SDon-110500_M5_534,M5,d1,45,19:45:56,19:45:56,400323,4.0,1
MV_A5-Weekday-SDon-110500_M5_534,M5,d1,46,19:47:30,19:47:30,400324,1.0,1
MV_A5-Weekday-SDon-110500_M5_534,M5,d1,47,19:50:00,19:50:00,803082,1.0,1
MV_A5-Weekday-SDon-099200_M5_532,M5,d1,1,16:32:00,16:32:00,403835,54.0,4
MV_A5-Weekday-SDon-099200_M5_532,M5,d1,2,16:34:00,16:34:00,400639,54.0,4
MV_A5-Weekday-SDon-099200_M5_532,M5,d1,3,16:35:54,16:35:54,400640,56.0,4
MV_A5-Weekday-SDon-099200_M5_532,M5,d1,4,16:37:25,16:37:25,400641,56.0,4
MV_A5-Weekday-SDon-099200_M5_532,M5,d1,5,16:38:39,16:38:39,400642,56.0,4
MV_A5-Weekday-SDon-099200_M5_532,M5,d1,6,16:39:33,16:39:33,400643,56.0,4
MV_A5-Weekday-SDon-099200_M5_532,M5,d1,7,16:40:28,16:40:28,400644,56.0,4
MV_A5-Weekday-SDon-099200_M5_532,M5,d1,8,16:41:31,16:41:31,400645,56.0,4
MV_A5-Weekday-SDon-099200_M5_532,M5,d1,9,16:42:43,16:42:43,400646,51.0,4
MV_A5-Weekday-SDon-099200_M5_532,M5,d1,10,16:43:59,16:43:59,400647,53.0,4
MV_A5-Weekday-SDon-099200_M5_532,M5,d1,11,16:45:02,16:45:02,400648,59.0,4
MV_A5-Weekday-SDon-099200_M5_532,M5,d1,12,16:46:03,16:46:03,400649,59.0,4
MV_A5-Weekday-SDon-099200_M5_532,M5,d1,13,16:47:00,16:47:00,403373,59.0,4
MV_A5-Weekday-SDon-099200_M5_532,M5,d1,14,16:48:51,16:48:51,403374,59.0,4
MV_A5-Weekday-SDon-099200_M5_532,M5,d1,15,16:49:56,16:49:56,403375,59.0,4
MV_A5-Weekday-SDon-099200_M5_532,M5,d1,16,16:51:02,16:51:02,403376,59.0,4
MV_A5-Weekday-SDon-099200_M5_532,M5,d1,17,16:52:21,16:52:21,403377,59.0,4
MV_A5-Weekday-SDon-099200_M5_532,M5,d1,18,16:54:21,16:54:21,400655,59.0,4
MV_A5-Weekday-SDon-099200_M5_532,M5,d1,19,16:56:06,16:56:06,400656,59.0,4
MV_A5-Weekday-SDon-099200_M5_532,M5,d1,20,16:57:58,16:57:58,400657,59.0,4
MV_A5-Weekday-SDon-099200_M5_532,M5,d1,21,16:59:15,16:59:15,400658,59.0,4
MV_A5-Weekday-SDon-099200_M5_532,M5,d1,22,17:01:10,17:01:10,400659,34.0,3
MV_A5-Weekday-SDon-099200_M5_532,M5,d1,23,17:02:00,17:02:00,403483,34.0,3
MV_A5-Weekday-SDon-099200_M5_532,M5,d1,24,17:04:07,17:04:07,400661,32.0,4
MV_A5-Weekday-SDon-099200_M5_532,M5,d1,25,17:05:14,17:05:14,400662,61.0,4
MV_A5-Weekday-SDon-099200_M5_532,M5,d1,26,17:06:20,17:06:20,400663,61.0,4
MV_A5-Weekday-SDon-099200_M5_532,M5,d1,27,17:08:00,17:08:00,803157,61.0,4
MV_A5-Weekday-SDon-099200_M5_532,M5,d1,28,17:10:00,17:10:00,404148,61.0,4
MV_A5-Weekday-SDon-099200_M5_532,M5,d1,29,17:12:07,17:12:07,403903,61.0,4
MV_A5-Weekday-SDon-099200_M5_532,M5,d1,30,17:13:10,17:13:10,403142,61.0,4
MV_A5-Weekday-SDon-099200_M5_532,M5,d1,31,17:14:20,17:14:20,403144,62.0,4
MV_A5-Weekday-SDon-099200_M5_532,M5,d1,32,17:16:10,17:16:10,403145,62.0,4
MV_A5-Weekday-SDon-099200_M5_532,M5,d1,33,17:17:26,17:17:26,405234,62.0,4
MV_A5-Weekday-SDon-099200_M5_532,M5,d1,34,17:19:36,17:19:36,403147,29.0,3
MV_A5-Weekday-SDon-099200_M5_532,M5,d1,35,17:20:47,17:20:47,403148,33.0,4
MV_A5-Weekday-SDon-099200_M5_532,M5,d1,36,17:21:56,17:21:56,403149,64.0,4
MV_A5-Weekday-SDon-099200_M5_532,M5,d1,37,17:23:24,17:23:24,400676,64.0,4
MV_A5-Weekday-SDon-099200_M5_532,M5,d1,38,17:25:16,17:25:16,400677,24.0,2
MV_A5-Weekday-SDon-099200_M5_532,M5,d1,39,17:27:11,17:27:11,400678,32.0,2
MV_A5-Weekday-SDon-099200_M5_532,M5,d1,40,17:28:00,17:28:00,400485,32.0,2
MV_A5-Weekday-SDon-099200_M5_532,M5,d1,41,17:29:43,17:29:43,400486,32.0,2
MV_A5-Weekday-SDon-099200_M5_532,M5,d1,42,17:32:00,17:32:00,400290,32.0,2
MV_A5-Weekday-SDon-099200_M5_532,M5,d1,43,17:34:15,17:34:15,404278,32.0,2
MV_A5-Weekday-SDon-099200_M5_532,M5,d1,44,17:36:00,17:36:00,400292,31.0,2
MV_A5-Weekday-SDon-099200_M5_532,M5,d1,45,17:37:33,17:37:33,400108,15.0,5
MV_A5-Weekday-SDon-099200_M5_532,M5,d1,46,17:38:46,17:38:46,400109,72.0,5
MV_A5-Weekday-SDon-099200_M5_532,M5,d1,47,17:39:54,17:39:54,400110,72.0,5
MV_A5-Weekday-SDon-099200_M5_532,M5,d1,48,17:41:08,17:41:08,400111,15.0,5
MV_A5-Weekday-SDon-099200_M5_532,M5,d1,49,17:43:18,17:43:18,404081,74.0,5
MV_A5-Weekday-SDon-099200_M5_532,M5,d1,50,17:44:48,17:44:48,404168,74.0,5
MV_A5-Weekday-SDon-099200_M5_532,M5,d1,51,17:45:43,17:45:43,400115,29.0,2
MV_A5-Weekday-SDon-099200_M5_532,M5,d1,52,17:46:57,17:46:57,400116,29.0,2
MV_A5-Weekday-SDon-099200_M5_532,M5,d1,53,17:48:03,17:48:03,400117,29.0,2
MV_A5-Weekday-SDon-099200_M5_532,M5,d1,54,17:49:42,17:49:42,400118,29.0,2
MV_A5-Weekday-SDon-099200_M5_532,M5,d1,55,17:51:18,17:51:18,400119,29.0,2
MV_A5-Weekday-SDon-099200_M5_532,M5,d1,56,17:53:42,17:53:42,400120,19.0,3
MV_A5-Weekday-SDon-099200_M5_532,M5,d1,57,17:54:40,17:54:40,400121,46.0,3
MV_A5-Weekday-SDon-099200_M5_532,M5,d1,58,17:55:42,17:55:42,400122,46.0,3
MV_A5-Weekday-SDon-099200_M5_532,M5,d1,59,17:56:51,17:56:51,400123,46.0,5
MV_A5-Weekday-SDon-099200_M5_532,M5,d1,60,17:59:00,17:59:00,400124,80.0,5
MV_A5-Weekday-SDon-099200_M5_532,M5,d1,61,18:01:13,18:01:13,400125,80.0,5
MV_A5-Weekday-SDon-099200_M5_532,M5,d1,62,18:03:48,18:03:48,400126,79.0,5
MV_A5-Weekday-SDon-099200_M5_532,M5,d1,63,18:05:43,18:05:43,400127,79.0,5
MV_A5-Weekday-SDon-099200_M5_532,M5,d1,64,18:07:02,18:07:02,400128,79.0,5
MV_A5-Weekday-SDon-099200_M5_532,M5,d1,65,18:08:39,18:08:39,400512,47.0,3
MV_A5-Weekday-SDon-099200_M5_532,M5,d1,66,18:12:05,18:12:05,403266,14.0,6
MV_A5-Weekday-SDon-099200_M5_532,M5,d1,67,18:14:26,18:14:26,400514,81.0,6
MV_A5-Weekday-SDon-099200_M5_532,M5,d1,68,18:16:50,18:16:50,400515,40.0,3
MV_A5-Weekday-SDon-099200_M5_532,M5,d1,69,18:19:14,18:19:14,400516,40.0,3
MV_A5-Weekday-SDon-099200_M5_532,M5,d1,70,18:20:52,18:20:52,405179,18.0,3
MV_A5-Weekday-SDon-099200_M5_532,M5,d1,71,18:23:00,18:23:00,400518,42.0,5
MV_A5-Weekday-SDon-099200_M5_532,M5,d1,72,18:25:25,18:25:25,400519,76.0,5
MV_A5-Weekday-SDon-099200_M5_532,M5,d1,73,18:26:51,18:26:51,405486,76.0,5
MV_A5-Weekday-SDon-099200_M5_532,M5,d1,74,18:30:00,18:30:00,903128,76.0,5
MV_A5-Weekday-SDon-088000_M5_535,M5,d1,1,14:40:00,14:40:00,400808,17.0,2
MV_A5-Weekday-SDon-088000_M5_535,M5,d1,2,14:41:19,14:41:19,400809,17.0,2
MV_A5-Weekday-SDon-088000_M5_535,M5,d1,3,14:42:24,14:42:24,400810,17.0,2
MV_A5-Weekday-SDon-088000_M5_535,M5,d1,4,14:43:30,14:43:30,400811,17.0,2
MV_A5-Weekday-SDon-088000_M5_535,M5,d1,5,14:44:16,14:44:16,400812,17.0,2
MV_A5-Weekday-SDon-088000_M5_535,M5,d1,6,14:46:11,14:46:11,404918,17.0,2
MV_A5-Weekday-SDon-088000_M5_535,M5,d1,7,14:47:47,14:47:47,400814,17.0,2
MV_A5-Weekday-SDon-088000_M5_535,M5,d1,8,14:48:45,14:48:45,400815,17.0,2
MV_A5-Weekday-SDon-088000_M5_535,M5,d1,9,14:49:47,14:49:47,400816,17.0,2
MV_A5-Weekday-SDon-088000_M5_535,M5,d1,10,14:51:00,14:51:00,400655,17.0,2
MV_A5-Weekday-SDon-088000_M5_535,M5,d1,11,14:53:28,14:53:28,400657,17.0,2
MV_A5-Weekday-SDon-088000_M5_535,M5,d1,12,14:56:12,14:56:12,403483,17.0,2
MV_A5-Weekday-SDon-088000_M5_535,M5,d1,13,14:58:42,14:58:42,400662,17.0,2
MV_A5-Weekday-SDon-088000_M5_535,M5,d1,14,15:01:00,15:01:00,404011,17.0,2
MV_A5-Weekday-SDon-088000_M5_535,M5,d1,15,15:01:26,15:01:26,404012,17.0,2
MV_A5-Weekday-SDon-088000_M5_535,M5,d1,16,15:03:46,15:03:46,404822,17.0,2
MV_A5-Weekday-SDon-088000_M5_535,M5,d1,17,15:05:02,15:05:02,404259,17.0,2
MV_A5-Weekday-SDon-088000_M5_535,M5,d1,18,15:05:56,15:05:56,405580,17.0,2
MV_A5-Weekday-SDon-088000_M5_535,M5,d1,19,15:06:49,15:06:49,400834,17.0,2
MV_A5-Weekday-SDon-088000_M5_535,M5,d1,20,15:07:23,15:07:23,400835,17.0,2
MV_A5-Weekday-SDon-088000_M5_535,M5,d1,21,15:07:54,15:07:54,400836,17.0,2
MV_A5-Weekday-SDon-088000_M5_535,M5,d1,22,15:08:59,15:08:59,400837,17.0,2
MV_A5-Weekday-SDon-088000_M5_535,M5,d1,23,15:09:31,15:09:31,400838,17.0,2
MV_A5-Weekday-SDon-088000_M5_535,M5,d1,24,15:10:05,15:10:05,404130,9.0,1
MV_A5-Weekday-SDon-088000_M5_535,M5,d1,25,15:11:16,15:11:16,400840,9.0,1
MV_A5-Weekday-SDon-088000_M5_535,M5,d1,26,15:12:00,15:12:00,400841,9.0,1
MV_A5-Weekday-SDon-088000_M5_535,M5,d1,27,15:13:24,15:13:24,404131,13.0,1
MV_A5-Weekday-SDon-088000_M5_535,M5,d1,28,15:14:40,15:14:40,400843,13.0,1
MV_A5-Weekday-SDon-088000_M5_535,M5,d1,29,15:15:57,15:15:57,404855,13.0,1
MV_A5-Weekday-SDon-088000_M5_535,M5,d1,30,15:17:13,15:17:13,400846,13.0,1
MV_A5-Weekday-SDon-088000_M5_535,M5,d1,31,15:18:08,15:18:08,400847,14.0,1
MV_A5-Weekday-SDon-088000_M5_535,M5,d1,32,15:19:06,15:19:06,400848,14.0,1
MV_A5-Weekday-SDon-088000_M5_535,M5,d1,33,15:20:00,15:20:00,400849,14.0,1
MV_A5-Weekday-SDon-088000_M5_535,M5,d1,34,15:22:12,15:22:12,400851,14.0,1
MV_A5-Weekday-SDon-088000_M5_535,M5,d1,35,15:23:30,15:23:30,400852,12.0,1
MV_A5-Weekday-SDon-088000_M5_535,M5,d1,36,15:25:22,15:25:22,400853,15.0,1
MV_A5-Weekday-SDon-088000_M5_535,M5,d1,37,15:26:35,15:26:35,400854,15.0,1
MV_A5-Weekday-SDon-088000_M5_535,M5,d1,38,15:30:46,15:30:46,403171,15.0,1
MV_A5-Weekday-SDon-088000_M5_535,M5,d1,39,15:35:00,15:35:00,400861,14.0,1
MV_A5-Weekday-SDon-088000_M5_535,M5,d1,40,15:40:56,15:40:56,403047,13.0,1
MV_A5-Weekday-SDon-088000_M5_535,M5,d1,41,15:45:41,15:45:41,402446,16.0,1
MV_A5-Weekday-SDon-088000_M5_535,M5,d1,42,15:51:27,15:51:27,450123,14.0,1
MV_A5-Weekday-SDon-088000_M5_535,M5,d1,43,15:59:00,15:59:00,400135,11.0,1
MV_A5-Weekday-SDon-088000_M5_535,M5,d1,44,16:00:28,16:00:28,400322,11.0,1
MV_A5-Weekday-SDon-088000_M5_535,M5,d1,45,16:01:56,16:01:56,400323,11.0,1
MV_A5-Weekday-SDon-088000_M5_535,M5,d1,46,16:03:30,16:03:30,400324,5.0,1
MV_A5-Weekday-SDon-088000_M5_535,M5,d1,47,16:06:00,16:06:00,803082,5.0,1
MV_A5-Weekday-SDon-107500_M5_536,M5,d1,1,17:55:00,17:55:00,400808,23.0,2
MV_A5-Weekday-SDon-107500_M5_536,M5,d1,2,17:56:19,17:56:19,400809,25.0,2
MV_A5-Weekday-SDon-107500_M5_536,M5,d1,3,17:57:24,17:57:24,400810,25.0,2
MV_A5-Weekday-SDon-107500_M5_536,M5,d1,4,17:58:30,17:58:30,400811,4.0,3
MV_A5-Weekday-SDon-107500_M5_536,M5,d1,5,17:59:16,17:59:16,400812,46.0,3
MV_A5-Weekday-SDon-107500_M5_536,M5,d1,6,18:01:11,18:01:11,404918,45.0,3
MV_A5-Weekday-SDon-107500_M5_536,M5,d1,7,18:02:47,18:02:47,400814,45.0,3
MV_A5-Weekday-SDon-107500_M5_536,M5,d1,8,18:03:45,18:03:45,400815,1.0,3
MV_A5-Weekday-SDon-107500_M5_536,M5,d1,9,18:04:47,18:04:47,400816,38.0,3
MV_A5-Weekday-SDon-107500_M5_536,M5,d1,10,18:06:00,18:06:00,400655,14.0,2
MV_A5-Weekday-SDon-107500_M5_536,M5,d1,11,18:08:13,18:08:13,400657,28.0,2
MV_A5-Weekday-SDon-107500_M5_536,M5,d1,12,18:10:41,18:10:41,403483,19.0,2
MV_A5-Weekday-SDon-107500_M5_536,M5,d1,13,18:12:56,18:12:56,400662,13.0,1
MV_A5-Weekday-SDon-107500_M5_536,M5,d1,14,18:15:00,18:15:00,404011,2.0,1
MV_A5-Weekday-SDon-107500_M5_536,M5,d1,15,18:15:28,18:15:28,404012,8.0,1
MV_A5-Weekday-SDon-107500_M5_536,M5,d1,16,18:18:01,18:18:01,404822,11.0,1
MV_A5-Weekday-SDon-107500_M5_536,M5,d1,17,18:19:24,18:19:24,404259,2.0,2
MV_A5-Weekday-SDon-107500_M5_536,M5,d1,18,18:20:23,18:20:23,405580,17.0,2
MV_A5-Weekday-SDon-107500_M5_536,M5,d1,19,18:21:21,18:21:21,400834,13.0,2
MV_A5-Weekday-SDon-107500_M5_536,M5,d1,20,18:21:57,18:21:57,400835,20.0,2
MV_A5-Weekday-SDon-107500_M5_536,M5,d1,21,18:22:32,18:22:32,400836,20.0,2
MV_A5-Weekday-SDon-107500_M5_536,M5,d1,22,18:23:42,18:23:42,400837,21.0,2
MV_A5-Weekday-SDon-107500_M5_536,M5,d1,23,18:24:17,18:24:17,400838,21.0,2
MV_A5-Weekday-SDon-107500_M5_536,M5,d1,24,18:24:54,18:24:54,404130,28.0,2
MV_A5-Weekday-SDon-107500_M5_536,M5,d1,25,18:26:12,18:26:12,400840,7.0,2
MV_A5-Weekday-SDon-107500_M5_536,M5,d1,26,18:27:00,18:27:00,400841,28.0,2
MV_A5-Weekday-SDon-107500_M5_536,M5,d1,27,18:28:24,18:28:24,404131,28.0,2
MV_A5-Weekday-SDon-107500_M5_536,M5,d1,28,18:29:40,18:29:40,400843,26.0,2
MV_A5-Weekday-SDon-107500_M5_536,M5,d1,29,18:30:57,18:30:57,404855,7.0,1
MV_A5-Weekday-SDon-107500_M5_536,M5,d1,30,18:32:13,18:32:13,400846,10.0,2
MV_A5-Weekday-SDon-107500_M5_536,M5,d1,31,18:33:08,18:33:08,400847,26.0,2
MV_A5-Weekday-SDon-107500_M5_536,M5,d1,32,18:34:06,18:34:06,400848,24.0,2
MV_A5-Weekday-SDon-107500_M5_536,M5,d1,33,18:35:00,18:35:00,400849,11.0,1
MV_A5-Weekday-SDon-107500_M5_536,M5,d1,34,18:37:04,18:37:04,400851,7.0,2
MV_A5-Weekday-SDon-107500_M5_536,M5,d1,35,18:38:16,18:38:16,400852,25.0,2
MV_A5-Weekday-SDon-107500_M5_536,M5,d1,36,18:40:01,18:40:01,400853,5.0,2
MV_A5-Weekday-SDon-107500_M5_536,M5,d1,37,18:41:08,18:41:08,400854,22.0,2
MV_A5-Weekday-SDon-107500_M5_536,M5,d1,38,18:45:03,18:45:03,403171,19.0,2
MV_A5-Weekday-SDon-107500_M5_536,M5,d1,39,18:49:00,18:49:00,400861,17.0,2
MV_A5-Weekday-SDon-107500_M5_536,M5,d1,40,18:54:56,18:54:56,403047,19.0,2
MV_A5-Weekday-SDon-107500_M5_536,M5,d1,41,18:59:41,18:59:41,402446,19.0,2
MV_A5-Weekday-SDon-107500_M5_536,M5,d1,42,19:05:27,19:05:27,450123,19.0,2
MV_A5-Weekday-SDon-107500_M5_536,M5,d1,43,19:13:00,19:13:00,400135,13.0,1
MV_A5-Weekday-SDon-107500_M5_536,M5,d1,44,19:14:28,19:14:28,400322,13.0,1
MV_A5-Weekday-SDon-107500_M5_536,M5,d1,45,19:15:56,19:15:56,400323,4.0,1
MV_A5-Weekday-SDon-107500_M5_536,M5,d1,46,19:17:30,19:17:30,400324,4.0,1
MV_A5-Weekday-SDon-107500_M5_536,M5,d1,47,19:20:00,19:20:00,803082,4.0,1
MV_A5-Weekday-SDon-104000_M5_514,M5,d1,1,17:20:00,17:20:00,403835,16.0,1
MV_A5-Weekday-SDon-104000_M5_514,M5,d1,2,17:22:00,17:22:00,400639,16.0,1
MV_A5-Weekday-SDon-104000_M5_514,M5,d1,3,17:23:54,17:23:54,400640,16.0,3
MV_A5-Weekday-SDon-104000_M5_514,M5,d1,4,17:25:25,17:25:25,400641,34.0,3
MV_A5-Weekday-SDon-104000_M5_514,M5,d1,5,17:26:39,17:26:39,400642,9.0,2
MV_A5-Weekday-SDon-104000_M5_514,M5,d1,6,17:27:33,17:27:33,400643,21.0,2
MV_A5-Weekday-SDon-104000_M5_514,M5,d1,7,17:28:28,17:28:28,400644,21.0,2
MV_A5-Weekday-SDon-104000_M5_514,M5,d1,8,17:29:31,17:29:31,400645,27.0,2
MV_A5-Weekday-SDon-104000_M5_514,M5,d1,9,17:30:43,17:30:43,400646,27.0,2
MV_A5-Weekday-SDon-104000_M5_514,M5,d1,10,17:31:59,17:31:59,400647,27.0,2
MV_A5-Weekday-SDon-104000_M5_514,M5,d1,11,17:33:02,17:33:02,400648,27.0,2
MV_A5-Weekday-SDon-104000_M5_514,M5,d1,12,17:34:03,17:34:03,400649,17.0,2
MV_A5-Weekday-SDon-104000_M5_514,M5,d1,13,17:35:00,17:35:00,403373,28.0,2
MV_A5-Weekday-SDon-104000_M5_514,M5,d1,14,17:36:51,17:36:51,403374,28.0,2
MV_A5-Weekday-SDon-104000_M5_514,M5,d1,15,17:37:56,17:37:56,403375,27.0,2
MV_A5-Weekday-SDon-104000_M5_514,M5,d1,16,17:39:02,17:39:02,403376,14.0,3
MV_A5-Weekday-SDon-104000_M5_514,M5,d1,17,17:40:21,17:40:21,403377,33.0,3
MV_A5-Weekday-SDon-104000_M5_514,M5,d1,18,17:42:21,17:42:21,400655,25.0,3
MV_A5-Weekday-SDon-104000_M5_514,M5,d1,19,17:44:06,17:44:06,400656,33.0,3
MV_A5-Weekday-SDon-104000_M5_514,M5,d1,20,17:45:58,17:45:58,400657,13.0,3
MV_A5-Weekday-SDon-104000_M5_514,M5,d1,21,17:47:15,17:47:15,400658,33.0,3
MV_A5-Weekday-SDon-104000_M5_514,M5,d1,22,17:49:10,17:49:10,400659,14.0,1
MV_A5-Weekday-SDon-104000_M5_514,M5,d1,23,17:50:00,17:50:00,403483,8.0,2
MV_A5-Weekday-SDon-104000_M5_514,M5,d1,24,17:52:07,17:52:07,400661,24.0,2
MV_A5-Weekday-SDon-104000_M5_514,M5,d1,25,17:53:14,17:53:14,400662,12.0,1
MV_A5-Weekday-SDon-104000_M5_514,M5,d1,26,17:54:20,17:54:20,400663,12.0,1
MV_A5-Weekday-SDon-104000_M5_514,M5,d1,27,17:56:00,17:56:00,803157,12.0,1
MV_A5-Weekday-035100_M5_508,M5,d1,1,5:51:00,5:51:00,404011,5.0,1
MV_A5-Weekday-035100_M5_508,M5,d1,2,5:51:19,5:51:19,404012,5.0,1
MV_A5-Weekday-035100_M5_508,M5,d1,3,5:53:01,5:53:01,404822,5.0,1
MV_A5-Weekday-035100_M5_508,M5,d1,4,5:53:56,5:53:56,404259,5.0,1
MV_A5-Weekday-035100_M5_508,M5,d1,5,5:54:36,5:54:36,405580,5.0,1
MV_A5-Weekday-035100_M5_508,M5,d1,6,5:55:14,5:55:14,400834,5.0,1
MV_A5-Weekday-035100_M5_508,M5,d1,7,5:55:38,5:55:38,400835,5.0,1
MV_A5-Weekday-035100_M5_508,M5,d1,8,5:56:01,5:56:01,400836,5.0,1
MV_A5-Weekday-035100_M5_508,M5,d1,9,5:56:48,5:56:48,400837,5.0,1
MV_A5-Weekday-035100_M5_508,M5,d1,10,5:57:11,5:57:11,400838,5.0,1
MV_A5-Weekday-035100_M5_508,M5,d1,11,5:57:36,5:57:36,404130,5.0,1
MV_A5-Weekday-035100_M5_508,M5,d1,12,5:58:28,5:58:28,400840,5.0,1
MV_A5-Weekday-035100_M5_508,M5,d1,13,5:59:00,5:59:00,400841,5.0,1
MV_A5-Weekday-035100_M5_508,M5,d1,14,5:59:52,5:59:52,404131,5.0,1
MV_A5-Weekday-035100_M5_508,M5,d1,15,6:00:40,6:00:40,400843,5.0,1
MV_A5-Weekday-035100_M5_508,M5,d1,16,6:01:28,6:01:28,404855,5.0,1
MV_A5-Weekday-035100_M5_508,M5,d1,17,6:02:16,6:02:16,400846,5.0,1
MV_A5-Weekday-035100_M5_508,M5,d1,18,6:02:50,6:02:50,400847,5.0,1
MV_A5-Weekday-035100_M5_508,M5,d1,19,6:03:26,6:03:26,400848,5.0,1
MV_A5-Weekday-035100_M5_508,M5,d1,20,6:04:00,6:04:00,400849,5.0,1
MV_A5-Weekday-035100_M5_508,M5,d1,21,6:05:28,6:05:28,400851,5.0,1
MV_A5-Weekday-035100_M5_508,M5,d1,22,6:06:20,6:06:20,400852,5.0,1
MV_A5-Weekday-035100_M5_508,M5,d1,23,6:07:35,6:07:35,400853,4.0,1
MV_A5-Weekday-035100_M5_508,M5,d1,24,6:08:23,6:08:23,400854,4.0,1
MV_A5-Weekday-035100_M5_508,M5,d1,25,6:09:27,6:09:27,403169,5.0,1
MV_A5-Weekday-035100_M5_508,M5,d1,26,6:10:08,6:10:08,400856,5.0,1
MV_A5-Weekday-035100_M5_508,M5,d1,27,6:11:11,6:11:11,403171,5.0,1
MV_A5-Weekday-035100_M5_508,M5,d1,28,6:11:55,6:11:55,400858,5.0,1
MV_A5-Weekday-035100_M5_508,M5,d1,29,6:13:05,6:13:05,400860,5.0,1
MV_A5-Weekday-035100_M5_508,M5,d1,30,6:14:00,6:14:00,400861,6.0,1
MV_A5-Weekday-035100_M5_508,M5,d1,31,6:14:17,6:14:17,403781,6.0,1
MV_A5-Weekday-035100_M5_508,M5,d1,32,6:15:14,6:15:14,403047,6.0,1
MV_A5-Weekday-035100_M5_508,M5,d1,33,6:16:13,6:16:13,402446,6.0,1
MV_A5-Weekday-035100_M5_508,M5,d1,34,6:16:38,6:16:38,403266,6.0,1
MV_A5-Weekday-035100_M5_508,M5,d1,35,6:17:05,6:17:05,400131,6.0,1
MV_A5-Weekday-035100_M5_508,M5,d1,36,6:17:26,6:17:26,450123,4.0,1
MV_A5-Weekday-035100_M5_508,M5,d1,37,6:18:07,6:18:07,400133,4.0,1
MV_A5-Weekday-035100_M5_508,M5,d1,38,6:18:28,6:18:28,404180,4.0,1
MV_A5-Weekday-035100_M5_508,M5,d1,39,6:19:00,6:19:00,400135,4.0,1
MV_A5-Weekday-035100_M5_508,M5,d1,40,6:21:31,6:21:31,400322,4.0,1
MV_A5-Weekday-035100_M5_508,M5,d1,41,6:24:01,6:24:01,400323,4.0,1
MV_A5-Weekday-035100_M5_508,M5,d1,42,6:26:43,6:26:43,400324,4.0,1
MV_A5-Weekday-035100_M5_508,M5,d1,43,6:31:00,6:31:00,803082,4.0,1
MV_A5-Weekday-SDon-057000_M5_510,M5,d1,1,9:30:00,9:30:00,400808,9.0,2
MV_A5-Weekday-SDon-057000_M5_510,M5,d1,2,9:31:12,9:31:12,400809,17.0,2
MV_A5-Weekday-SDon-057000_M5_510,M5,d1,3,9:32:11,9:32:11,400810,3.0,1
MV_A5-Weekday-SDon-057000_M5_510,M5,d1,4,9:33:11,9:33:11,400811,5.0,2
MV_A5-Weekday-SDon-057000_M5_510,M5,d1,5,9:33:52,9:33:52,400812,19.0,2
MV_A5-Weekday-SDon-057000_M5_510,M5,d1,6,9:35:37,9:35:37,404918,19.0,2
MV_A5-Weekday-SDon-057000_M5_510,M5,d1,7,9:37:04,9:37:04,400814,3.0,1
MV_A5-Weekday-SDon-057000_M5_510,M5,d1,8,9:37:58,9:37:58,400815,10.0,1
MV_A5-Weekday-SDon-057000_M5_510,M5,d1,9,9:38:54,9:38:54,400816,8.0,1
MV_A5-Weekday-SDon-057000_M5_510,M5,d1,10,9:40:00,9:40:00,400655,16.0,1
MV_A5-Weekday-SDon-057000_M5_510,M5,d1,11,9:42:13,9:42:13,400657,11.0,2
MV_A5-Weekday-SDon-057000_M5_510,M5,d1,12,9:44:41,9:44:41,403483,17.0,2
MV_A5-Weekday-SDon-057000_M5_510,M5,d1,13,9:46:56,9:46:56,400662,17.0,2
MV_A5-Weekday-SDon-057000_M5_510,M5,d1,14,9:49:00,9:49:00,404011,9.0,1
MV_A5-Weekday-SDon-057000_M5_510,M5,d1,15,9:49:23,9:49:23,404012,14.0,1
MV_A5-Weekday-SDon-057000_M5_510,M5,d1,16,9:51:31,9:51:31,404822,14.0,1
MV_A5-Weekday-SDon-057000_M5_510,M5,d1,17,9:52:40,9:52:40,404259,11.0,1
MV_A5-Weekday-SDon-057000_M5_510,M5,d1,18,9:53:29,9:53:29,405580,11.0,2
MV_A5-Weekday-SDon-057000_M5_510,M5,d1,19,9:54:17,9:54:17,400834,23.0,2
MV_A5-Weekday-SDon-057000_M5_510,M5,d1,20,9:54:48,9:54:48,400835,9.0,1
MV_A5-Weekday-SDon-057000_M5_510,M5,d1,21,9:55:17,9:55:17,400836,11.0,1
MV_A5-Weekday-SDon-057000_M5_510,M5,d1,22,9:56:15,9:56:15,400837,9.0,2
MV_A5-Weekday-SDon-057000_M5_510,M5,d1,23,9:56:44,9:56:44,400838,22.0,2
MV_A5-Weekday-SDon-057000_M5_510,M5,d1,24,9:57:15,9:57:15,404130,22.0,2
MV_A5-Weekday-SDon-057000_M5_510,M5,d1,25,9:58:20,9:58:20,400840,22.0,2
MV_A5-Weekday-SDon-057000_M5_510,M5,d1,26,9:59:00,9:59:00,400841,19.0,2
MV_A5-Weekday-SDon-057000_M5_510,M5,d1,27,10:00:24,10:00:24,404131,5.0,2
MV_A5-Weekday-SDon-057000_M5_510,M5,d1,28,10:01:40,10:01:40,400843,22.0,2
MV_A5-Weekday-SDon-057000_M5_510,M5,d1,29,10:02:57,10:02:57,404855,20.0,2
MV_A5-Weekday-SDon-057000_M5_510,M5,d1,30,10:04:13,10:04:13,400846,19.0,2
MV_A5-Weekday-SDon-057000_M5_510,M5,d1,31,10:05:08,10:05:08,400847,10.0,1
MV_A5-Weekday-SDon-057000_M5_510,M5,d1,32,10:06:06,10:06:06,400848,2.0,1
MV_A5-Weekday-SDon-057000_M5_510,M5,d1,33,10:07:00,10:07:00,400849,10.0,2
MV_A5-Weekday-SDon-057000_M5_510,M5,d1,34,10:09:04,10:09:04,400851,19.0,2
MV_A5-Weekday-SDon-057000_M5_510,M5,d1,35,10:10:16,10:10:16,400852,13.0,2
MV_A5-Weekday-SDon-057000_M5_510,M5,d1,36,10:12:01,10:12:01,400853,19.0,2
MV_A5-Weekday-SDon-057000_M5_510,M5,d1,37,10:13:08,10:13:08,400854,22.0,2
MV_A5-Weekday-SDon-057000_M5_510,M5,d1,38,10:17:03,10:17:03,403171,19.0,2
MV_A5-Weekday-SDon-057000_M5_510,M5,d1,39,10:21:00,10:21:00,400861,31.0,2
MV_A5-Weekday-SDon-057000_M5_510,M5,d1,40,10:25:27,10:25:27,403047,29.0,2
MV_A5-Weekday-SDon-057000_M5_510,M5,d1,41,10:29:00,10:29:00,402446,23.0,2
MV_A5-Weekday-SDon-057000_M5_510,M5,d1,42,10:33:20,10:33:20,450123,19.0,2
MV_A5-Weekday-SDon-057000_M5_510,M5,d1,43,10:39:00,10:39:00,400135,15.0,1
MV_A5-Weekday-SDon-057000_M5_510,M5,d1,44,10:40:28,10:40:28,400322,14.0,1
MV_A5-Weekday-SDon-057000_M5_510,M5,d1,45,10:41:56,10:41:56,400323,11.0,1
MV_A5-Weekday-SDon-057000_M5_510,M5,d1,46,10:43:30,10:43:30,400324,7.0,1
MV_A5-Weekday-SDon-057000_M5_510,M5,d1,47,10:46:00,10:46:00,803082,7.0,1
MV_A5-Weekday-SDon-114200_M5_522,M5,d1,1,19:02:00,19:02:00,400639,1.0,1
MV_A5-Weekday-SDon-114200_M5_522,M5,d1,2,19:03:28,19:03:28,400640,1.0,1
MV_A5-Weekday-SDon-114200_M5_522,M5,d1,3,19:04:38,19:04:38,400641,1.0,1
MV_A5-Weekday-SDon-114200_M5_522,M5,d1,4,19:05:34,19:05:34,400642,1.0,1
MV_A5-Weekday-SDon-114200_M5_522,M5,d1,5,19:06:16,19:06:16,400643,1.0,1
MV_A5-Weekday-SDon-114200_M5_522,M5,d1,6,19:06:59,19:06:59,400644,1.0,1
MV_A5-Weekday-SDon-114200_M5_522,M5,d1,7,19:07:47,19:07:47,400645,2.0,1
MV_A5-Weekday-SDon-114200_M5_522,M5,d1,8,19:08:42,19:08:42,400646,2.0,1
MV_A5-Weekday-SDon-114200_M5_522,M5,d1,9,19:09:41,19:09:41,400647,2.0,1
MV_A5-Weekday-SDon-114200_M5_522,M5,d1,10,19:10:29,19:10:29,400648,2.0,1
MV_A5-Weekday-SDon-114200_M5_522,M5,d1,11,19:11:16,19:11:16,400649,2.0,1
MV_A5-Weekday-SDon-114200_M5_522,M5,d1,12,19:12:00,19:12:00,403373,1.0,1
MV_A5-Weekday-SDon-114200_M5_522,M5,d1,13,19:13:29,19:13:29,403374,2.0,1
MV_A5-Weekday-SDon-114200_M5_522,M5,d1,14,19:14:21,19:14:21,403375,2.0,1
MV_A5-Weekday-SDon-114200_M5_522,M5,d1,15,19:15:14,19:15:14,403376,1.0,1
MV_A5-Weekday-SDon-114200_M5_522,M5,d1,16,19:16:17,19:16:17,403377,1.0,1
MV_A5-Weekday-SDon-114200_M5_522,M5,d1,17,19:17:53,19:17:53,400655,1.0,1
MV_A5-Weekday-SDon-114200_M5_522,M5,d1,18,19:19:17,19:19:17,400656,2.0,1
MV_A5-Weekday-SDon-114200_M5_522,M5,d1,19,19:20:47,19:20:47,400657,1.0,1
MV_A5-Weekday-SDon-114200_M5_522,M5,d1,20,19:21:48,19:21:48,400658,1.0,1
MV_A5-Weekday-SDon-114200_M5_522,M5,d1,21,19:23:20,19:23:20,400659,1.0,1
MV_A5-Weekday-SDon-114200_M5_522,M5,d1,22,19:24:00,19:24:00,403483,1.0,1
MV_A5-Weekday-SDon-114200_M5_522,M5,d1,23,19:25:25,19:25:25,400661,1.0,1
MV_A5-Weekday-SDon-114200_M5_522,M5,d1,24,19:26:09,19:26:09,400662,1.0,1
MV_A5-Weekday-SDon-114200_M5_522,M5,d1,25,19:26:53,19:26:53,400663,2.0,1
MV_A5-Weekday-SDon-114200_M5_522,M5,d1,26,19:28:00,19:28:00,803157,2.0,1
MV_A5-Weekday-SDon-104700_M5_529,M5,d1,1,17:27:00,17:27:00,403835,19.0,2
MV_A5-Weekday-SDon-104700_M5_529,M5,d1,2,17:29:00,17:29:00,400639,19.0,2
MV_A5-Weekday-SDon-104700_M5_529,M5,d1,3,17:30:54,17:30:54,400640,19.0,2
MV_A5-Weekday-SDon-104700_M5_529,M5,d1,4,17:32:25,17:32:25,400641,19.0,2
MV_A5-Weekday-SDon-104700_M5_529,M5,d1,5,17:33:39,17:33:39,400642,19.0,2
MV_A5-Weekday-SDon-104700_M5_529,M5,d1,6,17:34:33,17:34:33,400643,19.0,2
MV_A5-Weekday-SDon-104700_M5_529,M5,d1,7,17:35:28,17:35:28,400644,4.0,1
MV_A5-Weekday-SDon-104700_M5_529,M5,d1,8,17:36:31,17:36:31,400645,16.0,1
MV_A5-Weekday-SDon-104700_M5_529,M5,d1,9,17:37:43,17:37:43,400646,12.0,2
MV_A5-Weekday-SDon-104700_M5_529,M5,d1,10,17:38:59,17:38:59,400647,20.0,2
MV_A5-Weekday-SDon-104700_M5_529,M5,d1,11,17:40:02,17:40:02,400648,20.0,2
MV_A5-Weekday-SDon-104700_M5_529,M5,d1,12,17:41:03,17:41:03,400649,11.0,1
MV_A5-Weekday-SDon-104700_M5_529,M5,d1,13,17:42:00,17:42:00,403373,6.0,2
MV_A5-Weekday-SDon-104700_M5_529,M5,d1,14,17:43:51,17:43:51,403374,19.0,2
MV_A5-Weekday-SDon-104700_M5_529,M5,d1,15,17:44:56,17:44:56,403375,19.0,2
MV_A5-Weekday-SDon-104700_M5_529,M5,d1,16,17:46:02,17:46:02,403376,19.0,2
MV_A5-Weekday-SDon-104700_M5_529,M5,d1,17,17:47:21,17:47:21,403377,12.0,2
MV_A5-Weekday-SDon-104700_M5_529,M5,d1,18,17:49:21,17:49:21,400655,20.0,2
MV_A5-Weekday-SDon-104700_M5_529,M5,d1,19,17:51:06,17:51:06,400656,21.0,2
MV_A5-Weekday-SDon-104700_M5_529,M5,d1,20,17:52:58,17:52:58,400657,15.0,2
MV_A5-Weekday-SDon-104700_M5_529,M5,d1,21,17:54:15,17:54:15,400658,19.0,2
MV_A5-Weekday-SDon-104700_M5_529,M5,d1,22,17:56:10,17:56:10,400659,14.0,1
MV_A5-Weekday-SDon-104700_M5_529,M5,d1,23,17:57:00,17:57:00,403483,12.0,1
MV_A5-Weekday-SDon-104700_M5_529,M5,d1,24,17:59:07,17:59:07,400661,13.0,1
MV_A5-Weekday-SDon-104700_M5_529,M5,d1,25,18:00:14,18:00:14,400662,6.0,1
MV_A5-Weekday-SDon-104700_M5_529,M5,d1,26,18:01:20,18:01:20,400663,4.0,1
MV_A5-Weekday-SDon-104700_M5_529,M5,d1,27,18:03:00,18:03:00,803157,2.0,1
MV_A5-Weekday-SDon-104700_M5_529,M5,d1,28,18:05:00,18:05:00,404148,6.0,1
MV_A5-Weekday-SDon-104700_M5_529,M5,d1,29,18:07:07,18:07:07,403903,6.0,2
MV_A5-Weekday-SDon-104700_M5_529,M5,d1,30,18:08:10,18:08:10,403142,22.0,2
MV_A5-Weekday-SDon-104700_M5_529,M5,d1,31,18:09:20,18:09:20,403144,5.0,2
MV_A5-Weekday-SDon-104700_M5_529,M5,d1,32,18:11:10,18:11:10,403145,27.0,2
MV_A5-Weekday-SDon-104700_M5_529,M5,d1,33,18:12:26,18:12:26,405234,8.0,1
MV_A5-Weekday-SDon-104700_M5_529,M5,d1,34,18:14:36,18:14:36,403147,8.0,1
MV_A5-Weekday-SDon-104700_M5_529,M5,d1,35,18:15:47,18:15:47,403148,14.0,2
MV_A5-Weekday-SDon-104700_M5_529,M5,d1,36,18:16:56,18:16:56,403149,17.0,2
MV_A5-Weekday-SDon-104700_M5_529,M5,d1,37,18:18:24,18:18:24,400676,17.0,2
MV_A5-Weekday-SDon-104700_M5_529,M5,d1,38,18:20:16,18:20:16,400677,24.0,2
MV_A5-Weekday-SDon-104700_M5_529,M5,d1,39,18:22:11,18:22:11,400678,26.0,2
MV_A5-Weekday-SDon-104700_M5_529,M5,d1,40,18:23:00,18:23:00,400485,23.0,2
MV_A5-Weekday-SDon-104700_M5_529,M5,d1,41,18:24:43,18:24:43,400486,26.0,2
MV_A5-Weekday-SDon-104700_M5_529,M5,d1,42,18:27:00,18:27:00,400290,16.0,1
MV_A5-Weekday-SDon-104700_M5_529,M5,d1,43,18:29:15,18:29:15,404278,16.0,1
MV_A5-Weekday-SDon-104700_M5_529,M5,d1,44,18:31:00,18:31:00,400292,11.0,1
MV_A5-Weekday-SDon-104700_M5_529,M5,d1,45,18:32:01,18:32:01,400108,16.0,1
MV_A5-Weekday-SDon-104700_M5_529,M5,d1,46,18:32:48,18:32:48,400109,16.0,1
MV_A5-Weekday-SDon-104700_M5_529,M5,d1,47,18:33:32,18:33:32,400110,11.0,1
MV_A5-Weekday-SDon-104700_M5_529,M5,d1,48,18:34:21,18:34:21,400111,14.0,1
MV_A5-Weekday-SDon-104700_M5_529,M5,d1,49,18:35:46,18:35:46,404081,14.0,1
MV_A5-Weekday-SDon-104700_M5_529,M5,d1,50,18:36:44,18:36:44,404168,10.0,1
MV_A5-Weekday-SDon-104700_M5_529,M5,d1,51,18:37:20,18:37:20,400115,6.0,1
MV_A5-Weekday-SDon-104700_M5_529,M5,d1,52,18:38:08,18:38:08,400116,14.0,1
MV_A5-Weekday-SDon-104700_M5_529,M5,d1,53,18:38:52,18:38:52,400117,6.0,1
MV_A5-Weekday-SDon-104700_M5_529,M5,d1,54,18:39:56,18:39:56,400118,14.0,1
MV_A5-Weekday-SDon-104700_M5_529,M5,d1,55,18:40:59,18:40:59,400119,14.0,1
MV_A5-Weekday-SDon-104700_M5_529,M5,d1,56,18:42:33,18:42:33,400120,5.0,1
MV_A5-Weekday-SDon-104700_M5_529,M5,d1,57,18:43:11,18:43:11,400121,6.0,1
MV_A5-Weekday-SDon-104700_M5_529,M5,d1,58,18:43:51,18:43:51,400122,4.0,1
MV_A5-Weekday-SDon-104700_M5_529,M5,d1,59,18:44:36,18:44:36,400123,16.0,1
MV_A5-Weekday-SDon-104700_M5_529,M5,d1,60,18:46:00,18:46:00,400124,12.0,1
MV_A5-Weekday-SDon-104700_M5_529,M5,d1,61,18:47:40,18:47:40,400125,3.0,1
MV_A5-Weekday-SDon-104700_M5_529,M5,d1,62,18:49:36,18:49:36,400126,1.0,1
MV_A5-Weekday-SDon-104700_M5_529,M5,d1,63,18:51:03,18:51:03,400127,12.0,1
MV_A5-Weekday-SDon-104700_M5_529,M5,d1,64,18:52:02,18:52:02,400128,11.0,1
MV_A5-Weekday-SDon-104700_M5_529,M5,d1,65,18:53:14,18:53:14,400512,11.0,1
MV_A5-Weekday-SDon-104700_M5_529,M5,d1,66,18:55:48,18:55:48,403266,3.0,1
MV_A5-Weekday-SDon-104700_M5_529,M5,d1,67,18:57:34,18:57:34,400514,11.0,1
MV_A5-Weekday-SDon-104700_M5_529,M5,d1,68,18:59:23,18:59:23,400515,10.0,1
MV_A5-Weekday-SDon-104700_M5_529,M5,d1,69,19:01:11,19:01:11,400516,9.0,1
MV_A5-Weekday-SDon-104700_M5_529,M5,d1,70,19:02:24,19:02:24,405179,9.0,1
MV_A5-Weekday-SDon-104700_M5_529,M5,d1,71,19:04:00,19:04:00,400518,1.0,1
MV_A5-Weekday-SDon-104700_M5_529,M5,d1,72,19:05:44,19:05:44,400519,1.0,1
MV_A5-Weekday-SDon-104700_M5_529,M5,d1,73,19:06:45,19:06:45,405486,6.0,1
MV_A5-Weekday-SDon-104700_M5_529,M5,d1,74,19:09:00,19:09:00,903128,6.0,1
MV_A5-Weekday-141000_M5_541,M5,d1,1,23:30:00,23:30:00,400639,3.0,1
MV_A5-Weekday-141000_M5_541,M5,d1,2,23:31:19,23:31:19,400640,3.0,1
MV_A5-Weekday-141000_M5_541,M5,d1,3,23:32:22,23:32:22,400641,3.0,1
MV_A5-Weekday-141000_M5_541,M5,d1,4,23:33:13,23:33:13,400642,3.0,1
MV_A5-Weekday-141000_M5_541,M5,d1,5,23:33:50,23:33:50,400643,2.0,1
MV_A5-Weekday-141000_M5_541,M5,d1,6,23:34:29,23:34:29,400644,4.0,1
MV_A5-Weekday-141000_M5_541,M5,d1,7,23:35:12,23:35:12,400645,4.0,1
MV_A5-Weekday-141000_M5_541,M5,d1,8,23:36:02,23:36:02,400646,3.0,1
MV_A5-Weekday-141000_M5_541,M5,d1,9,23:36:55,23:36:55,400647,4.0,1
MV_A5-Weekday-141000_M5_541,M5,d1,10,23:37:38,23:37:38,400648,4.0,1
MV_A5-Weekday-141000_M5_541,M5,d1,11,23:38:20,23:38:20,400649,4.0,1
MV_A5-Weekday-141000_M5_541,M5,d1,12,23:39:00,23:39:00,403373,4.0,1
MV_A5-Weekday-141000_M5_541,M5,d1,13,23:40:14,23:40:14,403374,5.0,1
MV_A5-Weekday-141000_M5_541,M5,d1,14,23:40:58,23:40:58,403375,5.0,1
MV_A5-Weekday-141000_M5_541,M5,d1,15,23:41:41,23:41:41,403376,3.0,1
MV_A5-Weekday-141000_M5_541,M5,d1,16,23:42:34,23:42:34,403377,4.0,1
MV_A5-Weekday-141000_M5_541,M5,d1,17,23:43:54,23:43:54,400655,7.0,1
MV_A5-Weekday-141000_M5_541,M5,d1,18,23:45:04,23:45:04,400656,3.0,1
MV_A5-Weekday-141000_M5_541,M5,d1,19,23:46:19,23:46:19,400657,7.0,1
MV_A5-Weekday-141000_M5_541,M5,d1,20,23:47:10,23:47:10,400658,3.0,1
MV_A5-Weekday-141000_M5_541,M5,d1,21,23:48:27,23:48:27,400659,3.0,1
MV_A5-Weekday-141000_M5_541,M5,d1,22,23:49:00,23:49:00,403483,4.0,1
MV_A5-Weekday-141000_M5_541,M5,d1,23,23:50:25,23:50:25,400661,3.0,1
MV_A5-Weekday-141000_M5_541,M5,d1,24,23:51:09,23:51:09,400662,3.0,1
MV_A5-Weekday-141000_M5_541,M5,d1,25,23:51:53,23:51:53,400663,3.0,1
MV_A5-Weekday-141000_M5_541,M5,d1,26,23:53:00,23:53:00,803157,3.0,1
MV_A5-Weekday-049800_M5_508,M5,d1,1,8:18:00,8:18:00,400808,16.0,1
MV_A5-Weekday-049800_M5_508,M5,d1,2,8:19:12,8:19:12,400809,16.0,1
MV_A5-Weekday-049800_M5_508,M5,d1,3,8:20:11,8:20:11,400810,16.0,1
MV_A5-Weekday-049800_M5_508,M5,d1,4,8:21:11,8:21:11,400811,16.0,1
MV_A5-Weekday-049800_M5_508,M5,d1,5,8:21:52,8:21:52,400812,16.0,1
MV_A5-Weekday-049800_M5_508,M5,d1,6,8:23:37,8:23:37,404918,12.0,1
MV_A5-Weekday-049800_M5_508,M5,d1,7,8:25:04,8:25:04,400814,12.0,1
MV_A5-Weekday-049800_M5_508,M5,d1,8,8:25:58,8:25:58,400815,10.0,1
MV_A5-Weekday-049800_M5_508,M5,d1,9,8:26:54,8:26:54,400816,10.0,1
MV_A5-Weekday-049800_M5_508,M5,d1,10,8:28:00,8:28:00,400655,5.0,1
MV_A5-Weekday-049800_M5_508,M5,d1,11,8:30:13,8:30:13,400657,8.0,1
MV_A5-Weekday-049800_M5_508,M5,d1,12,8:32:41,8:32:41,403483,6.0,1
MV_A5-Weekday-049800_M5_508,M5,d1,13,8:34:56,8:34:56,400662,7.0,1
MV_A5-Weekday-049800_M5_508,M5,d1,14,8:37:00,8:37:00,404011,7.0,1
MV_A5-Weekday-049800_M5_508,M5,d1,15,8:37:23,8:37:23,404012,7.0,1
MV_A5-Weekday-049800_M5_508,M5,d1,16,8:39:31,8:39:31,404822,7.0,1
MV_A5-Weekday-049800_M5_508,M5,d1,17,8:40:40,8:40:40,404259,7.0,1
MV_A5-Weekday-049800_M5_508,M5,d1,18,8:41:29,8:41:29,405580,7.0,1
MV_A5-Weekday-049800_M5_508,M5,d1,19,8:42:17,8:42:17,400834,5.0,1
MV_A5-Weekday-049800_M5_508,M5,d1,20,8:42:48,8:42:48,400835,5.0,1
MV_A5-Weekday-049800_M5_508,M5,d1,21,8:43:17,8:43:17,400836,4.0,1
MV_A5-Weekday-049800_M5_508,M5,d1,22,8:44:15,8:44:15,400837,4.0,1
MV_A5-Weekday-049800_M5_508,M5,d1,23,8:44:44,8:44:44,400838,4.0,1
MV_A5-Weekday-049800_M5_508,M5,d1,24,8:45:15,8:45:15,404130,4.0,1
MV_A5-Weekday-049800_M5_508,M5,d1,25,8:46:20,8:46:20,400840,3.0,1
MV_A5-Weekday-049800_M5_508,M5,d1,26,8:47:00,8:47:00,400841,6.0,1
MV_A5-Weekday-049800_M5_508,M5,d1,27,8:48:24,8:48:24,404131,6.0,1
MV_A5-Weekday-049800_M5_508,M5,d1,28,8:49:40,8:49:40,400843,6.0,1
MV_A5-Weekday-049800_M5_508,M5,d1,29,8:50:57,8:50:57,404855,6.0,1
MV_A5-Weekday-049800_M5_508,M5,d1,30,8:52:13,8:52:13,400846,6.0,1
MV_A5-Weekday-049800_M5_508,M5,d1,31,8:53:08,8:53:08,400847,6.0,1
MV_A5-Weekday-049800_M5_508,M5,d1,32,8:54:06,8:54:06,400848,6.0,1
MV_A5-Weekday-049800_M5_508,M5,d1,33,8:55:00,8:55:00,400849,6.0,1
MV_A5-Weekday-049800_M5_508,M5,d1,34,8:57:04,8:57:04,400851,6.0,1
MV_A5-Weekday-049800_M5_508,M5,d1,35,8:58:16,8:58:16,400852,6.0,1
MV_A5-Weekday-049800_M5_508,M5,d1,36,9:00:01,9:00:01,400853,6.0,1
MV_A5-Weekday-049800_M5_508,M5,d1,37,9:01:08,9:01:08,400854,6.0,1
MV_A5-Weekday-049800_M5_508,M5,d1,38,9:05:03,9:05:03,403171,6.0,1
MV_A5-Weekday-049800_M5_508,M5,d1,39,9:09:00,9:09:00,400861,6.0,1
MV_A5-Weekday-049800_M5_508,M5,d1,40,9:13:27,9:13:27,403047,6.0,1
MV_A5-Weekday-049800_M5_508,M5,d1,41,9:17:00,9:17:00,402446,6.0,1
MV_A5-Weekday-049800_M5_508,M5,d1,42,9:21:20,9:21:20,450123,6.0,1
MV_A5-Weekday-049800_M5_508,M5,d1,43,9:27:00,9:27:00,400135,6.0,1
MV_A5-Weekday-049800_M5_508,M5,d1,44,9:28:28,9:28:28,400322,6.0,1
MV_A5-Weekday-049800_M5_508,M5,d1,45,9:29:56,9:29:56,400323,6.0,1
MV_A5-Weekday-049800_M5_508,M5,d1,46,9:31:30,9:31:30,400324,6.0,1
MV_A5-Weekday-049800_M5_508,M5,d1,47,9:34:00,9:34:00,803082,6.0,1
MV_A5-Weekday-043400_M5_X01,M5,d1,1,7:14:00,7:14:00,400808,11.0,1
MV_A5-Weekday-043400_M5_X01,M5,d1,2,7:15:04,7:15:04,400809,11.0,1
MV_A5-Weekday-043400_M5_X01,M5,d1,3,7:15:58,7:15:58,400810,11.0,1
MV_A5-Weekday-043400_M5_X01,M5,d1,4,7:16:52,7:16:52,400811,11.0,1
MV_A5-Weekday-043400_M5_X01,M5,d1,5,7:17:29,7:17:29,400812,11.0,1
MV_A5-Weekday-043400_M5_X01,M5,d1,6,7:19:03,7:19:03,404918,11.0,1
MV_A5-Weekday-043400_M5_X01,M5,d1,7,7:20:22,7:20:22,400814,11.0,1
MV_A5-Weekday-043400_M5_X01,M5,d1,8,7:21:10,7:21:10,400815,11.0,1
MV_A5-Weekday-043400_M5_X01,M5,d1,9,7:22:00,7:22:00,400816,13.0,1
MV_A5-Weekday-043400_M5_X01,M5,d1,10,7:23:00,7:23:00,400655,13.0,1
MV_A5-Weekday-043400_M5_X01,M5,d1,11,7:25:13,7:25:13,400657,6.0,1
MV_A5-Weekday-043400_M5_X01,M5,d1,12,7:27:41,7:27:41,403483,16.0,1
MV_A5-Weekday-043400_M5_X01,M5,d1,13,7:29:56,7:29:56,400662,3.0,1
MV_A5-Weekday-043400_M5_X01,M5,d1,14,7:32:00,7:32:00,404011,14.0,1
MV_A5-Weekday-043400_M5_X01,M5,d1,15,7:32:26,7:32:26,404012,14.0,1
MV_A5-Weekday-043400_M5_X01,M5,d1,16,7:34:46,7:34:46,404822,14.0,1
MV_A5-Weekday-043400_M5_X01,M5,d1,17,7:36:02,7:36:02,404259,14.0,1
MV_A5-Weekday-043400_M5_X01,M5,d1,18,7:36:56,7:36:56,405580,13.0,1
MV_A5-Weekday-043400_M5_X01,M5,d1,19,7:37:49,7:37:49,400834,13.0,1
MV_A5-Weekday-043400_M5_X01,M5,d1,20,7:38:23,7:38:23,400835,6.0,1
MV_A5-Weekday-043400_M5_X01,M5,d1,21,7:38:54,7:38:54,400836,6.0,1
MV_A5-Weekday-043400_M5_X01,M5,d1,22,7:39:59,7:39:59,400837,5.0,2
MV_A5-Weekday-043400_M5_X01,M5,d1,23,7:40:31,7:40:31,400838,18.0,2
MV_A5-Weekday-043400_M5_X01,M5,d1,24,7:41:05,7:41:05,404130,18.0,2
MV_A5-Weekday-043400_M5_X01,M5,d1,25,7:42:16,7:42:16,400840,5.0,2
MV_A5-Weekday-043400_M5_X01,M5,d1,26,7:43:00,7:43:00,400841,18.0,2
MV_A5-Weekday-043400_M5_X01,M5,d1,27,7:44:24,7:44:24,404131,23.0,2
MV_A5-Weekday-043400_M5_X01,M5,d1,28,7:45:40,7:45:40,400843,23.0,2
MV_A5-Weekday-043400_M5_X01,M5,d1,29,7:46:57,7:46:57,404855,23.0,2
MV_A5-Weekday-043400_M5_X01,M5,d1,30,7:48:13,7:48:13,400846,23.0,2
MV_A5-Weekday-043400_M5_X01,M5,d1,31,7:49:08,7:49:08,400847,24.0,2
MV_A5-Weekday-043400_M5_X01,M5,d1,32,7:50:06,7:50:06,400848,24.0,2
MV_A5-Weekday-043400_M5_X01,M5,d1,33,7:51:00,7:51:00,400849,28.0,2
MV_A5-Weekday-043400_M5_X01,M5,d1,34,7:52:55,7:52:55,400851,28.0,2
MV_A5-Weekday-043400_M5_X01,M5,d1,35,7:54:02,7:54:02,400852,28.0,2
MV_A5-Weekday-043400_M5_X01,M5,d1,36,7:55:39,7:55:39,400853,30.0,2
MV_A5-Weekday-043400_M5_X01,M5,d1,37,7:56:42,7:56:42,400854,30.0,3
MV_A5-Weekday-043400_M5_X01,M5,d1,38,8:00:20,8:00:20,403171,33.0,3
MV_A5-Weekday-043400_M5_X01,M5,d1,39,8:04:00,8:04:00,400861,33.0,3
MV_A5-Weekday-043400_M5_X01,M5,d1,40,8:07:57,8:07:57,403047,29.0,2
MV_A5-Weekday-043400_M5_X01,M5,d1,41,8:11:07,8:11:07,402446,18.0,2
MV_A5-Weekday-043400_M5_X01,M5,d1,42,8:14:58,8:14:58,450123,2.0,1
MV_A5-Weekday-043400_M5_X01,M5,d1,43,8:20:00,8:20:00,400135,7.0,1
MV_A5-Weekday-043400_M5_X01,M5,d1,44,8:21:28,8:21:28,400322,7.0,1
MV_A5-Weekday-043400_M5_X01,M5,d1,45,8:22:56,8:22:56,400323,1.0,1
MV_A5-Weekday-043400_M5_X01,M5,d1,46,8:24:30,8:24:30,400324,2.0,1
MV_A5-Weekday-043400_M5_X01,M5,d1,47,8:27:00,8:27:00,803082,2.0,1
MV_A5-Weekday-SDon-091000_M5_521,M5,d1,1,15:10:00,15:10:00,400808,1.0,1
MV_A5-Weekday-SDon-091000_M5_521,M5,d1,2,15:11:19,15:11:19,400809,8.0,1
MV_A5-Weekday-SDon-091000_M5_521,M5,d1,3,15:12:24,15:12:24,400810,8.0,1
MV_A5-Weekday-SDon-091000_M5_521,M5,d1,4,15:13:30,15:13:30,400811,8.0,1
MV_A5-Weekday-SDon-091000_M5_521,M5,d1,5,15:14:16,15:14:16,400812,10.0,1
MV_A5-Weekday-SDon-091000_M5_521,M5,d1,6,15:16:11,15:16:11,404918,10.0,1
MV_A5-Weekday-SDon-091000_M5_521,M5,d1,7,15:17:47,15:17:47,400814,13.0,1
MV_A5-Weekday-SDon-091000_M5_521,M5,d1,8,15:18:45,15:18:45,400815,14.0,1
MV_A5-Weekday-SDon-091000_M5_521,M5,d1,9,15:19:47,15:19:47,400816,14.0,2
MV_A5-Weekday-SDon-091000_M5_521,M5,d1,10,15:21:00,15:21:00,400655,23.0,2
MV_A5-Weekday-SDon-091000_M5_521,M5,d1,11,15:23:28,15:23:28,400657,23.0,2
MV_A5-Weekday-SDon-091000_M5_521,M5,d1,12,15:26:12,15:26:12,403483,17.0,2
MV_A5-Weekday-SDon-091000_M5_521,M5,d1,13,15:28:42,15:28:42,400662,12.0,1
MV_A5-Weekday-SDon-091000_M5_521,M5,d1,14,15:31:00,15:31:00,404011,3.0,1
MV_A5-Weekday-SDon-091000_M5_521,M5,d1,15,15:31:26,15:31:26,404012,5.0,1
MV_A5-Weekday-SDon-091000_M5_521,M5,d1,16,15:33:46,15:33:46,404822,2.0,1
MV_A5-Weekday-SDon-091000_M5_521,M5,d1,17,15:35:02,15:35:02,404259,2.0,1
MV_A5-Weekday-SDon-091000_M5_521,M5,d1,18,15:35:56,15:35:56,405580,2.0,1
MV_A5-Weekday-SDon-091000_M5_521,M5,d1,19,15:36:49,15:36:49,400834,9.0,1
MV_A5-Weekday-SDon-091000_M5_521,M5,d1,20,15:37:23,15:37:23,400835,11.0,1
MV_A5-Weekday-SDon-091000_M5_521,M5,d1,21,15:37:54,15:37:54,400836,11.0,1
MV_A5-Weekday-SDon-091000_M5_521,M5,d1,22,15:38:59,15:38:59,400837,11.0,1
MV_A5-Weekday-SDon-091000_M5_521,M5,d1,23,15:39:31,15:39:31,400838,11.0,1
MV_A5-Weekday-SDon-091000_M5_521,M5,d1,24,15:40:05,15:40:05,404130,11.0,1
MV_A5-Weekday-SDon-091000_M5_521,M5,d1,25,15:41:16,15:41:16,400840,7.0,1
MV_A5-Weekday-SDon-091000_M5_521,M5,d1,26,15:42:00,15:42:00,400841,10.0,1
MV_A5-Weekday-SDon-091000_M5_521,M5,d1,27,15:43:24,15:43:24,404131,7.0,1
MV_A5-Weekday-SDon-091000_M5_521,M5,d1,28,15:44:40,15:44:40,400843,7.0,1
MV_A5-Weekday-SDon-091000_M5_521,M5,d1,29,15:45:57,15:45:57,404855,2.0,1
MV_A5-Weekday-SDon-091000_M5_521,M5,d1,30,15:47:13,15:47:13,400846,10.0,1
MV_A5-Weekday-SDon-091000_M5_521,M5,d1,31,15:48:08,15:48:08,400847,11.0,1
MV_A5-Weekday-SDon-091000_M5_521,M5,d1,32,15:49:06,15:49:06,400848,11.0,1
MV_A5-Weekday-SDon-091000_M5_521,M5,d1,33,15:50:00,15:50:00,400849,8.0,1
MV_A5-Weekday-SDon-091000_M5_521,M5,d1,34,15:52:12,15:52:12,400851,8.0,1
MV_A5-Weekday-SDon-091000_M5_521,M5,d1,35,15:53:30,15:53:30,400852,8.0,1
MV_A5-Weekday-SDon-091000_M5_521,M5,d1,36,15:55:22,15:55:22,400853,7.0,1
MV_A5-Weekday-SDon-091000_M5_521,M5,d1,37,15:56:35,15:56:35,400854,8.0,1
MV_A5-Weekday-SDon-091000_M5_521,M5,d1,38,16:00:46,16:00:46,403171,15.0,1
MV_A5-Weekday-SDon-091000_M5_521,M5,d1,39,16:05:00,16:05:00,400861,4.0,1
MV_A5-Weekday-SDon-091000_M5_521,M5,d1,40,16:10:56,16:10:56,403047,9.0,1
MV_A5-Weekday-SDon-091000_M5_521,M5,d1,41,16:15:41,16:15:41,402446,3.0,1
MV_A5-Weekday-SDon-091000_M5_521,M5,d1,42,16:21:27,16:21:27,450123,5.0,1
MV_A5-Weekday-SDon-091000_M5_521,M5,d1,43,16:29:00,16:29:00,400135,5.0,1
MV_A5-Weekday-SDon-091000_M5_521,M5,d1,44,16:30:28,16:30:28,400322,1.0,1
MV_A5-Weekday-SDon-091000_M5_521,M5,d1,45,16:31:56,16:31:56,400323,1.0,1
MV_A5-Weekday-SDon-091000_M5_521,M5,d1,46,16:33:30,16:33:30,400324,5.0,1
MV_A5-Weekday-SDon-091000_M5_521,M5,d1,47,16:36:00,16:36:00,803082,5.0,1
MV_A5-Weekday-071500_M5_512,M5,d1,1,11:55:00,11:55:00,403835,9.0,1
MV_A5-Weekday-071500_M5_512,M5,d1,2,11:57:00,11:57:00,400639,9.0,1
MV_A5-Weekday-071500_M5_512,M5,d1,3,11:59:03,11:59:03,400640,11.0,1
MV_A5-Weekday-071500_M5_512,M5,d1,4,12:00:41,12:00:41,400641,11.0,1
MV_A5-Weekday-071500_M5_512,M5,d1,5,12:02:00,12:02:00,400642,11.0,1
MV_A5-Weekday-071500_M5_512,M5,d1,6,12:02:58,12:02:58,400643,11.0,1
MV_A5-Weekday-071500_M5_512,M5,d1,7,12:03:58,12:03:58,400644,11.0,1
MV_A5-Weekday-071500_M5_512,M5,d1,8,12:05:05,12:05:05,400645,11.0,1
MV_A5-Weekday-071500_M5_512,M5,d1,9,12:06:23,12:06:23,400646,11.0,1
MV_A5-Weekday-071500_M5_512,M5,d1,10,12:07:46,12:07:46,400647,9.0,1
MV_A5-Weekday-071500_M5_512,M5,d1,11,12:08:53,12:08:53,400648,9.0,1
MV_A5-Weekday-071500_M5_512,M5,d1,12,12:09:58,12:09:58,400649,9.0,1
MV_A5-Weekday-071500_M5_512,M5,d1,13,12:11:00,12:11:00,403373,9.0,1
MV_A5-Weekday-071500_M5_512,M5,d1,14,12:12:43,12:12:43,403374,9.0,1
MV_A5-Weekday-071500_M5_512,M5,d1,15,12:13:45,12:13:45,403375,8.0,1
MV_A5-Weekday-071500_M5_512,M5,d1,16,12:14:46,12:14:46,403376,8.0,1
MV_A5-Weekday-071500_M5_512,M5,d1,17,12:16:00,12:16:00,403377,8.0,1
MV_A5-Weekday-071500_M5_512,M5,d1,18,12:17:51,12:17:51,400655,10.0,1
MV_A5-Weekday-071500_M5_512,M5,d1,19,12:19:30,12:19:30,400656,10.0,1
MV_A5-Weekday-071500_M5_512,M5,d1,20,12:21:14,12:21:14,400657,10.0,1
MV_A5-Weekday-071500_M5_512,M5,d1,21,12:22:26,12:22:26,400658,9.0,1
MV_A5-Weekday-071500_M5_512,M5,d1,22,12:24:13,12:24:13,400659,10.0,1
MV_A5-Weekday-071500_M5_512,M5,d1,23,12:25:00,12:25:00,403483,10.0,1
MV_A5-Weekday-071500_M5_512,M5,d1,24,12:27:28,12:27:28,400661,10.0,1
MV_A5-Weekday-071500_M5_512,M5,d1,25,12:28:46,12:28:46,400662,9.0,1
MV_A5-Weekday-071500_M5_512,M5,d1,26,12:30:03,12:30:03,400663,9.0,1
MV_A5-Weekday-071500_M5_512,M5,d1,27,12:32:00,12:32:00,803157,9.0,1
MV_A5-Weekday-071500_M5_512,M5,d1,28,12:34:00,12:34:00,404148,9.0,1
MV_A5-Weekday-071500_M5_512,M5,d1,29,12:36:07,12:36:07,403903,9.0,1
MV_A5-Weekday-071500_M5_512,M5,d1,30,12:37:10,12:37:10,403142,9.0,1
MV_A5-Weekday-071500_M5_512,M5,d1,31,12:38:20,12:38:20,403144,11.0,1
MV_A5-Weekday-071500_M5_512,M5,d1,32,12:40:10,12:40:10,403145,12.0,1
MV_A5-Weekday-071500_M5_512,M5,d1,33,12:41:26,12:41:26,405234,12.0,1
MV_A5-Weekday-071500_M5_512,M5,d1,34,12:43:36,12:43:36,403147,7.0,1
MV_A5-Weekday-071500_M5_512,M5,d1,35,12:44:47,12:44:47,403148,7.0,1
MV_A5-Weekday-071500_M5_512,M5,d1,36,12:45:56,12:45:56,403149,7.0,1
MV_A5-Weekday-071500_M5_512,M5,d1,37,12:47:24,12:47:24,400676,4.0,1
MV_A5-Weekday-071500_M5_512,M5,d1,38,12:49:16,12:49:16,400677,4.0,1
MV_A5-Weekday-071500_M5_512,M5,d1,39,12:51:11,12:51:11,400678,4.0,1
MV_A5-Weekday-071500_M5_512,M5,d1,40,12:52:00,12:52:00,400485,4.0,1
MV_A5-Weekday-071500_M5_512,M5,d1,41,12:53:43,12:53:43,400486,5.0,1
MV_A5-Weekday-071500_M5_512,M5,d1,42,12:56:00,12:56:00,400290,5.0,1
MV_A5-Weekday-071500_M5_512,M5,d1,43,12:58:15,12:58:15,404278,6.0,1
MV_A5-Weekday-071500_M5_512,M5,d1,44,13:00:00,13:00:00,400292,6.0,1
MV_A5-Weekday-071500_M5_512,M5,d1,45,13:02:05,13:02:05,400108,7.0,1
MV_A5-Weekday-071500_M5_512,M5,d1,46,13:03:43,13:03:43,400109,7.0,1
MV_A5-Weekday-071500_M5_512,M5,d1,47,13:05:15,13:05:15,400110,7.0,1
MV_A5-Weekday-071500_M5_512,M5,d1,48,13:06:56,13:06:56,400111,7.0,1
MV_A5-Weekday-071500_M5_512,M5,d1,49,13:09:51,13:09:51,404081,7.0,1
MV_A5-Weekday-071500_M5_512,M5,d1,50,13:11:52,13:11:52,404168,8.0,1
MV_A5-Weekday-071500_M5_512,M5,d1,51,13:13:06,13:13:06,400115,8.0,1
MV_A5-Weekday-071500_M5_512,M5,d1,52,13:14:45,13:14:45,400116,10.0,1
MV_A5-Weekday-071500_M5_512,M5,d1,53,13:16:14,13:16:14,400117,10.0,1
MV_A5-Weekday-071500_M5_512,M5,d1,54,13:18:28,13:18:28,400118,10.0,1
MV_A5-Weekday-071500_M5_512,M5,d1,55,13:20:37,13:20:37,400119,11.0,3
MV_A5-Weekday-071500_M5_512,M5,d1,56,13:23:52,13:23:52,400120,42.0,3
MV_A5-Weekday-071500_M5_512,M5,d1,57,13:25:10,13:25:10,400121,42.0,3
MV_A5-Weekday-071500_M5_512,M5,d1,58,13:26:33,13:26:33,400122,42.0,4
MV_A5-Weekday-071500_M5_512,M5,d1,59,13:28:06,13:28:06,400123,49.0,4
MV_A5-Weekday-071500_M5_512,M5,d1,60,13:31:00,13:31:00,400124,49.0,4
MV_A5-Weekday-071500_M5_512,M5,d1,61,13:33:07,13:33:07,400125,52.0,4
MV_A5-Weekday-071500_M5_512,M5,d1,62,13:35:36,13:35:36,400126,50.0,4
MV_A5-Weekday-071500_M5_512,M5,d1,63,13:37:27,13:37:27,400127,50.0,4
MV_A5-Weekday-071500_M5_512,M5,d1,64,13:38:42,13:38:42,400128,50.0,4
MV_A5-Weekday-071500_M5_512,M5,d1,65,13:40:15,13:40:15,400512,40.0,3
MV_A5-Weekday-071500_M5_512,M5,d1,66,13:43:32,13:43:32,403266,42.0,3
MV_A5-Weekday-071500_M5_512,M5,d1,67,13:45:47,13:45:47,400514,43.0,3
MV_A5-Weekday-071500_M5_512,M5,d1,68,13:48:06,13:48:06,400515,25.0,2
MV_A5-Weekday-071500_M5_512,M5,d1,69,13:50:24,13:50:24,400516,25.0,2
MV_A5-Weekday-071500_M5_512,M5,d1,70,13:51:58,13:51:58,405179,18.0,2
MV_A5-Weekday-071500_M5_512,M5,d1,71,13:54:00,13:54:00,400518,11.0,1
MV_A5-Weekday-071500_M5_512,M5,d1,72,13:56:46,13:56:46,400519,11.0,1
MV_A5-Weekday-071500_M5_512,M5,d1,73,13:58:24,13:58:24,405486,11.0,1
MV_A5-Weekday-071500_M5_512,M5,d1,74,14:02:00,14:02:00,903128,11.0,1
MV_A5-Weekday-056900_M5_504,M5,d1,1,9:29:00,9:29:00,403835,2.0,1
MV_A5-Weekday-056900_M5_504,M5,d1,2,9:30:00,9:30:00,400639,2.0,1
MV_A5-Weekday-056900_M5_504,M5,d1,3,9:32:03,9:32:03,400640,2.0,1
MV_A5-Weekday-056900_M5_504,M5,d1,4,9:33:41,9:33:41,400641,3.0,1
MV_A5-Weekday-056900_M5_504,M5,d1,5,9:35:00,9:35:00,400642,4.0,1
MV_A5-Weekday-056900_M5_504,M5,d1,6,9:35:58,9:35:58,400643,4.0,1
MV_A5-Weekday-056900_M5_504,M5,d1,7,9:36:58,9:36:58,400644,4.0,1
MV_A5-Weekday-056900_M5_504,M5,d1,8,9:38:05,9:38:05,400645,4.0,2
MV_A5-Weekday-056900_M5_504,M5,d1,9,9:39:23,9:39:23,400646,17.0,2
MV_A5-Weekday-056900_M5_504,M5,d1,10,9:40:46,9:40:46,400647,17.0,2
MV_A5-Weekday-056900_M5_504,M5,d1,11,9:41:53,9:41:53,400648,11.0,1
MV_A5-Weekday-056900_M5_504,M5,d1,12,9:42:58,9:42:58,400649,11.0,1
MV_A5-Weekday-056900_M5_504,M5,d1,13,9:44:00,9:44:00,403373,4.0,2
MV_A5-Weekday-056900_M5_504,M5,d1,14,9:45:36,9:45:36,403374,17.0,2
MV_A5-Weekday-056900_M5_504,M5,d1,15,9:46:33,9:46:33,403375,5.0,1
MV_A5-Weekday-056900_M5_504,M5,d1,16,9:47:30,9:47:30,403376,15.0,1
MV_A5-Weekday-056900_M5_504,M5,d1,17,9:48:39,9:48:39,403377,16.0,1
MV_A5-Weekday-056900_M5_504,M5,d1,18,9:50:22,9:50:22,400655,16.0,1
MV_A5-Weekday-056900_M5_504,M5,d1,19,9:51:53,9:51:53,400656,8.0,2
MV_A5-Weekday-056900_M5_504,M5,d1,20,9:53:30,9:53:30,400657,17.0,2
MV_A5-Weekday-056900_M5_504,M5,d1,21,9:54:37,9:54:37,400658,22.0,2
MV_A5-Weekday-056900_M5_504,M5,d1,22,9:56:17,9:56:17,400659,20.0,2
MV_A5-Weekday-056900_M5_504,M5,d1,23,9:57:00,9:57:00,403483,26.0,2
MV_A5-Weekday-056900_M5_504,M5,d1,24,9:59:07,9:59:07,400661,23.0,2
MV_A5-Weekday-056900_M5_504,M5,d1,25,10:00:14,10:00:14,400662,23.0,2
MV_A5-Weekday-056900_M5_504,M5,d1,26,10:01:20,10:01:20,400663,5.0,2
MV_A5-Weekday-056900_M5_504,M5,d1,27,10:03:00,10:03:00,803157,25.0,2
MV_A5-Weekday-056900_M5_504,M5,d1,28,10:05:00,10:05:00,404148,3.0,1
MV_A5-Weekday-056900_M5_504,M5,d1,29,10:07:07,10:07:07,403903,3.0,2
MV_A5-Weekday-056900_M5_504,M5,d1,30,10:08:10,10:08:10,403142,27.0,2
MV_A5-Weekday-056900_M5_504,M5,d1,31,10:09:20,10:09:20,403144,27.0,2
MV_A5-Weekday-056900_M5_504,M5,d1,32,10:11:10,10:11:10,403145,23.0,2
MV_A5-Weekday-056900_M5_504,M5,d1,33,10:12:26,10:12:26,405234,4.0,2
MV_A5-Weekday-056900_M5_504,M5,d1,34,10:14:36,10:14:36,403147,22.0,2
MV_A5-Weekday-056900_M5_504,M5,d1,35,10:15:47,10:15:47,403148,22.0,2
MV_A5-Weekday-056900_M5_504,M5,d1,36,10:16:56,10:16:56,403149,23.0,2
MV_A5-Weekday-056900_M5_504,M5,d1,37,10:18:24,10:18:24,400676,3.0,2
MV_A5-Weekday-056900_M5_504,M5,d1,38,10:20:16,10:20:16,400677,24.0,2
MV_A5-Weekday-056900_M5_504,M5,d1,39,10:22:11,10:22:11,400678,24.0,2
MV_A5-Weekday-056900_M5_504,M5,d1,40,10:23:00,10:23:00,400485,8.0,2
MV_A5-Weekday-056900_M5_504,M5,d1,41,10:24:43,10:24:43,400486,28.0,2
MV_A5-Weekday-056900_M5_504,M5,d1,42,10:27:00,10:27:00,400290,29.0,2
MV_A5-Weekday-056900_M5_504,M5,d1,43,10:29:15,10:29:15,404278,31.0,2
MV_A5-Weekday-056900_M5_504,M5,d1,44,10:31:00,10:31:00,400292,7.0,1
MV_A5-Weekday-056900_M5_504,M5,d1,45,10:33:05,10:33:05,400108,9.0,2
MV_A5-Weekday-056900_M5_504,M5,d1,46,10:34:43,10:34:43,400109,32.0,2
MV_A5-Weekday-056900_M5_504,M5,d1,47,10:36:15,10:36:15,400110,4.0,2
MV_A5-Weekday-056900_M5_504,M5,d1,48,10:37:56,10:37:56,400111,30.0,2
MV_A5-Weekday-056900_M5_504,M5,d1,49,10:40:51,10:40:51,404081,3.0,2
MV_A5-Weekday-056900_M5_504,M5,d1,50,10:42:52,10:42:52,404168,31.0,2
MV_A5-Weekday-056900_M5_504,M5,d1,51,10:44:06,10:44:06,400115,31.0,2
MV_A5-Weekday-056900_M5_504,M5,d1,52,10:45:45,10:45:45,400116,3.0,2
MV_A5-Weekday-056900_M5_504,M5,d1,53,10:47:14,10:47:14,400117,23.0,2
MV_A5-Weekday-056900_M5_504,M5,d1,54,10:49:28,10:49:28,400118,30.0,2
MV_A5-Weekday-056900_M5_504,M5,d1,55,10:51:37,10:51:37,400119,30.0,3
MV_A5-Weekday-056900_M5_504,M5,d1,56,10:54:52,10:54:52,400120,33.0,3
MV_A5-Weekday-056900_M5_504,M5,d1,57,10:56:10,10:56:10,400121,11.0,3
MV_A5-Weekday-056900_M5_504,M5,d1,58,10:57:33,10:57:33,400122,37.0,3
MV_A5-Weekday-056900_M5_504,M5,d1,59,10:59:06,10:59:06,400123,37.0,3
MV_A5-Weekday-056900_M5_504,M5,d1,60,11:02:00,11:02:00,400124,14.0,3
MV_A5-Weekday-056900_M5_504,M5,d1,61,11:04:07,11:04:07,400125,39.0,3
MV_A5-Weekday-056900_M5_504,M5,d1,62,11:06:36,11:06:36,400126,36.0,3
MV_A5-Weekday-056900_M5_504,M5,d1,63,11:08:27,11:08:27,400127,36.0,3
MV_A5-Weekday-056900_M5_504,M5,d1,64,11:09:42,11:09:42,400128,32.0,2
MV_A5-Weekday-056900_M5_504,M5,d1,65,11:11:15,11:11:15,400512,32.0,2
MV_A5-Weekday-056900_M5_504,M5,d1,66,11:14:32,11:14:32,403266,27.0,2
MV_A5-Weekday-056900_M5_504,M5,d1,67,11:16:47,11:16:47,400514,25.0,2
MV_A5-Weekday-056900_M5_504,M5,d1,68,11:19:06,11:19:06,400515,24.0,2
MV_A5-Weekday-056900_M5_504,M5,d1,69,11:21:24,11:21:24,400516,24.0,2
MV_A5-Weekday-056900_M5_504,M5,d1,70,11:22:58,11:22:58,405179,22.0,2
MV_A5-Weekday-056900_M5_504,M5,d1,71,11:25:00,11:25:00,400518,22.0,2
MV_A5-Weekday-056900_M5_504,M5,d1,72,11:27:46,11:27:46,400519,1.0,2
MV_A5-Weekday-056900_M5_504,M5,d1,73,11:29:24,11:29:24,405486,22.0,2
MV_A5-Weekday-056900_M5_504,M5,d1,74,11:33:00,11:33:00,903128,22.0,2
MV_A5-Weekday-SDon-123400_M5_530,M5,d1,1,20:34:00,20:34:00,400639,11.0,1
MV_A5-Weekday-SDon-123400_M5_530,M5,d1,2,20:35:19,20:35:19,400640,11.0,1
MV_A5-Weekday-SDon-123400_M5_530,M5,d1,3,20:36:22,20:36:22,400641,5.0,1
MV_A5-Weekday-SDon-123400_M5_530,M5,d1,4,20:37:13,20:37:13,400642,5.0,1
MV_A5-Weekday-SDon-123400_M5_530,M5,d1,5,20:37:50,20:37:50,400643,5.0,1
MV_A5-Weekday-SDon-123400_M5_530,M5,d1,6,20:38:29,20:38:29,400644,5.0,1
MV_A5-Weekday-SDon-123400_M5_530,M5,d1,7,20:39:12,20:39:12,400645,4.0,1
MV_A5-Weekday-SDon-123400_M5_530,M5,d1,8,20:40:02,20:40:02,400646,5.0,1
MV_A5-Weekday-SDon-123400_M5_530,M5,d1,9,20:40:55,20:40:55,400647,1.0,1
MV_A5-Weekday-SDon-123400_M5_530,M5,d1,10,20:41:38,20:41:38,400648,2.0,1
MV_A5-Weekday-SDon-123400_M5_530,M5,d1,11,20:42:20,20:42:20,400649,5.0,1
MV_A5-Weekday-SDon-123400_M5_530,M5,d1,12,20:43:00,20:43:00,403373,5.0,1
MV_A5-Weekday-SDon-123400_M5_530,M5,d1,13,20:44:14,20:44:14,403374,1.0,1
MV_A5-Weekday-SDon-123400_M5_530,M5,d1,14,20:44:58,20:44:58,403375,10.0,1
MV_A5-Weekday-SDon-123400_M5_530,M5,d1,15,20:45:41,20:45:41,403376,10.0,1
MV_A5-Weekday-SDon-123400_M5_530,M5,d1,16,20:46:34,20:46:34,403377,4.0,1
MV_A5-Weekday-SDon-123400_M5_530,M5,d1,17,20:47:54,20:47:54,400655,7.0,1
MV_A5-Weekday-SDon-123400_M5_530,M5,d1,18,20:49:04,20:49:04,400656,10.0,1
MV_A5-Weekday-SDon-123400_M5_530,M5,d1,19,20:50:19,20:50:19,400657,2.0,1
MV_A5-Weekday-SDon-123400_M5_530,M5,d1,20,20:51:10,20:51:10,400658,14.0,1
MV_A5-Weekday-SDon-123400_M5_530,M5,d1,21,20:52:27,20:52:27,400659,10.0,1
MV_A5-Weekday-SDon-123400_M5_530,M5,d1,22,20:53:00,20:53:00,403483,14.0,2
MV_A5-Weekday-SDon-123400_M5_530,M5,d1,23,20:54:25,20:54:25,400661,17.0,2
MV_A5-Weekday-SDon-123400_M5_530,M5,d1,24,20:55:09,20:55:09,400662,4.0,1
MV_A5-Weekday-SDon-123400_M5_530,M5,d1,25,20:55:53,20:55:53,400663,12.0,1
MV_A5-Weekday-SDon-123400_M5_530,M5,d1,26,20:57:00,20:57:00,803157,12.0,1
MV_A5-Weekday-092200_M5_539,M5,d1,1,15:22:00,15:22:00,400808,21.0,2
MV_A5-Weekday-092200_M5_539,M5,d1,2,15:23:19,15:23:19,400809,21.0,2
MV_A5-Weekday-092200_M5_539,M5,d1,3,15:24:24,15:24:24,400810,21.0,2
MV_A5-Weekday-092200_M5_539,M5,d1,4,15:25:30,15:25:30,400811,20.0,2
MV_A5-Weekday-092200_M5_539,M5,d1,5,15:26:16,15:26:16,400812,22.0,2
MV_A5-Weekday-092200_M5_539,M5,d1,6,15:28:11,15:28:11,404918,30.0,2
MV_A5-Weekday-092200_M5_539,M5,d1,7,15:29:47,15:29:47,400814,31.0,2
MV_A5-Weekday-092200_M5_539,M5,d1,8,15:30:45,15:30:45,400815,32.0,2
MV_A5-Weekday-092200_M5_539,M5,d1,9,15:31:47,15:31:47,400816,32.0,2
MV_A5-Weekday-092200_M5_539,M5,d1,10,15:33:00,15:33:00,400655,32.0,2
MV_A5-Weekday-092200_M5_539,M5,d1,11,15:35:28,15:35:28,400657,28.0,2
MV_A5-Weekday-092200_M5_539,M5,d1,12,15:38:12,15:38:12,403483,10.0,1
MV_A5-Weekday-092200_M5_539,M5,d1,13,15:40:42,15:40:42,400662,13.0,1
MV_A5-Weekday-092200_M5_539,M5,d1,14,15:43:00,15:43:00,404011,13.0,1
MV_A5-Weekday-092200_M5_539,M5,d1,15,15:43:26,15:43:26,404012,5.0,1
MV_A5-Weekday-092200_M5_539,M5,d1,16,15:45:46,15:45:46,404822,5.0,1
MV_A5-Weekday-092200_M5_539,M5,d1,17,15:47:02,15:47:02,404259,5.0,1
MV_A5-Weekday-092200_M5_539,M5,d1,18,15:47:56,15:47:56,405580,5.0,1
MV_A5-Weekday-092200_M5_539,M5,d1,19,15:48:49,15:48:49,400834,5.0,1
MV_A5-Weekday-092200_M5_539,M5,d1,20,15:49:23,15:49:23,400835,5.0,1
MV_A5-Weekday-092200_M5_539,M5,d1,21,15:49:54,15:49:54,400836,4.0,1
MV_A5-Weekday-092200_M5_539,M5,d1,22,15:50:59,15:50:59,400837,7.0,1
MV_A5-Weekday-092200_M5_539,M5,d1,23,15:51:31,15:51:31,400838,7.0,1
MV_A5-Weekday-092200_M5_539,M5,d1,24,15:52:05,15:52:05,404130,7.0,1
MV_A5-Weekday-092200_M5_539,M5,d1,25,15:53:16,15:53:16,400840,2.0,1
MV_A5-Weekday-092200_M5_539,M5,d1,26,15:54:00,15:54:00,400841,5.0,1
MV_A5-Weekday-092200_M5_539,M5,d1,27,15:55:24,15:55:24,404131,5.0,1
MV_A5-Weekday-092200_M5_539,M5,d1,28,15:56:40,15:56:40,400843,5.0,1
MV_A5-Weekday-092200_M5_539,M5,d1,29,15:57:57,15:57:57,404855,8.0,1
MV_A5-Weekday-092200_M5_539,M5,d1,30,15:59:13,15:59:13,400846,8.0,2
MV_A5-Weekday-092200_M5_539,M5,d1,31,16:00:08,16:00:08,400847,23.0,2
MV_A5-Weekday-092200_M5_539,M5,d1,32,16:01:06,16:01:06,400848,23.0,2
MV_A5-Weekday-092200_M5_539,M5,d1,33,16:02:00,16:02:00,400849,18.0,2
MV_A5-Weekday-092200_M5_539,M5,d1,34,16:04:12,16:04:12,400851,18.0,2
MV_A5-Weekday-092200_M5_539,M5,d1,35,16:05:30,16:05:30,400852,3.0,1
MV_A5-Weekday-092200_M5_539,M5,d1,36,16:07:22,16:07:22,400853,2.0,1
MV_A5-Weekday-092200_M5_539,M5,d1,37,16:08:35,16:08:35,400854,12.0,1
MV_A5-Weekday-092200_M5_539,M5,d1,38,16:12:46,16:12:46,403171,4.0,1
MV_A5-Weekday-092200_M5_539,M5,d1,39,16:17:00,16:17:00,400861,6.0,1
MV_A5-Weekday-092200_M5_539,M5,d1,40,16:22:56,16:22:56,403047,13.0,1
MV_A5-Weekday-092200_M5_539,M5,d1,41,16:27:41,16:27:41,402446,5.0,1
MV_A5-Weekday-092200_M5_539,M5,d1,42,16:33:27,16:33:27,450123,9.0,1
MV_A5-Weekday-092200_M5_539,M5,d1,43,16:41:00,16:41:00,400135,9.0,1
MV_A5-Weekday-092200_M5_539,M5,d1,44,16:42:28,16:42:28,400322,9.0,1
MV_A5-Weekday-092200_M5_539,M5,d1,45,16:43:56,16:43:56,400323,9.0,1
MV_A5-Weekday-092200_M5_539,M5,d1,46,16:45:30,16:45:30,400324,9.0,1
MV_A5-Weekday-092200_M5_539,M5,d1,47,16:48:00,16:48:00,803082,9.0,1
MV_A5-Weekday-048200_M5_506,M5,d1,1,8:02:00,8:02:00,400808,10.0,1
MV_A5-Weekday-048200_M5_506,M5,d1,2,8:03:12,8:03:12,400809,11.0,1
MV_A5-Weekday-048200_M5_506,M5,d1,3,8:04:11,8:04:11,400810,11.0,1
MV_A5-Weekday-048200_M5_506,M5,d1,4,8:05:11,8:05:11,400811,11.0,1
MV_A5-Weekday-048200_M5_506,M5,d1,5,8:05:52,8:05:52,400812,11.0,1
MV_A5-Weekday-048200_M5_506,M5,d1,6,8:07:37,8:07:37,404918,14.0,1
MV_A5-Weekday-048200_M5_506,M5,d1,7,8:09:04,8:09:04,400814,14.0,1
MV_A5-Weekday-048200_M5_506,M5,d1,8,8:09:58,8:09:58,400815,14.0,1
MV_A5-Weekday-048200_M5_506,M5,d1,9,8:10:54,8:10:54,400816,14.0,1
MV_A5-Weekday-048200_M5_506,M5,d1,10,8:12:00,8:12:00,400655,14.0,1
MV_A5-Weekday-048200_M5_506,M5,d1,11,8:14:13,8:14:13,400657,14.0,1
MV_A5-Weekday-048200_M5_506,M5,d1,12,8:16:41,8:16:41,403483,14.0,1
MV_A5-Weekday-048200_M5_506,M5,d1,13,8:18:56,8:18:56,400662,14.0,2
MV_A5-Weekday-048200_M5_506,M5,d1,14,8:21:00,8:21:00,404011,17.0,2
MV_A5-Weekday-048200_M5_506,M5,d1,15,8:21:26,8:21:26,404012,17.0,2
MV_A5-Weekday-048200_M5_506,M5,d1,16,8:23:46,8:23:46,404822,17.0,2
MV_A5-Weekday-048200_M5_506,M5,d1,17,8:25:02,8:25:02,404259,17.0,2
MV_A5-Weekday-048200_M5_506,M5,d1,18,8:25:56,8:25:56,405580,17.0,2
MV_A5-Weekday-048200_M5_506,M5,d1,19,8:26:49,8:26:49,400834,18.0,2
MV_A5-Weekday-048200_M5_506,M5,d1,20,8:27:23,8:27:23,400835,18.0,2
MV_A5-Weekday-048200_M5_506,M5,d1,21,8:27:54,8:27:54,400836,18.0,2
MV_A5-Weekday-048200_M5_506,M5,d1,22,8:28:59,8:28:59,400837,18.0,2
MV_A5-Weekday-048200_M5_506,M5,d1,23,8:29:31,8:29:31,400838,18.0,2
MV_A5-Weekday-048200_M5_506,M5,d1,24,8:30:05,8:30:05,404130,17.0,2
MV_A5-Weekday-048200_M5_506,M5,d1,25,8:31:16,8:31:16,400840,20.0,2
MV_A5-Weekday-048200_M5_506,M5,d1,26,8:32:00,8:32:00,400841,20.0,2
MV_A5-Weekday-048200_M5_506,M5,d1,27,8:33:24,8:33:24,404131,21.0,2
MV_A5-Weekday-048200_M5_506,M5,d1,28,8:34:40,8:34:40,400843,21.0,2
MV_A5-Weekday-048200_M5_506,M5,d1,29,8:35:57,8:35:57,404855,27.0,2
MV_A5-Weekday-048200_M5_506,M5,d1,30,8:37:13,8:37:13,400846,27.0,2
MV_A5-Weekday-048200_M5_506,M5,d1,31,8:38:08,8:38:08,400847,27.0,2
MV_A5-Weekday-048200_M5_506,M5,d1,32,8:39:06,8:39:06,400848,27.0,2
MV_A5-Weekday-048200_M5_506,M5,d1,33,8:40:00,8:40:00,400849,27.0,2
MV_A5-Weekday-048200_M5_506,M5,d1,34,8:42:04,8:42:04,400851,26.0,2
MV_A5-Weekday-048200_M5_506,M5,d1,35,8:43:16,8:43:16,400852,26.0,2
MV_A5-Weekday-048200_M5_506,M5,d1,36,8:45:01,8:45:01,400853,28.0,2
MV_A5-Weekday-048200_M5_506,M5,d1,37,8:46:08,8:46:08,400854,28.0,2
MV_A5-Weekday-048200_M5_506,M5,d1,38,8:50:03,8:50:03,403171,28.0,2
MV_A5-Weekday-048200_M5_506,M5,d1,39,8:54:00,8:54:00,400861,32.0,2
MV_A5-Weekday-048200_M5_506,M5,d1,40,8:58:27,8:58:27,403047,30.0,2
MV_A5-Weekday-048200_M5_506,M5,d1,41,9:02:00,9:02:00,402446,25.0,2
MV_A5-Weekday-048200_M5_506,M5,d1,42,9:06:20,9:06:20,450123,27.0,2
MV_A5-Weekday-048200_M5_506,M5,d1,43,9:12:00,9:12:00,400135,16.0,1
MV_A5-Weekday-048200_M5_506,M5,d1,44,9:13:28,9:13:28,400322,16.0,1
MV_A5-Weekday-048200_M5_506,M5,d1,45,9:14:56,9:14:56,400323,16.0,1
MV_A5-Weekday-048200_M5_506,M5,d1,46,9:16:30,9:16:30,400324,11.0,1
MV_A5-Weekday-048200_M5_506,M5,d1,47,9:19:00,9:19:00,803082,11.0,1
MV_A5-Weekday-052800_M5_503,M5,d1,1,8:48:00,8:48:00,400808,12.0,1
MV_A5-Weekday-052800_M5_503,M5,d1,2,8:49:12,8:49:12,400809,12.0,2
MV_A5-Weekday-052800_M5_503,M5,d1,3,8:50:11,8:50:11,400810,21.0,2
MV_A5-Weekday-052800_M5_503,M5,d1,4,8:51:11,8:51:11,400811,21.0,2
MV_A5-Weekday-052800_M5_503,M5,d1,5,8:51:52,8:51:52,400812,21.0,2
MV_A5-Weekday-052800_M5_503,M5,d1,6,8:53:37,8:53:37,404918,16.0,1
MV_A5-Weekday-052800_M5_503,M5,d1,7,8:55:04,8:55:04,400814,11.0,1
MV_A5-Weekday-052800_M5_503,M5,d1,8,8:55:58,8:55:58,400815,10.0,1
MV_A5-Weekday-052800_M5_503,M5,d1,9,8:56:54,8:56:54,400816,14.0,1
MV_A5-Weekday-052800_M5_503,M5,d1,10,8:58:00,8:58:00,400655,14.0,1
MV_A5-Weekday-052800_M5_503,M5,d1,11,9:00:13,9:00:13,400657,14.0,1
MV_A5-Weekday-052800_M5_503,M5,d1,12,9:02:41,9:02:41,403483,14.0,1
MV_A5-Weekday-052800_M5_503,M5,d1,13,9:04:56,9:04:56,400662,14.0,1
MV_A5-Weekday-052800_M5_503,M5,d1,14,9:07:00,9:07:00,404011,14.0,1
MV_A5-Weekday-052800_M5_503,M5,d1,15,9:07:23,9:07:23,404012,14.0,1
MV_A5-Weekday-052800_M5_503,M5,d1,16,9:09:31,9:09:31,404822,14.0,1
MV_A5-Weekday-052800_M5_503,M5,d1,17,9:10:40,9:10:40,404259,9.0,1
MV_A5-Weekday-052800_M5_503,M5,d1,18,9:11:29,9:11:29,405580,9.0,1
MV_A5-Weekday-052800_M5_503,M5,d1,19,9:12:17,9:12:17,400834,9.0,1
MV_A5-Weekday-052800_M5_503,M5,d1,20,9:12:48,9:12:48,400835,6.0,1
MV_A5-Weekday-052800_M5_503,M5,d1,21,9:13:17,9:13:17,400836,6.0,1
MV_A5-Weekday-052800_M5_503,M5,d1,22,9:14:15,9:14:15,400837,6.0,1
MV_A5-Weekday-052800_M5_503,M5,d1,23,9:14:44,9:14:44,400838,6.0,1
MV_A5-Weekday-052800_M5_503,M5,d1,24,9:15:15,9:15:15,404130,6.0,1
MV_A5-Weekday-052800_M5_503,M5,d1,25,9:16:20,9:16:20,400840,7.0,1
MV_A5-Weekday-052800_M5_503,M5,d1,26,9:17:00,9:17:00,400841,7.0,1
MV_A5-Weekday-052800_M5_503,M5,d1,27,9:18:24,9:18:24,404131,7.0,1
MV_A5-Weekday-052800_M5_503,M5,d1,28,9:19:40,9:19:40,400843,7.0,1
MV_A5-Weekday-052800_M5_503,M5,d1,29,9:20:57,9:20:57,404855,8.0,1
MV_A5-Weekday-052800_M5_503,M5,d1,30,9:22:13,9:22:13,400846,8.0,1
MV_A5-Weekday-052800_M5_503,M5,d1,31,9:23:08,9:23:08,400847,8.0,1
MV_A5-Weekday-052800_M5_503,M5,d1,32,9:24:06,9:24:06,400848,8.0,1
MV_A5-Weekday-052800_M5_503,M5,d1,33,9:25:00,9:25:00,400849,7.0,1
MV_A5-Weekday-052800_M5_503,M5,d1,34,9:27:04,9:27:04,400851,7.0,1
MV_A5-Weekday-052800_M5_503,M5,d1,35,9:28:16,9:28:16,400852,7.0,1
MV_A5-Weekday-052800_M5_503,M5,d1,36,9:30:01,9:30:01,400853,11.0,1
MV_A5-Weekday-052800_M5_503,M5,d1,37,9:31:08,9:31:08,400854,11.0,1
MV_A5-Weekday-052800_M5_503,M5,d1,38,9:35:03,9:35:03,403171,12.0,1
MV_A5-Weekday-052800_M5_503,M5,d1,39,9:39:00,9:39:00,400861,13.0,1
MV_A5-Weekday-052800_M5_503,M5,d1,40,9:43:27,9:43:27,403047,12.0,1
MV_A5-Weekday-052800_M5_503,M5,d1,41,9:47:00,9:47:00,402446,5.0,1
MV_A5-Weekday-052800_M5_503,M5,d1,42,9:51:20,9:51:20,450123,9.0,1
MV_A5-Weekday-052800_M5_503,M5,d1,43,9:57:00,9:57:00,400135,1.0,1
MV_A5-Weekday-052800_M5_503,M5,d1,44,9:58:28,9:58:28,400322,10.0,1
MV_A5-Weekday-052800_M5_503,M5,d1,45,9:59:56,9:59:56,400323,9.0,1
MV_A5-Weekday-052800_M5_503,M5,d1,46,10:01:30,10:01:30,400324,1.0,1
MV_A5-Weekday-052800_M5_503,M5,d1,47,10:04:00,10:04:00,803082,1.0,1
MV_A5-Weekday-094600_M5_538,M5,d1,1,15:46:00,15:46:00,400808,14.0,2
MV_A5-Weekday-094600_M5_538,M5,d1,2,15:47:19,15:47:19,400809,23.0,2
MV_A5-Weekday-094600_M5_538,M5,d1,3,15:48:24,15:48:24,400810,23.0,2
MV_A5-Weekday-094600_M5_538,M5,d1,4,15:49:30,15:49:30,400811,28.0,2
MV_A5-Weekday-094600_M5_538,M5,d1,5,15:50:16,15:50:16,400812,22.0,2
MV_A5-Weekday-094600_M5_538,M5,d1,6,15:52:11,15:52:11,404918,29.0,2
MV_A5-Weekday-094600_M5_538,M5,d1,7,15:53:47,15:53:47,400814,29.0,2
MV_A5-Weekday-094600_M5_538,M5,d1,8,15:54:45,15:54:45,400815,26.0,2
MV_A5-Weekday-094600_M5_538,M5,d1,9,15:55:47,15:55:47,400816,25.0,2
MV_A5-Weekday-094600_M5_538,M5,d1,10,15:57:00,15:57:00,400655,13.0,1
MV_A5-Weekday-094600_M5_538,M5,d1,11,15:59:28,15:59:28,400657,16.0,1
MV_A5-Weekday-094600_M5_538,M5,d1,12,16:02:12,16:02:12,403483,16.0,1
MV_A5-Weekday-094600_M5_538,M5,d1,13,16:04:42,16:04:42,400662,10.0,1
MV_A5-Weekday-094600_M5_538,M5,d1,14,16:07:00,16:07:00,404011,10.0,1
MV_A5-Weekday-094600_M5_538,M5,d1,15,16:07:26,16:07:26,404012,10.0,1
MV_A5-Weekday-094600_M5_538,M5,d1,16,16:09:46,16:09:46,404822,10.0,1
MV_A5-Weekday-094600_M5_538,M5,d1,17,16:11:02,16:11:02,404259,10.0,1
MV_A5-Weekday-094600_M5_538,M5,d1,18,16:11:56,16:11:56,405580,5.0,1
MV_A5-Weekday-094600_M5_538,M5,d1,19,16:12:49,16:12:49,400834,3.0,1
MV_A5-Weekday-094600_M5_538,M5,d1,20,16:13:23,16:13:23,400835,8.0,1
MV_A5-Weekday-094600_M5_538,M5,d1,21,16:13:54,16:13:54,400836,8.0,1
MV_A5-Weekday-094600_M5_538,M5,d1,22,16:14:59,16:14:59,400837,4.0,1
MV_A5-Weekday-094600_M5_538,M5,d1,23,16:15:31,16:15:31,400838,6.0,1
MV_A5-Weekday-094600_M5_538,M5,d1,24,16:16:05,16:16:05,404130,6.0,1
MV_A5-Weekday-094600_M5_538,M5,d1,25,16:17:16,16:17:16,400840,4.0,1
MV_A5-Weekday-094600_M5_538,M5,d1,26,16:18:00,16:18:00,400841,12.0,1
MV_A5-Weekday-094600_M5_538,M5,d1,27,16:19:24,16:19:24,404131,12.0,1
MV_A5-Weekday-094600_M5_538,M5,d1,28,16:20:40,16:20:40,400843,12.0,1
MV_A5-Weekday-094600_M5_538,M5,d1,29,16:21:57,16:21:57,404855,12.0,1
MV_A5-Weekday-094600_M5_538,M5,d1,30,16:23:13,16:23:13,400846,12.0,1
MV_A5-Weekday-094600_M5_538,M5,d1,31,16:24:08,16:24:08,400847,12.0,1
MV_A5-Weekday-094600_M5_538,M5,d1,32,16:25:06,16:25:06,400848,12.0,1
MV_A5-Weekday-094600_M5_538,M5,d1,33,16:26:00,16:26:00,400849,2.0,1
MV_A5-Weekday-094600_M5_538,M5,d1,34,16:28:12,16:28:12,400851,12.0,1
MV_A5-Weekday-094600_M5_538,M5,d1,35,16:29:30,16:29:30,400852,12.0,1
MV_A5-Weekday-094600_M5_538,M5,d1,36,16:31:22,16:31:22,400853,14.0,1
MV_A5-Weekday-094600_M5_538,M5,d1,37,16:32:35,16:32:35,400854,14.0,1
MV_A5-Weekday-094600_M5_538,M5,d1,38,16:36:46,16:36:46,403171,11.0,1
MV_A5-Weekday-094600_M5_538,M5,d1,39,16:41:00,16:41:00,400861,11.0,1
MV_A5-Weekday-094600_M5_538,M5,d1,40,16:46:56,16:46:56,403047,9.0,1
MV_A5-Weekday-094600_M5_538,M5,d1,41,16:51:41,16:51:41,402446,9.0,1
MV_A5-Weekday-094600_M5_538,M5,d1,42,16:57:27,16:57:27,450123,7.0,1
MV_A5-Weekday-094600_M5_538,M5,d1,43,17:05:00,17:05:00,400135,7.0,1
MV_A5-Weekday-094600_M5_538,M5,d1,44,17:06:28,17:06:28,400322,7.0,1
MV_A5-Weekday-094600_M5_538,M5,d1,45,17:07:56,17:07:56,400323,7.0,1
MV_A5-Weekday-094600_M5_538,M5,d1,46,17:09:30,17:09:30,400324,7.0,1
MV_A5-Weekday-094600_M5_538,M5,d1,47,17:12:00,17:12:00,803082,7.0,1
MV_A5-Weekday-SDon-053800_M5_521,M5,d1,1,8:58:00,8:58:00,400808,12.0,1
MV_A5-Weekday-SDon-053800_M5_521,M5,d1,2,8:59:12,8:59:12,400809,14.0,1
MV_A5-Weekday-SDon-053800_M5_521,M5,d1,3,9:00:11,9:00:11,400810,15.0,1
MV_A5-Weekday-SDon-053800_M5_521,M5,d1,4,9:01:11,9:01:11,400811,15.0,1
MV_A5-Weekday-SDon-053800_M5_521,M5,d1,5,9:01:52,9:01:52,400812,14.0,1
MV_A5-Weekday-SDon-053800_M5_521,M5,d1,6,9:03:37,9:03:37,404918,14.0,2
MV_A5-Weekday-SDon-053800_M5_521,M5,d1,7,9:05:04,9:05:04,400814,18.0,2
MV_A5-Weekday-SDon-053800_M5_521,M5,d1,8,9:05:58,9:05:58,400815,11.0,1
MV_A5-Weekday-SDon-053800_M5_521,M5,d1,9,9:06:54,9:06:54,400816,11.0,1
MV_A5-Weekday-SDon-053800_M5_521,M5,d1,10,9:08:00,9:08:00,400655,12.0,1
MV_A5-Weekday-SDon-053800_M5_521,M5,d1,11,9:10:13,9:10:13,400657,16.0,1
MV_A5-Weekday-SDon-053800_M5_521,M5,d1,12,9:12:41,9:12:41,403483,16.0,2
MV_A5-Weekday-SDon-053800_M5_521,M5,d1,13,9:14:56,9:14:56,400662,20.0,2
MV_A5-Weekday-SDon-053800_M5_521,M5,d1,14,9:17:00,9:17:00,404011,21.0,2
MV_A5-Weekday-SDon-053800_M5_521,M5,d1,15,9:17:23,9:17:23,404012,19.0,2
MV_A5-Weekday-SDon-053800_M5_521,M5,d1,16,9:19:31,9:19:31,404822,17.0,2
MV_A5-Weekday-SDon-053800_M5_521,M5,d1,17,9:20:40,9:20:40,404259,17.0,2
MV_A5-Weekday-SDon-053800_M5_521,M5,d1,18,9:21:29,9:21:29,405580,17.0,2
MV_A5-Weekday-SDon-053800_M5_521,M5,d1,19,9:22:17,9:22:17,400834,13.0,1
MV_A5-Weekday-SDon-053800_M5_521,M5,d1,20,9:22:48,9:22:48,400835,14.0,1
MV_A5-Weekday-SDon-053800_M5_521,M5,d1,21,9:23:17,9:23:17,400836,14.0,1
MV_A5-Weekday-SDon-053800_M5_521,M5,d1,22,9:24:15,9:24:15,400837,14.0,1
MV_A5-Weekday-SDon-053800_M5_521,M5,d1,23,9:24:44,9:24:44,400838,14.0,2
MV_A5-Weekday-SDon-053800_M5_521,M5,d1,24,9:25:15,9:25:15,404130,18.0,2
MV_A5-Weekday-SDon-053800_M5_521,M5,d1,25,9:26:20,9:26:20,400840,18.0,2
MV_A5-Weekday-SDon-053800_M5_521,M5,d1,26,9:27:00,9:27:00,400841,18.0,2
MV_A5-Weekday-SDon-053800_M5_521,M5,d1,27,9:28:24,9:28:24,404131,18.0,2
MV_A5-Weekday-SDon-053800_M5_521,M5,d1,28,9:29:40,9:29:40,400843,21.0,2
MV_A5-Weekday-SDon-053800_M5_521,M5,d1,29,9:30:57,9:30:57,404855,21.0,2
MV_A5-Weekday-SDon-053800_M5_521,M5,d1,30,9:32:13,9:32:13,400846,16.0,2
MV_A5-Weekday-SDon-053800_M5_521,M5,d1,31,9:33:08,9:33:08,400847,22.0,2
MV_A5-Weekday-SDon-053800_M5_521,M5,d1,32,9:34:06,9:34:06,400848,22.0,2
MV_A5-Weekday-SDon-053800_M5_521,M5,d1,33,9:35:00,9:35:00,400849,16.0,2
MV_A5-Weekday-SDon-053800_M5_521,M5,d1,34,9:37:04,9:37:04,400851,27.0,2
MV_A5-Weekday-SDon-053800_M5_521,M5,d1,35,9:38:16,9:38:16,400852,27.0,2
MV_A5-Weekday-SDon-053800_M5_521,M5,d1,36,9:40:01,9:40:01,400853,24.0,3
MV_A5-Weekday-SDon-053800_M5_521,M5,d1,37,9:41:08,9:41:08,400854,37.0,3
MV_A5-Weekday-SDon-053800_M5_521,M5,d1,38,9:45:03,9:45:03,403171,37.0,3
MV_A5-Weekday-SDon-053800_M5_521,M5,d1,39,9:49:00,9:49:00,400861,34.0,3
MV_A5-Weekday-SDon-053800_M5_521,M5,d1,40,9:53:27,9:53:27,403047,29.0,2
MV_A5-Weekday-SDon-053800_M5_521,M5,d1,41,9:57:00,9:57:00,402446,14.0,2
MV_A5-Weekday-SDon-053800_M5_521,M5,d1,42,10:01:20,10:01:20,450123,24.0,2
MV_A5-Weekday-SDon-053800_M5_521,M5,d1,43,10:07:00,10:07:00,400135,24.0,2
MV_A5-Weekday-SDon-053800_M5_521,M5,d1,44,10:08:28,10:08:28,400322,24.0,2
MV_A5-Weekday-SDon-053800_M5_521,M5,d1,45,10:09:56,10:09:56,400323,18.0,2
MV_A5-Weekday-SDon-053800_M5_521,M5,d1,46,10:11:30,10:11:30,400324,16.0,1
MV_A5-Weekday-SDon-053800_M5_521,M5,d1,47,10:14:00,10:14:00,803082,16.0,1
MV_A5-Weekday-046600_M5_X02,M5,d1,1,7:46:00,7:46:00,400808,1.0,1
MV_A5-Weekday-046600_M5_X02,M5,d1,2,7:47:04,7:47:04,400809,1.0,1
MV_A5-Weekday-046600_M5_X02,M5,d1,3,7:47:58,7:47:58,400810,1.0,1
MV_A5-Weekday-046600_M5_X02,M5,d1,4,7:48:52,7:48:52,400811,1.0,1
MV_A5-Weekday-046600_M5_X02,M5,d1,5,7:49:29,7:49:29,400812,1.0,1
MV_A5-Weekday-046600_M5_X02,M5,d1,6,7:51:03,7:51:03,404918,1.0,1
MV_A5-Weekday-046600_M5_X02,M5,d1,7,7:52:22,7:52:22,400814,1.0,1
MV_A5-Weekday-046600_M5_X02,M5,d1,8,7:53:10,7:53:10,400815,2.0,1
MV_A5-Weekday-046600_M5_X02,M5,d1,9,7:54:00,7:54:00,400816,2.0,1
MV_A5-Weekday-046600_M5_X02,M5,d1,10,7:55:00,7:55:00,400655,2.0,1
MV_A5-Weekday-046600_M5_X02,M5,d1,11,7:57:28,7:57:28,400657,2.0,1
MV_A5-Weekday-046600_M5_X02,M5,d1,12,8:00:12,8:00:12,403483,2.0,1
MV_A5-Weekday-046600_M5_X02,M5,d1,13,8:02:42,8:02:42,400662,2.0,1
MV_A5-Weekday-046600_M5_X02,M5,d1,14,8:05:00,8:05:00,404011,2.0,1
MV_A5-Weekday-046600_M5_X02,M5,d1,15,8:05:26,8:05:26,404012,2.0,1
MV_A5-Weekday-046600_M5_X02,M5,d1,16,8:07:46,8:07:46,404822,2.0,1
MV_A5-Weekday-046600_M5_X02,M5,d1,17,8:09:02,8:09:02,404259,2.0,1
MV_A5-Weekday-046600_M5_X02,M5,d1,18,8:09:56,8:09:56,405580,1.0,1
MV_A5-Weekday-046600_M5_X02,M5,d1,19,8:10:49,8:10:49,400834,1.0,1
MV_A5-Weekday-046600_M5_X02,M5,d1,20,8:11:23,8:11:23,400835,1.0,1
MV_A5-Weekday-046600_M5_X02,M5,d1,21,8:11:54,8:11:54,400836,1.0,1
MV_A5-Weekday-046600_M5_X02,M5,d1,22,8:12:59,8:12:59,400837,2.0,1
MV_A5-Weekday-046600_M5_X02,M5,d1,23,8:13:31,8:13:31,400838,2.0,1
MV_A5-Weekday-046600_M5_X02,M5,d1,24,8:14:05,8:14:05,404130,2.0,1
MV_A5-Weekday-046600_M5_X02,M5,d1,25,8:15:16,8:15:16,400840,2.0,1
MV_A5-Weekday-046600_M5_X02,M5,d1,26,8:16:00,8:16:00,400841,2.0,1
MV_A5-Weekday-046600_M5_X02,M5,d1,27,8:17:24,8:17:24,404131,2.0,1
MV_A5-Weekday-046600_M5_X02,M5,d1,28,8:18:40,8:18:40,400843,2.0,1
MV_A5-Weekday-046600_M5_X02,M5,d1,29,8:19:57,8:19:57,404855,2.0,1
MV_A5-Weekday-046600_M5_X02,M5,d1,30,8:21:13,8:21:13,400846,3.0,1
MV_A5-Weekday-046600_M5_X02,M5,d1,31,8:22:08,8:22:08,400847,3.0,1
MV_A5-Weekday-046600_M5_X02,M5,d1,32,8:23:06,8:23:06,400848,3.0,1
MV_A5-Weekday-046600_M5_X02,M5,d1,33,8:24:00,8:24:00,400849,3.0,1
MV_A5-Weekday-046600_M5_X02,M5,d1,34,8:26:04,8:26:04,400851,3.0,1
MV_A5-Weekday-046600_M5_X02,M5,d1,35,8:27:16,8:27:16,400852,3.0,1
MV_A5-Weekday-046600_M5_X02,M5,d1,36,8:29:01,8:29:01,400853,13.0,1
MV_A5-Weekday-046600_M5_X02,M5,d1,37,8:30:08,8:30:08,400854,13.0,1
MV_A5-Weekday-046600_M5_X02,M5,d1,38,8:34:03,8:34:03,403171,13.0,1
MV_A5-Weekday-046600_M5_X02,M5,d1,39,8:38:00,8:38:00,400861,13.0,1
MV_A5-Weekday-046600_M5_X02,M5,d1,40,8:42:27,8:42:27,403047,9.0,1
MV_A5-Weekday-046600_M5_X02,M5,d1,41,8:46:00,8:46:00,402446,9.0,1
MV_A5-Weekday-046600_M5_X02,M5,d1,42,8:50:20,8:50:20,450123,5.0,1
MV_A5-Weekday-046600_M5_X02,M5,d1,43,8:56:00,8:56:00,400135,5.0,1
MV_A5-Weekday-046600_M5_X02,M5,d1,44,8:57:28,8:57:28,400322,5.0,1
MV_A5-Weekday-046600_M5_X02,M5,d1,45,8:58:56,8:58:56,400323,1.0,1
MV_A5-Weekday-046600_M5_X02,M5,d1,46,9:00:30,9:00:30,400324,1.0,1
MV_A5-Weekday-046600_M5_X02,M5,d1,47,9:03:00,9:03:00,803082,1.0,1
MV_A5-Weekday-089800_M5_524,M5,d1,1,14:58:00,14:58:00,403835,4.0,1
MV_A5-Weekday-089800_M5_524,M5,d1,2,15:00:00,15:00:00,400639,4.0,1
MV_A5-Weekday-089800_M5_524,M5,d1,3,15:02:03,15:02:03,400640,4.0,1
MV_A5-Weekday-089800_M5_524,M5,d1,4,15:03:41,15:03:41,400641,4.0,1
MV_A5-Weekday-089800_M5_524,M5,d1,5,15:05:00,15:05:00,400642,4.0,1
MV_A5-Weekday-089800_M5_524,M5,d1,6,15:05:58,15:05:58,400643,4.0,1
MV_A5-Weekday-089800_M5_524,M5,d1,7,15:06:58,15:06:58,400644,4.0,1
MV_A5-Weekday-089800_M5_524,M5,d1,8,15:08:05,15:08:05,400645,4.0,1
MV_A5-Weekday-089800_M5_524,M5,d1,9,15:09:23,15:09:23,400646,4.0,1
MV_A5-Weekday-089800_M5_524,M5,d1,10,15:10:46,15:10:46,400647,4.0,1
MV_A5-Weekday-089800_M5_524,M5,d1,11,15:11:53,15:11:53,400648,4.0,1
MV_A5-Weekday-089800_M5_524,M5,d1,12,15:12:58,15:12:58,400649,4.0,1
MV_A5-Weekday-089800_M5_524,M5,d1,13,15:14:00,15:14:00,403373,4.0,1
MV_A5-Weekday-089800_M5_524,M5,d1,14,15:15:43,15:15:43,403374,4.0,1
MV_A5-Weekday-089800_M5_524,M5,d1,15,15:16:45,15:16:45,403375,4.0,1
MV_A5-Weekday-089800_M5_524,M5,d1,16,15:17:46,15:17:46,403376,4.0,1
MV_A5-Weekday-089800_M5_524,M5,d1,17,15:19:00,15:19:00,403377,4.0,1
MV_A5-Weekday-089800_M5_524,M5,d1,18,15:20:51,15:20:51,400655,4.0,1
MV_A5-Weekday-089800_M5_524,M5,d1,19,15:22:30,15:22:30,400656,4.0,1
MV_A5-Weekday-089800_M5_524,M5,d1,20,15:24:14,15:24:14,400657,4.0,1
MV_A5-Weekday-089800_M5_524,M5,d1,21,15:25:26,15:25:26,400658,4.0,1
MV_A5-Weekday-089800_M5_524,M5,d1,22,15:27:13,15:27:13,400659,4.0,2
MV_A5-Weekday-089800_M5_524,M5,d1,23,15:28:00,15:28:00,403483,23.0,2
MV_A5-Weekday-089800_M5_524,M5,d1,24,15:30:28,15:30:28,400661,6.0,2
MV_A5-Weekday-089800_M5_524,M5,d1,25,15:31:46,15:31:46,400662,21.0,2
MV_A5-Weekday-089800_M5_524,M5,d1,26,15:33:03,15:33:03,400663,21.0,2
MV_A5-Weekday-089800_M5_524,M5,d1,27,15:35:00,15:35:00,803157,11.0,2
MV_A5-Weekday-089800_M5_524,M5,d1,28,15:37:00,15:37:00,404148,22.0,2
MV_A5-Weekday-089800_M5_524,M5,d1,29,15:39:07,15:39:07,403903,24.0,2
MV_A5-Weekday-089800_M5_524,M5,d1,30,15:40:10,15:40:10,403142,24.0,2
MV_A5-Weekday-089800_M5_524,M5,d1,31,15:41:20,15:41:20,403144,24.0,2
MV_A5-Weekday-089800_M5_524,M5,d1,32,15:43:10,15:43:10,403145,25.0,2
MV_A5-Weekday-089800_M5_524,M5,d1,33,15:44:26,15:44:26,405234,12.0,1
MV_A5-Weekday-089800_M5_524,M5,d1,34,15:46:36,15:46:36,403147,12.0,2
MV_A5-Weekday-089800_M5_524,M5,d1,35,15:47:47,15:47:47,403148,26.0,2
MV_A5-Weekday-089800_M5_524,M5,d1,36,15:48:56,15:48:56,403149,26.0,2
MV_A5-Weekday-089800_M5_524,M5,d1,37,15:50:24,15:50:24,400676,26.0,2
MV_A5-Weekday-089800_M5_524,M5,d1,38,15:52:16,15:52:16,400677,7.0,2
MV_A5-Weekday-089800_M5_524,M5,d1,39,15:54:11,15:54:11,400678,25.0,2
MV_A5-Weekday-089800_M5_524,M5,d1,40,15:55:00,15:55:00,400485,6.0,2
MV_A5-Weekday-089800_M5_524,M5,d1,41,15:56:43,15:56:43,400486,27.0,2
MV_A5-Weekday-089800_M5_524,M5,d1,42,15:59:00,15:59:00,400290,7.0,2
MV_A5-Weekday-089800_M5_524,M5,d1,43,16:01:15,16:01:15,404278,30.0,2
MV_A5-Weekday-089800_M5_524,M5,d1,44,16:03:00,16:03:00,400292,30.0,2
MV_A5-Weekday-089800_M5_524,M5,d1,45,16:04:33,16:04:33,400108,30.0,2
MV_A5-Weekday-089800_M5_524,M5,d1,46,16:05:46,16:05:46,400109,30.0,2
MV_A5-Weekday-089800_M5_524,M5,d1,47,16:06:54,16:06:54,400110,30.0,2
MV_A5-Weekday-089800_M5_524,M5,d1,48,16:08:08,16:08:08,400111,6.0,2
MV_A5-Weekday-089800_M5_524,M5,d1,49,16:10:18,16:10:18,404081,31.0,2
MV_A5-Weekday-089800_M5_524,M5,d1,50,16:11:48,16:11:48,404168,31.0,2
MV_A5-Weekday-089800_M5_524,M5,d1,51,16:12:43,16:12:43,400115,31.0,2
MV_A5-Weekday-089800_M5_524,M5,d1,52,16:13:57,16:13:57,400116,31.0,2
MV_A5-Weekday-089800_M5_524,M5,d1,53,16:15:03,16:15:03,400117,32.0,2
MV_A5-Weekday-089800_M5_524,M5,d1,54,16:16:42,16:16:42,400118,32.0,2
MV_A5-Weekday-089800_M5_524,M5,d1,55,16:18:18,16:18:18,400119,32.0,2
MV_A5-Weekday-089800_M5_524,M5,d1,56,16:20:42,16:20:42,400120,32.0,2
MV_A5-Weekday-089800_M5_524,M5,d1,57,16:21:40,16:21:40,400121,32.0,2
MV_A5-Weekday-089800_M5_524,M5,d1,58,16:22:42,16:22:42,400122,32.0,2
MV_A5-Weekday-089800_M5_524,M5,d1,59,16:23:51,16:23:51,400123,7.0,1
MV_A5-Weekday-089800_M5_524,M5,d1,60,16:26:00,16:26:00,400124,7.0,1
MV_A5-Weekday-089800_M5_524,M5,d1,61,16:28:13,16:28:13,400125,7.0,1
MV_A5-Weekday-089800_M5_524,M5,d1,62,16:30:48,16:30:48,400126,7.0,1
MV_A5-Weekday-089800_M5_524,M5,d1,63,16:32:43,16:32:43,400127,5.0,2
MV_A5-Weekday-089800_M5_524,M5,d1,64,16:34:02,16:34:02,400128,29.0,2
MV_A5-Weekday-089800_M5_524,M5,d1,65,16:35:39,16:35:39,400512,29.0,2
MV_A5-Weekday-089800_M5_524,M5,d1,66,16:39:05,16:39:05,403266,29.0,2
MV_A5-Weekday-089800_M5_524,M5,d1,67,16:41:26,16:41:26,400514,29.0,2
MV_A5-Weekday-089800_M5_524,M5,d1,68,16:43:50,16:43:50,400515,29.0,2
MV_A5-Weekday-089800_M5_524,M5,d1,69,16:46:14,16:46:14,400516,29.0,2
MV_A5-Weekday-089800_M5_524,M5,d1,70,16:47:52,16:47:52,405179,29.0,2
MV_A5-Weekday-089800_M5_524,M5,d1,71,16:50:00,16:50:00,400518,29.0,2
MV_A5-Weekday-089800_M5_524,M5,d1,72,16:52:25,16:52:25,400519,29.0,2
MV_A5-Weekday-089800_M5_524,M5,d1,73,16:53:51,16:53:51,405486,29.0,2
MV_A5-Weekday-089800_M5_524,M5,d1,74,16:57:00,16:57:00,903128,29.0,2
MV_A5-Weekday-055800_M5_511,M5,d1,1,9:18:00,9:18:00,400808,10.0,2
MV_A5-Weekday-055800_M5_511,M5,d1,2,9:19:12,9:19:12,400809,20.0,2
MV_A5-Weekday-055800_M5_511,M5,d1,3,9:20:11,9:20:11,400810,20.0,2
MV_A5-Weekday-055800_M5_511,M5,d1,4,9:21:11,9:21:11,400811,20.0,2
MV_A5-Weekday-055800_M5_511,M5,d1,5,9:21:52,9:21:52,400812,20.0,2
MV_A5-Weekday-055800_M5_511,M5,d1,6,9:23:37,9:23:37,404918,13.0,1
MV_A5-Weekday-055800_M5_511,M5,d1,7,9:25:04,9:25:04,400814,13.0,1
MV_A5-Weekday-055800_M5_511,M5,d1,8,9:25:58,9:25:58,400815,11.0,1
MV_A5-Weekday-055800_M5_511,M5,d1,9,9:26:54,9:26:54,400816,11.0,1
MV_A5-Weekday-055800_M5_511,M5,d1,10,9:28:00,9:28:00,400655,14.0,1
MV_A5-Weekday-055800_M5_511,M5,d1,11,9:30:13,9:30:13,400657,14.0,2
MV_A5-Weekday-055800_M5_511,M5,d1,12,9:32:41,9:32:41,403483,18.0,2
MV_A5-Weekday-055800_M5_511,M5,d1,13,9:34:56,9:34:56,400662,8.0,1
MV_A5-Weekday-055800_M5_511,M5,d1,14,9:37:00,9:37:00,404011,13.0,1
MV_A5-Weekday-055800_M5_511,M5,d1,15,9:37:23,9:37:23,404012,15.0,1
MV_A5-Weekday-055800_M5_511,M5,d1,16,9:39:31,9:39:31,404822,16.0,1
MV_A5-Weekday-055800_M5_511,M5,d1,17,9:40:40,9:40:40,404259,16.0,1
MV_A5-Weekday-055800_M5_511,M5,d1,18,9:41:29,9:41:29,405580,16.0,1
MV_A5-Weekday-055800_M5_511,M5,d1,19,9:42:17,9:42:17,400834,13.0,1
MV_A5-Weekday-055800_M5_511,M5,d1,20,9:42:48,9:42:48,400835,14.0,1
MV_A5-Weekday-055800_M5_511,M5,d1,21,9:43:17,9:43:17,400836,14.0,1
MV_A5-Weekday-055800_M5_511,M5,d1,22,9:44:15,9:44:15,400837,14.0,1
MV_A5-Weekday-055800_M5_511,M5,d1,23,9:44:44,9:44:44,400838,14.0,1
MV_A5-Weekday-055800_M5_511,M5,d1,24,9:45:15,9:45:15,404130,14.0,1
MV_A5-Weekday-055800_M5_511,M5,d1,25,9:46:20,9:46:20,400840,15.0,1
MV_A5-Weekday-055800_M5_511,M5,d1,26,9:47:00,9:47:00,400841,15.0,2
MV_A5-Weekday-055800_M5_511,M5,d1,27,9:48:24,9:48:24,404131,17.0,2
MV_A5-Weekday-055800_M5_511,M5,d1,28,9:49:40,9:49:40,400843,12.0,1
MV_A5-Weekday-055800_M5_511,M5,d1,29,9:50:57,9:50:57,404855,13.0,1
MV_A5-Weekday-055800_M5_511,M5,d1,30,9:52:13,9:52:13,400846,13.0,1
MV_A5-Weekday-055800_M5_511,M5,d1,31,9:53:08,9:53:08,400847,14.0,1
MV_A5-Weekday-055800_M5_511,M5,d1,32,9:54:06,9:54:06,400848,15.0,1
MV_A5-Weekday-055800_M5_511,M5,d1,33,9:55:00,9:55:00,400849,13.0,1
MV_A5-Weekday-055800_M5_511,M5,d1,34,9:57:04,9:57:04,400851,10.0,1
MV_A5-Weekday-055800_M5_511,M5,d1,35,9:58:16,9:58:16,400852,10.0,1
MV_A5-Weekday-055800_M5_511,M5,d1,36,10:00:01,10:00:01,400853,11.0,1
MV_A5-Weekday-055800_M5_511,M5,d1,37,10:01:08,10:01:08,400854,11.0,1
MV_A5-Weekday-055800_M5_511,M5,d1,38,10:05:03,10:05:03,403171,13.0,2
MV_A5-Weekday-055800_M5_511,M5,d1,39,10:09:00,10:09:00,400861,18.0,2
MV_A5-Weekday-055800_M5_511,M5,d1,40,10:13:27,10:13:27,403047,18.0,2
MV_A5-Weekday-055800_M5_511,M5,d1,41,10:17:00,10:17:00,402446,14.0,1
MV_A5-Weekday-055800_M5_511,M5,d1,42,10:21:20,10:21:20,450123,11.0,1
MV_A5-Weekday-055800_M5_511,M5,d1,43,10:27:00,10:27:00,400135,7.0,1
MV_A5-Weekday-055800_M5_511,M5,d1,44,10:28:28,10:28:28,400322,7.0,1
MV_A5-Weekday-055800_M5_511,M5,d1,45,10:29:56,10:29:56,400323,7.0,1
MV_A5-Weekday-055800_M5_511,M5,d1,46,10:31:30,10:31:30,400324,1.0,1
MV_A5-Weekday-055800_M5_511,M5,d1,47,10:34:00,10:34:00,803082,1.0,1
MV_A5-Weekday-054800_M5_523,M5,d1,1,9:08:00,9:08:00,400808,10.0,1
MV_A5-Weekday-054800_M5_523,M5,d1,2,9:09:12,9:09:12,400809,10.0,1
MV_A5-Weekday-054800_M5_523,M5,d1,3,9:10:11,9:10:11,400810,14.0,1
MV_A5-Weekday-054800_M5_523,M5,d1,4,9:11:11,9:11:11,400811,14.0,1
MV_A5-Weekday-054800_M5_523,M5,d1,5,9:11:52,9:11:52,400812,14.0,1
MV_A5-Weekday-054800_M5_523,M5,d1,6,9:13:37,9:13:37,404918,16.0,1
MV_A5-Weekday-054800_M5_523,M5,d1,7,9:15:04,9:15:04,400814,16.0,1
MV_A5-Weekday-054800_M5_523,M5,d1,8,9:15:58,9:15:58,400815,16.0,2
MV_A5-Weekday-054800_M5_523,M5,d1,9,9:16:54,9:16:54,400816,17.0,2
MV_A5-Weekday-054800_M5_523,M5,d1,10,9:18:00,9:18:00,400655,17.0,2
MV_A5-Weekday-054800_M5_523,M5,d1,11,9:20:13,9:20:13,400657,16.0,1
MV_A5-Weekday-054800_M5_523,M5,d1,12,9:22:41,9:22:41,403483,15.0,1
MV_A5-Weekday-054800_M5_523,M5,d1,13,9:24:56,9:24:56,400662,11.0,1
MV_A5-Weekday-054800_M5_523,M5,d1,14,9:27:00,9:27:00,404011,11.0,1
MV_A5-Weekday-054800_M5_523,M5,d1,15,9:27:23,9:27:23,404012,11.0,1
MV_A5-Weekday-054800_M5_523,M5,d1,16,9:29:31,9:29:31,404822,11.0,1
MV_A5-Weekday-054800_M5_523,M5,d1,17,9:30:40,9:30:40,404259,11.0,1
MV_A5-Weekday-054800_M5_523,M5,d1,18,9:31:29,9:31:29,405580,11.0,1
MV_A5-Weekday-054800_M5_523,M5,d1,19,9:32:17,9:32:17,400834,11.0,1
MV_A5-Weekday-054800_M5_523,M5,d1,20,9:32:48,9:32:48,400835,10.0,1
MV_A5-Weekday-054800_M5_523,M5,d1,21,9:33:17,9:33:17,400836,9.0,1
MV_A5-Weekday-054800_M5_523,M5,d1,22,9:34:15,9:34:15,400837,10.0,1
MV_A5-Weekday-054800_M5_523,M5,d1,23,9:34:44,9:34:44,400838,10.0,1
MV_A5-Weekday-054800_M5_523,M5,d1,24,9:35:15,9:35:15,404130,10.0,1
MV_A5-Weekday-054800_M5_523,M5,d1,25,9:36:20,9:36:20,400840,10.0,1
MV_A5-Weekday-054800_M5_523,M5,d1,26,9:37:00,9:37:00,400841,10.0,1
MV_A5-Weekday-054800_M5_523,M5,d1,27,9:38:24,9:38:24,404131,10.0,1
MV_A5-Weekday-054800_M5_523,M5,d1,28,9:39:40,9:39:40,400843,10.0,1
MV_A5-Weekday-054800_M5_523,M5,d1,29,9:40:57,9:40:57,404855,10.0,1
MV_A5-Weekday-054800_M5_523,M5,d1,30,9:42:13,9:42:13,400846,10.0,1
MV_A5-Weekday-054800_M5_523,M5,d1,31,9:43:08,9:43:08,400847,14.0,1
MV_A5-Weekday-054800_M5_523,M5,d1,32,9:44:06,9:44:06,400848,14.0,1
MV_A5-Weekday-054800_M5_523,M5,d1,33,9:45:00,9:45:00,400849,15.0,1
MV_A5-Weekday-054800_M5_523,M5,d1,34,9:47:04,9:47:04,400851,10.0,1
MV_A5-Weekday-054800_M5_523,M5,d1,35,9:48:16,9:48:16,400852,16.0,1
MV_A5-Weekday-054800_M5_523,M5,d1,36,9:50:01,9:50:01,400853,12.0,2
MV_A5-Weekday-054800_M5_523,M5,d1,37,9:51:08,9:51:08,400854,19.0,2
MV_A5-Weekday-054800_M5_523,M5,d1,38,9:55:03,9:55:03,403171,17.0,2
MV_A5-Weekday-054800_M5_523,M5,d1,39,9:59:00,9:59:00,400861,16.0,1
MV_A5-Weekday-054800_M5_523,M5,d1,40,10:03:27,10:03:27,403047,16.0,1
MV_A5-Weekday-054800_M5_523,M5,d1,41,10:07:00,10:07:00,402446,15.0,1
MV_A5-Weekday-054800_M5_523,M5,d1,42,10:11:20,10:11:20,450123,3.0,1
MV_A5-Weekday-054800_M5_523,M5,d1,43,10:17:00,10:17:00,400135,11.0,1
MV_A5-Weekday-054800_M5_523,M5,d1,44,10:18:28,10:18:28,400322,11.0,1
MV_A5-Weekday-054800_M5_523,M5,d1,45,10:19:56,10:19:56,400323,6.0,1
MV_A5-Weekday-054800_M5_523,M5,d1,46,10:21:30,10:21:30,400324,6.0,1
MV_A5-Weekday-054800_M5_523,M5,d1,47,10:24:00,10:24:00,803082,6.0,1
MV_A5-Weekday-SDon-060600_M5_515,M5,d1,1,10:06:00,10:06:00,400808,47.0,3
MV_A5-Weekday-SDon-060600_M5_515,M5,d1,2,10:07:12,10:07:12,400809,13.0,4
MV_A5-Weekday-SDon-060600_M5_515,M5,d1,3,10:08:11,10:08:11,400810,59.0,4
MV_A5-Weekday-SDon-060600_M5_515,M5,d1,4,10:09:11,10:09:11,400811,17.0,2
MV_A5-Weekday-SDon-060600_M5_515,M5,d1,5,10:09:52,10:09:52,400812,10.0,4
MV_A5-Weekday-SDon-060600_M5_515,M5,d1,6,10:11:37,10:11:37,404918,58.0,4
MV_A5-Weekday-SDon-060600_M5_515,M5,d1,7,10:13:04,10:13:04,400814,26.0,4
MV_A5-Weekday-SDon-060600_M5_515,M5,d1,8,10:13:58,10:13:58,400815,53.0,4
MV_A5-Weekday-SDon-060600_M5_515,M5,d1,9,10:14:54,10:14:54,400816,52.0,4
MV_A5-Weekday-SDon-060600_M5_515,M5,d1,10,10:16:00,10:16:00,400655,54.0,4
MV_A5-Weekday-SDon-060600_M5_515,M5,d1,11,10:18:13,10:18:13,400657,53.0,4
MV_A5-Weekday-SDon-060600_M5_515,M5,d1,12,10:20:41,10:20:41,403483,50.0,4
MV_A5-Weekday-SDon-060600_M5_515,M5,d1,13,10:22:56,10:22:56,400662,51.0,4
MV_A5-Weekday-SDon-060600_M5_515,M5,d1,14,10:25:00,10:25:00,404011,14.0,4
MV_A5-Weekday-SDon-060600_M5_515,M5,d1,15,10:25:23,10:25:23,404012,50.0,4
MV_A5-Weekday-SDon-060600_M5_515,M5,d1,16,10:27:31,10:27:31,404822,18.0,2
MV_A5-Weekday-SDon-060600_M5_515,M5,d1,17,10:28:40,10:28:40,404259,4.0,3
MV_A5-Weekday-SDon-060600_M5_515,M5,d1,18,10:29:29,10:29:29,405580,48.0,3
MV_A5-Weekday-SDon-060600_M5_515,M5,d1,19,10:30:17,10:30:17,400834,14.0,3
MV_A5-Weekday-SDon-060600_M5_515,M5,d1,20,10:30:48,10:30:48,400835,47.0,3
MV_A5-Weekday-SDon-060600_M5_515,M5,d1,21,10:31:17,10:31:17,400836,19.0,2
MV_A5-Weekday-SDon-060600_M5_515,M5,d1,22,10:32:15,10:32:15,400837,10.0,1
MV_A5-Weekday-SDon-060600_M5_515,M5,d1,23,10:32:44,10:32:44,400838,14.0,4
MV_A5-Weekday-SDon-060600_M5_515,M5,d1,24,10:33:15,10:33:15,404130,57.0,4
MV_A5-Weekday-SDon-060600_M5_515,M5,d1,25,10:34:20,10:34:20,400840,57.0,4
MV_A5-Weekday-SDon-060600_M5_515,M5,d1,26,10:35:00,10:35:00,400841,57.0,4
MV_A5-Weekday-SDon-060600_M5_515,M5,d1,27,10:36:24,10:36:24,404131,8.0,4
MV_A5-Weekday-SDon-060600_M5_515,M5,d1,28,10:37:40,10:37:40,400843,59.0,4
MV_A5-Weekday-SDon-060600_M5_515,M5,d1,29,10:38:57,10:38:57,404855,59.0,4
MV_A5-Weekday-SDon-060600_M5_515,M5,d1,30,10:40:13,10:40:13,400846,19.0,4
MV_A5-Weekday-SDon-060600_M5_515,M5,d1,31,10:41:08,10:41:08,400847,59.0,4
MV_A5-Weekday-SDon-060600_M5_515,M5,d1,32,10:42:06,10:42:06,400848,3.0,4
MV_A5-Weekday-SDon-060600_M5_515,M5,d1,33,10:43:00,10:43:00,400849,61.0,4
MV_A5-Weekday-SDon-060600_M5_515,M5,d1,34,10:45:04,10:45:04,400851,21.0,4
MV_A5-Weekday-SDon-060600_M5_515,M5,d1,35,10:46:16,10:46:16,400852,60.0,4
MV_A5-Weekday-SDon-060600_M5_515,M5,d1,36,10:48:01,10:48:01,400853,23.0,4
MV_A5-Weekday-SDon-060600_M5_515,M5,d1,37,10:49:08,10:49:08,400854,62.0,4
MV_A5-Weekday-SDon-060600_M5_515,M5,d1,38,10:53:03,10:53:03,403171,56.0,4
MV_A5-Weekday-SDon-060600_M5_515,M5,d1,39,10:57:00,10:57:00,400861,24.0,4
MV_A5-Weekday-SDon-060600_M5_515,M5,d1,40,11:01:12,11:01:12,403047,56.0,4
MV_A5-Weekday-SDon-060600_M5_515,M5,d1,41,11:04:34,11:04:34,402446,57.0,4
MV_A5-Weekday-SDon-060600_M5_515,M5,d1,42,11:08:39,11:08:39,450123,52.0,4
MV_A5-Weekday-SDon-060600_M5_515,M5,d1,43,11:14:00,11:14:00,400135,51.0,4
MV_A5-Weekday-SDon-060600_M5_515,M5,d1,44,11:15:28,11:15:28,400322,50.0,4
MV_A5-Weekday-SDon-060600_M5_515,M5,d1,45,11:16:56,11:16:56,400323,46.0,3
MV_A5-Weekday-SDon-060600_M5_515,M5,d1,46,11:18:30,11:18:30,400324,17.0,2
MV_A5-Weekday-SDon-060600_M5_515,M5,d1,47,11:21:00,11:21:00,803082,17.0,2
MV_A5-Weekday-SDon-041800_M5_512,M5,d1,1,6:58:00,6:58:00,400808,12.0,1
MV_A5-Weekday-SDon-041800_M5_512,M5,d1,2,6:59:04,6:59:04,400809,12.0,1
MV_A5-Weekday-SDon-041800_M5_512,M5,d1,3,6:59:58,6:59:58,400810,12.0,1
MV_A5-Weekday-SDon-041800_M5_512,M5,d1,4,7:00:52,7:00:52,400811,12.0,1
MV_A5-Weekday-SDon-041800_M5_512,M5,d1,5,7:01:29,7:01:29,400812,7.0,1
MV_A5-Weekday-SDon-041800_M5_512,M5,d1,6,7:03:03,7:03:03,404918,7.0,1
MV_A5-Weekday-SDon-041800_M5_512,M5,d1,7,7:04:22,7:04:22,400814,7.0,1
MV_A5-Weekday-SDon-041800_M5_512,M5,d1,8,7:05:10,7:05:10,400815,7.0,1
MV_A5-Weekday-SDon-041800_M5_512,M5,d1,9,7:06:00,7:06:00,400816,4.0,2
MV_A5-Weekday-SDon-041800_M5_512,M5,d1,10,7:07:00,7:07:00,400655,21.0,2
MV_A5-Weekday-SDon-041800_M5_512,M5,d1,11,7:09:13,7:09:13,400657,21.0,2
MV_A5-Weekday-SDon-041800_M5_512,M5,d1,12,7:11:41,7:11:41,403483,21.0,2
MV_A5-Weekday-SDon-041800_M5_512,M5,d1,13,7:13:56,7:13:56,400662,21.0,2
MV_A5-Weekday-SDon-041800_M5_512,M5,d1,14,7:16:00,7:16:00,404011,21.0,2
MV_A5-Weekday-SDon-041800_M5_512,M5,d1,15,7:16:21,7:16:21,404012,21.0,2
MV_A5-Weekday-SDon-041800_M5_512,M5,d1,16,7:18:16,7:18:16,404822,21.0,2
MV_A5-Weekday-SDon-041800_M5_512,M5,d1,17,7:19:18,7:19:18,404259,21.0,2
MV_A5-Weekday-SDon-041800_M5_512,M5,d1,18,7:20:03,7:20:03,405580,21.0,2
MV_A5-Weekday-SDon-041800_M5_512,M5,d1,19,7:20:46,7:20:46,400834,21.0,2
MV_A5-Weekday-SDon-041800_M5_512,M5,d1,20,7:21:13,7:21:13,400835,21.0,2
MV_A5-Weekday-SDon-041800_M5_512,M5,d1,21,7:21:39,7:21:39,400836,21.0,2
MV_A5-Weekday-SDon-041800_M5_512,M5,d1,22,7:22:32,7:22:32,400837,21.0,2
MV_A5-Weekday-SDon-041800_M5_512,M5,d1,23,7:22:58,7:22:58,400838,21.0,2
MV_A5-Weekday-SDon-041800_M5_512,M5,d1,24,7:23:26,7:23:26,404130,21.0,2
MV_A5-Weekday-SDon-041800_M5_512,M5,d1,25,7:24:24,7:24:24,400840,21.0,2
MV_A5-Weekday-SDon-041800_M5_512,M5,d1,26,7:25:00,7:25:00,400841,21.0,2
MV_A5-Weekday-SDon-041800_M5_512,M5,d1,27,7:26:03,7:26:03,404131,21.0,2
MV_A5-Weekday-SDon-041800_M5_512,M5,d1,28,7:27:00,7:27:00,400843,21.0,2
MV_A5-Weekday-SDon-041800_M5_512,M5,d1,29,7:27:58,7:27:58,404855,21.0,2
MV_A5-Weekday-SDon-041800_M5_512,M5,d1,30,7:28:55,7:28:55,400846,21.0,2
MV_A5-Weekday-SDon-041800_M5_512,M5,d1,31,7:29:36,7:29:36,400847,21.0,2
MV_A5-Weekday-SDon-041800_M5_512,M5,d1,32,7:30:20,7:30:20,400848,21.0,2
MV_A5-Weekday-SDon-041800_M5_512,M5,d1,33,7:31:00,7:31:00,400849,21.0,2
MV_A5-Weekday-SDon-041800_M5_512,M5,d1,34,7:32:55,7:32:55,400851,21.0,2
MV_A5-Weekday-SDon-041800_M5_512,M5,d1,35,7:34:02,7:34:02,400852,21.0,2
MV_A5-Weekday-SDon-041800_M5_512,M5,d1,36,7:35:39,7:35:39,400853,21.0,2
MV_A5-Weekday-SDon-041800_M5_512,M5,d1,37,7:36:42,7:36:42,400854,21.0,2
MV_A5-Weekday-SDon-041800_M5_512,M5,d1,38,7:40:20,7:40:20,403171,21.0,2
MV_A5-Weekday-SDon-041800_M5_512,M5,d1,39,7:44:00,7:44:00,400861,21.0,2
MV_A5-Weekday-SDon-041800_M5_512,M5,d1,40,7:47:13,7:47:13,403047,21.0,2
MV_A5-Weekday-SDon-041800_M5_512,M5,d1,41,7:49:47,7:49:47,402446,10.0,1
MV_A5-Weekday-SDon-041800_M5_512,M5,d1,42,7:52:55,7:52:55,450123,4.0,1
MV_A5-Weekday-SDon-041800_M5_512,M5,d1,43,7:57:00,7:57:00,400135,2.0,1
MV_A5-Weekday-SDon-041800_M5_512,M5,d1,44,7:58:28,7:58:28,400322,2.0,1
MV_A5-Weekday-SDon-041800_M5_512,M5,d1,45,7:59:56,7:59:56,400323,2.0,1
MV_A5-Weekday-SDon-041800_M5_512,M5,d1,46,8:01:30,8:01:30,400324,1.0,1
MV_A5-Weekday-SDon-041800_M5_512,M5,d1,47,8:04:00,8:04:00,803082,1.0,1
MV_A5-Weekday-SDon-112000_M5_543,M5,d1,1,18:40:00,18:40:00,400808,6.0,2
MV_A5-Weekday-SDon-112000_M5_543,M5,d1,2,18:41:04,18:41:04,400809,17.0,2
MV_A5-Weekday-SDon-112000_M5_543,M5,d1,3,18:41:58,18:41:58,400810,17.0,2
MV_A5-Weekday-SDon-112000_M5_543,M5,d1,4,18:42:52,18:42:52,400811,24.0,2
MV_A5-Weekday-SDon-112000_M5_543,M5,d1,5,18:43:29,18:43:29,400812,18.0,2
MV_A5-Weekday-SDon-112000_M5_543,M5,d1,6,18:45:03,18:45:03,404918,25.0,2
MV_A5-Weekday-SDon-112000_M5_543,M5,d1,7,18:46:22,18:46:22,400814,15.0,2
MV_A5-Weekday-SDon-112000_M5_543,M5,d1,8,18:47:10,18:47:10,400815,20.0,2
MV_A5-Weekday-SDon-112000_M5_543,M5,d1,9,18:48:00,18:48:00,400816,19.0,2
MV_A5-Weekday-SDon-112000_M5_543,M5,d1,10,18:49:00,18:49:00,400655,14.0,2
MV_A5-Weekday-SDon-112000_M5_543,M5,d1,11,18:50:26,18:50:26,400656,21.0,2
MV_A5-Weekday-SDon-112000_M5_543,M5,d1,12,18:51:57,18:51:57,400657,21.0,2
MV_A5-Weekday-SDon-112000_M5_543,M5,d1,13,18:53:00,18:53:00,400658,16.0,1
MV_A5-Weekday-SDon-112000_M5_543,M5,d1,14,18:54:34,18:54:34,400659,16.0,1
MV_A5-Weekday-SDon-112000_M5_543,M5,d1,15,18:55:15,18:55:15,403483,11.0,1
MV_A5-Weekday-SDon-112000_M5_543,M5,d1,16,18:57:12,18:57:12,400661,9.0,1
MV_A5-Weekday-SDon-112000_M5_543,M5,d1,17,18:58:14,18:58:14,400662,6.0,1
MV_A5-Weekday-SDon-112000_M5_543,M5,d1,18,18:59:15,18:59:15,400663,7.0,1
MV_A5-Weekday-SDon-112000_M5_543,M5,d1,19,19:01:00,19:01:00,404011,7.0,1
MV_A5-Weekday-SDon-112000_M5_543,M5,d1,20,19:01:21,19:01:21,404012,6.0,1
MV_A5-Weekday-SDon-112000_M5_543,M5,d1,21,19:03:16,19:03:16,404822,7.0,1
MV_A5-Weekday-SDon-112000_M5_543,M5,d1,22,19:04:18,19:04:18,404259,7.0,1
MV_A5-Weekday-SDon-112000_M5_543,M5,d1,23,19:05:03,19:05:03,405580,7.0,1
MV_A5-Weekday-SDon-112000_M5_543,M5,d1,24,19:05:46,19:05:46,400834,7.0,1
MV_A5-Weekday-SDon-112000_M5_543,M5,d1,25,19:06:13,19:06:13,400835,7.0,1
MV_A5-Weekday-SDon-112000_M5_543,M5,d1,26,19:06:39,19:06:39,400836,7.0,1
MV_A5-Weekday-SDon-112000_M5_543,M5,d1,27,19:07:32,19:07:32,400837,6.0,1
MV_A5-Weekday-SDon-112000_M5_543,M5,d1,28,19:07:58,19:07:58,400838,7.0,1
MV_A5-Weekday-SDon-112000_M5_543,M5,d1,29,19:08:26,19:08:26,404130,7.0,1
MV_A5-Weekday-SDon-112000_M5_543,M5,d1,30,19:09:24,19:09:24,400840,7.0,1
MV_A5-Weekday-SDon-112000_M5_543,M5,d1,31,19:10:00,19:10:00,400841,7.0,1
MV_A5-Weekday-SDon-112000_M5_543,M5,d1,32,19:11:24,19:11:24,404131,5.0,1
MV_A5-Weekday-SDon-112000_M5_543,M5,d1,33,19:12:40,19:12:40,400843,6.0,1
MV_A5-Weekday-SDon-112000_M5_543,M5,d1,34,19:13:57,19:13:57,404855,6.0,1
MV_A5-Weekday-SDon-112000_M5_543,M5,d1,35,19:15:13,19:15:13,400846,4.0,1
MV_A5-Weekday-SDon-112000_M5_543,M5,d1,36,19:16:08,19:16:08,400847,7.0,1
MV_A5-Weekday-SDon-112000_M5_543,M5,d1,37,19:17:06,19:17:06,400848,7.0,1
MV_A5-Weekday-SDon-112000_M5_543,M5,d1,38,19:18:00,19:18:00,400849,7.0,1
MV_A5-Weekday-SDon-112000_M5_543,M5,d1,39,19:20:21,19:20:21,400851,7.0,1
MV_A5-Weekday-SDon-112000_M5_543,M5,d1,40,19:21:44,19:21:44,400852,5.0,1
MV_A5-Weekday-SDon-112000_M5_543,M5,d1,41,19:23:44,19:23:44,400853,5.0,1
MV_A5-Weekday-SDon-112000_M5_543,M5,d1,42,19:25:01,19:25:01,400854,4.0,1
MV_A5-Weekday-SDon-112000_M5_543,M5,d1,43,19:26:44,19:26:44,403169,9.0,1
MV_A5-Weekday-SDon-112000_M5_543,M5,d1,44,19:27:48,19:27:48,400856,8.0,1
MV_A5-Weekday-SDon-112000_M5_543,M5,d1,45,19:29:30,19:29:30,403171,2.0,1
MV_A5-Weekday-SDon-112000_M5_543,M5,d1,46,19:30:40,19:30:40,400858,8.0,1
MV_A5-Weekday-SDon-112000_M5_543,M5,d1,47,19:32:31,19:32:31,400860,6.0,1
MV_A5-Weekday-SDon-112000_M5_543,M5,d1,48,19:34:00,19:34:00,400861,2.0,1
MV_A5-Weekday-SDon-112000_M5_543,M5,d1,49,19:34:34,19:34:34,403781,7.0,1
MV_A5-Weekday-SDon-112000_M5_543,M5,d1,50,19:36:28,19:36:28,403047,6.0,1
MV_A5-Weekday-SDon-112000_M5_543,M5,d1,51,19:38:27,19:38:27,402446,10.0,1
MV_A5-Weekday-SDon-112000_M5_543,M5,d1,52,19:39:17,19:39:17,403266,10.0,1
MV_A5-Weekday-SDon-112000_M5_543,M5,d1,53,19:40:10,19:40:10,400131,10.0,1
MV_A5-Weekday-SDon-112000_M5_543,M5,d1,54,19:40:51,19:40:51,450123,10.0,1
MV_A5-Weekday-SDon-112000_M5_543,M5,d1,55,19:42:14,19:42:14,400133,10.0,1
MV_A5-Weekday-SDon-112000_M5_543,M5,d1,56,19:42:55,19:42:55,404180,10.0,1
MV_A5-Weekday-SDon-112000_M5_543,M5,d1,57,19:44:00,19:44:00,400135,4.0,1
MV_A5-Weekday-SDon-112000_M5_543,M5,d1,58,19:47:34,19:47:34,400322,3.0,1
MV_A5-Weekday-SDon-112000_M5_543,M5,d1,59,19:51:06,19:51:06,400323,3.0,1
MV_A5-Weekday-SDon-112000_M5_543,M5,d1,60,19:54:55,19:54:55,400324,3.0,1
MV_A5-Weekday-SDon-112000_M5_543,M5,d1,61,20:01:00,20:01:00,803082,3.0,1
MV_A5-Weekday-075300_M5_502,M5,d1,1,12:33:00,12:33:00,400808,19.0,2
MV_A5-Weekday-075300_M5_502,M5,d1,2,12:34:19,12:34:19,400809,19.0,2
MV_A5-Weekday-075300_M5_502,M5,d1,3,12:35:24,12:35:24,400810,18.0,3
MV_A5-Weekday-075300_M5_502,M5,d1,4,12:36:30,12:36:30,400811,35.0,3
MV_A5-Weekday-075300_M5_502,M5,d1,5,12:37:16,12:37:16,400812,35.0,3
MV_A5-Weekday-075300_M5_502,M5,d1,6,12:39:11,12:39:11,404918,32.0,2
MV_A5-Weekday-075300_M5_502,M5,d1,7,12:40:47,12:40:47,400814,30.0,2
MV_A5-Weekday-075300_M5_502,M5,d1,8,12:41:45,12:41:45,400815,30.0,2
MV_A5-Weekday-075300_M5_502,M5,d1,9,12:42:47,12:42:47,400816,30.0,2
MV_A5-Weekday-075300_M5_502,M5,d1,10,12:44:00,12:44:00,400655,30.0,2
MV_A5-Weekday-075300_M5_502,M5,d1,11,12:46:28,12:46:28,400657,29.0,2
MV_A5-Weekday-075300_M5_502,M5,d1,12,12:49:12,12:49:12,403483,22.0,2
MV_A5-Weekday-075300_M5_502,M5,d1,13,12:51:42,12:51:42,400662,10.0,1
MV_A5-Weekday-075300_M5_502,M5,d1,14,12:54:00,12:54:00,404011,5.0,2
MV_A5-Weekday-075300_M5_502,M5,d1,15,12:54:26,12:54:26,404012,18.0,2
MV_A5-Weekday-075300_M5_502,M5,d1,16,12:56:46,12:56:46,404822,6.0,1
MV_A5-Weekday-075300_M5_502,M5,d1,17,12:58:02,12:58:02,404259,5.0,1
MV_A5-Weekday-075300_M5_502,M5,d1,18,12:58:56,12:58:56,405580,6.0,2
MV_A5-Weekday-075300_M5_502,M5,d1,19,12:59:49,12:59:49,400834,18.0,2
MV_A5-Weekday-075300_M5_502,M5,d1,20,13:00:23,13:00:23,400835,7.0,1
MV_A5-Weekday-075300_M5_502,M5,d1,21,13:00:54,13:00:54,400836,7.0,1
MV_A5-Weekday-075300_M5_502,M5,d1,22,13:01:59,13:01:59,400837,6.0,2
MV_A5-Weekday-075300_M5_502,M5,d1,23,13:02:31,13:02:31,400838,19.0,2
MV_A5-Weekday-075300_M5_502,M5,d1,24,13:03:05,13:03:05,404130,20.0,2
MV_A5-Weekday-075300_M5_502,M5,d1,25,13:04:16,13:04:16,400840,20.0,2
MV_A5-Weekday-075300_M5_502,M5,d1,26,13:05:00,13:05:00,400841,8.0,2
MV_A5-Weekday-075300_M5_502,M5,d1,27,13:06:24,13:06:24,404131,19.0,2
MV_A5-Weekday-075300_M5_502,M5,d1,28,13:07:40,13:07:40,400843,10.0,2
MV_A5-Weekday-075300_M5_502,M5,d1,29,13:08:57,13:08:57,404855,20.0,2
MV_A5-Weekday-075300_M5_502,M5,d1,30,13:10:13,13:10:13,400846,20.0,2
MV_A5-Weekday-075300_M5_502,M5,d1,31,13:11:08,13:11:08,400847,20.0,2
MV_A5-Weekday-075300_M5_502,M5,d1,32,13:12:06,13:12:06,400848,10.0,2
MV_A5-Weekday-075300_M5_502,M5,d1,33,13:13:00,13:13:00,400849,20.0,2
MV_A5-Weekday-075300_M5_502,M5,d1,34,13:15:12,13:15:12,400851,20.0,2
MV_A5-Weekday-075300_M5_502,M5,d1,35,13:16:30,13:16:30,400852,16.0,2
MV_A5-Weekday-075300_M5_502,M5,d1,36,13:18:22,13:18:22,400853,21.0,2
MV_A5-Weekday-075300_M5_502,M5,d1,37,13:19:35,13:19:35,400854,18.0,2
MV_A5-Weekday-075300_M5_502,M5,d1,38,13:23:46,13:23:46,403171,18.0,2
MV_A5-Weekday-075300_M5_502,M5,d1,39,13:28:00,13:28:00,400861,18.0,2
MV_A5-Weekday-075300_M5_502,M5,d1,40,13:33:56,13:33:56,403047,16.0,1
MV_A5-Weekday-075300_M5_502,M5,d1,41,13:38:41,13:38:41,402446,14.0,1
MV_A5-Weekday-075300_M5_502,M5,d1,42,13:44:27,13:44:27,450123,9.0,1
MV_A5-Weekday-075300_M5_502,M5,d1,43,13:52:00,13:52:00,400135,6.0,1
MV_A5-Weekday-075300_M5_502,M5,d1,44,13:53:28,13:53:28,400322,6.0,1
MV_A5-Weekday-075300_M5_502,M5,d1,45,13:54:56,13:54:56,400323,3.0,1
MV_A5-Weekday-075300_M5_502,M5,d1,46,13:56:30,13:56:30,400324,5.0,1
MV_A5-Weekday-075300_M5_502,M5,d1,47,13:59:00,13:59:00,803082,5.0,1
MV_A5-Weekday-SDon-050800_M5_519,M5,d1,1,8:28:00,8:28:00,400808,12.0,1
MV_A5-Weekday-SDon-050800_M5_519,M5,d1,2,8:29:12,8:29:12,400809,12.0,1
MV_A5-Weekday-SDon-050800_M5_519,M5,d1,3,8:30:11,8:30:11,400810,12.0,1
MV_A5-Weekday-SDon-050800_M5_519,M5,d1,4,8:31:11,8:31:11,400811,12.0,1
MV_A5-Weekday-SDon-050800_M5_519,M5,d1,5,8:31:52,8:31:52,400812,12.0,1
MV_A5-Weekday-SDon-050800_M5_519,M5,d1,6,8:33:37,8:33:37,404918,12.0,1
MV_A5-Weekday-SDon-050800_M5_519,M5,d1,7,8:35:04,8:35:04,400814,12.0,1
MV_A5-Weekday-SDon-050800_M5_519,M5,d1,8,8:35:58,8:35:58,400815,12.0,1
MV_A5-Weekday-SDon-050800_M5_519,M5,d1,9,8:36:54,8:36:54,400816,12.0,1
MV_A5-Weekday-SDon-050800_M5_519,M5,d1,10,8:38:00,8:38:00,400655,12.0,1
MV_A5-Weekday-SDon-050800_M5_519,M5,d1,11,8:40:13,8:40:13,400657,4.0,1
MV_A5-Weekday-SDon-050800_M5_519,M5,d1,12,8:42:41,8:42:41,403483,5.0,1
MV_A5-Weekday-SDon-050800_M5_519,M5,d1,13,8:44:56,8:44:56,400662,5.0,1
MV_A5-Weekday-SDon-050800_M5_519,M5,d1,14,8:47:00,8:47:00,404011,3.0,1
MV_A5-Weekday-SDon-050800_M5_519,M5,d1,15,8:47:23,8:47:23,404012,9.0,1
MV_A5-Weekday-SDon-050800_M5_519,M5,d1,16,8:49:31,8:49:31,404822,9.0,1
MV_A5-Weekday-SDon-050800_M5_519,M5,d1,17,8:50:40,8:50:40,404259,3.0,1
MV_A5-Weekday-SDon-050800_M5_519,M5,d1,18,8:51:29,8:51:29,405580,9.0,1
MV_A5-Weekday-SDon-050800_M5_519,M5,d1,19,8:52:17,8:52:17,400834,9.0,1
MV_A5-Weekday-SDon-050800_M5_519,M5,d1,20,8:52:48,8:52:48,400835,9.0,1
MV_A5-Weekday-SDon-050800_M5_519,M5,d1,21,8:53:17,8:53:17,400836,8.0,1
MV_A5-Weekday-SDon-050800_M5_519,M5,d1,22,8:54:15,8:54:15,400837,9.0,1
MV_A5-Weekday-SDon-050800_M5_519,M5,d1,23,8:54:44,8:54:44,400838,9.0,1
MV_A5-Weekday-SDon-050800_M5_519,M5,d1,24,8:55:15,8:55:15,404130,9.0,1
MV_A5-Weekday-SDon-050800_M5_519,M5,d1,25,8:56:20,8:56:20,400840,9.0,1
MV_A5-Weekday-SDon-050800_M5_519,M5,d1,26,8:57:00,8:57:00,400841,9.0,1
MV_A5-Weekday-SDon-050800_M5_519,M5,d1,27,8:58:24,8:58:24,404131,8.0,1
MV_A5-Weekday-SDon-050800_M5_519,M5,d1,28,8:59:40,8:59:40,400843,15.0,1
MV_A5-Weekday-SDon-050800_M5_519,M5,d1,29,9:00:57,9:00:57,404855,16.0,1
MV_A5-Weekday-SDon-050800_M5_519,M5,d1,30,9:02:13,9:02:13,400846,16.0,2
MV_A5-Weekday-SDon-050800_M5_519,M5,d1,31,9:03:08,9:03:08,400847,18.0,2
MV_A5-Weekday-SDon-050800_M5_519,M5,d1,32,9:04:06,9:04:06,400848,21.0,2
MV_A5-Weekday-SDon-050800_M5_519,M5,d1,33,9:05:00,9:05:00,400849,21.0,2
MV_A5-Weekday-SDon-050800_M5_519,M5,d1,34,9:07:04,9:07:04,400851,22.0,2
MV_A5-Weekday-SDon-050800_M5_519,M5,d1,35,9:08:16,9:08:16,400852,22.0,2
MV_A5-Weekday-SDon-050800_M5_519,M5,d1,36,9:10:01,9:10:01,400853,28.0,2
MV_A5-Weekday-SDon-050800_M5_519,M5,d1,37,9:11:08,9:11:08,400854,28.0,2
MV_A5-Weekday-SDon-050800_M5_519,M5,d1,38,9:15:03,9:15:03,403171,32.0,3
MV_A5-Weekday-SDon-050800_M5_519,M5,d1,39,9:19:00,9:19:00,400861,33.0,3
MV_A5-Weekday-SDon-050800_M5_519,M5,d1,40,9:23:27,9:23:27,403047,14.0,2
MV_A5-Weekday-SDon-050800_M5_519,M5,d1,41,9:27:00,9:27:00,402446,22.0,2
MV_A5-Weekday-SDon-050800_M5_519,M5,d1,42,9:31:20,9:31:20,450123,15.0,1
MV_A5-Weekday-SDon-050800_M5_519,M5,d1,43,9:37:00,9:37:00,400135,6.0,1
MV_A5-Weekday-SDon-050800_M5_519,M5,d1,44,9:38:28,9:38:28,400322,10.0,1
MV_A5-Weekday-SDon-050800_M5_519,M5,d1,45,9:39:56,9:39:56,400323,3.0,1
MV_A5-Weekday-SDon-050800_M5_519,M5,d1,46,9:41:30,9:41:30,400324,5.0,1
MV_A5-Weekday-SDon-050800_M5_519,M5,d1,47,9:44:00,9:44:00,803082,5.0,1
MV_A5-Weekday-SDon-087400_M5_525,M5,d1,1,14:34:00,14:34:00,403835,3.0,1
MV_A5-Weekday-SDon-087400_M5_525,M5,d1,2,14:36:00,14:36:00,400639,3.0,1
MV_A5-Weekday-SDon-087400_M5_525,M5,d1,3,14:38:03,14:38:03,400640,3.0,1
MV_A5-Weekday-SDon-087400_M5_525,M5,d1,4,14:39:41,14:39:41,400641,16.0,1
MV_A5-Weekday-SDon-087400_M5_525,M5,d1,5,14:41:00,14:41:00,400642,16.0,1
MV_A5-Weekday-SDon-087400_M5_525,M5,d1,6,14:41:58,14:41:58,400643,16.0,1
MV_A5-Weekday-SDon-087400_M5_525,M5,d1,7,14:42:58,14:42:58,400644,16.0,1
MV_A5-Weekday-SDon-087400_M5_525,M5,d1,8,14:44:05,14:44:05,400645,16.0,1
MV_A5-Weekday-SDon-087400_M5_525,M5,d1,9,14:45:23,14:45:23,400646,16.0,1
MV_A5-Weekday-SDon-087400_M5_525,M5,d1,10,14:46:46,14:46:46,400647,16.0,1
MV_A5-Weekday-SDon-087400_M5_525,M5,d1,11,14:47:53,14:47:53,400648,16.0,1
MV_A5-Weekday-SDon-087400_M5_525,M5,d1,12,14:48:58,14:48:58,400649,16.0,1
MV_A5-Weekday-SDon-087400_M5_525,M5,d1,13,14:50:00,14:50:00,403373,16.0,1
MV_A5-Weekday-SDon-087400_M5_525,M5,d1,14,14:51:43,14:51:43,403374,16.0,1
MV_A5-Weekday-SDon-087400_M5_525,M5,d1,15,14:52:45,14:52:45,403375,16.0,1
MV_A5-Weekday-SDon-087400_M5_525,M5,d1,16,14:53:46,14:53:46,403376,16.0,1
MV_A5-Weekday-SDon-087400_M5_525,M5,d1,17,14:55:00,14:55:00,403377,9.0,1
MV_A5-Weekday-SDon-087400_M5_525,M5,d1,18,14:56:51,14:56:51,400655,14.0,1
MV_A5-Weekday-SDon-087400_M5_525,M5,d1,19,14:58:30,14:58:30,400656,14.0,1
MV_A5-Weekday-SDon-087400_M5_525,M5,d1,20,15:00:14,15:00:14,400657,14.0,1
MV_A5-Weekday-SDon-087400_M5_525,M5,d1,21,15:01:26,15:01:26,400658,14.0,1
MV_A5-Weekday-SDon-087400_M5_525,M5,d1,22,15:03:13,15:03:13,400659,10.0,1
MV_A5-Weekday-SDon-087400_M5_525,M5,d1,23,15:04:00,15:04:00,403483,10.0,1
MV_A5-Weekday-SDon-087400_M5_525,M5,d1,24,15:06:28,15:06:28,400661,10.0,1
MV_A5-Weekday-SDon-087400_M5_525,M5,d1,25,15:07:46,15:07:46,400662,10.0,1
MV_A5-Weekday-SDon-087400_M5_525,M5,d1,26,15:09:03,15:09:03,400663,10.0,1
MV_A5-Weekday-SDon-087400_M5_525,M5,d1,27,15:11:00,15:11:00,803157,10.0,1
MV_A5-Weekday-SDon-087400_M5_525,M5,d1,28,15:13:00,15:13:00,404148,8.0,1
MV_A5-Weekday-SDon-087400_M5_525,M5,d1,29,15:15:07,15:15:07,403903,8.0,1
MV_A5-Weekday-SDon-087400_M5_525,M5,d1,30,15:16:10,15:16:10,403142,8.0,1
MV_A5-Weekday-SDon-087400_M5_525,M5,d1,31,15:17:20,15:17:20,403144,8.0,1
MV_A5-Weekday-SDon-087400_M5_525,M5,d1,32,15:19:10,15:19:10,403145,3.0,2
MV_A5-Weekday-SDon-087400_M5_525,M5,d1,33,15:20:26,15:20:26,405234,24.0,2
MV_A5-Weekday-SDon-087400_M5_525,M5,d1,34,15:22:36,15:22:36,403147,26.0,2
MV_A5-Weekday-SDon-087400_M5_525,M5,d1,35,15:23:47,15:23:47,403148,6.0,2
MV_A5-Weekday-SDon-087400_M5_525,M5,d1,36,15:24:56,15:24:56,403149,26.0,2
MV_A5-Weekday-SDon-087400_M5_525,M5,d1,37,15:26:24,15:26:24,400676,24.0,2
MV_A5-Weekday-SDon-087400_M5_525,M5,d1,38,15:28:16,15:28:16,400677,24.0,2
MV_A5-Weekday-SDon-087400_M5_525,M5,d1,39,15:30:11,15:30:11,400678,24.0,2
MV_A5-Weekday-SDon-087400_M5_525,M5,d1,40,15:31:00,15:31:00,400485,9.0,1
MV_A5-Weekday-SDon-087400_M5_525,M5,d1,41,15:32:43,15:32:43,400486,7.0,1
MV_A5-Weekday-SDon-087400_M5_525,M5,d1,42,15:35:00,15:35:00,400290,5.0,1
MV_A5-Weekday-SDon-087400_M5_525,M5,d1,43,15:37:15,15:37:15,404278,5.0,2
MV_A5-Weekday-SDon-087400_M5_525,M5,d1,44,15:39:00,15:39:00,400292,23.0,2
MV_A5-Weekday-SDon-087400_M5_525,M5,d1,45,15:41:05,15:41:05,400108,23.0,2
MV_A5-Weekday-SDon-087400_M5_525,M5,d1,46,15:42:43,15:42:43,400109,25.0,2
MV_A5-Weekday-SDon-087400_M5_525,M5,d1,47,15:44:15,15:44:15,400110,25.0,2
MV_A5-Weekday-SDon-087400_M5_525,M5,d1,48,15:45:56,15:45:56,400111,17.0,2
MV_A5-Weekday-SDon-087400_M5_525,M5,d1,49,15:48:51,15:48:51,404081,17.0,2
MV_A5-Weekday-SDon-087400_M5_525,M5,d1,50,15:50:52,15:50:52,404168,17.0,2
MV_A5-Weekday-SDon-087400_M5_525,M5,d1,51,15:52:06,15:52:06,400115,17.0,2
MV_A5-Weekday-SDon-087400_M5_525,M5,d1,52,15:53:45,15:53:45,400116,17.0,2
MV_A5-Weekday-SDon-087400_M5_525,M5,d1,53,15:55:14,15:55:14,400117,21.0,2
MV_A5-Weekday-SDon-087400_M5_525,M5,d1,54,15:57:28,15:57:28,400118,21.0,2
MV_A5-Weekday-SDon-087400_M5_525,M5,d1,55,15:59:37,15:59:37,400119,2.0,2
MV_A5-Weekday-SDon-087400_M5_525,M5,d1,56,16:02:52,16:02:52,400120,23.0,2
MV_A5-Weekday-SDon-087400_M5_525,M5,d1,57,16:04:10,16:04:10,400121,23.0,2
MV_A5-Weekday-SDon-087400_M5_525,M5,d1,58,16:05:33,16:05:33,400122,23.0,2
MV_A5-Weekday-SDon-087400_M5_525,M5,d1,59,16:07:06,16:07:06,400123,1.0,1
MV_A5-Weekday-SDon-087400_M5_525,M5,d1,60,16:10:00,16:10:00,400124,1.0,1
MV_A5-Weekday-SDon-087400_M5_525,M5,d1,61,16:12:13,16:12:13,400125,1.0,1
MV_A5-Weekday-SDon-087400_M5_525,M5,d1,62,16:14:48,16:14:48,400126,1.0,1
MV_A5-Weekday-SDon-087400_M5_525,M5,d1,63,16:16:43,16:16:43,400127,1.0,2
MV_A5-Weekday-SDon-087400_M5_525,M5,d1,64,16:18:02,16:18:02,400128,22.0,2
MV_A5-Weekday-SDon-087400_M5_525,M5,d1,65,16:19:39,16:19:39,400512,22.0,2
MV_A5-Weekday-SDon-087400_M5_525,M5,d1,66,16:23:05,16:23:05,403266,22.0,2
MV_A5-Weekday-SDon-087400_M5_525,M5,d1,67,16:25:26,16:25:26,400514,22.0,2
MV_A5-Weekday-SDon-087400_M5_525,M5,d1,68,16:27:50,16:27:50,400515,17.0,2
MV_A5-Weekday-SDon-087400_M5_525,M5,d1,69,16:30:14,16:30:14,400516,18.0,2
MV_A5-Weekday-SDon-087400_M5_525,M5,d1,70,16:31:52,16:31:52,405179,18.0,2
MV_A5-Weekday-SDon-087400_M5_525,M5,d1,71,16:34:00,16:34:00,400518,18.0,2
MV_A5-Weekday-SDon-087400_M5_525,M5,d1,72,16:36:25,16:36:25,400519,17.0,2
MV_A5-Weekday-SDon-087400_M5_525,M5,d1,73,16:37:51,16:37:51,405486,17.0,2
MV_A5-Weekday-SDon-087400_M5_525,M5,d1,74,16:41:00,16:41:00,903128,17.0,2
MV_A5-Weekday-132700_M5_536,M5,d1,1,22:07:00,22:07:00,400639,4.0,1
MV_A5-Weekday-132700_M5_536,M5,d1,2,22:08:19,22:08:19,400640,4.0,1
MV_A5-Weekday-132700_M5_536,M5,d1,3,22:09:22,22:09:22,400641,3.0,1
MV_A5-Weekday-132700_M5_536,M5,d1,4,22:10:13,22:10:13,400642,4.0,1
MV_A5-Weekday-132700_M5_536,M5,d1,5,22:10:50,22:10:50,400643,4.0,1
MV_A5-Weekday-132700_M5_536,M5,d1,6,22:11:29,22:11:29,400644,4.0,1
MV_A5-Weekday-132700_M5_536,M5,d1,7,22:12:12,22:12:12,400645,3.0,1
MV_A5-Weekday-132700_M5_536,M5,d1,8,22:13:02,22:13:02,400646,6.0,1
MV_A5-Weekday-132700_M5_536,M5,d1,9,22:13:55,22:13:55,400647,3.0,1
MV_A5-Weekday-132700_M5_536,M5,d1,10,22:14:38,22:14:38,400648,6.0,1
MV_A5-Weekday-132700_M5_536,M5,d1,11,22:15:20,22:15:20,400649,2.0,1
MV_A5-Weekday-132700_M5_536,M5,d1,12,22:16:00,22:16:00,403373,2.0,1
MV_A5-Weekday-132700_M5_536,M5,d1,13,22:17:14,22:17:14,403374,2.0,1
MV_A5-Weekday-132700_M5_536,M5,d1,14,22:17:58,22:17:58,403375,6.0,1
MV_A5-Weekday-132700_M5_536,M5,d1,15,22:18:41,22:18:41,403376,6.0,1
MV_A5-Weekday-132700_M5_536,M5,d1,16,22:19:34,22:19:34,403377,6.0,1
MV_A5-Weekday-132700_M5_536,M5,d1,17,22:20:54,22:20:54,400655,7.0,1
MV_A5-Weekday-132700_M5_536,M5,d1,18,22:22:04,22:22:04,400656,7.0,1
MV_A5-Weekday-132700_M5_536,M5,d1,19,22:23:19,22:23:19,400657,2.0,1
MV_A5-Weekday-132700_M5_536,M5,d1,20,22:24:10,22:24:10,400658,6.0,1
MV_A5-Weekday-132700_M5_536,M5,d1,21,22:25:27,22:25:27,400659,4.0,1
MV_A5-Weekday-132700_M5_536,M5,d1,22,22:26:00,22:26:00,403483,2.0,1
MV_A5-Weekday-132700_M5_536,M5,d1,23,22:27:25,22:27:25,400661,7.0,1
MV_A5-Weekday-132700_M5_536,M5,d1,24,22:28:09,22:28:09,400662,3.0,1
MV_A5-Weekday-132700_M5_536,M5,d1,25,22:28:53,22:28:53,400663,3.0,1
MV_A5-Weekday-132700_M5_536,M5,d1,26,22:30:00,22:30:00,803157,3.0,1
MV_A5-Weekday-SDon-122100_M5_527,M5,d1,1,20:21:00,20:21:00,400639,1.0,1
MV_A5-Weekday-SDon-122100_M5_527,M5,d1,2,20:22:28,20:22:28,400640,1.0,1
MV_A5-Weekday-SDon-122100_M5_527,M5,d1,3,20:23:38,20:23:38,400641,1.0,1
MV_A5-Weekday-SDon-122100_M5_527,M5,d1,4,20:24:34,20:24:34,400642,1.0,1
MV_A5-Weekday-SDon-122100_M5_527,M5,d1,5,20:25:16,20:25:16,400643,1.0,1
MV_A5-Weekday-SDon-122100_M5_527,M5,d1,6,20:25:59,20:25:59,400644,1.0,1
MV_A5-Weekday-SDon-122100_M5_527,M5,d1,7,20:26:47,20:26:47,400645,1.0,1
MV_A5-Weekday-SDon-122100_M5_527,M5,d1,8,20:27:42,20:27:42,400646,1.0,1
MV_A5-Weekday-SDon-122100_M5_527,M5,d1,9,20:28:41,20:28:41,400647,1.0,1
MV_A5-Weekday-SDon-122100_M5_527,M5,d1,10,20:29:29,20:29:29,400648,1.0,1
MV_A5-Weekday-SDon-122100_M5_527,M5,d1,11,20:30:16,20:30:16,400649,1.0,1
MV_A5-Weekday-SDon-122100_M5_527,M5,d1,12,20:31:00,20:31:00,403373,1.0,1
MV_A5-Weekday-SDon-122100_M5_527,M5,d1,13,20:32:14,20:32:14,403374,3.0,1
MV_A5-Weekday-SDon-122100_M5_527,M5,d1,14,20:32:58,20:32:58,403375,3.0,1
MV_A5-Weekday-SDon-122100_M5_527,M5,d1,15,20:33:41,20:33:41,403376,3.0,1
MV_A5-Weekday-SDon-122100_M5_527,M5,d1,16,20:34:34,20:34:34,403377,1.0,1
MV_A5-Weekday-SDon-122100_M5_527,M5,d1,17,20:35:54,20:35:54,400655,5.0,1
MV_A5-Weekday-SDon-122100_M5_527,M5,d1,18,20:37:04,20:37:04,400656,5.0,1
MV_A5-Weekday-SDon-122100_M5_527,M5,d1,19,20:38:19,20:38:19,400657,6.0,1
MV_A5-Weekday-SDon-122100_M5_527,M5,d1,20,20:39:10,20:39:10,400658,6.0,1
MV_A5-Weekday-SDon-122100_M5_527,M5,d1,21,20:40:27,20:40:27,400659,3.0,1
MV_A5-Weekday-SDon-122100_M5_527,M5,d1,22,20:41:00,20:41:00,403483,5.0,1
MV_A5-Weekday-SDon-122100_M5_527,M5,d1,23,20:42:25,20:42:25,400661,3.0,1
MV_A5-Weekday-SDon-122100_M5_527,M5,d1,24,20:43:09,20:43:09,400662,3.0,1
MV_A5-Weekday-SDon-122100_M5_527,M5,d1,25,20:43:53,20:43:53,400663,1.0,1
MV_A5-Weekday-SDon-122100_M5_527,M5,d1,26,20:45:00,20:45:00,803157,1.0,1
MV_A5-Weekday-SDon-058200_M5_506,M5,d1,1,9:42:00,9:42:00,400808,17.0,2
MV_A5-Weekday-SDon-058200_M5_506,M5,d1,2,9:43:12,9:43:12,400809,21.0,2
MV_A5-Weekday-SDon-058200_M5_506,M5,d1,3,9:44:11,9:44:11,400810,26.0,2
MV_A5-Weekday-SDon-058200_M5_506,M5,d1,4,9:45:11,9:45:11,400811,24.0,2
MV_A5-Weekday-SDon-058200_M5_506,M5,d1,5,9:45:52,9:45:52,400812,20.0,2
MV_A5-Weekday-SDon-058200_M5_506,M5,d1,6,9:47:37,9:47:37,404918,11.0,2
MV_A5-Weekday-SDon-058200_M5_506,M5,d1,7,9:49:04,9:49:04,400814,19.0,2
MV_A5-Weekday-SDon-058200_M5_506,M5,d1,8,9:49:58,9:49:58,400815,20.0,2
MV_A5-Weekday-SDon-058200_M5_506,M5,d1,9,9:50:54,9:50:54,400816,19.0,2
MV_A5-Weekday-SDon-058200_M5_506,M5,d1,10,9:52:00,9:52:00,400655,16.0,1
MV_A5-Weekday-SDon-058200_M5_506,M5,d1,11,9:54:13,9:54:13,400657,14.0,1
MV_A5-Weekday-SDon-058200_M5_506,M5,d1,12,9:56:41,9:56:41,403483,13.0,1
MV_A5-Weekday-SDon-058200_M5_506,M5,d1,13,9:58:56,9:58:56,400662,12.0,1
MV_A5-Weekday-SDon-058200_M5_506,M5,d1,14,10:01:00,10:01:00,404011,11.0,1
MV_A5-Weekday-SDon-058200_M5_506,M5,d1,15,10:01:23,10:01:23,404012,9.0,1
MV_A5-Weekday-SDon-058200_M5_506,M5,d1,16,10:03:31,10:03:31,404822,11.0,1
MV_A5-Weekday-SDon-058200_M5_506,M5,d1,17,10:04:40,10:04:40,404259,10.0,1
MV_A5-Weekday-SDon-058200_M5_506,M5,d1,18,10:05:29,10:05:29,405580,12.0,1
MV_A5-Weekday-SDon-058200_M5_506,M5,d1,19,10:06:17,10:06:17,400834,12.0,1
MV_A5-Weekday-SDon-058200_M5_506,M5,d1,20,10:06:48,10:06:48,400835,5.0,1
MV_A5-Weekday-SDon-058200_M5_506,M5,d1,21,10:07:17,10:07:17,400836,5.0,1
MV_A5-Weekday-SDon-058200_M5_506,M5,d1,22,10:08:15,10:08:15,400837,9.0,1
MV_A5-Weekday-SDon-058200_M5_506,M5,d1,23,10:08:44,10:08:44,400838,15.0,1
MV_A5-Weekday-SDon-058200_M5_506,M5,d1,24,10:09:15,10:09:15,404130,6.0,1
MV_A5-Weekday-SDon-058200_M5_506,M5,d1,25,10:10:20,10:10:20,400840,7.0,1
MV_A5-Weekday-SDon-058200_M5_506,M5,d1,26,10:11:00,10:11:00,400841,7.0,1
MV_A5-Weekday-SDon-058200_M5_506,M5,d1,27,10:12:24,10:12:24,404131,14.0,1
MV_A5-Weekday-SDon-058200_M5_506,M5,d1,28,10:13:40,10:13:40,400843,8.0,1
MV_A5-Weekday-SDon-058200_M5_506,M5,d1,29,10:14:57,10:14:57,404855,6.0,1
MV_A5-Weekday-SDon-058200_M5_506,M5,d1,30,10:16:13,10:16:13,400846,12.0,1
MV_A5-Weekday-SDon-058200_M5_506,M5,d1,31,10:17:08,10:17:08,400847,9.0,1
MV_A5-Weekday-SDon-058200_M5_506,M5,d1,32,10:18:06,10:18:06,400848,11.0,1
MV_A5-Weekday-SDon-058200_M5_506,M5,d1,33,10:19:00,10:19:00,400849,9.0,1
MV_A5-Weekday-SDon-058200_M5_506,M5,d1,34,10:21:04,10:21:04,400851,10.0,1
MV_A5-Weekday-SDon-058200_M5_506,M5,d1,35,10:22:16,10:22:16,400852,12.0,1
MV_A5-Weekday-SDon-058200_M5_506,M5,d1,36,10:24:01,10:24:01,400853,11.0,2
MV_A5-Weekday-SDon-058200_M5_506,M5,d1,37,10:25:08,10:25:08,400854,21.0,2
MV_A5-Weekday-SDon-058200_M5_506,M5,d1,38,10:29:03,10:29:03,403171,21.0,2
MV_A5-Weekday-SDon-058200_M5_506,M5,d1,39,10:33:00,10:33:00,400861,18.0,2
MV_A5-Weekday-SDon-058200_M5_506,M5,d1,40,10:37:12,10:37:12,403047,18.0,2
MV_A5-Weekday-SDon-058200_M5_506,M5,d1,41,10:40:34,10:40:34,402446,13.0,1
MV_A5-Weekday-SDon-058200_M5_506,M5,d1,42,10:44:39,10:44:39,450123,8.0,1
MV_A5-Weekday-SDon-058200_M5_506,M5,d1,43,10:50:00,10:50:00,400135,7.0,1
MV_A5-Weekday-SDon-058200_M5_506,M5,d1,44,10:51:28,10:51:28,400322,3.0,1
MV_A5-Weekday-SDon-058200_M5_506,M5,d1,45,10:52:56,10:52:56,400323,3.0,1
MV_A5-Weekday-SDon-058200_M5_506,M5,d1,46,10:54:30,10:54:30,400324,2.0,1
MV_A5-Weekday-SDon-058200_M5_506,M5,d1,47,10:57:00,10:57:00,803082,2.0,1
MV_A5-Weekday-051800_M5_505,M5,d1,1,8:38:00,8:38:00,400808,12.0,1
MV_A5-Weekday-051800_M5_505,M5,d1,2,8:39:12,8:39:12,400809,12.0,2
MV_A5-Weekday-051800_M5_505,M5,d1,3,8:40:11,8:40:11,400810,22.0,2
MV_A5-Weekday-051800_M5_505,M5,d1,4,8:41:11,8:41:11,400811,12.0,2
MV_A5-Weekday-051800_M5_505,M5,d1,5,8:41:52,8:41:52,400812,19.0,2
MV_A5-Weekday-051800_M5_505,M5,d1,6,8:43:37,8:43:37,404918,19.0,2
MV_A5-Weekday-051800_M5_505,M5,d1,7,8:45:04,8:45:04,400814,3.0,1
MV_A5-Weekday-051800_M5_505,M5,d1,8,8:45:58,8:45:58,400815,11.0,1
MV_A5-Weekday-051800_M5_505,M5,d1,9,8:46:54,8:46:54,400816,8.0,1
MV_A5-Weekday-051800_M5_505,M5,d1,10,8:48:00,8:48:00,400655,10.0,1
MV_A5-Weekday-051800_M5_505,M5,d1,11,8:50:13,8:50:13,400657,10.0,1
MV_A5-Weekday-051800_M5_505,M5,d1,12,8:52:41,8:52:41,403483,1.0,1
MV_A5-Weekday-051800_M5_505,M5,d1,13,8:54:56,8:54:56,400662,3.0,1
MV_A5-Weekday-051800_M5_505,M5,d1,14,8:57:00,8:57:00,404011,3.0,1
MV_A5-Weekday-051800_M5_505,M5,d1,15,8:57:23,8:57:23,404012,3.0,1
MV_A5-Weekday-051800_M5_505,M5,d1,16,8:59:31,8:59:31,404822,3.0,1
MV_A5-Weekday-051800_M5_505,M5,d1,17,9:00:40,9:00:40,404259,1.0,1
MV_A5-Weekday-051800_M5_505,M5,d1,18,9:01:29,9:01:29,405580,1.0,1
MV_A5-Weekday-051800_M5_505,M5,d1,19,9:02:17,9:02:17,400834,1.0,1
MV_A5-Weekday-051800_M5_505,M5,d1,20,9:02:48,9:02:48,400835,1.0,1
MV_A5-Weekday-051800_M5_505,M5,d1,21,9:03:17,9:03:17,400836,1.0,1
MV_A5-Weekday-051800_M5_505,M5,d1,22,9:04:15,9:04:15,400837,1.0,1
MV_A5-Weekday-051800_M5_505,M5,d1,23,9:04:44,9:04:44,400838,1.0,1
MV_A5-Weekday-051800_M5_505,M5,d1,24,9:05:15,9:05:15,404130,1.0,1
MV_A5-Weekday-051800_M5_505,M5,d1,25,9:06:20,9:06:20,400840,2.0,1
MV_A5-Weekday-051800_M5_505,M5,d1,26,9:07:00,9:07:00,400841,2.0,1
MV_A5-Weekday-051800_M5_505,M5,d1,27,9:08:24,9:08:24,404131,2.0,1
MV_A5-Weekday-051800_M5_505,M5,d1,28,9:09:40,9:09:40,400843,4.0,1
MV_A5-Weekday-051800_M5_505,M5,d1,29,9:10:57,9:10:57,404855,5.0,1
MV_A5-Weekday-051800_M5_505,M5,d1,30,9:12:13,9:12:13,400846,5.0,1
MV_A5-Weekday-051800_M5_505,M5,d1,31,9:13:08,9:13:08,400847,5.0,1
MV_A5-Weekday-051800_M5_505,M5,d1,32,9:14:06,9:14:06,400848,5.0,1
MV_A5-Weekday-051800_M5_505,M5,d1,33,9:15:00,9:15:00,400849,5.0,1
MV_A5-Weekday-051800_M5_505,M5,d1,34,9:17:04,9:17:04,400851,7.0,1
MV_A5-Weekday-051800_M5_505,M5,d1,35,9:18:16,9:18:16,400852,7.0,1
MV_A5-Weekday-051800_M5_505,M5,d1,36,9:20:01,9:20:01,400853,10.0,1
MV_A5-Weekday-051800_M5_505,M5,d1,37,9:21:08,9:21:08,400854,8.0,1
MV_A5-Weekday-051800_M5_505,M5,d1,38,9:25:03,9:25:03,403171,8.0,1
MV_A5-Weekday-051800_M5_505,M5,d1,39,9:29:00,9:29:00,400861,1.0,1
MV_A5-Weekday-051800_M5_505,M5,d1,40,9:33:27,9:33:27,403047,1.0,1
MV_A5-Weekday-051800_M5_505,M5,d1,41,9:37:00,9:37:00,402446,1.0,1
MV_A5-Weekday-051800_M5_505,M5,d1,42,9:41:20,9:41:20,450123,1.0,1
MV_A5-Weekday-051800_M5_505,M5,d1,43,9:47:00,9:47:00,400135,1.0,1
MV_A5-Weekday-051800_M5_505,M5,d1,44,9:48:28,9:48:28,400322,1.0,1
MV_A5-Weekday-051800_M5_505,M5,d1,45,9:49:56,9:49:56,400323,1.0,1
MV_A5-Weekday-051800_M5_505,M5,d1,46,9:51:30,9:51:30,400324,1.0,1
MV_A5-Weekday-051800_M5_505,M5,d1,47,9:54:00,9:54:00,803082,1.0,1
MV_A5-Weekday-045800_M5_514,M5,d1,1,7:38:00,7:38:00,400808,5.0,1
MV_A5-Weekday-045800_M5_514,M5,d1,2,7:39:04,7:39:04,400809,5.0,1
MV_A5-Weekday-045800_M5_514,M5,d1,3,7:39:58,7:39:58,400810,5.0,1
MV_A5-Weekday-045800_M5_514,M5,d1,4,7:40:52,7:40:52,400811,5.0,1
MV_A5-Weekday-045800_M5_514,M5,d1,5,7:41:29,7:41:29,400812,5.0,1
MV_A5-Weekday-045800_M5_514,M5,d1,6,7:43:03,7:43:03,404918,6.0,2
MV_A5-Weekday-045800_M5_514,M5,d1,7,7:44:22,7:44:22,400814,17.0,2
MV_A5-Weekday-045800_M5_514,M5,d1,8,7:45:10,7:45:10,400815,17.0,2
MV_A5-Weekday-045800_M5_514,M5,d1,9,7:46:00,7:46:00,400816,12.0,1
MV_A5-Weekday-045800_M5_514,M5,d1,10,7:47:00,7:47:00,400655,12.0,1
MV_A5-Weekday-045800_M5_514,M5,d1,11,7:49:28,7:49:28,400657,12.0,1
MV_A5-Weekday-045800_M5_514,M5,d1,12,7:52:12,7:52:12,403483,11.0,1
MV_A5-Weekday-045800_M5_514,M5,d1,13,7:54:42,7:54:42,400662,12.0,1
MV_A5-Weekday-045800_M5_514,M5,d1,14,7:57:00,7:57:00,404011,12.0,1
MV_A5-Weekday-045800_M5_514,M5,d1,15,7:57:26,7:57:26,404012,12.0,1
MV_A5-Weekday-045800_M5_514,M5,d1,16,7:59:46,7:59:46,404822,12.0,1
MV_A5-Weekday-045800_M5_514,M5,d1,17,8:01:02,8:01:02,404259,14.0,1
MV_A5-Weekday-045800_M5_514,M5,d1,18,8:01:56,8:01:56,405580,14.0,1
MV_A5-Weekday-045800_M5_514,M5,d1,19,8:02:49,8:02:49,400834,14.0,1
MV_A5-Weekday-045800_M5_514,M5,d1,20,8:03:23,8:03:23,400835,14.0,1
MV_A5-Weekday-045800_M5_514,M5,d1,21,8:03:54,8:03:54,400836,14.0,1
MV_A5-Weekday-045800_M5_514,M5,d1,22,8:04:59,8:04:59,400837,15.0,1
MV_A5-Weekday-045800_M5_514,M5,d1,23,8:05:31,8:05:31,400838,15.0,2
MV_A5-Weekday-045800_M5_514,M5,d1,24,8:06:05,8:06:05,404130,17.0,2
MV_A5-Weekday-045800_M5_514,M5,d1,25,8:07:16,8:07:16,400840,17.0,2
MV_A5-Weekday-045800_M5_514,M5,d1,26,8:08:00,8:08:00,400841,14.0,2
MV_A5-Weekday-045800_M5_514,M5,d1,27,8:09:24,8:09:24,404131,19.0,2
MV_A5-Weekday-045800_M5_514,M5,d1,28,8:10:40,8:10:40,400843,25.0,2
MV_A5-Weekday-045800_M5_514,M5,d1,29,8:11:57,8:11:57,404855,25.0,2
MV_A5-Weekday-045800_M5_514,M5,d1,30,8:13:13,8:13:13,400846,26.0,2
MV_A5-Weekday-045800_M5_514,M5,d1,31,8:14:08,8:14:08,400847,27.0,2
MV_A5-Weekday-045800_M5_514,M5,d1,32,8:15:06,8:15:06,400848,27.0,2
MV_A5-Weekday-045800_M5_514,M5,d1,33,8:16:00,8:16:00,400849,27.0,2
MV_A5-Weekday-045800_M5_514,M5,d1,34,8:18:04,8:18:04,400851,27.0,2
MV_A5-Weekday-045800_M5_514,M5,d1,35,8:19:16,8:19:16,400852,27.0,3
MV_A5-Weekday-045800_M5_514,M5,d1,36,8:21:01,8:21:01,400853,33.0,3
MV_A5-Weekday-045800_M5_514,M5,d1,37,8:22:08,8:22:08,400854,33.0,3
MV_A5-Weekday-045800_M5_514,M5,d1,38,8:26:03,8:26:03,403171,37.0,3
MV_A5-Weekday-045800_M5_514,M5,d1,39,8:30:00,8:30:00,400861,13.0,3
MV_A5-Weekday-045800_M5_514,M5,d1,40,8:34:27,8:34:27,403047,34.0,3
MV_A5-Weekday-045800_M5_514,M5,d1,41,8:38:00,8:38:00,402446,34.0,3
MV_A5-Weekday-045800_M5_514,M5,d1,42,8:42:20,8:42:20,450123,12.0,1
MV_A5-Weekday-045800_M5_514,M5,d1,43,8:48:00,8:48:00,400135,12.0,1
MV_A5-Weekday-045800_M5_514,M5,d1,44,8:49:28,8:49:28,400322,6.0,1
MV_A5-Weekday-045800_M5_514,M5,d1,45,8:50:56,8:50:56,400323,1.0,1
MV_A5-Weekday-045800_M5_514,M5,d1,46,8:52:30,8:52:30,400324,4.0,1
MV_A5-Weekday-045800_M5_514,M5,d1,47,8:55:00,8:55:00,803082,4.0,1
MV_A5-Weekday-SDon-056900_M5_504,M5,d1,1,9:29:00,9:29:00,403835,6.0,1
MV_A5-Weekday-SDon-056900_M5_504,M5,d1,2,9:30:00,9:30:00,400639,6.0,1
MV_A5-Weekday-SDon-056900_M5_504,M5,d1,3,9:32:03,9:32:03,400640,6.0,1
MV_A5-Weekday-SDon-056900_M5_504,M5,d1,4,9:33:41,9:33:41,400641,4.0,1
MV_A5-Weekday-SDon-056900_M5_504,M5,d1,5,9:35:00,9:35:00,400642,5.0,1
MV_A5-Weekday-SDon-056900_M5_504,M5,d1,6,9:35:58,9:35:58,400643,5.0,1
MV_A5-Weekday-SDon-056900_M5_504,M5,d1,7,9:36:58,9:36:58,400644,4.0,1
MV_A5-Weekday-SDon-056900_M5_504,M5,d1,8,9:38:05,9:38:05,400645,10.0,1
MV_A5-Weekday-SDon-056900_M5_504,M5,d1,9,9:39:23,9:39:23,400646,10.0,1
MV_A5-Weekday-SDon-056900_M5_504,M5,d1,10,9:40:46,9:40:46,400647,7.0,1
MV_A5-Weekday-SDon-056900_M5_504,M5,d1,11,9:41:53,9:41:53,400648,10.0,1
MV_A5-Weekday-SDon-056900_M5_504,M5,d1,12,9:42:58,9:42:58,400649,12.0,1
MV_A5-Weekday-SDon-056900_M5_504,M5,d1,13,9:44:00,9:44:00,403373,12.0,1
MV_A5-Weekday-SDon-056900_M5_504,M5,d1,14,9:45:36,9:45:36,403374,12.0,1
MV_A5-Weekday-SDon-056900_M5_504,M5,d1,15,9:46:33,9:46:33,403375,15.0,2
MV_A5-Weekday-SDon-056900_M5_504,M5,d1,16,9:47:30,9:47:30,403376,28.0,2
MV_A5-Weekday-SDon-056900_M5_504,M5,d1,17,9:48:39,9:48:39,403377,28.0,2
MV_A5-Weekday-SDon-056900_M5_504,M5,d1,18,9:50:22,9:50:22,400655,28.0,2
MV_A5-Weekday-SDon-056900_M5_504,M5,d1,19,9:51:53,9:51:53,400656,25.0,2
MV_A5-Weekday-SDon-056900_M5_504,M5,d1,20,9:53:30,9:53:30,400657,11.0,2
MV_A5-Weekday-SDon-056900_M5_504,M5,d1,21,9:54:37,9:54:37,400658,24.0,2
MV_A5-Weekday-SDon-056900_M5_504,M5,d1,22,9:56:17,9:56:17,400659,24.0,2
MV_A5-Weekday-SDon-056900_M5_504,M5,d1,23,9:57:00,9:57:00,403483,17.0,2
MV_A5-Weekday-SDon-056900_M5_504,M5,d1,24,9:59:07,9:59:07,400661,17.0,2
MV_A5-Weekday-SDon-056900_M5_504,M5,d1,25,10:00:14,10:00:14,400662,11.0,1
MV_A5-Weekday-SDon-056900_M5_504,M5,d1,26,10:01:20,10:01:20,400663,12.0,1
MV_A5-Weekday-SDon-056900_M5_504,M5,d1,27,10:03:00,10:03:00,803157,15.0,1
MV_A5-Weekday-SDon-056900_M5_504,M5,d1,28,10:05:00,10:05:00,404148,12.0,1
MV_A5-Weekday-SDon-056900_M5_504,M5,d1,29,10:07:07,10:07:07,403903,13.0,2
MV_A5-Weekday-SDon-056900_M5_504,M5,d1,30,10:08:10,10:08:10,403142,17.0,2
MV_A5-Weekday-SDon-056900_M5_504,M5,d1,31,10:09:20,10:09:20,403144,20.0,2
MV_A5-Weekday-SDon-056900_M5_504,M5,d1,32,10:11:10,10:11:10,403145,17.0,2
MV_A5-Weekday-SDon-056900_M5_504,M5,d1,33,10:12:26,10:12:26,405234,19.0,2
MV_A5-Weekday-SDon-056900_M5_504,M5,d1,34,10:14:36,10:14:36,403147,19.0,2
MV_A5-Weekday-SDon-056900_M5_504,M5,d1,35,10:15:47,10:15:47,403148,17.0,2
MV_A5-Weekday-SDon-056900_M5_504,M5,d1,36,10:16:56,10:16:56,403149,19.0,2
MV_A5-Weekday-SDon-056900_M5_504,M5,d1,37,10:18:24,10:18:24,400676,12.0,2
MV_A5-Weekday-SDon-056900_M5_504,M5,d1,38,10:20:16,10:20:16,400677,19.0,2
MV_A5-Weekday-SDon-056900_M5_504,M5,d1,39,10:22:11,10:22:11,400678,19.0,2
MV_A5-Weekday-SDon-056900_M5_504,M5,d1,40,10:23:00,10:23:00,400485,18.0,2
MV_A5-Weekday-SDon-056900_M5_504,M5,d1,41,10:24:43,10:24:43,400486,13.0,2
MV_A5-Weekday-SDon-056900_M5_504,M5,d1,42,10:27:00,10:27:00,400290,18.0,2
MV_A5-Weekday-SDon-056900_M5_504,M5,d1,43,10:29:15,10:29:15,404278,19.0,2
MV_A5-Weekday-SDon-056900_M5_504,M5,d1,44,10:31:00,10:31:00,400292,17.0,2
MV_A5-Weekday-SDon-056900_M5_504,M5,d1,45,10:33:05,10:33:05,400108,18.0,2
MV_A5-Weekday-SDon-056900_M5_504,M5,d1,46,10:34:43,10:34:43,400109,14.0,2
MV_A5-Weekday-SDon-056900_M5_504,M5,d1,47,10:36:15,10:36:15,400110,18.0,2
MV_A5-Weekday-SDon-056900_M5_504,M5,d1,48,10:37:56,10:37:56,400111,17.0,2
MV_A5-Weekday-SDon-056900_M5_504,M5,d1,49,10:40:51,10:40:51,404081,19.0,2
MV_A5-Weekday-SDon-056900_M5_504,M5,d1,50,10:42:52,10:42:52,404168,3.0,1
MV_A5-Weekday-SDon-056900_M5_504,M5,d1,51,10:44:06,10:44:06,400115,13.0,2
MV_A5-Weekday-SDon-056900_M5_504,M5,d1,52,10:45:45,10:45:45,400116,20.0,2
MV_A5-Weekday-SDon-056900_M5_504,M5,d1,53,10:47:14,10:47:14,400117,13.0,1
MV_A5-Weekday-SDon-056900_M5_504,M5,d1,54,10:49:28,10:49:28,400118,1.0,1
MV_A5-Weekday-SDon-056900_M5_504,M5,d1,55,10:51:37,10:51:37,400119,11.0,1
MV_A5-Weekday-SDon-056900_M5_504,M5,d1,56,10:54:52,10:54:52,400120,1.0,1
MV_A5-Weekday-SDon-056900_M5_504,M5,d1,57,10:56:10,10:56:10,400121,1.0,1
MV_A5-Weekday-SDon-056900_M5_504,M5,d1,58,10:57:33,10:57:33,400122,1.0,1
MV_A5-Weekday-SDon-056900_M5_504,M5,d1,59,10:59:06,10:59:06,400123,10.0,1
MV_A5-Weekday-SDon-056900_M5_504,M5,d1,60,11:02:00,11:02:00,400124,8.0,1
MV_A5-Weekday-SDon-056900_M5_504,M5,d1,61,11:04:07,11:04:07,400125,5.0,1
MV_A5-Weekday-SDon-056900_M5_504,M5,d1,62,11:06:36,11:06:36,400126,5.0,1
MV_A5-Weekday-SDon-056900_M5_504,M5,d1,63,11:08:27,11:08:27,400127,1.0,1
MV_A5-Weekday-SDon-056900_M5_504,M5,d1,64,11:09:42,11:09:42,400128,4.0,1
MV_A5-Weekday-SDon-056900_M5_504,M5,d1,65,11:11:15,11:11:15,400512,12.0,1
MV_A5-Weekday-SDon-056900_M5_504,M5,d1,66,11:14:32,11:14:32,403266,4.0,1
MV_A5-Weekday-SDon-056900_M5_504,M5,d1,67,11:16:47,11:16:47,400514,10.0,1
MV_A5-Weekday-SDon-056900_M5_504,M5,d1,68,11:19:06,11:19:06,400515,1.0,1
MV_A5-Weekday-SDon-056900_M5_504,M5,d1,69,11:21:24,11:21:24,400516,1.0,1
MV_A5-Weekday-SDon-056900_M5_504,M5,d1,70,11:22:58,11:22:58,405179,2.0,1
MV_A5-Weekday-SDon-056900_M5_504,M5,d1,71,11:25:00,11:25:00,400518,2.0,1
MV_A5-Weekday-SDon-056900_M5_504,M5,d1,72,11:27:46,11:27:46,400519,2.0,1
MV_A5-Weekday-SDon-056900_M5_504,M5,d1,73,11:29:24,11:29:24,405486,2.0,1
MV_A5-Weekday-SDon-056900_M5_504,M5,d1,74,11:33:00,11:33:00,903128,2.0,1
MV_A5-Weekday-SDon-043400_M5_X01,M5,d1,1,7:14:00,7:14:00,400808,14.0,1
MV_A5-Weekday-SDon-043400_M5_X01,M5,d1,2,7:15:04,7:15:04,400809,14.0,1
MV_A5-Weekday-SDon-043400_M5_X01,M5,d1,3,7:15:58,7:15:58,400810,14.0,1
MV_A5-Weekday-SDon-043400_M5_X01,M5,d1,4,7:16:52,7:16:52,400811,14.0,1
MV_A5-Weekday-SDon-043400_M5_X01,M5,d1,5,7:17:29,7:17:29,400812,14.0,1
MV_A5-Weekday-SDon-043400_M5_X01,M5,d1,6,7:19:03,7:19:03,404918,14.0,1
MV_A5-Weekday-SDon-043400_M5_X01,M5,d1,7,7:20:22,7:20:22,400814,14.0,1
MV_A5-Weekday-SDon-043400_M5_X01,M5,d1,8,7:21:10,7:21:10,400815,14.0,1
MV_A5-Weekday-SDon-043400_M5_X01,M5,d1,9,7:22:00,7:22:00,400816,14.0,1
MV_A5-Weekday-SDon-043400_M5_X01,M5,d1,10,7:23:00,7:23:00,400655,14.0,1
MV_A5-Weekday-SDon-043400_M5_X01,M5,d1,11,7:25:13,7:25:13,400657,14.0,1
MV_A5-Weekday-SDon-043400_M5_X01,M5,d1,12,7:27:41,7:27:41,403483,14.0,1
MV_A5-Weekday-SDon-043400_M5_X01,M5,d1,13,7:29:56,7:29:56,400662,14.0,1
MV_A5-Weekday-SDon-043400_M5_X01,M5,d1,14,7:32:00,7:32:00,404011,14.0,1
MV_A5-Weekday-SDon-043400_M5_X01,M5,d1,15,7:32:26,7:32:26,404012,14.0,1
MV_A5-Weekday-SDon-043400_M5_X01,M5,d1,16,7:34:46,7:34:46,404822,14.0,1
MV_A5-Weekday-SDon-043400_M5_X01,M5,d1,17,7:36:02,7:36:02,404259,14.0,1
MV_A5-Weekday-SDon-043400_M5_X01,M5,d1,18,7:36:56,7:36:56,405580,14.0,1
MV_A5-Weekday-SDon-043400_M5_X01,M5,d1,19,7:37:49,7:37:49,400834,14.0,1
MV_A5-Weekday-SDon-043400_M5_X01,M5,d1,20,7:38:23,7:38:23,400835,14.0,1
MV_A5-Weekday-SDon-043400_M5_X01,M5,d1,21,7:38:54,7:38:54,400836,14.0,1
MV_A5-Weekday-SDon-043400_M5_X01,M5,d1,22,7:39:59,7:39:59,400837,14.0,1
MV_A5-Weekday-SDon-043400_M5_X01,M5,d1,23,7:40:31,7:40:31,400838,14.0,1
MV_A5-Weekday-SDon-043400_M5_X01,M5,d1,24,7:41:05,7:41:05,404130,14.0,1
MV_A5-Weekday-SDon-043400_M5_X01,M5,d1,25,7:42:16,7:42:16,400840,14.0,1
MV_A5-Weekday-SDon-043400_M5_X01,M5,d1,26,7:43:00,7:43:00,400841,14.0,1
MV_A5-Weekday-SDon-043400_M5_X01,M5,d1,27,7:44:24,7:44:24,404131,14.0,1
MV_A5-Weekday-SDon-043400_M5_X01,M5,d1,28,7:45:40,7:45:40,400843,14.0,1
MV_A5-Weekday-SDon-043400_M5_X01,M5,d1,29,7:46:57,7:46:57,404855,14.0,1
MV_A5-Weekday-SDon-043400_M5_X01,M5,d1,30,7:48:13,7:48:13,400846,14.0,2
MV_A5-Weekday-SDon-043400_M5_X01,M5,d1,31,7:49:08,7:49:08,400847,18.0,2
MV_A5-Weekday-SDon-043400_M5_X01,M5,d1,32,7:50:06,7:50:06,400848,18.0,2
MV_A5-Weekday-SDon-043400_M5_X01,M5,d1,33,7:51:00,7:51:00,400849,18.0,2
MV_A5-Weekday-SDon-043400_M5_X01,M5,d1,34,7:52:55,7:52:55,400851,18.0,2
MV_A5-Weekday-SDon-043400_M5_X01,M5,d1,35,7:54:02,7:54:02,400852,18.0,2
MV_A5-Weekday-SDon-043400_M5_X01,M5,d1,36,7:55:39,7:55:39,400853,9.0,2
MV_A5-Weekday-SDon-043400_M5_X01,M5,d1,37,7:56:42,7:56:42,400854,25.0,2
MV_A5-Weekday-SDon-043400_M5_X01,M5,d1,38,8:00:20,8:00:20,403171,16.0,3
MV_A5-Weekday-SDon-043400_M5_X01,M5,d1,39,8:04:00,8:04:00,400861,33.0,3
MV_A5-Weekday-SDon-043400_M5_X01,M5,d1,40,8:07:57,8:07:57,403047,31.0,2
MV_A5-Weekday-SDon-043400_M5_X01,M5,d1,41,8:11:07,8:11:07,402446,10.0,2
MV_A5-Weekday-SDon-043400_M5_X01,M5,d1,42,8:14:58,8:14:58,450123,18.0,2
MV_A5-Weekday-SDon-043400_M5_X01,M5,d1,43,8:20:00,8:20:00,400135,6.0,1
MV_A5-Weekday-SDon-043400_M5_X01,M5,d1,44,8:21:28,8:21:28,400322,6.0,1
MV_A5-Weekday-SDon-043400_M5_X01,M5,d1,45,8:22:56,8:22:56,400323,5.0,1
MV_A5-Weekday-SDon-043400_M5_X01,M5,d1,46,8:24:30,8:24:30,400324,14.0,1
MV_A5-Weekday-SDon-043400_M5_X01,M5,d1,47,8:27:00,8:27:00,803082,14.0,1
MV_A5-Weekday-091000_M5_521,M5,d1,1,15:10:00,15:10:00,400808,26.0,2
MV_A5-Weekday-091000_M5_521,M5,d1,2,15:11:19,15:11:19,400809,26.0,2
MV_A5-Weekday-091000_M5_521,M5,d1,3,15:12:24,15:12:24,400810,26.0,2
MV_A5-Weekday-091000_M5_521,M5,d1,4,15:13:30,15:13:30,400811,30.0,2
MV_A5-Weekday-091000_M5_521,M5,d1,5,15:14:16,15:14:16,400812,30.0,2
MV_A5-Weekday-091000_M5_521,M5,d1,6,15:16:11,15:16:11,404918,30.0,2
MV_A5-Weekday-091000_M5_521,M5,d1,7,15:17:47,15:17:47,400814,21.0,2
MV_A5-Weekday-091000_M5_521,M5,d1,8,15:18:45,15:18:45,400815,18.0,2
MV_A5-Weekday-091000_M5_521,M5,d1,9,15:19:47,15:19:47,400816,17.0,2
MV_A5-Weekday-091000_M5_521,M5,d1,10,15:21:00,15:21:00,400655,16.0,2
MV_A5-Weekday-091000_M5_521,M5,d1,11,15:23:28,15:23:28,400657,19.0,2
MV_A5-Weekday-091000_M5_521,M5,d1,12,15:26:12,15:26:12,403483,19.0,2
MV_A5-Weekday-091000_M5_521,M5,d1,13,15:28:42,15:28:42,400662,20.0,2
MV_A5-Weekday-091000_M5_521,M5,d1,14,15:31:00,15:31:00,404011,11.0,1
MV_A5-Weekday-091000_M5_521,M5,d1,15,15:31:26,15:31:26,404012,5.0,1
MV_A5-Weekday-091000_M5_521,M5,d1,16,15:33:46,15:33:46,404822,5.0,1
MV_A5-Weekday-091000_M5_521,M5,d1,17,15:35:02,15:35:02,404259,5.0,1
MV_A5-Weekday-091000_M5_521,M5,d1,18,15:35:56,15:35:56,405580,5.0,1
MV_A5-Weekday-091000_M5_521,M5,d1,19,15:36:49,15:36:49,400834,6.0,1
MV_A5-Weekday-091000_M5_521,M5,d1,20,15:37:23,15:37:23,400835,6.0,1
MV_A5-Weekday-091000_M5_521,M5,d1,21,15:37:54,15:37:54,400836,6.0,1
MV_A5-Weekday-091000_M5_521,M5,d1,22,15:38:59,15:38:59,400837,6.0,1
MV_A5-Weekday-091000_M5_521,M5,d1,23,15:39:31,15:39:31,400838,12.0,1
MV_A5-Weekday-091000_M5_521,M5,d1,24,15:40:05,15:40:05,404130,12.0,1
MV_A5-Weekday-091000_M5_521,M5,d1,25,15:41:16,15:41:16,400840,8.0,1
MV_A5-Weekday-091000_M5_521,M5,d1,26,15:42:00,15:42:00,400841,11.0,1
MV_A5-Weekday-091000_M5_521,M5,d1,27,15:43:24,15:43:24,404131,11.0,1
MV_A5-Weekday-091000_M5_521,M5,d1,28,15:44:40,15:44:40,400843,7.0,1
MV_A5-Weekday-091000_M5_521,M5,d1,29,15:45:57,15:45:57,404855,14.0,1
MV_A5-Weekday-091000_M5_521,M5,d1,30,15:47:13,15:47:13,400846,14.0,1
MV_A5-Weekday-091000_M5_521,M5,d1,31,15:48:08,15:48:08,400847,9.0,1
MV_A5-Weekday-091000_M5_521,M5,d1,32,15:49:06,15:49:06,400848,14.0,1
MV_A5-Weekday-091000_M5_521,M5,d1,33,15:50:00,15:50:00,400849,14.0,1
MV_A5-Weekday-091000_M5_521,M5,d1,34,15:52:12,15:52:12,400851,14.0,1
MV_A5-Weekday-091000_M5_521,M5,d1,35,15:53:30,15:53:30,400852,11.0,1
MV_A5-Weekday-091000_M5_521,M5,d1,36,15:55:22,15:55:22,400853,11.0,1
MV_A5-Weekday-091000_M5_521,M5,d1,37,15:56:35,15:56:35,400854,5.0,1
MV_A5-Weekday-091000_M5_521,M5,d1,38,16:00:46,16:00:46,403171,14.0,1
MV_A5-Weekday-091000_M5_521,M5,d1,39,16:05:00,16:05:00,400861,11.0,1
MV_A5-Weekday-091000_M5_521,M5,d1,40,16:10:56,16:10:56,403047,16.0,1
MV_A5-Weekday-091000_M5_521,M5,d1,41,16:15:41,16:15:41,402446,16.0,1
MV_A5-Weekday-091000_M5_521,M5,d1,42,16:21:27,16:21:27,450123,16.0,1
MV_A5-Weekday-091000_M5_521,M5,d1,43,16:29:00,16:29:00,400135,6.0,1
MV_A5-Weekday-091000_M5_521,M5,d1,44,16:30:28,16:30:28,400322,8.0,1
MV_A5-Weekday-091000_M5_521,M5,d1,45,16:31:56,16:31:56,400323,8.0,1
MV_A5-Weekday-091000_M5_521,M5,d1,46,16:33:30,16:33:30,400324,6.0,1
MV_A5-Weekday-091000_M5_521,M5,d1,47,16:36:00,16:36:00,803082,6.0,1
MV_A5-Weekday-SDon-071500_M5_512,M5,d1,1,11:55:00,11:55:00,403835,17.0,2
MV_A5-Weekday-SDon-071500_M5_512,M5,d1,2,11:57:00,11:57:00,400639,17.0,2
MV_A5-Weekday-SDon-071500_M5_512,M5,d1,3,11:59:03,11:59:03,400640,17.0,2
MV_A5-Weekday-SDon-071500_M5_512,M5,d1,4,12:00:41,12:00:41,400641,17.0,2
MV_A5-Weekday-SDon-071500_M5_512,M5,d1,5,12:02:00,12:02:00,400642,17.0,2
MV_A5-Weekday-SDon-071500_M5_512,M5,d1,6,12:02:58,12:02:58,400643,10.0,2
MV_A5-Weekday-SDon-071500_M5_512,M5,d1,7,12:03:58,12:03:58,400644,17.0,2
MV_A5-Weekday-SDon-071500_M5_512,M5,d1,8,12:05:05,12:05:05,400645,17.0,2
MV_A5-Weekday-SDon-071500_M5_512,M5,d1,9,12:06:23,12:06:23,400646,17.0,2
MV_A5-Weekday-SDon-071500_M5_512,M5,d1,10,12:07:46,12:07:46,400647,17.0,2
MV_A5-Weekday-SDon-071500_M5_512,M5,d1,11,12:08:53,12:08:53,400648,19.0,2
MV_A5-Weekday-SDon-071500_M5_512,M5,d1,12,12:09:58,12:09:58,400649,19.0,2
MV_A5-Weekday-SDon-071500_M5_512,M5,d1,13,12:11:00,12:11:00,403373,19.0,2
MV_A5-Weekday-SDon-071500_M5_512,M5,d1,14,12:12:43,12:12:43,403374,4.0,1
MV_A5-Weekday-SDon-071500_M5_512,M5,d1,15,12:13:45,12:13:45,403375,13.0,2
MV_A5-Weekday-SDon-071500_M5_512,M5,d1,16,12:14:46,12:14:46,403376,22.0,2
MV_A5-Weekday-SDon-071500_M5_512,M5,d1,17,12:16:00,12:16:00,403377,22.0,2
MV_A5-Weekday-SDon-071500_M5_512,M5,d1,18,12:17:51,12:17:51,400655,16.0,1
MV_A5-Weekday-SDon-071500_M5_512,M5,d1,19,12:19:30,12:19:30,400656,4.0,2
MV_A5-Weekday-SDon-071500_M5_512,M5,d1,20,12:21:14,12:21:14,400657,26.0,2
MV_A5-Weekday-SDon-071500_M5_512,M5,d1,21,12:22:26,12:22:26,400658,24.0,2
MV_A5-Weekday-SDon-071500_M5_512,M5,d1,22,12:24:13,12:24:13,400659,30.0,2
MV_A5-Weekday-SDon-071500_M5_512,M5,d1,23,12:25:00,12:25:00,403483,30.0,2
MV_A5-Weekday-SDon-071500_M5_512,M5,d1,24,12:27:28,12:27:28,400661,30.0,2
MV_A5-Weekday-SDon-071500_M5_512,M5,d1,25,12:28:46,12:28:46,400662,30.0,2
MV_A5-Weekday-SDon-071500_M5_512,M5,d1,26,12:30:03,12:30:03,400663,1.0,2
MV_A5-Weekday-SDon-071500_M5_512,M5,d1,27,12:32:00,12:32:00,803157,30.0,2
MV_A5-Weekday-SDon-071500_M5_512,M5,d1,28,12:34:00,12:34:00,404148,1.0,2
MV_A5-Weekday-SDon-071500_M5_512,M5,d1,29,12:36:07,12:36:07,403903,26.0,2
MV_A5-Weekday-SDon-071500_M5_512,M5,d1,30,12:37:10,12:37:10,403142,1.0,3
MV_A5-Weekday-SDon-071500_M5_512,M5,d1,31,12:38:20,12:38:20,403144,33.0,3
MV_A5-Weekday-SDon-071500_M5_512,M5,d1,32,12:40:10,12:40:10,403145,33.0,3
MV_A5-Weekday-SDon-071500_M5_512,M5,d1,33,12:41:26,12:41:26,405234,27.0,2
MV_A5-Weekday-SDon-071500_M5_512,M5,d1,34,12:43:36,12:43:36,403147,23.0,2
MV_A5-Weekday-SDon-071500_M5_512,M5,d1,35,12:44:47,12:44:47,403148,25.0,2
MV_A5-Weekday-SDon-071500_M5_512,M5,d1,36,12:45:56,12:45:56,403149,22.0,2
MV_A5-Weekday-SDon-071500_M5_512,M5,d1,37,12:47:24,12:47:24,400676,18.0,2
MV_A5-Weekday-SDon-071500_M5_512,M5,d1,38,12:49:16,12:49:16,400677,25.0,2
MV_A5-Weekday-SDon-071500_M5_512,M5,d1,39,12:51:11,12:51:11,400678,25.0,2
MV_A5-Weekday-SDon-071500_M5_512,M5,d1,40,12:52:00,12:52:00,400485,14.0,2
MV_A5-Weekday-SDon-071500_M5_512,M5,d1,41,12:53:43,12:53:43,400486,26.0,2
MV_A5-Weekday-SDon-071500_M5_512,M5,d1,42,12:56:00,12:56:00,400290,26.0,2
MV_A5-Weekday-SDon-071500_M5_512,M5,d1,43,12:58:15,12:58:15,404278,27.0,2
MV_A5-Weekday-SDon-071500_M5_512,M5,d1,44,13:00:00,13:00:00,400292,5.0,1
MV_A5-Weekday-SDon-071500_M5_512,M5,d1,45,13:02:05,13:02:05,400108,11.0,1
MV_A5-Weekday-SDon-071500_M5_512,M5,d1,46,13:03:43,13:03:43,400109,11.0,1
MV_A5-Weekday-SDon-071500_M5_512,M5,d1,47,13:05:15,13:05:15,400110,11.0,2
MV_A5-Weekday-SDon-071500_M5_512,M5,d1,48,13:06:56,13:06:56,400111,27.0,2
MV_A5-Weekday-SDon-071500_M5_512,M5,d1,49,13:09:51,13:09:51,404081,2.0,1
MV_A5-Weekday-SDon-071500_M5_512,M5,d1,50,13:11:52,13:11:52,404168,2.0,1
MV_A5-Weekday-SDon-071500_M5_512,M5,d1,51,13:13:06,13:13:06,400115,2.0,1
MV_A5-Weekday-SDon-071500_M5_512,M5,d1,52,13:14:45,13:14:45,400116,2.0,1
MV_A5-Weekday-SDon-071500_M5_512,M5,d1,53,13:16:14,13:16:14,400117,2.0,1
MV_A5-Weekday-SDon-071500_M5_512,M5,d1,54,13:18:28,13:18:28,400118,4.0,1
MV_A5-Weekday-SDon-071500_M5_512,M5,d1,55,13:20:37,13:20:37,400119,4.0,1
MV_A5-Weekday-SDon-071500_M5_512,M5,d1,56,13:23:52,13:23:52,400120,8.0,1
MV_A5-Weekday-SDon-071500_M5_512,M5,d1,57,13:25:10,13:25:10,400121,8.0,1
MV_A5-Weekday-SDon-071500_M5_512,M5,d1,58,13:26:33,13:26:33,400122,8.0,1
MV_A5-Weekday-SDon-071500_M5_512,M5,d1,59,13:28:06,13:28:06,400123,8.0,1
MV_A5-Weekday-SDon-071500_M5_512,M5,d1,60,13:31:00,13:31:00,400124,8.0,1
MV_A5-Weekday-SDon-071500_M5_512,M5,d1,61,13:33:07,13:33:07,400125,8.0,1
MV_A5-Weekday-SDon-071500_M5_512,M5,d1,62,13:35:36,13:35:36,400126,8.0,1
MV_A5-Weekday-SDon-071500_M5_512,M5,d1,63,13:37:27,13:37:27,400127,8.0,1
MV_A5-Weekday-SDon-071500_M5_512,M5,d1,64,13:38:42,13:38:42,400128,8.0,1
MV_A5-Weekday-SDon-071500_M5_512,M5,d1,65,13:40:15,13:40:15,400512,8.0,1
MV_A5-Weekday-SDon-071500_M5_512,M5,d1,66,13:43:32,13:43:32,403266,8.0,1
MV_A5-Weekday-SDon-071500_M5_512,M5,d1,67,13:45:47,13:45:47,400514,8.0,3
MV_A5-Weekday-SDon-071500_M5_512,M5,d1,68,13:48:06,13:48:06,400515,36.0,3
MV_A5-Weekday-SDon-071500_M5_512,M5,d1,69,13:50:24,13:50:24,400516,36.0,3
MV_A5-Weekday-SDon-071500_M5_512,M5,d1,70,13:51:58,13:51:58,405179,34.0,3
MV_A5-Weekday-SDon-071500_M5_512,M5,d1,71,13:54:00,13:54:00,400518,34.0,3
MV_A5-Weekday-SDon-071500_M5_512,M5,d1,72,13:56:46,13:56:46,400519,34.0,3
MV_A5-Weekday-SDon-071500_M5_512,M5,d1,73,13:58:24,13:58:24,405486,26.0,2
MV_A5-Weekday-SDon-071500_M5_512,M5,d1,74,14:02:00,14:02:00,903128,26.0,2
MV_A5-Weekday-SDon-092200_M5_539,M5,d1,1,15:22:00,15:22:00,400808,17.0,2
MV_A5-Weekday-SDon-092200_M5_539,M5,d1,2,15:23:19,15:23:19,400809,17.0,2
MV_A5-Weekday-SDon-092200_M5_539,M5,d1,3,15:24:24,15:24:24,400810,17.0,2
MV_A5-Weekday-SDon-092200_M5_539,M5,d1,4,15:25:30,15:25:30,400811,17.0,2
MV_A5-Weekday-SDon-092200_M5_539,M5,d1,5,15:26:16,15:26:16,400812,17.0,2
MV_A5-Weekday-SDon-092200_M5_539,M5,d1,6,15:28:11,15:28:11,404918,17.0,2
MV_A5-Weekday-SDon-092200_M5_539,M5,d1,7,15:29:47,15:29:47,400814,17.0,2
MV_A5-Weekday-SDon-092200_M5_539,M5,d1,8,15:30:45,15:30:45,400815,15.0,1
MV_A5-Weekday-SDon-092200_M5_539,M5,d1,9,15:31:47,15:31:47,400816,15.0,2
MV_A5-Weekday-SDon-092200_M5_539,M5,d1,10,15:33:00,15:33:00,400655,17.0,2
MV_A5-Weekday-SDon-092200_M5_539,M5,d1,11,15:35:28,15:35:28,400657,18.0,2
MV_A5-Weekday-SDon-092200_M5_539,M5,d1,12,15:38:12,15:38:12,403483,10.0,1
MV_A5-Weekday-SDon-092200_M5_539,M5,d1,13,15:40:42,15:40:42,400662,10.0,1
MV_A5-Weekday-SDon-092200_M5_539,M5,d1,14,15:43:00,15:43:00,404011,10.0,1
MV_A5-Weekday-SDon-092200_M5_539,M5,d1,15,15:43:26,15:43:26,404012,10.0,1
MV_A5-Weekday-SDon-092200_M5_539,M5,d1,16,15:45:46,15:45:46,404822,10.0,1
MV_A5-Weekday-SDon-092200_M5_539,M5,d1,17,15:47:02,15:47:02,404259,9.0,1
MV_A5-Weekday-SDon-092200_M5_539,M5,d1,18,15:47:56,15:47:56,405580,10.0,1
MV_A5-Weekday-SDon-092200_M5_539,M5,d1,19,15:48:49,15:48:49,400834,10.0,1
MV_A5-Weekday-SDon-092200_M5_539,M5,d1,20,15:49:23,15:49:23,400835,10.0,1
MV_A5-Weekday-SDon-092200_M5_539,M5,d1,21,15:49:54,15:49:54,400836,10.0,1
MV_A5-Weekday-SDon-092200_M5_539,M5,d1,22,15:50:59,15:50:59,400837,10.0,1
MV_A5-Weekday-SDon-092200_M5_539,M5,d1,23,15:51:31,15:51:31,400838,4.0,1
MV_A5-Weekday-SDon-092200_M5_539,M5,d1,24,15:52:05,15:52:05,404130,10.0,1
MV_A5-Weekday-SDon-092200_M5_539,M5,d1,25,15:53:16,15:53:16,400840,10.0,1
MV_A5-Weekday-SDon-092200_M5_539,M5,d1,26,15:54:00,15:54:00,400841,10.0,1
MV_A5-Weekday-SDon-092200_M5_539,M5,d1,27,15:55:24,15:55:24,404131,8.0,1
MV_A5-Weekday-SDon-092200_M5_539,M5,d1,28,15:56:40,15:56:40,400843,14.0,1
MV_A5-Weekday-SDon-092200_M5_539,M5,d1,29,15:57:57,15:57:57,404855,5.0,1
MV_A5-Weekday-SDon-092200_M5_539,M5,d1,30,15:59:13,15:59:13,400846,14.0,1
MV_A5-Weekday-SDon-092200_M5_539,M5,d1,31,16:00:08,16:00:08,400847,14.0,1
MV_A5-Weekday-SDon-092200_M5_539,M5,d1,32,16:01:06,16:01:06,400848,14.0,1
MV_A5-Weekday-SDon-092200_M5_539,M5,d1,33,16:02:00,16:02:00,400849,7.0,1
MV_A5-Weekday-SDon-092200_M5_539,M5,d1,34,16:04:12,16:04:12,400851,7.0,1
MV_A5-Weekday-SDon-092200_M5_539,M5,d1,35,16:05:30,16:05:30,400852,7.0,1
MV_A5-Weekday-SDon-092200_M5_539,M5,d1,36,16:07:22,16:07:22,400853,5.0,1
MV_A5-Weekday-SDon-092200_M5_539,M5,d1,37,16:08:35,16:08:35,400854,5.0,1
MV_A5-Weekday-SDon-092200_M5_539,M5,d1,38,16:12:46,16:12:46,403171,4.0,1
MV_A5-Weekday-SDon-092200_M5_539,M5,d1,39,16:17:00,16:17:00,400861,4.0,1
MV_A5-Weekday-SDon-092200_M5_539,M5,d1,40,16:22:56,16:22:56,403047,1.0,1
MV_A5-Weekday-SDon-092200_M5_539,M5,d1,41,16:27:41,16:27:41,402446,2.0,1
MV_A5-Weekday-SDon-092200_M5_539,M5,d1,42,16:33:27,16:33:27,450123,2.0,1
MV_A5-Weekday-SDon-092200_M5_539,M5,d1,43,16:41:00,16:41:00,400135,2.0,1
MV_A5-Weekday-SDon-092200_M5_539,M5,d1,44,16:42:28,16:42:28,400322,2.0,1
MV_A5-Weekday-SDon-092200_M5_539,M5,d1,45,16:43:56,16:43:56,400323,2.0,1
MV_A5-Weekday-SDon-092200_M5_539,M5,d1,46,16:45:30,16:45:30,400324,2.0,1
MV_A5-Weekday-SDon-092200_M5_539,M5,d1,47,16:48:00,16:48:00,803082,2.0,1
MV_A5-Weekday-SDon-048200_M5_506,M5,d1,1,8:02:00,8:02:00,400808,17.0,2
MV_A5-Weekday-SDon-048200_M5_506,M5,d1,2,8:03:12,8:03:12,400809,17.0,2
MV_A5-Weekday-SDon-048200_M5_506,M5,d1,3,8:04:11,8:04:11,400810,17.0,2
MV_A5-Weekday-SDon-048200_M5_506,M5,d1,4,8:05:11,8:05:11,400811,17.0,2
MV_A5-Weekday-SDon-048200_M5_506,M5,d1,5,8:05:52,8:05:52,400812,11.0,1
MV_A5-Weekday-SDon-048200_M5_506,M5,d1,6,8:07:37,8:07:37,404918,11.0,1
MV_A5-Weekday-SDon-048200_M5_506,M5,d1,7,8:09:04,8:09:04,400814,9.0,1
MV_A5-Weekday-SDon-048200_M5_506,M5,d1,8,8:09:58,8:09:58,400815,11.0,1
MV_A5-Weekday-SDon-048200_M5_506,M5,d1,9,8:10:54,8:10:54,400816,11.0,1
MV_A5-Weekday-SDon-048200_M5_506,M5,d1,10,8:12:00,8:12:00,400655,11.0,1
MV_A5-Weekday-SDon-048200_M5_506,M5,d1,11,8:14:13,8:14:13,400657,11.0,1
MV_A5-Weekday-SDon-048200_M5_506,M5,d1,12,8:16:41,8:16:41,403483,16.0,1
MV_A5-Weekday-SDon-048200_M5_506,M5,d1,13,8:18:56,8:18:56,400662,13.0,1
MV_A5-Weekday-SDon-048200_M5_506,M5,d1,14,8:21:00,8:21:00,404011,13.0,1
MV_A5-Weekday-SDon-048200_M5_506,M5,d1,15,8:21:26,8:21:26,404012,12.0,1
MV_A5-Weekday-SDon-048200_M5_506,M5,d1,16,8:23:46,8:23:46,404822,7.0,1
MV_A5-Weekday-SDon-048200_M5_506,M5,d1,17,8:25:02,8:25:02,404259,12.0,1
MV_A5-Weekday-SDon-048200_M5_506,M5,d1,18,8:25:56,8:25:56,405580,12.0,1
MV_A5-Weekday-SDon-048200_M5_506,M5,d1,19,8:26:49,8:26:49,400834,12.0,1
MV_A5-Weekday-SDon-048200_M5_506,M5,d1,20,8:27:23,8:27:23,400835,12.0,1
MV_A5-Weekday-SDon-048200_M5_506,M5,d1,21,8:27:54,8:27:54,400836,7.0,1
MV_A5-Weekday-SDon-048200_M5_506,M5,d1,22,8:28:59,8:28:59,400837,7.0,1
MV_A5-Weekday-SDon-048200_M5_506,M5,d1,23,8:29:31,8:29:31,400838,3.0,1
MV_A5-Weekday-SDon-048200_M5_506,M5,d1,24,8:30:05,8:30:05,404130,6.0,1
MV_A5-Weekday-SDon-048200_M5_506,M5,d1,25,8:31:16,8:31:16,400840,10.0,1
MV_A5-Weekday-SDon-048200_M5_506,M5,d1,26,8:32:00,8:32:00,400841,10.0,1
MV_A5-Weekday-SDon-048200_M5_506,M5,d1,27,8:33:24,8:33:24,404131,10.0,1
MV_A5-Weekday-SDon-048200_M5_506,M5,d1,28,8:34:40,8:34:40,400843,12.0,1
MV_A5-Weekday-SDon-048200_M5_506,M5,d1,29,8:35:57,8:35:57,404855,13.0,1
MV_A5-Weekday-SDon-048200_M5_506,M5,d1,30,8:37:13,8:37:13,400846,14.0,1
MV_A5-Weekday-SDon-048200_M5_506,M5,d1,31,8:38:08,8:38:08,400847,14.0,1
MV_A5-Weekday-SDon-048200_M5_506,M5,d1,32,8:39:06,8:39:06,400848,14.0,1
MV_A5-Weekday-SDon-048200_M5_506,M5,d1,33,8:40:00,8:40:00,400849,4.0,2
MV_A5-Weekday-SDon-048200_M5_506,M5,d1,34,8:42:04,8:42:04,400851,18.0,2
MV_A5-Weekday-SDon-048200_M5_506,M5,d1,35,8:43:16,8:43:16,400852,16.0,2
MV_A5-Weekday-SDon-048200_M5_506,M5,d1,36,8:45:01,8:45:01,400853,20.0,2
MV_A5-Weekday-SDon-048200_M5_506,M5,d1,37,8:46:08,8:46:08,400854,20.0,2
MV_A5-Weekday-SDon-048200_M5_506,M5,d1,38,8:50:03,8:50:03,403171,25.0,2
MV_A5-Weekday-SDon-048200_M5_506,M5,d1,39,8:54:00,8:54:00,400861,23.0,2
MV_A5-Weekday-SDon-048200_M5_506,M5,d1,40,8:58:27,8:58:27,403047,21.0,2
MV_A5-Weekday-SDon-048200_M5_506,M5,d1,41,9:02:00,9:02:00,402446,7.0,1
MV_A5-Weekday-SDon-048200_M5_506,M5,d1,42,9:06:20,9:06:20,450123,5.0,1
MV_A5-Weekday-SDon-048200_M5_506,M5,d1,43,9:12:00,9:12:00,400135,5.0,1
MV_A5-Weekday-SDon-048200_M5_506,M5,d1,44,9:13:28,9:13:28,400322,5.0,1
MV_A5-Weekday-SDon-048200_M5_506,M5,d1,45,9:14:56,9:14:56,400323,1.0,1
MV_A5-Weekday-SDon-048200_M5_506,M5,d1,46,9:16:30,9:16:30,400324,1.0,1
MV_A5-Weekday-SDon-048200_M5_506,M5,d1,47,9:19:00,9:19:00,803082,1.0,1
MV_A5-Weekday-123400_M5_530,M5,d1,1,20:34:00,20:34:00,400639,3.0,1
MV_A5-Weekday-123400_M5_530,M5,d1,2,20:35:19,20:35:19,400640,4.0,1
MV_A5-Weekday-123400_M5_530,M5,d1,3,20:36:22,20:36:22,400641,4.0,1
MV_A5-Weekday-123400_M5_530,M5,d1,4,20:37:13,20:37:13,400642,3.0,1
MV_A5-Weekday-123400_M5_530,M5,d1,5,20:37:50,20:37:50,400643,5.0,1
MV_A5-Weekday-123400_M5_530,M5,d1,6,20:38:29,20:38:29,400644,5.0,1
MV_A5-Weekday-123400_M5_530,M5,d1,7,20:39:12,20:39:12,400645,6.0,1
MV_A5-Weekday-123400_M5_530,M5,d1,8,20:40:02,20:40:02,400646,6.0,1
MV_A5-Weekday-123400_M5_530,M5,d1,9,20:40:55,20:40:55,400647,5.0,1
MV_A5-Weekday-123400_M5_530,M5,d1,10,20:41:38,20:41:38,400648,9.0,1
MV_A5-Weekday-123400_M5_530,M5,d1,11,20:42:20,20:42:20,400649,9.0,1
MV_A5-Weekday-123400_M5_530,M5,d1,12,20:43:00,20:43:00,403373,9.0,1
MV_A5-Weekday-123400_M5_530,M5,d1,13,20:44:14,20:44:14,403374,6.0,1
MV_A5-Weekday-123400_M5_530,M5,d1,14,20:44:58,20:44:58,403375,6.0,1
MV_A5-Weekday-123400_M5_530,M5,d1,15,20:45:41,20:45:41,403376,6.0,1
MV_A5-Weekday-123400_M5_530,M5,d1,16,20:46:34,20:46:34,403377,6.0,1
MV_A5-Weekday-123400_M5_530,M5,d1,17,20:47:54,20:47:54,400655,4.0,1
MV_A5-Weekday-123400_M5_530,M5,d1,18,20:49:04,20:49:04,400656,7.0,1
MV_A5-Weekday-123400_M5_530,M5,d1,19,20:50:19,20:50:19,400657,7.0,1
MV_A5-Weekday-123400_M5_530,M5,d1,20,20:51:10,20:51:10,400658,6.0,1
MV_A5-Weekday-123400_M5_530,M5,d1,21,20:52:27,20:52:27,400659,6.0,1
MV_A5-Weekday-123400_M5_530,M5,d1,22,20:53:00,20:53:00,403483,2.0,1
MV_A5-Weekday-123400_M5_530,M5,d1,23,20:54:25,20:54:25,400661,4.0,1
MV_A5-Weekday-123400_M5_530,M5,d1,24,20:55:09,20:55:09,400662,2.0,1
MV_A5-Weekday-123400_M5_530,M5,d1,25,20:55:53,20:55:53,400663,1.0,1
MV_A5-Weekday-123400_M5_530,M5,d1,26,20:57:00,20:57:00,803157,1.0,1
MV_A5-Weekday-SDon-052800_M5_503,M5,d1,1,8:48:00,8:48:00,400808,11.0,2
MV_A5-Weekday-SDon-052800_M5_503,M5,d1,2,8:49:12,8:49:12,400809,22.0,2
MV_A5-Weekday-SDon-052800_M5_503,M5,d1,3,8:50:11,8:50:11,400810,20.0,2
MV_A5-Weekday-SDon-052800_M5_503,M5,d1,4,8:51:11,8:51:11,400811,17.0,2
MV_A5-Weekday-SDon-052800_M5_503,M5,d1,5,8:51:52,8:51:52,400812,14.0,1
MV_A5-Weekday-SDon-052800_M5_503,M5,d1,6,8:53:37,8:53:37,404918,9.0,1
MV_A5-Weekday-SDon-052800_M5_503,M5,d1,7,8:55:04,8:55:04,400814,9.0,1
MV_A5-Weekday-SDon-052800_M5_503,M5,d1,8,8:55:58,8:55:58,400815,4.0,1
MV_A5-Weekday-SDon-052800_M5_503,M5,d1,9,8:56:54,8:56:54,400816,13.0,1
MV_A5-Weekday-SDon-052800_M5_503,M5,d1,10,8:58:00,8:58:00,400655,8.0,1
MV_A5-Weekday-SDon-052800_M5_503,M5,d1,11,9:00:13,9:00:13,400657,8.0,1
MV_A5-Weekday-SDon-052800_M5_503,M5,d1,12,9:02:41,9:02:41,403483,9.0,1
MV_A5-Weekday-SDon-052800_M5_503,M5,d1,13,9:04:56,9:04:56,400662,10.0,1
MV_A5-Weekday-SDon-052800_M5_503,M5,d1,14,9:07:00,9:07:00,404011,14.0,1
MV_A5-Weekday-SDon-052800_M5_503,M5,d1,15,9:07:23,9:07:23,404012,14.0,1
MV_A5-Weekday-SDon-052800_M5_503,M5,d1,16,9:09:31,9:09:31,404822,3.0,1
MV_A5-Weekday-SDon-052800_M5_503,M5,d1,17,9:10:40,9:10:40,404259,14.0,1
MV_A5-Weekday-SDon-052800_M5_503,M5,d1,18,9:11:29,9:11:29,405580,11.0,1
MV_A5-Weekday-SDon-052800_M5_503,M5,d1,19,9:12:17,9:12:17,400834,11.0,1
MV_A5-Weekday-SDon-052800_M5_503,M5,d1,20,9:12:48,9:12:48,400835,11.0,1
MV_A5-Weekday-SDon-052800_M5_503,M5,d1,21,9:13:17,9:13:17,400836,10.0,1
MV_A5-Weekday-SDon-052800_M5_503,M5,d1,22,9:14:15,9:14:15,400837,12.0,1
MV_A5-Weekday-SDon-052800_M5_503,M5,d1,23,9:14:44,9:14:44,400838,12.0,1
MV_A5-Weekday-SDon-052800_M5_503,M5,d1,24,9:15:15,9:15:15,404130,13.0,1
MV_A5-Weekday-SDon-052800_M5_503,M5,d1,25,9:16:20,9:16:20,400840,13.0,1
MV_A5-Weekday-SDon-052800_M5_503,M5,d1,26,9:17:00,9:17:00,400841,10.0,1
MV_A5-Weekday-SDon-052800_M5_503,M5,d1,27,9:18:24,9:18:24,404131,12.0,1
MV_A5-Weekday-SDon-052800_M5_503,M5,d1,28,9:19:40,9:19:40,400843,11.0,1
MV_A5-Weekday-SDon-052800_M5_503,M5,d1,29,9:20:57,9:20:57,404855,14.0,1
MV_A5-Weekday-SDon-052800_M5_503,M5,d1,30,9:22:13,9:22:13,400846,13.0,1
MV_A5-Weekday-SDon-052800_M5_503,M5,d1,31,9:23:08,9:23:08,400847,13.0,1
MV_A5-Weekday-SDon-052800_M5_503,M5,d1,32,9:24:06,9:24:06,400848,13.0,1
MV_A5-Weekday-SDon-052800_M5_503,M5,d1,33,9:25:00,9:25:00,400849,12.0,1
MV_A5-Weekday-SDon-052800_M5_503,M5,d1,34,9:27:04,9:27:04,400851,14.0,1
MV_A5-Weekday-SDon-052800_M5_503,M5,d1,35,9:28:16,9:28:16,400852,14.0,1
MV_A5-Weekday-SDon-052800_M5_503,M5,d1,36,9:30:01,9:30:01,400853,1.0,1
MV_A5-Weekday-SDon-052800_M5_503,M5,d1,37,9:31:08,9:31:08,400854,15.0,2
MV_A5-Weekday-SDon-052800_M5_503,M5,d1,38,9:35:03,9:35:03,403171,20.0,2
MV_A5-Weekday-SDon-052800_M5_503,M5,d1,39,9:39:00,9:39:00,400861,15.0,1
MV_A5-Weekday-SDon-052800_M5_503,M5,d1,40,9:43:27,9:43:27,403047,2.0,2
MV_A5-Weekday-SDon-052800_M5_503,M5,d1,41,9:47:00,9:47:00,402446,20.0,2
MV_A5-Weekday-SDon-052800_M5_503,M5,d1,42,9:51:20,9:51:20,450123,12.0,1
MV_A5-Weekday-SDon-052800_M5_503,M5,d1,43,9:57:00,9:57:00,400135,9.0,1
MV_A5-Weekday-SDon-052800_M5_503,M5,d1,44,9:58:28,9:58:28,400322,6.0,1
MV_A5-Weekday-SDon-052800_M5_503,M5,d1,45,9:59:56,9:59:56,400323,5.0,1
MV_A5-Weekday-SDon-052800_M5_503,M5,d1,46,10:01:30,10:01:30,400324,1.0,1
MV_A5-Weekday-SDon-052800_M5_503,M5,d1,47,10:04:00,10:04:00,803082,1.0,1
MV_A5-Weekday-SDon-046600_M5_X02,M5,d1,1,7:46:00,7:46:00,400808,20.0,2
MV_A5-Weekday-SDon-046600_M5_X02,M5,d1,2,7:47:04,7:47:04,400809,20.0,2
MV_A5-Weekday-SDon-046600_M5_X02,M5,d1,3,7:47:58,7:47:58,400810,20.0,2
MV_A5-Weekday-SDon-046600_M5_X02,M5,d1,4,7:48:52,7:48:52,400811,20.0,2
MV_A5-Weekday-SDon-046600_M5_X02,M5,d1,5,7:49:29,7:49:29,400812,20.0,2
MV_A5-Weekday-SDon-046600_M5_X02,M5,d1,6,7:51:03,7:51:03,404918,20.0,2
MV_A5-Weekday-SDon-046600_M5_X02,M5,d1,7,7:52:22,7:52:22,400814,20.0,2
MV_A5-Weekday-SDon-046600_M5_X02,M5,d1,8,7:53:10,7:53:10,400815,20.0,2
MV_A5-Weekday-SDon-046600_M5_X02,M5,d1,9,7:54:00,7:54:00,400816,20.0,2
MV_A5-Weekday-SDon-046600_M5_X02,M5,d1,10,7:55:00,7:55:00,400655,20.0,2
MV_A5-Weekday-SDon-046600_M5_X02,M5,d1,11,7:57:28,7:57:28,400657,20.0,2
MV_A5-Weekday-SDon-046600_M5_X02,M5,d1,12,8:00:12,8:00:12,403483,20.0,2
MV_A5-Weekday-SDon-046600_M5_X02,M5,d1,13,8:02:42,8:02:42,400662,21.0,2
MV_A5-Weekday-SDon-046600_M5_X02,M5,d1,14,8:05:00,8:05:00,404011,21.0,2
MV_A5-Weekday-SDon-046600_M5_X02,M5,d1,15,8:05:26,8:05:26,404012,21.0,2
MV_A5-Weekday-SDon-046600_M5_X02,M5,d1,16,8:07:46,8:07:46,404822,21.0,2
MV_A5-Weekday-SDon-046600_M5_X02,M5,d1,17,8:09:02,8:09:02,404259,21.0,2
MV_A5-Weekday-SDon-046600_M5_X02,M5,d1,18,8:09:56,8:09:56,405580,21.0,2
MV_A5-Weekday-SDon-046600_M5_X02,M5,d1,19,8:10:49,8:10:49,400834,21.0,2
MV_A5-Weekday-SDon-046600_M5_X02,M5,d1,20,8:11:23,8:11:23,400835,21.0,2
MV_A5-Weekday-SDon-046600_M5_X02,M5,d1,21,8:11:54,8:11:54,400836,21.0,2
MV_A5-Weekday-SDon-046600_M5_X02,M5,d1,22,8:12:59,8:12:59,400837,21.0,2
MV_A5-Weekday-SDon-046600_M5_X02,M5,d1,23,8:13:31,8:13:31,400838,21.0,2
MV_A5-Weekday-SDon-046600_M5_X02,M5,d1,24,8:14:05,8:14:05,404130,21.0,2
MV_A5-Weekday-SDon-046600_M5_X02,M5,d1,25,8:15:16,8:15:16,400840,21.0,2
MV_A5-Weekday-SDon-046600_M5_X02,M5,d1,26,8:16:00,8:16:00,400841,20.0,2
MV_A5-Weekday-SDon-046600_M5_X02,M5,d1,27,8:17:24,8:17:24,404131,24.0,2
MV_A5-Weekday-SDon-046600_M5_X02,M5,d1,28,8:18:40,8:18:40,400843,24.0,2
MV_A5-Weekday-SDon-046600_M5_X02,M5,d1,29,8:19:57,8:19:57,404855,25.0,2
MV_A5-Weekday-SDon-046600_M5_X02,M5,d1,30,8:21:13,8:21:13,400846,26.0,2
MV_A5-Weekday-SDon-046600_M5_X02,M5,d1,31,8:22:08,8:22:08,400847,26.0,2
MV_A5-Weekday-SDon-046600_M5_X02,M5,d1,32,8:23:06,8:23:06,400848,30.0,2
MV_A5-Weekday-SDon-046600_M5_X02,M5,d1,33,8:24:00,8:24:00,400849,30.0,2
MV_A5-Weekday-SDon-046600_M5_X02,M5,d1,34,8:26:04,8:26:04,400851,30.0,2
MV_A5-Weekday-SDon-046600_M5_X02,M5,d1,35,8:27:16,8:27:16,400852,28.0,3
MV_A5-Weekday-SDon-046600_M5_X02,M5,d1,36,8:29:01,8:29:01,400853,34.0,3
MV_A5-Weekday-SDon-046600_M5_X02,M5,d1,37,8:30:08,8:30:08,400854,34.0,3
MV_A5-Weekday-SDon-046600_M5_X02,M5,d1,38,8:34:03,8:34:03,403171,42.0,3
MV_A5-Weekday-SDon-046600_M5_X02,M5,d1,39,8:38:00,8:38:00,400861,40.0,3
MV_A5-Weekday-SDon-046600_M5_X02,M5,d1,40,8:42:27,8:42:27,403047,40.0,3
MV_A5-Weekday-SDon-046600_M5_X02,M5,d1,41,8:46:00,8:46:00,402446,22.0,2
MV_A5-Weekday-SDon-046600_M5_X02,M5,d1,42,8:50:20,8:50:20,450123,9.0,1
MV_A5-Weekday-SDon-046600_M5_X02,M5,d1,43,8:56:00,8:56:00,400135,3.0,1
MV_A5-Weekday-SDon-046600_M5_X02,M5,d1,44,8:57:28,8:57:28,400322,1.0,1
MV_A5-Weekday-SDon-046600_M5_X02,M5,d1,45,8:58:56,8:58:56,400323,9.0,1
MV_A5-Weekday-SDon-046600_M5_X02,M5,d1,46,9:00:30,9:00:30,400324,9.0,1
MV_A5-Weekday-SDon-046600_M5_X02,M5,d1,47,9:03:00,9:03:00,803082,9.0,1
MV_A5-Weekday-SDon-089800_M5_524,M5,d1,1,14:58:00,14:58:00,403835,2.0,1
MV_A5-Weekday-SDon-089800_M5_524,M5,d1,2,15:00:00,15:00:00,400639,2.0,1
MV_A5-Weekday-SDon-089800_M5_524,M5,d1,3,15:02:03,15:02:03,400640,2.0,1
MV_A5-Weekday-SDon-089800_M5_524,M5,d1,4,15:03:41,15:03:41,400641,2.0,1
MV_A5-Weekday-SDon-089800_M5_524,M5,d1,5,15:05:00,15:05:00,400642,2.0,1
MV_A5-Weekday-SDon-089800_M5_524,M5,d1,6,15:05:58,15:05:58,400643,2.0,1
MV_A5-Weekday-SDon-089800_M5_524,M5,d1,7,15:06:58,15:06:58,400644,2.0,1
MV_A5-Weekday-SDon-089800_M5_524,M5,d1,8,15:08:05,15:08:05,400645,2.0,1
MV_A5-Weekday-SDon-089800_M5_524,M5,d1,9,15:09:23,15:09:23,400646,2.0,1
MV_A5-Weekday-SDon-089800_M5_524,M5,d1,10,15:10:46,15:10:46,400647,2.0,1
MV_A5-Weekday-SDon-089800_M5_524,M5,d1,11,15:11:53,15:11:53,400648,2.0,1
MV_A5-Weekday-SDon-089800_M5_524,M5,d1,12,15:12:58,15:12:58,400649,2.0,1
MV_A5-Weekday-SDon-089800_M5_524,M5,d1,13,15:14:00,15:14:00,403373,2.0,1
MV_A5-Weekday-SDon-089800_M5_524,M5,d1,14,15:15:43,15:15:43,403374,2.0,1
MV_A5-Weekday-SDon-089800_M5_524,M5,d1,15,15:16:45,15:16:45,403375,2.0,1
MV_A5-Weekday-SDon-089800_M5_524,M5,d1,16,15:17:46,15:17:46,403376,2.0,1
MV_A5-Weekday-SDon-089800_M5_524,M5,d1,17,15:19:00,15:19:00,403377,4.0,1
MV_A5-Weekday-SDon-089800_M5_524,M5,d1,18,15:20:51,15:20:51,400655,4.0,1
MV_A5-Weekday-SDon-089800_M5_524,M5,d1,19,15:22:30,15:22:30,400656,4.0,1
MV_A5-Weekday-SDon-089800_M5_524,M5,d1,20,15:24:14,15:24:14,400657,4.0,1
MV_A5-Weekday-SDon-089800_M5_524,M5,d1,21,15:25:26,15:25:26,400658,4.0,1
MV_A5-Weekday-SDon-089800_M5_524,M5,d1,22,15:27:13,15:27:13,400659,4.0,1
MV_A5-Weekday-SDon-089800_M5_524,M5,d1,23,15:28:00,15:28:00,403483,4.0,1
MV_A5-Weekday-SDon-089800_M5_524,M5,d1,24,15:30:28,15:30:28,400661,4.0,1
MV_A5-Weekday-SDon-089800_M5_524,M5,d1,25,15:31:46,15:31:46,400662,4.0,1
MV_A5-Weekday-SDon-089800_M5_524,M5,d1,26,15:33:03,15:33:03,400663,4.0,1
MV_A5-Weekday-SDon-089800_M5_524,M5,d1,27,15:35:00,15:35:00,803157,3.0,1
MV_A5-Weekday-SDon-089800_M5_524,M5,d1,28,15:37:00,15:37:00,404148,3.0,1
MV_A5-Weekday-SDon-089800_M5_524,M5,d1,29,15:39:07,15:39:07,403903,3.0,1
MV_A5-Weekday-SDon-089800_M5_524,M5,d1,30,15:40:10,15:40:10,403142,3.0,3
MV_A5-Weekday-SDon-089800_M5_524,M5,d1,31,15:41:20,15:41:20,403144,48.0,3
MV_A5-Weekday-SDon-089800_M5_524,M5,d1,32,15:43:10,15:43:10,403145,48.0,3
MV_A5-Weekday-SDon-089800_M5_524,M5,d1,33,15:44:26,15:44:26,405234,3.0,4
MV_A5-Weekday-SDon-089800_M5_524,M5,d1,34,15:46:36,15:46:36,403147,49.0,4
MV_A5-Weekday-SDon-089800_M5_524,M5,d1,35,15:47:47,15:47:47,403148,49.0,4
MV_A5-Weekday-SDon-089800_M5_524,M5,d1,36,15:48:56,15:48:56,403149,49.0,4
MV_A5-Weekday-SDon-089800_M5_524,M5,d1,37,15:50:24,15:50:24,400676,49.0,4
MV_A5-Weekday-SDon-089800_M5_524,M5,d1,38,15:52:16,15:52:16,400677,49.0,4
MV_A5-Weekday-SDon-089800_M5_524,M5,d1,39,15:54:11,15:54:11,400678,49.0,4
MV_A5-Weekday-SDon-089800_M5_524,M5,d1,40,15:55:00,15:55:00,400485,3.0,1
MV_A5-Weekday-SDon-089800_M5_524,M5,d1,41,15:56:43,15:56:43,400486,3.0,3
MV_A5-Weekday-SDon-089800_M5_524,M5,d1,42,15:59:00,15:59:00,400290,46.0,3
MV_A5-Weekday-SDon-089800_M5_524,M5,d1,43,16:01:15,16:01:15,404278,3.0,3
MV_A5-Weekday-SDon-089800_M5_524,M5,d1,44,16:03:00,16:03:00,400292,43.0,3
MV_A5-Weekday-SDon-089800_M5_524,M5,d1,45,16:04:33,16:04:33,400108,43.0,3
MV_A5-Weekday-SDon-089800_M5_524,M5,d1,46,16:05:46,16:05:46,400109,43.0,3
MV_A5-Weekday-SDon-089800_M5_524,M5,d1,47,16:06:54,16:06:54,400110,43.0,3
MV_A5-Weekday-SDon-089800_M5_524,M5,d1,48,16:08:08,16:08:08,400111,1.0,1
MV_A5-Weekday-SDon-089800_M5_524,M5,d1,49,16:10:18,16:10:18,404081,1.0,4
MV_A5-Weekday-SDon-089800_M5_524,M5,d1,50,16:11:48,16:11:48,404168,51.0,4
MV_A5-Weekday-SDon-089800_M5_524,M5,d1,51,16:12:43,16:12:43,400115,51.0,4
MV_A5-Weekday-SDon-089800_M5_524,M5,d1,52,16:13:57,16:13:57,400116,51.0,4
MV_A5-Weekday-SDon-089800_M5_524,M5,d1,53,16:15:03,16:15:03,400117,51.0,4
MV_A5-Weekday-SDon-089800_M5_524,M5,d1,54,16:16:42,16:16:42,400118,51.0,4
MV_A5-Weekday-SDon-089800_M5_524,M5,d1,55,16:18:18,16:18:18,400119,55.0,4
MV_A5-Weekday-SDon-089800_M5_524,M5,d1,56,16:20:42,16:20:42,400120,55.0,4
MV_A5-Weekday-SDon-089800_M5_524,M5,d1,57,16:21:40,16:21:40,400121,55.0,4
MV_A5-Weekday-SDon-089800_M5_524,M5,d1,58,16:22:42,16:22:42,400122,52.0,4
MV_A5-Weekday-SDon-089800_M5_524,M5,d1,59,16:23:51,16:23:51,400123,52.0,4
MV_A5-Weekday-SDon-089800_M5_524,M5,d1,60,16:26:00,16:26:00,400124,52.0,4
MV_A5-Weekday-SDon-089800_M5_524,M5,d1,61,16:28:13,16:28:13,400125,1.0,4
MV_A5-Weekday-SDon-089800_M5_524,M5,d1,62,16:30:48,16:30:48,400126,54.0,4
MV_A5-Weekday-SDon-089800_M5_524,M5,d1,63,16:32:43,16:32:43,400127,54.0,4
MV_A5-Weekday-SDon-089800_M5_524,M5,d1,64,16:34:02,16:34:02,400128,55.0,4
MV_A5-Weekday-SDon-089800_M5_524,M5,d1,65,16:35:39,16:35:39,400512,55.0,4
MV_A5-Weekday-SDon-089800_M5_524,M5,d1,66,16:39:05,16:39:05,403266,57.0,4
MV_A5-Weekday-SDon-089800_M5_524,M5,d1,67,16:41:26,16:41:26,400514,57.0,4
MV_A5-Weekday-SDon-089800_M5_524,M5,d1,68,16:43:50,16:43:50,400515,57.0,4
MV_A5-Weekday-SDon-089800_M5_524,M5,d1,69,16:46:14,16:46:14,400516,57.0,4
MV_A5-Weekday-SDon-089800_M5_524,M5,d1,70,16:47:52,16:47:52,405179,57.0,4
MV_A5-Weekday-SDon-089800_M5_524,M5,d1,71,16:50:00,16:50:00,400518,57.0,4
MV_A5-Weekday-SDon-089800_M5_524,M5,d1,72,16:52:25,16:52:25,400519,57.0,4
MV_A5-Weekday-SDon-089800_M5_524,M5,d1,73,16:53:51,16:53:51,405486,57.0,4
MV_A5-Weekday-SDon-089800_M5_524,M5,d1,74,16:57:00,16:57:00,903128,57.0,4
MV_A5-Weekday-SDon-094600_M5_538,M5,d1,1,15:46:00,15:46:00,400808,22.0,2
MV_A5-Weekday-SDon-094600_M5_538,M5,d1,2,15:47:19,15:47:19,400809,31.0,2
MV_A5-Weekday-SDon-094600_M5_538,M5,d1,3,15:48:24,15:48:24,400810,20.0,3
MV_A5-Weekday-SDon-094600_M5_538,M5,d1,4,15:49:30,15:49:30,400811,43.0,3
MV_A5-Weekday-SDon-094600_M5_538,M5,d1,5,15:50:16,15:50:16,400812,40.0,3
MV_A5-Weekday-SDon-094600_M5_538,M5,d1,6,15:52:11,15:52:11,404918,44.0,3
MV_A5-Weekday-SDon-094600_M5_538,M5,d1,7,15:53:47,15:53:47,400814,42.0,3
MV_A5-Weekday-SDon-094600_M5_538,M5,d1,8,15:54:45,15:54:45,400815,22.0,2
MV_A5-Weekday-SDon-094600_M5_538,M5,d1,9,15:55:47,15:55:47,400816,30.0,2
MV_A5-Weekday-SDon-094600_M5_538,M5,d1,10,15:57:00,15:57:00,400655,30.0,2
MV_A5-Weekday-SDon-094600_M5_538,M5,d1,11,15:59:28,15:59:28,400657,21.0,2
MV_A5-Weekday-SDon-094600_M5_538,M5,d1,12,16:02:12,16:02:12,403483,16.0,1
MV_A5-Weekday-SDon-094600_M5_538,M5,d1,13,16:04:42,16:04:42,400662,16.0,2
MV_A5-Weekday-SDon-094600_M5_538,M5,d1,14,16:07:00,16:07:00,404011,20.0,2
MV_A5-Weekday-SDon-094600_M5_538,M5,d1,15,16:07:26,16:07:26,404012,20.0,2
MV_A5-Weekday-SDon-094600_M5_538,M5,d1,16,16:09:46,16:09:46,404822,20.0,2
MV_A5-Weekday-SDon-094600_M5_538,M5,d1,17,16:11:02,16:11:02,404259,20.0,2
MV_A5-Weekday-SDon-094600_M5_538,M5,d1,18,16:11:56,16:11:56,405580,20.0,2
MV_A5-Weekday-SDon-094600_M5_538,M5,d1,19,16:12:49,16:12:49,400834,20.0,2
MV_A5-Weekday-SDon-094600_M5_538,M5,d1,20,16:13:23,16:13:23,400835,9.0,2
MV_A5-Weekday-SDon-094600_M5_538,M5,d1,21,16:13:54,16:13:54,400836,19.0,2
MV_A5-Weekday-SDon-094600_M5_538,M5,d1,22,16:14:59,16:14:59,400837,20.0,2
MV_A5-Weekday-SDon-094600_M5_538,M5,d1,23,16:15:31,16:15:31,400838,20.0,2
MV_A5-Weekday-SDon-094600_M5_538,M5,d1,24,16:16:05,16:16:05,404130,6.0,2
MV_A5-Weekday-SDon-094600_M5_538,M5,d1,25,16:17:16,16:17:16,400840,21.0,2
MV_A5-Weekday-SDon-094600_M5_538,M5,d1,26,16:18:00,16:18:00,400841,21.0,2
MV_A5-Weekday-SDon-094600_M5_538,M5,d1,27,16:19:24,16:19:24,404131,14.0,2
MV_A5-Weekday-SDon-094600_M5_538,M5,d1,28,16:20:40,16:20:40,400843,21.0,2
MV_A5-Weekday-SDon-094600_M5_538,M5,d1,29,16:21:57,16:21:57,404855,18.0,2
MV_A5-Weekday-SDon-094600_M5_538,M5,d1,30,16:23:13,16:23:13,400846,16.0,1
MV_A5-Weekday-SDon-094600_M5_538,M5,d1,31,16:24:08,16:24:08,400847,16.0,1
MV_A5-Weekday-SDon-094600_M5_538,M5,d1,32,16:25:06,16:25:06,400848,16.0,1
MV_A5-Weekday-SDon-094600_M5_538,M5,d1,33,16:26:00,16:26:00,400849,16.0,1
MV_A5-Weekday-SDon-094600_M5_538,M5,d1,34,16:28:12,16:28:12,400851,16.0,1
MV_A5-Weekday-SDon-094600_M5_538,M5,d1,35,16:29:30,16:29:30,400852,15.0,1
MV_A5-Weekday-SDon-094600_M5_538,M5,d1,36,16:31:22,16:31:22,400853,13.0,1
MV_A5-Weekday-SDon-094600_M5_538,M5,d1,37,16:32:35,16:32:35,400854,13.0,1
MV_A5-Weekday-SDon-094600_M5_538,M5,d1,38,16:36:46,16:36:46,403171,7.0,2
MV_A5-Weekday-SDon-094600_M5_538,M5,d1,39,16:41:00,16:41:00,400861,21.0,2
MV_A5-Weekday-SDon-094600_M5_538,M5,d1,40,16:46:56,16:46:56,403047,1.0,2
MV_A5-Weekday-SDon-094600_M5_538,M5,d1,41,16:51:41,16:51:41,402446,22.0,2
MV_A5-Weekday-SDon-094600_M5_538,M5,d1,42,16:57:27,16:57:27,450123,21.0,2
MV_A5-Weekday-SDon-094600_M5_538,M5,d1,43,17:05:00,17:05:00,400135,9.0,2
MV_A5-Weekday-SDon-094600_M5_538,M5,d1,44,17:06:28,17:06:28,400322,20.0,2
MV_A5-Weekday-SDon-094600_M5_538,M5,d1,45,17:07:56,17:07:56,400323,20.0,2
MV_A5-Weekday-SDon-094600_M5_538,M5,d1,46,17:09:30,17:09:30,400324,17.0,2
MV_A5-Weekday-SDon-094600_M5_538,M5,d1,47,17:12:00,17:12:00,803082,17.0,2
MV_A5-Weekday-053800_M5_521,M5,d1,1,8:58:00,8:58:00,400808,9.0,1
MV_A5-Weekday-053800_M5_521,M5,d1,2,8:59:12,8:59:12,400809,12.0,1
MV_A5-Weekday-053800_M5_521,M5,d1,3,9:00:11,9:00:11,400810,12.0,1
MV_A5-Weekday-053800_M5_521,M5,d1,4,9:01:11,9:01:11,400811,12.0,1
MV_A5-Weekday-053800_M5_521,M5,d1,5,9:01:52,9:01:52,400812,12.0,1
MV_A5-Weekday-053800_M5_521,M5,d1,6,9:03:37,9:03:37,404918,10.0,1
MV_A5-Weekday-053800_M5_521,M5,d1,7,9:05:04,9:05:04,400814,10.0,1
MV_A5-Weekday-053800_M5_521,M5,d1,8,9:05:58,9:05:58,400815,10.0,1
MV_A5-Weekday-053800_M5_521,M5,d1,9,9:06:54,9:06:54,400816,10.0,1
MV_A5-Weekday-053800_M5_521,M5,d1,10,9:08:00,9:08:00,400655,10.0,1
MV_A5-Weekday-053800_M5_521,M5,d1,11,9:10:13,9:10:13,400657,10.0,2
MV_A5-Weekday-053800_M5_521,M5,d1,12,9:12:41,9:12:41,403483,32.0,2
MV_A5-Weekday-053800_M5_521,M5,d1,13,9:14:56,9:14:56,400662,32.0,2
MV_A5-Weekday-053800_M5_521,M5,d1,14,9:17:00,9:17:00,404011,32.0,2
MV_A5-Weekday-053800_M5_521,M5,d1,15,9:17:23,9:17:23,404012,32.0,2
MV_A5-Weekday-053800_M5_521,M5,d1,16,9:19:31,9:19:31,404822,32.0,2
MV_A5-Weekday-053800_M5_521,M5,d1,17,9:20:40,9:20:40,404259,32.0,2
MV_A5-Weekday-053800_M5_521,M5,d1,18,9:21:29,9:21:29,405580,32.0,2
MV_A5-Weekday-053800_M5_521,M5,d1,19,9:22:17,9:22:17,400834,32.0,2
MV_A5-Weekday-053800_M5_521,M5,d1,20,9:22:48,9:22:48,400835,32.0,2
MV_A5-Weekday-053800_M5_521,M5,d1,21,9:23:17,9:23:17,400836,32.0,2
MV_A5-Weekday-053800_M5_521,M5,d1,22,9:24:15,9:24:15,400837,32.0,2
MV_A5-Weekday-053800_M5_521,M5,d1,23,9:24:44,9:24:44,400838,32.0,2
MV_A5-Weekday-053800_M5_521,M5,d1,24,9:25:15,9:25:15,404130,32.0,2
MV_A5-Weekday-053800_M5_521,M5,d1,25,9:26:20,9:26:20,400840,32.0,2
MV_A5-Weekday-053800_M5_521,M5,d1,26,9:27:00,9:27:00,400841,32.0,2
MV_A5-Weekday-053800_M5_521,M5,d1,27,9:28:24,9:28:24,404131,32.0,2
MV_A5-Weekday-053800_M5_521,M5,d1,28,9:29:40,9:29:40,400843,32.0,2
MV_A5-Weekday-053800_M5_521,M5,d1,29,9:30:57,9:30:57,404855,32.0,2
MV_A5-Weekday-053800_M5_521,M5,d1,30,9:32:13,9:32:13,400846,32.0,2
MV_A5-Weekday-053800_M5_521,M5,d1,31,9:33:08,9:33:08,400847,32.0,2
MV_A5-Weekday-053800_M5_521,M5,d1,32,9:34:06,9:34:06,400848,32.0,2
MV_A5-Weekday-053800_M5_521,M5,d1,33,9:35:00,9:35:00,400849,32.0,2
MV_A5-Weekday-053800_M5_521,M5,d1,34,9:37:04,9:37:04,400851,32.0,2
MV_A5-Weekday-053800_M5_521,M5,d1,35,9:38:16,9:38:16,400852,32.0,2
MV_A5-Weekday-053800_M5_521,M5,d1,36,9:40:01,9:40:01,400853,32.0,2
MV_A5-Weekday-053800_M5_521,M5,d1,37,9:41:08,9:41:08,400854,32.0,2
MV_A5-Weekday-053800_M5_521,M5,d1,38,9:45:03,9:45:03,403171,32.0,2
MV_A5-Weekday-053800_M5_521,M5,d1,39,9:49:00,9:49:00,400861,30.0,2
MV_A5-Weekday-053800_M5_521,M5,d1,40,9:53:27,9:53:27,403047,30.0,2
MV_A5-Weekday-053800_M5_521,M5,d1,41,9:57:00,9:57:00,402446,16.0,1
MV_A5-Weekday-053800_M5_521,M5,d1,42,10:01:20,10:01:20,450123,13.0,1
MV_A5-Weekday-053800_M5_521,M5,d1,43,10:07:00,10:07:00,400135,13.0,1
MV_A5-Weekday-053800_M5_521,M5,d1,44,10:08:28,10:08:28,400322,8.0,1
MV_A5-Weekday-053800_M5_521,M5,d1,45,10:09:56,10:09:56,400323,8.0,1
MV_A5-Weekday-053800_M5_521,M5,d1,46,10:11:30,10:11:30,400324,4.0,1
MV_A5-Weekday-053800_M5_521,M5,d1,47,10:14:00,10:14:00,803082,4.0,1
MV_A5-Weekday-041800_M5_512,M5,d1,1,6:58:00,6:58:00,400808,11.0,1
MV_A5-Weekday-041800_M5_512,M5,d1,2,6:59:04,6:59:04,400809,11.0,1
MV_A5-Weekday-041800_M5_512,M5,d1,3,6:59:58,6:59:58,400810,11.0,1
MV_A5-Weekday-041800_M5_512,M5,d1,4,7:00:52,7:00:52,400811,12.0,1
MV_A5-Weekday-041800_M5_512,M5,d1,5,7:01:29,7:01:29,400812,12.0,1
MV_A5-Weekday-041800_M5_512,M5,d1,6,7:03:03,7:03:03,404918,10.0,1
MV_A5-Weekday-041800_M5_512,M5,d1,7,7:04:22,7:04:22,400814,10.0,1
MV_A5-Weekday-041800_M5_512,M5,d1,8,7:05:10,7:05:10,400815,10.0,1
MV_A5-Weekday-041800_M5_512,M5,d1,9,7:06:00,7:06:00,400816,14.0,1
MV_A5-Weekday-041800_M5_512,M5,d1,10,7:07:00,7:07:00,400655,14.0,1
MV_A5-Weekday-041800_M5_512,M5,d1,11,7:09:13,7:09:13,400657,14.0,1
MV_A5-Weekday-041800_M5_512,M5,d1,12,7:11:41,7:11:41,403483,10.0,1
MV_A5-Weekday-041800_M5_512,M5,d1,13,7:13:56,7:13:56,400662,10.0,1
MV_A5-Weekday-041800_M5_512,M5,d1,14,7:16:00,7:16:00,404011,10.0,1
MV_A5-Weekday-041800_M5_512,M5,d1,15,7:16:21,7:16:21,404012,10.0,1
MV_A5-Weekday-041800_M5_512,M5,d1,16,7:18:16,7:18:16,404822,10.0,1
MV_A5-Weekday-041800_M5_512,M5,d1,17,7:19:18,7:19:18,404259,9.0,1
MV_A5-Weekday-041800_M5_512,M5,d1,18,7:20:03,7:20:03,405580,10.0,1
MV_A5-Weekday-041800_M5_512,M5,d1,19,7:20:46,7:20:46,400834,10.0,1
MV_A5-Weekday-041800_M5_512,M5,d1,20,7:21:13,7:21:13,400835,10.0,1
MV_A5-Weekday-041800_M5_512,M5,d1,21,7:21:39,7:21:39,400836,10.0,1
MV_A5-Weekday-041800_M5_512,M5,d1,22,7:22:32,7:22:32,400837,10.0,1
MV_A5-Weekday-041800_M5_512,M5,d1,23,7:22:58,7:22:58,400838,10.0,1
MV_A5-Weekday-041800_M5_512,M5,d1,24,7:23:26,7:23:26,404130,10.0,1
MV_A5-Weekday-041800_M5_512,M5,d1,25,7:24:24,7:24:24,400840,15.0,1
MV_A5-Weekday-041800_M5_512,M5,d1,26,7:25:00,7:25:00,400841,15.0,1
MV_A5-Weekday-041800_M5_512,M5,d1,27,7:26:03,7:26:03,404131,15.0,1
MV_A5-Weekday-041800_M5_512,M5,d1,28,7:27:00,7:27:00,400843,15.0,1
MV_A5-Weekday-041800_M5_512,M5,d1,29,7:27:58,7:27:58,404855,15.0,1
MV_A5-Weekday-041800_M5_512,M5,d1,30,7:28:55,7:28:55,400846,15.0,1
MV_A5-Weekday-041800_M5_512,M5,d1,31,7:29:36,7:29:36,400847,15.0,1
MV_A5-Weekday-041800_M5_512,M5,d1,32,7:30:20,7:30:20,400848,15.0,2
MV_A5-Weekday-041800_M5_512,M5,d1,33,7:31:00,7:31:00,400849,17.0,2
MV_A5-Weekday-041800_M5_512,M5,d1,34,7:32:55,7:32:55,400851,17.0,2
MV_A5-Weekday-041800_M5_512,M5,d1,35,7:34:02,7:34:02,400852,17.0,2
MV_A5-Weekday-041800_M5_512,M5,d1,36,7:35:39,7:35:39,400853,24.0,2
MV_A5-Weekday-041800_M5_512,M5,d1,37,7:36:42,7:36:42,400854,24.0,2
MV_A5-Weekday-041800_M5_512,M5,d1,38,7:40:20,7:40:20,403171,24.0,2
MV_A5-Weekday-041800_M5_512,M5,d1,39,7:44:00,7:44:00,400861,25.0,2
MV_A5-Weekday-041800_M5_512,M5,d1,40,7:47:13,7:47:13,403047,21.0,2
MV_A5-Weekday-041800_M5_512,M5,d1,41,7:49:47,7:49:47,402446,21.0,2
MV_A5-Weekday-041800_M5_512,M5,d1,42,7:52:55,7:52:55,450123,6.0,1
MV_A5-Weekday-041800_M5_512,M5,d1,43,7:57:00,7:57:00,400135,5.0,1
MV_A5-Weekday-041800_M5_512,M5,d1,44,7:58:28,7:58:28,400322,5.0,1
MV_A5-Weekday-041800_M5_512,M5,d1,45,7:59:56,7:59:56,400323,5.0,1
MV_A5-Weekday-041800_M5_512,M5,d1,46,8:01:30,8:01:30,400324,2.0,1
MV_A5-Weekday-041800_M5_512,M5,d1,47,8:04:00,8:04:00,803082,2.0,1
MV_A5-Weekday-112000_M5_543,M5,d1,1,18:40:00,18:40:00,400808,7.0,1
MV_A5-Weekday-112000_M5_543,M5,d1,2,18:41:04,18:41:04,400809,8.0,1
MV_A5-Weekday-112000_M5_543,M5,d1,3,18:41:58,18:41:58,400810,7.0,1
MV_A5-Weekday-112000_M5_543,M5,d1,4,18:42:52,18:42:52,400811,5.0,1
MV_A5-Weekday-112000_M5_543,M5,d1,5,18:43:29,18:43:29,400812,9.0,1
MV_A5-Weekday-112000_M5_543,M5,d1,6,18:45:03,18:45:03,404918,1.0,1
MV_A5-Weekday-112000_M5_543,M5,d1,7,18:46:22,18:46:22,400814,11.0,1
MV_A5-Weekday-112000_M5_543,M5,d1,8,18:47:10,18:47:10,400815,10.0,1
MV_A5-Weekday-112000_M5_543,M5,d1,9,18:48:00,18:48:00,400816,8.0,1
MV_A5-Weekday-112000_M5_543,M5,d1,10,18:49:00,18:49:00,400655,13.0,1
MV_A5-Weekday-112000_M5_543,M5,d1,11,18:50:26,18:50:26,400656,7.0,1
MV_A5-Weekday-112000_M5_543,M5,d1,12,18:51:57,18:51:57,400657,12.0,1
MV_A5-Weekday-112000_M5_543,M5,d1,13,18:53:00,18:53:00,400658,12.0,1
MV_A5-Weekday-112000_M5_543,M5,d1,14,18:54:34,18:54:34,400659,13.0,1
MV_A5-Weekday-112000_M5_543,M5,d1,15,18:55:15,18:55:15,403483,13.0,1
MV_A5-Weekday-112000_M5_543,M5,d1,16,18:57:12,18:57:12,400661,7.0,1
MV_A5-Weekday-112000_M5_543,M5,d1,17,18:58:14,18:58:14,400662,13.0,1
MV_A5-Weekday-112000_M5_543,M5,d1,18,18:59:15,18:59:15,400663,6.0,1
MV_A5-Weekday-112000_M5_543,M5,d1,19,19:01:00,19:01:00,404011,4.0,1
MV_A5-Weekday-112000_M5_543,M5,d1,20,19:01:21,19:01:21,404012,10.0,1
MV_A5-Weekday-112000_M5_543,M5,d1,21,19:03:16,19:03:16,404822,9.0,1
MV_A5-Weekday-112000_M5_543,M5,d1,22,19:04:18,19:04:18,404259,5.0,1
MV_A5-Weekday-112000_M5_543,M5,d1,23,19:05:03,19:05:03,405580,9.0,1
MV_A5-Weekday-112000_M5_543,M5,d1,24,19:05:46,19:05:46,400834,9.0,1
MV_A5-Weekday-112000_M5_543,M5,d1,25,19:06:13,19:06:13,400835,10.0,1
MV_A5-Weekday-112000_M5_543,M5,d1,26,19:06:39,19:06:39,400836,4.0,1
MV_A5-Weekday-112000_M5_543,M5,d1,27,19:07:32,19:07:32,400837,10.0,1
MV_A5-Weekday-112000_M5_543,M5,d1,28,19:07:58,19:07:58,400838,10.0,1
MV_A5-Weekday-112000_M5_543,M5,d1,29,19:08:26,19:08:26,404130,5.0,1
MV_A5-Weekday-112000_M5_543,M5,d1,30,19:09:24,19:09:24,400840,10.0,1
MV_A5-Weekday-112000_M5_543,M5,d1,31,19:10:00,19:10:00,400841,5.0,1
MV_A5-Weekday-112000_M5_543,M5,d1,32,19:11:24,19:11:24,404131,11.0,1
MV_A5-Weekday-112000_M5_543,M5,d1,33,19:12:40,19:12:40,400843,11.0,1
MV_A5-Weekday-112000_M5_543,M5,d1,34,19:13:57,19:13:57,404855,5.0,1
MV_A5-Weekday-112000_M5_543,M5,d1,35,19:15:13,19:15:13,400846,5.0,1
MV_A5-Weekday-112000_M5_543,M5,d1,36,19:16:08,19:16:08,400847,12.0,1
MV_A5-Weekday-112000_M5_543,M5,d1,37,19:17:06,19:17:06,400848,12.0,1
MV_A5-Weekday-112000_M5_543,M5,d1,38,19:18:00,19:18:00,400849,12.0,1
MV_A5-Weekday-112000_M5_543,M5,d1,39,19:20:21,19:20:21,400851,13.0,1
MV_A5-Weekday-112000_M5_543,M5,d1,40,19:21:44,19:21:44,400852,13.0,1
MV_A5-Weekday-112000_M5_543,M5,d1,41,19:23:44,19:23:44,400853,13.0,1
MV_A5-Weekday-112000_M5_543,M5,d1,42,19:25:01,19:25:01,400854,11.0,1
MV_A5-Weekday-112000_M5_543,M5,d1,43,19:26:44,19:26:44,403169,1.0,1
MV_A5-Weekday-112000_M5_543,M5,d1,44,19:27:48,19:27:48,400856,14.0,1
MV_A5-Weekday-112000_M5_543,M5,d1,45,19:29:30,19:29:30,403171,14.0,1
MV_A5-Weekday-112000_M5_543,M5,d1,46,19:30:40,19:30:40,400858,14.0,1
MV_A5-Weekday-112000_M5_543,M5,d1,47,19:32:31,19:32:31,400860,12.0,1
MV_A5-Weekday-112000_M5_543,M5,d1,48,19:34:00,19:34:00,400861,16.0,1
MV_A5-Weekday-112000_M5_543,M5,d1,49,19:34:34,19:34:34,403781,16.0,2
MV_A5-Weekday-112000_M5_543,M5,d1,50,19:36:28,19:36:28,403047,21.0,2
MV_A5-Weekday-112000_M5_543,M5,d1,51,19:38:27,19:38:27,402446,3.0,2
MV_A5-Weekday-112000_M5_543,M5,d1,52,19:39:17,19:39:17,403266,19.0,2
MV_A5-Weekday-112000_M5_543,M5,d1,53,19:40:10,19:40:10,400131,19.0,2
MV_A5-Weekday-112000_M5_543,M5,d1,54,19:40:51,19:40:51,450123,19.0,2
MV_A5-Weekday-112000_M5_543,M5,d1,55,19:42:14,19:42:14,400133,13.0,1
MV_A5-Weekday-112000_M5_543,M5,d1,56,19:42:55,19:42:55,404180,16.0,1
MV_A5-Weekday-112000_M5_543,M5,d1,57,19:44:00,19:44:00,400135,1.0,1
MV_A5-Weekday-112000_M5_543,M5,d1,58,19:47:34,19:47:34,400322,13.0,1
MV_A5-Weekday-112000_M5_543,M5,d1,59,19:51:06,19:51:06,400323,6.0,1
MV_A5-Weekday-112000_M5_543,M5,d1,60,19:54:55,19:54:55,400324,6.0,1
MV_A5-Weekday-112000_M5_543,M5,d1,61,20:01:00,20:01:00,803082,6.0,1
MV_A5-Weekday-SDon-055800_M5_511,M5,d1,1,9:18:00,9:18:00,400808,6.0,1
MV_A5-Weekday-SDon-055800_M5_511,M5,d1,2,9:19:12,9:19:12,400809,16.0,2
MV_A5-Weekday-SDon-055800_M5_511,M5,d1,3,9:20:11,9:20:11,400810,22.0,2
MV_A5-Weekday-SDon-055800_M5_511,M5,d1,4,9:21:11,9:21:11,400811,24.0,2
MV_A5-Weekday-SDon-055800_M5_511,M5,d1,5,9:21:52,9:21:52,400812,24.0,2
MV_A5-Weekday-SDon-055800_M5_511,M5,d1,6,9:23:37,9:23:37,404918,1.0,2
MV_A5-Weekday-SDon-055800_M5_511,M5,d1,7,9:25:04,9:25:04,400814,18.0,2
MV_A5-Weekday-SDon-055800_M5_511,M5,d1,8,9:25:58,9:25:58,400815,1.0,1
MV_A5-Weekday-SDon-055800_M5_511,M5,d1,9,9:26:54,9:26:54,400816,16.0,2
MV_A5-Weekday-SDon-055800_M5_511,M5,d1,10,9:28:00,9:28:00,400655,22.0,2
MV_A5-Weekday-SDon-055800_M5_511,M5,d1,11,9:30:13,9:30:13,400657,14.0,2
MV_A5-Weekday-SDon-055800_M5_511,M5,d1,12,9:32:41,9:32:41,403483,18.0,2
MV_A5-Weekday-SDon-055800_M5_511,M5,d1,13,9:34:56,9:34:56,400662,11.0,2
MV_A5-Weekday-SDon-055800_M5_511,M5,d1,14,9:37:00,9:37:00,404011,18.0,2
MV_A5-Weekday-SDon-055800_M5_511,M5,d1,15,9:37:23,9:37:23,404012,11.0,1
MV_A5-Weekday-SDon-055800_M5_511,M5,d1,16,9:39:31,9:39:31,404822,6.0,1
MV_A5-Weekday-SDon-055800_M5_511,M5,d1,17,9:40:40,9:40:40,404259,16.0,1
MV_A5-Weekday-SDon-055800_M5_511,M5,d1,18,9:41:29,9:41:29,405580,16.0,1
MV_A5-Weekday-SDon-055800_M5_511,M5,d1,19,9:42:17,9:42:17,400834,8.0,1
MV_A5-Weekday-SDon-055800_M5_511,M5,d1,20,9:42:48,9:42:48,400835,12.0,1
MV_A5-Weekday-SDon-055800_M5_511,M5,d1,21,9:43:17,9:43:17,400836,14.0,1
MV_A5-Weekday-SDon-055800_M5_511,M5,d1,22,9:44:15,9:44:15,400837,8.0,2
MV_A5-Weekday-SDon-055800_M5_511,M5,d1,23,9:44:44,9:44:44,400838,17.0,2
MV_A5-Weekday-SDon-055800_M5_511,M5,d1,24,9:45:15,9:45:15,404130,6.0,1
MV_A5-Weekday-SDon-055800_M5_511,M5,d1,25,9:46:20,9:46:20,400840,6.0,2
MV_A5-Weekday-SDon-055800_M5_511,M5,d1,26,9:47:00,9:47:00,400841,20.0,2
MV_A5-Weekday-SDon-055800_M5_511,M5,d1,27,9:48:24,9:48:24,404131,20.0,3
MV_A5-Weekday-SDon-055800_M5_511,M5,d1,28,9:49:40,9:49:40,400843,39.0,3
MV_A5-Weekday-SDon-055800_M5_511,M5,d1,29,9:50:57,9:50:57,404855,39.0,3
MV_A5-Weekday-SDon-055800_M5_511,M5,d1,30,9:52:13,9:52:13,400846,6.0,2
MV_A5-Weekday-SDon-055800_M5_511,M5,d1,31,9:53:08,9:53:08,400847,20.0,2
MV_A5-Weekday-SDon-055800_M5_511,M5,d1,32,9:54:06,9:54:06,400848,5.0,2
MV_A5-Weekday-SDon-055800_M5_511,M5,d1,33,9:55:00,9:55:00,400849,22.0,2
MV_A5-Weekday-SDon-055800_M5_511,M5,d1,34,9:57:04,9:57:04,400851,25.0,2
MV_A5-Weekday-SDon-055800_M5_511,M5,d1,35,9:58:16,9:58:16,400852,25.0,2
MV_A5-Weekday-SDon-055800_M5_511,M5,d1,36,10:00:01,10:00:01,400853,28.0,2
MV_A5-Weekday-SDon-055800_M5_511,M5,d1,37,10:01:08,10:01:08,400854,28.0,2
MV_A5-Weekday-SDon-055800_M5_511,M5,d1,38,10:05:03,10:05:03,403171,31.0,2
MV_A5-Weekday-SDon-055800_M5_511,M5,d1,39,10:09:00,10:09:00,400861,24.0,2
MV_A5-Weekday-SDon-055800_M5_511,M5,d1,40,10:13:27,10:13:27,403047,16.0,1
MV_A5-Weekday-SDon-055800_M5_511,M5,d1,41,10:17:00,10:17:00,402446,15.0,1
MV_A5-Weekday-SDon-055800_M5_511,M5,d1,42,10:21:20,10:21:20,450123,7.0,1
MV_A5-Weekday-SDon-055800_M5_511,M5,d1,43,10:27:00,10:27:00,400135,5.0,1
MV_A5-Weekday-SDon-055800_M5_511,M5,d1,44,10:28:28,10:28:28,400322,6.0,1
MV_A5-Weekday-SDon-055800_M5_511,M5,d1,45,10:29:56,10:29:56,400323,3.0,1
MV_A5-Weekday-SDon-055800_M5_511,M5,d1,46,10:31:30,10:31:30,400324,6.0,1
MV_A5-Weekday-SDon-055800_M5_511,M5,d1,47,10:34:00,10:34:00,803082,6.0,1
MV_A5-Weekday-SDon-054800_M5_523,M5,d1,1,9:08:00,9:08:00,400808,13.0,1
MV_A5-Weekday-SDon-054800_M5_523,M5,d1,2,9:09:12,9:09:12,400809,15.0,1
MV_A5-Weekday-SDon-054800_M5_523,M5,d1,3,9:10:11,9:10:11,400810,15.0,1
MV_A5-Weekday-SDon-054800_M5_523,M5,d1,4,9:11:11,9:11:11,400811,14.0,2
MV_A5-Weekday-SDon-054800_M5_523,M5,d1,5,9:11:52,9:11:52,400812,18.0,2
MV_A5-Weekday-SDon-054800_M5_523,M5,d1,6,9:13:37,9:13:37,404918,9.0,2
MV_A5-Weekday-SDon-054800_M5_523,M5,d1,7,9:15:04,9:15:04,400814,17.0,2
MV_A5-Weekday-SDon-054800_M5_523,M5,d1,8,9:15:58,9:15:58,400815,17.0,2
MV_A5-Weekday-SDon-054800_M5_523,M5,d1,9,9:16:54,9:16:54,400816,14.0,1
MV_A5-Weekday-SDon-054800_M5_523,M5,d1,10,9:18:00,9:18:00,400655,3.0,1
MV_A5-Weekday-SDon-054800_M5_523,M5,d1,11,9:20:13,9:20:13,400657,12.0,1
MV_A5-Weekday-SDon-054800_M5_523,M5,d1,12,9:22:41,9:22:41,403483,16.0,1
MV_A5-Weekday-SDon-054800_M5_523,M5,d1,13,9:24:56,9:24:56,400662,11.0,1
MV_A5-Weekday-SDon-054800_M5_523,M5,d1,14,9:27:00,9:27:00,404011,1.0,1
MV_A5-Weekday-SDon-054800_M5_523,M5,d1,15,9:27:23,9:27:23,404012,1.0,1
MV_A5-Weekday-SDon-054800_M5_523,M5,d1,16,9:29:31,9:29:31,404822,7.0,1
MV_A5-Weekday-SDon-054800_M5_523,M5,d1,17,9:30:40,9:30:40,404259,1.0,1
MV_A5-Weekday-SDon-054800_M5_523,M5,d1,18,9:31:29,9:31:29,405580,1.0,1
MV_A5-Weekday-SDon-054800_M5_523,M5,d1,19,9:32:17,9:32:17,400834,1.0,1
MV_A5-Weekday-SDon-054800_M5_523,M5,d1,20,9:32:48,9:32:48,400835,1.0,1
MV_A5-Weekday-SDon-054800_M5_523,M5,d1,21,9:33:17,9:33:17,400836,1.0,1
MV_A5-Weekday-SDon-054800_M5_523,M5,d1,22,9:34:15,9:34:15,400837,6.0,1
MV_A5-Weekday-SDon-054800_M5_523,M5,d1,23,9:34:44,9:34:44,400838,6.0,1
MV_A5-Weekday-SDon-054800_M5_523,M5,d1,24,9:35:15,9:35:15,404130,10.0,1
MV_A5-Weekday-SDon-054800_M5_523,M5,d1,25,9:36:20,9:36:20,400840,10.0,1
MV_A5-Weekday-SDon-054800_M5_523,M5,d1,26,9:37:00,9:37:00,400841,10.0,1
MV_A5-Weekday-SDon-054800_M5_523,M5,d1,27,9:38:24,9:38:24,404131,10.0,1
MV_A5-Weekday-SDon-054800_M5_523,M5,d1,28,9:39:40,9:39:40,400843,9.0,1
MV_A5-Weekday-SDon-054800_M5_523,M5,d1,29,9:40:57,9:40:57,404855,9.0,1
MV_A5-Weekday-SDon-054800_M5_523,M5,d1,30,9:42:13,9:42:13,400846,9.0,1
MV_A5-Weekday-SDon-054800_M5_523,M5,d1,31,9:43:08,9:43:08,400847,9.0,1
MV_A5-Weekday-SDon-054800_M5_523,M5,d1,32,9:44:06,9:44:06,400848,9.0,1
MV_A5-Weekday-SDon-054800_M5_523,M5,d1,33,9:45:00,9:45:00,400849,9.0,1
MV_A5-Weekday-SDon-054800_M5_523,M5,d1,34,9:47:04,9:47:04,400851,9.0,1
MV_A5-Weekday-SDon-054800_M5_523,M5,d1,35,9:48:16,9:48:16,400852,6.0,2
MV_A5-Weekday-SDon-054800_M5_523,M5,d1,36,9:50:01,9:50:01,400853,21.0,2
MV_A5-Weekday-SDon-054800_M5_523,M5,d1,37,9:51:08,9:51:08,400854,21.0,2
MV_A5-Weekday-SDon-054800_M5_523,M5,d1,38,9:55:03,9:55:03,403171,21.0,2
MV_A5-Weekday-SDon-054800_M5_523,M5,d1,39,9:59:00,9:59:00,400861,21.0,2
MV_A5-Weekday-SDon-054800_M5_523,M5,d1,40,10:03:27,10:03:27,403047,21.0,2
MV_A5-Weekday-SDon-054800_M5_523,M5,d1,41,10:07:00,10:07:00,402446,7.0,1
MV_A5-Weekday-SDon-054800_M5_523,M5,d1,42,10:11:20,10:11:20,450123,6.0,1
MV_A5-Weekday-SDon-054800_M5_523,M5,d1,43,10:17:00,10:17:00,400135,5.0,1
MV_A5-Weekday-SDon-054800_M5_523,M5,d1,44,10:18:28,10:18:28,400322,6.0,1
MV_A5-Weekday-SDon-054800_M5_523,M5,d1,45,10:19:56,10:19:56,400323,2.0,1
MV_A5-Weekday-SDon-054800_M5_523,M5,d1,46,10:21:30,10:21:30,400324,1.0,1
MV_A5-Weekday-SDon-054800_M5_523,M5,d1,47,10:24:00,10:24:00,803082,1.0,1
MV_A5-Weekday-060600_M5_515,M5,d1,1,10:06:00,10:06:00,400808,6.0,1
MV_A5-Weekday-060600_M5_515,M5,d1,2,10:07:12,10:07:12,400809,10.0,1
MV_A5-Weekday-060600_M5_515,M5,d1,3,10:08:11,10:08:11,400810,10.0,1
MV_A5-Weekday-060600_M5_515,M5,d1,4,10:09:11,10:09:11,400811,13.0,1
MV_A5-Weekday-060600_M5_515,M5,d1,5,10:09:52,10:09:52,400812,13.0,1
MV_A5-Weekday-060600_M5_515,M5,d1,6,10:11:37,10:11:37,404918,15.0,1
MV_A5-Weekday-060600_M5_515,M5,d1,7,10:13:04,10:13:04,400814,15.0,1
MV_A5-Weekday-060600_M5_515,M5,d1,8,10:13:58,10:13:58,400815,12.0,2
MV_A5-Weekday-060600_M5_515,M5,d1,9,10:14:54,10:14:54,400816,18.0,2
MV_A5-Weekday-060600_M5_515,M5,d1,10,10:16:00,10:16:00,400655,22.0,2
MV_A5-Weekday-060600_M5_515,M5,d1,11,10:18:13,10:18:13,400657,23.0,2
MV_A5-Weekday-060600_M5_515,M5,d1,12,10:20:41,10:20:41,403483,20.0,2
MV_A5-Weekday-060600_M5_515,M5,d1,13,10:22:56,10:22:56,400662,14.0,1
MV_A5-Weekday-060600_M5_515,M5,d1,14,10:25:00,10:25:00,404011,14.0,1
MV_A5-Weekday-060600_M5_515,M5,d1,15,10:25:23,10:25:23,404012,13.0,1
MV_A5-Weekday-060600_M5_515,M5,d1,16,10:27:31,10:27:31,404822,15.0,2
MV_A5-Weekday-060600_M5_515,M5,d1,17,10:28:40,10:28:40,404259,19.0,2
MV_A5-Weekday-060600_M5_515,M5,d1,18,10:29:29,10:29:29,405580,19.0,2
MV_A5-Weekday-060600_M5_515,M5,d1,19,10:30:17,10:30:17,400834,20.0,2
MV_A5-Weekday-060600_M5_515,M5,d1,20,10:30:48,10:30:48,400835,9.0,1
MV_A5-Weekday-060600_M5_515,M5,d1,21,10:31:17,10:31:17,400836,6.0,2
MV_A5-Weekday-060600_M5_515,M5,d1,22,10:32:15,10:32:15,400837,20.0,2
MV_A5-Weekday-060600_M5_515,M5,d1,23,10:32:44,10:32:44,400838,22.0,2
MV_A5-Weekday-060600_M5_515,M5,d1,24,10:33:15,10:33:15,404130,22.0,2
MV_A5-Weekday-060600_M5_515,M5,d1,25,10:34:20,10:34:20,400840,25.0,2
MV_A5-Weekday-060600_M5_515,M5,d1,26,10:35:00,10:35:00,400841,25.0,2
MV_A5-Weekday-060600_M5_515,M5,d1,27,10:36:24,10:36:24,404131,9.0,2
MV_A5-Weekday-060600_M5_515,M5,d1,28,10:37:40,10:37:40,400843,27.0,2
MV_A5-Weekday-060600_M5_515,M5,d1,29,10:38:57,10:38:57,404855,27.0,2
MV_A5-Weekday-060600_M5_515,M5,d1,30,10:40:13,10:40:13,400846,26.0,2
MV_A5-Weekday-060600_M5_515,M5,d1,31,10:41:08,10:41:08,400847,18.0,2
MV_A5-Weekday-060600_M5_515,M5,d1,32,10:42:06,10:42:06,400848,4.0,2
MV_A5-Weekday-060600_M5_515,M5,d1,33,10:43:00,10:43:00,400849,19.0,2
MV_A5-Weekday-060600_M5_515,M5,d1,34,10:45:04,10:45:04,400851,15.0,2
MV_A5-Weekday-060600_M5_515,M5,d1,35,10:46:16,10:46:16,400852,21.0,2
MV_A5-Weekday-060600_M5_515,M5,d1,36,10:48:01,10:48:01,400853,19.0,2
MV_A5-Weekday-060600_M5_515,M5,d1,37,10:49:08,10:49:08,400854,18.0,2
MV_A5-Weekday-060600_M5_515,M5,d1,38,10:53:03,10:53:03,403171,23.0,2
MV_A5-Weekday-060600_M5_515,M5,d1,39,10:57:00,10:57:00,400861,23.0,2
MV_A5-Weekday-060600_M5_515,M5,d1,40,11:01:12,11:01:12,403047,23.0,2
MV_A5-Weekday-060600_M5_515,M5,d1,41,11:04:34,11:04:34,402446,11.0,1
MV_A5-Weekday-060600_M5_515,M5,d1,42,11:08:39,11:08:39,450123,10.0,1
MV_A5-Weekday-060600_M5_515,M5,d1,43,11:14:00,11:14:00,400135,10.0,1
MV_A5-Weekday-060600_M5_515,M5,d1,44,11:15:28,11:15:28,400322,1.0,1
MV_A5-Weekday-060600_M5_515,M5,d1,45,11:16:56,11:16:56,400323,1.0,1
MV_A5-Weekday-060600_M5_515,M5,d1,46,11:18:30,11:18:30,400324,10.0,1
MV_A5-Weekday-060600_M5_515,M5,d1,47,11:21:00,11:21:00,803082,10.0,1
MV_A5-Weekday-SDon-132700_M5_536,M5,d1,1,22:07:00,22:07:00,400639,1.0,1
MV_A5-Weekday-SDon-132700_M5_536,M5,d1,2,22:08:19,22:08:19,400640,1.0,1
MV_A5-Weekday-SDon-132700_M5_536,M5,d1,3,22:09:22,22:09:22,400641,1.0,1
MV_A5-Weekday-SDon-132700_M5_536,M5,d1,4,22:10:13,22:10:13,400642,7.0,1
MV_A5-Weekday-SDon-132700_M5_536,M5,d1,5,22:10:50,22:10:50,400643,7.0,1
MV_A5-Weekday-SDon-132700_M5_536,M5,d1,6,22:11:29,22:11:29,400644,1.0,1
MV_A5-Weekday-SDon-132700_M5_536,M5,d1,7,22:12:12,22:12:12,400645,7.0,1
MV_A5-Weekday-SDon-132700_M5_536,M5,d1,8,22:13:02,22:13:02,400646,9.0,1
MV_A5-Weekday-SDon-132700_M5_536,M5,d1,9,22:13:55,22:13:55,400647,4.0,1
MV_A5-Weekday-SDon-132700_M5_536,M5,d1,10,22:14:38,22:14:38,400648,9.0,1
MV_A5-Weekday-SDon-132700_M5_536,M5,d1,11,22:15:20,22:15:20,400649,9.0,1
MV_A5-Weekday-SDon-132700_M5_536,M5,d1,12,22:16:00,22:16:00,403373,5.0,1
MV_A5-Weekday-SDon-132700_M5_536,M5,d1,13,22:17:14,22:17:14,403374,7.0,1
MV_A5-Weekday-SDon-132700_M5_536,M5,d1,14,22:17:58,22:17:58,403375,7.0,1
MV_A5-Weekday-SDon-132700_M5_536,M5,d1,15,22:18:41,22:18:41,403376,5.0,1
MV_A5-Weekday-SDon-132700_M5_536,M5,d1,16,22:19:34,22:19:34,403377,7.0,1
MV_A5-Weekday-SDon-132700_M5_536,M5,d1,17,22:20:54,22:20:54,400655,1.0,1
MV_A5-Weekday-SDon-132700_M5_536,M5,d1,18,22:22:04,22:22:04,400656,6.0,1
MV_A5-Weekday-SDon-132700_M5_536,M5,d1,19,22:23:19,22:23:19,400657,6.0,1
MV_A5-Weekday-SDon-132700_M5_536,M5,d1,20,22:24:10,22:24:10,400658,6.0,1
MV_A5-Weekday-SDon-132700_M5_536,M5,d1,21,22:25:27,22:25:27,400659,5.0,1
MV_A5-Weekday-SDon-132700_M5_536,M5,d1,22,22:26:00,22:26:00,403483,5.0,1
MV_A5-Weekday-SDon-132700_M5_536,M5,d1,23,22:27:25,22:27:25,400661,5.0,1
MV_A5-Weekday-SDon-132700_M5_536,M5,d1,24,22:28:09,22:28:09,400662,1.0,1
MV_A5-Weekday-SDon-132700_M5_536,M5,d1,25,22:28:53,22:28:53,400663,5.0,1
MV_A5-Weekday-SDon-132700_M5_536,M5,d1,26,22:30:00,22:30:00,803157,5.0,1
MV_A5-Weekday-122100_M5_527,M5,d1,1,20:21:00,20:21:00,400639,38.0,3
MV_A5-Weekday-122100_M5_527,M5,d1,2,20:22:28,20:22:28,400640,39.0,3
MV_A5-Weekday-122100_M5_527,M5,d1,3,20:23:38,20:23:38,400641,39.0,3
MV_A5-Weekday-122100_M5_527,M5,d1,4,20:24:34,20:24:34,400642,39.0,3
MV_A5-Weekday-122100_M5_527,M5,d1,5,20:25:16,20:25:16,400643,39.0,3
MV_A5-Weekday-122100_M5_527,M5,d1,6,20:25:59,20:25:59,400644,1.0,3
MV_A5-Weekday-122100_M5_527,M5,d1,7,20:26:47,20:26:47,400645,41.0,3
MV_A5-Weekday-122100_M5_527,M5,d1,8,20:27:42,20:27:42,400646,41.0,3
MV_A5-Weekday-122100_M5_527,M5,d1,9,20:28:41,20:28:41,400647,40.0,3
MV_A5-Weekday-122100_M5_527,M5,d1,10,20:29:29,20:29:29,400648,42.0,3
MV_A5-Weekday-122100_M5_527,M5,d1,11,20:30:16,20:30:16,400649,42.0,3
MV_A5-Weekday-122100_M5_527,M5,d1,12,20:31:00,20:31:00,403373,43.0,3
MV_A5-Weekday-122100_M5_527,M5,d1,13,20:32:14,20:32:14,403374,43.0,3
MV_A5-Weekday-122100_M5_527,M5,d1,14,20:32:58,20:32:58,403375,43.0,3
MV_A5-Weekday-122100_M5_527,M5,d1,15,20:33:41,20:33:41,403376,42.0,3
MV_A5-Weekday-122100_M5_527,M5,d1,16,20:34:34,20:34:34,403377,45.0,3
MV_A5-Weekday-122100_M5_527,M5,d1,17,20:35:54,20:35:54,400655,45.0,3
MV_A5-Weekday-122100_M5_527,M5,d1,18,20:37:04,20:37:04,400656,45.0,4
MV_A5-Weekday-122100_M5_527,M5,d1,19,20:38:19,20:38:19,400657,50.0,4
MV_A5-Weekday-122100_M5_527,M5,d1,20,20:39:10,20:39:10,400658,50.0,4
MV_A5-Weekday-122100_M5_527,M5,d1,21,20:40:27,20:40:27,400659,49.0,4
MV_A5-Weekday-122100_M5_527,M5,d1,22,20:41:00,20:41:00,403483,49.0,4
MV_A5-Weekday-122100_M5_527,M5,d1,23,20:42:25,20:42:25,400661,49.0,4
MV_A5-Weekday-122100_M5_527,M5,d1,24,20:43:09,20:43:09,400662,49.0,4
MV_A5-Weekday-122100_M5_527,M5,d1,25,20:43:53,20:43:53,400663,1.0,1
MV_A5-Weekday-122100_M5_527,M5,d1,26,20:45:00,20:45:00,803157,1.0,1
MV_A5-Weekday-058200_M5_506,M5,d1,1,9:42:00,9:42:00,400808,12.0,1
MV_A5-Weekday-058200_M5_506,M5,d1,2,9:43:12,9:43:12,400809,12.0,1
MV_A5-Weekday-058200_M5_506,M5,d1,3,9:44:11,9:44:11,400810,12.0,1
MV_A5-Weekday-058200_M5_506,M5,d1,4,9:45:11,9:45:11,400811,13.0,1
MV_A5-Weekday-058200_M5_506,M5,d1,5,9:45:52,9:45:52,400812,13.0,1
MV_A5-Weekday-058200_M5_506,M5,d1,6,9:47:37,9:47:37,404918,12.0,1
MV_A5-Weekday-058200_M5_506,M5,d1,7,9:49:04,9:49:04,400814,11.0,1
MV_A5-Weekday-058200_M5_506,M5,d1,8,9:49:58,9:49:58,400815,10.0,1
MV_A5-Weekday-058200_M5_506,M5,d1,9,9:50:54,9:50:54,400816,9.0,1
MV_A5-Weekday-058200_M5_506,M5,d1,10,9:52:00,9:52:00,400655,11.0,1
MV_A5-Weekday-058200_M5_506,M5,d1,11,9:54:13,9:54:13,400657,8.0,1
MV_A5-Weekday-058200_M5_506,M5,d1,12,9:56:41,9:56:41,403483,5.0,1
MV_A5-Weekday-058200_M5_506,M5,d1,13,9:58:56,9:58:56,400662,5.0,1
MV_A5-Weekday-058200_M5_506,M5,d1,14,10:01:00,10:01:00,404011,5.0,1
MV_A5-Weekday-058200_M5_506,M5,d1,15,10:01:23,10:01:23,404012,5.0,1
MV_A5-Weekday-058200_M5_506,M5,d1,16,10:03:31,10:03:31,404822,5.0,1
MV_A5-Weekday-058200_M5_506,M5,d1,17,10:04:40,10:04:40,404259,5.0,1
MV_A5-Weekday-058200_M5_506,M5,d1,18,10:05:29,10:05:29,405580,5.0,1
MV_A5-Weekday-058200_M5_506,M5,d1,19,10:06:17,10:06:17,400834,5.0,1
MV_A5-Weekday-058200_M5_506,M5,d1,20,10:06:48,10:06:48,400835,5.0,1
MV_A5-Weekday-058200_M5_506,M5,d1,21,10:07:17,10:07:17,400836,5.0,1
MV_A5-Weekday-058200_M5_506,M5,d1,22,10:08:15,10:08:15,400837,8.0,1
MV_A5-Weekday-058200_M5_506,M5,d1,23,10:08:44,10:08:44,400838,8.0,1
MV_A5-Weekday-058200_M5_506,M5,d1,24,10:09:15,10:09:15,404130,11.0,1
MV_A5-Weekday-058200_M5_506,M5,d1,25,10:10:20,10:10:20,400840,13.0,1
MV_A5-Weekday-058200_M5_506,M5,d1,26,10:11:00,10:11:00,400841,13.0,1
MV_A5-Weekday-058200_M5_506,M5,d1,27,10:12:24,10:12:24,404131,6.0,1
MV_A5-Weekday-058200_M5_506,M5,d1,28,10:13:40,10:13:40,400843,15.0,1
MV_A5-Weekday-058200_M5_506,M5,d1,29,10:14:57,10:14:57,404855,15.0,1
MV_A5-Weekday-058200_M5_506,M5,d1,30,10:16:13,10:16:13,400846,9.0,1
MV_A5-Weekday-058200_M5_506,M5,d1,31,10:17:08,10:17:08,400847,10.0,1
MV_A5-Weekday-058200_M5_506,M5,d1,32,10:18:06,10:18:06,400848,11.0,1
MV_A5-Weekday-058200_M5_506,M5,d1,33,10:19:00,10:19:00,400849,10.0,1
MV_A5-Weekday-058200_M5_506,M5,d1,34,10:21:04,10:21:04,400851,15.0,1
MV_A5-Weekday-058200_M5_506,M5,d1,35,10:22:16,10:22:16,400852,15.0,1
MV_A5-Weekday-058200_M5_506,M5,d1,36,10:24:01,10:24:01,400853,14.0,1
MV_A5-Weekday-058200_M5_506,M5,d1,37,10:25:08,10:25:08,400854,14.0,1
MV_A5-Weekday-058200_M5_506,M5,d1,38,10:29:03,10:29:03,403171,12.0,1
MV_A5-Weekday-058200_M5_506,M5,d1,39,10:33:00,10:33:00,400861,13.0,1
MV_A5-Weekday-058200_M5_506,M5,d1,40,10:37:12,10:37:12,403047,12.0,1
MV_A5-Weekday-058200_M5_506,M5,d1,41,10:40:34,10:40:34,402446,10.0,1
MV_A5-Weekday-058200_M5_506,M5,d1,42,10:44:39,10:44:39,450123,4.0,1
MV_A5-Weekday-058200_M5_506,M5,d1,43,10:50:00,10:50:00,400135,2.0,1
MV_A5-Weekday-058200_M5_506,M5,d1,44,10:51:28,10:51:28,400322,3.0,1
MV_A5-Weekday-058200_M5_506,M5,d1,45,10:52:56,10:52:56,400323,2.0,1
MV_A5-Weekday-058200_M5_506,M5,d1,46,10:54:30,10:54:30,400324,2.0,1
MV_A5-Weekday-058200_M5_506,M5,d1,47,10:57:00,10:57:00,803082,2.0,1
MV_A5-Weekday-SDon-051800_M5_505,M5,d1,1,8:38:00,8:38:00,400808,7.0,2
MV_A5-Weekday-SDon-051800_M5_505,M5,d1,2,8:39:12,8:39:12,400809,32.0,2
MV_A5-Weekday-SDon-051800_M5_505,M5,d1,3,8:40:11,8:40:11,400810,19.0,2
MV_A5-Weekday-SDon-051800_M5_505,M5,d1,4,8:41:11,8:41:11,400811,11.0,2
MV_A5-Weekday-SDon-051800_M5_505,M5,d1,5,8:41:52,8:41:52,400812,17.0,3
MV_A5-Weekday-SDon-051800_M5_505,M5,d1,6,8:43:37,8:43:37,404918,34.0,3
MV_A5-Weekday-SDon-051800_M5_505,M5,d1,7,8:45:04,8:45:04,400814,32.0,2
MV_A5-Weekday-SDon-051800_M5_505,M5,d1,8,8:45:58,8:45:58,400815,28.0,2
MV_A5-Weekday-SDon-051800_M5_505,M5,d1,9,8:46:54,8:46:54,400816,9.0,2
MV_A5-Weekday-SDon-051800_M5_505,M5,d1,10,8:48:00,8:48:00,400655,25.0,2
MV_A5-Weekday-SDon-051800_M5_505,M5,d1,11,8:50:13,8:50:13,400657,10.0,2
MV_A5-Weekday-SDon-051800_M5_505,M5,d1,12,8:52:41,8:52:41,403483,21.0,2
MV_A5-Weekday-SDon-051800_M5_505,M5,d1,13,8:54:56,8:54:56,400662,16.0,1
MV_A5-Weekday-SDon-051800_M5_505,M5,d1,14,8:57:00,8:57:00,404011,15.0,2
MV_A5-Weekday-SDon-051800_M5_505,M5,d1,15,8:57:23,8:57:23,404012,23.0,2
MV_A5-Weekday-SDon-051800_M5_505,M5,d1,16,8:59:31,8:59:31,404822,9.0,2
MV_A5-Weekday-SDon-051800_M5_505,M5,d1,17,9:00:40,9:00:40,404259,23.0,2
MV_A5-Weekday-SDon-051800_M5_505,M5,d1,18,9:01:29,9:01:29,405580,23.0,2
MV_A5-Weekday-SDon-051800_M5_505,M5,d1,19,9:02:17,9:02:17,400834,23.0,2
MV_A5-Weekday-SDon-051800_M5_505,M5,d1,20,9:02:48,9:02:48,400835,3.0,2
MV_A5-Weekday-SDon-051800_M5_505,M5,d1,21,9:03:17,9:03:17,400836,21.0,2
MV_A5-Weekday-SDon-051800_M5_505,M5,d1,22,9:04:15,9:04:15,400837,21.0,2
MV_A5-Weekday-SDon-051800_M5_505,M5,d1,23,9:04:44,9:04:44,400838,21.0,2
MV_A5-Weekday-SDon-051800_M5_505,M5,d1,24,9:05:15,9:05:15,404130,14.0,2
MV_A5-Weekday-SDon-051800_M5_505,M5,d1,25,9:06:20,9:06:20,400840,18.0,2
MV_A5-Weekday-SDon-051800_M5_505,M5,d1,26,9:07:00,9:07:00,400841,21.0,2
MV_A5-Weekday-SDon-051800_M5_505,M5,d1,27,9:08:24,9:08:24,404131,20.0,2
MV_A5-Weekday-SDon-051800_M5_505,M5,d1,28,9:09:40,9:09:40,400843,21.0,2
MV_A5-Weekday-SDon-051800_M5_505,M5,d1,29,9:10:57,9:10:57,404855,21.0,2
MV_A5-Weekday-SDon-051800_M5_505,M5,d1,30,9:12:13,9:12:13,400846,21.0,2
MV_A5-Weekday-SDon-051800_M5_505,M5,d1,31,9:13:08,9:13:08,400847,18.0,2
MV_A5-Weekday-SDon-051800_M5_505,M5,d1,32,9:14:06,9:14:06,400848,21.0,2
MV_A5-Weekday-SDon-051800_M5_505,M5,d1,33,9:15:00,9:15:00,400849,23.0,2
MV_A5-Weekday-SDon-051800_M5_505,M5,d1,34,9:17:04,9:17:04,400851,18.0,2
MV_A5-Weekday-SDon-051800_M5_505,M5,d1,35,9:18:16,9:18:16,400852,23.0,2
MV_A5-Weekday-SDon-051800_M5_505,M5,d1,36,9:20:01,9:20:01,400853,21.0,2
MV_A5-Weekday-SDon-051800_M5_505,M5,d1,37,9:21:08,9:21:08,400854,24.0,2
MV_A5-Weekday-SDon-051800_M5_505,M5,d1,38,9:25:03,9:25:03,403171,27.0,2
MV_A5-Weekday-SDon-051800_M5_505,M5,d1,39,9:29:00,9:29:00,400861,15.0,1
MV_A5-Weekday-SDon-051800_M5_505,M5,d1,40,9:33:27,9:33:27,403047,15.0,1
MV_A5-Weekday-SDon-051800_M5_505,M5,d1,41,9:37:00,9:37:00,402446,10.0,1
MV_A5-Weekday-SDon-051800_M5_505,M5,d1,42,9:41:20,9:41:20,450123,6.0,1
MV_A5-Weekday-SDon-051800_M5_505,M5,d1,43,9:47:00,9:47:00,400135,6.0,1
MV_A5-Weekday-SDon-051800_M5_505,M5,d1,44,9:48:28,9:48:28,400322,4.0,1
MV_A5-Weekday-SDon-051800_M5_505,M5,d1,45,9:49:56,9:49:56,400323,4.0,1
MV_A5-Weekday-SDon-051800_M5_505,M5,d1,46,9:51:30,9:51:30,400324,1.0,1
MV_A5-Weekday-SDon-051800_M5_505,M5,d1,47,9:54:00,9:54:00,803082,1.0,1
MV_A5-Weekday-SDon-045800_M5_514,M5,d1,1,7:38:00,7:38:00,400808,11.0,1
MV_A5-Weekday-SDon-045800_M5_514,M5,d1,2,7:39:04,7:39:04,400809,11.0,1
MV_A5-Weekday-SDon-045800_M5_514,M5,d1,3,7:39:58,7:39:58,400810,11.0,1
MV_A5-Weekday-SDon-045800_M5_514,M5,d1,4,7:40:52,7:40:52,400811,11.0,1
MV_A5-Weekday-SDon-045800_M5_514,M5,d1,5,7:41:29,7:41:29,400812,11.0,1
MV_A5-Weekday-SDon-045800_M5_514,M5,d1,6,7:43:03,7:43:03,404918,11.0,1
MV_A5-Weekday-SDon-045800_M5_514,M5,d1,7,7:44:22,7:44:22,400814,11.0,1
MV_A5-Weekday-SDon-045800_M5_514,M5,d1,8,7:45:10,7:45:10,400815,13.0,1
MV_A5-Weekday-SDon-045800_M5_514,M5,d1,9,7:46:00,7:46:00,400816,13.0,1
MV_A5-Weekday-SDon-045800_M5_514,M5,d1,10,7:47:00,7:47:00,400655,13.0,1
MV_A5-Weekday-SDon-045800_M5_514,M5,d1,11,7:49:28,7:49:28,400657,13.0,1
MV_A5-Weekday-SDon-045800_M5_514,M5,d1,12,7:52:12,7:52:12,403483,13.0,1
MV_A5-Weekday-SDon-045800_M5_514,M5,d1,13,7:54:42,7:54:42,400662,16.0,1
MV_A5-Weekday-SDon-045800_M5_514,M5,d1,14,7:57:00,7:57:00,404011,16.0,1
MV_A5-Weekday-SDon-045800_M5_514,M5,d1,15,7:57:26,7:57:26,404012,16.0,1
MV_A5-Weekday-SDon-045800_M5_514,M5,d1,16,7:59:46,7:59:46,404822,16.0,1
MV_A5-Weekday-SDon-045800_M5_514,M5,d1,17,8:01:02,8:01:02,404259,16.0,1
MV_A5-Weekday-SDon-045800_M5_514,M5,d1,18,8:01:56,8:01:56,405580,16.0,1
MV_A5-Weekday-SDon-045800_M5_514,M5,d1,19,8:02:49,8:02:49,400834,16.0,1
MV_A5-Weekday-SDon-045800_M5_514,M5,d1,20,8:03:23,8:03:23,400835,7.0,1
MV_A5-Weekday-SDon-045800_M5_514,M5,d1,21,8:03:54,8:03:54,400836,13.0,1
MV_A5-Weekday-SDon-045800_M5_514,M5,d1,22,8:04:59,8:04:59,400837,13.0,1
MV_A5-Weekday-SDon-045800_M5_514,M5,d1,23,8:05:31,8:05:31,400838,13.0,1
MV_A5-Weekday-SDon-045800_M5_514,M5,d1,24,8:06:05,8:06:05,404130,15.0,1
MV_A5-Weekday-SDon-045800_M5_514,M5,d1,25,8:07:16,8:07:16,400840,15.0,1
MV_A5-Weekday-SDon-045800_M5_514,M5,d1,26,8:08:00,8:08:00,400841,15.0,1
MV_A5-Weekday-SDon-045800_M5_514,M5,d1,27,8:09:24,8:09:24,404131,15.0,2
MV_A5-Weekday-SDon-045800_M5_514,M5,d1,28,8:10:40,8:10:40,400843,17.0,2
MV_A5-Weekday-SDon-045800_M5_514,M5,d1,29,8:11:57,8:11:57,404855,17.0,2
MV_A5-Weekday-SDon-045800_M5_514,M5,d1,30,8:13:13,8:13:13,400846,10.0,1
MV_A5-Weekday-SDon-045800_M5_514,M5,d1,31,8:14:08,8:14:08,400847,15.0,1
MV_A5-Weekday-SDon-045800_M5_514,M5,d1,32,8:15:06,8:15:06,400848,15.0,1
MV_A5-Weekday-SDon-045800_M5_514,M5,d1,33,8:16:00,8:16:00,400849,15.0,1
MV_A5-Weekday-SDon-045800_M5_514,M5,d1,34,8:18:04,8:18:04,400851,9.0,1
MV_A5-Weekday-SDon-045800_M5_514,M5,d1,35,8:19:16,8:19:16,400852,16.0,1
MV_A5-Weekday-SDon-045800_M5_514,M5,d1,36,8:21:01,8:21:01,400853,9.0,2
MV_A5-Weekday-SDon-045800_M5_514,M5,d1,37,8:22:08,8:22:08,400854,25.0,2
MV_A5-Weekday-SDon-045800_M5_514,M5,d1,38,8:26:03,8:26:03,403171,9.0,1
MV_A5-Weekday-SDon-045800_M5_514,M5,d1,39,8:30:00,8:30:00,400861,16.0,1
MV_A5-Weekday-SDon-045800_M5_514,M5,d1,40,8:34:27,8:34:27,403047,16.0,1
MV_A5-Weekday-SDon-045800_M5_514,M5,d1,41,8:38:00,8:38:00,402446,6.0,1
MV_A5-Weekday-SDon-045800_M5_514,M5,d1,42,8:42:20,8:42:20,450123,3.0,1
MV_A5-Weekday-SDon-045800_M5_514,M5,d1,43,8:48:00,8:48:00,400135,3.0,1
MV_A5-Weekday-SDon-045800_M5_514,M5,d1,44,8:49:28,8:49:28,400322,2.0,1
MV_A5-Weekday-SDon-045800_M5_514,M5,d1,45,8:50:56,8:50:56,400323,2.0,1
MV_A5-Weekday-SDon-045800_M5_514,M5,d1,46,8:52:30,8:52:30,400324,2.0,1
MV_A5-Weekday-SDon-045800_M5_514,M5,d1,47,8:55:00,8:55:00,803082,2.0,1
MV_A5-Weekday-SDon-075300_M5_502,M5,d1,1,12:33:00,12:33:00,400808,10.0,2
MV_A5-Weekday-SDon-075300_M5_502,M5,d1,2,12:34:19,12:34:19,400809,22.0,2
MV_A5-Weekday-SDon-075300_M5_502,M5,d1,3,12:35:24,12:35:24,400810,10.0,2
MV_A5-Weekday-SDon-075300_M5_502,M5,d1,4,12:36:30,12:36:30,400811,23.0,2
MV_A5-Weekday-SDon-075300_M5_502,M5,d1,5,12:37:16,12:37:16,400812,13.0,2
MV_A5-Weekday-SDon-075300_M5_502,M5,d1,6,12:39:11,12:39:11,404918,23.0,2
MV_A5-Weekday-SDon-075300_M5_502,M5,d1,7,12:40:47,12:40:47,400814,19.0,2
MV_A5-Weekday-SDon-075300_M5_502,M5,d1,8,12:41:45,12:41:45,400815,19.0,2
MV_A5-Weekday-SDon-075300_M5_502,M5,d1,9,12:42:47,12:42:47,400816,24.0,2
MV_A5-Weekday-SDon-075300_M5_502,M5,d1,10,12:44:00,12:44:00,400655,21.0,2
MV_A5-Weekday-SDon-075300_M5_502,M5,d1,11,12:46:28,12:46:28,400657,21.0,2
MV_A5-Weekday-SDon-075300_M5_502,M5,d1,12,12:49:12,12:49:12,403483,17.0,2
MV_A5-Weekday-SDon-075300_M5_502,M5,d1,13,12:51:42,12:51:42,400662,6.0,1
MV_A5-Weekday-SDon-075300_M5_502,M5,d1,14,12:54:00,12:54:00,404011,9.0,1
MV_A5-Weekday-SDon-075300_M5_502,M5,d1,15,12:54:26,12:54:26,404012,9.0,1
MV_A5-Weekday-SDon-075300_M5_502,M5,d1,16,12:56:46,12:56:46,404822,6.0,1
MV_A5-Weekday-SDon-075300_M5_502,M5,d1,17,12:58:02,12:58:02,404259,9.0,1
MV_A5-Weekday-SDon-075300_M5_502,M5,d1,18,12:58:56,12:58:56,405580,9.0,1
MV_A5-Weekday-SDon-075300_M5_502,M5,d1,19,12:59:49,12:59:49,400834,11.0,1
MV_A5-Weekday-SDon-075300_M5_502,M5,d1,20,13:00:23,13:00:23,400835,11.0,1
MV_A5-Weekday-SDon-075300_M5_502,M5,d1,21,13:00:54,13:00:54,400836,6.0,1
MV_A5-Weekday-SDon-075300_M5_502,M5,d1,22,13:01:59,13:01:59,400837,12.0,1
MV_A5-Weekday-SDon-075300_M5_502,M5,d1,23,13:02:31,13:02:31,400838,14.0,1
MV_A5-Weekday-SDon-075300_M5_502,M5,d1,24,13:03:05,13:03:05,404130,14.0,1
MV_A5-Weekday-SDon-075300_M5_502,M5,d1,25,13:04:16,13:04:16,400840,14.0,1
MV_A5-Weekday-SDon-075300_M5_502,M5,d1,26,13:05:00,13:05:00,400841,14.0,1
MV_A5-Weekday-SDon-075300_M5_502,M5,d1,27,13:06:24,13:06:24,404131,6.0,2
MV_A5-Weekday-SDon-075300_M5_502,M5,d1,28,13:07:40,13:07:40,400843,17.0,2
MV_A5-Weekday-SDon-075300_M5_502,M5,d1,29,13:08:57,13:08:57,404855,17.0,2
MV_A5-Weekday-SDon-075300_M5_502,M5,d1,30,13:10:13,13:10:13,400846,16.0,1
MV_A5-Weekday-SDon-075300_M5_502,M5,d1,31,13:11:08,13:11:08,400847,16.0,1
MV_A5-Weekday-SDon-075300_M5_502,M5,d1,32,13:12:06,13:12:06,400848,8.0,1
MV_A5-Weekday-SDon-075300_M5_502,M5,d1,33,13:13:00,13:13:00,400849,15.0,1
MV_A5-Weekday-SDon-075300_M5_502,M5,d1,34,13:15:12,13:15:12,400851,15.0,1
MV_A5-Weekday-SDon-075300_M5_502,M5,d1,35,13:16:30,13:16:30,400852,15.0,1
MV_A5-Weekday-SDon-075300_M5_502,M5,d1,36,13:18:22,13:18:22,400853,15.0,1
MV_A5-Weekday-SDon-075300_M5_502,M5,d1,37,13:19:35,13:19:35,400854,13.0,1
MV_A5-Weekday-SDon-075300_M5_502,M5,d1,38,13:23:46,13:23:46,403171,13.0,1
MV_A5-Weekday-SDon-075300_M5_502,M5,d1,39,13:28:00,13:28:00,400861,9.0,1
MV_A5-Weekday-SDon-075300_M5_502,M5,d1,40,13:33:56,13:33:56,403047,16.0,2
MV_A5-Weekday-SDon-075300_M5_502,M5,d1,41,13:38:41,13:38:41,402446,18.0,2
MV_A5-Weekday-SDon-075300_M5_502,M5,d1,42,13:44:27,13:44:27,450123,17.0,2
MV_A5-Weekday-SDon-075300_M5_502,M5,d1,43,13:52:00,13:52:00,400135,17.0,2
MV_A5-Weekday-SDon-075300_M5_502,M5,d1,44,13:53:28,13:53:28,400322,4.0,1
MV_A5-Weekday-SDon-075300_M5_502,M5,d1,45,13:54:56,13:54:56,400323,11.0,1
MV_A5-Weekday-SDon-075300_M5_502,M5,d1,46,13:56:30,13:56:30,400324,14.0,1
MV_A5-Weekday-SDon-075300_M5_502,M5,d1,47,13:59:00,13:59:00,803082,14.0,1
MV_A5-Weekday-050800_M5_519,M5,d1,1,8:28:00,8:28:00,400808,19.0,2
MV_A5-Weekday-050800_M5_519,M5,d1,2,8:29:12,8:29:12,400809,19.0,2
MV_A5-Weekday-050800_M5_519,M5,d1,3,8:30:11,8:30:11,400810,19.0,2
MV_A5-Weekday-050800_M5_519,M5,d1,4,8:31:11,8:31:11,400811,18.0,2
MV_A5-Weekday-050800_M5_519,M5,d1,5,8:31:52,8:31:52,400812,19.0,2
MV_A5-Weekday-050800_M5_519,M5,d1,6,8:33:37,8:33:37,404918,19.0,2
MV_A5-Weekday-050800_M5_519,M5,d1,7,8:35:04,8:35:04,400814,17.0,2
MV_A5-Weekday-050800_M5_519,M5,d1,8,8:35:58,8:35:58,400815,1.0,1
MV_A5-Weekday-050800_M5_519,M5,d1,9,8:36:54,8:36:54,400816,15.0,1
MV_A5-Weekday-050800_M5_519,M5,d1,10,8:38:00,8:38:00,400655,13.0,1
MV_A5-Weekday-050800_M5_519,M5,d1,11,8:40:13,8:40:13,400657,9.0,1
MV_A5-Weekday-050800_M5_519,M5,d1,12,8:42:41,8:42:41,403483,12.0,2
MV_A5-Weekday-050800_M5_519,M5,d1,13,8:44:56,8:44:56,400662,17.0,2
MV_A5-Weekday-050800_M5_519,M5,d1,14,8:47:00,8:47:00,404011,17.0,2
MV_A5-Weekday-050800_M5_519,M5,d1,15,8:47:23,8:47:23,404012,1.0,2
MV_A5-Weekday-050800_M5_519,M5,d1,16,8:49:31,8:49:31,404822,17.0,2
MV_A5-Weekday-050800_M5_519,M5,d1,17,8:50:40,8:50:40,404259,17.0,2
MV_A5-Weekday-050800_M5_519,M5,d1,18,8:51:29,8:51:29,405580,7.0,1
MV_A5-Weekday-050800_M5_519,M5,d1,19,8:52:17,8:52:17,400834,8.0,1
MV_A5-Weekday-050800_M5_519,M5,d1,20,8:52:48,8:52:48,400835,8.0,1
MV_A5-Weekday-050800_M5_519,M5,d1,21,8:53:17,8:53:17,400836,8.0,1
MV_A5-Weekday-050800_M5_519,M5,d1,22,8:54:15,8:54:15,400837,8.0,1
MV_A5-Weekday-050800_M5_519,M5,d1,23,8:54:44,8:54:44,400838,8.0,1
MV_A5-Weekday-050800_M5_519,M5,d1,24,8:55:15,8:55:15,404130,8.0,1
MV_A5-Weekday-050800_M5_519,M5,d1,25,8:56:20,8:56:20,400840,8.0,1
MV_A5-Weekday-050800_M5_519,M5,d1,26,8:57:00,8:57:00,400841,8.0,1
MV_A5-Weekday-050800_M5_519,M5,d1,27,8:58:24,8:58:24,404131,10.0,1
MV_A5-Weekday-050800_M5_519,M5,d1,28,8:59:40,8:59:40,400843,10.0,1
MV_A5-Weekday-050800_M5_519,M5,d1,29,9:00:57,9:00:57,404855,10.0,1
MV_A5-Weekday-050800_M5_519,M5,d1,30,9:02:13,9:02:13,400846,11.0,1
MV_A5-Weekday-050800_M5_519,M5,d1,31,9:03:08,9:03:08,400847,11.0,1
MV_A5-Weekday-050800_M5_519,M5,d1,32,9:04:06,9:04:06,400848,11.0,1
MV_A5-Weekday-050800_M5_519,M5,d1,33,9:05:00,9:05:00,400849,10.0,1
MV_A5-Weekday-050800_M5_519,M5,d1,34,9:07:04,9:07:04,400851,13.0,1
MV_A5-Weekday-050800_M5_519,M5,d1,35,9:08:16,9:08:16,400852,11.0,2
MV_A5-Weekday-050800_M5_519,M5,d1,36,9:10:01,9:10:01,400853,18.0,2
MV_A5-Weekday-050800_M5_519,M5,d1,37,9:11:08,9:11:08,400854,18.0,2
MV_A5-Weekday-050800_M5_519,M5,d1,38,9:15:03,9:15:03,403171,23.0,2
MV_A5-Weekday-050800_M5_519,M5,d1,39,9:19:00,9:19:00,400861,21.0,2
MV_A5-Weekday-050800_M5_519,M5,d1,40,9:23:27,9:23:27,403047,13.0,1
MV_A5-Weekday-050800_M5_519,M5,d1,41,9:27:00,9:27:00,402446,13.0,1
MV_A5-Weekday-050800_M5_519,M5,d1,42,9:31:20,9:31:20,450123,5.0,1
MV_A5-Weekday-050800_M5_519,M5,d1,43,9:37:00,9:37:00,400135,4.0,1
MV_A5-Weekday-050800_M5_519,M5,d1,44,9:38:28,9:38:28,400322,4.0,1
MV_A5-Weekday-050800_M5_519,M5,d1,45,9:39:56,9:39:56,400323,4.0,1
MV_A5-Weekday-050800_M5_519,M5,d1,46,9:41:30,9:41:30,400324,1.0,1
MV_A5-Weekday-050800_M5_519,M5,d1,47,9:44:00,9:44:00,803082,1.0,1
MV_A5-Weekday-087400_M5_525,M5,d1,1,14:34:00,14:34:00,403835,10.0,1
MV_A5-Weekday-087400_M5_525,M5,d1,2,14:36:00,14:36:00,400639,10.0,1
MV_A5-Weekday-087400_M5_525,M5,d1,3,14:38:03,14:38:03,400640,10.0,1
MV_A5-Weekday-087400_M5_525,M5,d1,4,14:39:41,14:39:41,400641,10.0,1
MV_A5-Weekday-087400_M5_525,M5,d1,5,14:41:00,14:41:00,400642,10.0,1
MV_A5-Weekday-087400_M5_525,M5,d1,6,14:41:58,14:41:58,400643,10.0,1
MV_A5-Weekday-087400_M5_525,M5,d1,7,14:42:58,14:42:58,400644,10.0,1
MV_A5-Weekday-087400_M5_525,M5,d1,8,14:44:05,14:44:05,400645,10.0,1
MV_A5-Weekday-087400_M5_525,M5,d1,9,14:45:23,14:45:23,400646,10.0,1
MV_A5-Weekday-087400_M5_525,M5,d1,10,14:46:46,14:46:46,400647,3.0,1
MV_A5-Weekday-087400_M5_525,M5,d1,11,14:47:53,14:47:53,400648,3.0,1
MV_A5-Weekday-087400_M5_525,M5,d1,12,14:48:58,14:48:58,400649,2.0,1
MV_A5-Weekday-087400_M5_525,M5,d1,13,14:50:00,14:50:00,403373,3.0,1
MV_A5-Weekday-087400_M5_525,M5,d1,14,14:51:43,14:51:43,403374,10.0,1
MV_A5-Weekday-087400_M5_525,M5,d1,15,14:52:45,14:52:45,403375,10.0,1
MV_A5-Weekday-087400_M5_525,M5,d1,16,14:53:46,14:53:46,403376,10.0,1
MV_A5-Weekday-087400_M5_525,M5,d1,17,14:55:00,14:55:00,403377,10.0,1
MV_A5-Weekday-087400_M5_525,M5,d1,18,14:56:51,14:56:51,400655,10.0,1
MV_A5-Weekday-087400_M5_525,M5,d1,19,14:58:30,14:58:30,400656,10.0,1
MV_A5-Weekday-087400_M5_525,M5,d1,20,15:00:14,15:00:14,400657,11.0,1
MV_A5-Weekday-087400_M5_525,M5,d1,21,15:01:26,15:01:26,400658,11.0,1
MV_A5-Weekday-087400_M5_525,M5,d1,22,15:03:13,15:03:13,400659,11.0,1
MV_A5-Weekday-087400_M5_525,M5,d1,23,15:04:00,15:04:00,403483,11.0,1
MV_A5-Weekday-087400_M5_525,M5,d1,24,15:06:28,15:06:28,400661,6.0,1
MV_A5-Weekday-087400_M5_525,M5,d1,25,15:07:46,15:07:46,400662,9.0,1
MV_A5-Weekday-087400_M5_525,M5,d1,26,15:09:03,15:09:03,400663,9.0,1
MV_A5-Weekday-087400_M5_525,M5,d1,27,15:11:00,15:11:00,803157,9.0,1
MV_A5-Weekday-087400_M5_525,M5,d1,28,15:13:00,15:13:00,404148,9.0,1
MV_A5-Weekday-087400_M5_525,M5,d1,29,15:15:07,15:15:07,403903,9.0,1
MV_A5-Weekday-087400_M5_525,M5,d1,30,15:16:10,15:16:10,403142,9.0,1
MV_A5-Weekday-087400_M5_525,M5,d1,31,15:17:20,15:17:20,403144,9.0,1
MV_A5-Weekday-087400_M5_525,M5,d1,32,15:19:10,15:19:10,403145,11.0,1
MV_A5-Weekday-087400_M5_525,M5,d1,33,15:20:26,15:20:26,405234,9.0,2
MV_A5-Weekday-087400_M5_525,M5,d1,34,15:22:36,15:22:36,403147,17.0,2
MV_A5-Weekday-087400_M5_525,M5,d1,35,15:23:47,15:23:47,403148,23.0,2
MV_A5-Weekday-087400_M5_525,M5,d1,36,15:24:56,15:24:56,403149,28.0,2
MV_A5-Weekday-087400_M5_525,M5,d1,37,15:26:24,15:26:24,400676,29.0,3
MV_A5-Weekday-087400_M5_525,M5,d1,38,15:28:16,15:28:16,400677,39.0,3
MV_A5-Weekday-087400_M5_525,M5,d1,39,15:30:11,15:30:11,400678,39.0,3
MV_A5-Weekday-087400_M5_525,M5,d1,40,15:31:00,15:31:00,400485,22.0,2
MV_A5-Weekday-087400_M5_525,M5,d1,41,15:32:43,15:32:43,400486,10.0,2
MV_A5-Weekday-087400_M5_525,M5,d1,42,15:35:00,15:35:00,400290,27.0,2
MV_A5-Weekday-087400_M5_525,M5,d1,43,15:37:15,15:37:15,404278,10.0,2
MV_A5-Weekday-087400_M5_525,M5,d1,44,15:39:00,15:39:00,400292,26.0,2
MV_A5-Weekday-087400_M5_525,M5,d1,45,15:41:05,15:41:05,400108,19.0,2
MV_A5-Weekday-087400_M5_525,M5,d1,46,15:42:43,15:42:43,400109,7.0,1
MV_A5-Weekday-087400_M5_525,M5,d1,47,15:44:15,15:44:15,400110,11.0,1
MV_A5-Weekday-087400_M5_525,M5,d1,48,15:45:56,15:45:56,400111,11.0,1
MV_A5-Weekday-087400_M5_525,M5,d1,49,15:48:51,15:48:51,404081,7.0,1
MV_A5-Weekday-087400_M5_525,M5,d1,50,15:50:52,15:50:52,404168,7.0,1
MV_A5-Weekday-087400_M5_525,M5,d1,51,15:52:06,15:52:06,400115,7.0,1
MV_A5-Weekday-087400_M5_525,M5,d1,52,15:53:45,15:53:45,400116,7.0,1
MV_A5-Weekday-087400_M5_525,M5,d1,53,15:55:14,15:55:14,400117,4.0,1
MV_A5-Weekday-087400_M5_525,M5,d1,54,15:57:28,15:57:28,400118,4.0,1
MV_A5-Weekday-087400_M5_525,M5,d1,55,15:59:37,15:59:37,400119,1.0,1
MV_A5-Weekday-087400_M5_525,M5,d1,56,16:02:52,16:02:52,400120,3.0,1
MV_A5-Weekday-087400_M5_525,M5,d1,57,16:04:10,16:04:10,400121,12.0,1
MV_A5-Weekday-087400_M5_525,M5,d1,58,16:05:33,16:05:33,400122,12.0,1
MV_A5-Weekday-087400_M5_525,M5,d1,59,16:07:06,16:07:06,400123,15.0,1
MV_A5-Weekday-087400_M5_525,M5,d1,60,16:10:00,16:10:00,400124,7.0,1
MV_A5-Weekday-087400_M5_525,M5,d1,61,16:12:13,16:12:13,400125,13.0,1
MV_A5-Weekday-087400_M5_525,M5,d1,62,16:14:48,16:14:48,400126,15.0,2
MV_A5-Weekday-087400_M5_525,M5,d1,63,16:16:43,16:16:43,400127,18.0,2
MV_A5-Weekday-087400_M5_525,M5,d1,64,16:18:02,16:18:02,400128,14.0,1
MV_A5-Weekday-087400_M5_525,M5,d1,65,16:19:39,16:19:39,400512,1.0,1
MV_A5-Weekday-087400_M5_525,M5,d1,66,16:23:05,16:23:05,403266,16.0,1
MV_A5-Weekday-087400_M5_525,M5,d1,67,16:25:26,16:25:26,400514,16.0,1
MV_A5-Weekday-087400_M5_525,M5,d1,68,16:27:50,16:27:50,400515,10.0,1
MV_A5-Weekday-087400_M5_525,M5,d1,69,16:30:14,16:30:14,400516,10.0,2
MV_A5-Weekday-087400_M5_525,M5,d1,70,16:31:52,16:31:52,405179,18.0,2
MV_A5-Weekday-087400_M5_525,M5,d1,71,16:34:00,16:34:00,400518,6.0,1
MV_A5-Weekday-087400_M5_525,M5,d1,72,16:36:25,16:36:25,400519,6.0,1
MV_A5-Weekday-087400_M5_525,M5,d1,73,16:37:51,16:37:51,405486,2.0,1
MV_A5-Weekday-087400_M5_525,M5,d1,74,16:41:00,16:41:00,903128,2.0,1
MV_A5-Weekday-100000_M5_540,M5,d1,1,16:40:00,16:40:00,400808,20.0,2
MV_A5-Weekday-100000_M5_540,M5,d1,2,16:41:19,16:41:19,400809,20.0,2
MV_A5-Weekday-100000_M5_540,M5,d1,3,16:42:24,16:42:24,400810,20.0,2
MV_A5-Weekday-100000_M5_540,M5,d1,4,16:43:30,16:43:30,400811,20.0,2
MV_A5-Weekday-100000_M5_540,M5,d1,5,16:44:16,16:44:16,400812,20.0,2
MV_A5-Weekday-100000_M5_540,M5,d1,6,16:46:11,16:46:11,404918,8.0,2
MV_A5-Weekday-100000_M5_540,M5,d1,7,16:47:47,16:47:47,400814,29.0,2
MV_A5-Weekday-100000_M5_540,M5,d1,8,16:48:45,16:48:45,400815,29.0,2
MV_A5-Weekday-100000_M5_540,M5,d1,9,16:49:47,16:49:47,400816,29.0,2
MV_A5-Weekday-100000_M5_540,M5,d1,10,16:51:00,16:51:00,400655,29.0,2
MV_A5-Weekday-100000_M5_540,M5,d1,11,16:53:28,16:53:28,400657,32.0,2
MV_A5-Weekday-100000_M5_540,M5,d1,12,16:56:12,16:56:12,403483,32.0,2
MV_A5-Weekday-100000_M5_540,M5,d1,13,16:58:42,16:58:42,400662,27.0,2
MV_A5-Weekday-100000_M5_540,M5,d1,14,17:01:00,17:01:00,404011,27.0,2
MV_A5-Weekday-100000_M5_540,M5,d1,15,17:01:26,17:01:26,404012,27.0,2
MV_A5-Weekday-100000_M5_540,M5,d1,16,17:03:46,17:03:46,404822,27.0,2
MV_A5-Weekday-100000_M5_540,M5,d1,17,17:05:02,17:05:02,404259,27.0,2
MV_A5-Weekday-100000_M5_540,M5,d1,18,17:05:56,17:05:56,405580,17.0,2
MV_A5-Weekday-100000_M5_540,M5,d1,19,17:06:49,17:06:49,400834,19.0,2
MV_A5-Weekday-100000_M5_540,M5,d1,20,17:07:23,17:07:23,400835,19.0,2
MV_A5-Weekday-100000_M5_540,M5,d1,21,17:07:54,17:07:54,400836,19.0,2
MV_A5-Weekday-100000_M5_540,M5,d1,22,17:08:59,17:08:59,400837,19.0,2
MV_A5-Weekday-100000_M5_540,M5,d1,23,17:09:31,17:09:31,400838,19.0,2
MV_A5-Weekday-100000_M5_540,M5,d1,24,17:10:05,17:10:05,404130,19.0,2
MV_A5-Weekday-100000_M5_540,M5,d1,25,17:11:16,17:11:16,400840,19.0,2
MV_A5-Weekday-100000_M5_540,M5,d1,26,17:12:00,17:12:00,400841,19.0,2
MV_A5-Weekday-100000_M5_540,M5,d1,27,17:13:24,17:13:24,404131,17.0,2
MV_A5-Weekday-100000_M5_540,M5,d1,28,17:14:40,17:14:40,400843,18.0,2
MV_A5-Weekday-100000_M5_540,M5,d1,29,17:15:57,17:15:57,404855,18.0,2
MV_A5-Weekday-100000_M5_540,M5,d1,30,17:17:13,17:17:13,400846,18.0,2
MV_A5-Weekday-100000_M5_540,M5,d1,31,17:18:08,17:18:08,400847,18.0,2
MV_A5-Weekday-100000_M5_540,M5,d1,32,17:19:06,17:19:06,400848,18.0,2
MV_A5-Weekday-100000_M5_540,M5,d1,33,17:20:00,17:20:00,400849,17.0,2
MV_A5-Weekday-100000_M5_540,M5,d1,34,17:22:12,17:22:12,400851,17.0,2
MV_A5-Weekday-100000_M5_540,M5,d1,35,17:23:30,17:23:30,400852,17.0,2
MV_A5-Weekday-100000_M5_540,M5,d1,36,17:25:22,17:25:22,400853,17.0,2
MV_A5-Weekday-100000_M5_540,M5,d1,37,17:26:35,17:26:35,400854,6.0,1
MV_A5-Weekday-100000_M5_540,M5,d1,38,17:30:46,17:30:46,403171,4.0,1
MV_A5-Weekday-100000_M5_540,M5,d1,39,17:35:00,17:35:00,400861,4.0,2
MV_A5-Weekday-100000_M5_540,M5,d1,40,17:40:56,17:40:56,403047,19.0,2
MV_A5-Weekday-100000_M5_540,M5,d1,41,17:45:41,17:45:41,402446,17.0,2
MV_A5-Weekday-100000_M5_540,M5,d1,42,17:51:27,17:51:27,450123,19.0,2
MV_A5-Weekday-100000_M5_540,M5,d1,43,17:59:00,17:59:00,400135,22.0,2
MV_A5-Weekday-100000_M5_540,M5,d1,44,18:00:28,18:00:28,400322,22.0,2
MV_A5-Weekday-100000_M5_540,M5,d1,45,18:01:56,18:01:56,400323,6.0,1
MV_A5-Weekday-100000_M5_540,M5,d1,46,18:03:30,18:03:30,400324,1.0,1
MV_A5-Weekday-100000_M5_540,M5,d1,47,18:06:00,18:06:00,803082,1.0,1
MV_A5-Weekday-SDon-108500_M5_519,M5,d1,1,18:05:00,18:05:00,403835,24.0,2
MV_A5-Weekday-SDon-108500_M5_519,M5,d1,2,18:07:00,18:07:00,400639,14.0,2
MV_A5-Weekday-SDon-108500_M5_519,M5,d1,3,18:08:54,18:08:54,400640,2.0,1
MV_A5-Weekday-SDon-108500_M5_519,M5,d1,4,18:10:25,18:10:25,400641,4.0,2
MV_A5-Weekday-SDon-108500_M5_519,M5,d1,5,18:11:39,18:11:39,400642,21.0,2
MV_A5-Weekday-SDon-108500_M5_519,M5,d1,6,18:12:33,18:12:33,400643,21.0,2
MV_A5-Weekday-SDon-108500_M5_519,M5,d1,7,18:13:28,18:13:28,400644,31.0,2
MV_A5-Weekday-SDon-108500_M5_519,M5,d1,8,18:14:31,18:14:31,400645,31.0,3
MV_A5-Weekday-SDon-108500_M5_519,M5,d1,9,18:15:43,18:15:43,400646,33.0,3
MV_A5-Weekday-SDon-108500_M5_519,M5,d1,10,18:16:59,18:16:59,400647,12.0,3
MV_A5-Weekday-SDon-108500_M5_519,M5,d1,11,18:18:02,18:18:02,400648,37.0,3
MV_A5-Weekday-SDon-108500_M5_519,M5,d1,12,18:19:03,18:19:03,400649,36.0,3
MV_A5-Weekday-SDon-108500_M5_519,M5,d1,13,18:20:00,18:20:00,403373,43.0,3
MV_A5-Weekday-SDon-108500_M5_519,M5,d1,14,18:21:51,18:21:51,403374,43.0,3
MV_A5-Weekday-SDon-108500_M5_519,M5,d1,15,18:22:56,18:22:56,403375,43.0,3
MV_A5-Weekday-SDon-108500_M5_519,M5,d1,16,18:24:02,18:24:02,403376,40.0,3
MV_A5-Weekday-SDon-108500_M5_519,M5,d1,17,18:25:21,18:25:21,403377,39.0,3
MV_A5-Weekday-SDon-108500_M5_519,M5,d1,18,18:27:21,18:27:21,400655,36.0,3
MV_A5-Weekday-SDon-108500_M5_519,M5,d1,19,18:29:06,18:29:06,400656,35.0,3
MV_A5-Weekday-SDon-108500_M5_519,M5,d1,20,18:30:58,18:30:58,400657,7.0,3
MV_A5-Weekday-SDon-108500_M5_519,M5,d1,21,18:32:15,18:32:15,400658,35.0,3
MV_A5-Weekday-SDon-108500_M5_519,M5,d1,22,18:34:10,18:34:10,400659,7.0,1
MV_A5-Weekday-SDon-108500_M5_519,M5,d1,23,18:35:00,18:35:00,403483,5.0,3
MV_A5-Weekday-SDon-108500_M5_519,M5,d1,24,18:36:25,18:36:25,400661,33.0,3
MV_A5-Weekday-SDon-108500_M5_519,M5,d1,25,18:37:09,18:37:09,400662,23.0,2
MV_A5-Weekday-SDon-108500_M5_519,M5,d1,26,18:37:53,18:37:53,400663,32.0,2
MV_A5-Weekday-SDon-108500_M5_519,M5,d1,27,18:39:00,18:39:00,803157,32.0,2
MV_A5-Weekday-SDon-072300_M5_523,M5,d1,1,12:03:00,12:03:00,400808,20.0,2
MV_A5-Weekday-SDon-072300_M5_523,M5,d1,2,12:04:19,12:04:19,400809,20.0,2
MV_A5-Weekday-SDon-072300_M5_523,M5,d1,3,12:05:24,12:05:24,400810,26.0,2
MV_A5-Weekday-SDon-072300_M5_523,M5,d1,4,12:06:30,12:06:30,400811,26.0,2
MV_A5-Weekday-SDon-072300_M5_523,M5,d1,5,12:07:16,12:07:16,400812,19.0,2
MV_A5-Weekday-SDon-072300_M5_523,M5,d1,6,12:09:11,12:09:11,404918,21.0,2
MV_A5-Weekday-SDon-072300_M5_523,M5,d1,7,12:10:47,12:10:47,400814,21.0,2
MV_A5-Weekday-SDon-072300_M5_523,M5,d1,8,12:11:45,12:11:45,400815,18.0,2
MV_A5-Weekday-SDon-072300_M5_523,M5,d1,9,12:12:47,12:12:47,400816,31.0,2
MV_A5-Weekday-SDon-072300_M5_523,M5,d1,10,12:14:00,12:14:00,400655,31.0,2
MV_A5-Weekday-SDon-072300_M5_523,M5,d1,11,12:16:28,12:16:28,400657,14.0,1
MV_A5-Weekday-SDon-072300_M5_523,M5,d1,12,12:19:12,12:19:12,403483,5.0,1
MV_A5-Weekday-SDon-072300_M5_523,M5,d1,13,12:21:42,12:21:42,400662,5.0,1
MV_A5-Weekday-SDon-072300_M5_523,M5,d1,14,12:24:00,12:24:00,404011,5.0,1
MV_A5-Weekday-SDon-072300_M5_523,M5,d1,15,12:24:26,12:24:26,404012,3.0,1
MV_A5-Weekday-SDon-072300_M5_523,M5,d1,16,12:26:46,12:26:46,404822,5.0,1
MV_A5-Weekday-SDon-072300_M5_523,M5,d1,17,12:28:02,12:28:02,404259,3.0,1
MV_A5-Weekday-SDon-072300_M5_523,M5,d1,18,12:28:56,12:28:56,405580,7.0,1
MV_A5-Weekday-SDon-072300_M5_523,M5,d1,19,12:29:49,12:29:49,400834,7.0,1
MV_A5-Weekday-SDon-072300_M5_523,M5,d1,20,12:30:23,12:30:23,400835,4.0,1
MV_A5-Weekday-SDon-072300_M5_523,M5,d1,21,12:30:54,12:30:54,400836,5.0,1
MV_A5-Weekday-SDon-072300_M5_523,M5,d1,22,12:31:59,12:31:59,400837,5.0,1
MV_A5-Weekday-SDon-072300_M5_523,M5,d1,23,12:32:31,12:32:31,400838,5.0,1
MV_A5-Weekday-SDon-072300_M5_523,M5,d1,24,12:33:05,12:33:05,404130,3.0,1
MV_A5-Weekday-SDon-072300_M5_523,M5,d1,25,12:34:16,12:34:16,400840,8.0,1
MV_A5-Weekday-SDon-072300_M5_523,M5,d1,26,12:35:00,12:35:00,400841,8.0,1
MV_A5-Weekday-SDon-072300_M5_523,M5,d1,27,12:36:24,12:36:24,404131,3.0,1
MV_A5-Weekday-SDon-072300_M5_523,M5,d1,28,12:37:40,12:37:40,400843,10.0,1
MV_A5-Weekday-SDon-072300_M5_523,M5,d1,29,12:38:57,12:38:57,404855,10.0,1
MV_A5-Weekday-SDon-072300_M5_523,M5,d1,30,12:40:13,12:40:13,400846,10.0,1
MV_A5-Weekday-SDon-072300_M5_523,M5,d1,31,12:41:08,12:41:08,400847,12.0,1
MV_A5-Weekday-SDon-072300_M5_523,M5,d1,32,12:42:06,12:42:06,400848,6.0,1
MV_A5-Weekday-SDon-072300_M5_523,M5,d1,33,12:43:00,12:43:00,400849,6.0,1
MV_A5-Weekday-SDon-072300_M5_523,M5,d1,34,12:45:12,12:45:12,400851,5.0,1
MV_A5-Weekday-SDon-072300_M5_523,M5,d1,35,12:46:30,12:46:30,400852,12.0,1
MV_A5-Weekday-SDon-072300_M5_523,M5,d1,36,12:48:22,12:48:22,400853,9.0,1
MV_A5-Weekday-SDon-072300_M5_523,M5,d1,37,12:49:35,12:49:35,400854,9.0,1
MV_A5-Weekday-SDon-072300_M5_523,M5,d1,38,12:53:46,12:53:46,403171,3.0,1
MV_A5-Weekday-SDon-072300_M5_523,M5,d1,39,12:58:00,12:58:00,400861,1.0,1
MV_A5-Weekday-SDon-072300_M5_523,M5,d1,40,13:03:56,13:03:56,403047,2.0,1
MV_A5-Weekday-SDon-072300_M5_523,M5,d1,41,13:08:41,13:08:41,402446,4.0,1
MV_A5-Weekday-SDon-072300_M5_523,M5,d1,42,13:14:27,13:14:27,450123,4.0,1
MV_A5-Weekday-SDon-072300_M5_523,M5,d1,43,13:22:00,13:22:00,400135,4.0,1
MV_A5-Weekday-SDon-072300_M5_523,M5,d1,44,13:23:28,13:23:28,400322,4.0,1
MV_A5-Weekday-SDon-072300_M5_523,M5,d1,45,13:24:56,13:24:56,400323,2.0,1
MV_A5-Weekday-SDon-072300_M5_523,M5,d1,46,13:26:30,13:26:30,400324,2.0,1
MV_A5-Weekday-SDon-072300_M5_523,M5,d1,47,13:29:00,13:29:00,803082,2.0,1
MV_A5-Weekday-SDon-095800_M5_541,M5,d1,1,15:58:00,15:58:00,400808,5.0,1
MV_A5-Weekday-SDon-095800_M5_541,M5,d1,2,15:59:19,15:59:19,400809,16.0,1
MV_A5-Weekday-SDon-095800_M5_541,M5,d1,3,16:00:24,16:00:24,400810,6.0,1
MV_A5-Weekday-SDon-095800_M5_541,M5,d1,4,16:01:30,16:01:30,400811,9.0,2
MV_A5-Weekday-SDon-095800_M5_541,M5,d1,5,16:02:16,16:02:16,400812,22.0,2
MV_A5-Weekday-SDon-095800_M5_541,M5,d1,6,16:04:11,16:04:11,404918,13.0,1
MV_A5-Weekday-SDon-095800_M5_541,M5,d1,7,16:05:47,16:05:47,400814,14.0,2
MV_A5-Weekday-SDon-095800_M5_541,M5,d1,8,16:06:45,16:06:45,400815,18.0,2
MV_A5-Weekday-SDon-095800_M5_541,M5,d1,9,16:07:47,16:07:47,400816,21.0,2
MV_A5-Weekday-SDon-095800_M5_541,M5,d1,10,16:09:00,16:09:00,400655,21.0,2
MV_A5-Weekday-SDon-095800_M5_541,M5,d1,11,16:11:28,16:11:28,400657,17.0,2
MV_A5-Weekday-SDon-095800_M5_541,M5,d1,12,16:14:12,16:14:12,403483,10.0,1
MV_A5-Weekday-SDon-095800_M5_541,M5,d1,13,16:16:42,16:16:42,400662,9.0,1
MV_A5-Weekday-SDon-095800_M5_541,M5,d1,14,16:19:00,16:19:00,404011,9.0,1
MV_A5-Weekday-SDon-095800_M5_541,M5,d1,15,16:19:26,16:19:26,404012,9.0,1
MV_A5-Weekday-SDon-095800_M5_541,M5,d1,16,16:21:46,16:21:46,404822,9.0,1
MV_A5-Weekday-SDon-095800_M5_541,M5,d1,17,16:23:02,16:23:02,404259,9.0,1
MV_A5-Weekday-SDon-095800_M5_541,M5,d1,18,16:23:56,16:23:56,405580,9.0,1
MV_A5-Weekday-SDon-095800_M5_541,M5,d1,19,16:24:49,16:24:49,400834,3.0,1
MV_A5-Weekday-SDon-095800_M5_541,M5,d1,20,16:25:23,16:25:23,400835,12.0,1
MV_A5-Weekday-SDon-095800_M5_541,M5,d1,21,16:25:54,16:25:54,400836,12.0,1
MV_A5-Weekday-SDon-095800_M5_541,M5,d1,22,16:26:59,16:26:59,400837,15.0,1
MV_A5-Weekday-SDon-095800_M5_541,M5,d1,23,16:27:31,16:27:31,400838,2.0,1
MV_A5-Weekday-SDon-095800_M5_541,M5,d1,24,16:28:05,16:28:05,404130,15.0,1
MV_A5-Weekday-SDon-095800_M5_541,M5,d1,25,16:29:16,16:29:16,400840,2.0,2
MV_A5-Weekday-SDon-095800_M5_541,M5,d1,26,16:30:00,16:30:00,400841,17.0,2
MV_A5-Weekday-SDon-095800_M5_541,M5,d1,27,16:31:24,16:31:24,404131,17.0,2
MV_A5-Weekday-SDon-095800_M5_541,M5,d1,28,16:32:40,16:32:40,400843,17.0,2
MV_A5-Weekday-SDon-095800_M5_541,M5,d1,29,16:33:57,16:33:57,404855,17.0,2
MV_A5-Weekday-SDon-095800_M5_541,M5,d1,30,16:35:13,16:35:13,400846,15.0,2
MV_A5-Weekday-SDon-095800_M5_541,M5,d1,31,16:36:08,16:36:08,400847,17.0,2
MV_A5-Weekday-SDon-095800_M5_541,M5,d1,32,16:37:06,16:37:06,400848,17.0,2
MV_A5-Weekday-SDon-095800_M5_541,M5,d1,33,16:38:00,16:38:00,400849,17.0,2
MV_A5-Weekday-SDon-095800_M5_541,M5,d1,34,16:40:12,16:40:12,400851,17.0,2
MV_A5-Weekday-SDon-095800_M5_541,M5,d1,35,16:41:30,16:41:30,400852,17.0,2
MV_A5-Weekday-SDon-095800_M5_541,M5,d1,36,16:43:22,16:43:22,400853,14.0,1
MV_A5-Weekday-SDon-095800_M5_541,M5,d1,37,16:44:35,16:44:35,400854,14.0,1
MV_A5-Weekday-SDon-095800_M5_541,M5,d1,38,16:48:46,16:48:46,403171,4.0,2
MV_A5-Weekday-SDon-095800_M5_541,M5,d1,39,16:53:00,16:53:00,400861,24.0,2
MV_A5-Weekday-SDon-095800_M5_541,M5,d1,40,16:58:56,16:58:56,403047,12.0,2
MV_A5-Weekday-SDon-095800_M5_541,M5,d1,41,17:03:41,17:03:41,402446,28.0,2
MV_A5-Weekday-SDon-095800_M5_541,M5,d1,42,17:09:27,17:09:27,450123,28.0,2
MV_A5-Weekday-SDon-095800_M5_541,M5,d1,43,17:17:00,17:17:00,400135,7.0,2
MV_A5-Weekday-SDon-095800_M5_541,M5,d1,44,17:18:28,17:18:28,400322,25.0,2
MV_A5-Weekday-SDon-095800_M5_541,M5,d1,45,17:19:56,17:19:56,400323,4.0,1
MV_A5-Weekday-SDon-095800_M5_541,M5,d1,46,17:21:30,17:21:30,400324,4.0,1
MV_A5-Weekday-SDon-095800_M5_541,M5,d1,47,17:24:00,17:24:00,803082,4.0,1
MV_A5-Weekday-SDon-121400_M5_526,M5,d1,1,20:14:00,20:14:00,400639,2.0,1
MV_A5-Weekday-SDon-121400_M5_526,M5,d1,2,20:15:28,20:15:28,400640,2.0,1
MV_A5-Weekday-SDon-121400_M5_526,M5,d1,3,20:16:38,20:16:38,400641,2.0,1
MV_A5-Weekday-SDon-121400_M5_526,M5,d1,4,20:17:34,20:17:34,400642,2.0,1
MV_A5-Weekday-SDon-121400_M5_526,M5,d1,5,20:18:16,20:18:16,400643,2.0,1
MV_A5-Weekday-SDon-121400_M5_526,M5,d1,6,20:18:59,20:18:59,400644,2.0,1
MV_A5-Weekday-SDon-121400_M5_526,M5,d1,7,20:19:47,20:19:47,400645,4.0,1
MV_A5-Weekday-SDon-121400_M5_526,M5,d1,8,20:20:42,20:20:42,400646,5.0,1
MV_A5-Weekday-SDon-121400_M5_526,M5,d1,9,20:21:41,20:21:41,400647,5.0,1
MV_A5-Weekday-SDon-121400_M5_526,M5,d1,10,20:22:29,20:22:29,400648,5.0,1
MV_A5-Weekday-SDon-121400_M5_526,M5,d1,11,20:23:16,20:23:16,400649,1.0,1
MV_A5-Weekday-SDon-121400_M5_526,M5,d1,12,20:24:00,20:24:00,403373,6.0,1
MV_A5-Weekday-SDon-121400_M5_526,M5,d1,13,20:25:29,20:25:29,403374,1.0,1
MV_A5-Weekday-SDon-121400_M5_526,M5,d1,14,20:26:21,20:26:21,403375,5.0,1
MV_A5-Weekday-SDon-121400_M5_526,M5,d1,15,20:27:14,20:27:14,403376,5.0,1
MV_A5-Weekday-SDon-121400_M5_526,M5,d1,16,20:28:17,20:28:17,403377,1.0,1
MV_A5-Weekday-SDon-121400_M5_526,M5,d1,17,20:29:53,20:29:53,400655,6.0,1
MV_A5-Weekday-SDon-121400_M5_526,M5,d1,18,20:31:17,20:31:17,400656,6.0,1
MV_A5-Weekday-SDon-121400_M5_526,M5,d1,19,20:32:47,20:32:47,400657,6.0,1
MV_A5-Weekday-SDon-121400_M5_526,M5,d1,20,20:33:48,20:33:48,400658,6.0,1
MV_A5-Weekday-SDon-121400_M5_526,M5,d1,21,20:35:20,20:35:20,400659,6.0,1
MV_A5-Weekday-SDon-121400_M5_526,M5,d1,22,20:36:00,20:36:00,403483,6.0,1
MV_A5-Weekday-SDon-121400_M5_526,M5,d1,23,20:37:25,20:37:25,400661,1.0,1
MV_A5-Weekday-SDon-121400_M5_526,M5,d1,24,20:38:09,20:38:09,400662,4.0,1
MV_A5-Weekday-SDon-121400_M5_526,M5,d1,25,20:38:53,20:38:53,400663,2.0,1
MV_A5-Weekday-SDon-121400_M5_526,M5,d1,26,20:40:00,20:40:00,803157,2.0,1
MV_A5-Weekday-SDon-040800_M5_502,M5,d1,1,6:48:00,6:48:00,400808,11.0,1
MV_A5-Weekday-SDon-040800_M5_502,M5,d1,2,6:49:04,6:49:04,400809,11.0,1
MV_A5-Weekday-SDon-040800_M5_502,M5,d1,3,6:49:58,6:49:58,400810,14.0,1
MV_A5-Weekday-SDon-040800_M5_502,M5,d1,4,6:50:52,6:50:52,400811,12.0,1
MV_A5-Weekday-SDon-040800_M5_502,M5,d1,5,6:51:29,6:51:29,400812,15.0,1
MV_A5-Weekday-SDon-040800_M5_502,M5,d1,6,6:53:03,6:53:03,404918,12.0,1
MV_A5-Weekday-SDon-040800_M5_502,M5,d1,7,6:54:22,6:54:22,400814,11.0,1
MV_A5-Weekday-SDon-040800_M5_502,M5,d1,8,6:55:10,6:55:10,400815,11.0,1
MV_A5-Weekday-SDon-040800_M5_502,M5,d1,9,6:56:00,6:56:00,400816,9.0,1
MV_A5-Weekday-SDon-040800_M5_502,M5,d1,10,6:57:00,6:57:00,400655,11.0,1
MV_A5-Weekday-SDon-040800_M5_502,M5,d1,11,6:59:13,6:59:13,400657,13.0,1
MV_A5-Weekday-SDon-040800_M5_502,M5,d1,12,7:01:41,7:01:41,403483,13.0,1
MV_A5-Weekday-SDon-040800_M5_502,M5,d1,13,7:03:56,7:03:56,400662,10.0,1
MV_A5-Weekday-SDon-040800_M5_502,M5,d1,14,7:06:00,7:06:00,404011,9.0,1
MV_A5-Weekday-SDon-040800_M5_502,M5,d1,15,7:06:21,7:06:21,404012,9.0,1
MV_A5-Weekday-SDon-040800_M5_502,M5,d1,16,7:08:16,7:08:16,404822,9.0,1
MV_A5-Weekday-SDon-040800_M5_502,M5,d1,17,7:09:18,7:09:18,404259,9.0,1
MV_A5-Weekday-SDon-040800_M5_502,M5,d1,18,7:10:03,7:10:03,405580,9.0,1
MV_A5-Weekday-SDon-040800_M5_502,M5,d1,19,7:10:46,7:10:46,400834,9.0,1
MV_A5-Weekday-SDon-040800_M5_502,M5,d1,20,7:11:13,7:11:13,400835,9.0,1
MV_A5-Weekday-SDon-040800_M5_502,M5,d1,21,7:11:39,7:11:39,400836,9.0,1
MV_A5-Weekday-SDon-040800_M5_502,M5,d1,22,7:12:32,7:12:32,400837,9.0,1
MV_A5-Weekday-SDon-040800_M5_502,M5,d1,23,7:12:58,7:12:58,400838,9.0,1
MV_A5-Weekday-SDon-040800_M5_502,M5,d1,24,7:13:26,7:13:26,404130,9.0,1
MV_A5-Weekday-SDon-040800_M5_502,M5,d1,25,7:14:24,7:14:24,400840,9.0,1
MV_A5-Weekday-SDon-040800_M5_502,M5,d1,26,7:15:00,7:15:00,400841,9.0,1
MV_A5-Weekday-SDon-040800_M5_502,M5,d1,27,7:16:03,7:16:03,404131,9.0,1
MV_A5-Weekday-SDon-040800_M5_502,M5,d1,28,7:17:00,7:17:00,400843,9.0,1
MV_A5-Weekday-SDon-040800_M5_502,M5,d1,29,7:17:58,7:17:58,404855,9.0,1
MV_A5-Weekday-SDon-040800_M5_502,M5,d1,30,7:18:55,7:18:55,400846,9.0,1
MV_A5-Weekday-SDon-040800_M5_502,M5,d1,31,7:19:36,7:19:36,400847,9.0,1
MV_A5-Weekday-SDon-040800_M5_502,M5,d1,32,7:20:20,7:20:20,400848,9.0,1
MV_A5-Weekday-SDon-040800_M5_502,M5,d1,33,7:21:00,7:21:00,400849,9.0,1
MV_A5-Weekday-SDon-040800_M5_502,M5,d1,34,7:22:37,7:22:37,400851,9.0,1
MV_A5-Weekday-SDon-040800_M5_502,M5,d1,35,7:23:34,7:23:34,400852,9.0,1
MV_A5-Weekday-SDon-040800_M5_502,M5,d1,36,7:24:56,7:24:56,400853,9.0,1
MV_A5-Weekday-SDon-040800_M5_502,M5,d1,37,7:25:49,7:25:49,400854,9.0,1
MV_A5-Weekday-SDon-040800_M5_502,M5,d1,38,7:28:54,7:28:54,403171,9.0,1
MV_A5-Weekday-SDon-040800_M5_502,M5,d1,39,7:32:00,7:32:00,400861,9.0,1
MV_A5-Weekday-SDon-040800_M5_502,M5,d1,40,7:35:13,7:35:13,403047,9.0,1
MV_A5-Weekday-SDon-040800_M5_502,M5,d1,41,7:37:47,7:37:47,402446,9.0,1
MV_A5-Weekday-SDon-040800_M5_502,M5,d1,42,7:40:55,7:40:55,450123,7.0,1
MV_A5-Weekday-SDon-040800_M5_502,M5,d1,43,7:45:00,7:45:00,400135,7.0,1
MV_A5-Weekday-SDon-040800_M5_502,M5,d1,44,7:46:28,7:46:28,400322,7.0,1
MV_A5-Weekday-SDon-040800_M5_502,M5,d1,45,7:47:56,7:47:56,400323,7.0,1
MV_A5-Weekday-SDon-040800_M5_502,M5,d1,46,7:49:30,7:49:30,400324,7.0,1
MV_A5-Weekday-SDon-040800_M5_502,M5,d1,47,7:52:00,7:52:00,803082,7.0,1
MV_A5-Weekday-SDon-124100_M5_532,M5,d1,1,20:41:00,20:41:00,400639,2.0,1
MV_A5-Weekday-SDon-124100_M5_532,M5,d1,2,20:42:19,20:42:19,400640,2.0,1
MV_A5-Weekday-SDon-124100_M5_532,M5,d1,3,20:43:22,20:43:22,400641,2.0,1
MV_A5-Weekday-SDon-124100_M5_532,M5,d1,4,20:44:13,20:44:13,400642,5.0,1
MV_A5-Weekday-SDon-124100_M5_532,M5,d1,5,20:44:50,20:44:50,400643,5.0,1
MV_A5-Weekday-SDon-124100_M5_532,M5,d1,6,20:45:29,20:45:29,400644,1.0,1
MV_A5-Weekday-SDon-124100_M5_532,M5,d1,7,20:46:12,20:46:12,400645,5.0,1
MV_A5-Weekday-SDon-124100_M5_532,M5,d1,8,20:47:02,20:47:02,400646,6.0,1
MV_A5-Weekday-SDon-124100_M5_532,M5,d1,9,20:47:55,20:47:55,400647,6.0,1
MV_A5-Weekday-SDon-124100_M5_532,M5,d1,10,20:48:38,20:48:38,400648,6.0,1
MV_A5-Weekday-SDon-124100_M5_532,M5,d1,11,20:49:20,20:49:20,400649,7.0,1
MV_A5-Weekday-SDon-124100_M5_532,M5,d1,12,20:50:00,20:50:00,403373,7.0,1
MV_A5-Weekday-SDon-124100_M5_532,M5,d1,13,20:51:14,20:51:14,403374,7.0,1
MV_A5-Weekday-SDon-124100_M5_532,M5,d1,14,20:51:58,20:51:58,403375,7.0,1
MV_A5-Weekday-SDon-124100_M5_532,M5,d1,15,20:52:41,20:52:41,403376,7.0,1
MV_A5-Weekday-SDon-124100_M5_532,M5,d1,16,20:53:34,20:53:34,403377,1.0,1
MV_A5-Weekday-SDon-124100_M5_532,M5,d1,17,20:54:54,20:54:54,400655,2.0,1
MV_A5-Weekday-SDon-124100_M5_532,M5,d1,18,20:56:04,20:56:04,400656,2.0,1
MV_A5-Weekday-SDon-124100_M5_532,M5,d1,19,20:57:19,20:57:19,400657,2.0,1
MV_A5-Weekday-SDon-124100_M5_532,M5,d1,20,20:58:10,20:58:10,400658,4.0,1
MV_A5-Weekday-SDon-124100_M5_532,M5,d1,21,20:59:27,20:59:27,400659,5.0,1
MV_A5-Weekday-SDon-124100_M5_532,M5,d1,22,21:00:00,21:00:00,403483,5.0,1
MV_A5-Weekday-SDon-124100_M5_532,M5,d1,23,21:01:25,21:01:25,400661,2.0,1
MV_A5-Weekday-SDon-124100_M5_532,M5,d1,24,21:02:09,21:02:09,400662,1.0,1
MV_A5-Weekday-SDon-124100_M5_532,M5,d1,25,21:02:53,21:02:53,400663,5.0,1
MV_A5-Weekday-SDon-124100_M5_532,M5,d1,26,21:04:00,21:04:00,803157,5.0,1
MV_A5-Weekday-SDon-097000_M5_537,M5,d1,1,16:10:00,16:10:00,400808,16.0,2
MV_A5-Weekday-SDon-097000_M5_537,M5,d1,2,16:11:19,16:11:19,400809,20.0,2
MV_A5-Weekday-SDon-097000_M5_537,M5,d1,3,16:12:24,16:12:24,400810,20.0,2
MV_A5-Weekday-SDon-097000_M5_537,M5,d1,4,16:13:30,16:13:30,400811,24.0,2
MV_A5-Weekday-SDon-097000_M5_537,M5,d1,5,16:14:16,16:14:16,400812,26.0,2
MV_A5-Weekday-SDon-097000_M5_537,M5,d1,6,16:16:11,16:16:11,404918,30.0,2
MV_A5-Weekday-SDon-097000_M5_537,M5,d1,7,16:17:47,16:17:47,400814,30.0,2
MV_A5-Weekday-SDon-097000_M5_537,M5,d1,8,16:18:45,16:18:45,400815,27.0,2
MV_A5-Weekday-SDon-097000_M5_537,M5,d1,9,16:19:47,16:19:47,400816,27.0,2
MV_A5-Weekday-SDon-097000_M5_537,M5,d1,10,16:21:00,16:21:00,400655,27.0,2
MV_A5-Weekday-SDon-097000_M5_537,M5,d1,11,16:23:28,16:23:28,400657,15.0,2
MV_A5-Weekday-SDon-097000_M5_537,M5,d1,12,16:26:12,16:26:12,403483,18.0,2
MV_A5-Weekday-SDon-097000_M5_537,M5,d1,13,16:28:42,16:28:42,400662,9.0,1
MV_A5-Weekday-SDon-097000_M5_537,M5,d1,14,16:31:00,16:31:00,404011,11.0,1
MV_A5-Weekday-SDon-097000_M5_537,M5,d1,15,16:31:26,16:31:26,404012,11.0,1
MV_A5-Weekday-SDon-097000_M5_537,M5,d1,16,16:33:46,16:33:46,404822,11.0,1
MV_A5-Weekday-SDon-097000_M5_537,M5,d1,17,16:35:02,16:35:02,404259,7.0,1
MV_A5-Weekday-SDon-097000_M5_537,M5,d1,18,16:35:56,16:35:56,405580,7.0,1
MV_A5-Weekday-SDon-097000_M5_537,M5,d1,19,16:36:49,16:36:49,400834,3.0,1
MV_A5-Weekday-SDon-097000_M5_537,M5,d1,20,16:37:23,16:37:23,400835,4.0,1
MV_A5-Weekday-SDon-097000_M5_537,M5,d1,21,16:37:54,16:37:54,400836,8.0,1
MV_A5-Weekday-SDon-097000_M5_537,M5,d1,22,16:38:59,16:38:59,400837,8.0,1
MV_A5-Weekday-SDon-097000_M5_537,M5,d1,23,16:39:31,16:39:31,400838,8.0,1
MV_A5-Weekday-SDon-097000_M5_537,M5,d1,24,16:40:05,16:40:05,404130,8.0,1
MV_A5-Weekday-SDon-097000_M5_537,M5,d1,25,16:41:16,16:41:16,400840,8.0,1
MV_A5-Weekday-SDon-097000_M5_537,M5,d1,26,16:42:00,16:42:00,400841,8.0,1
MV_A5-Weekday-SDon-097000_M5_537,M5,d1,27,16:43:24,16:43:24,404131,6.0,1
MV_A5-Weekday-SDon-097000_M5_537,M5,d1,28,16:44:40,16:44:40,400843,10.0,1
MV_A5-Weekday-SDon-097000_M5_537,M5,d1,29,16:45:57,16:45:57,404855,10.0,1
MV_A5-Weekday-SDon-097000_M5_537,M5,d1,30,16:47:13,16:47:13,400846,10.0,1
MV_A5-Weekday-SDon-097000_M5_537,M5,d1,31,16:48:08,16:48:08,400847,10.0,1
MV_A5-Weekday-SDon-097000_M5_537,M5,d1,32,16:49:06,16:49:06,400848,4.0,1
MV_A5-Weekday-SDon-097000_M5_537,M5,d1,33,16:50:00,16:50:00,400849,11.0,1
MV_A5-Weekday-SDon-097000_M5_537,M5,d1,34,16:52:12,16:52:12,400851,11.0,1
MV_A5-Weekday-SDon-097000_M5_537,M5,d1,35,16:53:30,16:53:30,400852,8.0,1
MV_A5-Weekday-SDon-097000_M5_537,M5,d1,36,16:55:22,16:55:22,400853,8.0,1
MV_A5-Weekday-SDon-097000_M5_537,M5,d1,37,16:56:35,16:56:35,400854,4.0,1
MV_A5-Weekday-SDon-097000_M5_537,M5,d1,38,17:00:46,17:00:46,403171,10.0,1
MV_A5-Weekday-SDon-097000_M5_537,M5,d1,39,17:05:00,17:05:00,400861,10.0,1
MV_A5-Weekday-SDon-097000_M5_537,M5,d1,40,17:10:56,17:10:56,403047,7.0,1
MV_A5-Weekday-SDon-097000_M5_537,M5,d1,41,17:15:41,17:15:41,402446,4.0,1
MV_A5-Weekday-SDon-097000_M5_537,M5,d1,42,17:21:27,17:21:27,450123,4.0,1
MV_A5-Weekday-SDon-097000_M5_537,M5,d1,43,17:29:00,17:29:00,400135,4.0,1
MV_A5-Weekday-SDon-097000_M5_537,M5,d1,44,17:30:28,17:30:28,400322,4.0,1
MV_A5-Weekday-SDon-097000_M5_537,M5,d1,45,17:31:56,17:31:56,400323,4.0,1
MV_A5-Weekday-SDon-097000_M5_537,M5,d1,46,17:33:30,17:33:30,400324,2.0,1
MV_A5-Weekday-SDon-097000_M5_537,M5,d1,47,17:36:00,17:36:00,803082,2.0,1
MV_A5-Weekday-095400_M5_526,M5,d1,1,15:54:00,15:54:00,403835,2.0,1
MV_A5-Weekday-095400_M5_526,M5,d1,2,15:56:00,15:56:00,400639,3.0,1
MV_A5-Weekday-095400_M5_526,M5,d1,3,15:58:03,15:58:03,400640,3.0,1
MV_A5-Weekday-095400_M5_526,M5,d1,4,15:59:41,15:59:41,400641,3.0,1
MV_A5-Weekday-095400_M5_526,M5,d1,5,16:01:00,16:01:00,400642,3.0,1
MV_A5-Weekday-095400_M5_526,M5,d1,6,16:01:58,16:01:58,400643,4.0,1
MV_A5-Weekday-095400_M5_526,M5,d1,7,16:02:58,16:02:58,400644,4.0,1
MV_A5-Weekday-095400_M5_526,M5,d1,8,16:04:05,16:04:05,400645,14.0,1
MV_A5-Weekday-095400_M5_526,M5,d1,9,16:05:23,16:05:23,400646,14.0,1
MV_A5-Weekday-095400_M5_526,M5,d1,10,16:06:46,16:06:46,400647,14.0,1
MV_A5-Weekday-095400_M5_526,M5,d1,11,16:07:53,16:07:53,400648,14.0,1
MV_A5-Weekday-095400_M5_526,M5,d1,12,16:08:58,16:08:58,400649,14.0,2
MV_A5-Weekday-095400_M5_526,M5,d1,13,16:10:00,16:10:00,403373,17.0,2
MV_A5-Weekday-095400_M5_526,M5,d1,14,16:11:51,16:11:51,403374,15.0,2
MV_A5-Weekday-095400_M5_526,M5,d1,15,16:12:56,16:12:56,403375,24.0,2
MV_A5-Weekday-095400_M5_526,M5,d1,16,16:14:02,16:14:02,403376,24.0,2
MV_A5-Weekday-095400_M5_526,M5,d1,17,16:15:21,16:15:21,403377,24.0,2
MV_A5-Weekday-095400_M5_526,M5,d1,18,16:17:21,16:17:21,400655,26.0,2
MV_A5-Weekday-095400_M5_526,M5,d1,19,16:19:06,16:19:06,400656,26.0,2
MV_A5-Weekday-095400_M5_526,M5,d1,20,16:20:58,16:20:58,400657,26.0,2
MV_A5-Weekday-095400_M5_526,M5,d1,21,16:22:15,16:22:15,400658,26.0,2
MV_A5-Weekday-095400_M5_526,M5,d1,22,16:24:10,16:24:10,400659,26.0,2
MV_A5-Weekday-095400_M5_526,M5,d1,23,16:25:00,16:25:00,403483,6.0,1
MV_A5-Weekday-095400_M5_526,M5,d1,24,16:27:07,16:27:07,400661,11.0,1
MV_A5-Weekday-095400_M5_526,M5,d1,25,16:28:14,16:28:14,400662,11.0,1
MV_A5-Weekday-095400_M5_526,M5,d1,26,16:29:20,16:29:20,400663,11.0,1
MV_A5-Weekday-095400_M5_526,M5,d1,27,16:31:00,16:31:00,803157,11.0,1
MV_A5-Weekday-095400_M5_526,M5,d1,28,16:33:00,16:33:00,404148,11.0,1
MV_A5-Weekday-095400_M5_526,M5,d1,29,16:35:07,16:35:07,403903,11.0,1
MV_A5-Weekday-095400_M5_526,M5,d1,30,16:36:10,16:36:10,403142,11.0,1
MV_A5-Weekday-095400_M5_526,M5,d1,31,16:37:20,16:37:20,403144,11.0,1
MV_A5-Weekday-095400_M5_526,M5,d1,32,16:39:10,16:39:10,403145,11.0,1
MV_A5-Weekday-095400_M5_526,M5,d1,33,16:40:26,16:40:26,405234,11.0,1
MV_A5-Weekday-095400_M5_526,M5,d1,34,16:42:36,16:42:36,403147,11.0,1
MV_A5-Weekday-095400_M5_526,M5,d1,35,16:43:47,16:43:47,403148,11.0,1
MV_A5-Weekday-095400_M5_526,M5,d1,36,16:44:56,16:44:56,403149,8.0,1
MV_A5-Weekday-095400_M5_526,M5,d1,37,16:46:24,16:46:24,400676,9.0,2
MV_A5-Weekday-095400_M5_526,M5,d1,38,16:48:16,16:48:16,400677,25.0,2
MV_A5-Weekday-095400_M5_526,M5,d1,39,16:50:11,16:50:11,400678,25.0,2
MV_A5-Weekday-095400_M5_526,M5,d1,40,16:51:00,16:51:00,400485,25.0,2
MV_A5-Weekday-095400_M5_526,M5,d1,41,16:52:43,16:52:43,400486,25.0,2
MV_A5-Weekday-095400_M5_526,M5,d1,42,16:55:00,16:55:00,400290,25.0,2
MV_A5-Weekday-095400_M5_526,M5,d1,43,16:57:15,16:57:15,404278,25.0,2
MV_A5-Weekday-095400_M5_526,M5,d1,44,16:59:00,16:59:00,400292,25.0,2
MV_A5-Weekday-095400_M5_526,M5,d1,45,17:00:33,17:00:33,400108,25.0,2
MV_A5-Weekday-095400_M5_526,M5,d1,46,17:01:46,17:01:46,400109,25.0,2
MV_A5-Weekday-095400_M5_526,M5,d1,47,17:02:54,17:02:54,400110,25.0,2
MV_A5-Weekday-095400_M5_526,M5,d1,48,17:04:08,17:04:08,400111,25.0,2
MV_A5-Weekday-095400_M5_526,M5,d1,49,17:06:18,17:06:18,404081,25.0,2
MV_A5-Weekday-095400_M5_526,M5,d1,50,17:07:48,17:07:48,404168,25.0,2
MV_A5-Weekday-095400_M5_526,M5,d1,51,17:08:43,17:08:43,400115,25.0,2
MV_A5-Weekday-095400_M5_526,M5,d1,52,17:09:57,17:09:57,400116,25.0,2
MV_A5-Weekday-095400_M5_526,M5,d1,53,17:11:03,17:11:03,400117,25.0,2
MV_A5-Weekday-095400_M5_526,M5,d1,54,17:12:42,17:12:42,400118,25.0,2
MV_A5-Weekday-095400_M5_526,M5,d1,55,17:14:18,17:14:18,400119,25.0,2
MV_A5-Weekday-095400_M5_526,M5,d1,56,17:16:42,17:16:42,400120,25.0,2
MV_A5-Weekday-095400_M5_526,M5,d1,57,17:17:40,17:17:40,400121,25.0,2
MV_A5-Weekday-095400_M5_526,M5,d1,58,17:18:42,17:18:42,400122,25.0,2
MV_A5-Weekday-095400_M5_526,M5,d1,59,17:19:51,17:19:51,400123,25.0,3
MV_A5-Weekday-095400_M5_526,M5,d1,60,17:22:00,17:22:00,400124,35.0,3
MV_A5-Weekday-095400_M5_526,M5,d1,61,17:24:13,17:24:13,400125,35.0,3
MV_A5-Weekday-095400_M5_526,M5,d1,62,17:26:48,17:26:48,400126,35.0,3
MV_A5-Weekday-095400_M5_526,M5,d1,63,17:28:43,17:28:43,400127,35.0,3
MV_A5-Weekday-095400_M5_526,M5,d1,64,17:30:02,17:30:02,400128,35.0,3
MV_A5-Weekday-095400_M5_526,M5,d1,65,17:31:39,17:31:39,400512,35.0,3
MV_A5-Weekday-095400_M5_526,M5,d1,66,17:35:05,17:35:05,403266,16.0,2
MV_A5-Weekday-095400_M5_526,M5,d1,67,17:37:26,17:37:26,400514,20.0,2
MV_A5-Weekday-095400_M5_526,M5,d1,68,17:39:50,17:39:50,400515,20.0,2
MV_A5-Weekday-095400_M5_526,M5,d1,69,17:42:14,17:42:14,400516,24.0,2
MV_A5-Weekday-095400_M5_526,M5,d1,70,17:43:52,17:43:52,405179,24.0,2
MV_A5-Weekday-095400_M5_526,M5,d1,71,17:46:00,17:46:00,400518,24.0,2
MV_A5-Weekday-095400_M5_526,M5,d1,72,17:48:25,17:48:25,400519,8.0,1
MV_A5-Weekday-095400_M5_526,M5,d1,73,17:49:51,17:49:51,405486,5.0,1
MV_A5-Weekday-095400_M5_526,M5,d1,74,17:53:00,17:53:00,903128,5.0,1
MV_A5-Weekday-SDon-063300_M5_514,M5,d1,1,10:33:00,10:33:00,400808,8.0,2
MV_A5-Weekday-SDon-063300_M5_514,M5,d1,2,10:34:12,10:34:12,400809,17.0,2
MV_A5-Weekday-SDon-063300_M5_514,M5,d1,3,10:35:11,10:35:11,400810,16.0,2
MV_A5-Weekday-SDon-063300_M5_514,M5,d1,4,10:36:11,10:36:11,400811,17.0,2
MV_A5-Weekday-SDon-063300_M5_514,M5,d1,5,10:36:52,10:36:52,400812,22.0,2
MV_A5-Weekday-SDon-063300_M5_514,M5,d1,6,10:38:37,10:38:37,404918,24.0,2
MV_A5-Weekday-SDon-063300_M5_514,M5,d1,7,10:40:04,10:40:04,400814,19.0,2
MV_A5-Weekday-SDon-063300_M5_514,M5,d1,8,10:40:58,10:40:58,400815,19.0,2
MV_A5-Weekday-SDon-063300_M5_514,M5,d1,9,10:41:54,10:41:54,400816,20.0,2
MV_A5-Weekday-SDon-063300_M5_514,M5,d1,10,10:43:00,10:43:00,400655,25.0,2
MV_A5-Weekday-SDon-063300_M5_514,M5,d1,11,10:45:28,10:45:28,400657,21.0,2
MV_A5-Weekday-SDon-063300_M5_514,M5,d1,12,10:48:12,10:48:12,403483,16.0,1
MV_A5-Weekday-SDon-063300_M5_514,M5,d1,13,10:50:42,10:50:42,400662,16.0,1
MV_A5-Weekday-SDon-063300_M5_514,M5,d1,14,10:53:00,10:53:00,404011,16.0,1
MV_A5-Weekday-SDon-063300_M5_514,M5,d1,15,10:53:23,10:53:23,404012,11.0,1
MV_A5-Weekday-SDon-063300_M5_514,M5,d1,16,10:55:31,10:55:31,404822,15.0,1
MV_A5-Weekday-SDon-063300_M5_514,M5,d1,17,10:56:40,10:56:40,404259,2.0,1
MV_A5-Weekday-SDon-063300_M5_514,M5,d1,18,10:57:29,10:57:29,405580,9.0,1
MV_A5-Weekday-SDon-063300_M5_514,M5,d1,19,10:58:17,10:58:17,400834,10.0,1
MV_A5-Weekday-SDon-063300_M5_514,M5,d1,20,10:58:48,10:58:48,400835,10.0,1
MV_A5-Weekday-SDon-063300_M5_514,M5,d1,21,10:59:17,10:59:17,400836,13.0,1
MV_A5-Weekday-SDon-063300_M5_514,M5,d1,22,11:00:15,11:00:15,400837,4.0,1
MV_A5-Weekday-SDon-063300_M5_514,M5,d1,23,11:00:44,11:00:44,400838,3.0,1
MV_A5-Weekday-SDon-063300_M5_514,M5,d1,24,11:01:15,11:01:15,404130,14.0,1
MV_A5-Weekday-SDon-063300_M5_514,M5,d1,25,11:02:20,11:02:20,400840,16.0,2
MV_A5-Weekday-SDon-063300_M5_514,M5,d1,26,11:03:00,11:03:00,400841,17.0,2
MV_A5-Weekday-SDon-063300_M5_514,M5,d1,27,11:04:24,11:04:24,404131,17.0,2
MV_A5-Weekday-SDon-063300_M5_514,M5,d1,28,11:05:40,11:05:40,400843,13.0,1
MV_A5-Weekday-SDon-063300_M5_514,M5,d1,29,11:06:57,11:06:57,404855,6.0,2
MV_A5-Weekday-SDon-063300_M5_514,M5,d1,30,11:08:13,11:08:13,400846,19.0,2
MV_A5-Weekday-SDon-063300_M5_514,M5,d1,31,11:09:08,11:09:08,400847,20.0,2
MV_A5-Weekday-SDon-063300_M5_514,M5,d1,32,11:10:06,11:10:06,400848,20.0,2
MV_A5-Weekday-SDon-063300_M5_514,M5,d1,33,11:11:00,11:11:00,400849,23.0,2
MV_A5-Weekday-SDon-063300_M5_514,M5,d1,34,11:13:12,11:13:12,400851,19.0,2
MV_A5-Weekday-SDon-063300_M5_514,M5,d1,35,11:14:30,11:14:30,400852,18.0,2
MV_A5-Weekday-SDon-063300_M5_514,M5,d1,36,11:16:22,11:16:22,400853,17.0,2
MV_A5-Weekday-SDon-063300_M5_514,M5,d1,37,11:17:35,11:17:35,400854,15.0,1
MV_A5-Weekday-SDon-063300_M5_514,M5,d1,38,11:21:46,11:21:46,403171,15.0,2
MV_A5-Weekday-SDon-063300_M5_514,M5,d1,39,11:26:00,11:26:00,400861,19.0,2
MV_A5-Weekday-SDon-063300_M5_514,M5,d1,40,11:30:27,11:30:27,403047,22.0,2
MV_A5-Weekday-SDon-063300_M5_514,M5,d1,41,11:34:00,11:34:00,402446,22.0,2
MV_A5-Weekday-SDon-063300_M5_514,M5,d1,42,11:38:20,11:38:20,450123,9.0,1
MV_A5-Weekday-SDon-063300_M5_514,M5,d1,43,11:44:00,11:44:00,400135,15.0,1
MV_A5-Weekday-SDon-063300_M5_514,M5,d1,44,11:45:28,11:45:28,400322,6.0,1
MV_A5-Weekday-SDon-063300_M5_514,M5,d1,45,11:46:56,11:46:56,400323,6.0,1
MV_A5-Weekday-SDon-063300_M5_514,M5,d1,46,11:48:30,11:48:30,400324,9.0,1
MV_A5-Weekday-SDon-063300_M5_514,M5,d1,47,11:51:00,11:51:00,803082,9.0,1
MV_A5-Weekday-048000_M5_501,M5,d1,1,8:00:00,8:00:00,400639,7.0,1
MV_A5-Weekday-048000_M5_501,M5,d1,2,8:02:11,8:02:11,400640,7.0,1
MV_A5-Weekday-048000_M5_501,M5,d1,3,8:03:57,8:03:57,400641,7.0,1
MV_A5-Weekday-048000_M5_501,M5,d1,4,8:05:21,8:05:21,400642,7.0,1
MV_A5-Weekday-048000_M5_501,M5,d1,5,8:06:24,8:06:24,400643,5.0,1
MV_A5-Weekday-048000_M5_501,M5,d1,6,8:07:28,8:07:28,400644,5.0,2
MV_A5-Weekday-048000_M5_501,M5,d1,7,8:08:40,8:08:40,400645,17.0,2
MV_A5-Weekday-048000_M5_501,M5,d1,8,8:10:04,8:10:04,400646,17.0,2
MV_A5-Weekday-048000_M5_501,M5,d1,9,8:11:32,8:11:32,400647,17.0,2
MV_A5-Weekday-048000_M5_501,M5,d1,10,8:12:44,8:12:44,400648,17.0,2
MV_A5-Weekday-048000_M5_501,M5,d1,11,8:13:54,8:13:54,400649,15.0,1
MV_A5-Weekday-048000_M5_501,M5,d1,12,8:15:00,8:15:00,403373,10.0,1
MV_A5-Weekday-048000_M5_501,M5,d1,13,8:16:21,8:16:21,403374,11.0,1
MV_A5-Weekday-048000_M5_501,M5,d1,14,8:17:09,8:17:09,403375,11.0,1
MV_A5-Weekday-048000_M5_501,M5,d1,15,8:17:58,8:17:58,403376,11.0,1
MV_A5-Weekday-048000_M5_501,M5,d1,16,8:18:56,8:18:56,403377,4.0,1
MV_A5-Weekday-048000_M5_501,M5,d1,17,8:20:23,8:20:23,400655,15.0,2
MV_A5-Weekday-048000_M5_501,M5,d1,18,8:26:00,8:26:00,403483,19.0,2
MV_A5-Weekday-048000_M5_501,M5,d1,19,8:29:00,8:29:00,803157,19.0,2
MV_A5-Weekday-048000_M5_501,M5,d1,20,8:30:00,8:30:00,903230,5.0,2
MV_A5-Weekday-048000_M5_501,M5,d1,21,8:32:36,8:32:36,403142,22.0,2
MV_A5-Weekday-048000_M5_501,M5,d1,22,8:35:06,8:35:06,403145,9.0,1
MV_A5-Weekday-048000_M5_501,M5,d1,23,8:37:59,8:37:59,403147,7.0,1
MV_A5-Weekday-048000_M5_501,M5,d1,24,8:41:10,8:41:10,400676,15.0,1
MV_A5-Weekday-048000_M5_501,M5,d1,25,8:42:43,8:42:43,400677,16.0,1
MV_A5-Weekday-048000_M5_501,M5,d1,26,8:44:19,8:44:19,400678,16.0,2
MV_A5-Weekday-048000_M5_501,M5,d1,27,8:45:00,8:45:00,400485,18.0,2
MV_A5-Weekday-048000_M5_501,M5,d1,28,8:46:56,8:46:56,400486,32.0,2
MV_A5-Weekday-048000_M5_501,M5,d1,29,8:49:30,8:49:30,400290,23.0,2
MV_A5-Weekday-048000_M5_501,M5,d1,30,8:52:02,8:52:02,404278,29.0,2
MV_A5-Weekday-048000_M5_501,M5,d1,31,8:54:00,8:54:00,400292,29.0,2
MV_A5-Weekday-048000_M5_501,M5,d1,32,8:56:10,8:56:10,400109,23.0,2
MV_A5-Weekday-048000_M5_501,M5,d1,33,8:58:01,8:58:01,400111,23.0,2
MV_A5-Weekday-048000_M5_501,M5,d1,34,9:00:53,9:00:53,404168,23.0,2
MV_A5-Weekday-048000_M5_501,M5,d1,35,9:05:58,9:05:58,400119,26.0,2
MV_A5-Weekday-048000_M5_501,M5,d1,36,9:08:37,9:08:37,400121,31.0,2
MV_A5-Weekday-048000_M5_501,M5,d1,37,9:12:00,9:12:00,400124,31.0,2
MV_A5-Weekday-048000_M5_501,M5,d1,38,9:15:20,9:15:20,400126,28.0,2
MV_A5-Weekday-048000_M5_501,M5,d1,39,9:18:42,9:18:42,400512,12.0,1
MV_A5-Weekday-048000_M5_501,M5,d1,40,9:21:05,9:21:05,403266,3.0,1
MV_A5-Weekday-048000_M5_501,M5,d1,41,9:26:04,9:26:04,400516,3.0,1
MV_A5-Weekday-048000_M5_501,M5,d1,42,9:29:00,9:29:00,400518,2.0,1
MV_A5-Weekday-048000_M5_501,M5,d1,43,9:31:45,9:31:45,405486,2.0,1
MV_A5-Weekday-048000_M5_501,M5,d1,44,9:34:00,9:34:00,903128,2.0,1
MV_A5-Weekday-SDon-090000_M5_533,M5,d1,1,15:00:00,15:00:00,400808,29.0,2
MV_A5-Weekday-SDon-090000_M5_533,M5,d1,2,15:01:19,15:01:19,400809,29.0,2
MV_A5-Weekday-SDon-090000_M5_533,M5,d1,3,15:02:24,15:02:24,400810,29.0,2
MV_A5-Weekday-SDon-090000_M5_533,M5,d1,4,15:03:30,15:03:30,400811,29.0,2
MV_A5-Weekday-SDon-090000_M5_533,M5,d1,5,15:04:16,15:04:16,400812,29.0,2
MV_A5-Weekday-SDon-090000_M5_533,M5,d1,6,15:06:11,15:06:11,404918,29.0,2
MV_A5-Weekday-SDon-090000_M5_533,M5,d1,7,15:07:47,15:07:47,400814,29.0,2
MV_A5-Weekday-SDon-090000_M5_533,M5,d1,8,15:08:45,15:08:45,400815,29.0,2
MV_A5-Weekday-SDon-090000_M5_533,M5,d1,9,15:09:47,15:09:47,400816,29.0,2
MV_A5-Weekday-SDon-090000_M5_533,M5,d1,10,15:11:00,15:11:00,400655,26.0,2
MV_A5-Weekday-SDon-090000_M5_533,M5,d1,11,15:13:28,15:13:28,400657,27.0,2
MV_A5-Weekday-SDon-090000_M5_533,M5,d1,12,15:16:12,15:16:12,403483,27.0,2
MV_A5-Weekday-SDon-090000_M5_533,M5,d1,13,15:18:42,15:18:42,400662,27.0,2
MV_A5-Weekday-SDon-090000_M5_533,M5,d1,14,15:21:00,15:21:00,404011,27.0,2
MV_A5-Weekday-SDon-090000_M5_533,M5,d1,15,15:21:26,15:21:26,404012,27.0,2
MV_A5-Weekday-SDon-090000_M5_533,M5,d1,16,15:23:46,15:23:46,404822,27.0,2
MV_A5-Weekday-SDon-090000_M5_533,M5,d1,17,15:25:02,15:25:02,404259,10.0,1
MV_A5-Weekday-SDon-090000_M5_533,M5,d1,18,15:25:56,15:25:56,405580,10.0,1
MV_A5-Weekday-SDon-090000_M5_533,M5,d1,19,15:26:49,15:26:49,400834,10.0,1
MV_A5-Weekday-SDon-090000_M5_533,M5,d1,20,15:27:23,15:27:23,400835,3.0,1
MV_A5-Weekday-SDon-090000_M5_533,M5,d1,21,15:27:54,15:27:54,400836,3.0,1
MV_A5-Weekday-SDon-090000_M5_533,M5,d1,22,15:28:59,15:28:59,400837,3.0,1
MV_A5-Weekday-SDon-090000_M5_533,M5,d1,23,15:29:31,15:29:31,400838,11.0,1
MV_A5-Weekday-SDon-090000_M5_533,M5,d1,24,15:30:05,15:30:05,404130,11.0,1
MV_A5-Weekday-SDon-090000_M5_533,M5,d1,25,15:31:16,15:31:16,400840,11.0,1
MV_A5-Weekday-SDon-090000_M5_533,M5,d1,26,15:32:00,15:32:00,400841,1.0,1
MV_A5-Weekday-SDon-090000_M5_533,M5,d1,27,15:33:24,15:33:24,404131,11.0,1
MV_A5-Weekday-SDon-090000_M5_533,M5,d1,28,15:34:40,15:34:40,400843,15.0,1
MV_A5-Weekday-SDon-090000_M5_533,M5,d1,29,15:35:57,15:35:57,404855,16.0,1
MV_A5-Weekday-SDon-090000_M5_533,M5,d1,30,15:37:13,15:37:13,400846,16.0,1
MV_A5-Weekday-SDon-090000_M5_533,M5,d1,31,15:38:08,15:38:08,400847,16.0,1
MV_A5-Weekday-SDon-090000_M5_533,M5,d1,32,15:39:06,15:39:06,400848,16.0,1
MV_A5-Weekday-SDon-090000_M5_533,M5,d1,33,15:40:00,15:40:00,400849,16.0,1
MV_A5-Weekday-SDon-090000_M5_533,M5,d1,34,15:42:12,15:42:12,400851,16.0,1
MV_A5-Weekday-SDon-090000_M5_533,M5,d1,35,15:43:30,15:43:30,400852,14.0,1
MV_A5-Weekday-SDon-090000_M5_533,M5,d1,36,15:45:22,15:45:22,400853,15.0,1
MV_A5-Weekday-SDon-090000_M5_533,M5,d1,37,15:46:35,15:46:35,400854,15.0,2
MV_A5-Weekday-SDon-090000_M5_533,M5,d1,38,15:50:46,15:50:46,403171,24.0,2
MV_A5-Weekday-SDon-090000_M5_533,M5,d1,39,15:55:00,15:55:00,400861,25.0,2
MV_A5-Weekday-SDon-090000_M5_533,M5,d1,40,16:00:56,16:00:56,403047,20.0,2
MV_A5-Weekday-SDon-090000_M5_533,M5,d1,41,16:05:41,16:05:41,402446,11.0,1
MV_A5-Weekday-SDon-090000_M5_533,M5,d1,42,16:11:27,16:11:27,450123,9.0,1
MV_A5-Weekday-SDon-090000_M5_533,M5,d1,43,16:19:00,16:19:00,400135,9.0,1
MV_A5-Weekday-SDon-090000_M5_533,M5,d1,44,16:20:28,16:20:28,400322,9.0,1
MV_A5-Weekday-SDon-090000_M5_533,M5,d1,45,16:21:56,16:21:56,400323,9.0,1
MV_A5-Weekday-SDon-090000_M5_533,M5,d1,46,16:23:30,16:23:30,400324,9.0,1
MV_A5-Weekday-SDon-090000_M5_533,M5,d1,47,16:26:00,16:26:00,803082,9.0,1
MV_A5-Weekday-SDon-118700_M5_539,M5,d1,1,19:47:00,19:47:00,400639,1.0,1
MV_A5-Weekday-SDon-118700_M5_539,M5,d1,2,19:48:28,19:48:28,400640,2.0,1
MV_A5-Weekday-SDon-118700_M5_539,M5,d1,3,19:49:38,19:49:38,400641,3.0,1
MV_A5-Weekday-SDon-118700_M5_539,M5,d1,4,19:50:34,19:50:34,400642,2.0,1
MV_A5-Weekday-SDon-118700_M5_539,M5,d1,5,19:51:16,19:51:16,400643,3.0,1
MV_A5-Weekday-SDon-118700_M5_539,M5,d1,6,19:51:59,19:51:59,400644,3.0,1
MV_A5-Weekday-SDon-118700_M5_539,M5,d1,7,19:52:47,19:52:47,400645,6.0,1
MV_A5-Weekday-SDon-118700_M5_539,M5,d1,8,19:53:42,19:53:42,400646,6.0,1
MV_A5-Weekday-SDon-118700_M5_539,M5,d1,9,19:54:41,19:54:41,400647,6.0,1
MV_A5-Weekday-SDon-118700_M5_539,M5,d1,10,19:55:29,19:55:29,400648,6.0,1
MV_A5-Weekday-SDon-118700_M5_539,M5,d1,11,19:56:16,19:56:16,400649,6.0,1
MV_A5-Weekday-SDon-118700_M5_539,M5,d1,12,19:57:00,19:57:00,403373,4.0,1
MV_A5-Weekday-SDon-118700_M5_539,M5,d1,13,19:58:29,19:58:29,403374,5.0,1
MV_A5-Weekday-SDon-118700_M5_539,M5,d1,14,19:59:21,19:59:21,403375,5.0,1
MV_A5-Weekday-SDon-118700_M5_539,M5,d1,15,20:00:14,20:00:14,403376,5.0,1
MV_A5-Weekday-SDon-118700_M5_539,M5,d1,16,20:01:17,20:01:17,403377,7.0,1
MV_A5-Weekday-SDon-118700_M5_539,M5,d1,17,20:02:53,20:02:53,400655,10.0,1
MV_A5-Weekday-SDon-118700_M5_539,M5,d1,18,20:04:17,20:04:17,400656,10.0,1
MV_A5-Weekday-SDon-118700_M5_539,M5,d1,19,20:05:47,20:05:47,400657,10.0,1
MV_A5-Weekday-SDon-118700_M5_539,M5,d1,20,20:06:48,20:06:48,400658,5.0,1
MV_A5-Weekday-SDon-118700_M5_539,M5,d1,21,20:08:20,20:08:20,400659,5.0,1
MV_A5-Weekday-SDon-118700_M5_539,M5,d1,22,20:09:00,20:09:00,403483,5.0,1
MV_A5-Weekday-SDon-118700_M5_539,M5,d1,23,20:10:25,20:10:25,400661,4.0,1
MV_A5-Weekday-SDon-118700_M5_539,M5,d1,24,20:11:09,20:11:09,400662,3.0,1
MV_A5-Weekday-SDon-118700_M5_539,M5,d1,25,20:11:53,20:11:53,400663,8.0,1
MV_A5-Weekday-SDon-118700_M5_539,M5,d1,26,20:13:00,20:13:00,803157,6.0,1
MV_A5-Weekday-SDon-118700_M5_539,M5,d1,27,20:14:00,20:14:00,404148,4.0,1
MV_A5-Weekday-SDon-118700_M5_539,M5,d1,28,20:15:53,20:15:53,403903,6.0,1
MV_A5-Weekday-SDon-118700_M5_539,M5,d1,29,20:16:49,20:16:49,403142,4.0,1
MV_A5-Weekday-SDon-118700_M5_539,M5,d1,30,20:17:51,20:17:51,403144,8.0,1
MV_A5-Weekday-SDon-118700_M5_539,M5,d1,31,20:19:29,20:19:29,403145,8.0,1
MV_A5-Weekday-SDon-118700_M5_539,M5,d1,32,20:20:36,20:20:36,405234,8.0,1
MV_A5-Weekday-SDon-118700_M5_539,M5,d1,33,20:22:32,20:22:32,403147,8.0,1
MV_A5-Weekday-SDon-118700_M5_539,M5,d1,34,20:23:35,20:23:35,403148,6.0,1
MV_A5-Weekday-SDon-118700_M5_539,M5,d1,35,20:24:36,20:24:36,403149,10.0,1
MV_A5-Weekday-SDon-118700_M5_539,M5,d1,36,20:25:55,20:25:55,400676,13.0,1
MV_A5-Weekday-SDon-118700_M5_539,M5,d1,37,20:27:34,20:27:34,400677,12.0,1
MV_A5-Weekday-SDon-118700_M5_539,M5,d1,38,20:29:16,20:29:16,400678,8.0,1
MV_A5-Weekday-SDon-118700_M5_539,M5,d1,39,20:30:00,20:30:00,400485,10.0,1
MV_A5-Weekday-SDon-118700_M5_539,M5,d1,40,20:31:17,20:31:17,400486,10.0,1
MV_A5-Weekday-SDon-118700_M5_539,M5,d1,41,20:33:00,20:33:00,400290,9.0,1
MV_A5-Weekday-SDon-118700_M5_539,M5,d1,42,20:34:41,20:34:41,404278,9.0,1
MV_A5-Weekday-SDon-118700_M5_539,M5,d1,43,20:36:00,20:36:00,400292,7.0,1
MV_A5-Weekday-SDon-118700_M5_539,M5,d1,44,20:36:44,20:36:44,400108,7.0,1
MV_A5-Weekday-SDon-118700_M5_539,M5,d1,45,20:37:19,20:37:19,400109,2.0,1
MV_A5-Weekday-SDon-118700_M5_539,M5,d1,46,20:37:52,20:37:52,400110,2.0,1
MV_A5-Weekday-SDon-118700_M5_539,M5,d1,47,20:38:27,20:38:27,400111,1.0,1
MV_A5-Weekday-SDon-118700_M5_539,M5,d1,48,20:39:30,20:39:30,404081,4.0,1
MV_A5-Weekday-SDon-118700_M5_539,M5,d1,49,20:40:13,20:40:13,404168,4.0,1
MV_A5-Weekday-SDon-118700_M5_539,M5,d1,50,20:40:39,20:40:39,400115,4.0,1
MV_A5-Weekday-SDon-118700_M5_539,M5,d1,51,20:41:14,20:41:14,400116,4.0,1
MV_A5-Weekday-SDon-118700_M5_539,M5,d1,52,20:41:46,20:41:46,400117,4.0,1
MV_A5-Weekday-SDon-118700_M5_539,M5,d1,53,20:42:33,20:42:33,400118,1.0,1
MV_A5-Weekday-SDon-118700_M5_539,M5,d1,54,20:43:19,20:43:19,400119,1.0,1
MV_A5-Weekday-SDon-118700_M5_539,M5,d1,55,20:44:28,20:44:28,400120,3.0,1
MV_A5-Weekday-SDon-118700_M5_539,M5,d1,56,20:44:56,20:44:56,400121,3.0,1
MV_A5-Weekday-SDon-118700_M5_539,M5,d1,57,20:45:25,20:45:25,400122,1.0,1
MV_A5-Weekday-SDon-118700_M5_539,M5,d1,58,20:45:58,20:45:58,400123,3.0,1
MV_A5-Weekday-SDon-118700_M5_539,M5,d1,59,20:47:00,20:47:00,400124,3.0,1
MV_A5-Weekday-SDon-118700_M5_539,M5,d1,60,20:48:12,20:48:12,400125,1.0,1
MV_A5-Weekday-SDon-118700_M5_539,M5,d1,61,20:49:36,20:49:36,400126,3.0,1
MV_A5-Weekday-SDon-118700_M5_539,M5,d1,62,20:50:39,20:50:39,400127,3.0,1
MV_A5-Weekday-SDon-118700_M5_539,M5,d1,63,20:51:21,20:51:21,400128,3.0,1
MV_A5-Weekday-SDon-118700_M5_539,M5,d1,64,20:52:14,20:52:14,400512,3.0,1
MV_A5-Weekday-SDon-118700_M5_539,M5,d1,65,20:54:05,20:54:05,403266,3.0,1
MV_A5-Weekday-SDon-118700_M5_539,M5,d1,66,20:55:21,20:55:21,400514,3.0,1
MV_A5-Weekday-SDon-118700_M5_539,M5,d1,67,20:56:40,20:56:40,400515,3.0,1
MV_A5-Weekday-SDon-118700_M5_539,M5,d1,68,20:57:58,20:57:58,400516,3.0,1
MV_A5-Weekday-SDon-118700_M5_539,M5,d1,69,20:58:51,20:58:51,405179,3.0,1
MV_A5-Weekday-SDon-118700_M5_539,M5,d1,70,21:00:00,21:00:00,400518,1.0,1
MV_A5-Weekday-SDon-118700_M5_539,M5,d1,71,21:01:23,21:01:23,400519,3.0,1
MV_A5-Weekday-SDon-118700_M5_539,M5,d1,72,21:02:12,21:02:12,405486,3.0,1
MV_A5-Weekday-SDon-118700_M5_539,M5,d1,73,21:04:00,21:04:00,903128,3.0,1
MV_A5-Weekday-SDon-028000_M5_502,M5,d1,1,4:40:00,4:40:00,404011,1.0,1
MV_A5-Weekday-SDon-028000_M5_502,M5,d1,2,4:40:19,4:40:19,404012,1.0,1
MV_A5-Weekday-SDon-028000_M5_502,M5,d1,3,4:42:01,4:42:01,404822,1.0,1
MV_A5-Weekday-SDon-028000_M5_502,M5,d1,4,4:42:56,4:42:56,404259,1.0,1
MV_A5-Weekday-SDon-028000_M5_502,M5,d1,5,4:43:36,4:43:36,405580,1.0,1
MV_A5-Weekday-SDon-028000_M5_502,M5,d1,6,4:44:14,4:44:14,400834,1.0,1
MV_A5-Weekday-SDon-028000_M5_502,M5,d1,7,4:44:38,4:44:38,400835,1.0,1
MV_A5-Weekday-SDon-028000_M5_502,M5,d1,8,4:45:01,4:45:01,400836,1.0,1
MV_A5-Weekday-SDon-028000_M5_502,M5,d1,9,4:45:48,4:45:48,400837,1.0,1
MV_A5-Weekday-SDon-028000_M5_502,M5,d1,10,4:46:11,4:46:11,400838,1.0,1
MV_A5-Weekday-SDon-028000_M5_502,M5,d1,11,4:46:36,4:46:36,404130,1.0,1
MV_A5-Weekday-SDon-028000_M5_502,M5,d1,12,4:47:28,4:47:28,400840,1.0,1
MV_A5-Weekday-SDon-028000_M5_502,M5,d1,13,4:48:00,4:48:00,400841,1.0,1
MV_A5-Weekday-SDon-028000_M5_502,M5,d1,14,4:48:52,4:48:52,404131,1.0,1
MV_A5-Weekday-SDon-028000_M5_502,M5,d1,15,4:49:40,4:49:40,400843,1.0,1
MV_A5-Weekday-SDon-028000_M5_502,M5,d1,16,4:50:28,4:50:28,404855,1.0,1
MV_A5-Weekday-SDon-028000_M5_502,M5,d1,17,4:51:16,4:51:16,400846,1.0,1
MV_A5-Weekday-SDon-028000_M5_502,M5,d1,18,4:51:50,4:51:50,400847,1.0,1
MV_A5-Weekday-SDon-028000_M5_502,M5,d1,19,4:52:26,4:52:26,400848,1.0,1
MV_A5-Weekday-SDon-028000_M5_502,M5,d1,20,4:53:00,4:53:00,400849,1.0,1
MV_A5-Weekday-SDon-028000_M5_502,M5,d1,21,4:54:28,4:54:28,400851,1.0,1
MV_A5-Weekday-SDon-028000_M5_502,M5,d1,22,4:55:20,4:55:20,400852,1.0,1
MV_A5-Weekday-SDon-028000_M5_502,M5,d1,23,4:56:35,4:56:35,400853,1.0,1
MV_A5-Weekday-SDon-028000_M5_502,M5,d1,24,4:57:23,4:57:23,400854,1.0,1
MV_A5-Weekday-SDon-028000_M5_502,M5,d1,25,4:58:27,4:58:27,403169,2.0,1
MV_A5-Weekday-SDon-028000_M5_502,M5,d1,26,4:59:08,4:59:08,400856,2.0,1
MV_A5-Weekday-SDon-028000_M5_502,M5,d1,27,5:00:11,5:00:11,403171,4.0,1
MV_A5-Weekday-SDon-028000_M5_502,M5,d1,28,5:00:55,5:00:55,400858,4.0,1
MV_A5-Weekday-SDon-028000_M5_502,M5,d1,29,5:02:05,5:02:05,400860,4.0,1
MV_A5-Weekday-SDon-028000_M5_502,M5,d1,30,5:03:00,5:03:00,400861,4.0,1
MV_A5-Weekday-SDon-028000_M5_502,M5,d1,31,5:03:17,5:03:17,403781,4.0,1
MV_A5-Weekday-SDon-028000_M5_502,M5,d1,32,5:04:14,5:04:14,403047,2.0,1
MV_A5-Weekday-SDon-028000_M5_502,M5,d1,33,5:05:13,5:05:13,402446,2.0,1
MV_A5-Weekday-SDon-028000_M5_502,M5,d1,34,5:05:38,5:05:38,403266,1.0,1
MV_A5-Weekday-SDon-028000_M5_502,M5,d1,35,5:06:05,5:06:05,400131,1.0,1
MV_A5-Weekday-SDon-028000_M5_502,M5,d1,36,5:06:26,5:06:26,450123,1.0,1
MV_A5-Weekday-SDon-028000_M5_502,M5,d1,37,5:07:07,5:07:07,400133,1.0,1
MV_A5-Weekday-SDon-028000_M5_502,M5,d1,38,5:07:28,5:07:28,404180,1.0,1
MV_A5-Weekday-SDon-028000_M5_502,M5,d1,39,5:08:00,5:08:00,400135,1.0,1
MV_A5-Weekday-SDon-028000_M5_502,M5,d1,40,5:10:31,5:10:31,400322,1.0,1
MV_A5-Weekday-SDon-028000_M5_502,M5,d1,41,5:13:01,5:13:01,400323,1.0,1
MV_A5-Weekday-SDon-028000_M5_502,M5,d1,42,5:15:43,5:15:43,400324,1.0,1
MV_A5-Weekday-SDon-028000_M5_502,M5,d1,43,5:20:00,5:20:00,803082,1.0,1
MV_A5-Weekday-109000_M5_535,M5,d1,1,18:10:00,18:10:00,400808,16.0,1
MV_A5-Weekday-109000_M5_535,M5,d1,2,18:11:19,18:11:19,400809,16.0,1
MV_A5-Weekday-109000_M5_535,M5,d1,3,18:12:24,18:12:24,400810,16.0,1
MV_A5-Weekday-109000_M5_535,M5,d1,4,18:13:30,18:13:30,400811,16.0,1
MV_A5-Weekday-109000_M5_535,M5,d1,5,18:14:16,18:14:16,400812,16.0,1
MV_A5-Weekday-109000_M5_535,M5,d1,6,18:16:11,18:16:11,404918,16.0,1
MV_A5-Weekday-109000_M5_535,M5,d1,7,18:17:47,18:17:47,400814,16.0,1
MV_A5-Weekday-109000_M5_535,M5,d1,8,18:18:45,18:18:45,400815,16.0,1
MV_A5-Weekday-109000_M5_535,M5,d1,9,18:19:47,18:19:47,400816,16.0,2
MV_A5-Weekday-109000_M5_535,M5,d1,10,18:21:00,18:21:00,400655,17.0,2
MV_A5-Weekday-109000_M5_535,M5,d1,11,18:23:13,18:23:13,400657,17.0,2
MV_A5-Weekday-109000_M5_535,M5,d1,12,18:25:41,18:25:41,403483,17.0,2
MV_A5-Weekday-109000_M5_535,M5,d1,13,18:27:56,18:27:56,400662,7.0,1
MV_A5-Weekday-109000_M5_535,M5,d1,14,18:30:00,18:30:00,404011,7.0,1
MV_A5-Weekday-109000_M5_535,M5,d1,15,18:30:28,18:30:28,404012,7.0,1
MV_A5-Weekday-109000_M5_535,M5,d1,16,18:33:01,18:33:01,404822,7.0,1
MV_A5-Weekday-109000_M5_535,M5,d1,17,18:34:24,18:34:24,404259,7.0,1
MV_A5-Weekday-109000_M5_535,M5,d1,18,18:35:23,18:35:23,405580,7.0,1
MV_A5-Weekday-109000_M5_535,M5,d1,19,18:36:21,18:36:21,400834,7.0,1
MV_A5-Weekday-109000_M5_535,M5,d1,20,18:36:57,18:36:57,400835,7.0,1
MV_A5-Weekday-109000_M5_535,M5,d1,21,18:37:32,18:37:32,400836,7.0,1
MV_A5-Weekday-109000_M5_535,M5,d1,22,18:38:42,18:38:42,400837,7.0,1
MV_A5-Weekday-109000_M5_535,M5,d1,23,18:39:17,18:39:17,400838,7.0,1
MV_A5-Weekday-109000_M5_535,M5,d1,24,18:39:54,18:39:54,404130,5.0,1
MV_A5-Weekday-109000_M5_535,M5,d1,25,18:41:12,18:41:12,400840,6.0,1
MV_A5-Weekday-109000_M5_535,M5,d1,26,18:42:00,18:42:00,400841,11.0,1
MV_A5-Weekday-109000_M5_535,M5,d1,27,18:43:24,18:43:24,404131,11.0,1
MV_A5-Weekday-109000_M5_535,M5,d1,28,18:44:40,18:44:40,400843,11.0,1
MV_A5-Weekday-109000_M5_535,M5,d1,29,18:45:57,18:45:57,404855,11.0,1
MV_A5-Weekday-109000_M5_535,M5,d1,30,18:47:13,18:47:13,400846,11.0,1
MV_A5-Weekday-109000_M5_535,M5,d1,31,18:48:08,18:48:08,400847,11.0,1
MV_A5-Weekday-109000_M5_535,M5,d1,32,18:49:06,18:49:06,400848,11.0,1
MV_A5-Weekday-109000_M5_535,M5,d1,33,18:50:00,18:50:00,400849,11.0,1
MV_A5-Weekday-109000_M5_535,M5,d1,34,18:52:04,18:52:04,400851,11.0,1
MV_A5-Weekday-109000_M5_535,M5,d1,35,18:53:16,18:53:16,400852,10.0,1
MV_A5-Weekday-109000_M5_535,M5,d1,36,18:55:01,18:55:01,400853,10.0,1
MV_A5-Weekday-109000_M5_535,M5,d1,37,18:56:08,18:56:08,400854,3.0,1
MV_A5-Weekday-109000_M5_535,M5,d1,38,19:00:03,19:00:03,403171,3.0,1
MV_A5-Weekday-109000_M5_535,M5,d1,39,19:04:00,19:04:00,400861,3.0,1
MV_A5-Weekday-109000_M5_535,M5,d1,40,19:09:56,19:09:56,403047,1.0,1
MV_A5-Weekday-109000_M5_535,M5,d1,41,19:14:41,19:14:41,402446,1.0,1
MV_A5-Weekday-109000_M5_535,M5,d1,42,19:20:27,19:20:27,450123,1.0,1
MV_A5-Weekday-109000_M5_535,M5,d1,43,19:28:00,19:28:00,400135,1.0,1
MV_A5-Weekday-109000_M5_535,M5,d1,44,19:29:28,19:29:28,400322,1.0,1
MV_A5-Weekday-109000_M5_535,M5,d1,45,19:30:56,19:30:56,400323,1.0,1
MV_A5-Weekday-109000_M5_535,M5,d1,46,19:32:30,19:32:30,400324,1.0,1
MV_A5-Weekday-109000_M5_535,M5,d1,47,19:35:00,19:35:00,803082,1.0,1
MV_A5-Weekday-101500_M5_542,M5,d1,1,16:55:00,16:55:00,400808,18.0,2
MV_A5-Weekday-101500_M5_542,M5,d1,2,16:56:19,16:56:19,400809,18.0,2
MV_A5-Weekday-101500_M5_542,M5,d1,3,16:57:24,16:57:24,400810,13.0,2
MV_A5-Weekday-101500_M5_542,M5,d1,4,16:58:30,16:58:30,400811,24.0,2
MV_A5-Weekday-101500_M5_542,M5,d1,5,16:59:16,16:59:16,400812,24.0,2
MV_A5-Weekday-101500_M5_542,M5,d1,6,17:01:11,17:01:11,404918,24.0,2
MV_A5-Weekday-101500_M5_542,M5,d1,7,17:02:47,17:02:47,400814,30.0,2
MV_A5-Weekday-101500_M5_542,M5,d1,8,17:03:45,17:03:45,400815,30.0,2
MV_A5-Weekday-101500_M5_542,M5,d1,9,17:04:47,17:04:47,400816,30.0,2
MV_A5-Weekday-101500_M5_542,M5,d1,10,17:06:00,17:06:00,400655,29.0,2
MV_A5-Weekday-101500_M5_542,M5,d1,11,17:08:28,17:08:28,400657,19.0,2
MV_A5-Weekday-101500_M5_542,M5,d1,12,17:11:12,17:11:12,403483,9.0,1
MV_A5-Weekday-101500_M5_542,M5,d1,13,17:13:42,17:13:42,400662,4.0,1
MV_A5-Weekday-101500_M5_542,M5,d1,14,17:16:00,17:16:00,404011,4.0,1
MV_A5-Weekday-101500_M5_542,M5,d1,15,17:16:26,17:16:26,404012,7.0,1
MV_A5-Weekday-101500_M5_542,M5,d1,16,17:18:46,17:18:46,404822,7.0,1
MV_A5-Weekday-101500_M5_542,M5,d1,17,17:20:02,17:20:02,404259,7.0,1
MV_A5-Weekday-101500_M5_542,M5,d1,18,17:20:56,17:20:56,405580,7.0,1
MV_A5-Weekday-101500_M5_542,M5,d1,19,17:21:49,17:21:49,400834,7.0,1
MV_A5-Weekday-101500_M5_542,M5,d1,20,17:22:23,17:22:23,400835,7.0,1
MV_A5-Weekday-101500_M5_542,M5,d1,21,17:22:54,17:22:54,400836,7.0,1
MV_A5-Weekday-101500_M5_542,M5,d1,22,17:23:59,17:23:59,400837,7.0,1
MV_A5-Weekday-101500_M5_542,M5,d1,23,17:24:31,17:24:31,400838,7.0,1
MV_A5-Weekday-101500_M5_542,M5,d1,24,17:25:05,17:25:05,404130,7.0,1
MV_A5-Weekday-101500_M5_542,M5,d1,25,17:26:16,17:26:16,400840,7.0,1
MV_A5-Weekday-101500_M5_542,M5,d1,26,17:27:00,17:27:00,400841,7.0,1
MV_A5-Weekday-101500_M5_542,M5,d1,27,17:28:24,17:28:24,404131,4.0,1
MV_A5-Weekday-101500_M5_542,M5,d1,28,17:29:40,17:29:40,400843,4.0,1
MV_A5-Weekday-101500_M5_542,M5,d1,29,17:30:57,17:30:57,404855,4.0,1
MV_A5-Weekday-101500_M5_542,M5,d1,30,17:32:13,17:32:13,400846,4.0,1
MV_A5-Weekday-101500_M5_542,M5,d1,31,17:33:08,17:33:08,400847,3.0,1
MV_A5-Weekday-101500_M5_542,M5,d1,32,17:34:06,17:34:06,400848,6.0,1
MV_A5-Weekday-101500_M5_542,M5,d1,33,17:35:00,17:35:00,400849,6.0,1
MV_A5-Weekday-101500_M5_542,M5,d1,34,17:37:12,17:37:12,400851,12.0,1
MV_A5-Weekday-101500_M5_542,M5,d1,35,17:38:30,17:38:30,400852,12.0,1
MV_A5-Weekday-101500_M5_542,M5,d1,36,17:40:22,17:40:22,400853,1.0,1
MV_A5-Weekday-101500_M5_542,M5,d1,37,17:41:35,17:41:35,400854,1.0,1
MV_A5-Weekday-101500_M5_542,M5,d1,38,17:45:46,17:45:46,403171,4.0,1
MV_A5-Weekday-101500_M5_542,M5,d1,39,17:50:00,17:50:00,400861,9.0,1
MV_A5-Weekday-101500_M5_542,M5,d1,40,17:55:56,17:55:56,403047,9.0,1
MV_A5-Weekday-101500_M5_542,M5,d1,41,18:00:41,18:00:41,402446,3.0,1
MV_A5-Weekday-101500_M5_542,M5,d1,42,18:06:27,18:06:27,450123,10.0,1
MV_A5-Weekday-101500_M5_542,M5,d1,43,18:14:00,18:14:00,400135,10.0,1
MV_A5-Weekday-101500_M5_542,M5,d1,44,18:15:28,18:15:28,400322,10.0,1
MV_A5-Weekday-101500_M5_542,M5,d1,45,18:16:56,18:16:56,400323,10.0,1
MV_A5-Weekday-101500_M5_542,M5,d1,46,18:18:30,18:18:30,400324,5.0,1
MV_A5-Weekday-101500_M5_542,M5,d1,47,18:21:00,18:21:00,803082,5.0,1
MV_A5-Weekday-074200_M5_517,M5,d1,1,12:22:00,12:22:00,403835,1.0,1
MV_A5-Weekday-074200_M5_517,M5,d1,2,12:24:00,12:24:00,400639,1.0,1
MV_A5-Weekday-074200_M5_517,M5,d1,3,12:26:03,12:26:03,400640,1.0,1
MV_A5-Weekday-074200_M5_517,M5,d1,4,12:27:41,12:27:41,400641,1.0,1
MV_A5-Weekday-074200_M5_517,M5,d1,5,12:29:00,12:29:00,400642,1.0,1
MV_A5-Weekday-074200_M5_517,M5,d1,6,12:29:58,12:29:58,400643,1.0,1
MV_A5-Weekday-074200_M5_517,M5,d1,7,12:30:58,12:30:58,400644,4.0,1
MV_A5-Weekday-074200_M5_517,M5,d1,8,12:32:05,12:32:05,400645,4.0,1
MV_A5-Weekday-074200_M5_517,M5,d1,9,12:33:23,12:33:23,400646,4.0,1
MV_A5-Weekday-074200_M5_517,M5,d1,10,12:34:46,12:34:46,400647,4.0,1
MV_A5-Weekday-074200_M5_517,M5,d1,11,12:35:53,12:35:53,400648,7.0,1
MV_A5-Weekday-074200_M5_517,M5,d1,12,12:36:58,12:36:58,400649,7.0,1
MV_A5-Weekday-074200_M5_517,M5,d1,13,12:38:00,12:38:00,403373,6.0,1
MV_A5-Weekday-074200_M5_517,M5,d1,14,12:39:43,12:39:43,403374,6.0,1
MV_A5-Weekday-074200_M5_517,M5,d1,15,12:40:45,12:40:45,403375,2.0,1
MV_A5-Weekday-074200_M5_517,M5,d1,16,12:41:46,12:41:46,403376,5.0,1
MV_A5-Weekday-074200_M5_517,M5,d1,17,12:43:00,12:43:00,403377,5.0,1
MV_A5-Weekday-074200_M5_517,M5,d1,18,12:44:51,12:44:51,400655,6.0,1
MV_A5-Weekday-074200_M5_517,M5,d1,19,12:46:30,12:46:30,400656,6.0,1
MV_A5-Weekday-074200_M5_517,M5,d1,20,12:48:14,12:48:14,400657,6.0,1
MV_A5-Weekday-074200_M5_517,M5,d1,21,12:49:26,12:49:26,400658,6.0,1
MV_A5-Weekday-074200_M5_517,M5,d1,22,12:51:13,12:51:13,400659,6.0,1
MV_A5-Weekday-074200_M5_517,M5,d1,23,12:52:00,12:52:00,403483,5.0,1
MV_A5-Weekday-074200_M5_517,M5,d1,24,12:54:28,12:54:28,400661,4.0,1
MV_A5-Weekday-074200_M5_517,M5,d1,25,12:55:46,12:55:46,400662,4.0,1
MV_A5-Weekday-074200_M5_517,M5,d1,26,12:57:03,12:57:03,400663,4.0,1
MV_A5-Weekday-074200_M5_517,M5,d1,27,12:59:00,12:59:00,803157,6.0,1
MV_A5-Weekday-074200_M5_517,M5,d1,28,13:01:00,13:01:00,404148,6.0,1
MV_A5-Weekday-074200_M5_517,M5,d1,29,13:03:07,13:03:07,403903,7.0,1
MV_A5-Weekday-074200_M5_517,M5,d1,30,13:04:10,13:04:10,403142,9.0,1
MV_A5-Weekday-074200_M5_517,M5,d1,31,13:05:20,13:05:20,403144,9.0,1
MV_A5-Weekday-074200_M5_517,M5,d1,32,13:07:10,13:07:10,403145,9.0,1
MV_A5-Weekday-074200_M5_517,M5,d1,33,13:08:26,13:08:26,405234,9.0,1
MV_A5-Weekday-074200_M5_517,M5,d1,34,13:10:36,13:10:36,403147,9.0,1
MV_A5-Weekday-074200_M5_517,M5,d1,35,13:11:47,13:11:47,403148,8.0,1
MV_A5-Weekday-074200_M5_517,M5,d1,36,13:12:56,13:12:56,403149,11.0,1
MV_A5-Weekday-074200_M5_517,M5,d1,37,13:14:24,13:14:24,400676,11.0,1
MV_A5-Weekday-074200_M5_517,M5,d1,38,13:16:16,13:16:16,400677,14.0,1
MV_A5-Weekday-074200_M5_517,M5,d1,39,13:18:11,13:18:11,400678,14.0,1
MV_A5-Weekday-074200_M5_517,M5,d1,40,13:19:00,13:19:00,400485,9.0,1
MV_A5-Weekday-074200_M5_517,M5,d1,41,13:20:43,13:20:43,400486,9.0,1
MV_A5-Weekday-074200_M5_517,M5,d1,42,13:23:00,13:23:00,400290,13.0,1
MV_A5-Weekday-074200_M5_517,M5,d1,43,13:25:15,13:25:15,404278,13.0,1
MV_A5-Weekday-074200_M5_517,M5,d1,44,13:27:00,13:27:00,400292,9.0,1
MV_A5-Weekday-074200_M5_517,M5,d1,45,13:29:05,13:29:05,400108,9.0,1
MV_A5-Weekday-074200_M5_517,M5,d1,46,13:30:43,13:30:43,400109,8.0,1
MV_A5-Weekday-074200_M5_517,M5,d1,47,13:32:15,13:32:15,400110,7.0,1
MV_A5-Weekday-074200_M5_517,M5,d1,48,13:33:56,13:33:56,400111,7.0,1
MV_A5-Weekday-074200_M5_517,M5,d1,49,13:36:51,13:36:51,404081,6.0,1
MV_A5-Weekday-074200_M5_517,M5,d1,50,13:38:52,13:38:52,404168,11.0,1
MV_A5-Weekday-074200_M5_517,M5,d1,51,13:40:06,13:40:06,400115,11.0,1
MV_A5-Weekday-074200_M5_517,M5,d1,52,13:41:45,13:41:45,400116,11.0,1
MV_A5-Weekday-074200_M5_517,M5,d1,53,13:43:14,13:43:14,400117,11.0,1
MV_A5-Weekday-074200_M5_517,M5,d1,54,13:45:28,13:45:28,400118,4.0,1
MV_A5-Weekday-074200_M5_517,M5,d1,55,13:47:37,13:47:37,400119,11.0,1
MV_A5-Weekday-074200_M5_517,M5,d1,56,13:50:52,13:50:52,400120,12.0,1
MV_A5-Weekday-074200_M5_517,M5,d1,57,13:52:10,13:52:10,400121,12.0,1
MV_A5-Weekday-074200_M5_517,M5,d1,58,13:53:33,13:53:33,400122,12.0,1
MV_A5-Weekday-074200_M5_517,M5,d1,59,13:55:06,13:55:06,400123,7.0,1
MV_A5-Weekday-074200_M5_517,M5,d1,60,13:58:00,13:58:00,400124,7.0,1
MV_A5-Weekday-074200_M5_517,M5,d1,61,14:00:07,14:00:07,400125,7.0,1
MV_A5-Weekday-074200_M5_517,M5,d1,62,14:02:36,14:02:36,400126,7.0,1
MV_A5-Weekday-074200_M5_517,M5,d1,63,14:04:27,14:04:27,400127,7.0,1
MV_A5-Weekday-074200_M5_517,M5,d1,64,14:05:42,14:05:42,400128,5.0,1
MV_A5-Weekday-074200_M5_517,M5,d1,65,14:07:15,14:07:15,400512,10.0,1
MV_A5-Weekday-074200_M5_517,M5,d1,66,14:10:32,14:10:32,403266,10.0,1
MV_A5-Weekday-074200_M5_517,M5,d1,67,14:12:47,14:12:47,400514,3.0,1
MV_A5-Weekday-074200_M5_517,M5,d1,68,14:15:06,14:15:06,400515,3.0,1
MV_A5-Weekday-074200_M5_517,M5,d1,69,14:17:24,14:17:24,400516,3.0,1
MV_A5-Weekday-074200_M5_517,M5,d1,70,14:18:58,14:18:58,405179,3.0,1
MV_A5-Weekday-074200_M5_517,M5,d1,71,14:21:00,14:21:00,400518,3.0,1
MV_A5-Weekday-074200_M5_517,M5,d1,72,14:23:46,14:23:46,400519,3.0,1
MV_A5-Weekday-074200_M5_517,M5,d1,73,14:25:24,14:25:24,405486,2.0,1
MV_A5-Weekday-074200_M5_517,M5,d1,74,14:29:00,14:29:00,903128,2.0,1
MV_A5-Weekday-SDon-110800_M5_515,M5,d1,1,18:28:00,18:28:00,400639,10.0,1
MV_A5-Weekday-SDon-110800_M5_515,M5,d1,2,18:29:54,18:29:54,400640,2.0,1
MV_A5-Weekday-SDon-110800_M5_515,M5,d1,3,18:31:25,18:31:25,400641,4.0,1
MV_A5-Weekday-SDon-110800_M5_515,M5,d1,4,18:32:39,18:32:39,400642,2.0,1
MV_A5-Weekday-SDon-110800_M5_515,M5,d1,5,18:33:33,18:33:33,400643,9.0,1
MV_A5-Weekday-SDon-110800_M5_515,M5,d1,6,18:34:28,18:34:28,400644,9.0,1
MV_A5-Weekday-SDon-110800_M5_515,M5,d1,7,18:35:31,18:35:31,400645,12.0,1
MV_A5-Weekday-SDon-110800_M5_515,M5,d1,8,18:36:43,18:36:43,400646,3.0,1
MV_A5-Weekday-SDon-110800_M5_515,M5,d1,9,18:37:59,18:37:59,400647,2.0,1
MV_A5-Weekday-SDon-110800_M5_515,M5,d1,10,18:39:02,18:39:02,400648,2.0,1
MV_A5-Weekday-SDon-110800_M5_515,M5,d1,11,18:40:03,18:40:03,400649,12.0,1
MV_A5-Weekday-SDon-110800_M5_515,M5,d1,12,18:41:00,18:41:00,403373,13.0,1
MV_A5-Weekday-SDon-110800_M5_515,M5,d1,13,18:42:29,18:42:29,403374,13.0,1
MV_A5-Weekday-SDon-110800_M5_515,M5,d1,14,18:43:21,18:43:21,403375,1.0,1
MV_A5-Weekday-SDon-110800_M5_515,M5,d1,15,18:44:14,18:44:14,403376,13.0,1
MV_A5-Weekday-SDon-110800_M5_515,M5,d1,16,18:45:17,18:45:17,403377,13.0,1
MV_A5-Weekday-SDon-110800_M5_515,M5,d1,17,18:46:53,18:46:53,400655,15.0,1
MV_A5-Weekday-SDon-110800_M5_515,M5,d1,18,18:48:17,18:48:17,400656,7.0,1
MV_A5-Weekday-SDon-110800_M5_515,M5,d1,19,18:49:47,18:49:47,400657,7.0,1
MV_A5-Weekday-SDon-110800_M5_515,M5,d1,20,18:50:48,18:50:48,400658,6.0,1
MV_A5-Weekday-SDon-110800_M5_515,M5,d1,21,18:52:20,18:52:20,400659,6.0,1
MV_A5-Weekday-SDon-110800_M5_515,M5,d1,22,18:53:00,18:53:00,403483,2.0,1
MV_A5-Weekday-SDon-110800_M5_515,M5,d1,23,18:54:25,18:54:25,400661,6.0,1
MV_A5-Weekday-SDon-110800_M5_515,M5,d1,24,18:55:09,18:55:09,400662,2.0,1
MV_A5-Weekday-SDon-110800_M5_515,M5,d1,25,18:55:53,18:55:53,400663,1.0,1
MV_A5-Weekday-SDon-110800_M5_515,M5,d1,26,18:57:00,18:57:00,803157,1.0,1
MV_A5-Weekday-SDon-038600_M5_501,M5,d1,1,6:26:00,6:26:00,400808,8.0,1
MV_A5-Weekday-SDon-038600_M5_501,M5,d1,2,6:26:57,6:26:57,400809,2.0,1
MV_A5-Weekday-SDon-038600_M5_501,M5,d1,3,6:27:45,6:27:45,400810,14.0,1
MV_A5-Weekday-SDon-038600_M5_501,M5,d1,4,6:28:32,6:28:32,400811,14.0,1
MV_A5-Weekday-SDon-038600_M5_501,M5,d1,5,6:29:06,6:29:06,400812,15.0,1
MV_A5-Weekday-SDon-038600_M5_501,M5,d1,6,6:30:29,6:30:29,404918,10.0,1
MV_A5-Weekday-SDon-038600_M5_501,M5,d1,7,6:31:39,6:31:39,400814,6.0,1
MV_A5-Weekday-SDon-038600_M5_501,M5,d1,8,6:32:22,6:32:22,400815,1.0,1
MV_A5-Weekday-SDon-038600_M5_501,M5,d1,9,6:33:07,6:33:07,400816,5.0,1
MV_A5-Weekday-SDon-038600_M5_501,M5,d1,10,6:34:00,6:34:00,400655,10.0,1
MV_A5-Weekday-SDon-038600_M5_501,M5,d1,11,6:36:13,6:36:13,400657,15.0,1
MV_A5-Weekday-SDon-038600_M5_501,M5,d1,12,6:38:41,6:38:41,403483,16.0,1
MV_A5-Weekday-SDon-038600_M5_501,M5,d1,13,6:40:56,6:40:56,400662,16.0,1
MV_A5-Weekday-SDon-038600_M5_501,M5,d1,14,6:43:00,6:43:00,404011,16.0,1
MV_A5-Weekday-SDon-038600_M5_501,M5,d1,15,6:43:21,6:43:21,404012,16.0,1
MV_A5-Weekday-SDon-038600_M5_501,M5,d1,16,6:45:16,6:45:16,404822,16.0,1
MV_A5-Weekday-SDon-038600_M5_501,M5,d1,17,6:46:18,6:46:18,404259,11.0,2
MV_A5-Weekday-SDon-038600_M5_501,M5,d1,18,6:47:03,6:47:03,405580,17.0,2
MV_A5-Weekday-SDon-038600_M5_501,M5,d1,19,6:47:46,6:47:46,400834,17.0,2
MV_A5-Weekday-SDon-038600_M5_501,M5,d1,20,6:48:13,6:48:13,400835,13.0,1
MV_A5-Weekday-SDon-038600_M5_501,M5,d1,21,6:48:39,6:48:39,400836,16.0,1
MV_A5-Weekday-SDon-038600_M5_501,M5,d1,22,6:49:32,6:49:32,400837,16.0,1
MV_A5-Weekday-SDon-038600_M5_501,M5,d1,23,6:49:58,6:49:58,400838,15.0,1
MV_A5-Weekday-SDon-038600_M5_501,M5,d1,24,6:50:26,6:50:26,404130,13.0,1
MV_A5-Weekday-SDon-038600_M5_501,M5,d1,25,6:51:24,6:51:24,400840,16.0,1
MV_A5-Weekday-SDon-038600_M5_501,M5,d1,26,6:52:00,6:52:00,400841,13.0,1
MV_A5-Weekday-SDon-038600_M5_501,M5,d1,27,6:53:03,6:53:03,404131,16.0,1
MV_A5-Weekday-SDon-038600_M5_501,M5,d1,28,6:54:00,6:54:00,400843,9.0,1
MV_A5-Weekday-SDon-038600_M5_501,M5,d1,29,6:54:58,6:54:58,404855,14.0,1
MV_A5-Weekday-SDon-038600_M5_501,M5,d1,30,6:55:55,6:55:55,400846,14.0,1
MV_A5-Weekday-SDon-038600_M5_501,M5,d1,31,6:56:36,6:56:36,400847,14.0,1
MV_A5-Weekday-SDon-038600_M5_501,M5,d1,32,6:57:20,6:57:20,400848,12.0,1
MV_A5-Weekday-SDon-038600_M5_501,M5,d1,33,6:58:00,6:58:00,400849,15.0,1
MV_A5-Weekday-SDon-038600_M5_501,M5,d1,34,6:59:37,6:59:37,400851,15.0,1
MV_A5-Weekday-SDon-038600_M5_501,M5,d1,35,7:00:34,7:00:34,400852,9.0,1
MV_A5-Weekday-SDon-038600_M5_501,M5,d1,36,7:01:56,7:01:56,400853,13.0,1
MV_A5-Weekday-SDon-038600_M5_501,M5,d1,37,7:02:49,7:02:49,400854,13.0,1
MV_A5-Weekday-SDon-038600_M5_501,M5,d1,38,7:05:54,7:05:54,403171,13.0,1
MV_A5-Weekday-SDon-038600_M5_501,M5,d1,39,7:09:00,7:09:00,400861,13.0,1
MV_A5-Weekday-SDon-038600_M5_501,M5,d1,40,7:11:43,7:11:43,403047,13.0,1
MV_A5-Weekday-SDon-038600_M5_501,M5,d1,41,7:13:54,7:13:54,402446,13.0,1
MV_A5-Weekday-SDon-038600_M5_501,M5,d1,42,7:16:32,7:16:32,450123,13.0,1
MV_A5-Weekday-SDon-038600_M5_501,M5,d1,43,7:20:00,7:20:00,400135,13.0,1
MV_A5-Weekday-SDon-038600_M5_501,M5,d1,44,7:21:28,7:21:28,400322,13.0,1
MV_A5-Weekday-SDon-038600_M5_501,M5,d1,45,7:22:56,7:22:56,400323,13.0,1
MV_A5-Weekday-SDon-038600_M5_501,M5,d1,46,7:24:30,7:24:30,400324,13.0,1
MV_A5-Weekday-SDon-038600_M5_501,M5,d1,47,7:27:00,7:27:00,803082,13.0,1
MV_A5-Weekday-SDon-059400_M5_512,M5,d1,1,9:54:00,9:54:00,400808,17.0,2
MV_A5-Weekday-SDon-059400_M5_512,M5,d1,2,9:55:12,9:55:12,400809,12.0,2
MV_A5-Weekday-SDon-059400_M5_512,M5,d1,3,9:56:11,9:56:11,400810,14.0,2
MV_A5-Weekday-SDon-059400_M5_512,M5,d1,4,9:57:11,9:57:11,400811,18.0,2
MV_A5-Weekday-SDon-059400_M5_512,M5,d1,5,9:57:52,9:57:52,400812,20.0,2
MV_A5-Weekday-SDon-059400_M5_512,M5,d1,6,9:59:37,9:59:37,404918,17.0,2
MV_A5-Weekday-SDon-059400_M5_512,M5,d1,7,10:01:04,10:01:04,400814,11.0,1
MV_A5-Weekday-SDon-059400_M5_512,M5,d1,8,10:01:58,10:01:58,400815,16.0,1
MV_A5-Weekday-SDon-059400_M5_512,M5,d1,9,10:02:54,10:02:54,400816,16.0,2
MV_A5-Weekday-SDon-059400_M5_512,M5,d1,10,10:04:00,10:04:00,400655,18.0,2
MV_A5-Weekday-SDon-059400_M5_512,M5,d1,11,10:06:13,10:06:13,400657,15.0,1
MV_A5-Weekday-SDon-059400_M5_512,M5,d1,12,10:08:41,10:08:41,403483,10.0,1
MV_A5-Weekday-SDon-059400_M5_512,M5,d1,13,10:10:56,10:10:56,400662,11.0,1
MV_A5-Weekday-SDon-059400_M5_512,M5,d1,14,10:13:00,10:13:00,404011,11.0,1
MV_A5-Weekday-SDon-059400_M5_512,M5,d1,15,10:13:23,10:13:23,404012,10.0,1
MV_A5-Weekday-SDon-059400_M5_512,M5,d1,16,10:15:31,10:15:31,404822,11.0,1
MV_A5-Weekday-SDon-059400_M5_512,M5,d1,17,10:16:40,10:16:40,404259,7.0,1
MV_A5-Weekday-SDon-059400_M5_512,M5,d1,18,10:17:29,10:17:29,405580,10.0,1
MV_A5-Weekday-SDon-059400_M5_512,M5,d1,19,10:18:17,10:18:17,400834,10.0,1
MV_A5-Weekday-SDon-059400_M5_512,M5,d1,20,10:18:48,10:18:48,400835,10.0,1
MV_A5-Weekday-SDon-059400_M5_512,M5,d1,21,10:19:17,10:19:17,400836,10.0,1
MV_A5-Weekday-SDon-059400_M5_512,M5,d1,22,10:20:15,10:20:15,400837,9.0,1
MV_A5-Weekday-SDon-059400_M5_512,M5,d1,23,10:20:44,10:20:44,400838,10.0,1
MV_A5-Weekday-SDon-059400_M5_512,M5,d1,24,10:21:15,10:21:15,404130,10.0,1
MV_A5-Weekday-SDon-059400_M5_512,M5,d1,25,10:22:20,10:22:20,400840,8.0,1
MV_A5-Weekday-SDon-059400_M5_512,M5,d1,26,10:23:00,10:23:00,400841,10.0,1
MV_A5-Weekday-SDon-059400_M5_512,M5,d1,27,10:24:24,10:24:24,404131,10.0,1
MV_A5-Weekday-SDon-059400_M5_512,M5,d1,28,10:25:40,10:25:40,400843,10.0,1
MV_A5-Weekday-SDon-059400_M5_512,M5,d1,29,10:26:57,10:26:57,404855,10.0,1
MV_A5-Weekday-SDon-059400_M5_512,M5,d1,30,10:28:13,10:28:13,400846,9.0,1
MV_A5-Weekday-SDon-059400_M5_512,M5,d1,31,10:29:08,10:29:08,400847,9.0,1
MV_A5-Weekday-SDon-059400_M5_512,M5,d1,32,10:30:06,10:30:06,400848,9.0,1
MV_A5-Weekday-SDon-059400_M5_512,M5,d1,33,10:31:00,10:31:00,400849,9.0,1
MV_A5-Weekday-SDon-059400_M5_512,M5,d1,34,10:33:04,10:33:04,400851,10.0,1
MV_A5-Weekday-SDon-059400_M5_512,M5,d1,35,10:34:16,10:34:16,400852,9.0,1
MV_A5-Weekday-SDon-059400_M5_512,M5,d1,36,10:36:01,10:36:01,400853,9.0,1
MV_A5-Weekday-SDon-059400_M5_512,M5,d1,37,10:37:08,10:37:08,400854,15.0,1
MV_A5-Weekday-SDon-059400_M5_512,M5,d1,38,10:41:03,10:41:03,403171,13.0,1
MV_A5-Weekday-SDon-059400_M5_512,M5,d1,39,10:45:00,10:45:00,400861,15.0,1
MV_A5-Weekday-SDon-059400_M5_512,M5,d1,40,10:49:12,10:49:12,403047,12.0,1
MV_A5-Weekday-SDon-059400_M5_512,M5,d1,41,10:52:34,10:52:34,402446,10.0,1
MV_A5-Weekday-SDon-059400_M5_512,M5,d1,42,10:56:39,10:56:39,450123,9.0,1
MV_A5-Weekday-SDon-059400_M5_512,M5,d1,43,11:02:00,11:02:00,400135,7.0,1
MV_A5-Weekday-SDon-059400_M5_512,M5,d1,44,11:03:28,11:03:28,400322,7.0,1
MV_A5-Weekday-SDon-059400_M5_512,M5,d1,45,11:04:56,11:04:56,400323,5.0,1
MV_A5-Weekday-SDon-059400_M5_512,M5,d1,46,11:06:30,11:06:30,400324,2.0,1
MV_A5-Weekday-SDon-059400_M5_512,M5,d1,47,11:09:00,11:09:00,803082,2.0,1
MV_A5-Weekday-SDon-066300_M5_518,M5,d1,1,11:03:00,11:03:00,400808,13.0,1
MV_A5-Weekday-SDon-066300_M5_518,M5,d1,2,11:04:12,11:04:12,400809,16.0,1
MV_A5-Weekday-SDon-066300_M5_518,M5,d1,3,11:05:11,11:05:11,400810,16.0,2
MV_A5-Weekday-SDon-066300_M5_518,M5,d1,4,11:06:11,11:06:11,400811,17.0,2
MV_A5-Weekday-SDon-066300_M5_518,M5,d1,5,11:06:52,11:06:52,400812,17.0,2
MV_A5-Weekday-SDon-066300_M5_518,M5,d1,6,11:08:37,11:08:37,404918,16.0,1
MV_A5-Weekday-SDon-066300_M5_518,M5,d1,7,11:10:04,11:10:04,400814,16.0,1
MV_A5-Weekday-SDon-066300_M5_518,M5,d1,8,11:10:58,11:10:58,400815,15.0,2
MV_A5-Weekday-SDon-066300_M5_518,M5,d1,9,11:11:54,11:11:54,400816,17.0,2
MV_A5-Weekday-SDon-066300_M5_518,M5,d1,10,11:13:00,11:13:00,400655,8.0,1
MV_A5-Weekday-SDon-066300_M5_518,M5,d1,11,11:15:28,11:15:28,400657,13.0,1
MV_A5-Weekday-SDon-066300_M5_518,M5,d1,12,11:18:12,11:18:12,403483,7.0,1
MV_A5-Weekday-SDon-066300_M5_518,M5,d1,13,11:20:42,11:20:42,400662,11.0,1
MV_A5-Weekday-SDon-066300_M5_518,M5,d1,14,11:23:00,11:23:00,404011,11.0,1
MV_A5-Weekday-SDon-066300_M5_518,M5,d1,15,11:23:28,11:23:28,404012,11.0,1
MV_A5-Weekday-SDon-066300_M5_518,M5,d1,16,11:26:01,11:26:01,404822,7.0,1
MV_A5-Weekday-SDon-066300_M5_518,M5,d1,17,11:27:24,11:27:24,404259,11.0,1
MV_A5-Weekday-SDon-066300_M5_518,M5,d1,18,11:28:23,11:28:23,405580,10.0,1
MV_A5-Weekday-SDon-066300_M5_518,M5,d1,19,11:29:21,11:29:21,400834,7.0,1
MV_A5-Weekday-SDon-066300_M5_518,M5,d1,20,11:29:57,11:29:57,400835,10.0,1
MV_A5-Weekday-SDon-066300_M5_518,M5,d1,21,11:30:32,11:30:32,400836,10.0,1
MV_A5-Weekday-SDon-066300_M5_518,M5,d1,22,11:31:42,11:31:42,400837,11.0,1
MV_A5-Weekday-SDon-066300_M5_518,M5,d1,23,11:32:17,11:32:17,400838,10.0,1
MV_A5-Weekday-SDon-066300_M5_518,M5,d1,24,11:32:54,11:32:54,404130,12.0,1
MV_A5-Weekday-SDon-066300_M5_518,M5,d1,25,11:34:12,11:34:12,400840,12.0,1
MV_A5-Weekday-SDon-066300_M5_518,M5,d1,26,11:35:00,11:35:00,400841,12.0,1
MV_A5-Weekday-SDon-066300_M5_518,M5,d1,27,11:36:24,11:36:24,404131,11.0,1
MV_A5-Weekday-SDon-066300_M5_518,M5,d1,28,11:37:40,11:37:40,400843,11.0,1
MV_A5-Weekday-SDon-066300_M5_518,M5,d1,29,11:38:57,11:38:57,404855,10.0,1
MV_A5-Weekday-SDon-066300_M5_518,M5,d1,30,11:40:13,11:40:13,400846,14.0,1
MV_A5-Weekday-SDon-066300_M5_518,M5,d1,31,11:41:08,11:41:08,400847,14.0,1
MV_A5-Weekday-SDon-066300_M5_518,M5,d1,32,11:42:06,11:42:06,400848,14.0,1
MV_A5-Weekday-SDon-066300_M5_518,M5,d1,33,11:43:00,11:43:00,400849,5.0,1
MV_A5-Weekday-SDon-066300_M5_518,M5,d1,34,11:45:12,11:45:12,400851,6.0,1
MV_A5-Weekday-SDon-066300_M5_518,M5,d1,35,11:46:30,11:46:30,400852,6.0,1
MV_A5-Weekday-SDon-066300_M5_518,M5,d1,36,11:48:22,11:48:22,400853,8.0,2
MV_A5-Weekday-SDon-066300_M5_518,M5,d1,37,11:49:35,11:49:35,400854,17.0,2
MV_A5-Weekday-SDon-066300_M5_518,M5,d1,38,11:53:46,11:53:46,403171,16.0,2
MV_A5-Weekday-SDon-066300_M5_518,M5,d1,39,11:58:00,11:58:00,400861,17.0,2
MV_A5-Weekday-SDon-066300_M5_518,M5,d1,40,12:03:56,12:03:56,403047,15.0,1
MV_A5-Weekday-SDon-066300_M5_518,M5,d1,41,12:08:41,12:08:41,402446,11.0,1
MV_A5-Weekday-SDon-066300_M5_518,M5,d1,42,12:14:27,12:14:27,450123,13.0,1
MV_A5-Weekday-SDon-066300_M5_518,M5,d1,43,12:22:00,12:22:00,400135,9.0,1
MV_A5-Weekday-SDon-066300_M5_518,M5,d1,44,12:23:28,12:23:28,400322,5.0,1
MV_A5-Weekday-SDon-066300_M5_518,M5,d1,45,12:24:56,12:24:56,400323,9.0,1
MV_A5-Weekday-SDon-066300_M5_518,M5,d1,46,12:26:30,12:26:30,400324,4.0,1
MV_A5-Weekday-SDon-066300_M5_518,M5,d1,47,12:29:00,12:29:00,803082,4.0,1
MV_A5-Weekday-SDon-124500_M5_538,M5,d1,1,20:45:00,20:45:00,400808,9.0,1
MV_A5-Weekday-SDon-124500_M5_538,M5,d1,2,20:46:04,20:46:04,400809,15.0,1
MV_A5-Weekday-SDon-124500_M5_538,M5,d1,3,20:46:58,20:46:58,400810,15.0,1
MV_A5-Weekday-SDon-124500_M5_538,M5,d1,4,20:47:52,20:47:52,400811,15.0,1
MV_A5-Weekday-SDon-124500_M5_538,M5,d1,5,20:48:29,20:48:29,400812,15.0,1
MV_A5-Weekday-SDon-124500_M5_538,M5,d1,6,20:50:03,20:50:03,404918,10.0,1
MV_A5-Weekday-SDon-124500_M5_538,M5,d1,7,20:51:22,20:51:22,400814,12.0,1
MV_A5-Weekday-SDon-124500_M5_538,M5,d1,8,20:52:10,20:52:10,400815,11.0,1
MV_A5-Weekday-SDon-124500_M5_538,M5,d1,9,20:53:00,20:53:00,400816,10.0,1
MV_A5-Weekday-SDon-124500_M5_538,M5,d1,10,20:54:00,20:54:00,400655,9.0,1
MV_A5-Weekday-SDon-124500_M5_538,M5,d1,11,20:55:26,20:55:26,400656,10.0,1
MV_A5-Weekday-SDon-124500_M5_538,M5,d1,12,20:56:57,20:56:57,400657,7.0,1
MV_A5-Weekday-SDon-124500_M5_538,M5,d1,13,20:58:00,20:58:00,400658,7.0,1
MV_A5-Weekday-SDon-124500_M5_538,M5,d1,14,20:59:34,20:59:34,400659,7.0,1
MV_A5-Weekday-SDon-124500_M5_538,M5,d1,15,21:00:15,21:00:15,403483,7.0,1
MV_A5-Weekday-SDon-124500_M5_538,M5,d1,16,21:02:12,21:02:12,400661,7.0,1
MV_A5-Weekday-SDon-124500_M5_538,M5,d1,17,21:03:14,21:03:14,400662,7.0,1
MV_A5-Weekday-SDon-124500_M5_538,M5,d1,18,21:04:15,21:04:15,400663,6.0,1
MV_A5-Weekday-SDon-124500_M5_538,M5,d1,19,21:06:00,21:06:00,404011,6.0,1
MV_A5-Weekday-SDon-124500_M5_538,M5,d1,20,21:06:21,21:06:21,404012,2.0,1
MV_A5-Weekday-SDon-124500_M5_538,M5,d1,21,21:08:16,21:08:16,404822,2.0,1
MV_A5-Weekday-SDon-124500_M5_538,M5,d1,22,21:09:18,21:09:18,404259,2.0,1
MV_A5-Weekday-SDon-124500_M5_538,M5,d1,23,21:10:03,21:10:03,405580,1.0,1
MV_A5-Weekday-SDon-124500_M5_538,M5,d1,24,21:10:46,21:10:46,400834,2.0,1
MV_A5-Weekday-SDon-124500_M5_538,M5,d1,25,21:11:13,21:11:13,400835,4.0,1
MV_A5-Weekday-SDon-124500_M5_538,M5,d1,26,21:11:39,21:11:39,400836,4.0,1
MV_A5-Weekday-SDon-124500_M5_538,M5,d1,27,21:12:32,21:12:32,400837,4.0,1
MV_A5-Weekday-SDon-124500_M5_538,M5,d1,28,21:12:58,21:12:58,400838,4.0,1
MV_A5-Weekday-SDon-124500_M5_538,M5,d1,29,21:13:26,21:13:26,404130,4.0,1
MV_A5-Weekday-SDon-124500_M5_538,M5,d1,30,21:14:24,21:14:24,400840,4.0,1
MV_A5-Weekday-SDon-124500_M5_538,M5,d1,31,21:15:00,21:15:00,400841,4.0,1
MV_A5-Weekday-SDon-124500_M5_538,M5,d1,32,21:15:52,21:15:52,404131,1.0,1
MV_A5-Weekday-SDon-124500_M5_538,M5,d1,33,21:16:40,21:16:40,400843,1.0,1
MV_A5-Weekday-SDon-124500_M5_538,M5,d1,34,21:17:28,21:17:28,404855,1.0,1
MV_A5-Weekday-SDon-124500_M5_538,M5,d1,35,21:18:16,21:18:16,400846,2.0,1
MV_A5-Weekday-SDon-124500_M5_538,M5,d1,36,21:18:50,21:18:50,400847,2.0,1
MV_A5-Weekday-SDon-124500_M5_538,M5,d1,37,21:19:26,21:19:26,400848,2.0,1
MV_A5-Weekday-SDon-124500_M5_538,M5,d1,38,21:20:00,21:20:00,400849,2.0,1
MV_A5-Weekday-SDon-124500_M5_538,M5,d1,39,21:21:55,21:21:55,400851,2.0,1
MV_A5-Weekday-SDon-124500_M5_538,M5,d1,40,21:23:02,21:23:02,400852,2.0,1
MV_A5-Weekday-SDon-124500_M5_538,M5,d1,41,21:24:39,21:24:39,400853,1.0,1
MV_A5-Weekday-SDon-124500_M5_538,M5,d1,42,21:25:42,21:25:42,400854,1.0,1
MV_A5-Weekday-SDon-124500_M5_538,M5,d1,43,21:27:06,21:27:06,403169,1.0,1
MV_A5-Weekday-SDon-124500_M5_538,M5,d1,44,21:27:58,21:27:58,400856,1.0,1
MV_A5-Weekday-SDon-124500_M5_538,M5,d1,45,21:29:20,21:29:20,403171,3.0,1
MV_A5-Weekday-SDon-124500_M5_538,M5,d1,46,21:30:18,21:30:18,400858,6.0,1
MV_A5-Weekday-SDon-124500_M5_538,M5,d1,47,21:31:48,21:31:48,400860,6.0,1
MV_A5-Weekday-SDon-124500_M5_538,M5,d1,48,21:33:00,21:33:00,400861,6.0,1
MV_A5-Weekday-SDon-124500_M5_538,M5,d1,49,21:33:21,21:33:21,403781,5.0,1
MV_A5-Weekday-SDon-124500_M5_538,M5,d1,50,21:34:29,21:34:29,403047,5.0,1
MV_A5-Weekday-SDon-124500_M5_538,M5,d1,51,21:35:40,21:35:40,402446,5.0,1
MV_A5-Weekday-SDon-124500_M5_538,M5,d1,52,21:36:10,21:36:10,403266,5.0,1
MV_A5-Weekday-SDon-124500_M5_538,M5,d1,53,21:36:42,21:36:42,400131,5.0,1
MV_A5-Weekday-SDon-124500_M5_538,M5,d1,54,21:37:07,21:37:07,450123,5.0,1
MV_A5-Weekday-SDon-124500_M5_538,M5,d1,55,21:37:56,21:37:56,400133,5.0,1
MV_A5-Weekday-SDon-124500_M5_538,M5,d1,56,21:38:21,21:38:21,404180,1.0,1
MV_A5-Weekday-SDon-124500_M5_538,M5,d1,57,21:39:00,21:39:00,400135,1.0,1
MV_A5-Weekday-SDon-124500_M5_538,M5,d1,58,21:41:43,21:41:43,400322,1.0,1
MV_A5-Weekday-SDon-124500_M5_538,M5,d1,59,21:44:26,21:44:26,400323,1.0,1
MV_A5-Weekday-SDon-124500_M5_538,M5,d1,60,21:47:21,21:47:21,400324,1.0,1
MV_A5-Weekday-SDon-124500_M5_538,M5,d1,61,21:52:00,21:52:00,803082,1.0,1
MV_A5-Weekday-073300_M5_501,M5,d1,1,12:13:00,12:13:00,403835,5.0,1
MV_A5-Weekday-073300_M5_501,M5,d1,2,12:15:00,12:15:00,400639,5.0,1
MV_A5-Weekday-073300_M5_501,M5,d1,3,12:17:03,12:17:03,400640,4.0,1
MV_A5-Weekday-073300_M5_501,M5,d1,4,12:18:41,12:18:41,400641,4.0,1
MV_A5-Weekday-073300_M5_501,M5,d1,5,12:20:00,12:20:00,400642,4.0,1
MV_A5-Weekday-073300_M5_501,M5,d1,6,12:20:58,12:20:58,400643,3.0,1
MV_A5-Weekday-073300_M5_501,M5,d1,7,12:21:58,12:21:58,400644,3.0,1
MV_A5-Weekday-073300_M5_501,M5,d1,8,12:23:05,12:23:05,400645,7.0,1
MV_A5-Weekday-073300_M5_501,M5,d1,9,12:24:23,12:24:23,400646,8.0,1
MV_A5-Weekday-073300_M5_501,M5,d1,10,12:25:46,12:25:46,400647,8.0,1
MV_A5-Weekday-073300_M5_501,M5,d1,11,12:26:53,12:26:53,400648,8.0,1
MV_A5-Weekday-073300_M5_501,M5,d1,12,12:27:58,12:27:58,400649,8.0,1
MV_A5-Weekday-073300_M5_501,M5,d1,13,12:29:00,12:29:00,403373,8.0,1
MV_A5-Weekday-073300_M5_501,M5,d1,14,12:30:43,12:30:43,403374,9.0,1
MV_A5-Weekday-073300_M5_501,M5,d1,15,12:31:45,12:31:45,403375,9.0,1
MV_A5-Weekday-073300_M5_501,M5,d1,16,12:32:46,12:32:46,403376,8.0,1
MV_A5-Weekday-073300_M5_501,M5,d1,17,12:34:00,12:34:00,403377,12.0,1
MV_A5-Weekday-073300_M5_501,M5,d1,18,12:35:51,12:35:51,400655,13.0,1
MV_A5-Weekday-073300_M5_501,M5,d1,19,12:37:30,12:37:30,400656,13.0,1
MV_A5-Weekday-073300_M5_501,M5,d1,20,12:39:14,12:39:14,400657,13.0,1
MV_A5-Weekday-073300_M5_501,M5,d1,21,12:40:26,12:40:26,400658,11.0,1
MV_A5-Weekday-073300_M5_501,M5,d1,22,12:42:13,12:42:13,400659,3.0,1
MV_A5-Weekday-073300_M5_501,M5,d1,23,12:43:00,12:43:00,403483,12.0,1
MV_A5-Weekday-073300_M5_501,M5,d1,24,12:45:28,12:45:28,400661,3.0,1
MV_A5-Weekday-073300_M5_501,M5,d1,25,12:46:46,12:46:46,400662,8.0,1
MV_A5-Weekday-073300_M5_501,M5,d1,26,12:48:03,12:48:03,400663,6.0,1
MV_A5-Weekday-073300_M5_501,M5,d1,27,12:50:00,12:50:00,803157,11.0,1
MV_A5-Weekday-073300_M5_501,M5,d1,28,12:52:00,12:52:00,404148,4.0,1
MV_A5-Weekday-073300_M5_501,M5,d1,29,12:54:07,12:54:07,403903,2.0,1
MV_A5-Weekday-073300_M5_501,M5,d1,30,12:55:10,12:55:10,403142,7.0,1
MV_A5-Weekday-073300_M5_501,M5,d1,31,12:56:20,12:56:20,403144,7.0,1
MV_A5-Weekday-073300_M5_501,M5,d1,32,12:58:10,12:58:10,403145,9.0,1
MV_A5-Weekday-073300_M5_501,M5,d1,33,12:59:26,12:59:26,405234,9.0,1
MV_A5-Weekday-073300_M5_501,M5,d1,34,13:01:36,13:01:36,403147,9.0,1
MV_A5-Weekday-073300_M5_501,M5,d1,35,13:02:47,13:02:47,403148,11.0,1
MV_A5-Weekday-073300_M5_501,M5,d1,36,13:03:56,13:03:56,403149,10.0,1
MV_A5-Weekday-073300_M5_501,M5,d1,37,13:05:24,13:05:24,400676,16.0,2
MV_A5-Weekday-073300_M5_501,M5,d1,38,13:07:16,13:07:16,400677,20.0,2
MV_A5-Weekday-073300_M5_501,M5,d1,39,13:09:11,13:09:11,400678,21.0,2
MV_A5-Weekday-073300_M5_501,M5,d1,40,13:10:00,13:10:00,400485,20.0,2
MV_A5-Weekday-073300_M5_501,M5,d1,41,13:11:43,13:11:43,400486,5.0,1
MV_A5-Weekday-073300_M5_501,M5,d1,42,13:14:00,13:14:00,400290,2.0,2
MV_A5-Weekday-073300_M5_501,M5,d1,43,13:16:15,13:16:15,404278,22.0,2
MV_A5-Weekday-073300_M5_501,M5,d1,44,13:18:00,13:18:00,400292,18.0,2
MV_A5-Weekday-073300_M5_501,M5,d1,45,13:20:05,13:20:05,400108,18.0,2
MV_A5-Weekday-073300_M5_501,M5,d1,46,13:21:43,13:21:43,400109,15.0,1
MV_A5-Weekday-073300_M5_501,M5,d1,47,13:23:15,13:23:15,400110,15.0,1
MV_A5-Weekday-073300_M5_501,M5,d1,48,13:24:56,13:24:56,400111,13.0,1
MV_A5-Weekday-073300_M5_501,M5,d1,49,13:27:51,13:27:51,404081,16.0,1
MV_A5-Weekday-073300_M5_501,M5,d1,50,13:29:52,13:29:52,404168,16.0,1
MV_A5-Weekday-073300_M5_501,M5,d1,51,13:31:06,13:31:06,400115,16.0,1
MV_A5-Weekday-073300_M5_501,M5,d1,52,13:32:45,13:32:45,400116,16.0,1
MV_A5-Weekday-073300_M5_501,M5,d1,53,13:34:14,13:34:14,400117,5.0,1
MV_A5-Weekday-073300_M5_501,M5,d1,54,13:36:28,13:36:28,400118,13.0,1
MV_A5-Weekday-073300_M5_501,M5,d1,55,13:38:37,13:38:37,400119,12.0,2
MV_A5-Weekday-073300_M5_501,M5,d1,56,13:41:52,13:41:52,400120,24.0,2
MV_A5-Weekday-073300_M5_501,M5,d1,57,13:43:10,13:43:10,400121,29.0,2
MV_A5-Weekday-073300_M5_501,M5,d1,58,13:44:33,13:44:33,400122,17.0,2
MV_A5-Weekday-073300_M5_501,M5,d1,59,13:46:06,13:46:06,400123,17.0,3
MV_A5-Weekday-073300_M5_501,M5,d1,60,13:49:00,13:49:00,400124,35.0,3
MV_A5-Weekday-073300_M5_501,M5,d1,61,13:51:07,13:51:07,400125,35.0,3
MV_A5-Weekday-073300_M5_501,M5,d1,62,13:53:36,13:53:36,400126,34.0,3
MV_A5-Weekday-073300_M5_501,M5,d1,63,13:55:27,13:55:27,400127,34.0,3
MV_A5-Weekday-073300_M5_501,M5,d1,64,13:56:42,13:56:42,400128,34.0,3
MV_A5-Weekday-073300_M5_501,M5,d1,65,13:58:15,13:58:15,400512,26.0,2
MV_A5-Weekday-073300_M5_501,M5,d1,66,14:01:32,14:01:32,403266,14.0,2
MV_A5-Weekday-073300_M5_501,M5,d1,67,14:03:47,14:03:47,400514,20.0,2
MV_A5-Weekday-073300_M5_501,M5,d1,68,14:06:06,14:06:06,400515,20.0,2
MV_A5-Weekday-073300_M5_501,M5,d1,69,14:08:24,14:08:24,400516,20.0,2
MV_A5-Weekday-073300_M5_501,M5,d1,70,14:09:58,14:09:58,405179,2.0,1
MV_A5-Weekday-073300_M5_501,M5,d1,71,14:12:00,14:12:00,400518,2.0,1
MV_A5-Weekday-073300_M5_501,M5,d1,72,14:14:46,14:14:46,400519,2.0,1
MV_A5-Weekday-073300_M5_501,M5,d1,73,14:16:24,14:16:24,405486,2.0,1
MV_A5-Weekday-073300_M5_501,M5,d1,74,14:20:00,14:20:00,903128,2.0,1
MV_A5-Weekday-SDon-092200_M5_520,M5,d1,1,15:22:00,15:22:00,403835,7.0,1
MV_A5-Weekday-SDon-092200_M5_520,M5,d1,2,15:24:00,15:24:00,400639,7.0,1
MV_A5-Weekday-SDon-092200_M5_520,M5,d1,3,15:26:03,15:26:03,400640,7.0,1
MV_A5-Weekday-SDon-092200_M5_520,M5,d1,4,15:27:41,15:27:41,400641,7.0,1
MV_A5-Weekday-SDon-092200_M5_520,M5,d1,5,15:29:00,15:29:00,400642,7.0,1
MV_A5-Weekday-SDon-092200_M5_520,M5,d1,6,15:29:58,15:29:58,400643,13.0,1
MV_A5-Weekday-SDon-092200_M5_520,M5,d1,7,15:30:58,15:30:58,400644,13.0,1
MV_A5-Weekday-SDon-092200_M5_520,M5,d1,8,15:32:05,15:32:05,400645,16.0,1
MV_A5-Weekday-SDon-092200_M5_520,M5,d1,9,15:33:23,15:33:23,400646,16.0,2
MV_A5-Weekday-SDon-092200_M5_520,M5,d1,10,15:34:46,15:34:46,400647,17.0,2
MV_A5-Weekday-SDon-092200_M5_520,M5,d1,11,15:35:53,15:35:53,400648,17.0,2
MV_A5-Weekday-SDon-092200_M5_520,M5,d1,12,15:36:58,15:36:58,400649,17.0,2
MV_A5-Weekday-SDon-092200_M5_520,M5,d1,13,15:38:00,15:38:00,403373,17.0,2
MV_A5-Weekday-SDon-092200_M5_520,M5,d1,14,15:39:43,15:39:43,403374,17.0,2
MV_A5-Weekday-SDon-092200_M5_520,M5,d1,15,15:40:45,15:40:45,403375,17.0,2
MV_A5-Weekday-SDon-092200_M5_520,M5,d1,16,15:41:46,15:41:46,403376,17.0,2
MV_A5-Weekday-SDon-092200_M5_520,M5,d1,17,15:43:00,15:43:00,403377,17.0,2
MV_A5-Weekday-SDon-092200_M5_520,M5,d1,18,15:44:51,15:44:51,400655,17.0,2
MV_A5-Weekday-SDon-092200_M5_520,M5,d1,19,15:46:30,15:46:30,400656,19.0,2
MV_A5-Weekday-SDon-092200_M5_520,M5,d1,20,15:48:14,15:48:14,400657,19.0,2
MV_A5-Weekday-SDon-092200_M5_520,M5,d1,21,15:49:26,15:49:26,400658,19.0,2
MV_A5-Weekday-SDon-092200_M5_520,M5,d1,22,15:51:13,15:51:13,400659,19.0,2
MV_A5-Weekday-SDon-092200_M5_520,M5,d1,23,15:52:00,15:52:00,403483,19.0,2
MV_A5-Weekday-SDon-092200_M5_520,M5,d1,24,15:54:28,15:54:28,400661,19.0,2
MV_A5-Weekday-SDon-092200_M5_520,M5,d1,25,15:55:46,15:55:46,400662,19.0,2
MV_A5-Weekday-SDon-092200_M5_520,M5,d1,26,15:57:03,15:57:03,400663,14.0,1
MV_A5-Weekday-SDon-092200_M5_520,M5,d1,27,15:59:00,15:59:00,803157,14.0,1
MV_A5-Weekday-SDon-092200_M5_520,M5,d1,28,16:01:00,16:01:00,404148,14.0,1
MV_A5-Weekday-SDon-092200_M5_520,M5,d1,29,16:03:07,16:03:07,403903,14.0,1
MV_A5-Weekday-SDon-092200_M5_520,M5,d1,30,16:04:10,16:04:10,403142,14.0,1
MV_A5-Weekday-SDon-092200_M5_520,M5,d1,31,16:05:20,16:05:20,403144,14.0,1
MV_A5-Weekday-SDon-092200_M5_520,M5,d1,32,16:07:10,16:07:10,403145,14.0,1
MV_A5-Weekday-SDon-092200_M5_520,M5,d1,33,16:08:26,16:08:26,405234,14.0,1
MV_A5-Weekday-SDon-092200_M5_520,M5,d1,34,16:10:36,16:10:36,403147,14.0,1
MV_A5-Weekday-SDon-092200_M5_520,M5,d1,35,16:11:47,16:11:47,403148,14.0,1
MV_A5-Weekday-SDon-092200_M5_520,M5,d1,36,16:12:56,16:12:56,403149,16.0,1
MV_A5-Weekday-SDon-092200_M5_520,M5,d1,37,16:14:24,16:14:24,400676,16.0,1
MV_A5-Weekday-SDon-092200_M5_520,M5,d1,38,16:16:16,16:16:16,400677,16.0,2
MV_A5-Weekday-SDon-092200_M5_520,M5,d1,39,16:18:11,16:18:11,400678,17.0,2
MV_A5-Weekday-SDon-092200_M5_520,M5,d1,40,16:19:00,16:19:00,400485,17.0,2
MV_A5-Weekday-SDon-092200_M5_520,M5,d1,41,16:20:43,16:20:43,400486,17.0,2
MV_A5-Weekday-SDon-092200_M5_520,M5,d1,42,16:23:00,16:23:00,400290,17.0,2
MV_A5-Weekday-SDon-092200_M5_520,M5,d1,43,16:25:15,16:25:15,404278,11.0,1
MV_A5-Weekday-SDon-092200_M5_520,M5,d1,44,16:27:00,16:27:00,400292,11.0,1
MV_A5-Weekday-SDon-092200_M5_520,M5,d1,45,16:28:33,16:28:33,400108,11.0,1
MV_A5-Weekday-SDon-092200_M5_520,M5,d1,46,16:29:46,16:29:46,400109,11.0,1
MV_A5-Weekday-SDon-092200_M5_520,M5,d1,47,16:30:54,16:30:54,400110,11.0,1
MV_A5-Weekday-SDon-092200_M5_520,M5,d1,48,16:32:08,16:32:08,400111,7.0,1
MV_A5-Weekday-SDon-092200_M5_520,M5,d1,49,16:34:18,16:34:18,404081,12.0,1
MV_A5-Weekday-SDon-092200_M5_520,M5,d1,50,16:35:48,16:35:48,404168,12.0,1
MV_A5-Weekday-SDon-092200_M5_520,M5,d1,51,16:36:43,16:36:43,400115,12.0,1
MV_A5-Weekday-SDon-092200_M5_520,M5,d1,52,16:37:57,16:37:57,400116,12.0,1
MV_A5-Weekday-SDon-092200_M5_520,M5,d1,53,16:39:03,16:39:03,400117,12.0,1
MV_A5-Weekday-SDon-092200_M5_520,M5,d1,54,16:40:42,16:40:42,400118,12.0,1
MV_A5-Weekday-SDon-092200_M5_520,M5,d1,55,16:42:18,16:42:18,400119,12.0,1
MV_A5-Weekday-SDon-092200_M5_520,M5,d1,56,16:44:42,16:44:42,400120,11.0,1
MV_A5-Weekday-SDon-092200_M5_520,M5,d1,57,16:45:40,16:45:40,400121,13.0,1
MV_A5-Weekday-SDon-092200_M5_520,M5,d1,58,16:46:42,16:46:42,400122,13.0,1
MV_A5-Weekday-SDon-092200_M5_520,M5,d1,59,16:47:51,16:47:51,400123,13.0,1
MV_A5-Weekday-SDon-092200_M5_520,M5,d1,60,16:50:00,16:50:00,400124,13.0,1
MV_A5-Weekday-SDon-092200_M5_520,M5,d1,61,16:52:13,16:52:13,400125,13.0,1
MV_A5-Weekday-SDon-092200_M5_520,M5,d1,62,16:54:48,16:54:48,400126,13.0,1
MV_A5-Weekday-SDon-092200_M5_520,M5,d1,63,16:56:43,16:56:43,400127,13.0,1
MV_A5-Weekday-SDon-092200_M5_520,M5,d1,64,16:58:02,16:58:02,400128,4.0,1
MV_A5-Weekday-SDon-092200_M5_520,M5,d1,65,16:59:39,16:59:39,400512,16.0,1
MV_A5-Weekday-SDon-092200_M5_520,M5,d1,66,17:03:05,17:03:05,403266,16.0,1
MV_A5-Weekday-SDon-092200_M5_520,M5,d1,67,17:05:26,17:05:26,400514,16.0,1
MV_A5-Weekday-SDon-092200_M5_520,M5,d1,68,17:07:50,17:07:50,400515,16.0,1
MV_A5-Weekday-SDon-092200_M5_520,M5,d1,69,17:10:14,17:10:14,400516,16.0,1
MV_A5-Weekday-SDon-092200_M5_520,M5,d1,70,17:11:52,17:11:52,405179,16.0,1
MV_A5-Weekday-SDon-092200_M5_520,M5,d1,71,17:14:00,17:14:00,400518,16.0,1
MV_A5-Weekday-SDon-092200_M5_520,M5,d1,72,17:16:25,17:16:25,400519,16.0,1
MV_A5-Weekday-SDon-092200_M5_520,M5,d1,73,17:17:51,17:17:51,405486,13.0,1
MV_A5-Weekday-SDon-092200_M5_520,M5,d1,74,17:21:00,17:21:00,903128,13.0,1
MV_A5-Weekday-096200_M5_527,M5,d1,1,16:02:00,16:02:00,403835,9.0,1
MV_A5-Weekday-096200_M5_527,M5,d1,2,16:04:00,16:04:00,400639,9.0,1
MV_A5-Weekday-096200_M5_527,M5,d1,3,16:05:54,16:05:54,400640,9.0,1
MV_A5-Weekday-096200_M5_527,M5,d1,4,16:07:25,16:07:25,400641,9.0,1
MV_A5-Weekday-096200_M5_527,M5,d1,5,16:08:39,16:08:39,400642,10.0,1
MV_A5-Weekday-096200_M5_527,M5,d1,6,16:09:33,16:09:33,400643,10.0,1
MV_A5-Weekday-096200_M5_527,M5,d1,7,16:10:28,16:10:28,400644,6.0,1
MV_A5-Weekday-096200_M5_527,M5,d1,8,16:11:31,16:11:31,400645,16.0,2
MV_A5-Weekday-096200_M5_527,M5,d1,9,16:12:43,16:12:43,400646,18.0,2
MV_A5-Weekday-096200_M5_527,M5,d1,10,16:13:59,16:13:59,400647,18.0,2
MV_A5-Weekday-096200_M5_527,M5,d1,11,16:15:02,16:15:02,400648,18.0,2
MV_A5-Weekday-096200_M5_527,M5,d1,12,16:16:03,16:16:03,400649,18.0,2
MV_A5-Weekday-096200_M5_527,M5,d1,13,16:17:00,16:17:00,403373,17.0,2
MV_A5-Weekday-096200_M5_527,M5,d1,14,16:18:51,16:18:51,403374,5.0,1
MV_A5-Weekday-096200_M5_527,M5,d1,15,16:19:56,16:19:56,403375,15.0,1
MV_A5-Weekday-096200_M5_527,M5,d1,16,16:21:02,16:21:02,403376,15.0,1
MV_A5-Weekday-096200_M5_527,M5,d1,17,16:22:21,16:22:21,403377,15.0,1
MV_A5-Weekday-096200_M5_527,M5,d1,18,16:24:21,16:24:21,400655,4.0,1
MV_A5-Weekday-096200_M5_527,M5,d1,19,16:26:06,16:26:06,400656,7.0,1
MV_A5-Weekday-096200_M5_527,M5,d1,20,16:27:58,16:27:58,400657,16.0,1
MV_A5-Weekday-096200_M5_527,M5,d1,21,16:29:15,16:29:15,400658,16.0,1
MV_A5-Weekday-096200_M5_527,M5,d1,22,16:31:10,16:31:10,400659,16.0,1
MV_A5-Weekday-096200_M5_527,M5,d1,23,16:32:00,16:32:00,403483,16.0,1
MV_A5-Weekday-096200_M5_527,M5,d1,24,16:34:07,16:34:07,400661,16.0,1
MV_A5-Weekday-096200_M5_527,M5,d1,25,16:35:14,16:35:14,400662,16.0,1
MV_A5-Weekday-096200_M5_527,M5,d1,26,16:36:20,16:36:20,400663,16.0,1
MV_A5-Weekday-096200_M5_527,M5,d1,27,16:38:00,16:38:00,803157,16.0,1
MV_A5-Weekday-096200_M5_527,M5,d1,28,16:40:00,16:40:00,404148,6.0,1
MV_A5-Weekday-096200_M5_527,M5,d1,29,16:42:07,16:42:07,403903,14.0,1
MV_A5-Weekday-096200_M5_527,M5,d1,30,16:43:10,16:43:10,403142,14.0,1
MV_A5-Weekday-096200_M5_527,M5,d1,31,16:44:20,16:44:20,403144,14.0,1
MV_A5-Weekday-096200_M5_527,M5,d1,32,16:46:10,16:46:10,403145,14.0,2
MV_A5-Weekday-096200_M5_527,M5,d1,33,16:47:26,16:47:26,405234,21.0,2
MV_A5-Weekday-096200_M5_527,M5,d1,34,16:49:36,16:49:36,403147,21.0,2
MV_A5-Weekday-096200_M5_527,M5,d1,35,16:50:47,16:50:47,403148,21.0,2
MV_A5-Weekday-096200_M5_527,M5,d1,36,16:51:56,16:51:56,403149,21.0,2
MV_A5-Weekday-096200_M5_527,M5,d1,37,16:53:24,16:53:24,400676,27.0,2
MV_A5-Weekday-096200_M5_527,M5,d1,38,16:55:16,16:55:16,400677,27.0,2
MV_A5-Weekday-096200_M5_527,M5,d1,39,16:57:11,16:57:11,400678,27.0,2
MV_A5-Weekday-096200_M5_527,M5,d1,40,16:58:00,16:58:00,400485,27.0,2
MV_A5-Weekday-096200_M5_527,M5,d1,41,16:59:43,16:59:43,400486,27.0,2
MV_A5-Weekday-096200_M5_527,M5,d1,42,17:02:00,17:02:00,400290,27.0,2
MV_A5-Weekday-096200_M5_527,M5,d1,43,17:04:15,17:04:15,404278,22.0,2
MV_A5-Weekday-096200_M5_527,M5,d1,44,17:06:00,17:06:00,400292,22.0,2
MV_A5-Weekday-096200_M5_527,M5,d1,45,17:07:33,17:07:33,400108,22.0,2
MV_A5-Weekday-096200_M5_527,M5,d1,46,17:08:46,17:08:46,400109,17.0,2
MV_A5-Weekday-096200_M5_527,M5,d1,47,17:09:54,17:09:54,400110,19.0,2
MV_A5-Weekday-096200_M5_527,M5,d1,48,17:11:08,17:11:08,400111,19.0,2
MV_A5-Weekday-096200_M5_527,M5,d1,49,17:13:18,17:13:18,404081,26.0,2
MV_A5-Weekday-096200_M5_527,M5,d1,50,17:14:48,17:14:48,404168,27.0,2
MV_A5-Weekday-096200_M5_527,M5,d1,51,17:15:43,17:15:43,400115,27.0,2
MV_A5-Weekday-096200_M5_527,M5,d1,52,17:16:57,17:16:57,400116,32.0,2
MV_A5-Weekday-096200_M5_527,M5,d1,53,17:18:03,17:18:03,400117,32.0,2
MV_A5-Weekday-096200_M5_527,M5,d1,54,17:19:42,17:19:42,400118,32.0,2
MV_A5-Weekday-096200_M5_527,M5,d1,55,17:21:18,17:21:18,400119,32.0,2
MV_A5-Weekday-096200_M5_527,M5,d1,56,17:23:42,17:23:42,400120,11.0,1
MV_A5-Weekday-096200_M5_527,M5,d1,57,17:24:40,17:24:40,400121,14.0,1
MV_A5-Weekday-096200_M5_527,M5,d1,58,17:25:42,17:25:42,400122,14.0,1
MV_A5-Weekday-096200_M5_527,M5,d1,59,17:26:51,17:26:51,400123,14.0,1
MV_A5-Weekday-096200_M5_527,M5,d1,60,17:29:00,17:29:00,400124,14.0,4
MV_A5-Weekday-096200_M5_527,M5,d1,61,17:31:13,17:31:13,400125,60.0,4
MV_A5-Weekday-096200_M5_527,M5,d1,62,17:33:48,17:33:48,400126,60.0,4
MV_A5-Weekday-096200_M5_527,M5,d1,63,17:35:43,17:35:43,400127,60.0,4
MV_A5-Weekday-096200_M5_527,M5,d1,64,17:37:02,17:37:02,400128,5.0,1
MV_A5-Weekday-096200_M5_527,M5,d1,65,17:38:39,17:38:39,400512,2.0,3
MV_A5-Weekday-096200_M5_527,M5,d1,66,17:42:05,17:42:05,403266,46.0,3
MV_A5-Weekday-096200_M5_527,M5,d1,67,17:44:26,17:44:26,400514,46.0,3
MV_A5-Weekday-096200_M5_527,M5,d1,68,17:46:50,17:46:50,400515,46.0,3
MV_A5-Weekday-096200_M5_527,M5,d1,69,17:49:14,17:49:14,400516,3.0,1
MV_A5-Weekday-096200_M5_527,M5,d1,70,17:50:52,17:50:52,405179,3.0,1
MV_A5-Weekday-096200_M5_527,M5,d1,71,17:53:00,17:53:00,400518,3.0,1
MV_A5-Weekday-096200_M5_527,M5,d1,72,17:55:25,17:55:25,400519,3.0,1
MV_A5-Weekday-096200_M5_527,M5,d1,73,17:56:51,17:56:51,405486,3.0,1
MV_A5-Weekday-096200_M5_527,M5,d1,74,18:00:00,18:00:00,903128,3.0,1
MV_A5-Weekday-SDon-079800_M5_528,M5,d1,1,13:18:00,13:18:00,400808,73.0,6
MV_A5-Weekday-SDon-079800_M5_528,M5,d1,2,13:19:19,13:19:19,400809,82.0,6
MV_A5-Weekday-SDon-079800_M5_528,M5,d1,3,13:20:24,13:20:24,400810,82.0,6
MV_A5-Weekday-SDon-079800_M5_528,M5,d1,4,13:21:30,13:21:30,400811,82.0,6
MV_A5-Weekday-SDon-079800_M5_528,M5,d1,5,13:22:16,13:22:16,400812,82.0,6
MV_A5-Weekday-SDon-079800_M5_528,M5,d1,6,13:24:11,13:24:11,404918,82.0,6
MV_A5-Weekday-SDon-079800_M5_528,M5,d1,7,13:25:47,13:25:47,400814,29.0,2
MV_A5-Weekday-SDon-079800_M5_528,M5,d1,8,13:26:45,13:26:45,400815,29.0,2
MV_A5-Weekday-SDon-079800_M5_528,M5,d1,9,13:27:47,13:27:47,400816,24.0,2
MV_A5-Weekday-SDon-079800_M5_528,M5,d1,10,13:29:00,13:29:00,400655,24.0,2
MV_A5-Weekday-SDon-079800_M5_528,M5,d1,11,13:31:28,13:31:28,400657,27.0,2
MV_A5-Weekday-SDon-079800_M5_528,M5,d1,12,13:34:12,13:34:12,403483,21.0,2
MV_A5-Weekday-SDon-079800_M5_528,M5,d1,13,13:36:42,13:36:42,400662,19.0,2
MV_A5-Weekday-SDon-079800_M5_528,M5,d1,14,13:39:00,13:39:00,404011,21.0,2
MV_A5-Weekday-SDon-079800_M5_528,M5,d1,15,13:39:26,13:39:26,404012,21.0,2
MV_A5-Weekday-SDon-079800_M5_528,M5,d1,16,13:41:46,13:41:46,404822,16.0,1
MV_A5-Weekday-SDon-079800_M5_528,M5,d1,17,13:43:02,13:43:02,404259,14.0,1
MV_A5-Weekday-SDon-079800_M5_528,M5,d1,18,13:43:56,13:43:56,405580,16.0,1
MV_A5-Weekday-SDon-079800_M5_528,M5,d1,19,13:44:49,13:44:49,400834,16.0,1
MV_A5-Weekday-SDon-079800_M5_528,M5,d1,20,13:45:23,13:45:23,400835,16.0,2
MV_A5-Weekday-SDon-079800_M5_528,M5,d1,21,13:45:54,13:45:54,400836,18.0,2
MV_A5-Weekday-SDon-079800_M5_528,M5,d1,22,13:46:59,13:46:59,400837,18.0,2
MV_A5-Weekday-SDon-079800_M5_528,M5,d1,23,13:47:31,13:47:31,400838,18.0,2
MV_A5-Weekday-SDon-079800_M5_528,M5,d1,24,13:48:05,13:48:05,404130,18.0,2
MV_A5-Weekday-SDon-079800_M5_528,M5,d1,25,13:49:16,13:49:16,400840,23.0,2
MV_A5-Weekday-SDon-079800_M5_528,M5,d1,26,13:50:00,13:50:00,400841,23.0,2
MV_A5-Weekday-SDon-079800_M5_528,M5,d1,27,13:51:24,13:51:24,404131,22.0,2
MV_A5-Weekday-SDon-079800_M5_528,M5,d1,28,13:52:40,13:52:40,400843,23.0,2
MV_A5-Weekday-SDon-079800_M5_528,M5,d1,29,13:53:57,13:53:57,404855,15.0,2
MV_A5-Weekday-SDon-079800_M5_528,M5,d1,30,13:55:13,13:55:13,400846,25.0,2
MV_A5-Weekday-SDon-079800_M5_528,M5,d1,31,13:56:08,13:56:08,400847,19.0,2
MV_A5-Weekday-SDon-079800_M5_528,M5,d1,32,13:57:06,13:57:06,400848,25.0,2
MV_A5-Weekday-SDon-079800_M5_528,M5,d1,33,13:58:00,13:58:00,400849,21.0,2
MV_A5-Weekday-SDon-079800_M5_528,M5,d1,34,14:00:12,14:00:12,400851,23.0,2
MV_A5-Weekday-SDon-079800_M5_528,M5,d1,35,14:01:30,14:01:30,400852,21.0,2
MV_A5-Weekday-SDon-079800_M5_528,M5,d1,36,14:03:22,14:03:22,400853,18.0,5
MV_A5-Weekday-SDon-079800_M5_528,M5,d1,37,14:04:35,14:04:35,400854,71.0,5
MV_A5-Weekday-SDon-079800_M5_528,M5,d1,38,14:08:46,14:08:46,403171,67.0,5
MV_A5-Weekday-SDon-079800_M5_528,M5,d1,39,14:13:00,14:13:00,400861,22.0,2
MV_A5-Weekday-SDon-079800_M5_528,M5,d1,40,14:18:56,14:18:56,403047,22.0,2
MV_A5-Weekday-SDon-079800_M5_528,M5,d1,41,14:23:41,14:23:41,402446,22.0,2
MV_A5-Weekday-SDon-079800_M5_528,M5,d1,42,14:29:27,14:29:27,450123,1.0,1
MV_A5-Weekday-SDon-079800_M5_528,M5,d1,43,14:37:00,14:37:00,400135,1.0,1
MV_A5-Weekday-SDon-079800_M5_528,M5,d1,44,14:38:28,14:38:28,400322,1.0,1
MV_A5-Weekday-SDon-079800_M5_528,M5,d1,45,14:39:56,14:39:56,400323,1.0,1
MV_A5-Weekday-SDon-079800_M5_528,M5,d1,46,14:41:30,14:41:30,400324,1.0,1
MV_A5-Weekday-SDon-079800_M5_528,M5,d1,47,14:44:00,14:44:00,803082,1.0,1
MV_A5-Weekday-049000_M5_518,M5,d1,1,8:10:00,8:10:00,400808,8.0,1
MV_A5-Weekday-049000_M5_518,M5,d1,2,8:11:12,8:11:12,400809,8.0,1
MV_A5-Weekday-049000_M5_518,M5,d1,3,8:12:11,8:12:11,400810,8.0,1
MV_A5-Weekday-049000_M5_518,M5,d1,4,8:13:11,8:13:11,400811,8.0,1
MV_A5-Weekday-049000_M5_518,M5,d1,5,8:13:52,8:13:52,400812,8.0,1
MV_A5-Weekday-049000_M5_518,M5,d1,6,8:15:37,8:15:37,404918,8.0,1
MV_A5-Weekday-049000_M5_518,M5,d1,7,8:17:04,8:17:04,400814,8.0,1
MV_A5-Weekday-049000_M5_518,M5,d1,8,8:17:58,8:17:58,400815,8.0,1
MV_A5-Weekday-049000_M5_518,M5,d1,9,8:18:54,8:18:54,400816,8.0,1
MV_A5-Weekday-049000_M5_518,M5,d1,10,8:20:00,8:20:00,400655,8.0,1
MV_A5-Weekday-049000_M5_518,M5,d1,11,8:22:13,8:22:13,400657,8.0,1
MV_A5-Weekday-049000_M5_518,M5,d1,12,8:24:41,8:24:41,403483,2.0,1
MV_A5-Weekday-049000_M5_518,M5,d1,13,8:26:56,8:26:56,400662,2.0,1
MV_A5-Weekday-049000_M5_518,M5,d1,14,8:29:00,8:29:00,404011,2.0,1
MV_A5-Weekday-049000_M5_518,M5,d1,15,8:29:26,8:29:26,404012,2.0,1
MV_A5-Weekday-049000_M5_518,M5,d1,16,8:31:46,8:31:46,404822,2.0,1
MV_A5-Weekday-049000_M5_518,M5,d1,17,8:33:02,8:33:02,404259,2.0,1
MV_A5-Weekday-049000_M5_518,M5,d1,18,8:33:56,8:33:56,405580,2.0,1
MV_A5-Weekday-049000_M5_518,M5,d1,19,8:34:49,8:34:49,400834,2.0,1
MV_A5-Weekday-049000_M5_518,M5,d1,20,8:35:23,8:35:23,400835,2.0,1
MV_A5-Weekday-049000_M5_518,M5,d1,21,8:35:54,8:35:54,400836,2.0,1
MV_A5-Weekday-049000_M5_518,M5,d1,22,8:36:59,8:36:59,400837,2.0,1
MV_A5-Weekday-049000_M5_518,M5,d1,23,8:37:31,8:37:31,400838,2.0,1
MV_A5-Weekday-049000_M5_518,M5,d1,24,8:38:05,8:38:05,404130,2.0,1
MV_A5-Weekday-049000_M5_518,M5,d1,25,8:39:16,8:39:16,400840,2.0,1
MV_A5-Weekday-049000_M5_518,M5,d1,26,8:40:00,8:40:00,400841,2.0,1
MV_A5-Weekday-049000_M5_518,M5,d1,27,8:41:24,8:41:24,404131,2.0,1
MV_A5-Weekday-049000_M5_518,M5,d1,28,8:42:40,8:42:40,400843,1.0,1
MV_A5-Weekday-049000_M5_518,M5,d1,29,8:43:57,8:43:57,404855,4.0,1
MV_A5-Weekday-049000_M5_518,M5,d1,30,8:45:13,8:45:13,400846,4.0,1
MV_A5-Weekday-049000_M5_518,M5,d1,31,8:46:08,8:46:08,400847,4.0,1
MV_A5-Weekday-049000_M5_518,M5,d1,32,8:47:06,8:47:06,400848,4.0,1
MV_A5-Weekday-049000_M5_518,M5,d1,33,8:48:00,8:48:00,400849,5.0,1
MV_A5-Weekday-049000_M5_518,M5,d1,34,8:50:04,8:50:04,400851,10.0,1
MV_A5-Weekday-049000_M5_518,M5,d1,35,8:51:16,8:51:16,400852,10.0,1
MV_A5-Weekday-049000_M5_518,M5,d1,36,8:53:01,8:53:01,400853,15.0,2
MV_A5-Weekday-049000_M5_518,M5,d1,37,8:54:08,8:54:08,400854,20.0,2
MV_A5-Weekday-049000_M5_518,M5,d1,38,8:58:03,8:58:03,403171,20.0,2
MV_A5-Weekday-049000_M5_518,M5,d1,39,9:02:00,9:02:00,400861,20.0,2
MV_A5-Weekday-049000_M5_518,M5,d1,40,9:06:27,9:06:27,403047,16.0,1
MV_A5-Weekday-049000_M5_518,M5,d1,41,9:10:00,9:10:00,402446,12.0,1
MV_A5-Weekday-049000_M5_518,M5,d1,42,9:14:20,9:14:20,450123,4.0,1
MV_A5-Weekday-049000_M5_518,M5,d1,43,9:20:00,9:20:00,400135,4.0,1
MV_A5-Weekday-049000_M5_518,M5,d1,44,9:21:28,9:21:28,400322,3.0,1
MV_A5-Weekday-049000_M5_518,M5,d1,45,9:22:56,9:22:56,400323,1.0,1
MV_A5-Weekday-049000_M5_518,M5,d1,46,9:24:30,9:24:30,400324,1.0,1
MV_A5-Weekday-049000_M5_518,M5,d1,47,9:27:00,9:27:00,803082,1.0,1
MV_A5-Weekday-087000_M5_536,M5,d1,1,14:30:00,14:30:00,400808,15.0,1
MV_A5-Weekday-087000_M5_536,M5,d1,2,14:31:19,14:31:19,400809,9.0,1
MV_A5-Weekday-087000_M5_536,M5,d1,3,14:32:24,14:32:24,400810,9.0,1
MV_A5-Weekday-087000_M5_536,M5,d1,4,14:33:30,14:33:30,400811,9.0,1
MV_A5-Weekday-087000_M5_536,M5,d1,5,14:34:16,14:34:16,400812,11.0,2
MV_A5-Weekday-087000_M5_536,M5,d1,6,14:36:11,14:36:11,404918,31.0,2
MV_A5-Weekday-087000_M5_536,M5,d1,7,14:37:47,14:37:47,400814,9.0,1
MV_A5-Weekday-087000_M5_536,M5,d1,8,14:38:45,14:38:45,400815,9.0,1
MV_A5-Weekday-087000_M5_536,M5,d1,9,14:39:47,14:39:47,400816,9.0,1
MV_A5-Weekday-087000_M5_536,M5,d1,10,14:41:00,14:41:00,400655,5.0,1
MV_A5-Weekday-087000_M5_536,M5,d1,11,14:43:28,14:43:28,400657,15.0,1
MV_A5-Weekday-087000_M5_536,M5,d1,12,14:46:12,14:46:12,403483,4.0,1
MV_A5-Weekday-087000_M5_536,M5,d1,13,14:48:42,14:48:42,400662,4.0,1
MV_A5-Weekday-087000_M5_536,M5,d1,14,14:51:00,14:51:00,404011,4.0,1
MV_A5-Weekday-087000_M5_536,M5,d1,15,14:51:26,14:51:26,404012,4.0,1
MV_A5-Weekday-087000_M5_536,M5,d1,16,14:53:46,14:53:46,404822,4.0,1
MV_A5-Weekday-087000_M5_536,M5,d1,17,14:55:02,14:55:02,404259,4.0,1
MV_A5-Weekday-087000_M5_536,M5,d1,18,14:55:56,14:55:56,405580,7.0,1
MV_A5-Weekday-087000_M5_536,M5,d1,19,14:56:49,14:56:49,400834,7.0,1
MV_A5-Weekday-087000_M5_536,M5,d1,20,14:57:23,14:57:23,400835,7.0,1
MV_A5-Weekday-087000_M5_536,M5,d1,21,14:57:54,14:57:54,400836,8.0,1
MV_A5-Weekday-087000_M5_536,M5,d1,22,14:58:59,14:58:59,400837,8.0,1
MV_A5-Weekday-087000_M5_536,M5,d1,23,14:59:31,14:59:31,400838,8.0,1
MV_A5-Weekday-087000_M5_536,M5,d1,24,15:00:05,15:00:05,404130,8.0,1
MV_A5-Weekday-087000_M5_536,M5,d1,25,15:01:16,15:01:16,400840,8.0,1
MV_A5-Weekday-087000_M5_536,M5,d1,26,15:02:00,15:02:00,400841,6.0,1
MV_A5-Weekday-087000_M5_536,M5,d1,27,15:03:24,15:03:24,404131,8.0,1
MV_A5-Weekday-087000_M5_536,M5,d1,28,15:04:40,15:04:40,400843,8.0,1
MV_A5-Weekday-087000_M5_536,M5,d1,29,15:05:57,15:05:57,404855,8.0,1
MV_A5-Weekday-087000_M5_536,M5,d1,30,15:07:13,15:07:13,400846,8.0,1
MV_A5-Weekday-087000_M5_536,M5,d1,31,15:08:08,15:08:08,400847,8.0,1
MV_A5-Weekday-087000_M5_536,M5,d1,32,15:09:06,15:09:06,400848,10.0,1
MV_A5-Weekday-087000_M5_536,M5,d1,33,15:10:00,15:10:00,400849,10.0,1
MV_A5-Weekday-087000_M5_536,M5,d1,34,15:12:12,15:12:12,400851,10.0,1
MV_A5-Weekday-087000_M5_536,M5,d1,35,15:13:30,15:13:30,400852,10.0,1
MV_A5-Weekday-087000_M5_536,M5,d1,36,15:15:22,15:15:22,400853,12.0,1
MV_A5-Weekday-087000_M5_536,M5,d1,37,15:16:35,15:16:35,400854,12.0,2
MV_A5-Weekday-087000_M5_536,M5,d1,38,15:20:46,15:20:46,403171,24.0,2
MV_A5-Weekday-087000_M5_536,M5,d1,39,15:25:00,15:25:00,400861,26.0,2
MV_A5-Weekday-087000_M5_536,M5,d1,40,15:30:56,15:30:56,403047,8.0,2
MV_A5-Weekday-087000_M5_536,M5,d1,41,15:35:41,15:35:41,402446,25.0,2
MV_A5-Weekday-087000_M5_536,M5,d1,42,15:41:27,15:41:27,450123,25.0,2
MV_A5-Weekday-087000_M5_536,M5,d1,43,15:49:00,15:49:00,400135,4.0,2
MV_A5-Weekday-087000_M5_536,M5,d1,44,15:50:28,15:50:28,400322,20.0,2
MV_A5-Weekday-087000_M5_536,M5,d1,45,15:51:56,15:51:56,400323,4.0,1
MV_A5-Weekday-087000_M5_536,M5,d1,46,15:53:30,15:53:30,400324,4.0,1
MV_A5-Weekday-087000_M5_536,M5,d1,47,15:56:00,15:56:00,803082,4.0,1
MV_A5-Weekday-SDon-084400_M5_515,M5,d1,1,14:04:00,14:04:00,403835,2.0,1
MV_A5-Weekday-SDon-084400_M5_515,M5,d1,2,14:06:00,14:06:00,400639,1.0,1
MV_A5-Weekday-SDon-084400_M5_515,M5,d1,3,14:08:03,14:08:03,400640,1.0,1
MV_A5-Weekday-SDon-084400_M5_515,M5,d1,4,14:09:41,14:09:41,400641,2.0,1
MV_A5-Weekday-SDon-084400_M5_515,M5,d1,5,14:11:00,14:11:00,400642,9.0,1
MV_A5-Weekday-SDon-084400_M5_515,M5,d1,6,14:11:58,14:11:58,400643,9.0,1
MV_A5-Weekday-SDon-084400_M5_515,M5,d1,7,14:12:58,14:12:58,400644,9.0,1
MV_A5-Weekday-SDon-084400_M5_515,M5,d1,8,14:14:05,14:14:05,400645,9.0,1
MV_A5-Weekday-SDon-084400_M5_515,M5,d1,9,14:15:23,14:15:23,400646,9.0,1
MV_A5-Weekday-SDon-084400_M5_515,M5,d1,10,14:16:46,14:16:46,400647,4.0,1
MV_A5-Weekday-SDon-084400_M5_515,M5,d1,11,14:17:53,14:17:53,400648,10.0,1
MV_A5-Weekday-SDon-084400_M5_515,M5,d1,12,14:18:58,14:18:58,400649,4.0,1
MV_A5-Weekday-SDon-084400_M5_515,M5,d1,13,14:20:00,14:20:00,403373,5.0,1
MV_A5-Weekday-SDon-084400_M5_515,M5,d1,14,14:21:43,14:21:43,403374,7.0,1
MV_A5-Weekday-SDon-084400_M5_515,M5,d1,15,14:22:45,14:22:45,403375,7.0,1
MV_A5-Weekday-SDon-084400_M5_515,M5,d1,16,14:23:46,14:23:46,403376,7.0,1
MV_A5-Weekday-SDon-084400_M5_515,M5,d1,17,14:25:00,14:25:00,403377,7.0,1
MV_A5-Weekday-SDon-084400_M5_515,M5,d1,18,14:26:51,14:26:51,400655,10.0,1
MV_A5-Weekday-SDon-084400_M5_515,M5,d1,19,14:28:30,14:28:30,400656,10.0,1
MV_A5-Weekday-SDon-084400_M5_515,M5,d1,20,14:30:14,14:30:14,400657,10.0,1
MV_A5-Weekday-SDon-084400_M5_515,M5,d1,21,14:31:26,14:31:26,400658,10.0,1
MV_A5-Weekday-SDon-084400_M5_515,M5,d1,22,14:33:13,14:33:13,400659,9.0,1
MV_A5-Weekday-SDon-084400_M5_515,M5,d1,23,14:34:00,14:34:00,403483,9.0,1
MV_A5-Weekday-SDon-084400_M5_515,M5,d1,24,14:36:28,14:36:28,400661,9.0,1
MV_A5-Weekday-SDon-084400_M5_515,M5,d1,25,14:37:46,14:37:46,400662,9.0,1
MV_A5-Weekday-SDon-084400_M5_515,M5,d1,26,14:39:03,14:39:03,400663,9.0,1
MV_A5-Weekday-SDon-084400_M5_515,M5,d1,27,14:41:00,14:41:00,803157,9.0,1
MV_A5-Weekday-SDon-084400_M5_515,M5,d1,28,14:43:00,14:43:00,404148,9.0,1
MV_A5-Weekday-SDon-084400_M5_515,M5,d1,29,14:45:07,14:45:07,403903,9.0,1
MV_A5-Weekday-SDon-084400_M5_515,M5,d1,30,14:46:10,14:46:10,403142,9.0,1
MV_A5-Weekday-SDon-084400_M5_515,M5,d1,31,14:47:20,14:47:20,403144,9.0,1
MV_A5-Weekday-SDon-084400_M5_515,M5,d1,32,14:49:10,14:49:10,403145,9.0,1
MV_A5-Weekday-SDon-084400_M5_515,M5,d1,33,14:50:26,14:50:26,405234,9.0,1
MV_A5-Weekday-SDon-084400_M5_515,M5,d1,34,14:52:36,14:52:36,403147,9.0,1
MV_A5-Weekday-SDon-084400_M5_515,M5,d1,35,14:53:47,14:53:47,403148,9.0,1
MV_A5-Weekday-SDon-084400_M5_515,M5,d1,36,14:54:56,14:54:56,403149,9.0,1
MV_A5-Weekday-SDon-084400_M5_515,M5,d1,37,14:56:24,14:56:24,400676,9.0,1
MV_A5-Weekday-SDon-084400_M5_515,M5,d1,38,14:58:16,14:58:16,400677,9.0,1
MV_A5-Weekday-SDon-084400_M5_515,M5,d1,39,15:00:11,15:00:11,400678,9.0,1
MV_A5-Weekday-SDon-084400_M5_515,M5,d1,40,15:01:00,15:01:00,400485,9.0,1
MV_A5-Weekday-SDon-084400_M5_515,M5,d1,41,15:02:43,15:02:43,400486,9.0,1
MV_A5-Weekday-SDon-084400_M5_515,M5,d1,42,15:05:00,15:05:00,400290,9.0,1
MV_A5-Weekday-SDon-084400_M5_515,M5,d1,43,15:07:15,15:07:15,404278,9.0,1
MV_A5-Weekday-SDon-084400_M5_515,M5,d1,44,15:09:00,15:09:00,400292,9.0,1
MV_A5-Weekday-SDon-084400_M5_515,M5,d1,45,15:11:05,15:11:05,400108,9.0,1
MV_A5-Weekday-SDon-084400_M5_515,M5,d1,46,15:12:43,15:12:43,400109,8.0,1
MV_A5-Weekday-SDon-084400_M5_515,M5,d1,47,15:14:15,15:14:15,400110,2.0,1
MV_A5-Weekday-SDon-084400_M5_515,M5,d1,48,15:15:56,15:15:56,400111,6.0,1
MV_A5-Weekday-SDon-084400_M5_515,M5,d1,49,15:18:51,15:18:51,404081,9.0,1
MV_A5-Weekday-SDon-084400_M5_515,M5,d1,50,15:20:52,15:20:52,404168,9.0,1
MV_A5-Weekday-SDon-084400_M5_515,M5,d1,51,15:22:06,15:22:06,400115,9.0,1
MV_A5-Weekday-SDon-084400_M5_515,M5,d1,52,15:23:45,15:23:45,400116,9.0,1
MV_A5-Weekday-SDon-084400_M5_515,M5,d1,53,15:25:14,15:25:14,400117,9.0,1
MV_A5-Weekday-SDon-084400_M5_515,M5,d1,54,15:27:28,15:27:28,400118,9.0,1
MV_A5-Weekday-SDon-084400_M5_515,M5,d1,55,15:29:37,15:29:37,400119,3.0,1
MV_A5-Weekday-SDon-084400_M5_515,M5,d1,56,15:32:52,15:32:52,400120,12.0,1
MV_A5-Weekday-SDon-084400_M5_515,M5,d1,57,15:34:10,15:34:10,400121,12.0,1
MV_A5-Weekday-SDon-084400_M5_515,M5,d1,58,15:35:33,15:35:33,400122,12.0,1
MV_A5-Weekday-SDon-084400_M5_515,M5,d1,59,15:37:06,15:37:06,400123,13.0,1
MV_A5-Weekday-SDon-084400_M5_515,M5,d1,60,15:40:00,15:40:00,400124,15.0,1
MV_A5-Weekday-SDon-084400_M5_515,M5,d1,61,15:42:07,15:42:07,400125,14.0,1
MV_A5-Weekday-SDon-084400_M5_515,M5,d1,62,15:44:36,15:44:36,400126,14.0,2
MV_A5-Weekday-SDon-084400_M5_515,M5,d1,63,15:46:27,15:46:27,400127,24.0,2
MV_A5-Weekday-SDon-084400_M5_515,M5,d1,64,15:47:42,15:47:42,400128,24.0,2
MV_A5-Weekday-SDon-084400_M5_515,M5,d1,65,15:49:15,15:49:15,400512,7.0,2
MV_A5-Weekday-SDon-084400_M5_515,M5,d1,66,15:52:32,15:52:32,403266,25.0,2
MV_A5-Weekday-SDon-084400_M5_515,M5,d1,67,15:54:47,15:54:47,400514,25.0,2
MV_A5-Weekday-SDon-084400_M5_515,M5,d1,68,15:57:06,15:57:06,400515,6.0,1
MV_A5-Weekday-SDon-084400_M5_515,M5,d1,69,15:59:24,15:59:24,400516,6.0,2
MV_A5-Weekday-SDon-084400_M5_515,M5,d1,70,16:00:58,16:00:58,405179,20.0,2
MV_A5-Weekday-SDon-084400_M5_515,M5,d1,71,16:03:00,16:03:00,400518,5.0,1
MV_A5-Weekday-SDon-084400_M5_515,M5,d1,72,16:05:25,16:05:25,400519,5.0,1
MV_A5-Weekday-SDon-084400_M5_515,M5,d1,73,16:06:51,16:06:51,405486,6.0,1
MV_A5-Weekday-SDon-084400_M5_515,M5,d1,74,16:10:00,16:10:00,903128,6.0,1
MV_A5-Weekday-SDon-100000_M5_540,M5,d1,1,16:40:00,16:40:00,400808,22.0,2
MV_A5-Weekday-SDon-100000_M5_540,M5,d1,2,16:41:19,16:41:19,400809,23.0,2
MV_A5-Weekday-SDon-100000_M5_540,M5,d1,3,16:42:24,16:42:24,400810,23.0,2
MV_A5-Weekday-SDon-100000_M5_540,M5,d1,4,16:43:30,16:43:30,400811,22.0,2
MV_A5-Weekday-SDon-100000_M5_540,M5,d1,5,16:44:16,16:44:16,400812,26.0,2
MV_A5-Weekday-SDon-100000_M5_540,M5,d1,6,16:46:11,16:46:11,404918,26.0,2
MV_A5-Weekday-SDon-100000_M5_540,M5,d1,7,16:47:47,16:47:47,400814,26.0,2
MV_A5-Weekday-SDon-100000_M5_540,M5,d1,8,16:48:45,16:48:45,400815,23.0,2
MV_A5-Weekday-SDon-100000_M5_540,M5,d1,9,16:49:47,16:49:47,400816,25.0,2
MV_A5-Weekday-SDon-100000_M5_540,M5,d1,10,16:51:00,16:51:00,400655,25.0,2
MV_A5-Weekday-SDon-100000_M5_540,M5,d1,11,16:53:28,16:53:28,400657,21.0,2
MV_A5-Weekday-SDon-100000_M5_540,M5,d1,12,16:56:12,16:56:12,403483,8.0,1
MV_A5-Weekday-SDon-100000_M5_540,M5,d1,13,16:58:42,16:58:42,400662,2.0,1
MV_A5-Weekday-SDon-100000_M5_540,M5,d1,14,17:01:00,17:01:00,404011,2.0,1
MV_A5-Weekday-SDon-100000_M5_540,M5,d1,15,17:01:26,17:01:26,404012,1.0,1
MV_A5-Weekday-SDon-100000_M5_540,M5,d1,16,17:03:46,17:03:46,404822,1.0,1
MV_A5-Weekday-SDon-100000_M5_540,M5,d1,17,17:05:02,17:05:02,404259,1.0,1
MV_A5-Weekday-SDon-100000_M5_540,M5,d1,18,17:05:56,17:05:56,405580,1.0,2
MV_A5-Weekday-SDon-100000_M5_540,M5,d1,19,17:06:49,17:06:49,400834,28.0,2
MV_A5-Weekday-SDon-100000_M5_540,M5,d1,20,17:07:23,17:07:23,400835,28.0,2
MV_A5-Weekday-SDon-100000_M5_540,M5,d1,21,17:07:54,17:07:54,400836,6.0,1
MV_A5-Weekday-SDon-100000_M5_540,M5,d1,22,17:08:59,17:08:59,400837,6.0,1
MV_A5-Weekday-SDon-100000_M5_540,M5,d1,23,17:09:31,17:09:31,400838,6.0,1
MV_A5-Weekday-SDon-100000_M5_540,M5,d1,24,17:10:05,17:10:05,404130,6.0,1
MV_A5-Weekday-SDon-100000_M5_540,M5,d1,25,17:11:16,17:11:16,400840,6.0,2
MV_A5-Weekday-SDon-100000_M5_540,M5,d1,26,17:12:00,17:12:00,400841,28.0,2
MV_A5-Weekday-SDon-100000_M5_540,M5,d1,27,17:13:24,17:13:24,404131,29.0,2
MV_A5-Weekday-SDon-100000_M5_540,M5,d1,28,17:14:40,17:14:40,400843,29.0,2
MV_A5-Weekday-SDon-100000_M5_540,M5,d1,29,17:15:57,17:15:57,404855,15.0,2
MV_A5-Weekday-SDon-100000_M5_540,M5,d1,30,17:17:13,17:17:13,400846,31.0,2
MV_A5-Weekday-SDon-100000_M5_540,M5,d1,31,17:18:08,17:18:08,400847,9.0,3
MV_A5-Weekday-SDon-100000_M5_540,M5,d1,32,17:19:06,17:19:06,400848,36.0,3
MV_A5-Weekday-SDon-100000_M5_540,M5,d1,33,17:20:00,17:20:00,400849,36.0,3
MV_A5-Weekday-SDon-100000_M5_540,M5,d1,34,17:22:12,17:22:12,400851,7.0,5
MV_A5-Weekday-SDon-100000_M5_540,M5,d1,35,17:23:30,17:23:30,400852,71.0,5
MV_A5-Weekday-SDon-100000_M5_540,M5,d1,36,17:25:22,17:25:22,400853,71.0,5
MV_A5-Weekday-SDon-100000_M5_540,M5,d1,37,17:26:35,17:26:35,400854,11.0,1
MV_A5-Weekday-SDon-100000_M5_540,M5,d1,38,17:30:46,17:30:46,403171,7.0,5
MV_A5-Weekday-SDon-100000_M5_540,M5,d1,39,17:35:00,17:35:00,400861,66.0,5
MV_A5-Weekday-SDon-100000_M5_540,M5,d1,40,17:40:56,17:40:56,403047,66.0,5
MV_A5-Weekday-SDon-100000_M5_540,M5,d1,41,17:45:41,17:45:41,402446,67.0,5
MV_A5-Weekday-SDon-100000_M5_540,M5,d1,42,17:51:27,17:51:27,450123,68.0,5
MV_A5-Weekday-SDon-100000_M5_540,M5,d1,43,17:59:00,17:59:00,400135,68.0,5
MV_A5-Weekday-SDon-100000_M5_540,M5,d1,44,18:00:28,18:00:28,400322,30.0,2
MV_A5-Weekday-SDon-100000_M5_540,M5,d1,45,18:01:56,18:01:56,400323,30.0,4
MV_A5-Weekday-SDon-100000_M5_540,M5,d1,46,18:03:30,18:03:30,400324,59.0,4
MV_A5-Weekday-SDon-100000_M5_540,M5,d1,47,18:06:00,18:06:00,803082,59.0,4
MV_A5-Weekday-108500_M5_519,M5,d1,1,18:05:00,18:05:00,403835,5.0,1
MV_A5-Weekday-108500_M5_519,M5,d1,2,18:07:00,18:07:00,400639,5.0,1
MV_A5-Weekday-108500_M5_519,M5,d1,3,18:08:54,18:08:54,400640,9.0,1
MV_A5-Weekday-108500_M5_519,M5,d1,4,18:10:25,18:10:25,400641,9.0,1
MV_A5-Weekday-108500_M5_519,M5,d1,5,18:11:39,18:11:39,400642,9.0,1
MV_A5-Weekday-108500_M5_519,M5,d1,6,18:12:33,18:12:33,400643,9.0,1
MV_A5-Weekday-108500_M5_519,M5,d1,7,18:13:28,18:13:28,400644,9.0,1
MV_A5-Weekday-108500_M5_519,M5,d1,8,18:14:31,18:14:31,400645,9.0,1
MV_A5-Weekday-108500_M5_519,M5,d1,9,18:15:43,18:15:43,400646,9.0,1
MV_A5-Weekday-108500_M5_519,M5,d1,10,18:16:59,18:16:59,400647,9.0,1
MV_A5-Weekday-108500_M5_519,M5,d1,11,18:18:02,18:18:02,400648,9.0,1
MV_A5-Weekday-108500_M5_519,M5,d1,12,18:19:03,18:19:03,400649,15.0,1
MV_A5-Weekday-108500_M5_519,M5,d1,13,18:20:00,18:20:00,403373,15.0,1
MV_A5-Weekday-108500_M5_519,M5,d1,14,18:21:51,18:21:51,403374,15.0,1
MV_A5-Weekday-108500_M5_519,M5,d1,15,18:22:56,18:22:56,403375,15.0,1
MV_A5-Weekday-108500_M5_519,M5,d1,16,18:24:02,18:24:02,403376,11.0,1
MV_A5-Weekday-108500_M5_519,M5,d1,17,18:25:21,18:25:21,403377,11.0,1
MV_A5-Weekday-108500_M5_519,M5,d1,18,18:27:21,18:27:21,400655,11.0,1
MV_A5-Weekday-108500_M5_519,M5,d1,19,18:29:06,18:29:06,400656,10.0,1
MV_A5-Weekday-108500_M5_519,M5,d1,20,18:30:58,18:30:58,400657,10.0,1
MV_A5-Weekday-108500_M5_519,M5,d1,21,18:32:15,18:32:15,400658,10.0,1
MV_A5-Weekday-108500_M5_519,M5,d1,22,18:34:10,18:34:10,400659,8.0,1
MV_A5-Weekday-108500_M5_519,M5,d1,23,18:35:00,18:35:00,403483,8.0,1
MV_A5-Weekday-108500_M5_519,M5,d1,24,18:36:25,18:36:25,400661,8.0,1
MV_A5-Weekday-108500_M5_519,M5,d1,25,18:37:09,18:37:09,400662,8.0,1
MV_A5-Weekday-108500_M5_519,M5,d1,26,18:37:53,18:37:53,400663,4.0,1
MV_A5-Weekday-108500_M5_519,M5,d1,27,18:39:00,18:39:00,803157,4.0,1
MV_A5-Weekday-072300_M5_523,M5,d1,1,12:03:00,12:03:00,400808,8.0,2
MV_A5-Weekday-072300_M5_523,M5,d1,2,12:04:19,12:04:19,400809,18.0,2
MV_A5-Weekday-072300_M5_523,M5,d1,3,12:05:24,12:05:24,400810,22.0,2
MV_A5-Weekday-072300_M5_523,M5,d1,4,12:06:30,12:06:30,400811,22.0,2
MV_A5-Weekday-072300_M5_523,M5,d1,5,12:07:16,12:07:16,400812,22.0,2
MV_A5-Weekday-072300_M5_523,M5,d1,6,12:09:11,12:09:11,404918,22.0,2
MV_A5-Weekday-072300_M5_523,M5,d1,7,12:10:47,12:10:47,400814,22.0,2
MV_A5-Weekday-072300_M5_523,M5,d1,8,12:11:45,12:11:45,400815,22.0,2
MV_A5-Weekday-072300_M5_523,M5,d1,9,12:12:47,12:12:47,400816,22.0,2
MV_A5-Weekday-072300_M5_523,M5,d1,10,12:14:00,12:14:00,400655,10.0,1
MV_A5-Weekday-072300_M5_523,M5,d1,11,12:16:28,12:16:28,400657,10.0,1
MV_A5-Weekday-072300_M5_523,M5,d1,12,12:19:12,12:19:12,403483,6.0,1
MV_A5-Weekday-072300_M5_523,M5,d1,13,12:21:42,12:21:42,400662,5.0,1
MV_A5-Weekday-072300_M5_523,M5,d1,14,12:24:00,12:24:00,404011,5.0,1
MV_A5-Weekday-072300_M5_523,M5,d1,15,12:24:26,12:24:26,404012,1.0,1
MV_A5-Weekday-072300_M5_523,M5,d1,16,12:26:46,12:26:46,404822,1.0,1
MV_A5-Weekday-072300_M5_523,M5,d1,17,12:28:02,12:28:02,404259,14.0,1
MV_A5-Weekday-072300_M5_523,M5,d1,18,12:28:56,12:28:56,405580,14.0,1
MV_A5-Weekday-072300_M5_523,M5,d1,19,12:29:49,12:29:49,400834,14.0,1
MV_A5-Weekday-072300_M5_523,M5,d1,20,12:30:23,12:30:23,400835,2.0,1
MV_A5-Weekday-072300_M5_523,M5,d1,21,12:30:54,12:30:54,400836,4.0,1
MV_A5-Weekday-072300_M5_523,M5,d1,22,12:31:59,12:31:59,400837,7.0,1
MV_A5-Weekday-072300_M5_523,M5,d1,23,12:32:31,12:32:31,400838,7.0,1
MV_A5-Weekday-072300_M5_523,M5,d1,24,12:33:05,12:33:05,404130,7.0,1
MV_A5-Weekday-072300_M5_523,M5,d1,25,12:34:16,12:34:16,400840,8.0,1
MV_A5-Weekday-072300_M5_523,M5,d1,26,12:35:00,12:35:00,400841,8.0,1
MV_A5-Weekday-072300_M5_523,M5,d1,27,12:36:24,12:36:24,404131,10.0,1
MV_A5-Weekday-072300_M5_523,M5,d1,28,12:37:40,12:37:40,400843,11.0,1
MV_A5-Weekday-072300_M5_523,M5,d1,29,12:38:57,12:38:57,404855,11.0,1
MV_A5-Weekday-072300_M5_523,M5,d1,30,12:40:13,12:40:13,400846,4.0,1
MV_A5-Weekday-072300_M5_523,M5,d1,31,12:41:08,12:41:08,400847,12.0,2
MV_A5-Weekday-072300_M5_523,M5,d1,32,12:42:06,12:42:06,400848,21.0,2
MV_A5-Weekday-072300_M5_523,M5,d1,33,12:43:00,12:43:00,400849,21.0,2
MV_A5-Weekday-072300_M5_523,M5,d1,34,12:45:12,12:45:12,400851,21.0,2
MV_A5-Weekday-072300_M5_523,M5,d1,35,12:46:30,12:46:30,400852,10.0,2
MV_A5-Weekday-072300_M5_523,M5,d1,36,12:48:22,12:48:22,400853,24.0,2
MV_A5-Weekday-072300_M5_523,M5,d1,37,12:49:35,12:49:35,400854,24.0,2
MV_A5-Weekday-072300_M5_523,M5,d1,38,12:53:46,12:53:46,403171,22.0,2
MV_A5-Weekday-072300_M5_523,M5,d1,39,12:58:00,12:58:00,400861,24.0,2
MV_A5-Weekday-072300_M5_523,M5,d1,40,13:03:56,13:03:56,403047,20.0,2
MV_A5-Weekday-072300_M5_523,M5,d1,41,13:08:41,13:08:41,402446,20.0,2
MV_A5-Weekday-072300_M5_523,M5,d1,42,13:14:27,13:14:27,450123,19.0,2
MV_A5-Weekday-072300_M5_523,M5,d1,43,13:22:00,13:22:00,400135,19.0,2
MV_A5-Weekday-072300_M5_523,M5,d1,44,13:23:28,13:23:28,400322,18.0,2
MV_A5-Weekday-072300_M5_523,M5,d1,45,13:24:56,13:24:56,400323,3.0,2
MV_A5-Weekday-072300_M5_523,M5,d1,46,13:26:30,13:26:30,400324,17.0,2
MV_A5-Weekday-072300_M5_523,M5,d1,47,13:29:00,13:29:00,803082,17.0,2
MV_A5-Weekday-095800_M5_541,M5,d1,1,15:58:00,15:58:00,400808,10.0,1
MV_A5-Weekday-095800_M5_541,M5,d1,2,15:59:19,15:59:19,400809,10.0,1
MV_A5-Weekday-095800_M5_541,M5,d1,3,16:00:24,16:00:24,400810,10.0,1
MV_A5-Weekday-095800_M5_541,M5,d1,4,16:01:30,16:01:30,400811,10.0,1
MV_A5-Weekday-095800_M5_541,M5,d1,5,16:02:16,16:02:16,400812,10.0,1
MV_A5-Weekday-095800_M5_541,M5,d1,6,16:04:11,16:04:11,404918,10.0,2
MV_A5-Weekday-095800_M5_541,M5,d1,7,16:05:47,16:05:47,400814,23.0,2
MV_A5-Weekday-095800_M5_541,M5,d1,8,16:06:45,16:06:45,400815,23.0,2
MV_A5-Weekday-095800_M5_541,M5,d1,9,16:07:47,16:07:47,400816,23.0,2
MV_A5-Weekday-095800_M5_541,M5,d1,10,16:09:00,16:09:00,400655,14.0,2
MV_A5-Weekday-095800_M5_541,M5,d1,11,16:11:28,16:11:28,400657,18.0,2
MV_A5-Weekday-095800_M5_541,M5,d1,12,16:14:12,16:14:12,403483,7.0,1
MV_A5-Weekday-095800_M5_541,M5,d1,13,16:16:42,16:16:42,400662,6.0,1
MV_A5-Weekday-095800_M5_541,M5,d1,14,16:19:00,16:19:00,404011,6.0,1
MV_A5-Weekday-095800_M5_541,M5,d1,15,16:19:26,16:19:26,404012,6.0,1
MV_A5-Weekday-095800_M5_541,M5,d1,16,16:21:46,16:21:46,404822,6.0,1
MV_A5-Weekday-095800_M5_541,M5,d1,17,16:23:02,16:23:02,404259,4.0,1
MV_A5-Weekday-095800_M5_541,M5,d1,18,16:23:56,16:23:56,405580,4.0,1
MV_A5-Weekday-095800_M5_541,M5,d1,19,16:24:49,16:24:49,400834,2.0,1
MV_A5-Weekday-095800_M5_541,M5,d1,20,16:25:23,16:25:23,400835,7.0,1
MV_A5-Weekday-095800_M5_541,M5,d1,21,16:25:54,16:25:54,400836,7.0,1
MV_A5-Weekday-095800_M5_541,M5,d1,22,16:26:59,16:26:59,400837,7.0,1
MV_A5-Weekday-095800_M5_541,M5,d1,23,16:27:31,16:27:31,400838,7.0,1
MV_A5-Weekday-095800_M5_541,M5,d1,24,16:28:05,16:28:05,404130,7.0,1
MV_A5-Weekday-095800_M5_541,M5,d1,25,16:29:16,16:29:16,400840,7.0,1
MV_A5-Weekday-095800_M5_541,M5,d1,26,16:30:00,16:30:00,400841,7.0,1
MV_A5-Weekday-095800_M5_541,M5,d1,27,16:31:24,16:31:24,404131,7.0,1
MV_A5-Weekday-095800_M5_541,M5,d1,28,16:32:40,16:32:40,400843,7.0,1
MV_A5-Weekday-095800_M5_541,M5,d1,29,16:33:57,16:33:57,404855,7.0,1
MV_A5-Weekday-095800_M5_541,M5,d1,30,16:35:13,16:35:13,400846,7.0,1
MV_A5-Weekday-095800_M5_541,M5,d1,31,16:36:08,16:36:08,400847,7.0,1
MV_A5-Weekday-095800_M5_541,M5,d1,32,16:37:06,16:37:06,400848,6.0,1
MV_A5-Weekday-095800_M5_541,M5,d1,33,16:38:00,16:38:00,400849,6.0,1
MV_A5-Weekday-095800_M5_541,M5,d1,34,16:40:12,16:40:12,400851,6.0,1
MV_A5-Weekday-095800_M5_541,M5,d1,35,16:41:30,16:41:30,400852,6.0,1
MV_A5-Weekday-095800_M5_541,M5,d1,36,16:43:22,16:43:22,400853,6.0,1
MV_A5-Weekday-095800_M5_541,M5,d1,37,16:44:35,16:44:35,400854,2.0,1
MV_A5-Weekday-095800_M5_541,M5,d1,38,16:48:46,16:48:46,403171,3.0,1
MV_A5-Weekday-095800_M5_541,M5,d1,39,16:53:00,16:53:00,400861,6.0,1
MV_A5-Weekday-095800_M5_541,M5,d1,40,16:58:56,16:58:56,403047,6.0,1
MV_A5-Weekday-095800_M5_541,M5,d1,41,17:03:41,17:03:41,402446,6.0,1
MV_A5-Weekday-095800_M5_541,M5,d1,42,17:09:27,17:09:27,450123,4.0,1
MV_A5-Weekday-095800_M5_541,M5,d1,43,17:17:00,17:17:00,400135,1.0,1
MV_A5-Weekday-095800_M5_541,M5,d1,44,17:18:28,17:18:28,400322,1.0,1
MV_A5-Weekday-095800_M5_541,M5,d1,45,17:19:56,17:19:56,400323,1.0,1
MV_A5-Weekday-095800_M5_541,M5,d1,46,17:21:30,17:21:30,400324,1.0,1
MV_A5-Weekday-095800_M5_541,M5,d1,47,17:24:00,17:24:00,803082,1.0,1
MV_A5-Weekday-121400_M5_526,M5,d1,1,20:14:00,20:14:00,400639,3.0,1
MV_A5-Weekday-121400_M5_526,M5,d1,2,20:15:28,20:15:28,400640,3.0,1
MV_A5-Weekday-121400_M5_526,M5,d1,3,20:16:38,20:16:38,400641,3.0,1
MV_A5-Weekday-121400_M5_526,M5,d1,4,20:17:34,20:17:34,400642,3.0,1
MV_A5-Weekday-121400_M5_526,M5,d1,5,20:18:16,20:18:16,400643,1.0,1
MV_A5-Weekday-121400_M5_526,M5,d1,6,20:18:59,20:18:59,400644,3.0,1
MV_A5-Weekday-121400_M5_526,M5,d1,7,20:19:47,20:19:47,400645,2.0,1
MV_A5-Weekday-121400_M5_526,M5,d1,8,20:20:42,20:20:42,400646,4.0,1
MV_A5-Weekday-121400_M5_526,M5,d1,9,20:21:41,20:21:41,400647,5.0,1
MV_A5-Weekday-121400_M5_526,M5,d1,10,20:22:29,20:22:29,400648,5.0,1
MV_A5-Weekday-121400_M5_526,M5,d1,11,20:23:16,20:23:16,400649,5.0,1
MV_A5-Weekday-121400_M5_526,M5,d1,12,20:24:00,20:24:00,403373,1.0,1
MV_A5-Weekday-121400_M5_526,M5,d1,13,20:25:29,20:25:29,403374,1.0,1
MV_A5-Weekday-121400_M5_526,M5,d1,14,20:26:21,20:26:21,403375,1.0,1
MV_A5-Weekday-121400_M5_526,M5,d1,15,20:27:14,20:27:14,403376,1.0,1
MV_A5-Weekday-121400_M5_526,M5,d1,16,20:28:17,20:28:17,403377,6.0,1
MV_A5-Weekday-121400_M5_526,M5,d1,17,20:29:53,20:29:53,400655,6.0,1
MV_A5-Weekday-121400_M5_526,M5,d1,18,20:31:17,20:31:17,400656,5.0,1
MV_A5-Weekday-121400_M5_526,M5,d1,19,20:32:47,20:32:47,400657,1.0,1
MV_A5-Weekday-121400_M5_526,M5,d1,20,20:33:48,20:33:48,400658,3.0,1
MV_A5-Weekday-121400_M5_526,M5,d1,21,20:35:20,20:35:20,400659,2.0,1
MV_A5-Weekday-121400_M5_526,M5,d1,22,20:36:00,20:36:00,403483,3.0,1
MV_A5-Weekday-121400_M5_526,M5,d1,23,20:37:25,20:37:25,400661,3.0,1
MV_A5-Weekday-121400_M5_526,M5,d1,24,20:38:09,20:38:09,400662,2.0,1
MV_A5-Weekday-121400_M5_526,M5,d1,25,20:38:53,20:38:53,400663,2.0,1
MV_A5-Weekday-121400_M5_526,M5,d1,26,20:40:00,20:40:00,803157,2.0,1
MV_A5-Weekday-040800_M5_502,M5,d1,1,6:48:00,6:48:00,400808,4.0,1
MV_A5-Weekday-040800_M5_502,M5,d1,2,6:49:04,6:49:04,400809,9.0,1
MV_A5-Weekday-040800_M5_502,M5,d1,3,6:49:58,6:49:58,400810,9.0,1
MV_A5-Weekday-040800_M5_502,M5,d1,4,6:50:52,6:50:52,400811,9.0,1
MV_A5-Weekday-040800_M5_502,M5,d1,5,6:51:29,6:51:29,400812,9.0,1
MV_A5-Weekday-040800_M5_502,M5,d1,6,6:53:03,6:53:03,404918,10.0,1
MV_A5-Weekday-040800_M5_502,M5,d1,7,6:54:22,6:54:22,400814,10.0,1
MV_A5-Weekday-040800_M5_502,M5,d1,8,6:55:10,6:55:10,400815,10.0,1
MV_A5-Weekday-040800_M5_502,M5,d1,9,6:56:00,6:56:00,400816,10.0,1
MV_A5-Weekday-040800_M5_502,M5,d1,10,6:57:00,6:57:00,400655,10.0,1
MV_A5-Weekday-040800_M5_502,M5,d1,11,6:59:13,6:59:13,400657,15.0,1
MV_A5-Weekday-040800_M5_502,M5,d1,12,7:01:41,7:01:41,403483,13.0,1
MV_A5-Weekday-040800_M5_502,M5,d1,13,7:03:56,7:03:56,400662,13.0,1
MV_A5-Weekday-040800_M5_502,M5,d1,14,7:06:00,7:06:00,404011,13.0,1
MV_A5-Weekday-040800_M5_502,M5,d1,15,7:06:21,7:06:21,404012,13.0,1
MV_A5-Weekday-040800_M5_502,M5,d1,16,7:08:16,7:08:16,404822,13.0,1
MV_A5-Weekday-040800_M5_502,M5,d1,17,7:09:18,7:09:18,404259,11.0,1
MV_A5-Weekday-040800_M5_502,M5,d1,18,7:10:03,7:10:03,405580,12.0,1
MV_A5-Weekday-040800_M5_502,M5,d1,19,7:10:46,7:10:46,400834,15.0,1
MV_A5-Weekday-040800_M5_502,M5,d1,20,7:11:13,7:11:13,400835,15.0,1
MV_A5-Weekday-040800_M5_502,M5,d1,21,7:11:39,7:11:39,400836,15.0,1
MV_A5-Weekday-040800_M5_502,M5,d1,22,7:12:32,7:12:32,400837,15.0,1
MV_A5-Weekday-040800_M5_502,M5,d1,23,7:12:58,7:12:58,400838,15.0,1
MV_A5-Weekday-040800_M5_502,M5,d1,24,7:13:26,7:13:26,404130,15.0,1
MV_A5-Weekday-040800_M5_502,M5,d1,25,7:14:24,7:14:24,400840,15.0,1
MV_A5-Weekday-040800_M5_502,M5,d1,26,7:15:00,7:15:00,400841,15.0,1
MV_A5-Weekday-040800_M5_502,M5,d1,27,7:16:03,7:16:03,404131,15.0,1
MV_A5-Weekday-040800_M5_502,M5,d1,28,7:17:00,7:17:00,400843,15.0,1
MV_A5-Weekday-040800_M5_502,M5,d1,29,7:17:58,7:17:58,404855,15.0,1
MV_A5-Weekday-040800_M5_502,M5,d1,30,7:18:55,7:18:55,400846,16.0,1
MV_A5-Weekday-040800_M5_502,M5,d1,31,7:19:36,7:19:36,400847,16.0,1
MV_A5-Weekday-040800_M5_502,M5,d1,32,7:20:20,7:20:20,400848,16.0,1
MV_A5-Weekday-040800_M5_502,M5,d1,33,7:21:00,7:21:00,400849,16.0,1
MV_A5-Weekday-040800_M5_502,M5,d1,34,7:22:37,7:22:37,400851,16.0,1
MV_A5-Weekday-040800_M5_502,M5,d1,35,7:23:34,7:23:34,400852,16.0,2
MV_A5-Weekday-040800_M5_502,M5,d1,36,7:24:56,7:24:56,400853,17.0,2
MV_A5-Weekday-040800_M5_502,M5,d1,37,7:25:49,7:25:49,400854,17.0,2
MV_A5-Weekday-040800_M5_502,M5,d1,38,7:28:54,7:28:54,403171,17.0,2
MV_A5-Weekday-040800_M5_502,M5,d1,39,7:32:00,7:32:00,400861,17.0,2
MV_A5-Weekday-040800_M5_502,M5,d1,40,7:35:13,7:35:13,403047,17.0,2
MV_A5-Weekday-040800_M5_502,M5,d1,41,7:37:47,7:37:47,402446,14.0,1
MV_A5-Weekday-040800_M5_502,M5,d1,42,7:40:55,7:40:55,450123,8.0,1
MV_A5-Weekday-040800_M5_502,M5,d1,43,7:45:00,7:45:00,400135,7.0,1
MV_A5-Weekday-040800_M5_502,M5,d1,44,7:46:28,7:46:28,400322,7.0,1
MV_A5-Weekday-040800_M5_502,M5,d1,45,7:47:56,7:47:56,400323,4.0,1
MV_A5-Weekday-040800_M5_502,M5,d1,46,7:49:30,7:49:30,400324,4.0,1
MV_A5-Weekday-040800_M5_502,M5,d1,47,7:52:00,7:52:00,803082,4.0,1
MV_A5-Weekday-124100_M5_532,M5,d1,1,20:41:00,20:41:00,400639,3.0,1
MV_A5-Weekday-124100_M5_532,M5,d1,2,20:42:19,20:42:19,400640,3.0,1
MV_A5-Weekday-124100_M5_532,M5,d1,3,20:43:22,20:43:22,400641,3.0,1
MV_A5-Weekday-124100_M5_532,M5,d1,4,20:44:13,20:44:13,400642,3.0,1
MV_A5-Weekday-124100_M5_532,M5,d1,5,20:44:50,20:44:50,400643,3.0,1
MV_A5-Weekday-124100_M5_532,M5,d1,6,20:45:29,20:45:29,400644,3.0,1
MV_A5-Weekday-124100_M5_532,M5,d1,7,20:46:12,20:46:12,400645,2.0,1
MV_A5-Weekday-124100_M5_532,M5,d1,8,20:47:02,20:47:02,400646,2.0,1
MV_A5-Weekday-124100_M5_532,M5,d1,9,20:47:55,20:47:55,400647,2.0,1
MV_A5-Weekday-124100_M5_532,M5,d1,10,20:48:38,20:48:38,400648,2.0,1
MV_A5-Weekday-124100_M5_532,M5,d1,11,20:49:20,20:49:20,400649,2.0,1
MV_A5-Weekday-124100_M5_532,M5,d1,12,20:50:00,20:50:00,403373,1.0,2
MV_A5-Weekday-124100_M5_532,M5,d1,13,20:51:14,20:51:14,403374,17.0,2
MV_A5-Weekday-124100_M5_532,M5,d1,14,20:51:58,20:51:58,403375,19.0,2
MV_A5-Weekday-124100_M5_532,M5,d1,15,20:52:41,20:52:41,403376,19.0,2
MV_A5-Weekday-124100_M5_532,M5,d1,16,20:53:34,20:53:34,403377,1.0,1
MV_A5-Weekday-124100_M5_532,M5,d1,17,20:54:54,20:54:54,400655,5.0,1
MV_A5-Weekday-124100_M5_532,M5,d1,18,20:56:04,20:56:04,400656,5.0,1
MV_A5-Weekday-124100_M5_532,M5,d1,19,20:57:19,20:57:19,400657,1.0,2
MV_A5-Weekday-124100_M5_532,M5,d1,20,20:58:10,20:58:10,400658,18.0,2
MV_A5-Weekday-124100_M5_532,M5,d1,21,20:59:27,20:59:27,400659,19.0,2
MV_A5-Weekday-124100_M5_532,M5,d1,22,21:00:00,21:00:00,403483,19.0,2
MV_A5-Weekday-124100_M5_532,M5,d1,23,21:01:25,21:01:25,400661,19.0,2
MV_A5-Weekday-124100_M5_532,M5,d1,24,21:02:09,21:02:09,400662,19.0,2
MV_A5-Weekday-124100_M5_532,M5,d1,25,21:02:53,21:02:53,400663,1.0,1
MV_A5-Weekday-124100_M5_532,M5,d1,26,21:04:00,21:04:00,803157,1.0,1
MV_A5-Weekday-097000_M5_537,M5,d1,1,16:10:00,16:10:00,400808,22.0,2
MV_A5-Weekday-097000_M5_537,M5,d1,2,16:11:19,16:11:19,400809,22.0,2
MV_A5-Weekday-097000_M5_537,M5,d1,3,16:12:24,16:12:24,400810,22.0,2
MV_A5-Weekday-097000_M5_537,M5,d1,4,16:13:30,16:13:30,400811,18.0,2
MV_A5-Weekday-097000_M5_537,M5,d1,5,16:14:16,16:14:16,400812,18.0,2
MV_A5-Weekday-097000_M5_537,M5,d1,6,16:16:11,16:16:11,404918,21.0,2
MV_A5-Weekday-097000_M5_537,M5,d1,7,16:17:47,16:17:47,400814,20.0,2
MV_A5-Weekday-097000_M5_537,M5,d1,8,16:18:45,16:18:45,400815,11.0,1
MV_A5-Weekday-097000_M5_537,M5,d1,9,16:19:47,16:19:47,400816,13.0,2
MV_A5-Weekday-097000_M5_537,M5,d1,10,16:21:00,16:21:00,400655,22.0,2
MV_A5-Weekday-097000_M5_537,M5,d1,11,16:23:28,16:23:28,400657,20.0,2
MV_A5-Weekday-097000_M5_537,M5,d1,12,16:26:12,16:26:12,403483,20.0,2
MV_A5-Weekday-097000_M5_537,M5,d1,13,16:28:42,16:28:42,400662,13.0,1
MV_A5-Weekday-097000_M5_537,M5,d1,14,16:31:00,16:31:00,404011,13.0,1
MV_A5-Weekday-097000_M5_537,M5,d1,15,16:31:26,16:31:26,404012,13.0,1
MV_A5-Weekday-097000_M5_537,M5,d1,16,16:33:46,16:33:46,404822,13.0,1
MV_A5-Weekday-097000_M5_537,M5,d1,17,16:35:02,16:35:02,404259,13.0,1
MV_A5-Weekday-097000_M5_537,M5,d1,18,16:35:56,16:35:56,405580,3.0,1
MV_A5-Weekday-097000_M5_537,M5,d1,19,16:36:49,16:36:49,400834,3.0,1
MV_A5-Weekday-097000_M5_537,M5,d1,20,16:37:23,16:37:23,400835,3.0,1
MV_A5-Weekday-097000_M5_537,M5,d1,21,16:37:54,16:37:54,400836,3.0,1
MV_A5-Weekday-097000_M5_537,M5,d1,22,16:38:59,16:38:59,400837,3.0,1
MV_A5-Weekday-097000_M5_537,M5,d1,23,16:39:31,16:39:31,400838,3.0,1
MV_A5-Weekday-097000_M5_537,M5,d1,24,16:40:05,16:40:05,404130,3.0,1
MV_A5-Weekday-097000_M5_537,M5,d1,25,16:41:16,16:41:16,400840,3.0,1
MV_A5-Weekday-097000_M5_537,M5,d1,26,16:42:00,16:42:00,400841,3.0,1
MV_A5-Weekday-097000_M5_537,M5,d1,27,16:43:24,16:43:24,404131,1.0,1
MV_A5-Weekday-097000_M5_537,M5,d1,28,16:44:40,16:44:40,400843,13.0,1
MV_A5-Weekday-097000_M5_537,M5,d1,29,16:45:57,16:45:57,404855,13.0,1
MV_A5-Weekday-097000_M5_537,M5,d1,30,16:47:13,16:47:13,400846,13.0,1
MV_A5-Weekday-097000_M5_537,M5,d1,31,16:48:08,16:48:08,400847,13.0,1
MV_A5-Weekday-097000_M5_537,M5,d1,32,16:49:06,16:49:06,400848,13.0,1
MV_A5-Weekday-097000_M5_537,M5,d1,33,16:50:00,16:50:00,400849,13.0,1
MV_A5-Weekday-097000_M5_537,M5,d1,34,16:52:12,16:52:12,400851,13.0,1
MV_A5-Weekday-097000_M5_537,M5,d1,35,16:53:30,16:53:30,400852,13.0,1
MV_A5-Weekday-097000_M5_537,M5,d1,36,16:55:22,16:55:22,400853,13.0,1
MV_A5-Weekday-097000_M5_537,M5,d1,37,16:56:35,16:56:35,400854,13.0,1
MV_A5-Weekday-097000_M5_537,M5,d1,38,17:00:46,17:00:46,403171,4.0,1
MV_A5-Weekday-097000_M5_537,M5,d1,39,17:05:00,17:05:00,400861,6.0,1
MV_A5-Weekday-097000_M5_537,M5,d1,40,17:10:56,17:10:56,403047,6.0,1
MV_A5-Weekday-097000_M5_537,M5,d1,41,17:15:41,17:15:41,402446,4.0,1
MV_A5-Weekday-097000_M5_537,M5,d1,42,17:21:27,17:21:27,450123,4.0,1
MV_A5-Weekday-097000_M5_537,M5,d1,43,17:29:00,17:29:00,400135,4.0,1
MV_A5-Weekday-097000_M5_537,M5,d1,44,17:30:28,17:30:28,400322,4.0,1
MV_A5-Weekday-097000_M5_537,M5,d1,45,17:31:56,17:31:56,400323,2.0,1
MV_A5-Weekday-097000_M5_537,M5,d1,46,17:33:30,17:33:30,400324,2.0,1
MV_A5-Weekday-097000_M5_537,M5,d1,47,17:36:00,17:36:00,803082,2.0,1
MV_A5-Weekday-SDon-095400_M5_526,M5,d1,1,15:54:00,15:54:00,403835,9.0,1
MV_A5-Weekday-SDon-095400_M5_526,M5,d1,2,15:56:00,15:56:00,400639,13.0,1
MV_A5-Weekday-SDon-095400_M5_526,M5,d1,3,15:58:03,15:58:03,400640,13.0,1
MV_A5-Weekday-SDon-095400_M5_526,M5,d1,4,15:59:41,15:59:41,400641,13.0,1
MV_A5-Weekday-SDon-095400_M5_526,M5,d1,5,16:01:00,16:01:00,400642,13.0,1
MV_A5-Weekday-SDon-095400_M5_526,M5,d1,6,16:01:58,16:01:58,400643,13.0,1
MV_A5-Weekday-SDon-095400_M5_526,M5,d1,7,16:02:58,16:02:58,400644,13.0,1
MV_A5-Weekday-SDon-095400_M5_526,M5,d1,8,16:04:05,16:04:05,400645,13.0,1
MV_A5-Weekday-SDon-095400_M5_526,M5,d1,9,16:05:23,16:05:23,400646,13.0,1
MV_A5-Weekday-SDon-095400_M5_526,M5,d1,10,16:06:46,16:06:46,400647,13.0,1
MV_A5-Weekday-SDon-095400_M5_526,M5,d1,11,16:07:53,16:07:53,400648,13.0,1
MV_A5-Weekday-SDon-095400_M5_526,M5,d1,12,16:08:58,16:08:58,400649,3.0,1
MV_A5-Weekday-SDon-095400_M5_526,M5,d1,13,16:10:00,16:10:00,403373,8.0,1
MV_A5-Weekday-SDon-095400_M5_526,M5,d1,14,16:11:51,16:11:51,403374,12.0,1
MV_A5-Weekday-SDon-095400_M5_526,M5,d1,15,16:12:56,16:12:56,403375,12.0,1
MV_A5-Weekday-SDon-095400_M5_526,M5,d1,16,16:14:02,16:14:02,403376,12.0,1
MV_A5-Weekday-SDon-095400_M5_526,M5,d1,17,16:15:21,16:15:21,403377,12.0,1
MV_A5-Weekday-SDon-095400_M5_526,M5,d1,18,16:17:21,16:17:21,400655,12.0,2
MV_A5-Weekday-SDon-095400_M5_526,M5,d1,19,16:19:06,16:19:06,400656,18.0,2
MV_A5-Weekday-SDon-095400_M5_526,M5,d1,20,16:20:58,16:20:58,400657,18.0,2
MV_A5-Weekday-SDon-095400_M5_526,M5,d1,21,16:22:15,16:22:15,400658,18.0,2
MV_A5-Weekday-SDon-095400_M5_526,M5,d1,22,16:24:10,16:24:10,400659,18.0,2
MV_A5-Weekday-SDon-095400_M5_526,M5,d1,23,16:25:00,16:25:00,403483,13.0,2
MV_A5-Weekday-SDon-095400_M5_526,M5,d1,24,16:27:07,16:27:07,400661,17.0,2
MV_A5-Weekday-SDon-095400_M5_526,M5,d1,25,16:28:14,16:28:14,400662,17.0,2
MV_A5-Weekday-SDon-095400_M5_526,M5,d1,26,16:29:20,16:29:20,400663,6.0,1
MV_A5-Weekday-SDon-095400_M5_526,M5,d1,27,16:31:00,16:31:00,803157,16.0,1
MV_A5-Weekday-SDon-095400_M5_526,M5,d1,28,16:33:00,16:33:00,404148,16.0,1
MV_A5-Weekday-SDon-095400_M5_526,M5,d1,29,16:35:07,16:35:07,403903,16.0,1
MV_A5-Weekday-SDon-095400_M5_526,M5,d1,30,16:36:10,16:36:10,403142,16.0,1
MV_A5-Weekday-SDon-095400_M5_526,M5,d1,31,16:37:20,16:37:20,403144,1.0,2
MV_A5-Weekday-SDon-095400_M5_526,M5,d1,32,16:39:10,16:39:10,403145,18.0,2
MV_A5-Weekday-SDon-095400_M5_526,M5,d1,33,16:40:26,16:40:26,405234,18.0,2
MV_A5-Weekday-SDon-095400_M5_526,M5,d1,34,16:42:36,16:42:36,403147,20.0,2
MV_A5-Weekday-SDon-095400_M5_526,M5,d1,35,16:43:47,16:43:47,403148,20.0,2
MV_A5-Weekday-SDon-095400_M5_526,M5,d1,36,16:44:56,16:44:56,403149,1.0,1
MV_A5-Weekday-SDon-095400_M5_526,M5,d1,37,16:46:24,16:46:24,400676,2.0,1
MV_A5-Weekday-SDon-095400_M5_526,M5,d1,38,16:48:16,16:48:16,400677,2.0,1
MV_A5-Weekday-SDon-095400_M5_526,M5,d1,39,16:50:11,16:50:11,400678,2.0,1
MV_A5-Weekday-SDon-095400_M5_526,M5,d1,40,16:51:00,16:51:00,400485,2.0,1
MV_A5-Weekday-SDon-095400_M5_526,M5,d1,41,16:52:43,16:52:43,400486,2.0,1
MV_A5-Weekday-SDon-095400_M5_526,M5,d1,42,16:55:00,16:55:00,400290,2.0,1
MV_A5-Weekday-SDon-095400_M5_526,M5,d1,43,16:57:15,16:57:15,404278,2.0,1
MV_A5-Weekday-SDon-095400_M5_526,M5,d1,44,16:59:00,16:59:00,400292,2.0,2
MV_A5-Weekday-SDon-095400_M5_526,M5,d1,45,17:00:33,17:00:33,400108,21.0,2
MV_A5-Weekday-SDon-095400_M5_526,M5,d1,46,17:01:46,17:01:46,400109,21.0,2
MV_A5-Weekday-SDon-095400_M5_526,M5,d1,47,17:02:54,17:02:54,400110,21.0,2
MV_A5-Weekday-SDon-095400_M5_526,M5,d1,48,17:04:08,17:04:08,400111,21.0,2
MV_A5-Weekday-SDon-095400_M5_526,M5,d1,49,17:06:18,17:06:18,404081,21.0,2
MV_A5-Weekday-SDon-095400_M5_526,M5,d1,50,17:07:48,17:07:48,404168,21.0,2
MV_A5-Weekday-SDon-095400_M5_526,M5,d1,51,17:08:43,17:08:43,400115,21.0,2
MV_A5-Weekday-SDon-095400_M5_526,M5,d1,52,17:09:57,17:09:57,400116,21.0,2
MV_A5-Weekday-SDon-095400_M5_526,M5,d1,53,17:11:03,17:11:03,400117,19.0,2
MV_A5-Weekday-SDon-095400_M5_526,M5,d1,54,17:12:42,17:12:42,400118,19.0,2
MV_A5-Weekday-SDon-095400_M5_526,M5,d1,55,17:14:18,17:14:18,400119,16.0,2
MV_A5-Weekday-SDon-095400_M5_526,M5,d1,56,17:16:42,17:16:42,400120,19.0,2
MV_A5-Weekday-SDon-095400_M5_526,M5,d1,57,17:17:40,17:17:40,400121,21.0,2
MV_A5-Weekday-SDon-095400_M5_526,M5,d1,58,17:18:42,17:18:42,400122,21.0,2
MV_A5-Weekday-SDon-095400_M5_526,M5,d1,59,17:19:51,17:19:51,400123,21.0,2
MV_A5-Weekday-SDon-095400_M5_526,M5,d1,60,17:22:00,17:22:00,400124,21.0,2
MV_A5-Weekday-SDon-095400_M5_526,M5,d1,61,17:24:13,17:24:13,400125,16.0,1
MV_A5-Weekday-SDon-095400_M5_526,M5,d1,62,17:26:48,17:26:48,400126,16.0,1
MV_A5-Weekday-SDon-095400_M5_526,M5,d1,63,17:28:43,17:28:43,400127,16.0,1
MV_A5-Weekday-SDon-095400_M5_526,M5,d1,64,17:30:02,17:30:02,400128,4.0,2
MV_A5-Weekday-SDon-095400_M5_526,M5,d1,65,17:31:39,17:31:39,400512,21.0,2
MV_A5-Weekday-SDon-095400_M5_526,M5,d1,66,17:35:05,17:35:05,403266,21.0,2
MV_A5-Weekday-SDon-095400_M5_526,M5,d1,67,17:37:26,17:37:26,400514,21.0,2
MV_A5-Weekday-SDon-095400_M5_526,M5,d1,68,17:39:50,17:39:50,400515,21.0,2
MV_A5-Weekday-SDon-095400_M5_526,M5,d1,69,17:42:14,17:42:14,400516,7.0,2
MV_A5-Weekday-SDon-095400_M5_526,M5,d1,70,17:43:52,17:43:52,405179,20.0,2
MV_A5-Weekday-SDon-095400_M5_526,M5,d1,71,17:46:00,17:46:00,400518,20.0,2
MV_A5-Weekday-SDon-095400_M5_526,M5,d1,72,17:48:25,17:48:25,400519,3.0,2
MV_A5-Weekday-SDon-095400_M5_526,M5,d1,73,17:49:51,17:49:51,405486,20.0,2
MV_A5-Weekday-SDon-095400_M5_526,M5,d1,74,17:53:00,17:53:00,903128,20.0,2
MV_A5-Weekday-SDon-048000_M5_501,M5,d1,1,8:00:00,8:00:00,400639,1.0,1
MV_A5-Weekday-SDon-048000_M5_501,M5,d1,2,8:02:11,8:02:11,400640,7.0,1
MV_A5-Weekday-SDon-048000_M5_501,M5,d1,3,8:03:57,8:03:57,400641,7.0,1
MV_A5-Weekday-SDon-048000_M5_501,M5,d1,4,8:05:21,8:05:21,400642,7.0,1
MV_A5-Weekday-SDon-048000_M5_501,M5,d1,5,8:06:24,8:06:24,400643,5.0,1
MV_A5-Weekday-SDon-048000_M5_501,M5,d1,6,8:07:28,8:07:28,400644,13.0,1
MV_A5-Weekday-SDon-048000_M5_501,M5,d1,7,8:08:40,8:08:40,400645,13.0,1
MV_A5-Weekday-SDon-048000_M5_501,M5,d1,8,8:10:04,8:10:04,400646,13.0,1
MV_A5-Weekday-SDon-048000_M5_501,M5,d1,9,8:11:32,8:11:32,400647,6.0,1
MV_A5-Weekday-SDon-048000_M5_501,M5,d1,10,8:12:44,8:12:44,400648,8.0,1
MV_A5-Weekday-SDon-048000_M5_501,M5,d1,11,8:13:54,8:13:54,400649,9.0,1
MV_A5-Weekday-SDon-048000_M5_501,M5,d1,12,8:15:00,8:15:00,403373,12.0,1
MV_A5-Weekday-SDon-048000_M5_501,M5,d1,13,8:16:21,8:16:21,403374,12.0,1
MV_A5-Weekday-SDon-048000_M5_501,M5,d1,14,8:17:09,8:17:09,403375,9.0,1
MV_A5-Weekday-SDon-048000_M5_501,M5,d1,15,8:17:58,8:17:58,403376,12.0,1
MV_A5-Weekday-SDon-048000_M5_501,M5,d1,16,8:18:56,8:18:56,403377,6.0,1
MV_A5-Weekday-SDon-048000_M5_501,M5,d1,17,8:20:23,8:20:23,400655,12.0,1
MV_A5-Weekday-SDon-048000_M5_501,M5,d1,18,8:26:00,8:26:00,403483,10.0,1
MV_A5-Weekday-SDon-048000_M5_501,M5,d1,19,8:29:00,8:29:00,803157,10.0,1
MV_A5-Weekday-SDon-048000_M5_501,M5,d1,20,8:30:00,8:30:00,903230,10.0,1
MV_A5-Weekday-SDon-048000_M5_501,M5,d1,21,8:32:36,8:32:36,403142,10.0,1
MV_A5-Weekday-SDon-048000_M5_501,M5,d1,22,8:35:06,8:35:06,403145,7.0,1
MV_A5-Weekday-SDon-048000_M5_501,M5,d1,23,8:37:59,8:37:59,403147,11.0,2
MV_A5-Weekday-SDon-048000_M5_501,M5,d1,24,8:41:10,8:41:10,400676,17.0,2
MV_A5-Weekday-SDon-048000_M5_501,M5,d1,25,8:42:43,8:42:43,400677,8.0,2
MV_A5-Weekday-SDon-048000_M5_501,M5,d1,26,8:44:19,8:44:19,400678,20.0,2
MV_A5-Weekday-SDon-048000_M5_501,M5,d1,27,8:45:00,8:45:00,400485,12.0,2
MV_A5-Weekday-SDon-048000_M5_501,M5,d1,28,8:46:56,8:46:56,400486,31.0,2
MV_A5-Weekday-SDon-048000_M5_501,M5,d1,29,8:49:30,8:49:30,400290,32.0,2
MV_A5-Weekday-SDon-048000_M5_501,M5,d1,30,8:52:02,8:52:02,404278,32.0,2
MV_A5-Weekday-SDon-048000_M5_501,M5,d1,31,8:54:00,8:54:00,400292,25.0,2
MV_A5-Weekday-SDon-048000_M5_501,M5,d1,32,8:56:10,8:56:10,400109,19.0,2
MV_A5-Weekday-SDon-048000_M5_501,M5,d1,33,8:58:01,8:58:01,400111,11.0,1
MV_A5-Weekday-SDon-048000_M5_501,M5,d1,34,9:00:53,9:00:53,404168,14.0,1
MV_A5-Weekday-SDon-048000_M5_501,M5,d1,35,9:05:58,9:05:58,400119,16.0,3
MV_A5-Weekday-SDon-048000_M5_501,M5,d1,36,9:08:37,9:08:37,400121,34.0,3
MV_A5-Weekday-SDon-048000_M5_501,M5,d1,37,9:12:00,9:12:00,400124,35.0,3
MV_A5-Weekday-SDon-048000_M5_501,M5,d1,38,9:15:20,9:15:20,400126,24.0,2
MV_A5-Weekday-SDon-048000_M5_501,M5,d1,39,9:18:42,9:18:42,400512,19.0,2
MV_A5-Weekday-SDon-048000_M5_501,M5,d1,40,9:21:05,9:21:05,403266,17.0,2
MV_A5-Weekday-SDon-048000_M5_501,M5,d1,41,9:26:04,9:26:04,400516,14.0,1
MV_A5-Weekday-SDon-048000_M5_501,M5,d1,42,9:29:00,9:29:00,400518,14.0,1
MV_A5-Weekday-SDon-048000_M5_501,M5,d1,43,9:31:45,9:31:45,405486,9.0,1
MV_A5-Weekday-SDon-048000_M5_501,M5,d1,44,9:34:00,9:34:00,903128,9.0,1
MV_A5-Weekday-090000_M5_533,M5,d1,1,15:00:00,15:00:00,400808,10.0,1
MV_A5-Weekday-090000_M5_533,M5,d1,2,15:01:19,15:01:19,400809,10.0,1
MV_A5-Weekday-090000_M5_533,M5,d1,3,15:02:24,15:02:24,400810,10.0,1
MV_A5-Weekday-090000_M5_533,M5,d1,4,15:03:30,15:03:30,400811,10.0,1
MV_A5-Weekday-090000_M5_533,M5,d1,5,15:04:16,15:04:16,400812,10.0,3
MV_A5-Weekday-090000_M5_533,M5,d1,6,15:06:11,15:06:11,404918,40.0,3
MV_A5-Weekday-090000_M5_533,M5,d1,7,15:07:47,15:07:47,400814,40.0,3
MV_A5-Weekday-090000_M5_533,M5,d1,8,15:08:45,15:08:45,400815,33.0,3
MV_A5-Weekday-090000_M5_533,M5,d1,9,15:09:47,15:09:47,400816,7.0,1
MV_A5-Weekday-090000_M5_533,M5,d1,10,15:11:00,15:11:00,400655,7.0,1
MV_A5-Weekday-090000_M5_533,M5,d1,11,15:13:28,15:13:28,400657,16.0,2
MV_A5-Weekday-090000_M5_533,M5,d1,12,15:16:12,15:16:12,403483,20.0,2
MV_A5-Weekday-090000_M5_533,M5,d1,13,15:18:42,15:18:42,400662,14.0,1
MV_A5-Weekday-090000_M5_533,M5,d1,14,15:21:00,15:21:00,404011,14.0,1
MV_A5-Weekday-090000_M5_533,M5,d1,15,15:21:26,15:21:26,404012,4.0,1
MV_A5-Weekday-090000_M5_533,M5,d1,16,15:23:46,15:23:46,404822,8.0,1
MV_A5-Weekday-090000_M5_533,M5,d1,17,15:25:02,15:25:02,404259,8.0,1
MV_A5-Weekday-090000_M5_533,M5,d1,18,15:25:56,15:25:56,405580,8.0,1
MV_A5-Weekday-090000_M5_533,M5,d1,19,15:26:49,15:26:49,400834,16.0,1
MV_A5-Weekday-090000_M5_533,M5,d1,20,15:27:23,15:27:23,400835,16.0,1
MV_A5-Weekday-090000_M5_533,M5,d1,21,15:27:54,15:27:54,400836,16.0,1
MV_A5-Weekday-090000_M5_533,M5,d1,22,15:28:59,15:28:59,400837,9.0,2
MV_A5-Weekday-090000_M5_533,M5,d1,23,15:29:31,15:29:31,400838,18.0,2
MV_A5-Weekday-090000_M5_533,M5,d1,24,15:30:05,15:30:05,404130,18.0,2
MV_A5-Weekday-090000_M5_533,M5,d1,25,15:31:16,15:31:16,400840,18.0,2
MV_A5-Weekday-090000_M5_533,M5,d1,26,15:32:00,15:32:00,400841,18.0,2
MV_A5-Weekday-090000_M5_533,M5,d1,27,15:33:24,15:33:24,404131,17.0,2
MV_A5-Weekday-090000_M5_533,M5,d1,28,15:34:40,15:34:40,400843,16.0,1
MV_A5-Weekday-090000_M5_533,M5,d1,29,15:35:57,15:35:57,404855,7.0,1
MV_A5-Weekday-090000_M5_533,M5,d1,30,15:37:13,15:37:13,400846,16.0,1
MV_A5-Weekday-090000_M5_533,M5,d1,31,15:38:08,15:38:08,400847,16.0,1
MV_A5-Weekday-090000_M5_533,M5,d1,32,15:39:06,15:39:06,400848,8.0,1
MV_A5-Weekday-090000_M5_533,M5,d1,33,15:40:00,15:40:00,400849,13.0,1
MV_A5-Weekday-090000_M5_533,M5,d1,34,15:42:12,15:42:12,400851,9.0,1
MV_A5-Weekday-090000_M5_533,M5,d1,35,15:43:30,15:43:30,400852,10.0,1
MV_A5-Weekday-090000_M5_533,M5,d1,36,15:45:22,15:45:22,400853,8.0,1
MV_A5-Weekday-090000_M5_533,M5,d1,37,15:46:35,15:46:35,400854,10.0,1
MV_A5-Weekday-090000_M5_533,M5,d1,38,15:50:46,15:50:46,403171,9.0,1
MV_A5-Weekday-090000_M5_533,M5,d1,39,15:55:00,15:55:00,400861,13.0,1
MV_A5-Weekday-090000_M5_533,M5,d1,40,16:00:56,16:00:56,403047,12.0,1
MV_A5-Weekday-090000_M5_533,M5,d1,41,16:05:41,16:05:41,402446,13.0,1
MV_A5-Weekday-090000_M5_533,M5,d1,42,16:11:27,16:11:27,450123,7.0,1
MV_A5-Weekday-090000_M5_533,M5,d1,43,16:19:00,16:19:00,400135,7.0,1
MV_A5-Weekday-090000_M5_533,M5,d1,44,16:20:28,16:20:28,400322,6.0,1
MV_A5-Weekday-090000_M5_533,M5,d1,45,16:21:56,16:21:56,400323,8.0,1
MV_A5-Weekday-090000_M5_533,M5,d1,46,16:23:30,16:23:30,400324,8.0,1
MV_A5-Weekday-090000_M5_533,M5,d1,47,16:26:00,16:26:00,803082,8.0,1
MV_A5-Weekday-063300_M5_514,M5,d1,1,10:33:00,10:33:00,400808,18.0,2
MV_A5-Weekday-063300_M5_514,M5,d1,2,10:34:12,10:34:12,400809,20.0,2
MV_A5-Weekday-063300_M5_514,M5,d1,3,10:35:11,10:35:11,400810,20.0,2
MV_A5-Weekday-063300_M5_514,M5,d1,4,10:36:11,10:36:11,400811,6.0,2
MV_A5-Weekday-063300_M5_514,M5,d1,5,10:36:52,10:36:52,400812,21.0,2
MV_A5-Weekday-063300_M5_514,M5,d1,6,10:38:37,10:38:37,404918,23.0,2
MV_A5-Weekday-063300_M5_514,M5,d1,7,10:40:04,10:40:04,400814,24.0,2
MV_A5-Weekday-063300_M5_514,M5,d1,8,10:40:58,10:40:58,400815,24.0,2
MV_A5-Weekday-063300_M5_514,M5,d1,9,10:41:54,10:41:54,400816,23.0,2
MV_A5-Weekday-063300_M5_514,M5,d1,10,10:43:00,10:43:00,400655,24.0,2
MV_A5-Weekday-063300_M5_514,M5,d1,11,10:45:28,10:45:28,400657,24.0,2
MV_A5-Weekday-063300_M5_514,M5,d1,12,10:48:12,10:48:12,403483,24.0,2
MV_A5-Weekday-063300_M5_514,M5,d1,13,10:50:42,10:50:42,400662,22.0,2
MV_A5-Weekday-063300_M5_514,M5,d1,14,10:53:00,10:53:00,404011,22.0,2
MV_A5-Weekday-063300_M5_514,M5,d1,15,10:53:23,10:53:23,404012,20.0,2
MV_A5-Weekday-063300_M5_514,M5,d1,16,10:55:31,10:55:31,404822,19.0,2
MV_A5-Weekday-063300_M5_514,M5,d1,17,10:56:40,10:56:40,404259,2.0,2
MV_A5-Weekday-063300_M5_514,M5,d1,18,10:57:29,10:57:29,405580,19.0,2
MV_A5-Weekday-063300_M5_514,M5,d1,19,10:58:17,10:58:17,400834,19.0,2
MV_A5-Weekday-063300_M5_514,M5,d1,20,10:58:48,10:58:48,400835,20.0,2
MV_A5-Weekday-063300_M5_514,M5,d1,21,10:59:17,10:59:17,400836,20.0,2
MV_A5-Weekday-063300_M5_514,M5,d1,22,11:00:15,11:00:15,400837,20.0,2
MV_A5-Weekday-063300_M5_514,M5,d1,23,11:00:44,11:00:44,400838,2.0,1
MV_A5-Weekday-063300_M5_514,M5,d1,24,11:01:15,11:01:15,404130,10.0,2
MV_A5-Weekday-063300_M5_514,M5,d1,25,11:02:20,11:02:20,400840,22.0,2
MV_A5-Weekday-063300_M5_514,M5,d1,26,11:03:00,11:03:00,400841,1.0,2
MV_A5-Weekday-063300_M5_514,M5,d1,27,11:04:24,11:04:24,404131,22.0,2
MV_A5-Weekday-063300_M5_514,M5,d1,28,11:05:40,11:05:40,400843,22.0,2
MV_A5-Weekday-063300_M5_514,M5,d1,29,11:06:57,11:06:57,404855,14.0,1
MV_A5-Weekday-063300_M5_514,M5,d1,30,11:08:13,11:08:13,400846,15.0,2
MV_A5-Weekday-063300_M5_514,M5,d1,31,11:09:08,11:09:08,400847,27.0,2
MV_A5-Weekday-063300_M5_514,M5,d1,32,11:10:06,11:10:06,400848,27.0,2
MV_A5-Weekday-063300_M5_514,M5,d1,33,11:11:00,11:11:00,400849,17.0,2
MV_A5-Weekday-063300_M5_514,M5,d1,34,11:13:12,11:13:12,400851,18.0,2
MV_A5-Weekday-063300_M5_514,M5,d1,35,11:14:30,11:14:30,400852,27.0,2
MV_A5-Weekday-063300_M5_514,M5,d1,36,11:16:22,11:16:22,400853,29.0,2
MV_A5-Weekday-063300_M5_514,M5,d1,37,11:17:35,11:17:35,400854,29.0,2
MV_A5-Weekday-063300_M5_514,M5,d1,38,11:21:46,11:21:46,403171,19.0,2
MV_A5-Weekday-063300_M5_514,M5,d1,39,11:26:00,11:26:00,400861,31.0,2
MV_A5-Weekday-063300_M5_514,M5,d1,40,11:30:27,11:30:27,403047,31.0,2
MV_A5-Weekday-063300_M5_514,M5,d1,41,11:34:00,11:34:00,402446,29.0,2
MV_A5-Weekday-063300_M5_514,M5,d1,42,11:38:20,11:38:20,450123,23.0,2
MV_A5-Weekday-063300_M5_514,M5,d1,43,11:44:00,11:44:00,400135,22.0,2
MV_A5-Weekday-063300_M5_514,M5,d1,44,11:45:28,11:45:28,400322,22.0,2
MV_A5-Weekday-063300_M5_514,M5,d1,45,11:46:56,11:46:56,400323,20.0,2
MV_A5-Weekday-063300_M5_514,M5,d1,46,11:48:30,11:48:30,400324,2.0,1
MV_A5-Weekday-063300_M5_514,M5,d1,47,11:51:00,11:51:00,803082,2.0,1
MV_A5-Weekday-118700_M5_539,M5,d1,1,19:47:00,19:47:00,400639,7.0,1
MV_A5-Weekday-118700_M5_539,M5,d1,2,19:48:28,19:48:28,400640,7.0,1
MV_A5-Weekday-118700_M5_539,M5,d1,3,19:49:38,19:49:38,400641,7.0,1
MV_A5-Weekday-118700_M5_539,M5,d1,4,19:50:34,19:50:34,400642,3.0,1
MV_A5-Weekday-118700_M5_539,M5,d1,5,19:51:16,19:51:16,400643,7.0,1
MV_A5-Weekday-118700_M5_539,M5,d1,6,19:51:59,19:51:59,400644,2.0,1
MV_A5-Weekday-118700_M5_539,M5,d1,7,19:52:47,19:52:47,400645,3.0,1
MV_A5-Weekday-118700_M5_539,M5,d1,8,19:53:42,19:53:42,400646,3.0,1
MV_A5-Weekday-118700_M5_539,M5,d1,9,19:54:41,19:54:41,400647,5.0,1
MV_A5-Weekday-118700_M5_539,M5,d1,10,19:55:29,19:55:29,400648,5.0,1
MV_A5-Weekday-118700_M5_539,M5,d1,11,19:56:16,19:56:16,400649,5.0,1
MV_A5-Weekday-118700_M5_539,M5,d1,12,19:57:00,19:57:00,403373,5.0,1
MV_A5-Weekday-118700_M5_539,M5,d1,13,19:58:29,19:58:29,403374,5.0,1
MV_A5-Weekday-118700_M5_539,M5,d1,14,19:59:21,19:59:21,403375,5.0,1
MV_A5-Weekday-118700_M5_539,M5,d1,15,20:00:14,20:00:14,403376,3.0,1
MV_A5-Weekday-118700_M5_539,M5,d1,16,20:01:17,20:01:17,403377,3.0,1
MV_A5-Weekday-118700_M5_539,M5,d1,17,20:02:53,20:02:53,400655,3.0,1
MV_A5-Weekday-118700_M5_539,M5,d1,18,20:04:17,20:04:17,400656,3.0,1
MV_A5-Weekday-118700_M5_539,M5,d1,19,20:05:47,20:05:47,400657,7.0,1
MV_A5-Weekday-118700_M5_539,M5,d1,20,20:06:48,20:06:48,400658,7.0,1
MV_A5-Weekday-118700_M5_539,M5,d1,21,20:08:20,20:08:20,400659,6.0,1
MV_A5-Weekday-118700_M5_539,M5,d1,22,20:09:00,20:09:00,403483,1.0,1
MV_A5-Weekday-118700_M5_539,M5,d1,23,20:10:25,20:10:25,400661,6.0,1
MV_A5-Weekday-118700_M5_539,M5,d1,24,20:11:09,20:11:09,400662,5.0,1
MV_A5-Weekday-118700_M5_539,M5,d1,25,20:11:53,20:11:53,400663,5.0,1
MV_A5-Weekday-118700_M5_539,M5,d1,26,20:13:00,20:13:00,803157,5.0,1
MV_A5-Weekday-118700_M5_539,M5,d1,27,20:14:00,20:14:00,404148,4.0,1
MV_A5-Weekday-118700_M5_539,M5,d1,28,20:15:53,20:15:53,403903,5.0,1
MV_A5-Weekday-118700_M5_539,M5,d1,29,20:16:49,20:16:49,403142,2.0,1
MV_A5-Weekday-118700_M5_539,M5,d1,30,20:17:51,20:17:51,403144,6.0,1
MV_A5-Weekday-118700_M5_539,M5,d1,31,20:19:29,20:19:29,403145,6.0,1
MV_A5-Weekday-118700_M5_539,M5,d1,32,20:20:36,20:20:36,405234,5.0,1
MV_A5-Weekday-118700_M5_539,M5,d1,33,20:22:32,20:22:32,403147,10.0,1
MV_A5-Weekday-118700_M5_539,M5,d1,34,20:23:35,20:23:35,403148,10.0,1
MV_A5-Weekday-118700_M5_539,M5,d1,35,20:24:36,20:24:36,403149,10.0,1
MV_A5-Weekday-118700_M5_539,M5,d1,36,20:25:55,20:25:55,400676,16.0,1
MV_A5-Weekday-118700_M5_539,M5,d1,37,20:27:34,20:27:34,400677,16.0,1
MV_A5-Weekday-118700_M5_539,M5,d1,38,20:29:16,20:29:16,400678,16.0,1
MV_A5-Weekday-118700_M5_539,M5,d1,39,20:30:00,20:30:00,400485,14.0,1
MV_A5-Weekday-118700_M5_539,M5,d1,40,20:31:17,20:31:17,400486,7.0,1
MV_A5-Weekday-118700_M5_539,M5,d1,41,20:33:00,20:33:00,400290,9.0,1
MV_A5-Weekday-118700_M5_539,M5,d1,42,20:34:41,20:34:41,404278,9.0,1
MV_A5-Weekday-118700_M5_539,M5,d1,43,20:36:00,20:36:00,400292,9.0,1
MV_A5-Weekday-118700_M5_539,M5,d1,44,20:36:44,20:36:44,400108,9.0,1
MV_A5-Weekday-118700_M5_539,M5,d1,45,20:37:19,20:37:19,400109,8.0,1
MV_A5-Weekday-118700_M5_539,M5,d1,46,20:37:52,20:37:52,400110,6.0,1
MV_A5-Weekday-118700_M5_539,M5,d1,47,20:38:27,20:38:27,400111,3.0,1
MV_A5-Weekday-118700_M5_539,M5,d1,48,20:39:30,20:39:30,404081,5.0,1
MV_A5-Weekday-118700_M5_539,M5,d1,49,20:40:13,20:40:13,404168,1.0,1
MV_A5-Weekday-118700_M5_539,M5,d1,50,20:40:39,20:40:39,400115,4.0,1
MV_A5-Weekday-118700_M5_539,M5,d1,51,20:41:14,20:41:14,400116,4.0,1
MV_A5-Weekday-118700_M5_539,M5,d1,52,20:41:46,20:41:46,400117,4.0,1
MV_A5-Weekday-118700_M5_539,M5,d1,53,20:42:33,20:42:33,400118,4.0,1
MV_A5-Weekday-118700_M5_539,M5,d1,54,20:43:19,20:43:19,400119,3.0,1
MV_A5-Weekday-118700_M5_539,M5,d1,55,20:44:28,20:44:28,400120,3.0,1
MV_A5-Weekday-118700_M5_539,M5,d1,56,20:44:56,20:44:56,400121,1.0,1
MV_A5-Weekday-118700_M5_539,M5,d1,57,20:45:25,20:45:25,400122,3.0,1
MV_A5-Weekday-118700_M5_539,M5,d1,58,20:45:58,20:45:58,400123,1.0,1
MV_A5-Weekday-118700_M5_539,M5,d1,59,20:47:00,20:47:00,400124,1.0,1
MV_A5-Weekday-118700_M5_539,M5,d1,60,20:48:12,20:48:12,400125,2.0,1
MV_A5-Weekday-118700_M5_539,M5,d1,61,20:49:36,20:49:36,400126,2.0,1
MV_A5-Weekday-118700_M5_539,M5,d1,62,20:50:39,20:50:39,400127,1.0,1
MV_A5-Weekday-118700_M5_539,M5,d1,63,20:51:21,20:51:21,400128,1.0,1
MV_A5-Weekday-118700_M5_539,M5,d1,64,20:52:14,20:52:14,400512,2.0,1
MV_A5-Weekday-118700_M5_539,M5,d1,65,20:54:05,20:54:05,403266,2.0,1
MV_A5-Weekday-118700_M5_539,M5,d1,66,20:55:21,20:55:21,400514,2.0,1
MV_A5-Weekday-118700_M5_539,M5,d1,67,20:56:40,20:56:40,400515,2.0,1
MV_A5-Weekday-118700_M5_539,M5,d1,68,20:57:58,20:57:58,400516,2.0,1
MV_A5-Weekday-118700_M5_539,M5,d1,69,20:58:51,20:58:51,405179,2.0,1
MV_A5-Weekday-118700_M5_539,M5,d1,70,21:00:00,21:00:00,400518,2.0,1
MV_A5-Weekday-118700_M5_539,M5,d1,71,21:01:23,21:01:23,400519,2.0,1
MV_A5-Weekday-118700_M5_539,M5,d1,72,21:02:12,21:02:12,405486,2.0,1
MV_A5-Weekday-118700_M5_539,M5,d1,73,21:04:00,21:04:00,903128,2.0,1
MV_A5-Weekday-SDon-101500_M5_542,M5,d1,1,16:55:00,16:55:00,400808,23.0,2
MV_A5-Weekday-SDon-101500_M5_542,M5,d1,2,16:56:19,16:56:19,400809,16.0,2
MV_A5-Weekday-SDon-101500_M5_542,M5,d1,3,16:57:24,16:57:24,400810,32.0,2
MV_A5-Weekday-SDon-101500_M5_542,M5,d1,4,16:58:30,16:58:30,400811,32.0,2
MV_A5-Weekday-SDon-101500_M5_542,M5,d1,5,16:59:16,16:59:16,400812,30.0,3
MV_A5-Weekday-SDon-101500_M5_542,M5,d1,6,17:01:11,17:01:11,404918,41.0,3
MV_A5-Weekday-SDon-101500_M5_542,M5,d1,7,17:02:47,17:02:47,400814,41.0,3
MV_A5-Weekday-SDon-101500_M5_542,M5,d1,8,17:03:45,17:03:45,400815,28.0,2
MV_A5-Weekday-SDon-101500_M5_542,M5,d1,9,17:04:47,17:04:47,400816,26.0,2
MV_A5-Weekday-SDon-101500_M5_542,M5,d1,10,17:06:00,17:06:00,400655,22.0,2
MV_A5-Weekday-SDon-101500_M5_542,M5,d1,11,17:08:28,17:08:28,400657,13.0,1
MV_A5-Weekday-SDon-101500_M5_542,M5,d1,12,17:11:12,17:11:12,403483,9.0,1
MV_A5-Weekday-SDon-101500_M5_542,M5,d1,13,17:13:42,17:13:42,400662,11.0,1
MV_A5-Weekday-SDon-101500_M5_542,M5,d1,14,17:16:00,17:16:00,404011,11.0,1
MV_A5-Weekday-SDon-101500_M5_542,M5,d1,15,17:16:26,17:16:26,404012,11.0,1
MV_A5-Weekday-SDon-101500_M5_542,M5,d1,16,17:18:46,17:18:46,404822,11.0,1
MV_A5-Weekday-SDon-101500_M5_542,M5,d1,17,17:20:02,17:20:02,404259,5.0,1
MV_A5-Weekday-SDon-101500_M5_542,M5,d1,18,17:20:56,17:20:56,405580,8.0,1
MV_A5-Weekday-SDon-101500_M5_542,M5,d1,19,17:21:49,17:21:49,400834,8.0,1
MV_A5-Weekday-SDon-101500_M5_542,M5,d1,20,17:22:23,17:22:23,400835,8.0,1
MV_A5-Weekday-SDon-101500_M5_542,M5,d1,21,17:22:54,17:22:54,400836,3.0,1
MV_A5-Weekday-SDon-101500_M5_542,M5,d1,22,17:23:59,17:23:59,400837,11.0,1
MV_A5-Weekday-SDon-101500_M5_542,M5,d1,23,17:24:31,17:24:31,400838,10.0,1
MV_A5-Weekday-SDon-101500_M5_542,M5,d1,24,17:25:05,17:25:05,404130,7.0,1
MV_A5-Weekday-SDon-101500_M5_542,M5,d1,25,17:26:16,17:26:16,400840,11.0,1
MV_A5-Weekday-SDon-101500_M5_542,M5,d1,26,17:27:00,17:27:00,400841,11.0,2
MV_A5-Weekday-SDon-101500_M5_542,M5,d1,27,17:28:24,17:28:24,404131,17.0,2
MV_A5-Weekday-SDon-101500_M5_542,M5,d1,28,17:29:40,17:29:40,400843,17.0,2
MV_A5-Weekday-SDon-101500_M5_542,M5,d1,29,17:30:57,17:30:57,404855,17.0,2
MV_A5-Weekday-SDon-101500_M5_542,M5,d1,30,17:32:13,17:32:13,400846,17.0,2
MV_A5-Weekday-SDon-101500_M5_542,M5,d1,31,17:33:08,17:33:08,400847,17.0,2
MV_A5-Weekday-SDon-101500_M5_542,M5,d1,32,17:34:06,17:34:06,400848,17.0,2
MV_A5-Weekday-SDon-101500_M5_542,M5,d1,33,17:35:00,17:35:00,400849,17.0,2
MV_A5-Weekday-SDon-101500_M5_542,M5,d1,34,17:37:12,17:37:12,400851,17.0,2
MV_A5-Weekday-SDon-101500_M5_542,M5,d1,35,17:38:30,17:38:30,400852,14.0,1
MV_A5-Weekday-SDon-101500_M5_542,M5,d1,36,17:40:22,17:40:22,400853,12.0,1
MV_A5-Weekday-SDon-101500_M5_542,M5,d1,37,17:41:35,17:41:35,400854,12.0,1
MV_A5-Weekday-SDon-101500_M5_542,M5,d1,38,17:45:46,17:45:46,403171,11.0,1
MV_A5-Weekday-SDon-101500_M5_542,M5,d1,39,17:50:00,17:50:00,400861,11.0,1
MV_A5-Weekday-SDon-101500_M5_542,M5,d1,40,17:55:56,17:55:56,403047,11.0,1
MV_A5-Weekday-SDon-101500_M5_542,M5,d1,41,18:00:41,18:00:41,402446,11.0,1
MV_A5-Weekday-SDon-101500_M5_542,M5,d1,42,18:06:27,18:06:27,450123,8.0,1
MV_A5-Weekday-SDon-101500_M5_542,M5,d1,43,18:14:00,18:14:00,400135,5.0,1
MV_A5-Weekday-SDon-101500_M5_542,M5,d1,44,18:15:28,18:15:28,400322,5.0,1
MV_A5-Weekday-SDon-101500_M5_542,M5,d1,45,18:16:56,18:16:56,400323,1.0,1
MV_A5-Weekday-SDon-101500_M5_542,M5,d1,46,18:18:30,18:18:30,400324,1.0,1
MV_A5-Weekday-SDon-101500_M5_542,M5,d1,47,18:21:00,18:21:00,803082,1.0,1
MV_A5-Weekday-SDon-074200_M5_517,M5,d1,1,12:22:00,12:22:00,403835,4.0,1
MV_A5-Weekday-SDon-074200_M5_517,M5,d1,2,12:24:00,12:24:00,400639,2.0,1
MV_A5-Weekday-SDon-074200_M5_517,M5,d1,3,12:26:03,12:26:03,400640,11.0,1
MV_A5-Weekday-SDon-074200_M5_517,M5,d1,4,12:27:41,12:27:41,400641,8.0,1
MV_A5-Weekday-SDon-074200_M5_517,M5,d1,5,12:29:00,12:29:00,400642,11.0,1
MV_A5-Weekday-SDon-074200_M5_517,M5,d1,6,12:29:58,12:29:58,400643,9.0,1
MV_A5-Weekday-SDon-074200_M5_517,M5,d1,7,12:30:58,12:30:58,400644,11.0,1
MV_A5-Weekday-SDon-074200_M5_517,M5,d1,8,12:32:05,12:32:05,400645,12.0,1
MV_A5-Weekday-SDon-074200_M5_517,M5,d1,9,12:33:23,12:33:23,400646,11.0,1
MV_A5-Weekday-SDon-074200_M5_517,M5,d1,10,12:34:46,12:34:46,400647,14.0,1
MV_A5-Weekday-SDon-074200_M5_517,M5,d1,11,12:35:53,12:35:53,400648,14.0,1
MV_A5-Weekday-SDon-074200_M5_517,M5,d1,12,12:36:58,12:36:58,400649,12.0,1
MV_A5-Weekday-SDon-074200_M5_517,M5,d1,13,12:38:00,12:38:00,403373,12.0,1
MV_A5-Weekday-SDon-074200_M5_517,M5,d1,14,12:39:43,12:39:43,403374,12.0,1
MV_A5-Weekday-SDon-074200_M5_517,M5,d1,15,12:40:45,12:40:45,403375,12.0,1
MV_A5-Weekday-SDon-074200_M5_517,M5,d1,16,12:41:46,12:41:46,403376,14.0,1
MV_A5-Weekday-SDon-074200_M5_517,M5,d1,17,12:43:00,12:43:00,403377,14.0,1
MV_A5-Weekday-SDon-074200_M5_517,M5,d1,18,12:44:51,12:44:51,400655,10.0,1
MV_A5-Weekday-SDon-074200_M5_517,M5,d1,19,12:46:30,12:46:30,400656,10.0,1
MV_A5-Weekday-SDon-074200_M5_517,M5,d1,20,12:48:14,12:48:14,400657,14.0,1
MV_A5-Weekday-SDon-074200_M5_517,M5,d1,21,12:49:26,12:49:26,400658,15.0,1
MV_A5-Weekday-SDon-074200_M5_517,M5,d1,22,12:51:13,12:51:13,400659,15.0,1
MV_A5-Weekday-SDon-074200_M5_517,M5,d1,23,12:52:00,12:52:00,403483,15.0,1
MV_A5-Weekday-SDon-074200_M5_517,M5,d1,24,12:54:28,12:54:28,400661,14.0,1
MV_A5-Weekday-SDon-074200_M5_517,M5,d1,25,12:55:46,12:55:46,400662,14.0,1
MV_A5-Weekday-SDon-074200_M5_517,M5,d1,26,12:57:03,12:57:03,400663,14.0,1
MV_A5-Weekday-SDon-074200_M5_517,M5,d1,27,12:59:00,12:59:00,803157,15.0,1
MV_A5-Weekday-SDon-074200_M5_517,M5,d1,28,13:01:00,13:01:00,404148,14.0,1
MV_A5-Weekday-SDon-074200_M5_517,M5,d1,29,13:03:07,13:03:07,403903,16.0,1
MV_A5-Weekday-SDon-074200_M5_517,M5,d1,30,13:04:10,13:04:10,403142,11.0,1
MV_A5-Weekday-SDon-074200_M5_517,M5,d1,31,13:05:20,13:05:20,403144,14.0,1
MV_A5-Weekday-SDon-074200_M5_517,M5,d1,32,13:07:10,13:07:10,403145,12.0,1
MV_A5-Weekday-SDon-074200_M5_517,M5,d1,33,13:08:26,13:08:26,405234,15.0,2
MV_A5-Weekday-SDon-074200_M5_517,M5,d1,34,13:10:36,13:10:36,403147,17.0,2
MV_A5-Weekday-SDon-074200_M5_517,M5,d1,35,13:11:47,13:11:47,403148,16.0,2
MV_A5-Weekday-SDon-074200_M5_517,M5,d1,36,13:12:56,13:12:56,403149,17.0,2
MV_A5-Weekday-SDon-074200_M5_517,M5,d1,37,13:14:24,13:14:24,400676,21.0,2
MV_A5-Weekday-SDon-074200_M5_517,M5,d1,38,13:16:16,13:16:16,400677,24.0,2
MV_A5-Weekday-SDon-074200_M5_517,M5,d1,39,13:18:11,13:18:11,400678,24.0,2
MV_A5-Weekday-SDon-074200_M5_517,M5,d1,40,13:19:00,13:19:00,400485,28.0,2
MV_A5-Weekday-SDon-074200_M5_517,M5,d1,41,13:20:43,13:20:43,400486,28.0,2
MV_A5-Weekday-SDon-074200_M5_517,M5,d1,42,13:23:00,13:23:00,400290,15.0,2
MV_A5-Weekday-SDon-074200_M5_517,M5,d1,43,13:25:15,13:25:15,404278,28.0,2
MV_A5-Weekday-SDon-074200_M5_517,M5,d1,44,13:27:00,13:27:00,400292,28.0,2
MV_A5-Weekday-SDon-074200_M5_517,M5,d1,45,13:29:05,13:29:05,400108,18.0,2
MV_A5-Weekday-SDon-074200_M5_517,M5,d1,46,13:30:43,13:30:43,400109,19.0,2
MV_A5-Weekday-SDon-074200_M5_517,M5,d1,47,13:32:15,13:32:15,400110,19.0,2
MV_A5-Weekday-SDon-074200_M5_517,M5,d1,48,13:33:56,13:33:56,400111,19.0,2
MV_A5-Weekday-SDon-074200_M5_517,M5,d1,49,13:36:51,13:36:51,404081,19.0,2
MV_A5-Weekday-SDon-074200_M5_517,M5,d1,50,13:38:52,13:38:52,404168,19.0,2
MV_A5-Weekday-SDon-074200_M5_517,M5,d1,51,13:40:06,13:40:06,400115,19.0,2
MV_A5-Weekday-SDon-074200_M5_517,M5,d1,52,13:41:45,13:41:45,400116,19.0,2
MV_A5-Weekday-SDon-074200_M5_517,M5,d1,53,13:43:14,13:43:14,400117,19.0,2
MV_A5-Weekday-SDon-074200_M5_517,M5,d1,54,13:45:28,13:45:28,400118,20.0,2
MV_A5-Weekday-SDon-074200_M5_517,M5,d1,55,13:47:37,13:47:37,400119,20.0,2
MV_A5-Weekday-SDon-074200_M5_517,M5,d1,56,13:50:52,13:50:52,400120,11.0,3
MV_A5-Weekday-SDon-074200_M5_517,M5,d1,57,13:52:10,13:52:10,400121,35.0,3
MV_A5-Weekday-SDon-074200_M5_517,M5,d1,58,13:53:33,13:53:33,400122,38.0,3
MV_A5-Weekday-SDon-074200_M5_517,M5,d1,59,13:55:06,13:55:06,400123,19.0,3
MV_A5-Weekday-SDon-074200_M5_517,M5,d1,60,13:58:00,13:58:00,400124,41.0,3
MV_A5-Weekday-SDon-074200_M5_517,M5,d1,61,14:00:07,14:00:07,400125,41.0,3
MV_A5-Weekday-SDon-074200_M5_517,M5,d1,62,14:02:36,14:02:36,400126,20.0,3
MV_A5-Weekday-SDon-074200_M5_517,M5,d1,63,14:04:27,14:04:27,400127,41.0,3
MV_A5-Weekday-SDon-074200_M5_517,M5,d1,64,14:05:42,14:05:42,400128,17.0,3
MV_A5-Weekday-SDon-074200_M5_517,M5,d1,65,14:07:15,14:07:15,400512,39.0,3
MV_A5-Weekday-SDon-074200_M5_517,M5,d1,66,14:10:32,14:10:32,403266,4.0,2
MV_A5-Weekday-SDon-074200_M5_517,M5,d1,67,14:12:47,14:12:47,400514,28.0,2
MV_A5-Weekday-SDon-074200_M5_517,M5,d1,68,14:15:06,14:15:06,400515,16.0,1
MV_A5-Weekday-SDon-074200_M5_517,M5,d1,69,14:17:24,14:17:24,400516,15.0,2
MV_A5-Weekday-SDon-074200_M5_517,M5,d1,70,14:18:58,14:18:58,405179,18.0,2
MV_A5-Weekday-SDon-074200_M5_517,M5,d1,71,14:21:00,14:21:00,400518,17.0,2
MV_A5-Weekday-SDon-074200_M5_517,M5,d1,72,14:23:46,14:23:46,400519,17.0,2
MV_A5-Weekday-SDon-074200_M5_517,M5,d1,73,14:25:24,14:25:24,405486,17.0,2
MV_A5-Weekday-SDon-074200_M5_517,M5,d1,74,14:29:00,14:29:00,903128,17.0,2
MV_A5-Weekday-110800_M5_515,M5,d1,1,18:28:00,18:28:00,400639,1.0,1
MV_A5-Weekday-110800_M5_515,M5,d1,2,18:29:54,18:29:54,400640,4.0,1
MV_A5-Weekday-110800_M5_515,M5,d1,3,18:31:25,18:31:25,400641,4.0,1
MV_A5-Weekday-110800_M5_515,M5,d1,4,18:32:39,18:32:39,400642,7.0,1
MV_A5-Weekday-110800_M5_515,M5,d1,5,18:33:33,18:33:33,400643,7.0,1
MV_A5-Weekday-110800_M5_515,M5,d1,6,18:34:28,18:34:28,400644,14.0,1
MV_A5-Weekday-110800_M5_515,M5,d1,7,18:35:31,18:35:31,400645,8.0,1
MV_A5-Weekday-110800_M5_515,M5,d1,8,18:36:43,18:36:43,400646,10.0,1
MV_A5-Weekday-110800_M5_515,M5,d1,9,18:37:59,18:37:59,400647,9.0,1
MV_A5-Weekday-110800_M5_515,M5,d1,10,18:39:02,18:39:02,400648,7.0,1
MV_A5-Weekday-110800_M5_515,M5,d1,11,18:40:03,18:40:03,400649,7.0,1
MV_A5-Weekday-110800_M5_515,M5,d1,12,18:41:00,18:41:00,403373,7.0,1
MV_A5-Weekday-110800_M5_515,M5,d1,13,18:42:29,18:42:29,403374,7.0,1
MV_A5-Weekday-110800_M5_515,M5,d1,14,18:43:21,18:43:21,403375,8.0,1
MV_A5-Weekday-110800_M5_515,M5,d1,15,18:44:14,18:44:14,403376,8.0,1
MV_A5-Weekday-110800_M5_515,M5,d1,16,18:45:17,18:45:17,403377,11.0,1
MV_A5-Weekday-110800_M5_515,M5,d1,17,18:46:53,18:46:53,400655,4.0,1
MV_A5-Weekday-110800_M5_515,M5,d1,18,18:48:17,18:48:17,400656,7.0,1
MV_A5-Weekday-110800_M5_515,M5,d1,19,18:49:47,18:49:47,400657,11.0,1
MV_A5-Weekday-110800_M5_515,M5,d1,20,18:50:48,18:50:48,400658,1.0,1
MV_A5-Weekday-110800_M5_515,M5,d1,21,18:52:20,18:52:20,400659,4.0,1
MV_A5-Weekday-110800_M5_515,M5,d1,22,18:53:00,18:53:00,403483,4.0,1
MV_A5-Weekday-110800_M5_515,M5,d1,23,18:54:25,18:54:25,400661,4.0,1
MV_A5-Weekday-110800_M5_515,M5,d1,24,18:55:09,18:55:09,400662,5.0,1
MV_A5-Weekday-110800_M5_515,M5,d1,25,18:55:53,18:55:53,400663,5.0,1
MV_A5-Weekday-110800_M5_515,M5,d1,26,18:57:00,18:57:00,803157,5.0,1
MV_A5-Weekday-038600_M5_501,M5,d1,1,6:26:00,6:26:00,400808,5.0,1
MV_A5-Weekday-038600_M5_501,M5,d1,2,6:26:57,6:26:57,400809,5.0,1
MV_A5-Weekday-038600_M5_501,M5,d1,3,6:27:45,6:27:45,400810,6.0,1
MV_A5-Weekday-038600_M5_501,M5,d1,4,6:28:32,6:28:32,400811,6.0,1
MV_A5-Weekday-038600_M5_501,M5,d1,5,6:29:06,6:29:06,400812,6.0,1
MV_A5-Weekday-038600_M5_501,M5,d1,6,6:30:29,6:30:29,404918,5.0,1
MV_A5-Weekday-038600_M5_501,M5,d1,7,6:31:39,6:31:39,400814,4.0,1
MV_A5-Weekday-038600_M5_501,M5,d1,8,6:32:22,6:32:22,400815,8.0,1
MV_A5-Weekday-038600_M5_501,M5,d1,9,6:33:07,6:33:07,400816,8.0,1
MV_A5-Weekday-038600_M5_501,M5,d1,10,6:34:00,6:34:00,400655,5.0,1
MV_A5-Weekday-038600_M5_501,M5,d1,11,6:36:13,6:36:13,400657,11.0,1
MV_A5-Weekday-038600_M5_501,M5,d1,12,6:38:41,6:38:41,403483,11.0,1
MV_A5-Weekday-038600_M5_501,M5,d1,13,6:40:56,6:40:56,400662,12.0,1
MV_A5-Weekday-038600_M5_501,M5,d1,14,6:43:00,6:43:00,404011,12.0,1
MV_A5-Weekday-038600_M5_501,M5,d1,15,6:43:21,6:43:21,404012,11.0,1
MV_A5-Weekday-038600_M5_501,M5,d1,16,6:45:16,6:45:16,404822,12.0,1
MV_A5-Weekday-038600_M5_501,M5,d1,17,6:46:18,6:46:18,404259,12.0,1
MV_A5-Weekday-038600_M5_501,M5,d1,18,6:47:03,6:47:03,405580,12.0,1
MV_A5-Weekday-038600_M5_501,M5,d1,19,6:47:46,6:47:46,400834,12.0,1
MV_A5-Weekday-038600_M5_501,M5,d1,20,6:48:13,6:48:13,400835,9.0,1
MV_A5-Weekday-038600_M5_501,M5,d1,21,6:48:39,6:48:39,400836,9.0,1
MV_A5-Weekday-038600_M5_501,M5,d1,22,6:49:32,6:49:32,400837,9.0,1
MV_A5-Weekday-038600_M5_501,M5,d1,23,6:49:58,6:49:58,400838,9.0,1
MV_A5-Weekday-038600_M5_501,M5,d1,24,6:50:26,6:50:26,404130,9.0,1
MV_A5-Weekday-038600_M5_501,M5,d1,25,6:51:24,6:51:24,400840,10.0,1
MV_A5-Weekday-038600_M5_501,M5,d1,26,6:52:00,6:52:00,400841,10.0,1
MV_A5-Weekday-038600_M5_501,M5,d1,27,6:53:03,6:53:03,404131,8.0,1
MV_A5-Weekday-038600_M5_501,M5,d1,28,6:54:00,6:54:00,400843,11.0,1
MV_A5-Weekday-038600_M5_501,M5,d1,29,6:54:58,6:54:58,404855,11.0,1
MV_A5-Weekday-038600_M5_501,M5,d1,30,6:55:55,6:55:55,400846,11.0,1
MV_A5-Weekday-038600_M5_501,M5,d1,31,6:56:36,6:56:36,400847,11.0,1
MV_A5-Weekday-038600_M5_501,M5,d1,32,6:57:20,6:57:20,400848,11.0,1
MV_A5-Weekday-038600_M5_501,M5,d1,33,6:58:00,6:58:00,400849,11.0,1
MV_A5-Weekday-038600_M5_501,M5,d1,34,6:59:37,6:59:37,400851,11.0,1
MV_A5-Weekday-038600_M5_501,M5,d1,35,7:00:34,7:00:34,400852,9.0,1
MV_A5-Weekday-038600_M5_501,M5,d1,36,7:01:56,7:01:56,400853,11.0,1
MV_A5-Weekday-038600_M5_501,M5,d1,37,7:02:49,7:02:49,400854,9.0,1
MV_A5-Weekday-038600_M5_501,M5,d1,38,7:05:54,7:05:54,403171,9.0,1
MV_A5-Weekday-038600_M5_501,M5,d1,39,7:09:00,7:09:00,400861,12.0,1
MV_A5-Weekday-038600_M5_501,M5,d1,40,7:11:43,7:11:43,403047,7.0,1
MV_A5-Weekday-038600_M5_501,M5,d1,41,7:13:54,7:13:54,402446,5.0,1
MV_A5-Weekday-038600_M5_501,M5,d1,42,7:16:32,7:16:32,450123,4.0,1
MV_A5-Weekday-038600_M5_501,M5,d1,43,7:20:00,7:20:00,400135,4.0,1
MV_A5-Weekday-038600_M5_501,M5,d1,44,7:21:28,7:21:28,400322,2.0,1
MV_A5-Weekday-038600_M5_501,M5,d1,45,7:22:56,7:22:56,400323,2.0,1
MV_A5-Weekday-038600_M5_501,M5,d1,46,7:24:30,7:24:30,400324,2.0,1
MV_A5-Weekday-038600_M5_501,M5,d1,47,7:27:00,7:27:00,803082,2.0,1
MV_A5-Weekday-028000_M5_502,M5,d1,1,4:40:00,4:40:00,404011,1.0,1
MV_A5-Weekday-028000_M5_502,M5,d1,2,4:40:19,4:40:19,404012,1.0,1
MV_A5-Weekday-028000_M5_502,M5,d1,3,4:42:01,4:42:01,404822,1.0,1
MV_A5-Weekday-028000_M5_502,M5,d1,4,4:42:56,4:42:56,404259,1.0,1
MV_A5-Weekday-028000_M5_502,M5,d1,5,4:43:36,4:43:36,405580,1.0,1
MV_A5-Weekday-028000_M5_502,M5,d1,6,4:44:14,4:44:14,400834,1.0,1
MV_A5-Weekday-028000_M5_502,M5,d1,7,4:44:38,4:44:38,400835,1.0,1
MV_A5-Weekday-028000_M5_502,M5,d1,8,4:45:01,4:45:01,400836,1.0,1
MV_A5-Weekday-028000_M5_502,M5,d1,9,4:45:48,4:45:48,400837,1.0,1
MV_A5-Weekday-028000_M5_502,M5,d1,10,4:46:11,4:46:11,400838,1.0,1
MV_A5-Weekday-028000_M5_502,M5,d1,11,4:46:36,4:46:36,404130,1.0,1
MV_A5-Weekday-028000_M5_502,M5,d1,12,4:47:28,4:47:28,400840,1.0,1
MV_A5-Weekday-028000_M5_502,M5,d1,13,4:48:00,4:48:00,400841,1.0,1
MV_A5-Weekday-028000_M5_502,M5,d1,14,4:48:52,4:48:52,404131,1.0,1
MV_A5-Weekday-028000_M5_502,M5,d1,15,4:49:40,4:49:40,400843,1.0,1
MV_A5-Weekday-028000_M5_502,M5,d1,16,4:50:28,4:50:28,404855,1.0,1
MV_A5-Weekday-028000_M5_502,M5,d1,17,4:51:16,4:51:16,400846,1.0,1
MV_A5-Weekday-028000_M5_502,M5,d1,18,4:51:50,4:51:50,400847,1.0,1
MV_A5-Weekday-028000_M5_502,M5,d1,19,4:52:26,4:52:26,400848,1.0,1
MV_A5-Weekday-028000_M5_502,M5,d1,20,4:53:00,4:53:00,400849,1.0,1
MV_A5-Weekday-028000_M5_502,M5,d1,21,4:54:28,4:54:28,400851,1.0,1
MV_A5-Weekday-028000_M5_502,M5,d1,22,4:55:20,4:55:20,400852,1.0,1
MV_A5-Weekday-028000_M5_502,M5,d1,23,4:56:35,4:56:35,400853,1.0,1
MV_A5-Weekday-028000_M5_502,M5,d1,24,4:57:23,4:57:23,400854,1.0,1
MV_A5-Weekday-028000_M5_502,M5,d1,25,4:58:27,4:58:27,403169,1.0,1
MV_A5-Weekday-028000_M5_502,M5,d1,26,4:59:08,4:59:08,400856,1.0,1
MV_A5-Weekday-028000_M5_502,M5,d1,27,5:00:11,5:00:11,403171,1.0,1
MV_A5-Weekday-028000_M5_502,M5,d1,28,5:00:55,5:00:55,400858,1.0,1
MV_A5-Weekday-028000_M5_502,M5,d1,29,5:02:05,5:02:05,400860,1.0,1
MV_A5-Weekday-028000_M5_502,M5,d1,30,5:03:00,5:03:00,400861,1.0,1
MV_A5-Weekday-028000_M5_502,M5,d1,31,5:03:17,5:03:17,403781,1.0,1
MV_A5-Weekday-028000_M5_502,M5,d1,32,5:04:14,5:04:14,403047,1.0,1
MV_A5-Weekday-028000_M5_502,M5,d1,33,5:05:13,5:05:13,402446,1.0,1
MV_A5-Weekday-028000_M5_502,M5,d1,34,5:05:38,5:05:38,403266,1.0,1
MV_A5-Weekday-028000_M5_502,M5,d1,35,5:06:05,5:06:05,400131,1.0,1
MV_A5-Weekday-028000_M5_502,M5,d1,36,5:06:26,5:06:26,450123,1.0,1
MV_A5-Weekday-028000_M5_502,M5,d1,37,5:07:07,5:07:07,400133,1.0,1
MV_A5-Weekday-028000_M5_502,M5,d1,38,5:07:28,5:07:28,404180,1.0,1
MV_A5-Weekday-028000_M5_502,M5,d1,39,5:08:00,5:08:00,400135,1.0,1
MV_A5-Weekday-028000_M5_502,M5,d1,40,5:10:31,5:10:31,400322,1.0,1
MV_A5-Weekday-028000_M5_502,M5,d1,41,5:13:01,5:13:01,400323,1.0,1
MV_A5-Weekday-028000_M5_502,M5,d1,42,5:15:43,5:15:43,400324,1.0,1
MV_A5-Weekday-028000_M5_502,M5,d1,43,5:20:00,5:20:00,803082,1.0,1
MV_A5-Weekday-SDon-109000_M5_535,M5,d1,1,18:10:00,18:10:00,400808,12.0,1
MV_A5-Weekday-SDon-109000_M5_535,M5,d1,2,18:11:19,18:11:19,400809,12.0,1
MV_A5-Weekday-SDon-109000_M5_535,M5,d1,3,18:12:24,18:12:24,400810,11.0,2
MV_A5-Weekday-SDon-109000_M5_535,M5,d1,4,18:13:30,18:13:30,400811,25.0,2
MV_A5-Weekday-SDon-109000_M5_535,M5,d1,5,18:14:16,18:14:16,400812,14.0,2
MV_A5-Weekday-SDon-109000_M5_535,M5,d1,6,18:16:11,18:16:11,404918,28.0,2
MV_A5-Weekday-SDon-109000_M5_535,M5,d1,7,18:17:47,18:17:47,400814,11.0,1
MV_A5-Weekday-SDon-109000_M5_535,M5,d1,8,18:18:45,18:18:45,400815,9.0,2
MV_A5-Weekday-SDon-109000_M5_535,M5,d1,9,18:19:47,18:19:47,400816,20.0,2
MV_A5-Weekday-SDon-109000_M5_535,M5,d1,10,18:21:00,18:21:00,400655,20.0,2
MV_A5-Weekday-SDon-109000_M5_535,M5,d1,11,18:23:13,18:23:13,400657,8.0,1
MV_A5-Weekday-SDon-109000_M5_535,M5,d1,12,18:25:41,18:25:41,403483,12.0,1
MV_A5-Weekday-SDon-109000_M5_535,M5,d1,13,18:27:56,18:27:56,400662,7.0,1
MV_A5-Weekday-SDon-109000_M5_535,M5,d1,14,18:30:00,18:30:00,404011,6.0,1
MV_A5-Weekday-SDon-109000_M5_535,M5,d1,15,18:30:28,18:30:28,404012,5.0,1
MV_A5-Weekday-SDon-109000_M5_535,M5,d1,16,18:33:01,18:33:01,404822,7.0,1
MV_A5-Weekday-SDon-109000_M5_535,M5,d1,17,18:34:24,18:34:24,404259,4.0,1
MV_A5-Weekday-SDon-109000_M5_535,M5,d1,18,18:35:23,18:35:23,405580,6.0,1
MV_A5-Weekday-SDon-109000_M5_535,M5,d1,19,18:36:21,18:36:21,400834,6.0,1
MV_A5-Weekday-SDon-109000_M5_535,M5,d1,20,18:36:57,18:36:57,400835,6.0,1
MV_A5-Weekday-SDon-109000_M5_535,M5,d1,21,18:37:32,18:37:32,400836,9.0,1
MV_A5-Weekday-SDon-109000_M5_535,M5,d1,22,18:38:42,18:38:42,400837,8.0,1
MV_A5-Weekday-SDon-109000_M5_535,M5,d1,23,18:39:17,18:39:17,400838,8.0,1
MV_A5-Weekday-SDon-109000_M5_535,M5,d1,24,18:39:54,18:39:54,404130,6.0,1
MV_A5-Weekday-SDon-109000_M5_535,M5,d1,25,18:41:12,18:41:12,400840,8.0,1
MV_A5-Weekday-SDon-109000_M5_535,M5,d1,26,18:42:00,18:42:00,400841,10.0,1
MV_A5-Weekday-SDon-109000_M5_535,M5,d1,27,18:43:24,18:43:24,404131,9.0,1
MV_A5-Weekday-SDon-109000_M5_535,M5,d1,28,18:44:40,18:44:40,400843,8.0,1
MV_A5-Weekday-SDon-109000_M5_535,M5,d1,29,18:45:57,18:45:57,404855,11.0,1
MV_A5-Weekday-SDon-109000_M5_535,M5,d1,30,18:47:13,18:47:13,400846,11.0,1
MV_A5-Weekday-SDon-109000_M5_535,M5,d1,31,18:48:08,18:48:08,400847,11.0,1
MV_A5-Weekday-SDon-109000_M5_535,M5,d1,32,18:49:06,18:49:06,400848,9.0,1
MV_A5-Weekday-SDon-109000_M5_535,M5,d1,33,18:50:00,18:50:00,400849,13.0,1
MV_A5-Weekday-SDon-109000_M5_535,M5,d1,34,18:52:04,18:52:04,400851,10.0,1
MV_A5-Weekday-SDon-109000_M5_535,M5,d1,35,18:53:16,18:53:16,400852,10.0,1
MV_A5-Weekday-SDon-109000_M5_535,M5,d1,36,18:55:01,18:55:01,400853,12.0,1
MV_A5-Weekday-SDon-109000_M5_535,M5,d1,37,18:56:08,18:56:08,400854,12.0,1
MV_A5-Weekday-SDon-109000_M5_535,M5,d1,38,19:00:03,19:00:03,403171,14.0,1
MV_A5-Weekday-SDon-109000_M5_535,M5,d1,39,19:04:00,19:04:00,400861,11.0,1
MV_A5-Weekday-SDon-109000_M5_535,M5,d1,40,19:09:56,19:09:56,403047,11.0,1
MV_A5-Weekday-SDon-109000_M5_535,M5,d1,41,19:14:41,19:14:41,402446,11.0,1
MV_A5-Weekday-SDon-109000_M5_535,M5,d1,42,19:20:27,19:20:27,450123,10.0,1
MV_A5-Weekday-SDon-109000_M5_535,M5,d1,43,19:28:00,19:28:00,400135,11.0,1
MV_A5-Weekday-SDon-109000_M5_535,M5,d1,44,19:29:28,19:29:28,400322,3.0,1
MV_A5-Weekday-SDon-109000_M5_535,M5,d1,45,19:30:56,19:30:56,400323,7.0,1
MV_A5-Weekday-SDon-109000_M5_535,M5,d1,46,19:32:30,19:32:30,400324,6.0,1
MV_A5-Weekday-SDon-109000_M5_535,M5,d1,47,19:35:00,19:35:00,803082,6.0,1
MV_A5-Weekday-SDon-073300_M5_501,M5,d1,1,12:13:00,12:13:00,403835,1.0,1
MV_A5-Weekday-SDon-073300_M5_501,M5,d1,2,12:15:00,12:15:00,400639,1.0,1
MV_A5-Weekday-SDon-073300_M5_501,M5,d1,3,12:17:03,12:17:03,400640,1.0,2
MV_A5-Weekday-SDon-073300_M5_501,M5,d1,4,12:18:41,12:18:41,400641,18.0,2
MV_A5-Weekday-SDon-073300_M5_501,M5,d1,5,12:20:00,12:20:00,400642,18.0,2
MV_A5-Weekday-SDon-073300_M5_501,M5,d1,6,12:20:58,12:20:58,400643,18.0,2
MV_A5-Weekday-SDon-073300_M5_501,M5,d1,7,12:21:58,12:21:58,400644,2.0,2
MV_A5-Weekday-SDon-073300_M5_501,M5,d1,8,12:23:05,12:23:05,400645,24.0,2
MV_A5-Weekday-SDon-073300_M5_501,M5,d1,9,12:24:23,12:24:23,400646,26.0,2
MV_A5-Weekday-SDon-073300_M5_501,M5,d1,10,12:25:46,12:25:46,400647,26.0,2
MV_A5-Weekday-SDon-073300_M5_501,M5,d1,11,12:26:53,12:26:53,400648,28.0,2
MV_A5-Weekday-SDon-073300_M5_501,M5,d1,12,12:27:58,12:27:58,400649,28.0,2
MV_A5-Weekday-SDon-073300_M5_501,M5,d1,13,12:29:00,12:29:00,403373,25.0,2
MV_A5-Weekday-SDon-073300_M5_501,M5,d1,14,12:30:43,12:30:43,403374,13.0,2
MV_A5-Weekday-SDon-073300_M5_501,M5,d1,15,12:31:45,12:31:45,403375,28.0,2
MV_A5-Weekday-SDon-073300_M5_501,M5,d1,16,12:32:46,12:32:46,403376,10.0,2
MV_A5-Weekday-SDon-073300_M5_501,M5,d1,17,12:34:00,12:34:00,403377,19.0,2
MV_A5-Weekday-SDon-073300_M5_501,M5,d1,18,12:35:51,12:35:51,400655,19.0,2
MV_A5-Weekday-SDon-073300_M5_501,M5,d1,19,12:37:30,12:37:30,400656,3.0,2
MV_A5-Weekday-SDon-073300_M5_501,M5,d1,20,12:39:14,12:39:14,400657,19.0,3
MV_A5-Weekday-SDon-073300_M5_501,M5,d1,21,12:40:26,12:40:26,400658,36.0,3
MV_A5-Weekday-SDon-073300_M5_501,M5,d1,22,12:42:13,12:42:13,400659,36.0,3
MV_A5-Weekday-SDon-073300_M5_501,M5,d1,23,12:43:00,12:43:00,403483,18.0,3
MV_A5-Weekday-SDon-073300_M5_501,M5,d1,24,12:45:28,12:45:28,400661,38.0,3
MV_A5-Weekday-SDon-073300_M5_501,M5,d1,25,12:46:46,12:46:46,400662,16.0,1
MV_A5-Weekday-SDon-073300_M5_501,M5,d1,26,12:48:03,12:48:03,400663,16.0,3
MV_A5-Weekday-SDon-073300_M5_501,M5,d1,27,12:50:00,12:50:00,803157,36.0,3
MV_A5-Weekday-SDon-073300_M5_501,M5,d1,28,12:52:00,12:52:00,404148,36.0,3
MV_A5-Weekday-SDon-073300_M5_501,M5,d1,29,12:54:07,12:54:07,403903,36.0,3
MV_A5-Weekday-SDon-073300_M5_501,M5,d1,30,12:55:10,12:55:10,403142,33.0,3
MV_A5-Weekday-SDon-073300_M5_501,M5,d1,31,12:56:20,12:56:20,403144,41.0,3
MV_A5-Weekday-SDon-073300_M5_501,M5,d1,32,12:58:10,12:58:10,403145,41.0,3
MV_A5-Weekday-SDon-073300_M5_501,M5,d1,33,12:59:26,12:59:26,405234,41.0,3
MV_A5-Weekday-SDon-073300_M5_501,M5,d1,34,13:01:36,13:01:36,403147,15.0,2
MV_A5-Weekday-SDon-073300_M5_501,M5,d1,35,13:02:47,13:02:47,403148,32.0,2
MV_A5-Weekday-SDon-073300_M5_501,M5,d1,36,13:03:56,13:03:56,403149,32.0,3
MV_A5-Weekday-SDon-073300_M5_501,M5,d1,37,13:05:24,13:05:24,400676,36.0,3
MV_A5-Weekday-SDon-073300_M5_501,M5,d1,38,13:07:16,13:07:16,400677,36.0,3
MV_A5-Weekday-SDon-073300_M5_501,M5,d1,39,13:09:11,13:09:11,400678,36.0,3
MV_A5-Weekday-SDon-073300_M5_501,M5,d1,40,13:10:00,13:10:00,400485,35.0,3
MV_A5-Weekday-SDon-073300_M5_501,M5,d1,41,13:11:43,13:11:43,400486,35.0,3
MV_A5-Weekday-SDon-073300_M5_501,M5,d1,42,13:14:00,13:14:00,400290,35.0,3
MV_A5-Weekday-SDon-073300_M5_501,M5,d1,43,13:16:15,13:16:15,404278,35.0,3
MV_A5-Weekday-SDon-073300_M5_501,M5,d1,44,13:18:00,13:18:00,400292,35.0,3
MV_A5-Weekday-SDon-073300_M5_501,M5,d1,45,13:20:05,13:20:05,400108,12.0,2
MV_A5-Weekday-SDon-073300_M5_501,M5,d1,46,13:21:43,13:21:43,400109,31.0,2
MV_A5-Weekday-SDon-073300_M5_501,M5,d1,47,13:23:15,13:23:15,400110,31.0,2
MV_A5-Weekday-SDon-073300_M5_501,M5,d1,48,13:24:56,13:24:56,400111,25.0,2
MV_A5-Weekday-SDon-073300_M5_501,M5,d1,49,13:27:51,13:27:51,404081,25.0,2
MV_A5-Weekday-SDon-073300_M5_501,M5,d1,50,13:29:52,13:29:52,404168,25.0,2
MV_A5-Weekday-SDon-073300_M5_501,M5,d1,51,13:31:06,13:31:06,400115,25.0,2
MV_A5-Weekday-SDon-073300_M5_501,M5,d1,52,13:32:45,13:32:45,400116,25.0,2
MV_A5-Weekday-SDon-073300_M5_501,M5,d1,53,13:34:14,13:34:14,400117,25.0,2
MV_A5-Weekday-SDon-073300_M5_501,M5,d1,54,13:36:28,13:36:28,400118,25.0,2
MV_A5-Weekday-SDon-073300_M5_501,M5,d1,55,13:38:37,13:38:37,400119,22.0,2
MV_A5-Weekday-SDon-073300_M5_501,M5,d1,56,13:41:52,13:41:52,400120,22.0,2
MV_A5-Weekday-SDon-073300_M5_501,M5,d1,57,13:43:10,13:43:10,400121,22.0,2
MV_A5-Weekday-SDon-073300_M5_501,M5,d1,58,13:44:33,13:44:33,400122,22.0,2
MV_A5-Weekday-SDon-073300_M5_501,M5,d1,59,13:46:06,13:46:06,400123,22.0,2
MV_A5-Weekday-SDon-073300_M5_501,M5,d1,60,13:49:00,13:49:00,400124,22.0,2
MV_A5-Weekday-SDon-073300_M5_501,M5,d1,61,13:51:07,13:51:07,400125,22.0,2
MV_A5-Weekday-SDon-073300_M5_501,M5,d1,62,13:53:36,13:53:36,400126,3.0,1
MV_A5-Weekday-SDon-073300_M5_501,M5,d1,63,13:55:27,13:55:27,400127,13.0,1
MV_A5-Weekday-SDon-073300_M5_501,M5,d1,64,13:56:42,13:56:42,400128,13.0,1
MV_A5-Weekday-SDon-073300_M5_501,M5,d1,65,13:58:15,13:58:15,400512,8.0,1
MV_A5-Weekday-SDon-073300_M5_501,M5,d1,66,14:01:32,14:01:32,403266,4.0,1
MV_A5-Weekday-SDon-073300_M5_501,M5,d1,67,14:03:47,14:03:47,400514,8.0,1
MV_A5-Weekday-SDon-073300_M5_501,M5,d1,68,14:06:06,14:06:06,400515,6.0,1
MV_A5-Weekday-SDon-073300_M5_501,M5,d1,69,14:08:24,14:08:24,400516,7.0,1
MV_A5-Weekday-SDon-073300_M5_501,M5,d1,70,14:09:58,14:09:58,405179,7.0,1
MV_A5-Weekday-SDon-073300_M5_501,M5,d1,71,14:12:00,14:12:00,400518,7.0,1
MV_A5-Weekday-SDon-073300_M5_501,M5,d1,72,14:14:46,14:14:46,400519,7.0,1
MV_A5-Weekday-SDon-073300_M5_501,M5,d1,73,14:16:24,14:16:24,405486,2.0,1
MV_A5-Weekday-SDon-073300_M5_501,M5,d1,74,14:20:00,14:20:00,903128,2.0,1
MV_A5-Weekday-092200_M5_520,M5,d1,1,15:22:00,15:22:00,403835,3.0,1
MV_A5-Weekday-092200_M5_520,M5,d1,2,15:24:00,15:24:00,400639,3.0,1
MV_A5-Weekday-092200_M5_520,M5,d1,3,15:26:03,15:26:03,400640,3.0,1
MV_A5-Weekday-092200_M5_520,M5,d1,4,15:27:41,15:27:41,400641,7.0,1
MV_A5-Weekday-092200_M5_520,M5,d1,5,15:29:00,15:29:00,400642,7.0,1
MV_A5-Weekday-092200_M5_520,M5,d1,6,15:29:58,15:29:58,400643,7.0,1
MV_A5-Weekday-092200_M5_520,M5,d1,7,15:30:58,15:30:58,400644,8.0,1
MV_A5-Weekday-092200_M5_520,M5,d1,8,15:32:05,15:32:05,400645,8.0,1
MV_A5-Weekday-092200_M5_520,M5,d1,9,15:33:23,15:33:23,400646,5.0,1
MV_A5-Weekday-092200_M5_520,M5,d1,10,15:34:46,15:34:46,400647,10.0,1
MV_A5-Weekday-092200_M5_520,M5,d1,11,15:35:53,15:35:53,400648,11.0,1
MV_A5-Weekday-092200_M5_520,M5,d1,12,15:36:58,15:36:58,400649,13.0,1
MV_A5-Weekday-092200_M5_520,M5,d1,13,15:38:00,15:38:00,403373,13.0,2
MV_A5-Weekday-092200_M5_520,M5,d1,14,15:39:43,15:39:43,403374,20.0,2
MV_A5-Weekday-092200_M5_520,M5,d1,15,15:40:45,15:40:45,403375,16.0,1
MV_A5-Weekday-092200_M5_520,M5,d1,16,15:41:46,15:41:46,403376,16.0,1
MV_A5-Weekday-092200_M5_520,M5,d1,17,15:43:00,15:43:00,403377,14.0,2
MV_A5-Weekday-092200_M5_520,M5,d1,18,15:44:51,15:44:51,400655,20.0,2
MV_A5-Weekday-092200_M5_520,M5,d1,19,15:46:30,15:46:30,400656,16.0,1
MV_A5-Weekday-092200_M5_520,M5,d1,20,15:48:14,15:48:14,400657,16.0,1
MV_A5-Weekday-092200_M5_520,M5,d1,21,15:49:26,15:49:26,400658,10.0,1
MV_A5-Weekday-092200_M5_520,M5,d1,22,15:51:13,15:51:13,400659,9.0,1
MV_A5-Weekday-092200_M5_520,M5,d1,23,15:52:00,15:52:00,403483,9.0,1
MV_A5-Weekday-092200_M5_520,M5,d1,24,15:54:28,15:54:28,400661,9.0,1
MV_A5-Weekday-092200_M5_520,M5,d1,25,15:55:46,15:55:46,400662,7.0,1
MV_A5-Weekday-092200_M5_520,M5,d1,26,15:57:03,15:57:03,400663,12.0,1
MV_A5-Weekday-092200_M5_520,M5,d1,27,15:59:00,15:59:00,803157,12.0,1
MV_A5-Weekday-092200_M5_520,M5,d1,28,16:01:00,16:01:00,404148,13.0,1
MV_A5-Weekday-092200_M5_520,M5,d1,29,16:03:07,16:03:07,403903,13.0,1
MV_A5-Weekday-092200_M5_520,M5,d1,30,16:04:10,16:04:10,403142,13.0,1
MV_A5-Weekday-092200_M5_520,M5,d1,31,16:05:20,16:05:20,403144,16.0,1
MV_A5-Weekday-092200_M5_520,M5,d1,32,16:07:10,16:07:10,403145,16.0,1
MV_A5-Weekday-092200_M5_520,M5,d1,33,16:08:26,16:08:26,405234,16.0,1
MV_A5-Weekday-092200_M5_520,M5,d1,34,16:10:36,16:10:36,403147,16.0,1
MV_A5-Weekday-092200_M5_520,M5,d1,35,16:11:47,16:11:47,403148,15.0,1
MV_A5-Weekday-092200_M5_520,M5,d1,36,16:12:56,16:12:56,403149,3.0,2
MV_A5-Weekday-092200_M5_520,M5,d1,37,16:14:24,16:14:24,400676,24.0,2
MV_A5-Weekday-092200_M5_520,M5,d1,38,16:16:16,16:16:16,400677,21.0,2
MV_A5-Weekday-092200_M5_520,M5,d1,39,16:18:11,16:18:11,400678,22.0,2
MV_A5-Weekday-092200_M5_520,M5,d1,40,16:19:00,16:19:00,400485,22.0,2
MV_A5-Weekday-092200_M5_520,M5,d1,41,16:20:43,16:20:43,400486,22.0,2
MV_A5-Weekday-092200_M5_520,M5,d1,42,16:23:00,16:23:00,400290,20.0,2
MV_A5-Weekday-092200_M5_520,M5,d1,43,16:25:15,16:25:15,404278,20.0,2
MV_A5-Weekday-092200_M5_520,M5,d1,44,16:27:00,16:27:00,400292,1.0,2
MV_A5-Weekday-092200_M5_520,M5,d1,45,16:28:33,16:28:33,400108,18.0,2
MV_A5-Weekday-092200_M5_520,M5,d1,46,16:29:46,16:29:46,400109,14.0,1
MV_A5-Weekday-092200_M5_520,M5,d1,47,16:30:54,16:30:54,400110,14.0,1
MV_A5-Weekday-092200_M5_520,M5,d1,48,16:32:08,16:32:08,400111,14.0,1
MV_A5-Weekday-092200_M5_520,M5,d1,49,16:34:18,16:34:18,404081,14.0,1
MV_A5-Weekday-092200_M5_520,M5,d1,50,16:35:48,16:35:48,404168,14.0,1
MV_A5-Weekday-092200_M5_520,M5,d1,51,16:36:43,16:36:43,400115,1.0,1
MV_A5-Weekday-092200_M5_520,M5,d1,52,16:37:57,16:37:57,400116,11.0,1
MV_A5-Weekday-092200_M5_520,M5,d1,53,16:39:03,16:39:03,400117,11.0,1
MV_A5-Weekday-092200_M5_520,M5,d1,54,16:40:42,16:40:42,400118,11.0,1
MV_A5-Weekday-092200_M5_520,M5,d1,55,16:42:18,16:42:18,400119,11.0,1
MV_A5-Weekday-092200_M5_520,M5,d1,56,16:44:42,16:44:42,400120,11.0,1
MV_A5-Weekday-092200_M5_520,M5,d1,57,16:45:40,16:45:40,400121,11.0,1
MV_A5-Weekday-092200_M5_520,M5,d1,58,16:46:42,16:46:42,400122,11.0,1
MV_A5-Weekday-092200_M5_520,M5,d1,59,16:47:51,16:47:51,400123,1.0,1
MV_A5-Weekday-092200_M5_520,M5,d1,60,16:50:00,16:50:00,400124,16.0,1
MV_A5-Weekday-092200_M5_520,M5,d1,61,16:52:13,16:52:13,400125,16.0,1
MV_A5-Weekday-092200_M5_520,M5,d1,62,16:54:48,16:54:48,400126,16.0,1
MV_A5-Weekday-092200_M5_520,M5,d1,63,16:56:43,16:56:43,400127,16.0,1
MV_A5-Weekday-092200_M5_520,M5,d1,64,16:58:02,16:58:02,400128,14.0,1
MV_A5-Weekday-092200_M5_520,M5,d1,65,16:59:39,16:59:39,400512,2.0,1
MV_A5-Weekday-092200_M5_520,M5,d1,66,17:03:05,17:03:05,403266,6.0,1
MV_A5-Weekday-092200_M5_520,M5,d1,67,17:05:26,17:05:26,400514,6.0,1
MV_A5-Weekday-092200_M5_520,M5,d1,68,17:07:50,17:07:50,400515,6.0,1
MV_A5-Weekday-092200_M5_520,M5,d1,69,17:10:14,17:10:14,400516,10.0,1
MV_A5-Weekday-092200_M5_520,M5,d1,70,17:11:52,17:11:52,405179,10.0,1
MV_A5-Weekday-092200_M5_520,M5,d1,71,17:14:00,17:14:00,400518,10.0,1
MV_A5-Weekday-092200_M5_520,M5,d1,72,17:16:25,17:16:25,400519,10.0,1
MV_A5-Weekday-092200_M5_520,M5,d1,73,17:17:51,17:17:51,405486,10.0,1
MV_A5-Weekday-092200_M5_520,M5,d1,74,17:21:00,17:21:00,903128,10.0,1
MV_A5-Weekday-059400_M5_512,M5,d1,1,9:54:00,9:54:00,400808,5.0,1
MV_A5-Weekday-059400_M5_512,M5,d1,2,9:55:12,9:55:12,400809,7.0,1
MV_A5-Weekday-059400_M5_512,M5,d1,3,9:56:11,9:56:11,400810,8.0,1
MV_A5-Weekday-059400_M5_512,M5,d1,4,9:57:11,9:57:11,400811,8.0,1
MV_A5-Weekday-059400_M5_512,M5,d1,5,9:57:52,9:57:52,400812,9.0,1
MV_A5-Weekday-059400_M5_512,M5,d1,6,9:59:37,9:59:37,404918,9.0,1
MV_A5-Weekday-059400_M5_512,M5,d1,7,10:01:04,10:01:04,400814,7.0,1
MV_A5-Weekday-059400_M5_512,M5,d1,8,10:01:58,10:01:58,400815,7.0,1
MV_A5-Weekday-059400_M5_512,M5,d1,9,10:02:54,10:02:54,400816,6.0,1
MV_A5-Weekday-059400_M5_512,M5,d1,10,10:04:00,10:04:00,400655,7.0,1
MV_A5-Weekday-059400_M5_512,M5,d1,11,10:06:13,10:06:13,400657,8.0,1
MV_A5-Weekday-059400_M5_512,M5,d1,12,10:08:41,10:08:41,403483,8.0,1
MV_A5-Weekday-059400_M5_512,M5,d1,13,10:10:56,10:10:56,400662,8.0,1
MV_A5-Weekday-059400_M5_512,M5,d1,14,10:13:00,10:13:00,404011,8.0,1
MV_A5-Weekday-059400_M5_512,M5,d1,15,10:13:23,10:13:23,404012,8.0,1
MV_A5-Weekday-059400_M5_512,M5,d1,16,10:15:31,10:15:31,404822,8.0,1
MV_A5-Weekday-059400_M5_512,M5,d1,17,10:16:40,10:16:40,404259,8.0,1
MV_A5-Weekday-059400_M5_512,M5,d1,18,10:17:29,10:17:29,405580,8.0,1
MV_A5-Weekday-059400_M5_512,M5,d1,19,10:18:17,10:18:17,400834,8.0,1
MV_A5-Weekday-059400_M5_512,M5,d1,20,10:18:48,10:18:48,400835,8.0,1
MV_A5-Weekday-059400_M5_512,M5,d1,21,10:19:17,10:19:17,400836,7.0,1
MV_A5-Weekday-059400_M5_512,M5,d1,22,10:20:15,10:20:15,400837,7.0,1
MV_A5-Weekday-059400_M5_512,M5,d1,23,10:20:44,10:20:44,400838,7.0,1
MV_A5-Weekday-059400_M5_512,M5,d1,24,10:21:15,10:21:15,404130,7.0,1
MV_A5-Weekday-059400_M5_512,M5,d1,25,10:22:20,10:22:20,400840,7.0,1
MV_A5-Weekday-059400_M5_512,M5,d1,26,10:23:00,10:23:00,400841,6.0,1
MV_A5-Weekday-059400_M5_512,M5,d1,27,10:24:24,10:24:24,404131,6.0,1
MV_A5-Weekday-059400_M5_512,M5,d1,28,10:25:40,10:25:40,400843,4.0,1
MV_A5-Weekday-059400_M5_512,M5,d1,29,10:26:57,10:26:57,404855,6.0,1
MV_A5-Weekday-059400_M5_512,M5,d1,30,10:28:13,10:28:13,400846,6.0,1
MV_A5-Weekday-059400_M5_512,M5,d1,31,10:29:08,10:29:08,400847,6.0,1
MV_A5-Weekday-059400_M5_512,M5,d1,32,10:30:06,10:30:06,400848,6.0,1
MV_A5-Weekday-059400_M5_512,M5,d1,33,10:31:00,10:31:00,400849,6.0,1
MV_A5-Weekday-059400_M5_512,M5,d1,34,10:33:04,10:33:04,400851,6.0,1
MV_A5-Weekday-059400_M5_512,M5,d1,35,10:34:16,10:34:16,400852,6.0,1
MV_A5-Weekday-059400_M5_512,M5,d1,36,10:36:01,10:36:01,400853,5.0,1
MV_A5-Weekday-059400_M5_512,M5,d1,37,10:37:08,10:37:08,400854,6.0,1
MV_A5-Weekday-059400_M5_512,M5,d1,38,10:41:03,10:41:03,403171,14.0,1
MV_A5-Weekday-059400_M5_512,M5,d1,39,10:45:00,10:45:00,400861,14.0,1
MV_A5-Weekday-059400_M5_512,M5,d1,40,10:49:12,10:49:12,403047,14.0,1
MV_A5-Weekday-059400_M5_512,M5,d1,41,10:52:34,10:52:34,402446,11.0,1
MV_A5-Weekday-059400_M5_512,M5,d1,42,10:56:39,10:56:39,450123,8.0,1
MV_A5-Weekday-059400_M5_512,M5,d1,43,11:02:00,11:02:00,400135,5.0,1
MV_A5-Weekday-059400_M5_512,M5,d1,44,11:03:28,11:03:28,400322,3.0,1
MV_A5-Weekday-059400_M5_512,M5,d1,45,11:04:56,11:04:56,400323,3.0,1
MV_A5-Weekday-059400_M5_512,M5,d1,46,11:06:30,11:06:30,400324,3.0,1
MV_A5-Weekday-059400_M5_512,M5,d1,47,11:09:00,11:09:00,803082,3.0,1
MV_A5-Weekday-066300_M5_518,M5,d1,1,11:03:00,11:03:00,400808,17.0,2
MV_A5-Weekday-066300_M5_518,M5,d1,2,11:04:12,11:04:12,400809,19.0,2
MV_A5-Weekday-066300_M5_518,M5,d1,3,11:05:11,11:05:11,400810,19.0,2
MV_A5-Weekday-066300_M5_518,M5,d1,4,11:06:11,11:06:11,400811,21.0,2
MV_A5-Weekday-066300_M5_518,M5,d1,5,11:06:52,11:06:52,400812,21.0,2
MV_A5-Weekday-066300_M5_518,M5,d1,6,11:08:37,11:08:37,404918,17.0,2
MV_A5-Weekday-066300_M5_518,M5,d1,7,11:10:04,11:10:04,400814,17.0,2
MV_A5-Weekday-066300_M5_518,M5,d1,8,11:10:58,11:10:58,400815,17.0,2
MV_A5-Weekday-066300_M5_518,M5,d1,9,11:11:54,11:11:54,400816,16.0,1
MV_A5-Weekday-066300_M5_518,M5,d1,10,11:13:00,11:13:00,400655,16.0,1
MV_A5-Weekday-066300_M5_518,M5,d1,11,11:15:28,11:15:28,400657,16.0,1
MV_A5-Weekday-066300_M5_518,M5,d1,12,11:18:12,11:18:12,403483,16.0,1
MV_A5-Weekday-066300_M5_518,M5,d1,13,11:20:42,11:20:42,400662,1.0,1
MV_A5-Weekday-066300_M5_518,M5,d1,14,11:23:00,11:23:00,404011,2.0,1
MV_A5-Weekday-066300_M5_518,M5,d1,15,11:23:28,11:23:28,404012,2.0,1
MV_A5-Weekday-066300_M5_518,M5,d1,16,11:26:01,11:26:01,404822,2.0,1
MV_A5-Weekday-066300_M5_518,M5,d1,17,11:27:24,11:27:24,404259,2.0,1
MV_A5-Weekday-066300_M5_518,M5,d1,18,11:28:23,11:28:23,405580,2.0,1
MV_A5-Weekday-066300_M5_518,M5,d1,19,11:29:21,11:29:21,400834,2.0,1
MV_A5-Weekday-066300_M5_518,M5,d1,20,11:29:57,11:29:57,400835,2.0,1
MV_A5-Weekday-066300_M5_518,M5,d1,21,11:30:32,11:30:32,400836,2.0,1
MV_A5-Weekday-066300_M5_518,M5,d1,22,11:31:42,11:31:42,400837,2.0,1
MV_A5-Weekday-066300_M5_518,M5,d1,23,11:32:17,11:32:17,400838,2.0,1
MV_A5-Weekday-066300_M5_518,M5,d1,24,11:32:54,11:32:54,404130,2.0,1
MV_A5-Weekday-066300_M5_518,M5,d1,25,11:34:12,11:34:12,400840,3.0,1
MV_A5-Weekday-066300_M5_518,M5,d1,26,11:35:00,11:35:00,400841,3.0,1
MV_A5-Weekday-066300_M5_518,M5,d1,27,11:36:24,11:36:24,404131,5.0,1
MV_A5-Weekday-066300_M5_518,M5,d1,28,11:37:40,11:37:40,400843,5.0,1
MV_A5-Weekday-066300_M5_518,M5,d1,29,11:38:57,11:38:57,404855,5.0,1
MV_A5-Weekday-066300_M5_518,M5,d1,30,11:40:13,11:40:13,400846,5.0,1
MV_A5-Weekday-066300_M5_518,M5,d1,31,11:41:08,11:41:08,400847,5.0,1
MV_A5-Weekday-066300_M5_518,M5,d1,32,11:42:06,11:42:06,400848,7.0,1
MV_A5-Weekday-066300_M5_518,M5,d1,33,11:43:00,11:43:00,400849,7.0,1
MV_A5-Weekday-066300_M5_518,M5,d1,34,11:45:12,11:45:12,400851,8.0,1
MV_A5-Weekday-066300_M5_518,M5,d1,35,11:46:30,11:46:30,400852,9.0,1
MV_A5-Weekday-066300_M5_518,M5,d1,36,11:48:22,11:48:22,400853,9.0,1
MV_A5-Weekday-066300_M5_518,M5,d1,37,11:49:35,11:49:35,400854,7.0,1
MV_A5-Weekday-066300_M5_518,M5,d1,38,11:53:46,11:53:46,403171,8.0,1
MV_A5-Weekday-066300_M5_518,M5,d1,39,11:58:00,11:58:00,400861,9.0,1
MV_A5-Weekday-066300_M5_518,M5,d1,40,12:03:56,12:03:56,403047,9.0,1
MV_A5-Weekday-066300_M5_518,M5,d1,41,12:08:41,12:08:41,402446,9.0,1
MV_A5-Weekday-066300_M5_518,M5,d1,42,12:14:27,12:14:27,450123,9.0,1
MV_A5-Weekday-066300_M5_518,M5,d1,43,12:22:00,12:22:00,400135,9.0,1
MV_A5-Weekday-066300_M5_518,M5,d1,44,12:23:28,12:23:28,400322,9.0,1
MV_A5-Weekday-066300_M5_518,M5,d1,45,12:24:56,12:24:56,400323,9.0,1
MV_A5-Weekday-066300_M5_518,M5,d1,46,12:26:30,12:26:30,400324,9.0,1
MV_A5-Weekday-066300_M5_518,M5,d1,47,12:29:00,12:29:00,803082,9.0,1
MV_A5-Weekday-124500_M5_538,M5,d1,1,20:45:00,20:45:00,400808,12.0,1
MV_A5-Weekday-124500_M5_538,M5,d1,2,20:46:04,20:46:04,400809,1.0,1
MV_A5-Weekday-124500_M5_538,M5,d1,3,20:46:58,20:46:58,400810,12.0,1
MV_A5-Weekday-124500_M5_538,M5,d1,4,20:47:52,20:47:52,400811,14.0,1
MV_A5-Weekday-124500_M5_538,M5,d1,5,20:48:29,20:48:29,400812,12.0,1
MV_A5-Weekday-124500_M5_538,M5,d1,6,20:50:03,20:50:03,404918,9.0,1
MV_A5-Weekday-124500_M5_538,M5,d1,7,20:51:22,20:51:22,400814,8.0,1
MV_A5-Weekday-124500_M5_538,M5,d1,8,20:52:10,20:52:10,400815,14.0,1
MV_A5-Weekday-124500_M5_538,M5,d1,9,20:53:00,20:53:00,400816,12.0,1
MV_A5-Weekday-124500_M5_538,M5,d1,10,20:54:00,20:54:00,400655,12.0,1
MV_A5-Weekday-124500_M5_538,M5,d1,11,20:55:26,20:55:26,400656,8.0,1
MV_A5-Weekday-124500_M5_538,M5,d1,12,20:56:57,20:56:57,400657,6.0,1
MV_A5-Weekday-124500_M5_538,M5,d1,13,20:58:00,20:58:00,400658,6.0,1
MV_A5-Weekday-124500_M5_538,M5,d1,14,20:59:34,20:59:34,400659,5.0,1
MV_A5-Weekday-124500_M5_538,M5,d1,15,21:00:15,21:00:15,403483,2.0,1
MV_A5-Weekday-124500_M5_538,M5,d1,16,21:02:12,21:02:12,400661,2.0,1
MV_A5-Weekday-124500_M5_538,M5,d1,17,21:03:14,21:03:14,400662,1.0,1
MV_A5-Weekday-124500_M5_538,M5,d1,18,21:04:15,21:04:15,400663,1.0,1
MV_A5-Weekday-124500_M5_538,M5,d1,19,21:06:00,21:06:00,404011,1.0,1
MV_A5-Weekday-124500_M5_538,M5,d1,20,21:06:21,21:06:21,404012,1.0,1
MV_A5-Weekday-124500_M5_538,M5,d1,21,21:08:16,21:08:16,404822,1.0,1
MV_A5-Weekday-124500_M5_538,M5,d1,22,21:09:18,21:09:18,404259,1.0,1
MV_A5-Weekday-124500_M5_538,M5,d1,23,21:10:03,21:10:03,405580,1.0,1
MV_A5-Weekday-124500_M5_538,M5,d1,24,21:10:46,21:10:46,400834,1.0,1
MV_A5-Weekday-124500_M5_538,M5,d1,25,21:11:13,21:11:13,400835,1.0,1
MV_A5-Weekday-124500_M5_538,M5,d1,26,21:11:39,21:11:39,400836,1.0,1
MV_A5-Weekday-124500_M5_538,M5,d1,27,21:12:32,21:12:32,400837,1.0,1
MV_A5-Weekday-124500_M5_538,M5,d1,28,21:12:58,21:12:58,400838,1.0,1
MV_A5-Weekday-124500_M5_538,M5,d1,29,21:13:26,21:13:26,404130,1.0,1
MV_A5-Weekday-124500_M5_538,M5,d1,30,21:14:24,21:14:24,400840,1.0,1
MV_A5-Weekday-124500_M5_538,M5,d1,31,21:15:00,21:15:00,400841,1.0,1
MV_A5-Weekday-124500_M5_538,M5,d1,32,21:15:52,21:15:52,404131,1.0,1
MV_A5-Weekday-124500_M5_538,M5,d1,33,21:16:40,21:16:40,400843,1.0,1
MV_A5-Weekday-124500_M5_538,M5,d1,34,21:17:28,21:17:28,404855,1.0,1
MV_A5-Weekday-124500_M5_538,M5,d1,35,21:18:16,21:18:16,400846,1.0,1
MV_A5-Weekday-124500_M5_538,M5,d1,36,21:18:50,21:18:50,400847,2.0,1
MV_A5-Weekday-124500_M5_538,M5,d1,37,21:19:26,21:19:26,400848,2.0,1
MV_A5-Weekday-124500_M5_538,M5,d1,38,21:20:00,21:20:00,400849,2.0,1
MV_A5-Weekday-124500_M5_538,M5,d1,39,21:21:55,21:21:55,400851,1.0,1
MV_A5-Weekday-124500_M5_538,M5,d1,40,21:23:02,21:23:02,400852,2.0,1
MV_A5-Weekday-124500_M5_538,M5,d1,41,21:24:39,21:24:39,400853,1.0,1
MV_A5-Weekday-124500_M5_538,M5,d1,42,21:25:42,21:25:42,400854,1.0,1
MV_A5-Weekday-124500_M5_538,M5,d1,43,21:27:06,21:27:06,403169,3.0,1
MV_A5-Weekday-124500_M5_538,M5,d1,44,21:27:58,21:27:58,400856,3.0,1
MV_A5-Weekday-124500_M5_538,M5,d1,45,21:29:20,21:29:20,403171,1.0,1
MV_A5-Weekday-124500_M5_538,M5,d1,46,21:30:18,21:30:18,400858,3.0,1
MV_A5-Weekday-124500_M5_538,M5,d1,47,21:31:48,21:31:48,400860,3.0,1
MV_A5-Weekday-124500_M5_538,M5,d1,48,21:33:00,21:33:00,400861,3.0,1
MV_A5-Weekday-124500_M5_538,M5,d1,49,21:33:21,21:33:21,403781,3.0,1
MV_A5-Weekday-124500_M5_538,M5,d1,50,21:34:29,21:34:29,403047,3.0,1
MV_A5-Weekday-124500_M5_538,M5,d1,51,21:35:40,21:35:40,402446,3.0,1
MV_A5-Weekday-124500_M5_538,M5,d1,52,21:36:10,21:36:10,403266,3.0,1
MV_A5-Weekday-124500_M5_538,M5,d1,53,21:36:42,21:36:42,400131,3.0,1
MV_A5-Weekday-124500_M5_538,M5,d1,54,21:37:07,21:37:07,450123,2.0,1
MV_A5-Weekday-124500_M5_538,M5,d1,55,21:37:56,21:37:56,400133,3.0,1
MV_A5-Weekday-124500_M5_538,M5,d1,56,21:38:21,21:38:21,404180,3.0,1
MV_A5-Weekday-124500_M5_538,M5,d1,57,21:39:00,21:39:00,400135,2.0,1
MV_A5-Weekday-124500_M5_538,M5,d1,58,21:41:43,21:41:43,400322,1.0,1
MV_A5-Weekday-124500_M5_538,M5,d1,59,21:44:26,21:44:26,400323,3.0,1
MV_A5-Weekday-124500_M5_538,M5,d1,60,21:47:21,21:47:21,400324,3.0,1
MV_A5-Weekday-124500_M5_538,M5,d1,61,21:52:00,21:52:00,803082,3.0,1
MV_A5-Weekday-SDon-049000_M5_518,M5,d1,1,8:10:00,8:10:00,400808,15.0,1
MV_A5-Weekday-SDon-049000_M5_518,M5,d1,2,8:11:12,8:11:12,400809,15.0,1
MV_A5-Weekday-SDon-049000_M5_518,M5,d1,3,8:12:11,8:12:11,400810,15.0,1
MV_A5-Weekday-SDon-049000_M5_518,M5,d1,4,8:13:11,8:13:11,400811,15.0,1
MV_A5-Weekday-SDon-049000_M5_518,M5,d1,5,8:13:52,8:13:52,400812,15.0,2
MV_A5-Weekday-SDon-049000_M5_518,M5,d1,6,8:15:37,8:15:37,404918,21.0,2
MV_A5-Weekday-SDon-049000_M5_518,M5,d1,7,8:17:04,8:17:04,400814,21.0,2
MV_A5-Weekday-SDon-049000_M5_518,M5,d1,8,8:17:58,8:17:58,400815,21.0,2
MV_A5-Weekday-SDon-049000_M5_518,M5,d1,9,8:18:54,8:18:54,400816,13.0,2
MV_A5-Weekday-SDon-049000_M5_518,M5,d1,10,8:20:00,8:20:00,400655,17.0,2
MV_A5-Weekday-SDon-049000_M5_518,M5,d1,11,8:22:13,8:22:13,400657,17.0,2
MV_A5-Weekday-SDon-049000_M5_518,M5,d1,12,8:24:41,8:24:41,403483,14.0,1
MV_A5-Weekday-SDon-049000_M5_518,M5,d1,13,8:26:56,8:26:56,400662,12.0,1
MV_A5-Weekday-SDon-049000_M5_518,M5,d1,14,8:29:00,8:29:00,404011,13.0,1
MV_A5-Weekday-SDon-049000_M5_518,M5,d1,15,8:29:26,8:29:26,404012,15.0,1
MV_A5-Weekday-SDon-049000_M5_518,M5,d1,16,8:31:46,8:31:46,404822,5.0,1
MV_A5-Weekday-SDon-049000_M5_518,M5,d1,17,8:33:02,8:33:02,404259,12.0,1
MV_A5-Weekday-SDon-049000_M5_518,M5,d1,18,8:33:56,8:33:56,405580,12.0,1
MV_A5-Weekday-SDon-049000_M5_518,M5,d1,19,8:34:49,8:34:49,400834,12.0,1
MV_A5-Weekday-SDon-049000_M5_518,M5,d1,20,8:35:23,8:35:23,400835,7.0,2
MV_A5-Weekday-SDon-049000_M5_518,M5,d1,21,8:35:54,8:35:54,400836,19.0,2
MV_A5-Weekday-SDon-049000_M5_518,M5,d1,22,8:36:59,8:36:59,400837,9.0,1
MV_A5-Weekday-SDon-049000_M5_518,M5,d1,23,8:37:31,8:37:31,400838,11.0,1
MV_A5-Weekday-SDon-049000_M5_518,M5,d1,24,8:38:05,8:38:05,404130,11.0,1
MV_A5-Weekday-SDon-049000_M5_518,M5,d1,25,8:39:16,8:39:16,400840,11.0,1
MV_A5-Weekday-SDon-049000_M5_518,M5,d1,26,8:40:00,8:40:00,400841,11.0,1
MV_A5-Weekday-SDon-049000_M5_518,M5,d1,27,8:41:24,8:41:24,404131,11.0,1
MV_A5-Weekday-SDon-049000_M5_518,M5,d1,28,8:42:40,8:42:40,400843,7.0,2
MV_A5-Weekday-SDon-049000_M5_518,M5,d1,29,8:43:57,8:43:57,404855,19.0,2
MV_A5-Weekday-SDon-049000_M5_518,M5,d1,30,8:45:13,8:45:13,400846,7.0,1
MV_A5-Weekday-SDon-049000_M5_518,M5,d1,31,8:46:08,8:46:08,400847,8.0,1
MV_A5-Weekday-SDon-049000_M5_518,M5,d1,32,8:47:06,8:47:06,400848,8.0,1
MV_A5-Weekday-SDon-049000_M5_518,M5,d1,33,8:48:00,8:48:00,400849,6.0,1
MV_A5-Weekday-SDon-049000_M5_518,M5,d1,34,8:50:04,8:50:04,400851,9.0,1
MV_A5-Weekday-SDon-049000_M5_518,M5,d1,35,8:51:16,8:51:16,400852,9.0,1
MV_A5-Weekday-SDon-049000_M5_518,M5,d1,36,8:53:01,8:53:01,400853,11.0,1
MV_A5-Weekday-SDon-049000_M5_518,M5,d1,37,8:54:08,8:54:08,400854,11.0,1
MV_A5-Weekday-SDon-049000_M5_518,M5,d1,38,8:58:03,8:58:03,403171,12.0,1
MV_A5-Weekday-SDon-049000_M5_518,M5,d1,39,9:02:00,9:02:00,400861,11.0,1
MV_A5-Weekday-SDon-049000_M5_518,M5,d1,40,9:06:27,9:06:27,403047,15.0,1
MV_A5-Weekday-SDon-049000_M5_518,M5,d1,41,9:10:00,9:10:00,402446,7.0,1
MV_A5-Weekday-SDon-049000_M5_518,M5,d1,42,9:14:20,9:14:20,450123,5.0,1
MV_A5-Weekday-SDon-049000_M5_518,M5,d1,43,9:20:00,9:20:00,400135,5.0,1
MV_A5-Weekday-SDon-049000_M5_518,M5,d1,44,9:21:28,9:21:28,400322,2.0,1
MV_A5-Weekday-SDon-049000_M5_518,M5,d1,45,9:22:56,9:22:56,400323,1.0,1
MV_A5-Weekday-SDon-049000_M5_518,M5,d1,46,9:24:30,9:24:30,400324,2.0,1
MV_A5-Weekday-SDon-049000_M5_518,M5,d1,47,9:27:00,9:27:00,803082,2.0,1
MV_A5-Weekday-SDon-087000_M5_536,M5,d1,1,14:30:00,14:30:00,400808,20.0,2
MV_A5-Weekday-SDon-087000_M5_536,M5,d1,2,14:31:19,14:31:19,400809,27.0,2
MV_A5-Weekday-SDon-087000_M5_536,M5,d1,3,14:32:24,14:32:24,400810,27.0,2
MV_A5-Weekday-SDon-087000_M5_536,M5,d1,4,14:33:30,14:33:30,400811,27.0,2
MV_A5-Weekday-SDon-087000_M5_536,M5,d1,5,14:34:16,14:34:16,400812,27.0,2
MV_A5-Weekday-SDon-087000_M5_536,M5,d1,6,14:36:11,14:36:11,404918,27.0,2
MV_A5-Weekday-SDon-087000_M5_536,M5,d1,7,14:37:47,14:37:47,400814,27.0,2
MV_A5-Weekday-SDon-087000_M5_536,M5,d1,8,14:38:45,14:38:45,400815,27.0,2
MV_A5-Weekday-SDon-087000_M5_536,M5,d1,9,14:39:47,14:39:47,400816,27.0,2
MV_A5-Weekday-SDon-087000_M5_536,M5,d1,10,14:41:00,14:41:00,400655,27.0,2
MV_A5-Weekday-SDon-087000_M5_536,M5,d1,11,14:43:28,14:43:28,400657,27.0,2
MV_A5-Weekday-SDon-087000_M5_536,M5,d1,12,14:46:12,14:46:12,403483,27.0,2
MV_A5-Weekday-SDon-087000_M5_536,M5,d1,13,14:48:42,14:48:42,400662,27.0,2
MV_A5-Weekday-SDon-087000_M5_536,M5,d1,14,14:51:00,14:51:00,404011,27.0,2
MV_A5-Weekday-SDon-087000_M5_536,M5,d1,15,14:51:26,14:51:26,404012,27.0,2
MV_A5-Weekday-SDon-087000_M5_536,M5,d1,16,14:53:46,14:53:46,404822,27.0,2
MV_A5-Weekday-SDon-087000_M5_536,M5,d1,17,14:55:02,14:55:02,404259,27.0,2
MV_A5-Weekday-SDon-087000_M5_536,M5,d1,18,14:55:56,14:55:56,405580,27.0,2
MV_A5-Weekday-SDon-087000_M5_536,M5,d1,19,14:56:49,14:56:49,400834,27.0,2
MV_A5-Weekday-SDon-087000_M5_536,M5,d1,20,14:57:23,14:57:23,400835,27.0,2
MV_A5-Weekday-SDon-087000_M5_536,M5,d1,21,14:57:54,14:57:54,400836,27.0,2
MV_A5-Weekday-SDon-087000_M5_536,M5,d1,22,14:58:59,14:58:59,400837,27.0,2
MV_A5-Weekday-SDon-087000_M5_536,M5,d1,23,14:59:31,14:59:31,400838,27.0,2
MV_A5-Weekday-SDon-087000_M5_536,M5,d1,24,15:00:05,15:00:05,404130,27.0,2
MV_A5-Weekday-SDon-087000_M5_536,M5,d1,25,15:01:16,15:01:16,400840,27.0,2
MV_A5-Weekday-SDon-087000_M5_536,M5,d1,26,15:02:00,15:02:00,400841,27.0,2
MV_A5-Weekday-SDon-087000_M5_536,M5,d1,27,15:03:24,15:03:24,404131,27.0,2
MV_A5-Weekday-SDon-087000_M5_536,M5,d1,28,15:04:40,15:04:40,400843,19.0,2
MV_A5-Weekday-SDon-087000_M5_536,M5,d1,29,15:05:57,15:05:57,404855,19.0,2
MV_A5-Weekday-SDon-087000_M5_536,M5,d1,30,15:07:13,15:07:13,400846,19.0,2
MV_A5-Weekday-SDon-087000_M5_536,M5,d1,31,15:08:08,15:08:08,400847,19.0,2
MV_A5-Weekday-SDon-087000_M5_536,M5,d1,32,15:09:06,15:09:06,400848,19.0,2
MV_A5-Weekday-SDon-087000_M5_536,M5,d1,33,15:10:00,15:10:00,400849,12.0,2
MV_A5-Weekday-SDon-087000_M5_536,M5,d1,34,15:12:12,15:12:12,400851,18.0,2
MV_A5-Weekday-SDon-087000_M5_536,M5,d1,35,15:13:30,15:13:30,400852,18.0,2
MV_A5-Weekday-SDon-087000_M5_536,M5,d1,36,15:15:22,15:15:22,400853,18.0,2
MV_A5-Weekday-SDon-087000_M5_536,M5,d1,37,15:16:35,15:16:35,400854,8.0,1
MV_A5-Weekday-SDon-087000_M5_536,M5,d1,38,15:20:46,15:20:46,403171,16.0,1
MV_A5-Weekday-SDon-087000_M5_536,M5,d1,39,15:25:00,15:25:00,400861,16.0,1
MV_A5-Weekday-SDon-087000_M5_536,M5,d1,40,15:30:56,15:30:56,403047,16.0,1
MV_A5-Weekday-SDon-087000_M5_536,M5,d1,41,15:35:41,15:35:41,402446,6.0,1
MV_A5-Weekday-SDon-087000_M5_536,M5,d1,42,15:41:27,15:41:27,450123,14.0,1
MV_A5-Weekday-SDon-087000_M5_536,M5,d1,43,15:49:00,15:49:00,400135,14.0,1
MV_A5-Weekday-SDon-087000_M5_536,M5,d1,44,15:50:28,15:50:28,400322,14.0,1
MV_A5-Weekday-SDon-087000_M5_536,M5,d1,45,15:51:56,15:51:56,400323,3.0,1
MV_A5-Weekday-SDon-087000_M5_536,M5,d1,46,15:53:30,15:53:30,400324,3.0,1
MV_A5-Weekday-SDon-087000_M5_536,M5,d1,47,15:56:00,15:56:00,803082,3.0,1
MV_A5-Weekday-084400_M5_515,M5,d1,1,14:04:00,14:04:00,403835,4.0,1
MV_A5-Weekday-084400_M5_515,M5,d1,2,14:06:00,14:06:00,400639,4.0,1
MV_A5-Weekday-084400_M5_515,M5,d1,3,14:08:03,14:08:03,400640,4.0,1
MV_A5-Weekday-084400_M5_515,M5,d1,4,14:09:41,14:09:41,400641,4.0,2
MV_A5-Weekday-084400_M5_515,M5,d1,5,14:11:00,14:11:00,400642,17.0,2
MV_A5-Weekday-084400_M5_515,M5,d1,6,14:11:58,14:11:58,400643,18.0,2
MV_A5-Weekday-084400_M5_515,M5,d1,7,14:12:58,14:12:58,400644,18.0,2
MV_A5-Weekday-084400_M5_515,M5,d1,8,14:14:05,14:14:05,400645,10.0,1
MV_A5-Weekday-084400_M5_515,M5,d1,9,14:15:23,14:15:23,400646,12.0,1
MV_A5-Weekday-084400_M5_515,M5,d1,10,14:16:46,14:16:46,400647,12.0,1
MV_A5-Weekday-084400_M5_515,M5,d1,11,14:17:53,14:17:53,400648,12.0,1
MV_A5-Weekday-084400_M5_515,M5,d1,12,14:18:58,14:18:58,400649,14.0,1
MV_A5-Weekday-084400_M5_515,M5,d1,13,14:20:00,14:20:00,403373,14.0,1
MV_A5-Weekday-084400_M5_515,M5,d1,14,14:21:43,14:21:43,403374,14.0,1
MV_A5-Weekday-084400_M5_515,M5,d1,15,14:22:45,14:22:45,403375,14.0,1
MV_A5-Weekday-084400_M5_515,M5,d1,16,14:23:46,14:23:46,403376,13.0,1
MV_A5-Weekday-084400_M5_515,M5,d1,17,14:25:00,14:25:00,403377,13.0,1
MV_A5-Weekday-084400_M5_515,M5,d1,18,14:26:51,14:26:51,400655,6.0,1
MV_A5-Weekday-084400_M5_515,M5,d1,19,14:28:30,14:28:30,400656,16.0,1
MV_A5-Weekday-084400_M5_515,M5,d1,20,14:30:14,14:30:14,400657,16.0,1
MV_A5-Weekday-084400_M5_515,M5,d1,21,14:31:26,14:31:26,400658,16.0,1
MV_A5-Weekday-084400_M5_515,M5,d1,22,14:33:13,14:33:13,400659,13.0,2
MV_A5-Weekday-084400_M5_515,M5,d1,23,14:34:00,14:34:00,403483,25.0,2
MV_A5-Weekday-084400_M5_515,M5,d1,24,14:36:28,14:36:28,400661,25.0,2
MV_A5-Weekday-084400_M5_515,M5,d1,25,14:37:46,14:37:46,400662,25.0,2
MV_A5-Weekday-084400_M5_515,M5,d1,26,14:39:03,14:39:03,400663,25.0,2
MV_A5-Weekday-084400_M5_515,M5,d1,27,14:41:00,14:41:00,803157,9.0,1
MV_A5-Weekday-084400_M5_515,M5,d1,28,14:43:00,14:43:00,404148,14.0,1
MV_A5-Weekday-084400_M5_515,M5,d1,29,14:45:07,14:45:07,403903,14.0,1
MV_A5-Weekday-084400_M5_515,M5,d1,30,14:46:10,14:46:10,403142,14.0,2
MV_A5-Weekday-084400_M5_515,M5,d1,31,14:47:20,14:47:20,403144,23.0,2
MV_A5-Weekday-084400_M5_515,M5,d1,32,14:49:10,14:49:10,403145,23.0,2
MV_A5-Weekday-084400_M5_515,M5,d1,33,14:50:26,14:50:26,405234,23.0,2
MV_A5-Weekday-084400_M5_515,M5,d1,34,14:52:36,14:52:36,403147,14.0,1
MV_A5-Weekday-084400_M5_515,M5,d1,35,14:53:47,14:53:47,403148,14.0,1
MV_A5-Weekday-084400_M5_515,M5,d1,36,14:54:56,14:54:56,403149,13.0,1
MV_A5-Weekday-084400_M5_515,M5,d1,37,14:56:24,14:56:24,400676,13.0,1
MV_A5-Weekday-084400_M5_515,M5,d1,38,14:58:16,14:58:16,400677,13.0,1
MV_A5-Weekday-084400_M5_515,M5,d1,39,15:00:11,15:00:11,400678,13.0,1
MV_A5-Weekday-084400_M5_515,M5,d1,40,15:01:00,15:01:00,400485,13.0,1
MV_A5-Weekday-084400_M5_515,M5,d1,41,15:02:43,15:02:43,400486,2.0,1
MV_A5-Weekday-084400_M5_515,M5,d1,42,15:05:00,15:05:00,400290,3.0,1
MV_A5-Weekday-084400_M5_515,M5,d1,43,15:07:15,15:07:15,404278,3.0,1
MV_A5-Weekday-084400_M5_515,M5,d1,44,15:09:00,15:09:00,400292,3.0,1
MV_A5-Weekday-084400_M5_515,M5,d1,45,15:11:05,15:11:05,400108,3.0,1
MV_A5-Weekday-084400_M5_515,M5,d1,46,15:12:43,15:12:43,400109,6.0,1
MV_A5-Weekday-084400_M5_515,M5,d1,47,15:14:15,15:14:15,400110,6.0,1
MV_A5-Weekday-084400_M5_515,M5,d1,48,15:15:56,15:15:56,400111,6.0,1
MV_A5-Weekday-084400_M5_515,M5,d1,49,15:18:51,15:18:51,404081,8.0,2
MV_A5-Weekday-084400_M5_515,M5,d1,50,15:20:52,15:20:52,404168,23.0,2
MV_A5-Weekday-084400_M5_515,M5,d1,51,15:22:06,15:22:06,400115,23.0,2
MV_A5-Weekday-084400_M5_515,M5,d1,52,15:23:45,15:23:45,400116,21.0,2
MV_A5-Weekday-084400_M5_515,M5,d1,53,15:25:14,15:25:14,400117,21.0,2
MV_A5-Weekday-084400_M5_515,M5,d1,54,15:27:28,15:27:28,400118,14.0,1
MV_A5-Weekday-084400_M5_515,M5,d1,55,15:29:37,15:29:37,400119,16.0,2
MV_A5-Weekday-084400_M5_515,M5,d1,56,15:32:52,15:32:52,400120,23.0,2
MV_A5-Weekday-084400_M5_515,M5,d1,57,15:34:10,15:34:10,400121,6.0,2
MV_A5-Weekday-084400_M5_515,M5,d1,58,15:35:33,15:35:33,400122,17.0,2
MV_A5-Weekday-084400_M5_515,M5,d1,59,15:37:06,15:37:06,400123,17.0,2
MV_A5-Weekday-084400_M5_515,M5,d1,60,15:40:00,15:40:00,400124,9.0,2
MV_A5-Weekday-084400_M5_515,M5,d1,61,15:42:07,15:42:07,400125,17.0,2
MV_A5-Weekday-084400_M5_515,M5,d1,62,15:44:36,15:44:36,400126,26.0,2
MV_A5-Weekday-084400_M5_515,M5,d1,63,15:46:27,15:46:27,400127,26.0,2
MV_A5-Weekday-084400_M5_515,M5,d1,64,15:47:42,15:47:42,400128,26.0,2
MV_A5-Weekday-084400_M5_515,M5,d1,65,15:49:15,15:49:15,400512,26.0,2
MV_A5-Weekday-084400_M5_515,M5,d1,66,15:52:32,15:52:32,403266,17.0,2
MV_A5-Weekday-084400_M5_515,M5,d1,67,15:54:47,15:54:47,400514,4.0,2
MV_A5-Weekday-084400_M5_515,M5,d1,68,15:57:06,15:57:06,400515,18.0,2
MV_A5-Weekday-084400_M5_515,M5,d1,69,15:59:24,15:59:24,400516,2.0,1
MV_A5-Weekday-084400_M5_515,M5,d1,70,16:00:58,16:00:58,405179,2.0,1
MV_A5-Weekday-084400_M5_515,M5,d1,71,16:03:00,16:03:00,400518,2.0,1
MV_A5-Weekday-084400_M5_515,M5,d1,72,16:05:25,16:05:25,400519,13.0,1
MV_A5-Weekday-084400_M5_515,M5,d1,73,16:06:51,16:06:51,405486,13.0,1
MV_A5-Weekday-084400_M5_515,M5,d1,74,16:10:00,16:10:00,903128,13.0,1
MV_A5-Weekday-SDon-096200_M5_527,M5,d1,1,16:02:00,16:02:00,403835,8.0,1
MV_A5-Weekday-SDon-096200_M5_527,M5,d1,2,16:04:00,16:04:00,400639,8.0,1
MV_A5-Weekday-SDon-096200_M5_527,M5,d1,3,16:05:54,16:05:54,400640,8.0,1
MV_A5-Weekday-SDon-096200_M5_527,M5,d1,4,16:07:25,16:07:25,400641,8.0,1
MV_A5-Weekday-SDon-096200_M5_527,M5,d1,5,16:08:39,16:08:39,400642,8.0,1
MV_A5-Weekday-SDon-096200_M5_527,M5,d1,6,16:09:33,16:09:33,400643,5.0,1
MV_A5-Weekday-SDon-096200_M5_527,M5,d1,7,16:10:28,16:10:28,400644,8.0,1
MV_A5-Weekday-SDon-096200_M5_527,M5,d1,8,16:11:31,16:11:31,400645,8.0,1
MV_A5-Weekday-SDon-096200_M5_527,M5,d1,9,16:12:43,16:12:43,400646,12.0,1
MV_A5-Weekday-SDon-096200_M5_527,M5,d1,10,16:13:59,16:13:59,400647,12.0,1
MV_A5-Weekday-SDon-096200_M5_527,M5,d1,11,16:15:02,16:15:02,400648,12.0,1
MV_A5-Weekday-SDon-096200_M5_527,M5,d1,12,16:16:03,16:16:03,400649,12.0,1
MV_A5-Weekday-SDon-096200_M5_527,M5,d1,13,16:17:00,16:17:00,403373,12.0,1
MV_A5-Weekday-SDon-096200_M5_527,M5,d1,14,16:18:51,16:18:51,403374,12.0,1
MV_A5-Weekday-SDon-096200_M5_527,M5,d1,15,16:19:56,16:19:56,403375,12.0,1
MV_A5-Weekday-SDon-096200_M5_527,M5,d1,16,16:21:02,16:21:02,403376,9.0,1
MV_A5-Weekday-SDon-096200_M5_527,M5,d1,17,16:22:21,16:22:21,403377,8.0,1
MV_A5-Weekday-SDon-096200_M5_527,M5,d1,18,16:24:21,16:24:21,400655,9.0,1
MV_A5-Weekday-SDon-096200_M5_527,M5,d1,19,16:26:06,16:26:06,400656,9.0,1
MV_A5-Weekday-SDon-096200_M5_527,M5,d1,20,16:27:58,16:27:58,400657,9.0,1
MV_A5-Weekday-SDon-096200_M5_527,M5,d1,21,16:29:15,16:29:15,400658,8.0,1
MV_A5-Weekday-SDon-096200_M5_527,M5,d1,22,16:31:10,16:31:10,400659,9.0,1
MV_A5-Weekday-SDon-096200_M5_527,M5,d1,23,16:32:00,16:32:00,403483,13.0,1
MV_A5-Weekday-SDon-096200_M5_527,M5,d1,24,16:34:07,16:34:07,400661,11.0,1
MV_A5-Weekday-SDon-096200_M5_527,M5,d1,25,16:35:14,16:35:14,400662,11.0,1
MV_A5-Weekday-SDon-096200_M5_527,M5,d1,26,16:36:20,16:36:20,400663,11.0,1
MV_A5-Weekday-SDon-096200_M5_527,M5,d1,27,16:38:00,16:38:00,803157,11.0,1
MV_A5-Weekday-SDon-096200_M5_527,M5,d1,28,16:40:00,16:40:00,404148,6.0,1
MV_A5-Weekday-SDon-096200_M5_527,M5,d1,29,16:42:07,16:42:07,403903,6.0,1
MV_A5-Weekday-SDon-096200_M5_527,M5,d1,30,16:43:10,16:43:10,403142,12.0,1
MV_A5-Weekday-SDon-096200_M5_527,M5,d1,31,16:44:20,16:44:20,403144,12.0,1
MV_A5-Weekday-SDon-096200_M5_527,M5,d1,32,16:46:10,16:46:10,403145,12.0,1
MV_A5-Weekday-SDon-096200_M5_527,M5,d1,33,16:47:26,16:47:26,405234,12.0,1
MV_A5-Weekday-SDon-096200_M5_527,M5,d1,34,16:49:36,16:49:36,403147,12.0,1
MV_A5-Weekday-SDon-096200_M5_527,M5,d1,35,16:50:47,16:50:47,403148,11.0,1
MV_A5-Weekday-SDon-096200_M5_527,M5,d1,36,16:51:56,16:51:56,403149,11.0,1
MV_A5-Weekday-SDon-096200_M5_527,M5,d1,37,16:53:24,16:53:24,400676,11.0,1
MV_A5-Weekday-SDon-096200_M5_527,M5,d1,38,16:55:16,16:55:16,400677,11.0,1
MV_A5-Weekday-SDon-096200_M5_527,M5,d1,39,16:57:11,16:57:11,400678,11.0,1
MV_A5-Weekday-SDon-096200_M5_527,M5,d1,40,16:58:00,16:58:00,400485,6.0,1
MV_A5-Weekday-SDon-096200_M5_527,M5,d1,41,16:59:43,16:59:43,400486,10.0,1
MV_A5-Weekday-SDon-096200_M5_527,M5,d1,42,17:02:00,17:02:00,400290,10.0,1
MV_A5-Weekday-SDon-096200_M5_527,M5,d1,43,17:04:15,17:04:15,404278,10.0,1
MV_A5-Weekday-SDon-096200_M5_527,M5,d1,44,17:06:00,17:06:00,400292,10.0,1
MV_A5-Weekday-SDon-096200_M5_527,M5,d1,45,17:07:33,17:07:33,400108,3.0,1
MV_A5-Weekday-SDon-096200_M5_527,M5,d1,46,17:08:46,17:08:46,400109,4.0,1
MV_A5-Weekday-SDon-096200_M5_527,M5,d1,47,17:09:54,17:09:54,400110,14.0,1
MV_A5-Weekday-SDon-096200_M5_527,M5,d1,48,17:11:08,17:11:08,400111,14.0,1
MV_A5-Weekday-SDon-096200_M5_527,M5,d1,49,17:13:18,17:13:18,404081,14.0,1
MV_A5-Weekday-SDon-096200_M5_527,M5,d1,50,17:14:48,17:14:48,404168,14.0,1
MV_A5-Weekday-SDon-096200_M5_527,M5,d1,51,17:15:43,17:15:43,400115,14.0,1
MV_A5-Weekday-SDon-096200_M5_527,M5,d1,52,17:16:57,17:16:57,400116,12.0,1
MV_A5-Weekday-SDon-096200_M5_527,M5,d1,53,17:18:03,17:18:03,400117,5.0,1
MV_A5-Weekday-SDon-096200_M5_527,M5,d1,54,17:19:42,17:19:42,400118,12.0,1
MV_A5-Weekday-SDon-096200_M5_527,M5,d1,55,17:21:18,17:21:18,400119,15.0,2
MV_A5-Weekday-SDon-096200_M5_527,M5,d1,56,17:23:42,17:23:42,400120,24.0,2
MV_A5-Weekday-SDon-096200_M5_527,M5,d1,57,17:24:40,17:24:40,400121,12.0,2
MV_A5-Weekday-SDon-096200_M5_527,M5,d1,58,17:25:42,17:25:42,400122,32.0,2
MV_A5-Weekday-SDon-096200_M5_527,M5,d1,59,17:26:51,17:26:51,400123,32.0,2
MV_A5-Weekday-SDon-096200_M5_527,M5,d1,60,17:29:00,17:29:00,400124,32.0,3
MV_A5-Weekday-SDon-096200_M5_527,M5,d1,61,17:31:13,17:31:13,400125,35.0,3
MV_A5-Weekday-SDon-096200_M5_527,M5,d1,62,17:33:48,17:33:48,400126,35.0,3
MV_A5-Weekday-SDon-096200_M5_527,M5,d1,63,17:35:43,17:35:43,400127,35.0,3
MV_A5-Weekday-SDon-096200_M5_527,M5,d1,64,17:37:02,17:37:02,400128,35.0,3
MV_A5-Weekday-SDon-096200_M5_527,M5,d1,65,17:38:39,17:38:39,400512,16.0,1
MV_A5-Weekday-SDon-096200_M5_527,M5,d1,66,17:42:05,17:42:05,403266,15.0,1
MV_A5-Weekday-SDon-096200_M5_527,M5,d1,67,17:44:26,17:44:26,400514,15.0,1
MV_A5-Weekday-SDon-096200_M5_527,M5,d1,68,17:46:50,17:46:50,400515,15.0,1
MV_A5-Weekday-SDon-096200_M5_527,M5,d1,69,17:49:14,17:49:14,400516,11.0,1
MV_A5-Weekday-SDon-096200_M5_527,M5,d1,70,17:50:52,17:50:52,405179,11.0,1
MV_A5-Weekday-SDon-096200_M5_527,M5,d1,71,17:53:00,17:53:00,400518,11.0,1
MV_A5-Weekday-SDon-096200_M5_527,M5,d1,72,17:55:25,17:55:25,400519,12.0,1
MV_A5-Weekday-SDon-096200_M5_527,M5,d1,73,17:56:51,17:56:51,405486,12.0,1
MV_A5-Weekday-SDon-096200_M5_527,M5,d1,74,18:00:00,18:00:00,903128,12.0,1
MV_A5-Weekday-079800_M5_528,M5,d1,1,13:18:00,13:18:00,400808,14.0,1
MV_A5-Weekday-079800_M5_528,M5,d1,2,13:19:19,13:19:19,400809,13.0,1
MV_A5-Weekday-079800_M5_528,M5,d1,3,13:20:24,13:20:24,400810,13.0,1
MV_A5-Weekday-079800_M5_528,M5,d1,4,13:21:30,13:21:30,400811,12.0,2
MV_A5-Weekday-079800_M5_528,M5,d1,5,13:22:16,13:22:16,400812,25.0,2
MV_A5-Weekday-079800_M5_528,M5,d1,6,13:24:11,13:24:11,404918,27.0,3
MV_A5-Weekday-079800_M5_528,M5,d1,7,13:25:47,13:25:47,400814,33.0,3
MV_A5-Weekday-079800_M5_528,M5,d1,8,13:26:45,13:26:45,400815,25.0,3
MV_A5-Weekday-079800_M5_528,M5,d1,9,13:27:47,13:27:47,400816,37.0,3
MV_A5-Weekday-079800_M5_528,M5,d1,10,13:29:00,13:29:00,400655,25.0,2
MV_A5-Weekday-079800_M5_528,M5,d1,11,13:31:28,13:31:28,400657,26.0,2
MV_A5-Weekday-079800_M5_528,M5,d1,12,13:34:12,13:34:12,403483,17.0,2
MV_A5-Weekday-079800_M5_528,M5,d1,13,13:36:42,13:36:42,400662,24.0,2
MV_A5-Weekday-079800_M5_528,M5,d1,14,13:39:00,13:39:00,404011,21.0,2
MV_A5-Weekday-079800_M5_528,M5,d1,15,13:39:26,13:39:26,404012,19.0,2
MV_A5-Weekday-079800_M5_528,M5,d1,16,13:41:46,13:41:46,404822,8.0,2
MV_A5-Weekday-079800_M5_528,M5,d1,17,13:43:02,13:43:02,404259,18.0,2
MV_A5-Weekday-079800_M5_528,M5,d1,18,13:43:56,13:43:56,405580,18.0,2
MV_A5-Weekday-079800_M5_528,M5,d1,19,13:44:49,13:44:49,400834,19.0,2
MV_A5-Weekday-079800_M5_528,M5,d1,20,13:45:23,13:45:23,400835,19.0,2
MV_A5-Weekday-079800_M5_528,M5,d1,21,13:45:54,13:45:54,400836,18.0,2
MV_A5-Weekday-079800_M5_528,M5,d1,22,13:46:59,13:46:59,400837,13.0,2
MV_A5-Weekday-079800_M5_528,M5,d1,23,13:47:31,13:47:31,400838,19.0,2
MV_A5-Weekday-079800_M5_528,M5,d1,24,13:48:05,13:48:05,404130,5.0,1
MV_A5-Weekday-079800_M5_528,M5,d1,25,13:49:16,13:49:16,400840,13.0,1
MV_A5-Weekday-079800_M5_528,M5,d1,26,13:50:00,13:50:00,400841,13.0,2
MV_A5-Weekday-079800_M5_528,M5,d1,27,13:51:24,13:51:24,404131,19.0,2
MV_A5-Weekday-079800_M5_528,M5,d1,28,13:52:40,13:52:40,400843,13.0,2
MV_A5-Weekday-079800_M5_528,M5,d1,29,13:53:57,13:53:57,404855,18.0,2
MV_A5-Weekday-079800_M5_528,M5,d1,30,13:55:13,13:55:13,400846,18.0,2
MV_A5-Weekday-079800_M5_528,M5,d1,31,13:56:08,13:56:08,400847,8.0,2
MV_A5-Weekday-079800_M5_528,M5,d1,32,13:57:06,13:57:06,400848,18.0,2
MV_A5-Weekday-079800_M5_528,M5,d1,33,13:58:00,13:58:00,400849,18.0,2
MV_A5-Weekday-079800_M5_528,M5,d1,34,14:00:12,14:00:12,400851,8.0,1
MV_A5-Weekday-079800_M5_528,M5,d1,35,14:01:30,14:01:30,400852,16.0,1
MV_A5-Weekday-079800_M5_528,M5,d1,36,14:03:22,14:03:22,400853,16.0,1
MV_A5-Weekday-079800_M5_528,M5,d1,37,14:04:35,14:04:35,400854,15.0,1
MV_A5-Weekday-079800_M5_528,M5,d1,38,14:08:46,14:08:46,403171,15.0,1
MV_A5-Weekday-079800_M5_528,M5,d1,39,14:13:00,14:13:00,400861,14.0,1
MV_A5-Weekday-079800_M5_528,M5,d1,40,14:18:56,14:18:56,403047,14.0,1
MV_A5-Weekday-079800_M5_528,M5,d1,41,14:23:41,14:23:41,402446,14.0,1
MV_A5-Weekday-079800_M5_528,M5,d1,42,14:29:27,14:29:27,450123,12.0,1
MV_A5-Weekday-079800_M5_528,M5,d1,43,14:37:00,14:37:00,400135,10.0,1
MV_A5-Weekday-079800_M5_528,M5,d1,44,14:38:28,14:38:28,400322,10.0,1
MV_A5-Weekday-079800_M5_528,M5,d1,45,14:39:56,14:39:56,400323,8.0,1
MV_A5-Weekday-079800_M5_528,M5,d1,46,14:41:30,14:41:30,400324,8.0,1
MV_A5-Weekday-079800_M5_528,M5,d1,47,14:44:00,14:44:00,803082,8.0,1
MV_A5-Weekday-085800_M5_534,M5,d1,1,14:18:00,14:18:00,400808,10.0,2
MV_A5-Weekday-085800_M5_534,M5,d1,2,14:19:19,14:19:19,400809,22.0,2
MV_A5-Weekday-085800_M5_534,M5,d1,3,14:20:24,14:20:24,400810,22.0,2
MV_A5-Weekday-085800_M5_534,M5,d1,4,14:21:30,14:21:30,400811,22.0,2
MV_A5-Weekday-085800_M5_534,M5,d1,5,14:22:16,14:22:16,400812,22.0,2
MV_A5-Weekday-085800_M5_534,M5,d1,6,14:24:11,14:24:11,404918,24.0,2
MV_A5-Weekday-085800_M5_534,M5,d1,7,14:25:47,14:25:47,400814,24.0,2
MV_A5-Weekday-085800_M5_534,M5,d1,8,14:26:45,14:26:45,400815,22.0,2
MV_A5-Weekday-085800_M5_534,M5,d1,9,14:27:47,14:27:47,400816,22.0,2
MV_A5-Weekday-085800_M5_534,M5,d1,10,14:29:00,14:29:00,400655,19.0,2
MV_A5-Weekday-085800_M5_534,M5,d1,11,14:31:28,14:31:28,400657,14.0,1
MV_A5-Weekday-085800_M5_534,M5,d1,12,14:34:12,14:34:12,403483,14.0,1
MV_A5-Weekday-085800_M5_534,M5,d1,13,14:36:42,14:36:42,400662,9.0,1
MV_A5-Weekday-085800_M5_534,M5,d1,14,14:39:00,14:39:00,404011,9.0,1
MV_A5-Weekday-085800_M5_534,M5,d1,15,14:39:26,14:39:26,404012,9.0,1
MV_A5-Weekday-085800_M5_534,M5,d1,16,14:41:46,14:41:46,404822,9.0,1
MV_A5-Weekday-085800_M5_534,M5,d1,17,14:43:02,14:43:02,404259,7.0,1
MV_A5-Weekday-085800_M5_534,M5,d1,18,14:43:56,14:43:56,405580,8.0,1
MV_A5-Weekday-085800_M5_534,M5,d1,19,14:44:49,14:44:49,400834,8.0,1
MV_A5-Weekday-085800_M5_534,M5,d1,20,14:45:23,14:45:23,400835,8.0,1
MV_A5-Weekday-085800_M5_534,M5,d1,21,14:45:54,14:45:54,400836,8.0,1
MV_A5-Weekday-085800_M5_534,M5,d1,22,14:46:59,14:46:59,400837,11.0,1
MV_A5-Weekday-085800_M5_534,M5,d1,23,14:47:31,14:47:31,400838,11.0,1
MV_A5-Weekday-085800_M5_534,M5,d1,24,14:48:05,14:48:05,404130,11.0,1
MV_A5-Weekday-085800_M5_534,M5,d1,25,14:49:16,14:49:16,400840,11.0,1
MV_A5-Weekday-085800_M5_534,M5,d1,26,14:50:00,14:50:00,400841,11.0,1
MV_A5-Weekday-085800_M5_534,M5,d1,27,14:51:24,14:51:24,404131,11.0,1
MV_A5-Weekday-085800_M5_534,M5,d1,28,14:52:40,14:52:40,400843,11.0,1
MV_A5-Weekday-085800_M5_534,M5,d1,29,14:53:57,14:53:57,404855,11.0,1
MV_A5-Weekday-085800_M5_534,M5,d1,30,14:55:13,14:55:13,400846,11.0,1
MV_A5-Weekday-085800_M5_534,M5,d1,31,14:56:08,14:56:08,400847,11.0,1
MV_A5-Weekday-085800_M5_534,M5,d1,32,14:57:06,14:57:06,400848,11.0,1
MV_A5-Weekday-085800_M5_534,M5,d1,33,14:58:00,14:58:00,400849,11.0,1
MV_A5-Weekday-085800_M5_534,M5,d1,34,15:00:12,15:00:12,400851,11.0,1
MV_A5-Weekday-085800_M5_534,M5,d1,35,15:01:30,15:01:30,400852,11.0,1
MV_A5-Weekday-085800_M5_534,M5,d1,36,15:03:22,15:03:22,400853,11.0,1
MV_A5-Weekday-085800_M5_534,M5,d1,37,15:04:35,15:04:35,400854,6.0,1
MV_A5-Weekday-085800_M5_534,M5,d1,38,15:08:46,15:08:46,403171,6.0,1
MV_A5-Weekday-085800_M5_534,M5,d1,39,15:13:00,15:13:00,400861,2.0,1
MV_A5-Weekday-085800_M5_534,M5,d1,40,15:18:56,15:18:56,403047,2.0,1
MV_A5-Weekday-085800_M5_534,M5,d1,41,15:23:41,15:23:41,402446,2.0,1
MV_A5-Weekday-085800_M5_534,M5,d1,42,15:29:27,15:29:27,450123,4.0,1
MV_A5-Weekday-085800_M5_534,M5,d1,43,15:37:00,15:37:00,400135,4.0,1
MV_A5-Weekday-085800_M5_534,M5,d1,44,15:38:28,15:38:28,400322,4.0,1
MV_A5-Weekday-085800_M5_534,M5,d1,45,15:39:56,15:39:56,400323,2.0,1
MV_A5-Weekday-085800_M5_534,M5,d1,46,15:41:30,15:41:30,400324,2.0,1
MV_A5-Weekday-085800_M5_534,M5,d1,47,15:44:00,15:44:00,803082,2.0,1
MV_A5-Weekday-042600_M5_503,M5,d1,1,7:06:00,7:06:00,400808,7.0,1
MV_A5-Weekday-042600_M5_503,M5,d1,2,7:07:04,7:07:04,400809,7.0,1
MV_A5-Weekday-042600_M5_503,M5,d1,3,7:07:58,7:07:58,400810,7.0,1
MV_A5-Weekday-042600_M5_503,M5,d1,4,7:08:52,7:08:52,400811,10.0,1
MV_A5-Weekday-042600_M5_503,M5,d1,5,7:09:29,7:09:29,400812,10.0,1
MV_A5-Weekday-042600_M5_503,M5,d1,6,7:11:03,7:11:03,404918,10.0,1
MV_A5-Weekday-042600_M5_503,M5,d1,7,7:12:22,7:12:22,400814,9.0,1
MV_A5-Weekday-042600_M5_503,M5,d1,8,7:13:10,7:13:10,400815,9.0,1
MV_A5-Weekday-042600_M5_503,M5,d1,9,7:14:00,7:14:00,400816,9.0,1
MV_A5-Weekday-042600_M5_503,M5,d1,10,7:15:00,7:15:00,400655,9.0,1
MV_A5-Weekday-042600_M5_503,M5,d1,11,7:17:13,7:17:13,400657,9.0,1
MV_A5-Weekday-042600_M5_503,M5,d1,12,7:19:41,7:19:41,403483,13.0,1
MV_A5-Weekday-042600_M5_503,M5,d1,13,7:21:56,7:21:56,400662,13.0,1
MV_A5-Weekday-042600_M5_503,M5,d1,14,7:24:00,7:24:00,404011,13.0,1
MV_A5-Weekday-042600_M5_503,M5,d1,15,7:24:21,7:24:21,404012,13.0,1
MV_A5-Weekday-042600_M5_503,M5,d1,16,7:26:16,7:26:16,404822,13.0,1
MV_A5-Weekday-042600_M5_503,M5,d1,17,7:27:18,7:27:18,404259,11.0,1
MV_A5-Weekday-042600_M5_503,M5,d1,18,7:28:03,7:28:03,405580,11.0,1
MV_A5-Weekday-042600_M5_503,M5,d1,19,7:28:46,7:28:46,400834,11.0,1
MV_A5-Weekday-042600_M5_503,M5,d1,20,7:29:13,7:29:13,400835,11.0,1
MV_A5-Weekday-042600_M5_503,M5,d1,21,7:29:39,7:29:39,400836,11.0,1
MV_A5-Weekday-042600_M5_503,M5,d1,22,7:30:32,7:30:32,400837,16.0,1
MV_A5-Weekday-042600_M5_503,M5,d1,23,7:30:58,7:30:58,400838,16.0,1
MV_A5-Weekday-042600_M5_503,M5,d1,24,7:31:26,7:31:26,404130,16.0,1
MV_A5-Weekday-042600_M5_503,M5,d1,25,7:32:24,7:32:24,400840,16.0,1
MV_A5-Weekday-042600_M5_503,M5,d1,26,7:33:00,7:33:00,400841,16.0,1
MV_A5-Weekday-042600_M5_503,M5,d1,27,7:34:24,7:34:24,404131,12.0,1
MV_A5-Weekday-042600_M5_503,M5,d1,28,7:35:40,7:35:40,400843,15.0,1
MV_A5-Weekday-042600_M5_503,M5,d1,29,7:36:57,7:36:57,404855,15.0,1
MV_A5-Weekday-042600_M5_503,M5,d1,30,7:38:13,7:38:13,400846,15.0,1
MV_A5-Weekday-042600_M5_503,M5,d1,31,7:39:08,7:39:08,400847,14.0,2
MV_A5-Weekday-042600_M5_503,M5,d1,32,7:40:06,7:40:06,400848,19.0,2
MV_A5-Weekday-042600_M5_503,M5,d1,33,7:41:00,7:41:00,400849,19.0,2
MV_A5-Weekday-042600_M5_503,M5,d1,34,7:42:55,7:42:55,400851,22.0,2
MV_A5-Weekday-042600_M5_503,M5,d1,35,7:44:02,7:44:02,400852,22.0,2
MV_A5-Weekday-042600_M5_503,M5,d1,36,7:45:39,7:45:39,400853,22.0,2
MV_A5-Weekday-042600_M5_503,M5,d1,37,7:46:42,7:46:42,400854,22.0,2
MV_A5-Weekday-042600_M5_503,M5,d1,38,7:50:20,7:50:20,403171,25.0,2
MV_A5-Weekday-042600_M5_503,M5,d1,39,7:54:00,7:54:00,400861,24.0,2
MV_A5-Weekday-042600_M5_503,M5,d1,40,7:57:13,7:57:13,403047,24.0,2
MV_A5-Weekday-042600_M5_503,M5,d1,41,7:59:47,7:59:47,402446,20.0,2
MV_A5-Weekday-042600_M5_503,M5,d1,42,8:02:55,8:02:55,450123,12.0,1
MV_A5-Weekday-042600_M5_503,M5,d1,43,8:07:00,8:07:00,400135,12.0,1
MV_A5-Weekday-042600_M5_503,M5,d1,44,8:08:28,8:08:28,400322,3.0,1
MV_A5-Weekday-042600_M5_503,M5,d1,45,8:09:56,8:09:56,400323,3.0,1
MV_A5-Weekday-042600_M5_503,M5,d1,46,8:11:30,8:11:30,400324,3.0,1
MV_A5-Weekday-042600_M5_503,M5,d1,47,8:14:00,8:14:00,803082,3.0,1
MV_A5-Weekday-SDon-035000_M5_505,M5,d1,1,5:50:00,5:50:00,400808,6.0,1
MV_A5-Weekday-SDon-035000_M5_505,M5,d1,2,5:50:57,5:50:57,400809,2.0,1
MV_A5-Weekday-SDon-035000_M5_505,M5,d1,3,5:51:45,5:51:45,400810,8.0,1
MV_A5-Weekday-SDon-035000_M5_505,M5,d1,4,5:52:32,5:52:32,400811,8.0,1
MV_A5-Weekday-SDon-035000_M5_505,M5,d1,5,5:53:06,5:53:06,400812,8.0,1
MV_A5-Weekday-SDon-035000_M5_505,M5,d1,6,5:54:29,5:54:29,404918,8.0,1
MV_A5-Weekday-SDon-035000_M5_505,M5,d1,7,5:55:39,5:55:39,400814,6.0,1
MV_A5-Weekday-SDon-035000_M5_505,M5,d1,8,5:56:22,5:56:22,400815,8.0,1
MV_A5-Weekday-SDon-035000_M5_505,M5,d1,9,5:57:07,5:57:07,400816,8.0,1
MV_A5-Weekday-SDon-035000_M5_505,M5,d1,10,5:58:00,5:58:00,400655,7.0,1
MV_A5-Weekday-SDon-035000_M5_505,M5,d1,11,5:58:57,5:58:57,400656,5.0,1
MV_A5-Weekday-SDon-035000_M5_505,M5,d1,12,5:59:58,5:59:58,400657,14.0,1
MV_A5-Weekday-SDon-035000_M5_505,M5,d1,13,6:00:40,6:00:40,400658,14.0,1
MV_A5-Weekday-SDon-035000_M5_505,M5,d1,14,6:01:42,6:01:42,400659,15.0,1
MV_A5-Weekday-SDon-035000_M5_505,M5,d1,15,6:02:10,6:02:10,403483,10.0,1
MV_A5-Weekday-SDon-035000_M5_505,M5,d1,16,6:03:28,6:03:28,400661,12.0,1
MV_A5-Weekday-SDon-035000_M5_505,M5,d1,17,6:04:09,6:04:09,400662,13.0,1
MV_A5-Weekday-SDon-035000_M5_505,M5,d1,18,6:04:50,6:04:50,400663,14.0,2
MV_A5-Weekday-SDon-035000_M5_505,M5,d1,19,6:06:00,6:06:00,404011,18.0,2
MV_A5-Weekday-SDon-035000_M5_505,M5,d1,20,6:06:19,6:06:19,404012,18.0,2
MV_A5-Weekday-SDon-035000_M5_505,M5,d1,21,6:08:01,6:08:01,404822,16.0,2
MV_A5-Weekday-SDon-035000_M5_505,M5,d1,22,6:08:56,6:08:56,404259,18.0,2
MV_A5-Weekday-SDon-035000_M5_505,M5,d1,23,6:09:36,6:09:36,405580,13.0,1
MV_A5-Weekday-SDon-035000_M5_505,M5,d1,24,6:10:14,6:10:14,400834,15.0,2
MV_A5-Weekday-SDon-035000_M5_505,M5,d1,25,6:10:38,6:10:38,400835,17.0,2
MV_A5-Weekday-SDon-035000_M5_505,M5,d1,26,6:11:01,6:11:01,400836,17.0,2
MV_A5-Weekday-SDon-035000_M5_505,M5,d1,27,6:11:48,6:11:48,400837,17.0,2
MV_A5-Weekday-SDon-035000_M5_505,M5,d1,28,6:12:11,6:12:11,400838,12.0,1
MV_A5-Weekday-SDon-035000_M5_505,M5,d1,29,6:12:36,6:12:36,404130,15.0,2
MV_A5-Weekday-SDon-035000_M5_505,M5,d1,30,6:13:28,6:13:28,400840,18.0,2
MV_A5-Weekday-SDon-035000_M5_505,M5,d1,31,6:14:00,6:14:00,400841,18.0,2
MV_A5-Weekday-SDon-035000_M5_505,M5,d1,32,6:14:52,6:14:52,404131,19.0,2
MV_A5-Weekday-SDon-035000_M5_505,M5,d1,33,6:15:40,6:15:40,400843,18.0,2
MV_A5-Weekday-SDon-035000_M5_505,M5,d1,34,6:16:28,6:16:28,404855,19.0,2
MV_A5-Weekday-SDon-035000_M5_505,M5,d1,35,6:17:16,6:17:16,400846,17.0,2
MV_A5-Weekday-SDon-035000_M5_505,M5,d1,36,6:17:50,6:17:50,400847,18.0,2
MV_A5-Weekday-SDon-035000_M5_505,M5,d1,37,6:18:26,6:18:26,400848,18.0,2
MV_A5-Weekday-SDon-035000_M5_505,M5,d1,38,6:19:00,6:19:00,400849,17.0,2
MV_A5-Weekday-SDon-035000_M5_505,M5,d1,39,6:20:28,6:20:28,400851,18.0,2
MV_A5-Weekday-SDon-035000_M5_505,M5,d1,40,6:21:20,6:21:20,400852,17.0,2
MV_A5-Weekday-SDon-035000_M5_505,M5,d1,41,6:22:35,6:22:35,400853,13.0,2
MV_A5-Weekday-SDon-035000_M5_505,M5,d1,42,6:23:23,6:23:23,400854,17.0,2
MV_A5-Weekday-SDon-035000_M5_505,M5,d1,43,6:24:27,6:24:27,403169,13.0,2
MV_A5-Weekday-SDon-035000_M5_505,M5,d1,44,6:25:08,6:25:08,400856,20.0,2
MV_A5-Weekday-SDon-035000_M5_505,M5,d1,45,6:26:11,6:26:11,403171,13.0,2
MV_A5-Weekday-SDon-035000_M5_505,M5,d1,46,6:26:55,6:26:55,400858,18.0,2
MV_A5-Weekday-SDon-035000_M5_505,M5,d1,47,6:28:05,6:28:05,400860,16.0,2
MV_A5-Weekday-SDon-035000_M5_505,M5,d1,48,6:29:00,6:29:00,400861,19.0,2
MV_A5-Weekday-SDon-035000_M5_505,M5,d1,49,6:29:17,6:29:17,403781,17.0,2
MV_A5-Weekday-SDon-035000_M5_505,M5,d1,50,6:30:14,6:30:14,403047,16.0,1
MV_A5-Weekday-SDon-035000_M5_505,M5,d1,51,6:31:13,6:31:13,402446,14.0,1
MV_A5-Weekday-SDon-035000_M5_505,M5,d1,52,6:31:38,6:31:38,403266,14.0,1
MV_A5-Weekday-SDon-035000_M5_505,M5,d1,53,6:32:05,6:32:05,400131,14.0,1
MV_A5-Weekday-SDon-035000_M5_505,M5,d1,54,6:32:26,6:32:26,450123,10.0,1
MV_A5-Weekday-SDon-035000_M5_505,M5,d1,55,6:33:07,6:33:07,400133,4.0,1
MV_A5-Weekday-SDon-035000_M5_505,M5,d1,56,6:33:28,6:33:28,404180,5.0,1
MV_A5-Weekday-SDon-035000_M5_505,M5,d1,57,6:34:00,6:34:00,400135,2.0,1
MV_A5-Weekday-SDon-035000_M5_505,M5,d1,58,6:36:56,6:36:56,400322,1.0,1
MV_A5-Weekday-SDon-035000_M5_505,M5,d1,59,6:39:51,6:39:51,400323,3.0,1
MV_A5-Weekday-SDon-035000_M5_505,M5,d1,60,6:43:00,6:43:00,400324,4.0,1
MV_A5-Weekday-SDon-035000_M5_505,M5,d1,61,6:48:00,6:48:00,803082,4.0,1
MV_A5-Weekday-SDon-088000_M5_511,M5,d1,1,14:40:00,14:40:00,403835,1.0,1
MV_A5-Weekday-SDon-088000_M5_511,M5,d1,2,14:42:00,14:42:00,400639,14.0,1
MV_A5-Weekday-SDon-088000_M5_511,M5,d1,3,14:44:03,14:44:03,400640,14.0,1
MV_A5-Weekday-SDon-088000_M5_511,M5,d1,4,14:45:41,14:45:41,400641,14.0,1
MV_A5-Weekday-SDon-088000_M5_511,M5,d1,5,14:47:00,14:47:00,400642,14.0,1
MV_A5-Weekday-SDon-088000_M5_511,M5,d1,6,14:47:58,14:47:58,400643,14.0,1
MV_A5-Weekday-SDon-088000_M5_511,M5,d1,7,14:48:58,14:48:58,400644,14.0,1
MV_A5-Weekday-SDon-088000_M5_511,M5,d1,8,14:50:05,14:50:05,400645,14.0,1
MV_A5-Weekday-SDon-088000_M5_511,M5,d1,9,14:51:23,14:51:23,400646,14.0,1
MV_A5-Weekday-SDon-088000_M5_511,M5,d1,10,14:52:46,14:52:46,400647,14.0,1
MV_A5-Weekday-SDon-088000_M5_511,M5,d1,11,14:53:53,14:53:53,400648,14.0,1
MV_A5-Weekday-SDon-088000_M5_511,M5,d1,12,14:54:58,14:54:58,400649,14.0,1
MV_A5-Weekday-SDon-088000_M5_511,M5,d1,13,14:56:00,14:56:00,403373,14.0,1
MV_A5-Weekday-SDon-088000_M5_511,M5,d1,14,14:57:43,14:57:43,403374,14.0,1
MV_A5-Weekday-SDon-088000_M5_511,M5,d1,15,14:58:45,14:58:45,403375,14.0,1
MV_A5-Weekday-SDon-088000_M5_511,M5,d1,16,14:59:46,14:59:46,403376,14.0,1
MV_A5-Weekday-SDon-088000_M5_511,M5,d1,17,15:01:00,15:01:00,403377,14.0,1
MV_A5-Weekday-SDon-088000_M5_511,M5,d1,18,15:02:51,15:02:51,400655,14.0,1
MV_A5-Weekday-SDon-088000_M5_511,M5,d1,19,15:04:30,15:04:30,400656,14.0,1
MV_A5-Weekday-SDon-088000_M5_511,M5,d1,20,15:06:14,15:06:14,400657,14.0,1
MV_A5-Weekday-SDon-088000_M5_511,M5,d1,21,15:07:26,15:07:26,400658,8.0,1
MV_A5-Weekday-SDon-088000_M5_511,M5,d1,22,15:09:13,15:09:13,400659,8.0,1
MV_A5-Weekday-SDon-088000_M5_511,M5,d1,23,15:10:00,15:10:00,403483,8.0,1
MV_A5-Weekday-SDon-088000_M5_511,M5,d1,24,15:12:28,15:12:28,400661,8.0,1
MV_A5-Weekday-SDon-088000_M5_511,M5,d1,25,15:13:46,15:13:46,400662,8.0,1
MV_A5-Weekday-SDon-088000_M5_511,M5,d1,26,15:15:03,15:15:03,400663,8.0,1
MV_A5-Weekday-SDon-088000_M5_511,M5,d1,27,15:17:00,15:17:00,803157,10.0,1
MV_A5-Weekday-SDon-088000_M5_511,M5,d1,28,15:19:00,15:19:00,404148,10.0,1
MV_A5-Weekday-SDon-088000_M5_511,M5,d1,29,15:21:07,15:21:07,403903,10.0,1
MV_A5-Weekday-SDon-088000_M5_511,M5,d1,30,15:22:10,15:22:10,403142,10.0,1
MV_A5-Weekday-SDon-088000_M5_511,M5,d1,31,15:23:20,15:23:20,403144,10.0,1
MV_A5-Weekday-SDon-088000_M5_511,M5,d1,32,15:25:10,15:25:10,403145,10.0,1
MV_A5-Weekday-SDon-088000_M5_511,M5,d1,33,15:26:26,15:26:26,405234,10.0,1
MV_A5-Weekday-SDon-088000_M5_511,M5,d1,34,15:28:36,15:28:36,403147,14.0,1
MV_A5-Weekday-SDon-088000_M5_511,M5,d1,35,15:29:47,15:29:47,403148,15.0,2
MV_A5-Weekday-SDon-088000_M5_511,M5,d1,36,15:30:56,15:30:56,403149,17.0,2
MV_A5-Weekday-SDon-088000_M5_511,M5,d1,37,15:32:24,15:32:24,400676,25.0,3
MV_A5-Weekday-SDon-088000_M5_511,M5,d1,38,15:34:16,15:34:16,400677,34.0,3
MV_A5-Weekday-SDon-088000_M5_511,M5,d1,39,15:36:11,15:36:11,400678,36.0,3
MV_A5-Weekday-SDon-088000_M5_511,M5,d1,40,15:37:00,15:37:00,400485,36.0,3
MV_A5-Weekday-SDon-088000_M5_511,M5,d1,41,15:38:43,15:38:43,400486,36.0,3
MV_A5-Weekday-SDon-088000_M5_511,M5,d1,42,15:41:00,15:41:00,400290,36.0,3
MV_A5-Weekday-SDon-088000_M5_511,M5,d1,43,15:43:15,15:43:15,404278,36.0,3
MV_A5-Weekday-SDon-088000_M5_511,M5,d1,44,15:45:00,15:45:00,400292,36.0,3
MV_A5-Weekday-SDon-088000_M5_511,M5,d1,45,15:47:05,15:47:05,400108,7.0,1
MV_A5-Weekday-SDon-088000_M5_511,M5,d1,46,15:48:43,15:48:43,400109,10.0,1
MV_A5-Weekday-SDon-088000_M5_511,M5,d1,47,15:50:15,15:50:15,400110,10.0,1
MV_A5-Weekday-SDon-088000_M5_511,M5,d1,48,15:51:56,15:51:56,400111,10.0,1
MV_A5-Weekday-SDon-088000_M5_511,M5,d1,49,15:54:51,15:54:51,404081,9.0,1
MV_A5-Weekday-SDon-088000_M5_511,M5,d1,50,15:56:52,15:56:52,404168,12.0,1
MV_A5-Weekday-SDon-088000_M5_511,M5,d1,51,15:58:06,15:58:06,400115,12.0,1
MV_A5-Weekday-SDon-088000_M5_511,M5,d1,52,15:59:45,15:59:45,400116,12.0,1
MV_A5-Weekday-SDon-088000_M5_511,M5,d1,53,16:01:14,16:01:14,400117,3.0,2
MV_A5-Weekday-SDon-088000_M5_511,M5,d1,54,16:03:28,16:03:28,400118,18.0,2
MV_A5-Weekday-SDon-088000_M5_511,M5,d1,55,16:05:37,16:05:37,400119,19.0,2
MV_A5-Weekday-SDon-088000_M5_511,M5,d1,56,16:08:52,16:08:52,400120,26.0,2
MV_A5-Weekday-SDon-088000_M5_511,M5,d1,57,16:10:10,16:10:10,400121,26.0,2
MV_A5-Weekday-SDon-088000_M5_511,M5,d1,58,16:11:33,16:11:33,400122,26.0,2
MV_A5-Weekday-SDon-088000_M5_511,M5,d1,59,16:13:06,16:13:06,400123,4.0,1
MV_A5-Weekday-SDon-088000_M5_511,M5,d1,60,16:16:00,16:16:00,400124,4.0,1
MV_A5-Weekday-SDon-088000_M5_511,M5,d1,61,16:18:13,16:18:13,400125,4.0,1
MV_A5-Weekday-SDon-088000_M5_511,M5,d1,62,16:20:48,16:20:48,400126,6.0,2
MV_A5-Weekday-SDon-088000_M5_511,M5,d1,63,16:22:43,16:22:43,400127,28.0,2
MV_A5-Weekday-SDon-088000_M5_511,M5,d1,64,16:24:02,16:24:02,400128,28.0,2
MV_A5-Weekday-SDon-088000_M5_511,M5,d1,65,16:25:39,16:25:39,400512,28.0,2
MV_A5-Weekday-SDon-088000_M5_511,M5,d1,66,16:29:05,16:29:05,403266,2.0,2
MV_A5-Weekday-SDon-088000_M5_511,M5,d1,67,16:31:26,16:31:26,400514,25.0,2
MV_A5-Weekday-SDon-088000_M5_511,M5,d1,68,16:33:50,16:33:50,400515,23.0,2
MV_A5-Weekday-SDon-088000_M5_511,M5,d1,69,16:36:14,16:36:14,400516,1.0,2
MV_A5-Weekday-SDon-088000_M5_511,M5,d1,70,16:37:52,16:37:52,405179,23.0,2
MV_A5-Weekday-SDon-088000_M5_511,M5,d1,71,16:40:00,16:40:00,400518,23.0,2
MV_A5-Weekday-SDon-088000_M5_511,M5,d1,72,16:42:25,16:42:25,400519,23.0,2
MV_A5-Weekday-SDon-088000_M5_511,M5,d1,73,16:43:51,16:43:51,405486,2.0,1
MV_A5-Weekday-SDon-088000_M5_511,M5,d1,74,16:47:00,16:47:00,903128,2.0,1
MV_A5-Weekday-SDon-070800_M5_503,M5,d1,1,11:48:00,11:48:00,400808,25.0,2
MV_A5-Weekday-SDon-070800_M5_503,M5,d1,2,11:49:19,11:49:19,400809,18.0,2
MV_A5-Weekday-SDon-070800_M5_503,M5,d1,3,11:50:24,11:50:24,400810,25.0,2
MV_A5-Weekday-SDon-070800_M5_503,M5,d1,4,11:51:30,11:51:30,400811,28.0,2
MV_A5-Weekday-SDon-070800_M5_503,M5,d1,5,11:52:16,11:52:16,400812,24.0,2
MV_A5-Weekday-SDon-070800_M5_503,M5,d1,6,11:54:11,11:54:11,404918,28.0,2
MV_A5-Weekday-SDon-070800_M5_503,M5,d1,7,11:55:47,11:55:47,400814,25.0,2
MV_A5-Weekday-SDon-070800_M5_503,M5,d1,8,11:56:45,11:56:45,400815,28.0,2
MV_A5-Weekday-SDon-070800_M5_503,M5,d1,9,11:57:47,11:57:47,400816,21.0,2
MV_A5-Weekday-SDon-070800_M5_503,M5,d1,10,11:59:00,11:59:00,400655,21.0,2
MV_A5-Weekday-SDon-070800_M5_503,M5,d1,11,12:01:28,12:01:28,400657,18.0,2
MV_A5-Weekday-SDon-070800_M5_503,M5,d1,12,12:04:12,12:04:12,403483,20.0,2
MV_A5-Weekday-SDon-070800_M5_503,M5,d1,13,12:06:42,12:06:42,400662,13.0,1
MV_A5-Weekday-SDon-070800_M5_503,M5,d1,14,12:09:00,12:09:00,404011,6.0,1
MV_A5-Weekday-SDon-070800_M5_503,M5,d1,15,12:09:26,12:09:26,404012,8.0,1
MV_A5-Weekday-SDon-070800_M5_503,M5,d1,16,12:11:46,12:11:46,404822,1.0,1
MV_A5-Weekday-SDon-070800_M5_503,M5,d1,17,12:13:02,12:13:02,404259,8.0,1
MV_A5-Weekday-SDon-070800_M5_503,M5,d1,18,12:13:56,12:13:56,405580,7.0,1
MV_A5-Weekday-SDon-070800_M5_503,M5,d1,19,12:14:49,12:14:49,400834,16.0,1
MV_A5-Weekday-SDon-070800_M5_503,M5,d1,20,12:15:23,12:15:23,400835,16.0,2
MV_A5-Weekday-SDon-070800_M5_503,M5,d1,21,12:15:54,12:15:54,400836,20.0,2
MV_A5-Weekday-SDon-070800_M5_503,M5,d1,22,12:16:59,12:16:59,400837,6.0,1
MV_A5-Weekday-SDon-070800_M5_503,M5,d1,23,12:17:31,12:17:31,400838,9.0,1
MV_A5-Weekday-SDon-070800_M5_503,M5,d1,24,12:18:05,12:18:05,404130,9.0,1
MV_A5-Weekday-SDon-070800_M5_503,M5,d1,25,12:19:16,12:19:16,400840,10.0,2
MV_A5-Weekday-SDon-070800_M5_503,M5,d1,26,12:20:00,12:20:00,400841,22.0,2
MV_A5-Weekday-SDon-070800_M5_503,M5,d1,27,12:21:24,12:21:24,404131,11.0,1
MV_A5-Weekday-SDon-070800_M5_503,M5,d1,28,12:22:40,12:22:40,400843,8.0,2
MV_A5-Weekday-SDon-070800_M5_503,M5,d1,29,12:23:57,12:23:57,404855,22.0,2
MV_A5-Weekday-SDon-070800_M5_503,M5,d1,30,12:25:13,12:25:13,400846,22.0,2
MV_A5-Weekday-SDon-070800_M5_503,M5,d1,31,12:26:08,12:26:08,400847,7.0,1
MV_A5-Weekday-SDon-070800_M5_503,M5,d1,32,12:27:06,12:27:06,400848,9.0,1
MV_A5-Weekday-SDon-070800_M5_503,M5,d1,33,12:28:00,12:28:00,400849,10.0,2
MV_A5-Weekday-SDon-070800_M5_503,M5,d1,34,12:30:12,12:30:12,400851,26.0,2
MV_A5-Weekday-SDon-070800_M5_503,M5,d1,35,12:31:30,12:31:30,400852,12.0,2
MV_A5-Weekday-SDon-070800_M5_503,M5,d1,36,12:33:22,12:33:22,400853,18.0,2
MV_A5-Weekday-SDon-070800_M5_503,M5,d1,37,12:34:35,12:34:35,400854,18.0,2
MV_A5-Weekday-SDon-070800_M5_503,M5,d1,38,12:38:46,12:38:46,403171,24.0,2
MV_A5-Weekday-SDon-070800_M5_503,M5,d1,39,12:43:00,12:43:00,400861,20.0,2
MV_A5-Weekday-SDon-070800_M5_503,M5,d1,40,12:48:56,12:48:56,403047,20.0,2
MV_A5-Weekday-SDon-070800_M5_503,M5,d1,41,12:53:41,12:53:41,402446,12.0,1
MV_A5-Weekday-SDon-070800_M5_503,M5,d1,42,12:59:27,12:59:27,450123,5.0,1
MV_A5-Weekday-SDon-070800_M5_503,M5,d1,43,13:07:00,13:07:00,400135,3.0,1
MV_A5-Weekday-SDon-070800_M5_503,M5,d1,44,13:08:28,13:08:28,400322,5.0,1
MV_A5-Weekday-SDon-070800_M5_503,M5,d1,45,13:09:56,13:09:56,400323,5.0,1
MV_A5-Weekday-SDon-070800_M5_503,M5,d1,46,13:11:30,13:11:30,400324,8.0,1
MV_A5-Weekday-SDon-070800_M5_503,M5,d1,47,13:14:00,13:14:00,803082,8.0,1
MV_A5-Weekday-SDon-128500_M5_534,M5,d1,1,21:25:00,21:25:00,400808,2.0,1
MV_A5-Weekday-SDon-128500_M5_534,M5,d1,2,21:26:04,21:26:04,400809,11.0,1
MV_A5-Weekday-SDon-128500_M5_534,M5,d1,3,21:26:58,21:26:58,400810,5.0,1
MV_A5-Weekday-SDon-128500_M5_534,M5,d1,4,21:27:52,21:27:52,400811,6.0,1
MV_A5-Weekday-SDon-128500_M5_534,M5,d1,5,21:28:29,21:28:29,400812,13.0,1
MV_A5-Weekday-SDon-128500_M5_534,M5,d1,6,21:30:03,21:30:03,404918,4.0,1
MV_A5-Weekday-SDon-128500_M5_534,M5,d1,7,21:31:22,21:31:22,400814,15.0,1
MV_A5-Weekday-SDon-128500_M5_534,M5,d1,8,21:32:10,21:32:10,400815,15.0,1
MV_A5-Weekday-SDon-128500_M5_534,M5,d1,9,21:33:00,21:33:00,400816,8.0,1
MV_A5-Weekday-SDon-128500_M5_534,M5,d1,10,21:34:00,21:34:00,400655,1.0,1
MV_A5-Weekday-SDon-128500_M5_534,M5,d1,11,21:35:19,21:35:19,400656,13.0,1
MV_A5-Weekday-SDon-128500_M5_534,M5,d1,12,21:36:43,21:36:43,400657,7.0,1
MV_A5-Weekday-SDon-128500_M5_534,M5,d1,13,21:37:40,21:37:40,400658,13.0,1
MV_A5-Weekday-SDon-128500_M5_534,M5,d1,14,21:39:06,21:39:06,400659,13.0,1
MV_A5-Weekday-SDon-128500_M5_534,M5,d1,15,21:39:43,21:39:43,403483,8.0,1
MV_A5-Weekday-SDon-128500_M5_534,M5,d1,16,21:41:31,21:41:31,400661,9.0,1
MV_A5-Weekday-SDon-128500_M5_534,M5,d1,17,21:42:28,21:42:28,400662,5.0,1
MV_A5-Weekday-SDon-128500_M5_534,M5,d1,18,21:43:24,21:43:24,400663,9.0,1
MV_A5-Weekday-SDon-128500_M5_534,M5,d1,19,21:45:00,21:45:00,404011,2.0,1
MV_A5-Weekday-SDon-128500_M5_534,M5,d1,20,21:45:19,21:45:19,404012,2.0,1
MV_A5-Weekday-SDon-128500_M5_534,M5,d1,21,21:47:01,21:47:01,404822,8.0,1
MV_A5-Weekday-SDon-128500_M5_534,M5,d1,22,21:47:56,21:47:56,404259,8.0,1
MV_A5-Weekday-SDon-128500_M5_534,M5,d1,23,21:48:36,21:48:36,405580,8.0,1
MV_A5-Weekday-SDon-128500_M5_534,M5,d1,24,21:49:14,21:49:14,400834,8.0,1
MV_A5-Weekday-SDon-128500_M5_534,M5,d1,25,21:49:38,21:49:38,400835,2.0,1
MV_A5-Weekday-SDon-128500_M5_534,M5,d1,26,21:50:01,21:50:01,400836,8.0,1
MV_A5-Weekday-SDon-128500_M5_534,M5,d1,27,21:50:48,21:50:48,400837,8.0,1
MV_A5-Weekday-SDon-128500_M5_534,M5,d1,28,21:51:11,21:51:11,400838,8.0,1
MV_A5-Weekday-SDon-128500_M5_534,M5,d1,29,21:51:36,21:51:36,404130,9.0,1
MV_A5-Weekday-SDon-128500_M5_534,M5,d1,30,21:52:28,21:52:28,400840,9.0,1
MV_A5-Weekday-SDon-128500_M5_534,M5,d1,31,21:53:00,21:53:00,400841,9.0,1
MV_A5-Weekday-SDon-128500_M5_534,M5,d1,32,21:53:42,21:53:42,404131,9.0,1
MV_A5-Weekday-SDon-128500_M5_534,M5,d1,33,21:54:20,21:54:20,400843,9.0,1
MV_A5-Weekday-SDon-128500_M5_534,M5,d1,34,21:54:59,21:54:59,404855,9.0,1
MV_A5-Weekday-SDon-128500_M5_534,M5,d1,35,21:55:37,21:55:37,400846,9.0,1
MV_A5-Weekday-SDon-128500_M5_534,M5,d1,36,21:56:04,21:56:04,400847,9.0,1
MV_A5-Weekday-SDon-128500_M5_534,M5,d1,37,21:56:33,21:56:33,400848,9.0,1
MV_A5-Weekday-SDon-128500_M5_534,M5,d1,38,21:57:00,21:57:00,400849,9.0,1
MV_A5-Weekday-SDon-128500_M5_534,M5,d1,39,21:58:46,21:58:46,400851,8.0,1
MV_A5-Weekday-SDon-128500_M5_534,M5,d1,40,21:59:48,21:59:48,400852,8.0,1
MV_A5-Weekday-SDon-128500_M5_534,M5,d1,41,22:01:18,22:01:18,400853,8.0,1
MV_A5-Weekday-SDon-128500_M5_534,M5,d1,42,22:02:16,22:02:16,400854,8.0,1
MV_A5-Weekday-SDon-128500_M5_534,M5,d1,43,22:03:33,22:03:33,403169,1.0,1
MV_A5-Weekday-SDon-128500_M5_534,M5,d1,44,22:04:21,22:04:21,400856,8.0,1
MV_A5-Weekday-SDon-128500_M5_534,M5,d1,45,22:05:37,22:05:37,403171,1.0,1
MV_A5-Weekday-SDon-128500_M5_534,M5,d1,46,22:06:30,22:06:30,400858,6.0,1
MV_A5-Weekday-SDon-128500_M5_534,M5,d1,47,22:07:53,22:07:53,400860,11.0,1
MV_A5-Weekday-SDon-128500_M5_534,M5,d1,48,22:09:00,22:09:00,400861,12.0,1
MV_A5-Weekday-SDon-128500_M5_534,M5,d1,49,22:09:21,22:09:21,403781,5.0,1
MV_A5-Weekday-SDon-128500_M5_534,M5,d1,50,22:10:29,22:10:29,403047,12.0,1
MV_A5-Weekday-SDon-128500_M5_534,M5,d1,51,22:11:40,22:11:40,402446,7.0,1
MV_A5-Weekday-SDon-128500_M5_534,M5,d1,52,22:12:10,22:12:10,403266,4.0,1
MV_A5-Weekday-SDon-128500_M5_534,M5,d1,53,22:12:42,22:12:42,400131,4.0,1
MV_A5-Weekday-SDon-128500_M5_534,M5,d1,54,22:13:07,22:13:07,450123,4.0,1
MV_A5-Weekday-SDon-128500_M5_534,M5,d1,55,22:13:56,22:13:56,400133,2.0,1
MV_A5-Weekday-SDon-128500_M5_534,M5,d1,56,22:14:21,22:14:21,404180,3.0,1
MV_A5-Weekday-SDon-128500_M5_534,M5,d1,57,22:15:00,22:15:00,400135,3.0,1
MV_A5-Weekday-SDon-128500_M5_534,M5,d1,58,22:17:43,22:17:43,400322,2.0,1
MV_A5-Weekday-SDon-128500_M5_534,M5,d1,59,22:20:26,22:20:26,400323,2.0,1
MV_A5-Weekday-SDon-128500_M5_534,M5,d1,60,22:23:21,22:23:21,400324,2.0,1
MV_A5-Weekday-SDon-128500_M5_534,M5,d1,61,22:28:00,22:28:00,803082,2.0,1
MV_A5-Weekday-SDon-089200_M5_510,M5,d1,1,14:52:00,14:52:00,403835,1.0,1
MV_A5-Weekday-SDon-089200_M5_510,M5,d1,2,14:54:00,14:54:00,400639,1.0,1
MV_A5-Weekday-SDon-089200_M5_510,M5,d1,3,14:56:03,14:56:03,400640,1.0,1
MV_A5-Weekday-SDon-089200_M5_510,M5,d1,4,14:57:41,14:57:41,400641,1.0,1
MV_A5-Weekday-SDon-089200_M5_510,M5,d1,5,14:59:00,14:59:00,400642,1.0,1
MV_A5-Weekday-SDon-089200_M5_510,M5,d1,6,14:59:58,14:59:58,400643,1.0,1
MV_A5-Weekday-SDon-089200_M5_510,M5,d1,7,15:00:58,15:00:58,400644,1.0,1
MV_A5-Weekday-SDon-089200_M5_510,M5,d1,8,15:02:05,15:02:05,400645,1.0,1
MV_A5-Weekday-SDon-089200_M5_510,M5,d1,9,15:03:23,15:03:23,400646,1.0,1
MV_A5-Weekday-SDon-089200_M5_510,M5,d1,10,15:04:46,15:04:46,400647,1.0,1
MV_A5-Weekday-SDon-089200_M5_510,M5,d1,11,15:05:53,15:05:53,400648,1.0,1
MV_A5-Weekday-SDon-089200_M5_510,M5,d1,12,15:06:58,15:06:58,400649,1.0,1
MV_A5-Weekday-SDon-089200_M5_510,M5,d1,13,15:08:00,15:08:00,403373,11.0,1
MV_A5-Weekday-SDon-089200_M5_510,M5,d1,14,15:09:43,15:09:43,403374,11.0,1
MV_A5-Weekday-SDon-089200_M5_510,M5,d1,15,15:10:45,15:10:45,403375,11.0,1
MV_A5-Weekday-SDon-089200_M5_510,M5,d1,16,15:11:46,15:11:46,403376,11.0,1
MV_A5-Weekday-SDon-089200_M5_510,M5,d1,17,15:13:00,15:13:00,403377,11.0,1
MV_A5-Weekday-SDon-089200_M5_510,M5,d1,18,15:14:51,15:14:51,400655,11.0,1
MV_A5-Weekday-SDon-089200_M5_510,M5,d1,19,15:16:30,15:16:30,400656,11.0,1
MV_A5-Weekday-SDon-089200_M5_510,M5,d1,20,15:18:14,15:18:14,400657,11.0,1
MV_A5-Weekday-SDon-089200_M5_510,M5,d1,21,15:19:26,15:19:26,400658,11.0,1
MV_A5-Weekday-SDon-089200_M5_510,M5,d1,22,15:21:13,15:21:13,400659,11.0,1
MV_A5-Weekday-SDon-089200_M5_510,M5,d1,23,15:22:00,15:22:00,403483,11.0,1
MV_A5-Weekday-SDon-089200_M5_510,M5,d1,24,15:24:28,15:24:28,400661,11.0,1
MV_A5-Weekday-SDon-089200_M5_510,M5,d1,25,15:25:46,15:25:46,400662,4.0,2
MV_A5-Weekday-SDon-089200_M5_510,M5,d1,26,15:27:03,15:27:03,400663,24.0,2
MV_A5-Weekday-SDon-089200_M5_510,M5,d1,27,15:29:00,15:29:00,803157,24.0,2
MV_A5-Weekday-SDon-089200_M5_510,M5,d1,28,15:31:00,15:31:00,404148,28.0,2
MV_A5-Weekday-SDon-089200_M5_510,M5,d1,29,15:33:07,15:33:07,403903,28.0,2
MV_A5-Weekday-SDon-089200_M5_510,M5,d1,30,15:34:10,15:34:10,403142,21.0,3
MV_A5-Weekday-SDon-089200_M5_510,M5,d1,31,15:35:20,15:35:20,403144,33.0,3
MV_A5-Weekday-SDon-089200_M5_510,M5,d1,32,15:37:10,15:37:10,403145,34.0,3
MV_A5-Weekday-SDon-089200_M5_510,M5,d1,33,15:38:26,15:38:26,405234,16.0,1
MV_A5-Weekday-SDon-089200_M5_510,M5,d1,34,15:40:36,15:40:36,403147,14.0,1
MV_A5-Weekday-SDon-089200_M5_510,M5,d1,35,15:41:47,15:41:47,403148,14.0,1
MV_A5-Weekday-SDon-089200_M5_510,M5,d1,36,15:42:56,15:42:56,403149,14.0,1
MV_A5-Weekday-SDon-089200_M5_510,M5,d1,37,15:44:24,15:44:24,400676,13.0,3
MV_A5-Weekday-SDon-089200_M5_510,M5,d1,38,15:46:16,15:46:16,400677,34.0,3
MV_A5-Weekday-SDon-089200_M5_510,M5,d1,39,15:48:11,15:48:11,400678,13.0,2
MV_A5-Weekday-SDon-089200_M5_510,M5,d1,40,15:49:00,15:49:00,400485,30.0,2
MV_A5-Weekday-SDon-089200_M5_510,M5,d1,41,15:50:43,15:50:43,400486,30.0,2
MV_A5-Weekday-SDon-089200_M5_510,M5,d1,42,15:53:00,15:53:00,400290,30.0,2
MV_A5-Weekday-SDon-089200_M5_510,M5,d1,43,15:55:15,15:55:15,404278,30.0,2
MV_A5-Weekday-SDon-089200_M5_510,M5,d1,44,15:57:00,15:57:00,400292,30.0,2
MV_A5-Weekday-SDon-089200_M5_510,M5,d1,45,15:59:05,15:59:05,400108,4.0,2
MV_A5-Weekday-SDon-089200_M5_510,M5,d1,46,16:00:43,16:00:43,400109,24.0,2
MV_A5-Weekday-SDon-089200_M5_510,M5,d1,47,16:02:15,16:02:15,400110,24.0,2
MV_A5-Weekday-SDon-089200_M5_510,M5,d1,48,16:03:56,16:03:56,400111,2.0,3
MV_A5-Weekday-SDon-089200_M5_510,M5,d1,49,16:06:51,16:06:51,404081,34.0,3
MV_A5-Weekday-SDon-089200_M5_510,M5,d1,50,16:08:52,16:08:52,404168,34.0,3
MV_A5-Weekday-SDon-089200_M5_510,M5,d1,51,16:10:06,16:10:06,400115,2.0,1
MV_A5-Weekday-SDon-089200_M5_510,M5,d1,52,16:11:45,16:11:45,400116,1.0,1
MV_A5-Weekday-SDon-089200_M5_510,M5,d1,53,16:13:14,16:13:14,400117,4.0,1
MV_A5-Weekday-SDon-089200_M5_510,M5,d1,54,16:15:28,16:15:28,400118,4.0,2
MV_A5-Weekday-SDon-089200_M5_510,M5,d1,55,16:17:37,16:17:37,400119,17.0,2
MV_A5-Weekday-SDon-089200_M5_510,M5,d1,56,16:20:52,16:20:52,400120,11.0,2
MV_A5-Weekday-SDon-089200_M5_510,M5,d1,57,16:22:10,16:22:10,400121,27.0,3
MV_A5-Weekday-SDon-089200_M5_510,M5,d1,58,16:23:33,16:23:33,400122,39.0,3
MV_A5-Weekday-SDon-089200_M5_510,M5,d1,59,16:25:06,16:25:06,400123,32.0,3
MV_A5-Weekday-SDon-089200_M5_510,M5,d1,60,16:28:00,16:28:00,400124,38.0,3
MV_A5-Weekday-SDon-089200_M5_510,M5,d1,61,16:30:13,16:30:13,400125,21.0,3
MV_A5-Weekday-SDon-089200_M5_510,M5,d1,62,16:32:48,16:32:48,400126,36.0,3
MV_A5-Weekday-SDon-089200_M5_510,M5,d1,63,16:34:43,16:34:43,400127,36.0,3
MV_A5-Weekday-SDon-089200_M5_510,M5,d1,64,16:36:02,16:36:02,400128,34.0,3
MV_A5-Weekday-SDon-089200_M5_510,M5,d1,65,16:37:39,16:37:39,400512,33.0,3
MV_A5-Weekday-SDon-089200_M5_510,M5,d1,66,16:41:05,16:41:05,403266,17.0,2
MV_A5-Weekday-SDon-089200_M5_510,M5,d1,67,16:43:26,16:43:26,400514,15.0,1
MV_A5-Weekday-SDon-089200_M5_510,M5,d1,68,16:45:50,16:45:50,400515,16.0,2
MV_A5-Weekday-SDon-089200_M5_510,M5,d1,69,16:48:14,16:48:14,400516,18.0,2
MV_A5-Weekday-SDon-089200_M5_510,M5,d1,70,16:49:52,16:49:52,405179,18.0,2
MV_A5-Weekday-SDon-089200_M5_510,M5,d1,71,16:52:00,16:52:00,400518,18.0,2
MV_A5-Weekday-SDon-089200_M5_510,M5,d1,72,16:54:25,16:54:25,400519,18.0,2
MV_A5-Weekday-SDon-089200_M5_510,M5,d1,73,16:55:51,16:55:51,405486,18.0,2
MV_A5-Weekday-SDon-089200_M5_510,M5,d1,74,16:59:00,16:59:00,903128,18.0,2
MV_A5-Weekday-079600_M5_508,M5,d1,1,13:16:00,13:16:00,403835,3.0,1
MV_A5-Weekday-079600_M5_508,M5,d1,2,13:18:00,13:18:00,400639,3.0,1
MV_A5-Weekday-079600_M5_508,M5,d1,3,13:20:03,13:20:03,400640,3.0,1
MV_A5-Weekday-079600_M5_508,M5,d1,4,13:21:41,13:21:41,400641,3.0,1
MV_A5-Weekday-079600_M5_508,M5,d1,5,13:23:00,13:23:00,400642,3.0,1
MV_A5-Weekday-079600_M5_508,M5,d1,6,13:23:58,13:23:58,400643,12.0,1
MV_A5-Weekday-079600_M5_508,M5,d1,7,13:24:58,13:24:58,400644,12.0,1
MV_A5-Weekday-079600_M5_508,M5,d1,8,13:26:05,13:26:05,400645,12.0,1
MV_A5-Weekday-079600_M5_508,M5,d1,9,13:27:23,13:27:23,400646,12.0,1
MV_A5-Weekday-079600_M5_508,M5,d1,10,13:28:46,13:28:46,400647,12.0,1
MV_A5-Weekday-079600_M5_508,M5,d1,11,13:29:53,13:29:53,400648,10.0,1
MV_A5-Weekday-079600_M5_508,M5,d1,12,13:30:58,13:30:58,400649,14.0,1
MV_A5-Weekday-079600_M5_508,M5,d1,13,13:32:00,13:32:00,403373,10.0,1
MV_A5-Weekday-079600_M5_508,M5,d1,14,13:33:43,13:33:43,403374,11.0,1
MV_A5-Weekday-079600_M5_508,M5,d1,15,13:34:45,13:34:45,403375,11.0,1
MV_A5-Weekday-079600_M5_508,M5,d1,16,13:35:46,13:35:46,403376,11.0,1
MV_A5-Weekday-079600_M5_508,M5,d1,17,13:37:00,13:37:00,403377,16.0,1
MV_A5-Weekday-079600_M5_508,M5,d1,18,13:38:51,13:38:51,400655,16.0,1
MV_A5-Weekday-079600_M5_508,M5,d1,19,13:40:30,13:40:30,400656,16.0,1
MV_A5-Weekday-079600_M5_508,M5,d1,20,13:42:14,13:42:14,400657,16.0,1
MV_A5-Weekday-079600_M5_508,M5,d1,21,13:43:26,13:43:26,400658,16.0,2
MV_A5-Weekday-079600_M5_508,M5,d1,22,13:45:13,13:45:13,400659,18.0,2
MV_A5-Weekday-079600_M5_508,M5,d1,23,13:46:00,13:46:00,403483,18.0,2
MV_A5-Weekday-079600_M5_508,M5,d1,24,13:48:28,13:48:28,400661,18.0,2
MV_A5-Weekday-079600_M5_508,M5,d1,25,13:49:46,13:49:46,400662,18.0,2
MV_A5-Weekday-079600_M5_508,M5,d1,26,13:51:03,13:51:03,400663,13.0,1
MV_A5-Weekday-079600_M5_508,M5,d1,27,13:53:00,13:53:00,803157,13.0,2
MV_A5-Weekday-079600_M5_508,M5,d1,28,13:55:00,13:55:00,404148,20.0,2
MV_A5-Weekday-079600_M5_508,M5,d1,29,13:57:07,13:57:07,403903,20.0,2
MV_A5-Weekday-079600_M5_508,M5,d1,30,13:58:10,13:58:10,403142,20.0,2
MV_A5-Weekday-079600_M5_508,M5,d1,31,13:59:20,13:59:20,403144,20.0,2
MV_A5-Weekday-079600_M5_508,M5,d1,32,14:01:10,14:01:10,403145,20.0,2
MV_A5-Weekday-079600_M5_508,M5,d1,33,14:02:26,14:02:26,405234,20.0,2
MV_A5-Weekday-079600_M5_508,M5,d1,34,14:04:36,14:04:36,403147,20.0,2
MV_A5-Weekday-079600_M5_508,M5,d1,35,14:05:47,14:05:47,403148,20.0,2
MV_A5-Weekday-079600_M5_508,M5,d1,36,14:06:56,14:06:56,403149,20.0,2
MV_A5-Weekday-079600_M5_508,M5,d1,37,14:08:24,14:08:24,400676,26.0,2
MV_A5-Weekday-079600_M5_508,M5,d1,38,14:10:16,14:10:16,400677,26.0,2
MV_A5-Weekday-079600_M5_508,M5,d1,39,14:12:11,14:12:11,400678,26.0,2
MV_A5-Weekday-079600_M5_508,M5,d1,40,14:13:00,14:13:00,400485,26.0,2
MV_A5-Weekday-079600_M5_508,M5,d1,41,14:14:43,14:14:43,400486,26.0,2
MV_A5-Weekday-079600_M5_508,M5,d1,42,14:17:00,14:17:00,400290,26.0,2
MV_A5-Weekday-079600_M5_508,M5,d1,43,14:19:15,14:19:15,404278,26.0,2
MV_A5-Weekday-079600_M5_508,M5,d1,44,14:21:00,14:21:00,400292,26.0,2
MV_A5-Weekday-079600_M5_508,M5,d1,45,14:23:05,14:23:05,400108,26.0,2
MV_A5-Weekday-079600_M5_508,M5,d1,46,14:24:43,14:24:43,400109,26.0,2
MV_A5-Weekday-079600_M5_508,M5,d1,47,14:26:15,14:26:15,400110,26.0,2
MV_A5-Weekday-079600_M5_508,M5,d1,48,14:27:56,14:27:56,400111,26.0,2
MV_A5-Weekday-079600_M5_508,M5,d1,49,14:30:51,14:30:51,404081,26.0,3
MV_A5-Weekday-079600_M5_508,M5,d1,50,14:32:52,14:32:52,404168,39.0,3
MV_A5-Weekday-079600_M5_508,M5,d1,51,14:34:06,14:34:06,400115,39.0,3
MV_A5-Weekday-079600_M5_508,M5,d1,52,14:35:45,14:35:45,400116,39.0,3
MV_A5-Weekday-079600_M5_508,M5,d1,53,14:37:14,14:37:14,400117,39.0,3
MV_A5-Weekday-079600_M5_508,M5,d1,54,14:39:28,14:39:28,400118,39.0,3
MV_A5-Weekday-079600_M5_508,M5,d1,55,14:41:37,14:41:37,400119,39.0,3
MV_A5-Weekday-079600_M5_508,M5,d1,56,14:44:52,14:44:52,400120,39.0,3
MV_A5-Weekday-079600_M5_508,M5,d1,57,14:46:10,14:46:10,400121,39.0,3
MV_A5-Weekday-079600_M5_508,M5,d1,58,14:47:33,14:47:33,400122,39.0,3
MV_A5-Weekday-079600_M5_508,M5,d1,59,14:49:06,14:49:06,400123,39.0,3
MV_A5-Weekday-079600_M5_508,M5,d1,60,14:52:00,14:52:00,400124,39.0,3
MV_A5-Weekday-079600_M5_508,M5,d1,61,14:54:07,14:54:07,400125,39.0,3
MV_A5-Weekday-079600_M5_508,M5,d1,62,14:56:36,14:56:36,400126,39.0,3
MV_A5-Weekday-079600_M5_508,M5,d1,63,14:58:27,14:58:27,400127,39.0,3
MV_A5-Weekday-079600_M5_508,M5,d1,64,14:59:42,14:59:42,400128,39.0,3
MV_A5-Weekday-079600_M5_508,M5,d1,65,15:01:15,15:01:15,400512,39.0,3
MV_A5-Weekday-079600_M5_508,M5,d1,66,15:04:32,15:04:32,403266,39.0,3
MV_A5-Weekday-079600_M5_508,M5,d1,67,15:06:47,15:06:47,400514,42.0,3
MV_A5-Weekday-079600_M5_508,M5,d1,68,15:09:06,15:09:06,400515,42.0,3
MV_A5-Weekday-079600_M5_508,M5,d1,69,15:11:24,15:11:24,400516,42.0,3
MV_A5-Weekday-079600_M5_508,M5,d1,70,15:12:58,15:12:58,405179,42.0,3
MV_A5-Weekday-079600_M5_508,M5,d1,71,15:15:00,15:15:00,400518,42.0,3
MV_A5-Weekday-079600_M5_508,M5,d1,72,15:17:46,15:17:46,400519,39.0,3
MV_A5-Weekday-079600_M5_508,M5,d1,73,15:19:24,15:19:24,405486,39.0,3
MV_A5-Weekday-079600_M5_508,M5,d1,74,15:23:00,15:23:00,903128,39.0,3
MV_A5-Weekday-138700_M5_539,M5,d1,1,23:07:00,23:07:00,400639,3.0,1
MV_A5-Weekday-138700_M5_539,M5,d1,2,23:08:19,23:08:19,400640,3.0,1
MV_A5-Weekday-138700_M5_539,M5,d1,3,23:09:22,23:09:22,400641,3.0,1
MV_A5-Weekday-138700_M5_539,M5,d1,4,23:10:13,23:10:13,400642,4.0,1
MV_A5-Weekday-138700_M5_539,M5,d1,5,23:10:50,23:10:50,400643,3.0,1
MV_A5-Weekday-138700_M5_539,M5,d1,6,23:11:29,23:11:29,400644,3.0,1
MV_A5-Weekday-138700_M5_539,M5,d1,7,23:12:12,23:12:12,400645,3.0,1
MV_A5-Weekday-138700_M5_539,M5,d1,8,23:13:02,23:13:02,400646,8.0,1
MV_A5-Weekday-138700_M5_539,M5,d1,9,23:13:55,23:13:55,400647,8.0,1
MV_A5-Weekday-138700_M5_539,M5,d1,10,23:14:38,23:14:38,400648,3.0,1
MV_A5-Weekday-138700_M5_539,M5,d1,11,23:15:20,23:15:20,400649,4.0,1
MV_A5-Weekday-138700_M5_539,M5,d1,12,23:16:00,23:16:00,403373,8.0,1
MV_A5-Weekday-138700_M5_539,M5,d1,13,23:17:14,23:17:14,403374,5.0,1
MV_A5-Weekday-138700_M5_539,M5,d1,14,23:17:58,23:17:58,403375,8.0,1
MV_A5-Weekday-138700_M5_539,M5,d1,15,23:18:41,23:18:41,403376,8.0,1
MV_A5-Weekday-138700_M5_539,M5,d1,16,23:19:34,23:19:34,403377,8.0,1
MV_A5-Weekday-138700_M5_539,M5,d1,17,23:20:54,23:20:54,400655,2.0,1
MV_A5-Weekday-138700_M5_539,M5,d1,18,23:22:04,23:22:04,400656,4.0,1
MV_A5-Weekday-138700_M5_539,M5,d1,19,23:23:19,23:23:19,400657,4.0,1
MV_A5-Weekday-138700_M5_539,M5,d1,20,23:24:10,23:24:10,400658,4.0,1
MV_A5-Weekday-138700_M5_539,M5,d1,21,23:25:27,23:25:27,400659,3.0,1
MV_A5-Weekday-138700_M5_539,M5,d1,22,23:26:00,23:26:00,403483,4.0,1
MV_A5-Weekday-138700_M5_539,M5,d1,23,23:27:25,23:27:25,400661,3.0,1
MV_A5-Weekday-138700_M5_539,M5,d1,24,23:28:09,23:28:09,400662,2.0,1
MV_A5-Weekday-138700_M5_539,M5,d1,25,23:28:53,23:28:53,400663,3.0,1
MV_A5-Weekday-138700_M5_539,M5,d1,26,23:30:00,23:30:00,803157,3.0,1
MV_A5-Weekday-144000_M5_543,M5,d1,1,24:00:00,24:00:00,400808,2.0,1
MV_A5-Weekday-144000_M5_543,M5,d1,2,24:00:50,24:00:50,400809,7.0,1
MV_A5-Weekday-144000_M5_543,M5,d1,3,24:01:31,24:01:31,400810,3.0,1
MV_A5-Weekday-144000_M5_543,M5,d1,4,24:02:13,24:02:13,400811,6.0,1
MV_A5-Weekday-144000_M5_543,M5,d1,5,24:02:43,24:02:43,400812,6.0,1
MV_A5-Weekday-144000_M5_543,M5,d1,6,24:03:56,24:03:56,404918,7.0,1
MV_A5-Weekday-144000_M5_543,M5,d1,7,24:04:57,24:04:57,400814,8.0,1
MV_A5-Weekday-144000_M5_543,M5,d1,8,24:05:34,24:05:34,400815,5.0,1
MV_A5-Weekday-144000_M5_543,M5,d1,9,24:06:14,24:06:14,400816,8.0,1
MV_A5-Weekday-144000_M5_543,M5,d1,10,24:07:00,24:07:00,400655,2.0,1
MV_A5-Weekday-144000_M5_543,M5,d1,11,24:07:50,24:07:50,400656,7.0,1
MV_A5-Weekday-144000_M5_543,M5,d1,12,24:08:43,24:08:43,400657,5.0,1
MV_A5-Weekday-144000_M5_543,M5,d1,13,24:09:20,24:09:20,400658,7.0,1
MV_A5-Weekday-144000_M5_543,M5,d1,14,24:10:15,24:10:15,400659,7.0,1
MV_A5-Weekday-144000_M5_543,M5,d1,15,24:10:38,24:10:38,403483,7.0,1
MV_A5-Weekday-144000_M5_543,M5,d1,16,24:11:47,24:11:47,400661,2.0,1
MV_A5-Weekday-144000_M5_543,M5,d1,17,24:12:23,24:12:23,400662,4.0,1
MV_A5-Weekday-144000_M5_543,M5,d1,18,24:12:59,24:12:59,400663,6.0,1
MV_A5-Weekday-144000_M5_543,M5,d1,19,24:14:00,24:14:00,404011,6.0,1
MV_A5-Weekday-144000_M5_543,M5,d1,20,24:14:16,24:14:16,404012,5.0,1
MV_A5-Weekday-144000_M5_543,M5,d1,21,24:15:46,24:15:46,404822,1.0,1
MV_A5-Weekday-144000_M5_543,M5,d1,22,24:16:34,24:16:34,404259,5.0,1
MV_A5-Weekday-144000_M5_543,M5,d1,23,24:17:09,24:17:09,405580,3.0,1
MV_A5-Weekday-144000_M5_543,M5,d1,24,24:17:42,24:17:42,400834,1.0,1
MV_A5-Weekday-144000_M5_543,M5,d1,25,24:18:03,24:18:03,400835,5.0,1
MV_A5-Weekday-144000_M5_543,M5,d1,26,24:18:24,24:18:24,400836,3.0,1
MV_A5-Weekday-144000_M5_543,M5,d1,27,24:19:05,24:19:05,400837,3.0,1
MV_A5-Weekday-144000_M5_543,M5,d1,28,24:19:25,24:19:25,400838,5.0,1
MV_A5-Weekday-144000_M5_543,M5,d1,29,24:19:47,24:19:47,404130,5.0,1
MV_A5-Weekday-144000_M5_543,M5,d1,30,24:20:32,24:20:32,400840,5.0,1
MV_A5-Weekday-144000_M5_543,M5,d1,31,24:21:00,24:21:00,400841,5.0,1
MV_A5-Weekday-144000_M5_543,M5,d1,32,24:21:42,24:21:42,404131,3.0,1
MV_A5-Weekday-144000_M5_543,M5,d1,33,24:22:20,24:22:20,400843,1.0,1
MV_A5-Weekday-144000_M5_543,M5,d1,34,24:22:59,24:22:59,404855,3.0,1
MV_A5-Weekday-144000_M5_543,M5,d1,35,24:23:37,24:23:37,400846,5.0,1
MV_A5-Weekday-144000_M5_543,M5,d1,36,24:24:04,24:24:04,400847,3.0,1
MV_A5-Weekday-144000_M5_543,M5,d1,37,24:24:33,24:24:33,400848,5.0,1
MV_A5-Weekday-144000_M5_543,M5,d1,38,24:25:00,24:25:00,400849,3.0,1
MV_A5-Weekday-144000_M5_543,M5,d1,39,24:26:19,24:26:19,400851,3.0,1
MV_A5-Weekday-144000_M5_543,M5,d1,40,24:27:06,24:27:06,400852,5.0,1
MV_A5-Weekday-144000_M5_543,M5,d1,41,24:28:13,24:28:13,400853,5.0,1
MV_A5-Weekday-144000_M5_543,M5,d1,42,24:28:57,24:28:57,400854,3.0,1
MV_A5-Weekday-144000_M5_543,M5,d1,43,24:29:55,24:29:55,403169,3.0,1
MV_A5-Weekday-144000_M5_543,M5,d1,44,24:30:31,24:30:31,400856,4.0,1
MV_A5-Weekday-144000_M5_543,M5,d1,45,24:31:28,24:31:28,403171,5.0,1
MV_A5-Weekday-144000_M5_543,M5,d1,46,24:32:08,24:32:08,400858,5.0,1
MV_A5-Weekday-144000_M5_543,M5,d1,47,24:33:10,24:33:10,400860,3.0,1
MV_A5-Weekday-144000_M5_543,M5,d1,48,24:34:00,24:34:00,400861,5.0,1
MV_A5-Weekday-144000_M5_543,M5,d1,49,24:34:17,24:34:17,403781,5.0,1
MV_A5-Weekday-144000_M5_543,M5,d1,50,24:35:14,24:35:14,403047,2.0,1
MV_A5-Weekday-144000_M5_543,M5,d1,51,24:36:13,24:36:13,402446,5.0,1
MV_A5-Weekday-144000_M5_543,M5,d1,52,24:36:38,24:36:38,403266,6.0,1
MV_A5-Weekday-144000_M5_543,M5,d1,53,24:37:05,24:37:05,400131,3.0,1
MV_A5-Weekday-144000_M5_543,M5,d1,54,24:37:26,24:37:26,450123,6.0,1
MV_A5-Weekday-144000_M5_543,M5,d1,55,24:38:07,24:38:07,400133,6.0,1
MV_A5-Weekday-144000_M5_543,M5,d1,56,24:38:28,24:38:28,404180,6.0,1
MV_A5-Weekday-144000_M5_543,M5,d1,57,24:39:00,24:39:00,400135,2.0,1
MV_A5-Weekday-144000_M5_543,M5,d1,58,24:41:31,24:41:31,400322,2.0,1
MV_A5-Weekday-144000_M5_543,M5,d1,59,24:44:01,24:44:01,400323,2.0,1
MV_A5-Weekday-144000_M5_543,M5,d1,60,24:46:43,24:46:43,400324,5.0,1
MV_A5-Weekday-144000_M5_543,M5,d1,61,24:51:00,24:51:00,803082,5.0,1
MV_A5-Weekday-SDon-044200_M5_513,M5,d1,1,7:22:00,7:22:00,400808,52.0,4
MV_A5-Weekday-SDon-044200_M5_513,M5,d1,2,7:23:04,7:23:04,400809,52.0,4
MV_A5-Weekday-SDon-044200_M5_513,M5,d1,3,7:23:58,7:23:58,400810,52.0,4
MV_A5-Weekday-SDon-044200_M5_513,M5,d1,4,7:24:52,7:24:52,400811,52.0,4
MV_A5-Weekday-SDon-044200_M5_513,M5,d1,5,7:25:29,7:25:29,400812,52.0,4
MV_A5-Weekday-SDon-044200_M5_513,M5,d1,6,7:27:03,7:27:03,404918,52.0,4
MV_A5-Weekday-SDon-044200_M5_513,M5,d1,7,7:28:22,7:28:22,400814,52.0,4
MV_A5-Weekday-SDon-044200_M5_513,M5,d1,8,7:29:10,7:29:10,400815,52.0,4
MV_A5-Weekday-SDon-044200_M5_513,M5,d1,9,7:30:00,7:30:00,400816,52.0,4
MV_A5-Weekday-SDon-044200_M5_513,M5,d1,10,7:31:00,7:31:00,400655,52.0,4
MV_A5-Weekday-SDon-044200_M5_513,M5,d1,11,7:33:28,7:33:28,400657,52.0,4
MV_A5-Weekday-SDon-044200_M5_513,M5,d1,12,7:36:12,7:36:12,403483,52.0,4
MV_A5-Weekday-SDon-044200_M5_513,M5,d1,13,7:38:42,7:38:42,400662,52.0,4
MV_A5-Weekday-SDon-044200_M5_513,M5,d1,14,7:41:00,7:41:00,404011,52.0,4
MV_A5-Weekday-SDon-044200_M5_513,M5,d1,15,7:41:26,7:41:26,404012,52.0,4
MV_A5-Weekday-SDon-044200_M5_513,M5,d1,16,7:43:46,7:43:46,404822,52.0,4
MV_A5-Weekday-SDon-044200_M5_513,M5,d1,17,7:45:02,7:45:02,404259,52.0,4
MV_A5-Weekday-SDon-044200_M5_513,M5,d1,18,7:45:56,7:45:56,405580,52.0,4
MV_A5-Weekday-SDon-044200_M5_513,M5,d1,19,7:46:49,7:46:49,400834,52.0,4
MV_A5-Weekday-SDon-044200_M5_513,M5,d1,20,7:47:23,7:47:23,400835,7.0,1
MV_A5-Weekday-SDon-044200_M5_513,M5,d1,21,7:47:54,7:47:54,400836,10.0,1
MV_A5-Weekday-SDon-044200_M5_513,M5,d1,22,7:48:59,7:48:59,400837,10.0,1
MV_A5-Weekday-SDon-044200_M5_513,M5,d1,23,7:49:31,7:49:31,400838,10.0,1
MV_A5-Weekday-SDon-044200_M5_513,M5,d1,24,7:50:05,7:50:05,404130,10.0,1
MV_A5-Weekday-SDon-044200_M5_513,M5,d1,25,7:51:16,7:51:16,400840,13.0,1
MV_A5-Weekday-SDon-044200_M5_513,M5,d1,26,7:52:00,7:52:00,400841,13.0,1
MV_A5-Weekday-SDon-044200_M5_513,M5,d1,27,7:53:24,7:53:24,404131,13.0,1
MV_A5-Weekday-SDon-044200_M5_513,M5,d1,28,7:54:40,7:54:40,400843,13.0,1
MV_A5-Weekday-SDon-044200_M5_513,M5,d1,29,7:55:57,7:55:57,404855,13.0,2
MV_A5-Weekday-SDon-044200_M5_513,M5,d1,30,7:57:13,7:57:13,400846,22.0,2
MV_A5-Weekday-SDon-044200_M5_513,M5,d1,31,7:58:08,7:58:08,400847,22.0,2
MV_A5-Weekday-SDon-044200_M5_513,M5,d1,32,7:59:06,7:59:06,400848,22.0,2
MV_A5-Weekday-SDon-044200_M5_513,M5,d1,33,8:00:00,8:00:00,400849,22.0,2
MV_A5-Weekday-SDon-044200_M5_513,M5,d1,34,8:02:04,8:02:04,400851,22.0,2
MV_A5-Weekday-SDon-044200_M5_513,M5,d1,35,8:03:16,8:03:16,400852,17.0,2
MV_A5-Weekday-SDon-044200_M5_513,M5,d1,36,8:05:01,8:05:01,400853,12.0,2
MV_A5-Weekday-SDon-044200_M5_513,M5,d1,37,8:06:08,8:06:08,400854,22.0,2
MV_A5-Weekday-SDon-044200_M5_513,M5,d1,38,8:10:03,8:10:03,403171,28.0,2
MV_A5-Weekday-SDon-044200_M5_513,M5,d1,39,8:14:00,8:14:00,400861,28.0,2
MV_A5-Weekday-SDon-044200_M5_513,M5,d1,40,8:17:57,8:17:57,403047,28.0,2
MV_A5-Weekday-SDon-044200_M5_513,M5,d1,41,8:21:07,8:21:07,402446,28.0,2
MV_A5-Weekday-SDon-044200_M5_513,M5,d1,42,8:24:58,8:24:58,450123,8.0,1
MV_A5-Weekday-SDon-044200_M5_513,M5,d1,43,8:30:00,8:30:00,400135,6.0,2
MV_A5-Weekday-SDon-044200_M5_513,M5,d1,44,8:31:28,8:31:28,400322,19.0,2
MV_A5-Weekday-SDon-044200_M5_513,M5,d1,45,8:32:56,8:32:56,400323,19.0,2
MV_A5-Weekday-SDon-044200_M5_513,M5,d1,46,8:34:30,8:34:30,400324,5.0,1
MV_A5-Weekday-SDon-044200_M5_513,M5,d1,47,8:37:00,8:37:00,803082,5.0,1
MV_A5-Weekday-144000_M5_542,M5,d1,1,24:00:00,24:00:00,400639,2.0,1
MV_A5-Weekday-144000_M5_542,M5,d1,2,24:01:10,24:01:10,400640,2.0,1
MV_A5-Weekday-144000_M5_542,M5,d1,3,24:02:06,24:02:06,400641,2.0,1
MV_A5-Weekday-144000_M5_542,M5,d1,4,24:02:51,24:02:51,400642,2.0,1
MV_A5-Weekday-144000_M5_542,M5,d1,5,24:03:25,24:03:25,400643,2.0,1
MV_A5-Weekday-144000_M5_542,M5,d1,6,24:03:59,24:03:59,400644,2.0,1
MV_A5-Weekday-144000_M5_542,M5,d1,7,24:04:37,24:04:37,400645,2.0,1
MV_A5-Weekday-144000_M5_542,M5,d1,8,24:05:22,24:05:22,400646,3.0,1
MV_A5-Weekday-144000_M5_542,M5,d1,9,24:06:09,24:06:09,400647,2.0,1
MV_A5-Weekday-144000_M5_542,M5,d1,10,24:06:47,24:06:47,400648,3.0,1
MV_A5-Weekday-144000_M5_542,M5,d1,11,24:07:25,24:07:25,400649,3.0,1
MV_A5-Weekday-144000_M5_542,M5,d1,12,24:08:00,24:08:00,403373,4.0,1
MV_A5-Weekday-144000_M5_542,M5,d1,13,24:08:59,24:08:59,403374,4.0,1
MV_A5-Weekday-144000_M5_542,M5,d1,14,24:09:34,24:09:34,403375,4.0,1
MV_A5-Weekday-144000_M5_542,M5,d1,15,24:10:09,24:10:09,403376,4.0,1
MV_A5-Weekday-144000_M5_542,M5,d1,16,24:10:51,24:10:51,403377,4.0,1
MV_A5-Weekday-144000_M5_542,M5,d1,17,24:11:55,24:11:55,400655,1.0,1
MV_A5-Weekday-144000_M5_542,M5,d1,18,24:12:51,24:12:51,400656,1.0,1
MV_A5-Weekday-144000_M5_542,M5,d1,19,24:13:51,24:13:51,400657,1.0,1
MV_A5-Weekday-144000_M5_542,M5,d1,20,24:14:32,24:14:32,400658,1.0,1
MV_A5-Weekday-144000_M5_542,M5,d1,21,24:15:33,24:15:33,400659,1.0,1
MV_A5-Weekday-144000_M5_542,M5,d1,22,24:16:00,24:16:00,403483,1.0,1
MV_A5-Weekday-144000_M5_542,M5,d1,23,24:17:04,24:17:04,400661,1.0,1
MV_A5-Weekday-144000_M5_542,M5,d1,24,24:17:37,24:17:37,400662,1.0,1
MV_A5-Weekday-144000_M5_542,M5,d1,25,24:18:10,24:18:10,400663,1.0,1
MV_A5-Weekday-144000_M5_542,M5,d1,26,24:19:00,24:19:00,803157,1.0,1
MV_A5-Weekday-116500_M5_537,M5,d1,1,19:25:00,19:25:00,400808,7.0,1
MV_A5-Weekday-116500_M5_537,M5,d1,2,19:26:04,19:26:04,400809,7.0,1
MV_A5-Weekday-116500_M5_537,M5,d1,3,19:26:58,19:26:58,400810,7.0,1
MV_A5-Weekday-116500_M5_537,M5,d1,4,19:27:52,19:27:52,400811,16.0,1
MV_A5-Weekday-116500_M5_537,M5,d1,5,19:28:29,19:28:29,400812,16.0,2
MV_A5-Weekday-116500_M5_537,M5,d1,6,19:30:03,19:30:03,404918,19.0,2
MV_A5-Weekday-116500_M5_537,M5,d1,7,19:31:22,19:31:22,400814,15.0,1
MV_A5-Weekday-116500_M5_537,M5,d1,8,19:32:10,19:32:10,400815,5.0,1
MV_A5-Weekday-116500_M5_537,M5,d1,9,19:33:00,19:33:00,400816,14.0,1
MV_A5-Weekday-116500_M5_537,M5,d1,10,19:34:00,19:34:00,400655,14.0,1
MV_A5-Weekday-116500_M5_537,M5,d1,11,19:35:26,19:35:26,400656,14.0,1
MV_A5-Weekday-116500_M5_537,M5,d1,12,19:36:57,19:36:57,400657,11.0,1
MV_A5-Weekday-116500_M5_537,M5,d1,13,19:38:00,19:38:00,400658,8.0,1
MV_A5-Weekday-116500_M5_537,M5,d1,14,19:39:34,19:39:34,400659,10.0,1
MV_A5-Weekday-116500_M5_537,M5,d1,15,19:40:15,19:40:15,403483,10.0,1
MV_A5-Weekday-116500_M5_537,M5,d1,16,19:42:12,19:42:12,400661,4.0,1
MV_A5-Weekday-116500_M5_537,M5,d1,17,19:43:14,19:43:14,400662,10.0,1
MV_A5-Weekday-116500_M5_537,M5,d1,18,19:44:15,19:44:15,400663,8.0,1
MV_A5-Weekday-116500_M5_537,M5,d1,19,19:46:00,19:46:00,404011,8.0,1
MV_A5-Weekday-116500_M5_537,M5,d1,20,19:46:21,19:46:21,404012,8.0,1
MV_A5-Weekday-116500_M5_537,M5,d1,21,19:48:16,19:48:16,404822,6.0,1
MV_A5-Weekday-116500_M5_537,M5,d1,22,19:49:18,19:49:18,404259,6.0,1
MV_A5-Weekday-116500_M5_537,M5,d1,23,19:50:03,19:50:03,405580,6.0,1
MV_A5-Weekday-116500_M5_537,M5,d1,24,19:50:46,19:50:46,400834,4.0,1
MV_A5-Weekday-116500_M5_537,M5,d1,25,19:51:13,19:51:13,400835,5.0,1
MV_A5-Weekday-116500_M5_537,M5,d1,26,19:51:39,19:51:39,400836,4.0,1
MV_A5-Weekday-116500_M5_537,M5,d1,27,19:52:32,19:52:32,400837,5.0,1
MV_A5-Weekday-116500_M5_537,M5,d1,28,19:52:58,19:52:58,400838,5.0,1
MV_A5-Weekday-116500_M5_537,M5,d1,29,19:53:26,19:53:26,404130,5.0,1
MV_A5-Weekday-116500_M5_537,M5,d1,30,19:54:24,19:54:24,400840,5.0,1
MV_A5-Weekday-116500_M5_537,M5,d1,31,19:55:00,19:55:00,400841,4.0,1
MV_A5-Weekday-116500_M5_537,M5,d1,32,19:55:52,19:55:52,404131,5.0,1
MV_A5-Weekday-116500_M5_537,M5,d1,33,19:56:40,19:56:40,400843,4.0,1
MV_A5-Weekday-116500_M5_537,M5,d1,34,19:57:28,19:57:28,404855,5.0,1
MV_A5-Weekday-116500_M5_537,M5,d1,35,19:58:16,19:58:16,400846,5.0,1
MV_A5-Weekday-116500_M5_537,M5,d1,36,19:58:50,19:58:50,400847,6.0,1
MV_A5-Weekday-116500_M5_537,M5,d1,37,19:59:26,19:59:26,400848,5.0,1
MV_A5-Weekday-116500_M5_537,M5,d1,38,20:00:00,20:00:00,400849,6.0,1
MV_A5-Weekday-116500_M5_537,M5,d1,39,20:01:55,20:01:55,400851,5.0,1
MV_A5-Weekday-116500_M5_537,M5,d1,40,20:03:02,20:03:02,400852,6.0,1
MV_A5-Weekday-116500_M5_537,M5,d1,41,20:04:39,20:04:39,400853,6.0,1
MV_A5-Weekday-116500_M5_537,M5,d1,42,20:05:42,20:05:42,400854,8.0,1
MV_A5-Weekday-116500_M5_537,M5,d1,43,20:07:06,20:07:06,403169,3.0,1
MV_A5-Weekday-116500_M5_537,M5,d1,44,20:07:58,20:07:58,400856,9.0,1
MV_A5-Weekday-116500_M5_537,M5,d1,45,20:09:20,20:09:20,403171,9.0,1
MV_A5-Weekday-116500_M5_537,M5,d1,46,20:10:18,20:10:18,400858,9.0,1
MV_A5-Weekday-116500_M5_537,M5,d1,47,20:11:48,20:11:48,400860,10.0,1
MV_A5-Weekday-116500_M5_537,M5,d1,48,20:13:00,20:13:00,400861,4.0,1
MV_A5-Weekday-116500_M5_537,M5,d1,49,20:13:28,20:13:28,403781,9.0,1
MV_A5-Weekday-116500_M5_537,M5,d1,50,20:14:59,20:14:59,403047,7.0,1
MV_A5-Weekday-116500_M5_537,M5,d1,51,20:16:34,20:16:34,402446,8.0,1
MV_A5-Weekday-116500_M5_537,M5,d1,52,20:17:13,20:17:13,403266,8.0,1
MV_A5-Weekday-116500_M5_537,M5,d1,53,20:17:56,20:17:56,400131,8.0,1
MV_A5-Weekday-116500_M5_537,M5,d1,54,20:18:29,20:18:29,450123,7.0,1
MV_A5-Weekday-116500_M5_537,M5,d1,55,20:19:35,20:19:35,400133,7.0,1
MV_A5-Weekday-116500_M5_537,M5,d1,56,20:20:08,20:20:08,404180,7.0,1
MV_A5-Weekday-116500_M5_537,M5,d1,57,20:21:00,20:21:00,400135,6.0,1
MV_A5-Weekday-116500_M5_537,M5,d1,58,20:24:21,20:24:21,400322,7.0,1
MV_A5-Weekday-116500_M5_537,M5,d1,59,20:27:41,20:27:41,400323,7.0,1
MV_A5-Weekday-116500_M5_537,M5,d1,60,20:31:17,20:31:17,400324,1.0,1
MV_A5-Weekday-116500_M5_537,M5,d1,61,20:37:00,20:37:00,803082,1.0,1
MV_A5-Weekday-093800_M5_513,M5,d1,1,15:38:00,15:38:00,403835,4.0,1
MV_A5-Weekday-093800_M5_513,M5,d1,2,15:40:00,15:40:00,400639,4.0,1
MV_A5-Weekday-093800_M5_513,M5,d1,3,15:42:03,15:42:03,400640,4.0,1
MV_A5-Weekday-093800_M5_513,M5,d1,4,15:43:41,15:43:41,400641,8.0,1
MV_A5-Weekday-093800_M5_513,M5,d1,5,15:45:00,15:45:00,400642,8.0,1
MV_A5-Weekday-093800_M5_513,M5,d1,6,15:45:58,15:45:58,400643,8.0,1
MV_A5-Weekday-093800_M5_513,M5,d1,7,15:46:58,15:46:58,400644,15.0,1
MV_A5-Weekday-093800_M5_513,M5,d1,8,15:48:05,15:48:05,400645,16.0,1
MV_A5-Weekday-093800_M5_513,M5,d1,9,15:49:23,15:49:23,400646,16.0,1
MV_A5-Weekday-093800_M5_513,M5,d1,10,15:50:46,15:50:46,400647,10.0,1
MV_A5-Weekday-093800_M5_513,M5,d1,11,15:51:53,15:51:53,400648,11.0,2
MV_A5-Weekday-093800_M5_513,M5,d1,12,15:52:58,15:52:58,400649,17.0,2
MV_A5-Weekday-093800_M5_513,M5,d1,13,15:54:00,15:54:00,403373,20.0,2
MV_A5-Weekday-093800_M5_513,M5,d1,14,15:55:43,15:55:43,403374,10.0,1
MV_A5-Weekday-093800_M5_513,M5,d1,15,15:56:45,15:56:45,403375,15.0,1
MV_A5-Weekday-093800_M5_513,M5,d1,16,15:57:46,15:57:46,403376,15.0,1
MV_A5-Weekday-093800_M5_513,M5,d1,17,15:59:00,15:59:00,403377,11.0,2
MV_A5-Weekday-093800_M5_513,M5,d1,18,16:00:51,16:00:51,400655,28.0,2
MV_A5-Weekday-093800_M5_513,M5,d1,19,16:02:30,16:02:30,400656,28.0,2
MV_A5-Weekday-093800_M5_513,M5,d1,20,16:04:14,16:04:14,400657,18.0,2
MV_A5-Weekday-093800_M5_513,M5,d1,21,16:05:26,16:05:26,400658,19.0,2
MV_A5-Weekday-093800_M5_513,M5,d1,22,16:07:13,16:07:13,400659,24.0,2
MV_A5-Weekday-093800_M5_513,M5,d1,23,16:08:00,16:08:00,403483,20.0,2
MV_A5-Weekday-093800_M5_513,M5,d1,24,16:10:07,16:10:07,400661,27.0,2
MV_A5-Weekday-093800_M5_513,M5,d1,25,16:11:14,16:11:14,400662,27.0,2
MV_A5-Weekday-093800_M5_513,M5,d1,26,16:12:20,16:12:20,400663,14.0,2
MV_A5-Weekday-093800_M5_513,M5,d1,27,16:14:00,16:14:00,803157,24.0,2
MV_A5-Weekday-093800_M5_513,M5,d1,28,16:16:00,16:16:00,404148,11.0,1
MV_A5-Weekday-093800_M5_513,M5,d1,29,16:18:07,16:18:07,403903,11.0,1
MV_A5-Weekday-093800_M5_513,M5,d1,30,16:19:10,16:19:10,403142,11.0,1
MV_A5-Weekday-093800_M5_513,M5,d1,31,16:20:20,16:20:20,403144,11.0,1
MV_A5-Weekday-093800_M5_513,M5,d1,32,16:22:10,16:22:10,403145,12.0,1
MV_A5-Weekday-093800_M5_513,M5,d1,33,16:23:26,16:23:26,405234,10.0,2
MV_A5-Weekday-093800_M5_513,M5,d1,34,16:25:36,16:25:36,403147,29.0,2
MV_A5-Weekday-093800_M5_513,M5,d1,35,16:26:47,16:26:47,403148,29.0,2
MV_A5-Weekday-093800_M5_513,M5,d1,36,16:27:56,16:27:56,403149,15.0,2
MV_A5-Weekday-093800_M5_513,M5,d1,37,16:29:24,16:29:24,400676,18.0,2
MV_A5-Weekday-093800_M5_513,M5,d1,38,16:31:16,16:31:16,400677,18.0,2
MV_A5-Weekday-093800_M5_513,M5,d1,39,16:33:11,16:33:11,400678,18.0,2
MV_A5-Weekday-093800_M5_513,M5,d1,40,16:34:00,16:34:00,400485,18.0,2
MV_A5-Weekday-093800_M5_513,M5,d1,41,16:35:43,16:35:43,400486,18.0,2
MV_A5-Weekday-093800_M5_513,M5,d1,42,16:38:00,16:38:00,400290,10.0,1
MV_A5-Weekday-093800_M5_513,M5,d1,43,16:40:15,16:40:15,404278,10.0,1
MV_A5-Weekday-093800_M5_513,M5,d1,44,16:42:00,16:42:00,400292,7.0,1
MV_A5-Weekday-093800_M5_513,M5,d1,45,16:43:33,16:43:33,400108,7.0,1
MV_A5-Weekday-093800_M5_513,M5,d1,46,16:44:46,16:44:46,400109,4.0,1
MV_A5-Weekday-093800_M5_513,M5,d1,47,16:45:54,16:45:54,400110,5.0,1
MV_A5-Weekday-093800_M5_513,M5,d1,48,16:47:08,16:47:08,400111,5.0,1
MV_A5-Weekday-093800_M5_513,M5,d1,49,16:49:18,16:49:18,404081,1.0,1
MV_A5-Weekday-093800_M5_513,M5,d1,50,16:50:48,16:50:48,404168,2.0,1
MV_A5-Weekday-093800_M5_513,M5,d1,51,16:51:43,16:51:43,400115,2.0,1
MV_A5-Weekday-093800_M5_513,M5,d1,52,16:52:57,16:52:57,400116,2.0,1
MV_A5-Weekday-093800_M5_513,M5,d1,53,16:54:03,16:54:03,400117,2.0,1
MV_A5-Weekday-093800_M5_513,M5,d1,54,16:55:42,16:55:42,400118,1.0,1
MV_A5-Weekday-093800_M5_513,M5,d1,55,16:57:18,16:57:18,400119,10.0,1
MV_A5-Weekday-093800_M5_513,M5,d1,56,16:59:42,16:59:42,400120,10.0,1
MV_A5-Weekday-093800_M5_513,M5,d1,57,17:00:40,17:00:40,400121,10.0,1
MV_A5-Weekday-093800_M5_513,M5,d1,58,17:01:42,17:01:42,400122,10.0,1
MV_A5-Weekday-093800_M5_513,M5,d1,59,17:02:51,17:02:51,400123,10.0,1
MV_A5-Weekday-093800_M5_513,M5,d1,60,17:05:00,17:05:00,400124,10.0,1
MV_A5-Weekday-093800_M5_513,M5,d1,61,17:07:13,17:07:13,400125,10.0,1
MV_A5-Weekday-093800_M5_513,M5,d1,62,17:09:48,17:09:48,400126,10.0,1
MV_A5-Weekday-093800_M5_513,M5,d1,63,17:11:43,17:11:43,400127,10.0,1
MV_A5-Weekday-093800_M5_513,M5,d1,64,17:13:02,17:13:02,400128,10.0,1
MV_A5-Weekday-093800_M5_513,M5,d1,65,17:14:39,17:14:39,400512,10.0,1
MV_A5-Weekday-093800_M5_513,M5,d1,66,17:18:05,17:18:05,403266,10.0,1
MV_A5-Weekday-093800_M5_513,M5,d1,67,17:20:26,17:20:26,400514,10.0,3
MV_A5-Weekday-093800_M5_513,M5,d1,68,17:22:50,17:22:50,400515,35.0,3
MV_A5-Weekday-093800_M5_513,M5,d1,69,17:25:14,17:25:14,400516,35.0,3
MV_A5-Weekday-093800_M5_513,M5,d1,70,17:26:52,17:26:52,405179,35.0,3
MV_A5-Weekday-093800_M5_513,M5,d1,71,17:29:00,17:29:00,400518,35.0,3
MV_A5-Weekday-093800_M5_513,M5,d1,72,17:31:25,17:31:25,400519,35.0,3
MV_A5-Weekday-093800_M5_513,M5,d1,73,17:32:51,17:32:51,405486,24.0,2
MV_A5-Weekday-093800_M5_513,M5,d1,74,17:36:00,17:36:00,903128,24.0,2
MV_A5-Weekday-113500_M5_538,M5,d1,1,18:55:00,18:55:00,400808,14.0,1
MV_A5-Weekday-113500_M5_538,M5,d1,2,18:56:04,18:56:04,400809,13.0,2
MV_A5-Weekday-113500_M5_538,M5,d1,3,18:56:58,18:56:58,400810,20.0,2
MV_A5-Weekday-113500_M5_538,M5,d1,4,18:57:52,18:57:52,400811,19.0,2
MV_A5-Weekday-113500_M5_538,M5,d1,5,18:58:29,18:58:29,400812,14.0,1
MV_A5-Weekday-113500_M5_538,M5,d1,6,19:00:03,19:00:03,404918,12.0,2
MV_A5-Weekday-113500_M5_538,M5,d1,7,19:01:22,19:01:22,400814,17.0,2
MV_A5-Weekday-113500_M5_538,M5,d1,8,19:02:10,19:02:10,400815,2.0,1
MV_A5-Weekday-113500_M5_538,M5,d1,9,19:03:00,19:03:00,400816,12.0,2
MV_A5-Weekday-113500_M5_538,M5,d1,10,19:04:00,19:04:00,400655,20.0,2
MV_A5-Weekday-113500_M5_538,M5,d1,11,19:05:26,19:05:26,400656,10.0,1
MV_A5-Weekday-113500_M5_538,M5,d1,12,19:06:57,19:06:57,400657,14.0,1
MV_A5-Weekday-113500_M5_538,M5,d1,13,19:08:00,19:08:00,400658,9.0,1
MV_A5-Weekday-113500_M5_538,M5,d1,14,19:09:34,19:09:34,400659,9.0,1
MV_A5-Weekday-113500_M5_538,M5,d1,15,19:10:15,19:10:15,403483,13.0,1
MV_A5-Weekday-113500_M5_538,M5,d1,16,19:12:12,19:12:12,400661,13.0,1
MV_A5-Weekday-113500_M5_538,M5,d1,17,19:13:14,19:13:14,400662,8.0,1
MV_A5-Weekday-113500_M5_538,M5,d1,18,19:14:15,19:14:15,400663,5.0,1
MV_A5-Weekday-113500_M5_538,M5,d1,19,19:16:00,19:16:00,404011,6.0,1
MV_A5-Weekday-113500_M5_538,M5,d1,20,19:16:21,19:16:21,404012,6.0,1
MV_A5-Weekday-113500_M5_538,M5,d1,21,19:18:16,19:18:16,404822,6.0,1
MV_A5-Weekday-113500_M5_538,M5,d1,22,19:19:18,19:19:18,404259,5.0,1
MV_A5-Weekday-113500_M5_538,M5,d1,23,19:20:03,19:20:03,405580,8.0,1
MV_A5-Weekday-113500_M5_538,M5,d1,24,19:20:46,19:20:46,400834,9.0,1
MV_A5-Weekday-113500_M5_538,M5,d1,25,19:21:13,19:21:13,400835,5.0,1
MV_A5-Weekday-113500_M5_538,M5,d1,26,19:21:39,19:21:39,400836,9.0,1
MV_A5-Weekday-113500_M5_538,M5,d1,27,19:22:32,19:22:32,400837,9.0,1
MV_A5-Weekday-113500_M5_538,M5,d1,28,19:22:58,19:22:58,400838,9.0,1
MV_A5-Weekday-113500_M5_538,M5,d1,29,19:23:26,19:23:26,404130,5.0,1
MV_A5-Weekday-113500_M5_538,M5,d1,30,19:24:24,19:24:24,400840,2.0,1
MV_A5-Weekday-113500_M5_538,M5,d1,31,19:25:00,19:25:00,400841,8.0,1
MV_A5-Weekday-113500_M5_538,M5,d1,32,19:26:24,19:26:24,404131,9.0,1
MV_A5-Weekday-113500_M5_538,M5,d1,33,19:27:40,19:27:40,400843,9.0,1
MV_A5-Weekday-113500_M5_538,M5,d1,34,19:28:57,19:28:57,404855,3.0,1
MV_A5-Weekday-113500_M5_538,M5,d1,35,19:30:13,19:30:13,400846,3.0,1
MV_A5-Weekday-113500_M5_538,M5,d1,36,19:31:08,19:31:08,400847,4.0,1
MV_A5-Weekday-113500_M5_538,M5,d1,37,19:32:06,19:32:06,400848,3.0,1
MV_A5-Weekday-113500_M5_538,M5,d1,38,19:33:00,19:33:00,400849,4.0,1
MV_A5-Weekday-113500_M5_538,M5,d1,39,19:35:04,19:35:04,400851,4.0,1
MV_A5-Weekday-113500_M5_538,M5,d1,40,19:36:16,19:36:16,400852,8.0,1
MV_A5-Weekday-113500_M5_538,M5,d1,41,19:38:01,19:38:01,400853,5.0,1
MV_A5-Weekday-113500_M5_538,M5,d1,42,19:39:08,19:39:08,400854,4.0,1
MV_A5-Weekday-113500_M5_538,M5,d1,43,19:40:38,19:40:38,403169,2.0,1
MV_A5-Weekday-113500_M5_538,M5,d1,44,19:41:35,19:41:35,400856,6.0,1
MV_A5-Weekday-113500_M5_538,M5,d1,45,19:43:03,19:43:03,403171,9.0,1
MV_A5-Weekday-113500_M5_538,M5,d1,46,19:44:05,19:44:05,400858,9.0,1
MV_A5-Weekday-113500_M5_538,M5,d1,47,19:45:42,19:45:42,400860,6.0,1
MV_A5-Weekday-113500_M5_538,M5,d1,48,19:47:00,19:47:00,400861,9.0,1
MV_A5-Weekday-113500_M5_538,M5,d1,49,19:47:34,19:47:34,403781,9.0,1
MV_A5-Weekday-113500_M5_538,M5,d1,50,19:49:28,19:49:28,403047,8.0,1
MV_A5-Weekday-113500_M5_538,M5,d1,51,19:51:27,19:51:27,402446,5.0,1
MV_A5-Weekday-113500_M5_538,M5,d1,52,19:52:17,19:52:17,403266,8.0,1
MV_A5-Weekday-113500_M5_538,M5,d1,53,19:53:10,19:53:10,400131,9.0,1
MV_A5-Weekday-113500_M5_538,M5,d1,54,19:53:51,19:53:51,450123,9.0,1
MV_A5-Weekday-113500_M5_538,M5,d1,55,19:55:14,19:55:14,400133,9.0,1
MV_A5-Weekday-113500_M5_538,M5,d1,56,19:55:55,19:55:55,404180,9.0,1
MV_A5-Weekday-113500_M5_538,M5,d1,57,19:57:00,19:57:00,400135,7.0,1
MV_A5-Weekday-113500_M5_538,M5,d1,58,20:00:34,20:00:34,400322,7.0,1
MV_A5-Weekday-113500_M5_538,M5,d1,59,20:04:06,20:04:06,400323,7.0,1
MV_A5-Weekday-113500_M5_538,M5,d1,60,20:07:55,20:07:55,400324,2.0,1
MV_A5-Weekday-113500_M5_538,M5,d1,61,20:14:00,20:14:00,803082,2.0,1
MV_A5-Weekday-047400_M5_516,M5,d1,1,7:54:00,7:54:00,400808,23.0,2
MV_A5-Weekday-047400_M5_516,M5,d1,2,7:55:04,7:55:04,400809,23.0,2
MV_A5-Weekday-047400_M5_516,M5,d1,3,7:55:58,7:55:58,400810,23.0,2
MV_A5-Weekday-047400_M5_516,M5,d1,4,7:56:52,7:56:52,400811,23.0,2
MV_A5-Weekday-047400_M5_516,M5,d1,5,7:57:29,7:57:29,400812,18.0,2
MV_A5-Weekday-047400_M5_516,M5,d1,6,7:59:03,7:59:03,404918,12.0,1
MV_A5-Weekday-047400_M5_516,M5,d1,7,8:00:22,8:00:22,400814,16.0,1
MV_A5-Weekday-047400_M5_516,M5,d1,8,8:01:10,8:01:10,400815,16.0,2
MV_A5-Weekday-047400_M5_516,M5,d1,9,8:02:00,8:02:00,400816,17.0,2
MV_A5-Weekday-047400_M5_516,M5,d1,10,8:03:00,8:03:00,400655,19.0,2
MV_A5-Weekday-047400_M5_516,M5,d1,11,8:05:13,8:05:13,400657,19.0,2
MV_A5-Weekday-047400_M5_516,M5,d1,12,8:07:41,8:07:41,403483,12.0,1
MV_A5-Weekday-047400_M5_516,M5,d1,13,8:09:56,8:09:56,400662,11.0,1
MV_A5-Weekday-047400_M5_516,M5,d1,14,8:12:00,8:12:00,404011,11.0,1
MV_A5-Weekday-047400_M5_516,M5,d1,15,8:12:26,8:12:26,404012,11.0,1
MV_A5-Weekday-047400_M5_516,M5,d1,16,8:14:46,8:14:46,404822,11.0,1
MV_A5-Weekday-047400_M5_516,M5,d1,17,8:16:02,8:16:02,404259,11.0,1
MV_A5-Weekday-047400_M5_516,M5,d1,18,8:16:56,8:16:56,405580,11.0,1
MV_A5-Weekday-047400_M5_516,M5,d1,19,8:17:49,8:17:49,400834,9.0,1
MV_A5-Weekday-047400_M5_516,M5,d1,20,8:18:23,8:18:23,400835,9.0,1
MV_A5-Weekday-047400_M5_516,M5,d1,21,8:18:54,8:18:54,400836,9.0,1
MV_A5-Weekday-047400_M5_516,M5,d1,22,8:19:59,8:19:59,400837,9.0,2
MV_A5-Weekday-047400_M5_516,M5,d1,23,8:20:31,8:20:31,400838,21.0,2
MV_A5-Weekday-047400_M5_516,M5,d1,24,8:21:05,8:21:05,404130,21.0,2
MV_A5-Weekday-047400_M5_516,M5,d1,25,8:22:16,8:22:16,400840,21.0,2
MV_A5-Weekday-047400_M5_516,M5,d1,26,8:23:00,8:23:00,400841,21.0,2
MV_A5-Weekday-047400_M5_516,M5,d1,27,8:24:24,8:24:24,404131,12.0,1
MV_A5-Weekday-047400_M5_516,M5,d1,28,8:25:40,8:25:40,400843,16.0,1
MV_A5-Weekday-047400_M5_516,M5,d1,29,8:26:57,8:26:57,404855,16.0,1
MV_A5-Weekday-047400_M5_516,M5,d1,30,8:28:13,8:28:13,400846,16.0,2
MV_A5-Weekday-047400_M5_516,M5,d1,31,8:29:08,8:29:08,400847,18.0,2
MV_A5-Weekday-047400_M5_516,M5,d1,32,8:30:06,8:30:06,400848,23.0,2
MV_A5-Weekday-047400_M5_516,M5,d1,33,8:31:00,8:31:00,400849,23.0,2
MV_A5-Weekday-047400_M5_516,M5,d1,34,8:33:04,8:33:04,400851,24.0,2
MV_A5-Weekday-047400_M5_516,M5,d1,35,8:34:16,8:34:16,400852,24.0,2
MV_A5-Weekday-047400_M5_516,M5,d1,36,8:36:01,8:36:01,400853,20.0,3
MV_A5-Weekday-047400_M5_516,M5,d1,37,8:37:08,8:37:08,400854,36.0,3
MV_A5-Weekday-047400_M5_516,M5,d1,38,8:41:03,8:41:03,403171,35.0,3
MV_A5-Weekday-047400_M5_516,M5,d1,39,8:45:00,8:45:00,400861,39.0,3
MV_A5-Weekday-047400_M5_516,M5,d1,40,8:49:27,8:49:27,403047,36.0,3
MV_A5-Weekday-047400_M5_516,M5,d1,41,8:53:00,8:53:00,402446,26.0,2
MV_A5-Weekday-047400_M5_516,M5,d1,42,8:57:20,8:57:20,450123,14.0,1
MV_A5-Weekday-047400_M5_516,M5,d1,43,9:03:00,9:03:00,400135,10.0,1
MV_A5-Weekday-047400_M5_516,M5,d1,44,9:04:28,9:04:28,400322,2.0,1
MV_A5-Weekday-047400_M5_516,M5,d1,45,9:05:56,9:05:56,400323,2.0,1
MV_A5-Weekday-047400_M5_516,M5,d1,46,9:07:30,9:07:30,400324,3.0,1
MV_A5-Weekday-047400_M5_516,M5,d1,47,9:10:00,9:10:00,803082,3.0,1
MV_A5-Weekday-SDon-104500_M5_528,M5,d1,1,17:25:00,17:25:00,400808,6.0,2
MV_A5-Weekday-SDon-104500_M5_528,M5,d1,2,17:26:19,17:26:19,400809,20.0,2
MV_A5-Weekday-SDon-104500_M5_528,M5,d1,3,17:27:24,17:27:24,400810,20.0,2
MV_A5-Weekday-SDon-104500_M5_528,M5,d1,4,17:28:30,17:28:30,400811,20.0,2
MV_A5-Weekday-SDon-104500_M5_528,M5,d1,5,17:29:16,17:29:16,400812,17.0,3
MV_A5-Weekday-SDon-104500_M5_528,M5,d1,6,17:31:11,17:31:11,404918,42.0,3
MV_A5-Weekday-SDon-104500_M5_528,M5,d1,7,17:32:47,17:32:47,400814,39.0,3
MV_A5-Weekday-SDon-104500_M5_528,M5,d1,8,17:33:45,17:33:45,400815,44.0,3
MV_A5-Weekday-SDon-104500_M5_528,M5,d1,9,17:34:47,17:34:47,400816,44.0,3
MV_A5-Weekday-SDon-104500_M5_528,M5,d1,10,17:36:00,17:36:00,400655,34.0,3
MV_A5-Weekday-SDon-104500_M5_528,M5,d1,11,17:38:28,17:38:28,400657,24.0,2
MV_A5-Weekday-SDon-104500_M5_528,M5,d1,12,17:41:12,17:41:12,403483,17.0,2
MV_A5-Weekday-SDon-104500_M5_528,M5,d1,13,17:43:42,17:43:42,400662,15.0,2
MV_A5-Weekday-SDon-104500_M5_528,M5,d1,14,17:46:00,17:46:00,404011,17.0,2
MV_A5-Weekday-SDon-104500_M5_528,M5,d1,15,17:46:26,17:46:26,404012,16.0,2
MV_A5-Weekday-SDon-104500_M5_528,M5,d1,16,17:48:46,17:48:46,404822,17.0,2
MV_A5-Weekday-SDon-104500_M5_528,M5,d1,17,17:50:02,17:50:02,404259,11.0,1
MV_A5-Weekday-SDon-104500_M5_528,M5,d1,18,17:50:56,17:50:56,405580,15.0,2
MV_A5-Weekday-SDon-104500_M5_528,M5,d1,19,17:51:49,17:51:49,400834,18.0,2
MV_A5-Weekday-SDon-104500_M5_528,M5,d1,20,17:52:23,17:52:23,400835,18.0,2
MV_A5-Weekday-SDon-104500_M5_528,M5,d1,21,17:52:54,17:52:54,400836,15.0,1
MV_A5-Weekday-SDon-104500_M5_528,M5,d1,22,17:53:59,17:53:59,400837,12.0,1
MV_A5-Weekday-SDon-104500_M5_528,M5,d1,23,17:54:31,17:54:31,400838,16.0,2
MV_A5-Weekday-SDon-104500_M5_528,M5,d1,24,17:55:05,17:55:05,404130,18.0,2
MV_A5-Weekday-SDon-104500_M5_528,M5,d1,25,17:56:16,17:56:16,400840,18.0,2
MV_A5-Weekday-SDon-104500_M5_528,M5,d1,26,17:57:00,17:57:00,400841,6.0,2
MV_A5-Weekday-SDon-104500_M5_528,M5,d1,27,17:58:24,17:58:24,404131,20.0,2
MV_A5-Weekday-SDon-104500_M5_528,M5,d1,28,17:59:40,17:59:40,400843,15.0,1
MV_A5-Weekday-SDon-104500_M5_528,M5,d1,29,18:00:57,18:00:57,404855,6.0,1
MV_A5-Weekday-SDon-104500_M5_528,M5,d1,30,18:02:13,18:02:13,400846,14.0,1
MV_A5-Weekday-SDon-104500_M5_528,M5,d1,31,18:03:08,18:03:08,400847,14.0,1
MV_A5-Weekday-SDon-104500_M5_528,M5,d1,32,18:04:06,18:04:06,400848,13.0,1
MV_A5-Weekday-SDon-104500_M5_528,M5,d1,33,18:05:00,18:05:00,400849,8.0,1
MV_A5-Weekday-SDon-104500_M5_528,M5,d1,34,18:07:04,18:07:04,400851,12.0,1
MV_A5-Weekday-SDon-104500_M5_528,M5,d1,35,18:08:16,18:08:16,400852,6.0,2
MV_A5-Weekday-SDon-104500_M5_528,M5,d1,36,18:10:01,18:10:01,400853,26.0,2
MV_A5-Weekday-SDon-104500_M5_528,M5,d1,37,18:11:08,18:11:08,400854,17.0,2
MV_A5-Weekday-SDon-104500_M5_528,M5,d1,38,18:15:03,18:15:03,403171,17.0,2
MV_A5-Weekday-SDon-104500_M5_528,M5,d1,39,18:19:00,18:19:00,400861,21.0,2
MV_A5-Weekday-SDon-104500_M5_528,M5,d1,40,18:24:56,18:24:56,403047,11.0,1
MV_A5-Weekday-SDon-104500_M5_528,M5,d1,41,18:29:41,18:29:41,402446,11.0,2
MV_A5-Weekday-SDon-104500_M5_528,M5,d1,42,18:35:27,18:35:27,450123,17.0,2
MV_A5-Weekday-SDon-104500_M5_528,M5,d1,43,18:43:00,18:43:00,400135,2.0,1
MV_A5-Weekday-SDon-104500_M5_528,M5,d1,44,18:44:28,18:44:28,400322,11.0,2
MV_A5-Weekday-SDon-104500_M5_528,M5,d1,45,18:45:56,18:45:56,400323,17.0,2
MV_A5-Weekday-SDon-104500_M5_528,M5,d1,46,18:47:30,18:47:30,400324,15.0,1
MV_A5-Weekday-SDon-104500_M5_528,M5,d1,47,18:50:00,18:50:00,803082,15.0,1
MV_A5-Weekday-107000_M5_518,M5,d1,1,17:50:00,17:50:00,403835,13.0,1
MV_A5-Weekday-107000_M5_518,M5,d1,2,17:52:00,17:52:00,400639,16.0,1
MV_A5-Weekday-107000_M5_518,M5,d1,3,17:53:54,17:53:54,400640,16.0,1
MV_A5-Weekday-107000_M5_518,M5,d1,4,17:55:25,17:55:25,400641,16.0,1
MV_A5-Weekday-107000_M5_518,M5,d1,5,17:56:39,17:56:39,400642,16.0,1
MV_A5-Weekday-107000_M5_518,M5,d1,6,17:57:33,17:57:33,400643,16.0,1
MV_A5-Weekday-107000_M5_518,M5,d1,7,17:58:28,17:58:28,400644,16.0,1
MV_A5-Weekday-107000_M5_518,M5,d1,8,17:59:31,17:59:31,400645,16.0,1
MV_A5-Weekday-107000_M5_518,M5,d1,9,18:00:43,18:00:43,400646,16.0,1
MV_A5-Weekday-107000_M5_518,M5,d1,10,18:01:59,18:01:59,400647,16.0,2
MV_A5-Weekday-107000_M5_518,M5,d1,11,18:03:02,18:03:02,400648,17.0,2
MV_A5-Weekday-107000_M5_518,M5,d1,12,18:04:03,18:04:03,400649,17.0,2
MV_A5-Weekday-107000_M5_518,M5,d1,13,18:05:00,18:05:00,403373,17.0,2
MV_A5-Weekday-107000_M5_518,M5,d1,14,18:06:51,18:06:51,403374,17.0,2
MV_A5-Weekday-107000_M5_518,M5,d1,15,18:07:56,18:07:56,403375,17.0,2
MV_A5-Weekday-107000_M5_518,M5,d1,16,18:09:02,18:09:02,403376,17.0,2
MV_A5-Weekday-107000_M5_518,M5,d1,17,18:10:21,18:10:21,403377,17.0,2
MV_A5-Weekday-107000_M5_518,M5,d1,18,18:12:21,18:12:21,400655,17.0,2
MV_A5-Weekday-107000_M5_518,M5,d1,19,18:14:06,18:14:06,400656,17.0,2
MV_A5-Weekday-107000_M5_518,M5,d1,20,18:15:58,18:15:58,400657,17.0,2
MV_A5-Weekday-107000_M5_518,M5,d1,21,18:17:15,18:17:15,400658,17.0,2
MV_A5-Weekday-107000_M5_518,M5,d1,22,18:19:10,18:19:10,400659,17.0,2
MV_A5-Weekday-107000_M5_518,M5,d1,23,18:20:00,18:20:00,403483,17.0,2
MV_A5-Weekday-107000_M5_518,M5,d1,24,18:22:07,18:22:07,400661,17.0,2
MV_A5-Weekday-107000_M5_518,M5,d1,25,18:23:14,18:23:14,400662,17.0,2
MV_A5-Weekday-107000_M5_518,M5,d1,26,18:24:20,18:24:20,400663,17.0,2
MV_A5-Weekday-107000_M5_518,M5,d1,27,18:26:00,18:26:00,803157,17.0,2
MV_A5-Weekday-026000_M5_501,M5,d1,1,4:20:00,4:20:00,404011,4.0,1
MV_A5-Weekday-026000_M5_501,M5,d1,2,4:20:19,4:20:19,404012,4.0,1
MV_A5-Weekday-026000_M5_501,M5,d1,3,4:22:01,4:22:01,404822,4.0,1
MV_A5-Weekday-026000_M5_501,M5,d1,4,4:22:56,4:22:56,404259,4.0,1
MV_A5-Weekday-026000_M5_501,M5,d1,5,4:23:36,4:23:36,405580,4.0,1
MV_A5-Weekday-026000_M5_501,M5,d1,6,4:24:14,4:24:14,400834,4.0,1
MV_A5-Weekday-026000_M5_501,M5,d1,7,4:24:38,4:24:38,400835,4.0,1
MV_A5-Weekday-026000_M5_501,M5,d1,8,4:25:01,4:25:01,400836,4.0,1
MV_A5-Weekday-026000_M5_501,M5,d1,9,4:25:48,4:25:48,400837,4.0,1
MV_A5-Weekday-026000_M5_501,M5,d1,10,4:26:11,4:26:11,400838,4.0,1
MV_A5-Weekday-026000_M5_501,M5,d1,11,4:26:36,4:26:36,404130,4.0,1
MV_A5-Weekday-026000_M5_501,M5,d1,12,4:27:28,4:27:28,400840,4.0,1
MV_A5-Weekday-026000_M5_501,M5,d1,13,4:28:00,4:28:00,400841,4.0,1
MV_A5-Weekday-026000_M5_501,M5,d1,14,4:28:52,4:28:52,404131,4.0,1
MV_A5-Weekday-026000_M5_501,M5,d1,15,4:29:40,4:29:40,400843,4.0,1
MV_A5-Weekday-026000_M5_501,M5,d1,16,4:30:28,4:30:28,404855,4.0,1
MV_A5-Weekday-026000_M5_501,M5,d1,17,4:31:16,4:31:16,400846,4.0,1
MV_A5-Weekday-026000_M5_501,M5,d1,18,4:31:50,4:31:50,400847,4.0,1
MV_A5-Weekday-026000_M5_501,M5,d1,19,4:32:26,4:32:26,400848,4.0,1
MV_A5-Weekday-026000_M5_501,M5,d1,20,4:33:00,4:33:00,400849,4.0,1
MV_A5-Weekday-026000_M5_501,M5,d1,21,4:34:28,4:34:28,400851,4.0,1
MV_A5-Weekday-026000_M5_501,M5,d1,22,4:35:20,4:35:20,400852,4.0,1
MV_A5-Weekday-026000_M5_501,M5,d1,23,4:36:35,4:36:35,400853,4.0,1
MV_A5-Weekday-026000_M5_501,M5,d1,24,4:37:23,4:37:23,400854,4.0,1
MV_A5-Weekday-026000_M5_501,M5,d1,25,4:38:27,4:38:27,403169,4.0,1
MV_A5-Weekday-026000_M5_501,M5,d1,26,4:39:08,4:39:08,400856,4.0,1
MV_A5-Weekday-026000_M5_501,M5,d1,27,4:40:11,4:40:11,403171,4.0,1
MV_A5-Weekday-026000_M5_501,M5,d1,28,4:40:55,4:40:55,400858,4.0,1
MV_A5-Weekday-026000_M5_501,M5,d1,29,4:42:05,4:42:05,400860,5.0,1
MV_A5-Weekday-026000_M5_501,M5,d1,30,4:43:00,4:43:00,400861,5.0,1
MV_A5-Weekday-026000_M5_501,M5,d1,31,4:43:17,4:43:17,403781,5.0,1
MV_A5-Weekday-026000_M5_501,M5,d1,32,4:44:14,4:44:14,403047,5.0,1
MV_A5-Weekday-026000_M5_501,M5,d1,33,4:45:13,4:45:13,402446,5.0,1
MV_A5-Weekday-026000_M5_501,M5,d1,34,4:45:38,4:45:38,403266,4.0,1
MV_A5-Weekday-026000_M5_501,M5,d1,35,4:46:05,4:46:05,400131,4.0,1
MV_A5-Weekday-026000_M5_501,M5,d1,36,4:46:26,4:46:26,450123,2.0,1
MV_A5-Weekday-026000_M5_501,M5,d1,37,4:47:07,4:47:07,400133,4.0,1
MV_A5-Weekday-026000_M5_501,M5,d1,38,4:47:28,4:47:28,404180,4.0,1
MV_A5-Weekday-026000_M5_501,M5,d1,39,4:48:00,4:48:00,400135,2.0,1
MV_A5-Weekday-026000_M5_501,M5,d1,40,4:50:31,4:50:31,400322,2.0,1
MV_A5-Weekday-026000_M5_501,M5,d1,41,4:53:01,4:53:01,400323,1.0,1
MV_A5-Weekday-026000_M5_501,M5,d1,42,4:55:43,4:55:43,400324,1.0,1
MV_A5-Weekday-026000_M5_501,M5,d1,43,5:00:00,5:00:00,803082,1.0,1
MV_A5-Weekday-SDon-073800_M5_505,M5,d1,1,12:18:00,12:18:00,400808,19.0,2
MV_A5-Weekday-SDon-073800_M5_505,M5,d1,2,12:19:19,12:19:19,400809,13.0,2
MV_A5-Weekday-SDon-073800_M5_505,M5,d1,3,12:20:24,12:20:24,400810,14.0,2
MV_A5-Weekday-SDon-073800_M5_505,M5,d1,4,12:21:30,12:21:30,400811,27.0,2
MV_A5-Weekday-SDon-073800_M5_505,M5,d1,5,12:22:16,12:22:16,400812,27.0,3
MV_A5-Weekday-SDon-073800_M5_505,M5,d1,6,12:24:11,12:24:11,404918,33.0,3
MV_A5-Weekday-SDon-073800_M5_505,M5,d1,7,12:25:47,12:25:47,400814,34.0,3
MV_A5-Weekday-SDon-073800_M5_505,M5,d1,8,12:26:45,12:26:45,400815,36.0,3
MV_A5-Weekday-SDon-073800_M5_505,M5,d1,9,12:27:47,12:27:47,400816,32.0,2
MV_A5-Weekday-SDon-073800_M5_505,M5,d1,10,12:29:00,12:29:00,400655,22.0,2
MV_A5-Weekday-SDon-073800_M5_505,M5,d1,11,12:31:28,12:31:28,400657,24.0,2
MV_A5-Weekday-SDon-073800_M5_505,M5,d1,12,12:34:12,12:34:12,403483,21.0,2
MV_A5-Weekday-SDon-073800_M5_505,M5,d1,13,12:36:42,12:36:42,400662,16.0,1
MV_A5-Weekday-SDon-073800_M5_505,M5,d1,14,12:39:00,12:39:00,404011,12.0,1
MV_A5-Weekday-SDon-073800_M5_505,M5,d1,15,12:39:26,12:39:26,404012,1.0,1
MV_A5-Weekday-SDon-073800_M5_505,M5,d1,16,12:41:46,12:41:46,404822,5.0,1
MV_A5-Weekday-SDon-073800_M5_505,M5,d1,17,12:43:02,12:43:02,404259,7.0,1
MV_A5-Weekday-SDon-073800_M5_505,M5,d1,18,12:43:56,12:43:56,405580,15.0,1
MV_A5-Weekday-SDon-073800_M5_505,M5,d1,19,12:44:49,12:44:49,400834,15.0,1
MV_A5-Weekday-SDon-073800_M5_505,M5,d1,20,12:45:23,12:45:23,400835,16.0,1
MV_A5-Weekday-SDon-073800_M5_505,M5,d1,21,12:45:54,12:45:54,400836,11.0,2
MV_A5-Weekday-SDon-073800_M5_505,M5,d1,22,12:46:59,12:46:59,400837,17.0,2
MV_A5-Weekday-SDon-073800_M5_505,M5,d1,23,12:47:31,12:47:31,400838,11.0,1
MV_A5-Weekday-SDon-073800_M5_505,M5,d1,24,12:48:05,12:48:05,404130,12.0,1
MV_A5-Weekday-SDon-073800_M5_505,M5,d1,25,12:49:16,12:49:16,400840,15.0,1
MV_A5-Weekday-SDon-073800_M5_505,M5,d1,26,12:50:00,12:50:00,400841,15.0,1
MV_A5-Weekday-SDon-073800_M5_505,M5,d1,27,12:51:24,12:51:24,404131,2.0,2
MV_A5-Weekday-SDon-073800_M5_505,M5,d1,28,12:52:40,12:52:40,400843,18.0,2
MV_A5-Weekday-SDon-073800_M5_505,M5,d1,29,12:53:57,12:53:57,404855,12.0,2
MV_A5-Weekday-SDon-073800_M5_505,M5,d1,30,12:55:13,12:55:13,400846,18.0,2
MV_A5-Weekday-SDon-073800_M5_505,M5,d1,31,12:56:08,12:56:08,400847,14.0,2
MV_A5-Weekday-SDon-073800_M5_505,M5,d1,32,12:57:06,12:57:06,400848,22.0,2
MV_A5-Weekday-SDon-073800_M5_505,M5,d1,33,12:58:00,12:58:00,400849,6.0,1
MV_A5-Weekday-SDon-073800_M5_505,M5,d1,34,13:00:12,13:00:12,400851,6.0,2
MV_A5-Weekday-SDon-073800_M5_505,M5,d1,35,13:01:30,13:01:30,400852,23.0,2
MV_A5-Weekday-SDon-073800_M5_505,M5,d1,36,13:03:22,13:03:22,400853,5.0,1
MV_A5-Weekday-SDon-073800_M5_505,M5,d1,37,13:04:35,13:04:35,400854,12.0,1
MV_A5-Weekday-SDon-073800_M5_505,M5,d1,38,13:08:46,13:08:46,403171,12.0,1
MV_A5-Weekday-SDon-073800_M5_505,M5,d1,39,13:13:00,13:13:00,400861,7.0,1
MV_A5-Weekday-SDon-073800_M5_505,M5,d1,40,13:18:56,13:18:56,403047,13.0,1
MV_A5-Weekday-SDon-073800_M5_505,M5,d1,41,13:23:41,13:23:41,402446,4.0,1
MV_A5-Weekday-SDon-073800_M5_505,M5,d1,42,13:29:27,13:29:27,450123,4.0,1
MV_A5-Weekday-SDon-073800_M5_505,M5,d1,43,13:37:00,13:37:00,400135,4.0,1
MV_A5-Weekday-SDon-073800_M5_505,M5,d1,44,13:38:28,13:38:28,400322,4.0,1
MV_A5-Weekday-SDon-073800_M5_505,M5,d1,45,13:39:56,13:39:56,400323,4.0,1
MV_A5-Weekday-SDon-073800_M5_505,M5,d1,46,13:41:30,13:41:30,400324,4.0,1
MV_A5-Weekday-SDon-073800_M5_505,M5,d1,47,13:44:00,13:44:00,803082,4.0,1
MV_A5-Weekday-032000_M5_504,M5,d1,1,5:20:00,5:20:00,404011,5.0,1
MV_A5-Weekday-032000_M5_504,M5,d1,2,5:20:19,5:20:19,404012,5.0,1
MV_A5-Weekday-032000_M5_504,M5,d1,3,5:22:01,5:22:01,404822,5.0,1
MV_A5-Weekday-032000_M5_504,M5,d1,4,5:22:56,5:22:56,404259,5.0,1
MV_A5-Weekday-032000_M5_504,M5,d1,5,5:23:36,5:23:36,405580,2.0,1
MV_A5-Weekday-032000_M5_504,M5,d1,6,5:24:14,5:24:14,400834,5.0,1
MV_A5-Weekday-032000_M5_504,M5,d1,7,5:24:38,5:24:38,400835,5.0,1
MV_A5-Weekday-032000_M5_504,M5,d1,8,5:25:01,5:25:01,400836,5.0,1
MV_A5-Weekday-032000_M5_504,M5,d1,9,5:25:48,5:25:48,400837,5.0,1
MV_A5-Weekday-032000_M5_504,M5,d1,10,5:26:11,5:26:11,400838,2.0,1
MV_A5-Weekday-032000_M5_504,M5,d1,11,5:26:36,5:26:36,404130,5.0,1
MV_A5-Weekday-032000_M5_504,M5,d1,12,5:27:28,5:27:28,400840,4.0,1
MV_A5-Weekday-032000_M5_504,M5,d1,13,5:28:00,5:28:00,400841,5.0,1
MV_A5-Weekday-032000_M5_504,M5,d1,14,5:28:52,5:28:52,404131,5.0,1
MV_A5-Weekday-032000_M5_504,M5,d1,15,5:29:40,5:29:40,400843,4.0,1
MV_A5-Weekday-032000_M5_504,M5,d1,16,5:30:28,5:30:28,404855,4.0,1
MV_A5-Weekday-032000_M5_504,M5,d1,17,5:31:16,5:31:16,400846,4.0,1
MV_A5-Weekday-032000_M5_504,M5,d1,18,5:31:50,5:31:50,400847,4.0,1
MV_A5-Weekday-032000_M5_504,M5,d1,19,5:32:26,5:32:26,400848,4.0,1
MV_A5-Weekday-032000_M5_504,M5,d1,20,5:33:00,5:33:00,400849,4.0,1
MV_A5-Weekday-032000_M5_504,M5,d1,21,5:34:28,5:34:28,400851,4.0,1
MV_A5-Weekday-032000_M5_504,M5,d1,22,5:35:20,5:35:20,400852,4.0,1
MV_A5-Weekday-032000_M5_504,M5,d1,23,5:36:35,5:36:35,400853,5.0,1
MV_A5-Weekday-032000_M5_504,M5,d1,24,5:37:23,5:37:23,400854,5.0,1
MV_A5-Weekday-032000_M5_504,M5,d1,25,5:38:27,5:38:27,403169,5.0,1
MV_A5-Weekday-032000_M5_504,M5,d1,26,5:39:08,5:39:08,400856,7.0,1
MV_A5-Weekday-032000_M5_504,M5,d1,27,5:40:11,5:40:11,403171,8.0,1
MV_A5-Weekday-032000_M5_504,M5,d1,28,5:40:55,5:40:55,400858,8.0,1
MV_A5-Weekday-032000_M5_504,M5,d1,29,5:42:05,5:42:05,400860,8.0,1
MV_A5-Weekday-032000_M5_504,M5,d1,30,5:43:00,5:43:00,400861,9.0,1
MV_A5-Weekday-032000_M5_504,M5,d1,31,5:43:17,5:43:17,403781,10.0,1
MV_A5-Weekday-032000_M5_504,M5,d1,32,5:44:14,5:44:14,403047,10.0,1
MV_A5-Weekday-032000_M5_504,M5,d1,33,5:45:13,5:45:13,402446,10.0,1
MV_A5-Weekday-032000_M5_504,M5,d1,34,5:45:38,5:45:38,403266,8.0,1
MV_A5-Weekday-032000_M5_504,M5,d1,35,5:46:05,5:46:05,400131,8.0,1
MV_A5-Weekday-032000_M5_504,M5,d1,36,5:46:26,5:46:26,450123,8.0,1
MV_A5-Weekday-032000_M5_504,M5,d1,37,5:47:07,5:47:07,400133,7.0,1
MV_A5-Weekday-032000_M5_504,M5,d1,38,5:47:28,5:47:28,404180,7.0,1
MV_A5-Weekday-032000_M5_504,M5,d1,39,5:48:00,5:48:00,400135,8.0,1
MV_A5-Weekday-032000_M5_504,M5,d1,40,5:50:31,5:50:31,400322,8.0,1
MV_A5-Weekday-032000_M5_504,M5,d1,41,5:53:01,5:53:01,400323,8.0,1
MV_A5-Weekday-032000_M5_504,M5,d1,42,5:55:43,5:55:43,400324,8.0,1
MV_A5-Weekday-032000_M5_504,M5,d1,43,6:00:00,6:00:00,803082,8.0,1
MV_A5-Weekday-SDon-118500_M5_540,M5,d1,1,19:45:00,19:45:00,400808,14.0,5
MV_A5-Weekday-SDon-118500_M5_540,M5,d1,2,19:46:04,19:46:04,400809,69.0,5
MV_A5-Weekday-SDon-118500_M5_540,M5,d1,3,19:46:58,19:46:58,400810,16.0,5
MV_A5-Weekday-SDon-118500_M5_540,M5,d1,4,19:47:52,19:47:52,400811,70.0,5
MV_A5-Weekday-SDon-118500_M5_540,M5,d1,5,19:48:29,19:48:29,400812,70.0,5
MV_A5-Weekday-SDon-118500_M5_540,M5,d1,6,19:50:03,19:50:03,404918,20.0,5
MV_A5-Weekday-SDon-118500_M5_540,M5,d1,7,19:51:22,19:51:22,400814,71.0,5
MV_A5-Weekday-SDon-118500_M5_540,M5,d1,8,19:52:10,19:52:10,400815,18.0,5
MV_A5-Weekday-SDon-118500_M5_540,M5,d1,9,19:53:00,19:53:00,400816,72.0,5
MV_A5-Weekday-SDon-118500_M5_540,M5,d1,10,19:54:00,19:54:00,400655,70.0,5
MV_A5-Weekday-SDon-118500_M5_540,M5,d1,11,19:55:26,19:55:26,400656,11.0,5
MV_A5-Weekday-SDon-118500_M5_540,M5,d1,12,19:56:57,19:56:57,400657,69.0,5
MV_A5-Weekday-SDon-118500_M5_540,M5,d1,13,19:58:00,19:58:00,400658,10.0,1
MV_A5-Weekday-SDon-118500_M5_540,M5,d1,14,19:59:34,19:59:34,400659,8.0,5
MV_A5-Weekday-SDon-118500_M5_540,M5,d1,15,20:00:15,20:00:15,403483,69.0,5
MV_A5-Weekday-SDon-118500_M5_540,M5,d1,16,20:02:12,20:02:12,400661,69.0,5
MV_A5-Weekday-SDon-118500_M5_540,M5,d1,17,20:03:14,20:03:14,400662,9.0,1
MV_A5-Weekday-SDon-118500_M5_540,M5,d1,18,20:04:15,20:04:15,400663,9.0,1
MV_A5-Weekday-SDon-118500_M5_540,M5,d1,19,20:06:00,20:06:00,404011,2.0,1
MV_A5-Weekday-SDon-118500_M5_540,M5,d1,20,20:06:21,20:06:21,404012,9.0,1
MV_A5-Weekday-SDon-118500_M5_540,M5,d1,21,20:08:16,20:08:16,404822,3.0,1
MV_A5-Weekday-SDon-118500_M5_540,M5,d1,22,20:09:18,20:09:18,404259,6.0,1
MV_A5-Weekday-SDon-118500_M5_540,M5,d1,23,20:10:03,20:10:03,405580,6.0,1
MV_A5-Weekday-SDon-118500_M5_540,M5,d1,24,20:10:46,20:10:46,400834,10.0,1
MV_A5-Weekday-SDon-118500_M5_540,M5,d1,25,20:11:13,20:11:13,400835,10.0,1
MV_A5-Weekday-SDon-118500_M5_540,M5,d1,26,20:11:39,20:11:39,400836,10.0,1
MV_A5-Weekday-SDon-118500_M5_540,M5,d1,27,20:12:32,20:12:32,400837,10.0,1
MV_A5-Weekday-SDon-118500_M5_540,M5,d1,28,20:12:58,20:12:58,400838,6.0,1
MV_A5-Weekday-SDon-118500_M5_540,M5,d1,29,20:13:26,20:13:26,404130,10.0,1
MV_A5-Weekday-SDon-118500_M5_540,M5,d1,30,20:14:24,20:14:24,400840,10.0,1
MV_A5-Weekday-SDon-118500_M5_540,M5,d1,31,20:15:00,20:15:00,400841,5.0,1
MV_A5-Weekday-SDon-118500_M5_540,M5,d1,32,20:15:52,20:15:52,404131,10.0,1
MV_A5-Weekday-SDon-118500_M5_540,M5,d1,33,20:16:40,20:16:40,400843,5.0,1
MV_A5-Weekday-SDon-118500_M5_540,M5,d1,34,20:17:28,20:17:28,404855,9.0,1
MV_A5-Weekday-SDon-118500_M5_540,M5,d1,35,20:18:16,20:18:16,400846,9.0,1
MV_A5-Weekday-SDon-118500_M5_540,M5,d1,36,20:18:50,20:18:50,400847,10.0,1
MV_A5-Weekday-SDon-118500_M5_540,M5,d1,37,20:19:26,20:19:26,400848,6.0,1
MV_A5-Weekday-SDon-118500_M5_540,M5,d1,38,20:20:00,20:20:00,400849,10.0,1
MV_A5-Weekday-SDon-118500_M5_540,M5,d1,39,20:21:55,20:21:55,400851,5.0,1
MV_A5-Weekday-SDon-118500_M5_540,M5,d1,40,20:23:02,20:23:02,400852,11.0,1
MV_A5-Weekday-SDon-118500_M5_540,M5,d1,41,20:24:39,20:24:39,400853,5.0,5
MV_A5-Weekday-SDon-118500_M5_540,M5,d1,42,20:25:42,20:25:42,400854,68.0,5
MV_A5-Weekday-SDon-118500_M5_540,M5,d1,43,20:27:06,20:27:06,403169,13.0,5
MV_A5-Weekday-SDon-118500_M5_540,M5,d1,44,20:27:58,20:27:58,400856,68.0,5
MV_A5-Weekday-SDon-118500_M5_540,M5,d1,45,20:29:20,20:29:20,403171,68.0,5
MV_A5-Weekday-SDon-118500_M5_540,M5,d1,46,20:30:18,20:30:18,400858,7.0,5
MV_A5-Weekday-SDon-118500_M5_540,M5,d1,47,20:31:48,20:31:48,400860,68.0,5
MV_A5-Weekday-SDon-118500_M5_540,M5,d1,48,20:33:00,20:33:00,400861,68.0,5
MV_A5-Weekday-SDon-118500_M5_540,M5,d1,49,20:33:24,20:33:24,403781,7.0,1
MV_A5-Weekday-SDon-118500_M5_540,M5,d1,50,20:34:44,20:34:44,403047,15.0,1
MV_A5-Weekday-SDon-118500_M5_540,M5,d1,51,20:36:07,20:36:07,402446,2.0,1
MV_A5-Weekday-SDon-118500_M5_540,M5,d1,52,20:36:42,20:36:42,403266,4.0,2
MV_A5-Weekday-SDon-118500_M5_540,M5,d1,53,20:37:19,20:37:19,400131,18.0,2
MV_A5-Weekday-SDon-118500_M5_540,M5,d1,54,20:37:48,20:37:48,450123,18.0,2
MV_A5-Weekday-SDon-118500_M5_540,M5,d1,55,20:38:46,20:38:46,400133,18.0,2
MV_A5-Weekday-SDon-118500_M5_540,M5,d1,56,20:39:15,20:39:15,404180,17.0,2
MV_A5-Weekday-SDon-118500_M5_540,M5,d1,57,20:40:00,20:40:00,400135,17.0,2
MV_A5-Weekday-SDon-118500_M5_540,M5,d1,58,20:42:56,20:42:56,400322,2.0,2
MV_A5-Weekday-SDon-118500_M5_540,M5,d1,59,20:45:51,20:45:51,400323,17.0,2
MV_A5-Weekday-SDon-118500_M5_540,M5,d1,60,20:49:00,20:49:00,400324,1.0,1
MV_A5-Weekday-SDon-118500_M5_540,M5,d1,61,20:54:00,20:54:00,803082,1.0,1
MV_A5-Weekday-107700_M5_531,M5,d1,1,17:57:00,17:57:00,403835,8.0,1
MV_A5-Weekday-107700_M5_531,M5,d1,2,17:59:00,17:59:00,400639,10.0,1
MV_A5-Weekday-107700_M5_531,M5,d1,3,18:00:54,18:00:54,400640,10.0,1
MV_A5-Weekday-107700_M5_531,M5,d1,4,18:02:25,18:02:25,400641,10.0,1
MV_A5-Weekday-107700_M5_531,M5,d1,5,18:03:39,18:03:39,400642,10.0,1
MV_A5-Weekday-107700_M5_531,M5,d1,6,18:04:33,18:04:33,400643,10.0,1
MV_A5-Weekday-107700_M5_531,M5,d1,7,18:05:28,18:05:28,400644,12.0,1
MV_A5-Weekday-107700_M5_531,M5,d1,8,18:06:31,18:06:31,400645,12.0,1
MV_A5-Weekday-107700_M5_531,M5,d1,9,18:07:43,18:07:43,400646,12.0,1
MV_A5-Weekday-107700_M5_531,M5,d1,10,18:08:59,18:08:59,400647,14.0,1
MV_A5-Weekday-107700_M5_531,M5,d1,11,18:10:02,18:10:02,400648,5.0,1
MV_A5-Weekday-107700_M5_531,M5,d1,12,18:11:03,18:11:03,400649,14.0,2
MV_A5-Weekday-107700_M5_531,M5,d1,13,18:12:00,18:12:00,403373,24.0,2
MV_A5-Weekday-107700_M5_531,M5,d1,14,18:13:51,18:13:51,403374,16.0,1
MV_A5-Weekday-107700_M5_531,M5,d1,15,18:14:56,18:14:56,403375,16.0,1
MV_A5-Weekday-107700_M5_531,M5,d1,16,18:16:02,18:16:02,403376,16.0,1
MV_A5-Weekday-107700_M5_531,M5,d1,17,18:17:21,18:17:21,403377,15.0,2
MV_A5-Weekday-107700_M5_531,M5,d1,18,18:19:21,18:19:21,400655,23.0,2
MV_A5-Weekday-107700_M5_531,M5,d1,19,18:21:06,18:21:06,400656,23.0,2
MV_A5-Weekday-107700_M5_531,M5,d1,20,18:22:58,18:22:58,400657,29.0,2
MV_A5-Weekday-107700_M5_531,M5,d1,21,18:24:15,18:24:15,400658,20.0,2
MV_A5-Weekday-107700_M5_531,M5,d1,22,18:26:10,18:26:10,400659,13.0,1
MV_A5-Weekday-107700_M5_531,M5,d1,23,18:27:00,18:27:00,403483,16.0,1
MV_A5-Weekday-107700_M5_531,M5,d1,24,18:29:07,18:29:07,400661,11.0,1
MV_A5-Weekday-107700_M5_531,M5,d1,25,18:30:14,18:30:14,400662,12.0,2
MV_A5-Weekday-107700_M5_531,M5,d1,26,18:31:20,18:31:20,400663,17.0,2
MV_A5-Weekday-107700_M5_531,M5,d1,27,18:33:00,18:33:00,803157,26.0,2
MV_A5-Weekday-107700_M5_531,M5,d1,28,18:34:00,18:34:00,404148,15.0,1
MV_A5-Weekday-107700_M5_531,M5,d1,29,18:35:53,18:35:53,403903,2.0,2
MV_A5-Weekday-107700_M5_531,M5,d1,30,18:36:49,18:36:49,403142,18.0,2
MV_A5-Weekday-107700_M5_531,M5,d1,31,18:37:51,18:37:51,403144,26.0,2
MV_A5-Weekday-107700_M5_531,M5,d1,32,18:39:29,18:39:29,403145,28.0,2
MV_A5-Weekday-107700_M5_531,M5,d1,33,18:40:36,18:40:36,405234,18.0,2
MV_A5-Weekday-107700_M5_531,M5,d1,34,18:42:32,18:42:32,403147,32.0,2
MV_A5-Weekday-107700_M5_531,M5,d1,35,18:43:35,18:43:35,403148,32.0,2
MV_A5-Weekday-107700_M5_531,M5,d1,36,18:44:36,18:44:36,403149,32.0,2
MV_A5-Weekday-107700_M5_531,M5,d1,37,18:45:55,18:45:55,400676,19.0,2
MV_A5-Weekday-107700_M5_531,M5,d1,38,18:47:34,18:47:34,400677,22.0,2
MV_A5-Weekday-107700_M5_531,M5,d1,39,18:49:16,18:49:16,400678,22.0,2
MV_A5-Weekday-107700_M5_531,M5,d1,40,18:50:00,18:50:00,400485,2.0,3
MV_A5-Weekday-107700_M5_531,M5,d1,41,18:51:30,18:51:30,400486,46.0,3
MV_A5-Weekday-107700_M5_531,M5,d1,42,18:53:30,18:53:30,400290,47.0,3
MV_A5-Weekday-107700_M5_531,M5,d1,43,18:55:28,18:55:28,404278,28.0,2
MV_A5-Weekday-107700_M5_531,M5,d1,44,18:57:00,18:57:00,400292,22.0,2
MV_A5-Weekday-107700_M5_531,M5,d1,45,18:58:01,18:58:01,400108,1.0,2
MV_A5-Weekday-107700_M5_531,M5,d1,46,18:58:48,18:58:48,400109,26.0,2
MV_A5-Weekday-107700_M5_531,M5,d1,47,18:59:32,18:59:32,400110,19.0,2
MV_A5-Weekday-107700_M5_531,M5,d1,48,19:00:21,19:00:21,400111,26.0,2
MV_A5-Weekday-107700_M5_531,M5,d1,49,19:01:46,19:01:46,404081,26.0,2
MV_A5-Weekday-107700_M5_531,M5,d1,50,19:02:44,19:02:44,404168,22.0,2
MV_A5-Weekday-107700_M5_531,M5,d1,51,19:03:20,19:03:20,400115,17.0,2
MV_A5-Weekday-107700_M5_531,M5,d1,52,19:04:08,19:04:08,400116,22.0,2
MV_A5-Weekday-107700_M5_531,M5,d1,53,19:04:52,19:04:52,400117,16.0,1
MV_A5-Weekday-107700_M5_531,M5,d1,54,19:05:56,19:05:56,400118,16.0,1
MV_A5-Weekday-107700_M5_531,M5,d1,55,19:06:59,19:06:59,400119,16.0,1
MV_A5-Weekday-107700_M5_531,M5,d1,56,19:08:33,19:08:33,400120,16.0,1
MV_A5-Weekday-107700_M5_531,M5,d1,57,19:09:11,19:09:11,400121,6.0,1
MV_A5-Weekday-107700_M5_531,M5,d1,58,19:09:51,19:09:51,400122,16.0,2
MV_A5-Weekday-107700_M5_531,M5,d1,59,19:10:36,19:10:36,400123,22.0,2
MV_A5-Weekday-107700_M5_531,M5,d1,60,19:12:00,19:12:00,400124,22.0,2
MV_A5-Weekday-107700_M5_531,M5,d1,61,19:13:40,19:13:40,400125,17.0,2
MV_A5-Weekday-107700_M5_531,M5,d1,62,19:15:36,19:15:36,400126,22.0,2
MV_A5-Weekday-107700_M5_531,M5,d1,63,19:17:03,19:17:03,400127,22.0,2
MV_A5-Weekday-107700_M5_531,M5,d1,64,19:18:02,19:18:02,400128,22.0,2
MV_A5-Weekday-107700_M5_531,M5,d1,65,19:19:14,19:19:14,400512,22.0,2
MV_A5-Weekday-107700_M5_531,M5,d1,66,19:21:48,19:21:48,403266,23.0,2
MV_A5-Weekday-107700_M5_531,M5,d1,67,19:23:34,19:23:34,400514,27.0,2
MV_A5-Weekday-107700_M5_531,M5,d1,68,19:25:23,19:25:23,400515,22.0,2
MV_A5-Weekday-107700_M5_531,M5,d1,69,19:27:11,19:27:11,400516,25.0,2
MV_A5-Weekday-107700_M5_531,M5,d1,70,19:28:24,19:28:24,405179,4.0,2
MV_A5-Weekday-107700_M5_531,M5,d1,71,19:30:00,19:30:00,400518,22.0,2
MV_A5-Weekday-107700_M5_531,M5,d1,72,19:31:44,19:31:44,400519,23.0,2
MV_A5-Weekday-107700_M5_531,M5,d1,73,19:32:45,19:32:45,405486,1.0,1
MV_A5-Weekday-107700_M5_531,M5,d1,74,19:35:00,19:35:00,903128,1.0,1
MV_A5-Weekday-SDon-115200_M5_523,M5,d1,1,19:12:00,19:12:00,400639,2.0,1
MV_A5-Weekday-SDon-115200_M5_523,M5,d1,2,19:13:28,19:13:28,400640,3.0,1
MV_A5-Weekday-SDon-115200_M5_523,M5,d1,3,19:14:38,19:14:38,400641,3.0,1
MV_A5-Weekday-SDon-115200_M5_523,M5,d1,4,19:15:34,19:15:34,400642,6.0,1
MV_A5-Weekday-SDon-115200_M5_523,M5,d1,5,19:16:16,19:16:16,400643,6.0,1
MV_A5-Weekday-SDon-115200_M5_523,M5,d1,6,19:16:59,19:16:59,400644,2.0,1
MV_A5-Weekday-SDon-115200_M5_523,M5,d1,7,19:17:47,19:17:47,400645,5.0,1
MV_A5-Weekday-SDon-115200_M5_523,M5,d1,8,19:18:42,19:18:42,400646,5.0,1
MV_A5-Weekday-SDon-115200_M5_523,M5,d1,9,19:19:41,19:19:41,400647,1.0,1
MV_A5-Weekday-SDon-115200_M5_523,M5,d1,10,19:20:29,19:20:29,400648,3.0,1
MV_A5-Weekday-SDon-115200_M5_523,M5,d1,11,19:21:16,19:21:16,400649,4.0,1
MV_A5-Weekday-SDon-115200_M5_523,M5,d1,12,19:22:00,19:22:00,403373,4.0,1
MV_A5-Weekday-SDon-115200_M5_523,M5,d1,13,19:23:29,19:23:29,403374,4.0,1
MV_A5-Weekday-SDon-115200_M5_523,M5,d1,14,19:24:21,19:24:21,403375,4.0,1
MV_A5-Weekday-SDon-115200_M5_523,M5,d1,15,19:25:14,19:25:14,403376,4.0,1
MV_A5-Weekday-SDon-115200_M5_523,M5,d1,16,19:26:17,19:26:17,403377,4.0,1
MV_A5-Weekday-SDon-115200_M5_523,M5,d1,17,19:27:53,19:27:53,400655,6.0,1
MV_A5-Weekday-SDon-115200_M5_523,M5,d1,18,19:29:17,19:29:17,400656,4.0,1
MV_A5-Weekday-SDon-115200_M5_523,M5,d1,19,19:30:47,19:30:47,400657,3.0,1
MV_A5-Weekday-SDon-115200_M5_523,M5,d1,20,19:31:48,19:31:48,400658,4.0,1
MV_A5-Weekday-SDon-115200_M5_523,M5,d1,21,19:33:20,19:33:20,400659,2.0,1
MV_A5-Weekday-SDon-115200_M5_523,M5,d1,22,19:34:00,19:34:00,403483,4.0,1
MV_A5-Weekday-SDon-115200_M5_523,M5,d1,23,19:35:25,19:35:25,400661,4.0,1
MV_A5-Weekday-SDon-115200_M5_523,M5,d1,24,19:36:09,19:36:09,400662,1.0,1
MV_A5-Weekday-SDon-115200_M5_523,M5,d1,25,19:36:53,19:36:53,400663,1.0,1
MV_A5-Weekday-SDon-115200_M5_523,M5,d1,26,19:38:00,19:38:00,803157,1.0,1
MV_A5-Weekday-064800_M5_516,M5,d1,1,10:48:00,10:48:00,400808,15.0,1
MV_A5-Weekday-064800_M5_516,M5,d1,2,10:49:12,10:49:12,400809,13.0,1
MV_A5-Weekday-064800_M5_516,M5,d1,3,10:50:11,10:50:11,400810,14.0,1
MV_A5-Weekday-064800_M5_516,M5,d1,4,10:51:11,10:51:11,400811,14.0,1
MV_A5-Weekday-064800_M5_516,M5,d1,5,10:51:52,10:51:52,400812,14.0,1
MV_A5-Weekday-064800_M5_516,M5,d1,6,10:53:37,10:53:37,404918,16.0,1
MV_A5-Weekday-064800_M5_516,M5,d1,7,10:55:04,10:55:04,400814,16.0,1
MV_A5-Weekday-064800_M5_516,M5,d1,8,10:55:58,10:55:58,400815,16.0,1
MV_A5-Weekday-064800_M5_516,M5,d1,9,10:56:54,10:56:54,400816,15.0,1
MV_A5-Weekday-064800_M5_516,M5,d1,10,10:58:00,10:58:00,400655,13.0,1
MV_A5-Weekday-064800_M5_516,M5,d1,11,11:00:28,11:00:28,400657,15.0,1
MV_A5-Weekday-064800_M5_516,M5,d1,12,11:03:12,11:03:12,403483,14.0,1
MV_A5-Weekday-064800_M5_516,M5,d1,13,11:05:42,11:05:42,400662,15.0,1
MV_A5-Weekday-064800_M5_516,M5,d1,14,11:08:00,11:08:00,404011,16.0,1
MV_A5-Weekday-064800_M5_516,M5,d1,15,11:08:28,11:08:28,404012,16.0,1
MV_A5-Weekday-064800_M5_516,M5,d1,16,11:11:01,11:11:01,404822,16.0,1
MV_A5-Weekday-064800_M5_516,M5,d1,17,11:12:24,11:12:24,404259,16.0,1
MV_A5-Weekday-064800_M5_516,M5,d1,18,11:13:23,11:13:23,405580,15.0,1
MV_A5-Weekday-064800_M5_516,M5,d1,19,11:14:21,11:14:21,400834,15.0,1
MV_A5-Weekday-064800_M5_516,M5,d1,20,11:14:57,11:14:57,400835,14.0,1
MV_A5-Weekday-064800_M5_516,M5,d1,21,11:15:32,11:15:32,400836,14.0,1
MV_A5-Weekday-064800_M5_516,M5,d1,22,11:16:42,11:16:42,400837,14.0,1
MV_A5-Weekday-064800_M5_516,M5,d1,23,11:17:17,11:17:17,400838,14.0,1
MV_A5-Weekday-064800_M5_516,M5,d1,24,11:17:54,11:17:54,404130,14.0,1
MV_A5-Weekday-064800_M5_516,M5,d1,25,11:19:12,11:19:12,400840,14.0,1
MV_A5-Weekday-064800_M5_516,M5,d1,26,11:20:00,11:20:00,400841,14.0,1
MV_A5-Weekday-064800_M5_516,M5,d1,27,11:21:24,11:21:24,404131,14.0,1
MV_A5-Weekday-064800_M5_516,M5,d1,28,11:22:40,11:22:40,400843,14.0,1
MV_A5-Weekday-064800_M5_516,M5,d1,29,11:23:57,11:23:57,404855,13.0,2
MV_A5-Weekday-064800_M5_516,M5,d1,30,11:25:13,11:25:13,400846,17.0,2
MV_A5-Weekday-064800_M5_516,M5,d1,31,11:26:08,11:26:08,400847,17.0,2
MV_A5-Weekday-064800_M5_516,M5,d1,32,11:27:06,11:27:06,400848,17.0,2
MV_A5-Weekday-064800_M5_516,M5,d1,33,11:28:00,11:28:00,400849,17.0,2
MV_A5-Weekday-064800_M5_516,M5,d1,34,11:30:12,11:30:12,400851,17.0,2
MV_A5-Weekday-064800_M5_516,M5,d1,35,11:31:30,11:31:30,400852,16.0,2
MV_A5-Weekday-064800_M5_516,M5,d1,36,11:33:22,11:33:22,400853,18.0,2
MV_A5-Weekday-064800_M5_516,M5,d1,37,11:34:35,11:34:35,400854,17.0,2
MV_A5-Weekday-064800_M5_516,M5,d1,38,11:38:46,11:38:46,403171,18.0,2
MV_A5-Weekday-064800_M5_516,M5,d1,39,11:43:00,11:43:00,400861,19.0,2
MV_A5-Weekday-064800_M5_516,M5,d1,40,11:48:56,11:48:56,403047,19.0,2
MV_A5-Weekday-064800_M5_516,M5,d1,41,11:53:41,11:53:41,402446,16.0,1
MV_A5-Weekday-064800_M5_516,M5,d1,42,11:59:27,11:59:27,450123,8.0,1
MV_A5-Weekday-064800_M5_516,M5,d1,43,12:07:00,12:07:00,400135,8.0,1
MV_A5-Weekday-064800_M5_516,M5,d1,44,12:08:28,12:08:28,400322,8.0,1
MV_A5-Weekday-064800_M5_516,M5,d1,45,12:09:56,12:09:56,400323,8.0,1
MV_A5-Weekday-064800_M5_516,M5,d1,46,12:11:30,12:11:30,400324,8.0,1
MV_A5-Weekday-064800_M5_516,M5,d1,47,12:14:00,12:14:00,803082,8.0,1
MV_A5-Weekday-SDon-120700_M5_541,M5,d1,1,20:07:00,20:07:00,400639,5.0,1
MV_A5-Weekday-SDon-120700_M5_541,M5,d1,2,20:08:28,20:08:28,400640,5.0,1
MV_A5-Weekday-SDon-120700_M5_541,M5,d1,3,20:09:38,20:09:38,400641,4.0,1
MV_A5-Weekday-SDon-120700_M5_541,M5,d1,4,20:10:34,20:10:34,400642,1.0,1
MV_A5-Weekday-SDon-120700_M5_541,M5,d1,5,20:11:16,20:11:16,400643,7.0,1
MV_A5-Weekday-SDon-120700_M5_541,M5,d1,6,20:11:59,20:11:59,400644,7.0,1
MV_A5-Weekday-SDon-120700_M5_541,M5,d1,7,20:12:47,20:12:47,400645,9.0,1
MV_A5-Weekday-SDon-120700_M5_541,M5,d1,8,20:13:42,20:13:42,400646,10.0,1
MV_A5-Weekday-SDon-120700_M5_541,M5,d1,9,20:14:41,20:14:41,400647,13.0,1
MV_A5-Weekday-SDon-120700_M5_541,M5,d1,10,20:15:29,20:15:29,400648,13.0,1
MV_A5-Weekday-SDon-120700_M5_541,M5,d1,11,20:16:16,20:16:16,400649,13.0,1
MV_A5-Weekday-SDon-120700_M5_541,M5,d1,12,20:17:00,20:17:00,403373,4.0,1
MV_A5-Weekday-SDon-120700_M5_541,M5,d1,13,20:18:29,20:18:29,403374,16.0,1
MV_A5-Weekday-SDon-120700_M5_541,M5,d1,14,20:19:21,20:19:21,403375,3.0,1
MV_A5-Weekday-SDon-120700_M5_541,M5,d1,15,20:20:14,20:20:14,403376,15.0,1
MV_A5-Weekday-SDon-120700_M5_541,M5,d1,16,20:21:17,20:21:17,403377,11.0,1
MV_A5-Weekday-SDon-120700_M5_541,M5,d1,17,20:22:53,20:22:53,400655,5.0,1
MV_A5-Weekday-SDon-120700_M5_541,M5,d1,18,20:24:17,20:24:17,400656,13.0,1
MV_A5-Weekday-SDon-120700_M5_541,M5,d1,19,20:25:47,20:25:47,400657,13.0,1
MV_A5-Weekday-SDon-120700_M5_541,M5,d1,20,20:26:48,20:26:48,400658,12.0,1
MV_A5-Weekday-SDon-120700_M5_541,M5,d1,21,20:28:20,20:28:20,400659,6.0,1
MV_A5-Weekday-SDon-120700_M5_541,M5,d1,22,20:29:00,20:29:00,403483,12.0,1
MV_A5-Weekday-SDon-120700_M5_541,M5,d1,23,20:30:25,20:30:25,400661,4.0,1
MV_A5-Weekday-SDon-120700_M5_541,M5,d1,24,20:31:09,20:31:09,400662,10.0,1
MV_A5-Weekday-SDon-120700_M5_541,M5,d1,25,20:31:53,20:31:53,400663,9.0,1
MV_A5-Weekday-SDon-120700_M5_541,M5,d1,26,20:33:00,20:33:00,803157,9.0,1
MV_A5-Weekday-SDon-120700_M5_541,M5,d1,27,20:34:00,20:34:00,404148,8.0,1
MV_A5-Weekday-SDon-120700_M5_541,M5,d1,28,20:35:46,20:35:46,403903,8.0,1
MV_A5-Weekday-SDon-120700_M5_541,M5,d1,29,20:36:38,20:36:38,403142,9.0,1
MV_A5-Weekday-SDon-120700_M5_541,M5,d1,30,20:37:37,20:37:37,403144,9.0,1
MV_A5-Weekday-SDon-120700_M5_541,M5,d1,31,20:39:08,20:39:08,403145,8.0,1
MV_A5-Weekday-SDon-120700_M5_541,M5,d1,32,20:40:12,20:40:12,405234,10.0,1
MV_A5-Weekday-SDon-120700_M5_541,M5,d1,33,20:42:00,20:42:00,403147,10.0,1
MV_A5-Weekday-SDon-120700_M5_541,M5,d1,34,20:42:59,20:42:59,403148,11.0,1
MV_A5-Weekday-SDon-120700_M5_541,M5,d1,35,20:43:57,20:43:57,403149,10.0,1
MV_A5-Weekday-SDon-120700_M5_541,M5,d1,36,20:45:10,20:45:10,400676,11.0,1
MV_A5-Weekday-SDon-120700_M5_541,M5,d1,37,20:46:43,20:46:43,400677,16.0,1
MV_A5-Weekday-SDon-120700_M5_541,M5,d1,38,20:48:19,20:48:19,400678,16.0,1
MV_A5-Weekday-SDon-120700_M5_541,M5,d1,39,20:49:00,20:49:00,400485,13.0,1
MV_A5-Weekday-SDon-120700_M5_541,M5,d1,40,20:50:17,20:50:17,400486,13.0,1
MV_A5-Weekday-SDon-120700_M5_541,M5,d1,41,20:52:00,20:52:00,400290,15.0,1
MV_A5-Weekday-SDon-120700_M5_541,M5,d1,42,20:53:41,20:53:41,404278,13.0,1
MV_A5-Weekday-SDon-120700_M5_541,M5,d1,43,20:55:00,20:55:00,400292,15.0,1
MV_A5-Weekday-SDon-120700_M5_541,M5,d1,44,20:55:44,20:55:44,400108,2.0,1
MV_A5-Weekday-SDon-120700_M5_541,M5,d1,45,20:56:19,20:56:19,400109,10.0,1
MV_A5-Weekday-SDon-120700_M5_541,M5,d1,46,20:56:52,20:56:52,400110,14.0,1
MV_A5-Weekday-SDon-120700_M5_541,M5,d1,47,20:57:27,20:57:27,400111,14.0,1
MV_A5-Weekday-SDon-120700_M5_541,M5,d1,48,20:58:30,20:58:30,404081,11.0,1
MV_A5-Weekday-SDon-120700_M5_541,M5,d1,49,20:59:13,20:59:13,404168,12.0,1
MV_A5-Weekday-SDon-120700_M5_541,M5,d1,50,20:59:39,20:59:39,400115,5.0,1
MV_A5-Weekday-SDon-120700_M5_541,M5,d1,51,21:00:14,21:00:14,400116,13.0,1
MV_A5-Weekday-SDon-120700_M5_541,M5,d1,52,21:00:46,21:00:46,400117,9.0,1
MV_A5-Weekday-SDon-120700_M5_541,M5,d1,53,21:01:33,21:01:33,400118,1.0,2
MV_A5-Weekday-SDon-120700_M5_541,M5,d1,54,21:02:19,21:02:19,400119,28.0,2
MV_A5-Weekday-SDon-120700_M5_541,M5,d1,55,21:03:28,21:03:28,400120,28.0,2
MV_A5-Weekday-SDon-120700_M5_541,M5,d1,56,21:03:56,21:03:56,400121,25.0,2
MV_A5-Weekday-SDon-120700_M5_541,M5,d1,57,21:04:25,21:04:25,400122,23.0,2
MV_A5-Weekday-SDon-120700_M5_541,M5,d1,58,21:04:58,21:04:58,400123,23.0,2
MV_A5-Weekday-SDon-120700_M5_541,M5,d1,59,21:06:00,21:06:00,400124,5.0,1
MV_A5-Weekday-SDon-120700_M5_541,M5,d1,60,21:07:12,21:07:12,400125,1.0,2
MV_A5-Weekday-SDon-120700_M5_541,M5,d1,61,21:08:36,21:08:36,400126,24.0,2
MV_A5-Weekday-SDon-120700_M5_541,M5,d1,62,21:09:39,21:09:39,400127,24.0,2
MV_A5-Weekday-SDon-120700_M5_541,M5,d1,63,21:10:21,21:10:21,400128,24.0,2
MV_A5-Weekday-SDon-120700_M5_541,M5,d1,64,21:11:14,21:11:14,400512,11.0,1
MV_A5-Weekday-SDon-120700_M5_541,M5,d1,65,21:13:05,21:13:05,403266,5.0,1
MV_A5-Weekday-SDon-120700_M5_541,M5,d1,66,21:14:21,21:14:21,400514,11.0,1
MV_A5-Weekday-SDon-120700_M5_541,M5,d1,67,21:15:40,21:15:40,400515,9.0,1
MV_A5-Weekday-SDon-120700_M5_541,M5,d1,68,21:16:58,21:16:58,400516,5.0,1
MV_A5-Weekday-SDon-120700_M5_541,M5,d1,69,21:17:51,21:17:51,405179,9.0,1
MV_A5-Weekday-SDon-120700_M5_541,M5,d1,70,21:19:00,21:19:00,400518,5.0,1
MV_A5-Weekday-SDon-120700_M5_541,M5,d1,71,21:20:23,21:20:23,400519,9.0,1
MV_A5-Weekday-SDon-120700_M5_541,M5,d1,72,21:21:12,21:21:12,405486,1.0,1
MV_A5-Weekday-SDon-120700_M5_541,M5,d1,73,21:23:00,21:23:00,903128,1.0,1
MV_A5-Weekday-SDon-098200_M5_530,M5,d1,1,16:22:00,16:22:00,403835,3.0,3
MV_A5-Weekday-SDon-098200_M5_530,M5,d1,2,16:24:00,16:24:00,400639,37.0,3
MV_A5-Weekday-SDon-098200_M5_530,M5,d1,3,16:25:54,16:25:54,400640,38.0,3
MV_A5-Weekday-SDon-098200_M5_530,M5,d1,4,16:27:25,16:27:25,400641,7.0,1
MV_A5-Weekday-SDon-098200_M5_530,M5,d1,5,16:28:39,16:28:39,400642,7.0,1
MV_A5-Weekday-SDon-098200_M5_530,M5,d1,6,16:29:33,16:29:33,400643,7.0,3
MV_A5-Weekday-SDon-098200_M5_530,M5,d1,7,16:30:28,16:30:28,400644,45.0,3
MV_A5-Weekday-SDon-098200_M5_530,M5,d1,8,16:31:31,16:31:31,400645,45.0,3
MV_A5-Weekday-SDon-098200_M5_530,M5,d1,9,16:32:43,16:32:43,400646,31.0,2
MV_A5-Weekday-SDon-098200_M5_530,M5,d1,10,16:33:59,16:33:59,400647,14.0,3
MV_A5-Weekday-SDon-098200_M5_530,M5,d1,11,16:35:02,16:35:02,400648,44.0,3
MV_A5-Weekday-SDon-098200_M5_530,M5,d1,12,16:36:03,16:36:03,400649,47.0,3
MV_A5-Weekday-SDon-098200_M5_530,M5,d1,13,16:37:00,16:37:00,403373,47.0,3
MV_A5-Weekday-SDon-098200_M5_530,M5,d1,14,16:38:51,16:38:51,403374,47.0,3
MV_A5-Weekday-SDon-098200_M5_530,M5,d1,15,16:39:56,16:39:56,403375,47.0,3
MV_A5-Weekday-SDon-098200_M5_530,M5,d1,16,16:41:02,16:41:02,403376,47.0,3
MV_A5-Weekday-SDon-098200_M5_530,M5,d1,17,16:42:21,16:42:21,403377,19.0,3
MV_A5-Weekday-SDon-098200_M5_530,M5,d1,18,16:44:21,16:44:21,400655,45.0,3
MV_A5-Weekday-SDon-098200_M5_530,M5,d1,19,16:46:06,16:46:06,400656,45.0,3
MV_A5-Weekday-SDon-098200_M5_530,M5,d1,20,16:47:58,16:47:58,400657,45.0,3
MV_A5-Weekday-SDon-098200_M5_530,M5,d1,21,16:49:15,16:49:15,400658,45.0,3
MV_A5-Weekday-SDon-098200_M5_530,M5,d1,22,16:51:10,16:51:10,400659,40.0,3
MV_A5-Weekday-SDon-098200_M5_530,M5,d1,23,16:52:00,16:52:00,403483,20.0,2
MV_A5-Weekday-SDon-098200_M5_530,M5,d1,24,16:54:07,16:54:07,400661,21.0,3
MV_A5-Weekday-SDon-098200_M5_530,M5,d1,25,16:55:14,16:55:14,400662,41.0,3
MV_A5-Weekday-SDon-098200_M5_530,M5,d1,26,16:56:20,16:56:20,400663,41.0,3
MV_A5-Weekday-SDon-098200_M5_530,M5,d1,27,16:58:00,16:58:00,803157,41.0,3
MV_A5-Weekday-SDon-098200_M5_530,M5,d1,28,17:00:00,17:00:00,404148,18.0,2
MV_A5-Weekday-SDon-098200_M5_530,M5,d1,29,17:02:07,17:02:07,403903,14.0,1
MV_A5-Weekday-SDon-098200_M5_530,M5,d1,30,17:03:10,17:03:10,403142,14.0,1
MV_A5-Weekday-SDon-098200_M5_530,M5,d1,31,17:04:20,17:04:20,403144,11.0,2
MV_A5-Weekday-SDon-098200_M5_530,M5,d1,32,17:06:10,17:06:10,403145,17.0,2
MV_A5-Weekday-SDon-098200_M5_530,M5,d1,33,17:07:26,17:07:26,405234,17.0,2
MV_A5-Weekday-SDon-098200_M5_530,M5,d1,34,17:09:36,17:09:36,403147,17.0,3
MV_A5-Weekday-SDon-098200_M5_530,M5,d1,35,17:10:47,17:10:47,403148,46.0,3
MV_A5-Weekday-SDon-098200_M5_530,M5,d1,36,17:11:56,17:11:56,403149,24.0,4
MV_A5-Weekday-SDon-098200_M5_530,M5,d1,37,17:13:24,17:13:24,400676,59.0,4
MV_A5-Weekday-SDon-098200_M5_530,M5,d1,38,17:15:16,17:15:16,400677,59.0,4
MV_A5-Weekday-SDon-098200_M5_530,M5,d1,39,17:17:11,17:17:11,400678,55.0,4
MV_A5-Weekday-SDon-098200_M5_530,M5,d1,40,17:18:00,17:18:00,400485,57.0,4
MV_A5-Weekday-SDon-098200_M5_530,M5,d1,41,17:19:43,17:19:43,400486,60.0,4
MV_A5-Weekday-SDon-098200_M5_530,M5,d1,42,17:22:00,17:22:00,400290,16.0,1
MV_A5-Weekday-SDon-098200_M5_530,M5,d1,43,17:24:15,17:24:15,404278,16.0,1
MV_A5-Weekday-SDon-098200_M5_530,M5,d1,44,17:26:00,17:26:00,400292,15.0,1
MV_A5-Weekday-SDon-098200_M5_530,M5,d1,45,17:27:33,17:27:33,400108,15.0,1
MV_A5-Weekday-SDon-098200_M5_530,M5,d1,46,17:28:46,17:28:46,400109,15.0,1
MV_A5-Weekday-SDon-098200_M5_530,M5,d1,47,17:29:54,17:29:54,400110,11.0,1
MV_A5-Weekday-SDon-098200_M5_530,M5,d1,48,17:31:08,17:31:08,400111,10.0,1
MV_A5-Weekday-SDon-098200_M5_530,M5,d1,49,17:33:18,17:33:18,404081,10.0,1
MV_A5-Weekday-SDon-098200_M5_530,M5,d1,50,17:34:48,17:34:48,404168,10.0,1
MV_A5-Weekday-SDon-098200_M5_530,M5,d1,51,17:35:43,17:35:43,400115,2.0,1
MV_A5-Weekday-SDon-098200_M5_530,M5,d1,52,17:36:57,17:36:57,400116,2.0,1
MV_A5-Weekday-SDon-098200_M5_530,M5,d1,53,17:38:03,17:38:03,400117,2.0,1
MV_A5-Weekday-SDon-098200_M5_530,M5,d1,54,17:39:42,17:39:42,400118,2.0,1
MV_A5-Weekday-SDon-098200_M5_530,M5,d1,55,17:41:18,17:41:18,400119,2.0,1
MV_A5-Weekday-SDon-098200_M5_530,M5,d1,56,17:43:42,17:43:42,400120,7.0,4
MV_A5-Weekday-SDon-098200_M5_530,M5,d1,57,17:44:40,17:44:40,400121,61.0,4
MV_A5-Weekday-SDon-098200_M5_530,M5,d1,58,17:45:42,17:45:42,400122,61.0,4
MV_A5-Weekday-SDon-098200_M5_530,M5,d1,59,17:46:51,17:46:51,400123,62.0,4
MV_A5-Weekday-SDon-098200_M5_530,M5,d1,60,17:49:00,17:49:00,400124,62.0,4
MV_A5-Weekday-SDon-098200_M5_530,M5,d1,61,17:51:13,17:51:13,400125,62.0,4
MV_A5-Weekday-SDon-098200_M5_530,M5,d1,62,17:53:48,17:53:48,400126,58.0,4
MV_A5-Weekday-SDon-098200_M5_530,M5,d1,63,17:55:43,17:55:43,400127,58.0,4
MV_A5-Weekday-SDon-098200_M5_530,M5,d1,64,17:57:02,17:57:02,400128,2.0,4
MV_A5-Weekday-SDon-098200_M5_530,M5,d1,65,17:58:39,17:58:39,400512,53.0,4
MV_A5-Weekday-SDon-098200_M5_530,M5,d1,66,18:02:05,18:02:05,403266,6.0,1
MV_A5-Weekday-SDon-098200_M5_530,M5,d1,67,18:04:26,18:04:26,400514,8.0,4
MV_A5-Weekday-SDon-098200_M5_530,M5,d1,68,18:06:50,18:06:50,400515,52.0,4
MV_A5-Weekday-SDon-098200_M5_530,M5,d1,69,18:09:14,18:09:14,400516,58.0,4
MV_A5-Weekday-SDon-098200_M5_530,M5,d1,70,18:10:52,18:10:52,405179,58.0,4
MV_A5-Weekday-SDon-098200_M5_530,M5,d1,71,18:13:00,18:13:00,400518,58.0,4
MV_A5-Weekday-SDon-098200_M5_530,M5,d1,72,18:15:25,18:15:25,400519,59.0,4
MV_A5-Weekday-SDon-098200_M5_530,M5,d1,73,18:16:51,18:16:51,405486,59.0,4
MV_A5-Weekday-SDon-098200_M5_530,M5,d1,74,18:20:00,18:20:00,903128,59.0,4
MV_A5-Weekday-SDon-045000_M5_504,M5,d1,1,7:30:00,7:30:00,400808,19.0,2
MV_A5-Weekday-SDon-045000_M5_504,M5,d1,2,7:31:04,7:31:04,400809,19.0,2
MV_A5-Weekday-SDon-045000_M5_504,M5,d1,3,7:31:58,7:31:58,400810,19.0,2
MV_A5-Weekday-SDon-045000_M5_504,M5,d1,4,7:32:52,7:32:52,400811,19.0,2
MV_A5-Weekday-SDon-045000_M5_504,M5,d1,5,7:33:29,7:33:29,400812,19.0,2
MV_A5-Weekday-SDon-045000_M5_504,M5,d1,6,7:35:03,7:35:03,404918,19.0,2
MV_A5-Weekday-SDon-045000_M5_504,M5,d1,7,7:36:22,7:36:22,400814,19.0,2
MV_A5-Weekday-SDon-045000_M5_504,M5,d1,8,7:37:10,7:37:10,400815,19.0,2
MV_A5-Weekday-SDon-045000_M5_504,M5,d1,9,7:38:00,7:38:00,400816,19.0,2
MV_A5-Weekday-SDon-045000_M5_504,M5,d1,10,7:39:00,7:39:00,400655,19.0,2
MV_A5-Weekday-SDon-045000_M5_504,M5,d1,11,7:41:28,7:41:28,400657,19.0,2
MV_A5-Weekday-SDon-045000_M5_504,M5,d1,12,7:44:12,7:44:12,403483,19.0,2
MV_A5-Weekday-SDon-045000_M5_504,M5,d1,13,7:46:42,7:46:42,400662,19.0,2
MV_A5-Weekday-SDon-045000_M5_504,M5,d1,14,7:49:00,7:49:00,404011,19.0,2
MV_A5-Weekday-SDon-045000_M5_504,M5,d1,15,7:49:26,7:49:26,404012,14.0,1
MV_A5-Weekday-SDon-045000_M5_504,M5,d1,16,7:51:46,7:51:46,404822,14.0,1
MV_A5-Weekday-SDon-045000_M5_504,M5,d1,17,7:53:02,7:53:02,404259,3.0,1
MV_A5-Weekday-SDon-045000_M5_504,M5,d1,18,7:53:56,7:53:56,405580,8.0,1
MV_A5-Weekday-SDon-045000_M5_504,M5,d1,19,7:54:49,7:54:49,400834,8.0,1
MV_A5-Weekday-SDon-045000_M5_504,M5,d1,20,7:55:23,7:55:23,400835,8.0,1
MV_A5-Weekday-SDon-045000_M5_504,M5,d1,21,7:55:54,7:55:54,400836,8.0,1
MV_A5-Weekday-SDon-045000_M5_504,M5,d1,22,7:56:59,7:56:59,400837,8.0,1
MV_A5-Weekday-SDon-045000_M5_504,M5,d1,23,7:57:31,7:57:31,400838,8.0,1
MV_A5-Weekday-SDon-045000_M5_504,M5,d1,24,7:58:05,7:58:05,404130,8.0,1
MV_A5-Weekday-SDon-045000_M5_504,M5,d1,25,7:59:16,7:59:16,400840,8.0,1
MV_A5-Weekday-SDon-045000_M5_504,M5,d1,26,8:00:00,8:00:00,400841,8.0,1
MV_A5-Weekday-SDon-045000_M5_504,M5,d1,27,8:01:24,8:01:24,404131,8.0,1
MV_A5-Weekday-SDon-045000_M5_504,M5,d1,28,8:02:40,8:02:40,400843,4.0,1
MV_A5-Weekday-SDon-045000_M5_504,M5,d1,29,8:03:57,8:03:57,404855,10.0,1
MV_A5-Weekday-SDon-045000_M5_504,M5,d1,30,8:05:13,8:05:13,400846,10.0,1
MV_A5-Weekday-SDon-045000_M5_504,M5,d1,31,8:06:08,8:06:08,400847,10.0,1
MV_A5-Weekday-SDon-045000_M5_504,M5,d1,32,8:07:06,8:07:06,400848,10.0,1
MV_A5-Weekday-SDon-045000_M5_504,M5,d1,33,8:08:00,8:08:00,400849,10.0,1
MV_A5-Weekday-SDon-045000_M5_504,M5,d1,34,8:10:04,8:10:04,400851,10.0,2
MV_A5-Weekday-SDon-045000_M5_504,M5,d1,35,8:11:16,8:11:16,400852,27.0,2
MV_A5-Weekday-SDon-045000_M5_504,M5,d1,36,8:13:01,8:13:01,400853,11.0,2
MV_A5-Weekday-SDon-045000_M5_504,M5,d1,37,8:14:08,8:14:08,400854,28.0,2
MV_A5-Weekday-SDon-045000_M5_504,M5,d1,38,8:18:03,8:18:03,403171,26.0,2
MV_A5-Weekday-SDon-045000_M5_504,M5,d1,39,8:22:00,8:22:00,400861,24.0,2
MV_A5-Weekday-SDon-045000_M5_504,M5,d1,40,8:25:57,8:25:57,403047,23.0,2
MV_A5-Weekday-SDon-045000_M5_504,M5,d1,41,8:29:07,8:29:07,402446,16.0,1
MV_A5-Weekday-SDon-045000_M5_504,M5,d1,42,8:32:58,8:32:58,450123,8.0,1
MV_A5-Weekday-SDon-045000_M5_504,M5,d1,43,8:38:00,8:38:00,400135,11.0,1
MV_A5-Weekday-SDon-045000_M5_504,M5,d1,44,8:39:28,8:39:28,400322,9.0,1
MV_A5-Weekday-SDon-045000_M5_504,M5,d1,45,8:40:56,8:40:56,400323,1.0,1
MV_A5-Weekday-SDon-045000_M5_504,M5,d1,46,8:42:30,8:42:30,400324,4.0,1
MV_A5-Weekday-SDon-045000_M5_504,M5,d1,47,8:45:00,8:45:00,803082,4.0,1
MV_A5-Weekday-039800_M5_510,M5,d1,1,6:38:00,6:38:00,400808,10.0,1
MV_A5-Weekday-039800_M5_510,M5,d1,2,6:39:04,6:39:04,400809,10.0,1
MV_A5-Weekday-039800_M5_510,M5,d1,3,6:39:58,6:39:58,400810,10.0,1
MV_A5-Weekday-039800_M5_510,M5,d1,4,6:40:52,6:40:52,400811,10.0,1
MV_A5-Weekday-039800_M5_510,M5,d1,5,6:41:29,6:41:29,400812,4.0,1
MV_A5-Weekday-039800_M5_510,M5,d1,6,6:43:03,6:43:03,404918,8.0,1
MV_A5-Weekday-039800_M5_510,M5,d1,7,6:44:22,6:44:22,400814,8.0,1
MV_A5-Weekday-039800_M5_510,M5,d1,8,6:45:10,6:45:10,400815,4.0,1
MV_A5-Weekday-039800_M5_510,M5,d1,9,6:46:00,6:46:00,400816,8.0,1
MV_A5-Weekday-039800_M5_510,M5,d1,10,6:47:00,6:47:00,400655,8.0,1
MV_A5-Weekday-039800_M5_510,M5,d1,11,6:49:13,6:49:13,400657,6.0,1
MV_A5-Weekday-039800_M5_510,M5,d1,12,6:51:41,6:51:41,403483,5.0,1
MV_A5-Weekday-039800_M5_510,M5,d1,13,6:53:56,6:53:56,400662,7.0,1
MV_A5-Weekday-039800_M5_510,M5,d1,14,6:56:00,6:56:00,404011,8.0,1
MV_A5-Weekday-039800_M5_510,M5,d1,15,6:56:21,6:56:21,404012,8.0,1
MV_A5-Weekday-039800_M5_510,M5,d1,16,6:58:16,6:58:16,404822,8.0,1
MV_A5-Weekday-039800_M5_510,M5,d1,17,6:59:18,6:59:18,404259,6.0,1
MV_A5-Weekday-039800_M5_510,M5,d1,18,7:00:03,7:00:03,405580,8.0,1
MV_A5-Weekday-039800_M5_510,M5,d1,19,7:00:46,7:00:46,400834,8.0,1
MV_A5-Weekday-039800_M5_510,M5,d1,20,7:01:13,7:01:13,400835,8.0,1
MV_A5-Weekday-039800_M5_510,M5,d1,21,7:01:39,7:01:39,400836,8.0,1
MV_A5-Weekday-039800_M5_510,M5,d1,22,7:02:32,7:02:32,400837,8.0,1
MV_A5-Weekday-039800_M5_510,M5,d1,23,7:02:58,7:02:58,400838,8.0,1
MV_A5-Weekday-039800_M5_510,M5,d1,24,7:03:26,7:03:26,404130,8.0,1
MV_A5-Weekday-039800_M5_510,M5,d1,25,7:04:24,7:04:24,400840,8.0,1
MV_A5-Weekday-039800_M5_510,M5,d1,26,7:05:00,7:05:00,400841,9.0,1
MV_A5-Weekday-039800_M5_510,M5,d1,27,7:06:03,7:06:03,404131,9.0,1
MV_A5-Weekday-039800_M5_510,M5,d1,28,7:07:00,7:07:00,400843,9.0,1
MV_A5-Weekday-039800_M5_510,M5,d1,29,7:07:58,7:07:58,404855,9.0,1
MV_A5-Weekday-039800_M5_510,M5,d1,30,7:08:55,7:08:55,400846,9.0,1
MV_A5-Weekday-039800_M5_510,M5,d1,31,7:09:36,7:09:36,400847,9.0,1
MV_A5-Weekday-039800_M5_510,M5,d1,32,7:10:20,7:10:20,400848,9.0,1
MV_A5-Weekday-039800_M5_510,M5,d1,33,7:11:00,7:11:00,400849,9.0,1
MV_A5-Weekday-039800_M5_510,M5,d1,34,7:12:37,7:12:37,400851,9.0,1
MV_A5-Weekday-039800_M5_510,M5,d1,35,7:13:34,7:13:34,400852,9.0,1
MV_A5-Weekday-039800_M5_510,M5,d1,36,7:14:56,7:14:56,400853,15.0,1
MV_A5-Weekday-039800_M5_510,M5,d1,37,7:15:49,7:15:49,400854,15.0,1
MV_A5-Weekday-039800_M5_510,M5,d1,38,7:18:54,7:18:54,403171,16.0,2
MV_A5-Weekday-039800_M5_510,M5,d1,39,7:22:00,7:22:00,400861,17.0,2
MV_A5-Weekday-039800_M5_510,M5,d1,40,7:24:43,7:24:43,403047,17.0,2
MV_A5-Weekday-039800_M5_510,M5,d1,41,7:26:54,7:26:54,402446,15.0,1
MV_A5-Weekday-039800_M5_510,M5,d1,42,7:29:32,7:29:32,450123,1.0,1
MV_A5-Weekday-039800_M5_510,M5,d1,43,7:33:00,7:33:00,400135,11.0,1
MV_A5-Weekday-039800_M5_510,M5,d1,44,7:34:28,7:34:28,400322,11.0,1
MV_A5-Weekday-039800_M5_510,M5,d1,45,7:35:56,7:35:56,400323,11.0,1
MV_A5-Weekday-039800_M5_510,M5,d1,46,7:37:30,7:37:30,400324,11.0,1
MV_A5-Weekday-039800_M5_510,M5,d1,47,7:40:00,7:40:00,803082,11.0,1
MV_A5-Weekday-SDon-042600_M5_503,M5,d1,1,7:06:00,7:06:00,400808,9.0,1
MV_A5-Weekday-SDon-042600_M5_503,M5,d1,2,7:07:04,7:07:04,400809,8.0,2
MV_A5-Weekday-SDon-042600_M5_503,M5,d1,3,7:07:58,7:07:58,400810,19.0,2
MV_A5-Weekday-SDon-042600_M5_503,M5,d1,4,7:08:52,7:08:52,400811,19.0,2
MV_A5-Weekday-SDon-042600_M5_503,M5,d1,5,7:09:29,7:09:29,400812,22.0,2
MV_A5-Weekday-SDon-042600_M5_503,M5,d1,6,7:11:03,7:11:03,404918,22.0,2
MV_A5-Weekday-SDon-042600_M5_503,M5,d1,7,7:12:22,7:12:22,400814,22.0,2
MV_A5-Weekday-SDon-042600_M5_503,M5,d1,8,7:13:10,7:13:10,400815,22.0,2
MV_A5-Weekday-SDon-042600_M5_503,M5,d1,9,7:14:00,7:14:00,400816,22.0,2
MV_A5-Weekday-SDon-042600_M5_503,M5,d1,10,7:15:00,7:15:00,400655,22.0,2
MV_A5-Weekday-SDon-042600_M5_503,M5,d1,11,7:17:13,7:17:13,400657,22.0,2
MV_A5-Weekday-SDon-042600_M5_503,M5,d1,12,7:19:41,7:19:41,403483,22.0,2
MV_A5-Weekday-SDon-042600_M5_503,M5,d1,13,7:21:56,7:21:56,400662,22.0,2
MV_A5-Weekday-SDon-042600_M5_503,M5,d1,14,7:24:00,7:24:00,404011,22.0,2
MV_A5-Weekday-SDon-042600_M5_503,M5,d1,15,7:24:21,7:24:21,404012,22.0,2
MV_A5-Weekday-SDon-042600_M5_503,M5,d1,16,7:26:16,7:26:16,404822,22.0,2
MV_A5-Weekday-SDon-042600_M5_503,M5,d1,17,7:27:18,7:27:18,404259,22.0,2
MV_A5-Weekday-SDon-042600_M5_503,M5,d1,18,7:28:03,7:28:03,405580,22.0,2
MV_A5-Weekday-SDon-042600_M5_503,M5,d1,19,7:28:46,7:28:46,400834,22.0,2
MV_A5-Weekday-SDon-042600_M5_503,M5,d1,20,7:29:13,7:29:13,400835,22.0,2
MV_A5-Weekday-SDon-042600_M5_503,M5,d1,21,7:29:39,7:29:39,400836,22.0,2
MV_A5-Weekday-SDon-042600_M5_503,M5,d1,22,7:30:32,7:30:32,400837,22.0,2
MV_A5-Weekday-SDon-042600_M5_503,M5,d1,23,7:30:58,7:30:58,400838,22.0,2
MV_A5-Weekday-SDon-042600_M5_503,M5,d1,24,7:31:26,7:31:26,404130,22.0,2
MV_A5-Weekday-SDon-042600_M5_503,M5,d1,25,7:32:24,7:32:24,400840,22.0,2
MV_A5-Weekday-SDon-042600_M5_503,M5,d1,26,7:33:00,7:33:00,400841,22.0,2
MV_A5-Weekday-SDon-042600_M5_503,M5,d1,27,7:34:24,7:34:24,404131,22.0,2
MV_A5-Weekday-SDon-042600_M5_503,M5,d1,28,7:35:40,7:35:40,400843,22.0,2
MV_A5-Weekday-SDon-042600_M5_503,M5,d1,29,7:36:57,7:36:57,404855,22.0,2
MV_A5-Weekday-SDon-042600_M5_503,M5,d1,30,7:38:13,7:38:13,400846,22.0,2
MV_A5-Weekday-SDon-042600_M5_503,M5,d1,31,7:39:08,7:39:08,400847,22.0,2
MV_A5-Weekday-SDon-042600_M5_503,M5,d1,32,7:40:06,7:40:06,400848,22.0,2
MV_A5-Weekday-SDon-042600_M5_503,M5,d1,33,7:41:00,7:41:00,400849,22.0,2
MV_A5-Weekday-SDon-042600_M5_503,M5,d1,34,7:42:55,7:42:55,400851,25.0,2
MV_A5-Weekday-SDon-042600_M5_503,M5,d1,35,7:44:02,7:44:02,400852,25.0,2
MV_A5-Weekday-SDon-042600_M5_503,M5,d1,36,7:45:39,7:45:39,400853,25.0,2
MV_A5-Weekday-SDon-042600_M5_503,M5,d1,37,7:46:42,7:46:42,400854,25.0,3
MV_A5-Weekday-SDon-042600_M5_503,M5,d1,38,7:50:20,7:50:20,403171,47.0,3
MV_A5-Weekday-SDon-042600_M5_503,M5,d1,39,7:54:00,7:54:00,400861,47.0,3
MV_A5-Weekday-SDon-042600_M5_503,M5,d1,40,7:57:13,7:57:13,403047,12.0,1
MV_A5-Weekday-SDon-042600_M5_503,M5,d1,41,7:59:47,7:59:47,402446,12.0,1
MV_A5-Weekday-SDon-042600_M5_503,M5,d1,42,8:02:55,8:02:55,450123,1.0,1
MV_A5-Weekday-SDon-042600_M5_503,M5,d1,43,8:07:00,8:07:00,400135,8.0,1
MV_A5-Weekday-SDon-042600_M5_503,M5,d1,44,8:08:28,8:08:28,400322,2.0,1
MV_A5-Weekday-SDon-042600_M5_503,M5,d1,45,8:09:56,8:09:56,400323,2.0,1
MV_A5-Weekday-SDon-042600_M5_503,M5,d1,46,8:11:30,8:11:30,400324,2.0,1
MV_A5-Weekday-SDon-042600_M5_503,M5,d1,47,8:14:00,8:14:00,803082,2.0,1
MV_A5-Weekday-035000_M5_505,M5,d1,1,5:50:00,5:50:00,400808,4.0,1
MV_A5-Weekday-035000_M5_505,M5,d1,2,5:50:57,5:50:57,400809,6.0,1
MV_A5-Weekday-035000_M5_505,M5,d1,3,5:51:45,5:51:45,400810,6.0,1
MV_A5-Weekday-035000_M5_505,M5,d1,4,5:52:32,5:52:32,400811,6.0,1
MV_A5-Weekday-035000_M5_505,M5,d1,5,5:53:06,5:53:06,400812,5.0,1
MV_A5-Weekday-035000_M5_505,M5,d1,6,5:54:29,5:54:29,404918,5.0,1
MV_A5-Weekday-035000_M5_505,M5,d1,7,5:55:39,5:55:39,400814,5.0,1
MV_A5-Weekday-035000_M5_505,M5,d1,8,5:56:22,5:56:22,400815,7.0,1
MV_A5-Weekday-035000_M5_505,M5,d1,9,5:57:07,5:57:07,400816,8.0,1
MV_A5-Weekday-035000_M5_505,M5,d1,10,5:58:00,5:58:00,400655,8.0,1
MV_A5-Weekday-035000_M5_505,M5,d1,11,5:58:57,5:58:57,400656,11.0,1
MV_A5-Weekday-035000_M5_505,M5,d1,12,5:59:58,5:59:58,400657,13.0,1
MV_A5-Weekday-035000_M5_505,M5,d1,13,6:00:40,6:00:40,400658,13.0,1
MV_A5-Weekday-035000_M5_505,M5,d1,14,6:01:42,6:01:42,400659,13.0,1
MV_A5-Weekday-035000_M5_505,M5,d1,15,6:02:10,6:02:10,403483,13.0,1
MV_A5-Weekday-035000_M5_505,M5,d1,16,6:03:28,6:03:28,400661,13.0,1
MV_A5-Weekday-035000_M5_505,M5,d1,17,6:04:09,6:04:09,400662,7.0,1
MV_A5-Weekday-035000_M5_505,M5,d1,18,6:04:50,6:04:50,400663,15.0,1
MV_A5-Weekday-035000_M5_505,M5,d1,19,6:06:00,6:06:00,404011,12.0,2
MV_A5-Weekday-035000_M5_505,M5,d1,20,6:06:19,6:06:19,404012,17.0,2
MV_A5-Weekday-035000_M5_505,M5,d1,21,6:08:01,6:08:01,404822,17.0,2
MV_A5-Weekday-035000_M5_505,M5,d1,22,6:08:56,6:08:56,404259,17.0,2
MV_A5-Weekday-035000_M5_505,M5,d1,23,6:09:36,6:09:36,405580,17.0,2
MV_A5-Weekday-035000_M5_505,M5,d1,24,6:10:14,6:10:14,400834,17.0,2
MV_A5-Weekday-035000_M5_505,M5,d1,25,6:10:38,6:10:38,400835,14.0,2
MV_A5-Weekday-035000_M5_505,M5,d1,26,6:11:01,6:11:01,400836,18.0,2
MV_A5-Weekday-035000_M5_505,M5,d1,27,6:11:48,6:11:48,400837,15.0,2
MV_A5-Weekday-035000_M5_505,M5,d1,28,6:12:11,6:12:11,400838,19.0,2
MV_A5-Weekday-035000_M5_505,M5,d1,29,6:12:36,6:12:36,404130,19.0,2
MV_A5-Weekday-035000_M5_505,M5,d1,30,6:13:28,6:13:28,400840,19.0,2
MV_A5-Weekday-035000_M5_505,M5,d1,31,6:14:00,6:14:00,400841,15.0,1
MV_A5-Weekday-035000_M5_505,M5,d1,32,6:14:52,6:14:52,404131,16.0,2
MV_A5-Weekday-035000_M5_505,M5,d1,33,6:15:40,6:15:40,400843,17.0,2
MV_A5-Weekday-035000_M5_505,M5,d1,34,6:16:28,6:16:28,404855,19.0,2
MV_A5-Weekday-035000_M5_505,M5,d1,35,6:17:16,6:17:16,400846,15.0,2
MV_A5-Weekday-035000_M5_505,M5,d1,36,6:17:50,6:17:50,400847,18.0,2
MV_A5-Weekday-035000_M5_505,M5,d1,37,6:18:26,6:18:26,400848,18.0,2
MV_A5-Weekday-035000_M5_505,M5,d1,38,6:19:00,6:19:00,400849,18.0,2
MV_A5-Weekday-035000_M5_505,M5,d1,39,6:20:28,6:20:28,400851,18.0,2
MV_A5-Weekday-035000_M5_505,M5,d1,40,6:21:20,6:21:20,400852,20.0,2
MV_A5-Weekday-035000_M5_505,M5,d1,41,6:22:35,6:22:35,400853,21.0,2
MV_A5-Weekday-035000_M5_505,M5,d1,42,6:23:23,6:23:23,400854,21.0,2
MV_A5-Weekday-035000_M5_505,M5,d1,43,6:24:27,6:24:27,403169,13.0,2
MV_A5-Weekday-035000_M5_505,M5,d1,44,6:25:08,6:25:08,400856,25.0,2
MV_A5-Weekday-035000_M5_505,M5,d1,45,6:26:11,6:26:11,403171,25.0,2
MV_A5-Weekday-035000_M5_505,M5,d1,46,6:26:55,6:26:55,400858,24.0,2
MV_A5-Weekday-035000_M5_505,M5,d1,47,6:28:05,6:28:05,400860,13.0,2
MV_A5-Weekday-035000_M5_505,M5,d1,48,6:29:00,6:29:00,400861,24.0,2
MV_A5-Weekday-035000_M5_505,M5,d1,49,6:29:17,6:29:17,403781,22.0,2
MV_A5-Weekday-035000_M5_505,M5,d1,50,6:30:14,6:30:14,403047,16.0,2
MV_A5-Weekday-035000_M5_505,M5,d1,51,6:31:13,6:31:13,402446,18.0,2
MV_A5-Weekday-035000_M5_505,M5,d1,52,6:31:38,6:31:38,403266,15.0,1
MV_A5-Weekday-035000_M5_505,M5,d1,53,6:32:05,6:32:05,400131,15.0,1
MV_A5-Weekday-035000_M5_505,M5,d1,54,6:32:26,6:32:26,450123,5.0,1
MV_A5-Weekday-035000_M5_505,M5,d1,55,6:33:07,6:33:07,400133,8.0,1
MV_A5-Weekday-035000_M5_505,M5,d1,56,6:33:28,6:33:28,404180,8.0,1
MV_A5-Weekday-035000_M5_505,M5,d1,57,6:34:00,6:34:00,400135,3.0,1
MV_A5-Weekday-035000_M5_505,M5,d1,58,6:36:56,6:36:56,400322,6.0,1
MV_A5-Weekday-035000_M5_505,M5,d1,59,6:39:51,6:39:51,400323,6.0,1
MV_A5-Weekday-035000_M5_505,M5,d1,60,6:43:00,6:43:00,400324,3.0,1
MV_A5-Weekday-035000_M5_505,M5,d1,61,6:48:00,6:48:00,803082,3.0,1
MV_A5-Weekday-088000_M5_511,M5,d1,1,14:40:00,14:40:00,403835,17.0,2
MV_A5-Weekday-088000_M5_511,M5,d1,2,14:42:00,14:42:00,400639,17.0,2
MV_A5-Weekday-088000_M5_511,M5,d1,3,14:44:03,14:44:03,400640,17.0,2
MV_A5-Weekday-088000_M5_511,M5,d1,4,14:45:41,14:45:41,400641,17.0,2
MV_A5-Weekday-088000_M5_511,M5,d1,5,14:47:00,14:47:00,400642,17.0,2
MV_A5-Weekday-088000_M5_511,M5,d1,6,14:47:58,14:47:58,400643,17.0,2
MV_A5-Weekday-088000_M5_511,M5,d1,7,14:48:58,14:48:58,400644,17.0,2
MV_A5-Weekday-088000_M5_511,M5,d1,8,14:50:05,14:50:05,400645,17.0,2
MV_A5-Weekday-088000_M5_511,M5,d1,9,14:51:23,14:51:23,400646,17.0,2
MV_A5-Weekday-088000_M5_511,M5,d1,10,14:52:46,14:52:46,400647,17.0,2
MV_A5-Weekday-088000_M5_511,M5,d1,11,14:53:53,14:53:53,400648,17.0,2
MV_A5-Weekday-088000_M5_511,M5,d1,12,14:54:58,14:54:58,400649,17.0,2
MV_A5-Weekday-088000_M5_511,M5,d1,13,14:56:00,14:56:00,403373,17.0,2
MV_A5-Weekday-088000_M5_511,M5,d1,14,14:57:43,14:57:43,403374,13.0,1
MV_A5-Weekday-088000_M5_511,M5,d1,15,14:58:45,14:58:45,403375,13.0,1
MV_A5-Weekday-088000_M5_511,M5,d1,16,14:59:46,14:59:46,403376,13.0,1
MV_A5-Weekday-088000_M5_511,M5,d1,17,15:01:00,15:01:00,403377,13.0,1
MV_A5-Weekday-088000_M5_511,M5,d1,18,15:02:51,15:02:51,400655,13.0,1
MV_A5-Weekday-088000_M5_511,M5,d1,19,15:04:30,15:04:30,400656,11.0,1
MV_A5-Weekday-088000_M5_511,M5,d1,20,15:06:14,15:06:14,400657,12.0,1
MV_A5-Weekday-088000_M5_511,M5,d1,21,15:07:26,15:07:26,400658,12.0,1
MV_A5-Weekday-088000_M5_511,M5,d1,22,15:09:13,15:09:13,400659,12.0,1
MV_A5-Weekday-088000_M5_511,M5,d1,23,15:10:00,15:10:00,403483,12.0,1
MV_A5-Weekday-088000_M5_511,M5,d1,24,15:12:28,15:12:28,400661,12.0,1
MV_A5-Weekday-088000_M5_511,M5,d1,25,15:13:46,15:13:46,400662,9.0,1
MV_A5-Weekday-088000_M5_511,M5,d1,26,15:15:03,15:15:03,400663,9.0,1
MV_A5-Weekday-088000_M5_511,M5,d1,27,15:17:00,15:17:00,803157,9.0,1
MV_A5-Weekday-088000_M5_511,M5,d1,28,15:19:00,15:19:00,404148,8.0,2
MV_A5-Weekday-088000_M5_511,M5,d1,29,15:21:07,15:21:07,403903,30.0,2
MV_A5-Weekday-088000_M5_511,M5,d1,30,15:22:10,15:22:10,403142,30.0,3
MV_A5-Weekday-088000_M5_511,M5,d1,31,15:23:20,15:23:20,403144,46.0,3
MV_A5-Weekday-088000_M5_511,M5,d1,32,15:25:10,15:25:10,403145,46.0,3
MV_A5-Weekday-088000_M5_511,M5,d1,33,15:26:26,15:26:26,405234,7.0,3
MV_A5-Weekday-088000_M5_511,M5,d1,34,15:28:36,15:28:36,403147,44.0,3
MV_A5-Weekday-088000_M5_511,M5,d1,35,15:29:47,15:29:47,403148,43.0,3
MV_A5-Weekday-088000_M5_511,M5,d1,36,15:30:56,15:30:56,403149,8.0,4
MV_A5-Weekday-088000_M5_511,M5,d1,37,15:32:24,15:32:24,400676,58.0,5
MV_A5-Weekday-088000_M5_511,M5,d1,38,15:34:16,15:34:16,400677,67.0,5
MV_A5-Weekday-088000_M5_511,M5,d1,39,15:36:11,15:36:11,400678,32.0,2
MV_A5-Weekday-088000_M5_511,M5,d1,40,15:37:00,15:37:00,400485,32.0,3
MV_A5-Weekday-088000_M5_511,M5,d1,41,15:38:43,15:38:43,400486,36.0,3
MV_A5-Weekday-088000_M5_511,M5,d1,42,15:41:00,15:41:00,400290,4.0,4
MV_A5-Weekday-088000_M5_511,M5,d1,43,15:43:15,15:43:15,404278,57.0,4
MV_A5-Weekday-088000_M5_511,M5,d1,44,15:45:00,15:45:00,400292,2.0,3
MV_A5-Weekday-088000_M5_511,M5,d1,45,15:47:05,15:47:05,400108,47.0,3
MV_A5-Weekday-088000_M5_511,M5,d1,46,15:48:43,15:48:43,400109,47.0,3
MV_A5-Weekday-088000_M5_511,M5,d1,47,15:50:15,15:50:15,400110,47.0,3
MV_A5-Weekday-088000_M5_511,M5,d1,48,15:51:56,15:51:56,400111,45.0,3
MV_A5-Weekday-088000_M5_511,M5,d1,49,15:54:51,15:54:51,404081,45.0,3
MV_A5-Weekday-088000_M5_511,M5,d1,50,15:56:52,15:56:52,404168,5.0,3
MV_A5-Weekday-088000_M5_511,M5,d1,51,15:58:06,15:58:06,400115,47.0,3
MV_A5-Weekday-088000_M5_511,M5,d1,52,15:59:45,15:59:45,400116,47.0,3
MV_A5-Weekday-088000_M5_511,M5,d1,53,16:01:14,16:01:14,400117,10.0,2
MV_A5-Weekday-088000_M5_511,M5,d1,54,16:03:28,16:03:28,400118,32.0,4
MV_A5-Weekday-088000_M5_511,M5,d1,55,16:05:37,16:05:37,400119,50.0,4
MV_A5-Weekday-088000_M5_511,M5,d1,56,16:08:52,16:08:52,400120,50.0,4
MV_A5-Weekday-088000_M5_511,M5,d1,57,16:10:10,16:10:10,400121,9.0,2
MV_A5-Weekday-088000_M5_511,M5,d1,58,16:11:33,16:11:33,400122,32.0,2
MV_A5-Weekday-088000_M5_511,M5,d1,59,16:13:06,16:13:06,400123,8.0,5
MV_A5-Weekday-088000_M5_511,M5,d1,60,16:16:00,16:16:00,400124,74.0,5
MV_A5-Weekday-088000_M5_511,M5,d1,61,16:18:13,16:18:13,400125,43.0,5
MV_A5-Weekday-088000_M5_511,M5,d1,62,16:20:48,16:20:48,400126,74.0,5
MV_A5-Weekday-088000_M5_511,M5,d1,63,16:22:43,16:22:43,400127,74.0,5
MV_A5-Weekday-088000_M5_511,M5,d1,64,16:24:02,16:24:02,400128,74.0,5
MV_A5-Weekday-088000_M5_511,M5,d1,65,16:25:39,16:25:39,400512,74.0,5
MV_A5-Weekday-088000_M5_511,M5,d1,66,16:29:05,16:29:05,403266,5.0,3
MV_A5-Weekday-088000_M5_511,M5,d1,67,16:31:26,16:31:26,400514,43.0,5
MV_A5-Weekday-088000_M5_511,M5,d1,68,16:33:50,16:33:50,400515,67.0,5
MV_A5-Weekday-088000_M5_511,M5,d1,69,16:36:14,16:36:14,400516,67.0,5
MV_A5-Weekday-088000_M5_511,M5,d1,70,16:37:52,16:37:52,405179,67.0,5
MV_A5-Weekday-088000_M5_511,M5,d1,71,16:40:00,16:40:00,400518,67.0,5
MV_A5-Weekday-088000_M5_511,M5,d1,72,16:42:25,16:42:25,400519,67.0,5
MV_A5-Weekday-088000_M5_511,M5,d1,73,16:43:51,16:43:51,405486,46.0,3
MV_A5-Weekday-088000_M5_511,M5,d1,74,16:47:00,16:47:00,903128,46.0,3
MV_A5-Weekday-SDon-085800_M5_534,M5,d1,1,14:18:00,14:18:00,400808,11.0,1
MV_A5-Weekday-SDon-085800_M5_534,M5,d1,2,14:19:19,14:19:19,400809,15.0,1
MV_A5-Weekday-SDon-085800_M5_534,M5,d1,3,14:20:24,14:20:24,400810,15.0,1
MV_A5-Weekday-SDon-085800_M5_534,M5,d1,4,14:21:30,14:21:30,400811,14.0,2
MV_A5-Weekday-SDon-085800_M5_534,M5,d1,5,14:22:16,14:22:16,400812,30.0,2
MV_A5-Weekday-SDon-085800_M5_534,M5,d1,6,14:24:11,14:24:11,404918,25.0,3
MV_A5-Weekday-SDon-085800_M5_534,M5,d1,7,14:25:47,14:25:47,400814,45.0,3
MV_A5-Weekday-SDon-085800_M5_534,M5,d1,8,14:26:45,14:26:45,400815,45.0,3
MV_A5-Weekday-SDon-085800_M5_534,M5,d1,9,14:27:47,14:27:47,400816,45.0,3
MV_A5-Weekday-SDon-085800_M5_534,M5,d1,10,14:29:00,14:29:00,400655,12.0,1
MV_A5-Weekday-SDon-085800_M5_534,M5,d1,11,14:31:28,14:31:28,400657,12.0,1
MV_A5-Weekday-SDon-085800_M5_534,M5,d1,12,14:34:12,14:34:12,403483,12.0,1
MV_A5-Weekday-SDon-085800_M5_534,M5,d1,13,14:36:42,14:36:42,400662,12.0,1
MV_A5-Weekday-SDon-085800_M5_534,M5,d1,14,14:39:00,14:39:00,404011,12.0,1
MV_A5-Weekday-SDon-085800_M5_534,M5,d1,15,14:39:26,14:39:26,404012,12.0,1
MV_A5-Weekday-SDon-085800_M5_534,M5,d1,16,14:41:46,14:41:46,404822,12.0,1
MV_A5-Weekday-SDon-085800_M5_534,M5,d1,17,14:43:02,14:43:02,404259,12.0,1
MV_A5-Weekday-SDon-085800_M5_534,M5,d1,18,14:43:56,14:43:56,405580,12.0,1
MV_A5-Weekday-SDon-085800_M5_534,M5,d1,19,14:44:49,14:44:49,400834,12.0,1
MV_A5-Weekday-SDon-085800_M5_534,M5,d1,20,14:45:23,14:45:23,400835,12.0,1
MV_A5-Weekday-SDon-085800_M5_534,M5,d1,21,14:45:54,14:45:54,400836,12.0,1
MV_A5-Weekday-SDon-085800_M5_534,M5,d1,22,14:46:59,14:46:59,400837,12.0,1
MV_A5-Weekday-SDon-085800_M5_534,M5,d1,23,14:47:31,14:47:31,400838,12.0,1
MV_A5-Weekday-SDon-085800_M5_534,M5,d1,24,14:48:05,14:48:05,404130,12.0,1
MV_A5-Weekday-SDon-085800_M5_534,M5,d1,25,14:49:16,14:49:16,400840,12.0,1
MV_A5-Weekday-SDon-085800_M5_534,M5,d1,26,14:50:00,14:50:00,400841,12.0,1
MV_A5-Weekday-SDon-085800_M5_534,M5,d1,27,14:51:24,14:51:24,404131,12.0,1
MV_A5-Weekday-SDon-085800_M5_534,M5,d1,28,14:52:40,14:52:40,400843,12.0,1
MV_A5-Weekday-SDon-085800_M5_534,M5,d1,29,14:53:57,14:53:57,404855,12.0,1
MV_A5-Weekday-SDon-085800_M5_534,M5,d1,30,14:55:13,14:55:13,400846,12.0,1
MV_A5-Weekday-SDon-085800_M5_534,M5,d1,31,14:56:08,14:56:08,400847,12.0,1
MV_A5-Weekday-SDon-085800_M5_534,M5,d1,32,14:57:06,14:57:06,400848,12.0,1
MV_A5-Weekday-SDon-085800_M5_534,M5,d1,33,14:58:00,14:58:00,400849,12.0,1
MV_A5-Weekday-SDon-085800_M5_534,M5,d1,34,15:00:12,15:00:12,400851,12.0,1
MV_A5-Weekday-SDon-085800_M5_534,M5,d1,35,15:01:30,15:01:30,400852,12.0,1
MV_A5-Weekday-SDon-085800_M5_534,M5,d1,36,15:03:22,15:03:22,400853,8.0,1
MV_A5-Weekday-SDon-085800_M5_534,M5,d1,37,15:04:35,15:04:35,400854,7.0,1
MV_A5-Weekday-SDon-085800_M5_534,M5,d1,38,15:08:46,15:08:46,403171,7.0,1
MV_A5-Weekday-SDon-085800_M5_534,M5,d1,39,15:13:00,15:13:00,400861,6.0,1
MV_A5-Weekday-SDon-085800_M5_534,M5,d1,40,15:18:56,15:18:56,403047,5.0,1
MV_A5-Weekday-SDon-085800_M5_534,M5,d1,41,15:23:41,15:23:41,402446,5.0,1
MV_A5-Weekday-SDon-085800_M5_534,M5,d1,42,15:29:27,15:29:27,450123,5.0,1
MV_A5-Weekday-SDon-085800_M5_534,M5,d1,43,15:37:00,15:37:00,400135,5.0,1
MV_A5-Weekday-SDon-085800_M5_534,M5,d1,44,15:38:28,15:38:28,400322,5.0,1
MV_A5-Weekday-SDon-085800_M5_534,M5,d1,45,15:39:56,15:39:56,400323,3.0,1
MV_A5-Weekday-SDon-085800_M5_534,M5,d1,46,15:41:30,15:41:30,400324,3.0,1
MV_A5-Weekday-SDon-085800_M5_534,M5,d1,47,15:44:00,15:44:00,803082,3.0,1
MV_A5-Weekday-SDon-144000_M5_543,M5,d1,1,24:00:00,24:00:00,400808,8.0,1
MV_A5-Weekday-SDon-144000_M5_543,M5,d1,2,24:00:50,24:00:50,400809,9.0,1
MV_A5-Weekday-SDon-144000_M5_543,M5,d1,3,24:01:31,24:01:31,400810,2.0,1
MV_A5-Weekday-SDon-144000_M5_543,M5,d1,4,24:02:13,24:02:13,400811,10.0,1
MV_A5-Weekday-SDon-144000_M5_543,M5,d1,5,24:02:43,24:02:43,400812,10.0,1
MV_A5-Weekday-SDon-144000_M5_543,M5,d1,6,24:03:56,24:03:56,404918,11.0,1
MV_A5-Weekday-SDon-144000_M5_543,M5,d1,7,24:04:57,24:04:57,400814,12.0,1
MV_A5-Weekday-SDon-144000_M5_543,M5,d1,8,24:05:34,24:05:34,400815,9.0,1
MV_A5-Weekday-SDon-144000_M5_543,M5,d1,9,24:06:14,24:06:14,400816,13.0,1
MV_A5-Weekday-SDon-144000_M5_543,M5,d1,10,24:07:00,24:07:00,400655,13.0,1
MV_A5-Weekday-SDon-144000_M5_543,M5,d1,11,24:07:50,24:07:50,400656,12.0,1
MV_A5-Weekday-SDon-144000_M5_543,M5,d1,12,24:08:43,24:08:43,400657,11.0,1
MV_A5-Weekday-SDon-144000_M5_543,M5,d1,13,24:09:20,24:09:20,400658,9.0,1
MV_A5-Weekday-SDon-144000_M5_543,M5,d1,14,24:10:15,24:10:15,400659,9.0,1
MV_A5-Weekday-SDon-144000_M5_543,M5,d1,15,24:10:38,24:10:38,403483,11.0,1
MV_A5-Weekday-SDon-144000_M5_543,M5,d1,16,24:11:47,24:11:47,400661,10.0,1
MV_A5-Weekday-SDon-144000_M5_543,M5,d1,17,24:12:23,24:12:23,400662,9.0,1
MV_A5-Weekday-SDon-144000_M5_543,M5,d1,18,24:12:59,24:12:59,400663,7.0,1
MV_A5-Weekday-SDon-144000_M5_543,M5,d1,19,24:14:00,24:14:00,404011,6.0,1
MV_A5-Weekday-SDon-144000_M5_543,M5,d1,20,24:14:16,24:14:16,404012,4.0,1
MV_A5-Weekday-SDon-144000_M5_543,M5,d1,21,24:15:46,24:15:46,404822,2.0,1
MV_A5-Weekday-SDon-144000_M5_543,M5,d1,22,24:16:34,24:16:34,404259,4.0,1
MV_A5-Weekday-SDon-144000_M5_543,M5,d1,23,24:17:09,24:17:09,405580,2.0,1
MV_A5-Weekday-SDon-144000_M5_543,M5,d1,24,24:17:42,24:17:42,400834,3.0,1
MV_A5-Weekday-SDon-144000_M5_543,M5,d1,25,24:18:03,24:18:03,400835,4.0,1
MV_A5-Weekday-SDon-144000_M5_543,M5,d1,26,24:18:24,24:18:24,400836,1.0,1
MV_A5-Weekday-SDon-144000_M5_543,M5,d1,27,24:19:05,24:19:05,400837,1.0,1
MV_A5-Weekday-SDon-144000_M5_543,M5,d1,28,24:19:25,24:19:25,400838,4.0,1
MV_A5-Weekday-SDon-144000_M5_543,M5,d1,29,24:19:47,24:19:47,404130,4.0,1
MV_A5-Weekday-SDon-144000_M5_543,M5,d1,30,24:20:32,24:20:32,400840,1.0,1
MV_A5-Weekday-SDon-144000_M5_543,M5,d1,31,24:21:00,24:21:00,400841,4.0,1
MV_A5-Weekday-SDon-144000_M5_543,M5,d1,32,24:21:42,24:21:42,404131,4.0,1
MV_A5-Weekday-SDon-144000_M5_543,M5,d1,33,24:22:20,24:22:20,400843,1.0,1
MV_A5-Weekday-SDon-144000_M5_543,M5,d1,34,24:22:59,24:22:59,404855,4.0,1
MV_A5-Weekday-SDon-144000_M5_543,M5,d1,35,24:23:37,24:23:37,400846,4.0,1
MV_A5-Weekday-SDon-144000_M5_543,M5,d1,36,24:24:04,24:24:04,400847,1.0,1
MV_A5-Weekday-SDon-144000_M5_543,M5,d1,37,24:24:33,24:24:33,400848,4.0,1
MV_A5-Weekday-SDon-144000_M5_543,M5,d1,38,24:25:00,24:25:00,400849,4.0,1
MV_A5-Weekday-SDon-144000_M5_543,M5,d1,39,24:26:19,24:26:19,400851,1.0,1
MV_A5-Weekday-SDon-144000_M5_543,M5,d1,40,24:27:06,24:27:06,400852,4.0,1
MV_A5-Weekday-SDon-144000_M5_543,M5,d1,41,24:28:13,24:28:13,400853,4.0,1
MV_A5-Weekday-SDon-144000_M5_543,M5,d1,42,24:28:57,24:28:57,400854,4.0,1
MV_A5-Weekday-SDon-144000_M5_543,M5,d1,43,24:29:55,24:29:55,403169,4.0,1
MV_A5-Weekday-SDon-144000_M5_543,M5,d1,44,24:30:31,24:30:31,400856,2.0,1
MV_A5-Weekday-SDon-144000_M5_543,M5,d1,45,24:31:28,24:31:28,403171,2.0,1
MV_A5-Weekday-SDon-144000_M5_543,M5,d1,46,24:32:08,24:32:08,400858,2.0,1
MV_A5-Weekday-SDon-144000_M5_543,M5,d1,47,24:33:10,24:33:10,400860,2.0,1
MV_A5-Weekday-SDon-144000_M5_543,M5,d1,48,24:34:00,24:34:00,400861,1.0,1
MV_A5-Weekday-SDon-144000_M5_543,M5,d1,49,24:34:17,24:34:17,403781,2.0,1
MV_A5-Weekday-SDon-144000_M5_543,M5,d1,50,24:35:14,24:35:14,403047,2.0,1
MV_A5-Weekday-SDon-144000_M5_543,M5,d1,51,24:36:13,24:36:13,402446,1.0,1
MV_A5-Weekday-SDon-144000_M5_543,M5,d1,52,24:36:38,24:36:38,403266,2.0,1
MV_A5-Weekday-SDon-144000_M5_543,M5,d1,53,24:37:05,24:37:05,400131,2.0,1
MV_A5-Weekday-SDon-144000_M5_543,M5,d1,54,24:37:26,24:37:26,450123,3.0,1
MV_A5-Weekday-SDon-144000_M5_543,M5,d1,55,24:38:07,24:38:07,400133,3.0,1
MV_A5-Weekday-SDon-144000_M5_543,M5,d1,56,24:38:28,24:38:28,404180,2.0,1
MV_A5-Weekday-SDon-144000_M5_543,M5,d1,57,24:39:00,24:39:00,400135,2.0,1
MV_A5-Weekday-SDon-144000_M5_543,M5,d1,58,24:41:31,24:41:31,400322,2.0,1
MV_A5-Weekday-SDon-144000_M5_543,M5,d1,59,24:44:01,24:44:01,400323,2.0,1
MV_A5-Weekday-SDon-144000_M5_543,M5,d1,60,24:46:43,24:46:43,400324,2.0,1
MV_A5-Weekday-SDon-144000_M5_543,M5,d1,61,24:51:00,24:51:00,803082,2.0,1
MV_A5-Weekday-044200_M5_513,M5,d1,1,7:22:00,7:22:00,400808,12.0,1
MV_A5-Weekday-044200_M5_513,M5,d1,2,7:23:04,7:23:04,400809,12.0,1
MV_A5-Weekday-044200_M5_513,M5,d1,3,7:23:58,7:23:58,400810,12.0,1
MV_A5-Weekday-044200_M5_513,M5,d1,4,7:24:52,7:24:52,400811,7.0,1
MV_A5-Weekday-044200_M5_513,M5,d1,5,7:25:29,7:25:29,400812,6.0,1
MV_A5-Weekday-044200_M5_513,M5,d1,6,7:27:03,7:27:03,404918,13.0,1
MV_A5-Weekday-044200_M5_513,M5,d1,7,7:28:22,7:28:22,400814,13.0,1
MV_A5-Weekday-044200_M5_513,M5,d1,8,7:29:10,7:29:10,400815,12.0,1
MV_A5-Weekday-044200_M5_513,M5,d1,9,7:30:00,7:30:00,400816,12.0,1
MV_A5-Weekday-044200_M5_513,M5,d1,10,7:31:00,7:31:00,400655,7.0,2
MV_A5-Weekday-044200_M5_513,M5,d1,11,7:33:28,7:33:28,400657,22.0,2
MV_A5-Weekday-044200_M5_513,M5,d1,12,7:36:12,7:36:12,403483,18.0,2
MV_A5-Weekday-044200_M5_513,M5,d1,13,7:38:42,7:38:42,400662,17.0,2
MV_A5-Weekday-044200_M5_513,M5,d1,14,7:41:00,7:41:00,404011,17.0,2
MV_A5-Weekday-044200_M5_513,M5,d1,15,7:41:26,7:41:26,404012,17.0,2
MV_A5-Weekday-044200_M5_513,M5,d1,16,7:43:46,7:43:46,404822,17.0,2
MV_A5-Weekday-044200_M5_513,M5,d1,17,7:45:02,7:45:02,404259,17.0,2
MV_A5-Weekday-044200_M5_513,M5,d1,18,7:45:56,7:45:56,405580,17.0,2
MV_A5-Weekday-044200_M5_513,M5,d1,19,7:46:49,7:46:49,400834,2.0,1
MV_A5-Weekday-044200_M5_513,M5,d1,20,7:47:23,7:47:23,400835,2.0,1
MV_A5-Weekday-044200_M5_513,M5,d1,21,7:47:54,7:47:54,400836,2.0,1
MV_A5-Weekday-044200_M5_513,M5,d1,22,7:48:59,7:48:59,400837,2.0,1
MV_A5-Weekday-044200_M5_513,M5,d1,23,7:49:31,7:49:31,400838,2.0,2
MV_A5-Weekday-044200_M5_513,M5,d1,24,7:50:05,7:50:05,404130,17.0,2
MV_A5-Weekday-044200_M5_513,M5,d1,25,7:51:16,7:51:16,400840,17.0,2
MV_A5-Weekday-044200_M5_513,M5,d1,26,7:52:00,7:52:00,400841,17.0,2
MV_A5-Weekday-044200_M5_513,M5,d1,27,7:53:24,7:53:24,404131,4.0,1
MV_A5-Weekday-044200_M5_513,M5,d1,28,7:54:40,7:54:40,400843,4.0,1
MV_A5-Weekday-044200_M5_513,M5,d1,29,7:55:57,7:55:57,404855,4.0,1
MV_A5-Weekday-044200_M5_513,M5,d1,30,7:57:13,7:57:13,400846,5.0,1
MV_A5-Weekday-044200_M5_513,M5,d1,31,7:58:08,7:58:08,400847,5.0,2
MV_A5-Weekday-044200_M5_513,M5,d1,32,7:59:06,7:59:06,400848,20.0,2
MV_A5-Weekday-044200_M5_513,M5,d1,33,8:00:00,8:00:00,400849,20.0,2
MV_A5-Weekday-044200_M5_513,M5,d1,34,8:02:04,8:02:04,400851,20.0,2
MV_A5-Weekday-044200_M5_513,M5,d1,35,8:03:16,8:03:16,400852,20.0,3
MV_A5-Weekday-044200_M5_513,M5,d1,36,8:05:01,8:05:01,400853,33.0,3
MV_A5-Weekday-044200_M5_513,M5,d1,37,8:06:08,8:06:08,400854,33.0,3
MV_A5-Weekday-044200_M5_513,M5,d1,38,8:10:03,8:10:03,403171,39.0,3
MV_A5-Weekday-044200_M5_513,M5,d1,39,8:14:00,8:14:00,400861,42.0,3
MV_A5-Weekday-044200_M5_513,M5,d1,40,8:17:57,8:17:57,403047,39.0,3
MV_A5-Weekday-044200_M5_513,M5,d1,41,8:21:07,8:21:07,402446,25.0,2
MV_A5-Weekday-044200_M5_513,M5,d1,42,8:24:58,8:24:58,450123,25.0,2
MV_A5-Weekday-044200_M5_513,M5,d1,43,8:30:00,8:30:00,400135,7.0,1
MV_A5-Weekday-044200_M5_513,M5,d1,44,8:31:28,8:31:28,400322,4.0,1
MV_A5-Weekday-044200_M5_513,M5,d1,45,8:32:56,8:32:56,400323,1.0,1
MV_A5-Weekday-044200_M5_513,M5,d1,46,8:34:30,8:34:30,400324,1.0,1
MV_A5-Weekday-044200_M5_513,M5,d1,47,8:37:00,8:37:00,803082,1.0,1
MV_A5-Weekday-070800_M5_503,M5,d1,1,11:48:00,11:48:00,400808,23.0,2
MV_A5-Weekday-070800_M5_503,M5,d1,2,11:49:19,11:49:19,400809,7.0,2
MV_A5-Weekday-070800_M5_503,M5,d1,3,11:50:24,11:50:24,400810,28.0,2
MV_A5-Weekday-070800_M5_503,M5,d1,4,11:51:30,11:51:30,400811,9.0,2
MV_A5-Weekday-070800_M5_503,M5,d1,5,11:52:16,11:52:16,400812,31.0,3
MV_A5-Weekday-070800_M5_503,M5,d1,6,11:54:11,11:54:11,404918,37.0,3
MV_A5-Weekday-070800_M5_503,M5,d1,7,11:55:47,11:55:47,400814,37.0,3
MV_A5-Weekday-070800_M5_503,M5,d1,8,11:56:45,11:56:45,400815,36.0,3
MV_A5-Weekday-070800_M5_503,M5,d1,9,11:57:47,11:57:47,400816,9.0,3
MV_A5-Weekday-070800_M5_503,M5,d1,10,11:59:00,11:59:00,400655,34.0,3
MV_A5-Weekday-070800_M5_503,M5,d1,11,12:01:28,12:01:28,400657,33.0,3
MV_A5-Weekday-070800_M5_503,M5,d1,12,12:04:12,12:04:12,403483,28.0,2
MV_A5-Weekday-070800_M5_503,M5,d1,13,12:06:42,12:06:42,400662,19.0,2
MV_A5-Weekday-070800_M5_503,M5,d1,14,12:09:00,12:09:00,404011,20.0,2
MV_A5-Weekday-070800_M5_503,M5,d1,15,12:09:26,12:09:26,404012,20.0,2
MV_A5-Weekday-070800_M5_503,M5,d1,16,12:11:46,12:11:46,404822,20.0,2
MV_A5-Weekday-070800_M5_503,M5,d1,17,12:13:02,12:13:02,404259,20.0,2
MV_A5-Weekday-070800_M5_503,M5,d1,18,12:13:56,12:13:56,405580,20.0,2
MV_A5-Weekday-070800_M5_503,M5,d1,19,12:14:49,12:14:49,400834,20.0,2
MV_A5-Weekday-070800_M5_503,M5,d1,20,12:15:23,12:15:23,400835,19.0,2
MV_A5-Weekday-070800_M5_503,M5,d1,21,12:15:54,12:15:54,400836,20.0,2
MV_A5-Weekday-070800_M5_503,M5,d1,22,12:16:59,12:16:59,400837,20.0,2
MV_A5-Weekday-070800_M5_503,M5,d1,23,12:17:31,12:17:31,400838,20.0,2
MV_A5-Weekday-070800_M5_503,M5,d1,24,12:18:05,12:18:05,404130,22.0,2
MV_A5-Weekday-070800_M5_503,M5,d1,25,12:19:16,12:19:16,400840,20.0,2
MV_A5-Weekday-070800_M5_503,M5,d1,26,12:20:00,12:20:00,400841,21.0,2
MV_A5-Weekday-070800_M5_503,M5,d1,27,12:21:24,12:21:24,404131,21.0,2
MV_A5-Weekday-070800_M5_503,M5,d1,28,12:22:40,12:22:40,400843,20.0,2
MV_A5-Weekday-070800_M5_503,M5,d1,29,12:23:57,12:23:57,404855,24.0,2
MV_A5-Weekday-070800_M5_503,M5,d1,30,12:25:13,12:25:13,400846,24.0,2
MV_A5-Weekday-070800_M5_503,M5,d1,31,12:26:08,12:26:08,400847,24.0,2
MV_A5-Weekday-070800_M5_503,M5,d1,32,12:27:06,12:27:06,400848,24.0,2
MV_A5-Weekday-070800_M5_503,M5,d1,33,12:28:00,12:28:00,400849,21.0,2
MV_A5-Weekday-070800_M5_503,M5,d1,34,12:30:12,12:30:12,400851,21.0,2
MV_A5-Weekday-070800_M5_503,M5,d1,35,12:31:30,12:31:30,400852,21.0,2
MV_A5-Weekday-070800_M5_503,M5,d1,36,12:33:22,12:33:22,400853,23.0,2
MV_A5-Weekday-070800_M5_503,M5,d1,37,12:34:35,12:34:35,400854,12.0,2
MV_A5-Weekday-070800_M5_503,M5,d1,38,12:38:46,12:38:46,403171,23.0,2
MV_A5-Weekday-070800_M5_503,M5,d1,39,12:43:00,12:43:00,400861,23.0,2
MV_A5-Weekday-070800_M5_503,M5,d1,40,12:48:56,12:48:56,403047,23.0,2
MV_A5-Weekday-070800_M5_503,M5,d1,41,12:53:41,12:53:41,402446,21.0,2
MV_A5-Weekday-070800_M5_503,M5,d1,42,12:59:27,12:59:27,450123,18.0,2
MV_A5-Weekday-070800_M5_503,M5,d1,43,13:07:00,13:07:00,400135,17.0,2
MV_A5-Weekday-070800_M5_503,M5,d1,44,13:08:28,13:08:28,400322,13.0,2
MV_A5-Weekday-070800_M5_503,M5,d1,45,13:09:56,13:09:56,400323,17.0,2
MV_A5-Weekday-070800_M5_503,M5,d1,46,13:11:30,13:11:30,400324,6.0,1
MV_A5-Weekday-070800_M5_503,M5,d1,47,13:14:00,13:14:00,803082,6.0,1
MV_A5-Weekday-128500_M5_534,M5,d1,1,21:25:00,21:25:00,400808,10.0,1
MV_A5-Weekday-128500_M5_534,M5,d1,2,21:26:04,21:26:04,400809,10.0,1
MV_A5-Weekday-128500_M5_534,M5,d1,3,21:26:58,21:26:58,400810,10.0,1
MV_A5-Weekday-128500_M5_534,M5,d1,4,21:27:52,21:27:52,400811,9.0,1
MV_A5-Weekday-128500_M5_534,M5,d1,5,21:28:29,21:28:29,400812,8.0,1
MV_A5-Weekday-128500_M5_534,M5,d1,6,21:30:03,21:30:03,404918,9.0,1
MV_A5-Weekday-128500_M5_534,M5,d1,7,21:31:22,21:31:22,400814,10.0,1
MV_A5-Weekday-128500_M5_534,M5,d1,8,21:32:10,21:32:10,400815,8.0,1
MV_A5-Weekday-128500_M5_534,M5,d1,9,21:33:00,21:33:00,400816,10.0,1
MV_A5-Weekday-128500_M5_534,M5,d1,10,21:34:00,21:34:00,400655,6.0,1
MV_A5-Weekday-128500_M5_534,M5,d1,11,21:35:19,21:35:19,400656,8.0,1
MV_A5-Weekday-128500_M5_534,M5,d1,12,21:36:43,21:36:43,400657,9.0,1
MV_A5-Weekday-128500_M5_534,M5,d1,13,21:37:40,21:37:40,400658,8.0,1
MV_A5-Weekday-128500_M5_534,M5,d1,14,21:39:06,21:39:06,400659,3.0,1
MV_A5-Weekday-128500_M5_534,M5,d1,15,21:39:43,21:39:43,403483,8.0,1
MV_A5-Weekday-128500_M5_534,M5,d1,16,21:41:31,21:41:31,400661,5.0,1
MV_A5-Weekday-128500_M5_534,M5,d1,17,21:42:28,21:42:28,400662,5.0,1
MV_A5-Weekday-128500_M5_534,M5,d1,18,21:43:24,21:43:24,400663,8.0,1
MV_A5-Weekday-128500_M5_534,M5,d1,19,21:45:00,21:45:00,404011,8.0,1
MV_A5-Weekday-128500_M5_534,M5,d1,20,21:45:19,21:45:19,404012,5.0,1
MV_A5-Weekday-128500_M5_534,M5,d1,21,21:47:01,21:47:01,404822,2.0,1
MV_A5-Weekday-128500_M5_534,M5,d1,22,21:47:56,21:47:56,404259,8.0,1
MV_A5-Weekday-128500_M5_534,M5,d1,23,21:48:36,21:48:36,405580,5.0,1
MV_A5-Weekday-128500_M5_534,M5,d1,24,21:49:14,21:49:14,400834,5.0,1
MV_A5-Weekday-128500_M5_534,M5,d1,25,21:49:38,21:49:38,400835,2.0,1
MV_A5-Weekday-128500_M5_534,M5,d1,26,21:50:01,21:50:01,400836,5.0,1
MV_A5-Weekday-128500_M5_534,M5,d1,27,21:50:48,21:50:48,400837,5.0,1
MV_A5-Weekday-128500_M5_534,M5,d1,28,21:51:11,21:51:11,400838,5.0,1
MV_A5-Weekday-128500_M5_534,M5,d1,29,21:51:36,21:51:36,404130,5.0,1
MV_A5-Weekday-128500_M5_534,M5,d1,30,21:52:28,21:52:28,400840,10.0,1
MV_A5-Weekday-128500_M5_534,M5,d1,31,21:53:00,21:53:00,400841,10.0,1
MV_A5-Weekday-128500_M5_534,M5,d1,32,21:53:42,21:53:42,404131,6.0,1
MV_A5-Weekday-128500_M5_534,M5,d1,33,21:54:20,21:54:20,400843,2.0,1
MV_A5-Weekday-128500_M5_534,M5,d1,34,21:54:59,21:54:59,404855,6.0,1
MV_A5-Weekday-128500_M5_534,M5,d1,35,21:55:37,21:55:37,400846,6.0,1
MV_A5-Weekday-128500_M5_534,M5,d1,36,21:56:04,21:56:04,400847,10.0,1
MV_A5-Weekday-128500_M5_534,M5,d1,37,21:56:33,21:56:33,400848,4.0,1
MV_A5-Weekday-128500_M5_534,M5,d1,38,21:57:00,21:57:00,400849,10.0,1
MV_A5-Weekday-128500_M5_534,M5,d1,39,21:58:46,21:58:46,400851,10.0,1
MV_A5-Weekday-128500_M5_534,M5,d1,40,21:59:48,21:59:48,400852,5.0,1
MV_A5-Weekday-128500_M5_534,M5,d1,41,22:01:18,22:01:18,400853,10.0,1
MV_A5-Weekday-128500_M5_534,M5,d1,42,22:02:16,22:02:16,400854,10.0,1
MV_A5-Weekday-128500_M5_534,M5,d1,43,22:03:33,22:03:33,403169,10.0,1
MV_A5-Weekday-128500_M5_534,M5,d1,44,22:04:21,22:04:21,400856,11.0,1
MV_A5-Weekday-128500_M5_534,M5,d1,45,22:05:37,22:05:37,403171,14.0,2
MV_A5-Weekday-128500_M5_534,M5,d1,46,22:06:30,22:06:30,400858,17.0,2
MV_A5-Weekday-128500_M5_534,M5,d1,47,22:07:53,22:07:53,400860,19.0,2
MV_A5-Weekday-128500_M5_534,M5,d1,48,22:09:00,22:09:00,400861,22.0,2
MV_A5-Weekday-128500_M5_534,M5,d1,49,22:09:21,22:09:21,403781,22.0,2
MV_A5-Weekday-128500_M5_534,M5,d1,50,22:10:29,22:10:29,403047,22.0,2
MV_A5-Weekday-128500_M5_534,M5,d1,51,22:11:40,22:11:40,402446,21.0,2
MV_A5-Weekday-128500_M5_534,M5,d1,52,22:12:10,22:12:10,403266,10.0,2
MV_A5-Weekday-128500_M5_534,M5,d1,53,22:12:42,22:12:42,400131,24.0,2
MV_A5-Weekday-128500_M5_534,M5,d1,54,22:13:07,22:13:07,450123,21.0,2
MV_A5-Weekday-128500_M5_534,M5,d1,55,22:13:56,22:13:56,400133,20.0,2
MV_A5-Weekday-128500_M5_534,M5,d1,56,22:14:21,22:14:21,404180,9.0,2
MV_A5-Weekday-128500_M5_534,M5,d1,57,22:15:00,22:15:00,400135,22.0,2
MV_A5-Weekday-128500_M5_534,M5,d1,58,22:17:43,22:17:43,400322,1.0,2
MV_A5-Weekday-128500_M5_534,M5,d1,59,22:20:26,22:20:26,400323,17.0,2
MV_A5-Weekday-128500_M5_534,M5,d1,60,22:23:21,22:23:21,400324,11.0,1
MV_A5-Weekday-128500_M5_534,M5,d1,61,22:28:00,22:28:00,803082,11.0,1
MV_A5-Weekday-089200_M5_510,M5,d1,1,14:52:00,14:52:00,403835,5.0,1
MV_A5-Weekday-089200_M5_510,M5,d1,2,14:54:00,14:54:00,400639,5.0,1
MV_A5-Weekday-089200_M5_510,M5,d1,3,14:56:03,14:56:03,400640,5.0,1
MV_A5-Weekday-089200_M5_510,M5,d1,4,14:57:41,14:57:41,400641,5.0,1
MV_A5-Weekday-089200_M5_510,M5,d1,5,14:59:00,14:59:00,400642,5.0,1
MV_A5-Weekday-089200_M5_510,M5,d1,6,14:59:58,14:59:58,400643,5.0,1
MV_A5-Weekday-089200_M5_510,M5,d1,7,15:00:58,15:00:58,400644,5.0,1
MV_A5-Weekday-089200_M5_510,M5,d1,8,15:02:05,15:02:05,400645,7.0,1
MV_A5-Weekday-089200_M5_510,M5,d1,9,15:03:23,15:03:23,400646,7.0,1
MV_A5-Weekday-089200_M5_510,M5,d1,10,15:04:46,15:04:46,400647,7.0,1
MV_A5-Weekday-089200_M5_510,M5,d1,11,15:05:53,15:05:53,400648,3.0,1
MV_A5-Weekday-089200_M5_510,M5,d1,12,15:06:58,15:06:58,400649,3.0,1
MV_A5-Weekday-089200_M5_510,M5,d1,13,15:08:00,15:08:00,403373,3.0,1
MV_A5-Weekday-089200_M5_510,M5,d1,14,15:09:43,15:09:43,403374,3.0,1
MV_A5-Weekday-089200_M5_510,M5,d1,15,15:10:45,15:10:45,403375,3.0,1
MV_A5-Weekday-089200_M5_510,M5,d1,16,15:11:46,15:11:46,403376,3.0,1
MV_A5-Weekday-089200_M5_510,M5,d1,17,15:13:00,15:13:00,403377,4.0,1
MV_A5-Weekday-089200_M5_510,M5,d1,18,15:14:51,15:14:51,400655,5.0,1
MV_A5-Weekday-089200_M5_510,M5,d1,19,15:16:30,15:16:30,400656,5.0,1
MV_A5-Weekday-089200_M5_510,M5,d1,20,15:18:14,15:18:14,400657,5.0,1
MV_A5-Weekday-089200_M5_510,M5,d1,21,15:19:26,15:19:26,400658,5.0,1
MV_A5-Weekday-089200_M5_510,M5,d1,22,15:21:13,15:21:13,400659,5.0,1
MV_A5-Weekday-089200_M5_510,M5,d1,23,15:22:00,15:22:00,403483,5.0,1
MV_A5-Weekday-089200_M5_510,M5,d1,24,15:24:28,15:24:28,400661,5.0,1
MV_A5-Weekday-089200_M5_510,M5,d1,25,15:25:46,15:25:46,400662,5.0,1
MV_A5-Weekday-089200_M5_510,M5,d1,26,15:27:03,15:27:03,400663,5.0,1
MV_A5-Weekday-089200_M5_510,M5,d1,27,15:29:00,15:29:00,803157,5.0,1
MV_A5-Weekday-089200_M5_510,M5,d1,28,15:31:00,15:31:00,404148,8.0,1
MV_A5-Weekday-089200_M5_510,M5,d1,29,15:33:07,15:33:07,403903,8.0,1
MV_A5-Weekday-089200_M5_510,M5,d1,30,15:34:10,15:34:10,403142,8.0,1
MV_A5-Weekday-089200_M5_510,M5,d1,31,15:35:20,15:35:20,403144,8.0,1
MV_A5-Weekday-089200_M5_510,M5,d1,32,15:37:10,15:37:10,403145,8.0,1
MV_A5-Weekday-089200_M5_510,M5,d1,33,15:38:26,15:38:26,405234,8.0,1
MV_A5-Weekday-089200_M5_510,M5,d1,34,15:40:36,15:40:36,403147,6.0,1
MV_A5-Weekday-089200_M5_510,M5,d1,35,15:41:47,15:41:47,403148,5.0,1
MV_A5-Weekday-089200_M5_510,M5,d1,36,15:42:56,15:42:56,403149,3.0,1
MV_A5-Weekday-089200_M5_510,M5,d1,37,15:44:24,15:44:24,400676,11.0,1
MV_A5-Weekday-089200_M5_510,M5,d1,38,15:46:16,15:46:16,400677,11.0,1
MV_A5-Weekday-089200_M5_510,M5,d1,39,15:48:11,15:48:11,400678,12.0,1
MV_A5-Weekday-089200_M5_510,M5,d1,40,15:49:00,15:49:00,400485,12.0,1
MV_A5-Weekday-089200_M5_510,M5,d1,41,15:50:43,15:50:43,400486,12.0,1
MV_A5-Weekday-089200_M5_510,M5,d1,42,15:53:00,15:53:00,400290,12.0,1
MV_A5-Weekday-089200_M5_510,M5,d1,43,15:55:15,15:55:15,404278,12.0,1
MV_A5-Weekday-089200_M5_510,M5,d1,44,15:57:00,15:57:00,400292,12.0,1
MV_A5-Weekday-089200_M5_510,M5,d1,45,15:59:05,15:59:05,400108,4.0,1
MV_A5-Weekday-089200_M5_510,M5,d1,46,16:00:43,16:00:43,400109,4.0,1
MV_A5-Weekday-089200_M5_510,M5,d1,47,16:02:15,16:02:15,400110,4.0,1
MV_A5-Weekday-089200_M5_510,M5,d1,48,16:03:56,16:03:56,400111,3.0,1
MV_A5-Weekday-089200_M5_510,M5,d1,49,16:06:51,16:06:51,404081,3.0,1
MV_A5-Weekday-089200_M5_510,M5,d1,50,16:08:52,16:08:52,404168,3.0,1
MV_A5-Weekday-089200_M5_510,M5,d1,51,16:10:06,16:10:06,400115,3.0,1
MV_A5-Weekday-089200_M5_510,M5,d1,52,16:11:45,16:11:45,400116,2.0,1
MV_A5-Weekday-089200_M5_510,M5,d1,53,16:13:14,16:13:14,400117,5.0,1
MV_A5-Weekday-089200_M5_510,M5,d1,54,16:15:28,16:15:28,400118,5.0,1
MV_A5-Weekday-089200_M5_510,M5,d1,55,16:17:37,16:17:37,400119,9.0,1
MV_A5-Weekday-089200_M5_510,M5,d1,56,16:20:52,16:20:52,400120,10.0,1
MV_A5-Weekday-089200_M5_510,M5,d1,57,16:22:10,16:22:10,400121,10.0,1
MV_A5-Weekday-089200_M5_510,M5,d1,58,16:23:33,16:23:33,400122,15.0,1
MV_A5-Weekday-089200_M5_510,M5,d1,59,16:25:06,16:25:06,400123,15.0,1
MV_A5-Weekday-089200_M5_510,M5,d1,60,16:28:00,16:28:00,400124,15.0,1
MV_A5-Weekday-089200_M5_510,M5,d1,61,16:30:13,16:30:13,400125,15.0,1
MV_A5-Weekday-089200_M5_510,M5,d1,62,16:32:48,16:32:48,400126,15.0,1
MV_A5-Weekday-089200_M5_510,M5,d1,63,16:34:43,16:34:43,400127,15.0,1
MV_A5-Weekday-089200_M5_510,M5,d1,64,16:36:02,16:36:02,400128,12.0,1
MV_A5-Weekday-089200_M5_510,M5,d1,65,16:37:39,16:37:39,400512,15.0,1
MV_A5-Weekday-089200_M5_510,M5,d1,66,16:41:05,16:41:05,403266,15.0,1
MV_A5-Weekday-089200_M5_510,M5,d1,67,16:43:26,16:43:26,400514,15.0,1
MV_A5-Weekday-089200_M5_510,M5,d1,68,16:45:50,16:45:50,400515,7.0,1
MV_A5-Weekday-089200_M5_510,M5,d1,69,16:48:14,16:48:14,400516,7.0,1
MV_A5-Weekday-089200_M5_510,M5,d1,70,16:49:52,16:49:52,405179,7.0,1
MV_A5-Weekday-089200_M5_510,M5,d1,71,16:52:00,16:52:00,400518,7.0,1
MV_A5-Weekday-089200_M5_510,M5,d1,72,16:54:25,16:54:25,400519,7.0,1
MV_A5-Weekday-089200_M5_510,M5,d1,73,16:55:51,16:55:51,405486,7.0,1
MV_A5-Weekday-089200_M5_510,M5,d1,74,16:59:00,16:59:00,903128,7.0,1
MV_A5-Weekday-SDon-079600_M5_508,M5,d1,1,13:16:00,13:16:00,403835,11.0,1
MV_A5-Weekday-SDon-079600_M5_508,M5,d1,2,13:18:00,13:18:00,400639,11.0,1
MV_A5-Weekday-SDon-079600_M5_508,M5,d1,3,13:20:03,13:20:03,400640,11.0,1
MV_A5-Weekday-SDon-079600_M5_508,M5,d1,4,13:21:41,13:21:41,400641,11.0,1
MV_A5-Weekday-SDon-079600_M5_508,M5,d1,5,13:23:00,13:23:00,400642,1.0,1
MV_A5-Weekday-SDon-079600_M5_508,M5,d1,6,13:23:58,13:23:58,400643,1.0,1
MV_A5-Weekday-SDon-079600_M5_508,M5,d1,7,13:24:58,13:24:58,400644,1.0,1
MV_A5-Weekday-SDon-079600_M5_508,M5,d1,8,13:26:05,13:26:05,400645,7.0,1
MV_A5-Weekday-SDon-079600_M5_508,M5,d1,9,13:27:23,13:27:23,400646,7.0,1
MV_A5-Weekday-SDon-079600_M5_508,M5,d1,10,13:28:46,13:28:46,400647,7.0,1
MV_A5-Weekday-SDon-079600_M5_508,M5,d1,11,13:29:53,13:29:53,400648,8.0,1
MV_A5-Weekday-SDon-079600_M5_508,M5,d1,12,13:30:58,13:30:58,400649,8.0,1
MV_A5-Weekday-SDon-079600_M5_508,M5,d1,13,13:32:00,13:32:00,403373,8.0,1
MV_A5-Weekday-SDon-079600_M5_508,M5,d1,14,13:33:43,13:33:43,403374,11.0,1
MV_A5-Weekday-SDon-079600_M5_508,M5,d1,15,13:34:45,13:34:45,403375,11.0,1
MV_A5-Weekday-SDon-079600_M5_508,M5,d1,16,13:35:46,13:35:46,403376,11.0,1
MV_A5-Weekday-SDon-079600_M5_508,M5,d1,17,13:37:00,13:37:00,403377,11.0,1
MV_A5-Weekday-SDon-079600_M5_508,M5,d1,18,13:38:51,13:38:51,400655,11.0,1
MV_A5-Weekday-SDon-079600_M5_508,M5,d1,19,13:40:30,13:40:30,400656,11.0,1
MV_A5-Weekday-SDon-079600_M5_508,M5,d1,20,13:42:14,13:42:14,400657,11.0,1
MV_A5-Weekday-SDon-079600_M5_508,M5,d1,21,13:43:26,13:43:26,400658,11.0,1
MV_A5-Weekday-SDon-079600_M5_508,M5,d1,22,13:45:13,13:45:13,400659,11.0,1
MV_A5-Weekday-SDon-079600_M5_508,M5,d1,23,13:46:00,13:46:00,403483,11.0,1
MV_A5-Weekday-SDon-079600_M5_508,M5,d1,24,13:48:28,13:48:28,400661,10.0,1
MV_A5-Weekday-SDon-079600_M5_508,M5,d1,25,13:49:46,13:49:46,400662,10.0,1
MV_A5-Weekday-SDon-079600_M5_508,M5,d1,26,13:51:03,13:51:03,400663,10.0,1
MV_A5-Weekday-SDon-079600_M5_508,M5,d1,27,13:53:00,13:53:00,803157,10.0,1
MV_A5-Weekday-SDon-079600_M5_508,M5,d1,28,13:55:00,13:55:00,404148,13.0,1
MV_A5-Weekday-SDon-079600_M5_508,M5,d1,29,13:57:07,13:57:07,403903,13.0,1
MV_A5-Weekday-SDon-079600_M5_508,M5,d1,30,13:58:10,13:58:10,403142,13.0,1
MV_A5-Weekday-SDon-079600_M5_508,M5,d1,31,13:59:20,13:59:20,403144,9.0,1
MV_A5-Weekday-SDon-079600_M5_508,M5,d1,32,14:01:10,14:01:10,403145,14.0,1
MV_A5-Weekday-SDon-079600_M5_508,M5,d1,33,14:02:26,14:02:26,405234,14.0,1
MV_A5-Weekday-SDon-079600_M5_508,M5,d1,34,14:04:36,14:04:36,403147,13.0,1
MV_A5-Weekday-SDon-079600_M5_508,M5,d1,35,14:05:47,14:05:47,403148,14.0,1
MV_A5-Weekday-SDon-079600_M5_508,M5,d1,36,14:06:56,14:06:56,403149,14.0,1
MV_A5-Weekday-SDon-079600_M5_508,M5,d1,37,14:08:24,14:08:24,400676,15.0,2
MV_A5-Weekday-SDon-079600_M5_508,M5,d1,38,14:10:16,14:10:16,400677,18.0,2
MV_A5-Weekday-SDon-079600_M5_508,M5,d1,39,14:12:11,14:12:11,400678,18.0,2
MV_A5-Weekday-SDon-079600_M5_508,M5,d1,40,14:13:00,14:13:00,400485,19.0,2
MV_A5-Weekday-SDon-079600_M5_508,M5,d1,41,14:14:43,14:14:43,400486,19.0,2
MV_A5-Weekday-SDon-079600_M5_508,M5,d1,42,14:17:00,14:17:00,400290,19.0,2
MV_A5-Weekday-SDon-079600_M5_508,M5,d1,43,14:19:15,14:19:15,404278,23.0,2
MV_A5-Weekday-SDon-079600_M5_508,M5,d1,44,14:21:00,14:21:00,400292,14.0,1
MV_A5-Weekday-SDon-079600_M5_508,M5,d1,45,14:23:05,14:23:05,400108,14.0,1
MV_A5-Weekday-SDon-079600_M5_508,M5,d1,46,14:24:43,14:24:43,400109,15.0,1
MV_A5-Weekday-SDon-079600_M5_508,M5,d1,47,14:26:15,14:26:15,400110,10.0,1
MV_A5-Weekday-SDon-079600_M5_508,M5,d1,48,14:27:56,14:27:56,400111,9.0,1
MV_A5-Weekday-SDon-079600_M5_508,M5,d1,49,14:30:51,14:30:51,404081,8.0,1
MV_A5-Weekday-SDon-079600_M5_508,M5,d1,50,14:32:52,14:32:52,404168,8.0,2
MV_A5-Weekday-SDon-079600_M5_508,M5,d1,51,14:34:06,14:34:06,400115,21.0,2
MV_A5-Weekday-SDon-079600_M5_508,M5,d1,52,14:35:45,14:35:45,400116,21.0,2
MV_A5-Weekday-SDon-079600_M5_508,M5,d1,53,14:37:14,14:37:14,400117,21.0,2
MV_A5-Weekday-SDon-079600_M5_508,M5,d1,54,14:39:28,14:39:28,400118,21.0,2
MV_A5-Weekday-SDon-079600_M5_508,M5,d1,55,14:41:37,14:41:37,400119,21.0,2
MV_A5-Weekday-SDon-079600_M5_508,M5,d1,56,14:44:52,14:44:52,400120,21.0,2
MV_A5-Weekday-SDon-079600_M5_508,M5,d1,57,14:46:10,14:46:10,400121,21.0,2
MV_A5-Weekday-SDon-079600_M5_508,M5,d1,58,14:47:33,14:47:33,400122,21.0,2
MV_A5-Weekday-SDon-079600_M5_508,M5,d1,59,14:49:06,14:49:06,400123,21.0,2
MV_A5-Weekday-SDon-079600_M5_508,M5,d1,60,14:52:00,14:52:00,400124,21.0,2
MV_A5-Weekday-SDon-079600_M5_508,M5,d1,61,14:54:07,14:54:07,400125,21.0,2
MV_A5-Weekday-SDon-079600_M5_508,M5,d1,62,14:56:36,14:56:36,400126,21.0,2
MV_A5-Weekday-SDon-079600_M5_508,M5,d1,63,14:58:27,14:58:27,400127,21.0,2
MV_A5-Weekday-SDon-079600_M5_508,M5,d1,64,14:59:42,14:59:42,400128,21.0,2
MV_A5-Weekday-SDon-079600_M5_508,M5,d1,65,15:01:15,15:01:15,400512,21.0,2
MV_A5-Weekday-SDon-079600_M5_508,M5,d1,66,15:04:32,15:04:32,403266,21.0,2
MV_A5-Weekday-SDon-079600_M5_508,M5,d1,67,15:06:47,15:06:47,400514,21.0,2
MV_A5-Weekday-SDon-079600_M5_508,M5,d1,68,15:09:06,15:09:06,400515,21.0,2
MV_A5-Weekday-SDon-079600_M5_508,M5,d1,69,15:11:24,15:11:24,400516,15.0,1
MV_A5-Weekday-SDon-079600_M5_508,M5,d1,70,15:12:58,15:12:58,405179,15.0,1
MV_A5-Weekday-SDon-079600_M5_508,M5,d1,71,15:15:00,15:15:00,400518,15.0,1
MV_A5-Weekday-SDon-079600_M5_508,M5,d1,72,15:17:46,15:17:46,400519,14.0,1
MV_A5-Weekday-SDon-079600_M5_508,M5,d1,73,15:19:24,15:19:24,405486,14.0,1
MV_A5-Weekday-SDon-079600_M5_508,M5,d1,74,15:23:00,15:23:00,903128,14.0,1
MV_A5-Weekday-SDon-138700_M5_539,M5,d1,1,23:07:00,23:07:00,400639,2.0,1
MV_A5-Weekday-SDon-138700_M5_539,M5,d1,2,23:08:19,23:08:19,400640,2.0,1
MV_A5-Weekday-SDon-138700_M5_539,M5,d1,3,23:09:22,23:09:22,400641,4.0,1
MV_A5-Weekday-SDon-138700_M5_539,M5,d1,4,23:10:13,23:10:13,400642,2.0,1
MV_A5-Weekday-SDon-138700_M5_539,M5,d1,5,23:10:50,23:10:50,400643,4.0,1
MV_A5-Weekday-SDon-138700_M5_539,M5,d1,6,23:11:29,23:11:29,400644,5.0,1
MV_A5-Weekday-SDon-138700_M5_539,M5,d1,7,23:12:12,23:12:12,400645,3.0,1
MV_A5-Weekday-SDon-138700_M5_539,M5,d1,8,23:13:02,23:13:02,400646,6.0,1
MV_A5-Weekday-SDon-138700_M5_539,M5,d1,9,23:13:55,23:13:55,400647,3.0,1
MV_A5-Weekday-SDon-138700_M5_539,M5,d1,10,23:14:38,23:14:38,400648,4.0,1
MV_A5-Weekday-SDon-138700_M5_539,M5,d1,11,23:15:20,23:15:20,400649,5.0,1
MV_A5-Weekday-SDon-138700_M5_539,M5,d1,12,23:16:00,23:16:00,403373,7.0,1
MV_A5-Weekday-SDon-138700_M5_539,M5,d1,13,23:17:14,23:17:14,403374,6.0,1
MV_A5-Weekday-SDon-138700_M5_539,M5,d1,14,23:17:58,23:17:58,403375,6.0,1
MV_A5-Weekday-SDon-138700_M5_539,M5,d1,15,23:18:41,23:18:41,403376,7.0,1
MV_A5-Weekday-SDon-138700_M5_539,M5,d1,16,23:19:34,23:19:34,403377,6.0,1
MV_A5-Weekday-SDon-138700_M5_539,M5,d1,17,23:20:54,23:20:54,400655,6.0,1
MV_A5-Weekday-SDon-138700_M5_539,M5,d1,18,23:22:04,23:22:04,400656,6.0,1
MV_A5-Weekday-SDon-138700_M5_539,M5,d1,19,23:23:19,23:23:19,400657,6.0,1
MV_A5-Weekday-SDon-138700_M5_539,M5,d1,20,23:24:10,23:24:10,400658,8.0,1
MV_A5-Weekday-SDon-138700_M5_539,M5,d1,21,23:25:27,23:25:27,400659,6.0,1
MV_A5-Weekday-SDon-138700_M5_539,M5,d1,22,23:26:00,23:26:00,403483,9.0,1
MV_A5-Weekday-SDon-138700_M5_539,M5,d1,23,23:27:25,23:27:25,400661,6.0,1
MV_A5-Weekday-SDon-138700_M5_539,M5,d1,24,23:28:09,23:28:09,400662,9.0,1
MV_A5-Weekday-SDon-138700_M5_539,M5,d1,25,23:28:53,23:28:53,400663,7.0,1
MV_A5-Weekday-SDon-138700_M5_539,M5,d1,26,23:30:00,23:30:00,803157,7.0,1
MV_A5-Weekday-SDon-116500_M5_537,M5,d1,1,19:25:00,19:25:00,400808,6.0,1
MV_A5-Weekday-SDon-116500_M5_537,M5,d1,2,19:26:04,19:26:04,400809,14.0,1
MV_A5-Weekday-SDon-116500_M5_537,M5,d1,3,19:26:58,19:26:58,400810,16.0,2
MV_A5-Weekday-SDon-116500_M5_537,M5,d1,4,19:27:52,19:27:52,400811,21.0,2
MV_A5-Weekday-SDon-116500_M5_537,M5,d1,5,19:28:29,19:28:29,400812,21.0,2
MV_A5-Weekday-SDon-116500_M5_537,M5,d1,6,19:30:03,19:30:03,404918,16.0,1
MV_A5-Weekday-SDon-116500_M5_537,M5,d1,7,19:31:22,19:31:22,400814,6.0,2
MV_A5-Weekday-SDon-116500_M5_537,M5,d1,8,19:32:10,19:32:10,400815,17.0,2
MV_A5-Weekday-SDon-116500_M5_537,M5,d1,9,19:33:00,19:33:00,400816,15.0,2
MV_A5-Weekday-SDon-116500_M5_537,M5,d1,10,19:34:00,19:34:00,400655,17.0,2
MV_A5-Weekday-SDon-116500_M5_537,M5,d1,11,19:35:26,19:35:26,400656,13.0,1
MV_A5-Weekday-SDon-116500_M5_537,M5,d1,12,19:36:57,19:36:57,400657,16.0,1
MV_A5-Weekday-SDon-116500_M5_537,M5,d1,13,19:38:00,19:38:00,400658,15.0,1
MV_A5-Weekday-SDon-116500_M5_537,M5,d1,14,19:39:34,19:39:34,400659,6.0,1
MV_A5-Weekday-SDon-116500_M5_537,M5,d1,15,19:40:15,19:40:15,403483,8.0,1
MV_A5-Weekday-SDon-116500_M5_537,M5,d1,16,19:42:12,19:42:12,400661,7.0,1
MV_A5-Weekday-SDon-116500_M5_537,M5,d1,17,19:43:14,19:43:14,400662,7.0,1
MV_A5-Weekday-SDon-116500_M5_537,M5,d1,18,19:44:15,19:44:15,400663,7.0,1
MV_A5-Weekday-SDon-116500_M5_537,M5,d1,19,19:46:00,19:46:00,404011,7.0,1
MV_A5-Weekday-SDon-116500_M5_537,M5,d1,20,19:46:21,19:46:21,404012,7.0,1
MV_A5-Weekday-SDon-116500_M5_537,M5,d1,21,19:48:16,19:48:16,404822,6.0,1
MV_A5-Weekday-SDon-116500_M5_537,M5,d1,22,19:49:18,19:49:18,404259,5.0,1
MV_A5-Weekday-SDon-116500_M5_537,M5,d1,23,19:50:03,19:50:03,405580,7.0,1
MV_A5-Weekday-SDon-116500_M5_537,M5,d1,24,19:50:46,19:50:46,400834,7.0,1
MV_A5-Weekday-SDon-116500_M5_537,M5,d1,25,19:51:13,19:51:13,400835,3.0,1
MV_A5-Weekday-SDon-116500_M5_537,M5,d1,26,19:51:39,19:51:39,400836,7.0,1
MV_A5-Weekday-SDon-116500_M5_537,M5,d1,27,19:52:32,19:52:32,400837,5.0,1
MV_A5-Weekday-SDon-116500_M5_537,M5,d1,28,19:52:58,19:52:58,400838,10.0,1
MV_A5-Weekday-SDon-116500_M5_537,M5,d1,29,19:53:26,19:53:26,404130,10.0,1
MV_A5-Weekday-SDon-116500_M5_537,M5,d1,30,19:54:24,19:54:24,400840,3.0,1
MV_A5-Weekday-SDon-116500_M5_537,M5,d1,31,19:55:00,19:55:00,400841,4.0,1
MV_A5-Weekday-SDon-116500_M5_537,M5,d1,32,19:55:52,19:55:52,404131,9.0,1
MV_A5-Weekday-SDon-116500_M5_537,M5,d1,33,19:56:40,19:56:40,400843,9.0,1
MV_A5-Weekday-SDon-116500_M5_537,M5,d1,34,19:57:28,19:57:28,404855,6.0,1
MV_A5-Weekday-SDon-116500_M5_537,M5,d1,35,19:58:16,19:58:16,400846,6.0,1
MV_A5-Weekday-SDon-116500_M5_537,M5,d1,36,19:58:50,19:58:50,400847,3.0,1
MV_A5-Weekday-SDon-116500_M5_537,M5,d1,37,19:59:26,19:59:26,400848,3.0,1
MV_A5-Weekday-SDon-116500_M5_537,M5,d1,38,20:00:00,20:00:00,400849,3.0,1
MV_A5-Weekday-SDon-116500_M5_537,M5,d1,39,20:01:55,20:01:55,400851,4.0,1
MV_A5-Weekday-SDon-116500_M5_537,M5,d1,40,20:03:02,20:03:02,400852,4.0,1
MV_A5-Weekday-SDon-116500_M5_537,M5,d1,41,20:04:39,20:04:39,400853,6.0,1
MV_A5-Weekday-SDon-116500_M5_537,M5,d1,42,20:05:42,20:05:42,400854,5.0,1
MV_A5-Weekday-SDon-116500_M5_537,M5,d1,43,20:07:06,20:07:06,403169,6.0,1
MV_A5-Weekday-SDon-116500_M5_537,M5,d1,44,20:07:58,20:07:58,400856,3.0,1
MV_A5-Weekday-SDon-116500_M5_537,M5,d1,45,20:09:20,20:09:20,403171,5.0,1
MV_A5-Weekday-SDon-116500_M5_537,M5,d1,46,20:10:18,20:10:18,400858,3.0,1
MV_A5-Weekday-SDon-116500_M5_537,M5,d1,47,20:11:48,20:11:48,400860,5.0,1
MV_A5-Weekday-SDon-116500_M5_537,M5,d1,48,20:13:00,20:13:00,400861,5.0,1
MV_A5-Weekday-SDon-116500_M5_537,M5,d1,49,20:13:28,20:13:28,403781,5.0,1
MV_A5-Weekday-SDon-116500_M5_537,M5,d1,50,20:14:59,20:14:59,403047,5.0,1
MV_A5-Weekday-SDon-116500_M5_537,M5,d1,51,20:16:34,20:16:34,402446,1.0,1
MV_A5-Weekday-SDon-116500_M5_537,M5,d1,52,20:17:13,20:17:13,403266,3.0,1
MV_A5-Weekday-SDon-116500_M5_537,M5,d1,53,20:17:56,20:17:56,400131,3.0,1
MV_A5-Weekday-SDon-116500_M5_537,M5,d1,54,20:18:29,20:18:29,450123,3.0,1
MV_A5-Weekday-SDon-116500_M5_537,M5,d1,55,20:19:35,20:19:35,400133,3.0,1
MV_A5-Weekday-SDon-116500_M5_537,M5,d1,56,20:20:08,20:20:08,404180,3.0,1
MV_A5-Weekday-SDon-116500_M5_537,M5,d1,57,20:21:00,20:21:00,400135,2.0,1
MV_A5-Weekday-SDon-116500_M5_537,M5,d1,58,20:24:21,20:24:21,400322,2.0,1
MV_A5-Weekday-SDon-116500_M5_537,M5,d1,59,20:27:41,20:27:41,400323,2.0,1
MV_A5-Weekday-SDon-116500_M5_537,M5,d1,60,20:31:17,20:31:17,400324,1.0,1
MV_A5-Weekday-SDon-116500_M5_537,M5,d1,61,20:37:00,20:37:00,803082,1.0,1
MV_A5-Weekday-SDon-144000_M5_542,M5,d1,1,24:00:00,24:00:00,400639,1.0,1
MV_A5-Weekday-SDon-144000_M5_542,M5,d1,2,24:01:10,24:01:10,400640,1.0,1
MV_A5-Weekday-SDon-144000_M5_542,M5,d1,3,24:02:06,24:02:06,400641,1.0,1
MV_A5-Weekday-SDon-144000_M5_542,M5,d1,4,24:02:51,24:02:51,400642,2.0,1
MV_A5-Weekday-SDon-144000_M5_542,M5,d1,5,24:03:25,24:03:25,400643,2.0,1
MV_A5-Weekday-SDon-144000_M5_542,M5,d1,6,24:03:59,24:03:59,400644,2.0,1
MV_A5-Weekday-SDon-144000_M5_542,M5,d1,7,24:04:37,24:04:37,400645,3.0,1
MV_A5-Weekday-SDon-144000_M5_542,M5,d1,8,24:05:22,24:05:22,400646,3.0,1
MV_A5-Weekday-SDon-144000_M5_542,M5,d1,9,24:06:09,24:06:09,400647,3.0,1
MV_A5-Weekday-SDon-144000_M5_542,M5,d1,10,24:06:47,24:06:47,400648,4.0,1
MV_A5-Weekday-SDon-144000_M5_542,M5,d1,11,24:07:25,24:07:25,400649,4.0,1
MV_A5-Weekday-SDon-144000_M5_542,M5,d1,12,24:08:00,24:08:00,403373,4.0,1
MV_A5-Weekday-SDon-144000_M5_542,M5,d1,13,24:08:59,24:08:59,403374,6.0,1
MV_A5-Weekday-SDon-144000_M5_542,M5,d1,14,24:09:34,24:09:34,403375,4.0,1
MV_A5-Weekday-SDon-144000_M5_542,M5,d1,15,24:10:09,24:10:09,403376,3.0,1
MV_A5-Weekday-SDon-144000_M5_542,M5,d1,16,24:10:51,24:10:51,403377,4.0,1
MV_A5-Weekday-SDon-144000_M5_542,M5,d1,17,24:11:55,24:11:55,400655,3.0,1
MV_A5-Weekday-SDon-144000_M5_542,M5,d1,18,24:12:51,24:12:51,400656,4.0,1
MV_A5-Weekday-SDon-144000_M5_542,M5,d1,19,24:13:51,24:13:51,400657,3.0,1
MV_A5-Weekday-SDon-144000_M5_542,M5,d1,20,24:14:32,24:14:32,400658,2.0,1
MV_A5-Weekday-SDon-144000_M5_542,M5,d1,21,24:15:33,24:15:33,400659,2.0,1
MV_A5-Weekday-SDon-144000_M5_542,M5,d1,22,24:16:00,24:16:00,403483,2.0,1
MV_A5-Weekday-SDon-144000_M5_542,M5,d1,23,24:17:04,24:17:04,400661,2.0,1
MV_A5-Weekday-SDon-144000_M5_542,M5,d1,24,24:17:37,24:17:37,400662,2.0,1
MV_A5-Weekday-SDon-144000_M5_542,M5,d1,25,24:18:10,24:18:10,400663,2.0,1
MV_A5-Weekday-SDon-144000_M5_542,M5,d1,26,24:19:00,24:19:00,803157,2.0,1
MV_A5-Weekday-SDon-113500_M5_538,M5,d1,1,18:55:00,18:55:00,400808,6.0,2
MV_A5-Weekday-SDon-113500_M5_538,M5,d1,2,18:56:04,18:56:04,400809,20.0,2
MV_A5-Weekday-SDon-113500_M5_538,M5,d1,3,18:56:58,18:56:58,400810,13.0,2
MV_A5-Weekday-SDon-113500_M5_538,M5,d1,4,18:57:52,18:57:52,400811,27.0,2
MV_A5-Weekday-SDon-113500_M5_538,M5,d1,5,18:58:29,18:58:29,400812,27.0,2
MV_A5-Weekday-SDon-113500_M5_538,M5,d1,6,19:00:03,19:00:03,404918,27.0,2
MV_A5-Weekday-SDon-113500_M5_538,M5,d1,7,19:01:22,19:01:22,400814,26.0,2
MV_A5-Weekday-SDon-113500_M5_538,M5,d1,8,19:02:10,19:02:10,400815,26.0,2
MV_A5-Weekday-SDon-113500_M5_538,M5,d1,9,19:03:00,19:03:00,400816,26.0,2
MV_A5-Weekday-SDon-113500_M5_538,M5,d1,10,19:04:00,19:04:00,400655,24.0,2
MV_A5-Weekday-SDon-113500_M5_538,M5,d1,11,19:05:26,19:05:26,400656,24.0,2
MV_A5-Weekday-SDon-113500_M5_538,M5,d1,12,19:06:57,19:06:57,400657,13.0,2
MV_A5-Weekday-SDon-113500_M5_538,M5,d1,13,19:08:00,19:08:00,400658,17.0,2
MV_A5-Weekday-SDon-113500_M5_538,M5,d1,14,19:09:34,19:09:34,400659,15.0,1
MV_A5-Weekday-SDon-113500_M5_538,M5,d1,15,19:10:15,19:10:15,403483,11.0,1
MV_A5-Weekday-SDon-113500_M5_538,M5,d1,16,19:12:12,19:12:12,400661,9.0,1
MV_A5-Weekday-SDon-113500_M5_538,M5,d1,17,19:13:14,19:13:14,400662,9.0,1
MV_A5-Weekday-SDon-113500_M5_538,M5,d1,18,19:14:15,19:14:15,400663,3.0,1
MV_A5-Weekday-SDon-113500_M5_538,M5,d1,19,19:16:00,19:16:00,404011,3.0,1
MV_A5-Weekday-SDon-113500_M5_538,M5,d1,20,19:16:21,19:16:21,404012,1.0,1
MV_A5-Weekday-SDon-113500_M5_538,M5,d1,21,19:18:16,19:18:16,404822,2.0,1
MV_A5-Weekday-SDon-113500_M5_538,M5,d1,22,19:19:18,19:19:18,404259,2.0,1
MV_A5-Weekday-SDon-113500_M5_538,M5,d1,23,19:20:03,19:20:03,405580,2.0,1
MV_A5-Weekday-SDon-113500_M5_538,M5,d1,24,19:20:46,19:20:46,400834,1.0,1
MV_A5-Weekday-SDon-113500_M5_538,M5,d1,25,19:21:13,19:21:13,400835,2.0,1
MV_A5-Weekday-SDon-113500_M5_538,M5,d1,26,19:21:39,19:21:39,400836,2.0,1
MV_A5-Weekday-SDon-113500_M5_538,M5,d1,27,19:22:32,19:22:32,400837,2.0,1
MV_A5-Weekday-SDon-113500_M5_538,M5,d1,28,19:22:58,19:22:58,400838,2.0,1
MV_A5-Weekday-SDon-113500_M5_538,M5,d1,29,19:23:26,19:23:26,404130,1.0,1
MV_A5-Weekday-SDon-113500_M5_538,M5,d1,30,19:24:24,19:24:24,400840,3.0,1
MV_A5-Weekday-SDon-113500_M5_538,M5,d1,31,19:25:00,19:25:00,400841,1.0,1
MV_A5-Weekday-SDon-113500_M5_538,M5,d1,32,19:26:24,19:26:24,404131,3.0,1
MV_A5-Weekday-SDon-113500_M5_538,M5,d1,33,19:27:40,19:27:40,400843,2.0,1
MV_A5-Weekday-SDon-113500_M5_538,M5,d1,34,19:28:57,19:28:57,404855,3.0,1
MV_A5-Weekday-SDon-113500_M5_538,M5,d1,35,19:30:13,19:30:13,400846,3.0,1
MV_A5-Weekday-SDon-113500_M5_538,M5,d1,36,19:31:08,19:31:08,400847,3.0,1
MV_A5-Weekday-SDon-113500_M5_538,M5,d1,37,19:32:06,19:32:06,400848,3.0,1
MV_A5-Weekday-SDon-113500_M5_538,M5,d1,38,19:33:00,19:33:00,400849,1.0,1
MV_A5-Weekday-SDon-113500_M5_538,M5,d1,39,19:35:04,19:35:04,400851,4.0,1
MV_A5-Weekday-SDon-113500_M5_538,M5,d1,40,19:36:16,19:36:16,400852,2.0,1
MV_A5-Weekday-SDon-113500_M5_538,M5,d1,41,19:38:01,19:38:01,400853,4.0,1
MV_A5-Weekday-SDon-113500_M5_538,M5,d1,42,19:39:08,19:39:08,400854,3.0,1
MV_A5-Weekday-SDon-113500_M5_538,M5,d1,43,19:40:38,19:40:38,403169,2.0,1
MV_A5-Weekday-SDon-113500_M5_538,M5,d1,44,19:41:35,19:41:35,400856,5.0,1
MV_A5-Weekday-SDon-113500_M5_538,M5,d1,45,19:43:03,19:43:03,403171,6.0,1
MV_A5-Weekday-SDon-113500_M5_538,M5,d1,46,19:44:05,19:44:05,400858,4.0,1
MV_A5-Weekday-SDon-113500_M5_538,M5,d1,47,19:45:42,19:45:42,400860,1.0,1
MV_A5-Weekday-SDon-113500_M5_538,M5,d1,48,19:47:00,19:47:00,400861,4.0,1
MV_A5-Weekday-SDon-113500_M5_538,M5,d1,49,19:47:34,19:47:34,403781,4.0,1
MV_A5-Weekday-SDon-113500_M5_538,M5,d1,50,19:49:28,19:49:28,403047,4.0,1
MV_A5-Weekday-SDon-113500_M5_538,M5,d1,51,19:51:27,19:51:27,402446,5.0,1
MV_A5-Weekday-SDon-113500_M5_538,M5,d1,52,19:52:17,19:52:17,403266,3.0,1
MV_A5-Weekday-SDon-113500_M5_538,M5,d1,53,19:53:10,19:53:10,400131,2.0,1
MV_A5-Weekday-SDon-113500_M5_538,M5,d1,54,19:53:51,19:53:51,450123,8.0,1
MV_A5-Weekday-SDon-113500_M5_538,M5,d1,55,19:55:14,19:55:14,400133,8.0,1
MV_A5-Weekday-SDon-113500_M5_538,M5,d1,56,19:55:55,19:55:55,404180,2.0,1
MV_A5-Weekday-SDon-113500_M5_538,M5,d1,57,19:57:00,19:57:00,400135,6.0,1
MV_A5-Weekday-SDon-113500_M5_538,M5,d1,58,20:00:34,20:00:34,400322,3.0,1
MV_A5-Weekday-SDon-113500_M5_538,M5,d1,59,20:04:06,20:04:06,400323,3.0,1
MV_A5-Weekday-SDon-113500_M5_538,M5,d1,60,20:07:55,20:07:55,400324,6.0,1
MV_A5-Weekday-SDon-113500_M5_538,M5,d1,61,20:14:00,20:14:00,803082,6.0,1
MV_A5-Weekday-SDon-047400_M5_516,M5,d1,1,7:54:00,7:54:00,400808,21.0,2
MV_A5-Weekday-SDon-047400_M5_516,M5,d1,2,7:55:04,7:55:04,400809,21.0,2
MV_A5-Weekday-SDon-047400_M5_516,M5,d1,3,7:55:58,7:55:58,400810,21.0,2
MV_A5-Weekday-SDon-047400_M5_516,M5,d1,4,7:56:52,7:56:52,400811,21.0,2
MV_A5-Weekday-SDon-047400_M5_516,M5,d1,5,7:57:29,7:57:29,400812,23.0,2
MV_A5-Weekday-SDon-047400_M5_516,M5,d1,6,7:59:03,7:59:03,404918,24.0,2
MV_A5-Weekday-SDon-047400_M5_516,M5,d1,7,8:00:22,8:00:22,400814,15.0,2
MV_A5-Weekday-SDon-047400_M5_516,M5,d1,8,8:01:10,8:01:10,400815,22.0,2
MV_A5-Weekday-SDon-047400_M5_516,M5,d1,9,8:02:00,8:02:00,400816,22.0,2
MV_A5-Weekday-SDon-047400_M5_516,M5,d1,10,8:03:00,8:03:00,400655,25.0,2
MV_A5-Weekday-SDon-047400_M5_516,M5,d1,11,8:05:13,8:05:13,400657,25.0,2
MV_A5-Weekday-SDon-047400_M5_516,M5,d1,12,8:07:41,8:07:41,403483,11.0,1
MV_A5-Weekday-SDon-047400_M5_516,M5,d1,13,8:09:56,8:09:56,400662,11.0,1
MV_A5-Weekday-SDon-047400_M5_516,M5,d1,14,8:12:00,8:12:00,404011,15.0,1
MV_A5-Weekday-SDon-047400_M5_516,M5,d1,15,8:12:26,8:12:26,404012,15.0,2
MV_A5-Weekday-SDon-047400_M5_516,M5,d1,16,8:14:46,8:14:46,404822,22.0,2
MV_A5-Weekday-SDon-047400_M5_516,M5,d1,17,8:16:02,8:16:02,404259,22.0,2
MV_A5-Weekday-SDon-047400_M5_516,M5,d1,18,8:16:56,8:16:56,405580,22.0,2
MV_A5-Weekday-SDon-047400_M5_516,M5,d1,19,8:17:49,8:17:49,400834,22.0,2
MV_A5-Weekday-SDon-047400_M5_516,M5,d1,20,8:18:23,8:18:23,400835,17.0,2
MV_A5-Weekday-SDon-047400_M5_516,M5,d1,21,8:18:54,8:18:54,400836,16.0,1
MV_A5-Weekday-SDon-047400_M5_516,M5,d1,22,8:19:59,8:19:59,400837,16.0,1
MV_A5-Weekday-SDon-047400_M5_516,M5,d1,23,8:20:31,8:20:31,400838,5.0,1
MV_A5-Weekday-SDon-047400_M5_516,M5,d1,24,8:21:05,8:21:05,404130,16.0,1
MV_A5-Weekday-SDon-047400_M5_516,M5,d1,25,8:22:16,8:22:16,400840,16.0,1
MV_A5-Weekday-SDon-047400_M5_516,M5,d1,26,8:23:00,8:23:00,400841,11.0,1
MV_A5-Weekday-SDon-047400_M5_516,M5,d1,27,8:24:24,8:24:24,404131,16.0,1
MV_A5-Weekday-SDon-047400_M5_516,M5,d1,28,8:25:40,8:25:40,400843,12.0,1
MV_A5-Weekday-SDon-047400_M5_516,M5,d1,29,8:26:57,8:26:57,404855,9.0,2
MV_A5-Weekday-SDon-047400_M5_516,M5,d1,30,8:28:13,8:28:13,400846,19.0,2
MV_A5-Weekday-SDon-047400_M5_516,M5,d1,31,8:29:08,8:29:08,400847,11.0,1
MV_A5-Weekday-SDon-047400_M5_516,M5,d1,32,8:30:06,8:30:06,400848,8.0,2
MV_A5-Weekday-SDon-047400_M5_516,M5,d1,33,8:31:00,8:31:00,400849,20.0,2
MV_A5-Weekday-SDon-047400_M5_516,M5,d1,34,8:33:04,8:33:04,400851,9.0,1
MV_A5-Weekday-SDon-047400_M5_516,M5,d1,35,8:34:16,8:34:16,400852,10.0,2
MV_A5-Weekday-SDon-047400_M5_516,M5,d1,36,8:36:01,8:36:01,400853,20.0,2
MV_A5-Weekday-SDon-047400_M5_516,M5,d1,37,8:37:08,8:37:08,400854,31.0,2
MV_A5-Weekday-SDon-047400_M5_516,M5,d1,38,8:41:03,8:41:03,403171,20.0,2
MV_A5-Weekday-SDon-047400_M5_516,M5,d1,39,8:45:00,8:45:00,400861,20.0,2
MV_A5-Weekday-SDon-047400_M5_516,M5,d1,40,8:49:27,8:49:27,403047,15.0,1
MV_A5-Weekday-SDon-047400_M5_516,M5,d1,41,8:53:00,8:53:00,402446,9.0,1
MV_A5-Weekday-SDon-047400_M5_516,M5,d1,42,8:57:20,8:57:20,450123,9.0,1
MV_A5-Weekday-SDon-047400_M5_516,M5,d1,43,9:03:00,9:03:00,400135,7.0,1
MV_A5-Weekday-SDon-047400_M5_516,M5,d1,44,9:04:28,9:04:28,400322,5.0,1
MV_A5-Weekday-SDon-047400_M5_516,M5,d1,45,9:05:56,9:05:56,400323,5.0,1
MV_A5-Weekday-SDon-047400_M5_516,M5,d1,46,9:07:30,9:07:30,400324,5.0,1
MV_A5-Weekday-SDon-047400_M5_516,M5,d1,47,9:10:00,9:10:00,803082,5.0,1
MV_A5-Weekday-SDon-093800_M5_513,M5,d1,1,15:38:00,15:38:00,403835,6.0,1
MV_A5-Weekday-SDon-093800_M5_513,M5,d1,2,15:40:00,15:40:00,400639,6.0,1
MV_A5-Weekday-SDon-093800_M5_513,M5,d1,3,15:42:03,15:42:03,400640,6.0,1
MV_A5-Weekday-SDon-093800_M5_513,M5,d1,4,15:43:41,15:43:41,400641,6.0,1
MV_A5-Weekday-SDon-093800_M5_513,M5,d1,5,15:45:00,15:45:00,400642,6.0,1
MV_A5-Weekday-SDon-093800_M5_513,M5,d1,6,15:45:58,15:45:58,400643,6.0,1
MV_A5-Weekday-SDon-093800_M5_513,M5,d1,7,15:46:58,15:46:58,400644,6.0,1
MV_A5-Weekday-SDon-093800_M5_513,M5,d1,8,15:48:05,15:48:05,400645,6.0,1
MV_A5-Weekday-SDon-093800_M5_513,M5,d1,9,15:49:23,15:49:23,400646,6.0,1
MV_A5-Weekday-SDon-093800_M5_513,M5,d1,10,15:50:46,15:50:46,400647,6.0,1
MV_A5-Weekday-SDon-093800_M5_513,M5,d1,11,15:51:53,15:51:53,400648,6.0,1
MV_A5-Weekday-SDon-093800_M5_513,M5,d1,12,15:52:58,15:52:58,400649,6.0,1
MV_A5-Weekday-SDon-093800_M5_513,M5,d1,13,15:54:00,15:54:00,403373,6.0,1
MV_A5-Weekday-SDon-093800_M5_513,M5,d1,14,15:55:43,15:55:43,403374,7.0,1
MV_A5-Weekday-SDon-093800_M5_513,M5,d1,15,15:56:45,15:56:45,403375,7.0,1
MV_A5-Weekday-SDon-093800_M5_513,M5,d1,16,15:57:46,15:57:46,403376,7.0,1
MV_A5-Weekday-SDon-093800_M5_513,M5,d1,17,15:59:00,15:59:00,403377,7.0,2
MV_A5-Weekday-SDon-093800_M5_513,M5,d1,18,16:00:51,16:00:51,400655,17.0,2
MV_A5-Weekday-SDon-093800_M5_513,M5,d1,19,16:02:30,16:02:30,400656,17.0,2
MV_A5-Weekday-SDon-093800_M5_513,M5,d1,20,16:04:14,16:04:14,400657,17.0,2
MV_A5-Weekday-SDon-093800_M5_513,M5,d1,21,16:05:26,16:05:26,400658,17.0,2
MV_A5-Weekday-SDon-093800_M5_513,M5,d1,22,16:07:13,16:07:13,400659,17.0,2
MV_A5-Weekday-SDon-093800_M5_513,M5,d1,23,16:08:00,16:08:00,403483,17.0,2
MV_A5-Weekday-SDon-093800_M5_513,M5,d1,24,16:10:07,16:10:07,400661,17.0,2
MV_A5-Weekday-SDon-093800_M5_513,M5,d1,25,16:11:14,16:11:14,400662,17.0,2
MV_A5-Weekday-SDon-093800_M5_513,M5,d1,26,16:12:20,16:12:20,400663,17.0,2
MV_A5-Weekday-SDon-093800_M5_513,M5,d1,27,16:14:00,16:14:00,803157,15.0,1
MV_A5-Weekday-SDon-093800_M5_513,M5,d1,28,16:16:00,16:16:00,404148,15.0,1
MV_A5-Weekday-SDon-093800_M5_513,M5,d1,29,16:18:07,16:18:07,403903,12.0,1
MV_A5-Weekday-SDon-093800_M5_513,M5,d1,30,16:19:10,16:19:10,403142,12.0,1
MV_A5-Weekday-SDon-093800_M5_513,M5,d1,31,16:20:20,16:20:20,403144,12.0,1
MV_A5-Weekday-SDon-093800_M5_513,M5,d1,32,16:22:10,16:22:10,403145,13.0,1
MV_A5-Weekday-SDon-093800_M5_513,M5,d1,33,16:23:26,16:23:26,405234,13.0,1
MV_A5-Weekday-SDon-093800_M5_513,M5,d1,34,16:25:36,16:25:36,403147,13.0,1
MV_A5-Weekday-SDon-093800_M5_513,M5,d1,35,16:26:47,16:26:47,403148,13.0,1
MV_A5-Weekday-SDon-093800_M5_513,M5,d1,36,16:27:56,16:27:56,403149,13.0,1
MV_A5-Weekday-SDon-093800_M5_513,M5,d1,37,16:29:24,16:29:24,400676,16.0,1
MV_A5-Weekday-SDon-093800_M5_513,M5,d1,38,16:31:16,16:31:16,400677,16.0,1
MV_A5-Weekday-SDon-093800_M5_513,M5,d1,39,16:33:11,16:33:11,400678,16.0,1
MV_A5-Weekday-SDon-093800_M5_513,M5,d1,40,16:34:00,16:34:00,400485,16.0,1
MV_A5-Weekday-SDon-093800_M5_513,M5,d1,41,16:35:43,16:35:43,400486,16.0,1
MV_A5-Weekday-SDon-093800_M5_513,M5,d1,42,16:38:00,16:38:00,400290,16.0,1
MV_A5-Weekday-SDon-093800_M5_513,M5,d1,43,16:40:15,16:40:15,404278,16.0,1
MV_A5-Weekday-SDon-093800_M5_513,M5,d1,44,16:42:00,16:42:00,400292,16.0,1
MV_A5-Weekday-SDon-093800_M5_513,M5,d1,45,16:43:33,16:43:33,400108,16.0,1
MV_A5-Weekday-SDon-093800_M5_513,M5,d1,46,16:44:46,16:44:46,400109,16.0,1
MV_A5-Weekday-SDon-093800_M5_513,M5,d1,47,16:45:54,16:45:54,400110,16.0,1
MV_A5-Weekday-SDon-093800_M5_513,M5,d1,48,16:47:08,16:47:08,400111,16.0,1
MV_A5-Weekday-SDon-093800_M5_513,M5,d1,49,16:49:18,16:49:18,404081,16.0,1
MV_A5-Weekday-SDon-093800_M5_513,M5,d1,50,16:50:48,16:50:48,404168,16.0,1
MV_A5-Weekday-SDon-093800_M5_513,M5,d1,51,16:51:43,16:51:43,400115,16.0,1
MV_A5-Weekday-SDon-093800_M5_513,M5,d1,52,16:52:57,16:52:57,400116,16.0,1
MV_A5-Weekday-SDon-093800_M5_513,M5,d1,53,16:54:03,16:54:03,400117,16.0,1
MV_A5-Weekday-SDon-093800_M5_513,M5,d1,54,16:55:42,16:55:42,400118,16.0,1
MV_A5-Weekday-SDon-093800_M5_513,M5,d1,55,16:57:18,16:57:18,400119,16.0,1
MV_A5-Weekday-SDon-093800_M5_513,M5,d1,56,16:59:42,16:59:42,400120,11.0,1
MV_A5-Weekday-SDon-093800_M5_513,M5,d1,57,17:00:40,17:00:40,400121,11.0,1
MV_A5-Weekday-SDon-093800_M5_513,M5,d1,58,17:01:42,17:01:42,400122,11.0,1
MV_A5-Weekday-SDon-093800_M5_513,M5,d1,59,17:02:51,17:02:51,400123,11.0,2
MV_A5-Weekday-SDon-093800_M5_513,M5,d1,60,17:05:00,17:05:00,400124,28.0,2
MV_A5-Weekday-SDon-093800_M5_513,M5,d1,61,17:07:13,17:07:13,400125,28.0,2
MV_A5-Weekday-SDon-093800_M5_513,M5,d1,62,17:09:48,17:09:48,400126,14.0,1
MV_A5-Weekday-SDon-093800_M5_513,M5,d1,63,17:11:43,17:11:43,400127,14.0,1
MV_A5-Weekday-SDon-093800_M5_513,M5,d1,64,17:13:02,17:13:02,400128,14.0,1
MV_A5-Weekday-SDon-093800_M5_513,M5,d1,65,17:14:39,17:14:39,400512,14.0,2
MV_A5-Weekday-SDon-093800_M5_513,M5,d1,66,17:18:05,17:18:05,403266,27.0,2
MV_A5-Weekday-SDon-093800_M5_513,M5,d1,67,17:20:26,17:20:26,400514,24.0,2
MV_A5-Weekday-SDon-093800_M5_513,M5,d1,68,17:22:50,17:22:50,400515,23.0,2
MV_A5-Weekday-SDon-093800_M5_513,M5,d1,69,17:25:14,17:25:14,400516,23.0,2
MV_A5-Weekday-SDon-093800_M5_513,M5,d1,70,17:26:52,17:26:52,405179,16.0,1
MV_A5-Weekday-SDon-093800_M5_513,M5,d1,71,17:29:00,17:29:00,400518,16.0,1
MV_A5-Weekday-SDon-093800_M5_513,M5,d1,72,17:31:25,17:31:25,400519,16.0,1
MV_A5-Weekday-SDon-093800_M5_513,M5,d1,73,17:32:51,17:32:51,405486,1.0,1
MV_A5-Weekday-SDon-093800_M5_513,M5,d1,74,17:36:00,17:36:00,903128,1.0,1
MV_A5-Weekday-104500_M5_528,M5,d1,1,17:25:00,17:25:00,400808,17.0,2
MV_A5-Weekday-104500_M5_528,M5,d1,2,17:26:19,17:26:19,400809,17.0,2
MV_A5-Weekday-104500_M5_528,M5,d1,3,17:27:24,17:27:24,400810,17.0,2
MV_A5-Weekday-104500_M5_528,M5,d1,4,17:28:30,17:28:30,400811,17.0,2
MV_A5-Weekday-104500_M5_528,M5,d1,5,17:29:16,17:29:16,400812,17.0,2
MV_A5-Weekday-104500_M5_528,M5,d1,6,17:31:11,17:31:11,404918,15.0,1
MV_A5-Weekday-104500_M5_528,M5,d1,7,17:32:47,17:32:47,400814,16.0,1
MV_A5-Weekday-104500_M5_528,M5,d1,8,17:33:45,17:33:45,400815,16.0,1
MV_A5-Weekday-104500_M5_528,M5,d1,9,17:34:47,17:34:47,400816,14.0,1
MV_A5-Weekday-104500_M5_528,M5,d1,10,17:36:00,17:36:00,400655,14.0,1
MV_A5-Weekday-104500_M5_528,M5,d1,11,17:38:28,17:38:28,400657,9.0,1
MV_A5-Weekday-104500_M5_528,M5,d1,12,17:41:12,17:41:12,403483,9.0,1
MV_A5-Weekday-104500_M5_528,M5,d1,13,17:43:42,17:43:42,400662,8.0,1
MV_A5-Weekday-104500_M5_528,M5,d1,14,17:46:00,17:46:00,404011,8.0,1
MV_A5-Weekday-104500_M5_528,M5,d1,15,17:46:26,17:46:26,404012,4.0,1
MV_A5-Weekday-104500_M5_528,M5,d1,16,17:48:46,17:48:46,404822,7.0,1
MV_A5-Weekday-104500_M5_528,M5,d1,17,17:50:02,17:50:02,404259,3.0,1
MV_A5-Weekday-104500_M5_528,M5,d1,18,17:50:56,17:50:56,405580,7.0,1
MV_A5-Weekday-104500_M5_528,M5,d1,19,17:51:49,17:51:49,400834,7.0,1
MV_A5-Weekday-104500_M5_528,M5,d1,20,17:52:23,17:52:23,400835,7.0,1
MV_A5-Weekday-104500_M5_528,M5,d1,21,17:52:54,17:52:54,400836,7.0,1
MV_A5-Weekday-104500_M5_528,M5,d1,22,17:53:59,17:53:59,400837,7.0,1
MV_A5-Weekday-104500_M5_528,M5,d1,23,17:54:31,17:54:31,400838,5.0,1
MV_A5-Weekday-104500_M5_528,M5,d1,24,17:55:05,17:55:05,404130,9.0,1
MV_A5-Weekday-104500_M5_528,M5,d1,25,17:56:16,17:56:16,400840,9.0,1
MV_A5-Weekday-104500_M5_528,M5,d1,26,17:57:00,17:57:00,400841,9.0,1
MV_A5-Weekday-104500_M5_528,M5,d1,27,17:58:24,17:58:24,404131,9.0,1
MV_A5-Weekday-104500_M5_528,M5,d1,28,17:59:40,17:59:40,400843,10.0,1
MV_A5-Weekday-104500_M5_528,M5,d1,29,18:00:57,18:00:57,404855,10.0,1
MV_A5-Weekday-104500_M5_528,M5,d1,30,18:02:13,18:02:13,400846,11.0,1
MV_A5-Weekday-104500_M5_528,M5,d1,31,18:03:08,18:03:08,400847,11.0,1
MV_A5-Weekday-104500_M5_528,M5,d1,32,18:04:06,18:04:06,400848,13.0,1
MV_A5-Weekday-104500_M5_528,M5,d1,33,18:05:00,18:05:00,400849,13.0,1
MV_A5-Weekday-104500_M5_528,M5,d1,34,18:07:04,18:07:04,400851,5.0,1
MV_A5-Weekday-104500_M5_528,M5,d1,35,18:08:16,18:08:16,400852,13.0,1
MV_A5-Weekday-104500_M5_528,M5,d1,36,18:10:01,18:10:01,400853,13.0,1
MV_A5-Weekday-104500_M5_528,M5,d1,37,18:11:08,18:11:08,400854,14.0,1
MV_A5-Weekday-104500_M5_528,M5,d1,38,18:15:03,18:15:03,403171,14.0,1
MV_A5-Weekday-104500_M5_528,M5,d1,39,18:19:00,18:19:00,400861,15.0,1
MV_A5-Weekday-104500_M5_528,M5,d1,40,18:24:56,18:24:56,403047,14.0,1
MV_A5-Weekday-104500_M5_528,M5,d1,41,18:29:41,18:29:41,402446,14.0,1
MV_A5-Weekday-104500_M5_528,M5,d1,42,18:35:27,18:35:27,450123,9.0,1
MV_A5-Weekday-104500_M5_528,M5,d1,43,18:43:00,18:43:00,400135,4.0,1
MV_A5-Weekday-104500_M5_528,M5,d1,44,18:44:28,18:44:28,400322,8.0,1
MV_A5-Weekday-104500_M5_528,M5,d1,45,18:45:56,18:45:56,400323,2.0,1
MV_A5-Weekday-104500_M5_528,M5,d1,46,18:47:30,18:47:30,400324,2.0,1
MV_A5-Weekday-104500_M5_528,M5,d1,47,18:50:00,18:50:00,803082,2.0,1
MV_A5-Weekday-SDon-026000_M5_501,M5,d1,1,4:20:00,4:20:00,404011,2.0,1
MV_A5-Weekday-SDon-026000_M5_501,M5,d1,2,4:20:19,4:20:19,404012,2.0,1
MV_A5-Weekday-SDon-026000_M5_501,M5,d1,3,4:22:01,4:22:01,404822,2.0,1
MV_A5-Weekday-SDon-026000_M5_501,M5,d1,4,4:22:56,4:22:56,404259,2.0,1
MV_A5-Weekday-SDon-026000_M5_501,M5,d1,5,4:23:36,4:23:36,405580,2.0,1
MV_A5-Weekday-SDon-026000_M5_501,M5,d1,6,4:24:14,4:24:14,400834,2.0,1
MV_A5-Weekday-SDon-026000_M5_501,M5,d1,7,4:24:38,4:24:38,400835,2.0,1
MV_A5-Weekday-SDon-026000_M5_501,M5,d1,8,4:25:01,4:25:01,400836,2.0,1
MV_A5-Weekday-SDon-026000_M5_501,M5,d1,9,4:25:48,4:25:48,400837,2.0,1
MV_A5-Weekday-SDon-026000_M5_501,M5,d1,10,4:26:11,4:26:11,400838,2.0,1
MV_A5-Weekday-SDon-026000_M5_501,M5,d1,11,4:26:36,4:26:36,404130,3.0,1
MV_A5-Weekday-SDon-026000_M5_501,M5,d1,12,4:27:28,4:27:28,400840,1.0,1
MV_A5-Weekday-SDon-026000_M5_501,M5,d1,13,4:28:00,4:28:00,400841,3.0,1
MV_A5-Weekday-SDon-026000_M5_501,M5,d1,14,4:28:52,4:28:52,404131,1.0,1
MV_A5-Weekday-SDon-026000_M5_501,M5,d1,15,4:29:40,4:29:40,400843,3.0,1
MV_A5-Weekday-SDon-026000_M5_501,M5,d1,16,4:30:28,4:30:28,404855,3.0,1
MV_A5-Weekday-SDon-026000_M5_501,M5,d1,17,4:31:16,4:31:16,400846,3.0,1
MV_A5-Weekday-SDon-026000_M5_501,M5,d1,18,4:31:50,4:31:50,400847,3.0,1
MV_A5-Weekday-SDon-026000_M5_501,M5,d1,19,4:32:26,4:32:26,400848,3.0,1
MV_A5-Weekday-SDon-026000_M5_501,M5,d1,20,4:33:00,4:33:00,400849,3.0,1
MV_A5-Weekday-SDon-026000_M5_501,M5,d1,21,4:34:28,4:34:28,400851,3.0,1
MV_A5-Weekday-SDon-026000_M5_501,M5,d1,22,4:35:20,4:35:20,400852,3.0,1
MV_A5-Weekday-SDon-026000_M5_501,M5,d1,23,4:36:35,4:36:35,400853,3.0,1
MV_A5-Weekday-SDon-026000_M5_501,M5,d1,24,4:37:23,4:37:23,400854,3.0,1
MV_A5-Weekday-SDon-026000_M5_501,M5,d1,25,4:38:27,4:38:27,403169,3.0,1
MV_A5-Weekday-SDon-026000_M5_501,M5,d1,26,4:39:08,4:39:08,400856,3.0,1
MV_A5-Weekday-SDon-026000_M5_501,M5,d1,27,4:40:11,4:40:11,403171,4.0,1
MV_A5-Weekday-SDon-026000_M5_501,M5,d1,28,4:40:55,4:40:55,400858,4.0,1
MV_A5-Weekday-SDon-026000_M5_501,M5,d1,29,4:42:05,4:42:05,400860,5.0,1
MV_A5-Weekday-SDon-026000_M5_501,M5,d1,30,4:43:00,4:43:00,400861,6.0,1
MV_A5-Weekday-SDon-026000_M5_501,M5,d1,31,4:43:17,4:43:17,403781,3.0,1
MV_A5-Weekday-SDon-026000_M5_501,M5,d1,32,4:44:14,4:44:14,403047,5.0,1
MV_A5-Weekday-SDon-026000_M5_501,M5,d1,33,4:45:13,4:45:13,402446,4.0,1
MV_A5-Weekday-SDon-026000_M5_501,M5,d1,34,4:45:38,4:45:38,403266,2.0,1
MV_A5-Weekday-SDon-026000_M5_501,M5,d1,35,4:46:05,4:46:05,400131,3.0,1
MV_A5-Weekday-SDon-026000_M5_501,M5,d1,36,4:46:26,4:46:26,450123,2.0,1
MV_A5-Weekday-SDon-026000_M5_501,M5,d1,37,4:47:07,4:47:07,400133,1.0,1
MV_A5-Weekday-SDon-026000_M5_501,M5,d1,38,4:47:28,4:47:28,404180,3.0,1
MV_A5-Weekday-SDon-026000_M5_501,M5,d1,39,4:48:00,4:48:00,400135,3.0,1
MV_A5-Weekday-SDon-026000_M5_501,M5,d1,40,4:50:31,4:50:31,400322,2.0,1
MV_A5-Weekday-SDon-026000_M5_501,M5,d1,41,4:53:01,4:53:01,400323,2.0,1
MV_A5-Weekday-SDon-026000_M5_501,M5,d1,42,4:55:43,4:55:43,400324,1.0,1
MV_A5-Weekday-SDon-026000_M5_501,M5,d1,43,5:00:00,5:00:00,803082,1.0,1
MV_A5-Weekday-073800_M5_505,M5,d1,1,12:18:00,12:18:00,400808,2.0,1
MV_A5-Weekday-073800_M5_505,M5,d1,2,12:19:19,12:19:19,400809,2.0,1
MV_A5-Weekday-073800_M5_505,M5,d1,3,12:20:24,12:20:24,400810,2.0,1
MV_A5-Weekday-073800_M5_505,M5,d1,4,12:21:30,12:21:30,400811,2.0,1
MV_A5-Weekday-073800_M5_505,M5,d1,5,12:22:16,12:22:16,400812,2.0,1
MV_A5-Weekday-073800_M5_505,M5,d1,6,12:24:11,12:24:11,404918,2.0,1
MV_A5-Weekday-073800_M5_505,M5,d1,7,12:25:47,12:25:47,400814,2.0,1
MV_A5-Weekday-073800_M5_505,M5,d1,8,12:26:45,12:26:45,400815,2.0,1
MV_A5-Weekday-073800_M5_505,M5,d1,9,12:27:47,12:27:47,400816,2.0,1
MV_A5-Weekday-073800_M5_505,M5,d1,10,12:29:00,12:29:00,400655,2.0,1
MV_A5-Weekday-073800_M5_505,M5,d1,11,12:31:28,12:31:28,400657,2.0,1
MV_A5-Weekday-073800_M5_505,M5,d1,12,12:34:12,12:34:12,403483,2.0,1
MV_A5-Weekday-073800_M5_505,M5,d1,13,12:36:42,12:36:42,400662,2.0,1
MV_A5-Weekday-073800_M5_505,M5,d1,14,12:39:00,12:39:00,404011,2.0,1
MV_A5-Weekday-073800_M5_505,M5,d1,15,12:39:26,12:39:26,404012,2.0,1
MV_A5-Weekday-073800_M5_505,M5,d1,16,12:41:46,12:41:46,404822,2.0,1
MV_A5-Weekday-073800_M5_505,M5,d1,17,12:43:02,12:43:02,404259,2.0,1
MV_A5-Weekday-073800_M5_505,M5,d1,18,12:43:56,12:43:56,405580,2.0,1
MV_A5-Weekday-073800_M5_505,M5,d1,19,12:44:49,12:44:49,400834,2.0,1
MV_A5-Weekday-073800_M5_505,M5,d1,20,12:45:23,12:45:23,400835,2.0,1
MV_A5-Weekday-073800_M5_505,M5,d1,21,12:45:54,12:45:54,400836,1.0,1
MV_A5-Weekday-073800_M5_505,M5,d1,22,12:46:59,12:46:59,400837,1.0,1
MV_A5-Weekday-073800_M5_505,M5,d1,23,12:47:31,12:47:31,400838,1.0,1
MV_A5-Weekday-073800_M5_505,M5,d1,24,12:48:05,12:48:05,404130,1.0,1
MV_A5-Weekday-073800_M5_505,M5,d1,25,12:49:16,12:49:16,400840,2.0,1
MV_A5-Weekday-073800_M5_505,M5,d1,26,12:50:00,12:50:00,400841,1.0,1
MV_A5-Weekday-073800_M5_505,M5,d1,27,12:51:24,12:51:24,404131,3.0,1
MV_A5-Weekday-073800_M5_505,M5,d1,28,12:52:40,12:52:40,400843,3.0,1
MV_A5-Weekday-073800_M5_505,M5,d1,29,12:53:57,12:53:57,404855,3.0,1
MV_A5-Weekday-073800_M5_505,M5,d1,30,12:55:13,12:55:13,400846,1.0,1
MV_A5-Weekday-073800_M5_505,M5,d1,31,12:56:08,12:56:08,400847,3.0,1
MV_A5-Weekday-073800_M5_505,M5,d1,32,12:57:06,12:57:06,400848,4.0,1
MV_A5-Weekday-073800_M5_505,M5,d1,33,12:58:00,12:58:00,400849,4.0,1
MV_A5-Weekday-073800_M5_505,M5,d1,34,13:00:12,13:00:12,400851,1.0,1
MV_A5-Weekday-073800_M5_505,M5,d1,35,13:01:30,13:01:30,400852,3.0,1
MV_A5-Weekday-073800_M5_505,M5,d1,36,13:03:22,13:03:22,400853,4.0,1
MV_A5-Weekday-073800_M5_505,M5,d1,37,13:04:35,13:04:35,400854,4.0,1
MV_A5-Weekday-073800_M5_505,M5,d1,38,13:08:46,13:08:46,403171,9.0,1
MV_A5-Weekday-073800_M5_505,M5,d1,39,13:13:00,13:13:00,400861,12.0,1
MV_A5-Weekday-073800_M5_505,M5,d1,40,13:18:56,13:18:56,403047,12.0,1
MV_A5-Weekday-073800_M5_505,M5,d1,41,13:23:41,13:23:41,402446,10.0,1
MV_A5-Weekday-073800_M5_505,M5,d1,42,13:29:27,13:29:27,450123,9.0,1
MV_A5-Weekday-073800_M5_505,M5,d1,43,13:37:00,13:37:00,400135,2.0,1
MV_A5-Weekday-073800_M5_505,M5,d1,44,13:38:28,13:38:28,400322,4.0,1
MV_A5-Weekday-073800_M5_505,M5,d1,45,13:39:56,13:39:56,400323,4.0,1
MV_A5-Weekday-073800_M5_505,M5,d1,46,13:41:30,13:41:30,400324,4.0,1
MV_A5-Weekday-073800_M5_505,M5,d1,47,13:44:00,13:44:00,803082,4.0,1
MV_A5-Weekday-SDon-032000_M5_504,M5,d1,1,5:20:00,5:20:00,404011,1.0,1
MV_A5-Weekday-SDon-032000_M5_504,M5,d1,2,5:20:19,5:20:19,404012,6.0,1
MV_A5-Weekday-SDon-032000_M5_504,M5,d1,3,5:22:01,5:22:01,404822,6.0,1
MV_A5-Weekday-SDon-032000_M5_504,M5,d1,4,5:22:56,5:22:56,404259,5.0,1
MV_A5-Weekday-SDon-032000_M5_504,M5,d1,5,5:23:36,5:23:36,405580,2.0,1
MV_A5-Weekday-SDon-032000_M5_504,M5,d1,6,5:24:14,5:24:14,400834,6.0,1
MV_A5-Weekday-SDon-032000_M5_504,M5,d1,7,5:24:38,5:24:38,400835,6.0,1
MV_A5-Weekday-SDon-032000_M5_504,M5,d1,8,5:25:01,5:25:01,400836,5.0,1
MV_A5-Weekday-SDon-032000_M5_504,M5,d1,9,5:25:48,5:25:48,400837,1.0,1
MV_A5-Weekday-SDon-032000_M5_504,M5,d1,10,5:26:11,5:26:11,400838,6.0,1
MV_A5-Weekday-SDon-032000_M5_504,M5,d1,11,5:26:36,5:26:36,404130,6.0,1
MV_A5-Weekday-SDon-032000_M5_504,M5,d1,12,5:27:28,5:27:28,400840,3.0,1
MV_A5-Weekday-SDon-032000_M5_504,M5,d1,13,5:28:00,5:28:00,400841,5.0,1
MV_A5-Weekday-SDon-032000_M5_504,M5,d1,14,5:28:52,5:28:52,404131,5.0,1
MV_A5-Weekday-SDon-032000_M5_504,M5,d1,15,5:29:40,5:29:40,400843,3.0,1
MV_A5-Weekday-SDon-032000_M5_504,M5,d1,16,5:30:28,5:30:28,404855,5.0,1
MV_A5-Weekday-SDon-032000_M5_504,M5,d1,17,5:31:16,5:31:16,400846,5.0,1
MV_A5-Weekday-SDon-032000_M5_504,M5,d1,18,5:31:50,5:31:50,400847,5.0,1
MV_A5-Weekday-SDon-032000_M5_504,M5,d1,19,5:32:26,5:32:26,400848,5.0,1
MV_A5-Weekday-SDon-032000_M5_504,M5,d1,20,5:33:00,5:33:00,400849,4.0,1
MV_A5-Weekday-SDon-032000_M5_504,M5,d1,21,5:34:28,5:34:28,400851,5.0,1
MV_A5-Weekday-SDon-032000_M5_504,M5,d1,22,5:35:20,5:35:20,400852,4.0,1
MV_A5-Weekday-SDon-032000_M5_504,M5,d1,23,5:36:35,5:36:35,400853,5.0,1
MV_A5-Weekday-SDon-032000_M5_504,M5,d1,24,5:37:23,5:37:23,400854,5.0,1
MV_A5-Weekday-SDon-032000_M5_504,M5,d1,25,5:38:27,5:38:27,403169,5.0,1
MV_A5-Weekday-SDon-032000_M5_504,M5,d1,26,5:39:08,5:39:08,400856,5.0,1
MV_A5-Weekday-SDon-032000_M5_504,M5,d1,27,5:40:11,5:40:11,403171,7.0,1
MV_A5-Weekday-SDon-032000_M5_504,M5,d1,28,5:40:55,5:40:55,400858,9.0,1
MV_A5-Weekday-SDon-032000_M5_504,M5,d1,29,5:42:05,5:42:05,400860,7.0,1
MV_A5-Weekday-SDon-032000_M5_504,M5,d1,30,5:43:00,5:43:00,400861,9.0,1
MV_A5-Weekday-SDon-032000_M5_504,M5,d1,31,5:43:17,5:43:17,403781,9.0,1
MV_A5-Weekday-SDon-032000_M5_504,M5,d1,32,5:44:14,5:44:14,403047,8.0,1
MV_A5-Weekday-SDon-032000_M5_504,M5,d1,33,5:45:13,5:45:13,402446,6.0,1
MV_A5-Weekday-SDon-032000_M5_504,M5,d1,34,5:45:38,5:45:38,403266,6.0,1
MV_A5-Weekday-SDon-032000_M5_504,M5,d1,35,5:46:05,5:46:05,400131,5.0,1
MV_A5-Weekday-SDon-032000_M5_504,M5,d1,36,5:46:26,5:46:26,450123,4.0,1
MV_A5-Weekday-SDon-032000_M5_504,M5,d1,37,5:47:07,5:47:07,400133,3.0,1
MV_A5-Weekday-SDon-032000_M5_504,M5,d1,38,5:47:28,5:47:28,404180,5.0,1
MV_A5-Weekday-SDon-032000_M5_504,M5,d1,39,5:48:00,5:48:00,400135,2.0,1
MV_A5-Weekday-SDon-032000_M5_504,M5,d1,40,5:50:31,5:50:31,400322,3.0,1
MV_A5-Weekday-SDon-032000_M5_504,M5,d1,41,5:53:01,5:53:01,400323,1.0,1
MV_A5-Weekday-SDon-032000_M5_504,M5,d1,42,5:55:43,5:55:43,400324,1.0,1
MV_A5-Weekday-SDon-032000_M5_504,M5,d1,43,6:00:00,6:00:00,803082,1.0,1
MV_A5-Weekday-SDon-107000_M5_518,M5,d1,1,17:50:00,17:50:00,403835,8.0,1
MV_A5-Weekday-SDon-107000_M5_518,M5,d1,2,17:52:00,17:52:00,400639,8.0,1
MV_A5-Weekday-SDon-107000_M5_518,M5,d1,3,17:53:54,17:53:54,400640,8.0,1
MV_A5-Weekday-SDon-107000_M5_518,M5,d1,4,17:55:25,17:55:25,400641,8.0,1
MV_A5-Weekday-SDon-107000_M5_518,M5,d1,5,17:56:39,17:56:39,400642,8.0,1
MV_A5-Weekday-SDon-107000_M5_518,M5,d1,6,17:57:33,17:57:33,400643,8.0,1
MV_A5-Weekday-SDon-107000_M5_518,M5,d1,7,17:58:28,17:58:28,400644,6.0,1
MV_A5-Weekday-SDon-107000_M5_518,M5,d1,8,17:59:31,17:59:31,400645,6.0,1
MV_A5-Weekday-SDon-107000_M5_518,M5,d1,9,18:00:43,18:00:43,400646,6.0,1
MV_A5-Weekday-SDon-107000_M5_518,M5,d1,10,18:01:59,18:01:59,400647,4.0,1
MV_A5-Weekday-SDon-107000_M5_518,M5,d1,11,18:03:02,18:03:02,400648,4.0,1
MV_A5-Weekday-SDon-107000_M5_518,M5,d1,12,18:04:03,18:04:03,400649,4.0,1
MV_A5-Weekday-SDon-107000_M5_518,M5,d1,13,18:05:00,18:05:00,403373,4.0,1
MV_A5-Weekday-SDon-107000_M5_518,M5,d1,14,18:06:51,18:06:51,403374,4.0,1
MV_A5-Weekday-SDon-107000_M5_518,M5,d1,15,18:07:56,18:07:56,403375,4.0,1
MV_A5-Weekday-SDon-107000_M5_518,M5,d1,16,18:09:02,18:09:02,403376,7.0,1
MV_A5-Weekday-SDon-107000_M5_518,M5,d1,17,18:10:21,18:10:21,403377,7.0,1
MV_A5-Weekday-SDon-107000_M5_518,M5,d1,18,18:12:21,18:12:21,400655,8.0,1
MV_A5-Weekday-SDon-107000_M5_518,M5,d1,19,18:14:06,18:14:06,400656,10.0,1
MV_A5-Weekday-SDon-107000_M5_518,M5,d1,20,18:15:58,18:15:58,400657,11.0,1
MV_A5-Weekday-SDon-107000_M5_518,M5,d1,21,18:17:15,18:17:15,400658,11.0,1
MV_A5-Weekday-SDon-107000_M5_518,M5,d1,22,18:19:10,18:19:10,400659,7.0,1
MV_A5-Weekday-SDon-107000_M5_518,M5,d1,23,18:20:00,18:20:00,403483,2.0,1
MV_A5-Weekday-SDon-107000_M5_518,M5,d1,24,18:22:07,18:22:07,400661,2.0,1
MV_A5-Weekday-SDon-107000_M5_518,M5,d1,25,18:23:14,18:23:14,400662,4.0,1
MV_A5-Weekday-SDon-107000_M5_518,M5,d1,26,18:24:20,18:24:20,400663,4.0,1
MV_A5-Weekday-SDon-107000_M5_518,M5,d1,27,18:26:00,18:26:00,803157,4.0,1
MV_A5-Weekday-120700_M5_541,M5,d1,1,20:07:00,20:07:00,400639,2.0,1
MV_A5-Weekday-120700_M5_541,M5,d1,2,20:08:28,20:08:28,400640,4.0,1
MV_A5-Weekday-120700_M5_541,M5,d1,3,20:09:38,20:09:38,400641,4.0,1
MV_A5-Weekday-120700_M5_541,M5,d1,4,20:10:34,20:10:34,400642,1.0,1
MV_A5-Weekday-120700_M5_541,M5,d1,5,20:11:16,20:11:16,400643,3.0,1
MV_A5-Weekday-120700_M5_541,M5,d1,6,20:11:59,20:11:59,400644,3.0,1
MV_A5-Weekday-120700_M5_541,M5,d1,7,20:12:47,20:12:47,400645,4.0,1
MV_A5-Weekday-120700_M5_541,M5,d1,8,20:13:42,20:13:42,400646,3.0,1
MV_A5-Weekday-120700_M5_541,M5,d1,9,20:14:41,20:14:41,400647,1.0,1
MV_A5-Weekday-120700_M5_541,M5,d1,10,20:15:29,20:15:29,400648,4.0,1
MV_A5-Weekday-120700_M5_541,M5,d1,11,20:16:16,20:16:16,400649,5.0,1
MV_A5-Weekday-120700_M5_541,M5,d1,12,20:17:00,20:17:00,403373,3.0,1
MV_A5-Weekday-120700_M5_541,M5,d1,13,20:18:29,20:18:29,403374,5.0,1
MV_A5-Weekday-120700_M5_541,M5,d1,14,20:19:21,20:19:21,403375,5.0,1
MV_A5-Weekday-120700_M5_541,M5,d1,15,20:20:14,20:20:14,403376,3.0,1
MV_A5-Weekday-120700_M5_541,M5,d1,16,20:21:17,20:21:17,403377,6.0,1
MV_A5-Weekday-120700_M5_541,M5,d1,17,20:22:53,20:22:53,400655,4.0,1
MV_A5-Weekday-120700_M5_541,M5,d1,18,20:24:17,20:24:17,400656,4.0,1
MV_A5-Weekday-120700_M5_541,M5,d1,19,20:25:47,20:25:47,400657,5.0,1
MV_A5-Weekday-120700_M5_541,M5,d1,20,20:26:48,20:26:48,400658,5.0,1
MV_A5-Weekday-120700_M5_541,M5,d1,21,20:28:20,20:28:20,400659,4.0,1
MV_A5-Weekday-120700_M5_541,M5,d1,22,20:29:00,20:29:00,403483,3.0,1
MV_A5-Weekday-120700_M5_541,M5,d1,23,20:30:25,20:30:25,400661,4.0,1
MV_A5-Weekday-120700_M5_541,M5,d1,24,20:31:09,20:31:09,400662,9.0,1
MV_A5-Weekday-120700_M5_541,M5,d1,25,20:31:53,20:31:53,400663,9.0,1
MV_A5-Weekday-120700_M5_541,M5,d1,26,20:33:00,20:33:00,803157,4.0,1
MV_A5-Weekday-120700_M5_541,M5,d1,27,20:34:00,20:34:00,404148,9.0,1
MV_A5-Weekday-120700_M5_541,M5,d1,28,20:35:46,20:35:46,403903,9.0,1
MV_A5-Weekday-120700_M5_541,M5,d1,29,20:36:38,20:36:38,403142,7.0,1
MV_A5-Weekday-120700_M5_541,M5,d1,30,20:37:37,20:37:37,403144,7.0,1
MV_A5-Weekday-120700_M5_541,M5,d1,31,20:39:08,20:39:08,403145,10.0,1
MV_A5-Weekday-120700_M5_541,M5,d1,32,20:40:12,20:40:12,405234,10.0,1
MV_A5-Weekday-120700_M5_541,M5,d1,33,20:42:00,20:42:00,403147,16.0,1
MV_A5-Weekday-120700_M5_541,M5,d1,34,20:42:59,20:42:59,403148,5.0,2
MV_A5-Weekday-120700_M5_541,M5,d1,35,20:43:57,20:43:57,403149,18.0,2
MV_A5-Weekday-120700_M5_541,M5,d1,36,20:45:10,20:45:10,400676,19.0,2
MV_A5-Weekday-120700_M5_541,M5,d1,37,20:46:43,20:46:43,400677,22.0,2
MV_A5-Weekday-120700_M5_541,M5,d1,38,20:48:19,20:48:19,400678,22.0,2
MV_A5-Weekday-120700_M5_541,M5,d1,39,20:49:00,20:49:00,400485,19.0,2
MV_A5-Weekday-120700_M5_541,M5,d1,40,20:50:17,20:50:17,400486,19.0,2
MV_A5-Weekday-120700_M5_541,M5,d1,41,20:52:00,20:52:00,400290,17.0,2
MV_A5-Weekday-120700_M5_541,M5,d1,42,20:53:41,20:53:41,404278,17.0,2
MV_A5-Weekday-120700_M5_541,M5,d1,43,20:55:00,20:55:00,400292,16.0,1
MV_A5-Weekday-120700_M5_541,M5,d1,44,20:55:44,20:55:44,400108,16.0,1
MV_A5-Weekday-120700_M5_541,M5,d1,45,20:56:19,20:56:19,400109,16.0,1
MV_A5-Weekday-120700_M5_541,M5,d1,46,20:56:52,20:56:52,400110,16.0,1
MV_A5-Weekday-120700_M5_541,M5,d1,47,20:57:27,20:57:27,400111,15.0,1
MV_A5-Weekday-120700_M5_541,M5,d1,48,20:58:30,20:58:30,404081,14.0,1
MV_A5-Weekday-120700_M5_541,M5,d1,49,20:59:13,20:59:13,404168,14.0,1
MV_A5-Weekday-120700_M5_541,M5,d1,50,20:59:39,20:59:39,400115,14.0,1
MV_A5-Weekday-120700_M5_541,M5,d1,51,21:00:14,21:00:14,400116,16.0,1
MV_A5-Weekday-120700_M5_541,M5,d1,52,21:00:46,21:00:46,400117,16.0,1
MV_A5-Weekday-120700_M5_541,M5,d1,53,21:01:33,21:01:33,400118,16.0,1
MV_A5-Weekday-120700_M5_541,M5,d1,54,21:02:19,21:02:19,400119,16.0,1
MV_A5-Weekday-120700_M5_541,M5,d1,55,21:03:28,21:03:28,400120,15.0,1
MV_A5-Weekday-120700_M5_541,M5,d1,56,21:03:56,21:03:56,400121,13.0,1
MV_A5-Weekday-120700_M5_541,M5,d1,57,21:04:25,21:04:25,400122,14.0,1
MV_A5-Weekday-120700_M5_541,M5,d1,58,21:04:58,21:04:58,400123,12.0,1
MV_A5-Weekday-120700_M5_541,M5,d1,59,21:06:00,21:06:00,400124,14.0,1
MV_A5-Weekday-120700_M5_541,M5,d1,60,21:07:12,21:07:12,400125,3.0,1
MV_A5-Weekday-120700_M5_541,M5,d1,61,21:08:36,21:08:36,400126,15.0,2
MV_A5-Weekday-120700_M5_541,M5,d1,62,21:09:39,21:09:39,400127,17.0,2
MV_A5-Weekday-120700_M5_541,M5,d1,63,21:10:21,21:10:21,400128,18.0,2
MV_A5-Weekday-120700_M5_541,M5,d1,64,21:11:14,21:11:14,400512,19.0,2
MV_A5-Weekday-120700_M5_541,M5,d1,65,21:13:05,21:13:05,403266,17.0,2
MV_A5-Weekday-120700_M5_541,M5,d1,66,21:14:21,21:14:21,400514,18.0,2
MV_A5-Weekday-120700_M5_541,M5,d1,67,21:15:40,21:15:40,400515,18.0,2
MV_A5-Weekday-120700_M5_541,M5,d1,68,21:16:58,21:16:58,400516,3.0,2
MV_A5-Weekday-120700_M5_541,M5,d1,69,21:17:51,21:17:51,405179,18.0,2
MV_A5-Weekday-120700_M5_541,M5,d1,70,21:19:00,21:19:00,400518,15.0,1
MV_A5-Weekday-120700_M5_541,M5,d1,71,21:20:23,21:20:23,400519,1.0,1
MV_A5-Weekday-120700_M5_541,M5,d1,72,21:21:12,21:21:12,405486,14.0,1
MV_A5-Weekday-120700_M5_541,M5,d1,73,21:23:00,21:23:00,903128,14.0,1
MV_A5-Weekday-118500_M5_540,M5,d1,1,19:45:00,19:45:00,400808,10.0,1
MV_A5-Weekday-118500_M5_540,M5,d1,2,19:46:04,19:46:04,400809,10.0,1
MV_A5-Weekday-118500_M5_540,M5,d1,3,19:46:58,19:46:58,400810,10.0,1
MV_A5-Weekday-118500_M5_540,M5,d1,4,19:47:52,19:47:52,400811,4.0,1
MV_A5-Weekday-118500_M5_540,M5,d1,5,19:48:29,19:48:29,400812,13.0,1
MV_A5-Weekday-118500_M5_540,M5,d1,6,19:50:03,19:50:03,404918,4.0,1
MV_A5-Weekday-118500_M5_540,M5,d1,7,19:51:22,19:51:22,400814,14.0,1
MV_A5-Weekday-118500_M5_540,M5,d1,8,19:52:10,19:52:10,400815,13.0,1
MV_A5-Weekday-118500_M5_540,M5,d1,9,19:53:00,19:53:00,400816,1.0,1
MV_A5-Weekday-118500_M5_540,M5,d1,10,19:54:00,19:54:00,400655,6.0,1
MV_A5-Weekday-118500_M5_540,M5,d1,11,19:55:26,19:55:26,400656,11.0,1
MV_A5-Weekday-118500_M5_540,M5,d1,12,19:56:57,19:56:57,400657,11.0,1
MV_A5-Weekday-118500_M5_540,M5,d1,13,19:58:00,19:58:00,400658,6.0,1
MV_A5-Weekday-118500_M5_540,M5,d1,14,19:59:34,19:59:34,400659,7.0,1
MV_A5-Weekday-118500_M5_540,M5,d1,15,20:00:15,20:00:15,403483,8.0,1
MV_A5-Weekday-118500_M5_540,M5,d1,16,20:02:12,20:02:12,400661,4.0,1
MV_A5-Weekday-118500_M5_540,M5,d1,17,20:03:14,20:03:14,400662,4.0,1
MV_A5-Weekday-118500_M5_540,M5,d1,18,20:04:15,20:04:15,400663,4.0,1
MV_A5-Weekday-118500_M5_540,M5,d1,19,20:06:00,20:06:00,404011,3.0,1
MV_A5-Weekday-118500_M5_540,M5,d1,20,20:06:21,20:06:21,404012,5.0,1
MV_A5-Weekday-118500_M5_540,M5,d1,21,20:08:16,20:08:16,404822,4.0,1
MV_A5-Weekday-118500_M5_540,M5,d1,22,20:09:18,20:09:18,404259,6.0,1
MV_A5-Weekday-118500_M5_540,M5,d1,23,20:10:03,20:10:03,405580,3.0,1
MV_A5-Weekday-118500_M5_540,M5,d1,24,20:10:46,20:10:46,400834,6.0,1
MV_A5-Weekday-118500_M5_540,M5,d1,25,20:11:13,20:11:13,400835,6.0,1
MV_A5-Weekday-118500_M5_540,M5,d1,26,20:11:39,20:11:39,400836,5.0,1
MV_A5-Weekday-118500_M5_540,M5,d1,27,20:12:32,20:12:32,400837,6.0,1
MV_A5-Weekday-118500_M5_540,M5,d1,28,20:12:58,20:12:58,400838,6.0,1
MV_A5-Weekday-118500_M5_540,M5,d1,29,20:13:26,20:13:26,404130,3.0,1
MV_A5-Weekday-118500_M5_540,M5,d1,30,20:14:24,20:14:24,400840,6.0,1
MV_A5-Weekday-118500_M5_540,M5,d1,31,20:15:00,20:15:00,400841,6.0,1
MV_A5-Weekday-118500_M5_540,M5,d1,32,20:15:52,20:15:52,404131,5.0,1
MV_A5-Weekday-118500_M5_540,M5,d1,33,20:16:40,20:16:40,400843,6.0,1
MV_A5-Weekday-118500_M5_540,M5,d1,34,20:17:28,20:17:28,404855,6.0,1
MV_A5-Weekday-118500_M5_540,M5,d1,35,20:18:16,20:18:16,400846,6.0,1
MV_A5-Weekday-118500_M5_540,M5,d1,36,20:18:50,20:18:50,400847,6.0,1
MV_A5-Weekday-118500_M5_540,M5,d1,37,20:19:26,20:19:26,400848,5.0,1
MV_A5-Weekday-118500_M5_540,M5,d1,38,20:20:00,20:20:00,400849,5.0,1
MV_A5-Weekday-118500_M5_540,M5,d1,39,20:21:55,20:21:55,400851,5.0,1
MV_A5-Weekday-118500_M5_540,M5,d1,40,20:23:02,20:23:02,400852,4.0,1
MV_A5-Weekday-118500_M5_540,M5,d1,41,20:24:39,20:24:39,400853,5.0,1
MV_A5-Weekday-118500_M5_540,M5,d1,42,20:25:42,20:25:42,400854,3.0,1
MV_A5-Weekday-118500_M5_540,M5,d1,43,20:27:06,20:27:06,403169,5.0,1
MV_A5-Weekday-118500_M5_540,M5,d1,44,20:27:58,20:27:58,400856,6.0,1
MV_A5-Weekday-118500_M5_540,M5,d1,45,20:29:20,20:29:20,403171,6.0,1
MV_A5-Weekday-118500_M5_540,M5,d1,46,20:30:18,20:30:18,400858,4.0,1
MV_A5-Weekday-118500_M5_540,M5,d1,47,20:31:48,20:31:48,400860,5.0,1
MV_A5-Weekday-118500_M5_540,M5,d1,48,20:33:00,20:33:00,400861,6.0,1
MV_A5-Weekday-118500_M5_540,M5,d1,49,20:33:24,20:33:24,403781,6.0,1
MV_A5-Weekday-118500_M5_540,M5,d1,50,20:34:44,20:34:44,403047,6.0,1
MV_A5-Weekday-118500_M5_540,M5,d1,51,20:36:07,20:36:07,402446,6.0,1
MV_A5-Weekday-118500_M5_540,M5,d1,52,20:36:42,20:36:42,403266,9.0,1
MV_A5-Weekday-118500_M5_540,M5,d1,53,20:37:19,20:37:19,400131,9.0,1
MV_A5-Weekday-118500_M5_540,M5,d1,54,20:37:48,20:37:48,450123,6.0,1
MV_A5-Weekday-118500_M5_540,M5,d1,55,20:38:46,20:38:46,400133,4.0,1
MV_A5-Weekday-118500_M5_540,M5,d1,56,20:39:15,20:39:15,404180,2.0,1
MV_A5-Weekday-118500_M5_540,M5,d1,57,20:40:00,20:40:00,400135,2.0,1
MV_A5-Weekday-118500_M5_540,M5,d1,58,20:42:56,20:42:56,400322,4.0,1
MV_A5-Weekday-118500_M5_540,M5,d1,59,20:45:51,20:45:51,400323,2.0,1
MV_A5-Weekday-118500_M5_540,M5,d1,60,20:49:00,20:49:00,400324,2.0,1
MV_A5-Weekday-118500_M5_540,M5,d1,61,20:54:00,20:54:00,803082,2.0,1
MV_A5-Weekday-SDon-107700_M5_531,M5,d1,1,17:57:00,17:57:00,403835,36.0,3
MV_A5-Weekday-SDon-107700_M5_531,M5,d1,2,17:59:00,17:59:00,400639,2.0,3
MV_A5-Weekday-SDon-107700_M5_531,M5,d1,3,18:00:54,18:00:54,400640,7.0,1
MV_A5-Weekday-SDon-107700_M5_531,M5,d1,4,18:02:25,18:02:25,400641,7.0,1
MV_A5-Weekday-SDon-107700_M5_531,M5,d1,5,18:03:39,18:03:39,400642,2.0,3
MV_A5-Weekday-SDon-107700_M5_531,M5,d1,6,18:04:33,18:04:33,400643,43.0,3
MV_A5-Weekday-SDon-107700_M5_531,M5,d1,7,18:05:28,18:05:28,400644,43.0,3
MV_A5-Weekday-SDon-107700_M5_531,M5,d1,8,18:06:31,18:06:31,400645,13.0,1
MV_A5-Weekday-SDon-107700_M5_531,M5,d1,9,18:07:43,18:07:43,400646,4.0,1
MV_A5-Weekday-SDon-107700_M5_531,M5,d1,10,18:08:59,18:08:59,400647,15.0,3
MV_A5-Weekday-SDon-107700_M5_531,M5,d1,11,18:10:02,18:10:02,400648,40.0,3
MV_A5-Weekday-SDon-107700_M5_531,M5,d1,12,18:11:03,18:11:03,400649,15.0,3
MV_A5-Weekday-SDon-107700_M5_531,M5,d1,13,18:12:00,18:12:00,403373,40.0,3
MV_A5-Weekday-SDon-107700_M5_531,M5,d1,14,18:13:51,18:13:51,403374,16.0,2
MV_A5-Weekday-SDon-107700_M5_531,M5,d1,15,18:14:56,18:14:56,403375,18.0,3
MV_A5-Weekday-SDon-107700_M5_531,M5,d1,16,18:16:02,18:16:02,403376,43.0,3
MV_A5-Weekday-SDon-107700_M5_531,M5,d1,17,18:17:21,18:17:21,403377,43.0,4
MV_A5-Weekday-SDon-107700_M5_531,M5,d1,18,18:19:21,18:19:21,400655,51.0,4
MV_A5-Weekday-SDon-107700_M5_531,M5,d1,19,18:21:06,18:21:06,400656,51.0,4
MV_A5-Weekday-SDon-107700_M5_531,M5,d1,20,18:22:58,18:22:58,400657,51.0,4
MV_A5-Weekday-SDon-107700_M5_531,M5,d1,21,18:24:15,18:24:15,400658,5.0,4
MV_A5-Weekday-SDon-107700_M5_531,M5,d1,22,18:26:10,18:26:10,400659,53.0,4
MV_A5-Weekday-SDon-107700_M5_531,M5,d1,23,18:27:00,18:27:00,403483,51.0,4
MV_A5-Weekday-SDon-107700_M5_531,M5,d1,24,18:29:07,18:29:07,400661,51.0,4
MV_A5-Weekday-SDon-107700_M5_531,M5,d1,25,18:30:14,18:30:14,400662,8.0,1
MV_A5-Weekday-SDon-107700_M5_531,M5,d1,26,18:31:20,18:31:20,400663,11.0,1
MV_A5-Weekday-SDon-107700_M5_531,M5,d1,27,18:33:00,18:33:00,803157,3.0,1
MV_A5-Weekday-SDon-107700_M5_531,M5,d1,28,18:34:00,18:34:00,404148,5.0,4
MV_A5-Weekday-SDon-107700_M5_531,M5,d1,29,18:35:53,18:35:53,403903,54.0,4
MV_A5-Weekday-SDon-107700_M5_531,M5,d1,30,18:36:49,18:36:49,403142,52.0,4
MV_A5-Weekday-SDon-107700_M5_531,M5,d1,31,18:37:51,18:37:51,403144,2.0,1
MV_A5-Weekday-SDon-107700_M5_531,M5,d1,32,18:39:29,18:39:29,403145,11.0,4
MV_A5-Weekday-SDon-107700_M5_531,M5,d1,33,18:40:36,18:40:36,405234,54.0,4
MV_A5-Weekday-SDon-107700_M5_531,M5,d1,34,18:42:32,18:42:32,403147,56.0,4
MV_A5-Weekday-SDon-107700_M5_531,M5,d1,35,18:43:35,18:43:35,403148,56.0,4
MV_A5-Weekday-SDon-107700_M5_531,M5,d1,36,18:44:36,18:44:36,403149,13.0,4
MV_A5-Weekday-SDon-107700_M5_531,M5,d1,37,18:45:55,18:45:55,400676,55.0,4
MV_A5-Weekday-SDon-107700_M5_531,M5,d1,38,18:47:34,18:47:34,400677,22.0,4
MV_A5-Weekday-SDon-107700_M5_531,M5,d1,39,18:49:16,18:49:16,400678,57.0,4
MV_A5-Weekday-SDon-107700_M5_531,M5,d1,40,18:50:00,18:50:00,400485,56.0,4
MV_A5-Weekday-SDon-107700_M5_531,M5,d1,41,18:51:30,18:51:30,400486,56.0,4
MV_A5-Weekday-SDon-107700_M5_531,M5,d1,42,18:53:30,18:53:30,400290,20.0,2
MV_A5-Weekday-SDon-107700_M5_531,M5,d1,43,18:55:28,18:55:28,404278,21.0,2
MV_A5-Weekday-SDon-107700_M5_531,M5,d1,44,18:57:00,18:57:00,400292,10.0,4
MV_A5-Weekday-SDon-107700_M5_531,M5,d1,45,18:58:01,18:58:01,400108,53.0,4
MV_A5-Weekday-SDon-107700_M5_531,M5,d1,46,18:58:48,18:58:48,400109,8.0,4
MV_A5-Weekday-SDon-107700_M5_531,M5,d1,47,18:59:32,18:59:32,400110,52.0,4
MV_A5-Weekday-SDon-107700_M5_531,M5,d1,48,19:00:21,19:00:21,400111,9.0,4
MV_A5-Weekday-SDon-107700_M5_531,M5,d1,49,19:01:46,19:01:46,404081,52.0,4
MV_A5-Weekday-SDon-107700_M5_531,M5,d1,50,19:02:44,19:02:44,404168,52.0,4
MV_A5-Weekday-SDon-107700_M5_531,M5,d1,51,19:03:20,19:03:20,400115,4.0,1
MV_A5-Weekday-SDon-107700_M5_531,M5,d1,52,19:04:08,19:04:08,400116,4.0,1
MV_A5-Weekday-SDon-107700_M5_531,M5,d1,53,19:04:52,19:04:52,400117,3.0,1
MV_A5-Weekday-SDon-107700_M5_531,M5,d1,54,19:05:56,19:05:56,400118,5.0,1
MV_A5-Weekday-SDon-107700_M5_531,M5,d1,55,19:06:59,19:06:59,400119,4.0,1
MV_A5-Weekday-SDon-107700_M5_531,M5,d1,56,19:08:33,19:08:33,400120,1.0,1
MV_A5-Weekday-SDon-107700_M5_531,M5,d1,57,19:09:11,19:09:11,400121,5.0,1
MV_A5-Weekday-SDon-107700_M5_531,M5,d1,58,19:09:51,19:09:51,400122,5.0,1
MV_A5-Weekday-SDon-107700_M5_531,M5,d1,59,19:10:36,19:10:36,400123,5.0,1
MV_A5-Weekday-SDon-107700_M5_531,M5,d1,60,19:12:00,19:12:00,400124,1.0,1
MV_A5-Weekday-SDon-107700_M5_531,M5,d1,61,19:13:40,19:13:40,400125,1.0,1
MV_A5-Weekday-SDon-107700_M5_531,M5,d1,62,19:15:36,19:15:36,400126,1.0,1
MV_A5-Weekday-SDon-107700_M5_531,M5,d1,63,19:17:03,19:17:03,400127,4.0,1
MV_A5-Weekday-SDon-107700_M5_531,M5,d1,64,19:18:02,19:18:02,400128,1.0,1
MV_A5-Weekday-SDon-107700_M5_531,M5,d1,65,19:19:14,19:19:14,400512,4.0,1
MV_A5-Weekday-SDon-107700_M5_531,M5,d1,66,19:21:48,19:21:48,403266,1.0,1
MV_A5-Weekday-SDon-107700_M5_531,M5,d1,67,19:23:34,19:23:34,400514,4.0,1
MV_A5-Weekday-SDon-107700_M5_531,M5,d1,68,19:25:23,19:25:23,400515,1.0,1
MV_A5-Weekday-SDon-107700_M5_531,M5,d1,69,19:27:11,19:27:11,400516,4.0,1
MV_A5-Weekday-SDon-107700_M5_531,M5,d1,70,19:28:24,19:28:24,405179,4.0,1
MV_A5-Weekday-SDon-107700_M5_531,M5,d1,71,19:30:00,19:30:00,400518,4.0,1
MV_A5-Weekday-SDon-107700_M5_531,M5,d1,72,19:31:44,19:31:44,400519,4.0,1
MV_A5-Weekday-SDon-107700_M5_531,M5,d1,73,19:32:45,19:32:45,405486,4.0,1
MV_A5-Weekday-SDon-107700_M5_531,M5,d1,74,19:35:00,19:35:00,903128,4.0,1
MV_A5-Weekday-115200_M5_523,M5,d1,1,19:12:00,19:12:00,400639,55.0,4
MV_A5-Weekday-115200_M5_523,M5,d1,2,19:13:28,19:13:28,400640,55.0,4
MV_A5-Weekday-115200_M5_523,M5,d1,3,19:14:38,19:14:38,400641,55.0,4
MV_A5-Weekday-115200_M5_523,M5,d1,4,19:15:34,19:15:34,400642,55.0,4
MV_A5-Weekday-115200_M5_523,M5,d1,5,19:16:16,19:16:16,400643,55.0,4
MV_A5-Weekday-115200_M5_523,M5,d1,6,19:16:59,19:16:59,400644,3.0,1
MV_A5-Weekday-115200_M5_523,M5,d1,7,19:17:47,19:17:47,400645,1.0,1
MV_A5-Weekday-115200_M5_523,M5,d1,8,19:18:42,19:18:42,400646,3.0,1
MV_A5-Weekday-115200_M5_523,M5,d1,9,19:19:41,19:19:41,400647,3.0,1
MV_A5-Weekday-115200_M5_523,M5,d1,10,19:20:29,19:20:29,400648,3.0,1
MV_A5-Weekday-115200_M5_523,M5,d1,11,19:21:16,19:21:16,400649,3.0,4
MV_A5-Weekday-115200_M5_523,M5,d1,12,19:22:00,19:22:00,403373,54.0,4
MV_A5-Weekday-115200_M5_523,M5,d1,13,19:23:29,19:23:29,403374,54.0,4
MV_A5-Weekday-115200_M5_523,M5,d1,14,19:24:21,19:24:21,403375,54.0,4
MV_A5-Weekday-115200_M5_523,M5,d1,15,19:25:14,19:25:14,403376,54.0,4
MV_A5-Weekday-115200_M5_523,M5,d1,16,19:26:17,19:26:17,403377,54.0,4
MV_A5-Weekday-115200_M5_523,M5,d1,17,19:27:53,19:27:53,400655,54.0,4
MV_A5-Weekday-115200_M5_523,M5,d1,18,19:29:17,19:29:17,400656,3.0,4
MV_A5-Weekday-115200_M5_523,M5,d1,19,19:30:47,19:30:47,400657,54.0,4
MV_A5-Weekday-115200_M5_523,M5,d1,20,19:31:48,19:31:48,400658,54.0,4
MV_A5-Weekday-115200_M5_523,M5,d1,21,19:33:20,19:33:20,400659,54.0,4
MV_A5-Weekday-115200_M5_523,M5,d1,22,19:34:00,19:34:00,403483,54.0,4
MV_A5-Weekday-115200_M5_523,M5,d1,23,19:35:25,19:35:25,400661,54.0,4
MV_A5-Weekday-115200_M5_523,M5,d1,24,19:36:09,19:36:09,400662,1.0,1
MV_A5-Weekday-115200_M5_523,M5,d1,25,19:36:53,19:36:53,400663,1.0,1
MV_A5-Weekday-115200_M5_523,M5,d1,26,19:38:00,19:38:00,803157,1.0,1
MV_A5-Weekday-SDon-064800_M5_516,M5,d1,1,10:48:00,10:48:00,400808,26.0,2
MV_A5-Weekday-SDon-064800_M5_516,M5,d1,2,10:49:12,10:49:12,400809,16.0,2
MV_A5-Weekday-SDon-064800_M5_516,M5,d1,3,10:50:11,10:50:11,400810,17.0,2
MV_A5-Weekday-SDon-064800_M5_516,M5,d1,4,10:51:11,10:51:11,400811,15.0,2
MV_A5-Weekday-SDon-064800_M5_516,M5,d1,5,10:51:52,10:51:52,400812,21.0,2
MV_A5-Weekday-SDon-064800_M5_516,M5,d1,6,10:53:37,10:53:37,404918,16.0,1
MV_A5-Weekday-SDon-064800_M5_516,M5,d1,7,10:55:04,10:55:04,400814,15.0,1
MV_A5-Weekday-SDon-064800_M5_516,M5,d1,8,10:55:58,10:55:58,400815,15.0,2
MV_A5-Weekday-SDon-064800_M5_516,M5,d1,9,10:56:54,10:56:54,400816,19.0,2
MV_A5-Weekday-SDon-064800_M5_516,M5,d1,10,10:58:00,10:58:00,400655,19.0,2
MV_A5-Weekday-SDon-064800_M5_516,M5,d1,11,11:00:28,11:00:28,400657,17.0,2
MV_A5-Weekday-SDon-064800_M5_516,M5,d1,12,11:03:12,11:03:12,403483,11.0,1
MV_A5-Weekday-SDon-064800_M5_516,M5,d1,13,11:05:42,11:05:42,400662,11.0,1
MV_A5-Weekday-SDon-064800_M5_516,M5,d1,14,11:08:00,11:08:00,404011,11.0,1
MV_A5-Weekday-SDon-064800_M5_516,M5,d1,15,11:08:28,11:08:28,404012,6.0,1
MV_A5-Weekday-SDon-064800_M5_516,M5,d1,16,11:11:01,11:11:01,404822,12.0,1
MV_A5-Weekday-SDon-064800_M5_516,M5,d1,17,11:12:24,11:12:24,404259,14.0,1
MV_A5-Weekday-SDon-064800_M5_516,M5,d1,18,11:13:23,11:13:23,405580,10.0,1
MV_A5-Weekday-SDon-064800_M5_516,M5,d1,19,11:14:21,11:14:21,400834,7.0,1
MV_A5-Weekday-SDon-064800_M5_516,M5,d1,20,11:14:57,11:14:57,400835,15.0,1
MV_A5-Weekday-SDon-064800_M5_516,M5,d1,21,11:15:32,11:15:32,400836,15.0,1
MV_A5-Weekday-SDon-064800_M5_516,M5,d1,22,11:16:42,11:16:42,400837,8.0,1
MV_A5-Weekday-SDon-064800_M5_516,M5,d1,23,11:17:17,11:17:17,400838,10.0,1
MV_A5-Weekday-SDon-064800_M5_516,M5,d1,24,11:17:54,11:17:54,404130,16.0,1
MV_A5-Weekday-SDon-064800_M5_516,M5,d1,25,11:19:12,11:19:12,400840,16.0,1
MV_A5-Weekday-SDon-064800_M5_516,M5,d1,26,11:20:00,11:20:00,400841,16.0,1
MV_A5-Weekday-SDon-064800_M5_516,M5,d1,27,11:21:24,11:21:24,404131,15.0,1
MV_A5-Weekday-SDon-064800_M5_516,M5,d1,28,11:22:40,11:22:40,400843,9.0,1
MV_A5-Weekday-SDon-064800_M5_516,M5,d1,29,11:23:57,11:23:57,404855,13.0,1
MV_A5-Weekday-SDon-064800_M5_516,M5,d1,30,11:25:13,11:25:13,400846,14.0,2
MV_A5-Weekday-SDon-064800_M5_516,M5,d1,31,11:26:08,11:26:08,400847,18.0,2
MV_A5-Weekday-SDon-064800_M5_516,M5,d1,32,11:27:06,11:27:06,400848,18.0,2
MV_A5-Weekday-SDon-064800_M5_516,M5,d1,33,11:28:00,11:28:00,400849,14.0,2
MV_A5-Weekday-SDon-064800_M5_516,M5,d1,34,11:30:12,11:30:12,400851,17.0,2
MV_A5-Weekday-SDon-064800_M5_516,M5,d1,35,11:31:30,11:31:30,400852,17.0,2
MV_A5-Weekday-SDon-064800_M5_516,M5,d1,36,11:33:22,11:33:22,400853,11.0,2
MV_A5-Weekday-SDon-064800_M5_516,M5,d1,37,11:34:35,11:34:35,400854,20.0,2
MV_A5-Weekday-SDon-064800_M5_516,M5,d1,38,11:38:46,11:38:46,403171,24.0,2
MV_A5-Weekday-SDon-064800_M5_516,M5,d1,39,11:43:00,11:43:00,400861,23.0,2
MV_A5-Weekday-SDon-064800_M5_516,M5,d1,40,11:48:56,11:48:56,403047,21.0,2
MV_A5-Weekday-SDon-064800_M5_516,M5,d1,41,11:53:41,11:53:41,402446,18.0,2
MV_A5-Weekday-SDon-064800_M5_516,M5,d1,42,11:59:27,11:59:27,450123,19.0,2
MV_A5-Weekday-SDon-064800_M5_516,M5,d1,43,12:07:00,12:07:00,400135,19.0,2
MV_A5-Weekday-SDon-064800_M5_516,M5,d1,44,12:08:28,12:08:28,400322,8.0,1
MV_A5-Weekday-SDon-064800_M5_516,M5,d1,45,12:09:56,12:09:56,400323,8.0,1
MV_A5-Weekday-SDon-064800_M5_516,M5,d1,46,12:11:30,12:11:30,400324,11.0,1
MV_A5-Weekday-SDon-064800_M5_516,M5,d1,47,12:14:00,12:14:00,803082,11.0,1
MV_A5-Weekday-098200_M5_530,M5,d1,1,16:22:00,16:22:00,403835,2.0,2
MV_A5-Weekday-098200_M5_530,M5,d1,2,16:24:00,16:24:00,400639,22.0,3
MV_A5-Weekday-098200_M5_530,M5,d1,3,16:25:54,16:25:54,400640,45.0,3
MV_A5-Weekday-098200_M5_530,M5,d1,4,16:27:25,16:27:25,400641,7.0,2
MV_A5-Weekday-098200_M5_530,M5,d1,5,16:28:39,16:28:39,400642,17.0,2
MV_A5-Weekday-098200_M5_530,M5,d1,6,16:29:33,16:29:33,400643,17.0,2
MV_A5-Weekday-098200_M5_530,M5,d1,7,16:30:28,16:30:28,400644,17.0,2
MV_A5-Weekday-098200_M5_530,M5,d1,8,16:31:31,16:31:31,400645,17.0,2
MV_A5-Weekday-098200_M5_530,M5,d1,9,16:32:43,16:32:43,400646,17.0,2
MV_A5-Weekday-098200_M5_530,M5,d1,10,16:33:59,16:33:59,400647,17.0,2
MV_A5-Weekday-098200_M5_530,M5,d1,11,16:35:02,16:35:02,400648,17.0,2
MV_A5-Weekday-098200_M5_530,M5,d1,12,16:36:03,16:36:03,400649,17.0,2
MV_A5-Weekday-098200_M5_530,M5,d1,13,16:37:00,16:37:00,403373,19.0,2
MV_A5-Weekday-098200_M5_530,M5,d1,14,16:38:51,16:38:51,403374,19.0,2
MV_A5-Weekday-098200_M5_530,M5,d1,15,16:39:56,16:39:56,403375,19.0,2
MV_A5-Weekday-098200_M5_530,M5,d1,16,16:41:02,16:41:02,403376,19.0,2
MV_A5-Weekday-098200_M5_530,M5,d1,17,16:42:21,16:42:21,403377,19.0,2
MV_A5-Weekday-098200_M5_530,M5,d1,18,16:44:21,16:44:21,400655,12.0,1
MV_A5-Weekday-098200_M5_530,M5,d1,19,16:46:06,16:46:06,400656,16.0,1
MV_A5-Weekday-098200_M5_530,M5,d1,20,16:47:58,16:47:58,400657,16.0,1
MV_A5-Weekday-098200_M5_530,M5,d1,21,16:49:15,16:49:15,400658,16.0,1
MV_A5-Weekday-098200_M5_530,M5,d1,22,16:51:10,16:51:10,400659,9.0,1
MV_A5-Weekday-098200_M5_530,M5,d1,23,16:52:00,16:52:00,403483,9.0,1
MV_A5-Weekday-098200_M5_530,M5,d1,24,16:54:07,16:54:07,400661,9.0,1
MV_A5-Weekday-098200_M5_530,M5,d1,25,16:55:14,16:55:14,400662,9.0,1
MV_A5-Weekday-098200_M5_530,M5,d1,26,16:56:20,16:56:20,400663,4.0,1
MV_A5-Weekday-098200_M5_530,M5,d1,27,16:58:00,16:58:00,803157,7.0,1
MV_A5-Weekday-098200_M5_530,M5,d1,28,17:00:00,17:00:00,404148,7.0,1
MV_A5-Weekday-098200_M5_530,M5,d1,29,17:02:07,17:02:07,403903,10.0,1
MV_A5-Weekday-098200_M5_530,M5,d1,30,17:03:10,17:03:10,403142,10.0,1
MV_A5-Weekday-098200_M5_530,M5,d1,31,17:04:20,17:04:20,403144,10.0,1
MV_A5-Weekday-098200_M5_530,M5,d1,32,17:06:10,17:06:10,403145,10.0,1
MV_A5-Weekday-098200_M5_530,M5,d1,33,17:07:26,17:07:26,405234,10.0,1
MV_A5-Weekday-098200_M5_530,M5,d1,34,17:09:36,17:09:36,403147,10.0,1
MV_A5-Weekday-098200_M5_530,M5,d1,35,17:10:47,17:10:47,403148,8.0,1
MV_A5-Weekday-098200_M5_530,M5,d1,36,17:11:56,17:11:56,403149,8.0,2
MV_A5-Weekday-098200_M5_530,M5,d1,37,17:13:24,17:13:24,400676,25.0,2
MV_A5-Weekday-098200_M5_530,M5,d1,38,17:15:16,17:15:16,400677,25.0,2
MV_A5-Weekday-098200_M5_530,M5,d1,39,17:17:11,17:17:11,400678,25.0,2
MV_A5-Weekday-098200_M5_530,M5,d1,40,17:18:00,17:18:00,400485,25.0,2
MV_A5-Weekday-098200_M5_530,M5,d1,41,17:19:43,17:19:43,400486,17.0,2
MV_A5-Weekday-098200_M5_530,M5,d1,42,17:22:00,17:22:00,400290,17.0,2
MV_A5-Weekday-098200_M5_530,M5,d1,43,17:24:15,17:24:15,404278,17.0,2
MV_A5-Weekday-098200_M5_530,M5,d1,44,17:26:00,17:26:00,400292,17.0,2
MV_A5-Weekday-098200_M5_530,M5,d1,45,17:27:33,17:27:33,400108,9.0,1
MV_A5-Weekday-098200_M5_530,M5,d1,46,17:28:46,17:28:46,400109,9.0,1
MV_A5-Weekday-098200_M5_530,M5,d1,47,17:29:54,17:29:54,400110,9.0,1
MV_A5-Weekday-098200_M5_530,M5,d1,48,17:31:08,17:31:08,400111,9.0,1
MV_A5-Weekday-098200_M5_530,M5,d1,49,17:33:18,17:33:18,404081,2.0,1
MV_A5-Weekday-098200_M5_530,M5,d1,50,17:34:48,17:34:48,404168,10.0,1
MV_A5-Weekday-098200_M5_530,M5,d1,51,17:35:43,17:35:43,400115,10.0,1
MV_A5-Weekday-098200_M5_530,M5,d1,52,17:36:57,17:36:57,400116,10.0,1
MV_A5-Weekday-098200_M5_530,M5,d1,53,17:38:03,17:38:03,400117,10.0,1
MV_A5-Weekday-098200_M5_530,M5,d1,54,17:39:42,17:39:42,400118,14.0,1
MV_A5-Weekday-098200_M5_530,M5,d1,55,17:41:18,17:41:18,400119,14.0,1
MV_A5-Weekday-098200_M5_530,M5,d1,56,17:43:42,17:43:42,400120,14.0,1
MV_A5-Weekday-098200_M5_530,M5,d1,57,17:44:40,17:44:40,400121,11.0,1
MV_A5-Weekday-098200_M5_530,M5,d1,58,17:45:42,17:45:42,400122,1.0,1
MV_A5-Weekday-098200_M5_530,M5,d1,59,17:46:51,17:46:51,400123,1.0,1
MV_A5-Weekday-098200_M5_530,M5,d1,60,17:49:00,17:49:00,400124,1.0,1
MV_A5-Weekday-098200_M5_530,M5,d1,61,17:51:13,17:51:13,400125,1.0,1
MV_A5-Weekday-098200_M5_530,M5,d1,62,17:53:48,17:53:48,400126,1.0,1
MV_A5-Weekday-098200_M5_530,M5,d1,63,17:55:43,17:55:43,400127,1.0,1
MV_A5-Weekday-098200_M5_530,M5,d1,64,17:57:02,17:57:02,400128,1.0,1
MV_A5-Weekday-098200_M5_530,M5,d1,65,17:58:39,17:58:39,400512,15.0,1
MV_A5-Weekday-098200_M5_530,M5,d1,66,18:02:05,18:02:05,403266,15.0,1
MV_A5-Weekday-098200_M5_530,M5,d1,67,18:04:26,18:04:26,400514,1.0,1
MV_A5-Weekday-098200_M5_530,M5,d1,68,18:06:50,18:06:50,400515,5.0,1
MV_A5-Weekday-098200_M5_530,M5,d1,69,18:09:14,18:09:14,400516,5.0,1
MV_A5-Weekday-098200_M5_530,M5,d1,70,18:10:52,18:10:52,405179,14.0,1
MV_A5-Weekday-098200_M5_530,M5,d1,71,18:13:00,18:13:00,400518,14.0,1
MV_A5-Weekday-098200_M5_530,M5,d1,72,18:15:25,18:15:25,400519,6.0,1
MV_A5-Weekday-098200_M5_530,M5,d1,73,18:16:51,18:16:51,405486,6.0,1
MV_A5-Weekday-098200_M5_530,M5,d1,74,18:20:00,18:20:00,903128,6.0,1
MV_A5-Weekday-045000_M5_504,M5,d1,1,7:30:00,7:30:00,400808,1.0,1
MV_A5-Weekday-045000_M5_504,M5,d1,2,7:31:04,7:31:04,400809,1.0,1
MV_A5-Weekday-045000_M5_504,M5,d1,3,7:31:58,7:31:58,400810,1.0,1
MV_A5-Weekday-045000_M5_504,M5,d1,4,7:32:52,7:32:52,400811,1.0,1
MV_A5-Weekday-045000_M5_504,M5,d1,5,7:33:29,7:33:29,400812,1.0,1
MV_A5-Weekday-045000_M5_504,M5,d1,6,7:35:03,7:35:03,404918,6.0,1
MV_A5-Weekday-045000_M5_504,M5,d1,7,7:36:22,7:36:22,400814,7.0,1
MV_A5-Weekday-045000_M5_504,M5,d1,8,7:37:10,7:37:10,400815,7.0,1
MV_A5-Weekday-045000_M5_504,M5,d1,9,7:38:00,7:38:00,400816,7.0,1
MV_A5-Weekday-045000_M5_504,M5,d1,10,7:39:00,7:39:00,400655,14.0,1
MV_A5-Weekday-045000_M5_504,M5,d1,11,7:41:28,7:41:28,400657,14.0,1
MV_A5-Weekday-045000_M5_504,M5,d1,12,7:44:12,7:44:12,403483,8.0,1
MV_A5-Weekday-045000_M5_504,M5,d1,13,7:46:42,7:46:42,400662,5.0,1
MV_A5-Weekday-045000_M5_504,M5,d1,14,7:49:00,7:49:00,404011,6.0,1
MV_A5-Weekday-045000_M5_504,M5,d1,15,7:49:26,7:49:26,404012,6.0,1
MV_A5-Weekday-045000_M5_504,M5,d1,16,7:51:46,7:51:46,404822,6.0,1
MV_A5-Weekday-045000_M5_504,M5,d1,17,7:53:02,7:53:02,404259,6.0,1
MV_A5-Weekday-045000_M5_504,M5,d1,18,7:53:56,7:53:56,405580,8.0,1
MV_A5-Weekday-045000_M5_504,M5,d1,19,7:54:49,7:54:49,400834,8.0,1
MV_A5-Weekday-045000_M5_504,M5,d1,20,7:55:23,7:55:23,400835,8.0,1
MV_A5-Weekday-045000_M5_504,M5,d1,21,7:55:54,7:55:54,400836,10.0,1
MV_A5-Weekday-045000_M5_504,M5,d1,22,7:56:59,7:56:59,400837,12.0,1
MV_A5-Weekday-045000_M5_504,M5,d1,23,7:57:31,7:57:31,400838,12.0,1
MV_A5-Weekday-045000_M5_504,M5,d1,24,7:58:05,7:58:05,404130,12.0,1
MV_A5-Weekday-045000_M5_504,M5,d1,25,7:59:16,7:59:16,400840,12.0,1
MV_A5-Weekday-045000_M5_504,M5,d1,26,8:00:00,8:00:00,400841,14.0,1
MV_A5-Weekday-045000_M5_504,M5,d1,27,8:01:24,8:01:24,404131,14.0,1
MV_A5-Weekday-045000_M5_504,M5,d1,28,8:02:40,8:02:40,400843,14.0,1
MV_A5-Weekday-045000_M5_504,M5,d1,29,8:03:57,8:03:57,404855,14.0,1
MV_A5-Weekday-045000_M5_504,M5,d1,30,8:05:13,8:05:13,400846,16.0,1
MV_A5-Weekday-045000_M5_504,M5,d1,31,8:06:08,8:06:08,400847,16.0,1
MV_A5-Weekday-045000_M5_504,M5,d1,32,8:07:06,8:07:06,400848,16.0,1
MV_A5-Weekday-045000_M5_504,M5,d1,33,8:08:00,8:08:00,400849,16.0,1
MV_A5-Weekday-045000_M5_504,M5,d1,34,8:10:04,8:10:04,400851,16.0,1
MV_A5-Weekday-045000_M5_504,M5,d1,35,8:11:16,8:11:16,400852,16.0,2
MV_A5-Weekday-045000_M5_504,M5,d1,36,8:13:01,8:13:01,400853,17.0,2
MV_A5-Weekday-045000_M5_504,M5,d1,37,8:14:08,8:14:08,400854,32.0,2
MV_A5-Weekday-045000_M5_504,M5,d1,38,8:18:03,8:18:03,403171,24.0,3
MV_A5-Weekday-045000_M5_504,M5,d1,39,8:22:00,8:22:00,400861,35.0,3
MV_A5-Weekday-045000_M5_504,M5,d1,40,8:25:57,8:25:57,403047,35.0,3
MV_A5-Weekday-045000_M5_504,M5,d1,41,8:29:07,8:29:07,402446,26.0,2
MV_A5-Weekday-045000_M5_504,M5,d1,42,8:32:58,8:32:58,450123,11.0,1
MV_A5-Weekday-045000_M5_504,M5,d1,43,8:38:00,8:38:00,400135,11.0,1
MV_A5-Weekday-045000_M5_504,M5,d1,44,8:39:28,8:39:28,400322,13.0,1
MV_A5-Weekday-045000_M5_504,M5,d1,45,8:40:56,8:40:56,400323,6.0,1
MV_A5-Weekday-045000_M5_504,M5,d1,46,8:42:30,8:42:30,400324,3.0,1
MV_A5-Weekday-045000_M5_504,M5,d1,47,8:45:00,8:45:00,803082,3.0,1
MV_A5-Weekday-SDon-039800_M5_510,M5,d1,1,6:38:00,6:38:00,400808,10.0,1
MV_A5-Weekday-SDon-039800_M5_510,M5,d1,2,6:39:04,6:39:04,400809,15.0,1
MV_A5-Weekday-SDon-039800_M5_510,M5,d1,3,6:39:58,6:39:58,400810,15.0,1
MV_A5-Weekday-SDon-039800_M5_510,M5,d1,4,6:40:52,6:40:52,400811,16.0,1
MV_A5-Weekday-SDon-039800_M5_510,M5,d1,5,6:41:29,6:41:29,400812,16.0,1
MV_A5-Weekday-SDon-039800_M5_510,M5,d1,6,6:43:03,6:43:03,404918,5.0,1
MV_A5-Weekday-SDon-039800_M5_510,M5,d1,7,6:44:22,6:44:22,400814,13.0,1
MV_A5-Weekday-SDon-039800_M5_510,M5,d1,8,6:45:10,6:45:10,400815,7.0,1
MV_A5-Weekday-SDon-039800_M5_510,M5,d1,9,6:46:00,6:46:00,400816,15.0,1
MV_A5-Weekday-SDon-039800_M5_510,M5,d1,10,6:47:00,6:47:00,400655,11.0,1
MV_A5-Weekday-SDon-039800_M5_510,M5,d1,11,6:49:13,6:49:13,400657,11.0,2
MV_A5-Weekday-SDon-039800_M5_510,M5,d1,12,6:51:41,6:51:41,403483,17.0,2
MV_A5-Weekday-SDon-039800_M5_510,M5,d1,13,6:53:56,6:53:56,400662,15.0,1
MV_A5-Weekday-SDon-039800_M5_510,M5,d1,14,6:56:00,6:56:00,404011,15.0,1
MV_A5-Weekday-SDon-039800_M5_510,M5,d1,15,6:56:21,6:56:21,404012,14.0,1
MV_A5-Weekday-SDon-039800_M5_510,M5,d1,16,6:58:16,6:58:16,404822,14.0,1
MV_A5-Weekday-SDon-039800_M5_510,M5,d1,17,6:59:18,6:59:18,404259,14.0,1
MV_A5-Weekday-SDon-039800_M5_510,M5,d1,18,7:00:03,7:00:03,405580,14.0,1
MV_A5-Weekday-SDon-039800_M5_510,M5,d1,19,7:00:46,7:00:46,400834,14.0,1
MV_A5-Weekday-SDon-039800_M5_510,M5,d1,20,7:01:13,7:01:13,400835,14.0,1
MV_A5-Weekday-SDon-039800_M5_510,M5,d1,21,7:01:39,7:01:39,400836,14.0,1
MV_A5-Weekday-SDon-039800_M5_510,M5,d1,22,7:02:32,7:02:32,400837,14.0,1
MV_A5-Weekday-SDon-039800_M5_510,M5,d1,23,7:02:58,7:02:58,400838,11.0,1
MV_A5-Weekday-SDon-039800_M5_510,M5,d1,24,7:03:26,7:03:26,404130,11.0,1
MV_A5-Weekday-SDon-039800_M5_510,M5,d1,25,7:04:24,7:04:24,400840,11.0,1
MV_A5-Weekday-SDon-039800_M5_510,M5,d1,26,7:05:00,7:05:00,400841,11.0,1
MV_A5-Weekday-SDon-039800_M5_510,M5,d1,27,7:06:03,7:06:03,404131,11.0,1
MV_A5-Weekday-SDon-039800_M5_510,M5,d1,28,7:07:00,7:07:00,400843,11.0,1
MV_A5-Weekday-SDon-039800_M5_510,M5,d1,29,7:07:58,7:07:58,404855,11.0,1
MV_A5-Weekday-SDon-039800_M5_510,M5,d1,30,7:08:55,7:08:55,400846,11.0,1
MV_A5-Weekday-SDon-039800_M5_510,M5,d1,31,7:09:36,7:09:36,400847,11.0,1
MV_A5-Weekday-SDon-039800_M5_510,M5,d1,32,7:10:20,7:10:20,400848,11.0,1
MV_A5-Weekday-SDon-039800_M5_510,M5,d1,33,7:11:00,7:11:00,400849,11.0,1
MV_A5-Weekday-SDon-039800_M5_510,M5,d1,34,7:12:37,7:12:37,400851,11.0,1
MV_A5-Weekday-SDon-039800_M5_510,M5,d1,35,7:13:34,7:13:34,400852,11.0,1
MV_A5-Weekday-SDon-039800_M5_510,M5,d1,36,7:14:56,7:14:56,400853,11.0,1
MV_A5-Weekday-SDon-039800_M5_510,M5,d1,37,7:15:49,7:15:49,400854,11.0,1
MV_A5-Weekday-SDon-039800_M5_510,M5,d1,38,7:18:54,7:18:54,403171,11.0,1
MV_A5-Weekday-SDon-039800_M5_510,M5,d1,39,7:22:00,7:22:00,400861,11.0,1
MV_A5-Weekday-SDon-039800_M5_510,M5,d1,40,7:24:43,7:24:43,403047,11.0,1
MV_A5-Weekday-SDon-039800_M5_510,M5,d1,41,7:26:54,7:26:54,402446,11.0,1
MV_A5-Weekday-SDon-039800_M5_510,M5,d1,42,7:29:32,7:29:32,450123,11.0,1
MV_A5-Weekday-SDon-039800_M5_510,M5,d1,43,7:33:00,7:33:00,400135,11.0,1
MV_A5-Weekday-SDon-039800_M5_510,M5,d1,44,7:34:28,7:34:28,400322,11.0,1
MV_A5-Weekday-SDon-039800_M5_510,M5,d1,45,7:35:56,7:35:56,400323,11.0,1
MV_A5-Weekday-SDon-039800_M5_510,M5,d1,46,7:37:30,7:37:30,400324,11.0,1
MV_A5-Weekday-SDon-039800_M5_510,M5,d1,47,7:40:00,7:40:00,803082,11.0,1
