trip_id,route,direction,stop_sequence,arrival_time,departure_time,stop_id,estimated_passenger_count,required_pods
MQ_A5-Weekday-088600_M66_510,M66,d0,1,14:46:00,14:46:00,403487,7.0,1
MQ_A5-Weekday-088600_M66_510,M66,d0,2,14:46:53,14:46:53,403488,7.0,1
MQ_A5-Weekday-088600_M66_510,M66,d0,3,14:48:36,14:48:36,403489,11.0,1
MQ_A5-Weekday-088600_M66_510,M66,d0,4,14:49:29,14:49:29,403491,11.0,2
MQ_A5-Weekday-088600_M66_510,M66,d0,5,14:50:00,14:50:00,403573,22.0,2
MQ_A5-Weekday-088600_M66_510,M66,d0,6,14:51:45,14:51:45,403492,22.0,2
MQ_A5-Weekday-088600_M66_510,M66,d0,7,14:58:38,14:58:38,403494,23.0,2
MQ_A5-Weekday-088600_M66_510,M66,d0,8,15:00:00,15:00:00,404994,23.0,2
MQ_A5-Weekday-088600_M66_510,M66,d0,9,15:02:26,15:02:26,403495,23.0,2
MQ_A5-Weekday-088600_M66_510,M66,d0,10,15:06:00,15:06:00,403497,4.0,1
MQ_A5-Weekday-088600_M66_510,M66,d0,11,15:07:12,15:07:12,403993,5.0,1
MQ_A5-Weekday-088600_M66_510,M66,d0,12,15:08:25,15:08:25,403994,5.0,1
MQ_A5-Weekday-088600_M66_510,M66,d0,13,15:10:34,15:10:34,403995,1.0,1
MQ_A5-Weekday-088600_M66_510,M66,d0,14,15:12:00,15:12:00,403996,1.0,1
MQ_A5-Weekday-117400_M66_518,M66,d0,1,19:34:00,19:34:00,403487,3.0,1
MQ_A5-Weekday-117400_M66_518,M66,d0,2,19:34:53,19:34:53,403488,3.0,1
MQ_A5-Weekday-117400_M66_518,M66,d0,3,19:36:36,19:36:36,403489,5.0,1
MQ_A5-Weekday-117400_M66_518,M66,d0,4,19:37:29,19:37:29,403491,11.0,1
MQ_A5-Weekday-117400_M66_518,M66,d0,5,19:38:00,19:38:00,403573,11.0,1
MQ_A5-Weekday-117400_M66_518,M66,d0,6,19:38:53,19:38:53,403492,11.0,1
MQ_A5-Weekday-117400_M66_518,M66,d0,7,19:42:19,19:42:19,403494,10.0,1
MQ_A5-Weekday-117400_M66_518,M66,d0,8,19:43:00,19:43:00,404994,10.0,1
MQ_A5-Weekday-117400_M66_518,M66,d0,9,19:44:37,19:44:37,403495,10.0,1
MQ_A5-Weekday-117400_M66_518,M66,d0,10,19:47:00,19:47:00,403497,8.0,1
MQ_A5-Weekday-117400_M66_518,M66,d0,11,19:47:48,19:47:48,403993,4.0,1
MQ_A5-Weekday-117400_M66_518,M66,d0,12,19:48:37,19:48:37,403994,4.0,1
MQ_A5-Weekday-117400_M66_518,M66,d0,13,19:50:03,19:50:03,403995,2.0,1
MQ_A5-Weekday-117400_M66_518,M66,d0,14,19:51:00,19:51:00,403996,2.0,1
MQ_A5-Weekday-SDon-102300_M66_511,M66,d0,1,17:03:00,17:03:00,403487,8.0,1
MQ_A5-Weekday-SDon-102300_M66_511,M66,d0,2,17:03:53,17:03:53,403488,8.0,1
MQ_A5-Weekday-SDon-102300_M66_511,M66,d0,3,17:05:36,17:05:36,403489,9.0,1
MQ_A5-Weekday-SDon-102300_M66_511,M66,d0,4,17:06:29,17:06:29,403491,9.0,2
MQ_A5-Weekday-SDon-102300_M66_511,M66,d0,5,17:07:00,17:07:00,403573,27.0,2
MQ_A5-Weekday-SDon-102300_M66_511,M66,d0,6,17:08:35,17:08:35,403492,27.0,2
MQ_A5-Weekday-SDon-102300_M66_511,M66,d0,7,17:14:46,17:14:46,403494,16.0,2
MQ_A5-Weekday-SDon-102300_M66_511,M66,d0,8,17:16:00,17:16:00,404994,23.0,2
MQ_A5-Weekday-SDon-102300_M66_511,M66,d0,9,17:17:37,17:17:37,403495,23.0,2
MQ_A5-Weekday-SDon-102300_M66_511,M66,d0,10,17:20:00,17:20:00,403497,16.0,1
MQ_A5-Weekday-SDon-102300_M66_511,M66,d0,11,17:21:00,17:21:00,403993,16.0,1
MQ_A5-Weekday-SDon-102300_M66_511,M66,d0,12,17:22:01,17:22:01,403994,6.0,1
MQ_A5-Weekday-SDon-102300_M66_511,M66,d0,13,17:23:49,17:23:49,403995,4.0,1
MQ_A5-Weekday-SDon-102300_M66_511,M66,d0,14,17:25:00,17:25:00,403996,4.0,1
MQ_A5-Weekday-SDon-048800_M66_514,M66,d0,1,8:08:00,8:08:00,403487,12.0,1
MQ_A5-Weekday-SDon-048800_M66_514,M66,d0,2,8:08:53,8:08:53,403488,12.0,1
MQ_A5-Weekday-SDon-048800_M66_514,M66,d0,3,8:10:36,8:10:36,403489,16.0,1
MQ_A5-Weekday-SDon-048800_M66_514,M66,d0,4,8:11:29,8:11:29,403491,16.0,1
MQ_A5-Weekday-SDon-048800_M66_514,M66,d0,5,8:12:00,8:12:00,403573,16.0,1
MQ_A5-Weekday-SDon-048800_M66_514,M66,d0,6,8:13:35,8:13:35,403492,4.0,1
MQ_A5-Weekday-SDon-048800_M66_514,M66,d0,7,8:19:46,8:19:46,403494,12.0,1
MQ_A5-Weekday-SDon-048800_M66_514,M66,d0,8,8:21:00,8:21:00,404994,12.0,1
MQ_A5-Weekday-SDon-048800_M66_514,M66,d0,9,8:23:26,8:23:26,403495,12.0,2
MQ_A5-Weekday-SDon-048800_M66_514,M66,d0,10,8:27:00,8:27:00,403497,24.0,2
MQ_A5-Weekday-SDon-048800_M66_514,M66,d0,11,8:28:00,8:28:00,403993,22.0,2
MQ_A5-Weekday-SDon-048800_M66_514,M66,d0,12,8:29:01,8:29:01,403994,22.0,2
MQ_A5-Weekday-SDon-048800_M66_514,M66,d0,13,8:30:49,8:30:49,403995,1.0,1
MQ_A5-Weekday-SDon-048800_M66_514,M66,d0,14,8:32:00,8:32:00,403996,1.0,1
MQ_A5-Weekday-SDon-094400_M66_513,M66,d0,1,15:44:00,15:44:00,403487,1.0,1
MQ_A5-Weekday-SDon-094400_M66_513,M66,d0,2,15:44:53,15:44:53,403488,15.0,3
MQ_A5-Weekday-SDon-094400_M66_513,M66,d0,3,15:46:36,15:46:36,403489,40.0,3
MQ_A5-Weekday-SDon-094400_M66_513,M66,d0,4,15:47:29,15:47:29,403491,17.0,4
MQ_A5-Weekday-SDon-094400_M66_513,M66,d0,5,15:48:00,15:48:00,403573,53.0,4
MQ_A5-Weekday-SDon-094400_M66_513,M66,d0,6,15:49:45,15:49:45,403492,49.0,4
MQ_A5-Weekday-SDon-094400_M66_513,M66,d0,7,15:56:38,15:56:38,403494,49.0,4
MQ_A5-Weekday-SDon-094400_M66_513,M66,d0,8,15:58:00,15:58:00,404994,31.0,2
MQ_A5-Weekday-SDon-094400_M66_513,M66,d0,9,16:00:26,16:00:26,403495,26.0,2
MQ_A5-Weekday-SDon-094400_M66_513,M66,d0,10,16:04:00,16:04:00,403497,26.0,2
MQ_A5-Weekday-SDon-094400_M66_513,M66,d0,11,16:05:12,16:05:12,403993,13.0,1
MQ_A5-Weekday-SDon-094400_M66_513,M66,d0,12,16:06:25,16:06:25,403994,11.0,1
MQ_A5-Weekday-SDon-094400_M66_513,M66,d0,13,16:08:34,16:08:34,403995,8.0,1
MQ_A5-Weekday-SDon-094400_M66_513,M66,d0,14,16:10:00,16:10:00,403996,8.0,1
MQ_A5-Weekday-SDon-130400_M66_522,M66,d0,1,21:44:00,21:44:00,403487,48.0,3
MQ_A5-Weekday-SDon-130400_M66_522,M66,d0,2,21:44:53,21:44:53,403488,48.0,4
MQ_A5-Weekday-SDon-130400_M66_522,M66,d0,3,21:46:36,21:46:36,403489,52.0,4
MQ_A5-Weekday-SDon-130400_M66_522,M66,d0,4,21:47:29,21:47:29,403491,57.0,4
MQ_A5-Weekday-SDon-130400_M66_522,M66,d0,5,21:48:00,21:48:00,403573,59.0,4
MQ_A5-Weekday-SDon-130400_M66_522,M66,d0,6,21:48:53,21:48:53,403492,59.0,4
MQ_A5-Weekday-SDon-130400_M66_522,M66,d0,7,21:52:19,21:52:19,403494,26.0,4
MQ_A5-Weekday-SDon-130400_M66_522,M66,d0,8,21:53:00,21:53:00,404994,58.0,4
MQ_A5-Weekday-SDon-130400_M66_522,M66,d0,9,21:54:37,21:54:37,403495,57.0,4
MQ_A5-Weekday-SDon-130400_M66_522,M66,d0,10,21:57:00,21:57:00,403497,52.0,4
MQ_A5-Weekday-SDon-130400_M66_522,M66,d0,11,21:57:48,21:57:48,403993,48.0,3
MQ_A5-Weekday-SDon-130400_M66_522,M66,d0,12,21:58:37,21:58:37,403994,4.0,1
MQ_A5-Weekday-SDon-130400_M66_522,M66,d0,13,22:00:03,22:00:03,403995,4.0,1
MQ_A5-Weekday-SDon-130400_M66_522,M66,d0,14,22:01:00,22:01:00,403996,4.0,1
MQ_A5-Weekday-SDon-149000_M66_522,M66,d0,1,24:50:00,24:50:00,403487,1.0,1
MQ_A5-Weekday-SDon-149000_M66_522,M66,d0,2,24:50:27,24:50:27,403488,2.0,1
MQ_A5-Weekday-SDon-149000_M66_522,M66,d0,3,24:51:18,24:51:18,403489,2.0,1
MQ_A5-Weekday-SDon-149000_M66_522,M66,d0,4,24:51:45,24:51:45,403491,2.0,1
MQ_A5-Weekday-SDon-149000_M66_522,M66,d0,5,24:52:00,24:52:00,403573,2.0,1
MQ_A5-Weekday-SDon-149000_M66_522,M66,d0,6,24:52:42,24:52:42,403492,2.0,1
MQ_A5-Weekday-SDon-149000_M66_522,M66,d0,7,24:55:27,24:55:27,403494,3.0,1
MQ_A5-Weekday-SDon-149000_M66_522,M66,d0,8,24:56:00,24:56:00,404994,2.0,1
MQ_A5-Weekday-SDon-149000_M66_522,M66,d0,9,24:56:49,24:56:49,403495,3.0,1
MQ_A5-Weekday-SDon-149000_M66_522,M66,d0,10,24:58:00,24:58:00,403497,3.0,1
MQ_A5-Weekday-SDon-149000_M66_522,M66,d0,11,24:58:24,24:58:24,403993,2.0,1
MQ_A5-Weekday-SDon-149000_M66_522,M66,d0,12,24:58:48,24:58:48,403994,1.0,1
MQ_A5-Weekday-SDon-149000_M66_522,M66,d0,13,24:59:32,24:59:32,403995,1.0,1
MQ_A5-Weekday-SDon-149000_M66_522,M66,d0,14,25:00:00,25:00:00,403996,1.0,1
MQ_A5-Weekday-SDon-050000_M66_508,M66,d0,1,8:20:00,8:20:00,403487,4.0,1
MQ_A5-Weekday-SDon-050000_M66_508,M66,d0,2,8:20:53,8:20:53,403488,6.0,1
MQ_A5-Weekday-SDon-050000_M66_508,M66,d0,3,8:22:36,8:22:36,403489,6.0,1
MQ_A5-Weekday-SDon-050000_M66_508,M66,d0,4,8:23:29,8:23:29,403491,7.0,2
MQ_A5-Weekday-SDon-050000_M66_508,M66,d0,5,8:24:00,8:24:00,403573,30.0,2
MQ_A5-Weekday-SDon-050000_M66_508,M66,d0,6,8:25:35,8:25:35,403492,21.0,2
MQ_A5-Weekday-SDon-050000_M66_508,M66,d0,7,8:31:46,8:31:46,403494,19.0,2
MQ_A5-Weekday-SDon-050000_M66_508,M66,d0,8,8:33:00,8:33:00,404994,17.0,2
MQ_A5-Weekday-SDon-050000_M66_508,M66,d0,9,8:35:26,8:35:26,403495,24.0,2
MQ_A5-Weekday-SDon-050000_M66_508,M66,d0,10,8:39:00,8:39:00,403497,24.0,2
MQ_A5-Weekday-SDon-050000_M66_508,M66,d0,11,8:40:00,8:40:00,403993,24.0,2
MQ_A5-Weekday-SDon-050000_M66_508,M66,d0,12,8:41:01,8:41:01,403994,3.0,1
MQ_A5-Weekday-SDon-050000_M66_508,M66,d0,13,8:42:49,8:42:49,403995,13.0,1
MQ_A5-Weekday-SDon-050000_M66_508,M66,d0,14,8:44:00,8:44:00,403996,13.0,1
MQ_A5-Weekday-098800_M66_507,M66,d0,1,16:28:00,16:28:00,403487,2.0,1
MQ_A5-Weekday-098800_M66_507,M66,d0,2,16:28:53,16:28:53,403488,3.0,1
MQ_A5-Weekday-098800_M66_507,M66,d0,3,16:30:36,16:30:36,403489,3.0,1
MQ_A5-Weekday-098800_M66_507,M66,d0,4,16:31:29,16:31:29,403491,12.0,1
MQ_A5-Weekday-098800_M66_507,M66,d0,5,16:32:00,16:32:00,403573,12.0,1
MQ_A5-Weekday-098800_M66_507,M66,d0,6,16:33:35,16:33:35,403492,15.0,1
MQ_A5-Weekday-098800_M66_507,M66,d0,7,16:39:46,16:39:46,403494,9.0,1
MQ_A5-Weekday-098800_M66_507,M66,d0,8,16:41:00,16:41:00,404994,9.0,1
MQ_A5-Weekday-098800_M66_507,M66,d0,9,16:42:37,16:42:37,403495,9.0,1
MQ_A5-Weekday-098800_M66_507,M66,d0,10,16:45:00,16:45:00,403497,9.0,1
MQ_A5-Weekday-098800_M66_507,M66,d0,11,16:46:00,16:46:00,403993,9.0,1
MQ_A5-Weekday-098800_M66_507,M66,d0,12,16:47:01,16:47:01,403994,6.0,1
MQ_A5-Weekday-098800_M66_507,M66,d0,13,16:48:49,16:48:49,403995,7.0,1
MQ_A5-Weekday-098800_M66_507,M66,d0,14,16:50:00,16:50:00,403996,7.0,1
MQ_A5-Weekday-SDon-122000_M66_520,M66,d0,1,20:20:00,20:20:00,403487,3.0,1
MQ_A5-Weekday-SDon-122000_M66_520,M66,d0,2,20:20:53,20:20:53,403488,3.0,1
MQ_A5-Weekday-SDon-122000_M66_520,M66,d0,3,20:22:36,20:22:36,403489,9.0,1
MQ_A5-Weekday-SDon-122000_M66_520,M66,d0,4,20:23:29,20:23:29,403491,9.0,1
MQ_A5-Weekday-SDon-122000_M66_520,M66,d0,5,20:24:00,20:24:00,403573,8.0,2
MQ_A5-Weekday-SDon-122000_M66_520,M66,d0,6,20:24:53,20:24:53,403492,19.0,2
MQ_A5-Weekday-SDon-122000_M66_520,M66,d0,7,20:28:19,20:28:19,403494,15.0,1
MQ_A5-Weekday-SDon-122000_M66_520,M66,d0,8,20:29:00,20:29:00,404994,16.0,2
MQ_A5-Weekday-SDon-122000_M66_520,M66,d0,9,20:30:37,20:30:37,403495,19.0,2
MQ_A5-Weekday-SDon-122000_M66_520,M66,d0,10,20:33:00,20:33:00,403497,15.0,1
MQ_A5-Weekday-SDon-122000_M66_520,M66,d0,11,20:33:48,20:33:48,403993,7.0,1
MQ_A5-Weekday-SDon-122000_M66_520,M66,d0,12,20:34:37,20:34:37,403994,13.0,1
MQ_A5-Weekday-SDon-122000_M66_520,M66,d0,13,20:36:03,20:36:03,403995,5.0,1
MQ_A5-Weekday-SDon-122000_M66_520,M66,d0,14,20:37:00,20:37:00,403996,5.0,1
MQ_A5-Weekday-SDon-093000_M66_505,M66,d0,1,15:30:00,15:30:00,403487,9.0,1
MQ_A5-Weekday-SDon-093000_M66_505,M66,d0,2,15:30:53,15:30:53,403488,9.0,2
MQ_A5-Weekday-SDon-093000_M66_505,M66,d0,3,15:32:36,15:32:36,403489,18.0,2
MQ_A5-Weekday-SDon-093000_M66_505,M66,d0,4,15:33:29,15:33:29,403491,18.0,2
MQ_A5-Weekday-SDon-093000_M66_505,M66,d0,5,15:34:00,15:34:00,403573,18.0,2
MQ_A5-Weekday-SDon-093000_M66_505,M66,d0,6,15:35:45,15:35:45,403492,13.0,1
MQ_A5-Weekday-SDon-093000_M66_505,M66,d0,7,15:42:38,15:42:38,403494,12.0,1
MQ_A5-Weekday-SDon-093000_M66_505,M66,d0,8,15:44:00,15:44:00,404994,12.0,1
MQ_A5-Weekday-SDon-093000_M66_505,M66,d0,9,15:46:26,15:46:26,403495,11.0,1
MQ_A5-Weekday-SDon-093000_M66_505,M66,d0,10,15:50:00,15:50:00,403497,3.0,1
MQ_A5-Weekday-SDon-093000_M66_505,M66,d0,11,15:51:12,15:51:12,403993,3.0,1
MQ_A5-Weekday-SDon-093000_M66_505,M66,d0,12,15:52:25,15:52:25,403994,3.0,1
MQ_A5-Weekday-SDon-093000_M66_505,M66,d0,13,15:54:34,15:54:34,403995,3.0,1
MQ_A5-Weekday-SDon-093000_M66_505,M66,d0,14,15:56:00,15:56:00,403996,3.0,1
MQ_A5-Weekday-SDon-035500_M66_503,M66,d0,1,5:55:00,5:55:00,403487,3.0,1
MQ_A5-Weekday-SDon-035500_M66_503,M66,d0,2,5:55:40,5:55:40,403488,3.0,2
MQ_A5-Weekday-SDon-035500_M66_503,M66,d0,3,5:56:57,5:56:57,403489,20.0,2
MQ_A5-Weekday-SDon-035500_M66_503,M66,d0,4,5:57:37,5:57:37,403491,7.0,1
MQ_A5-Weekday-SDon-035500_M66_503,M66,d0,5,5:58:00,5:58:00,403573,10.0,2
MQ_A5-Weekday-SDon-035500_M66_503,M66,d0,6,5:58:42,5:58:42,403492,24.0,2
MQ_A5-Weekday-SDon-035500_M66_503,M66,d0,7,6:01:27,6:01:27,403494,7.0,1
MQ_A5-Weekday-SDon-035500_M66_503,M66,d0,8,6:02:00,6:02:00,404994,6.0,2
MQ_A5-Weekday-SDon-035500_M66_503,M66,d0,9,6:03:37,6:03:37,403495,18.0,2
MQ_A5-Weekday-SDon-035500_M66_503,M66,d0,10,6:06:00,6:06:00,403497,26.0,2
MQ_A5-Weekday-SDon-035500_M66_503,M66,d0,11,6:06:36,6:06:36,403993,26.0,2
MQ_A5-Weekday-SDon-035500_M66_503,M66,d0,12,6:07:12,6:07:12,403994,23.0,2
MQ_A5-Weekday-SDon-035500_M66_503,M66,d0,13,6:08:17,6:08:17,403995,15.0,1
MQ_A5-Weekday-SDon-035500_M66_503,M66,d0,14,6:09:00,6:09:00,403996,15.0,1
MQ_A5-Weekday-SDon-104300_M66_516,M66,d0,1,17:23:00,17:23:00,403487,5.0,1
MQ_A5-Weekday-SDon-104300_M66_516,M66,d0,2,17:23:53,17:23:53,403488,5.0,1
MQ_A5-Weekday-SDon-104300_M66_516,M66,d0,3,17:25:36,17:25:36,403489,6.0,1
MQ_A5-Weekday-SDon-104300_M66_516,M66,d0,4,17:26:29,17:26:29,403491,4.0,1
MQ_A5-Weekday-SDon-104300_M66_516,M66,d0,5,17:27:00,17:27:00,403573,6.0,1
MQ_A5-Weekday-SDon-104300_M66_516,M66,d0,6,17:28:35,17:28:35,403492,6.0,1
MQ_A5-Weekday-SDon-104300_M66_516,M66,d0,7,17:34:46,17:34:46,403494,6.0,1
MQ_A5-Weekday-SDon-104300_M66_516,M66,d0,8,17:36:00,17:36:00,404994,10.0,1
MQ_A5-Weekday-SDon-104300_M66_516,M66,d0,9,17:37:37,17:37:37,403495,6.0,1
MQ_A5-Weekday-SDon-104300_M66_516,M66,d0,10,17:40:00,17:40:00,403497,8.0,1
MQ_A5-Weekday-SDon-104300_M66_516,M66,d0,11,17:41:00,17:41:00,403993,7.0,1
MQ_A5-Weekday-SDon-104300_M66_516,M66,d0,12,17:42:01,17:42:01,403994,5.0,1
MQ_A5-Weekday-SDon-104300_M66_516,M66,d0,13,17:43:49,17:43:49,403995,7.0,1
MQ_A5-Weekday-SDon-104300_M66_516,M66,d0,14,17:45:00,17:45:00,403996,7.0,1
MQ_A5-Weekday-040900_M66_503,M66,d0,1,6:49:00,6:49:00,403487,8.0,1
MQ_A5-Weekday-040900_M66_503,M66,d0,2,6:49:40,6:49:40,403488,8.0,1
MQ_A5-Weekday-040900_M66_503,M66,d0,3,6:50:57,6:50:57,403489,8.0,1
MQ_A5-Weekday-040900_M66_503,M66,d0,4,6:51:37,6:51:37,403491,8.0,1
MQ_A5-Weekday-040900_M66_503,M66,d0,5,6:52:00,6:52:00,403573,8.0,1
MQ_A5-Weekday-040900_M66_503,M66,d0,6,6:52:53,6:52:53,403492,8.0,1
MQ_A5-Weekday-040900_M66_503,M66,d0,7,6:56:19,6:56:19,403494,8.0,1
MQ_A5-Weekday-040900_M66_503,M66,d0,8,6:57:00,6:57:00,404994,8.0,1
MQ_A5-Weekday-040900_M66_503,M66,d0,9,6:59:02,6:59:02,403495,7.0,1
MQ_A5-Weekday-040900_M66_503,M66,d0,10,7:02:00,7:02:00,403497,6.0,1
MQ_A5-Weekday-040900_M66_503,M66,d0,11,7:03:00,7:03:00,403993,9.0,1
MQ_A5-Weekday-040900_M66_503,M66,d0,12,7:04:01,7:04:01,403994,1.0,1
MQ_A5-Weekday-040900_M66_503,M66,d0,13,7:05:49,7:05:49,403995,5.0,1
MQ_A5-Weekday-040900_M66_503,M66,d0,14,7:07:00,7:07:00,403996,5.0,1
MQ_A5-Weekday-093700_M66_519,M66,d0,1,15:37:00,15:37:00,403487,4.0,1
MQ_A5-Weekday-093700_M66_519,M66,d0,2,15:37:53,15:37:53,403488,4.0,1
MQ_A5-Weekday-093700_M66_519,M66,d0,3,15:39:36,15:39:36,403489,11.0,1
MQ_A5-Weekday-093700_M66_519,M66,d0,4,15:40:29,15:40:29,403491,11.0,1
MQ_A5-Weekday-093700_M66_519,M66,d0,5,15:41:00,15:41:00,403573,11.0,1
MQ_A5-Weekday-093700_M66_519,M66,d0,6,15:42:45,15:42:45,403492,11.0,1
MQ_A5-Weekday-093700_M66_519,M66,d0,7,15:49:38,15:49:38,403494,11.0,1
MQ_A5-Weekday-093700_M66_519,M66,d0,8,15:51:00,15:51:00,404994,6.0,1
MQ_A5-Weekday-093700_M66_519,M66,d0,9,15:53:26,15:53:26,403495,6.0,1
MQ_A5-Weekday-093700_M66_519,M66,d0,10,15:57:00,15:57:00,403497,4.0,1
MQ_A5-Weekday-093700_M66_519,M66,d0,11,15:58:12,15:58:12,403993,4.0,1
MQ_A5-Weekday-093700_M66_519,M66,d0,12,15:59:25,15:59:25,403994,3.0,1
MQ_A5-Weekday-093700_M66_519,M66,d0,13,16:01:34,16:01:34,403995,5.0,1
MQ_A5-Weekday-093700_M66_519,M66,d0,14,16:03:00,16:03:00,403996,5.0,1
MQ_A5-Weekday-037900_M66_504,M66,d0,1,6:19:00,6:19:00,403487,5.0,1
MQ_A5-Weekday-037900_M66_504,M66,d0,2,6:19:40,6:19:40,403488,5.0,1
MQ_A5-Weekday-037900_M66_504,M66,d0,3,6:20:57,6:20:57,403489,5.0,1
MQ_A5-Weekday-037900_M66_504,M66,d0,4,6:21:37,6:21:37,403491,14.0,1
MQ_A5-Weekday-037900_M66_504,M66,d0,5,6:22:00,6:22:00,403573,14.0,1
MQ_A5-Weekday-037900_M66_504,M66,d0,6,6:22:42,6:22:42,403492,14.0,1
MQ_A5-Weekday-037900_M66_504,M66,d0,7,6:25:27,6:25:27,403494,15.0,2
MQ_A5-Weekday-037900_M66_504,M66,d0,8,6:26:00,6:26:00,404994,18.0,2
MQ_A5-Weekday-037900_M66_504,M66,d0,9,6:27:37,6:27:37,403495,18.0,2
MQ_A5-Weekday-037900_M66_504,M66,d0,10,6:30:00,6:30:00,403497,32.0,3
MQ_A5-Weekday-037900_M66_504,M66,d0,11,6:30:48,6:30:48,403993,33.0,3
MQ_A5-Weekday-037900_M66_504,M66,d0,12,6:31:37,6:31:37,403994,33.0,3
MQ_A5-Weekday-037900_M66_504,M66,d0,13,6:33:03,6:33:03,403995,6.0,1
MQ_A5-Weekday-037900_M66_504,M66,d0,14,6:34:00,6:34:00,403996,6.0,1
MQ_A5-Weekday-SDon-118400_M66_516,M66,d0,1,19:44:00,19:44:00,403487,2.0,1
MQ_A5-Weekday-SDon-118400_M66_516,M66,d0,2,19:44:53,19:44:53,403488,2.0,1
MQ_A5-Weekday-SDon-118400_M66_516,M66,d0,3,19:46:36,19:46:36,403489,3.0,1
MQ_A5-Weekday-SDon-118400_M66_516,M66,d0,4,19:47:29,19:47:29,403491,8.0,1
MQ_A5-Weekday-SDon-118400_M66_516,M66,d0,5,19:48:00,19:48:00,403573,9.0,1
MQ_A5-Weekday-SDon-118400_M66_516,M66,d0,6,19:48:53,19:48:53,403492,13.0,1
MQ_A5-Weekday-SDon-118400_M66_516,M66,d0,7,19:52:19,19:52:19,403494,12.0,1
MQ_A5-Weekday-SDon-118400_M66_516,M66,d0,8,19:53:00,19:53:00,404994,11.0,1
MQ_A5-Weekday-SDon-118400_M66_516,M66,d0,9,19:54:37,19:54:37,403495,9.0,1
MQ_A5-Weekday-SDon-118400_M66_516,M66,d0,10,19:57:00,19:57:00,403497,8.0,1
MQ_A5-Weekday-SDon-118400_M66_516,M66,d0,11,19:57:48,19:57:48,403993,3.0,1
MQ_A5-Weekday-SDon-118400_M66_516,M66,d0,12,19:58:37,19:58:37,403994,7.0,1
MQ_A5-Weekday-SDon-118400_M66_516,M66,d0,13,20:00:03,20:00:03,403995,4.0,1
MQ_A5-Weekday-SDon-118400_M66_516,M66,d0,14,20:01:00,20:01:00,403996,4.0,1
MQ_A5-Weekday-146500_M66_523,M66,d0,1,24:25:00,24:25:00,403487,45.0,3
MQ_A5-Weekday-146500_M66_523,M66,d0,2,24:25:27,24:25:27,403488,45.0,3
MQ_A5-Weekday-146500_M66_523,M66,d0,3,24:26:18,24:26:18,403489,1.0,3
MQ_A5-Weekday-146500_M66_523,M66,d0,4,24:26:45,24:26:45,403491,47.0,3
MQ_A5-Weekday-146500_M66_523,M66,d0,5,24:27:00,24:27:00,403573,3.0,3
MQ_A5-Weekday-146500_M66_523,M66,d0,6,24:27:42,24:27:42,403492,47.0,3
MQ_A5-Weekday-146500_M66_523,M66,d0,7,24:30:27,24:30:27,403494,47.0,3
MQ_A5-Weekday-146500_M66_523,M66,d0,8,24:31:00,24:31:00,404994,3.0,3
MQ_A5-Weekday-146500_M66_523,M66,d0,9,24:31:49,24:31:49,403495,45.0,3
MQ_A5-Weekday-146500_M66_523,M66,d0,10,24:33:00,24:33:00,403497,3.0,3
MQ_A5-Weekday-146500_M66_523,M66,d0,11,24:33:24,24:33:24,403993,45.0,3
MQ_A5-Weekday-146500_M66_523,M66,d0,12,24:33:48,24:33:48,403994,45.0,3
MQ_A5-Weekday-146500_M66_523,M66,d0,13,24:34:32,24:34:32,403995,45.0,3
MQ_A5-Weekday-146500_M66_523,M66,d0,14,24:35:00,24:35:00,403996,45.0,3
MQ_A5-Weekday-060800_M66_511,M66,d0,1,10:08:00,10:08:00,403487,4.0,1
MQ_A5-Weekday-060800_M66_511,M66,d0,2,10:08:53,10:08:53,403488,7.0,1
MQ_A5-Weekday-060800_M66_511,M66,d0,3,10:10:36,10:10:36,403489,7.0,1
MQ_A5-Weekday-060800_M66_511,M66,d0,4,10:11:29,10:11:29,403491,10.0,1
MQ_A5-Weekday-060800_M66_511,M66,d0,5,10:12:00,10:12:00,403573,10.0,3
MQ_A5-Weekday-060800_M66_511,M66,d0,6,10:13:35,10:13:35,403492,34.0,3
MQ_A5-Weekday-060800_M66_511,M66,d0,7,10:19:46,10:19:46,403494,34.0,3
MQ_A5-Weekday-060800_M66_511,M66,d0,8,10:21:00,10:21:00,404994,12.0,2
MQ_A5-Weekday-060800_M66_511,M66,d0,9,10:23:26,10:23:26,403495,26.0,2
MQ_A5-Weekday-060800_M66_511,M66,d0,10,10:27:00,10:27:00,403497,22.0,2
MQ_A5-Weekday-060800_M66_511,M66,d0,11,10:28:00,10:28:00,403993,18.0,2
MQ_A5-Weekday-060800_M66_511,M66,d0,12,10:29:01,10:29:01,403994,15.0,1
MQ_A5-Weekday-060800_M66_511,M66,d0,13,10:30:49,10:30:49,403995,10.0,1
MQ_A5-Weekday-060800_M66_511,M66,d0,14,10:32:00,10:32:00,403996,10.0,1
MQ_A5-Weekday-084800_M66_515,M66,d0,1,14:08:00,14:08:00,403487,10.0,1
MQ_A5-Weekday-084800_M66_515,M66,d0,2,14:08:53,14:08:53,403488,10.0,1
MQ_A5-Weekday-084800_M66_515,M66,d0,3,14:10:36,14:10:36,403489,12.0,2
MQ_A5-Weekday-084800_M66_515,M66,d0,4,14:11:29,14:11:29,403491,24.0,2
MQ_A5-Weekday-084800_M66_515,M66,d0,5,14:12:00,14:12:00,403573,24.0,2
MQ_A5-Weekday-084800_M66_515,M66,d0,6,14:13:45,14:13:45,403492,26.0,2
MQ_A5-Weekday-084800_M66_515,M66,d0,7,14:20:38,14:20:38,403494,26.0,2
MQ_A5-Weekday-084800_M66_515,M66,d0,8,14:22:00,14:22:00,404994,26.0,2
MQ_A5-Weekday-084800_M66_515,M66,d0,9,14:24:26,14:24:26,403495,22.0,2
MQ_A5-Weekday-084800_M66_515,M66,d0,10,14:28:00,14:28:00,403497,24.0,2
MQ_A5-Weekday-084800_M66_515,M66,d0,11,14:29:12,14:29:12,403993,24.0,2
MQ_A5-Weekday-084800_M66_515,M66,d0,12,14:30:25,14:30:25,403994,24.0,2
MQ_A5-Weekday-084800_M66_515,M66,d0,13,14:32:34,14:32:34,403995,9.0,1
MQ_A5-Weekday-084800_M66_515,M66,d0,14,14:34:00,14:34:00,403996,9.0,1
MQ_A5-Weekday-SDon-134900_M66_523,M66,d0,1,22:29:00,22:29:00,403487,2.0,1
MQ_A5-Weekday-SDon-134900_M66_523,M66,d0,2,22:29:53,22:29:53,403488,3.0,1
MQ_A5-Weekday-SDon-134900_M66_523,M66,d0,3,22:31:36,22:31:36,403489,11.0,1
MQ_A5-Weekday-SDon-134900_M66_523,M66,d0,4,22:32:29,22:32:29,403491,15.0,1
MQ_A5-Weekday-SDon-134900_M66_523,M66,d0,5,22:33:00,22:33:00,403573,15.0,1
MQ_A5-Weekday-SDon-134900_M66_523,M66,d0,6,22:33:53,22:33:53,403492,15.0,1
MQ_A5-Weekday-SDon-134900_M66_523,M66,d0,7,22:37:19,22:37:19,403494,15.0,1
MQ_A5-Weekday-SDon-134900_M66_523,M66,d0,8,22:38:00,22:38:00,404994,10.0,1
MQ_A5-Weekday-SDon-134900_M66_523,M66,d0,9,22:39:13,22:39:13,403495,15.0,1
MQ_A5-Weekday-SDon-134900_M66_523,M66,d0,10,22:41:00,22:41:00,403497,7.0,1
MQ_A5-Weekday-SDon-134900_M66_523,M66,d0,11,22:41:48,22:41:48,403993,5.0,1
MQ_A5-Weekday-SDon-134900_M66_523,M66,d0,12,22:42:37,22:42:37,403994,4.0,1
MQ_A5-Weekday-SDon-134900_M66_523,M66,d0,13,22:44:03,22:44:03,403995,1.0,1
MQ_A5-Weekday-SDon-134900_M66_523,M66,d0,14,22:45:00,22:45:00,403996,1.0,1
MQ_A5-Weekday-SDon-090900_M66_506,M66,d0,1,15:09:00,15:09:00,403487,12.0,1
MQ_A5-Weekday-SDon-090900_M66_506,M66,d0,2,15:09:53,15:09:53,403488,12.0,2
MQ_A5-Weekday-SDon-090900_M66_506,M66,d0,3,15:11:36,15:11:36,403489,22.0,2
MQ_A5-Weekday-SDon-090900_M66_506,M66,d0,4,15:12:29,15:12:29,403491,22.0,2
MQ_A5-Weekday-SDon-090900_M66_506,M66,d0,5,15:13:00,15:13:00,403573,22.0,2
MQ_A5-Weekday-SDon-090900_M66_506,M66,d0,6,15:14:45,15:14:45,403492,22.0,2
MQ_A5-Weekday-SDon-090900_M66_506,M66,d0,7,15:21:38,15:21:38,403494,29.0,2
MQ_A5-Weekday-SDon-090900_M66_506,M66,d0,8,15:23:00,15:23:00,404994,29.0,2
MQ_A5-Weekday-SDon-090900_M66_506,M66,d0,9,15:25:26,15:25:26,403495,29.0,2
MQ_A5-Weekday-SDon-090900_M66_506,M66,d0,10,15:29:00,15:29:00,403497,24.0,2
MQ_A5-Weekday-SDon-090900_M66_506,M66,d0,11,15:30:12,15:30:12,403993,20.0,2
MQ_A5-Weekday-SDon-090900_M66_506,M66,d0,12,15:31:25,15:31:25,403994,7.0,1
MQ_A5-Weekday-SDon-090900_M66_506,M66,d0,13,15:33:34,15:33:34,403995,10.0,1
MQ_A5-Weekday-SDon-090900_M66_506,M66,d0,14,15:35:00,15:35:00,403996,10.0,1
MQ_A5-Weekday-SDon-052800_M66_501,M66,d0,1,8:48:00,8:48:00,403497,1.0,1
MQ_A5-Weekday-SDon-052800_M66_501,M66,d0,2,8:49:00,8:49:00,403993,1.0,1
MQ_A5-Weekday-SDon-052800_M66_501,M66,d0,3,8:50:01,8:50:01,403994,1.0,1
MQ_A5-Weekday-SDon-052800_M66_501,M66,d0,4,8:51:49,8:51:49,403995,1.0,1
MQ_A5-Weekday-SDon-052800_M66_501,M66,d0,5,8:53:00,8:53:00,403996,1.0,1
MQ_A5-Weekday-096800_M66_516,M66,d0,1,16:08:00,16:08:00,403487,12.0,1
MQ_A5-Weekday-096800_M66_516,M66,d0,2,16:08:53,16:08:53,403488,12.0,1
MQ_A5-Weekday-096800_M66_516,M66,d0,3,16:10:36,16:10:36,403489,12.0,1
MQ_A5-Weekday-096800_M66_516,M66,d0,4,16:11:29,16:11:29,403491,12.0,1
MQ_A5-Weekday-096800_M66_516,M66,d0,5,16:12:00,16:12:00,403573,1.0,2
MQ_A5-Weekday-096800_M66_516,M66,d0,6,16:13:45,16:13:45,403492,17.0,2
MQ_A5-Weekday-096800_M66_516,M66,d0,7,16:20:38,16:20:38,403494,15.0,1
MQ_A5-Weekday-096800_M66_516,M66,d0,8,16:22:00,16:22:00,404994,15.0,1
MQ_A5-Weekday-096800_M66_516,M66,d0,9,16:24:26,16:24:26,403495,9.0,1
MQ_A5-Weekday-096800_M66_516,M66,d0,10,16:28:00,16:28:00,403497,9.0,1
MQ_A5-Weekday-096800_M66_516,M66,d0,11,16:29:12,16:29:12,403993,8.0,1
MQ_A5-Weekday-096800_M66_516,M66,d0,12,16:30:25,16:30:25,403994,7.0,1
MQ_A5-Weekday-096800_M66_516,M66,d0,13,16:32:34,16:32:34,403995,9.0,1
MQ_A5-Weekday-096800_M66_516,M66,d0,14,16:34:00,16:34:00,403996,9.0,1
MQ_A5-Weekday-SDon-105400_M66_515,M66,d0,1,17:34:00,17:34:00,403487,7.0,1
MQ_A5-Weekday-SDon-105400_M66_515,M66,d0,2,17:34:53,17:34:53,403488,7.0,1
MQ_A5-Weekday-SDon-105400_M66_515,M66,d0,3,17:36:36,17:36:36,403489,11.0,2
MQ_A5-Weekday-SDon-105400_M66_515,M66,d0,4,17:37:29,17:37:29,403491,18.0,2
MQ_A5-Weekday-SDon-105400_M66_515,M66,d0,5,17:38:00,17:38:00,403573,21.0,2
MQ_A5-Weekday-SDon-105400_M66_515,M66,d0,6,17:39:35,17:39:35,403492,26.0,2
MQ_A5-Weekday-SDon-105400_M66_515,M66,d0,7,17:45:46,17:45:46,403494,25.0,2
MQ_A5-Weekday-SDon-105400_M66_515,M66,d0,8,17:47:00,17:47:00,404994,12.0,1
MQ_A5-Weekday-SDon-105400_M66_515,M66,d0,9,17:48:37,17:48:37,403495,15.0,1
MQ_A5-Weekday-SDon-105400_M66_515,M66,d0,10,17:51:00,17:51:00,403497,15.0,1
MQ_A5-Weekday-SDon-105400_M66_515,M66,d0,11,17:52:00,17:52:00,403993,4.0,1
MQ_A5-Weekday-SDon-105400_M66_515,M66,d0,12,17:53:01,17:53:01,403994,4.0,1
MQ_A5-Weekday-SDon-105400_M66_515,M66,d0,13,17:54:49,17:54:49,403995,6.0,1
MQ_A5-Weekday-SDon-105400_M66_515,M66,d0,14,17:56:00,17:56:00,403996,6.0,1
MQ_A5-Weekday-085800_M66_505,M66,d0,1,14:18:00,14:18:00,403487,4.0,1
MQ_A5-Weekday-085800_M66_505,M66,d0,2,14:18:53,14:18:53,403488,9.0,2
MQ_A5-Weekday-085800_M66_505,M66,d0,3,14:20:36,14:20:36,403489,24.0,2
MQ_A5-Weekday-085800_M66_505,M66,d0,4,14:21:29,14:21:29,403491,25.0,2
MQ_A5-Weekday-085800_M66_505,M66,d0,5,14:22:00,14:22:00,403573,25.0,2
MQ_A5-Weekday-085800_M66_505,M66,d0,6,14:23:45,14:23:45,403492,25.0,2
MQ_A5-Weekday-085800_M66_505,M66,d0,7,14:30:38,14:30:38,403494,30.0,2
MQ_A5-Weekday-085800_M66_505,M66,d0,8,14:32:00,14:32:00,404994,28.0,2
MQ_A5-Weekday-085800_M66_505,M66,d0,9,14:34:26,14:34:26,403495,26.0,2
MQ_A5-Weekday-085800_M66_505,M66,d0,10,14:38:00,14:38:00,403497,26.0,2
MQ_A5-Weekday-085800_M66_505,M66,d0,11,14:39:12,14:39:12,403993,21.0,2
MQ_A5-Weekday-085800_M66_505,M66,d0,12,14:40:25,14:40:25,403994,19.0,2
MQ_A5-Weekday-085800_M66_505,M66,d0,13,14:42:34,14:42:34,403995,8.0,1
MQ_A5-Weekday-085800_M66_505,M66,d0,14,14:44:00,14:44:00,403996,8.0,1
MQ_A5-Weekday-SDon-054800_M66_506,M66,d0,1,9:08:00,9:08:00,403487,1.0,1
MQ_A5-Weekday-SDon-054800_M66_506,M66,d0,2,9:08:53,9:08:53,403488,8.0,1
MQ_A5-Weekday-SDon-054800_M66_506,M66,d0,3,9:10:36,9:10:36,403489,9.0,1
MQ_A5-Weekday-SDon-054800_M66_506,M66,d0,4,9:11:29,9:11:29,403491,13.0,2
MQ_A5-Weekday-SDon-054800_M66_506,M66,d0,5,9:12:00,9:12:00,403573,23.0,2
MQ_A5-Weekday-SDon-054800_M66_506,M66,d0,6,9:13:35,9:13:35,403492,25.0,2
MQ_A5-Weekday-SDon-054800_M66_506,M66,d0,7,9:19:46,9:19:46,403494,19.0,2
MQ_A5-Weekday-SDon-054800_M66_506,M66,d0,8,9:21:00,9:21:00,404994,18.0,2
MQ_A5-Weekday-SDon-054800_M66_506,M66,d0,9,9:23:26,9:23:26,403495,15.0,1
MQ_A5-Weekday-SDon-054800_M66_506,M66,d0,10,9:27:00,9:27:00,403497,15.0,2
MQ_A5-Weekday-SDon-054800_M66_506,M66,d0,11,9:28:00,9:28:00,403993,20.0,2
MQ_A5-Weekday-SDon-054800_M66_506,M66,d0,12,9:29:01,9:29:01,403994,15.0,2
MQ_A5-Weekday-SDon-054800_M66_506,M66,d0,13,9:30:49,9:30:49,403995,29.0,2
MQ_A5-Weekday-SDon-054800_M66_506,M66,d0,14,9:32:00,9:32:00,403996,29.0,2
MQ_A5-Weekday-SDon-045500_M66_510,M66,d0,1,7:35:00,7:35:00,403487,13.0,1
MQ_A5-Weekday-SDon-045500_M66_510,M66,d0,2,7:35:53,7:35:53,403488,13.0,1
MQ_A5-Weekday-SDon-045500_M66_510,M66,d0,3,7:37:36,7:37:36,403489,13.0,1
MQ_A5-Weekday-SDon-045500_M66_510,M66,d0,4,7:38:29,7:38:29,403491,13.0,1
MQ_A5-Weekday-SDon-045500_M66_510,M66,d0,5,7:39:00,7:39:00,403573,13.0,1
MQ_A5-Weekday-SDon-045500_M66_510,M66,d0,6,7:40:35,7:40:35,403492,13.0,2
MQ_A5-Weekday-SDon-045500_M66_510,M66,d0,7,7:46:46,7:46:46,403494,32.0,2
MQ_A5-Weekday-SDon-045500_M66_510,M66,d0,8,7:48:00,7:48:00,404994,32.0,2
MQ_A5-Weekday-SDon-045500_M66_510,M66,d0,9,7:50:26,7:50:26,403495,28.0,2
MQ_A5-Weekday-SDon-045500_M66_510,M66,d0,10,7:54:00,7:54:00,403497,28.0,2
MQ_A5-Weekday-SDon-045500_M66_510,M66,d0,11,7:55:00,7:55:00,403993,9.0,1
MQ_A5-Weekday-SDon-045500_M66_510,M66,d0,12,7:56:01,7:56:01,403994,10.0,1
MQ_A5-Weekday-SDon-045500_M66_510,M66,d0,13,7:57:49,7:57:49,403995,9.0,1
MQ_A5-Weekday-SDon-045500_M66_510,M66,d0,14,7:59:00,7:59:00,403996,9.0,1
MQ_A5-Weekday-032000_M66_501,M66,d0,1,5:20:00,5:20:00,403487,1.0,1
MQ_A5-Weekday-032000_M66_501,M66,d0,2,5:20:27,5:20:27,403488,2.0,1
MQ_A5-Weekday-032000_M66_501,M66,d0,3,5:21:18,5:21:18,403489,12.0,1
MQ_A5-Weekday-032000_M66_501,M66,d0,4,5:21:45,5:21:45,403491,12.0,1
MQ_A5-Weekday-032000_M66_501,M66,d0,5,5:22:00,5:22:00,403573,12.0,1
MQ_A5-Weekday-032000_M66_501,M66,d0,6,5:22:42,5:22:42,403492,12.0,1
MQ_A5-Weekday-032000_M66_501,M66,d0,7,5:25:27,5:25:27,403494,12.0,1
MQ_A5-Weekday-032000_M66_501,M66,d0,8,5:26:00,5:26:00,404994,12.0,1
MQ_A5-Weekday-032000_M66_501,M66,d0,9,5:26:49,5:26:49,403495,9.0,1
MQ_A5-Weekday-032000_M66_501,M66,d0,10,5:28:00,5:28:00,403497,12.0,1
MQ_A5-Weekday-032000_M66_501,M66,d0,11,5:28:24,5:28:24,403993,12.0,1
MQ_A5-Weekday-032000_M66_501,M66,d0,12,5:28:48,5:28:48,403994,12.0,1
MQ_A5-Weekday-032000_M66_501,M66,d0,13,5:29:32,5:29:32,403995,9.0,1
MQ_A5-Weekday-032000_M66_501,M66,d0,14,5:30:00,5:30:00,403996,9.0,1
MQ_A5-Weekday-SDon-124400_M66_518,M66,d0,1,20:44:00,20:44:00,403487,2.0,1
MQ_A5-Weekday-SDon-124400_M66_518,M66,d0,2,20:44:53,20:44:53,403488,2.0,1
MQ_A5-Weekday-SDon-124400_M66_518,M66,d0,3,20:46:36,20:46:36,403489,13.0,1
MQ_A5-Weekday-SDon-124400_M66_518,M66,d0,4,20:47:29,20:47:29,403491,15.0,1
MQ_A5-Weekday-SDon-124400_M66_518,M66,d0,5,20:48:00,20:48:00,403573,14.0,2
MQ_A5-Weekday-SDon-124400_M66_518,M66,d0,6,20:48:53,20:48:53,403492,18.0,2
MQ_A5-Weekday-SDon-124400_M66_518,M66,d0,7,20:52:19,20:52:19,403494,18.0,2
MQ_A5-Weekday-SDon-124400_M66_518,M66,d0,8,20:53:00,20:53:00,404994,16.0,2
MQ_A5-Weekday-SDon-124400_M66_518,M66,d0,9,20:54:37,20:54:37,403495,23.0,2
MQ_A5-Weekday-SDon-124400_M66_518,M66,d0,10,20:57:00,20:57:00,403497,9.0,1
MQ_A5-Weekday-SDon-124400_M66_518,M66,d0,11,20:57:48,20:57:48,403993,12.0,1
MQ_A5-Weekday-SDon-124400_M66_518,M66,d0,12,20:58:37,20:58:37,403994,9.0,1
MQ_A5-Weekday-SDon-124400_M66_518,M66,d0,13,21:00:03,21:00:03,403995,7.0,1
MQ_A5-Weekday-SDon-124400_M66_518,M66,d0,14,21:01:00,21:01:00,403996,7.0,1
MQ_A5-Weekday-074800_M66_516,M66,d0,1,12:28:00,12:28:00,403487,1.0,1
MQ_A5-Weekday-074800_M66_516,M66,d0,2,12:28:53,12:28:53,403488,1.0,2
MQ_A5-Weekday-074800_M66_516,M66,d0,3,12:30:36,12:30:36,403489,24.0,2
MQ_A5-Weekday-074800_M66_516,M66,d0,4,12:31:29,12:31:29,403491,24.0,2
MQ_A5-Weekday-074800_M66_516,M66,d0,5,12:32:00,12:32:00,403573,24.0,2
MQ_A5-Weekday-074800_M66_516,M66,d0,6,12:33:45,12:33:45,403492,28.0,2
MQ_A5-Weekday-074800_M66_516,M66,d0,7,12:40:38,12:40:38,403494,27.0,2
MQ_A5-Weekday-074800_M66_516,M66,d0,8,12:42:00,12:42:00,404994,26.0,2
MQ_A5-Weekday-074800_M66_516,M66,d0,9,12:44:26,12:44:26,403495,26.0,2
MQ_A5-Weekday-074800_M66_516,M66,d0,10,12:48:00,12:48:00,403497,27.0,2
MQ_A5-Weekday-074800_M66_516,M66,d0,11,12:49:12,12:49:12,403993,17.0,2
MQ_A5-Weekday-074800_M66_516,M66,d0,12,12:50:25,12:50:25,403994,20.0,2
MQ_A5-Weekday-074800_M66_516,M66,d0,13,12:52:34,12:52:34,403995,18.0,2
MQ_A5-Weekday-074800_M66_516,M66,d0,14,12:54:00,12:54:00,403996,18.0,2
MQ_A5-Weekday-042300_M66_501,M66,d0,1,7:03:00,7:03:00,403487,9.0,1
MQ_A5-Weekday-042300_M66_501,M66,d0,2,7:03:53,7:03:53,403488,9.0,1
MQ_A5-Weekday-042300_M66_501,M66,d0,3,7:05:36,7:05:36,403489,9.0,1
MQ_A5-Weekday-042300_M66_501,M66,d0,4,7:06:29,7:06:29,403491,14.0,1
MQ_A5-Weekday-042300_M66_501,M66,d0,5,7:07:00,7:07:00,403573,14.0,1
MQ_A5-Weekday-042300_M66_501,M66,d0,6,7:07:53,7:07:53,403492,14.0,1
MQ_A5-Weekday-042300_M66_501,M66,d0,7,7:11:19,7:11:19,403494,13.0,1
MQ_A5-Weekday-042300_M66_501,M66,d0,8,7:12:00,7:12:00,404994,15.0,1
MQ_A5-Weekday-042300_M66_501,M66,d0,9,7:14:26,7:14:26,403495,15.0,1
MQ_A5-Weekday-042300_M66_501,M66,d0,10,7:18:00,7:18:00,403497,15.0,1
MQ_A5-Weekday-042300_M66_501,M66,d0,11,7:19:00,7:19:00,403993,15.0,1
MQ_A5-Weekday-042300_M66_501,M66,d0,12,7:20:01,7:20:01,403994,15.0,1
MQ_A5-Weekday-042300_M66_501,M66,d0,13,7:21:49,7:21:49,403995,12.0,1
MQ_A5-Weekday-042300_M66_501,M66,d0,14,7:23:00,7:23:00,403996,12.0,1
MQ_A5-Weekday-120800_M66_519,M66,d0,1,20:08:00,20:08:00,403487,3.0,1
MQ_A5-Weekday-120800_M66_519,M66,d0,2,20:08:53,20:08:53,403488,3.0,1
MQ_A5-Weekday-120800_M66_519,M66,d0,3,20:10:36,20:10:36,403489,8.0,1
MQ_A5-Weekday-120800_M66_519,M66,d0,4,20:11:29,20:11:29,403491,16.0,1
MQ_A5-Weekday-120800_M66_519,M66,d0,5,20:12:00,20:12:00,403573,16.0,1
MQ_A5-Weekday-120800_M66_519,M66,d0,6,20:12:53,20:12:53,403492,16.0,2
MQ_A5-Weekday-120800_M66_519,M66,d0,7,20:16:19,20:16:19,403494,17.0,2
MQ_A5-Weekday-120800_M66_519,M66,d0,8,20:17:00,20:17:00,404994,12.0,2
MQ_A5-Weekday-120800_M66_519,M66,d0,9,20:18:37,20:18:37,403495,18.0,2
MQ_A5-Weekday-120800_M66_519,M66,d0,10,20:21:00,20:21:00,403497,15.0,1
MQ_A5-Weekday-120800_M66_519,M66,d0,11,20:21:48,20:21:48,403993,10.0,1
MQ_A5-Weekday-120800_M66_519,M66,d0,12,20:22:37,20:22:37,403994,10.0,1
MQ_A5-Weekday-120800_M66_519,M66,d0,13,20:24:03,20:24:03,403995,6.0,1
MQ_A5-Weekday-120800_M66_519,M66,d0,14,20:25:00,20:25:00,403996,6.0,1
MQ_A5-Weekday-056000_M66_514,M66,d0,1,9:20:00,9:20:00,403487,8.0,1
MQ_A5-Weekday-056000_M66_514,M66,d0,2,9:20:53,9:20:53,403488,10.0,1
MQ_A5-Weekday-056000_M66_514,M66,d0,3,9:22:36,9:22:36,403489,10.0,1
MQ_A5-Weekday-056000_M66_514,M66,d0,4,9:23:29,9:23:29,403491,11.0,1
MQ_A5-Weekday-056000_M66_514,M66,d0,5,9:24:00,9:24:00,403573,11.0,1
MQ_A5-Weekday-056000_M66_514,M66,d0,6,9:25:35,9:25:35,403492,14.0,1
MQ_A5-Weekday-056000_M66_514,M66,d0,7,9:31:46,9:31:46,403494,12.0,1
MQ_A5-Weekday-056000_M66_514,M66,d0,8,9:33:00,9:33:00,404994,12.0,1
MQ_A5-Weekday-056000_M66_514,M66,d0,9,9:35:26,9:35:26,403495,11.0,2
MQ_A5-Weekday-056000_M66_514,M66,d0,10,9:39:00,9:39:00,403497,31.0,2
MQ_A5-Weekday-056000_M66_514,M66,d0,11,9:40:00,9:40:00,403993,31.0,2
MQ_A5-Weekday-056000_M66_514,M66,d0,12,9:41:01,9:41:01,403994,31.0,2
MQ_A5-Weekday-056000_M66_514,M66,d0,13,9:42:49,9:42:49,403995,1.0,1
MQ_A5-Weekday-056000_M66_514,M66,d0,14,9:44:00,9:44:00,403996,1.0,1
MQ_A5-Weekday-SDon-089400_M66_504,M66,d0,1,14:54:00,14:54:00,403487,55.0,4
MQ_A5-Weekday-SDon-089400_M66_504,M66,d0,2,14:54:53,14:54:53,403488,55.0,4
MQ_A5-Weekday-SDon-089400_M66_504,M66,d0,3,14:56:36,14:56:36,403489,55.0,4
MQ_A5-Weekday-SDon-089400_M66_504,M66,d0,4,14:57:29,14:57:29,403491,55.0,4
MQ_A5-Weekday-SDon-089400_M66_504,M66,d0,5,14:58:00,14:58:00,403573,55.0,4
MQ_A5-Weekday-SDon-089400_M66_504,M66,d0,6,14:59:45,14:59:45,403492,55.0,4
MQ_A5-Weekday-SDon-089400_M66_504,M66,d0,7,15:06:38,15:06:38,403494,55.0,4
MQ_A5-Weekday-SDon-089400_M66_504,M66,d0,8,15:08:00,15:08:00,404994,55.0,4
MQ_A5-Weekday-SDon-089400_M66_504,M66,d0,9,15:10:26,15:10:26,403495,55.0,4
MQ_A5-Weekday-SDon-089400_M66_504,M66,d0,10,15:14:00,15:14:00,403497,34.0,3
MQ_A5-Weekday-SDon-089400_M66_504,M66,d0,11,15:15:12,15:15:12,403993,34.0,3
MQ_A5-Weekday-SDon-089400_M66_504,M66,d0,12,15:16:25,15:16:25,403994,31.0,2
MQ_A5-Weekday-SDon-089400_M66_504,M66,d0,13,15:18:34,15:18:34,403995,31.0,2
MQ_A5-Weekday-SDon-089400_M66_504,M66,d0,14,15:20:00,15:20:00,403996,31.0,2
MQ_A5-Weekday-050600_M66_509,M66,d0,1,8:26:00,8:26:00,403487,4.0,1
MQ_A5-Weekday-050600_M66_509,M66,d0,2,8:26:53,8:26:53,403488,4.0,1
MQ_A5-Weekday-050600_M66_509,M66,d0,3,8:28:36,8:28:36,403489,15.0,2
MQ_A5-Weekday-050600_M66_509,M66,d0,4,8:29:29,8:29:29,403491,30.0,2
MQ_A5-Weekday-050600_M66_509,M66,d0,5,8:30:00,8:30:00,403573,30.0,2
MQ_A5-Weekday-050600_M66_509,M66,d0,6,8:31:35,8:31:35,403492,28.0,2
MQ_A5-Weekday-050600_M66_509,M66,d0,7,8:37:46,8:37:46,403494,1.0,2
MQ_A5-Weekday-050600_M66_509,M66,d0,8,8:39:00,8:39:00,404994,22.0,2
MQ_A5-Weekday-050600_M66_509,M66,d0,9,8:41:26,8:41:26,403495,19.0,3
MQ_A5-Weekday-050600_M66_509,M66,d0,10,8:45:00,8:45:00,403497,40.0,3
MQ_A5-Weekday-050600_M66_509,M66,d0,11,8:46:00,8:46:00,403993,40.0,3
MQ_A5-Weekday-050600_M66_509,M66,d0,12,8:47:01,8:47:01,403994,11.0,2
MQ_A5-Weekday-050600_M66_509,M66,d0,13,8:48:49,8:48:49,403995,27.0,2
MQ_A5-Weekday-050600_M66_509,M66,d0,14,8:50:00,8:50:00,403996,27.0,2
MQ_A5-Weekday-SDon-119600_M66_522,M66,d0,1,19:56:00,19:56:00,403487,47.0,3
MQ_A5-Weekday-SDon-119600_M66_522,M66,d0,2,19:56:53,19:56:53,403488,47.0,4
MQ_A5-Weekday-SDon-119600_M66_522,M66,d0,3,19:58:36,19:58:36,403489,57.0,4
MQ_A5-Weekday-SDon-119600_M66_522,M66,d0,4,19:59:29,19:59:29,403491,58.0,4
MQ_A5-Weekday-SDon-119600_M66_522,M66,d0,5,20:00:00,20:00:00,403573,58.0,4
MQ_A5-Weekday-SDon-119600_M66_522,M66,d0,6,20:00:53,20:00:53,403492,17.0,4
MQ_A5-Weekday-SDon-119600_M66_522,M66,d0,7,20:04:19,20:04:19,403494,61.0,4
MQ_A5-Weekday-SDon-119600_M66_522,M66,d0,8,20:05:00,20:05:00,404994,60.0,4
MQ_A5-Weekday-SDon-119600_M66_522,M66,d0,9,20:06:37,20:06:37,403495,59.0,4
MQ_A5-Weekday-SDon-119600_M66_522,M66,d0,10,20:09:00,20:09:00,403497,57.0,4
MQ_A5-Weekday-SDon-119600_M66_522,M66,d0,11,20:09:48,20:09:48,403993,50.0,4
MQ_A5-Weekday-SDon-119600_M66_522,M66,d0,12,20:10:37,20:10:37,403994,50.0,4
MQ_A5-Weekday-SDon-119600_M66_522,M66,d0,13,20:12:03,20:12:03,403995,45.0,3
MQ_A5-Weekday-SDon-119600_M66_522,M66,d0,14,20:13:00,20:13:00,403996,45.0,3
MQ_A5-Weekday-083800_M66_507,M66,d0,1,13:58:00,13:58:00,403487,6.0,2
MQ_A5-Weekday-083800_M66_507,M66,d0,2,13:58:53,13:58:53,403488,18.0,2
MQ_A5-Weekday-083800_M66_507,M66,d0,3,14:00:36,14:00:36,403489,18.0,2
MQ_A5-Weekday-083800_M66_507,M66,d0,4,14:01:29,14:01:29,403491,18.0,2
MQ_A5-Weekday-083800_M66_507,M66,d0,5,14:02:00,14:02:00,403573,18.0,2
MQ_A5-Weekday-083800_M66_507,M66,d0,6,14:03:45,14:03:45,403492,24.0,2
MQ_A5-Weekday-083800_M66_507,M66,d0,7,14:10:38,14:10:38,403494,15.0,1
MQ_A5-Weekday-083800_M66_507,M66,d0,8,14:12:00,14:12:00,404994,15.0,1
MQ_A5-Weekday-083800_M66_507,M66,d0,9,14:14:26,14:14:26,403495,15.0,2
MQ_A5-Weekday-083800_M66_507,M66,d0,10,14:18:00,14:18:00,403497,17.0,2
MQ_A5-Weekday-083800_M66_507,M66,d0,11,14:19:12,14:19:12,403993,17.0,2
MQ_A5-Weekday-083800_M66_507,M66,d0,12,14:20:25,14:20:25,403994,17.0,2
MQ_A5-Weekday-083800_M66_507,M66,d0,13,14:22:34,14:22:34,403995,10.0,1
MQ_A5-Weekday-083800_M66_507,M66,d0,14,14:24:00,14:24:00,403996,10.0,1
MQ_A5-Weekday-072800_M66_501,M66,d0,1,12:08:00,12:08:00,403487,4.0,1
MQ_A5-Weekday-072800_M66_501,M66,d0,2,12:08:53,12:08:53,403488,4.0,1
MQ_A5-Weekday-072800_M66_501,M66,d0,3,12:10:36,12:10:36,403489,4.0,1
MQ_A5-Weekday-072800_M66_501,M66,d0,4,12:11:29,12:11:29,403491,4.0,1
MQ_A5-Weekday-072800_M66_501,M66,d0,5,12:12:00,12:12:00,403573,4.0,1
MQ_A5-Weekday-072800_M66_501,M66,d0,6,12:13:45,12:13:45,403492,4.0,1
MQ_A5-Weekday-072800_M66_501,M66,d0,7,12:20:38,12:20:38,403494,4.0,1
MQ_A5-Weekday-072800_M66_501,M66,d0,8,12:22:00,12:22:00,404994,4.0,1
MQ_A5-Weekday-072800_M66_501,M66,d0,9,12:24:26,12:24:26,403495,4.0,1
MQ_A5-Weekday-072800_M66_501,M66,d0,10,12:28:00,12:28:00,403497,4.0,1
MQ_A5-Weekday-072800_M66_501,M66,d0,11,12:29:12,12:29:12,403993,4.0,1
MQ_A5-Weekday-072800_M66_501,M66,d0,12,12:30:25,12:30:25,403994,4.0,1
MQ_A5-Weekday-072800_M66_501,M66,d0,13,12:32:34,12:32:34,403995,4.0,1
MQ_A5-Weekday-072800_M66_501,M66,d0,14,12:34:00,12:34:00,403996,4.0,1
MQ_A5-Weekday-SDon-116400_M66_517,M66,d0,1,19:24:00,19:24:00,403487,3.0,1
MQ_A5-Weekday-SDon-116400_M66_517,M66,d0,2,19:25:07,19:25:07,403488,11.0,1
MQ_A5-Weekday-SDon-116400_M66_517,M66,d0,3,19:27:15,19:27:15,403489,12.0,1
MQ_A5-Weekday-SDon-116400_M66_517,M66,d0,4,19:28:22,19:28:22,403491,9.0,1
MQ_A5-Weekday-SDon-116400_M66_517,M66,d0,5,19:29:00,19:29:00,403573,7.0,1
MQ_A5-Weekday-SDon-116400_M66_517,M66,d0,6,19:30:14,19:30:14,403492,15.0,1
MQ_A5-Weekday-SDon-116400_M66_517,M66,d0,7,19:35:03,19:35:03,403494,10.0,1
MQ_A5-Weekday-SDon-116400_M66_517,M66,d0,8,19:36:00,19:36:00,404994,9.0,1
MQ_A5-Weekday-SDon-116400_M66_517,M66,d0,9,19:37:37,19:37:37,403495,13.0,1
MQ_A5-Weekday-SDon-116400_M66_517,M66,d0,10,19:40:00,19:40:00,403497,8.0,1
MQ_A5-Weekday-SDon-116400_M66_517,M66,d0,11,19:40:48,19:40:48,403993,7.0,1
MQ_A5-Weekday-SDon-116400_M66_517,M66,d0,12,19:41:37,19:41:37,403994,5.0,1
MQ_A5-Weekday-SDon-116400_M66_517,M66,d0,13,19:43:03,19:43:03,403995,5.0,1
MQ_A5-Weekday-SDon-116400_M66_517,M66,d0,14,19:44:00,19:44:00,403996,5.0,1
MQ_A5-Weekday-061800_M66_512,M66,d0,1,10:18:00,10:18:00,403487,6.0,1
MQ_A5-Weekday-061800_M66_512,M66,d0,2,10:18:53,10:18:53,403488,10.0,2
MQ_A5-Weekday-061800_M66_512,M66,d0,3,10:20:36,10:20:36,403489,19.0,2
MQ_A5-Weekday-061800_M66_512,M66,d0,4,10:21:29,10:21:29,403491,28.0,2
MQ_A5-Weekday-061800_M66_512,M66,d0,5,10:22:00,10:22:00,403573,28.0,2
MQ_A5-Weekday-061800_M66_512,M66,d0,6,10:23:35,10:23:35,403492,26.0,2
MQ_A5-Weekday-061800_M66_512,M66,d0,7,10:29:46,10:29:46,403494,26.0,2
MQ_A5-Weekday-061800_M66_512,M66,d0,8,10:31:00,10:31:00,404994,19.0,2
MQ_A5-Weekday-061800_M66_512,M66,d0,9,10:33:26,10:33:26,403495,21.0,2
MQ_A5-Weekday-061800_M66_512,M66,d0,10,10:37:00,10:37:00,403497,21.0,2
MQ_A5-Weekday-061800_M66_512,M66,d0,11,10:38:12,10:38:12,403993,18.0,2
MQ_A5-Weekday-061800_M66_512,M66,d0,12,10:39:25,10:39:25,403994,14.0,1
MQ_A5-Weekday-061800_M66_512,M66,d0,13,10:41:34,10:41:34,403995,11.0,1
MQ_A5-Weekday-061800_M66_512,M66,d0,14,10:43:00,10:43:00,403996,11.0,1
MQ_A5-Weekday-082800_M66_516,M66,d0,1,13:48:00,13:48:00,403487,6.0,1
MQ_A5-Weekday-082800_M66_516,M66,d0,2,13:48:53,13:48:53,403488,6.0,1
MQ_A5-Weekday-082800_M66_516,M66,d0,3,13:50:36,13:50:36,403489,9.0,2
MQ_A5-Weekday-082800_M66_516,M66,d0,4,13:51:29,13:51:29,403491,25.0,2
MQ_A5-Weekday-082800_M66_516,M66,d0,5,13:52:00,13:52:00,403573,25.0,2
MQ_A5-Weekday-082800_M66_516,M66,d0,6,13:53:45,13:53:45,403492,19.0,2
MQ_A5-Weekday-082800_M66_516,M66,d0,7,14:00:38,14:00:38,403494,19.0,2
MQ_A5-Weekday-082800_M66_516,M66,d0,8,14:02:00,14:02:00,404994,19.0,2
MQ_A5-Weekday-082800_M66_516,M66,d0,9,14:04:26,14:04:26,403495,19.0,2
MQ_A5-Weekday-082800_M66_516,M66,d0,10,14:08:00,14:08:00,403497,13.0,1
MQ_A5-Weekday-082800_M66_516,M66,d0,11,14:09:12,14:09:12,403993,13.0,1
MQ_A5-Weekday-082800_M66_516,M66,d0,12,14:10:25,14:10:25,403994,12.0,1
MQ_A5-Weekday-082800_M66_516,M66,d0,13,14:12:34,14:12:34,403995,9.0,1
MQ_A5-Weekday-082800_M66_516,M66,d0,14,14:14:00,14:14:00,403996,9.0,1
MQ_A5-Weekday-073800_M66_504,M66,d0,1,12:18:00,12:18:00,403487,8.0,1
MQ_A5-Weekday-073800_M66_504,M66,d0,2,12:18:53,12:18:53,403488,8.0,1
MQ_A5-Weekday-073800_M66_504,M66,d0,3,12:20:36,12:20:36,403489,10.0,1
MQ_A5-Weekday-073800_M66_504,M66,d0,4,12:21:29,12:21:29,403491,12.0,1
MQ_A5-Weekday-073800_M66_504,M66,d0,5,12:22:00,12:22:00,403573,12.0,1
MQ_A5-Weekday-073800_M66_504,M66,d0,6,12:23:45,12:23:45,403492,14.0,1
MQ_A5-Weekday-073800_M66_504,M66,d0,7,12:30:38,12:30:38,403494,14.0,1
MQ_A5-Weekday-073800_M66_504,M66,d0,8,12:32:00,12:32:00,404994,14.0,1
MQ_A5-Weekday-073800_M66_504,M66,d0,9,12:34:26,12:34:26,403495,10.0,1
MQ_A5-Weekday-073800_M66_504,M66,d0,10,12:38:00,12:38:00,403497,10.0,1
MQ_A5-Weekday-073800_M66_504,M66,d0,11,12:39:12,12:39:12,403993,10.0,1
MQ_A5-Weekday-073800_M66_504,M66,d0,12,12:40:25,12:40:25,403994,10.0,1
MQ_A5-Weekday-073800_M66_504,M66,d0,13,12:42:34,12:42:34,403995,6.0,1
MQ_A5-Weekday-073800_M66_504,M66,d0,14,12:44:00,12:44:00,403996,6.0,1
MQ_A5-Weekday-SDon-099800_M66_521,M66,d0,1,16:38:00,16:38:00,403487,3.0,1
MQ_A5-Weekday-SDon-099800_M66_521,M66,d0,2,16:38:53,16:38:53,403488,11.0,2
MQ_A5-Weekday-SDon-099800_M66_521,M66,d0,3,16:40:36,16:40:36,403489,22.0,2
MQ_A5-Weekday-SDon-099800_M66_521,M66,d0,4,16:41:29,16:41:29,403491,22.0,2
MQ_A5-Weekday-SDon-099800_M66_521,M66,d0,5,16:42:00,16:42:00,403573,9.0,2
MQ_A5-Weekday-SDon-099800_M66_521,M66,d0,6,16:43:35,16:43:35,403492,26.0,2
MQ_A5-Weekday-SDon-099800_M66_521,M66,d0,7,16:49:46,16:49:46,403494,21.0,2
MQ_A5-Weekday-SDon-099800_M66_521,M66,d0,8,16:51:00,16:51:00,404994,21.0,2
MQ_A5-Weekday-SDon-099800_M66_521,M66,d0,9,16:52:37,16:52:37,403495,21.0,2
MQ_A5-Weekday-SDon-099800_M66_521,M66,d0,10,16:55:00,16:55:00,403497,15.0,1
MQ_A5-Weekday-SDon-099800_M66_521,M66,d0,11,16:56:00,16:56:00,403993,15.0,1
MQ_A5-Weekday-SDon-099800_M66_521,M66,d0,12,16:57:01,16:57:01,403994,11.0,1
MQ_A5-Weekday-SDon-099800_M66_521,M66,d0,13,16:58:49,16:58:49,403995,6.0,1
MQ_A5-Weekday-SDon-099800_M66_521,M66,d0,14,17:00:00,17:00:00,403996,6.0,1
MQ_A5-Weekday-SDon-139400_M66_520,M66,d0,1,23:14:00,23:14:00,403487,8.0,1
MQ_A5-Weekday-SDon-139400_M66_520,M66,d0,2,23:14:40,23:14:40,403488,8.0,1
MQ_A5-Weekday-SDon-139400_M66_520,M66,d0,3,23:15:57,23:15:57,403489,5.0,1
MQ_A5-Weekday-SDon-139400_M66_520,M66,d0,4,23:16:37,23:16:37,403491,2.0,1
MQ_A5-Weekday-SDon-139400_M66_520,M66,d0,5,23:17:00,23:17:00,403573,6.0,1
MQ_A5-Weekday-SDon-139400_M66_520,M66,d0,6,23:17:53,23:17:53,403492,7.0,1
MQ_A5-Weekday-SDon-139400_M66_520,M66,d0,7,23:21:19,23:21:19,403494,6.0,1
MQ_A5-Weekday-SDon-139400_M66_520,M66,d0,8,23:22:00,23:22:00,404994,6.0,1
MQ_A5-Weekday-SDon-139400_M66_520,M66,d0,9,23:23:13,23:23:13,403495,6.0,1
MQ_A5-Weekday-SDon-139400_M66_520,M66,d0,10,23:25:00,23:25:00,403497,7.0,1
MQ_A5-Weekday-SDon-139400_M66_520,M66,d0,11,23:25:48,23:25:48,403993,4.0,1
MQ_A5-Weekday-SDon-139400_M66_520,M66,d0,12,23:26:37,23:26:37,403994,7.0,1
MQ_A5-Weekday-SDon-139400_M66_520,M66,d0,13,23:28:03,23:28:03,403995,5.0,1
MQ_A5-Weekday-SDon-139400_M66_520,M66,d0,14,23:29:00,23:29:00,403996,5.0,1
MQ_A5-Weekday-044500_M66_509,M66,d0,1,7:25:00,7:25:00,403487,14.0,1
MQ_A5-Weekday-044500_M66_509,M66,d0,2,7:25:53,7:25:53,403488,14.0,1
MQ_A5-Weekday-044500_M66_509,M66,d0,3,7:27:36,7:27:36,403489,7.0,3
MQ_A5-Weekday-044500_M66_509,M66,d0,4,7:28:29,7:28:29,403491,36.0,3
MQ_A5-Weekday-044500_M66_509,M66,d0,5,7:29:00,7:29:00,403573,36.0,3
MQ_A5-Weekday-044500_M66_509,M66,d0,6,7:29:53,7:29:53,403492,36.0,3
MQ_A5-Weekday-044500_M66_509,M66,d0,7,7:33:19,7:33:19,403494,36.0,3
MQ_A5-Weekday-044500_M66_509,M66,d0,8,7:34:00,7:34:00,404994,36.0,3
MQ_A5-Weekday-044500_M66_509,M66,d0,9,7:36:26,7:36:26,403495,24.0,2
MQ_A5-Weekday-044500_M66_509,M66,d0,10,7:40:00,7:40:00,403497,24.0,3
MQ_A5-Weekday-044500_M66_509,M66,d0,11,7:41:00,7:41:00,403993,33.0,3
MQ_A5-Weekday-044500_M66_509,M66,d0,12,7:42:01,7:42:01,403994,39.0,3
MQ_A5-Weekday-044500_M66_509,M66,d0,13,7:43:49,7:43:49,403995,27.0,2
MQ_A5-Weekday-044500_M66_509,M66,d0,14,7:45:00,7:45:00,403996,27.0,2
MQ_A5-Weekday-SDon-152000_M66_523,M66,d0,1,25:20:00,25:20:00,403487,1.0,1
MQ_A5-Weekday-SDon-152000_M66_523,M66,d0,2,25:20:27,25:20:27,403488,1.0,1
MQ_A5-Weekday-SDon-152000_M66_523,M66,d0,3,25:21:18,25:21:18,403489,1.0,1
MQ_A5-Weekday-SDon-152000_M66_523,M66,d0,4,25:21:45,25:21:45,403491,1.0,1
MQ_A5-Weekday-SDon-152000_M66_523,M66,d0,5,25:22:00,25:22:00,403573,1.0,1
MQ_A5-Weekday-SDon-152000_M66_523,M66,d0,6,25:22:42,25:22:42,403492,1.0,1
MQ_A5-Weekday-SDon-152000_M66_523,M66,d0,7,25:25:27,25:25:27,403494,1.0,1
MQ_A5-Weekday-SDon-152000_M66_523,M66,d0,8,25:26:00,25:26:00,404994,1.0,1
MQ_A5-Weekday-SDon-152000_M66_523,M66,d0,9,25:26:49,25:26:49,403495,1.0,1
MQ_A5-Weekday-SDon-152000_M66_523,M66,d0,10,25:28:00,25:28:00,403497,1.0,1
MQ_A5-Weekday-SDon-152000_M66_523,M66,d0,11,25:28:24,25:28:24,403993,1.0,1
MQ_A5-Weekday-SDon-152000_M66_523,M66,d0,12,25:28:48,25:28:48,403994,1.0,1
MQ_A5-Weekday-SDon-152000_M66_523,M66,d0,13,25:29:32,25:29:32,403995,1.0,1
MQ_A5-Weekday-SDon-152000_M66_523,M66,d0,14,25:30:00,25:30:00,403996,1.0,1
MQ_A5-Weekday-SDon-136400_M66_522,M66,d0,1,22:44:00,22:44:00,403487,46.0,3
MQ_A5-Weekday-SDon-136400_M66_522,M66,d0,2,22:44:40,22:44:40,403488,1.0,3
MQ_A5-Weekday-SDon-136400_M66_522,M66,d0,3,22:45:57,22:45:57,403489,48.0,4
MQ_A5-Weekday-SDon-136400_M66_522,M66,d0,4,22:46:37,22:46:37,403491,50.0,4
MQ_A5-Weekday-SDon-136400_M66_522,M66,d0,5,22:47:00,22:47:00,403573,50.0,4
MQ_A5-Weekday-SDon-136400_M66_522,M66,d0,6,22:47:53,22:47:53,403492,50.0,4
MQ_A5-Weekday-SDon-136400_M66_522,M66,d0,7,22:51:19,22:51:19,403494,50.0,4
MQ_A5-Weekday-SDon-136400_M66_522,M66,d0,8,22:52:00,22:52:00,404994,4.0,1
MQ_A5-Weekday-SDon-136400_M66_522,M66,d0,9,22:53:13,22:53:13,403495,7.0,4
MQ_A5-Weekday-SDon-136400_M66_522,M66,d0,10,22:55:00,22:55:00,403497,51.0,4
MQ_A5-Weekday-SDon-136400_M66_522,M66,d0,11,22:55:48,22:55:48,403993,1.0,4
MQ_A5-Weekday-SDon-136400_M66_522,M66,d0,12,22:56:37,22:56:37,403994,49.0,4
MQ_A5-Weekday-SDon-136400_M66_522,M66,d0,13,22:58:03,22:58:03,403995,47.0,3
MQ_A5-Weekday-SDon-136400_M66_522,M66,d0,14,22:59:00,22:59:00,403996,47.0,3
MQ_A5-Weekday-045000_M66_502,M66,d0,1,7:30:00,7:30:00,403487,11.0,1
MQ_A5-Weekday-045000_M66_502,M66,d0,2,7:30:53,7:30:53,403488,11.0,2
MQ_A5-Weekday-045000_M66_502,M66,d0,3,7:32:36,7:32:36,403489,17.0,2
MQ_A5-Weekday-045000_M66_502,M66,d0,4,7:33:29,7:33:29,403491,17.0,2
MQ_A5-Weekday-045000_M66_502,M66,d0,5,7:34:00,7:34:00,403573,17.0,2
MQ_A5-Weekday-045000_M66_502,M66,d0,6,7:35:35,7:35:35,403492,17.0,2
MQ_A5-Weekday-045000_M66_502,M66,d0,7,7:41:46,7:41:46,403494,17.0,2
MQ_A5-Weekday-045000_M66_502,M66,d0,8,7:43:00,7:43:00,404994,17.0,2
MQ_A5-Weekday-045000_M66_502,M66,d0,9,7:45:26,7:45:26,403495,14.0,2
MQ_A5-Weekday-045000_M66_502,M66,d0,10,7:49:00,7:49:00,403497,30.0,2
MQ_A5-Weekday-045000_M66_502,M66,d0,11,7:50:00,7:50:00,403993,30.0,2
MQ_A5-Weekday-045000_M66_502,M66,d0,12,7:51:01,7:51:01,403994,26.0,2
MQ_A5-Weekday-045000_M66_502,M66,d0,13,7:52:49,7:52:49,403995,15.0,1
MQ_A5-Weekday-045000_M66_502,M66,d0,14,7:54:00,7:54:00,403996,15.0,1
MQ_A5-Weekday-069800_M66_512,M66,d0,1,11:38:00,11:38:00,403487,1.0,1
MQ_A5-Weekday-069800_M66_512,M66,d0,2,11:38:53,11:38:53,403488,6.0,1
MQ_A5-Weekday-069800_M66_512,M66,d0,3,11:40:36,11:40:36,403489,7.0,1
MQ_A5-Weekday-069800_M66_512,M66,d0,4,11:41:29,11:41:29,403491,16.0,1
MQ_A5-Weekday-069800_M66_512,M66,d0,5,11:42:00,11:42:00,403573,16.0,2
MQ_A5-Weekday-069800_M66_512,M66,d0,6,11:43:45,11:43:45,403492,19.0,2
MQ_A5-Weekday-069800_M66_512,M66,d0,7,11:50:38,11:50:38,403494,14.0,1
MQ_A5-Weekday-069800_M66_512,M66,d0,8,11:52:00,11:52:00,404994,13.0,1
MQ_A5-Weekday-069800_M66_512,M66,d0,9,11:54:26,11:54:26,403495,14.0,1
MQ_A5-Weekday-069800_M66_512,M66,d0,10,11:58:00,11:58:00,403497,9.0,1
MQ_A5-Weekday-069800_M66_512,M66,d0,11,11:59:12,11:59:12,403993,9.0,1
MQ_A5-Weekday-069800_M66_512,M66,d0,12,12:00:25,12:00:25,403994,5.0,1
MQ_A5-Weekday-069800_M66_512,M66,d0,13,12:02:34,12:02:34,403995,5.0,1
MQ_A5-Weekday-069800_M66_512,M66,d0,14,12:04:00,12:04:00,403996,5.0,1
MQ_A5-Weekday-SDon-100800_M66_519,M66,d0,1,16:48:00,16:48:00,403487,6.0,1
MQ_A5-Weekday-SDon-100800_M66_519,M66,d0,2,16:48:53,16:48:53,403488,6.0,1
MQ_A5-Weekday-SDon-100800_M66_519,M66,d0,3,16:50:36,16:50:36,403489,7.0,1
MQ_A5-Weekday-SDon-100800_M66_519,M66,d0,4,16:51:29,16:51:29,403491,7.0,1
MQ_A5-Weekday-SDon-100800_M66_519,M66,d0,5,16:52:00,16:52:00,403573,7.0,1
MQ_A5-Weekday-SDon-100800_M66_519,M66,d0,6,16:53:35,16:53:35,403492,10.0,1
MQ_A5-Weekday-SDon-100800_M66_519,M66,d0,7,16:59:46,16:59:46,403494,14.0,1
MQ_A5-Weekday-SDon-100800_M66_519,M66,d0,8,17:01:00,17:01:00,404994,14.0,1
MQ_A5-Weekday-SDon-100800_M66_519,M66,d0,9,17:02:37,17:02:37,403495,14.0,1
MQ_A5-Weekday-SDon-100800_M66_519,M66,d0,10,17:05:00,17:05:00,403497,14.0,1
MQ_A5-Weekday-SDon-100800_M66_519,M66,d0,11,17:06:00,17:06:00,403993,4.0,1
MQ_A5-Weekday-SDon-100800_M66_519,M66,d0,12,17:07:01,17:07:01,403994,7.0,1
MQ_A5-Weekday-SDon-100800_M66_519,M66,d0,13,17:08:49,17:08:49,403995,2.0,1
MQ_A5-Weekday-SDon-100800_M66_519,M66,d0,14,17:10:00,17:10:00,403996,2.0,1
MQ_A5-Weekday-SDon-066800_M66_509,M66,d0,1,11:08:00,11:08:00,403487,9.0,1
MQ_A5-Weekday-SDon-066800_M66_509,M66,d0,2,11:08:53,11:08:53,403488,5.0,1
MQ_A5-Weekday-SDon-066800_M66_509,M66,d0,3,11:10:36,11:10:36,403489,9.0,1
MQ_A5-Weekday-SDon-066800_M66_509,M66,d0,4,11:11:29,11:11:29,403491,5.0,2
MQ_A5-Weekday-SDon-066800_M66_509,M66,d0,5,11:12:00,11:12:00,403573,29.0,2
MQ_A5-Weekday-SDon-066800_M66_509,M66,d0,6,11:13:45,11:13:45,403492,29.0,2
MQ_A5-Weekday-SDon-066800_M66_509,M66,d0,7,11:20:38,11:20:38,403494,23.0,2
MQ_A5-Weekday-SDon-066800_M66_509,M66,d0,8,11:22:00,11:22:00,404994,25.0,2
MQ_A5-Weekday-SDon-066800_M66_509,M66,d0,9,11:24:26,11:24:26,403495,15.0,1
MQ_A5-Weekday-SDon-066800_M66_509,M66,d0,10,11:28:00,11:28:00,403497,15.0,2
MQ_A5-Weekday-SDon-066800_M66_509,M66,d0,11,11:29:12,11:29:12,403993,20.0,2
MQ_A5-Weekday-SDon-066800_M66_509,M66,d0,12,11:30:25,11:30:25,403994,14.0,1
MQ_A5-Weekday-SDon-066800_M66_509,M66,d0,13,11:32:34,11:32:34,403995,11.0,1
MQ_A5-Weekday-SDon-066800_M66_509,M66,d0,14,11:34:00,11:34:00,403996,11.0,1
MQ_A5-Weekday-075800_M66_503,M66,d0,1,12:38:00,12:38:00,403487,21.0,2
MQ_A5-Weekday-075800_M66_503,M66,d0,2,12:38:53,12:38:53,403488,21.0,2
MQ_A5-Weekday-075800_M66_503,M66,d0,3,12:40:36,12:40:36,403489,21.0,2
MQ_A5-Weekday-075800_M66_503,M66,d0,4,12:41:29,12:41:29,403491,21.0,2
MQ_A5-Weekday-075800_M66_503,M66,d0,5,12:42:00,12:42:00,403573,21.0,2
MQ_A5-Weekday-075800_M66_503,M66,d0,6,12:43:45,12:43:45,403492,23.0,2
MQ_A5-Weekday-075800_M66_503,M66,d0,7,12:50:38,12:50:38,403494,21.0,2
MQ_A5-Weekday-075800_M66_503,M66,d0,8,12:52:00,12:52:00,404994,21.0,2
MQ_A5-Weekday-075800_M66_503,M66,d0,9,12:54:26,12:54:26,403495,9.0,2
MQ_A5-Weekday-075800_M66_503,M66,d0,10,12:58:00,12:58:00,403497,17.0,2
MQ_A5-Weekday-075800_M66_503,M66,d0,11,12:59:12,12:59:12,403993,6.0,2
MQ_A5-Weekday-075800_M66_503,M66,d0,12,13:00:25,13:00:25,403994,17.0,2
MQ_A5-Weekday-075800_M66_503,M66,d0,13,13:02:34,13:02:34,403995,17.0,2
MQ_A5-Weekday-075800_M66_503,M66,d0,14,13:04:00,13:04:00,403996,17.0,2
MQ_A5-Weekday-034000_M66_502,M66,d0,1,5:40:00,5:40:00,403487,5.0,1
MQ_A5-Weekday-034000_M66_502,M66,d0,2,5:40:40,5:40:40,403488,5.0,1
MQ_A5-Weekday-034000_M66_502,M66,d0,3,5:41:57,5:41:57,403489,5.0,1
MQ_A5-Weekday-034000_M66_502,M66,d0,4,5:42:37,5:42:37,403491,5.0,1
MQ_A5-Weekday-034000_M66_502,M66,d0,5,5:43:00,5:43:00,403573,5.0,1
MQ_A5-Weekday-034000_M66_502,M66,d0,6,5:43:42,5:43:42,403492,5.0,1
MQ_A5-Weekday-034000_M66_502,M66,d0,7,5:46:27,5:46:27,403494,5.0,1
MQ_A5-Weekday-034000_M66_502,M66,d0,8,5:47:00,5:47:00,404994,5.0,1
MQ_A5-Weekday-034000_M66_502,M66,d0,9,5:48:37,5:48:37,403495,5.0,1
MQ_A5-Weekday-034000_M66_502,M66,d0,10,5:51:00,5:51:00,403497,6.0,1
MQ_A5-Weekday-034000_M66_502,M66,d0,11,5:51:36,5:51:36,403993,6.0,1
MQ_A5-Weekday-034000_M66_502,M66,d0,12,5:52:12,5:52:12,403994,6.0,1
MQ_A5-Weekday-034000_M66_502,M66,d0,13,5:53:17,5:53:17,403995,4.0,1
MQ_A5-Weekday-034000_M66_502,M66,d0,14,5:54:00,5:54:00,403996,4.0,1
MQ_A5-Weekday-SDon-092300_M66_515,M66,d0,1,15:23:00,15:23:00,403487,47.0,3
MQ_A5-Weekday-SDon-092300_M66_515,M66,d0,2,15:23:53,15:23:53,403488,47.0,3
MQ_A5-Weekday-SDon-092300_M66_515,M66,d0,3,15:25:36,15:25:36,403489,47.0,3
MQ_A5-Weekday-SDon-092300_M66_515,M66,d0,4,15:26:29,15:26:29,403491,47.0,3
MQ_A5-Weekday-SDon-092300_M66_515,M66,d0,5,15:27:00,15:27:00,403573,47.0,3
MQ_A5-Weekday-SDon-092300_M66_515,M66,d0,6,15:28:45,15:28:45,403492,47.0,3
MQ_A5-Weekday-SDon-092300_M66_515,M66,d0,7,15:35:38,15:35:38,403494,29.0,2
MQ_A5-Weekday-SDon-092300_M66_515,M66,d0,8,15:37:00,15:37:00,404994,29.0,2
MQ_A5-Weekday-SDon-092300_M66_515,M66,d0,9,15:39:26,15:39:26,403495,27.0,2
MQ_A5-Weekday-SDon-092300_M66_515,M66,d0,10,15:43:00,15:43:00,403497,27.0,2
MQ_A5-Weekday-SDon-092300_M66_515,M66,d0,11,15:44:12,15:44:12,403993,14.0,1
MQ_A5-Weekday-SDon-092300_M66_515,M66,d0,12,15:45:25,15:45:25,403994,14.0,1
MQ_A5-Weekday-SDon-092300_M66_515,M66,d0,13,15:47:34,15:47:34,403995,14.0,1
MQ_A5-Weekday-SDon-092300_M66_515,M66,d0,14,15:49:00,15:49:00,403996,14.0,1
MQ_A5-Weekday-SDon-111000_M66_516,M66,d0,1,18:30:00,18:30:00,403487,1.0,1
MQ_A5-Weekday-SDon-111000_M66_516,M66,d0,2,18:30:53,18:30:53,403488,7.0,1
MQ_A5-Weekday-SDon-111000_M66_516,M66,d0,3,18:32:36,18:32:36,403489,16.0,1
MQ_A5-Weekday-SDon-111000_M66_516,M66,d0,4,18:33:29,18:33:29,403491,9.0,2
MQ_A5-Weekday-SDon-111000_M66_516,M66,d0,5,18:34:00,18:34:00,403573,21.0,2
MQ_A5-Weekday-SDon-111000_M66_516,M66,d0,6,18:35:35,18:35:35,403492,30.0,2
MQ_A5-Weekday-SDon-111000_M66_516,M66,d0,7,18:41:46,18:41:46,403494,18.0,2
MQ_A5-Weekday-SDon-111000_M66_516,M66,d0,8,18:43:00,18:43:00,404994,17.0,2
MQ_A5-Weekday-SDon-111000_M66_516,M66,d0,9,18:44:37,18:44:37,403495,20.0,2
MQ_A5-Weekday-SDon-111000_M66_516,M66,d0,10,18:47:00,18:47:00,403497,14.0,2
MQ_A5-Weekday-SDon-111000_M66_516,M66,d0,11,18:48:00,18:48:00,403993,19.0,2
MQ_A5-Weekday-SDon-111000_M66_516,M66,d0,12,18:49:01,18:49:01,403994,14.0,1
MQ_A5-Weekday-SDon-111000_M66_516,M66,d0,13,18:50:49,18:50:49,403995,6.0,1
MQ_A5-Weekday-SDon-111000_M66_516,M66,d0,14,18:52:00,18:52:00,403996,6.0,1
MQ_A5-Weekday-126800_M66_519,M66,d0,1,21:08:00,21:08:00,403487,2.0,1
MQ_A5-Weekday-126800_M66_519,M66,d0,2,21:08:53,21:08:53,403488,5.0,2
MQ_A5-Weekday-126800_M66_519,M66,d0,3,21:10:36,21:10:36,403489,20.0,2
MQ_A5-Weekday-126800_M66_519,M66,d0,4,21:11:29,21:11:29,403491,7.0,2
MQ_A5-Weekday-126800_M66_519,M66,d0,5,21:12:00,21:12:00,403573,20.0,2
MQ_A5-Weekday-126800_M66_519,M66,d0,6,21:12:53,21:12:53,403492,20.0,2
MQ_A5-Weekday-126800_M66_519,M66,d0,7,21:16:19,21:16:19,403494,19.0,2
MQ_A5-Weekday-126800_M66_519,M66,d0,8,21:17:00,21:17:00,404994,17.0,2
MQ_A5-Weekday-126800_M66_519,M66,d0,9,21:18:37,21:18:37,403495,14.0,1
MQ_A5-Weekday-126800_M66_519,M66,d0,10,21:21:00,21:21:00,403497,12.0,1
MQ_A5-Weekday-126800_M66_519,M66,d0,11,21:21:48,21:21:48,403993,12.0,1
MQ_A5-Weekday-126800_M66_519,M66,d0,12,21:22:37,21:22:37,403994,11.0,1
MQ_A5-Weekday-126800_M66_519,M66,d0,13,21:24:03,21:24:03,403995,6.0,1
MQ_A5-Weekday-126800_M66_519,M66,d0,14,21:25:00,21:25:00,403996,6.0,1
MQ_A5-Weekday-SDon-051200_M66_502,M66,d0,1,8:32:00,8:32:00,403487,14.0,1
MQ_A5-Weekday-SDon-051200_M66_502,M66,d0,2,8:32:53,8:32:53,403488,15.0,1
MQ_A5-Weekday-SDon-051200_M66_502,M66,d0,3,8:34:36,8:34:36,403489,15.0,1
MQ_A5-Weekday-SDon-051200_M66_502,M66,d0,4,8:35:29,8:35:29,403491,10.0,3
MQ_A5-Weekday-SDon-051200_M66_502,M66,d0,5,8:36:00,8:36:00,403573,33.0,4
MQ_A5-Weekday-SDon-051200_M66_502,M66,d0,6,8:37:35,8:37:35,403492,52.0,4
MQ_A5-Weekday-SDon-051200_M66_502,M66,d0,7,8:43:46,8:43:46,403494,17.0,3
MQ_A5-Weekday-SDon-051200_M66_502,M66,d0,8,8:45:00,8:45:00,404994,41.0,3
MQ_A5-Weekday-SDon-051200_M66_502,M66,d0,9,8:47:26,8:47:26,403495,33.0,3
MQ_A5-Weekday-SDon-051200_M66_502,M66,d0,10,8:51:00,8:51:00,403497,39.0,3
MQ_A5-Weekday-SDon-051200_M66_502,M66,d0,11,8:52:00,8:52:00,403993,9.0,2
MQ_A5-Weekday-SDon-051200_M66_502,M66,d0,12,8:53:01,8:53:01,403994,27.0,2
MQ_A5-Weekday-SDon-051200_M66_502,M66,d0,13,8:54:49,8:54:49,403995,27.0,2
MQ_A5-Weekday-SDon-051200_M66_502,M66,d0,14,8:56:00,8:56:00,403996,27.0,2
MQ_A5-Weekday-SDon-046800_M66_503,M66,d0,1,7:48:00,7:48:00,403487,6.0,3
MQ_A5-Weekday-SDon-046800_M66_503,M66,d0,2,7:48:53,7:48:53,403488,42.0,3
MQ_A5-Weekday-SDon-046800_M66_503,M66,d0,3,7:50:36,7:50:36,403489,42.0,3
MQ_A5-Weekday-SDon-046800_M66_503,M66,d0,4,7:51:29,7:51:29,403491,42.0,3
MQ_A5-Weekday-SDon-046800_M66_503,M66,d0,5,7:52:00,7:52:00,403573,42.0,3
MQ_A5-Weekday-SDon-046800_M66_503,M66,d0,6,7:53:35,7:53:35,403492,42.0,3
MQ_A5-Weekday-SDon-046800_M66_503,M66,d0,7,7:59:46,7:59:46,403494,43.0,3
MQ_A5-Weekday-SDon-046800_M66_503,M66,d0,8,8:01:00,8:01:00,404994,43.0,3
MQ_A5-Weekday-SDon-046800_M66_503,M66,d0,9,8:03:26,8:03:26,403495,43.0,3
MQ_A5-Weekday-SDon-046800_M66_503,M66,d0,10,8:07:00,8:07:00,403497,43.0,3
MQ_A5-Weekday-SDon-046800_M66_503,M66,d0,11,8:08:00,8:08:00,403993,43.0,3
MQ_A5-Weekday-SDon-046800_M66_503,M66,d0,12,8:09:01,8:09:01,403994,43.0,3
MQ_A5-Weekday-SDon-046800_M66_503,M66,d0,13,8:10:49,8:10:49,403995,11.0,1
MQ_A5-Weekday-SDon-046800_M66_503,M66,d0,14,8:12:00,8:12:00,403996,11.0,1
MQ_A5-Weekday-125600_M66_521,M66,d0,1,20:56:00,20:56:00,403487,3.0,1
MQ_A5-Weekday-125600_M66_521,M66,d0,2,20:56:53,20:56:53,403488,2.0,1
MQ_A5-Weekday-125600_M66_521,M66,d0,3,20:58:36,20:58:36,403489,2.0,1
MQ_A5-Weekday-125600_M66_521,M66,d0,4,20:59:29,20:59:29,403491,11.0,1
MQ_A5-Weekday-125600_M66_521,M66,d0,5,21:00:00,21:00:00,403573,11.0,1
MQ_A5-Weekday-125600_M66_521,M66,d0,6,21:00:53,21:00:53,403492,11.0,1
MQ_A5-Weekday-125600_M66_521,M66,d0,7,21:04:19,21:04:19,403494,11.0,1
MQ_A5-Weekday-125600_M66_521,M66,d0,8,21:05:00,21:05:00,404994,11.0,1
MQ_A5-Weekday-125600_M66_521,M66,d0,9,21:06:37,21:06:37,403495,11.0,1
MQ_A5-Weekday-125600_M66_521,M66,d0,10,21:09:00,21:09:00,403497,12.0,1
MQ_A5-Weekday-125600_M66_521,M66,d0,11,21:09:48,21:09:48,403993,9.0,1
MQ_A5-Weekday-125600_M66_521,M66,d0,12,21:10:37,21:10:37,403994,8.0,1
MQ_A5-Weekday-125600_M66_521,M66,d0,13,21:12:03,21:12:03,403995,3.0,1
MQ_A5-Weekday-125600_M66_521,M66,d0,14,21:13:00,21:13:00,403996,3.0,1
MQ_A5-Weekday-095100_M66_511,M66,d0,1,15:51:00,15:51:00,403487,7.0,1
MQ_A5-Weekday-095100_M66_511,M66,d0,2,15:51:53,15:51:53,403488,4.0,1
MQ_A5-Weekday-095100_M66_511,M66,d0,3,15:53:36,15:53:36,403489,5.0,1
MQ_A5-Weekday-095100_M66_511,M66,d0,4,15:54:29,15:54:29,403491,6.0,1
MQ_A5-Weekday-095100_M66_511,M66,d0,5,15:55:00,15:55:00,403573,6.0,2
MQ_A5-Weekday-095100_M66_511,M66,d0,6,15:56:45,15:56:45,403492,18.0,2
MQ_A5-Weekday-095100_M66_511,M66,d0,7,16:03:38,16:03:38,403494,19.0,2
MQ_A5-Weekday-095100_M66_511,M66,d0,8,16:05:00,16:05:00,404994,19.0,2
MQ_A5-Weekday-095100_M66_511,M66,d0,9,16:07:26,16:07:26,403495,19.0,2
MQ_A5-Weekday-095100_M66_511,M66,d0,10,16:11:00,16:11:00,403497,12.0,1
MQ_A5-Weekday-095100_M66_511,M66,d0,11,16:12:12,16:12:12,403993,2.0,1
MQ_A5-Weekday-095100_M66_511,M66,d0,12,16:13:25,16:13:25,403994,1.0,1
MQ_A5-Weekday-095100_M66_511,M66,d0,13,16:15:34,16:15:34,403995,2.0,1
MQ_A5-Weekday-095100_M66_511,M66,d0,14,16:17:00,16:17:00,403996,2.0,1
MQ_A5-Weekday-SDon-044000_M66_508,M66,d0,1,7:20:00,7:20:00,403487,15.0,1
MQ_A5-Weekday-SDon-044000_M66_508,M66,d0,2,7:20:53,7:20:53,403488,15.0,1
MQ_A5-Weekday-SDon-044000_M66_508,M66,d0,3,7:22:36,7:22:36,403489,15.0,1
MQ_A5-Weekday-SDon-044000_M66_508,M66,d0,4,7:23:29,7:23:29,403491,15.0,1
MQ_A5-Weekday-SDon-044000_M66_508,M66,d0,5,7:24:00,7:24:00,403573,15.0,1
MQ_A5-Weekday-SDon-044000_M66_508,M66,d0,6,7:24:53,7:24:53,403492,15.0,1
MQ_A5-Weekday-SDon-044000_M66_508,M66,d0,7,7:28:19,7:28:19,403494,15.0,1
MQ_A5-Weekday-SDon-044000_M66_508,M66,d0,8,7:29:00,7:29:00,404994,15.0,1
MQ_A5-Weekday-SDon-044000_M66_508,M66,d0,9,7:31:26,7:31:26,403495,15.0,1
MQ_A5-Weekday-SDon-044000_M66_508,M66,d0,10,7:35:00,7:35:00,403497,15.0,1
MQ_A5-Weekday-SDon-044000_M66_508,M66,d0,11,7:36:00,7:36:00,403993,15.0,1
MQ_A5-Weekday-SDon-044000_M66_508,M66,d0,12,7:37:01,7:37:01,403994,15.0,1
MQ_A5-Weekday-SDon-044000_M66_508,M66,d0,13,7:38:49,7:38:49,403995,15.0,1
MQ_A5-Weekday-SDon-044000_M66_508,M66,d0,14,7:40:00,7:40:00,403996,15.0,1
MQ_A5-Weekday-SDon-123200_M66_517,M66,d0,1,20:32:00,20:32:00,403487,1.0,1
MQ_A5-Weekday-SDon-123200_M66_517,M66,d0,2,20:32:53,20:32:53,403488,2.0,1
MQ_A5-Weekday-SDon-123200_M66_517,M66,d0,3,20:34:36,20:34:36,403489,13.0,1
MQ_A5-Weekday-SDon-123200_M66_517,M66,d0,4,20:35:29,20:35:29,403491,6.0,1
MQ_A5-Weekday-SDon-123200_M66_517,M66,d0,5,20:36:00,20:36:00,403573,14.0,1
MQ_A5-Weekday-SDon-123200_M66_517,M66,d0,6,20:36:53,20:36:53,403492,9.0,1
MQ_A5-Weekday-SDon-123200_M66_517,M66,d0,7,20:40:19,20:40:19,403494,14.0,1
MQ_A5-Weekday-SDon-123200_M66_517,M66,d0,8,20:41:00,20:41:00,404994,14.0,1
MQ_A5-Weekday-SDon-123200_M66_517,M66,d0,9,20:42:37,20:42:37,403495,7.0,1
MQ_A5-Weekday-SDon-123200_M66_517,M66,d0,10,20:45:00,20:45:00,403497,5.0,1
MQ_A5-Weekday-SDon-123200_M66_517,M66,d0,11,20:45:48,20:45:48,403993,6.0,1
MQ_A5-Weekday-SDon-123200_M66_517,M66,d0,12,20:46:37,20:46:37,403994,4.0,1
MQ_A5-Weekday-SDon-123200_M66_517,M66,d0,13,20:48:03,20:48:03,403995,3.0,1
MQ_A5-Weekday-SDon-123200_M66_517,M66,d0,14,20:49:00,20:49:00,403996,3.0,1
MQ_A5-Weekday-103300_M66_520,M66,d0,1,17:13:00,17:13:00,403487,9.0,1
MQ_A5-Weekday-103300_M66_520,M66,d0,2,17:13:53,17:13:53,403488,9.0,1
MQ_A5-Weekday-103300_M66_520,M66,d0,3,17:15:36,17:15:36,403489,9.0,1
MQ_A5-Weekday-103300_M66_520,M66,d0,4,17:16:29,17:16:29,403491,13.0,1
MQ_A5-Weekday-103300_M66_520,M66,d0,5,17:17:00,17:17:00,403573,13.0,1
MQ_A5-Weekday-103300_M66_520,M66,d0,6,17:18:35,17:18:35,403492,12.0,1
MQ_A5-Weekday-103300_M66_520,M66,d0,7,17:24:46,17:24:46,403494,12.0,1
MQ_A5-Weekday-103300_M66_520,M66,d0,8,17:26:00,17:26:00,404994,12.0,1
MQ_A5-Weekday-103300_M66_520,M66,d0,9,17:27:37,17:27:37,403495,12.0,1
MQ_A5-Weekday-103300_M66_520,M66,d0,10,17:30:00,17:30:00,403497,12.0,1
MQ_A5-Weekday-103300_M66_520,M66,d0,11,17:31:00,17:31:00,403993,12.0,1
MQ_A5-Weekday-103300_M66_520,M66,d0,12,17:32:01,17:32:01,403994,12.0,1
MQ_A5-Weekday-103300_M66_520,M66,d0,13,17:33:49,17:33:49,403995,12.0,1
MQ_A5-Weekday-103300_M66_520,M66,d0,14,17:35:00,17:35:00,403996,12.0,1
MQ_A5-Weekday-067800_M66_503,M66,d0,1,11:18:00,11:18:00,403487,2.0,1
MQ_A5-Weekday-067800_M66_503,M66,d0,2,11:18:53,11:18:53,403488,1.0,1
MQ_A5-Weekday-067800_M66_503,M66,d0,3,11:20:36,11:20:36,403489,3.0,1
MQ_A5-Weekday-067800_M66_503,M66,d0,4,11:21:29,11:21:29,403491,10.0,1
MQ_A5-Weekday-067800_M66_503,M66,d0,5,11:22:00,11:22:00,403573,10.0,1
MQ_A5-Weekday-067800_M66_503,M66,d0,6,11:23:45,11:23:45,403492,10.0,1
MQ_A5-Weekday-067800_M66_503,M66,d0,7,11:30:38,11:30:38,403494,10.0,1
MQ_A5-Weekday-067800_M66_503,M66,d0,8,11:32:00,11:32:00,404994,10.0,1
MQ_A5-Weekday-067800_M66_503,M66,d0,9,11:34:26,11:34:26,403495,12.0,1
MQ_A5-Weekday-067800_M66_503,M66,d0,10,11:38:00,11:38:00,403497,12.0,1
MQ_A5-Weekday-067800_M66_503,M66,d0,11,11:39:12,11:39:12,403993,12.0,1
MQ_A5-Weekday-067800_M66_503,M66,d0,12,11:40:25,11:40:25,403994,9.0,1
MQ_A5-Weekday-067800_M66_503,M66,d0,13,11:42:34,11:42:34,403995,9.0,1
MQ_A5-Weekday-067800_M66_503,M66,d0,14,11:44:00,11:44:00,403996,9.0,1
MQ_A5-Weekday-SDon-110200_M66_518,M66,d0,1,18:22:00,18:22:00,403487,2.0,1
MQ_A5-Weekday-SDon-110200_M66_518,M66,d0,2,18:22:53,18:22:53,403488,11.0,1
MQ_A5-Weekday-SDon-110200_M66_518,M66,d0,3,18:24:36,18:24:36,403489,15.0,1
MQ_A5-Weekday-SDon-110200_M66_518,M66,d0,4,18:25:29,18:25:29,403491,15.0,1
MQ_A5-Weekday-SDon-110200_M66_518,M66,d0,5,18:26:00,18:26:00,403573,15.0,2
MQ_A5-Weekday-SDon-110200_M66_518,M66,d0,6,18:27:35,18:27:35,403492,26.0,2
MQ_A5-Weekday-SDon-110200_M66_518,M66,d0,7,18:33:46,18:33:46,403494,30.0,2
MQ_A5-Weekday-SDon-110200_M66_518,M66,d0,8,18:35:00,18:35:00,404994,19.0,2
MQ_A5-Weekday-SDon-110200_M66_518,M66,d0,9,18:36:37,18:36:37,403495,21.0,2
MQ_A5-Weekday-SDon-110200_M66_518,M66,d0,10,18:39:00,18:39:00,403497,19.0,2
MQ_A5-Weekday-SDon-110200_M66_518,M66,d0,11,18:40:00,18:40:00,403993,19.0,2
MQ_A5-Weekday-SDon-110200_M66_518,M66,d0,12,18:41:01,18:41:01,403994,17.0,2
MQ_A5-Weekday-SDon-110200_M66_518,M66,d0,13,18:42:49,18:42:49,403995,11.0,1
MQ_A5-Weekday-SDon-110200_M66_518,M66,d0,14,18:44:00,18:44:00,403996,11.0,1
MQ_A5-Weekday-101800_M66_513,M66,d0,1,16:58:00,16:58:00,403487,24.0,2
MQ_A5-Weekday-101800_M66_513,M66,d0,2,16:58:53,16:58:53,403488,24.0,2
MQ_A5-Weekday-101800_M66_513,M66,d0,3,17:00:36,17:00:36,403489,24.0,2
MQ_A5-Weekday-101800_M66_513,M66,d0,4,17:01:29,17:01:29,403491,4.0,3
MQ_A5-Weekday-101800_M66_513,M66,d0,5,17:02:00,17:02:00,403573,35.0,3
MQ_A5-Weekday-101800_M66_513,M66,d0,6,17:03:35,17:03:35,403492,35.0,3
MQ_A5-Weekday-101800_M66_513,M66,d0,7,17:09:46,17:09:46,403494,35.0,3
MQ_A5-Weekday-101800_M66_513,M66,d0,8,17:11:00,17:11:00,404994,35.0,3
MQ_A5-Weekday-101800_M66_513,M66,d0,9,17:12:37,17:12:37,403495,28.0,2
MQ_A5-Weekday-101800_M66_513,M66,d0,10,17:15:00,17:15:00,403497,15.0,1
MQ_A5-Weekday-101800_M66_513,M66,d0,11,17:16:00,17:16:00,403993,6.0,1
MQ_A5-Weekday-101800_M66_513,M66,d0,12,17:17:01,17:17:01,403994,6.0,1
MQ_A5-Weekday-101800_M66_513,M66,d0,13,17:18:49,17:18:49,403995,5.0,1
MQ_A5-Weekday-101800_M66_513,M66,d0,14,17:20:00,17:20:00,403996,5.0,1
MQ_A5-Weekday-SDon-107800_M66_519,M66,d0,1,17:58:00,17:58:00,403487,9.0,1
MQ_A5-Weekday-SDon-107800_M66_519,M66,d0,2,17:58:53,17:58:53,403488,9.0,2
MQ_A5-Weekday-SDon-107800_M66_519,M66,d0,3,18:00:36,18:00:36,403489,23.0,2
MQ_A5-Weekday-SDon-107800_M66_519,M66,d0,4,18:01:29,18:01:29,403491,6.0,1
MQ_A5-Weekday-SDon-107800_M66_519,M66,d0,5,18:02:00,18:02:00,403573,13.0,1
MQ_A5-Weekday-SDon-107800_M66_519,M66,d0,6,18:03:35,18:03:35,403492,13.0,2
MQ_A5-Weekday-SDon-107800_M66_519,M66,d0,7,18:09:46,18:09:46,403494,25.0,2
MQ_A5-Weekday-SDon-107800_M66_519,M66,d0,8,18:11:00,18:11:00,404994,22.0,2
MQ_A5-Weekday-SDon-107800_M66_519,M66,d0,9,18:12:37,18:12:37,403495,19.0,2
MQ_A5-Weekday-SDon-107800_M66_519,M66,d0,10,18:15:00,18:15:00,403497,13.0,1
MQ_A5-Weekday-SDon-107800_M66_519,M66,d0,11,18:16:00,18:16:00,403993,9.0,1
MQ_A5-Weekday-SDon-107800_M66_519,M66,d0,12,18:17:01,18:17:01,403994,3.0,1
MQ_A5-Weekday-SDon-107800_M66_519,M66,d0,13,18:18:49,18:18:49,403995,4.0,1
MQ_A5-Weekday-SDon-107800_M66_519,M66,d0,14,18:20:00,18:20:00,403996,4.0,1
MQ_A5-Weekday-SDon-097800_M66_518,M66,d0,1,16:18:00,16:18:00,403487,11.0,1
MQ_A5-Weekday-SDon-097800_M66_518,M66,d0,2,16:18:53,16:18:53,403488,7.0,1
MQ_A5-Weekday-SDon-097800_M66_518,M66,d0,3,16:20:36,16:20:36,403489,9.0,1
MQ_A5-Weekday-SDon-097800_M66_518,M66,d0,4,16:21:29,16:21:29,403491,9.0,2
MQ_A5-Weekday-SDon-097800_M66_518,M66,d0,5,16:22:00,16:22:00,403573,20.0,2
MQ_A5-Weekday-SDon-097800_M66_518,M66,d0,6,16:23:45,16:23:45,403492,21.0,2
MQ_A5-Weekday-SDon-097800_M66_518,M66,d0,7,16:30:38,16:30:38,403494,19.0,2
MQ_A5-Weekday-SDon-097800_M66_518,M66,d0,8,16:32:00,16:32:00,404994,18.0,2
MQ_A5-Weekday-SDon-097800_M66_518,M66,d0,9,16:33:37,16:33:37,403495,13.0,1
MQ_A5-Weekday-SDon-097800_M66_518,M66,d0,10,16:36:00,16:36:00,403497,13.0,1
MQ_A5-Weekday-SDon-097800_M66_518,M66,d0,11,16:37:00,16:37:00,403993,10.0,1
MQ_A5-Weekday-SDon-097800_M66_518,M66,d0,12,16:38:01,16:38:01,403994,6.0,1
MQ_A5-Weekday-SDon-097800_M66_518,M66,d0,13,16:39:49,16:39:49,403995,7.0,1
MQ_A5-Weekday-SDon-097800_M66_518,M66,d0,14,16:41:00,16:41:00,403996,7.0,1
MQ_A5-Weekday-068800_M66_515,M66,d0,1,11:28:00,11:28:00,403487,9.0,1
MQ_A5-Weekday-068800_M66_515,M66,d0,2,11:28:53,11:28:53,403488,9.0,1
MQ_A5-Weekday-068800_M66_515,M66,d0,3,11:30:36,11:30:36,403489,9.0,1
MQ_A5-Weekday-068800_M66_515,M66,d0,4,11:31:29,11:31:29,403491,12.0,1
MQ_A5-Weekday-068800_M66_515,M66,d0,5,11:32:00,11:32:00,403573,12.0,2
MQ_A5-Weekday-068800_M66_515,M66,d0,6,11:33:45,11:33:45,403492,20.0,2
MQ_A5-Weekday-068800_M66_515,M66,d0,7,11:40:38,11:40:38,403494,20.0,2
MQ_A5-Weekday-068800_M66_515,M66,d0,8,11:42:00,11:42:00,404994,21.0,2
MQ_A5-Weekday-068800_M66_515,M66,d0,9,11:44:26,11:44:26,403495,19.0,2
MQ_A5-Weekday-068800_M66_515,M66,d0,10,11:48:00,11:48:00,403497,20.0,2
MQ_A5-Weekday-068800_M66_515,M66,d0,11,11:49:12,11:49:12,403993,16.0,1
MQ_A5-Weekday-068800_M66_515,M66,d0,12,11:50:25,11:50:25,403994,16.0,1
MQ_A5-Weekday-068800_M66_515,M66,d0,13,11:52:34,11:52:34,403995,14.0,1
MQ_A5-Weekday-068800_M66_515,M66,d0,14,11:54:00,11:54:00,403996,14.0,1
MQ_A5-Weekday-042900_M66_507,M66,d0,1,7:09:00,7:09:00,403487,13.0,1
MQ_A5-Weekday-042900_M66_507,M66,d0,2,7:09:53,7:09:53,403488,13.0,1
MQ_A5-Weekday-042900_M66_507,M66,d0,3,7:11:36,7:11:36,403489,13.0,1
MQ_A5-Weekday-042900_M66_507,M66,d0,4,7:12:29,7:12:29,403491,15.0,1
MQ_A5-Weekday-042900_M66_507,M66,d0,5,7:13:00,7:13:00,403573,15.0,1
MQ_A5-Weekday-042900_M66_507,M66,d0,6,7:13:53,7:13:53,403492,15.0,1
MQ_A5-Weekday-042900_M66_507,M66,d0,7,7:17:19,7:17:19,403494,13.0,2
MQ_A5-Weekday-042900_M66_507,M66,d0,8,7:18:00,7:18:00,404994,24.0,2
MQ_A5-Weekday-042900_M66_507,M66,d0,9,7:20:26,7:20:26,403495,24.0,2
MQ_A5-Weekday-042900_M66_507,M66,d0,10,7:24:00,7:24:00,403497,24.0,2
MQ_A5-Weekday-042900_M66_507,M66,d0,11,7:25:00,7:25:00,403993,22.0,2
MQ_A5-Weekday-042900_M66_507,M66,d0,12,7:26:01,7:26:01,403994,22.0,2
MQ_A5-Weekday-042900_M66_507,M66,d0,13,7:27:49,7:27:49,403995,14.0,1
MQ_A5-Weekday-042900_M66_507,M66,d0,14,7:29:00,7:29:00,403996,14.0,1
MQ_A5-Weekday-091600_M66_507,M66,d0,1,15:16:00,15:16:00,403487,21.0,2
MQ_A5-Weekday-091600_M66_507,M66,d0,2,15:16:53,15:16:53,403488,21.0,2
MQ_A5-Weekday-091600_M66_507,M66,d0,3,15:18:36,15:18:36,403489,21.0,2
MQ_A5-Weekday-091600_M66_507,M66,d0,4,15:19:29,15:19:29,403491,21.0,3
MQ_A5-Weekday-091600_M66_507,M66,d0,5,15:20:00,15:20:00,403573,45.0,3
MQ_A5-Weekday-091600_M66_507,M66,d0,6,15:21:45,15:21:45,403492,45.0,3
MQ_A5-Weekday-091600_M66_507,M66,d0,7,15:28:38,15:28:38,403494,45.0,3
MQ_A5-Weekday-091600_M66_507,M66,d0,8,15:30:00,15:30:00,404994,45.0,3
MQ_A5-Weekday-091600_M66_507,M66,d0,9,15:32:26,15:32:26,403495,40.0,3
MQ_A5-Weekday-091600_M66_507,M66,d0,10,15:36:00,15:36:00,403497,31.0,2
MQ_A5-Weekday-091600_M66_507,M66,d0,11,15:37:12,15:37:12,403993,10.0,1
MQ_A5-Weekday-091600_M66_507,M66,d0,12,15:38:25,15:38:25,403994,10.0,1
MQ_A5-Weekday-091600_M66_507,M66,d0,13,15:40:34,15:40:34,403995,13.0,1
MQ_A5-Weekday-091600_M66_507,M66,d0,14,15:42:00,15:42:00,403996,13.0,1
MQ_A5-Weekday-SDon-137900_M66_521,M66,d0,1,22:59:00,22:59:00,403487,5.0,1
MQ_A5-Weekday-SDon-137900_M66_521,M66,d0,2,22:59:40,22:59:40,403488,4.0,1
MQ_A5-Weekday-SDon-137900_M66_521,M66,d0,3,23:00:57,23:00:57,403489,2.0,1
MQ_A5-Weekday-SDon-137900_M66_521,M66,d0,4,23:01:37,23:01:37,403491,9.0,1
MQ_A5-Weekday-SDon-137900_M66_521,M66,d0,5,23:02:00,23:02:00,403573,9.0,1
MQ_A5-Weekday-SDon-137900_M66_521,M66,d0,6,23:02:53,23:02:53,403492,13.0,1
MQ_A5-Weekday-SDon-137900_M66_521,M66,d0,7,23:06:19,23:06:19,403494,13.0,1
MQ_A5-Weekday-SDon-137900_M66_521,M66,d0,8,23:07:00,23:07:00,404994,8.0,1
MQ_A5-Weekday-SDon-137900_M66_521,M66,d0,9,23:08:13,23:08:13,403495,12.0,1
MQ_A5-Weekday-SDon-137900_M66_521,M66,d0,10,23:10:00,23:10:00,403497,12.0,1
MQ_A5-Weekday-SDon-137900_M66_521,M66,d0,11,23:10:48,23:10:48,403993,12.0,1
MQ_A5-Weekday-SDon-137900_M66_521,M66,d0,12,23:11:37,23:11:37,403994,8.0,1
MQ_A5-Weekday-SDon-137900_M66_521,M66,d0,13,23:13:03,23:13:03,403995,2.0,1
MQ_A5-Weekday-SDon-137900_M66_521,M66,d0,14,23:14:00,23:14:00,403996,2.0,1
MQ_A5-Weekday-087800_M66_517,M66,d0,1,14:38:00,14:38:00,403487,9.0,1
MQ_A5-Weekday-087800_M66_517,M66,d0,2,14:38:53,14:38:53,403488,9.0,1
MQ_A5-Weekday-087800_M66_517,M66,d0,3,14:40:36,14:40:36,403489,13.0,3
MQ_A5-Weekday-087800_M66_517,M66,d0,4,14:41:29,14:41:29,403491,41.0,3
MQ_A5-Weekday-087800_M66_517,M66,d0,5,14:42:00,14:42:00,403573,41.0,3
MQ_A5-Weekday-087800_M66_517,M66,d0,6,14:43:45,14:43:45,403492,41.0,3
MQ_A5-Weekday-087800_M66_517,M66,d0,7,14:50:38,14:50:38,403494,41.0,3
MQ_A5-Weekday-087800_M66_517,M66,d0,8,14:52:00,14:52:00,404994,30.0,2
MQ_A5-Weekday-087800_M66_517,M66,d0,9,14:54:26,14:54:26,403495,30.0,2
MQ_A5-Weekday-087800_M66_517,M66,d0,10,14:58:00,14:58:00,403497,30.0,2
MQ_A5-Weekday-087800_M66_517,M66,d0,11,14:59:12,14:59:12,403993,20.0,2
MQ_A5-Weekday-087800_M66_517,M66,d0,12,15:00:25,15:00:25,403994,14.0,1
MQ_A5-Weekday-087800_M66_517,M66,d0,13,15:02:34,15:02:34,403995,14.0,1
MQ_A5-Weekday-087800_M66_517,M66,d0,14,15:04:00,15:04:00,403996,14.0,1
MQ_A5-Weekday-046400_M66_511,M66,d0,1,7:44:00,7:44:00,403487,1.0,1
MQ_A5-Weekday-046400_M66_511,M66,d0,2,7:44:53,7:44:53,403488,1.0,1
MQ_A5-Weekday-046400_M66_511,M66,d0,3,7:46:36,7:46:36,403489,1.0,1
MQ_A5-Weekday-046400_M66_511,M66,d0,4,7:47:29,7:47:29,403491,14.0,1
MQ_A5-Weekday-046400_M66_511,M66,d0,5,7:48:00,7:48:00,403573,14.0,1
MQ_A5-Weekday-046400_M66_511,M66,d0,6,7:49:35,7:49:35,403492,14.0,1
MQ_A5-Weekday-046400_M66_511,M66,d0,7,7:55:46,7:55:46,403494,6.0,1
MQ_A5-Weekday-046400_M66_511,M66,d0,8,7:57:00,7:57:00,404994,6.0,1
MQ_A5-Weekday-046400_M66_511,M66,d0,9,7:59:26,7:59:26,403495,4.0,1
MQ_A5-Weekday-046400_M66_511,M66,d0,10,8:03:00,8:03:00,403497,15.0,1
MQ_A5-Weekday-046400_M66_511,M66,d0,11,8:04:00,8:04:00,403993,15.0,1
MQ_A5-Weekday-046400_M66_511,M66,d0,12,8:05:01,8:05:01,403994,14.0,1
MQ_A5-Weekday-046400_M66_511,M66,d0,13,8:06:49,8:06:49,403995,10.0,1
MQ_A5-Weekday-046400_M66_511,M66,d0,14,8:08:00,8:08:00,403996,10.0,1
MQ_A5-Weekday-070800_M66_502,M66,d0,1,11:48:00,11:48:00,403487,4.0,1
MQ_A5-Weekday-070800_M66_502,M66,d0,2,11:48:53,11:48:53,403488,5.0,1
MQ_A5-Weekday-070800_M66_502,M66,d0,3,11:50:36,11:50:36,403489,7.0,2
MQ_A5-Weekday-070800_M66_502,M66,d0,4,11:51:29,11:51:29,403491,18.0,2
MQ_A5-Weekday-070800_M66_502,M66,d0,5,11:52:00,11:52:00,403573,18.0,2
MQ_A5-Weekday-070800_M66_502,M66,d0,6,11:53:45,11:53:45,403492,19.0,2
MQ_A5-Weekday-070800_M66_502,M66,d0,7,12:00:38,12:00:38,403494,19.0,2
MQ_A5-Weekday-070800_M66_502,M66,d0,8,12:02:00,12:02:00,404994,19.0,2
MQ_A5-Weekday-070800_M66_502,M66,d0,9,12:04:26,12:04:26,403495,3.0,1
MQ_A5-Weekday-070800_M66_502,M66,d0,10,12:08:00,12:08:00,403497,3.0,1
MQ_A5-Weekday-070800_M66_502,M66,d0,11,12:09:12,12:09:12,403993,4.0,1
MQ_A5-Weekday-070800_M66_502,M66,d0,12,12:10:25,12:10:25,403994,4.0,1
MQ_A5-Weekday-070800_M66_502,M66,d0,13,12:12:34,12:12:34,403995,4.0,1
MQ_A5-Weekday-070800_M66_502,M66,d0,14,12:14:00,12:14:00,403996,4.0,1
MQ_A5-Weekday-081800_M66_504,M66,d0,1,13:38:00,13:38:00,403487,13.0,1
MQ_A5-Weekday-081800_M66_504,M66,d0,2,13:38:53,13:38:53,403488,13.0,2
MQ_A5-Weekday-081800_M66_504,M66,d0,3,13:40:36,13:40:36,403489,20.0,2
MQ_A5-Weekday-081800_M66_504,M66,d0,4,13:41:29,13:41:29,403491,25.0,2
MQ_A5-Weekday-081800_M66_504,M66,d0,5,13:42:00,13:42:00,403573,25.0,2
MQ_A5-Weekday-081800_M66_504,M66,d0,6,13:43:45,13:43:45,403492,28.0,2
MQ_A5-Weekday-081800_M66_504,M66,d0,7,13:50:38,13:50:38,403494,23.0,2
MQ_A5-Weekday-081800_M66_504,M66,d0,8,13:52:00,13:52:00,404994,17.0,2
MQ_A5-Weekday-081800_M66_504,M66,d0,9,13:54:26,13:54:26,403495,21.0,2
MQ_A5-Weekday-081800_M66_504,M66,d0,10,13:58:00,13:58:00,403497,17.0,2
MQ_A5-Weekday-081800_M66_504,M66,d0,11,13:59:12,13:59:12,403993,16.0,1
MQ_A5-Weekday-081800_M66_504,M66,d0,12,14:00:25,14:00:25,403994,16.0,1
MQ_A5-Weekday-081800_M66_504,M66,d0,13,14:02:34,14:02:34,403995,6.0,1
MQ_A5-Weekday-081800_M66_504,M66,d0,14,14:04:00,14:04:00,403996,6.0,1
MQ_A5-Weekday-101300_M66_509,M66,d0,1,16:53:00,16:53:00,403487,6.0,1
MQ_A5-Weekday-101300_M66_509,M66,d0,2,16:53:53,16:53:53,403488,6.0,1
MQ_A5-Weekday-101300_M66_509,M66,d0,3,16:55:36,16:55:36,403489,6.0,1
MQ_A5-Weekday-101300_M66_509,M66,d0,4,16:56:29,16:56:29,403491,6.0,1
MQ_A5-Weekday-101300_M66_509,M66,d0,5,16:57:00,16:57:00,403573,6.0,1
MQ_A5-Weekday-101300_M66_509,M66,d0,6,16:58:35,16:58:35,403492,6.0,1
MQ_A5-Weekday-101300_M66_509,M66,d0,7,17:04:46,17:04:46,403494,6.0,1
MQ_A5-Weekday-101300_M66_509,M66,d0,8,17:06:00,17:06:00,404994,3.0,1
MQ_A5-Weekday-101300_M66_509,M66,d0,9,17:07:37,17:07:37,403495,3.0,1
MQ_A5-Weekday-101300_M66_509,M66,d0,10,17:10:00,17:10:00,403497,3.0,1
MQ_A5-Weekday-101300_M66_509,M66,d0,11,17:11:00,17:11:00,403993,3.0,1
MQ_A5-Weekday-101300_M66_509,M66,d0,12,17:12:01,17:12:01,403994,3.0,1
MQ_A5-Weekday-101300_M66_509,M66,d0,13,17:13:49,17:13:49,403995,3.0,1
MQ_A5-Weekday-101300_M66_509,M66,d0,14,17:15:00,17:15:00,403996,3.0,1
MQ_A5-Weekday-108600_M66_517,M66,d0,1,18:06:00,18:06:00,403487,2.0,2
MQ_A5-Weekday-108600_M66_517,M66,d0,2,18:06:53,18:06:53,403488,18.0,2
MQ_A5-Weekday-108600_M66_517,M66,d0,3,18:08:36,18:08:36,403489,18.0,2
MQ_A5-Weekday-108600_M66_517,M66,d0,4,18:09:29,18:09:29,403491,13.0,2
MQ_A5-Weekday-108600_M66_517,M66,d0,5,18:10:00,18:10:00,403573,19.0,2
MQ_A5-Weekday-108600_M66_517,M66,d0,6,18:11:35,18:11:35,403492,25.0,2
MQ_A5-Weekday-108600_M66_517,M66,d0,7,18:17:46,18:17:46,403494,25.0,2
MQ_A5-Weekday-108600_M66_517,M66,d0,8,18:19:00,18:19:00,404994,25.0,2
MQ_A5-Weekday-108600_M66_517,M66,d0,9,18:20:37,18:20:37,403495,18.0,2
MQ_A5-Weekday-108600_M66_517,M66,d0,10,18:23:00,18:23:00,403497,18.0,2
MQ_A5-Weekday-108600_M66_517,M66,d0,11,18:24:00,18:24:00,403993,10.0,1
MQ_A5-Weekday-108600_M66_517,M66,d0,12,18:25:01,18:25:01,403994,7.0,1
MQ_A5-Weekday-108600_M66_517,M66,d0,13,18:26:49,18:26:49,403995,8.0,1
MQ_A5-Weekday-108600_M66_517,M66,d0,14,18:28:00,18:28:00,403996,8.0,1
MQ_A5-Weekday-SDon-047200_M66_512,M66,d0,1,7:52:00,7:52:00,403487,15.0,1
MQ_A5-Weekday-SDon-047200_M66_512,M66,d0,2,7:52:53,7:52:53,403488,15.0,1
MQ_A5-Weekday-SDon-047200_M66_512,M66,d0,3,7:54:36,7:54:36,403489,15.0,1
MQ_A5-Weekday-SDon-047200_M66_512,M66,d0,4,7:55:29,7:55:29,403491,15.0,1
MQ_A5-Weekday-SDon-047200_M66_512,M66,d0,5,7:56:00,7:56:00,403573,15.0,1
MQ_A5-Weekday-SDon-047200_M66_512,M66,d0,6,7:57:35,7:57:35,403492,15.0,1
MQ_A5-Weekday-SDon-047200_M66_512,M66,d0,7,8:03:46,8:03:46,403494,15.0,1
MQ_A5-Weekday-SDon-047200_M66_512,M66,d0,8,8:05:00,8:05:00,404994,15.0,1
MQ_A5-Weekday-SDon-047200_M66_512,M66,d0,9,8:07:26,8:07:26,403495,3.0,1
MQ_A5-Weekday-SDon-047200_M66_512,M66,d0,10,8:11:00,8:11:00,403497,5.0,1
MQ_A5-Weekday-SDon-047200_M66_512,M66,d0,11,8:12:00,8:12:00,403993,8.0,1
MQ_A5-Weekday-SDon-047200_M66_512,M66,d0,12,8:13:01,8:13:01,403994,9.0,2
MQ_A5-Weekday-SDon-047200_M66_512,M66,d0,13,8:14:49,8:14:49,403995,21.0,2
MQ_A5-Weekday-SDon-047200_M66_512,M66,d0,14,8:16:00,8:16:00,403996,21.0,2
MQ_A5-Weekday-112600_M66_515,M66,d0,1,18:46:00,18:46:00,403487,4.0,1
MQ_A5-Weekday-112600_M66_515,M66,d0,2,18:46:53,18:46:53,403488,4.0,1
MQ_A5-Weekday-112600_M66_515,M66,d0,3,18:48:36,18:48:36,403489,4.0,1
MQ_A5-Weekday-112600_M66_515,M66,d0,4,18:49:29,18:49:29,403491,4.0,1
MQ_A5-Weekday-112600_M66_515,M66,d0,5,18:50:00,18:50:00,403573,4.0,1
MQ_A5-Weekday-112600_M66_515,M66,d0,6,18:51:35,18:51:35,403492,4.0,1
MQ_A5-Weekday-112600_M66_515,M66,d0,7,18:57:46,18:57:46,403494,4.0,1
MQ_A5-Weekday-112600_M66_515,M66,d0,8,18:59:00,18:59:00,404994,8.0,1
MQ_A5-Weekday-112600_M66_515,M66,d0,9,19:00:37,19:00:37,403495,8.0,1
MQ_A5-Weekday-112600_M66_515,M66,d0,10,19:03:00,19:03:00,403497,8.0,1
MQ_A5-Weekday-112600_M66_515,M66,d0,11,19:03:48,19:03:48,403993,8.0,1
MQ_A5-Weekday-112600_M66_515,M66,d0,12,19:04:37,19:04:37,403994,4.0,1
MQ_A5-Weekday-112600_M66_515,M66,d0,13,19:06:03,19:06:03,403995,1.0,1
MQ_A5-Weekday-112600_M66_515,M66,d0,14,19:07:00,19:07:00,403996,1.0,1
MQ_A5-Weekday-SDon-053600_M66_503,M66,d0,1,8:56:00,8:56:00,403487,5.0,1
MQ_A5-Weekday-SDon-053600_M66_503,M66,d0,2,8:56:53,8:56:53,403488,5.0,1
MQ_A5-Weekday-SDon-053600_M66_503,M66,d0,3,8:58:36,8:58:36,403489,12.0,1
MQ_A5-Weekday-SDon-053600_M66_503,M66,d0,4,8:59:29,8:59:29,403491,12.0,1
MQ_A5-Weekday-SDon-053600_M66_503,M66,d0,5,9:00:00,9:00:00,403573,12.0,1
MQ_A5-Weekday-SDon-053600_M66_503,M66,d0,6,9:01:35,9:01:35,403492,15.0,1
MQ_A5-Weekday-SDon-053600_M66_503,M66,d0,7,9:07:46,9:07:46,403494,8.0,1
MQ_A5-Weekday-SDon-053600_M66_503,M66,d0,8,9:09:00,9:09:00,404994,8.0,1
MQ_A5-Weekday-SDon-053600_M66_503,M66,d0,9,9:11:26,9:11:26,403495,10.0,2
MQ_A5-Weekday-SDon-053600_M66_503,M66,d0,10,9:15:00,9:15:00,403497,26.0,2
MQ_A5-Weekday-SDon-053600_M66_503,M66,d0,11,9:16:00,9:16:00,403993,26.0,2
MQ_A5-Weekday-SDon-053600_M66_503,M66,d0,12,9:17:01,9:17:01,403994,26.0,2
MQ_A5-Weekday-SDon-053600_M66_503,M66,d0,13,9:18:49,9:18:49,403995,24.0,2
MQ_A5-Weekday-SDon-053600_M66_503,M66,d0,14,9:20:00,9:20:00,403996,24.0,2
MQ_A5-Weekday-086800_M66_513,M66,d0,1,14:28:00,14:28:00,403487,15.0,1
MQ_A5-Weekday-086800_M66_513,M66,d0,2,14:28:53,14:28:53,403488,15.0,1
MQ_A5-Weekday-086800_M66_513,M66,d0,3,14:30:36,14:30:36,403489,15.0,2
MQ_A5-Weekday-086800_M66_513,M66,d0,4,14:31:29,14:31:29,403491,17.0,2
MQ_A5-Weekday-086800_M66_513,M66,d0,5,14:32:00,14:32:00,403573,17.0,2
MQ_A5-Weekday-086800_M66_513,M66,d0,6,14:33:45,14:33:45,403492,20.0,2
MQ_A5-Weekday-086800_M66_513,M66,d0,7,14:40:38,14:40:38,403494,24.0,2
MQ_A5-Weekday-086800_M66_513,M66,d0,8,14:42:00,14:42:00,404994,24.0,2
MQ_A5-Weekday-086800_M66_513,M66,d0,9,14:44:26,14:44:26,403495,14.0,2
MQ_A5-Weekday-086800_M66_513,M66,d0,10,14:48:00,14:48:00,403497,19.0,2
MQ_A5-Weekday-086800_M66_513,M66,d0,11,14:49:12,14:49:12,403993,15.0,1
MQ_A5-Weekday-086800_M66_513,M66,d0,12,14:50:25,14:50:25,403994,15.0,1
MQ_A5-Weekday-086800_M66_513,M66,d0,13,14:52:34,14:52:34,403995,1.0,1
MQ_A5-Weekday-086800_M66_513,M66,d0,14,14:54:00,14:54:00,403996,1.0,1
MQ_A5-Weekday-053000_M66_511,M66,d0,1,8:50:00,8:50:00,403487,6.0,1
MQ_A5-Weekday-053000_M66_511,M66,d0,2,8:50:53,8:50:53,403488,6.0,1
MQ_A5-Weekday-053000_M66_511,M66,d0,3,8:52:36,8:52:36,403489,6.0,1
MQ_A5-Weekday-053000_M66_511,M66,d0,4,8:53:29,8:53:29,403491,11.0,1
MQ_A5-Weekday-053000_M66_511,M66,d0,5,8:54:00,8:54:00,403573,11.0,1
MQ_A5-Weekday-053000_M66_511,M66,d0,6,8:55:35,8:55:35,403492,13.0,1
MQ_A5-Weekday-053000_M66_511,M66,d0,7,9:01:46,9:01:46,403494,7.0,1
MQ_A5-Weekday-053000_M66_511,M66,d0,8,9:03:00,9:03:00,404994,8.0,1
MQ_A5-Weekday-053000_M66_511,M66,d0,9,9:05:26,9:05:26,403495,8.0,1
MQ_A5-Weekday-053000_M66_511,M66,d0,10,9:09:00,9:09:00,403497,14.0,1
MQ_A5-Weekday-053000_M66_511,M66,d0,11,9:10:00,9:10:00,403993,11.0,1
MQ_A5-Weekday-053000_M66_511,M66,d0,12,9:11:01,9:11:01,403994,10.0,1
MQ_A5-Weekday-053000_M66_511,M66,d0,13,9:12:49,9:12:49,403995,10.0,1
MQ_A5-Weekday-053000_M66_511,M66,d0,14,9:14:00,9:14:00,403996,10.0,1
MQ_A5-Weekday-046000_M66_505,M66,d0,1,7:40:00,7:40:00,403487,4.0,1
MQ_A5-Weekday-046000_M66_505,M66,d0,2,7:40:53,7:40:53,403488,8.0,1
MQ_A5-Weekday-046000_M66_505,M66,d0,3,7:42:36,7:42:36,403489,6.0,1
MQ_A5-Weekday-046000_M66_505,M66,d0,4,7:43:29,7:43:29,403491,14.0,1
MQ_A5-Weekday-046000_M66_505,M66,d0,5,7:44:00,7:44:00,403573,14.0,1
MQ_A5-Weekday-046000_M66_505,M66,d0,6,7:45:35,7:45:35,403492,15.0,2
MQ_A5-Weekday-046000_M66_505,M66,d0,7,7:51:46,7:51:46,403494,19.0,2
MQ_A5-Weekday-046000_M66_505,M66,d0,8,7:53:00,7:53:00,404994,19.0,2
MQ_A5-Weekday-046000_M66_505,M66,d0,9,7:55:26,7:55:26,403495,13.0,2
MQ_A5-Weekday-046000_M66_505,M66,d0,10,7:59:00,7:59:00,403497,24.0,2
MQ_A5-Weekday-046000_M66_505,M66,d0,11,8:00:00,8:00:00,403993,24.0,2
MQ_A5-Weekday-046000_M66_505,M66,d0,12,8:01:01,8:01:01,403994,19.0,2
MQ_A5-Weekday-046000_M66_505,M66,d0,13,8:02:49,8:02:49,403995,17.0,2
MQ_A5-Weekday-046000_M66_505,M66,d0,14,8:04:00,8:04:00,403996,17.0,2
MQ_A5-Weekday-115400_M66_520,M66,d0,1,19:14:00,19:14:00,403487,4.0,1
MQ_A5-Weekday-115400_M66_520,M66,d0,2,19:15:07,19:15:07,403488,10.0,1
MQ_A5-Weekday-115400_M66_520,M66,d0,3,19:17:15,19:17:15,403489,10.0,1
MQ_A5-Weekday-115400_M66_520,M66,d0,4,19:18:22,19:18:22,403491,11.0,1
MQ_A5-Weekday-115400_M66_520,M66,d0,5,19:19:00,19:19:00,403573,11.0,1
MQ_A5-Weekday-115400_M66_520,M66,d0,6,19:20:14,19:20:14,403492,14.0,1
MQ_A5-Weekday-115400_M66_520,M66,d0,7,19:25:03,19:25:03,403494,15.0,1
MQ_A5-Weekday-115400_M66_520,M66,d0,8,19:26:00,19:26:00,404994,11.0,1
MQ_A5-Weekday-115400_M66_520,M66,d0,9,19:27:37,19:27:37,403495,11.0,1
MQ_A5-Weekday-115400_M66_520,M66,d0,10,19:30:00,19:30:00,403497,16.0,1
MQ_A5-Weekday-115400_M66_520,M66,d0,11,19:30:48,19:30:48,403993,16.0,1
MQ_A5-Weekday-115400_M66_520,M66,d0,12,19:31:37,19:31:37,403994,15.0,1
MQ_A5-Weekday-115400_M66_520,M66,d0,13,19:33:03,19:33:03,403995,5.0,1
MQ_A5-Weekday-115400_M66_520,M66,d0,14,19:34:00,19:34:00,403996,5.0,1
MQ_A5-Weekday-078800_M66_502,M66,d0,1,13:08:00,13:08:00,403487,1.0,1
MQ_A5-Weekday-078800_M66_502,M66,d0,2,13:08:53,13:08:53,403488,5.0,1
MQ_A5-Weekday-078800_M66_502,M66,d0,3,13:10:36,13:10:36,403489,8.0,1
MQ_A5-Weekday-078800_M66_502,M66,d0,4,13:11:29,13:11:29,403491,14.0,1
MQ_A5-Weekday-078800_M66_502,M66,d0,5,13:12:00,13:12:00,403573,14.0,1
MQ_A5-Weekday-078800_M66_502,M66,d0,6,13:13:45,13:13:45,403492,16.0,1
MQ_A5-Weekday-078800_M66_502,M66,d0,7,13:20:38,13:20:38,403494,16.0,2
MQ_A5-Weekday-078800_M66_502,M66,d0,8,13:22:00,13:22:00,404994,17.0,2
MQ_A5-Weekday-078800_M66_502,M66,d0,9,13:24:26,13:24:26,403495,17.0,2
MQ_A5-Weekday-078800_M66_502,M66,d0,10,13:28:00,13:28:00,403497,7.0,1
MQ_A5-Weekday-078800_M66_502,M66,d0,11,13:29:12,13:29:12,403993,14.0,1
MQ_A5-Weekday-078800_M66_502,M66,d0,12,13:30:25,13:30:25,403994,13.0,1
MQ_A5-Weekday-078800_M66_502,M66,d0,13,13:32:34,13:32:34,403995,10.0,1
MQ_A5-Weekday-078800_M66_502,M66,d0,14,13:34:00,13:34:00,403996,10.0,1
MQ_A5-Weekday-SDon-047600_M66_506,M66,d0,1,7:56:00,7:56:00,403487,16.0,1
MQ_A5-Weekday-SDon-047600_M66_506,M66,d0,2,7:56:53,7:56:53,403488,16.0,1
MQ_A5-Weekday-SDon-047600_M66_506,M66,d0,3,7:58:36,7:58:36,403489,16.0,2
MQ_A5-Weekday-SDon-047600_M66_506,M66,d0,4,7:59:29,7:59:29,403491,27.0,5
MQ_A5-Weekday-SDon-047600_M66_506,M66,d0,5,8:00:00,8:00:00,403573,67.0,5
MQ_A5-Weekday-SDon-047600_M66_506,M66,d0,6,8:01:35,8:01:35,403492,66.0,5
MQ_A5-Weekday-SDon-047600_M66_506,M66,d0,7,8:07:46,8:07:46,403494,51.0,4
MQ_A5-Weekday-SDon-047600_M66_506,M66,d0,8,8:09:00,8:09:00,404994,46.0,3
MQ_A5-Weekday-SDon-047600_M66_506,M66,d0,9,8:11:26,8:11:26,403495,42.0,3
MQ_A5-Weekday-SDon-047600_M66_506,M66,d0,10,8:15:00,8:15:00,403497,32.0,3
MQ_A5-Weekday-SDon-047600_M66_506,M66,d0,11,8:16:00,8:16:00,403993,42.0,3
MQ_A5-Weekday-SDon-047600_M66_506,M66,d0,12,8:17:01,8:17:01,403994,42.0,3
MQ_A5-Weekday-SDon-047600_M66_506,M66,d0,13,8:18:49,8:18:49,403995,15.0,1
MQ_A5-Weekday-SDon-047600_M66_506,M66,d0,14,8:20:00,8:20:00,403996,15.0,1
MQ_A5-Weekday-057800_M66_508,M66,d0,1,9:38:00,9:38:00,403487,8.0,1
MQ_A5-Weekday-057800_M66_508,M66,d0,2,9:38:53,9:38:53,403488,12.0,1
MQ_A5-Weekday-057800_M66_508,M66,d0,3,9:40:36,9:40:36,403489,12.0,2
MQ_A5-Weekday-057800_M66_508,M66,d0,4,9:41:29,9:41:29,403491,32.0,2
MQ_A5-Weekday-057800_M66_508,M66,d0,5,9:42:00,9:42:00,403573,32.0,3
MQ_A5-Weekday-057800_M66_508,M66,d0,6,9:43:35,9:43:35,403492,33.0,3
MQ_A5-Weekday-057800_M66_508,M66,d0,7,9:49:46,9:49:46,403494,31.0,2
MQ_A5-Weekday-057800_M66_508,M66,d0,8,9:51:00,9:51:00,404994,23.0,2
MQ_A5-Weekday-057800_M66_508,M66,d0,9,9:53:26,9:53:26,403495,27.0,2
MQ_A5-Weekday-057800_M66_508,M66,d0,10,9:57:00,9:57:00,403497,28.0,2
MQ_A5-Weekday-057800_M66_508,M66,d0,11,9:58:00,9:58:00,403993,9.0,2
MQ_A5-Weekday-057800_M66_508,M66,d0,12,9:59:01,9:59:01,403994,25.0,2
MQ_A5-Weekday-057800_M66_508,M66,d0,13,10:00:49,10:00:49,403995,6.0,1
MQ_A5-Weekday-057800_M66_508,M66,d0,14,10:02:00,10:02:00,403996,6.0,1
MQ_A5-Weekday-061200_M66_507,M66,d0,1,10:12:00,10:12:00,403497,4.0,1
MQ_A5-Weekday-061200_M66_507,M66,d0,2,10:13:00,10:13:00,403993,4.0,1
MQ_A5-Weekday-061200_M66_507,M66,d0,3,10:14:01,10:14:01,403994,4.0,1
MQ_A5-Weekday-061200_M66_507,M66,d0,4,10:15:49,10:15:49,403995,4.0,1
MQ_A5-Weekday-061200_M66_507,M66,d0,5,10:17:00,10:17:00,403996,4.0,1
MQ_A5-Weekday-SDon-133400_M66_520,M66,d0,1,22:14:00,22:14:00,403487,1.0,1
MQ_A5-Weekday-SDon-133400_M66_520,M66,d0,2,22:14:53,22:14:53,403488,5.0,3
MQ_A5-Weekday-SDon-133400_M66_520,M66,d0,3,22:16:36,22:16:36,403489,34.0,3
MQ_A5-Weekday-SDon-133400_M66_520,M66,d0,4,22:17:29,22:17:29,403491,13.0,3
MQ_A5-Weekday-SDon-133400_M66_520,M66,d0,5,22:18:00,22:18:00,403573,42.0,3
MQ_A5-Weekday-SDon-133400_M66_520,M66,d0,6,22:18:53,22:18:53,403492,42.0,3
MQ_A5-Weekday-SDon-133400_M66_520,M66,d0,7,22:22:19,22:22:19,403494,40.0,3
MQ_A5-Weekday-SDon-133400_M66_520,M66,d0,8,22:23:00,22:23:00,404994,33.0,3
MQ_A5-Weekday-SDon-133400_M66_520,M66,d0,9,22:24:37,22:24:37,403495,30.0,2
MQ_A5-Weekday-SDon-133400_M66_520,M66,d0,10,22:27:00,22:27:00,403497,19.0,2
MQ_A5-Weekday-SDon-133400_M66_520,M66,d0,11,22:27:48,22:27:48,403993,21.0,2
MQ_A5-Weekday-SDon-133400_M66_520,M66,d0,12,22:28:37,22:28:37,403994,21.0,2
MQ_A5-Weekday-SDon-133400_M66_520,M66,d0,13,22:30:03,22:30:03,403995,6.0,1
MQ_A5-Weekday-SDon-133400_M66_520,M66,d0,14,22:31:00,22:31:00,403996,6.0,1
MQ_A5-Weekday-SDon-039100_M66_502,M66,d0,1,6:31:00,6:31:00,403487,8.0,1
MQ_A5-Weekday-SDon-039100_M66_502,M66,d0,2,6:31:40,6:31:40,403488,8.0,1
MQ_A5-Weekday-SDon-039100_M66_502,M66,d0,3,6:32:57,6:32:57,403489,11.0,2
MQ_A5-Weekday-SDon-039100_M66_502,M66,d0,4,6:33:37,6:33:37,403491,18.0,2
MQ_A5-Weekday-SDon-039100_M66_502,M66,d0,5,6:34:00,6:34:00,403573,21.0,2
MQ_A5-Weekday-SDon-039100_M66_502,M66,d0,6,6:34:53,6:34:53,403492,28.0,2
MQ_A5-Weekday-SDon-039100_M66_502,M66,d0,7,6:38:19,6:38:19,403494,23.0,2
MQ_A5-Weekday-SDon-039100_M66_502,M66,d0,8,6:39:00,6:39:00,404994,25.0,2
MQ_A5-Weekday-SDon-039100_M66_502,M66,d0,9,6:41:02,6:41:02,403495,24.0,3
MQ_A5-Weekday-SDon-039100_M66_502,M66,d0,10,6:44:00,6:44:00,403497,46.0,3
MQ_A5-Weekday-SDon-039100_M66_502,M66,d0,11,6:44:48,6:44:48,403993,41.0,3
MQ_A5-Weekday-SDon-039100_M66_502,M66,d0,12,6:45:37,6:45:37,403994,42.0,3
MQ_A5-Weekday-SDon-039100_M66_502,M66,d0,13,6:47:03,6:47:03,403995,32.0,2
MQ_A5-Weekday-SDon-039100_M66_502,M66,d0,14,6:48:00,6:48:00,403996,32.0,2
MQ_A5-Weekday-SDon-106600_M66_523,M66,d0,1,17:46:00,17:46:00,403487,10.0,1
MQ_A5-Weekday-SDon-106600_M66_523,M66,d0,2,17:46:53,17:46:53,403488,10.0,1
MQ_A5-Weekday-SDon-106600_M66_523,M66,d0,3,17:48:36,17:48:36,403489,10.0,1
MQ_A5-Weekday-SDon-106600_M66_523,M66,d0,4,17:49:29,17:49:29,403491,16.0,2
MQ_A5-Weekday-SDon-106600_M66_523,M66,d0,5,17:50:00,17:50:00,403573,20.0,2
MQ_A5-Weekday-SDon-106600_M66_523,M66,d0,6,17:51:35,17:51:35,403492,20.0,2
MQ_A5-Weekday-SDon-106600_M66_523,M66,d0,7,17:57:46,17:57:46,403494,16.0,1
MQ_A5-Weekday-SDon-106600_M66_523,M66,d0,8,17:59:00,17:59:00,404994,12.0,2
MQ_A5-Weekday-SDon-106600_M66_523,M66,d0,9,18:00:37,18:00:37,403495,18.0,2
MQ_A5-Weekday-SDon-106600_M66_523,M66,d0,10,18:03:00,18:03:00,403497,18.0,2
MQ_A5-Weekday-SDon-106600_M66_523,M66,d0,11,18:04:00,18:04:00,403993,13.0,1
MQ_A5-Weekday-SDon-106600_M66_523,M66,d0,12,18:05:01,18:05:01,403994,10.0,1
MQ_A5-Weekday-SDon-106600_M66_523,M66,d0,13,18:06:49,18:06:49,403995,7.0,1
MQ_A5-Weekday-SDon-106600_M66_523,M66,d0,14,18:08:00,18:08:00,403996,7.0,1
MQ_A5-Weekday-SDon-090200_M66_518,M66,d0,1,15:02:00,15:02:00,403487,44.0,3
MQ_A5-Weekday-SDon-090200_M66_518,M66,d0,2,15:02:53,15:02:53,403488,44.0,3
MQ_A5-Weekday-SDon-090200_M66_518,M66,d0,3,15:04:36,15:04:36,403489,44.0,3
MQ_A5-Weekday-SDon-090200_M66_518,M66,d0,4,15:05:29,15:05:29,403491,44.0,3
MQ_A5-Weekday-SDon-090200_M66_518,M66,d0,5,15:06:00,15:06:00,403573,44.0,3
MQ_A5-Weekday-SDon-090200_M66_518,M66,d0,6,15:07:45,15:07:45,403492,44.0,3
MQ_A5-Weekday-SDon-090200_M66_518,M66,d0,7,15:14:38,15:14:38,403494,44.0,3
MQ_A5-Weekday-SDon-090200_M66_518,M66,d0,8,15:16:00,15:16:00,404994,44.0,3
MQ_A5-Weekday-SDon-090200_M66_518,M66,d0,9,15:18:26,15:18:26,403495,24.0,2
MQ_A5-Weekday-SDon-090200_M66_518,M66,d0,10,15:22:00,15:22:00,403497,24.0,2
MQ_A5-Weekday-SDon-090200_M66_518,M66,d0,11,15:23:12,15:23:12,403993,24.0,2
MQ_A5-Weekday-SDon-090200_M66_518,M66,d0,12,15:24:25,15:24:25,403994,24.0,2
MQ_A5-Weekday-SDon-090200_M66_518,M66,d0,13,15:26:34,15:26:34,403995,12.0,1
MQ_A5-Weekday-SDon-090200_M66_518,M66,d0,14,15:28:00,15:28:00,403996,12.0,1
MQ_A5-Weekday-103800_M66_510,M66,d0,1,17:18:00,17:18:00,403487,5.0,1
MQ_A5-Weekday-103800_M66_510,M66,d0,2,17:18:53,17:18:53,403488,5.0,1
MQ_A5-Weekday-103800_M66_510,M66,d0,3,17:20:36,17:20:36,403489,8.0,2
MQ_A5-Weekday-103800_M66_510,M66,d0,4,17:21:29,17:21:29,403491,18.0,2
MQ_A5-Weekday-103800_M66_510,M66,d0,5,17:22:00,17:22:00,403573,18.0,2
MQ_A5-Weekday-103800_M66_510,M66,d0,6,17:23:35,17:23:35,403492,17.0,2
MQ_A5-Weekday-103800_M66_510,M66,d0,7,17:29:46,17:29:46,403494,21.0,2
MQ_A5-Weekday-103800_M66_510,M66,d0,8,17:31:00,17:31:00,404994,21.0,2
MQ_A5-Weekday-103800_M66_510,M66,d0,9,17:32:37,17:32:37,403495,21.0,2
MQ_A5-Weekday-103800_M66_510,M66,d0,10,17:35:00,17:35:00,403497,21.0,2
MQ_A5-Weekday-103800_M66_510,M66,d0,11,17:36:00,17:36:00,403993,21.0,2
MQ_A5-Weekday-103800_M66_510,M66,d0,12,17:37:01,17:37:01,403994,9.0,1
MQ_A5-Weekday-103800_M66_510,M66,d0,13,17:38:49,17:38:49,403995,1.0,1
MQ_A5-Weekday-103800_M66_510,M66,d0,14,17:40:00,17:40:00,403996,1.0,1
MQ_A5-Weekday-048400_M66_501,M66,d0,1,8:04:00,8:04:00,403487,31.0,2
MQ_A5-Weekday-048400_M66_501,M66,d0,2,8:04:53,8:04:53,403488,31.0,2
MQ_A5-Weekday-048400_M66_501,M66,d0,3,8:06:36,8:06:36,403489,31.0,2
MQ_A5-Weekday-048400_M66_501,M66,d0,4,8:07:29,8:07:29,403491,31.0,2
MQ_A5-Weekday-048400_M66_501,M66,d0,5,8:08:00,8:08:00,403573,31.0,2
MQ_A5-Weekday-048400_M66_501,M66,d0,6,8:09:35,8:09:35,403492,31.0,2
MQ_A5-Weekday-048400_M66_501,M66,d0,7,8:15:46,8:15:46,403494,31.0,2
MQ_A5-Weekday-048400_M66_501,M66,d0,8,8:17:00,8:17:00,404994,31.0,2
MQ_A5-Weekday-048400_M66_501,M66,d0,9,8:19:26,8:19:26,403495,31.0,2
MQ_A5-Weekday-048400_M66_501,M66,d0,10,8:23:00,8:23:00,403497,31.0,2
MQ_A5-Weekday-048400_M66_501,M66,d0,11,8:24:00,8:24:00,403993,8.0,1
MQ_A5-Weekday-048400_M66_501,M66,d0,12,8:25:01,8:25:01,403994,9.0,1
MQ_A5-Weekday-048400_M66_501,M66,d0,13,8:26:49,8:26:49,403995,8.0,1
MQ_A5-Weekday-048400_M66_501,M66,d0,14,8:28:00,8:28:00,403996,8.0,1
MQ_A5-Weekday-142500_M66_522,M66,d0,1,23:45:00,23:45:00,403487,1.0,1
MQ_A5-Weekday-142500_M66_522,M66,d0,2,23:45:27,23:45:27,403488,1.0,1
MQ_A5-Weekday-142500_M66_522,M66,d0,3,23:46:18,23:46:18,403489,1.0,1
MQ_A5-Weekday-142500_M66_522,M66,d0,4,23:46:45,23:46:45,403491,4.0,1
MQ_A5-Weekday-142500_M66_522,M66,d0,5,23:47:00,23:47:00,403573,4.0,1
MQ_A5-Weekday-142500_M66_522,M66,d0,6,23:47:53,23:47:53,403492,4.0,1
MQ_A5-Weekday-142500_M66_522,M66,d0,7,23:51:19,23:51:19,403494,4.0,1
MQ_A5-Weekday-142500_M66_522,M66,d0,8,23:52:00,23:52:00,404994,4.0,1
MQ_A5-Weekday-142500_M66_522,M66,d0,9,23:52:49,23:52:49,403495,3.0,1
MQ_A5-Weekday-142500_M66_522,M66,d0,10,23:54:00,23:54:00,403497,3.0,1
MQ_A5-Weekday-142500_M66_522,M66,d0,11,23:54:36,23:54:36,403993,1.0,1
MQ_A5-Weekday-142500_M66_522,M66,d0,12,23:55:12,23:55:12,403994,3.0,1
MQ_A5-Weekday-142500_M66_522,M66,d0,13,23:56:17,23:56:17,403995,3.0,1
MQ_A5-Weekday-142500_M66_522,M66,d0,14,23:57:00,23:57:00,403996,3.0,1
MQ_A5-Weekday-SDon-099300_M66_512,M66,d0,1,16:33:00,16:33:00,403487,41.0,3
MQ_A5-Weekday-SDon-099300_M66_512,M66,d0,2,16:33:53,16:33:53,403488,41.0,3
MQ_A5-Weekday-SDon-099300_M66_512,M66,d0,3,16:35:36,16:35:36,403489,41.0,3
MQ_A5-Weekday-SDon-099300_M66_512,M66,d0,4,16:36:29,16:36:29,403491,13.0,4
MQ_A5-Weekday-SDon-099300_M66_512,M66,d0,5,16:37:00,16:37:00,403573,64.0,4
MQ_A5-Weekday-SDon-099300_M66_512,M66,d0,6,16:38:35,16:38:35,403492,64.0,4
MQ_A5-Weekday-SDon-099300_M66_512,M66,d0,7,16:44:46,16:44:46,403494,8.0,1
MQ_A5-Weekday-SDon-099300_M66_512,M66,d0,8,16:46:00,16:46:00,404994,8.0,4
MQ_A5-Weekday-SDon-099300_M66_512,M66,d0,9,16:47:37,16:47:37,403495,59.0,4
MQ_A5-Weekday-SDon-099300_M66_512,M66,d0,10,16:50:00,16:50:00,403497,59.0,4
MQ_A5-Weekday-SDon-099300_M66_512,M66,d0,11,16:51:00,16:51:00,403993,40.0,3
MQ_A5-Weekday-SDon-099300_M66_512,M66,d0,12,16:52:01,16:52:01,403994,40.0,3
MQ_A5-Weekday-SDon-099300_M66_512,M66,d0,13,16:53:49,16:53:49,403995,2.0,1
MQ_A5-Weekday-SDon-099300_M66_512,M66,d0,14,16:55:00,16:55:00,403996,2.0,1
MQ_A5-Weekday-SDon-111800_M66_522,M66,d0,1,18:38:00,18:38:00,403487,33.0,3
MQ_A5-Weekday-SDon-111800_M66_522,M66,d0,2,18:38:53,18:38:53,403488,10.0,3
MQ_A5-Weekday-SDon-111800_M66_522,M66,d0,3,18:40:36,18:40:36,403489,22.0,2
MQ_A5-Weekday-SDon-111800_M66_522,M66,d0,4,18:41:29,18:41:29,403491,26.0,2
MQ_A5-Weekday-SDon-111800_M66_522,M66,d0,5,18:42:00,18:42:00,403573,26.0,4
MQ_A5-Weekday-SDon-111800_M66_522,M66,d0,6,18:43:35,18:43:35,403492,52.0,4
MQ_A5-Weekday-SDon-111800_M66_522,M66,d0,7,18:49:46,18:49:46,403494,33.0,4
MQ_A5-Weekday-SDon-111800_M66_522,M66,d0,8,18:51:00,18:51:00,404994,50.0,4
MQ_A5-Weekday-SDon-111800_M66_522,M66,d0,9,18:52:37,18:52:37,403495,41.0,3
MQ_A5-Weekday-SDon-111800_M66_522,M66,d0,10,18:55:00,18:55:00,403497,39.0,3
MQ_A5-Weekday-SDon-111800_M66_522,M66,d0,11,18:56:00,18:56:00,403993,14.0,1
MQ_A5-Weekday-SDon-111800_M66_522,M66,d0,12,18:57:01,18:57:01,403994,14.0,2
MQ_A5-Weekday-SDon-111800_M66_522,M66,d0,13,18:58:49,18:58:49,403995,31.0,2
MQ_A5-Weekday-SDon-111800_M66_522,M66,d0,14,19:00:00,19:00:00,403996,31.0,2
MQ_A5-Weekday-SDon-104800_M66_522,M66,d0,1,17:28:00,17:28:00,403487,41.0,3
MQ_A5-Weekday-SDon-104800_M66_522,M66,d0,2,17:28:53,17:28:53,403488,41.0,3
MQ_A5-Weekday-SDon-104800_M66_522,M66,d0,3,17:30:36,17:30:36,403489,41.0,3
MQ_A5-Weekday-SDon-104800_M66_522,M66,d0,4,17:31:29,17:31:29,403491,41.0,3
MQ_A5-Weekday-SDon-104800_M66_522,M66,d0,5,17:32:00,17:32:00,403573,41.0,3
MQ_A5-Weekday-SDon-104800_M66_522,M66,d0,6,17:33:35,17:33:35,403492,41.0,3
MQ_A5-Weekday-SDon-104800_M66_522,M66,d0,7,17:39:46,17:39:46,403494,39.0,3
MQ_A5-Weekday-SDon-104800_M66_522,M66,d0,8,17:41:00,17:41:00,404994,6.0,1
MQ_A5-Weekday-SDon-104800_M66_522,M66,d0,9,17:42:37,17:42:37,403495,6.0,1
MQ_A5-Weekday-SDon-104800_M66_522,M66,d0,10,17:45:00,17:45:00,403497,6.0,1
MQ_A5-Weekday-SDon-104800_M66_522,M66,d0,11,17:46:00,17:46:00,403993,8.0,1
MQ_A5-Weekday-SDon-104800_M66_522,M66,d0,12,17:47:01,17:47:01,403994,5.0,1
MQ_A5-Weekday-SDon-104800_M66_522,M66,d0,13,17:48:49,17:48:49,403995,3.0,1
MQ_A5-Weekday-SDon-104800_M66_522,M66,d0,14,17:50:00,17:50:00,403996,3.0,1
MQ_A5-Weekday-058800_M66_509,M66,d0,1,9:48:00,9:48:00,403487,7.0,1
MQ_A5-Weekday-058800_M66_509,M66,d0,2,9:48:53,9:48:53,403488,7.0,1
MQ_A5-Weekday-058800_M66_509,M66,d0,3,9:50:36,9:50:36,403489,7.0,2
MQ_A5-Weekday-058800_M66_509,M66,d0,4,9:51:29,9:51:29,403491,29.0,2
MQ_A5-Weekday-058800_M66_509,M66,d0,5,9:52:00,9:52:00,403573,29.0,2
MQ_A5-Weekday-058800_M66_509,M66,d0,6,9:53:35,9:53:35,403492,28.0,2
MQ_A5-Weekday-058800_M66_509,M66,d0,7,9:59:46,9:59:46,403494,28.0,2
MQ_A5-Weekday-058800_M66_509,M66,d0,8,10:01:00,10:01:00,404994,28.0,2
MQ_A5-Weekday-058800_M66_509,M66,d0,9,10:03:26,10:03:26,403495,22.0,2
MQ_A5-Weekday-058800_M66_509,M66,d0,10,10:07:00,10:07:00,403497,21.0,2
MQ_A5-Weekday-058800_M66_509,M66,d0,11,10:08:00,10:08:00,403993,21.0,2
MQ_A5-Weekday-058800_M66_509,M66,d0,12,10:09:01,10:09:01,403994,21.0,2
MQ_A5-Weekday-058800_M66_509,M66,d0,13,10:10:49,10:10:49,403995,8.0,1
MQ_A5-Weekday-058800_M66_509,M66,d0,14,10:12:00,10:12:00,403996,8.0,1
MQ_A5-Weekday-102800_M66_514,M66,d0,1,17:08:00,17:08:00,403487,4.0,1
MQ_A5-Weekday-102800_M66_514,M66,d0,2,17:08:53,17:08:53,403488,9.0,1
MQ_A5-Weekday-102800_M66_514,M66,d0,3,17:10:36,17:10:36,403489,9.0,1
MQ_A5-Weekday-102800_M66_514,M66,d0,4,17:11:29,17:11:29,403491,13.0,1
MQ_A5-Weekday-102800_M66_514,M66,d0,5,17:12:00,17:12:00,403573,13.0,1
MQ_A5-Weekday-102800_M66_514,M66,d0,6,17:13:35,17:13:35,403492,13.0,1
MQ_A5-Weekday-102800_M66_514,M66,d0,7,17:19:46,17:19:46,403494,11.0,1
MQ_A5-Weekday-102800_M66_514,M66,d0,8,17:21:00,17:21:00,404994,11.0,1
MQ_A5-Weekday-102800_M66_514,M66,d0,9,17:22:37,17:22:37,403495,10.0,1
MQ_A5-Weekday-102800_M66_514,M66,d0,10,17:25:00,17:25:00,403497,4.0,1
MQ_A5-Weekday-102800_M66_514,M66,d0,11,17:26:00,17:26:00,403993,5.0,1
MQ_A5-Weekday-102800_M66_514,M66,d0,12,17:27:01,17:27:01,403994,5.0,1
MQ_A5-Weekday-102800_M66_514,M66,d0,13,17:28:49,17:28:49,403995,5.0,1
MQ_A5-Weekday-102800_M66_514,M66,d0,14,17:30:00,17:30:00,403996,5.0,1
MQ_A5-Weekday-SDon-096300_M66_510,M66,d0,1,16:03:00,16:03:00,403487,8.0,1
MQ_A5-Weekday-SDon-096300_M66_510,M66,d0,2,16:03:53,16:03:53,403488,8.0,1
MQ_A5-Weekday-SDon-096300_M66_510,M66,d0,3,16:05:36,16:05:36,403489,3.0,1
MQ_A5-Weekday-SDon-096300_M66_510,M66,d0,4,16:06:29,16:06:29,403491,1.0,2
MQ_A5-Weekday-SDon-096300_M66_510,M66,d0,5,16:07:00,16:07:00,403573,20.0,2
MQ_A5-Weekday-SDon-096300_M66_510,M66,d0,6,16:08:45,16:08:45,403492,26.0,2
MQ_A5-Weekday-SDon-096300_M66_510,M66,d0,7,16:15:38,16:15:38,403494,7.0,2
MQ_A5-Weekday-SDon-096300_M66_510,M66,d0,8,16:17:00,16:17:00,404994,21.0,2
MQ_A5-Weekday-SDon-096300_M66_510,M66,d0,9,16:19:26,16:19:26,403495,18.0,2
MQ_A5-Weekday-SDon-096300_M66_510,M66,d0,10,16:23:00,16:23:00,403497,6.0,1
MQ_A5-Weekday-SDon-096300_M66_510,M66,d0,11,16:24:12,16:24:12,403993,6.0,1
MQ_A5-Weekday-SDon-096300_M66_510,M66,d0,12,16:25:25,16:25:25,403994,6.0,1
MQ_A5-Weekday-SDon-096300_M66_510,M66,d0,13,16:27:34,16:27:34,403995,3.0,1
MQ_A5-Weekday-SDon-096300_M66_510,M66,d0,14,16:29:00,16:29:00,403996,3.0,1
MQ_A5-Weekday-071800_M66_514,M66,d0,1,11:58:00,11:58:00,403487,19.0,2
MQ_A5-Weekday-071800_M66_514,M66,d0,2,11:58:53,11:58:53,403488,19.0,2
MQ_A5-Weekday-071800_M66_514,M66,d0,3,12:00:36,12:00:36,403489,19.0,2
MQ_A5-Weekday-071800_M66_514,M66,d0,4,12:01:29,12:01:29,403491,24.0,2
MQ_A5-Weekday-071800_M66_514,M66,d0,5,12:02:00,12:02:00,403573,24.0,2
MQ_A5-Weekday-071800_M66_514,M66,d0,6,12:03:45,12:03:45,403492,13.0,1
MQ_A5-Weekday-071800_M66_514,M66,d0,7,12:10:38,12:10:38,403494,13.0,1
MQ_A5-Weekday-071800_M66_514,M66,d0,8,12:12:00,12:12:00,404994,9.0,1
MQ_A5-Weekday-071800_M66_514,M66,d0,9,12:14:26,12:14:26,403495,8.0,1
MQ_A5-Weekday-071800_M66_514,M66,d0,10,12:18:00,12:18:00,403497,4.0,1
MQ_A5-Weekday-071800_M66_514,M66,d0,11,12:19:12,12:19:12,403993,11.0,1
MQ_A5-Weekday-071800_M66_514,M66,d0,12,12:20:25,12:20:25,403994,6.0,1
MQ_A5-Weekday-071800_M66_514,M66,d0,13,12:22:34,12:22:34,403995,4.0,1
MQ_A5-Weekday-071800_M66_514,M66,d0,14,12:24:00,12:24:00,403996,4.0,1
MQ_A5-Weekday-SDon-059800_M66_510,M66,d0,1,9:58:00,9:58:00,403487,9.0,2
MQ_A5-Weekday-SDon-059800_M66_510,M66,d0,2,9:58:53,9:58:53,403488,18.0,2
MQ_A5-Weekday-SDon-059800_M66_510,M66,d0,3,10:00:36,10:00:36,403489,21.0,2
MQ_A5-Weekday-SDon-059800_M66_510,M66,d0,4,10:01:29,10:01:29,403491,21.0,3
MQ_A5-Weekday-SDon-059800_M66_510,M66,d0,5,10:02:00,10:02:00,403573,42.0,4
MQ_A5-Weekday-SDon-059800_M66_510,M66,d0,6,10:03:35,10:03:35,403492,49.0,4
MQ_A5-Weekday-SDon-059800_M66_510,M66,d0,7,10:09:46,10:09:46,403494,47.0,3
MQ_A5-Weekday-SDon-059800_M66_510,M66,d0,8,10:11:00,10:11:00,404994,40.0,3
MQ_A5-Weekday-SDon-059800_M66_510,M66,d0,9,10:13:26,10:13:26,403495,38.0,3
MQ_A5-Weekday-SDon-059800_M66_510,M66,d0,10,10:17:00,10:17:00,403497,20.0,2
MQ_A5-Weekday-SDon-059800_M66_510,M66,d0,11,10:18:00,10:18:00,403993,27.0,2
MQ_A5-Weekday-SDon-059800_M66_510,M66,d0,12,10:19:01,10:19:01,403994,25.0,2
MQ_A5-Weekday-SDon-059800_M66_510,M66,d0,13,10:20:49,10:20:49,403995,14.0,1
MQ_A5-Weekday-SDon-059800_M66_510,M66,d0,14,10:22:00,10:22:00,403996,14.0,1
MQ_A5-Weekday-SDon-098300_M66_506,M66,d0,1,16:23:00,16:23:00,403487,11.0,1
MQ_A5-Weekday-SDon-098300_M66_506,M66,d0,2,16:23:53,16:23:53,403488,11.0,1
MQ_A5-Weekday-SDon-098300_M66_506,M66,d0,3,16:25:36,16:25:36,403489,11.0,1
MQ_A5-Weekday-SDon-098300_M66_506,M66,d0,4,16:26:29,16:26:29,403491,11.0,1
MQ_A5-Weekday-SDon-098300_M66_506,M66,d0,5,16:27:00,16:27:00,403573,11.0,1
MQ_A5-Weekday-SDon-098300_M66_506,M66,d0,6,16:28:45,16:28:45,403492,13.0,1
MQ_A5-Weekday-SDon-098300_M66_506,M66,d0,7,16:35:38,16:35:38,403494,9.0,1
MQ_A5-Weekday-SDon-098300_M66_506,M66,d0,8,16:37:00,16:37:00,404994,13.0,1
MQ_A5-Weekday-SDon-098300_M66_506,M66,d0,9,16:38:37,16:38:37,403495,13.0,1
MQ_A5-Weekday-SDon-098300_M66_506,M66,d0,10,16:41:00,16:41:00,403497,5.0,1
MQ_A5-Weekday-SDon-098300_M66_506,M66,d0,11,16:42:00,16:42:00,403993,7.0,1
MQ_A5-Weekday-SDon-098300_M66_506,M66,d0,12,16:43:01,16:43:01,403994,4.0,1
MQ_A5-Weekday-SDon-098300_M66_506,M66,d0,13,16:44:49,16:44:49,403995,7.0,1
MQ_A5-Weekday-SDon-098300_M66_506,M66,d0,14,16:46:00,16:46:00,403996,7.0,1
MQ_A5-Weekday-062800_M66_513,M66,d0,1,10:28:00,10:28:00,403487,12.0,1
MQ_A5-Weekday-062800_M66_513,M66,d0,2,10:28:53,10:28:53,403488,12.0,3
MQ_A5-Weekday-062800_M66_513,M66,d0,3,10:30:36,10:30:36,403489,38.0,3
MQ_A5-Weekday-062800_M66_513,M66,d0,4,10:31:29,10:31:29,403491,40.0,3
MQ_A5-Weekday-062800_M66_513,M66,d0,5,10:32:00,10:32:00,403573,40.0,3
MQ_A5-Weekday-062800_M66_513,M66,d0,6,10:33:45,10:33:45,403492,36.0,3
MQ_A5-Weekday-062800_M66_513,M66,d0,7,10:40:38,10:40:38,403494,21.0,2
MQ_A5-Weekday-062800_M66_513,M66,d0,8,10:42:00,10:42:00,404994,31.0,2
MQ_A5-Weekday-062800_M66_513,M66,d0,9,10:44:26,10:44:26,403495,31.0,2
MQ_A5-Weekday-062800_M66_513,M66,d0,10,10:48:00,10:48:00,403497,26.0,2
MQ_A5-Weekday-062800_M66_513,M66,d0,11,10:49:12,10:49:12,403993,13.0,2
MQ_A5-Weekday-062800_M66_513,M66,d0,12,10:50:25,10:50:25,403994,22.0,2
MQ_A5-Weekday-062800_M66_513,M66,d0,13,10:52:34,10:52:34,403995,9.0,1
MQ_A5-Weekday-062800_M66_513,M66,d0,14,10:54:00,10:54:00,403996,9.0,1
MQ_A5-Weekday-SDon-131900_M66_521,M66,d0,1,21:59:00,21:59:00,403487,4.0,1
MQ_A5-Weekday-SDon-131900_M66_521,M66,d0,2,21:59:53,21:59:53,403488,2.0,1
MQ_A5-Weekday-SDon-131900_M66_521,M66,d0,3,22:01:36,22:01:36,403489,7.0,2
MQ_A5-Weekday-SDon-131900_M66_521,M66,d0,4,22:02:29,22:02:29,403491,24.0,2
MQ_A5-Weekday-SDon-131900_M66_521,M66,d0,5,22:03:00,22:03:00,403573,24.0,2
MQ_A5-Weekday-SDon-131900_M66_521,M66,d0,6,22:03:53,22:03:53,403492,24.0,2
MQ_A5-Weekday-SDon-131900_M66_521,M66,d0,7,22:07:19,22:07:19,403494,25.0,2
MQ_A5-Weekday-SDon-131900_M66_521,M66,d0,8,22:08:00,22:08:00,404994,25.0,2
MQ_A5-Weekday-SDon-131900_M66_521,M66,d0,9,22:09:37,22:09:37,403495,21.0,2
MQ_A5-Weekday-SDon-131900_M66_521,M66,d0,10,22:12:00,22:12:00,403497,13.0,1
MQ_A5-Weekday-SDon-131900_M66_521,M66,d0,11,22:12:48,22:12:48,403993,10.0,1
MQ_A5-Weekday-SDon-131900_M66_521,M66,d0,12,22:13:37,22:13:37,403994,8.0,1
MQ_A5-Weekday-SDon-131900_M66_521,M66,d0,13,22:15:03,22:15:03,403995,6.0,1
MQ_A5-Weekday-SDon-131900_M66_521,M66,d0,14,22:16:00,22:16:00,403996,6.0,1
MQ_A5-Weekday-SDon-065800_M66_508,M66,d0,1,10:58:00,10:58:00,403487,7.0,1
MQ_A5-Weekday-SDon-065800_M66_508,M66,d0,2,10:58:53,10:58:53,403488,7.0,1
MQ_A5-Weekday-SDon-065800_M66_508,M66,d0,3,11:00:36,11:00:36,403489,15.0,1
MQ_A5-Weekday-SDon-065800_M66_508,M66,d0,4,11:01:29,11:01:29,403491,16.0,1
MQ_A5-Weekday-SDon-065800_M66_508,M66,d0,5,11:02:00,11:02:00,403573,16.0,2
MQ_A5-Weekday-SDon-065800_M66_508,M66,d0,6,11:03:45,11:03:45,403492,31.0,2
MQ_A5-Weekday-SDon-065800_M66_508,M66,d0,7,11:10:38,11:10:38,403494,23.0,2
MQ_A5-Weekday-SDon-065800_M66_508,M66,d0,8,11:12:00,11:12:00,404994,26.0,2
MQ_A5-Weekday-SDon-065800_M66_508,M66,d0,9,11:14:26,11:14:26,403495,18.0,2
MQ_A5-Weekday-SDon-065800_M66_508,M66,d0,10,11:18:00,11:18:00,403497,16.0,1
MQ_A5-Weekday-SDon-065800_M66_508,M66,d0,11,11:19:12,11:19:12,403993,13.0,1
MQ_A5-Weekday-SDon-065800_M66_508,M66,d0,12,11:20:25,11:20:25,403994,12.0,1
MQ_A5-Weekday-SDon-065800_M66_508,M66,d0,13,11:22:34,11:22:34,403995,9.0,1
MQ_A5-Weekday-SDon-065800_M66_508,M66,d0,14,11:24:00,11:24:00,403996,9.0,1
MQ_A5-Weekday-SDon-056800_M66_507,M66,d0,1,9:28:00,9:28:00,403487,9.0,1
MQ_A5-Weekday-SDon-056800_M66_507,M66,d0,2,9:28:53,9:28:53,403488,9.0,2
MQ_A5-Weekday-SDon-056800_M66_507,M66,d0,3,9:30:36,9:30:36,403489,25.0,2
MQ_A5-Weekday-SDon-056800_M66_507,M66,d0,4,9:31:29,9:31:29,403491,25.0,3
MQ_A5-Weekday-SDon-056800_M66_507,M66,d0,5,9:32:00,9:32:00,403573,38.0,3
MQ_A5-Weekday-SDon-056800_M66_507,M66,d0,6,9:33:35,9:33:35,403492,34.0,3
MQ_A5-Weekday-SDon-056800_M66_507,M66,d0,7,9:39:46,9:39:46,403494,34.0,3
MQ_A5-Weekday-SDon-056800_M66_507,M66,d0,8,9:41:00,9:41:00,404994,26.0,2
MQ_A5-Weekday-SDon-056800_M66_507,M66,d0,9,9:43:26,9:43:26,403495,23.0,2
MQ_A5-Weekday-SDon-056800_M66_507,M66,d0,10,9:47:00,9:47:00,403497,25.0,2
MQ_A5-Weekday-SDon-056800_M66_507,M66,d0,11,9:48:00,9:48:00,403993,25.0,2
MQ_A5-Weekday-SDon-056800_M66_507,M66,d0,12,9:49:01,9:49:01,403994,17.0,2
MQ_A5-Weekday-SDon-056800_M66_507,M66,d0,13,9:50:49,9:50:49,403995,8.0,1
MQ_A5-Weekday-SDon-056800_M66_507,M66,d0,14,9:52:00,9:52:00,403996,8.0,1
MQ_A5-Weekday-097300_M66_508,M66,d0,1,16:13:00,16:13:00,403487,5.0,1
MQ_A5-Weekday-097300_M66_508,M66,d0,2,16:13:53,16:13:53,403488,5.0,1
MQ_A5-Weekday-097300_M66_508,M66,d0,3,16:15:36,16:15:36,403489,5.0,1
MQ_A5-Weekday-097300_M66_508,M66,d0,4,16:16:29,16:16:29,403491,14.0,1
MQ_A5-Weekday-097300_M66_508,M66,d0,5,16:17:00,16:17:00,403573,14.0,2
MQ_A5-Weekday-097300_M66_508,M66,d0,6,16:18:45,16:18:45,403492,20.0,2
MQ_A5-Weekday-097300_M66_508,M66,d0,7,16:25:38,16:25:38,403494,7.0,1
MQ_A5-Weekday-097300_M66_508,M66,d0,8,16:27:00,16:27:00,404994,5.0,1
MQ_A5-Weekday-097300_M66_508,M66,d0,9,16:29:26,16:29:26,403495,8.0,1
MQ_A5-Weekday-097300_M66_508,M66,d0,10,16:33:00,16:33:00,403497,8.0,1
MQ_A5-Weekday-097300_M66_508,M66,d0,11,16:34:00,16:34:00,403993,6.0,1
MQ_A5-Weekday-097300_M66_508,M66,d0,12,16:35:01,16:35:01,403994,4.0,1
MQ_A5-Weekday-097300_M66_508,M66,d0,13,16:36:49,16:36:49,403995,4.0,1
MQ_A5-Weekday-097300_M66_508,M66,d0,14,16:38:00,16:38:00,403996,4.0,1
MQ_A5-Weekday-SDon-054200_M66_512,M66,d0,1,9:02:00,9:02:00,403487,3.0,1
MQ_A5-Weekday-SDon-054200_M66_512,M66,d0,2,9:02:53,9:02:53,403488,8.0,1
MQ_A5-Weekday-SDon-054200_M66_512,M66,d0,3,9:04:36,9:04:36,403489,13.0,1
MQ_A5-Weekday-SDon-054200_M66_512,M66,d0,4,9:05:29,9:05:29,403491,13.0,3
MQ_A5-Weekday-SDon-054200_M66_512,M66,d0,5,9:06:00,9:06:00,403573,34.0,3
MQ_A5-Weekday-SDon-054200_M66_512,M66,d0,6,9:07:35,9:07:35,403492,41.0,3
MQ_A5-Weekday-SDon-054200_M66_512,M66,d0,7,9:13:46,9:13:46,403494,41.0,3
MQ_A5-Weekday-SDon-054200_M66_512,M66,d0,8,9:15:00,9:15:00,404994,33.0,3
MQ_A5-Weekday-SDon-054200_M66_512,M66,d0,9,9:17:26,9:17:26,403495,27.0,2
MQ_A5-Weekday-SDon-054200_M66_512,M66,d0,10,9:21:00,9:21:00,403497,29.0,2
MQ_A5-Weekday-SDon-054200_M66_512,M66,d0,11,9:22:00,9:22:00,403993,27.0,2
MQ_A5-Weekday-SDon-054200_M66_512,M66,d0,12,9:23:01,9:23:01,403994,22.0,2
MQ_A5-Weekday-SDon-054200_M66_512,M66,d0,13,9:24:49,9:24:49,403995,13.0,1
MQ_A5-Weekday-SDon-054200_M66_512,M66,d0,14,9:26:00,9:26:00,403996,13.0,1
MQ_A5-Weekday-SDon-049200_M66_507,M66,d0,1,8:12:00,8:12:00,403487,13.0,1
MQ_A5-Weekday-SDon-049200_M66_507,M66,d0,2,8:12:53,8:12:53,403488,13.0,2
MQ_A5-Weekday-SDon-049200_M66_507,M66,d0,3,8:14:36,8:14:36,403489,20.0,2
MQ_A5-Weekday-SDon-049200_M66_507,M66,d0,4,8:15:29,8:15:29,403491,20.0,3
MQ_A5-Weekday-SDon-049200_M66_507,M66,d0,5,8:16:00,8:16:00,403573,48.0,3
MQ_A5-Weekday-SDon-049200_M66_507,M66,d0,6,8:17:35,8:17:35,403492,48.0,3
MQ_A5-Weekday-SDon-049200_M66_507,M66,d0,7,8:23:46,8:23:46,403494,42.0,3
MQ_A5-Weekday-SDon-049200_M66_507,M66,d0,8,8:25:00,8:25:00,404994,42.0,3
MQ_A5-Weekday-SDon-049200_M66_507,M66,d0,9,8:27:26,8:27:26,403495,42.0,3
MQ_A5-Weekday-SDon-049200_M66_507,M66,d0,10,8:31:00,8:31:00,403497,42.0,3
MQ_A5-Weekday-SDon-049200_M66_507,M66,d0,11,8:32:00,8:32:00,403993,4.0,3
MQ_A5-Weekday-SDon-049200_M66_507,M66,d0,12,8:33:01,8:33:01,403994,42.0,3
MQ_A5-Weekday-SDon-049200_M66_507,M66,d0,13,8:34:49,8:34:49,403995,17.0,2
MQ_A5-Weekday-SDon-049200_M66_507,M66,d0,14,8:36:00,8:36:00,403996,17.0,2
MQ_A5-Weekday-SDon-051800_M66_510,M66,d0,1,8:38:00,8:38:00,403487,2.0,1
MQ_A5-Weekday-SDon-051800_M66_510,M66,d0,2,8:38:53,8:38:53,403488,2.0,3
MQ_A5-Weekday-SDon-051800_M66_510,M66,d0,3,8:40:36,8:40:36,403489,36.0,3
MQ_A5-Weekday-SDon-051800_M66_510,M66,d0,4,8:41:29,8:41:29,403491,7.0,3
MQ_A5-Weekday-SDon-051800_M66_510,M66,d0,5,8:42:00,8:42:00,403573,35.0,3
MQ_A5-Weekday-SDon-051800_M66_510,M66,d0,6,8:43:35,8:43:35,403492,45.0,3
MQ_A5-Weekday-SDon-051800_M66_510,M66,d0,7,8:49:46,8:49:46,403494,41.0,3
MQ_A5-Weekday-SDon-051800_M66_510,M66,d0,8,8:51:00,8:51:00,404994,41.0,3
MQ_A5-Weekday-SDon-051800_M66_510,M66,d0,9,8:53:26,8:53:26,403495,37.0,3
MQ_A5-Weekday-SDon-051800_M66_510,M66,d0,10,8:57:00,8:57:00,403497,27.0,2
MQ_A5-Weekday-SDon-051800_M66_510,M66,d0,11,8:58:00,8:58:00,403993,17.0,2
MQ_A5-Weekday-SDon-051800_M66_510,M66,d0,12,8:59:01,8:59:01,403994,21.0,2
MQ_A5-Weekday-SDon-051800_M66_510,M66,d0,13,9:00:49,9:00:49,403995,12.0,1
MQ_A5-Weekday-SDon-051800_M66_510,M66,d0,14,9:02:00,9:02:00,403996,12.0,1
MQ_A5-Weekday-064800_M66_501,M66,d0,1,10:48:00,10:48:00,403487,9.0,1
MQ_A5-Weekday-064800_M66_501,M66,d0,2,10:48:53,10:48:53,403488,9.0,1
MQ_A5-Weekday-064800_M66_501,M66,d0,3,10:50:36,10:50:36,403489,15.0,2
MQ_A5-Weekday-064800_M66_501,M66,d0,4,10:51:29,10:51:29,403491,19.0,2
MQ_A5-Weekday-064800_M66_501,M66,d0,5,10:52:00,10:52:00,403573,19.0,2
MQ_A5-Weekday-064800_M66_501,M66,d0,6,10:53:45,10:53:45,403492,23.0,2
MQ_A5-Weekday-064800_M66_501,M66,d0,7,11:00:38,11:00:38,403494,19.0,2
MQ_A5-Weekday-064800_M66_501,M66,d0,8,11:02:00,11:02:00,404994,17.0,2
MQ_A5-Weekday-064800_M66_501,M66,d0,9,11:04:26,11:04:26,403495,14.0,1
MQ_A5-Weekday-064800_M66_501,M66,d0,10,11:08:00,11:08:00,403497,14.0,1
MQ_A5-Weekday-064800_M66_501,M66,d0,11,11:09:12,11:09:12,403993,14.0,1
MQ_A5-Weekday-064800_M66_501,M66,d0,12,11:10:25,11:10:25,403994,7.0,1
MQ_A5-Weekday-064800_M66_501,M66,d0,13,11:12:34,11:12:34,403995,7.0,1
MQ_A5-Weekday-064800_M66_501,M66,d0,14,11:14:00,11:14:00,403996,7.0,1
MQ_A5-Weekday-113400_M66_523,M66,d0,1,18:54:00,18:54:00,403487,25.0,2
MQ_A5-Weekday-113400_M66_523,M66,d0,2,18:54:53,18:54:53,403488,25.0,2
MQ_A5-Weekday-113400_M66_523,M66,d0,3,18:56:36,18:56:36,403489,31.0,3
MQ_A5-Weekday-113400_M66_523,M66,d0,4,18:57:29,18:57:29,403491,33.0,3
MQ_A5-Weekday-113400_M66_523,M66,d0,5,18:58:00,18:58:00,403573,33.0,3
MQ_A5-Weekday-113400_M66_523,M66,d0,6,18:59:35,18:59:35,403492,38.0,3
MQ_A5-Weekday-113400_M66_523,M66,d0,7,19:05:46,19:05:46,403494,38.0,3
MQ_A5-Weekday-113400_M66_523,M66,d0,8,19:07:00,19:07:00,404994,22.0,3
MQ_A5-Weekday-113400_M66_523,M66,d0,9,19:08:37,19:08:37,403495,36.0,3
MQ_A5-Weekday-113400_M66_523,M66,d0,10,19:11:00,19:11:00,403497,16.0,1
MQ_A5-Weekday-113400_M66_523,M66,d0,11,19:11:48,19:11:48,403993,14.0,2
MQ_A5-Weekday-113400_M66_523,M66,d0,12,19:12:37,19:12:37,403994,29.0,2
MQ_A5-Weekday-113400_M66_523,M66,d0,13,19:14:03,19:14:03,403995,18.0,2
MQ_A5-Weekday-113400_M66_523,M66,d0,14,19:15:00,19:15:00,403996,18.0,2
MQ_A5-Weekday-048000_M66_513,M66,d0,1,8:00:00,8:00:00,403487,9.0,1
MQ_A5-Weekday-048000_M66_513,M66,d0,2,8:00:53,8:00:53,403488,9.0,1
MQ_A5-Weekday-048000_M66_513,M66,d0,3,8:02:36,8:02:36,403489,9.0,1
MQ_A5-Weekday-048000_M66_513,M66,d0,4,8:03:29,8:03:29,403491,9.0,1
MQ_A5-Weekday-048000_M66_513,M66,d0,5,8:04:00,8:04:00,403573,9.0,1
MQ_A5-Weekday-048000_M66_513,M66,d0,6,8:05:35,8:05:35,403492,9.0,1
MQ_A5-Weekday-048000_M66_513,M66,d0,7,8:11:46,8:11:46,403494,9.0,1
MQ_A5-Weekday-048000_M66_513,M66,d0,8,8:13:00,8:13:00,404994,9.0,1
MQ_A5-Weekday-048000_M66_513,M66,d0,9,8:15:26,8:15:26,403495,9.0,1
MQ_A5-Weekday-048000_M66_513,M66,d0,10,8:19:00,8:19:00,403497,9.0,1
MQ_A5-Weekday-048000_M66_513,M66,d0,11,8:20:00,8:20:00,403993,9.0,1
MQ_A5-Weekday-048000_M66_513,M66,d0,12,8:21:01,8:21:01,403994,9.0,1
MQ_A5-Weekday-048000_M66_513,M66,d0,13,8:22:49,8:22:49,403995,1.0,1
MQ_A5-Weekday-048000_M66_513,M66,d0,14,8:24:00,8:24:00,403996,1.0,1
MQ_A5-Weekday-036700_M66_501,M66,d0,1,6:07:00,6:07:00,403487,5.0,1
MQ_A5-Weekday-036700_M66_501,M66,d0,2,6:07:40,6:07:40,403488,5.0,1
MQ_A5-Weekday-036700_M66_501,M66,d0,3,6:08:57,6:08:57,403489,15.0,1
MQ_A5-Weekday-036700_M66_501,M66,d0,4,6:09:37,6:09:37,403491,15.0,1
MQ_A5-Weekday-036700_M66_501,M66,d0,5,6:10:00,6:10:00,403573,15.0,1
MQ_A5-Weekday-036700_M66_501,M66,d0,6,6:10:42,6:10:42,403492,15.0,2
MQ_A5-Weekday-036700_M66_501,M66,d0,7,6:13:27,6:13:27,403494,17.0,2
MQ_A5-Weekday-036700_M66_501,M66,d0,8,6:14:00,6:14:00,404994,14.0,1
MQ_A5-Weekday-036700_M66_501,M66,d0,9,6:15:37,6:15:37,403495,16.0,2
MQ_A5-Weekday-036700_M66_501,M66,d0,10,6:18:00,6:18:00,403497,29.0,2
MQ_A5-Weekday-036700_M66_501,M66,d0,11,6:18:36,6:18:36,403993,29.0,2
MQ_A5-Weekday-036700_M66_501,M66,d0,12,6:19:12,6:19:12,403994,29.0,2
MQ_A5-Weekday-036700_M66_501,M66,d0,13,6:20:17,6:20:17,403995,27.0,2
MQ_A5-Weekday-036700_M66_501,M66,d0,14,6:21:00,6:21:00,403996,27.0,2
MQ_A5-Weekday-030000_M66_502,M66,d0,1,5:00:00,5:00:00,403487,1.0,1
MQ_A5-Weekday-030000_M66_502,M66,d0,2,5:00:27,5:00:27,403488,1.0,1
MQ_A5-Weekday-030000_M66_502,M66,d0,3,5:01:18,5:01:18,403489,1.0,1
MQ_A5-Weekday-030000_M66_502,M66,d0,4,5:01:45,5:01:45,403491,6.0,1
MQ_A5-Weekday-030000_M66_502,M66,d0,5,5:02:00,5:02:00,403573,6.0,1
MQ_A5-Weekday-030000_M66_502,M66,d0,6,5:02:42,5:02:42,403492,7.0,1
MQ_A5-Weekday-030000_M66_502,M66,d0,7,5:05:27,5:05:27,403494,7.0,1
MQ_A5-Weekday-030000_M66_502,M66,d0,8,5:06:00,5:06:00,404994,7.0,1
MQ_A5-Weekday-030000_M66_502,M66,d0,9,5:06:49,5:06:49,403495,7.0,1
MQ_A5-Weekday-030000_M66_502,M66,d0,10,5:08:00,5:08:00,403497,7.0,1
MQ_A5-Weekday-030000_M66_502,M66,d0,11,5:08:24,5:08:24,403993,7.0,1
MQ_A5-Weekday-030000_M66_502,M66,d0,12,5:08:48,5:08:48,403994,5.0,1
MQ_A5-Weekday-030000_M66_502,M66,d0,13,5:09:32,5:09:32,403995,4.0,1
MQ_A5-Weekday-030000_M66_502,M66,d0,14,5:10:00,5:10:00,403996,4.0,1
MQ_A5-Weekday-SDon-140900_M66_523,M66,d0,1,23:29:00,23:29:00,403487,2.0,1
MQ_A5-Weekday-SDon-140900_M66_523,M66,d0,2,23:29:40,23:29:40,403488,3.0,1
MQ_A5-Weekday-SDon-140900_M66_523,M66,d0,3,23:30:57,23:30:57,403489,5.0,1
MQ_A5-Weekday-SDon-140900_M66_523,M66,d0,4,23:31:37,23:31:37,403491,6.0,1
MQ_A5-Weekday-SDon-140900_M66_523,M66,d0,5,23:32:00,23:32:00,403573,5.0,1
MQ_A5-Weekday-SDon-140900_M66_523,M66,d0,6,23:32:53,23:32:53,403492,5.0,1
MQ_A5-Weekday-SDon-140900_M66_523,M66,d0,7,23:36:19,23:36:19,403494,6.0,1
MQ_A5-Weekday-SDon-140900_M66_523,M66,d0,8,23:37:00,23:37:00,404994,6.0,1
MQ_A5-Weekday-SDon-140900_M66_523,M66,d0,9,23:37:49,23:37:49,403495,6.0,1
MQ_A5-Weekday-SDon-140900_M66_523,M66,d0,10,23:39:00,23:39:00,403497,3.0,1
MQ_A5-Weekday-SDon-140900_M66_523,M66,d0,11,23:39:36,23:39:36,403993,2.0,1
MQ_A5-Weekday-SDon-140900_M66_523,M66,d0,12,23:40:12,23:40:12,403994,2.0,1
MQ_A5-Weekday-SDon-140900_M66_523,M66,d0,13,23:41:17,23:41:17,403995,1.0,1
MQ_A5-Weekday-SDon-140900_M66_523,M66,d0,14,23:42:00,23:42:00,403996,1.0,1
MQ_A5-Weekday-129200_M66_523,M66,d0,1,21:32:00,21:32:00,403487,25.0,2
MQ_A5-Weekday-129200_M66_523,M66,d0,2,21:32:53,21:32:53,403488,25.0,2
MQ_A5-Weekday-129200_M66_523,M66,d0,3,21:34:36,21:34:36,403489,28.0,2
MQ_A5-Weekday-129200_M66_523,M66,d0,4,21:35:29,21:35:29,403491,4.0,5
MQ_A5-Weekday-129200_M66_523,M66,d0,5,21:36:00,21:36:00,403573,76.0,5
MQ_A5-Weekday-129200_M66_523,M66,d0,6,21:36:53,21:36:53,403492,77.0,5
MQ_A5-Weekday-129200_M66_523,M66,d0,7,21:40:19,21:40:19,403494,77.0,5
MQ_A5-Weekday-129200_M66_523,M66,d0,8,21:41:00,21:41:00,404994,74.0,5
MQ_A5-Weekday-129200_M66_523,M66,d0,9,21:42:37,21:42:37,403495,70.0,5
MQ_A5-Weekday-129200_M66_523,M66,d0,10,21:45:00,21:45:00,403497,9.0,4
MQ_A5-Weekday-129200_M66_523,M66,d0,11,21:45:48,21:45:48,403993,62.0,4
MQ_A5-Weekday-129200_M66_523,M66,d0,12,21:46:37,21:46:37,403994,9.0,2
MQ_A5-Weekday-129200_M66_523,M66,d0,13,21:48:03,21:48:03,403995,30.0,2
MQ_A5-Weekday-129200_M66_523,M66,d0,14,21:49:00,21:49:00,403996,30.0,2
MQ_A5-Weekday-063800_M66_514,M66,d0,1,10:38:00,10:38:00,403487,8.0,1
MQ_A5-Weekday-063800_M66_514,M66,d0,2,10:38:53,10:38:53,403488,8.0,1
MQ_A5-Weekday-063800_M66_514,M66,d0,3,10:40:36,10:40:36,403489,12.0,2
MQ_A5-Weekday-063800_M66_514,M66,d0,4,10:41:29,10:41:29,403491,30.0,2
MQ_A5-Weekday-063800_M66_514,M66,d0,5,10:42:00,10:42:00,403573,30.0,2
MQ_A5-Weekday-063800_M66_514,M66,d0,6,10:43:45,10:43:45,403492,30.0,2
MQ_A5-Weekday-063800_M66_514,M66,d0,7,10:50:38,10:50:38,403494,28.0,2
MQ_A5-Weekday-063800_M66_514,M66,d0,8,10:52:00,10:52:00,404994,10.0,2
MQ_A5-Weekday-063800_M66_514,M66,d0,9,10:54:26,10:54:26,403495,26.0,2
MQ_A5-Weekday-063800_M66_514,M66,d0,10,10:58:00,10:58:00,403497,26.0,2
MQ_A5-Weekday-063800_M66_514,M66,d0,11,10:59:12,10:59:12,403993,15.0,1
MQ_A5-Weekday-063800_M66_514,M66,d0,12,11:00:25,11:00:25,403994,5.0,1
MQ_A5-Weekday-063800_M66_514,M66,d0,13,11:02:34,11:02:34,403995,12.0,1
MQ_A5-Weekday-063800_M66_514,M66,d0,14,11:04:00,11:04:00,403996,12.0,1
MQ_A5-Weekday-041700_M66_506,M66,d0,1,6:57:00,6:57:00,403487,3.0,1
MQ_A5-Weekday-041700_M66_506,M66,d0,2,6:57:40,6:57:40,403488,5.0,1
MQ_A5-Weekday-041700_M66_506,M66,d0,3,6:58:57,6:58:57,403489,5.0,1
MQ_A5-Weekday-041700_M66_506,M66,d0,4,6:59:37,6:59:37,403491,15.0,1
MQ_A5-Weekday-041700_M66_506,M66,d0,5,7:00:00,7:00:00,403573,15.0,2
MQ_A5-Weekday-041700_M66_506,M66,d0,6,7:00:53,7:00:53,403492,18.0,2
MQ_A5-Weekday-041700_M66_506,M66,d0,7,7:04:19,7:04:19,403494,21.0,2
MQ_A5-Weekday-041700_M66_506,M66,d0,8,7:05:00,7:05:00,404994,21.0,2
MQ_A5-Weekday-041700_M66_506,M66,d0,9,7:07:26,7:07:26,403495,21.0,2
MQ_A5-Weekday-041700_M66_506,M66,d0,10,7:11:00,7:11:00,403497,30.0,2
MQ_A5-Weekday-041700_M66_506,M66,d0,11,7:12:00,7:12:00,403993,30.0,2
MQ_A5-Weekday-041700_M66_506,M66,d0,12,7:13:01,7:13:01,403994,30.0,2
MQ_A5-Weekday-041700_M66_506,M66,d0,13,7:14:49,7:14:49,403995,30.0,2
MQ_A5-Weekday-041700_M66_506,M66,d0,14,7:16:00,7:16:00,403996,30.0,2
MQ_A5-Weekday-055400_M66_513,M66,d0,1,9:14:00,9:14:00,403487,6.0,1
MQ_A5-Weekday-055400_M66_513,M66,d0,2,9:14:53,9:14:53,403488,6.0,1
MQ_A5-Weekday-055400_M66_513,M66,d0,3,9:16:36,9:16:36,403489,9.0,2
MQ_A5-Weekday-055400_M66_513,M66,d0,4,9:17:29,9:17:29,403491,17.0,2
MQ_A5-Weekday-055400_M66_513,M66,d0,5,9:18:00,9:18:00,403573,17.0,2
MQ_A5-Weekday-055400_M66_513,M66,d0,6,9:19:35,9:19:35,403492,12.0,1
MQ_A5-Weekday-055400_M66_513,M66,d0,7,9:25:46,9:25:46,403494,12.0,1
MQ_A5-Weekday-055400_M66_513,M66,d0,8,9:27:00,9:27:00,404994,12.0,1
MQ_A5-Weekday-055400_M66_513,M66,d0,9,9:29:26,9:29:26,403495,12.0,1
MQ_A5-Weekday-055400_M66_513,M66,d0,10,9:33:00,9:33:00,403497,12.0,1
MQ_A5-Weekday-055400_M66_513,M66,d0,11,9:34:00,9:34:00,403993,16.0,1
MQ_A5-Weekday-055400_M66_513,M66,d0,12,9:35:01,9:35:01,403994,16.0,1
MQ_A5-Weekday-055400_M66_513,M66,d0,13,9:36:49,9:36:49,403995,1.0,1
MQ_A5-Weekday-055400_M66_513,M66,d0,14,9:38:00,9:38:00,403996,1.0,1
MQ_A5-Weekday-SDon-049600_M66_504,M66,d0,1,8:16:00,8:16:00,403487,1.0,1
MQ_A5-Weekday-SDon-049600_M66_504,M66,d0,2,8:16:53,8:16:53,403488,8.0,2
MQ_A5-Weekday-SDon-049600_M66_504,M66,d0,3,8:18:36,8:18:36,403489,17.0,2
MQ_A5-Weekday-SDon-049600_M66_504,M66,d0,4,8:19:29,8:19:29,403491,18.0,3
MQ_A5-Weekday-SDon-049600_M66_504,M66,d0,5,8:20:00,8:20:00,403573,41.0,3
MQ_A5-Weekday-SDon-049600_M66_504,M66,d0,6,8:21:35,8:21:35,403492,30.0,2
MQ_A5-Weekday-SDon-049600_M66_504,M66,d0,7,8:27:46,8:27:46,403494,30.0,2
MQ_A5-Weekday-SDon-049600_M66_504,M66,d0,8,8:29:00,8:29:00,404994,27.0,2
MQ_A5-Weekday-SDon-049600_M66_504,M66,d0,9,8:31:26,8:31:26,403495,24.0,3
MQ_A5-Weekday-SDon-049600_M66_504,M66,d0,10,8:35:00,8:35:00,403497,46.0,3
MQ_A5-Weekday-SDon-049600_M66_504,M66,d0,11,8:36:00,8:36:00,403993,9.0,2
MQ_A5-Weekday-SDon-049600_M66_504,M66,d0,12,8:37:01,8:37:01,403994,22.0,2
MQ_A5-Weekday-SDon-049600_M66_504,M66,d0,13,8:38:49,8:38:49,403995,6.0,1
MQ_A5-Weekday-SDon-049600_M66_504,M66,d0,14,8:40:00,8:40:00,403996,6.0,1
MQ_A5-Weekday-SDon-040100_M66_505,M66,d0,1,6:41:00,6:41:00,403487,5.0,1
MQ_A5-Weekday-SDon-040100_M66_505,M66,d0,2,6:41:40,6:41:40,403488,5.0,1
MQ_A5-Weekday-SDon-040100_M66_505,M66,d0,3,6:42:57,6:42:57,403489,10.0,1
MQ_A5-Weekday-SDon-040100_M66_505,M66,d0,4,6:43:37,6:43:37,403491,10.0,2
MQ_A5-Weekday-SDon-040100_M66_505,M66,d0,5,6:44:00,6:44:00,403573,30.0,3
MQ_A5-Weekday-SDon-040100_M66_505,M66,d0,6,6:44:53,6:44:53,403492,34.0,3
MQ_A5-Weekday-SDon-040100_M66_505,M66,d0,7,6:48:19,6:48:19,403494,35.0,3
MQ_A5-Weekday-SDon-040100_M66_505,M66,d0,8,6:49:00,6:49:00,404994,30.0,2
MQ_A5-Weekday-SDon-040100_M66_505,M66,d0,9,6:51:02,6:51:02,403495,30.0,3
MQ_A5-Weekday-SDon-040100_M66_505,M66,d0,10,6:54:00,6:54:00,403497,45.0,3
MQ_A5-Weekday-SDon-040100_M66_505,M66,d0,11,6:54:48,6:54:48,403993,21.0,2
MQ_A5-Weekday-SDon-040100_M66_505,M66,d0,12,6:55:37,6:55:37,403994,21.0,2
MQ_A5-Weekday-SDon-040100_M66_505,M66,d0,13,6:57:03,6:57:03,403995,25.0,2
MQ_A5-Weekday-SDon-040100_M66_505,M66,d0,14,6:58:00,6:58:00,403996,25.0,2
MQ_A5-Weekday-SDon-095800_M66_520,M66,d0,1,15:58:00,15:58:00,403487,14.0,1
MQ_A5-Weekday-SDon-095800_M66_520,M66,d0,2,15:58:53,15:58:53,403488,14.0,2
MQ_A5-Weekday-SDon-095800_M66_520,M66,d0,3,16:00:36,16:00:36,403489,29.0,2
MQ_A5-Weekday-SDon-095800_M66_520,M66,d0,4,16:01:29,16:01:29,403491,19.0,2
MQ_A5-Weekday-SDon-095800_M66_520,M66,d0,5,16:02:00,16:02:00,403573,30.0,3
MQ_A5-Weekday-SDon-095800_M66_520,M66,d0,6,16:03:45,16:03:45,403492,35.0,3
MQ_A5-Weekday-SDon-095800_M66_520,M66,d0,7,16:10:38,16:10:38,403494,34.0,3
MQ_A5-Weekday-SDon-095800_M66_520,M66,d0,8,16:12:00,16:12:00,404994,34.0,3
MQ_A5-Weekday-SDon-095800_M66_520,M66,d0,9,16:14:26,16:14:26,403495,29.0,2
MQ_A5-Weekday-SDon-095800_M66_520,M66,d0,10,16:18:00,16:18:00,403497,18.0,2
MQ_A5-Weekday-SDon-095800_M66_520,M66,d0,11,16:19:12,16:19:12,403993,14.0,1
MQ_A5-Weekday-SDon-095800_M66_520,M66,d0,12,16:20:25,16:20:25,403994,4.0,1
MQ_A5-Weekday-SDon-095800_M66_520,M66,d0,13,16:22:34,16:22:34,403995,4.0,1
MQ_A5-Weekday-SDon-095800_M66_520,M66,d0,14,16:24:00,16:24:00,403996,4.0,1
MQ_A5-Weekday-SDon-100300_M66_505,M66,d0,1,16:43:00,16:43:00,403487,15.0,1
MQ_A5-Weekday-SDon-100300_M66_505,M66,d0,2,16:43:53,16:43:53,403488,15.0,1
MQ_A5-Weekday-SDon-100300_M66_505,M66,d0,3,16:45:36,16:45:36,403489,15.0,1
MQ_A5-Weekday-SDon-100300_M66_505,M66,d0,4,16:46:29,16:46:29,403491,15.0,1
MQ_A5-Weekday-SDon-100300_M66_505,M66,d0,5,16:47:00,16:47:00,403573,6.0,1
MQ_A5-Weekday-SDon-100300_M66_505,M66,d0,6,16:48:35,16:48:35,403492,11.0,1
MQ_A5-Weekday-SDon-100300_M66_505,M66,d0,7,16:54:46,16:54:46,403494,10.0,1
MQ_A5-Weekday-SDon-100300_M66_505,M66,d0,8,16:56:00,16:56:00,404994,10.0,1
MQ_A5-Weekday-SDon-100300_M66_505,M66,d0,9,16:57:37,16:57:37,403495,10.0,1
MQ_A5-Weekday-SDon-100300_M66_505,M66,d0,10,17:00:00,17:00:00,403497,5.0,1
MQ_A5-Weekday-SDon-100300_M66_505,M66,d0,11,17:01:00,17:01:00,403993,5.0,1
MQ_A5-Weekday-SDon-100300_M66_505,M66,d0,12,17:02:01,17:02:01,403994,5.0,1
MQ_A5-Weekday-SDon-100300_M66_505,M66,d0,13,17:03:49,17:03:49,403995,1.0,1
MQ_A5-Weekday-SDon-100300_M66_505,M66,d0,14,17:05:00,17:05:00,403996,1.0,1
MQ_A5-Weekday-052400_M66_505,M66,d0,1,8:44:00,8:44:00,403487,8.0,1
MQ_A5-Weekday-052400_M66_505,M66,d0,2,8:44:53,8:44:53,403488,11.0,2
MQ_A5-Weekday-052400_M66_505,M66,d0,3,8:46:36,8:46:36,403489,26.0,2
MQ_A5-Weekday-052400_M66_505,M66,d0,4,8:47:29,8:47:29,403491,26.0,2
MQ_A5-Weekday-052400_M66_505,M66,d0,5,8:48:00,8:48:00,403573,26.0,2
MQ_A5-Weekday-052400_M66_505,M66,d0,6,8:49:35,8:49:35,403492,29.0,2
MQ_A5-Weekday-052400_M66_505,M66,d0,7,8:55:46,8:55:46,403494,29.0,2
MQ_A5-Weekday-052400_M66_505,M66,d0,8,8:57:00,8:57:00,404994,25.0,2
MQ_A5-Weekday-052400_M66_505,M66,d0,9,8:59:26,8:59:26,403495,23.0,2
MQ_A5-Weekday-052400_M66_505,M66,d0,10,9:03:00,9:03:00,403497,30.0,2
MQ_A5-Weekday-052400_M66_505,M66,d0,11,9:04:00,9:04:00,403993,29.0,2
MQ_A5-Weekday-052400_M66_505,M66,d0,12,9:05:01,9:05:01,403994,29.0,2
MQ_A5-Weekday-052400_M66_505,M66,d0,13,9:06:49,9:06:49,403995,14.0,1
MQ_A5-Weekday-052400_M66_505,M66,d0,14,9:08:00,9:08:00,403996,14.0,1
MQ_A5-Weekday-077800_M66_505,M66,d0,1,12:58:00,12:58:00,403487,4.0,1
MQ_A5-Weekday-077800_M66_505,M66,d0,2,12:58:53,12:58:53,403488,7.0,1
MQ_A5-Weekday-077800_M66_505,M66,d0,3,13:00:36,13:00:36,403489,11.0,3
MQ_A5-Weekday-077800_M66_505,M66,d0,4,13:01:29,13:01:29,403491,37.0,3
MQ_A5-Weekday-077800_M66_505,M66,d0,5,13:02:00,13:02:00,403573,37.0,3
MQ_A5-Weekday-077800_M66_505,M66,d0,6,13:03:45,13:03:45,403492,24.0,3
MQ_A5-Weekday-077800_M66_505,M66,d0,7,13:10:38,13:10:38,403494,41.0,3
MQ_A5-Weekday-077800_M66_505,M66,d0,8,13:12:00,13:12:00,404994,20.0,2
MQ_A5-Weekday-077800_M66_505,M66,d0,9,13:14:26,13:14:26,403495,32.0,2
MQ_A5-Weekday-077800_M66_505,M66,d0,10,13:18:00,13:18:00,403497,20.0,2
MQ_A5-Weekday-077800_M66_505,M66,d0,11,13:19:12,13:19:12,403993,20.0,2
MQ_A5-Weekday-077800_M66_505,M66,d0,12,13:20:25,13:20:25,403994,20.0,2
MQ_A5-Weekday-077800_M66_505,M66,d0,13,13:22:34,13:22:34,403995,13.0,1
MQ_A5-Weekday-077800_M66_505,M66,d0,14,13:24:00,13:24:00,403996,13.0,1
MQ_A5-Weekday-SDon-107200_M66_521,M66,d0,1,17:52:00,17:52:00,403487,11.0,1
MQ_A5-Weekday-SDon-107200_M66_521,M66,d0,2,17:52:53,17:52:53,403488,11.0,2
MQ_A5-Weekday-SDon-107200_M66_521,M66,d0,3,17:54:36,17:54:36,403489,22.0,2
MQ_A5-Weekday-SDon-107200_M66_521,M66,d0,4,17:55:29,17:55:29,403491,6.0,2
MQ_A5-Weekday-SDon-107200_M66_521,M66,d0,5,17:56:00,17:56:00,403573,31.0,3
MQ_A5-Weekday-SDon-107200_M66_521,M66,d0,6,17:57:35,17:57:35,403492,42.0,3
MQ_A5-Weekday-SDon-107200_M66_521,M66,d0,7,18:03:46,18:03:46,403494,44.0,3
MQ_A5-Weekday-SDon-107200_M66_521,M66,d0,8,18:05:00,18:05:00,404994,35.0,3
MQ_A5-Weekday-SDon-107200_M66_521,M66,d0,9,18:06:37,18:06:37,403495,28.0,2
MQ_A5-Weekday-SDon-107200_M66_521,M66,d0,10,18:09:00,18:09:00,403497,26.0,2
MQ_A5-Weekday-SDon-107200_M66_521,M66,d0,11,18:10:00,18:10:00,403993,18.0,2
MQ_A5-Weekday-SDon-107200_M66_521,M66,d0,12,18:11:01,18:11:01,403994,15.0,1
MQ_A5-Weekday-SDon-107200_M66_521,M66,d0,13,18:12:49,18:12:49,403995,10.0,1
MQ_A5-Weekday-SDon-107200_M66_521,M66,d0,14,18:14:00,18:14:00,403996,10.0,1
MQ_A5-Weekday-SDon-109400_M66_511,M66,d0,1,18:14:00,18:14:00,403487,15.0,1
MQ_A5-Weekday-SDon-109400_M66_511,M66,d0,2,18:14:53,18:14:53,403488,15.0,1
MQ_A5-Weekday-SDon-109400_M66_511,M66,d0,3,18:16:36,18:16:36,403489,15.0,1
MQ_A5-Weekday-SDon-109400_M66_511,M66,d0,4,18:17:29,18:17:29,403491,15.0,1
MQ_A5-Weekday-SDon-109400_M66_511,M66,d0,5,18:18:00,18:18:00,403573,8.0,2
MQ_A5-Weekday-SDon-109400_M66_511,M66,d0,6,18:19:35,18:19:35,403492,17.0,2
MQ_A5-Weekday-SDon-109400_M66_511,M66,d0,7,18:25:46,18:25:46,403494,16.0,1
MQ_A5-Weekday-SDon-109400_M66_511,M66,d0,8,18:27:00,18:27:00,404994,15.0,2
MQ_A5-Weekday-SDon-109400_M66_511,M66,d0,9,18:28:37,18:28:37,403495,20.0,2
MQ_A5-Weekday-SDon-109400_M66_511,M66,d0,10,18:31:00,18:31:00,403497,18.0,2
MQ_A5-Weekday-SDon-109400_M66_511,M66,d0,11,18:32:00,18:32:00,403993,13.0,1
MQ_A5-Weekday-SDon-109400_M66_511,M66,d0,12,18:33:01,18:33:01,403994,9.0,1
MQ_A5-Weekday-SDon-109400_M66_511,M66,d0,13,18:34:49,18:34:49,403995,7.0,1
MQ_A5-Weekday-SDon-109400_M66_511,M66,d0,14,18:36:00,18:36:00,403996,7.0,1
MQ_A5-Weekday-114400_M66_521,M66,d0,1,19:04:00,19:04:00,403487,6.0,1
MQ_A5-Weekday-114400_M66_521,M66,d0,2,19:05:07,19:05:07,403488,6.0,1
MQ_A5-Weekday-114400_M66_521,M66,d0,3,19:07:15,19:07:15,403489,11.0,2
MQ_A5-Weekday-114400_M66_521,M66,d0,4,19:08:22,19:08:22,403491,18.0,2
MQ_A5-Weekday-114400_M66_521,M66,d0,5,19:09:00,19:09:00,403573,18.0,2
MQ_A5-Weekday-114400_M66_521,M66,d0,6,19:10:14,19:10:14,403492,18.0,2
MQ_A5-Weekday-114400_M66_521,M66,d0,7,19:15:03,19:15:03,403494,18.0,2
MQ_A5-Weekday-114400_M66_521,M66,d0,8,19:16:00,19:16:00,404994,18.0,2
MQ_A5-Weekday-114400_M66_521,M66,d0,9,19:17:37,19:17:37,403495,18.0,2
MQ_A5-Weekday-114400_M66_521,M66,d0,10,19:20:00,19:20:00,403497,18.0,2
MQ_A5-Weekday-114400_M66_521,M66,d0,11,19:20:48,19:20:48,403993,1.0,1
MQ_A5-Weekday-114400_M66_521,M66,d0,12,19:21:37,19:21:37,403994,1.0,1
MQ_A5-Weekday-114400_M66_521,M66,d0,13,19:23:03,19:23:03,403995,1.0,1
MQ_A5-Weekday-114400_M66_521,M66,d0,14,19:24:00,19:24:00,403996,1.0,1
MQ_A5-Weekday-SDon-106000_M66_512,M66,d0,1,17:40:00,17:40:00,403487,3.0,1
MQ_A5-Weekday-SDon-106000_M66_512,M66,d0,2,17:40:53,17:40:53,403488,3.0,1
MQ_A5-Weekday-SDon-106000_M66_512,M66,d0,3,17:42:36,17:42:36,403489,8.0,2
MQ_A5-Weekday-SDon-106000_M66_512,M66,d0,4,17:43:29,17:43:29,403491,21.0,4
MQ_A5-Weekday-SDon-106000_M66_512,M66,d0,5,17:44:00,17:44:00,403573,52.0,4
MQ_A5-Weekday-SDon-106000_M66_512,M66,d0,6,17:45:35,17:45:35,403492,50.0,4
MQ_A5-Weekday-SDon-106000_M66_512,M66,d0,7,17:51:46,17:51:46,403494,14.0,1
MQ_A5-Weekday-SDon-106000_M66_512,M66,d0,8,17:53:00,17:53:00,404994,13.0,3
MQ_A5-Weekday-SDon-106000_M66_512,M66,d0,9,17:54:37,17:54:37,403495,48.0,3
MQ_A5-Weekday-SDon-106000_M66_512,M66,d0,10,17:57:00,17:57:00,403497,5.0,2
MQ_A5-Weekday-SDon-106000_M66_512,M66,d0,11,17:58:00,17:58:00,403993,30.0,2
MQ_A5-Weekday-SDon-106000_M66_512,M66,d0,12,17:59:01,17:59:01,403994,30.0,2
MQ_A5-Weekday-SDon-106000_M66_512,M66,d0,13,18:00:49,18:00:49,403995,28.0,2
MQ_A5-Weekday-SDon-106000_M66_512,M66,d0,14,18:02:00,18:02:00,403996,28.0,2
MQ_A5-Weekday-076800_M66_515,M66,d0,1,12:48:00,12:48:00,403487,3.0,1
MQ_A5-Weekday-076800_M66_515,M66,d0,2,12:48:53,12:48:53,403488,3.0,1
MQ_A5-Weekday-076800_M66_515,M66,d0,3,12:50:36,12:50:36,403489,10.0,2
MQ_A5-Weekday-076800_M66_515,M66,d0,4,12:51:29,12:51:29,403491,25.0,2
MQ_A5-Weekday-076800_M66_515,M66,d0,5,12:52:00,12:52:00,403573,25.0,2
MQ_A5-Weekday-076800_M66_515,M66,d0,6,12:53:45,12:53:45,403492,25.0,2
MQ_A5-Weekday-076800_M66_515,M66,d0,7,13:00:38,13:00:38,403494,25.0,2
MQ_A5-Weekday-076800_M66_515,M66,d0,8,13:02:00,13:02:00,404994,24.0,2
MQ_A5-Weekday-076800_M66_515,M66,d0,9,13:04:26,13:04:26,403495,22.0,2
MQ_A5-Weekday-076800_M66_515,M66,d0,10,13:08:00,13:08:00,403497,24.0,2
MQ_A5-Weekday-076800_M66_515,M66,d0,11,13:09:12,13:09:12,403993,4.0,2
MQ_A5-Weekday-076800_M66_515,M66,d0,12,13:10:25,13:10:25,403994,20.0,2
MQ_A5-Weekday-076800_M66_515,M66,d0,13,13:12:34,13:12:34,403995,1.0,1
MQ_A5-Weekday-076800_M66_515,M66,d0,14,13:14:00,13:14:00,403996,1.0,1
MQ_A5-Weekday-SDon-128000_M66_520,M66,d0,1,21:20:00,21:20:00,403487,1.0,1
MQ_A5-Weekday-SDon-128000_M66_520,M66,d0,2,21:20:53,21:20:53,403488,4.0,1
MQ_A5-Weekday-SDon-128000_M66_520,M66,d0,3,21:22:36,21:22:36,403489,5.0,1
MQ_A5-Weekday-SDon-128000_M66_520,M66,d0,4,21:23:29,21:23:29,403491,3.0,2
MQ_A5-Weekday-SDon-128000_M66_520,M66,d0,5,21:24:00,21:24:00,403573,19.0,2
MQ_A5-Weekday-SDon-128000_M66_520,M66,d0,6,21:24:53,21:24:53,403492,9.0,2
MQ_A5-Weekday-SDon-128000_M66_520,M66,d0,7,21:28:19,21:28:19,403494,17.0,2
MQ_A5-Weekday-SDon-128000_M66_520,M66,d0,8,21:29:00,21:29:00,404994,11.0,1
MQ_A5-Weekday-SDon-128000_M66_520,M66,d0,9,21:30:37,21:30:37,403495,11.0,1
MQ_A5-Weekday-SDon-128000_M66_520,M66,d0,10,21:33:00,21:33:00,403497,12.0,1
MQ_A5-Weekday-SDon-128000_M66_520,M66,d0,11,21:33:48,21:33:48,403993,5.0,1
MQ_A5-Weekday-SDon-128000_M66_520,M66,d0,12,21:34:37,21:34:37,403994,2.0,1
MQ_A5-Weekday-SDon-128000_M66_520,M66,d0,13,21:36:03,21:36:03,403995,5.0,1
MQ_A5-Weekday-SDon-128000_M66_520,M66,d0,14,21:37:00,21:37:00,403996,5.0,1
MQ_A5-Weekday-080800_M66_510,M66,d0,1,13:28:00,13:28:00,403487,7.0,1
MQ_A5-Weekday-080800_M66_510,M66,d0,2,13:28:53,13:28:53,403488,7.0,1
MQ_A5-Weekday-080800_M66_510,M66,d0,3,13:30:36,13:30:36,403489,7.0,1
MQ_A5-Weekday-080800_M66_510,M66,d0,4,13:31:29,13:31:29,403491,16.0,1
MQ_A5-Weekday-080800_M66_510,M66,d0,5,13:32:00,13:32:00,403573,16.0,2
MQ_A5-Weekday-080800_M66_510,M66,d0,6,13:33:45,13:33:45,403492,21.0,2
MQ_A5-Weekday-080800_M66_510,M66,d0,7,13:40:38,13:40:38,403494,21.0,2
MQ_A5-Weekday-080800_M66_510,M66,d0,8,13:42:00,13:42:00,404994,15.0,2
MQ_A5-Weekday-080800_M66_510,M66,d0,9,13:44:26,13:44:26,403495,18.0,2
MQ_A5-Weekday-080800_M66_510,M66,d0,10,13:48:00,13:48:00,403497,9.0,1
MQ_A5-Weekday-080800_M66_510,M66,d0,11,13:49:12,13:49:12,403993,15.0,1
MQ_A5-Weekday-080800_M66_510,M66,d0,12,13:50:25,13:50:25,403994,6.0,1
MQ_A5-Weekday-080800_M66_510,M66,d0,13,13:52:34,13:52:34,403995,6.0,1
MQ_A5-Weekday-080800_M66_510,M66,d0,14,13:54:00,13:54:00,403996,6.0,1
MQ_A5-Weekday-079800_M66_517,M66,d0,1,13:18:00,13:18:00,403487,10.0,1
MQ_A5-Weekday-079800_M66_517,M66,d0,2,13:18:53,13:18:53,403488,10.0,1
MQ_A5-Weekday-079800_M66_517,M66,d0,3,13:20:36,13:20:36,403489,10.0,1
MQ_A5-Weekday-079800_M66_517,M66,d0,4,13:21:29,13:21:29,403491,14.0,1
MQ_A5-Weekday-079800_M66_517,M66,d0,5,13:22:00,13:22:00,403573,14.0,2
MQ_A5-Weekday-079800_M66_517,M66,d0,6,13:23:45,13:23:45,403492,17.0,2
MQ_A5-Weekday-079800_M66_517,M66,d0,7,13:30:38,13:30:38,403494,14.0,1
MQ_A5-Weekday-079800_M66_517,M66,d0,8,13:32:00,13:32:00,404994,14.0,1
MQ_A5-Weekday-079800_M66_517,M66,d0,9,13:34:26,13:34:26,403495,14.0,2
MQ_A5-Weekday-079800_M66_517,M66,d0,10,13:38:00,13:38:00,403497,23.0,2
MQ_A5-Weekday-079800_M66_517,M66,d0,11,13:39:12,13:39:12,403993,7.0,1
MQ_A5-Weekday-079800_M66_517,M66,d0,12,13:40:25,13:40:25,403994,14.0,1
MQ_A5-Weekday-079800_M66_517,M66,d0,13,13:42:34,13:42:34,403995,8.0,1
MQ_A5-Weekday-079800_M66_517,M66,d0,14,13:44:00,13:44:00,403996,8.0,1
MQ_A5-Weekday-SDon-077800_M66_505,M66,d0,1,12:58:00,12:58:00,403487,5.0,2
MQ_A5-Weekday-SDon-077800_M66_505,M66,d0,2,12:58:53,12:58:53,403488,26.0,2
MQ_A5-Weekday-SDon-077800_M66_505,M66,d0,3,13:00:36,13:00:36,403489,26.0,2
MQ_A5-Weekday-SDon-077800_M66_505,M66,d0,4,13:01:29,13:01:29,403491,26.0,2
MQ_A5-Weekday-SDon-077800_M66_505,M66,d0,5,13:02:00,13:02:00,403573,6.0,2
MQ_A5-Weekday-SDon-077800_M66_505,M66,d0,6,13:03:45,13:03:45,403492,29.0,2
MQ_A5-Weekday-SDon-077800_M66_505,M66,d0,7,13:10:38,13:10:38,403494,30.0,2
MQ_A5-Weekday-SDon-077800_M66_505,M66,d0,8,13:12:00,13:12:00,404994,30.0,2
MQ_A5-Weekday-SDon-077800_M66_505,M66,d0,9,13:14:26,13:14:26,403495,15.0,2
MQ_A5-Weekday-SDon-077800_M66_505,M66,d0,10,13:18:00,13:18:00,403497,17.0,2
MQ_A5-Weekday-SDon-077800_M66_505,M66,d0,11,13:19:12,13:19:12,403993,13.0,1
MQ_A5-Weekday-SDon-077800_M66_505,M66,d0,12,13:20:25,13:20:25,403994,13.0,1
MQ_A5-Weekday-SDon-077800_M66_505,M66,d0,13,13:22:34,13:22:34,403995,9.0,1
MQ_A5-Weekday-SDon-077800_M66_505,M66,d0,14,13:24:00,13:24:00,403996,9.0,1
MQ_A5-Weekday-SDon-052400_M66_505,M66,d0,1,8:44:00,8:44:00,403487,14.0,1
MQ_A5-Weekday-SDon-052400_M66_505,M66,d0,2,8:44:53,8:44:53,403488,14.0,2
MQ_A5-Weekday-SDon-052400_M66_505,M66,d0,3,8:46:36,8:46:36,403489,18.0,2
MQ_A5-Weekday-SDon-052400_M66_505,M66,d0,4,8:47:29,8:47:29,403491,4.0,2
MQ_A5-Weekday-SDon-052400_M66_505,M66,d0,5,8:48:00,8:48:00,403573,23.0,2
MQ_A5-Weekday-SDon-052400_M66_505,M66,d0,6,8:49:35,8:49:35,403492,23.0,2
MQ_A5-Weekday-SDon-052400_M66_505,M66,d0,7,8:55:46,8:55:46,403494,18.0,2
MQ_A5-Weekday-SDon-052400_M66_505,M66,d0,8,8:57:00,8:57:00,404994,21.0,2
MQ_A5-Weekday-SDon-052400_M66_505,M66,d0,9,8:59:26,8:59:26,403495,21.0,3
MQ_A5-Weekday-SDon-052400_M66_505,M66,d0,10,9:03:00,9:03:00,403497,37.0,3
MQ_A5-Weekday-SDon-052400_M66_505,M66,d0,11,9:04:00,9:04:00,403993,26.0,2
MQ_A5-Weekday-SDon-052400_M66_505,M66,d0,12,9:05:01,9:05:01,403994,30.0,2
MQ_A5-Weekday-SDon-052400_M66_505,M66,d0,13,9:06:49,9:06:49,403995,27.0,2
MQ_A5-Weekday-SDon-052400_M66_505,M66,d0,14,9:08:00,9:08:00,403996,27.0,2
MQ_A5-Weekday-109400_M66_511,M66,d0,1,18:14:00,18:14:00,403487,6.0,1
MQ_A5-Weekday-109400_M66_511,M66,d0,2,18:14:53,18:14:53,403488,6.0,1
MQ_A5-Weekday-109400_M66_511,M66,d0,3,18:16:36,18:16:36,403489,6.0,1
MQ_A5-Weekday-109400_M66_511,M66,d0,4,18:17:29,18:17:29,403491,14.0,1
MQ_A5-Weekday-109400_M66_511,M66,d0,5,18:18:00,18:18:00,403573,14.0,2
MQ_A5-Weekday-109400_M66_511,M66,d0,6,18:19:35,18:19:35,403492,19.0,2
MQ_A5-Weekday-109400_M66_511,M66,d0,7,18:25:46,18:25:46,403494,17.0,2
MQ_A5-Weekday-109400_M66_511,M66,d0,8,18:27:00,18:27:00,404994,17.0,2
MQ_A5-Weekday-109400_M66_511,M66,d0,9,18:28:37,18:28:37,403495,19.0,2
MQ_A5-Weekday-109400_M66_511,M66,d0,10,18:31:00,18:31:00,403497,17.0,2
MQ_A5-Weekday-109400_M66_511,M66,d0,11,18:32:00,18:32:00,403993,14.0,1
MQ_A5-Weekday-109400_M66_511,M66,d0,12,18:33:01,18:33:01,403994,9.0,1
MQ_A5-Weekday-109400_M66_511,M66,d0,13,18:34:49,18:34:49,403995,7.0,1
MQ_A5-Weekday-109400_M66_511,M66,d0,14,18:36:00,18:36:00,403996,7.0,1
MQ_A5-Weekday-SDon-076800_M66_515,M66,d0,1,12:48:00,12:48:00,403487,6.0,1
MQ_A5-Weekday-SDon-076800_M66_515,M66,d0,2,12:48:53,12:48:53,403488,5.0,2
MQ_A5-Weekday-SDon-076800_M66_515,M66,d0,3,12:50:36,12:50:36,403489,29.0,2
MQ_A5-Weekday-SDon-076800_M66_515,M66,d0,4,12:51:29,12:51:29,403491,8.0,2
MQ_A5-Weekday-SDon-076800_M66_515,M66,d0,5,12:52:00,12:52:00,403573,24.0,3
MQ_A5-Weekday-SDon-076800_M66_515,M66,d0,6,12:53:45,12:53:45,403492,34.0,3
MQ_A5-Weekday-SDon-076800_M66_515,M66,d0,7,13:00:38,13:00:38,403494,25.0,2
MQ_A5-Weekday-SDon-076800_M66_515,M66,d0,8,13:02:00,13:02:00,404994,27.0,2
MQ_A5-Weekday-SDon-076800_M66_515,M66,d0,9,13:04:26,13:04:26,403495,27.0,3
MQ_A5-Weekday-SDon-076800_M66_515,M66,d0,10,13:08:00,13:08:00,403497,33.0,3
MQ_A5-Weekday-SDon-076800_M66_515,M66,d0,11,13:09:12,13:09:12,403993,33.0,3
MQ_A5-Weekday-SDon-076800_M66_515,M66,d0,12,13:10:25,13:10:25,403994,9.0,1
MQ_A5-Weekday-SDon-076800_M66_515,M66,d0,13,13:12:34,13:12:34,403995,7.0,1
MQ_A5-Weekday-SDon-076800_M66_515,M66,d0,14,13:14:00,13:14:00,403996,7.0,1
MQ_A5-Weekday-106000_M66_512,M66,d0,1,17:40:00,17:40:00,403487,24.0,2
MQ_A5-Weekday-106000_M66_512,M66,d0,2,17:40:53,17:40:53,403488,24.0,2
MQ_A5-Weekday-106000_M66_512,M66,d0,3,17:42:36,17:42:36,403489,24.0,2
MQ_A5-Weekday-106000_M66_512,M66,d0,4,17:43:29,17:43:29,403491,24.0,2
MQ_A5-Weekday-106000_M66_512,M66,d0,5,17:44:00,17:44:00,403573,5.0,1
MQ_A5-Weekday-106000_M66_512,M66,d0,6,17:45:35,17:45:35,403492,5.0,1
MQ_A5-Weekday-106000_M66_512,M66,d0,7,17:51:46,17:51:46,403494,5.0,1
MQ_A5-Weekday-106000_M66_512,M66,d0,8,17:53:00,17:53:00,404994,5.0,1
MQ_A5-Weekday-106000_M66_512,M66,d0,9,17:54:37,17:54:37,403495,5.0,1
MQ_A5-Weekday-106000_M66_512,M66,d0,10,17:57:00,17:57:00,403497,5.0,1
MQ_A5-Weekday-106000_M66_512,M66,d0,11,17:58:00,17:58:00,403993,5.0,1
MQ_A5-Weekday-106000_M66_512,M66,d0,12,17:59:01,17:59:01,403994,3.0,1
MQ_A5-Weekday-106000_M66_512,M66,d0,13,18:00:49,18:00:49,403995,3.0,1
MQ_A5-Weekday-106000_M66_512,M66,d0,14,18:02:00,18:02:00,403996,3.0,1
MQ_A5-Weekday-SDon-114400_M66_521,M66,d0,1,19:04:00,19:04:00,403487,1.0,1
MQ_A5-Weekday-SDon-114400_M66_521,M66,d0,2,19:05:07,19:05:07,403488,3.0,1
MQ_A5-Weekday-SDon-114400_M66_521,M66,d0,3,19:07:15,19:07:15,403489,5.0,1
MQ_A5-Weekday-SDon-114400_M66_521,M66,d0,4,19:08:22,19:08:22,403491,15.0,2
MQ_A5-Weekday-SDon-114400_M66_521,M66,d0,5,19:09:00,19:09:00,403573,20.0,2
MQ_A5-Weekday-SDon-114400_M66_521,M66,d0,6,19:10:14,19:10:14,403492,20.0,2
MQ_A5-Weekday-SDon-114400_M66_521,M66,d0,7,19:15:03,19:15:03,403494,18.0,2
MQ_A5-Weekday-SDon-114400_M66_521,M66,d0,8,19:16:00,19:16:00,404994,17.0,2
MQ_A5-Weekday-SDon-114400_M66_521,M66,d0,9,19:17:37,19:17:37,403495,19.0,2
MQ_A5-Weekday-SDon-114400_M66_521,M66,d0,10,19:20:00,19:20:00,403497,13.0,1
MQ_A5-Weekday-SDon-114400_M66_521,M66,d0,11,19:20:48,19:20:48,403993,12.0,1
MQ_A5-Weekday-SDon-114400_M66_521,M66,d0,12,19:21:37,19:21:37,403994,11.0,1
MQ_A5-Weekday-SDon-114400_M66_521,M66,d0,13,19:23:03,19:23:03,403995,7.0,1
MQ_A5-Weekday-SDon-114400_M66_521,M66,d0,14,19:24:00,19:24:00,403996,7.0,1
MQ_A5-Weekday-128000_M66_520,M66,d0,1,21:20:00,21:20:00,403487,2.0,1
MQ_A5-Weekday-128000_M66_520,M66,d0,2,21:20:53,21:20:53,403488,15.0,1
MQ_A5-Weekday-128000_M66_520,M66,d0,3,21:22:36,21:22:36,403489,15.0,1
MQ_A5-Weekday-128000_M66_520,M66,d0,4,21:23:29,21:23:29,403491,3.0,3
MQ_A5-Weekday-128000_M66_520,M66,d0,5,21:24:00,21:24:00,403573,39.0,3
MQ_A5-Weekday-128000_M66_520,M66,d0,6,21:24:53,21:24:53,403492,41.0,3
MQ_A5-Weekday-128000_M66_520,M66,d0,7,21:28:19,21:28:19,403494,41.0,3
MQ_A5-Weekday-128000_M66_520,M66,d0,8,21:29:00,21:29:00,404994,40.0,3
MQ_A5-Weekday-128000_M66_520,M66,d0,9,21:30:37,21:30:37,403495,36.0,3
MQ_A5-Weekday-128000_M66_520,M66,d0,10,21:33:00,21:33:00,403497,35.0,3
MQ_A5-Weekday-128000_M66_520,M66,d0,11,21:33:48,21:33:48,403993,18.0,2
MQ_A5-Weekday-128000_M66_520,M66,d0,12,21:34:37,21:34:37,403994,18.0,2
MQ_A5-Weekday-128000_M66_520,M66,d0,13,21:36:03,21:36:03,403995,9.0,1
MQ_A5-Weekday-128000_M66_520,M66,d0,14,21:37:00,21:37:00,403996,9.0,1
MQ_A5-Weekday-SDon-079800_M66_517,M66,d0,1,13:18:00,13:18:00,403487,4.0,1
MQ_A5-Weekday-SDon-079800_M66_517,M66,d0,2,13:18:53,13:18:53,403488,4.0,1
MQ_A5-Weekday-SDon-079800_M66_517,M66,d0,3,13:20:36,13:20:36,403489,13.0,1
MQ_A5-Weekday-SDon-079800_M66_517,M66,d0,4,13:21:29,13:21:29,403491,13.0,3
MQ_A5-Weekday-SDon-079800_M66_517,M66,d0,5,13:22:00,13:22:00,403573,37.0,3
MQ_A5-Weekday-SDon-079800_M66_517,M66,d0,6,13:23:45,13:23:45,403492,16.0,1
MQ_A5-Weekday-SDon-079800_M66_517,M66,d0,7,13:30:38,13:30:38,403494,16.0,1
MQ_A5-Weekday-SDon-079800_M66_517,M66,d0,8,13:32:00,13:32:00,404994,16.0,1
MQ_A5-Weekday-SDon-079800_M66_517,M66,d0,9,13:34:26,13:34:26,403495,15.0,1
MQ_A5-Weekday-SDon-079800_M66_517,M66,d0,10,13:38:00,13:38:00,403497,15.0,1
MQ_A5-Weekday-SDon-079800_M66_517,M66,d0,11,13:39:12,13:39:12,403993,15.0,1
MQ_A5-Weekday-SDon-079800_M66_517,M66,d0,12,13:40:25,13:40:25,403994,15.0,1
MQ_A5-Weekday-SDon-079800_M66_517,M66,d0,13,13:42:34,13:42:34,403995,11.0,1
MQ_A5-Weekday-SDon-079800_M66_517,M66,d0,14,13:44:00,13:44:00,403996,11.0,1
MQ_A5-Weekday-SDon-080800_M66_510,M66,d0,1,13:28:00,13:28:00,403487,7.0,1
MQ_A5-Weekday-SDon-080800_M66_510,M66,d0,2,13:28:53,13:28:53,403488,7.0,1
MQ_A5-Weekday-SDon-080800_M66_510,M66,d0,3,13:30:36,13:30:36,403489,7.0,1
MQ_A5-Weekday-SDon-080800_M66_510,M66,d0,4,13:31:29,13:31:29,403491,7.0,2
MQ_A5-Weekday-SDon-080800_M66_510,M66,d0,5,13:32:00,13:32:00,403573,32.0,2
MQ_A5-Weekday-SDon-080800_M66_510,M66,d0,6,13:33:45,13:33:45,403492,32.0,2
MQ_A5-Weekday-SDon-080800_M66_510,M66,d0,7,13:40:38,13:40:38,403494,32.0,2
MQ_A5-Weekday-SDon-080800_M66_510,M66,d0,8,13:42:00,13:42:00,404994,32.0,2
MQ_A5-Weekday-SDon-080800_M66_510,M66,d0,9,13:44:26,13:44:26,403495,32.0,2
MQ_A5-Weekday-SDon-080800_M66_510,M66,d0,10,13:48:00,13:48:00,403497,23.0,2
MQ_A5-Weekday-SDon-080800_M66_510,M66,d0,11,13:49:12,13:49:12,403993,19.0,2
MQ_A5-Weekday-SDon-080800_M66_510,M66,d0,12,13:50:25,13:50:25,403994,13.0,1
MQ_A5-Weekday-SDon-080800_M66_510,M66,d0,13,13:52:34,13:52:34,403995,8.0,1
MQ_A5-Weekday-SDon-080800_M66_510,M66,d0,14,13:54:00,13:54:00,403996,8.0,1
MQ_A5-Weekday-SDon-030000_M66_502,M66,d0,1,5:00:00,5:00:00,403487,4.0,1
MQ_A5-Weekday-SDon-030000_M66_502,M66,d0,2,5:00:27,5:00:27,403488,4.0,1
MQ_A5-Weekday-SDon-030000_M66_502,M66,d0,3,5:01:18,5:01:18,403489,5.0,1
MQ_A5-Weekday-SDon-030000_M66_502,M66,d0,4,5:01:45,5:01:45,403491,1.0,1
MQ_A5-Weekday-SDon-030000_M66_502,M66,d0,5,5:02:00,5:02:00,403573,6.0,1
MQ_A5-Weekday-SDon-030000_M66_502,M66,d0,6,5:02:42,5:02:42,403492,6.0,1
MQ_A5-Weekday-SDon-030000_M66_502,M66,d0,7,5:05:27,5:05:27,403494,6.0,1
MQ_A5-Weekday-SDon-030000_M66_502,M66,d0,8,5:06:00,5:06:00,404994,6.0,1
MQ_A5-Weekday-SDon-030000_M66_502,M66,d0,9,5:06:49,5:06:49,403495,6.0,1
MQ_A5-Weekday-SDon-030000_M66_502,M66,d0,10,5:08:00,5:08:00,403497,8.0,1
MQ_A5-Weekday-SDon-030000_M66_502,M66,d0,11,5:08:24,5:08:24,403993,6.0,1
MQ_A5-Weekday-SDon-030000_M66_502,M66,d0,12,5:08:48,5:08:48,403994,8.0,1
MQ_A5-Weekday-SDon-030000_M66_502,M66,d0,13,5:09:32,5:09:32,403995,8.0,1
MQ_A5-Weekday-SDon-030000_M66_502,M66,d0,14,5:10:00,5:10:00,403996,8.0,1
MQ_A5-Weekday-SDon-036700_M66_501,M66,d0,1,6:07:00,6:07:00,403487,10.0,1
MQ_A5-Weekday-SDon-036700_M66_501,M66,d0,2,6:07:40,6:07:40,403488,10.0,1
MQ_A5-Weekday-SDon-036700_M66_501,M66,d0,3,6:08:57,6:08:57,403489,10.0,1
MQ_A5-Weekday-SDon-036700_M66_501,M66,d0,4,6:09:37,6:09:37,403491,11.0,1
MQ_A5-Weekday-SDon-036700_M66_501,M66,d0,5,6:10:00,6:10:00,403573,16.0,1
MQ_A5-Weekday-SDon-036700_M66_501,M66,d0,6,6:10:42,6:10:42,403492,16.0,1
MQ_A5-Weekday-SDon-036700_M66_501,M66,d0,7,6:13:27,6:13:27,403494,16.0,1
MQ_A5-Weekday-SDon-036700_M66_501,M66,d0,8,6:14:00,6:14:00,404994,11.0,1
MQ_A5-Weekday-SDon-036700_M66_501,M66,d0,9,6:15:37,6:15:37,403495,14.0,2
MQ_A5-Weekday-SDon-036700_M66_501,M66,d0,10,6:18:00,6:18:00,403497,27.0,2
MQ_A5-Weekday-SDon-036700_M66_501,M66,d0,11,6:18:36,6:18:36,403993,29.0,2
MQ_A5-Weekday-SDon-036700_M66_501,M66,d0,12,6:19:12,6:19:12,403994,29.0,2
MQ_A5-Weekday-SDon-036700_M66_501,M66,d0,13,6:20:17,6:20:17,403995,20.0,2
MQ_A5-Weekday-SDon-036700_M66_501,M66,d0,14,6:21:00,6:21:00,403996,20.0,2
MQ_A5-Weekday-SDon-113400_M66_523,M66,d0,1,18:54:00,18:54:00,403487,1.0,1
MQ_A5-Weekday-SDon-113400_M66_523,M66,d0,2,18:54:53,18:54:53,403488,12.0,1
MQ_A5-Weekday-SDon-113400_M66_523,M66,d0,3,18:56:36,18:56:36,403489,14.0,2
MQ_A5-Weekday-SDon-113400_M66_523,M66,d0,4,18:57:29,18:57:29,403491,25.0,2
MQ_A5-Weekday-SDon-113400_M66_523,M66,d0,5,18:58:00,18:58:00,403573,25.0,3
MQ_A5-Weekday-SDon-113400_M66_523,M66,d0,6,18:59:35,18:59:35,403492,35.0,3
MQ_A5-Weekday-SDon-113400_M66_523,M66,d0,7,19:05:46,19:05:46,403494,34.0,3
MQ_A5-Weekday-SDon-113400_M66_523,M66,d0,8,19:07:00,19:07:00,404994,34.0,3
MQ_A5-Weekday-SDon-113400_M66_523,M66,d0,9,19:08:37,19:08:37,403495,31.0,2
MQ_A5-Weekday-SDon-113400_M66_523,M66,d0,10,19:11:00,19:11:00,403497,16.0,1
MQ_A5-Weekday-SDon-113400_M66_523,M66,d0,11,19:11:48,19:11:48,403993,16.0,2
MQ_A5-Weekday-SDon-113400_M66_523,M66,d0,12,19:12:37,19:12:37,403994,25.0,2
MQ_A5-Weekday-SDon-113400_M66_523,M66,d0,13,19:14:03,19:14:03,403995,11.0,1
MQ_A5-Weekday-SDon-113400_M66_523,M66,d0,14,19:15:00,19:15:00,403996,11.0,1
MQ_A5-Weekday-SDon-048000_M66_513,M66,d0,1,8:00:00,8:00:00,403487,12.0,1
MQ_A5-Weekday-SDon-048000_M66_513,M66,d0,2,8:00:53,8:00:53,403488,12.0,1
MQ_A5-Weekday-SDon-048000_M66_513,M66,d0,3,8:02:36,8:02:36,403489,12.0,1
MQ_A5-Weekday-SDon-048000_M66_513,M66,d0,4,8:03:29,8:03:29,403491,5.0,3
MQ_A5-Weekday-SDon-048000_M66_513,M66,d0,5,8:04:00,8:04:00,403573,33.0,3
MQ_A5-Weekday-SDon-048000_M66_513,M66,d0,6,8:05:35,8:05:35,403492,33.0,3
MQ_A5-Weekday-SDon-048000_M66_513,M66,d0,7,8:11:46,8:11:46,403494,32.0,2
MQ_A5-Weekday-SDon-048000_M66_513,M66,d0,8,8:13:00,8:13:00,404994,11.0,1
MQ_A5-Weekday-SDon-048000_M66_513,M66,d0,9,8:15:26,8:15:26,403495,11.0,2
MQ_A5-Weekday-SDon-048000_M66_513,M66,d0,10,8:19:00,8:19:00,403497,29.0,2
MQ_A5-Weekday-SDon-048000_M66_513,M66,d0,11,8:20:00,8:20:00,403993,21.0,2
MQ_A5-Weekday-SDon-048000_M66_513,M66,d0,12,8:21:01,8:21:01,403994,15.0,1
MQ_A5-Weekday-SDon-048000_M66_513,M66,d0,13,8:22:49,8:22:49,403995,12.0,1
MQ_A5-Weekday-SDon-048000_M66_513,M66,d0,14,8:24:00,8:24:00,403996,12.0,1
MQ_A5-Weekday-140900_M66_523,M66,d0,1,23:29:00,23:29:00,403487,2.0,3
MQ_A5-Weekday-140900_M66_523,M66,d0,2,23:29:40,23:29:40,403488,38.0,3
MQ_A5-Weekday-140900_M66_523,M66,d0,3,23:30:57,23:30:57,403489,41.0,3
MQ_A5-Weekday-140900_M66_523,M66,d0,4,23:31:37,23:31:37,403491,41.0,3
MQ_A5-Weekday-140900_M66_523,M66,d0,5,23:32:00,23:32:00,403573,41.0,3
MQ_A5-Weekday-140900_M66_523,M66,d0,6,23:32:53,23:32:53,403492,41.0,3
MQ_A5-Weekday-140900_M66_523,M66,d0,7,23:36:19,23:36:19,403494,41.0,3
MQ_A5-Weekday-140900_M66_523,M66,d0,8,23:37:00,23:37:00,404994,42.0,3
MQ_A5-Weekday-140900_M66_523,M66,d0,9,23:37:49,23:37:49,403495,41.0,3
MQ_A5-Weekday-140900_M66_523,M66,d0,10,23:39:00,23:39:00,403497,6.0,1
MQ_A5-Weekday-140900_M66_523,M66,d0,11,23:39:36,23:39:36,403993,4.0,3
MQ_A5-Weekday-140900_M66_523,M66,d0,12,23:40:12,23:40:12,403994,41.0,3
MQ_A5-Weekday-140900_M66_523,M66,d0,13,23:41:17,23:41:17,403995,41.0,3
MQ_A5-Weekday-140900_M66_523,M66,d0,14,23:42:00,23:42:00,403996,41.0,3
MQ_A5-Weekday-SDon-063800_M66_514,M66,d0,1,10:38:00,10:38:00,403487,4.0,1
MQ_A5-Weekday-SDon-063800_M66_514,M66,d0,2,10:38:53,10:38:53,403488,6.0,1
MQ_A5-Weekday-SDon-063800_M66_514,M66,d0,3,10:40:36,10:40:36,403489,13.0,2
MQ_A5-Weekday-SDon-063800_M66_514,M66,d0,4,10:41:29,10:41:29,403491,26.0,2
MQ_A5-Weekday-SDon-063800_M66_514,M66,d0,5,10:42:00,10:42:00,403573,31.0,2
MQ_A5-Weekday-SDon-063800_M66_514,M66,d0,6,10:43:45,10:43:45,403492,28.0,2
MQ_A5-Weekday-SDon-063800_M66_514,M66,d0,7,10:50:38,10:50:38,403494,23.0,2
MQ_A5-Weekday-SDon-063800_M66_514,M66,d0,8,10:52:00,10:52:00,404994,18.0,2
MQ_A5-Weekday-SDon-063800_M66_514,M66,d0,9,10:54:26,10:54:26,403495,22.0,2
MQ_A5-Weekday-SDon-063800_M66_514,M66,d0,10,10:58:00,10:58:00,403497,10.0,1
MQ_A5-Weekday-SDon-063800_M66_514,M66,d0,11,10:59:12,10:59:12,403993,15.0,1
MQ_A5-Weekday-SDon-063800_M66_514,M66,d0,12,11:00:25,11:00:25,403994,13.0,1
MQ_A5-Weekday-SDon-063800_M66_514,M66,d0,13,11:02:34,11:02:34,403995,8.0,1
MQ_A5-Weekday-SDon-063800_M66_514,M66,d0,14,11:04:00,11:04:00,403996,8.0,1
MQ_A5-Weekday-SDon-041700_M66_506,M66,d0,1,6:57:00,6:57:00,403487,10.0,1
MQ_A5-Weekday-SDon-041700_M66_506,M66,d0,2,6:57:40,6:57:40,403488,10.0,1
MQ_A5-Weekday-SDon-041700_M66_506,M66,d0,3,6:58:57,6:58:57,403489,10.0,2
MQ_A5-Weekday-SDon-041700_M66_506,M66,d0,4,6:59:37,6:59:37,403491,26.0,2
MQ_A5-Weekday-SDon-041700_M66_506,M66,d0,5,7:00:00,7:00:00,403573,27.0,2
MQ_A5-Weekday-SDon-041700_M66_506,M66,d0,6,7:00:53,7:00:53,403492,27.0,2
MQ_A5-Weekday-SDon-041700_M66_506,M66,d0,7,7:04:19,7:04:19,403494,27.0,2
MQ_A5-Weekday-SDon-041700_M66_506,M66,d0,8,7:05:00,7:05:00,404994,27.0,2
MQ_A5-Weekday-SDon-041700_M66_506,M66,d0,9,7:07:26,7:07:26,403495,27.0,2
MQ_A5-Weekday-SDon-041700_M66_506,M66,d0,10,7:11:00,7:11:00,403497,27.0,2
MQ_A5-Weekday-SDon-041700_M66_506,M66,d0,11,7:12:00,7:12:00,403993,27.0,2
MQ_A5-Weekday-SDon-041700_M66_506,M66,d0,12,7:13:01,7:13:01,403994,27.0,2
MQ_A5-Weekday-SDon-041700_M66_506,M66,d0,13,7:14:49,7:14:49,403995,27.0,2
MQ_A5-Weekday-SDon-041700_M66_506,M66,d0,14,7:16:00,7:16:00,403996,27.0,2
MQ_A5-Weekday-SDon-129200_M66_523,M66,d0,1,21:32:00,21:32:00,403487,11.0,1
MQ_A5-Weekday-SDon-129200_M66_523,M66,d0,2,21:32:53,21:32:53,403488,11.0,1
MQ_A5-Weekday-SDon-129200_M66_523,M66,d0,3,21:34:36,21:34:36,403489,11.0,4
MQ_A5-Weekday-SDon-129200_M66_523,M66,d0,4,21:35:29,21:35:29,403491,55.0,4
MQ_A5-Weekday-SDon-129200_M66_523,M66,d0,5,21:36:00,21:36:00,403573,55.0,4
MQ_A5-Weekday-SDon-129200_M66_523,M66,d0,6,21:36:53,21:36:53,403492,55.0,4
MQ_A5-Weekday-SDon-129200_M66_523,M66,d0,7,21:40:19,21:40:19,403494,53.0,4
MQ_A5-Weekday-SDon-129200_M66_523,M66,d0,8,21:41:00,21:41:00,404994,8.0,1
MQ_A5-Weekday-SDon-129200_M66_523,M66,d0,9,21:42:37,21:42:37,403495,12.0,3
MQ_A5-Weekday-SDon-129200_M66_523,M66,d0,10,21:45:00,21:45:00,403497,33.0,3
MQ_A5-Weekday-SDon-129200_M66_523,M66,d0,11,21:45:48,21:45:48,403993,12.0,2
MQ_A5-Weekday-SDon-129200_M66_523,M66,d0,12,21:46:37,21:46:37,403994,21.0,2
MQ_A5-Weekday-SDon-129200_M66_523,M66,d0,13,21:48:03,21:48:03,403995,4.0,1
MQ_A5-Weekday-SDon-129200_M66_523,M66,d0,14,21:49:00,21:49:00,403996,4.0,1
MQ_A5-Weekday-SDon-055400_M66_513,M66,d0,1,9:14:00,9:14:00,403487,3.0,1
MQ_A5-Weekday-SDon-055400_M66_513,M66,d0,2,9:14:53,9:14:53,403488,14.0,2
MQ_A5-Weekday-SDon-055400_M66_513,M66,d0,3,9:16:36,9:16:36,403489,23.0,2
MQ_A5-Weekday-SDon-055400_M66_513,M66,d0,4,9:17:29,9:17:29,403491,21.0,2
MQ_A5-Weekday-SDon-055400_M66_513,M66,d0,5,9:18:00,9:18:00,403573,23.0,2
MQ_A5-Weekday-SDon-055400_M66_513,M66,d0,6,9:19:35,9:19:35,403492,21.0,2
MQ_A5-Weekday-SDon-055400_M66_513,M66,d0,7,9:25:46,9:25:46,403494,16.0,2
MQ_A5-Weekday-SDon-055400_M66_513,M66,d0,8,9:27:00,9:27:00,404994,17.0,2
MQ_A5-Weekday-SDon-055400_M66_513,M66,d0,9,9:29:26,9:29:26,403495,15.0,2
MQ_A5-Weekday-SDon-055400_M66_513,M66,d0,10,9:33:00,9:33:00,403497,19.0,2
MQ_A5-Weekday-SDon-055400_M66_513,M66,d0,11,9:34:00,9:34:00,403993,16.0,2
MQ_A5-Weekday-SDon-055400_M66_513,M66,d0,12,9:35:01,9:35:01,403994,20.0,2
MQ_A5-Weekday-SDon-055400_M66_513,M66,d0,13,9:36:49,9:36:49,403995,13.0,1
MQ_A5-Weekday-SDon-055400_M66_513,M66,d0,14,9:38:00,9:38:00,403996,13.0,1
MQ_A5-Weekday-049600_M66_504,M66,d0,1,8:16:00,8:16:00,403487,5.0,1
MQ_A5-Weekday-049600_M66_504,M66,d0,2,8:16:53,8:16:53,403488,6.0,2
MQ_A5-Weekday-049600_M66_504,M66,d0,3,8:18:36,8:18:36,403489,24.0,2
MQ_A5-Weekday-049600_M66_504,M66,d0,4,8:19:29,8:19:29,403491,24.0,2
MQ_A5-Weekday-049600_M66_504,M66,d0,5,8:20:00,8:20:00,403573,24.0,2
MQ_A5-Weekday-049600_M66_504,M66,d0,6,8:21:35,8:21:35,403492,23.0,2
MQ_A5-Weekday-049600_M66_504,M66,d0,7,8:27:46,8:27:46,403494,17.0,2
MQ_A5-Weekday-049600_M66_504,M66,d0,8,8:29:00,8:29:00,404994,18.0,2
MQ_A5-Weekday-049600_M66_504,M66,d0,9,8:31:26,8:31:26,403495,18.0,2
MQ_A5-Weekday-049600_M66_504,M66,d0,10,8:35:00,8:35:00,403497,27.0,2
MQ_A5-Weekday-049600_M66_504,M66,d0,11,8:36:00,8:36:00,403993,21.0,2
MQ_A5-Weekday-049600_M66_504,M66,d0,12,8:37:01,8:37:01,403994,21.0,2
MQ_A5-Weekday-049600_M66_504,M66,d0,13,8:38:49,8:38:49,403995,7.0,1
MQ_A5-Weekday-049600_M66_504,M66,d0,14,8:40:00,8:40:00,403996,7.0,1
MQ_A5-Weekday-040100_M66_505,M66,d0,1,6:41:00,6:41:00,403487,9.0,1
MQ_A5-Weekday-040100_M66_505,M66,d0,2,6:41:40,6:41:40,403488,3.0,1
MQ_A5-Weekday-040100_M66_505,M66,d0,3,6:42:57,6:42:57,403489,14.0,2
MQ_A5-Weekday-040100_M66_505,M66,d0,4,6:43:37,6:43:37,403491,26.0,2
MQ_A5-Weekday-040100_M66_505,M66,d0,5,6:44:00,6:44:00,403573,26.0,2
MQ_A5-Weekday-040100_M66_505,M66,d0,6,6:44:53,6:44:53,403492,26.0,2
MQ_A5-Weekday-040100_M66_505,M66,d0,7,6:48:19,6:48:19,403494,26.0,2
MQ_A5-Weekday-040100_M66_505,M66,d0,8,6:49:00,6:49:00,404994,26.0,2
MQ_A5-Weekday-040100_M66_505,M66,d0,9,6:51:02,6:51:02,403495,26.0,2
MQ_A5-Weekday-040100_M66_505,M66,d0,10,6:54:00,6:54:00,403497,30.0,2
MQ_A5-Weekday-040100_M66_505,M66,d0,11,6:54:48,6:54:48,403993,30.0,2
MQ_A5-Weekday-040100_M66_505,M66,d0,12,6:55:37,6:55:37,403994,18.0,2
MQ_A5-Weekday-040100_M66_505,M66,d0,13,6:57:03,6:57:03,403995,18.0,2
MQ_A5-Weekday-040100_M66_505,M66,d0,14,6:58:00,6:58:00,403996,18.0,2
MQ_A5-Weekday-100300_M66_505,M66,d0,1,16:43:00,16:43:00,403487,10.0,1
MQ_A5-Weekday-100300_M66_505,M66,d0,2,16:43:53,16:43:53,403488,10.0,2
MQ_A5-Weekday-100300_M66_505,M66,d0,3,16:45:36,16:45:36,403489,24.0,2
MQ_A5-Weekday-100300_M66_505,M66,d0,4,16:46:29,16:46:29,403491,24.0,2
MQ_A5-Weekday-100300_M66_505,M66,d0,5,16:47:00,16:47:00,403573,24.0,2
MQ_A5-Weekday-100300_M66_505,M66,d0,6,16:48:35,16:48:35,403492,24.0,2
MQ_A5-Weekday-100300_M66_505,M66,d0,7,16:54:46,16:54:46,403494,25.0,2
MQ_A5-Weekday-100300_M66_505,M66,d0,8,16:56:00,16:56:00,404994,25.0,2
MQ_A5-Weekday-100300_M66_505,M66,d0,9,16:57:37,16:57:37,403495,25.0,2
MQ_A5-Weekday-100300_M66_505,M66,d0,10,17:00:00,17:00:00,403497,25.0,2
MQ_A5-Weekday-100300_M66_505,M66,d0,11,17:01:00,17:01:00,403993,10.0,1
MQ_A5-Weekday-100300_M66_505,M66,d0,12,17:02:01,17:02:01,403994,10.0,1
MQ_A5-Weekday-100300_M66_505,M66,d0,13,17:03:49,17:03:49,403995,3.0,1
MQ_A5-Weekday-100300_M66_505,M66,d0,14,17:05:00,17:05:00,403996,3.0,1
MQ_A5-Weekday-095800_M66_520,M66,d0,1,15:58:00,15:58:00,403487,11.0,1
MQ_A5-Weekday-095800_M66_520,M66,d0,2,15:58:53,15:58:53,403488,11.0,1
MQ_A5-Weekday-095800_M66_520,M66,d0,3,16:00:36,16:00:36,403489,11.0,1
MQ_A5-Weekday-095800_M66_520,M66,d0,4,16:01:29,16:01:29,403491,11.0,1
MQ_A5-Weekday-095800_M66_520,M66,d0,5,16:02:00,16:02:00,403573,11.0,1
MQ_A5-Weekday-095800_M66_520,M66,d0,6,16:03:45,16:03:45,403492,11.0,2
MQ_A5-Weekday-095800_M66_520,M66,d0,7,16:10:38,16:10:38,403494,27.0,2
MQ_A5-Weekday-095800_M66_520,M66,d0,8,16:12:00,16:12:00,404994,27.0,2
MQ_A5-Weekday-095800_M66_520,M66,d0,9,16:14:26,16:14:26,403495,27.0,2
MQ_A5-Weekday-095800_M66_520,M66,d0,10,16:18:00,16:18:00,403497,21.0,2
MQ_A5-Weekday-095800_M66_520,M66,d0,11,16:19:12,16:19:12,403993,12.0,1
MQ_A5-Weekday-095800_M66_520,M66,d0,12,16:20:25,16:20:25,403994,7.0,1
MQ_A5-Weekday-095800_M66_520,M66,d0,13,16:22:34,16:22:34,403995,5.0,1
MQ_A5-Weekday-095800_M66_520,M66,d0,14,16:24:00,16:24:00,403996,5.0,1
MQ_A5-Weekday-131900_M66_521,M66,d0,1,21:59:00,21:59:00,403487,2.0,1
MQ_A5-Weekday-131900_M66_521,M66,d0,2,21:59:53,21:59:53,403488,2.0,4
MQ_A5-Weekday-131900_M66_521,M66,d0,3,22:01:36,22:01:36,403489,49.0,4
MQ_A5-Weekday-131900_M66_521,M66,d0,4,22:02:29,22:02:29,403491,49.0,4
MQ_A5-Weekday-131900_M66_521,M66,d0,5,22:03:00,22:03:00,403573,49.0,4
MQ_A5-Weekday-131900_M66_521,M66,d0,6,22:03:53,22:03:53,403492,52.0,4
MQ_A5-Weekday-131900_M66_521,M66,d0,7,22:07:19,22:07:19,403494,49.0,4
MQ_A5-Weekday-131900_M66_521,M66,d0,8,22:08:00,22:08:00,404994,46.0,3
MQ_A5-Weekday-131900_M66_521,M66,d0,9,22:09:37,22:09:37,403495,46.0,3
MQ_A5-Weekday-131900_M66_521,M66,d0,10,22:12:00,22:12:00,403497,38.0,3
MQ_A5-Weekday-131900_M66_521,M66,d0,11,22:12:48,22:12:48,403993,25.0,2
MQ_A5-Weekday-131900_M66_521,M66,d0,12,22:13:37,22:13:37,403994,6.0,1
MQ_A5-Weekday-131900_M66_521,M66,d0,13,22:15:03,22:15:03,403995,6.0,1
MQ_A5-Weekday-131900_M66_521,M66,d0,14,22:16:00,22:16:00,403996,6.0,1
MQ_A5-Weekday-065800_M66_508,M66,d0,1,10:58:00,10:58:00,403487,6.0,1
MQ_A5-Weekday-065800_M66_508,M66,d0,2,10:58:53,10:58:53,403488,6.0,1
MQ_A5-Weekday-065800_M66_508,M66,d0,3,11:00:36,11:00:36,403489,10.0,2
MQ_A5-Weekday-065800_M66_508,M66,d0,4,11:01:29,11:01:29,403491,26.0,2
MQ_A5-Weekday-065800_M66_508,M66,d0,5,11:02:00,11:02:00,403573,26.0,2
MQ_A5-Weekday-065800_M66_508,M66,d0,6,11:03:45,11:03:45,403492,27.0,2
MQ_A5-Weekday-065800_M66_508,M66,d0,7,11:10:38,11:10:38,403494,24.0,2
MQ_A5-Weekday-065800_M66_508,M66,d0,8,11:12:00,11:12:00,404994,22.0,2
MQ_A5-Weekday-065800_M66_508,M66,d0,9,11:14:26,11:14:26,403495,22.0,2
MQ_A5-Weekday-065800_M66_508,M66,d0,10,11:18:00,11:18:00,403497,22.0,2
MQ_A5-Weekday-065800_M66_508,M66,d0,11,11:19:12,11:19:12,403993,11.0,1
MQ_A5-Weekday-065800_M66_508,M66,d0,12,11:20:25,11:20:25,403994,5.0,1
MQ_A5-Weekday-065800_M66_508,M66,d0,13,11:22:34,11:22:34,403995,1.0,1
MQ_A5-Weekday-065800_M66_508,M66,d0,14,11:24:00,11:24:00,403996,1.0,1
MQ_A5-Weekday-SDon-097300_M66_508,M66,d0,1,16:13:00,16:13:00,403487,26.0,3
MQ_A5-Weekday-SDon-097300_M66_508,M66,d0,2,16:13:53,16:13:53,403488,34.0,3
MQ_A5-Weekday-SDon-097300_M66_508,M66,d0,3,16:15:36,16:15:36,403489,34.0,3
MQ_A5-Weekday-SDon-097300_M66_508,M66,d0,4,16:16:29,16:16:29,403491,38.0,3
MQ_A5-Weekday-SDon-097300_M66_508,M66,d0,5,16:17:00,16:17:00,403573,38.0,3
MQ_A5-Weekday-SDon-097300_M66_508,M66,d0,6,16:18:45,16:18:45,403492,16.0,3
MQ_A5-Weekday-SDon-097300_M66_508,M66,d0,7,16:25:38,16:25:38,403494,36.0,3
MQ_A5-Weekday-SDon-097300_M66_508,M66,d0,8,16:27:00,16:27:00,404994,36.0,3
MQ_A5-Weekday-SDon-097300_M66_508,M66,d0,9,16:29:26,16:29:26,403495,12.0,3
MQ_A5-Weekday-SDon-097300_M66_508,M66,d0,10,16:33:00,16:33:00,403497,34.0,3
MQ_A5-Weekday-SDon-097300_M66_508,M66,d0,11,16:34:00,16:34:00,403993,8.0,2
MQ_A5-Weekday-SDon-097300_M66_508,M66,d0,12,16:35:01,16:35:01,403994,23.0,2
MQ_A5-Weekday-SDon-097300_M66_508,M66,d0,13,16:36:49,16:36:49,403995,23.0,2
MQ_A5-Weekday-SDon-097300_M66_508,M66,d0,14,16:38:00,16:38:00,403996,23.0,2
MQ_A5-Weekday-056800_M66_507,M66,d0,1,9:28:00,9:28:00,403487,29.0,2
MQ_A5-Weekday-056800_M66_507,M66,d0,2,9:28:53,9:28:53,403488,29.0,2
MQ_A5-Weekday-056800_M66_507,M66,d0,3,9:30:36,9:30:36,403489,29.0,2
MQ_A5-Weekday-056800_M66_507,M66,d0,4,9:31:29,9:31:29,403491,29.0,2
MQ_A5-Weekday-056800_M66_507,M66,d0,5,9:32:00,9:32:00,403573,29.0,2
MQ_A5-Weekday-056800_M66_507,M66,d0,6,9:33:35,9:33:35,403492,29.0,2
MQ_A5-Weekday-056800_M66_507,M66,d0,7,9:39:46,9:39:46,403494,29.0,2
MQ_A5-Weekday-056800_M66_507,M66,d0,8,9:41:00,9:41:00,404994,29.0,2
MQ_A5-Weekday-056800_M66_507,M66,d0,9,9:43:26,9:43:26,403495,29.0,2
MQ_A5-Weekday-056800_M66_507,M66,d0,10,9:47:00,9:47:00,403497,29.0,2
MQ_A5-Weekday-056800_M66_507,M66,d0,11,9:48:00,9:48:00,403993,22.0,2
MQ_A5-Weekday-056800_M66_507,M66,d0,12,9:49:01,9:49:01,403994,22.0,2
MQ_A5-Weekday-056800_M66_507,M66,d0,13,9:50:49,9:50:49,403995,14.0,1
MQ_A5-Weekday-056800_M66_507,M66,d0,14,9:52:00,9:52:00,403996,14.0,1
MQ_A5-Weekday-051800_M66_510,M66,d0,1,8:38:00,8:38:00,403487,3.0,2
MQ_A5-Weekday-051800_M66_510,M66,d0,2,8:38:53,8:38:53,403488,18.0,3
MQ_A5-Weekday-051800_M66_510,M66,d0,3,8:40:36,8:40:36,403489,43.0,3
MQ_A5-Weekday-051800_M66_510,M66,d0,4,8:41:29,8:41:29,403491,43.0,3
MQ_A5-Weekday-051800_M66_510,M66,d0,5,8:42:00,8:42:00,403573,43.0,3
MQ_A5-Weekday-051800_M66_510,M66,d0,6,8:43:35,8:43:35,403492,47.0,3
MQ_A5-Weekday-051800_M66_510,M66,d0,7,8:49:46,8:49:46,403494,37.0,3
MQ_A5-Weekday-051800_M66_510,M66,d0,8,8:51:00,8:51:00,404994,30.0,2
MQ_A5-Weekday-051800_M66_510,M66,d0,9,8:53:26,8:53:26,403495,30.0,2
MQ_A5-Weekday-051800_M66_510,M66,d0,10,8:57:00,8:57:00,403497,26.0,2
MQ_A5-Weekday-051800_M66_510,M66,d0,11,8:58:00,8:58:00,403993,25.0,2
MQ_A5-Weekday-051800_M66_510,M66,d0,12,8:59:01,8:59:01,403994,24.0,2
MQ_A5-Weekday-051800_M66_510,M66,d0,13,9:00:49,9:00:49,403995,16.0,1
MQ_A5-Weekday-051800_M66_510,M66,d0,14,9:02:00,9:02:00,403996,16.0,1
MQ_A5-Weekday-054200_M66_512,M66,d0,1,9:02:00,9:02:00,403487,2.0,1
MQ_A5-Weekday-054200_M66_512,M66,d0,2,9:02:53,9:02:53,403488,8.0,1
MQ_A5-Weekday-054200_M66_512,M66,d0,3,9:04:36,9:04:36,403489,8.0,1
MQ_A5-Weekday-054200_M66_512,M66,d0,4,9:05:29,9:05:29,403491,15.0,1
MQ_A5-Weekday-054200_M66_512,M66,d0,5,9:06:00,9:06:00,403573,15.0,1
MQ_A5-Weekday-054200_M66_512,M66,d0,6,9:07:35,9:07:35,403492,15.0,1
MQ_A5-Weekday-054200_M66_512,M66,d0,7,9:13:46,9:13:46,403494,13.0,2
MQ_A5-Weekday-054200_M66_512,M66,d0,8,9:15:00,9:15:00,404994,32.0,3
MQ_A5-Weekday-054200_M66_512,M66,d0,9,9:17:26,9:17:26,403495,35.0,3
MQ_A5-Weekday-054200_M66_512,M66,d0,10,9:21:00,9:21:00,403497,35.0,3
MQ_A5-Weekday-054200_M66_512,M66,d0,11,9:22:00,9:22:00,403993,30.0,2
MQ_A5-Weekday-054200_M66_512,M66,d0,12,9:23:01,9:23:01,403994,23.0,2
MQ_A5-Weekday-054200_M66_512,M66,d0,13,9:24:49,9:24:49,403995,23.0,2
MQ_A5-Weekday-054200_M66_512,M66,d0,14,9:26:00,9:26:00,403996,23.0,2
MQ_A5-Weekday-049200_M66_507,M66,d0,1,8:12:00,8:12:00,403487,3.0,1
MQ_A5-Weekday-049200_M66_507,M66,d0,2,8:12:53,8:12:53,403488,3.0,1
MQ_A5-Weekday-049200_M66_507,M66,d0,3,8:14:36,8:14:36,403489,3.0,2
MQ_A5-Weekday-049200_M66_507,M66,d0,4,8:15:29,8:15:29,403491,18.0,2
MQ_A5-Weekday-049200_M66_507,M66,d0,5,8:16:00,8:16:00,403573,18.0,2
MQ_A5-Weekday-049200_M66_507,M66,d0,6,8:17:35,8:17:35,403492,25.0,2
MQ_A5-Weekday-049200_M66_507,M66,d0,7,8:23:46,8:23:46,403494,25.0,2
MQ_A5-Weekday-049200_M66_507,M66,d0,8,8:25:00,8:25:00,404994,22.0,2
MQ_A5-Weekday-049200_M66_507,M66,d0,9,8:27:26,8:27:26,403495,19.0,3
MQ_A5-Weekday-049200_M66_507,M66,d0,10,8:31:00,8:31:00,403497,44.0,3
MQ_A5-Weekday-049200_M66_507,M66,d0,11,8:32:00,8:32:00,403993,44.0,3
MQ_A5-Weekday-049200_M66_507,M66,d0,12,8:33:01,8:33:01,403994,9.0,1
MQ_A5-Weekday-049200_M66_507,M66,d0,13,8:34:49,8:34:49,403995,9.0,1
MQ_A5-Weekday-049200_M66_507,M66,d0,14,8:36:00,8:36:00,403996,9.0,1
MQ_A5-Weekday-SDon-064800_M66_501,M66,d0,1,10:48:00,10:48:00,403487,1.0,1
MQ_A5-Weekday-SDon-064800_M66_501,M66,d0,2,10:48:53,10:48:53,403488,1.0,2
MQ_A5-Weekday-SDon-064800_M66_501,M66,d0,3,10:50:36,10:50:36,403489,27.0,2
MQ_A5-Weekday-SDon-064800_M66_501,M66,d0,4,10:51:29,10:51:29,403491,27.0,2
MQ_A5-Weekday-SDon-064800_M66_501,M66,d0,5,10:52:00,10:52:00,403573,14.0,2
MQ_A5-Weekday-SDon-064800_M66_501,M66,d0,6,10:53:45,10:53:45,403492,24.0,2
MQ_A5-Weekday-SDon-064800_M66_501,M66,d0,7,11:00:38,11:00:38,403494,13.0,2
MQ_A5-Weekday-SDon-064800_M66_501,M66,d0,8,11:02:00,11:02:00,404994,24.0,2
MQ_A5-Weekday-SDon-064800_M66_501,M66,d0,9,11:04:26,11:04:26,403495,13.0,2
MQ_A5-Weekday-SDon-064800_M66_501,M66,d0,10,11:08:00,11:08:00,403497,17.0,2
MQ_A5-Weekday-SDon-064800_M66_501,M66,d0,11,11:09:12,11:09:12,403993,19.0,2
MQ_A5-Weekday-SDon-064800_M66_501,M66,d0,12,11:10:25,11:10:25,403994,17.0,2
MQ_A5-Weekday-SDon-064800_M66_501,M66,d0,13,11:12:34,11:12:34,403995,9.0,1
MQ_A5-Weekday-SDon-064800_M66_501,M66,d0,14,11:14:00,11:14:00,403996,9.0,1
MQ_A5-Weekday-SDon-071800_M66_514,M66,d0,1,11:58:00,11:58:00,403487,4.0,1
MQ_A5-Weekday-SDon-071800_M66_514,M66,d0,2,11:58:53,11:58:53,403488,4.0,1
MQ_A5-Weekday-SDon-071800_M66_514,M66,d0,3,12:00:36,12:00:36,403489,7.0,1
MQ_A5-Weekday-SDon-071800_M66_514,M66,d0,4,12:01:29,12:01:29,403491,14.0,1
MQ_A5-Weekday-SDon-071800_M66_514,M66,d0,5,12:02:00,12:02:00,403573,16.0,2
MQ_A5-Weekday-SDon-071800_M66_514,M66,d0,6,12:03:45,12:03:45,403492,19.0,2
MQ_A5-Weekday-SDon-071800_M66_514,M66,d0,7,12:10:38,12:10:38,403494,13.0,1
MQ_A5-Weekday-SDon-071800_M66_514,M66,d0,8,12:12:00,12:12:00,404994,13.0,2
MQ_A5-Weekday-SDon-071800_M66_514,M66,d0,9,12:14:26,12:14:26,403495,21.0,2
MQ_A5-Weekday-SDon-071800_M66_514,M66,d0,10,12:18:00,12:18:00,403497,13.0,2
MQ_A5-Weekday-SDon-071800_M66_514,M66,d0,11,12:19:12,12:19:12,403993,17.0,2
MQ_A5-Weekday-SDon-071800_M66_514,M66,d0,12,12:20:25,12:20:25,403994,10.0,1
MQ_A5-Weekday-SDon-071800_M66_514,M66,d0,13,12:22:34,12:22:34,403995,7.0,1
MQ_A5-Weekday-SDon-071800_M66_514,M66,d0,14,12:24:00,12:24:00,403996,7.0,1
MQ_A5-Weekday-059800_M66_510,M66,d0,1,9:58:00,9:58:00,403487,5.0,1
MQ_A5-Weekday-059800_M66_510,M66,d0,2,9:58:53,9:58:53,403488,5.0,1
MQ_A5-Weekday-059800_M66_510,M66,d0,3,10:00:36,10:00:36,403489,12.0,1
MQ_A5-Weekday-059800_M66_510,M66,d0,4,10:01:29,10:01:29,403491,12.0,1
MQ_A5-Weekday-059800_M66_510,M66,d0,5,10:02:00,10:02:00,403573,12.0,2
MQ_A5-Weekday-059800_M66_510,M66,d0,6,10:03:35,10:03:35,403492,17.0,2
MQ_A5-Weekday-059800_M66_510,M66,d0,7,10:09:46,10:09:46,403494,14.0,1
MQ_A5-Weekday-059800_M66_510,M66,d0,8,10:11:00,10:11:00,404994,8.0,1
MQ_A5-Weekday-059800_M66_510,M66,d0,9,10:13:26,10:13:26,403495,10.0,1
MQ_A5-Weekday-059800_M66_510,M66,d0,10,10:17:00,10:17:00,403497,11.0,1
MQ_A5-Weekday-059800_M66_510,M66,d0,11,10:18:00,10:18:00,403993,2.0,1
MQ_A5-Weekday-059800_M66_510,M66,d0,12,10:19:01,10:19:01,403994,11.0,1
MQ_A5-Weekday-059800_M66_510,M66,d0,13,10:20:49,10:20:49,403995,6.0,1
MQ_A5-Weekday-059800_M66_510,M66,d0,14,10:22:00,10:22:00,403996,6.0,1
MQ_A5-Weekday-SDon-144500_M66_521,M66,d0,1,24:05:00,24:05:00,403487,1.0,1
MQ_A5-Weekday-SDon-144500_M66_521,M66,d0,2,24:05:27,24:05:27,403488,1.0,1
MQ_A5-Weekday-SDon-144500_M66_521,M66,d0,3,24:06:18,24:06:18,403489,1.0,1
MQ_A5-Weekday-SDon-144500_M66_521,M66,d0,4,24:06:45,24:06:45,403491,4.0,1
MQ_A5-Weekday-SDon-144500_M66_521,M66,d0,5,24:07:00,24:07:00,403573,1.0,1
MQ_A5-Weekday-SDon-144500_M66_521,M66,d0,6,24:07:42,24:07:42,403492,5.0,1
MQ_A5-Weekday-SDon-144500_M66_521,M66,d0,7,24:10:27,24:10:27,403494,5.0,1
MQ_A5-Weekday-SDon-144500_M66_521,M66,d0,8,24:11:00,24:11:00,404994,3.0,1
MQ_A5-Weekday-SDon-144500_M66_521,M66,d0,9,24:11:49,24:11:49,403495,5.0,1
MQ_A5-Weekday-SDon-144500_M66_521,M66,d0,10,24:13:00,24:13:00,403497,4.0,1
MQ_A5-Weekday-SDon-144500_M66_521,M66,d0,11,24:13:24,24:13:24,403993,4.0,1
MQ_A5-Weekday-SDon-144500_M66_521,M66,d0,12,24:13:48,24:13:48,403994,3.0,1
MQ_A5-Weekday-SDon-144500_M66_521,M66,d0,13,24:14:32,24:14:32,403995,3.0,1
MQ_A5-Weekday-SDon-144500_M66_521,M66,d0,14,24:15:00,24:15:00,403996,3.0,1
MQ_A5-Weekday-098300_M66_506,M66,d0,1,16:23:00,16:23:00,403487,2.0,1
MQ_A5-Weekday-098300_M66_506,M66,d0,2,16:23:53,16:23:53,403488,2.0,1
MQ_A5-Weekday-098300_M66_506,M66,d0,3,16:25:36,16:25:36,403489,2.0,1
MQ_A5-Weekday-098300_M66_506,M66,d0,4,16:26:29,16:26:29,403491,7.0,1
MQ_A5-Weekday-098300_M66_506,M66,d0,5,16:27:00,16:27:00,403573,7.0,1
MQ_A5-Weekday-098300_M66_506,M66,d0,6,16:28:45,16:28:45,403492,7.0,1
MQ_A5-Weekday-098300_M66_506,M66,d0,7,16:35:38,16:35:38,403494,8.0,1
MQ_A5-Weekday-098300_M66_506,M66,d0,8,16:37:00,16:37:00,404994,8.0,1
MQ_A5-Weekday-098300_M66_506,M66,d0,9,16:38:37,16:38:37,403495,7.0,1
MQ_A5-Weekday-098300_M66_506,M66,d0,10,16:41:00,16:41:00,403497,7.0,1
MQ_A5-Weekday-098300_M66_506,M66,d0,11,16:42:00,16:42:00,403993,7.0,1
MQ_A5-Weekday-098300_M66_506,M66,d0,12,16:43:01,16:43:01,403994,7.0,1
MQ_A5-Weekday-098300_M66_506,M66,d0,13,16:44:49,16:44:49,403995,1.0,1
MQ_A5-Weekday-098300_M66_506,M66,d0,14,16:46:00,16:46:00,403996,1.0,1
MQ_A5-Weekday-SDon-062800_M66_513,M66,d0,1,10:28:00,10:28:00,403487,2.0,1
MQ_A5-Weekday-SDon-062800_M66_513,M66,d0,2,10:28:53,10:28:53,403488,14.0,2
MQ_A5-Weekday-SDon-062800_M66_513,M66,d0,3,10:30:36,10:30:36,403489,29.0,2
MQ_A5-Weekday-SDon-062800_M66_513,M66,d0,4,10:31:29,10:31:29,403491,8.0,3
MQ_A5-Weekday-SDon-062800_M66_513,M66,d0,5,10:32:00,10:32:00,403573,42.0,3
MQ_A5-Weekday-SDon-062800_M66_513,M66,d0,6,10:33:45,10:33:45,403492,42.0,3
MQ_A5-Weekday-SDon-062800_M66_513,M66,d0,7,10:40:38,10:40:38,403494,39.0,3
MQ_A5-Weekday-SDon-062800_M66_513,M66,d0,8,10:42:00,10:42:00,404994,27.0,3
MQ_A5-Weekday-SDon-062800_M66_513,M66,d0,9,10:44:26,10:44:26,403495,36.0,3
MQ_A5-Weekday-SDon-062800_M66_513,M66,d0,10,10:48:00,10:48:00,403497,46.0,3
MQ_A5-Weekday-SDon-062800_M66_513,M66,d0,11,10:49:12,10:49:12,403993,30.0,2
MQ_A5-Weekday-SDon-062800_M66_513,M66,d0,12,10:50:25,10:50:25,403994,19.0,2
MQ_A5-Weekday-SDon-062800_M66_513,M66,d0,13,10:52:34,10:52:34,403995,14.0,1
MQ_A5-Weekday-SDon-062800_M66_513,M66,d0,14,10:54:00,10:54:00,403996,14.0,1
MQ_A5-Weekday-SDon-103800_M66_510,M66,d0,1,17:18:00,17:18:00,403487,1.0,1
MQ_A5-Weekday-SDon-103800_M66_510,M66,d0,2,17:18:53,17:18:53,403488,2.0,1
MQ_A5-Weekday-SDon-103800_M66_510,M66,d0,3,17:20:36,17:20:36,403489,9.0,1
MQ_A5-Weekday-SDon-103800_M66_510,M66,d0,4,17:21:29,17:21:29,403491,15.0,1
MQ_A5-Weekday-SDon-103800_M66_510,M66,d0,5,17:22:00,17:22:00,403573,15.0,1
MQ_A5-Weekday-SDon-103800_M66_510,M66,d0,6,17:23:35,17:23:35,403492,15.0,1
MQ_A5-Weekday-SDon-103800_M66_510,M66,d0,7,17:29:46,17:29:46,403494,15.0,1
MQ_A5-Weekday-SDon-103800_M66_510,M66,d0,8,17:31:00,17:31:00,404994,13.0,1
MQ_A5-Weekday-SDon-103800_M66_510,M66,d0,9,17:32:37,17:32:37,403495,13.0,1
MQ_A5-Weekday-SDon-103800_M66_510,M66,d0,10,17:35:00,17:35:00,403497,11.0,1
MQ_A5-Weekday-SDon-103800_M66_510,M66,d0,11,17:36:00,17:36:00,403993,8.0,1
MQ_A5-Weekday-SDon-103800_M66_510,M66,d0,12,17:37:01,17:37:01,403994,8.0,1
MQ_A5-Weekday-SDon-103800_M66_510,M66,d0,13,17:38:49,17:38:49,403995,6.0,1
MQ_A5-Weekday-SDon-103800_M66_510,M66,d0,14,17:40:00,17:40:00,403996,6.0,1
MQ_A5-Weekday-SDon-048400_M66_501,M66,d0,1,8:04:00,8:04:00,403487,5.0,1
MQ_A5-Weekday-SDon-048400_M66_501,M66,d0,2,8:04:53,8:04:53,403488,5.0,1
MQ_A5-Weekday-SDon-048400_M66_501,M66,d0,3,8:06:36,8:06:36,403489,5.0,1
MQ_A5-Weekday-SDon-048400_M66_501,M66,d0,4,8:07:29,8:07:29,403491,5.0,1
MQ_A5-Weekday-SDon-048400_M66_501,M66,d0,5,8:08:00,8:08:00,403573,1.0,1
MQ_A5-Weekday-SDon-048400_M66_501,M66,d0,6,8:09:35,8:09:35,403492,9.0,1
MQ_A5-Weekday-SDon-048400_M66_501,M66,d0,7,8:15:46,8:15:46,403494,9.0,2
MQ_A5-Weekday-SDon-048400_M66_501,M66,d0,8,8:17:00,8:17:00,404994,24.0,2
MQ_A5-Weekday-SDon-048400_M66_501,M66,d0,9,8:19:26,8:19:26,403495,13.0,1
MQ_A5-Weekday-SDon-048400_M66_501,M66,d0,10,8:23:00,8:23:00,403497,13.0,1
MQ_A5-Weekday-SDon-048400_M66_501,M66,d0,11,8:24:00,8:24:00,403993,1.0,1
MQ_A5-Weekday-SDon-048400_M66_501,M66,d0,12,8:25:01,8:25:01,403994,11.0,1
MQ_A5-Weekday-SDon-048400_M66_501,M66,d0,13,8:26:49,8:26:49,403995,11.0,1
MQ_A5-Weekday-SDon-048400_M66_501,M66,d0,14,8:28:00,8:28:00,403996,11.0,1
MQ_A5-Weekday-SDon-142500_M66_522,M66,d0,1,23:45:00,23:45:00,403487,47.0,3
MQ_A5-Weekday-SDon-142500_M66_522,M66,d0,2,23:45:27,23:45:27,403488,47.0,3
MQ_A5-Weekday-SDon-142500_M66_522,M66,d0,3,23:46:18,23:46:18,403489,47.0,3
MQ_A5-Weekday-SDon-142500_M66_522,M66,d0,4,23:46:45,23:46:45,403491,47.0,3
MQ_A5-Weekday-SDon-142500_M66_522,M66,d0,5,23:47:00,23:47:00,403573,2.0,1
MQ_A5-Weekday-SDon-142500_M66_522,M66,d0,6,23:47:53,23:47:53,403492,2.0,1
MQ_A5-Weekday-SDon-142500_M66_522,M66,d0,7,23:51:19,23:51:19,403494,2.0,1
MQ_A5-Weekday-SDon-142500_M66_522,M66,d0,8,23:52:00,23:52:00,404994,2.0,1
MQ_A5-Weekday-SDon-142500_M66_522,M66,d0,9,23:52:49,23:52:49,403495,2.0,1
MQ_A5-Weekday-SDon-142500_M66_522,M66,d0,10,23:54:00,23:54:00,403497,2.0,1
MQ_A5-Weekday-SDon-142500_M66_522,M66,d0,11,23:54:36,23:54:36,403993,2.0,1
MQ_A5-Weekday-SDon-142500_M66_522,M66,d0,12,23:55:12,23:55:12,403994,1.0,1
MQ_A5-Weekday-SDon-142500_M66_522,M66,d0,13,23:56:17,23:56:17,403995,2.0,1
MQ_A5-Weekday-SDon-142500_M66_522,M66,d0,14,23:57:00,23:57:00,403996,2.0,1
MQ_A5-Weekday-SDon-102800_M66_514,M66,d0,1,17:08:00,17:08:00,403487,3.0,1
MQ_A5-Weekday-SDon-102800_M66_514,M66,d0,2,17:08:53,17:08:53,403488,13.0,1
MQ_A5-Weekday-SDon-102800_M66_514,M66,d0,3,17:10:36,17:10:36,403489,13.0,1
MQ_A5-Weekday-SDon-102800_M66_514,M66,d0,4,17:11:29,17:11:29,403491,13.0,1
MQ_A5-Weekday-SDon-102800_M66_514,M66,d0,5,17:12:00,17:12:00,403573,13.0,3
MQ_A5-Weekday-SDon-102800_M66_514,M66,d0,6,17:13:35,17:13:35,403492,35.0,3
MQ_A5-Weekday-SDon-102800_M66_514,M66,d0,7,17:19:46,17:19:46,403494,28.0,2
MQ_A5-Weekday-SDon-102800_M66_514,M66,d0,8,17:21:00,17:21:00,404994,28.0,2
MQ_A5-Weekday-SDon-102800_M66_514,M66,d0,9,17:22:37,17:22:37,403495,17.0,2
MQ_A5-Weekday-SDon-102800_M66_514,M66,d0,10,17:25:00,17:25:00,403497,17.0,2
MQ_A5-Weekday-SDon-102800_M66_514,M66,d0,11,17:26:00,17:26:00,403993,6.0,1
MQ_A5-Weekday-SDon-102800_M66_514,M66,d0,12,17:27:01,17:27:01,403994,6.0,1
MQ_A5-Weekday-SDon-102800_M66_514,M66,d0,13,17:28:49,17:28:49,403995,3.0,1
MQ_A5-Weekday-SDon-102800_M66_514,M66,d0,14,17:30:00,17:30:00,403996,3.0,1
MQ_A5-Weekday-SDon-058800_M66_509,M66,d0,1,9:48:00,9:48:00,403487,12.0,1
MQ_A5-Weekday-SDon-058800_M66_509,M66,d0,2,9:48:53,9:48:53,403488,12.0,1
MQ_A5-Weekday-SDon-058800_M66_509,M66,d0,3,9:50:36,9:50:36,403489,5.0,1
MQ_A5-Weekday-SDon-058800_M66_509,M66,d0,4,9:51:29,9:51:29,403491,15.0,1
MQ_A5-Weekday-SDon-058800_M66_509,M66,d0,5,9:52:00,9:52:00,403573,10.0,3
MQ_A5-Weekday-SDon-058800_M66_509,M66,d0,6,9:53:35,9:53:35,403492,34.0,3
MQ_A5-Weekday-SDon-058800_M66_509,M66,d0,7,9:59:46,9:59:46,403494,32.0,2
MQ_A5-Weekday-SDon-058800_M66_509,M66,d0,8,10:01:00,10:01:00,404994,30.0,2
MQ_A5-Weekday-SDon-058800_M66_509,M66,d0,9,10:03:26,10:03:26,403495,20.0,2
MQ_A5-Weekday-SDon-058800_M66_509,M66,d0,10,10:07:00,10:07:00,403497,20.0,2
MQ_A5-Weekday-SDon-058800_M66_509,M66,d0,11,10:08:00,10:08:00,403993,20.0,2
MQ_A5-Weekday-SDon-058800_M66_509,M66,d0,12,10:09:01,10:09:01,403994,16.0,1
MQ_A5-Weekday-SDon-058800_M66_509,M66,d0,13,10:10:49,10:10:49,403995,4.0,1
MQ_A5-Weekday-SDon-058800_M66_509,M66,d0,14,10:12:00,10:12:00,403996,4.0,1
MQ_A5-Weekday-104800_M66_522,M66,d0,1,17:28:00,17:28:00,403487,1.0,1
MQ_A5-Weekday-104800_M66_522,M66,d0,2,17:28:53,17:28:53,403488,1.0,1
MQ_A5-Weekday-104800_M66_522,M66,d0,3,17:30:36,17:30:36,403489,11.0,1
MQ_A5-Weekday-104800_M66_522,M66,d0,4,17:31:29,17:31:29,403491,11.0,1
MQ_A5-Weekday-104800_M66_522,M66,d0,5,17:32:00,17:32:00,403573,11.0,1
MQ_A5-Weekday-104800_M66_522,M66,d0,6,17:33:35,17:33:35,403492,16.0,2
MQ_A5-Weekday-104800_M66_522,M66,d0,7,17:39:46,17:39:46,403494,18.0,2
MQ_A5-Weekday-104800_M66_522,M66,d0,8,17:41:00,17:41:00,404994,18.0,2
MQ_A5-Weekday-104800_M66_522,M66,d0,9,17:42:37,17:42:37,403495,18.0,2
MQ_A5-Weekday-104800_M66_522,M66,d0,10,17:45:00,17:45:00,403497,14.0,1
MQ_A5-Weekday-104800_M66_522,M66,d0,11,17:46:00,17:46:00,403993,14.0,1
MQ_A5-Weekday-104800_M66_522,M66,d0,12,17:47:01,17:47:01,403994,1.0,1
MQ_A5-Weekday-104800_M66_522,M66,d0,13,17:48:49,17:48:49,403995,3.0,1
MQ_A5-Weekday-104800_M66_522,M66,d0,14,17:50:00,17:50:00,403996,3.0,1
MQ_A5-Weekday-111800_M66_522,M66,d0,1,18:38:00,18:38:00,403487,12.0,1
MQ_A5-Weekday-111800_M66_522,M66,d0,2,18:38:53,18:38:53,403488,12.0,1
MQ_A5-Weekday-111800_M66_522,M66,d0,3,18:40:36,18:40:36,403489,15.0,2
MQ_A5-Weekday-111800_M66_522,M66,d0,4,18:41:29,18:41:29,403491,19.0,2
MQ_A5-Weekday-111800_M66_522,M66,d0,5,18:42:00,18:42:00,403573,19.0,2
MQ_A5-Weekday-111800_M66_522,M66,d0,6,18:43:35,18:43:35,403492,19.0,2
MQ_A5-Weekday-111800_M66_522,M66,d0,7,18:49:46,18:49:46,403494,23.0,2
MQ_A5-Weekday-111800_M66_522,M66,d0,8,18:51:00,18:51:00,404994,23.0,2
MQ_A5-Weekday-111800_M66_522,M66,d0,9,18:52:37,18:52:37,403495,14.0,1
MQ_A5-Weekday-111800_M66_522,M66,d0,10,18:55:00,18:55:00,403497,16.0,1
MQ_A5-Weekday-111800_M66_522,M66,d0,11,18:56:00,18:56:00,403993,15.0,1
MQ_A5-Weekday-111800_M66_522,M66,d0,12,18:57:01,18:57:01,403994,15.0,1
MQ_A5-Weekday-111800_M66_522,M66,d0,13,18:58:49,18:58:49,403995,8.0,1
MQ_A5-Weekday-111800_M66_522,M66,d0,14,19:00:00,19:00:00,403996,8.0,1
MQ_A5-Weekday-099300_M66_512,M66,d0,1,16:33:00,16:33:00,403487,30.0,2
MQ_A5-Weekday-099300_M66_512,M66,d0,2,16:33:53,16:33:53,403488,30.0,2
MQ_A5-Weekday-099300_M66_512,M66,d0,3,16:35:36,16:35:36,403489,30.0,2
MQ_A5-Weekday-099300_M66_512,M66,d0,4,16:36:29,16:36:29,403491,30.0,2
MQ_A5-Weekday-099300_M66_512,M66,d0,5,16:37:00,16:37:00,403573,30.0,2
MQ_A5-Weekday-099300_M66_512,M66,d0,6,16:38:35,16:38:35,403492,30.0,2
MQ_A5-Weekday-099300_M66_512,M66,d0,7,16:44:46,16:44:46,403494,30.0,2
MQ_A5-Weekday-099300_M66_512,M66,d0,8,16:46:00,16:46:00,404994,18.0,2
MQ_A5-Weekday-099300_M66_512,M66,d0,9,16:47:37,16:47:37,403495,18.0,2
MQ_A5-Weekday-099300_M66_512,M66,d0,10,16:50:00,16:50:00,403497,18.0,2
MQ_A5-Weekday-099300_M66_512,M66,d0,11,16:51:00,16:51:00,403993,18.0,2
MQ_A5-Weekday-099300_M66_512,M66,d0,12,16:52:01,16:52:01,403994,18.0,2
MQ_A5-Weekday-099300_M66_512,M66,d0,13,16:53:49,16:53:49,403995,1.0,1
MQ_A5-Weekday-099300_M66_512,M66,d0,14,16:55:00,16:55:00,403996,1.0,1
MQ_A5-Weekday-096300_M66_510,M66,d0,1,16:03:00,16:03:00,403487,2.0,1
MQ_A5-Weekday-096300_M66_510,M66,d0,2,16:03:53,16:03:53,403488,5.0,2
MQ_A5-Weekday-096300_M66_510,M66,d0,3,16:05:36,16:05:36,403489,17.0,2
MQ_A5-Weekday-096300_M66_510,M66,d0,4,16:06:29,16:06:29,403491,17.0,2
MQ_A5-Weekday-096300_M66_510,M66,d0,5,16:07:00,16:07:00,403573,17.0,2
MQ_A5-Weekday-096300_M66_510,M66,d0,6,16:08:45,16:08:45,403492,22.0,2
MQ_A5-Weekday-096300_M66_510,M66,d0,7,16:15:38,16:15:38,403494,22.0,2
MQ_A5-Weekday-096300_M66_510,M66,d0,8,16:17:00,16:17:00,404994,17.0,2
MQ_A5-Weekday-096300_M66_510,M66,d0,9,16:19:26,16:19:26,403495,21.0,2
MQ_A5-Weekday-096300_M66_510,M66,d0,10,16:23:00,16:23:00,403497,2.0,1
MQ_A5-Weekday-096300_M66_510,M66,d0,11,16:24:12,16:24:12,403993,5.0,1
MQ_A5-Weekday-096300_M66_510,M66,d0,12,16:25:25,16:25:25,403994,5.0,1
MQ_A5-Weekday-096300_M66_510,M66,d0,13,16:27:34,16:27:34,403995,5.0,1
MQ_A5-Weekday-096300_M66_510,M66,d0,14,16:29:00,16:29:00,403996,5.0,1
MQ_A5-Weekday-SDon-061200_M66_507,M66,d0,1,10:12:00,10:12:00,403497,9.0,1
MQ_A5-Weekday-SDon-061200_M66_507,M66,d0,2,10:13:00,10:13:00,403993,9.0,1
MQ_A5-Weekday-SDon-061200_M66_507,M66,d0,3,10:14:01,10:14:01,403994,9.0,1
MQ_A5-Weekday-SDon-061200_M66_507,M66,d0,4,10:15:49,10:15:49,403995,5.0,1
MQ_A5-Weekday-SDon-061200_M66_507,M66,d0,5,10:17:00,10:17:00,403996,5.0,1
MQ_A5-Weekday-133400_M66_520,M66,d0,1,22:14:00,22:14:00,403487,1.0,1
MQ_A5-Weekday-133400_M66_520,M66,d0,2,22:14:53,22:14:53,403488,4.0,2
MQ_A5-Weekday-133400_M66_520,M66,d0,3,22:16:36,22:16:36,403489,17.0,2
MQ_A5-Weekday-133400_M66_520,M66,d0,4,22:17:29,22:17:29,403491,21.0,2
MQ_A5-Weekday-133400_M66_520,M66,d0,5,22:18:00,22:18:00,403573,21.0,2
MQ_A5-Weekday-133400_M66_520,M66,d0,6,22:18:53,22:18:53,403492,23.0,2
MQ_A5-Weekday-133400_M66_520,M66,d0,7,22:22:19,22:22:19,403494,23.0,2
MQ_A5-Weekday-133400_M66_520,M66,d0,8,22:23:00,22:23:00,404994,19.0,2
MQ_A5-Weekday-133400_M66_520,M66,d0,9,22:24:37,22:24:37,403495,19.0,2
MQ_A5-Weekday-133400_M66_520,M66,d0,10,22:27:00,22:27:00,403497,8.0,1
MQ_A5-Weekday-133400_M66_520,M66,d0,11,22:27:48,22:27:48,403993,10.0,1
MQ_A5-Weekday-133400_M66_520,M66,d0,12,22:28:37,22:28:37,403994,7.0,1
MQ_A5-Weekday-133400_M66_520,M66,d0,13,22:30:03,22:30:03,403995,6.0,1
MQ_A5-Weekday-133400_M66_520,M66,d0,14,22:31:00,22:31:00,403996,6.0,1
MQ_A5-Weekday-039100_M66_502,M66,d0,1,6:31:00,6:31:00,403487,8.0,1
MQ_A5-Weekday-039100_M66_502,M66,d0,2,6:31:40,6:31:40,403488,8.0,1
MQ_A5-Weekday-039100_M66_502,M66,d0,3,6:32:57,6:32:57,403489,14.0,1
MQ_A5-Weekday-039100_M66_502,M66,d0,4,6:33:37,6:33:37,403491,14.0,1
MQ_A5-Weekday-039100_M66_502,M66,d0,5,6:34:00,6:34:00,403573,14.0,2
MQ_A5-Weekday-039100_M66_502,M66,d0,6,6:34:53,6:34:53,403492,18.0,2
MQ_A5-Weekday-039100_M66_502,M66,d0,7,6:38:19,6:38:19,403494,18.0,2
MQ_A5-Weekday-039100_M66_502,M66,d0,8,6:39:00,6:39:00,404994,18.0,2
MQ_A5-Weekday-039100_M66_502,M66,d0,9,6:41:02,6:41:02,403495,18.0,3
MQ_A5-Weekday-039100_M66_502,M66,d0,10,6:44:00,6:44:00,403497,38.0,3
MQ_A5-Weekday-039100_M66_502,M66,d0,11,6:44:48,6:44:48,403993,38.0,3
MQ_A5-Weekday-039100_M66_502,M66,d0,12,6:45:37,6:45:37,403994,36.0,3
MQ_A5-Weekday-039100_M66_502,M66,d0,13,6:47:03,6:47:03,403995,22.0,2
MQ_A5-Weekday-039100_M66_502,M66,d0,14,6:48:00,6:48:00,403996,22.0,2
MQ_A5-Weekday-106600_M66_523,M66,d0,1,17:46:00,17:46:00,403487,9.0,1
MQ_A5-Weekday-106600_M66_523,M66,d0,2,17:46:53,17:46:53,403488,9.0,1
MQ_A5-Weekday-106600_M66_523,M66,d0,3,17:48:36,17:48:36,403489,9.0,1
MQ_A5-Weekday-106600_M66_523,M66,d0,4,17:49:29,17:49:29,403491,9.0,1
MQ_A5-Weekday-106600_M66_523,M66,d0,5,17:50:00,17:50:00,403573,9.0,1
MQ_A5-Weekday-106600_M66_523,M66,d0,6,17:51:35,17:51:35,403492,9.0,1
MQ_A5-Weekday-106600_M66_523,M66,d0,7,17:57:46,17:57:46,403494,1.0,1
MQ_A5-Weekday-106600_M66_523,M66,d0,8,17:59:00,17:59:00,404994,1.0,2
MQ_A5-Weekday-106600_M66_523,M66,d0,9,18:00:37,18:00:37,403495,17.0,2
MQ_A5-Weekday-106600_M66_523,M66,d0,10,18:03:00,18:03:00,403497,17.0,2
MQ_A5-Weekday-106600_M66_523,M66,d0,11,18:04:00,18:04:00,403993,17.0,2
MQ_A5-Weekday-106600_M66_523,M66,d0,12,18:05:01,18:05:01,403994,3.0,1
MQ_A5-Weekday-106600_M66_523,M66,d0,13,18:06:49,18:06:49,403995,9.0,1
MQ_A5-Weekday-106600_M66_523,M66,d0,14,18:08:00,18:08:00,403996,9.0,1
MQ_A5-Weekday-090200_M66_518,M66,d0,1,15:02:00,15:02:00,403487,14.0,1
MQ_A5-Weekday-090200_M66_518,M66,d0,2,15:02:53,15:02:53,403488,14.0,1
MQ_A5-Weekday-090200_M66_518,M66,d0,3,15:04:36,15:04:36,403489,14.0,1
MQ_A5-Weekday-090200_M66_518,M66,d0,4,15:05:29,15:05:29,403491,14.0,1
MQ_A5-Weekday-090200_M66_518,M66,d0,5,15:06:00,15:06:00,403573,14.0,1
MQ_A5-Weekday-090200_M66_518,M66,d0,6,15:07:45,15:07:45,403492,14.0,1
MQ_A5-Weekday-090200_M66_518,M66,d0,7,15:14:38,15:14:38,403494,14.0,1
MQ_A5-Weekday-090200_M66_518,M66,d0,8,15:16:00,15:16:00,404994,14.0,1
MQ_A5-Weekday-090200_M66_518,M66,d0,9,15:18:26,15:18:26,403495,14.0,1
MQ_A5-Weekday-090200_M66_518,M66,d0,10,15:22:00,15:22:00,403497,14.0,1
MQ_A5-Weekday-090200_M66_518,M66,d0,11,15:23:12,15:23:12,403993,14.0,1
MQ_A5-Weekday-090200_M66_518,M66,d0,12,15:24:25,15:24:25,403994,14.0,1
MQ_A5-Weekday-090200_M66_518,M66,d0,13,15:26:34,15:26:34,403995,13.0,1
MQ_A5-Weekday-090200_M66_518,M66,d0,14,15:28:00,15:28:00,403996,13.0,1
MQ_A5-Weekday-SDon-046000_M66_505,M66,d0,1,7:40:00,7:40:00,403487,38.0,3
MQ_A5-Weekday-SDon-046000_M66_505,M66,d0,2,7:40:53,7:40:53,403488,38.0,3
MQ_A5-Weekday-SDon-046000_M66_505,M66,d0,3,7:42:36,7:42:36,403489,38.0,3
MQ_A5-Weekday-SDon-046000_M66_505,M66,d0,4,7:43:29,7:43:29,403491,38.0,3
MQ_A5-Weekday-SDon-046000_M66_505,M66,d0,5,7:44:00,7:44:00,403573,38.0,3
MQ_A5-Weekday-SDon-046000_M66_505,M66,d0,6,7:45:35,7:45:35,403492,38.0,3
MQ_A5-Weekday-SDon-046000_M66_505,M66,d0,7,7:51:46,7:51:46,403494,38.0,3
MQ_A5-Weekday-SDon-046000_M66_505,M66,d0,8,7:53:00,7:53:00,404994,29.0,2
MQ_A5-Weekday-SDon-046000_M66_505,M66,d0,9,7:55:26,7:55:26,403495,24.0,2
MQ_A5-Weekday-SDon-046000_M66_505,M66,d0,10,7:59:00,7:59:00,403497,24.0,2
MQ_A5-Weekday-SDon-046000_M66_505,M66,d0,11,8:00:00,8:00:00,403993,24.0,2
MQ_A5-Weekday-SDon-046000_M66_505,M66,d0,12,8:01:01,8:01:01,403994,24.0,2
MQ_A5-Weekday-SDon-046000_M66_505,M66,d0,13,8:02:49,8:02:49,403995,4.0,1
MQ_A5-Weekday-SDon-046000_M66_505,M66,d0,14,8:04:00,8:04:00,403996,4.0,1
MQ_A5-Weekday-SDon-115400_M66_520,M66,d0,1,19:14:00,19:14:00,403487,1.0,1
MQ_A5-Weekday-SDon-115400_M66_520,M66,d0,2,19:15:07,19:15:07,403488,4.0,1
MQ_A5-Weekday-SDon-115400_M66_520,M66,d0,3,19:17:15,19:17:15,403489,8.0,2
MQ_A5-Weekday-SDon-115400_M66_520,M66,d0,4,19:18:22,19:18:22,403491,20.0,2
MQ_A5-Weekday-SDon-115400_M66_520,M66,d0,5,19:19:00,19:19:00,403573,12.0,2
MQ_A5-Weekday-SDon-115400_M66_520,M66,d0,6,19:20:14,19:20:14,403492,22.0,2
MQ_A5-Weekday-SDon-115400_M66_520,M66,d0,7,19:25:03,19:25:03,403494,22.0,2
MQ_A5-Weekday-SDon-115400_M66_520,M66,d0,8,19:26:00,19:26:00,404994,17.0,2
MQ_A5-Weekday-SDon-115400_M66_520,M66,d0,9,19:27:37,19:27:37,403495,16.0,2
MQ_A5-Weekday-SDon-115400_M66_520,M66,d0,10,19:30:00,19:30:00,403497,18.0,2
MQ_A5-Weekday-SDon-115400_M66_520,M66,d0,11,19:30:48,19:30:48,403993,13.0,1
MQ_A5-Weekday-SDon-115400_M66_520,M66,d0,12,19:31:37,19:31:37,403994,13.0,1
MQ_A5-Weekday-SDon-115400_M66_520,M66,d0,13,19:33:03,19:33:03,403995,10.0,1
MQ_A5-Weekday-SDon-115400_M66_520,M66,d0,14,19:34:00,19:34:00,403996,10.0,1
MQ_A5-Weekday-SDon-053000_M66_511,M66,d0,1,8:50:00,8:50:00,403487,5.0,1
MQ_A5-Weekday-SDon-053000_M66_511,M66,d0,2,8:50:53,8:50:53,403488,5.0,1
MQ_A5-Weekday-SDon-053000_M66_511,M66,d0,3,8:52:36,8:52:36,403489,2.0,2
MQ_A5-Weekday-SDon-053000_M66_511,M66,d0,4,8:53:29,8:53:29,403491,27.0,2
MQ_A5-Weekday-SDon-053000_M66_511,M66,d0,5,8:54:00,8:54:00,403573,27.0,2
MQ_A5-Weekday-SDon-053000_M66_511,M66,d0,6,8:55:35,8:55:35,403492,8.0,1
MQ_A5-Weekday-SDon-053000_M66_511,M66,d0,7,9:01:46,9:01:46,403494,8.0,2
MQ_A5-Weekday-SDon-053000_M66_511,M66,d0,8,9:03:00,9:03:00,404994,25.0,2
MQ_A5-Weekday-SDon-053000_M66_511,M66,d0,9,9:05:26,9:05:26,403495,8.0,2
MQ_A5-Weekday-SDon-053000_M66_511,M66,d0,10,9:09:00,9:09:00,403497,17.0,2
MQ_A5-Weekday-SDon-053000_M66_511,M66,d0,11,9:10:00,9:10:00,403993,17.0,2
MQ_A5-Weekday-SDon-053000_M66_511,M66,d0,12,9:11:01,9:11:01,403994,15.0,1
MQ_A5-Weekday-SDon-053000_M66_511,M66,d0,13,9:12:49,9:12:49,403995,1.0,1
MQ_A5-Weekday-SDon-053000_M66_511,M66,d0,14,9:14:00,9:14:00,403996,1.0,1
MQ_A5-Weekday-SDon-078800_M66_502,M66,d0,1,13:08:00,13:08:00,403487,3.0,1
MQ_A5-Weekday-SDon-078800_M66_502,M66,d0,2,13:08:53,13:08:53,403488,13.0,1
MQ_A5-Weekday-SDon-078800_M66_502,M66,d0,3,13:10:36,13:10:36,403489,9.0,1
MQ_A5-Weekday-SDon-078800_M66_502,M66,d0,4,13:11:29,13:11:29,403491,8.0,2
MQ_A5-Weekday-SDon-078800_M66_502,M66,d0,5,13:12:00,13:12:00,403573,24.0,2
MQ_A5-Weekday-SDon-078800_M66_502,M66,d0,6,13:13:45,13:13:45,403492,29.0,2
MQ_A5-Weekday-SDon-078800_M66_502,M66,d0,7,13:20:38,13:20:38,403494,26.0,2
MQ_A5-Weekday-SDon-078800_M66_502,M66,d0,8,13:22:00,13:22:00,404994,17.0,2
MQ_A5-Weekday-SDon-078800_M66_502,M66,d0,9,13:24:26,13:24:26,403495,18.0,2
MQ_A5-Weekday-SDon-078800_M66_502,M66,d0,10,13:28:00,13:28:00,403497,18.0,2
MQ_A5-Weekday-SDon-078800_M66_502,M66,d0,11,13:29:12,13:29:12,403993,18.0,2
MQ_A5-Weekday-SDon-078800_M66_502,M66,d0,12,13:30:25,13:30:25,403994,13.0,1
MQ_A5-Weekday-SDon-078800_M66_502,M66,d0,13,13:32:34,13:32:34,403995,14.0,1
MQ_A5-Weekday-SDon-078800_M66_502,M66,d0,14,13:34:00,13:34:00,403996,14.0,1
MQ_A5-Weekday-047600_M66_506,M66,d0,1,7:56:00,7:56:00,403487,9.0,1
MQ_A5-Weekday-047600_M66_506,M66,d0,2,7:56:53,7:56:53,403488,9.0,1
MQ_A5-Weekday-047600_M66_506,M66,d0,3,7:58:36,7:58:36,403489,11.0,2
MQ_A5-Weekday-047600_M66_506,M66,d0,4,7:59:29,7:59:29,403491,28.0,2
MQ_A5-Weekday-047600_M66_506,M66,d0,5,8:00:00,8:00:00,403573,28.0,2
MQ_A5-Weekday-047600_M66_506,M66,d0,6,8:01:35,8:01:35,403492,28.0,2
MQ_A5-Weekday-047600_M66_506,M66,d0,7,8:07:46,8:07:46,403494,22.0,2
MQ_A5-Weekday-047600_M66_506,M66,d0,8,8:09:00,8:09:00,404994,22.0,2
MQ_A5-Weekday-047600_M66_506,M66,d0,9,8:11:26,8:11:26,403495,22.0,2
MQ_A5-Weekday-047600_M66_506,M66,d0,10,8:15:00,8:15:00,403497,22.0,2
MQ_A5-Weekday-047600_M66_506,M66,d0,11,8:16:00,8:16:00,403993,22.0,2
MQ_A5-Weekday-047600_M66_506,M66,d0,12,8:17:01,8:17:01,403994,22.0,2
MQ_A5-Weekday-047600_M66_506,M66,d0,13,8:18:49,8:18:49,403995,20.0,2
MQ_A5-Weekday-047600_M66_506,M66,d0,14,8:20:00,8:20:00,403996,20.0,2
MQ_A5-Weekday-SDon-057800_M66_508,M66,d0,1,9:38:00,9:38:00,403487,13.0,1
MQ_A5-Weekday-SDon-057800_M66_508,M66,d0,2,9:38:53,9:38:53,403488,13.0,1
MQ_A5-Weekday-SDon-057800_M66_508,M66,d0,3,9:40:36,9:40:36,403489,13.0,1
MQ_A5-Weekday-SDon-057800_M66_508,M66,d0,4,9:41:29,9:41:29,403491,8.0,2
MQ_A5-Weekday-SDon-057800_M66_508,M66,d0,5,9:42:00,9:42:00,403573,30.0,3
MQ_A5-Weekday-SDon-057800_M66_508,M66,d0,6,9:43:35,9:43:35,403492,39.0,3
MQ_A5-Weekday-SDon-057800_M66_508,M66,d0,7,9:49:46,9:49:46,403494,39.0,3
MQ_A5-Weekday-SDon-057800_M66_508,M66,d0,8,9:51:00,9:51:00,404994,18.0,3
MQ_A5-Weekday-SDon-057800_M66_508,M66,d0,9,9:53:26,9:53:26,403495,35.0,3
MQ_A5-Weekday-SDon-057800_M66_508,M66,d0,10,9:57:00,9:57:00,403497,18.0,2
MQ_A5-Weekday-SDon-057800_M66_508,M66,d0,11,9:58:00,9:58:00,403993,18.0,2
MQ_A5-Weekday-SDon-057800_M66_508,M66,d0,12,9:59:01,9:59:01,403994,14.0,1
MQ_A5-Weekday-SDon-057800_M66_508,M66,d0,13,10:00:49,10:00:49,403995,14.0,1
MQ_A5-Weekday-SDon-057800_M66_508,M66,d0,14,10:02:00,10:02:00,403996,14.0,1
MQ_A5-Weekday-SDon-091600_M66_507,M66,d0,1,15:16:00,15:16:00,403487,6.0,2
MQ_A5-Weekday-SDon-091600_M66_507,M66,d0,2,15:16:53,15:16:53,403488,31.0,2
MQ_A5-Weekday-SDon-091600_M66_507,M66,d0,3,15:18:36,15:18:36,403489,31.0,4
MQ_A5-Weekday-SDon-091600_M66_507,M66,d0,4,15:19:29,15:19:29,403491,62.0,4
MQ_A5-Weekday-SDon-091600_M66_507,M66,d0,5,15:20:00,15:20:00,403573,62.0,4
MQ_A5-Weekday-SDon-091600_M66_507,M66,d0,6,15:21:45,15:21:45,403492,62.0,4
MQ_A5-Weekday-SDon-091600_M66_507,M66,d0,7,15:28:38,15:28:38,403494,62.0,4
MQ_A5-Weekday-SDon-091600_M66_507,M66,d0,8,15:30:00,15:30:00,404994,39.0,3
MQ_A5-Weekday-SDon-091600_M66_507,M66,d0,9,15:32:26,15:32:26,403495,36.0,4
MQ_A5-Weekday-SDon-091600_M66_507,M66,d0,10,15:36:00,15:36:00,403497,55.0,4
MQ_A5-Weekday-SDon-091600_M66_507,M66,d0,11,15:37:12,15:37:12,403993,24.0,2
MQ_A5-Weekday-SDon-091600_M66_507,M66,d0,12,15:38:25,15:38:25,403994,18.0,2
MQ_A5-Weekday-SDon-091600_M66_507,M66,d0,13,15:40:34,15:40:34,403995,5.0,1
MQ_A5-Weekday-SDon-091600_M66_507,M66,d0,14,15:42:00,15:42:00,403996,5.0,1
MQ_A5-Weekday-137900_M66_521,M66,d0,1,22:59:00,22:59:00,403487,2.0,1
MQ_A5-Weekday-137900_M66_521,M66,d0,2,22:59:40,22:59:40,403488,1.0,1
MQ_A5-Weekday-137900_M66_521,M66,d0,3,23:00:57,23:00:57,403489,1.0,1
MQ_A5-Weekday-137900_M66_521,M66,d0,4,23:01:37,23:01:37,403491,1.0,1
MQ_A5-Weekday-137900_M66_521,M66,d0,5,23:02:00,23:02:00,403573,1.0,1
MQ_A5-Weekday-137900_M66_521,M66,d0,6,23:02:53,23:02:53,403492,5.0,1
MQ_A5-Weekday-137900_M66_521,M66,d0,7,23:06:19,23:06:19,403494,5.0,1
MQ_A5-Weekday-137900_M66_521,M66,d0,8,23:07:00,23:07:00,404994,5.0,1
MQ_A5-Weekday-137900_M66_521,M66,d0,9,23:08:13,23:08:13,403495,5.0,1
MQ_A5-Weekday-137900_M66_521,M66,d0,10,23:10:00,23:10:00,403497,5.0,1
MQ_A5-Weekday-137900_M66_521,M66,d0,11,23:10:48,23:10:48,403993,3.0,1
MQ_A5-Weekday-137900_M66_521,M66,d0,12,23:11:37,23:11:37,403994,2.0,1
MQ_A5-Weekday-137900_M66_521,M66,d0,13,23:13:03,23:13:03,403995,2.0,1
MQ_A5-Weekday-137900_M66_521,M66,d0,14,23:14:00,23:14:00,403996,2.0,1
MQ_A5-Weekday-SDon-046400_M66_511,M66,d0,1,7:44:00,7:44:00,403487,3.0,1
MQ_A5-Weekday-SDon-046400_M66_511,M66,d0,2,7:44:53,7:44:53,403488,3.0,1
MQ_A5-Weekday-SDon-046400_M66_511,M66,d0,3,7:46:36,7:46:36,403489,3.0,1
MQ_A5-Weekday-SDon-046400_M66_511,M66,d0,4,7:47:29,7:47:29,403491,3.0,1
MQ_A5-Weekday-SDon-046400_M66_511,M66,d0,5,7:48:00,7:48:00,403573,3.0,1
MQ_A5-Weekday-SDon-046400_M66_511,M66,d0,6,7:49:35,7:49:35,403492,3.0,1
MQ_A5-Weekday-SDon-046400_M66_511,M66,d0,7,7:55:46,7:55:46,403494,3.0,2
MQ_A5-Weekday-SDon-046400_M66_511,M66,d0,8,7:57:00,7:57:00,404994,23.0,2
MQ_A5-Weekday-SDon-046400_M66_511,M66,d0,9,7:59:26,7:59:26,403495,23.0,2
MQ_A5-Weekday-SDon-046400_M66_511,M66,d0,10,8:03:00,8:03:00,403497,23.0,2
MQ_A5-Weekday-SDon-046400_M66_511,M66,d0,11,8:04:00,8:04:00,403993,23.0,2
MQ_A5-Weekday-SDon-046400_M66_511,M66,d0,12,8:05:01,8:05:01,403994,23.0,2
MQ_A5-Weekday-SDon-046400_M66_511,M66,d0,13,8:06:49,8:06:49,403995,23.0,2
MQ_A5-Weekday-SDon-046400_M66_511,M66,d0,14,8:08:00,8:08:00,403996,23.0,2
MQ_A5-Weekday-SDon-087800_M66_517,M66,d0,1,14:38:00,14:38:00,403487,29.0,2
MQ_A5-Weekday-SDon-087800_M66_517,M66,d0,2,14:38:53,14:38:53,403488,29.0,2
MQ_A5-Weekday-SDon-087800_M66_517,M66,d0,3,14:40:36,14:40:36,403489,29.0,2
MQ_A5-Weekday-SDon-087800_M66_517,M66,d0,4,14:41:29,14:41:29,403491,29.0,2
MQ_A5-Weekday-SDon-087800_M66_517,M66,d0,5,14:42:00,14:42:00,403573,29.0,2
MQ_A5-Weekday-SDon-087800_M66_517,M66,d0,6,14:43:45,14:43:45,403492,29.0,2
MQ_A5-Weekday-SDon-087800_M66_517,M66,d0,7,14:50:38,14:50:38,403494,29.0,2
MQ_A5-Weekday-SDon-087800_M66_517,M66,d0,8,14:52:00,14:52:00,404994,29.0,2
MQ_A5-Weekday-SDon-087800_M66_517,M66,d0,9,14:54:26,14:54:26,403495,29.0,2
MQ_A5-Weekday-SDon-087800_M66_517,M66,d0,10,14:58:00,14:58:00,403497,29.0,2
MQ_A5-Weekday-SDon-087800_M66_517,M66,d0,11,14:59:12,14:59:12,403993,29.0,2
MQ_A5-Weekday-SDon-087800_M66_517,M66,d0,12,15:00:25,15:00:25,403994,29.0,2
MQ_A5-Weekday-SDon-087800_M66_517,M66,d0,13,15:02:34,15:02:34,403995,10.0,1
MQ_A5-Weekday-SDon-087800_M66_517,M66,d0,14,15:04:00,15:04:00,403996,10.0,1
MQ_A5-Weekday-SDon-101300_M66_509,M66,d0,1,16:53:00,16:53:00,403487,5.0,1
MQ_A5-Weekday-SDon-101300_M66_509,M66,d0,2,16:53:53,16:53:53,403488,5.0,2
MQ_A5-Weekday-SDon-101300_M66_509,M66,d0,3,16:55:36,16:55:36,403489,20.0,2
MQ_A5-Weekday-SDon-101300_M66_509,M66,d0,4,16:56:29,16:56:29,403491,20.0,2
MQ_A5-Weekday-SDon-101300_M66_509,M66,d0,5,16:57:00,16:57:00,403573,20.0,2
MQ_A5-Weekday-SDon-101300_M66_509,M66,d0,6,16:58:35,16:58:35,403492,17.0,2
MQ_A5-Weekday-SDon-101300_M66_509,M66,d0,7,17:04:46,17:04:46,403494,17.0,2
MQ_A5-Weekday-SDon-101300_M66_509,M66,d0,8,17:06:00,17:06:00,404994,17.0,2
MQ_A5-Weekday-SDon-101300_M66_509,M66,d0,9,17:07:37,17:07:37,403495,15.0,1
MQ_A5-Weekday-SDon-101300_M66_509,M66,d0,10,17:10:00,17:10:00,403497,9.0,1
MQ_A5-Weekday-SDon-101300_M66_509,M66,d0,11,17:11:00,17:11:00,403993,7.0,1
MQ_A5-Weekday-SDon-101300_M66_509,M66,d0,12,17:12:01,17:12:01,403994,7.0,1
MQ_A5-Weekday-SDon-101300_M66_509,M66,d0,13,17:13:49,17:13:49,403995,4.0,1
MQ_A5-Weekday-SDon-101300_M66_509,M66,d0,14,17:15:00,17:15:00,403996,4.0,1
MQ_A5-Weekday-SDon-070800_M66_502,M66,d0,1,11:48:00,11:48:00,403487,1.0,1
MQ_A5-Weekday-SDon-070800_M66_502,M66,d0,2,11:48:53,11:48:53,403488,6.0,1
MQ_A5-Weekday-SDon-070800_M66_502,M66,d0,3,11:50:36,11:50:36,403489,13.0,1
MQ_A5-Weekday-SDon-070800_M66_502,M66,d0,4,11:51:29,11:51:29,403491,9.0,1
MQ_A5-Weekday-SDon-070800_M66_502,M66,d0,5,11:52:00,11:52:00,403573,16.0,2
MQ_A5-Weekday-SDon-070800_M66_502,M66,d0,6,11:53:45,11:53:45,403492,22.0,2
MQ_A5-Weekday-SDon-070800_M66_502,M66,d0,7,12:00:38,12:00:38,403494,20.0,2
MQ_A5-Weekday-SDon-070800_M66_502,M66,d0,8,12:02:00,12:02:00,404994,17.0,2
MQ_A5-Weekday-SDon-070800_M66_502,M66,d0,9,12:04:26,12:04:26,403495,18.0,2
MQ_A5-Weekday-SDon-070800_M66_502,M66,d0,10,12:08:00,12:08:00,403497,18.0,2
MQ_A5-Weekday-SDon-070800_M66_502,M66,d0,11,12:09:12,12:09:12,403993,15.0,1
MQ_A5-Weekday-SDon-070800_M66_502,M66,d0,12,12:10:25,12:10:25,403994,13.0,1
MQ_A5-Weekday-SDon-070800_M66_502,M66,d0,13,12:12:34,12:12:34,403995,5.0,1
MQ_A5-Weekday-SDon-070800_M66_502,M66,d0,14,12:14:00,12:14:00,403996,5.0,1
MQ_A5-Weekday-SDon-081800_M66_504,M66,d0,1,13:38:00,13:38:00,403487,8.0,1
MQ_A5-Weekday-SDon-081800_M66_504,M66,d0,2,13:38:53,13:38:53,403488,8.0,1
MQ_A5-Weekday-SDon-081800_M66_504,M66,d0,3,13:40:36,13:40:36,403489,8.0,1
MQ_A5-Weekday-SDon-081800_M66_504,M66,d0,4,13:41:29,13:41:29,403491,8.0,1
MQ_A5-Weekday-SDon-081800_M66_504,M66,d0,5,13:42:00,13:42:00,403573,8.0,1
MQ_A5-Weekday-SDon-081800_M66_504,M66,d0,6,13:43:45,13:43:45,403492,8.0,1
MQ_A5-Weekday-SDon-081800_M66_504,M66,d0,7,13:50:38,13:50:38,403494,14.0,1
MQ_A5-Weekday-SDon-081800_M66_504,M66,d0,8,13:52:00,13:52:00,404994,14.0,1
MQ_A5-Weekday-SDon-081800_M66_504,M66,d0,9,13:54:26,13:54:26,403495,8.0,2
MQ_A5-Weekday-SDon-081800_M66_504,M66,d0,10,13:58:00,13:58:00,403497,17.0,2
MQ_A5-Weekday-SDon-081800_M66_504,M66,d0,11,13:59:12,13:59:12,403993,13.0,1
MQ_A5-Weekday-SDon-081800_M66_504,M66,d0,12,14:00:25,14:00:25,403994,10.0,1
MQ_A5-Weekday-SDon-081800_M66_504,M66,d0,13,14:02:34,14:02:34,403995,1.0,1
MQ_A5-Weekday-SDon-081800_M66_504,M66,d0,14,14:04:00,14:04:00,403996,1.0,1
MQ_A5-Weekday-SDon-108600_M66_517,M66,d0,1,18:06:00,18:06:00,403487,10.0,1
MQ_A5-Weekday-SDon-108600_M66_517,M66,d0,2,18:06:53,18:06:53,403488,10.0,3
MQ_A5-Weekday-SDon-108600_M66_517,M66,d0,3,18:08:36,18:08:36,403489,37.0,3
MQ_A5-Weekday-SDon-108600_M66_517,M66,d0,4,18:09:29,18:09:29,403491,37.0,3
MQ_A5-Weekday-SDon-108600_M66_517,M66,d0,5,18:10:00,18:10:00,403573,29.0,3
MQ_A5-Weekday-SDon-108600_M66_517,M66,d0,6,18:11:35,18:11:35,403492,37.0,3
MQ_A5-Weekday-SDon-108600_M66_517,M66,d0,7,18:17:46,18:17:46,403494,36.0,3
MQ_A5-Weekday-SDon-108600_M66_517,M66,d0,8,18:19:00,18:19:00,404994,31.0,2
MQ_A5-Weekday-SDon-108600_M66_517,M66,d0,9,18:20:37,18:20:37,403495,31.0,2
MQ_A5-Weekday-SDon-108600_M66_517,M66,d0,10,18:23:00,18:23:00,403497,24.0,2
MQ_A5-Weekday-SDon-108600_M66_517,M66,d0,11,18:24:00,18:24:00,403993,13.0,1
MQ_A5-Weekday-SDon-108600_M66_517,M66,d0,12,18:25:01,18:25:01,403994,13.0,1
MQ_A5-Weekday-SDon-108600_M66_517,M66,d0,13,18:26:49,18:26:49,403995,7.0,1
MQ_A5-Weekday-SDon-108600_M66_517,M66,d0,14,18:28:00,18:28:00,403996,7.0,1
MQ_A5-Weekday-SDon-112600_M66_515,M66,d0,1,18:46:00,18:46:00,403487,14.0,1
MQ_A5-Weekday-SDon-112600_M66_515,M66,d0,2,18:46:53,18:46:53,403488,14.0,1
MQ_A5-Weekday-SDon-112600_M66_515,M66,d0,3,18:48:36,18:48:36,403489,12.0,2
MQ_A5-Weekday-SDon-112600_M66_515,M66,d0,4,18:49:29,18:49:29,403491,26.0,2
MQ_A5-Weekday-SDon-112600_M66_515,M66,d0,5,18:50:00,18:50:00,403573,26.0,3
MQ_A5-Weekday-SDon-112600_M66_515,M66,d0,6,18:51:35,18:51:35,403492,39.0,3
MQ_A5-Weekday-SDon-112600_M66_515,M66,d0,7,18:57:46,18:57:46,403494,39.0,3
MQ_A5-Weekday-SDon-112600_M66_515,M66,d0,8,18:59:00,18:59:00,404994,31.0,2
MQ_A5-Weekday-SDon-112600_M66_515,M66,d0,9,19:00:37,19:00:37,403495,26.0,2
MQ_A5-Weekday-SDon-112600_M66_515,M66,d0,10,19:03:00,19:03:00,403497,13.0,1
MQ_A5-Weekday-SDon-112600_M66_515,M66,d0,11,19:03:48,19:03:48,403993,13.0,1
MQ_A5-Weekday-SDon-112600_M66_515,M66,d0,12,19:04:37,19:04:37,403994,9.0,2
MQ_A5-Weekday-SDon-112600_M66_515,M66,d0,13,19:06:03,19:06:03,403995,31.0,2
MQ_A5-Weekday-SDon-112600_M66_515,M66,d0,14,19:07:00,19:07:00,403996,31.0,2
MQ_A5-Weekday-053600_M66_503,M66,d0,1,8:56:00,8:56:00,403487,3.0,1
MQ_A5-Weekday-053600_M66_503,M66,d0,2,8:56:53,8:56:53,403488,9.0,1
MQ_A5-Weekday-053600_M66_503,M66,d0,3,8:58:36,8:58:36,403489,9.0,1
MQ_A5-Weekday-053600_M66_503,M66,d0,4,8:59:29,8:59:29,403491,14.0,1
MQ_A5-Weekday-053600_M66_503,M66,d0,5,9:00:00,9:00:00,403573,14.0,2
MQ_A5-Weekday-053600_M66_503,M66,d0,6,9:01:35,9:01:35,403492,19.0,2
MQ_A5-Weekday-053600_M66_503,M66,d0,7,9:07:46,9:07:46,403494,19.0,2
MQ_A5-Weekday-053600_M66_503,M66,d0,8,9:09:00,9:09:00,404994,17.0,2
MQ_A5-Weekday-053600_M66_503,M66,d0,9,9:11:26,9:11:26,403495,17.0,2
MQ_A5-Weekday-053600_M66_503,M66,d0,10,9:15:00,9:15:00,403497,17.0,2
MQ_A5-Weekday-053600_M66_503,M66,d0,11,9:16:00,9:16:00,403993,17.0,2
MQ_A5-Weekday-053600_M66_503,M66,d0,12,9:17:01,9:17:01,403994,9.0,1
MQ_A5-Weekday-053600_M66_503,M66,d0,13,9:18:49,9:18:49,403995,9.0,1
MQ_A5-Weekday-053600_M66_503,M66,d0,14,9:20:00,9:20:00,403996,9.0,1
MQ_A5-Weekday-047200_M66_512,M66,d0,1,7:52:00,7:52:00,403487,10.0,1
MQ_A5-Weekday-047200_M66_512,M66,d0,2,7:52:53,7:52:53,403488,10.0,1
MQ_A5-Weekday-047200_M66_512,M66,d0,3,7:54:36,7:54:36,403489,10.0,1
MQ_A5-Weekday-047200_M66_512,M66,d0,4,7:55:29,7:55:29,403491,10.0,1
MQ_A5-Weekday-047200_M66_512,M66,d0,5,7:56:00,7:56:00,403573,13.0,1
MQ_A5-Weekday-047200_M66_512,M66,d0,6,7:57:35,7:57:35,403492,13.0,1
MQ_A5-Weekday-047200_M66_512,M66,d0,7,8:03:46,8:03:46,403494,13.0,2
MQ_A5-Weekday-047200_M66_512,M66,d0,8,8:05:00,8:05:00,404994,18.0,2
MQ_A5-Weekday-047200_M66_512,M66,d0,9,8:07:26,8:07:26,403495,18.0,2
MQ_A5-Weekday-047200_M66_512,M66,d0,10,8:11:00,8:11:00,403497,18.0,2
MQ_A5-Weekday-047200_M66_512,M66,d0,11,8:12:00,8:12:00,403993,18.0,2
MQ_A5-Weekday-047200_M66_512,M66,d0,12,8:13:01,8:13:01,403994,18.0,2
MQ_A5-Weekday-047200_M66_512,M66,d0,13,8:14:49,8:14:49,403995,10.0,1
MQ_A5-Weekday-047200_M66_512,M66,d0,14,8:16:00,8:16:00,403996,10.0,1
MQ_A5-Weekday-SDon-086800_M66_513,M66,d0,1,14:28:00,14:28:00,403487,6.0,2
MQ_A5-Weekday-SDon-086800_M66_513,M66,d0,2,14:28:53,14:28:53,403488,21.0,4
MQ_A5-Weekday-SDon-086800_M66_513,M66,d0,3,14:30:36,14:30:36,403489,64.0,4
MQ_A5-Weekday-SDon-086800_M66_513,M66,d0,4,14:31:29,14:31:29,403491,64.0,4
MQ_A5-Weekday-SDon-086800_M66_513,M66,d0,5,14:32:00,14:32:00,403573,64.0,4
MQ_A5-Weekday-SDon-086800_M66_513,M66,d0,6,14:33:45,14:33:45,403492,64.0,4
MQ_A5-Weekday-SDon-086800_M66_513,M66,d0,7,14:40:38,14:40:38,403494,64.0,4
MQ_A5-Weekday-SDon-086800_M66_513,M66,d0,8,14:42:00,14:42:00,404994,64.0,4
MQ_A5-Weekday-SDon-086800_M66_513,M66,d0,9,14:44:26,14:44:26,403495,64.0,4
MQ_A5-Weekday-SDon-086800_M66_513,M66,d0,10,14:48:00,14:48:00,403497,64.0,4
MQ_A5-Weekday-SDon-086800_M66_513,M66,d0,11,14:49:12,14:49:12,403993,64.0,4
MQ_A5-Weekday-SDon-086800_M66_513,M66,d0,12,14:50:25,14:50:25,403994,64.0,4
MQ_A5-Weekday-SDon-086800_M66_513,M66,d0,13,14:52:34,14:52:34,403995,64.0,4
MQ_A5-Weekday-SDon-086800_M66_513,M66,d0,14,14:54:00,14:54:00,403996,64.0,4
MQ_A5-Weekday-044000_M66_508,M66,d0,1,7:20:00,7:20:00,403487,4.0,1
MQ_A5-Weekday-044000_M66_508,M66,d0,2,7:20:53,7:20:53,403488,4.0,1
MQ_A5-Weekday-044000_M66_508,M66,d0,3,7:22:36,7:22:36,403489,4.0,1
MQ_A5-Weekday-044000_M66_508,M66,d0,4,7:23:29,7:23:29,403491,4.0,1
MQ_A5-Weekday-044000_M66_508,M66,d0,5,7:24:00,7:24:00,403573,4.0,1
MQ_A5-Weekday-044000_M66_508,M66,d0,6,7:24:53,7:24:53,403492,4.0,1
MQ_A5-Weekday-044000_M66_508,M66,d0,7,7:28:19,7:28:19,403494,4.0,1
MQ_A5-Weekday-044000_M66_508,M66,d0,8,7:29:00,7:29:00,404994,4.0,1
MQ_A5-Weekday-044000_M66_508,M66,d0,9,7:31:26,7:31:26,403495,2.0,1
MQ_A5-Weekday-044000_M66_508,M66,d0,10,7:35:00,7:35:00,403497,3.0,1
MQ_A5-Weekday-044000_M66_508,M66,d0,11,7:36:00,7:36:00,403993,3.0,1
MQ_A5-Weekday-044000_M66_508,M66,d0,12,7:37:01,7:37:01,403994,3.0,1
MQ_A5-Weekday-044000_M66_508,M66,d0,13,7:38:49,7:38:49,403995,1.0,1
MQ_A5-Weekday-044000_M66_508,M66,d0,14,7:40:00,7:40:00,403996,1.0,1
MQ_A5-Weekday-SDon-095100_M66_511,M66,d0,1,15:51:00,15:51:00,403487,16.0,1
MQ_A5-Weekday-SDon-095100_M66_511,M66,d0,2,15:51:53,15:51:53,403488,16.0,2
MQ_A5-Weekday-SDon-095100_M66_511,M66,d0,3,15:53:36,15:53:36,403489,17.0,2
MQ_A5-Weekday-SDon-095100_M66_511,M66,d0,4,15:54:29,15:54:29,403491,17.0,2
MQ_A5-Weekday-SDon-095100_M66_511,M66,d0,5,15:55:00,15:55:00,403573,13.0,3
MQ_A5-Weekday-SDon-095100_M66_511,M66,d0,6,15:56:45,15:56:45,403492,37.0,3
MQ_A5-Weekday-SDon-095100_M66_511,M66,d0,7,16:03:38,16:03:38,403494,35.0,3
MQ_A5-Weekday-SDon-095100_M66_511,M66,d0,8,16:05:00,16:05:00,404994,29.0,2
MQ_A5-Weekday-SDon-095100_M66_511,M66,d0,9,16:07:26,16:07:26,403495,28.0,2
MQ_A5-Weekday-SDon-095100_M66_511,M66,d0,10,16:11:00,16:11:00,403497,8.0,1
MQ_A5-Weekday-SDon-095100_M66_511,M66,d0,11,16:12:12,16:12:12,403993,13.0,1
MQ_A5-Weekday-SDon-095100_M66_511,M66,d0,12,16:13:25,16:13:25,403994,13.0,1
MQ_A5-Weekday-SDon-095100_M66_511,M66,d0,13,16:15:34,16:15:34,403995,9.0,1
MQ_A5-Weekday-SDon-095100_M66_511,M66,d0,14,16:17:00,16:17:00,403996,9.0,1
MQ_A5-Weekday-SDon-067800_M66_503,M66,d0,1,11:18:00,11:18:00,403487,17.0,2
MQ_A5-Weekday-SDon-067800_M66_503,M66,d0,2,11:18:53,11:18:53,403488,21.0,2
MQ_A5-Weekday-SDon-067800_M66_503,M66,d0,3,11:20:36,11:20:36,403489,25.0,3
MQ_A5-Weekday-SDon-067800_M66_503,M66,d0,4,11:21:29,11:21:29,403491,38.0,3
MQ_A5-Weekday-SDon-067800_M66_503,M66,d0,5,11:22:00,11:22:00,403573,38.0,3
MQ_A5-Weekday-SDon-067800_M66_503,M66,d0,6,11:23:45,11:23:45,403492,29.0,3
MQ_A5-Weekday-SDon-067800_M66_503,M66,d0,7,11:30:38,11:30:38,403494,36.0,3
MQ_A5-Weekday-SDon-067800_M66_503,M66,d0,8,11:32:00,11:32:00,404994,25.0,3
MQ_A5-Weekday-SDon-067800_M66_503,M66,d0,9,11:34:26,11:34:26,403495,35.0,3
MQ_A5-Weekday-SDon-067800_M66_503,M66,d0,10,11:38:00,11:38:00,403497,33.0,3
MQ_A5-Weekday-SDon-067800_M66_503,M66,d0,11,11:39:12,11:39:12,403993,18.0,2
MQ_A5-Weekday-SDon-067800_M66_503,M66,d0,12,11:40:25,11:40:25,403994,29.0,2
MQ_A5-Weekday-SDon-067800_M66_503,M66,d0,13,11:42:34,11:42:34,403995,20.0,2
MQ_A5-Weekday-SDon-067800_M66_503,M66,d0,14,11:44:00,11:44:00,403996,20.0,2
MQ_A5-Weekday-SDon-103300_M66_520,M66,d0,1,17:13:00,17:13:00,403487,5.0,1
MQ_A5-Weekday-SDon-103300_M66_520,M66,d0,2,17:13:53,17:13:53,403488,9.0,1
MQ_A5-Weekday-SDon-103300_M66_520,M66,d0,3,17:15:36,17:15:36,403489,9.0,1
MQ_A5-Weekday-SDon-103300_M66_520,M66,d0,4,17:16:29,17:16:29,403491,11.0,1
MQ_A5-Weekday-SDon-103300_M66_520,M66,d0,5,17:17:00,17:17:00,403573,11.0,1
MQ_A5-Weekday-SDon-103300_M66_520,M66,d0,6,17:18:35,17:18:35,403492,14.0,2
MQ_A5-Weekday-SDon-103300_M66_520,M66,d0,7,17:24:46,17:24:46,403494,17.0,2
MQ_A5-Weekday-SDon-103300_M66_520,M66,d0,8,17:26:00,17:26:00,404994,12.0,1
MQ_A5-Weekday-SDon-103300_M66_520,M66,d0,9,17:27:37,17:27:37,403495,3.0,1
MQ_A5-Weekday-SDon-103300_M66_520,M66,d0,10,17:30:00,17:30:00,403497,7.0,1
MQ_A5-Weekday-SDon-103300_M66_520,M66,d0,11,17:31:00,17:31:00,403993,7.0,1
MQ_A5-Weekday-SDon-103300_M66_520,M66,d0,12,17:32:01,17:32:01,403994,7.0,1
MQ_A5-Weekday-SDon-103300_M66_520,M66,d0,13,17:33:49,17:33:49,403995,7.0,1
MQ_A5-Weekday-SDon-103300_M66_520,M66,d0,14,17:35:00,17:35:00,403996,7.0,1
MQ_A5-Weekday-123200_M66_517,M66,d0,1,20:32:00,20:32:00,403487,4.0,1
MQ_A5-Weekday-123200_M66_517,M66,d0,2,20:32:53,20:32:53,403488,4.0,1
MQ_A5-Weekday-123200_M66_517,M66,d0,3,20:34:36,20:34:36,403489,3.0,1
MQ_A5-Weekday-123200_M66_517,M66,d0,4,20:35:29,20:35:29,403491,6.0,1
MQ_A5-Weekday-123200_M66_517,M66,d0,5,20:36:00,20:36:00,403573,8.0,1
MQ_A5-Weekday-123200_M66_517,M66,d0,6,20:36:53,20:36:53,403492,4.0,1
MQ_A5-Weekday-123200_M66_517,M66,d0,7,20:40:19,20:40:19,403494,8.0,1
MQ_A5-Weekday-123200_M66_517,M66,d0,8,20:41:00,20:41:00,404994,4.0,1
MQ_A5-Weekday-123200_M66_517,M66,d0,9,20:42:37,20:42:37,403495,4.0,1
MQ_A5-Weekday-123200_M66_517,M66,d0,10,20:45:00,20:45:00,403497,6.0,1
MQ_A5-Weekday-123200_M66_517,M66,d0,11,20:45:48,20:45:48,403993,5.0,1
MQ_A5-Weekday-123200_M66_517,M66,d0,12,20:46:37,20:46:37,403994,4.0,1
MQ_A5-Weekday-123200_M66_517,M66,d0,13,20:48:03,20:48:03,403995,2.0,1
MQ_A5-Weekday-123200_M66_517,M66,d0,14,20:49:00,20:49:00,403996,2.0,1
MQ_A5-Weekday-110200_M66_518,M66,d0,1,18:22:00,18:22:00,403487,5.0,1
MQ_A5-Weekday-110200_M66_518,M66,d0,2,18:22:53,18:22:53,403488,5.0,1
MQ_A5-Weekday-110200_M66_518,M66,d0,3,18:24:36,18:24:36,403489,8.0,1
MQ_A5-Weekday-110200_M66_518,M66,d0,4,18:25:29,18:25:29,403491,12.0,1
MQ_A5-Weekday-110200_M66_518,M66,d0,5,18:26:00,18:26:00,403573,12.0,2
MQ_A5-Weekday-110200_M66_518,M66,d0,6,18:27:35,18:27:35,403492,28.0,2
MQ_A5-Weekday-110200_M66_518,M66,d0,7,18:33:46,18:33:46,403494,28.0,2
MQ_A5-Weekday-110200_M66_518,M66,d0,8,18:35:00,18:35:00,404994,11.0,2
MQ_A5-Weekday-110200_M66_518,M66,d0,9,18:36:37,18:36:37,403495,23.0,2
MQ_A5-Weekday-110200_M66_518,M66,d0,10,18:39:00,18:39:00,403497,22.0,2
MQ_A5-Weekday-110200_M66_518,M66,d0,11,18:40:00,18:40:00,403993,22.0,2
MQ_A5-Weekday-110200_M66_518,M66,d0,12,18:41:01,18:41:01,403994,17.0,2
MQ_A5-Weekday-110200_M66_518,M66,d0,13,18:42:49,18:42:49,403995,11.0,1
MQ_A5-Weekday-110200_M66_518,M66,d0,14,18:44:00,18:44:00,403996,11.0,1
MQ_A5-Weekday-043500_M66_504,M66,d0,1,7:15:00,7:15:00,403487,6.0,2
MQ_A5-Weekday-043500_M66_504,M66,d0,2,7:15:53,7:15:53,403488,24.0,2
MQ_A5-Weekday-043500_M66_504,M66,d0,3,7:17:36,7:17:36,403489,24.0,2
MQ_A5-Weekday-043500_M66_504,M66,d0,4,7:18:29,7:18:29,403491,24.0,2
MQ_A5-Weekday-043500_M66_504,M66,d0,5,7:19:00,7:19:00,403573,24.0,2
MQ_A5-Weekday-043500_M66_504,M66,d0,6,7:19:53,7:19:53,403492,24.0,2
MQ_A5-Weekday-043500_M66_504,M66,d0,7,7:23:19,7:23:19,403494,13.0,2
MQ_A5-Weekday-043500_M66_504,M66,d0,8,7:24:00,7:24:00,404994,18.0,2
MQ_A5-Weekday-043500_M66_504,M66,d0,9,7:26:26,7:26:26,403495,21.0,2
MQ_A5-Weekday-043500_M66_504,M66,d0,10,7:30:00,7:30:00,403497,21.0,2
MQ_A5-Weekday-043500_M66_504,M66,d0,11,7:31:00,7:31:00,403993,15.0,2
MQ_A5-Weekday-043500_M66_504,M66,d0,12,7:32:01,7:32:01,403994,27.0,2
MQ_A5-Weekday-043500_M66_504,M66,d0,13,7:33:49,7:33:49,403995,27.0,2
MQ_A5-Weekday-043500_M66_504,M66,d0,14,7:35:00,7:35:00,403996,27.0,2
MQ_A5-Weekday-107800_M66_519,M66,d0,1,17:58:00,17:58:00,403487,4.0,1
MQ_A5-Weekday-107800_M66_519,M66,d0,2,17:58:53,17:58:53,403488,4.0,1
MQ_A5-Weekday-107800_M66_519,M66,d0,3,18:00:36,18:00:36,403489,10.0,1
MQ_A5-Weekday-107800_M66_519,M66,d0,4,18:01:29,18:01:29,403491,10.0,1
MQ_A5-Weekday-107800_M66_519,M66,d0,5,18:02:00,18:02:00,403573,10.0,1
MQ_A5-Weekday-107800_M66_519,M66,d0,6,18:03:35,18:03:35,403492,10.0,1
MQ_A5-Weekday-107800_M66_519,M66,d0,7,18:09:46,18:09:46,403494,10.0,1
MQ_A5-Weekday-107800_M66_519,M66,d0,8,18:11:00,18:11:00,404994,10.0,1
MQ_A5-Weekday-107800_M66_519,M66,d0,9,18:12:37,18:12:37,403495,10.0,1
MQ_A5-Weekday-107800_M66_519,M66,d0,10,18:15:00,18:15:00,403497,16.0,1
MQ_A5-Weekday-107800_M66_519,M66,d0,11,18:16:00,18:16:00,403993,16.0,1
MQ_A5-Weekday-107800_M66_519,M66,d0,12,18:17:01,18:17:01,403994,3.0,1
MQ_A5-Weekday-107800_M66_519,M66,d0,13,18:18:49,18:18:49,403995,3.0,1
MQ_A5-Weekday-107800_M66_519,M66,d0,14,18:20:00,18:20:00,403996,3.0,1
MQ_A5-Weekday-SDon-101800_M66_513,M66,d0,1,16:58:00,16:58:00,403487,23.0,2
MQ_A5-Weekday-SDon-101800_M66_513,M66,d0,2,16:58:53,16:58:53,403488,23.0,2
MQ_A5-Weekday-SDon-101800_M66_513,M66,d0,3,17:00:36,17:00:36,403489,23.0,2
MQ_A5-Weekday-SDon-101800_M66_513,M66,d0,4,17:01:29,17:01:29,403491,23.0,2
MQ_A5-Weekday-SDon-101800_M66_513,M66,d0,5,17:02:00,17:02:00,403573,23.0,2
MQ_A5-Weekday-SDon-101800_M66_513,M66,d0,6,17:03:35,17:03:35,403492,23.0,2
MQ_A5-Weekday-SDon-101800_M66_513,M66,d0,7,17:09:46,17:09:46,403494,19.0,3
MQ_A5-Weekday-SDon-101800_M66_513,M66,d0,8,17:11:00,17:11:00,404994,38.0,3
MQ_A5-Weekday-SDon-101800_M66_513,M66,d0,9,17:12:37,17:12:37,403495,16.0,2
MQ_A5-Weekday-SDon-101800_M66_513,M66,d0,10,17:15:00,17:15:00,403497,26.0,2
MQ_A5-Weekday-SDon-101800_M66_513,M66,d0,11,17:16:00,17:16:00,403993,14.0,1
MQ_A5-Weekday-SDon-101800_M66_513,M66,d0,12,17:17:01,17:17:01,403994,14.0,1
MQ_A5-Weekday-SDon-101800_M66_513,M66,d0,13,17:18:49,17:18:49,403995,4.0,1
MQ_A5-Weekday-SDon-101800_M66_513,M66,d0,14,17:20:00,17:20:00,403996,4.0,1
MQ_A5-Weekday-SDon-068800_M66_515,M66,d0,1,11:28:00,11:28:00,403487,2.0,1
MQ_A5-Weekday-SDon-068800_M66_515,M66,d0,2,11:28:53,11:28:53,403488,8.0,2
MQ_A5-Weekday-SDon-068800_M66_515,M66,d0,3,11:30:36,11:30:36,403489,19.0,2
MQ_A5-Weekday-SDon-068800_M66_515,M66,d0,4,11:31:29,11:31:29,403491,14.0,2
MQ_A5-Weekday-SDon-068800_M66_515,M66,d0,5,11:32:00,11:32:00,403573,22.0,2
MQ_A5-Weekday-SDon-068800_M66_515,M66,d0,6,11:33:45,11:33:45,403492,23.0,2
MQ_A5-Weekday-SDon-068800_M66_515,M66,d0,7,11:40:38,11:40:38,403494,19.0,2
MQ_A5-Weekday-SDon-068800_M66_515,M66,d0,8,11:42:00,11:42:00,404994,18.0,2
MQ_A5-Weekday-SDon-068800_M66_515,M66,d0,9,11:44:26,11:44:26,403495,22.0,2
MQ_A5-Weekday-SDon-068800_M66_515,M66,d0,10,11:48:00,11:48:00,403497,15.0,2
MQ_A5-Weekday-SDon-068800_M66_515,M66,d0,11,11:49:12,11:49:12,403993,20.0,2
MQ_A5-Weekday-SDon-068800_M66_515,M66,d0,12,11:50:25,11:50:25,403994,9.0,1
MQ_A5-Weekday-SDon-068800_M66_515,M66,d0,13,11:52:34,11:52:34,403995,6.0,1
MQ_A5-Weekday-SDon-068800_M66_515,M66,d0,14,11:54:00,11:54:00,403996,6.0,1
MQ_A5-Weekday-097800_M66_518,M66,d0,1,16:18:00,16:18:00,403487,19.0,2
MQ_A5-Weekday-097800_M66_518,M66,d0,2,16:18:53,16:18:53,403488,19.0,2
MQ_A5-Weekday-097800_M66_518,M66,d0,3,16:20:36,16:20:36,403489,19.0,2
MQ_A5-Weekday-097800_M66_518,M66,d0,4,16:21:29,16:21:29,403491,19.0,2
MQ_A5-Weekday-097800_M66_518,M66,d0,5,16:22:00,16:22:00,403573,19.0,2
MQ_A5-Weekday-097800_M66_518,M66,d0,6,16:23:45,16:23:45,403492,24.0,2
MQ_A5-Weekday-097800_M66_518,M66,d0,7,16:30:38,16:30:38,403494,24.0,2
MQ_A5-Weekday-097800_M66_518,M66,d0,8,16:32:00,16:32:00,404994,24.0,2
MQ_A5-Weekday-097800_M66_518,M66,d0,9,16:33:37,16:33:37,403495,22.0,2
MQ_A5-Weekday-097800_M66_518,M66,d0,10,16:36:00,16:36:00,403497,22.0,2
MQ_A5-Weekday-097800_M66_518,M66,d0,11,16:37:00,16:37:00,403993,22.0,2
MQ_A5-Weekday-097800_M66_518,M66,d0,12,16:38:01,16:38:01,403994,22.0,2
MQ_A5-Weekday-097800_M66_518,M66,d0,13,16:39:49,16:39:49,403995,7.0,1
MQ_A5-Weekday-097800_M66_518,M66,d0,14,16:41:00,16:41:00,403996,7.0,1
MQ_A5-Weekday-092300_M66_515,M66,d0,1,15:23:00,15:23:00,403487,5.0,1
MQ_A5-Weekday-092300_M66_515,M66,d0,2,15:23:53,15:23:53,403488,5.0,1
MQ_A5-Weekday-092300_M66_515,M66,d0,3,15:25:36,15:25:36,403489,7.0,1
MQ_A5-Weekday-092300_M66_515,M66,d0,4,15:26:29,15:26:29,403491,7.0,1
MQ_A5-Weekday-092300_M66_515,M66,d0,5,15:27:00,15:27:00,403573,6.0,1
MQ_A5-Weekday-092300_M66_515,M66,d0,6,15:28:45,15:28:45,403492,13.0,1
MQ_A5-Weekday-092300_M66_515,M66,d0,7,15:35:38,15:35:38,403494,14.0,1
MQ_A5-Weekday-092300_M66_515,M66,d0,8,15:37:00,15:37:00,404994,12.0,1
MQ_A5-Weekday-092300_M66_515,M66,d0,9,15:39:26,15:39:26,403495,11.0,1
MQ_A5-Weekday-092300_M66_515,M66,d0,10,15:43:00,15:43:00,403497,11.0,1
MQ_A5-Weekday-092300_M66_515,M66,d0,11,15:44:12,15:44:12,403993,8.0,2
MQ_A5-Weekday-092300_M66_515,M66,d0,12,15:45:25,15:45:25,403994,19.0,2
MQ_A5-Weekday-092300_M66_515,M66,d0,13,15:47:34,15:47:34,403995,16.0,1
MQ_A5-Weekday-092300_M66_515,M66,d0,14,15:49:00,15:49:00,403996,16.0,1
MQ_A5-Weekday-SDon-126800_M66_519,M66,d0,1,21:08:00,21:08:00,403487,8.0,1
MQ_A5-Weekday-SDon-126800_M66_519,M66,d0,2,21:08:53,21:08:53,403488,4.0,2
MQ_A5-Weekday-SDon-126800_M66_519,M66,d0,3,21:10:36,21:10:36,403489,20.0,2
MQ_A5-Weekday-SDon-126800_M66_519,M66,d0,4,21:11:29,21:11:29,403491,17.0,2
MQ_A5-Weekday-SDon-126800_M66_519,M66,d0,5,21:12:00,21:12:00,403573,24.0,2
MQ_A5-Weekday-SDon-126800_M66_519,M66,d0,6,21:12:53,21:12:53,403492,20.0,2
MQ_A5-Weekday-SDon-126800_M66_519,M66,d0,7,21:16:19,21:16:19,403494,24.0,2
MQ_A5-Weekday-SDon-126800_M66_519,M66,d0,8,21:17:00,21:17:00,404994,19.0,2
MQ_A5-Weekday-SDon-126800_M66_519,M66,d0,9,21:18:37,21:18:37,403495,22.0,2
MQ_A5-Weekday-SDon-126800_M66_519,M66,d0,10,21:21:00,21:21:00,403497,18.0,2
MQ_A5-Weekday-SDon-126800_M66_519,M66,d0,11,21:21:48,21:21:48,403993,16.0,1
MQ_A5-Weekday-SDon-126800_M66_519,M66,d0,12,21:22:37,21:22:37,403994,10.0,1
MQ_A5-Weekday-SDon-126800_M66_519,M66,d0,13,21:24:03,21:24:03,403995,10.0,1
MQ_A5-Weekday-SDon-126800_M66_519,M66,d0,14,21:25:00,21:25:00,403996,10.0,1
MQ_A5-Weekday-111000_M66_516,M66,d0,1,18:30:00,18:30:00,403487,6.0,1
MQ_A5-Weekday-111000_M66_516,M66,d0,2,18:30:53,18:30:53,403488,10.0,1
MQ_A5-Weekday-111000_M66_516,M66,d0,3,18:32:36,18:32:36,403489,9.0,1
MQ_A5-Weekday-111000_M66_516,M66,d0,4,18:33:29,18:33:29,403491,16.0,1
MQ_A5-Weekday-111000_M66_516,M66,d0,5,18:34:00,18:34:00,403573,16.0,2
MQ_A5-Weekday-111000_M66_516,M66,d0,6,18:35:35,18:35:35,403492,23.0,2
MQ_A5-Weekday-111000_M66_516,M66,d0,7,18:41:46,18:41:46,403494,18.0,2
MQ_A5-Weekday-111000_M66_516,M66,d0,8,18:43:00,18:43:00,404994,11.0,2
MQ_A5-Weekday-111000_M66_516,M66,d0,9,18:44:37,18:44:37,403495,20.0,2
MQ_A5-Weekday-111000_M66_516,M66,d0,10,18:47:00,18:47:00,403497,20.0,2
MQ_A5-Weekday-111000_M66_516,M66,d0,11,18:48:00,18:48:00,403993,15.0,1
MQ_A5-Weekday-111000_M66_516,M66,d0,12,18:49:01,18:49:01,403994,13.0,1
MQ_A5-Weekday-111000_M66_516,M66,d0,13,18:50:49,18:50:49,403995,6.0,1
MQ_A5-Weekday-111000_M66_516,M66,d0,14,18:52:00,18:52:00,403996,6.0,1
MQ_A5-Weekday-051200_M66_502,M66,d0,1,8:32:00,8:32:00,403487,8.0,1
MQ_A5-Weekday-051200_M66_502,M66,d0,2,8:32:53,8:32:53,403488,8.0,2
MQ_A5-Weekday-051200_M66_502,M66,d0,3,8:34:36,8:34:36,403489,28.0,2
MQ_A5-Weekday-051200_M66_502,M66,d0,4,8:35:29,8:35:29,403491,28.0,2
MQ_A5-Weekday-051200_M66_502,M66,d0,5,8:36:00,8:36:00,403573,28.0,2
MQ_A5-Weekday-051200_M66_502,M66,d0,6,8:37:35,8:37:35,403492,26.0,2
MQ_A5-Weekday-051200_M66_502,M66,d0,7,8:43:46,8:43:46,403494,25.0,2
MQ_A5-Weekday-051200_M66_502,M66,d0,8,8:45:00,8:45:00,404994,25.0,2
MQ_A5-Weekday-051200_M66_502,M66,d0,9,8:47:26,8:47:26,403495,20.0,2
MQ_A5-Weekday-051200_M66_502,M66,d0,10,8:51:00,8:51:00,403497,22.0,2
MQ_A5-Weekday-051200_M66_502,M66,d0,11,8:52:00,8:52:00,403993,21.0,2
MQ_A5-Weekday-051200_M66_502,M66,d0,12,8:53:01,8:53:01,403994,17.0,2
MQ_A5-Weekday-051200_M66_502,M66,d0,13,8:54:49,8:54:49,403995,11.0,1
MQ_A5-Weekday-051200_M66_502,M66,d0,14,8:56:00,8:56:00,403996,11.0,1
MQ_A5-Weekday-046800_M66_503,M66,d0,1,7:48:00,7:48:00,403487,7.0,1
MQ_A5-Weekday-046800_M66_503,M66,d0,2,7:48:53,7:48:53,403488,7.0,1
MQ_A5-Weekday-046800_M66_503,M66,d0,3,7:50:36,7:50:36,403489,11.0,2
MQ_A5-Weekday-046800_M66_503,M66,d0,4,7:51:29,7:51:29,403491,18.0,2
MQ_A5-Weekday-046800_M66_503,M66,d0,5,7:52:00,7:52:00,403573,18.0,2
MQ_A5-Weekday-046800_M66_503,M66,d0,6,7:53:35,7:53:35,403492,22.0,2
MQ_A5-Weekday-046800_M66_503,M66,d0,7,7:59:46,7:59:46,403494,22.0,2
MQ_A5-Weekday-046800_M66_503,M66,d0,8,8:01:00,8:01:00,404994,12.0,1
MQ_A5-Weekday-046800_M66_503,M66,d0,9,8:03:26,8:03:26,403495,12.0,1
MQ_A5-Weekday-046800_M66_503,M66,d0,10,8:07:00,8:07:00,403497,12.0,1
MQ_A5-Weekday-046800_M66_503,M66,d0,11,8:08:00,8:08:00,403993,12.0,1
MQ_A5-Weekday-046800_M66_503,M66,d0,12,8:09:01,8:09:01,403994,12.0,1
MQ_A5-Weekday-046800_M66_503,M66,d0,13,8:10:49,8:10:49,403995,12.0,1
MQ_A5-Weekday-046800_M66_503,M66,d0,14,8:12:00,8:12:00,403996,12.0,1
MQ_A5-Weekday-SDon-125600_M66_521,M66,d0,1,20:56:00,20:56:00,403487,1.0,1
MQ_A5-Weekday-SDon-125600_M66_521,M66,d0,2,20:56:53,20:56:53,403488,2.0,1
MQ_A5-Weekday-SDon-125600_M66_521,M66,d0,3,20:58:36,20:58:36,403489,2.0,1
MQ_A5-Weekday-SDon-125600_M66_521,M66,d0,4,20:59:29,20:59:29,403491,10.0,2
MQ_A5-Weekday-SDon-125600_M66_521,M66,d0,5,21:00:00,21:00:00,403573,21.0,2
MQ_A5-Weekday-SDon-125600_M66_521,M66,d0,6,21:00:53,21:00:53,403492,22.0,2
MQ_A5-Weekday-SDon-125600_M66_521,M66,d0,7,21:04:19,21:04:19,403494,14.0,2
MQ_A5-Weekday-SDon-125600_M66_521,M66,d0,8,21:05:00,21:05:00,404994,24.0,2
MQ_A5-Weekday-SDon-125600_M66_521,M66,d0,9,21:06:37,21:06:37,403495,25.0,2
MQ_A5-Weekday-SDon-125600_M66_521,M66,d0,10,21:09:00,21:09:00,403497,20.0,2
MQ_A5-Weekday-SDon-125600_M66_521,M66,d0,11,21:09:48,21:09:48,403993,14.0,1
MQ_A5-Weekday-SDon-125600_M66_521,M66,d0,12,21:10:37,21:10:37,403994,14.0,1
MQ_A5-Weekday-SDon-125600_M66_521,M66,d0,13,21:12:03,21:12:03,403995,1.0,1
MQ_A5-Weekday-SDon-125600_M66_521,M66,d0,14,21:13:00,21:13:00,403996,1.0,1
MQ_A5-Weekday-SDon-073800_M66_504,M66,d0,1,12:18:00,12:18:00,403487,6.0,1
MQ_A5-Weekday-SDon-073800_M66_504,M66,d0,2,12:18:53,12:18:53,403488,5.0,1
MQ_A5-Weekday-SDon-073800_M66_504,M66,d0,3,12:20:36,12:20:36,403489,11.0,2
MQ_A5-Weekday-SDon-073800_M66_504,M66,d0,4,12:21:29,12:21:29,403491,21.0,2
MQ_A5-Weekday-SDon-073800_M66_504,M66,d0,5,12:22:00,12:22:00,403573,22.0,2
MQ_A5-Weekday-SDon-073800_M66_504,M66,d0,6,12:23:45,12:23:45,403492,21.0,2
MQ_A5-Weekday-SDon-073800_M66_504,M66,d0,7,12:30:38,12:30:38,403494,21.0,2
MQ_A5-Weekday-SDon-073800_M66_504,M66,d0,8,12:32:00,12:32:00,404994,17.0,2
MQ_A5-Weekday-SDon-073800_M66_504,M66,d0,9,12:34:26,12:34:26,403495,26.0,2
MQ_A5-Weekday-SDon-073800_M66_504,M66,d0,10,12:38:00,12:38:00,403497,17.0,2
MQ_A5-Weekday-SDon-073800_M66_504,M66,d0,11,12:39:12,12:39:12,403993,14.0,1
MQ_A5-Weekday-SDon-073800_M66_504,M66,d0,12,12:40:25,12:40:25,403994,13.0,1
MQ_A5-Weekday-SDon-073800_M66_504,M66,d0,13,12:42:34,12:42:34,403995,10.0,1
MQ_A5-Weekday-SDon-073800_M66_504,M66,d0,14,12:44:00,12:44:00,403996,10.0,1
MQ_A5-Weekday-SDon-082800_M66_516,M66,d0,1,13:48:00,13:48:00,403487,8.0,1
MQ_A5-Weekday-SDon-082800_M66_516,M66,d0,2,13:48:53,13:48:53,403488,8.0,1
MQ_A5-Weekday-SDon-082800_M66_516,M66,d0,3,13:50:36,13:50:36,403489,14.0,3
MQ_A5-Weekday-SDon-082800_M66_516,M66,d0,4,13:51:29,13:51:29,403491,35.0,3
MQ_A5-Weekday-SDon-082800_M66_516,M66,d0,5,13:52:00,13:52:00,403573,35.0,3
MQ_A5-Weekday-SDon-082800_M66_516,M66,d0,6,13:53:45,13:53:45,403492,35.0,3
MQ_A5-Weekday-SDon-082800_M66_516,M66,d0,7,14:00:38,14:00:38,403494,34.0,3
MQ_A5-Weekday-SDon-082800_M66_516,M66,d0,8,14:02:00,14:02:00,404994,33.0,3
MQ_A5-Weekday-SDon-082800_M66_516,M66,d0,9,14:04:26,14:04:26,403495,21.0,2
MQ_A5-Weekday-SDon-082800_M66_516,M66,d0,10,14:08:00,14:08:00,403497,31.0,2
MQ_A5-Weekday-SDon-082800_M66_516,M66,d0,11,14:09:12,14:09:12,403993,22.0,2
MQ_A5-Weekday-SDon-082800_M66_516,M66,d0,12,14:10:25,14:10:25,403994,23.0,2
MQ_A5-Weekday-SDon-082800_M66_516,M66,d0,13,14:12:34,14:12:34,403995,13.0,1
MQ_A5-Weekday-SDon-082800_M66_516,M66,d0,14,14:14:00,14:14:00,403996,13.0,1
MQ_A5-Weekday-139400_M66_520,M66,d0,1,23:14:00,23:14:00,403487,2.0,1
MQ_A5-Weekday-139400_M66_520,M66,d0,2,23:14:40,23:14:40,403488,1.0,1
MQ_A5-Weekday-139400_M66_520,M66,d0,3,23:15:57,23:15:57,403489,2.0,1
MQ_A5-Weekday-139400_M66_520,M66,d0,4,23:16:37,23:16:37,403491,3.0,1
MQ_A5-Weekday-139400_M66_520,M66,d0,5,23:17:00,23:17:00,403573,3.0,1
MQ_A5-Weekday-139400_M66_520,M66,d0,6,23:17:53,23:17:53,403492,4.0,1
MQ_A5-Weekday-139400_M66_520,M66,d0,7,23:21:19,23:21:19,403494,2.0,1
MQ_A5-Weekday-139400_M66_520,M66,d0,8,23:22:00,23:22:00,404994,5.0,1
MQ_A5-Weekday-139400_M66_520,M66,d0,9,23:23:13,23:23:13,403495,6.0,1
MQ_A5-Weekday-139400_M66_520,M66,d0,10,23:25:00,23:25:00,403497,6.0,1
MQ_A5-Weekday-139400_M66_520,M66,d0,11,23:25:48,23:25:48,403993,6.0,1
MQ_A5-Weekday-139400_M66_520,M66,d0,12,23:26:37,23:26:37,403994,6.0,1
MQ_A5-Weekday-139400_M66_520,M66,d0,13,23:28:03,23:28:03,403995,4.0,1
MQ_A5-Weekday-139400_M66_520,M66,d0,14,23:29:00,23:29:00,403996,4.0,1
MQ_A5-Weekday-136400_M66_522,M66,d0,1,22:44:00,22:44:00,403487,1.0,1
MQ_A5-Weekday-136400_M66_522,M66,d0,2,22:44:40,22:44:40,403488,2.0,1
MQ_A5-Weekday-136400_M66_522,M66,d0,3,22:45:57,22:45:57,403489,4.0,1
MQ_A5-Weekday-136400_M66_522,M66,d0,4,22:46:37,22:46:37,403491,11.0,1
MQ_A5-Weekday-136400_M66_522,M66,d0,5,22:47:00,22:47:00,403573,11.0,1
MQ_A5-Weekday-136400_M66_522,M66,d0,6,22:47:53,22:47:53,403492,12.0,1
MQ_A5-Weekday-136400_M66_522,M66,d0,7,22:51:19,22:51:19,403494,12.0,1
MQ_A5-Weekday-136400_M66_522,M66,d0,8,22:52:00,22:52:00,404994,8.0,1
MQ_A5-Weekday-136400_M66_522,M66,d0,9,22:53:13,22:53:13,403495,13.0,1
MQ_A5-Weekday-136400_M66_522,M66,d0,10,22:55:00,22:55:00,403497,9.0,1
MQ_A5-Weekday-136400_M66_522,M66,d0,11,22:55:48,22:55:48,403993,4.0,1
MQ_A5-Weekday-136400_M66_522,M66,d0,12,22:56:37,22:56:37,403994,8.0,1
MQ_A5-Weekday-136400_M66_522,M66,d0,13,22:58:03,22:58:03,403995,3.0,1
MQ_A5-Weekday-136400_M66_522,M66,d0,14,22:59:00,22:59:00,403996,3.0,1
MQ_A5-Weekday-SDon-044500_M66_509,M66,d0,1,7:25:00,7:25:00,403487,5.0,1
MQ_A5-Weekday-SDon-044500_M66_509,M66,d0,2,7:25:53,7:25:53,403488,5.0,1
MQ_A5-Weekday-SDon-044500_M66_509,M66,d0,3,7:27:36,7:27:36,403489,5.0,1
MQ_A5-Weekday-SDon-044500_M66_509,M66,d0,4,7:28:29,7:28:29,403491,5.0,1
MQ_A5-Weekday-SDon-044500_M66_509,M66,d0,5,7:29:00,7:29:00,403573,5.0,1
MQ_A5-Weekday-SDon-044500_M66_509,M66,d0,6,7:29:53,7:29:53,403492,5.0,1
MQ_A5-Weekday-SDon-044500_M66_509,M66,d0,7,7:33:19,7:33:19,403494,5.0,1
MQ_A5-Weekday-SDon-044500_M66_509,M66,d0,8,7:34:00,7:34:00,404994,5.0,1
MQ_A5-Weekday-SDon-044500_M66_509,M66,d0,9,7:36:26,7:36:26,403495,5.0,1
MQ_A5-Weekday-SDon-044500_M66_509,M66,d0,10,7:40:00,7:40:00,403497,5.0,1
MQ_A5-Weekday-SDon-044500_M66_509,M66,d0,11,7:41:00,7:41:00,403993,5.0,1
MQ_A5-Weekday-SDon-044500_M66_509,M66,d0,12,7:42:01,7:42:01,403994,5.0,1
MQ_A5-Weekday-SDon-044500_M66_509,M66,d0,13,7:43:49,7:43:49,403995,5.0,1
MQ_A5-Weekday-SDon-044500_M66_509,M66,d0,14,7:45:00,7:45:00,403996,5.0,1
MQ_A5-Weekday-SDon-069800_M66_512,M66,d0,1,11:38:00,11:38:00,403487,5.0,1
MQ_A5-Weekday-SDon-069800_M66_512,M66,d0,2,11:38:53,11:38:53,403488,7.0,1
MQ_A5-Weekday-SDon-069800_M66_512,M66,d0,3,11:40:36,11:40:36,403489,11.0,1
MQ_A5-Weekday-SDon-069800_M66_512,M66,d0,4,11:41:29,11:41:29,403491,16.0,2
MQ_A5-Weekday-SDon-069800_M66_512,M66,d0,5,11:42:00,11:42:00,403573,18.0,2
MQ_A5-Weekday-SDon-069800_M66_512,M66,d0,6,11:43:45,11:43:45,403492,28.0,2
MQ_A5-Weekday-SDon-069800_M66_512,M66,d0,7,11:50:38,11:50:38,403494,27.0,2
MQ_A5-Weekday-SDon-069800_M66_512,M66,d0,8,11:52:00,11:52:00,404994,24.0,2
MQ_A5-Weekday-SDon-069800_M66_512,M66,d0,9,11:54:26,11:54:26,403495,15.0,2
MQ_A5-Weekday-SDon-069800_M66_512,M66,d0,10,11:58:00,11:58:00,403497,20.0,2
MQ_A5-Weekday-SDon-069800_M66_512,M66,d0,11,11:59:12,11:59:12,403993,19.0,2
MQ_A5-Weekday-SDon-069800_M66_512,M66,d0,12,12:00:25,12:00:25,403994,17.0,2
MQ_A5-Weekday-SDon-069800_M66_512,M66,d0,13,12:02:34,12:02:34,403995,12.0,1
MQ_A5-Weekday-SDon-069800_M66_512,M66,d0,14,12:04:00,12:04:00,403996,12.0,1
MQ_A5-Weekday-SDon-045000_M66_502,M66,d0,1,7:30:00,7:30:00,403487,29.0,2
MQ_A5-Weekday-SDon-045000_M66_502,M66,d0,2,7:30:53,7:30:53,403488,29.0,2
MQ_A5-Weekday-SDon-045000_M66_502,M66,d0,3,7:32:36,7:32:36,403489,29.0,2
MQ_A5-Weekday-SDon-045000_M66_502,M66,d0,4,7:33:29,7:33:29,403491,29.0,2
MQ_A5-Weekday-SDon-045000_M66_502,M66,d0,5,7:34:00,7:34:00,403573,29.0,2
MQ_A5-Weekday-SDon-045000_M66_502,M66,d0,6,7:35:35,7:35:35,403492,29.0,2
MQ_A5-Weekday-SDon-045000_M66_502,M66,d0,7,7:41:46,7:41:46,403494,29.0,2
MQ_A5-Weekday-SDon-045000_M66_502,M66,d0,8,7:43:00,7:43:00,404994,29.0,2
MQ_A5-Weekday-SDon-045000_M66_502,M66,d0,9,7:45:26,7:45:26,403495,29.0,2
MQ_A5-Weekday-SDon-045000_M66_502,M66,d0,10,7:49:00,7:49:00,403497,29.0,2
MQ_A5-Weekday-SDon-045000_M66_502,M66,d0,11,7:50:00,7:50:00,403993,29.0,2
MQ_A5-Weekday-SDon-045000_M66_502,M66,d0,12,7:51:01,7:51:01,403994,29.0,2
MQ_A5-Weekday-SDon-045000_M66_502,M66,d0,13,7:52:49,7:52:49,403995,20.0,2
MQ_A5-Weekday-SDon-045000_M66_502,M66,d0,14,7:54:00,7:54:00,403996,20.0,2
MQ_A5-Weekday-100800_M66_519,M66,d0,1,16:48:00,16:48:00,403487,5.0,1
MQ_A5-Weekday-100800_M66_519,M66,d0,2,16:48:53,16:48:53,403488,5.0,1
MQ_A5-Weekday-100800_M66_519,M66,d0,3,16:50:36,16:50:36,403489,5.0,1
MQ_A5-Weekday-100800_M66_519,M66,d0,4,16:51:29,16:51:29,403491,5.0,1
MQ_A5-Weekday-100800_M66_519,M66,d0,5,16:52:00,16:52:00,403573,5.0,1
MQ_A5-Weekday-100800_M66_519,M66,d0,6,16:53:35,16:53:35,403492,5.0,1
MQ_A5-Weekday-100800_M66_519,M66,d0,7,16:59:46,16:59:46,403494,5.0,1
MQ_A5-Weekday-100800_M66_519,M66,d0,8,17:01:00,17:01:00,404994,5.0,1
MQ_A5-Weekday-100800_M66_519,M66,d0,9,17:02:37,17:02:37,403495,5.0,1
MQ_A5-Weekday-100800_M66_519,M66,d0,10,17:05:00,17:05:00,403497,4.0,1
MQ_A5-Weekday-100800_M66_519,M66,d0,11,17:06:00,17:06:00,403993,4.0,1
MQ_A5-Weekday-100800_M66_519,M66,d0,12,17:07:01,17:07:01,403994,4.0,1
MQ_A5-Weekday-100800_M66_519,M66,d0,13,17:08:49,17:08:49,403995,4.0,1
MQ_A5-Weekday-100800_M66_519,M66,d0,14,17:10:00,17:10:00,403996,4.0,1
MQ_A5-Weekday-SDon-034000_M66_502,M66,d0,1,5:40:00,5:40:00,403487,6.0,1
MQ_A5-Weekday-SDon-034000_M66_502,M66,d0,2,5:40:40,5:40:40,403488,2.0,1
MQ_A5-Weekday-SDon-034000_M66_502,M66,d0,3,5:41:57,5:41:57,403489,7.0,1
MQ_A5-Weekday-SDon-034000_M66_502,M66,d0,4,5:42:37,5:42:37,403491,8.0,1
MQ_A5-Weekday-SDon-034000_M66_502,M66,d0,5,5:43:00,5:43:00,403573,8.0,1
MQ_A5-Weekday-SDon-034000_M66_502,M66,d0,6,5:43:42,5:43:42,403492,11.0,1
MQ_A5-Weekday-SDon-034000_M66_502,M66,d0,7,5:46:27,5:46:27,403494,10.0,1
MQ_A5-Weekday-SDon-034000_M66_502,M66,d0,8,5:47:00,5:47:00,404994,6.0,1
MQ_A5-Weekday-SDon-034000_M66_502,M66,d0,9,5:48:37,5:48:37,403495,10.0,2
MQ_A5-Weekday-SDon-034000_M66_502,M66,d0,10,5:51:00,5:51:00,403497,18.0,2
MQ_A5-Weekday-SDon-034000_M66_502,M66,d0,11,5:51:36,5:51:36,403993,18.0,2
MQ_A5-Weekday-SDon-034000_M66_502,M66,d0,12,5:52:12,5:52:12,403994,18.0,2
MQ_A5-Weekday-SDon-034000_M66_502,M66,d0,13,5:53:17,5:53:17,403995,11.0,1
MQ_A5-Weekday-SDon-034000_M66_502,M66,d0,14,5:54:00,5:54:00,403996,11.0,1
MQ_A5-Weekday-SDon-075800_M66_503,M66,d0,1,12:38:00,12:38:00,403487,5.0,1
MQ_A5-Weekday-SDon-075800_M66_503,M66,d0,2,12:38:53,12:38:53,403488,8.0,2
MQ_A5-Weekday-SDon-075800_M66_503,M66,d0,3,12:40:36,12:40:36,403489,29.0,2
MQ_A5-Weekday-SDon-075800_M66_503,M66,d0,4,12:41:29,12:41:29,403491,12.0,2
MQ_A5-Weekday-SDon-075800_M66_503,M66,d0,5,12:42:00,12:42:00,403573,29.0,3
MQ_A5-Weekday-SDon-075800_M66_503,M66,d0,6,12:43:45,12:43:45,403492,42.0,3
MQ_A5-Weekday-SDon-075800_M66_503,M66,d0,7,12:50:38,12:50:38,403494,31.0,2
MQ_A5-Weekday-SDon-075800_M66_503,M66,d0,8,12:52:00,12:52:00,404994,31.0,2
MQ_A5-Weekday-SDon-075800_M66_503,M66,d0,9,12:54:26,12:54:26,403495,28.0,2
MQ_A5-Weekday-SDon-075800_M66_503,M66,d0,10,12:58:00,12:58:00,403497,12.0,2
MQ_A5-Weekday-SDon-075800_M66_503,M66,d0,11,12:59:12,12:59:12,403993,22.0,2
MQ_A5-Weekday-SDon-075800_M66_503,M66,d0,12,13:00:25,13:00:25,403994,17.0,2
MQ_A5-Weekday-SDon-075800_M66_503,M66,d0,13,13:02:34,13:02:34,403995,24.0,2
MQ_A5-Weekday-SDon-075800_M66_503,M66,d0,14,13:04:00,13:04:00,403996,24.0,2
MQ_A5-Weekday-066800_M66_509,M66,d0,1,11:08:00,11:08:00,403487,6.0,1
MQ_A5-Weekday-066800_M66_509,M66,d0,2,11:08:53,11:08:53,403488,6.0,1
MQ_A5-Weekday-066800_M66_509,M66,d0,3,11:10:36,11:10:36,403489,6.0,2
MQ_A5-Weekday-066800_M66_509,M66,d0,4,11:11:29,11:11:29,403491,20.0,2
MQ_A5-Weekday-066800_M66_509,M66,d0,5,11:12:00,11:12:00,403573,20.0,2
MQ_A5-Weekday-066800_M66_509,M66,d0,6,11:13:45,11:13:45,403492,26.0,2
MQ_A5-Weekday-066800_M66_509,M66,d0,7,11:20:38,11:20:38,403494,15.0,1
MQ_A5-Weekday-066800_M66_509,M66,d0,8,11:22:00,11:22:00,404994,15.0,1
MQ_A5-Weekday-066800_M66_509,M66,d0,9,11:24:26,11:24:26,403495,9.0,1
MQ_A5-Weekday-066800_M66_509,M66,d0,10,11:28:00,11:28:00,403497,13.0,1
MQ_A5-Weekday-066800_M66_509,M66,d0,11,11:29:12,11:29:12,403993,3.0,1
MQ_A5-Weekday-066800_M66_509,M66,d0,12,11:30:25,11:30:25,403994,14.0,1
MQ_A5-Weekday-066800_M66_509,M66,d0,13,11:32:34,11:32:34,403995,2.0,1
MQ_A5-Weekday-066800_M66_509,M66,d0,14,11:34:00,11:34:00,403996,2.0,1
MQ_A5-Weekday-119600_M66_522,M66,d0,1,19:56:00,19:56:00,403487,2.0,1
MQ_A5-Weekday-119600_M66_522,M66,d0,2,19:56:53,19:56:53,403488,2.0,1
MQ_A5-Weekday-119600_M66_522,M66,d0,3,19:58:36,19:58:36,403489,3.0,1
MQ_A5-Weekday-119600_M66_522,M66,d0,4,19:59:29,19:59:29,403491,10.0,1
MQ_A5-Weekday-119600_M66_522,M66,d0,5,20:00:00,20:00:00,403573,10.0,1
MQ_A5-Weekday-119600_M66_522,M66,d0,6,20:00:53,20:00:53,403492,10.0,1
MQ_A5-Weekday-119600_M66_522,M66,d0,7,20:04:19,20:04:19,403494,10.0,1
MQ_A5-Weekday-119600_M66_522,M66,d0,8,20:05:00,20:05:00,404994,9.0,1
MQ_A5-Weekday-119600_M66_522,M66,d0,9,20:06:37,20:06:37,403495,10.0,1
MQ_A5-Weekday-119600_M66_522,M66,d0,10,20:09:00,20:09:00,403497,6.0,1
MQ_A5-Weekday-119600_M66_522,M66,d0,11,20:09:48,20:09:48,403993,6.0,1
MQ_A5-Weekday-119600_M66_522,M66,d0,12,20:10:37,20:10:37,403994,4.0,1
MQ_A5-Weekday-119600_M66_522,M66,d0,13,20:12:03,20:12:03,403995,4.0,1
MQ_A5-Weekday-119600_M66_522,M66,d0,14,20:13:00,20:13:00,403996,4.0,1
MQ_A5-Weekday-SDon-050600_M66_509,M66,d0,1,8:26:00,8:26:00,403487,12.0,1
MQ_A5-Weekday-SDon-050600_M66_509,M66,d0,2,8:26:53,8:26:53,403488,12.0,1
MQ_A5-Weekday-SDon-050600_M66_509,M66,d0,3,8:28:36,8:28:36,403489,15.0,1
MQ_A5-Weekday-SDon-050600_M66_509,M66,d0,4,8:29:29,8:29:29,403491,15.0,3
MQ_A5-Weekday-SDon-050600_M66_509,M66,d0,5,8:30:00,8:30:00,403573,39.0,3
MQ_A5-Weekday-SDon-050600_M66_509,M66,d0,6,8:31:35,8:31:35,403492,45.0,3
MQ_A5-Weekday-SDon-050600_M66_509,M66,d0,7,8:37:46,8:37:46,403494,35.0,3
MQ_A5-Weekday-SDon-050600_M66_509,M66,d0,8,8:39:00,8:39:00,404994,32.0,2
MQ_A5-Weekday-SDon-050600_M66_509,M66,d0,9,8:41:26,8:41:26,403495,30.0,2
MQ_A5-Weekday-SDon-050600_M66_509,M66,d0,10,8:45:00,8:45:00,403497,7.0,2
MQ_A5-Weekday-SDon-050600_M66_509,M66,d0,11,8:46:00,8:46:00,403993,25.0,2
MQ_A5-Weekday-SDon-050600_M66_509,M66,d0,12,8:47:01,8:47:01,403994,22.0,2
MQ_A5-Weekday-SDon-050600_M66_509,M66,d0,13,8:48:49,8:48:49,403995,1.0,1
MQ_A5-Weekday-SDon-050600_M66_509,M66,d0,14,8:50:00,8:50:00,403996,1.0,1
MQ_A5-Weekday-116400_M66_517,M66,d0,1,19:24:00,19:24:00,403487,2.0,1
MQ_A5-Weekday-116400_M66_517,M66,d0,2,19:25:07,19:25:07,403488,4.0,1
MQ_A5-Weekday-116400_M66_517,M66,d0,3,19:27:15,19:27:15,403489,5.0,1
MQ_A5-Weekday-116400_M66_517,M66,d0,4,19:28:22,19:28:22,403491,7.0,1
MQ_A5-Weekday-116400_M66_517,M66,d0,5,19:29:00,19:29:00,403573,10.0,1
MQ_A5-Weekday-116400_M66_517,M66,d0,6,19:30:14,19:30:14,403492,9.0,1
MQ_A5-Weekday-116400_M66_517,M66,d0,7,19:35:03,19:35:03,403494,6.0,1
MQ_A5-Weekday-116400_M66_517,M66,d0,8,19:36:00,19:36:00,404994,7.0,1
MQ_A5-Weekday-116400_M66_517,M66,d0,9,19:37:37,19:37:37,403495,7.0,1
MQ_A5-Weekday-116400_M66_517,M66,d0,10,19:40:00,19:40:00,403497,5.0,1
MQ_A5-Weekday-116400_M66_517,M66,d0,11,19:40:48,19:40:48,403993,2.0,1
MQ_A5-Weekday-116400_M66_517,M66,d0,12,19:41:37,19:41:37,403994,6.0,1
MQ_A5-Weekday-116400_M66_517,M66,d0,13,19:43:03,19:43:03,403995,4.0,1
MQ_A5-Weekday-116400_M66_517,M66,d0,14,19:44:00,19:44:00,403996,4.0,1
MQ_A5-Weekday-SDon-083800_M66_507,M66,d0,1,13:58:00,13:58:00,403487,30.0,2
MQ_A5-Weekday-SDon-083800_M66_507,M66,d0,2,13:58:53,13:58:53,403488,30.0,3
MQ_A5-Weekday-SDon-083800_M66_507,M66,d0,3,14:00:36,14:00:36,403489,44.0,3
MQ_A5-Weekday-SDon-083800_M66_507,M66,d0,4,14:01:29,14:01:29,403491,19.0,4
MQ_A5-Weekday-SDon-083800_M66_507,M66,d0,5,14:02:00,14:02:00,403573,51.0,4
MQ_A5-Weekday-SDon-083800_M66_507,M66,d0,6,14:03:45,14:03:45,403492,49.0,4
MQ_A5-Weekday-SDon-083800_M66_507,M66,d0,7,14:10:38,14:10:38,403494,49.0,4
MQ_A5-Weekday-SDon-083800_M66_507,M66,d0,8,14:12:00,14:12:00,404994,49.0,4
MQ_A5-Weekday-SDon-083800_M66_507,M66,d0,9,14:14:26,14:14:26,403495,18.0,2
MQ_A5-Weekday-SDon-083800_M66_507,M66,d0,10,14:18:00,14:18:00,403497,15.0,3
MQ_A5-Weekday-SDon-083800_M66_507,M66,d0,11,14:19:12,14:19:12,403993,35.0,3
MQ_A5-Weekday-SDon-083800_M66_507,M66,d0,12,14:20:25,14:20:25,403994,35.0,3
MQ_A5-Weekday-SDon-083800_M66_507,M66,d0,13,14:22:34,14:22:34,403995,7.0,1
MQ_A5-Weekday-SDon-083800_M66_507,M66,d0,14,14:24:00,14:24:00,403996,7.0,1
MQ_A5-Weekday-SDon-072800_M66_501,M66,d0,1,12:08:00,12:08:00,403487,9.0,1
MQ_A5-Weekday-SDon-072800_M66_501,M66,d0,2,12:08:53,12:08:53,403488,8.0,1
MQ_A5-Weekday-SDon-072800_M66_501,M66,d0,3,12:10:36,12:10:36,403489,14.0,2
MQ_A5-Weekday-SDon-072800_M66_501,M66,d0,4,12:11:29,12:11:29,403491,18.0,2
MQ_A5-Weekday-SDon-072800_M66_501,M66,d0,5,12:12:00,12:12:00,403573,25.0,3
MQ_A5-Weekday-SDon-072800_M66_501,M66,d0,6,12:13:45,12:13:45,403492,35.0,3
MQ_A5-Weekday-SDon-072800_M66_501,M66,d0,7,12:20:38,12:20:38,403494,34.0,3
MQ_A5-Weekday-SDon-072800_M66_501,M66,d0,8,12:22:00,12:22:00,404994,26.0,2
MQ_A5-Weekday-SDon-072800_M66_501,M66,d0,9,12:24:26,12:24:26,403495,26.0,2
MQ_A5-Weekday-SDon-072800_M66_501,M66,d0,10,12:28:00,12:28:00,403497,30.0,2
MQ_A5-Weekday-SDon-072800_M66_501,M66,d0,11,12:29:12,12:29:12,403993,13.0,2
MQ_A5-Weekday-SDon-072800_M66_501,M66,d0,12,12:30:25,12:30:25,403994,21.0,2
MQ_A5-Weekday-SDon-072800_M66_501,M66,d0,13,12:32:34,12:32:34,403995,4.0,1
MQ_A5-Weekday-SDon-072800_M66_501,M66,d0,14,12:34:00,12:34:00,403996,4.0,1
MQ_A5-Weekday-SDon-061800_M66_512,M66,d0,1,10:18:00,10:18:00,403487,24.0,2
MQ_A5-Weekday-SDon-061800_M66_512,M66,d0,2,10:18:53,10:18:53,403488,9.0,2
MQ_A5-Weekday-SDon-061800_M66_512,M66,d0,3,10:20:36,10:20:36,403489,31.0,2
MQ_A5-Weekday-SDon-061800_M66_512,M66,d0,4,10:21:29,10:21:29,403491,10.0,3
MQ_A5-Weekday-SDon-061800_M66_512,M66,d0,5,10:22:00,10:22:00,403573,44.0,3
MQ_A5-Weekday-SDon-061800_M66_512,M66,d0,6,10:23:35,10:23:35,403492,44.0,3
MQ_A5-Weekday-SDon-061800_M66_512,M66,d0,7,10:29:46,10:29:46,403494,41.0,3
MQ_A5-Weekday-SDon-061800_M66_512,M66,d0,8,10:31:00,10:31:00,404994,37.0,3
MQ_A5-Weekday-SDon-061800_M66_512,M66,d0,9,10:33:26,10:33:26,403495,37.0,3
MQ_A5-Weekday-SDon-061800_M66_512,M66,d0,10,10:37:00,10:37:00,403497,27.0,2
MQ_A5-Weekday-SDon-061800_M66_512,M66,d0,11,10:38:12,10:38:12,403993,30.0,3
MQ_A5-Weekday-SDon-061800_M66_512,M66,d0,12,10:39:25,10:39:25,403994,39.0,3
MQ_A5-Weekday-SDon-061800_M66_512,M66,d0,13,10:41:34,10:41:34,403995,22.0,2
MQ_A5-Weekday-SDon-061800_M66_512,M66,d0,14,10:43:00,10:43:00,403996,22.0,2
MQ_A5-Weekday-124400_M66_518,M66,d0,1,20:44:00,20:44:00,403487,1.0,1
MQ_A5-Weekday-124400_M66_518,M66,d0,2,20:44:53,20:44:53,403488,1.0,1
MQ_A5-Weekday-124400_M66_518,M66,d0,3,20:46:36,20:46:36,403489,16.0,1
MQ_A5-Weekday-124400_M66_518,M66,d0,4,20:47:29,20:47:29,403491,16.0,1
MQ_A5-Weekday-124400_M66_518,M66,d0,5,20:48:00,20:48:00,403573,11.0,2
MQ_A5-Weekday-124400_M66_518,M66,d0,6,20:48:53,20:48:53,403492,17.0,2
MQ_A5-Weekday-124400_M66_518,M66,d0,7,20:52:19,20:52:19,403494,17.0,2
MQ_A5-Weekday-124400_M66_518,M66,d0,8,20:53:00,20:53:00,404994,16.0,1
MQ_A5-Weekday-124400_M66_518,M66,d0,9,20:54:37,20:54:37,403495,16.0,1
MQ_A5-Weekday-124400_M66_518,M66,d0,10,20:57:00,20:57:00,403497,9.0,1
MQ_A5-Weekday-124400_M66_518,M66,d0,11,20:57:48,20:57:48,403993,6.0,1
MQ_A5-Weekday-124400_M66_518,M66,d0,12,20:58:37,20:58:37,403994,7.0,1
MQ_A5-Weekday-124400_M66_518,M66,d0,13,21:00:03,21:00:03,403995,7.0,1
MQ_A5-Weekday-124400_M66_518,M66,d0,14,21:01:00,21:01:00,403996,7.0,1
MQ_A5-Weekday-SDon-042300_M66_501,M66,d0,1,7:03:00,7:03:00,403487,9.0,1
MQ_A5-Weekday-SDon-042300_M66_501,M66,d0,2,7:03:53,7:03:53,403488,9.0,1
MQ_A5-Weekday-SDon-042300_M66_501,M66,d0,3,7:05:36,7:05:36,403489,9.0,1
MQ_A5-Weekday-SDon-042300_M66_501,M66,d0,4,7:06:29,7:06:29,403491,8.0,1
MQ_A5-Weekday-SDon-042300_M66_501,M66,d0,5,7:07:00,7:07:00,403573,8.0,1
MQ_A5-Weekday-SDon-042300_M66_501,M66,d0,6,7:07:53,7:07:53,403492,8.0,1
MQ_A5-Weekday-SDon-042300_M66_501,M66,d0,7,7:11:19,7:11:19,403494,8.0,1
MQ_A5-Weekday-SDon-042300_M66_501,M66,d0,8,7:12:00,7:12:00,404994,8.0,1
MQ_A5-Weekday-SDon-042300_M66_501,M66,d0,9,7:14:26,7:14:26,403495,8.0,1
MQ_A5-Weekday-SDon-042300_M66_501,M66,d0,10,7:18:00,7:18:00,403497,8.0,1
MQ_A5-Weekday-SDon-042300_M66_501,M66,d0,11,7:19:00,7:19:00,403993,8.0,1
MQ_A5-Weekday-SDon-042300_M66_501,M66,d0,12,7:20:01,7:20:01,403994,8.0,1
MQ_A5-Weekday-SDon-042300_M66_501,M66,d0,13,7:21:49,7:21:49,403995,8.0,1
MQ_A5-Weekday-SDon-042300_M66_501,M66,d0,14,7:23:00,7:23:00,403996,8.0,1
MQ_A5-Weekday-SDon-074800_M66_516,M66,d0,1,12:28:00,12:28:00,403487,10.0,1
MQ_A5-Weekday-SDon-074800_M66_516,M66,d0,2,12:28:53,12:28:53,403488,10.0,3
MQ_A5-Weekday-SDon-074800_M66_516,M66,d0,3,12:30:36,12:30:36,403489,35.0,3
MQ_A5-Weekday-SDon-074800_M66_516,M66,d0,4,12:31:29,12:31:29,403491,9.0,2
MQ_A5-Weekday-SDon-074800_M66_516,M66,d0,5,12:32:00,12:32:00,403573,27.0,2
MQ_A5-Weekday-SDon-074800_M66_516,M66,d0,6,12:33:45,12:33:45,403492,30.0,2
MQ_A5-Weekday-SDon-074800_M66_516,M66,d0,7,12:40:38,12:40:38,403494,30.0,2
MQ_A5-Weekday-SDon-074800_M66_516,M66,d0,8,12:42:00,12:42:00,404994,17.0,2
MQ_A5-Weekday-SDon-074800_M66_516,M66,d0,9,12:44:26,12:44:26,403495,24.0,2
MQ_A5-Weekday-SDon-074800_M66_516,M66,d0,10,12:48:00,12:48:00,403497,14.0,1
MQ_A5-Weekday-SDon-074800_M66_516,M66,d0,11,12:49:12,12:49:12,403993,12.0,1
MQ_A5-Weekday-SDon-074800_M66_516,M66,d0,12,12:50:25,12:50:25,403994,13.0,1
MQ_A5-Weekday-SDon-074800_M66_516,M66,d0,13,12:52:34,12:52:34,403995,12.0,1
MQ_A5-Weekday-SDon-074800_M66_516,M66,d0,14,12:54:00,12:54:00,403996,12.0,1
MQ_A5-Weekday-SDon-056000_M66_514,M66,d0,1,9:20:00,9:20:00,403487,1.0,1
MQ_A5-Weekday-SDon-056000_M66_514,M66,d0,2,9:20:53,9:20:53,403488,12.0,1
MQ_A5-Weekday-SDon-056000_M66_514,M66,d0,3,9:22:36,9:22:36,403489,8.0,1
MQ_A5-Weekday-SDon-056000_M66_514,M66,d0,4,9:23:29,9:23:29,403491,15.0,1
MQ_A5-Weekday-SDon-056000_M66_514,M66,d0,5,9:24:00,9:24:00,403573,10.0,1
MQ_A5-Weekday-SDon-056000_M66_514,M66,d0,6,9:25:35,9:25:35,403492,16.0,1
MQ_A5-Weekday-SDon-056000_M66_514,M66,d0,7,9:31:46,9:31:46,403494,15.0,1
MQ_A5-Weekday-SDon-056000_M66_514,M66,d0,8,9:33:00,9:33:00,404994,15.0,1
MQ_A5-Weekday-SDon-056000_M66_514,M66,d0,9,9:35:26,9:35:26,403495,14.0,1
MQ_A5-Weekday-SDon-056000_M66_514,M66,d0,10,9:39:00,9:39:00,403497,14.0,1
MQ_A5-Weekday-SDon-056000_M66_514,M66,d0,11,9:40:00,9:40:00,403993,14.0,1
MQ_A5-Weekday-SDon-056000_M66_514,M66,d0,12,9:41:01,9:41:01,403994,10.0,1
MQ_A5-Weekday-SDon-056000_M66_514,M66,d0,13,9:42:49,9:42:49,403995,1.0,1
MQ_A5-Weekday-SDon-056000_M66_514,M66,d0,14,9:44:00,9:44:00,403996,1.0,1
MQ_A5-Weekday-SDon-120800_M66_519,M66,d0,1,20:08:00,20:08:00,403487,9.0,1
MQ_A5-Weekday-SDon-120800_M66_519,M66,d0,2,20:08:53,20:08:53,403488,9.0,1
MQ_A5-Weekday-SDon-120800_M66_519,M66,d0,3,20:10:36,20:10:36,403489,9.0,1
MQ_A5-Weekday-SDon-120800_M66_519,M66,d0,4,20:11:29,20:11:29,403491,11.0,1
MQ_A5-Weekday-SDon-120800_M66_519,M66,d0,5,20:12:00,20:12:00,403573,11.0,1
MQ_A5-Weekday-SDon-120800_M66_519,M66,d0,6,20:12:53,20:12:53,403492,11.0,2
MQ_A5-Weekday-SDon-120800_M66_519,M66,d0,7,20:16:19,20:16:19,403494,23.0,2
MQ_A5-Weekday-SDon-120800_M66_519,M66,d0,8,20:17:00,20:17:00,404994,24.0,2
MQ_A5-Weekday-SDon-120800_M66_519,M66,d0,9,20:18:37,20:18:37,403495,23.0,2
MQ_A5-Weekday-SDon-120800_M66_519,M66,d0,10,20:21:00,20:21:00,403497,8.0,1
MQ_A5-Weekday-SDon-120800_M66_519,M66,d0,11,20:21:48,20:21:48,403993,5.0,1
MQ_A5-Weekday-SDon-120800_M66_519,M66,d0,12,20:22:37,20:22:37,403994,5.0,1
MQ_A5-Weekday-SDon-120800_M66_519,M66,d0,13,20:24:03,20:24:03,403995,7.0,1
MQ_A5-Weekday-SDon-120800_M66_519,M66,d0,14,20:25:00,20:25:00,403996,7.0,1
MQ_A5-Weekday-089400_M66_504,M66,d0,1,14:54:00,14:54:00,403487,7.0,1
MQ_A5-Weekday-089400_M66_504,M66,d0,2,14:54:53,14:54:53,403488,7.0,1
MQ_A5-Weekday-089400_M66_504,M66,d0,3,14:56:36,14:56:36,403489,13.0,2
MQ_A5-Weekday-089400_M66_504,M66,d0,4,14:57:29,14:57:29,403491,25.0,2
MQ_A5-Weekday-089400_M66_504,M66,d0,5,14:58:00,14:58:00,403573,25.0,2
MQ_A5-Weekday-089400_M66_504,M66,d0,6,14:59:45,14:59:45,403492,25.0,2
MQ_A5-Weekday-089400_M66_504,M66,d0,7,15:06:38,15:06:38,403494,25.0,2
MQ_A5-Weekday-089400_M66_504,M66,d0,8,15:08:00,15:08:00,404994,25.0,2
MQ_A5-Weekday-089400_M66_504,M66,d0,9,15:10:26,15:10:26,403495,20.0,2
MQ_A5-Weekday-089400_M66_504,M66,d0,10,15:14:00,15:14:00,403497,20.0,2
MQ_A5-Weekday-089400_M66_504,M66,d0,11,15:15:12,15:15:12,403993,14.0,1
MQ_A5-Weekday-089400_M66_504,M66,d0,12,15:16:25,15:16:25,403994,11.0,1
MQ_A5-Weekday-089400_M66_504,M66,d0,13,15:18:34,15:18:34,403995,1.0,1
MQ_A5-Weekday-089400_M66_504,M66,d0,14,15:20:00,15:20:00,403996,1.0,1
MQ_A5-Weekday-SDon-084800_M66_515,M66,d0,1,14:08:00,14:08:00,403487,2.0,1
MQ_A5-Weekday-SDon-084800_M66_515,M66,d0,2,14:08:53,14:08:53,403488,4.0,2
MQ_A5-Weekday-SDon-084800_M66_515,M66,d0,3,14:10:36,14:10:36,403489,26.0,3
MQ_A5-Weekday-SDon-084800_M66_515,M66,d0,4,14:11:29,14:11:29,403491,34.0,3
MQ_A5-Weekday-SDon-084800_M66_515,M66,d0,5,14:12:00,14:12:00,403573,34.0,3
MQ_A5-Weekday-SDon-084800_M66_515,M66,d0,6,14:13:45,14:13:45,403492,39.0,3
MQ_A5-Weekday-SDon-084800_M66_515,M66,d0,7,14:20:38,14:20:38,403494,38.0,3
MQ_A5-Weekday-SDon-084800_M66_515,M66,d0,8,14:22:00,14:22:00,404994,31.0,2
MQ_A5-Weekday-SDon-084800_M66_515,M66,d0,9,14:24:26,14:24:26,403495,29.0,2
MQ_A5-Weekday-SDon-084800_M66_515,M66,d0,10,14:28:00,14:28:00,403497,25.0,2
MQ_A5-Weekday-SDon-084800_M66_515,M66,d0,11,14:29:12,14:29:12,403993,25.0,2
MQ_A5-Weekday-SDon-084800_M66_515,M66,d0,12,14:30:25,14:30:25,403994,25.0,2
MQ_A5-Weekday-SDon-084800_M66_515,M66,d0,13,14:32:34,14:32:34,403995,4.0,1
MQ_A5-Weekday-SDon-084800_M66_515,M66,d0,14,14:34:00,14:34:00,403996,4.0,1
MQ_A5-Weekday-134900_M66_523,M66,d0,1,22:29:00,22:29:00,403487,2.0,2
MQ_A5-Weekday-134900_M66_523,M66,d0,2,22:29:53,22:29:53,403488,32.0,2
MQ_A5-Weekday-134900_M66_523,M66,d0,3,22:31:36,22:31:36,403489,6.0,3
MQ_A5-Weekday-134900_M66_523,M66,d0,4,22:32:29,22:32:29,403491,37.0,3
MQ_A5-Weekday-134900_M66_523,M66,d0,5,22:33:00,22:33:00,403573,37.0,3
MQ_A5-Weekday-134900_M66_523,M66,d0,6,22:33:53,22:33:53,403492,38.0,3
MQ_A5-Weekday-134900_M66_523,M66,d0,7,22:37:19,22:37:19,403494,9.0,1
MQ_A5-Weekday-134900_M66_523,M66,d0,8,22:38:00,22:38:00,404994,7.0,3
MQ_A5-Weekday-134900_M66_523,M66,d0,9,22:39:13,22:39:13,403495,38.0,3
MQ_A5-Weekday-134900_M66_523,M66,d0,10,22:41:00,22:41:00,403497,38.0,3
MQ_A5-Weekday-134900_M66_523,M66,d0,11,22:41:48,22:41:48,403993,36.0,3
MQ_A5-Weekday-134900_M66_523,M66,d0,12,22:42:37,22:42:37,403994,36.0,3
MQ_A5-Weekday-134900_M66_523,M66,d0,13,22:44:03,22:44:03,403995,36.0,3
MQ_A5-Weekday-134900_M66_523,M66,d0,14,22:45:00,22:45:00,403996,36.0,3
MQ_A5-Weekday-090900_M66_506,M66,d0,1,15:09:00,15:09:00,403487,7.0,1
MQ_A5-Weekday-090900_M66_506,M66,d0,2,15:09:53,15:09:53,403488,7.0,1
MQ_A5-Weekday-090900_M66_506,M66,d0,3,15:11:36,15:11:36,403489,7.0,1
MQ_A5-Weekday-090900_M66_506,M66,d0,4,15:12:29,15:12:29,403491,7.0,1
MQ_A5-Weekday-090900_M66_506,M66,d0,5,15:13:00,15:13:00,403573,7.0,1
MQ_A5-Weekday-090900_M66_506,M66,d0,6,15:14:45,15:14:45,403492,7.0,1
MQ_A5-Weekday-090900_M66_506,M66,d0,7,15:21:38,15:21:38,403494,7.0,1
MQ_A5-Weekday-090900_M66_506,M66,d0,8,15:23:00,15:23:00,404994,7.0,1
MQ_A5-Weekday-090900_M66_506,M66,d0,9,15:25:26,15:25:26,403495,6.0,1
MQ_A5-Weekday-090900_M66_506,M66,d0,10,15:29:00,15:29:00,403497,4.0,1
MQ_A5-Weekday-090900_M66_506,M66,d0,11,15:30:12,15:30:12,403993,7.0,1
MQ_A5-Weekday-090900_M66_506,M66,d0,12,15:31:25,15:31:25,403994,7.0,1
MQ_A5-Weekday-090900_M66_506,M66,d0,13,15:33:34,15:33:34,403995,4.0,1
MQ_A5-Weekday-090900_M66_506,M66,d0,14,15:35:00,15:35:00,403996,4.0,1
MQ_A5-Weekday-SDon-096800_M66_516,M66,d0,1,16:08:00,16:08:00,403487,2.0,1
MQ_A5-Weekday-SDon-096800_M66_516,M66,d0,2,16:08:53,16:08:53,403488,8.0,1
MQ_A5-Weekday-SDon-096800_M66_516,M66,d0,3,16:10:36,16:10:36,403489,13.0,2
MQ_A5-Weekday-SDon-096800_M66_516,M66,d0,4,16:11:29,16:11:29,403491,20.0,2
MQ_A5-Weekday-SDon-096800_M66_516,M66,d0,5,16:12:00,16:12:00,403573,20.0,2
MQ_A5-Weekday-SDon-096800_M66_516,M66,d0,6,16:13:45,16:13:45,403492,23.0,2
MQ_A5-Weekday-SDon-096800_M66_516,M66,d0,7,16:20:38,16:20:38,403494,20.0,2
MQ_A5-Weekday-SDon-096800_M66_516,M66,d0,8,16:22:00,16:22:00,404994,19.0,2
MQ_A5-Weekday-SDon-096800_M66_516,M66,d0,9,16:24:26,16:24:26,403495,11.0,1
MQ_A5-Weekday-SDon-096800_M66_516,M66,d0,10,16:28:00,16:28:00,403497,10.0,1
MQ_A5-Weekday-SDon-096800_M66_516,M66,d0,11,16:29:12,16:29:12,403993,14.0,1
MQ_A5-Weekday-SDon-096800_M66_516,M66,d0,12,16:30:25,16:30:25,403994,13.0,1
MQ_A5-Weekday-SDon-096800_M66_516,M66,d0,13,16:32:34,16:32:34,403995,4.0,1
MQ_A5-Weekday-SDon-096800_M66_516,M66,d0,14,16:34:00,16:34:00,403996,4.0,1
MQ_A5-Weekday-SDon-085800_M66_505,M66,d0,1,14:18:00,14:18:00,403487,7.0,1
MQ_A5-Weekday-SDon-085800_M66_505,M66,d0,2,14:18:53,14:18:53,403488,7.0,1
MQ_A5-Weekday-SDon-085800_M66_505,M66,d0,3,14:20:36,14:20:36,403489,7.0,2
MQ_A5-Weekday-SDon-085800_M66_505,M66,d0,4,14:21:29,14:21:29,403491,25.0,2
MQ_A5-Weekday-SDon-085800_M66_505,M66,d0,5,14:22:00,14:22:00,403573,25.0,2
MQ_A5-Weekday-SDon-085800_M66_505,M66,d0,6,14:23:45,14:23:45,403492,30.0,2
MQ_A5-Weekday-SDon-085800_M66_505,M66,d0,7,14:30:38,14:30:38,403494,30.0,2
MQ_A5-Weekday-SDon-085800_M66_505,M66,d0,8,14:32:00,14:32:00,404994,30.0,2
MQ_A5-Weekday-SDon-085800_M66_505,M66,d0,9,14:34:26,14:34:26,403495,30.0,2
MQ_A5-Weekday-SDon-085800_M66_505,M66,d0,10,14:38:00,14:38:00,403497,30.0,2
MQ_A5-Weekday-SDon-085800_M66_505,M66,d0,11,14:39:12,14:39:12,403993,30.0,2
MQ_A5-Weekday-SDon-085800_M66_505,M66,d0,12,14:40:25,14:40:25,403994,30.0,2
MQ_A5-Weekday-SDon-085800_M66_505,M66,d0,13,14:42:34,14:42:34,403995,30.0,2
MQ_A5-Weekday-SDon-085800_M66_505,M66,d0,14,14:44:00,14:44:00,403996,30.0,2
MQ_A5-Weekday-105400_M66_515,M66,d0,1,17:34:00,17:34:00,403487,1.0,1
MQ_A5-Weekday-105400_M66_515,M66,d0,2,17:34:53,17:34:53,403488,1.0,3
MQ_A5-Weekday-105400_M66_515,M66,d0,3,17:36:36,17:36:36,403489,39.0,3
MQ_A5-Weekday-105400_M66_515,M66,d0,4,17:37:29,17:37:29,403491,39.0,3
MQ_A5-Weekday-105400_M66_515,M66,d0,5,17:38:00,17:38:00,403573,39.0,3
MQ_A5-Weekday-105400_M66_515,M66,d0,6,17:39:35,17:39:35,403492,39.0,3
MQ_A5-Weekday-105400_M66_515,M66,d0,7,17:45:46,17:45:46,403494,37.0,3
MQ_A5-Weekday-105400_M66_515,M66,d0,8,17:47:00,17:47:00,404994,36.0,3
MQ_A5-Weekday-105400_M66_515,M66,d0,9,17:48:37,17:48:37,403495,36.0,3
MQ_A5-Weekday-105400_M66_515,M66,d0,10,17:51:00,17:51:00,403497,36.0,3
MQ_A5-Weekday-105400_M66_515,M66,d0,11,17:52:00,17:52:00,403993,36.0,3
MQ_A5-Weekday-105400_M66_515,M66,d0,12,17:53:01,17:53:01,403994,36.0,3
MQ_A5-Weekday-105400_M66_515,M66,d0,13,17:54:49,17:54:49,403995,5.0,1
MQ_A5-Weekday-105400_M66_515,M66,d0,14,17:56:00,17:56:00,403996,5.0,1
MQ_A5-Weekday-054800_M66_506,M66,d0,1,9:08:00,9:08:00,403487,6.0,1
MQ_A5-Weekday-054800_M66_506,M66,d0,2,9:08:53,9:08:53,403488,6.0,2
MQ_A5-Weekday-054800_M66_506,M66,d0,3,9:10:36,9:10:36,403489,28.0,3
MQ_A5-Weekday-054800_M66_506,M66,d0,4,9:11:29,9:11:29,403491,34.0,3
MQ_A5-Weekday-054800_M66_506,M66,d0,5,9:12:00,9:12:00,403573,34.0,3
MQ_A5-Weekday-054800_M66_506,M66,d0,6,9:13:35,9:13:35,403492,34.0,3
MQ_A5-Weekday-054800_M66_506,M66,d0,7,9:19:46,9:19:46,403494,30.0,2
MQ_A5-Weekday-054800_M66_506,M66,d0,8,9:21:00,9:21:00,404994,28.0,2
MQ_A5-Weekday-054800_M66_506,M66,d0,9,9:23:26,9:23:26,403495,24.0,2
MQ_A5-Weekday-054800_M66_506,M66,d0,10,9:27:00,9:27:00,403497,24.0,2
MQ_A5-Weekday-054800_M66_506,M66,d0,11,9:28:00,9:28:00,403993,20.0,2
MQ_A5-Weekday-054800_M66_506,M66,d0,12,9:29:01,9:29:01,403994,20.0,2
MQ_A5-Weekday-054800_M66_506,M66,d0,13,9:30:49,9:30:49,403995,20.0,2
MQ_A5-Weekday-054800_M66_506,M66,d0,14,9:32:00,9:32:00,403996,20.0,2
MQ_A5-Weekday-045500_M66_510,M66,d0,1,7:35:00,7:35:00,403487,8.0,1
MQ_A5-Weekday-045500_M66_510,M66,d0,2,7:35:53,7:35:53,403488,8.0,1
MQ_A5-Weekday-045500_M66_510,M66,d0,3,7:37:36,7:37:36,403489,14.0,2
MQ_A5-Weekday-045500_M66_510,M66,d0,4,7:38:29,7:38:29,403491,22.0,2
MQ_A5-Weekday-045500_M66_510,M66,d0,5,7:39:00,7:39:00,403573,22.0,2
MQ_A5-Weekday-045500_M66_510,M66,d0,6,7:40:35,7:40:35,403492,20.0,2
MQ_A5-Weekday-045500_M66_510,M66,d0,7,7:46:46,7:46:46,403494,15.0,1
MQ_A5-Weekday-045500_M66_510,M66,d0,8,7:48:00,7:48:00,404994,15.0,1
MQ_A5-Weekday-045500_M66_510,M66,d0,9,7:50:26,7:50:26,403495,14.0,3
MQ_A5-Weekday-045500_M66_510,M66,d0,10,7:54:00,7:54:00,403497,41.0,3
MQ_A5-Weekday-045500_M66_510,M66,d0,11,7:55:00,7:55:00,403993,41.0,3
MQ_A5-Weekday-045500_M66_510,M66,d0,12,7:56:01,7:56:01,403994,30.0,2
MQ_A5-Weekday-045500_M66_510,M66,d0,13,7:57:49,7:57:49,403995,16.0,1
MQ_A5-Weekday-045500_M66_510,M66,d0,14,7:59:00,7:59:00,403996,16.0,1
MQ_A5-Weekday-SDon-032000_M66_501,M66,d0,1,5:20:00,5:20:00,403487,2.0,1
MQ_A5-Weekday-SDon-032000_M66_501,M66,d0,2,5:20:27,5:20:27,403488,2.0,1
MQ_A5-Weekday-SDon-032000_M66_501,M66,d0,3,5:21:18,5:21:18,403489,9.0,1
MQ_A5-Weekday-SDon-032000_M66_501,M66,d0,4,5:21:45,5:21:45,403491,13.0,1
MQ_A5-Weekday-SDon-032000_M66_501,M66,d0,5,5:22:00,5:22:00,403573,14.0,1
MQ_A5-Weekday-SDon-032000_M66_501,M66,d0,6,5:22:42,5:22:42,403492,14.0,1
MQ_A5-Weekday-SDon-032000_M66_501,M66,d0,7,5:25:27,5:25:27,403494,13.0,1
MQ_A5-Weekday-SDon-032000_M66_501,M66,d0,8,5:26:00,5:26:00,404994,10.0,1
MQ_A5-Weekday-SDon-032000_M66_501,M66,d0,9,5:26:49,5:26:49,403495,13.0,1
MQ_A5-Weekday-SDon-032000_M66_501,M66,d0,10,5:28:00,5:28:00,403497,15.0,1
MQ_A5-Weekday-SDon-032000_M66_501,M66,d0,11,5:28:24,5:28:24,403993,14.0,1
MQ_A5-Weekday-SDon-032000_M66_501,M66,d0,12,5:28:48,5:28:48,403994,14.0,1
MQ_A5-Weekday-SDon-032000_M66_501,M66,d0,13,5:29:32,5:29:32,403995,9.0,1
MQ_A5-Weekday-SDon-032000_M66_501,M66,d0,14,5:30:00,5:30:00,403996,9.0,1
MQ_A5-Weekday-SDon-040900_M66_503,M66,d0,1,6:49:00,6:49:00,403487,6.0,1
MQ_A5-Weekday-SDon-040900_M66_503,M66,d0,2,6:49:40,6:49:40,403488,14.0,1
MQ_A5-Weekday-SDon-040900_M66_503,M66,d0,3,6:50:57,6:50:57,403489,16.0,1
MQ_A5-Weekday-SDon-040900_M66_503,M66,d0,4,6:51:37,6:51:37,403491,16.0,1
MQ_A5-Weekday-SDon-040900_M66_503,M66,d0,5,6:52:00,6:52:00,403573,12.0,1
MQ_A5-Weekday-SDon-040900_M66_503,M66,d0,6,6:52:53,6:52:53,403492,16.0,1
MQ_A5-Weekday-SDon-040900_M66_503,M66,d0,7,6:56:19,6:56:19,403494,13.0,1
MQ_A5-Weekday-SDon-040900_M66_503,M66,d0,8,6:57:00,6:57:00,404994,13.0,1
MQ_A5-Weekday-SDon-040900_M66_503,M66,d0,9,6:59:02,6:59:02,403495,13.0,1
MQ_A5-Weekday-SDon-040900_M66_503,M66,d0,10,7:02:00,7:02:00,403497,5.0,1
MQ_A5-Weekday-SDon-040900_M66_503,M66,d0,11,7:03:00,7:03:00,403993,9.0,1
MQ_A5-Weekday-SDon-040900_M66_503,M66,d0,12,7:04:01,7:04:01,403994,9.0,1
MQ_A5-Weekday-SDon-040900_M66_503,M66,d0,13,7:05:49,7:05:49,403995,9.0,1
MQ_A5-Weekday-SDon-040900_M66_503,M66,d0,14,7:07:00,7:07:00,403996,9.0,1
MQ_A5-Weekday-SDon-093700_M66_519,M66,d0,1,15:37:00,15:37:00,403487,15.0,1
MQ_A5-Weekday-SDon-093700_M66_519,M66,d0,2,15:37:53,15:37:53,403488,13.0,2
MQ_A5-Weekday-SDon-093700_M66_519,M66,d0,3,15:39:36,15:39:36,403489,31.0,3
MQ_A5-Weekday-SDon-093700_M66_519,M66,d0,4,15:40:29,15:40:29,403491,34.0,3
MQ_A5-Weekday-SDon-093700_M66_519,M66,d0,5,15:41:00,15:41:00,403573,38.0,3
MQ_A5-Weekday-SDon-093700_M66_519,M66,d0,6,15:42:45,15:42:45,403492,38.0,3
MQ_A5-Weekday-SDon-093700_M66_519,M66,d0,7,15:49:38,15:49:38,403494,10.0,2
MQ_A5-Weekday-SDon-093700_M66_519,M66,d0,8,15:51:00,15:51:00,404994,29.0,2
MQ_A5-Weekday-SDon-093700_M66_519,M66,d0,9,15:53:26,15:53:26,403495,29.0,2
MQ_A5-Weekday-SDon-093700_M66_519,M66,d0,10,15:57:00,15:57:00,403497,19.0,2
MQ_A5-Weekday-SDon-093700_M66_519,M66,d0,11,15:58:12,15:58:12,403993,12.0,1
MQ_A5-Weekday-SDon-093700_M66_519,M66,d0,12,15:59:25,15:59:25,403994,15.0,1
MQ_A5-Weekday-SDon-093700_M66_519,M66,d0,13,16:01:34,16:01:34,403995,6.0,1
MQ_A5-Weekday-SDon-093700_M66_519,M66,d0,14,16:03:00,16:03:00,403996,6.0,1
MQ_A5-Weekday-SDon-037900_M66_504,M66,d0,1,6:19:00,6:19:00,403487,5.0,1
MQ_A5-Weekday-SDon-037900_M66_504,M66,d0,2,6:19:40,6:19:40,403488,5.0,1
MQ_A5-Weekday-SDon-037900_M66_504,M66,d0,3,6:20:57,6:20:57,403489,8.0,1
MQ_A5-Weekday-SDon-037900_M66_504,M66,d0,4,6:21:37,6:21:37,403491,9.0,1
MQ_A5-Weekday-SDon-037900_M66_504,M66,d0,5,6:22:00,6:22:00,403573,16.0,2
MQ_A5-Weekday-SDon-037900_M66_504,M66,d0,6,6:22:42,6:22:42,403492,21.0,2
MQ_A5-Weekday-SDon-037900_M66_504,M66,d0,7,6:25:27,6:25:27,403494,22.0,2
MQ_A5-Weekday-SDon-037900_M66_504,M66,d0,8,6:26:00,6:26:00,404994,23.0,4
MQ_A5-Weekday-SDon-037900_M66_504,M66,d0,9,6:27:37,6:27:37,403495,53.0,4
MQ_A5-Weekday-SDon-037900_M66_504,M66,d0,10,6:30:00,6:30:00,403497,37.0,4
MQ_A5-Weekday-SDon-037900_M66_504,M66,d0,11,6:30:48,6:30:48,403993,53.0,4
MQ_A5-Weekday-SDon-037900_M66_504,M66,d0,12,6:31:37,6:31:37,403994,49.0,4
MQ_A5-Weekday-SDon-037900_M66_504,M66,d0,13,6:33:03,6:33:03,403995,36.0,3
MQ_A5-Weekday-SDon-037900_M66_504,M66,d0,14,6:34:00,6:34:00,403996,36.0,3
MQ_A5-Weekday-118400_M66_516,M66,d0,1,19:44:00,19:44:00,403487,1.0,1
MQ_A5-Weekday-118400_M66_516,M66,d0,2,19:44:53,19:44:53,403488,1.0,1
MQ_A5-Weekday-118400_M66_516,M66,d0,3,19:46:36,19:46:36,403489,4.0,1
MQ_A5-Weekday-118400_M66_516,M66,d0,4,19:47:29,19:47:29,403491,7.0,1
MQ_A5-Weekday-118400_M66_516,M66,d0,5,19:48:00,19:48:00,403573,13.0,1
MQ_A5-Weekday-118400_M66_516,M66,d0,6,19:48:53,19:48:53,403492,8.0,1
MQ_A5-Weekday-118400_M66_516,M66,d0,7,19:52:19,19:52:19,403494,11.0,1
MQ_A5-Weekday-118400_M66_516,M66,d0,8,19:53:00,19:53:00,404994,11.0,1
MQ_A5-Weekday-118400_M66_516,M66,d0,9,19:54:37,19:54:37,403495,7.0,1
MQ_A5-Weekday-118400_M66_516,M66,d0,10,19:57:00,19:57:00,403497,9.0,1
MQ_A5-Weekday-118400_M66_516,M66,d0,11,19:57:48,19:57:48,403993,3.0,1
MQ_A5-Weekday-118400_M66_516,M66,d0,12,19:58:37,19:58:37,403994,8.0,1
MQ_A5-Weekday-118400_M66_516,M66,d0,13,20:00:03,20:00:03,403995,2.0,1
MQ_A5-Weekday-118400_M66_516,M66,d0,14,20:01:00,20:01:00,403996,2.0,1
MQ_A5-Weekday-SDon-146500_M66_523,M66,d0,1,24:25:00,24:25:00,403487,1.0,1
MQ_A5-Weekday-SDon-146500_M66_523,M66,d0,2,24:25:27,24:25:27,403488,1.0,1
MQ_A5-Weekday-SDon-146500_M66_523,M66,d0,3,24:26:18,24:26:18,403489,1.0,1
MQ_A5-Weekday-SDon-146500_M66_523,M66,d0,4,24:26:45,24:26:45,403491,5.0,1
MQ_A5-Weekday-SDon-146500_M66_523,M66,d0,5,24:27:00,24:27:00,403573,5.0,1
MQ_A5-Weekday-SDon-146500_M66_523,M66,d0,6,24:27:42,24:27:42,403492,5.0,1
MQ_A5-Weekday-SDon-146500_M66_523,M66,d0,7,24:30:27,24:30:27,403494,5.0,1
MQ_A5-Weekday-SDon-146500_M66_523,M66,d0,8,24:31:00,24:31:00,404994,4.0,1
MQ_A5-Weekday-SDon-146500_M66_523,M66,d0,9,24:31:49,24:31:49,403495,5.0,1
MQ_A5-Weekday-SDon-146500_M66_523,M66,d0,10,24:33:00,24:33:00,403497,4.0,1
MQ_A5-Weekday-SDon-146500_M66_523,M66,d0,11,24:33:24,24:33:24,403993,4.0,1
MQ_A5-Weekday-SDon-146500_M66_523,M66,d0,12,24:33:48,24:33:48,403994,1.0,1
MQ_A5-Weekday-SDon-146500_M66_523,M66,d0,13,24:34:32,24:34:32,403995,4.0,1
MQ_A5-Weekday-SDon-146500_M66_523,M66,d0,14,24:35:00,24:35:00,403996,4.0,1
MQ_A5-Weekday-SDon-060800_M66_511,M66,d0,1,10:08:00,10:08:00,403487,7.0,1
MQ_A5-Weekday-SDon-060800_M66_511,M66,d0,2,10:08:53,10:08:53,403488,7.0,1
MQ_A5-Weekday-SDon-060800_M66_511,M66,d0,3,10:10:36,10:10:36,403489,10.0,2
MQ_A5-Weekday-SDon-060800_M66_511,M66,d0,4,10:11:29,10:11:29,403491,23.0,2
MQ_A5-Weekday-SDon-060800_M66_511,M66,d0,5,10:12:00,10:12:00,403573,23.0,2
MQ_A5-Weekday-SDon-060800_M66_511,M66,d0,6,10:13:35,10:13:35,403492,25.0,2
MQ_A5-Weekday-SDon-060800_M66_511,M66,d0,7,10:19:46,10:19:46,403494,25.0,2
MQ_A5-Weekday-SDon-060800_M66_511,M66,d0,8,10:21:00,10:21:00,404994,11.0,1
MQ_A5-Weekday-SDon-060800_M66_511,M66,d0,9,10:23:26,10:23:26,403495,16.0,1
MQ_A5-Weekday-SDon-060800_M66_511,M66,d0,10,10:27:00,10:27:00,403497,11.0,1
MQ_A5-Weekday-SDon-060800_M66_511,M66,d0,11,10:28:00,10:28:00,403993,12.0,1
MQ_A5-Weekday-SDon-060800_M66_511,M66,d0,12,10:29:01,10:29:01,403994,8.0,1
MQ_A5-Weekday-SDon-060800_M66_511,M66,d0,13,10:30:49,10:30:49,403995,1.0,1
MQ_A5-Weekday-SDon-060800_M66_511,M66,d0,14,10:32:00,10:32:00,403996,1.0,1
MQ_A5-Weekday-SDon-117400_M66_518,M66,d0,1,19:34:00,19:34:00,403487,10.0,1
MQ_A5-Weekday-SDon-117400_M66_518,M66,d0,2,19:34:53,19:34:53,403488,10.0,1
MQ_A5-Weekday-SDon-117400_M66_518,M66,d0,3,19:36:36,19:36:36,403489,10.0,1
MQ_A5-Weekday-SDon-117400_M66_518,M66,d0,4,19:37:29,19:37:29,403491,10.0,1
MQ_A5-Weekday-SDon-117400_M66_518,M66,d0,5,19:38:00,19:38:00,403573,10.0,1
MQ_A5-Weekday-SDon-117400_M66_518,M66,d0,6,19:38:53,19:38:53,403492,16.0,1
MQ_A5-Weekday-SDon-117400_M66_518,M66,d0,7,19:42:19,19:42:19,403494,16.0,1
MQ_A5-Weekday-SDon-117400_M66_518,M66,d0,8,19:43:00,19:43:00,404994,16.0,1
MQ_A5-Weekday-SDon-117400_M66_518,M66,d0,9,19:44:37,19:44:37,403495,11.0,1
MQ_A5-Weekday-SDon-117400_M66_518,M66,d0,10,19:47:00,19:47:00,403497,16.0,1
MQ_A5-Weekday-SDon-117400_M66_518,M66,d0,11,19:47:48,19:47:48,403993,10.0,1
MQ_A5-Weekday-SDon-117400_M66_518,M66,d0,12,19:48:37,19:48:37,403994,10.0,1
MQ_A5-Weekday-SDon-117400_M66_518,M66,d0,13,19:50:03,19:50:03,403995,6.0,1
MQ_A5-Weekday-SDon-117400_M66_518,M66,d0,14,19:51:00,19:51:00,403996,6.0,1
MQ_A5-Weekday-102300_M66_511,M66,d0,1,17:03:00,17:03:00,403487,3.0,1
MQ_A5-Weekday-102300_M66_511,M66,d0,2,17:03:53,17:03:53,403488,3.0,1
MQ_A5-Weekday-102300_M66_511,M66,d0,3,17:05:36,17:05:36,403489,8.0,1
MQ_A5-Weekday-102300_M66_511,M66,d0,4,17:06:29,17:06:29,403491,8.0,1
MQ_A5-Weekday-102300_M66_511,M66,d0,5,17:07:00,17:07:00,403573,8.0,1
MQ_A5-Weekday-102300_M66_511,M66,d0,6,17:08:35,17:08:35,403492,9.0,1
MQ_A5-Weekday-102300_M66_511,M66,d0,7,17:14:46,17:14:46,403494,10.0,1
MQ_A5-Weekday-102300_M66_511,M66,d0,8,17:16:00,17:16:00,404994,10.0,1
MQ_A5-Weekday-102300_M66_511,M66,d0,9,17:17:37,17:17:37,403495,11.0,1
MQ_A5-Weekday-102300_M66_511,M66,d0,10,17:20:00,17:20:00,403497,4.0,1
MQ_A5-Weekday-102300_M66_511,M66,d0,11,17:21:00,17:21:00,403993,4.0,1
MQ_A5-Weekday-102300_M66_511,M66,d0,12,17:22:01,17:22:01,403994,2.0,1
MQ_A5-Weekday-102300_M66_511,M66,d0,13,17:23:49,17:23:49,403995,3.0,1
MQ_A5-Weekday-102300_M66_511,M66,d0,14,17:25:00,17:25:00,403996,3.0,1
MQ_A5-Weekday-SDon-088600_M66_510,M66,d0,1,14:46:00,14:46:00,403487,8.0,1
MQ_A5-Weekday-SDon-088600_M66_510,M66,d0,2,14:46:53,14:46:53,403488,8.0,1
MQ_A5-Weekday-SDon-088600_M66_510,M66,d0,3,14:48:36,14:48:36,403489,8.0,1
MQ_A5-Weekday-SDon-088600_M66_510,M66,d0,4,14:49:29,14:49:29,403491,8.0,1
MQ_A5-Weekday-SDon-088600_M66_510,M66,d0,5,14:50:00,14:50:00,403573,8.0,1
MQ_A5-Weekday-SDon-088600_M66_510,M66,d0,6,14:51:45,14:51:45,403492,8.0,1
MQ_A5-Weekday-SDon-088600_M66_510,M66,d0,7,14:58:38,14:58:38,403494,8.0,1
MQ_A5-Weekday-SDon-088600_M66_510,M66,d0,8,15:00:00,15:00:00,404994,8.0,1
MQ_A5-Weekday-SDon-088600_M66_510,M66,d0,9,15:02:26,15:02:26,403495,8.0,1
MQ_A5-Weekday-SDon-088600_M66_510,M66,d0,10,15:06:00,15:06:00,403497,8.0,1
MQ_A5-Weekday-SDon-088600_M66_510,M66,d0,11,15:07:12,15:07:12,403993,8.0,1
MQ_A5-Weekday-SDon-088600_M66_510,M66,d0,12,15:08:25,15:08:25,403994,8.0,1
MQ_A5-Weekday-SDon-088600_M66_510,M66,d0,13,15:10:34,15:10:34,403995,2.0,1
MQ_A5-Weekday-SDon-088600_M66_510,M66,d0,14,15:12:00,15:12:00,403996,2.0,1
MQ_A5-Weekday-094400_M66_513,M66,d0,1,15:44:00,15:44:00,403487,7.0,1
MQ_A5-Weekday-094400_M66_513,M66,d0,2,15:44:53,15:44:53,403488,7.0,2
MQ_A5-Weekday-094400_M66_513,M66,d0,3,15:46:36,15:46:36,403489,25.0,2
MQ_A5-Weekday-094400_M66_513,M66,d0,4,15:47:29,15:47:29,403491,25.0,2
MQ_A5-Weekday-094400_M66_513,M66,d0,5,15:48:00,15:48:00,403573,10.0,2
MQ_A5-Weekday-094400_M66_513,M66,d0,6,15:49:45,15:49:45,403492,27.0,2
MQ_A5-Weekday-094400_M66_513,M66,d0,7,15:56:38,15:56:38,403494,26.0,2
MQ_A5-Weekday-094400_M66_513,M66,d0,8,15:58:00,15:58:00,404994,10.0,2
MQ_A5-Weekday-094400_M66_513,M66,d0,9,16:00:26,16:00:26,403495,26.0,2
MQ_A5-Weekday-094400_M66_513,M66,d0,10,16:04:00,16:04:00,403497,26.0,2
MQ_A5-Weekday-094400_M66_513,M66,d0,11,16:05:12,16:05:12,403993,7.0,1
MQ_A5-Weekday-094400_M66_513,M66,d0,12,16:06:25,16:06:25,403994,14.0,1
MQ_A5-Weekday-094400_M66_513,M66,d0,13,16:08:34,16:08:34,403995,5.0,1
MQ_A5-Weekday-094400_M66_513,M66,d0,14,16:10:00,16:10:00,403996,5.0,1
MQ_A5-Weekday-048800_M66_514,M66,d0,1,8:08:00,8:08:00,403487,7.0,2
MQ_A5-Weekday-048800_M66_514,M66,d0,2,8:08:53,8:08:53,403488,24.0,2
MQ_A5-Weekday-048800_M66_514,M66,d0,3,8:10:36,8:10:36,403489,24.0,2
MQ_A5-Weekday-048800_M66_514,M66,d0,4,8:11:29,8:11:29,403491,24.0,2
MQ_A5-Weekday-048800_M66_514,M66,d0,5,8:12:00,8:12:00,403573,21.0,2
MQ_A5-Weekday-048800_M66_514,M66,d0,6,8:13:35,8:13:35,403492,19.0,2
MQ_A5-Weekday-048800_M66_514,M66,d0,7,8:19:46,8:19:46,403494,19.0,2
MQ_A5-Weekday-048800_M66_514,M66,d0,8,8:21:00,8:21:00,404994,14.0,1
MQ_A5-Weekday-048800_M66_514,M66,d0,9,8:23:26,8:23:26,403495,14.0,1
MQ_A5-Weekday-048800_M66_514,M66,d0,10,8:27:00,8:27:00,403497,13.0,1
MQ_A5-Weekday-048800_M66_514,M66,d0,11,8:28:00,8:28:00,403993,13.0,1
MQ_A5-Weekday-048800_M66_514,M66,d0,12,8:29:01,8:29:01,403994,3.0,1
MQ_A5-Weekday-048800_M66_514,M66,d0,13,8:30:49,8:30:49,403995,3.0,1
MQ_A5-Weekday-048800_M66_514,M66,d0,14,8:32:00,8:32:00,403996,3.0,1
MQ_A5-Weekday-149000_M66_522,M66,d0,1,24:50:00,24:50:00,403487,1.0,1
MQ_A5-Weekday-149000_M66_522,M66,d0,2,24:50:27,24:50:27,403488,1.0,1
MQ_A5-Weekday-149000_M66_522,M66,d0,3,24:51:18,24:51:18,403489,1.0,1
MQ_A5-Weekday-149000_M66_522,M66,d0,4,24:51:45,24:51:45,403491,2.0,1
MQ_A5-Weekday-149000_M66_522,M66,d0,5,24:52:00,24:52:00,403573,2.0,1
MQ_A5-Weekday-149000_M66_522,M66,d0,6,24:52:42,24:52:42,403492,3.0,1
MQ_A5-Weekday-149000_M66_522,M66,d0,7,24:55:27,24:55:27,403494,2.0,1
MQ_A5-Weekday-149000_M66_522,M66,d0,8,24:56:00,24:56:00,404994,3.0,1
MQ_A5-Weekday-149000_M66_522,M66,d0,9,24:56:49,24:56:49,403495,3.0,1
MQ_A5-Weekday-149000_M66_522,M66,d0,10,24:58:00,24:58:00,403497,1.0,1
MQ_A5-Weekday-149000_M66_522,M66,d0,11,24:58:24,24:58:24,403993,1.0,1
MQ_A5-Weekday-149000_M66_522,M66,d0,12,24:58:48,24:58:48,403994,1.0,1
MQ_A5-Weekday-149000_M66_522,M66,d0,13,24:59:32,24:59:32,403995,1.0,1
MQ_A5-Weekday-149000_M66_522,M66,d0,14,25:00:00,25:00:00,403996,1.0,1
MQ_A5-Weekday-130400_M66_522,M66,d0,1,21:44:00,21:44:00,403487,4.0,1
MQ_A5-Weekday-130400_M66_522,M66,d0,2,21:44:53,21:44:53,403488,4.0,1
MQ_A5-Weekday-130400_M66_522,M66,d0,3,21:46:36,21:46:36,403489,11.0,1
MQ_A5-Weekday-130400_M66_522,M66,d0,4,21:47:29,21:47:29,403491,4.0,1
MQ_A5-Weekday-130400_M66_522,M66,d0,5,21:48:00,21:48:00,403573,11.0,1
MQ_A5-Weekday-130400_M66_522,M66,d0,6,21:48:53,21:48:53,403492,11.0,1
MQ_A5-Weekday-130400_M66_522,M66,d0,7,21:52:19,21:52:19,403494,11.0,1
MQ_A5-Weekday-130400_M66_522,M66,d0,8,21:53:00,21:53:00,404994,11.0,1
MQ_A5-Weekday-130400_M66_522,M66,d0,9,21:54:37,21:54:37,403495,9.0,1
MQ_A5-Weekday-130400_M66_522,M66,d0,10,21:57:00,21:57:00,403497,5.0,1
MQ_A5-Weekday-130400_M66_522,M66,d0,11,21:57:48,21:57:48,403993,9.0,1
MQ_A5-Weekday-130400_M66_522,M66,d0,12,21:58:37,21:58:37,403994,9.0,1
MQ_A5-Weekday-130400_M66_522,M66,d0,13,22:00:03,22:00:03,403995,7.0,1
MQ_A5-Weekday-130400_M66_522,M66,d0,14,22:01:00,22:01:00,403996,7.0,1
MQ_A5-Weekday-050000_M66_508,M66,d0,1,8:20:00,8:20:00,403487,8.0,1
MQ_A5-Weekday-050000_M66_508,M66,d0,2,8:20:53,8:20:53,403488,8.0,1
MQ_A5-Weekday-050000_M66_508,M66,d0,3,8:22:36,8:22:36,403489,8.0,2
MQ_A5-Weekday-050000_M66_508,M66,d0,4,8:23:29,8:23:29,403491,32.0,2
MQ_A5-Weekday-050000_M66_508,M66,d0,5,8:24:00,8:24:00,403573,32.0,3
MQ_A5-Weekday-050000_M66_508,M66,d0,6,8:25:35,8:25:35,403492,37.0,3
MQ_A5-Weekday-050000_M66_508,M66,d0,7,8:31:46,8:31:46,403494,33.0,3
MQ_A5-Weekday-050000_M66_508,M66,d0,8,8:33:00,8:33:00,404994,33.0,3
MQ_A5-Weekday-050000_M66_508,M66,d0,9,8:35:26,8:35:26,403495,33.0,4
MQ_A5-Weekday-050000_M66_508,M66,d0,10,8:39:00,8:39:00,403497,50.0,4
MQ_A5-Weekday-050000_M66_508,M66,d0,11,8:40:00,8:40:00,403993,46.0,3
MQ_A5-Weekday-050000_M66_508,M66,d0,12,8:41:01,8:41:01,403994,46.0,3
MQ_A5-Weekday-050000_M66_508,M66,d0,13,8:42:49,8:42:49,403995,1.0,1
MQ_A5-Weekday-050000_M66_508,M66,d0,14,8:44:00,8:44:00,403996,1.0,1
MQ_A5-Weekday-SDon-098800_M66_507,M66,d0,1,16:28:00,16:28:00,403487,1.0,3
MQ_A5-Weekday-SDon-098800_M66_507,M66,d0,2,16:28:53,16:28:53,403488,39.0,3
MQ_A5-Weekday-SDon-098800_M66_507,M66,d0,3,16:30:36,16:30:36,403489,39.0,3
MQ_A5-Weekday-SDon-098800_M66_507,M66,d0,4,16:31:29,16:31:29,403491,2.0,4
MQ_A5-Weekday-SDon-098800_M66_507,M66,d0,5,16:32:00,16:32:00,403573,50.0,4
MQ_A5-Weekday-SDon-098800_M66_507,M66,d0,6,16:33:35,16:33:35,403492,14.0,3
MQ_A5-Weekday-SDon-098800_M66_507,M66,d0,7,16:39:46,16:39:46,403494,47.0,3
MQ_A5-Weekday-SDon-098800_M66_507,M66,d0,8,16:41:00,16:41:00,404994,11.0,4
MQ_A5-Weekday-SDon-098800_M66_507,M66,d0,9,16:42:37,16:42:37,403495,50.0,4
MQ_A5-Weekday-SDon-098800_M66_507,M66,d0,10,16:45:00,16:45:00,403497,50.0,4
MQ_A5-Weekday-SDon-098800_M66_507,M66,d0,11,16:46:00,16:46:00,403993,6.0,1
MQ_A5-Weekday-SDon-098800_M66_507,M66,d0,12,16:47:01,16:47:01,403994,3.0,1
MQ_A5-Weekday-SDon-098800_M66_507,M66,d0,13,16:48:49,16:48:49,403995,3.0,1
MQ_A5-Weekday-SDon-098800_M66_507,M66,d0,14,16:50:00,16:50:00,403996,3.0,1
MQ_A5-Weekday-122000_M66_520,M66,d0,1,20:20:00,20:20:00,403487,4.0,1
MQ_A5-Weekday-122000_M66_520,M66,d0,2,20:20:53,20:20:53,403488,4.0,1
MQ_A5-Weekday-122000_M66_520,M66,d0,3,20:22:36,20:22:36,403489,6.0,1
MQ_A5-Weekday-122000_M66_520,M66,d0,4,20:23:29,20:23:29,403491,11.0,1
MQ_A5-Weekday-122000_M66_520,M66,d0,5,20:24:00,20:24:00,403573,11.0,1
MQ_A5-Weekday-122000_M66_520,M66,d0,6,20:24:53,20:24:53,403492,14.0,1
MQ_A5-Weekday-122000_M66_520,M66,d0,7,20:28:19,20:28:19,403494,14.0,1
MQ_A5-Weekday-122000_M66_520,M66,d0,8,20:29:00,20:29:00,404994,14.0,1
MQ_A5-Weekday-122000_M66_520,M66,d0,9,20:30:37,20:30:37,403495,14.0,1
MQ_A5-Weekday-122000_M66_520,M66,d0,10,20:33:00,20:33:00,403497,12.0,1
MQ_A5-Weekday-122000_M66_520,M66,d0,11,20:33:48,20:33:48,403993,12.0,1
MQ_A5-Weekday-122000_M66_520,M66,d0,12,20:34:37,20:34:37,403994,8.0,1
MQ_A5-Weekday-122000_M66_520,M66,d0,13,20:36:03,20:36:03,403995,4.0,1
MQ_A5-Weekday-122000_M66_520,M66,d0,14,20:37:00,20:37:00,403996,4.0,1
MQ_A5-Weekday-093000_M66_505,M66,d0,1,15:30:00,15:30:00,403487,3.0,1
MQ_A5-Weekday-093000_M66_505,M66,d0,2,15:30:53,15:30:53,403488,11.0,1
MQ_A5-Weekday-093000_M66_505,M66,d0,3,15:32:36,15:32:36,403489,11.0,2
MQ_A5-Weekday-093000_M66_505,M66,d0,4,15:33:29,15:33:29,403491,23.0,2
MQ_A5-Weekday-093000_M66_505,M66,d0,5,15:34:00,15:34:00,403573,23.0,2
MQ_A5-Weekday-093000_M66_505,M66,d0,6,15:35:45,15:35:45,403492,22.0,2
MQ_A5-Weekday-093000_M66_505,M66,d0,7,15:42:38,15:42:38,403494,22.0,2
MQ_A5-Weekday-093000_M66_505,M66,d0,8,15:44:00,15:44:00,404994,22.0,2
MQ_A5-Weekday-093000_M66_505,M66,d0,9,15:46:26,15:46:26,403495,16.0,1
MQ_A5-Weekday-093000_M66_505,M66,d0,10,15:50:00,15:50:00,403497,12.0,1
MQ_A5-Weekday-093000_M66_505,M66,d0,11,15:51:12,15:51:12,403993,9.0,1
MQ_A5-Weekday-093000_M66_505,M66,d0,12,15:52:25,15:52:25,403994,9.0,1
MQ_A5-Weekday-093000_M66_505,M66,d0,13,15:54:34,15:54:34,403995,5.0,1
MQ_A5-Weekday-093000_M66_505,M66,d0,14,15:56:00,15:56:00,403996,5.0,1
MQ_A5-Weekday-035500_M66_503,M66,d0,1,5:55:00,5:55:00,403487,5.0,1
MQ_A5-Weekday-035500_M66_503,M66,d0,2,5:55:40,5:55:40,403488,5.0,1
MQ_A5-Weekday-035500_M66_503,M66,d0,3,5:56:57,5:56:57,403489,7.0,1
MQ_A5-Weekday-035500_M66_503,M66,d0,4,5:57:37,5:57:37,403491,7.0,1
MQ_A5-Weekday-035500_M66_503,M66,d0,5,5:58:00,5:58:00,403573,7.0,1
MQ_A5-Weekday-035500_M66_503,M66,d0,6,5:58:42,5:58:42,403492,11.0,1
MQ_A5-Weekday-035500_M66_503,M66,d0,7,6:01:27,6:01:27,403494,11.0,1
MQ_A5-Weekday-035500_M66_503,M66,d0,8,6:02:00,6:02:00,404994,9.0,1
MQ_A5-Weekday-035500_M66_503,M66,d0,9,6:03:37,6:03:37,403495,7.0,1
MQ_A5-Weekday-035500_M66_503,M66,d0,10,6:06:00,6:06:00,403497,11.0,1
MQ_A5-Weekday-035500_M66_503,M66,d0,11,6:06:36,6:06:36,403993,11.0,1
MQ_A5-Weekday-035500_M66_503,M66,d0,12,6:07:12,6:07:12,403994,14.0,1
MQ_A5-Weekday-035500_M66_503,M66,d0,13,6:08:17,6:08:17,403995,9.0,1
MQ_A5-Weekday-035500_M66_503,M66,d0,14,6:09:00,6:09:00,403996,9.0,1
MQ_A5-Weekday-104300_M66_516,M66,d0,1,17:23:00,17:23:00,403487,8.0,1
MQ_A5-Weekday-104300_M66_516,M66,d0,2,17:23:53,17:23:53,403488,8.0,1
MQ_A5-Weekday-104300_M66_516,M66,d0,3,17:25:36,17:25:36,403489,8.0,1
MQ_A5-Weekday-104300_M66_516,M66,d0,4,17:26:29,17:26:29,403491,8.0,1
MQ_A5-Weekday-104300_M66_516,M66,d0,5,17:27:00,17:27:00,403573,8.0,1
MQ_A5-Weekday-104300_M66_516,M66,d0,6,17:28:35,17:28:35,403492,8.0,2
MQ_A5-Weekday-104300_M66_516,M66,d0,7,17:34:46,17:34:46,403494,17.0,2
MQ_A5-Weekday-104300_M66_516,M66,d0,8,17:36:00,17:36:00,404994,17.0,2
MQ_A5-Weekday-104300_M66_516,M66,d0,9,17:37:37,17:37:37,403495,10.0,1
MQ_A5-Weekday-104300_M66_516,M66,d0,10,17:40:00,17:40:00,403497,10.0,1
MQ_A5-Weekday-104300_M66_516,M66,d0,11,17:41:00,17:41:00,403993,8.0,1
MQ_A5-Weekday-104300_M66_516,M66,d0,12,17:42:01,17:42:01,403994,3.0,1
MQ_A5-Weekday-104300_M66_516,M66,d0,13,17:43:49,17:43:49,403995,3.0,1
MQ_A5-Weekday-104300_M66_516,M66,d0,14,17:45:00,17:45:00,403996,3.0,1
