trip_id,route,direction,stop_sequence,arrival_time,departure_time,stop_id,estimated_passenger_count,required_pods
MQ_A5-Weekday-094400_SBS34_863,SBS34,d0,1,15:44:00,15:44:00,401497,8.0,1
MQ_A5-Weekday-094400_SBS34_863,SBS34,d0,2,15:45:17,15:45:17,405026,8.0,1
MQ_A5-Weekday-094400_SBS34_863,SBS34,d0,3,15:48:15,15:48:15,401818,11.0,2
MQ_A5-Weekday-094400_SBS34_863,SBS34,d0,4,15:49:44,15:49:44,401819,25.0,2
MQ_A5-Weekday-094400_SBS34_863,SBS34,d0,5,15:51:00,15:51:00,404820,28.0,3
MQ_A5-Weekday-094400_SBS34_863,SBS34,d0,6,15:53:20,15:53:20,401821,41.0,3
MQ_A5-Weekday-094400_SBS34_863,SBS34,d0,7,15:55:38,15:55:38,401822,41.0,3
MQ_A5-Weekday-094400_SBS34_863,SBS34,d0,8,15:57:48,15:57:48,401824,41.0,3
MQ_A5-Weekday-094400_SBS34_863,SBS34,d0,9,15:59:56,15:59:56,401826,41.0,3
MQ_A5-Weekday-094400_SBS34_863,SBS34,d0,10,16:01:00,16:01:00,401827,24.0,2
MQ_A5-Weekday-094400_SBS34_863,SBS34,d0,11,16:03:46,16:03:46,405336,24.0,2
MQ_A5-Weekday-094400_SBS34_863,SBS34,d0,12,16:06:17,16:06:17,401832,24.0,2
MQ_A5-Weekday-094400_SBS34_863,SBS34,d0,13,16:07:33,16:07:33,401833,13.0,1
MQ_A5-Weekday-094400_SBS34_863,SBS34,d0,14,16:09:08,16:09:08,402052,13.0,1
MQ_A5-Weekday-094400_SBS34_863,SBS34,d0,15,16:11:00,16:11:00,903027,13.0,1
MQ_A5-Weekday-089700_SBS34_873,SBS34,d0,1,14:57:00,14:57:00,401497,4.0,1
MQ_A5-Weekday-089700_SBS34_873,SBS34,d0,2,14:58:17,14:58:17,405026,4.0,1
MQ_A5-Weekday-089700_SBS34_873,SBS34,d0,3,15:01:15,15:01:15,401818,4.0,2
MQ_A5-Weekday-089700_SBS34_873,SBS34,d0,4,15:02:44,15:02:44,401819,21.0,2
MQ_A5-Weekday-089700_SBS34_873,SBS34,d0,5,15:04:00,15:04:00,404820,21.0,2
MQ_A5-Weekday-089700_SBS34_873,SBS34,d0,6,15:06:20,15:06:20,401821,21.0,2
MQ_A5-Weekday-089700_SBS34_873,SBS34,d0,7,15:08:38,15:08:38,401822,21.0,2
MQ_A5-Weekday-089700_SBS34_873,SBS34,d0,8,15:10:48,15:10:48,401824,16.0,1
MQ_A5-Weekday-089700_SBS34_873,SBS34,d0,9,15:12:56,15:12:56,401826,12.0,1
MQ_A5-Weekday-089700_SBS34_873,SBS34,d0,10,15:14:00,15:14:00,401827,12.0,1
MQ_A5-Weekday-089700_SBS34_873,SBS34,d0,11,15:16:46,15:16:46,405336,12.0,1
MQ_A5-Weekday-089700_SBS34_873,SBS34,d0,12,15:19:17,15:19:17,401832,12.0,1
MQ_A5-Weekday-089700_SBS34_873,SBS34,d0,13,15:20:33,15:20:33,401833,7.0,1
MQ_A5-Weekday-089700_SBS34_873,SBS34,d0,14,15:22:08,15:22:08,402052,7.0,1
MQ_A5-Weekday-089700_SBS34_873,SBS34,d0,15,15:24:00,15:24:00,903027,7.0,1
MQ_A5-Weekday-144300_SBS34_874,SBS34,d0,1,24:03:00,24:03:00,401497,3.0,1
MQ_A5-Weekday-144300_SBS34_874,SBS34,d0,2,24:04:06,24:04:06,405026,3.0,1
MQ_A5-Weekday-144300_SBS34_874,SBS34,d0,3,24:06:38,24:06:38,401818,3.0,1
MQ_A5-Weekday-144300_SBS34_874,SBS34,d0,4,24:07:55,24:07:55,401819,3.0,1
MQ_A5-Weekday-144300_SBS34_874,SBS34,d0,5,24:09:00,24:09:00,404820,3.0,1
MQ_A5-Weekday-144300_SBS34_874,SBS34,d0,6,24:10:38,24:10:38,401821,3.0,1
MQ_A5-Weekday-144300_SBS34_874,SBS34,d0,7,24:12:15,24:12:15,401822,3.0,1
MQ_A5-Weekday-144300_SBS34_874,SBS34,d0,8,24:13:46,24:13:46,401824,3.0,1
MQ_A5-Weekday-144300_SBS34_874,SBS34,d0,9,24:15:15,24:15:15,401826,3.0,1
MQ_A5-Weekday-144300_SBS34_874,SBS34,d0,10,24:16:00,24:16:00,401827,2.0,1
MQ_A5-Weekday-144300_SBS34_874,SBS34,d0,11,24:17:56,24:17:56,405336,2.0,1
MQ_A5-Weekday-144300_SBS34_874,SBS34,d0,12,24:19:42,24:19:42,401832,2.0,1
MQ_A5-Weekday-144300_SBS34_874,SBS34,d0,13,24:20:35,24:20:35,401833,2.0,1
MQ_A5-Weekday-144300_SBS34_874,SBS34,d0,14,24:21:42,24:21:42,402052,2.0,1
MQ_A5-Weekday-144300_SBS34_874,SBS34,d0,15,24:23:00,24:23:00,903027,2.0,1
MQ_A5-Weekday-SDon-095700_SBS34_860,SBS34,d0,1,15:57:00,15:57:00,803131,10.0,1
MQ_A5-Weekday-SDon-095700_SBS34_860,SBS34,d0,2,15:58:29,15:58:29,403191,10.0,1
MQ_A5-Weekday-SDon-095700_SBS34_860,SBS34,d0,3,16:00:38,16:00:38,403192,10.0,1
MQ_A5-Weekday-SDon-095700_SBS34_860,SBS34,d0,4,16:02:41,16:02:41,401818,10.0,1
MQ_A5-Weekday-SDon-095700_SBS34_860,SBS34,d0,5,16:04:29,16:04:29,401819,10.0,1
MQ_A5-Weekday-SDon-095700_SBS34_860,SBS34,d0,6,16:06:00,16:06:00,404820,10.0,1
MQ_A5-Weekday-SDon-095700_SBS34_860,SBS34,d0,7,16:08:20,16:08:20,401821,10.0,1
MQ_A5-Weekday-SDon-095700_SBS34_860,SBS34,d0,8,16:10:38,16:10:38,401822,10.0,1
MQ_A5-Weekday-SDon-095700_SBS34_860,SBS34,d0,9,16:12:48,16:12:48,401824,10.0,1
MQ_A5-Weekday-SDon-095700_SBS34_860,SBS34,d0,10,16:14:56,16:14:56,401826,10.0,1
MQ_A5-Weekday-SDon-095700_SBS34_860,SBS34,d0,11,16:16:00,16:16:00,401827,10.0,1
MQ_A5-Weekday-SDon-095700_SBS34_860,SBS34,d0,12,16:18:46,16:18:46,405336,10.0,1
MQ_A5-Weekday-SDon-095700_SBS34_860,SBS34,d0,13,16:21:17,16:21:17,401832,10.0,1
MQ_A5-Weekday-SDon-095700_SBS34_860,SBS34,d0,14,16:22:33,16:22:33,401833,10.0,1
MQ_A5-Weekday-SDon-095700_SBS34_860,SBS34,d0,15,16:24:08,16:24:08,402052,10.0,1
MQ_A5-Weekday-SDon-095700_SBS34_860,SBS34,d0,16,16:26:00,16:26:00,903027,10.0,1
MQ_A5-Weekday-107100_SBS34_867,SBS34,d0,1,17:51:00,17:51:00,803131,5.0,1
MQ_A5-Weekday-107100_SBS34_867,SBS34,d0,2,17:52:19,17:52:19,403191,10.0,1
MQ_A5-Weekday-107100_SBS34_867,SBS34,d0,3,17:54:14,17:54:14,403192,10.0,1
MQ_A5-Weekday-107100_SBS34_867,SBS34,d0,4,17:56:03,17:56:03,401818,10.0,1
MQ_A5-Weekday-107100_SBS34_867,SBS34,d0,5,17:57:39,17:57:39,401819,10.0,1
MQ_A5-Weekday-107100_SBS34_867,SBS34,d0,6,17:59:00,17:59:00,404820,10.0,1
MQ_A5-Weekday-107100_SBS34_867,SBS34,d0,7,18:01:06,18:01:06,401821,10.0,1
MQ_A5-Weekday-107100_SBS34_867,SBS34,d0,8,18:03:10,18:03:10,401822,10.0,1
MQ_A5-Weekday-107100_SBS34_867,SBS34,d0,9,18:05:08,18:05:08,401824,10.0,1
MQ_A5-Weekday-107100_SBS34_867,SBS34,d0,10,18:07:02,18:07:02,401826,10.0,1
MQ_A5-Weekday-107100_SBS34_867,SBS34,d0,11,18:08:00,18:08:00,401827,10.0,1
MQ_A5-Weekday-107100_SBS34_867,SBS34,d0,12,18:09:08,18:09:08,404950,10.0,1
MQ_A5-Weekday-107100_SBS34_867,SBS34,d0,13,18:10:00,18:10:00,903028,10.0,1
MQ_A5-Weekday-SDon-124800_SBS34_875,SBS34,d0,1,20:48:00,20:48:00,803131,4.0,1
MQ_A5-Weekday-SDon-124800_SBS34_875,SBS34,d0,2,20:49:09,20:49:09,403191,4.0,1
MQ_A5-Weekday-SDon-124800_SBS34_875,SBS34,d0,3,20:50:50,20:50:50,403192,6.0,1
MQ_A5-Weekday-SDon-124800_SBS34_875,SBS34,d0,4,20:52:25,20:52:25,401818,7.0,1
MQ_A5-Weekday-SDon-124800_SBS34_875,SBS34,d0,5,20:53:49,20:53:49,401819,7.0,1
MQ_A5-Weekday-SDon-124800_SBS34_875,SBS34,d0,6,20:55:00,20:55:00,404820,15.0,2
MQ_A5-Weekday-SDon-124800_SBS34_875,SBS34,d0,7,20:56:52,20:56:52,401821,20.0,2
MQ_A5-Weekday-SDon-124800_SBS34_875,SBS34,d0,8,20:58:43,20:58:43,401822,20.0,2
MQ_A5-Weekday-SDon-124800_SBS34_875,SBS34,d0,9,21:00:27,21:00:27,401824,14.0,1
MQ_A5-Weekday-SDon-124800_SBS34_875,SBS34,d0,10,21:02:09,21:02:09,401826,13.0,1
MQ_A5-Weekday-SDon-124800_SBS34_875,SBS34,d0,11,21:03:00,21:03:00,401827,7.0,1
MQ_A5-Weekday-SDon-124800_SBS34_875,SBS34,d0,12,21:03:34,21:03:34,404950,2.0,1
MQ_A5-Weekday-SDon-124800_SBS34_875,SBS34,d0,13,21:04:00,21:04:00,903028,2.0,1
MQ_A5-Weekday-052800_SBS34_853,SBS34,d0,1,8:48:00,8:48:00,803131,3.0,1
MQ_A5-Weekday-052800_SBS34_853,SBS34,d0,2,8:49:19,8:49:19,403191,1.0,1
MQ_A5-Weekday-052800_SBS34_853,SBS34,d0,3,8:51:14,8:51:14,403192,12.0,1
MQ_A5-Weekday-052800_SBS34_853,SBS34,d0,4,8:53:03,8:53:03,401818,12.0,1
MQ_A5-Weekday-052800_SBS34_853,SBS34,d0,5,8:54:39,8:54:39,401819,12.0,5
MQ_A5-Weekday-052800_SBS34_853,SBS34,d0,6,8:56:00,8:56:00,404820,67.0,5
MQ_A5-Weekday-052800_SBS34_853,SBS34,d0,7,8:58:20,8:58:20,401821,67.0,5
MQ_A5-Weekday-052800_SBS34_853,SBS34,d0,8,9:00:38,9:00:38,401822,62.0,4
MQ_A5-Weekday-052800_SBS34_853,SBS34,d0,9,9:02:48,9:02:48,401824,62.0,4
MQ_A5-Weekday-052800_SBS34_853,SBS34,d0,10,9:04:56,9:04:56,401826,62.0,4
MQ_A5-Weekday-052800_SBS34_853,SBS34,d0,11,9:06:00,9:06:00,401827,62.0,4
MQ_A5-Weekday-052800_SBS34_853,SBS34,d0,12,9:07:08,9:07:08,404950,62.0,4
MQ_A5-Weekday-052800_SBS34_853,SBS34,d0,13,9:08:00,9:08:00,903028,62.0,4
MQ_A5-Weekday-SDon-073500_SBS34_854,SBS34,d0,1,12:15:00,12:15:00,401497,15.0,1
MQ_A5-Weekday-SDon-073500_SBS34_854,SBS34,d0,2,12:16:29,12:16:29,405026,15.0,2
MQ_A5-Weekday-SDon-073500_SBS34_854,SBS34,d0,3,12:19:51,12:19:51,401818,17.0,2
MQ_A5-Weekday-SDon-073500_SBS34_854,SBS34,d0,4,12:21:34,12:21:34,401819,20.0,2
MQ_A5-Weekday-SDon-073500_SBS34_854,SBS34,d0,5,12:23:00,12:23:00,404820,25.0,4
MQ_A5-Weekday-SDon-073500_SBS34_854,SBS34,d0,6,12:25:20,12:25:20,401821,53.0,4
MQ_A5-Weekday-SDon-073500_SBS34_854,SBS34,d0,7,12:27:38,12:27:38,401822,36.0,4
MQ_A5-Weekday-SDon-073500_SBS34_854,SBS34,d0,8,12:29:48,12:29:48,401824,51.0,4
MQ_A5-Weekday-SDon-073500_SBS34_854,SBS34,d0,9,12:31:56,12:31:56,401826,31.0,2
MQ_A5-Weekday-SDon-073500_SBS34_854,SBS34,d0,10,12:33:00,12:33:00,401827,19.0,2
MQ_A5-Weekday-SDon-073500_SBS34_854,SBS34,d0,11,12:36:02,12:36:02,405336,8.0,1
MQ_A5-Weekday-SDon-073500_SBS34_854,SBS34,d0,12,12:38:48,12:38:48,401832,7.0,1
MQ_A5-Weekday-SDon-073500_SBS34_854,SBS34,d0,13,12:40:13,12:40:13,401833,7.0,1
MQ_A5-Weekday-SDon-073500_SBS34_854,SBS34,d0,14,12:41:57,12:41:57,402052,14.0,1
MQ_A5-Weekday-SDon-073500_SBS34_854,SBS34,d0,15,12:44:00,12:44:00,903027,14.0,1
MQ_A5-Weekday-SDon-086500_SBS34_858,SBS34,d0,1,14:25:00,14:25:00,803131,8.0,1
MQ_A5-Weekday-SDon-086500_SBS34_858,SBS34,d0,2,14:26:29,14:26:29,403191,11.0,1
MQ_A5-Weekday-SDon-086500_SBS34_858,SBS34,d0,3,14:28:38,14:28:38,403192,11.0,1
MQ_A5-Weekday-SDon-086500_SBS34_858,SBS34,d0,4,14:30:41,14:30:41,401818,11.0,1
MQ_A5-Weekday-SDon-086500_SBS34_858,SBS34,d0,5,14:32:29,14:32:29,401819,12.0,1
MQ_A5-Weekday-SDon-086500_SBS34_858,SBS34,d0,6,14:34:00,14:34:00,404820,12.0,1
MQ_A5-Weekday-SDon-086500_SBS34_858,SBS34,d0,7,14:36:20,14:36:20,401821,16.0,1
MQ_A5-Weekday-SDon-086500_SBS34_858,SBS34,d0,8,14:38:38,14:38:38,401822,16.0,1
MQ_A5-Weekday-SDon-086500_SBS34_858,SBS34,d0,9,14:40:48,14:40:48,401824,16.0,1
MQ_A5-Weekday-SDon-086500_SBS34_858,SBS34,d0,10,14:42:56,14:42:56,401826,16.0,1
MQ_A5-Weekday-SDon-086500_SBS34_858,SBS34,d0,11,14:44:00,14:44:00,401827,16.0,1
MQ_A5-Weekday-SDon-086500_SBS34_858,SBS34,d0,12,14:45:08,14:45:08,404950,16.0,1
MQ_A5-Weekday-SDon-086500_SBS34_858,SBS34,d0,13,14:46:00,14:46:00,903028,16.0,1
MQ_A5-Weekday-SDon-084100_SBS34_864,SBS34,d0,1,14:01:00,14:01:00,803131,5.0,1
MQ_A5-Weekday-SDon-084100_SBS34_864,SBS34,d0,2,14:02:29,14:02:29,403191,5.0,1
MQ_A5-Weekday-SDon-084100_SBS34_864,SBS34,d0,3,14:04:38,14:04:38,403192,6.0,1
MQ_A5-Weekday-SDon-084100_SBS34_864,SBS34,d0,4,14:06:41,14:06:41,401818,11.0,1
MQ_A5-Weekday-SDon-084100_SBS34_864,SBS34,d0,5,14:08:29,14:08:29,401819,8.0,1
MQ_A5-Weekday-SDon-084100_SBS34_864,SBS34,d0,6,14:10:00,14:10:00,404820,9.0,3
MQ_A5-Weekday-SDon-084100_SBS34_864,SBS34,d0,7,14:12:34,14:12:34,401821,43.0,3
MQ_A5-Weekday-SDon-084100_SBS34_864,SBS34,d0,8,14:15:06,14:15:06,401822,43.0,3
MQ_A5-Weekday-SDon-084100_SBS34_864,SBS34,d0,9,14:17:29,14:17:29,401824,36.0,3
MQ_A5-Weekday-SDon-084100_SBS34_864,SBS34,d0,10,14:19:49,14:19:49,401826,31.0,2
MQ_A5-Weekday-SDon-084100_SBS34_864,SBS34,d0,11,14:21:00,14:21:00,401827,31.0,2
MQ_A5-Weekday-SDon-084100_SBS34_864,SBS34,d0,12,14:22:08,14:22:08,404950,31.0,2
MQ_A5-Weekday-SDon-084100_SBS34_864,SBS34,d0,13,14:23:00,14:23:00,903028,31.0,2
MQ_A5-Weekday-SDon-131900_SBS34_871,SBS34,d0,1,21:59:00,21:59:00,401497,7.0,1
MQ_A5-Weekday-SDon-131900_SBS34_871,SBS34,d0,2,22:00:06,22:00:06,405026,13.0,1
MQ_A5-Weekday-SDon-131900_SBS34_871,SBS34,d0,3,22:02:38,22:02:38,401818,13.0,1
MQ_A5-Weekday-SDon-131900_SBS34_871,SBS34,d0,4,22:03:55,22:03:55,401819,16.0,2
MQ_A5-Weekday-SDon-131900_SBS34_871,SBS34,d0,5,22:05:00,22:05:00,404820,30.0,4
MQ_A5-Weekday-SDon-131900_SBS34_871,SBS34,d0,6,22:06:38,22:06:38,401821,49.0,4
MQ_A5-Weekday-SDon-131900_SBS34_871,SBS34,d0,7,22:08:15,22:08:15,401822,53.0,4
MQ_A5-Weekday-SDon-131900_SBS34_871,SBS34,d0,8,22:09:46,22:09:46,401824,44.0,3
MQ_A5-Weekday-SDon-131900_SBS34_871,SBS34,d0,9,22:11:15,22:11:15,401826,28.0,2
MQ_A5-Weekday-SDon-131900_SBS34_871,SBS34,d0,10,22:12:00,22:12:00,401827,21.0,2
MQ_A5-Weekday-SDon-131900_SBS34_871,SBS34,d0,11,22:14:12,22:14:12,405336,18.0,2
MQ_A5-Weekday-SDon-131900_SBS34_871,SBS34,d0,12,22:16:13,22:16:13,401832,6.0,2
MQ_A5-Weekday-SDon-131900_SBS34_871,SBS34,d0,13,22:17:15,22:17:15,401833,17.0,2
MQ_A5-Weekday-SDon-131900_SBS34_871,SBS34,d0,14,22:18:31,22:18:31,402052,16.0,1
MQ_A5-Weekday-SDon-131900_SBS34_871,SBS34,d0,15,22:20:00,22:20:00,903027,16.0,1
MQ_A5-Weekday-042800_SBS34_854,SBS34,d0,1,7:08:00,7:08:00,401497,32.0,4
MQ_A5-Weekday-042800_SBS34_854,SBS34,d0,2,7:09:29,7:09:29,405026,62.0,4
MQ_A5-Weekday-042800_SBS34_854,SBS34,d0,3,7:12:51,7:12:51,401818,62.0,4
MQ_A5-Weekday-042800_SBS34_854,SBS34,d0,4,7:14:34,7:14:34,401819,62.0,6
MQ_A5-Weekday-042800_SBS34_854,SBS34,d0,5,7:16:00,7:16:00,404820,82.0,6
MQ_A5-Weekday-042800_SBS34_854,SBS34,d0,6,7:18:20,7:18:20,401821,82.0,6
MQ_A5-Weekday-042800_SBS34_854,SBS34,d0,7,7:20:38,7:20:38,401822,82.0,6
MQ_A5-Weekday-042800_SBS34_854,SBS34,d0,8,7:22:48,7:22:48,401824,75.0,5
MQ_A5-Weekday-042800_SBS34_854,SBS34,d0,9,7:24:56,7:24:56,401826,75.0,5
MQ_A5-Weekday-042800_SBS34_854,SBS34,d0,10,7:26:00,7:26:00,401827,75.0,5
MQ_A5-Weekday-042800_SBS34_854,SBS34,d0,11,7:28:46,7:28:46,405336,18.0,2
MQ_A5-Weekday-042800_SBS34_854,SBS34,d0,12,7:31:17,7:31:17,401832,18.0,2
MQ_A5-Weekday-042800_SBS34_854,SBS34,d0,13,7:32:33,7:32:33,401833,18.0,2
MQ_A5-Weekday-042800_SBS34_854,SBS34,d0,14,7:34:08,7:34:08,402052,15.0,1
MQ_A5-Weekday-042800_SBS34_854,SBS34,d0,15,7:36:00,7:36:00,903027,15.0,1
MQ_A5-Weekday-SDon-087300_SBS34_866,SBS34,d0,1,14:33:00,14:33:00,401497,7.0,2
MQ_A5-Weekday-SDon-087300_SBS34_866,SBS34,d0,2,14:34:17,14:34:17,405026,20.0,2
MQ_A5-Weekday-SDon-087300_SBS34_866,SBS34,d0,3,14:37:15,14:37:15,401818,20.0,2
MQ_A5-Weekday-SDon-087300_SBS34_866,SBS34,d0,4,14:38:44,14:38:44,401819,20.0,2
MQ_A5-Weekday-SDon-087300_SBS34_866,SBS34,d0,5,14:40:00,14:40:00,404820,20.0,2
MQ_A5-Weekday-SDon-087300_SBS34_866,SBS34,d0,6,14:42:20,14:42:20,401821,20.0,2
MQ_A5-Weekday-SDon-087300_SBS34_866,SBS34,d0,7,14:44:38,14:44:38,401822,20.0,2
MQ_A5-Weekday-SDon-087300_SBS34_866,SBS34,d0,8,14:46:48,14:46:48,401824,20.0,2
MQ_A5-Weekday-SDon-087300_SBS34_866,SBS34,d0,9,14:48:56,14:48:56,401826,20.0,2
MQ_A5-Weekday-SDon-087300_SBS34_866,SBS34,d0,10,14:50:00,14:50:00,401827,20.0,2
MQ_A5-Weekday-SDon-087300_SBS34_866,SBS34,d0,11,14:52:46,14:52:46,405336,20.0,2
MQ_A5-Weekday-SDon-087300_SBS34_866,SBS34,d0,12,14:55:17,14:55:17,401832,20.0,2
MQ_A5-Weekday-SDon-087300_SBS34_866,SBS34,d0,13,14:56:33,14:56:33,401833,20.0,2
MQ_A5-Weekday-SDon-087300_SBS34_866,SBS34,d0,14,14:58:08,14:58:08,402052,13.0,1
MQ_A5-Weekday-SDon-087300_SBS34_866,SBS34,d0,15,15:00:00,15:00:00,903027,13.0,1
MQ_A5-Weekday-101800_SBS34_869,SBS34,d0,1,16:58:00,16:58:00,803131,16.0,2
MQ_A5-Weekday-101800_SBS34_869,SBS34,d0,2,16:59:19,16:59:19,403191,22.0,2
MQ_A5-Weekday-101800_SBS34_869,SBS34,d0,3,17:01:14,17:01:14,403192,22.0,2
MQ_A5-Weekday-101800_SBS34_869,SBS34,d0,4,17:03:03,17:03:03,401818,22.0,2
MQ_A5-Weekday-101800_SBS34_869,SBS34,d0,5,17:04:39,17:04:39,401819,22.0,2
MQ_A5-Weekday-101800_SBS34_869,SBS34,d0,6,17:06:00,17:06:00,404820,22.0,2
MQ_A5-Weekday-101800_SBS34_869,SBS34,d0,7,17:08:06,17:08:06,401821,22.0,2
MQ_A5-Weekday-101800_SBS34_869,SBS34,d0,8,17:10:10,17:10:10,401822,22.0,2
MQ_A5-Weekday-101800_SBS34_869,SBS34,d0,9,17:12:08,17:12:08,401824,22.0,2
MQ_A5-Weekday-101800_SBS34_869,SBS34,d0,10,17:14:02,17:14:02,401826,22.0,2
MQ_A5-Weekday-101800_SBS34_869,SBS34,d0,11,17:15:00,17:15:00,401827,22.0,2
MQ_A5-Weekday-101800_SBS34_869,SBS34,d0,12,17:17:46,17:17:46,405336,22.0,2
MQ_A5-Weekday-101800_SBS34_869,SBS34,d0,13,17:20:17,17:20:17,401832,22.0,2
MQ_A5-Weekday-101800_SBS34_869,SBS34,d0,14,17:21:33,17:21:33,401833,22.0,2
MQ_A5-Weekday-101800_SBS34_869,SBS34,d0,15,17:23:08,17:23:08,402052,8.0,1
MQ_A5-Weekday-101800_SBS34_869,SBS34,d0,16,17:25:00,17:25:00,903027,8.0,1
MQ_A5-Weekday-062400_SBS34_858,SBS34,d0,1,10:24:00,10:24:00,803131,3.0,1
MQ_A5-Weekday-062400_SBS34_858,SBS34,d0,2,10:25:19,10:25:19,403191,7.0,1
MQ_A5-Weekday-062400_SBS34_858,SBS34,d0,3,10:27:14,10:27:14,403192,7.0,1
MQ_A5-Weekday-062400_SBS34_858,SBS34,d0,4,10:29:03,10:29:03,401818,9.0,1
MQ_A5-Weekday-062400_SBS34_858,SBS34,d0,5,10:30:39,10:30:39,401819,14.0,2
MQ_A5-Weekday-062400_SBS34_858,SBS34,d0,6,10:32:00,10:32:00,404820,23.0,3
MQ_A5-Weekday-062400_SBS34_858,SBS34,d0,7,10:34:20,10:34:20,401821,35.0,3
MQ_A5-Weekday-062400_SBS34_858,SBS34,d0,8,10:36:38,10:36:38,401822,35.0,3
MQ_A5-Weekday-062400_SBS34_858,SBS34,d0,9,10:38:48,10:38:48,401824,35.0,3
MQ_A5-Weekday-062400_SBS34_858,SBS34,d0,10,10:40:56,10:40:56,401826,21.0,2
MQ_A5-Weekday-062400_SBS34_858,SBS34,d0,11,10:42:00,10:42:00,401827,21.0,2
MQ_A5-Weekday-062400_SBS34_858,SBS34,d0,12,10:43:08,10:43:08,404950,21.0,2
MQ_A5-Weekday-062400_SBS34_858,SBS34,d0,13,10:44:00,10:44:00,903028,21.0,2
MQ_A5-Weekday-SDon-096700_SBS34_857,SBS34,d0,1,16:07:00,16:07:00,803131,7.0,1
MQ_A5-Weekday-SDon-096700_SBS34_857,SBS34,d0,2,16:08:29,16:08:29,403191,7.0,2
MQ_A5-Weekday-SDon-096700_SBS34_857,SBS34,d0,3,16:10:38,16:10:38,403192,18.0,2
MQ_A5-Weekday-SDon-096700_SBS34_857,SBS34,d0,4,16:12:41,16:12:41,401818,14.0,2
MQ_A5-Weekday-SDon-096700_SBS34_857,SBS34,d0,5,16:14:29,16:14:29,401819,25.0,2
MQ_A5-Weekday-SDon-096700_SBS34_857,SBS34,d0,6,16:16:00,16:16:00,404820,23.0,3
MQ_A5-Weekday-SDon-096700_SBS34_857,SBS34,d0,7,16:18:20,16:18:20,401821,46.0,3
MQ_A5-Weekday-SDon-096700_SBS34_857,SBS34,d0,8,16:20:38,16:20:38,401822,46.0,3
MQ_A5-Weekday-SDon-096700_SBS34_857,SBS34,d0,9,16:22:48,16:22:48,401824,23.0,2
MQ_A5-Weekday-SDon-096700_SBS34_857,SBS34,d0,10,16:24:56,16:24:56,401826,22.0,2
MQ_A5-Weekday-SDon-096700_SBS34_857,SBS34,d0,11,16:26:00,16:26:00,401827,22.0,2
MQ_A5-Weekday-SDon-096700_SBS34_857,SBS34,d0,12,16:27:08,16:27:08,404950,13.0,1
MQ_A5-Weekday-SDon-096700_SBS34_857,SBS34,d0,13,16:28:00,16:28:00,903028,13.0,1
MQ_A5-Weekday-SDon-130800_SBS34_876,SBS34,d0,1,21:48:00,21:48:00,803131,1.0,1
MQ_A5-Weekday-SDon-130800_SBS34_876,SBS34,d0,2,21:49:09,21:49:09,403191,5.0,1
MQ_A5-Weekday-SDon-130800_SBS34_876,SBS34,d0,3,21:50:50,21:50:50,403192,5.0,1
MQ_A5-Weekday-SDon-130800_SBS34_876,SBS34,d0,4,21:52:25,21:52:25,401818,5.0,1
MQ_A5-Weekday-SDon-130800_SBS34_876,SBS34,d0,5,21:53:49,21:53:49,401819,5.0,2
MQ_A5-Weekday-SDon-130800_SBS34_876,SBS34,d0,6,21:55:00,21:55:00,404820,20.0,2
MQ_A5-Weekday-SDon-130800_SBS34_876,SBS34,d0,7,21:56:38,21:56:38,401821,20.0,2
MQ_A5-Weekday-SDon-130800_SBS34_876,SBS34,d0,8,21:58:15,21:58:15,401822,32.0,3
MQ_A5-Weekday-SDon-130800_SBS34_876,SBS34,d0,9,21:59:46,21:59:46,401824,33.0,3
MQ_A5-Weekday-SDon-130800_SBS34_876,SBS34,d0,10,22:01:15,22:01:15,401826,14.0,1
MQ_A5-Weekday-SDon-130800_SBS34_876,SBS34,d0,11,22:02:00,22:02:00,401827,13.0,1
MQ_A5-Weekday-SDon-130800_SBS34_876,SBS34,d0,12,22:02:34,22:02:34,404950,3.0,1
MQ_A5-Weekday-SDon-130800_SBS34_876,SBS34,d0,13,22:03:00,22:03:00,903028,3.0,1
MQ_A5-Weekday-SDon-070000_SBS34_853,SBS34,d0,1,11:40:00,11:40:00,803131,1.0,1
MQ_A5-Weekday-SDon-070000_SBS34_853,SBS34,d0,2,11:41:19,11:41:19,403191,2.0,1
MQ_A5-Weekday-SDon-070000_SBS34_853,SBS34,d0,3,11:43:14,11:43:14,403192,7.0,1
MQ_A5-Weekday-SDon-070000_SBS34_853,SBS34,d0,4,11:45:03,11:45:03,401818,2.0,1
MQ_A5-Weekday-SDon-070000_SBS34_853,SBS34,d0,5,11:46:39,11:46:39,401819,5.0,1
MQ_A5-Weekday-SDon-070000_SBS34_853,SBS34,d0,6,11:48:00,11:48:00,404820,9.0,1
MQ_A5-Weekday-SDon-070000_SBS34_853,SBS34,d0,7,11:50:20,11:50:20,401821,12.0,1
MQ_A5-Weekday-SDon-070000_SBS34_853,SBS34,d0,8,11:52:38,11:52:38,401822,10.0,1
MQ_A5-Weekday-SDon-070000_SBS34_853,SBS34,d0,9,11:54:48,11:54:48,401824,9.0,1
MQ_A5-Weekday-SDon-070000_SBS34_853,SBS34,d0,10,11:56:56,11:56:56,401826,6.0,1
MQ_A5-Weekday-SDon-070000_SBS34_853,SBS34,d0,11,11:58:00,11:58:00,401827,2.0,1
MQ_A5-Weekday-SDon-070000_SBS34_853,SBS34,d0,12,11:59:08,11:59:08,404950,2.0,1
MQ_A5-Weekday-SDon-070000_SBS34_853,SBS34,d0,13,12:00:00,12:00:00,903028,2.0,1
MQ_A5-Weekday-SDon-060000_SBS34_855,SBS34,d0,1,10:00:00,10:00:00,803131,4.0,1
MQ_A5-Weekday-SDon-060000_SBS34_855,SBS34,d0,2,10:01:19,10:01:19,403191,7.0,1
MQ_A5-Weekday-SDon-060000_SBS34_855,SBS34,d0,3,10:03:14,10:03:14,403192,7.0,1
MQ_A5-Weekday-SDon-060000_SBS34_855,SBS34,d0,4,10:05:03,10:05:03,401818,3.0,1
MQ_A5-Weekday-SDon-060000_SBS34_855,SBS34,d0,5,10:06:39,10:06:39,401819,7.0,1
MQ_A5-Weekday-SDon-060000_SBS34_855,SBS34,d0,6,10:08:00,10:08:00,404820,15.0,2
MQ_A5-Weekday-SDon-060000_SBS34_855,SBS34,d0,7,10:10:20,10:10:20,401821,17.0,3
MQ_A5-Weekday-SDon-060000_SBS34_855,SBS34,d0,8,10:12:38,10:12:38,401822,33.0,3
MQ_A5-Weekday-SDon-060000_SBS34_855,SBS34,d0,9,10:14:48,10:14:48,401824,29.0,2
MQ_A5-Weekday-SDon-060000_SBS34_855,SBS34,d0,10,10:16:56,10:16:56,401826,28.0,2
MQ_A5-Weekday-SDon-060000_SBS34_855,SBS34,d0,11,10:18:00,10:18:00,401827,21.0,2
MQ_A5-Weekday-SDon-060000_SBS34_855,SBS34,d0,12,10:19:08,10:19:08,404950,7.0,1
MQ_A5-Weekday-SDon-060000_SBS34_855,SBS34,d0,13,10:20:00,10:20:00,903028,7.0,1
MQ_A5-Weekday-SDon-070700_SBS34_855,SBS34,d0,1,11:47:00,11:47:00,401497,3.0,1
MQ_A5-Weekday-SDon-070700_SBS34_855,SBS34,d0,2,11:48:29,11:48:29,405026,15.0,1
MQ_A5-Weekday-SDon-070700_SBS34_855,SBS34,d0,3,11:51:51,11:51:51,401818,15.0,2
MQ_A5-Weekday-SDon-070700_SBS34_855,SBS34,d0,4,11:53:34,11:53:34,401819,24.0,3
MQ_A5-Weekday-SDon-070700_SBS34_855,SBS34,d0,5,11:55:00,11:55:00,404820,34.0,3
MQ_A5-Weekday-SDon-070700_SBS34_855,SBS34,d0,6,11:57:20,11:57:20,401821,43.0,3
MQ_A5-Weekday-SDon-070700_SBS34_855,SBS34,d0,7,11:59:38,11:59:38,401822,36.0,3
MQ_A5-Weekday-SDon-070700_SBS34_855,SBS34,d0,8,12:01:48,12:01:48,401824,23.0,2
MQ_A5-Weekday-SDon-070700_SBS34_855,SBS34,d0,9,12:03:56,12:03:56,401826,17.0,2
MQ_A5-Weekday-SDon-070700_SBS34_855,SBS34,d0,10,12:05:00,12:05:00,401827,14.0,2
MQ_A5-Weekday-SDon-070700_SBS34_855,SBS34,d0,11,12:07:46,12:07:46,405336,21.0,2
MQ_A5-Weekday-SDon-070700_SBS34_855,SBS34,d0,12,12:10:17,12:10:17,401832,21.0,2
MQ_A5-Weekday-SDon-070700_SBS34_855,SBS34,d0,13,12:11:33,12:11:33,401833,21.0,2
MQ_A5-Weekday-SDon-070700_SBS34_855,SBS34,d0,14,12:13:08,12:13:08,402052,6.0,1
MQ_A5-Weekday-SDon-070700_SBS34_855,SBS34,d0,15,12:15:00,12:15:00,903027,6.0,1
MQ_A5-Weekday-047600_SBS34_857,SBS34,d0,1,7:56:00,7:56:00,401497,10.0,2
MQ_A5-Weekday-047600_SBS34_857,SBS34,d0,2,7:57:29,7:57:29,405026,27.0,4
MQ_A5-Weekday-047600_SBS34_857,SBS34,d0,3,8:00:51,8:00:51,401818,50.0,4
MQ_A5-Weekday-047600_SBS34_857,SBS34,d0,4,8:02:34,8:02:34,401819,50.0,4
MQ_A5-Weekday-047600_SBS34_857,SBS34,d0,5,8:04:00,8:04:00,404820,51.0,4
MQ_A5-Weekday-047600_SBS34_857,SBS34,d0,6,8:06:20,8:06:20,401821,56.0,4
MQ_A5-Weekday-047600_SBS34_857,SBS34,d0,7,8:08:38,8:08:38,401822,51.0,4
MQ_A5-Weekday-047600_SBS34_857,SBS34,d0,8,8:10:48,8:10:48,401824,46.0,4
MQ_A5-Weekday-047600_SBS34_857,SBS34,d0,9,8:12:56,8:12:56,401826,51.0,4
MQ_A5-Weekday-047600_SBS34_857,SBS34,d0,10,8:14:00,8:14:00,401827,51.0,4
MQ_A5-Weekday-047600_SBS34_857,SBS34,d0,11,8:16:46,8:16:46,405336,13.0,1
MQ_A5-Weekday-047600_SBS34_857,SBS34,d0,12,8:19:17,8:19:17,401832,13.0,1
MQ_A5-Weekday-047600_SBS34_857,SBS34,d0,13,8:20:33,8:20:33,401833,4.0,1
MQ_A5-Weekday-047600_SBS34_857,SBS34,d0,14,8:22:08,8:22:08,402052,13.0,1
MQ_A5-Weekday-047600_SBS34_857,SBS34,d0,15,8:24:00,8:24:00,903027,13.0,1
MQ_A5-Weekday-039100_SBS34_856,SBS34,d0,1,6:31:00,6:31:00,803131,1.0,1
MQ_A5-Weekday-039100_SBS34_856,SBS34,d0,2,6:31:59,6:31:59,403191,1.0,1
MQ_A5-Weekday-039100_SBS34_856,SBS34,d0,3,6:33:25,6:33:25,403192,1.0,1
MQ_A5-Weekday-039100_SBS34_856,SBS34,d0,4,6:34:47,6:34:47,401818,1.0,1
MQ_A5-Weekday-039100_SBS34_856,SBS34,d0,5,6:35:59,6:35:59,401819,1.0,1
MQ_A5-Weekday-039100_SBS34_856,SBS34,d0,6,6:37:00,6:37:00,404820,2.0,1
MQ_A5-Weekday-039100_SBS34_856,SBS34,d0,7,6:39:06,6:39:06,401821,3.0,1
MQ_A5-Weekday-039100_SBS34_856,SBS34,d0,8,6:41:10,6:41:10,401822,5.0,1
MQ_A5-Weekday-039100_SBS34_856,SBS34,d0,9,6:43:08,6:43:08,401824,6.0,1
MQ_A5-Weekday-039100_SBS34_856,SBS34,d0,10,6:45:02,6:45:02,401826,6.0,1
MQ_A5-Weekday-039100_SBS34_856,SBS34,d0,11,6:46:00,6:46:00,401827,2.0,1
MQ_A5-Weekday-039100_SBS34_856,SBS34,d0,12,6:46:34,6:46:34,404950,2.0,1
MQ_A5-Weekday-039100_SBS34_856,SBS34,d0,13,6:47:00,6:47:00,903028,2.0,1
MQ_A5-Weekday-SDon-141800_SBS34_876,SBS34,d0,1,23:38:00,23:38:00,803131,4.0,1
MQ_A5-Weekday-SDon-141800_SBS34_876,SBS34,d0,2,23:39:09,23:39:09,403191,5.0,1
MQ_A5-Weekday-SDon-141800_SBS34_876,SBS34,d0,3,23:40:50,23:40:50,403192,5.0,1
MQ_A5-Weekday-SDon-141800_SBS34_876,SBS34,d0,4,23:42:25,23:42:25,401818,5.0,1
MQ_A5-Weekday-SDon-141800_SBS34_876,SBS34,d0,5,23:43:49,23:43:49,401819,16.0,1
MQ_A5-Weekday-SDon-141800_SBS34_876,SBS34,d0,6,23:45:00,23:45:00,404820,9.0,1
MQ_A5-Weekday-SDon-141800_SBS34_876,SBS34,d0,7,23:46:38,23:46:38,401821,16.0,2
MQ_A5-Weekday-SDon-141800_SBS34_876,SBS34,d0,8,23:48:15,23:48:15,401822,22.0,2
MQ_A5-Weekday-SDon-141800_SBS34_876,SBS34,d0,9,23:49:46,23:49:46,401824,20.0,2
MQ_A5-Weekday-SDon-141800_SBS34_876,SBS34,d0,10,23:51:15,23:51:15,401826,8.0,1
MQ_A5-Weekday-SDon-141800_SBS34_876,SBS34,d0,11,23:52:00,23:52:00,401827,11.0,1
MQ_A5-Weekday-SDon-141800_SBS34_876,SBS34,d0,12,23:54:12,23:54:12,405336,7.0,1
MQ_A5-Weekday-SDon-141800_SBS34_876,SBS34,d0,13,23:56:13,23:56:13,401832,7.0,1
MQ_A5-Weekday-SDon-141800_SBS34_876,SBS34,d0,14,23:57:15,23:57:15,401833,7.0,1
MQ_A5-Weekday-SDon-141800_SBS34_876,SBS34,d0,15,23:58:31,23:58:31,402052,4.0,1
MQ_A5-Weekday-SDon-141800_SBS34_876,SBS34,d0,16,24:00:00,24:00:00,903027,4.0,1
MQ_A5-Weekday-SDon-092500_SBS34_859,SBS34,d0,1,15:25:00,15:25:00,803131,19.0,2
MQ_A5-Weekday-SDon-092500_SBS34_859,SBS34,d0,2,15:26:29,15:26:29,403191,19.0,2
MQ_A5-Weekday-SDon-092500_SBS34_859,SBS34,d0,3,15:28:38,15:28:38,403192,19.0,2
MQ_A5-Weekday-SDon-092500_SBS34_859,SBS34,d0,4,15:30:41,15:30:41,401818,19.0,2
MQ_A5-Weekday-SDon-092500_SBS34_859,SBS34,d0,5,15:32:29,15:32:29,401819,19.0,2
MQ_A5-Weekday-SDon-092500_SBS34_859,SBS34,d0,6,15:34:00,15:34:00,404820,19.0,2
MQ_A5-Weekday-SDon-092500_SBS34_859,SBS34,d0,7,15:36:20,15:36:20,401821,19.0,2
MQ_A5-Weekday-SDon-092500_SBS34_859,SBS34,d0,8,15:38:38,15:38:38,401822,19.0,2
MQ_A5-Weekday-SDon-092500_SBS34_859,SBS34,d0,9,15:40:48,15:40:48,401824,19.0,2
MQ_A5-Weekday-SDon-092500_SBS34_859,SBS34,d0,10,15:42:56,15:42:56,401826,19.0,2
MQ_A5-Weekday-SDon-092500_SBS34_859,SBS34,d0,11,15:44:00,15:44:00,401827,19.0,2
MQ_A5-Weekday-SDon-092500_SBS34_859,SBS34,d0,12,15:45:08,15:45:08,404950,19.0,2
MQ_A5-Weekday-SDon-092500_SBS34_859,SBS34,d0,13,15:46:00,15:46:00,903028,19.0,2
MQ_A5-Weekday-SDon-128000_SBS34_869,SBS34,d0,1,21:20:00,21:20:00,401497,8.0,1
MQ_A5-Weekday-SDon-128000_SBS34_869,SBS34,d0,2,21:20:55,21:20:55,405026,8.0,1
MQ_A5-Weekday-SDon-128000_SBS34_869,SBS34,d0,3,21:23:02,21:23:02,401818,3.0,1
MQ_A5-Weekday-SDon-128000_SBS34_869,SBS34,d0,4,21:24:06,21:24:06,401819,11.0,2
MQ_A5-Weekday-SDon-128000_SBS34_869,SBS34,d0,5,21:25:00,21:25:00,404820,26.0,2
MQ_A5-Weekday-SDon-128000_SBS34_869,SBS34,d0,6,21:26:52,21:26:52,401821,26.0,3
MQ_A5-Weekday-SDon-128000_SBS34_869,SBS34,d0,7,21:28:43,21:28:43,401822,41.0,3
MQ_A5-Weekday-SDon-128000_SBS34_869,SBS34,d0,8,21:30:27,21:30:27,401824,36.0,3
MQ_A5-Weekday-SDon-128000_SBS34_869,SBS34,d0,9,21:32:09,21:32:09,401826,30.0,2
MQ_A5-Weekday-SDon-128000_SBS34_869,SBS34,d0,10,21:33:00,21:33:00,401827,13.0,1
MQ_A5-Weekday-SDon-128000_SBS34_869,SBS34,d0,11,21:35:12,21:35:12,405336,10.0,1
MQ_A5-Weekday-SDon-128000_SBS34_869,SBS34,d0,12,21:37:13,21:37:13,401832,7.0,1
MQ_A5-Weekday-SDon-128000_SBS34_869,SBS34,d0,13,21:38:15,21:38:15,401833,8.0,1
MQ_A5-Weekday-SDon-128000_SBS34_869,SBS34,d0,14,21:39:31,21:39:31,402052,8.0,1
MQ_A5-Weekday-SDon-128000_SBS34_869,SBS34,d0,15,21:41:00,21:41:00,903027,8.0,1
MQ_A5-Weekday-SDon-103400_SBS34_874,SBS34,d0,1,17:14:00,17:14:00,401497,12.0,1
MQ_A5-Weekday-SDon-103400_SBS34_874,SBS34,d0,2,17:18:15,17:18:15,401818,5.0,1
MQ_A5-Weekday-SDon-103400_SBS34_874,SBS34,d0,3,17:19:44,17:19:44,401819,8.0,2
MQ_A5-Weekday-SDon-103400_SBS34_874,SBS34,d0,4,17:21:00,17:21:00,404820,25.0,2
MQ_A5-Weekday-SDon-103400_SBS34_874,SBS34,d0,5,17:23:06,17:23:06,401821,25.0,2
MQ_A5-Weekday-SDon-103400_SBS34_874,SBS34,d0,6,17:25:10,17:25:10,401822,12.0,1
MQ_A5-Weekday-SDon-103400_SBS34_874,SBS34,d0,7,17:27:08,17:27:08,401824,12.0,1
MQ_A5-Weekday-SDon-103400_SBS34_874,SBS34,d0,8,17:29:02,17:29:02,401826,12.0,1
MQ_A5-Weekday-SDon-103400_SBS34_874,SBS34,d0,9,17:30:00,17:30:00,401827,9.0,1
MQ_A5-Weekday-SDon-103400_SBS34_874,SBS34,d0,10,17:32:46,17:32:46,405336,13.0,1
MQ_A5-Weekday-SDon-103400_SBS34_874,SBS34,d0,11,17:35:17,17:35:17,401832,13.0,1
MQ_A5-Weekday-SDon-103400_SBS34_874,SBS34,d0,12,17:36:33,17:36:33,401833,13.0,1
MQ_A5-Weekday-SDon-103400_SBS34_874,SBS34,d0,13,17:38:08,17:38:08,402052,8.0,1
MQ_A5-Weekday-SDon-103400_SBS34_874,SBS34,d0,14,17:40:00,17:40:00,903027,8.0,1
MQ_A5-Weekday-056700_SBS34_856,SBS34,d0,1,9:27:00,9:27:00,803131,1.0,1
MQ_A5-Weekday-056700_SBS34_856,SBS34,d0,2,9:28:19,9:28:19,403191,1.0,1
MQ_A5-Weekday-056700_SBS34_856,SBS34,d0,3,9:30:14,9:30:14,403192,1.0,1
MQ_A5-Weekday-056700_SBS34_856,SBS34,d0,4,9:32:03,9:32:03,401818,1.0,1
MQ_A5-Weekday-056700_SBS34_856,SBS34,d0,5,9:33:39,9:33:39,401819,1.0,1
MQ_A5-Weekday-056700_SBS34_856,SBS34,d0,6,9:35:00,9:35:00,404820,1.0,1
MQ_A5-Weekday-056700_SBS34_856,SBS34,d0,7,9:37:20,9:37:20,401821,1.0,1
MQ_A5-Weekday-056700_SBS34_856,SBS34,d0,8,9:39:38,9:39:38,401822,1.0,1
MQ_A5-Weekday-056700_SBS34_856,SBS34,d0,9,9:41:48,9:41:48,401824,1.0,1
MQ_A5-Weekday-056700_SBS34_856,SBS34,d0,10,9:43:56,9:43:56,401826,1.0,1
MQ_A5-Weekday-056700_SBS34_856,SBS34,d0,11,9:45:00,9:45:00,401827,1.0,1
MQ_A5-Weekday-056700_SBS34_856,SBS34,d0,12,9:46:08,9:46:08,404950,1.0,1
MQ_A5-Weekday-056700_SBS34_856,SBS34,d0,13,9:47:00,9:47:00,903028,1.0,1
MQ_A5-Weekday-SDon-086200_SBS34_863,SBS34,d0,1,14:22:00,14:22:00,401497,5.0,2
MQ_A5-Weekday-SDon-086200_SBS34_863,SBS34,d0,2,14:23:06,14:23:06,405026,18.0,2
MQ_A5-Weekday-SDon-086200_SBS34_863,SBS34,d0,3,14:25:38,14:25:38,401818,20.0,3
MQ_A5-Weekday-SDon-086200_SBS34_863,SBS34,d0,4,14:26:55,14:26:55,401819,42.0,3
MQ_A5-Weekday-SDon-086200_SBS34_863,SBS34,d0,5,14:28:00,14:28:00,404820,45.0,5
MQ_A5-Weekday-SDon-086200_SBS34_863,SBS34,d0,6,14:30:34,14:30:34,401821,69.0,5
MQ_A5-Weekday-SDon-086200_SBS34_863,SBS34,d0,7,14:33:06,14:33:06,401822,69.0,5
MQ_A5-Weekday-SDon-086200_SBS34_863,SBS34,d0,8,14:35:29,14:35:29,401824,69.0,5
MQ_A5-Weekday-SDon-086200_SBS34_863,SBS34,d0,9,14:37:49,14:37:49,401826,69.0,5
MQ_A5-Weekday-SDon-086200_SBS34_863,SBS34,d0,10,14:39:00,14:39:00,401827,27.0,2
MQ_A5-Weekday-SDon-086200_SBS34_863,SBS34,d0,11,14:41:46,14:41:46,405336,27.0,2
MQ_A5-Weekday-SDon-086200_SBS34_863,SBS34,d0,12,14:44:17,14:44:17,401832,27.0,2
MQ_A5-Weekday-SDon-086200_SBS34_863,SBS34,d0,13,14:45:33,14:45:33,401833,27.0,2
MQ_A5-Weekday-SDon-086200_SBS34_863,SBS34,d0,14,14:47:08,14:47:08,402052,27.0,2
MQ_A5-Weekday-SDon-086200_SBS34_863,SBS34,d0,15,14:49:00,14:49:00,903027,27.0,2
MQ_A5-Weekday-048400_SBS34_864,SBS34,d0,1,8:04:00,8:04:00,401497,3.0,1
MQ_A5-Weekday-048400_SBS34_864,SBS34,d0,2,8:05:29,8:05:29,405026,3.0,1
MQ_A5-Weekday-048400_SBS34_864,SBS34,d0,3,8:08:51,8:08:51,401818,3.0,1
MQ_A5-Weekday-048400_SBS34_864,SBS34,d0,4,8:10:34,8:10:34,401819,3.0,1
MQ_A5-Weekday-048400_SBS34_864,SBS34,d0,5,8:12:00,8:12:00,404820,3.0,1
MQ_A5-Weekday-048400_SBS34_864,SBS34,d0,6,8:14:20,8:14:20,401821,3.0,1
MQ_A5-Weekday-048400_SBS34_864,SBS34,d0,7,8:16:38,8:16:38,401822,3.0,1
MQ_A5-Weekday-048400_SBS34_864,SBS34,d0,8,8:18:48,8:18:48,401824,3.0,1
MQ_A5-Weekday-048400_SBS34_864,SBS34,d0,9,8:20:56,8:20:56,401826,3.0,1
MQ_A5-Weekday-048400_SBS34_864,SBS34,d0,10,8:22:00,8:22:00,401827,3.0,1
MQ_A5-Weekday-048400_SBS34_864,SBS34,d0,11,8:24:46,8:24:46,405336,3.0,1
MQ_A5-Weekday-048400_SBS34_864,SBS34,d0,12,8:27:17,8:27:17,401832,3.0,1
MQ_A5-Weekday-048400_SBS34_864,SBS34,d0,13,8:28:33,8:28:33,401833,3.0,1
MQ_A5-Weekday-048400_SBS34_864,SBS34,d0,14,8:30:08,8:30:08,402052,3.0,1
MQ_A5-Weekday-048400_SBS34_864,SBS34,d0,15,8:32:00,8:32:00,903027,3.0,1
MQ_A5-Weekday-079300_SBS34_866,SBS34,d0,1,13:13:00,13:13:00,401497,16.0,2
MQ_A5-Weekday-079300_SBS34_866,SBS34,d0,2,13:14:06,13:14:06,405026,18.0,2
MQ_A5-Weekday-079300_SBS34_866,SBS34,d0,3,13:16:38,13:16:38,401818,24.0,3
MQ_A5-Weekday-079300_SBS34_866,SBS34,d0,4,13:17:55,13:17:55,401819,48.0,3
MQ_A5-Weekday-079300_SBS34_866,SBS34,d0,5,13:19:00,13:19:00,404820,48.0,4
MQ_A5-Weekday-079300_SBS34_866,SBS34,d0,6,13:21:34,13:21:34,401821,51.0,4
MQ_A5-Weekday-079300_SBS34_866,SBS34,d0,7,13:24:06,13:24:06,401822,58.0,4
MQ_A5-Weekday-079300_SBS34_866,SBS34,d0,8,13:26:29,13:26:29,401824,46.0,3
MQ_A5-Weekday-079300_SBS34_866,SBS34,d0,9,13:28:49,13:28:49,401826,44.0,3
MQ_A5-Weekday-079300_SBS34_866,SBS34,d0,10,13:30:00,13:30:00,401827,32.0,2
MQ_A5-Weekday-079300_SBS34_866,SBS34,d0,11,13:33:02,13:33:02,405336,6.0,1
MQ_A5-Weekday-079300_SBS34_866,SBS34,d0,12,13:35:48,13:35:48,401832,6.0,1
MQ_A5-Weekday-079300_SBS34_866,SBS34,d0,13,13:37:13,13:37:13,401833,4.0,1
MQ_A5-Weekday-079300_SBS34_866,SBS34,d0,14,13:38:57,13:38:57,402052,6.0,1
MQ_A5-Weekday-079300_SBS34_866,SBS34,d0,15,13:41:00,13:41:00,903027,6.0,1
MQ_A5-Weekday-SDon-042200_SBS34_855,SBS34,d0,1,7:02:00,7:02:00,803131,13.0,1
MQ_A5-Weekday-SDon-042200_SBS34_855,SBS34,d0,2,7:03:19,7:03:19,403191,6.0,1
MQ_A5-Weekday-SDon-042200_SBS34_855,SBS34,d0,3,7:05:14,7:05:14,403192,2.0,1
MQ_A5-Weekday-SDon-042200_SBS34_855,SBS34,d0,4,7:07:03,7:07:03,401818,8.0,1
MQ_A5-Weekday-SDon-042200_SBS34_855,SBS34,d0,5,7:08:39,7:08:39,401819,8.0,2
MQ_A5-Weekday-SDon-042200_SBS34_855,SBS34,d0,6,7:10:00,7:10:00,404820,22.0,2
MQ_A5-Weekday-SDon-042200_SBS34_855,SBS34,d0,7,7:12:20,7:12:20,401821,22.0,2
MQ_A5-Weekday-SDon-042200_SBS34_855,SBS34,d0,8,7:14:38,7:14:38,401822,22.0,2
MQ_A5-Weekday-SDon-042200_SBS34_855,SBS34,d0,9,7:16:48,7:16:48,401824,22.0,2
MQ_A5-Weekday-SDon-042200_SBS34_855,SBS34,d0,10,7:18:56,7:18:56,401826,22.0,2
MQ_A5-Weekday-SDon-042200_SBS34_855,SBS34,d0,11,7:20:00,7:20:00,401827,22.0,2
MQ_A5-Weekday-SDon-042200_SBS34_855,SBS34,d0,12,7:21:08,7:21:08,404950,22.0,2
MQ_A5-Weekday-SDon-042200_SBS34_855,SBS34,d0,13,7:22:00,7:22:00,903028,22.0,2
MQ_A5-Weekday-SDon-041800_SBS34_851,SBS34,d0,1,6:58:00,6:58:00,401497,5.0,2
MQ_A5-Weekday-SDon-041800_SBS34_851,SBS34,d0,2,6:59:06,6:59:06,405026,21.0,2
MQ_A5-Weekday-SDon-041800_SBS34_851,SBS34,d0,3,7:01:38,7:01:38,401818,21.0,2
MQ_A5-Weekday-SDon-041800_SBS34_851,SBS34,d0,4,7:02:55,7:02:55,401819,27.0,2
MQ_A5-Weekday-SDon-041800_SBS34_851,SBS34,d0,5,7:04:00,7:04:00,404820,27.0,2
MQ_A5-Weekday-SDon-041800_SBS34_851,SBS34,d0,6,7:06:20,7:06:20,401821,27.0,2
MQ_A5-Weekday-SDon-041800_SBS34_851,SBS34,d0,7,7:08:38,7:08:38,401822,27.0,2
MQ_A5-Weekday-SDon-041800_SBS34_851,SBS34,d0,8,7:10:48,7:10:48,401824,27.0,2
MQ_A5-Weekday-SDon-041800_SBS34_851,SBS34,d0,9,7:12:56,7:12:56,401826,27.0,2
MQ_A5-Weekday-SDon-041800_SBS34_851,SBS34,d0,10,7:14:00,7:14:00,401827,27.0,2
MQ_A5-Weekday-SDon-041800_SBS34_851,SBS34,d0,11,7:16:46,7:16:46,405336,27.0,2
MQ_A5-Weekday-SDon-041800_SBS34_851,SBS34,d0,12,7:19:17,7:19:17,401832,27.0,2
MQ_A5-Weekday-SDon-041800_SBS34_851,SBS34,d0,13,7:20:33,7:20:33,401833,27.0,2
MQ_A5-Weekday-SDon-041800_SBS34_851,SBS34,d0,14,7:22:08,7:22:08,402052,27.0,2
MQ_A5-Weekday-SDon-041800_SBS34_851,SBS34,d0,15,7:24:00,7:24:00,903027,27.0,2
MQ_A5-Weekday-SDon-046800_SBS34_863,SBS34,d0,1,7:48:00,7:48:00,401497,25.0,2
MQ_A5-Weekday-SDon-046800_SBS34_863,SBS34,d0,2,7:49:29,7:49:29,405026,25.0,2
MQ_A5-Weekday-SDon-046800_SBS34_863,SBS34,d0,3,7:52:51,7:52:51,401818,25.0,2
MQ_A5-Weekday-SDon-046800_SBS34_863,SBS34,d0,4,7:54:34,7:54:34,401819,25.0,2
MQ_A5-Weekday-SDon-046800_SBS34_863,SBS34,d0,5,7:56:00,7:56:00,404820,25.0,2
MQ_A5-Weekday-SDon-046800_SBS34_863,SBS34,d0,6,7:58:20,7:58:20,401821,29.0,2
MQ_A5-Weekday-SDon-046800_SBS34_863,SBS34,d0,7,8:00:38,8:00:38,401822,29.0,2
MQ_A5-Weekday-SDon-046800_SBS34_863,SBS34,d0,8,8:02:48,8:02:48,401824,27.0,3
MQ_A5-Weekday-SDon-046800_SBS34_863,SBS34,d0,9,8:04:56,8:04:56,401826,33.0,3
MQ_A5-Weekday-SDon-046800_SBS34_863,SBS34,d0,10,8:06:00,8:06:00,401827,33.0,3
MQ_A5-Weekday-SDon-046800_SBS34_863,SBS34,d0,11,8:08:46,8:08:46,405336,33.0,3
MQ_A5-Weekday-SDon-046800_SBS34_863,SBS34,d0,12,8:11:17,8:11:17,401832,22.0,2
MQ_A5-Weekday-SDon-046800_SBS34_863,SBS34,d0,13,8:12:33,8:12:33,401833,22.0,2
MQ_A5-Weekday-SDon-046800_SBS34_863,SBS34,d0,14,8:14:08,8:14:08,402052,22.0,2
MQ_A5-Weekday-SDon-046800_SBS34_863,SBS34,d0,15,8:16:00,8:16:00,903027,22.0,2
MQ_A5-Weekday-SDon-090100_SBS34_865,SBS34,d0,1,15:01:00,15:01:00,803131,20.0,2
MQ_A5-Weekday-SDon-090100_SBS34_865,SBS34,d0,2,15:02:29,15:02:29,403191,20.0,2
MQ_A5-Weekday-SDon-090100_SBS34_865,SBS34,d0,3,15:04:38,15:04:38,403192,20.0,2
MQ_A5-Weekday-SDon-090100_SBS34_865,SBS34,d0,4,15:06:41,15:06:41,401818,20.0,2
MQ_A5-Weekday-SDon-090100_SBS34_865,SBS34,d0,5,15:08:29,15:08:29,401819,20.0,2
MQ_A5-Weekday-SDon-090100_SBS34_865,SBS34,d0,6,15:10:00,15:10:00,404820,20.0,2
MQ_A5-Weekday-SDon-090100_SBS34_865,SBS34,d0,7,15:12:20,15:12:20,401821,22.0,2
MQ_A5-Weekday-SDon-090100_SBS34_865,SBS34,d0,8,15:14:38,15:14:38,401822,22.0,2
MQ_A5-Weekday-SDon-090100_SBS34_865,SBS34,d0,9,15:16:48,15:16:48,401824,22.0,2
MQ_A5-Weekday-SDon-090100_SBS34_865,SBS34,d0,10,15:18:56,15:18:56,401826,18.0,2
MQ_A5-Weekday-SDon-090100_SBS34_865,SBS34,d0,11,15:20:00,15:20:00,401827,18.0,2
MQ_A5-Weekday-SDon-090100_SBS34_865,SBS34,d0,12,15:21:08,15:21:08,404950,18.0,2
MQ_A5-Weekday-SDon-090100_SBS34_865,SBS34,d0,13,15:22:00,15:22:00,903028,18.0,2
MQ_A5-Weekday-SDon-066600_SBS34_867,SBS34,d0,1,11:06:00,11:06:00,803131,2.0,1
MQ_A5-Weekday-SDon-066600_SBS34_867,SBS34,d0,2,11:07:19,11:07:19,403191,2.0,1
MQ_A5-Weekday-SDon-066600_SBS34_867,SBS34,d0,3,11:09:14,11:09:14,403192,2.0,1
MQ_A5-Weekday-SDon-066600_SBS34_867,SBS34,d0,4,11:11:03,11:11:03,401818,8.0,1
MQ_A5-Weekday-SDon-066600_SBS34_867,SBS34,d0,5,11:12:39,11:12:39,401819,11.0,1
MQ_A5-Weekday-SDon-066600_SBS34_867,SBS34,d0,6,11:14:00,11:14:00,404820,8.0,2
MQ_A5-Weekday-SDon-066600_SBS34_867,SBS34,d0,7,11:16:20,11:16:20,401821,31.0,2
MQ_A5-Weekday-SDon-066600_SBS34_867,SBS34,d0,8,11:18:38,11:18:38,401822,10.0,2
MQ_A5-Weekday-SDon-066600_SBS34_867,SBS34,d0,9,11:20:48,11:20:48,401824,29.0,2
MQ_A5-Weekday-SDon-066600_SBS34_867,SBS34,d0,10,11:22:56,11:22:56,401826,20.0,2
MQ_A5-Weekday-SDon-066600_SBS34_867,SBS34,d0,11,11:24:00,11:24:00,401827,15.0,1
MQ_A5-Weekday-SDon-066600_SBS34_867,SBS34,d0,12,11:25:08,11:25:08,404950,15.0,1
MQ_A5-Weekday-SDon-066600_SBS34_867,SBS34,d0,13,11:26:00,11:26:00,903028,15.0,1
MQ_A5-Weekday-SDon-064200_SBS34_866,SBS34,d0,1,10:42:00,10:42:00,401497,6.0,1
MQ_A5-Weekday-SDon-064200_SBS34_866,SBS34,d0,2,10:43:29,10:43:29,405026,6.0,1
MQ_A5-Weekday-SDon-064200_SBS34_866,SBS34,d0,3,10:46:51,10:46:51,401818,8.0,2
MQ_A5-Weekday-SDon-064200_SBS34_866,SBS34,d0,4,10:48:34,10:48:34,401819,31.0,3
MQ_A5-Weekday-SDon-064200_SBS34_866,SBS34,d0,5,10:50:00,10:50:00,404820,37.0,3
MQ_A5-Weekday-SDon-064200_SBS34_866,SBS34,d0,6,10:52:20,10:52:20,401821,40.0,3
MQ_A5-Weekday-SDon-064200_SBS34_866,SBS34,d0,7,10:54:38,10:54:38,401822,31.0,3
MQ_A5-Weekday-SDon-064200_SBS34_866,SBS34,d0,8,10:56:48,10:56:48,401824,40.0,3
MQ_A5-Weekday-SDon-064200_SBS34_866,SBS34,d0,9,10:58:56,10:58:56,401826,15.0,2
MQ_A5-Weekday-SDon-064200_SBS34_866,SBS34,d0,10,11:00:00,11:00:00,401827,22.0,2
MQ_A5-Weekday-SDon-064200_SBS34_866,SBS34,d0,11,11:02:46,11:02:46,405336,17.0,2
MQ_A5-Weekday-SDon-064200_SBS34_866,SBS34,d0,12,11:05:17,11:05:17,401832,15.0,1
MQ_A5-Weekday-SDon-064200_SBS34_866,SBS34,d0,13,11:06:33,11:06:33,401833,15.0,1
MQ_A5-Weekday-SDon-064200_SBS34_866,SBS34,d0,14,11:08:08,11:08:08,402052,15.0,1
MQ_A5-Weekday-SDon-064200_SBS34_866,SBS34,d0,15,11:10:00,11:10:00,903027,15.0,1
MQ_A5-Weekday-050400_SBS34_856,SBS34,d0,1,8:24:00,8:24:00,803131,2.0,1
MQ_A5-Weekday-050400_SBS34_856,SBS34,d0,2,8:25:19,8:25:19,403191,2.0,1
MQ_A5-Weekday-050400_SBS34_856,SBS34,d0,3,8:27:14,8:27:14,403192,2.0,1
MQ_A5-Weekday-050400_SBS34_856,SBS34,d0,4,8:29:03,8:29:03,401818,2.0,1
MQ_A5-Weekday-050400_SBS34_856,SBS34,d0,5,8:30:39,8:30:39,401819,2.0,1
MQ_A5-Weekday-050400_SBS34_856,SBS34,d0,6,8:32:00,8:32:00,404820,2.0,1
MQ_A5-Weekday-050400_SBS34_856,SBS34,d0,7,8:34:20,8:34:20,401821,2.0,1
MQ_A5-Weekday-050400_SBS34_856,SBS34,d0,8,8:36:38,8:36:38,401822,2.0,1
MQ_A5-Weekday-050400_SBS34_856,SBS34,d0,9,8:38:48,8:38:48,401824,4.0,1
MQ_A5-Weekday-050400_SBS34_856,SBS34,d0,10,8:40:56,8:40:56,401826,5.0,1
MQ_A5-Weekday-050400_SBS34_856,SBS34,d0,11,8:42:00,8:42:00,401827,5.0,1
MQ_A5-Weekday-050400_SBS34_856,SBS34,d0,12,8:43:08,8:43:08,404950,6.0,1
MQ_A5-Weekday-050400_SBS34_856,SBS34,d0,13,8:44:00,8:44:00,903028,6.0,1
MQ_A5-Weekday-SDon-124000_SBS34_871,SBS34,d0,1,20:40:00,20:40:00,401497,3.0,1
MQ_A5-Weekday-SDon-124000_SBS34_871,SBS34,d0,2,20:40:55,20:40:55,405026,3.0,1
MQ_A5-Weekday-SDon-124000_SBS34_871,SBS34,d0,3,20:43:02,20:43:02,401818,3.0,1
MQ_A5-Weekday-SDon-124000_SBS34_871,SBS34,d0,4,20:44:06,20:44:06,401819,3.0,1
MQ_A5-Weekday-SDon-124000_SBS34_871,SBS34,d0,5,20:45:00,20:45:00,404820,9.0,2
MQ_A5-Weekday-SDon-124000_SBS34_871,SBS34,d0,6,20:46:52,20:46:52,401821,18.0,2
MQ_A5-Weekday-SDon-124000_SBS34_871,SBS34,d0,7,20:48:43,20:48:43,401822,22.0,2
MQ_A5-Weekday-SDon-124000_SBS34_871,SBS34,d0,8,20:50:27,20:50:27,401824,19.0,2
MQ_A5-Weekday-SDon-124000_SBS34_871,SBS34,d0,9,20:52:09,20:52:09,401826,13.0,1
MQ_A5-Weekday-SDon-124000_SBS34_871,SBS34,d0,10,20:53:00,20:53:00,401827,7.0,1
MQ_A5-Weekday-SDon-124000_SBS34_871,SBS34,d0,11,20:55:29,20:55:29,405336,1.0,1
MQ_A5-Weekday-SDon-124000_SBS34_871,SBS34,d0,12,20:57:45,20:57:45,401832,8.0,1
MQ_A5-Weekday-SDon-124000_SBS34_871,SBS34,d0,13,20:58:54,20:58:54,401833,7.0,1
MQ_A5-Weekday-SDon-124000_SBS34_871,SBS34,d0,14,21:00:19,21:00:19,402052,10.0,1
MQ_A5-Weekday-SDon-124000_SBS34_871,SBS34,d0,15,21:02:00,21:02:00,903027,10.0,1
MQ_A5-Weekday-136900_SBS34_874,SBS34,d0,1,22:49:00,22:49:00,401497,5.0,1
MQ_A5-Weekday-136900_SBS34_874,SBS34,d0,2,22:50:06,22:50:06,405026,5.0,1
MQ_A5-Weekday-136900_SBS34_874,SBS34,d0,3,22:52:38,22:52:38,401818,5.0,1
MQ_A5-Weekday-136900_SBS34_874,SBS34,d0,4,22:53:55,22:53:55,401819,5.0,1
MQ_A5-Weekday-136900_SBS34_874,SBS34,d0,5,22:55:00,22:55:00,404820,5.0,1
MQ_A5-Weekday-136900_SBS34_874,SBS34,d0,6,22:56:38,22:56:38,401821,5.0,1
MQ_A5-Weekday-136900_SBS34_874,SBS34,d0,7,22:58:15,22:58:15,401822,5.0,1
MQ_A5-Weekday-136900_SBS34_874,SBS34,d0,8,22:59:46,22:59:46,401824,5.0,1
MQ_A5-Weekday-136900_SBS34_874,SBS34,d0,9,23:01:15,23:01:15,401826,5.0,1
MQ_A5-Weekday-136900_SBS34_874,SBS34,d0,10,23:02:00,23:02:00,401827,5.0,1
MQ_A5-Weekday-136900_SBS34_874,SBS34,d0,11,23:04:12,23:04:12,405336,5.0,1
MQ_A5-Weekday-136900_SBS34_874,SBS34,d0,12,23:06:13,23:06:13,401832,5.0,1
MQ_A5-Weekday-136900_SBS34_874,SBS34,d0,13,23:07:15,23:07:15,401833,5.0,1
MQ_A5-Weekday-136900_SBS34_874,SBS34,d0,14,23:08:31,23:08:31,402052,5.0,1
MQ_A5-Weekday-136900_SBS34_874,SBS34,d0,15,23:10:00,23:10:00,903027,5.0,1
MQ_A5-Weekday-SDon-041000_SBS34_853,SBS34,d0,1,6:50:00,6:50:00,803131,2.0,1
MQ_A5-Weekday-SDon-041000_SBS34_853,SBS34,d0,2,6:50:59,6:50:59,403191,2.0,1
MQ_A5-Weekday-SDon-041000_SBS34_853,SBS34,d0,3,6:52:25,6:52:25,403192,2.0,1
MQ_A5-Weekday-SDon-041000_SBS34_853,SBS34,d0,4,6:53:47,6:53:47,401818,4.0,2
MQ_A5-Weekday-SDon-041000_SBS34_853,SBS34,d0,5,6:54:59,6:54:59,401819,27.0,4
MQ_A5-Weekday-SDon-041000_SBS34_853,SBS34,d0,6,6:56:00,6:56:00,404820,60.0,4
MQ_A5-Weekday-SDon-041000_SBS34_853,SBS34,d0,7,6:58:06,6:58:06,401821,21.0,3
MQ_A5-Weekday-SDon-041000_SBS34_853,SBS34,d0,8,7:00:10,7:00:10,401822,45.0,3
MQ_A5-Weekday-SDon-041000_SBS34_853,SBS34,d0,9,7:02:08,7:02:08,401824,45.0,3
MQ_A5-Weekday-SDon-041000_SBS34_853,SBS34,d0,10,7:04:02,7:04:02,401826,40.0,3
MQ_A5-Weekday-SDon-041000_SBS34_853,SBS34,d0,11,7:05:00,7:05:00,401827,34.0,3
MQ_A5-Weekday-SDon-041000_SBS34_853,SBS34,d0,12,7:06:08,7:06:08,404950,4.0,1
MQ_A5-Weekday-SDon-041000_SBS34_853,SBS34,d0,13,7:07:00,7:07:00,903028,4.0,1
MQ_A5-Weekday-SDon-136300_SBS34_876,SBS34,d0,1,22:43:00,22:43:00,803131,2.0,1
MQ_A5-Weekday-SDon-136300_SBS34_876,SBS34,d0,2,22:44:09,22:44:09,403191,3.0,1
MQ_A5-Weekday-SDon-136300_SBS34_876,SBS34,d0,3,22:45:50,22:45:50,403192,3.0,1
MQ_A5-Weekday-SDon-136300_SBS34_876,SBS34,d0,4,22:47:25,22:47:25,401818,5.0,1
MQ_A5-Weekday-SDon-136300_SBS34_876,SBS34,d0,5,22:48:49,22:48:49,401819,12.0,2
MQ_A5-Weekday-SDon-136300_SBS34_876,SBS34,d0,6,22:50:00,22:50:00,404820,18.0,2
MQ_A5-Weekday-SDon-136300_SBS34_876,SBS34,d0,7,22:51:38,22:51:38,401821,23.0,2
MQ_A5-Weekday-SDon-136300_SBS34_876,SBS34,d0,8,22:53:15,22:53:15,401822,22.0,2
MQ_A5-Weekday-SDon-136300_SBS34_876,SBS34,d0,9,22:54:46,22:54:46,401824,20.0,2
MQ_A5-Weekday-SDon-136300_SBS34_876,SBS34,d0,10,22:56:15,22:56:15,401826,19.0,2
MQ_A5-Weekday-SDon-136300_SBS34_876,SBS34,d0,11,22:57:00,22:57:00,401827,12.0,1
MQ_A5-Weekday-SDon-136300_SBS34_876,SBS34,d0,12,22:59:12,22:59:12,405336,6.0,1
MQ_A5-Weekday-SDon-136300_SBS34_876,SBS34,d0,13,23:01:13,23:01:13,401832,6.0,1
MQ_A5-Weekday-SDon-136300_SBS34_876,SBS34,d0,14,23:02:15,23:02:15,401833,2.0,1
MQ_A5-Weekday-SDon-136300_SBS34_876,SBS34,d0,15,23:03:31,23:03:31,402052,6.0,1
MQ_A5-Weekday-SDon-136300_SBS34_876,SBS34,d0,16,23:05:00,23:05:00,903027,6.0,1
MQ_A5-Weekday-SDon-067200_SBS34_868,SBS34,d0,1,11:12:00,11:12:00,401497,2.0,2
MQ_A5-Weekday-SDon-067200_SBS34_868,SBS34,d0,2,11:13:29,11:13:29,405026,17.0,2
MQ_A5-Weekday-SDon-067200_SBS34_868,SBS34,d0,3,11:16:51,11:16:51,401818,23.0,3
MQ_A5-Weekday-SDon-067200_SBS34_868,SBS34,d0,4,11:18:34,11:18:34,401819,37.0,4
MQ_A5-Weekday-SDon-067200_SBS34_868,SBS34,d0,5,11:20:00,11:20:00,404820,51.0,4
MQ_A5-Weekday-SDon-067200_SBS34_868,SBS34,d0,6,11:22:20,11:22:20,401821,51.0,4
MQ_A5-Weekday-SDon-067200_SBS34_868,SBS34,d0,7,11:24:38,11:24:38,401822,21.0,3
MQ_A5-Weekday-SDon-067200_SBS34_868,SBS34,d0,8,11:26:48,11:26:48,401824,45.0,3
MQ_A5-Weekday-SDon-067200_SBS34_868,SBS34,d0,9,11:28:56,11:28:56,401826,19.0,2
MQ_A5-Weekday-SDon-067200_SBS34_868,SBS34,d0,10,11:30:00,11:30:00,401827,23.0,2
MQ_A5-Weekday-SDon-067200_SBS34_868,SBS34,d0,11,11:32:46,11:32:46,405336,15.0,1
MQ_A5-Weekday-SDon-067200_SBS34_868,SBS34,d0,12,11:35:17,11:35:17,401832,11.0,1
MQ_A5-Weekday-SDon-067200_SBS34_868,SBS34,d0,13,11:36:33,11:36:33,401833,6.0,1
MQ_A5-Weekday-SDon-067200_SBS34_868,SBS34,d0,14,11:38:08,11:38:08,402052,4.0,1
MQ_A5-Weekday-SDon-067200_SBS34_868,SBS34,d0,15,11:40:00,11:40:00,903027,4.0,1
MQ_A5-Weekday-036100_SBS34_854,SBS34,d0,1,6:01:00,6:01:00,401497,34.0,3
MQ_A5-Weekday-036100_SBS34_854,SBS34,d0,2,6:02:06,6:02:06,405026,34.0,5
MQ_A5-Weekday-036100_SBS34_854,SBS34,d0,3,6:04:38,6:04:38,401818,66.0,5
MQ_A5-Weekday-036100_SBS34_854,SBS34,d0,4,6:05:55,6:05:55,401819,66.0,5
MQ_A5-Weekday-036100_SBS34_854,SBS34,d0,5,6:07:00,6:07:00,404820,66.0,5
MQ_A5-Weekday-036100_SBS34_854,SBS34,d0,6,6:09:06,6:09:06,401821,76.0,5
MQ_A5-Weekday-036100_SBS34_854,SBS34,d0,7,6:11:10,6:11:10,401822,76.0,5
MQ_A5-Weekday-036100_SBS34_854,SBS34,d0,8,6:13:08,6:13:08,401824,72.0,5
MQ_A5-Weekday-036100_SBS34_854,SBS34,d0,9,6:15:02,6:15:02,401826,71.0,5
MQ_A5-Weekday-036100_SBS34_854,SBS34,d0,10,6:16:00,6:16:00,401827,23.0,2
MQ_A5-Weekday-036100_SBS34_854,SBS34,d0,11,6:18:29,6:18:29,405336,9.0,1
MQ_A5-Weekday-036100_SBS34_854,SBS34,d0,12,6:20:45,6:20:45,401832,9.0,1
MQ_A5-Weekday-036100_SBS34_854,SBS34,d0,13,6:21:54,6:21:54,401833,2.0,1
MQ_A5-Weekday-036100_SBS34_854,SBS34,d0,14,6:23:19,6:23:19,402052,2.0,1
MQ_A5-Weekday-036100_SBS34_854,SBS34,d0,15,6:25:00,6:25:00,903027,2.0,1
MQ_A5-Weekday-SDon-063000_SBS34_864,SBS34,d0,1,10:30:00,10:30:00,401497,6.0,1
MQ_A5-Weekday-SDon-063000_SBS34_864,SBS34,d0,2,10:31:29,10:31:29,405026,12.0,1
MQ_A5-Weekday-SDon-063000_SBS34_864,SBS34,d0,3,10:34:51,10:34:51,401818,12.0,3
MQ_A5-Weekday-SDon-063000_SBS34_864,SBS34,d0,4,10:36:34,10:36:34,401819,34.0,3
MQ_A5-Weekday-SDon-063000_SBS34_864,SBS34,d0,5,10:38:00,10:38:00,404820,34.0,3
MQ_A5-Weekday-SDon-063000_SBS34_864,SBS34,d0,6,10:40:20,10:40:20,401821,26.0,3
MQ_A5-Weekday-SDon-063000_SBS34_864,SBS34,d0,7,10:42:38,10:42:38,401822,34.0,3
MQ_A5-Weekday-SDon-063000_SBS34_864,SBS34,d0,8,10:44:48,10:44:48,401824,30.0,2
MQ_A5-Weekday-SDon-063000_SBS34_864,SBS34,d0,9,10:46:56,10:46:56,401826,31.0,2
MQ_A5-Weekday-SDon-063000_SBS34_864,SBS34,d0,10,10:48:00,10:48:00,401827,26.0,2
MQ_A5-Weekday-SDon-063000_SBS34_864,SBS34,d0,11,10:50:46,10:50:46,405336,7.0,1
MQ_A5-Weekday-SDon-063000_SBS34_864,SBS34,d0,12,10:53:17,10:53:17,401832,12.0,1
MQ_A5-Weekday-SDon-063000_SBS34_864,SBS34,d0,13,10:54:33,10:54:33,401833,9.0,1
MQ_A5-Weekday-SDon-063000_SBS34_864,SBS34,d0,14,10:56:08,10:56:08,402052,9.0,1
MQ_A5-Weekday-SDon-063000_SBS34_864,SBS34,d0,15,10:58:00,10:58:00,903027,9.0,1
MQ_A5-Weekday-SDon-102800_SBS34_868,SBS34,d0,1,17:08:00,17:08:00,803131,12.0,1
MQ_A5-Weekday-SDon-102800_SBS34_868,SBS34,d0,2,17:09:19,17:09:19,403191,12.0,2
MQ_A5-Weekday-SDon-102800_SBS34_868,SBS34,d0,3,17:11:14,17:11:14,403192,24.0,2
MQ_A5-Weekday-SDon-102800_SBS34_868,SBS34,d0,4,17:13:03,17:13:03,401818,24.0,4
MQ_A5-Weekday-SDon-102800_SBS34_868,SBS34,d0,5,17:14:39,17:14:39,401819,58.0,4
MQ_A5-Weekday-SDon-102800_SBS34_868,SBS34,d0,6,17:16:00,17:16:00,404820,40.0,3
MQ_A5-Weekday-SDon-102800_SBS34_868,SBS34,d0,7,17:18:06,17:18:06,401821,27.0,4
MQ_A5-Weekday-SDon-102800_SBS34_868,SBS34,d0,8,17:20:10,17:20:10,401822,49.0,4
MQ_A5-Weekday-SDon-102800_SBS34_868,SBS34,d0,9,17:22:08,17:22:08,401824,22.0,2
MQ_A5-Weekday-SDon-102800_SBS34_868,SBS34,d0,10,17:24:02,17:24:02,401826,22.0,2
MQ_A5-Weekday-SDon-102800_SBS34_868,SBS34,d0,11,17:25:00,17:25:00,401827,19.0,2
MQ_A5-Weekday-SDon-102800_SBS34_868,SBS34,d0,12,17:26:08,17:26:08,404950,19.0,2
MQ_A5-Weekday-SDon-102800_SBS34_868,SBS34,d0,13,17:27:00,17:27:00,903028,19.0,2
MQ_A5-Weekday-SDon-051200_SBS34_861,SBS34,d0,1,8:32:00,8:32:00,803131,10.0,1
MQ_A5-Weekday-SDon-051200_SBS34_861,SBS34,d0,2,8:33:19,8:33:19,403191,10.0,1
MQ_A5-Weekday-SDon-051200_SBS34_861,SBS34,d0,3,8:35:14,8:35:14,403192,10.0,1
MQ_A5-Weekday-SDon-051200_SBS34_861,SBS34,d0,4,8:37:03,8:37:03,401818,10.0,1
MQ_A5-Weekday-SDon-051200_SBS34_861,SBS34,d0,5,8:38:39,8:38:39,401819,10.0,1
MQ_A5-Weekday-SDon-051200_SBS34_861,SBS34,d0,6,8:40:00,8:40:00,404820,10.0,1
MQ_A5-Weekday-SDon-051200_SBS34_861,SBS34,d0,7,8:42:20,8:42:20,401821,10.0,1
MQ_A5-Weekday-SDon-051200_SBS34_861,SBS34,d0,8,8:44:38,8:44:38,401822,10.0,1
MQ_A5-Weekday-SDon-051200_SBS34_861,SBS34,d0,9,8:46:48,8:46:48,401824,10.0,1
MQ_A5-Weekday-SDon-051200_SBS34_861,SBS34,d0,10,8:48:56,8:48:56,401826,10.0,1
MQ_A5-Weekday-SDon-051200_SBS34_861,SBS34,d0,11,8:50:00,8:50:00,401827,10.0,1
MQ_A5-Weekday-SDon-051200_SBS34_861,SBS34,d0,12,8:51:08,8:51:08,404950,10.0,1
MQ_A5-Weekday-SDon-051200_SBS34_861,SBS34,d0,13,8:52:00,8:52:00,903028,10.0,1
MQ_A5-Weekday-069300_SBS34_858,SBS34,d0,1,11:33:00,11:33:00,803131,1.0,1
MQ_A5-Weekday-069300_SBS34_858,SBS34,d0,2,11:34:19,11:34:19,403191,6.0,1
MQ_A5-Weekday-069300_SBS34_858,SBS34,d0,3,11:36:14,11:36:14,403192,6.0,1
MQ_A5-Weekday-069300_SBS34_858,SBS34,d0,4,11:38:03,11:38:03,401818,6.0,1
MQ_A5-Weekday-069300_SBS34_858,SBS34,d0,5,11:39:39,11:39:39,401819,9.0,1
MQ_A5-Weekday-069300_SBS34_858,SBS34,d0,6,11:41:00,11:41:00,404820,9.0,1
MQ_A5-Weekday-069300_SBS34_858,SBS34,d0,7,11:43:20,11:43:20,401821,8.0,1
MQ_A5-Weekday-069300_SBS34_858,SBS34,d0,8,11:45:38,11:45:38,401822,7.0,1
MQ_A5-Weekday-069300_SBS34_858,SBS34,d0,9,11:47:48,11:47:48,401824,7.0,1
MQ_A5-Weekday-069300_SBS34_858,SBS34,d0,10,11:49:56,11:49:56,401826,4.0,1
MQ_A5-Weekday-069300_SBS34_858,SBS34,d0,11,11:51:00,11:51:00,401827,4.0,1
MQ_A5-Weekday-069300_SBS34_858,SBS34,d0,12,11:52:08,11:52:08,404950,4.0,1
MQ_A5-Weekday-069300_SBS34_858,SBS34,d0,13,11:53:00,11:53:00,903028,4.0,1
MQ_A5-Weekday-120000_SBS34_869,SBS34,d0,1,20:00:00,20:00:00,401497,15.0,1
MQ_A5-Weekday-120000_SBS34_869,SBS34,d0,2,20:00:55,20:00:55,405026,7.0,1
MQ_A5-Weekday-120000_SBS34_869,SBS34,d0,3,20:03:02,20:03:02,401818,7.0,2
MQ_A5-Weekday-120000_SBS34_869,SBS34,d0,4,20:04:06,20:04:06,401819,23.0,2
MQ_A5-Weekday-120000_SBS34_869,SBS34,d0,5,20:05:00,20:05:00,404820,23.0,2
MQ_A5-Weekday-120000_SBS34_869,SBS34,d0,6,20:06:52,20:06:52,401821,22.0,2
MQ_A5-Weekday-120000_SBS34_869,SBS34,d0,7,20:08:43,20:08:43,401822,27.0,2
MQ_A5-Weekday-120000_SBS34_869,SBS34,d0,8,20:10:27,20:10:27,401824,32.0,2
MQ_A5-Weekday-120000_SBS34_869,SBS34,d0,9,20:12:09,20:12:09,401826,27.0,2
MQ_A5-Weekday-120000_SBS34_869,SBS34,d0,10,20:13:00,20:13:00,401827,11.0,1
MQ_A5-Weekday-120000_SBS34_869,SBS34,d0,11,20:15:29,20:15:29,405336,8.0,1
MQ_A5-Weekday-120000_SBS34_869,SBS34,d0,12,20:17:45,20:17:45,401832,4.0,1
MQ_A5-Weekday-120000_SBS34_869,SBS34,d0,13,20:18:54,20:18:54,401833,10.0,1
MQ_A5-Weekday-120000_SBS34_869,SBS34,d0,14,20:20:19,20:20:19,402052,10.0,1
MQ_A5-Weekday-120000_SBS34_869,SBS34,d0,15,20:22:00,20:22:00,903027,10.0,1
MQ_A5-Weekday-099800_SBS34_859,SBS34,d0,1,16:38:00,16:38:00,803131,1.0,2
MQ_A5-Weekday-099800_SBS34_859,SBS34,d0,2,16:39:19,16:39:19,403191,26.0,2
MQ_A5-Weekday-099800_SBS34_859,SBS34,d0,3,16:41:14,16:41:14,403192,26.0,2
MQ_A5-Weekday-099800_SBS34_859,SBS34,d0,4,16:43:03,16:43:03,401818,26.0,2
MQ_A5-Weekday-099800_SBS34_859,SBS34,d0,5,16:44:39,16:44:39,401819,26.0,2
MQ_A5-Weekday-099800_SBS34_859,SBS34,d0,6,16:46:00,16:46:00,404820,26.0,2
MQ_A5-Weekday-099800_SBS34_859,SBS34,d0,7,16:48:06,16:48:06,401821,26.0,2
MQ_A5-Weekday-099800_SBS34_859,SBS34,d0,8,16:50:10,16:50:10,401822,26.0,2
MQ_A5-Weekday-099800_SBS34_859,SBS34,d0,9,16:52:08,16:52:08,401824,26.0,2
MQ_A5-Weekday-099800_SBS34_859,SBS34,d0,10,16:54:02,16:54:02,401826,26.0,2
MQ_A5-Weekday-099800_SBS34_859,SBS34,d0,11,16:55:00,16:55:00,401827,26.0,2
MQ_A5-Weekday-099800_SBS34_859,SBS34,d0,12,16:57:46,16:57:46,405336,5.0,1
MQ_A5-Weekday-099800_SBS34_859,SBS34,d0,13,17:00:17,17:00:17,401832,5.0,1
MQ_A5-Weekday-099800_SBS34_859,SBS34,d0,14,17:01:33,17:01:33,401833,5.0,1
MQ_A5-Weekday-099800_SBS34_859,SBS34,d0,15,17:03:08,17:03:08,402052,2.0,1
MQ_A5-Weekday-099800_SBS34_859,SBS34,d0,16,17:05:00,17:05:00,903027,2.0,1
MQ_A5-Weekday-140400_SBS34_873,SBS34,d0,1,23:24:00,23:24:00,401497,4.0,1
MQ_A5-Weekday-140400_SBS34_873,SBS34,d0,2,23:25:06,23:25:06,405026,4.0,1
MQ_A5-Weekday-140400_SBS34_873,SBS34,d0,3,23:27:38,23:27:38,401818,4.0,1
MQ_A5-Weekday-140400_SBS34_873,SBS34,d0,4,23:28:55,23:28:55,401819,12.0,1
MQ_A5-Weekday-140400_SBS34_873,SBS34,d0,5,23:30:00,23:30:00,404820,12.0,1
MQ_A5-Weekday-140400_SBS34_873,SBS34,d0,6,23:31:38,23:31:38,401821,12.0,2
MQ_A5-Weekday-140400_SBS34_873,SBS34,d0,7,23:33:15,23:33:15,401822,17.0,2
MQ_A5-Weekday-140400_SBS34_873,SBS34,d0,8,23:34:46,23:34:46,401824,16.0,1
MQ_A5-Weekday-140400_SBS34_873,SBS34,d0,9,23:36:15,23:36:15,401826,16.0,1
MQ_A5-Weekday-140400_SBS34_873,SBS34,d0,10,23:37:00,23:37:00,401827,7.0,1
MQ_A5-Weekday-140400_SBS34_873,SBS34,d0,11,23:38:56,23:38:56,405336,7.0,1
MQ_A5-Weekday-140400_SBS34_873,SBS34,d0,12,23:40:42,23:40:42,401832,6.0,1
MQ_A5-Weekday-140400_SBS34_873,SBS34,d0,13,23:41:35,23:41:35,401833,7.0,1
MQ_A5-Weekday-140400_SBS34_873,SBS34,d0,14,23:42:42,23:42:42,402052,7.0,1
MQ_A5-Weekday-140400_SBS34_873,SBS34,d0,15,23:44:00,23:44:00,903027,7.0,1
MQ_A5-Weekday-148100_SBS34_876,SBS34,d0,1,24:41:00,24:41:00,803131,2.0,1
MQ_A5-Weekday-148100_SBS34_876,SBS34,d0,2,24:41:59,24:41:59,403191,2.0,1
MQ_A5-Weekday-148100_SBS34_876,SBS34,d0,3,24:43:25,24:43:25,403192,2.0,1
MQ_A5-Weekday-148100_SBS34_876,SBS34,d0,4,24:44:47,24:44:47,401818,1.0,1
MQ_A5-Weekday-148100_SBS34_876,SBS34,d0,5,24:45:59,24:45:59,401819,5.0,1
MQ_A5-Weekday-148100_SBS34_876,SBS34,d0,6,24:47:00,24:47:00,404820,5.0,1
MQ_A5-Weekday-148100_SBS34_876,SBS34,d0,7,24:48:38,24:48:38,401821,5.0,1
MQ_A5-Weekday-148100_SBS34_876,SBS34,d0,8,24:50:15,24:50:15,401822,4.0,1
MQ_A5-Weekday-148100_SBS34_876,SBS34,d0,9,24:51:46,24:51:46,401824,4.0,1
MQ_A5-Weekday-148100_SBS34_876,SBS34,d0,10,24:53:15,24:53:15,401826,3.0,1
MQ_A5-Weekday-148100_SBS34_876,SBS34,d0,11,24:54:00,24:54:00,401827,3.0,1
MQ_A5-Weekday-148100_SBS34_876,SBS34,d0,12,24:55:56,24:55:56,405336,3.0,1
MQ_A5-Weekday-148100_SBS34_876,SBS34,d0,13,24:57:42,24:57:42,401832,3.0,1
MQ_A5-Weekday-148100_SBS34_876,SBS34,d0,14,24:58:35,24:58:35,401833,2.0,1
MQ_A5-Weekday-148100_SBS34_876,SBS34,d0,15,24:59:42,24:59:42,402052,2.0,1
MQ_A5-Weekday-148100_SBS34_876,SBS34,d0,16,25:01:00,25:01:00,903027,2.0,1
MQ_A5-Weekday-SDon-080900_SBS34_860,SBS34,d0,1,13:29:00,13:29:00,401497,11.0,1
MQ_A5-Weekday-SDon-080900_SBS34_860,SBS34,d0,2,13:30:06,13:30:06,405026,11.0,1
MQ_A5-Weekday-SDon-080900_SBS34_860,SBS34,d0,3,13:32:38,13:32:38,401818,11.0,2
MQ_A5-Weekday-SDon-080900_SBS34_860,SBS34,d0,4,13:33:55,13:33:55,401819,26.0,2
MQ_A5-Weekday-SDon-080900_SBS34_860,SBS34,d0,5,13:35:00,13:35:00,404820,26.0,2
MQ_A5-Weekday-SDon-080900_SBS34_860,SBS34,d0,6,13:37:34,13:37:34,401821,26.0,2
MQ_A5-Weekday-SDon-080900_SBS34_860,SBS34,d0,7,13:40:06,13:40:06,401822,26.0,2
MQ_A5-Weekday-SDon-080900_SBS34_860,SBS34,d0,8,13:42:29,13:42:29,401824,26.0,2
MQ_A5-Weekday-SDon-080900_SBS34_860,SBS34,d0,9,13:44:49,13:44:49,401826,26.0,2
MQ_A5-Weekday-SDon-080900_SBS34_860,SBS34,d0,10,13:46:00,13:46:00,401827,26.0,2
MQ_A5-Weekday-SDon-080900_SBS34_860,SBS34,d0,11,13:49:02,13:49:02,405336,26.0,2
MQ_A5-Weekday-SDon-080900_SBS34_860,SBS34,d0,12,13:51:48,13:51:48,401832,21.0,2
MQ_A5-Weekday-SDon-080900_SBS34_860,SBS34,d0,13,13:53:13,13:53:13,401833,26.0,2
MQ_A5-Weekday-SDon-080900_SBS34_860,SBS34,d0,14,13:54:57,13:54:57,402052,26.0,2
MQ_A5-Weekday-SDon-080900_SBS34_860,SBS34,d0,15,13:57:00,13:57:00,903027,26.0,2
MQ_A5-Weekday-138800_SBS34_875,SBS34,d0,1,23:08:00,23:08:00,803131,2.0,1
MQ_A5-Weekday-138800_SBS34_875,SBS34,d0,2,23:09:09,23:09:09,403191,1.0,1
MQ_A5-Weekday-138800_SBS34_875,SBS34,d0,3,23:10:50,23:10:50,403192,6.0,1
MQ_A5-Weekday-138800_SBS34_875,SBS34,d0,4,23:12:25,23:12:25,401818,7.0,1
MQ_A5-Weekday-138800_SBS34_875,SBS34,d0,5,23:13:49,23:13:49,401819,11.0,1
MQ_A5-Weekday-138800_SBS34_875,SBS34,d0,6,23:15:00,23:15:00,404820,15.0,2
MQ_A5-Weekday-138800_SBS34_875,SBS34,d0,7,23:16:38,23:16:38,401821,18.0,2
MQ_A5-Weekday-138800_SBS34_875,SBS34,d0,8,23:18:15,23:18:15,401822,19.0,2
MQ_A5-Weekday-138800_SBS34_875,SBS34,d0,9,23:19:46,23:19:46,401824,19.0,2
MQ_A5-Weekday-138800_SBS34_875,SBS34,d0,10,23:21:15,23:21:15,401826,11.0,1
MQ_A5-Weekday-138800_SBS34_875,SBS34,d0,11,23:22:00,23:22:00,401827,13.0,1
MQ_A5-Weekday-138800_SBS34_875,SBS34,d0,12,23:24:12,23:24:12,405336,6.0,1
MQ_A5-Weekday-138800_SBS34_875,SBS34,d0,13,23:26:13,23:26:13,401832,4.0,1
MQ_A5-Weekday-138800_SBS34_875,SBS34,d0,14,23:27:15,23:27:15,401833,3.0,1
MQ_A5-Weekday-138800_SBS34_875,SBS34,d0,15,23:28:31,23:28:31,402052,3.0,1
MQ_A5-Weekday-138800_SBS34_875,SBS34,d0,16,23:30:00,23:30:00,903027,3.0,1
MQ_A5-Weekday-128800_SBS34_873,SBS34,d0,1,21:28:00,21:28:00,803131,4.0,1
MQ_A5-Weekday-128800_SBS34_873,SBS34,d0,2,21:29:09,21:29:09,403191,4.0,1
MQ_A5-Weekday-128800_SBS34_873,SBS34,d0,3,21:30:50,21:30:50,403192,4.0,1
MQ_A5-Weekday-128800_SBS34_873,SBS34,d0,4,21:32:25,21:32:25,401818,5.0,1
MQ_A5-Weekday-128800_SBS34_873,SBS34,d0,5,21:33:49,21:33:49,401819,8.0,1
MQ_A5-Weekday-128800_SBS34_873,SBS34,d0,6,21:35:00,21:35:00,404820,10.0,2
MQ_A5-Weekday-128800_SBS34_873,SBS34,d0,7,21:36:38,21:36:38,401821,20.0,2
MQ_A5-Weekday-128800_SBS34_873,SBS34,d0,8,21:38:15,21:38:15,401822,20.0,2
MQ_A5-Weekday-128800_SBS34_873,SBS34,d0,9,21:39:46,21:39:46,401824,19.0,2
MQ_A5-Weekday-128800_SBS34_873,SBS34,d0,10,21:41:15,21:41:15,401826,20.0,2
MQ_A5-Weekday-128800_SBS34_873,SBS34,d0,11,21:42:00,21:42:00,401827,7.0,1
MQ_A5-Weekday-128800_SBS34_873,SBS34,d0,12,21:42:34,21:42:34,404950,1.0,1
MQ_A5-Weekday-128800_SBS34_873,SBS34,d0,13,21:43:00,21:43:00,903028,1.0,1
MQ_A5-Weekday-SDon-035100_SBS34_853,SBS34,d0,1,5:51:00,5:51:00,803131,18.0,2
MQ_A5-Weekday-SDon-035100_SBS34_853,SBS34,d0,2,5:51:59,5:51:59,403191,18.0,2
MQ_A5-Weekday-SDon-035100_SBS34_853,SBS34,d0,3,5:53:25,5:53:25,403192,18.0,2
MQ_A5-Weekday-SDon-035100_SBS34_853,SBS34,d0,4,5:54:47,5:54:47,401818,18.0,2
MQ_A5-Weekday-SDon-035100_SBS34_853,SBS34,d0,5,5:55:59,5:55:59,401819,17.0,2
MQ_A5-Weekday-SDon-035100_SBS34_853,SBS34,d0,6,5:57:00,5:57:00,404820,18.0,2
MQ_A5-Weekday-SDon-035100_SBS34_853,SBS34,d0,7,5:58:38,5:58:38,401821,18.0,2
MQ_A5-Weekday-SDon-035100_SBS34_853,SBS34,d0,8,6:00:15,6:00:15,401822,18.0,2
MQ_A5-Weekday-SDon-035100_SBS34_853,SBS34,d0,9,6:01:46,6:01:46,401824,18.0,2
MQ_A5-Weekday-SDon-035100_SBS34_853,SBS34,d0,10,6:03:15,6:03:15,401826,18.0,2
MQ_A5-Weekday-SDon-035100_SBS34_853,SBS34,d0,11,6:04:00,6:04:00,401827,18.0,2
MQ_A5-Weekday-SDon-035100_SBS34_853,SBS34,d0,12,6:04:34,6:04:34,404950,18.0,2
MQ_A5-Weekday-SDon-035100_SBS34_853,SBS34,d0,13,6:05:00,6:05:00,903028,18.0,2
MQ_A5-Weekday-SDon-085000_SBS34_859,SBS34,d0,1,14:10:00,14:10:00,401497,54.0,4
MQ_A5-Weekday-SDon-085000_SBS34_859,SBS34,d0,2,14:11:06,14:11:06,405026,54.0,4
MQ_A5-Weekday-SDon-085000_SBS34_859,SBS34,d0,3,14:13:38,14:13:38,401818,54.0,4
MQ_A5-Weekday-SDon-085000_SBS34_859,SBS34,d0,4,14:14:55,14:14:55,401819,54.0,4
MQ_A5-Weekday-SDon-085000_SBS34_859,SBS34,d0,5,14:16:00,14:16:00,404820,54.0,4
MQ_A5-Weekday-SDon-085000_SBS34_859,SBS34,d0,6,14:18:34,14:18:34,401821,54.0,4
MQ_A5-Weekday-SDon-085000_SBS34_859,SBS34,d0,7,14:21:06,14:21:06,401822,54.0,4
MQ_A5-Weekday-SDon-085000_SBS34_859,SBS34,d0,8,14:23:29,14:23:29,401824,12.0,1
MQ_A5-Weekday-SDon-085000_SBS34_859,SBS34,d0,9,14:25:49,14:25:49,401826,11.0,1
MQ_A5-Weekday-SDon-085000_SBS34_859,SBS34,d0,10,14:27:00,14:27:00,401827,11.0,1
MQ_A5-Weekday-SDon-085000_SBS34_859,SBS34,d0,11,14:30:02,14:30:02,405336,11.0,1
MQ_A5-Weekday-SDon-085000_SBS34_859,SBS34,d0,12,14:32:48,14:32:48,401832,11.0,1
MQ_A5-Weekday-SDon-085000_SBS34_859,SBS34,d0,13,14:34:13,14:34:13,401833,11.0,1
MQ_A5-Weekday-SDon-085000_SBS34_859,SBS34,d0,14,14:35:57,14:35:57,402052,11.0,1
MQ_A5-Weekday-SDon-085000_SBS34_859,SBS34,d0,15,14:38:00,14:38:00,903027,11.0,1
MQ_A5-Weekday-088900_SBS34_871,SBS34,d0,1,14:49:00,14:49:00,803131,4.0,1
MQ_A5-Weekday-088900_SBS34_871,SBS34,d0,2,14:50:29,14:50:29,403191,4.0,1
MQ_A5-Weekday-088900_SBS34_871,SBS34,d0,3,14:52:38,14:52:38,403192,4.0,1
MQ_A5-Weekday-088900_SBS34_871,SBS34,d0,4,14:54:41,14:54:41,401818,4.0,1
MQ_A5-Weekday-088900_SBS34_871,SBS34,d0,5,14:56:29,14:56:29,401819,4.0,1
MQ_A5-Weekday-088900_SBS34_871,SBS34,d0,6,14:58:00,14:58:00,404820,4.0,1
MQ_A5-Weekday-088900_SBS34_871,SBS34,d0,7,15:00:20,15:00:20,401821,4.0,1
MQ_A5-Weekday-088900_SBS34_871,SBS34,d0,8,15:02:38,15:02:38,401822,4.0,1
MQ_A5-Weekday-088900_SBS34_871,SBS34,d0,9,15:04:48,15:04:48,401824,4.0,1
MQ_A5-Weekday-088900_SBS34_871,SBS34,d0,10,15:06:56,15:06:56,401826,4.0,1
MQ_A5-Weekday-088900_SBS34_871,SBS34,d0,11,15:08:00,15:08:00,401827,4.0,1
MQ_A5-Weekday-088900_SBS34_871,SBS34,d0,12,15:10:46,15:10:46,405336,4.0,1
MQ_A5-Weekday-088900_SBS34_871,SBS34,d0,13,15:13:17,15:13:17,401832,4.0,1
MQ_A5-Weekday-088900_SBS34_871,SBS34,d0,14,15:14:33,15:14:33,401833,4.0,1
MQ_A5-Weekday-088900_SBS34_871,SBS34,d0,15,15:16:08,15:16:08,402052,4.0,1
MQ_A5-Weekday-088900_SBS34_871,SBS34,d0,16,15:18:00,15:18:00,903027,4.0,1
MQ_A5-Weekday-SDon-055200_SBS34_864,SBS34,d0,1,9:12:00,9:12:00,401497,2.0,1
MQ_A5-Weekday-SDon-055200_SBS34_864,SBS34,d0,2,9:13:29,9:13:29,405026,8.0,1
MQ_A5-Weekday-SDon-055200_SBS34_864,SBS34,d0,3,9:16:51,9:16:51,401818,8.0,1
MQ_A5-Weekday-SDon-055200_SBS34_864,SBS34,d0,4,9:18:34,9:18:34,401819,13.0,2
MQ_A5-Weekday-SDon-055200_SBS34_864,SBS34,d0,5,9:20:00,9:20:00,404820,22.0,3
MQ_A5-Weekday-SDon-055200_SBS34_864,SBS34,d0,6,9:22:20,9:22:20,401821,37.0,3
MQ_A5-Weekday-SDon-055200_SBS34_864,SBS34,d0,7,9:24:38,9:24:38,401822,37.0,3
MQ_A5-Weekday-SDon-055200_SBS34_864,SBS34,d0,8,9:26:48,9:26:48,401824,34.0,3
MQ_A5-Weekday-SDon-055200_SBS34_864,SBS34,d0,9,9:28:56,9:28:56,401826,14.0,1
MQ_A5-Weekday-SDon-055200_SBS34_864,SBS34,d0,10,9:30:00,9:30:00,401827,14.0,1
MQ_A5-Weekday-SDon-055200_SBS34_864,SBS34,d0,11,9:32:46,9:32:46,405336,12.0,1
MQ_A5-Weekday-SDon-055200_SBS34_864,SBS34,d0,12,9:35:17,9:35:17,401832,12.0,1
MQ_A5-Weekday-SDon-055200_SBS34_864,SBS34,d0,13,9:36:33,9:36:33,401833,12.0,1
MQ_A5-Weekday-SDon-055200_SBS34_864,SBS34,d0,14,9:38:08,9:38:08,402052,7.0,1
MQ_A5-Weekday-SDon-055200_SBS34_864,SBS34,d0,15,9:40:00,9:40:00,903027,7.0,1
MQ_A5-Weekday-064800_SBS34_861,SBS34,d0,1,10:48:00,10:48:00,803131,3.0,1
MQ_A5-Weekday-064800_SBS34_861,SBS34,d0,2,10:49:19,10:49:19,403191,3.0,1
MQ_A5-Weekday-064800_SBS34_861,SBS34,d0,3,10:51:14,10:51:14,403192,3.0,1
MQ_A5-Weekday-064800_SBS34_861,SBS34,d0,4,10:53:03,10:53:03,401818,10.0,1
MQ_A5-Weekday-064800_SBS34_861,SBS34,d0,5,10:54:39,10:54:39,401819,10.0,3
MQ_A5-Weekday-064800_SBS34_861,SBS34,d0,6,10:56:00,10:56:00,404820,35.0,3
MQ_A5-Weekday-064800_SBS34_861,SBS34,d0,7,10:58:20,10:58:20,401821,47.0,3
MQ_A5-Weekday-064800_SBS34_861,SBS34,d0,8,11:00:38,11:00:38,401822,46.0,3
MQ_A5-Weekday-064800_SBS34_861,SBS34,d0,9,11:02:48,11:02:48,401824,39.0,3
MQ_A5-Weekday-064800_SBS34_861,SBS34,d0,10,11:04:56,11:04:56,401826,33.0,3
MQ_A5-Weekday-064800_SBS34_861,SBS34,d0,11,11:06:00,11:06:00,401827,27.0,2
MQ_A5-Weekday-064800_SBS34_861,SBS34,d0,12,11:07:08,11:07:08,404950,12.0,1
MQ_A5-Weekday-064800_SBS34_861,SBS34,d0,13,11:08:00,11:08:00,903028,12.0,1
MQ_A5-Weekday-104400_SBS34_866,SBS34,d0,1,17:24:00,17:24:00,401497,11.0,1
MQ_A5-Weekday-104400_SBS34_866,SBS34,d0,2,17:28:15,17:28:15,401818,11.0,1
MQ_A5-Weekday-104400_SBS34_866,SBS34,d0,3,17:29:44,17:29:44,401819,12.0,1
MQ_A5-Weekday-104400_SBS34_866,SBS34,d0,4,17:31:00,17:31:00,404820,12.0,1
MQ_A5-Weekday-104400_SBS34_866,SBS34,d0,5,17:33:06,17:33:06,401821,12.0,1
MQ_A5-Weekday-104400_SBS34_866,SBS34,d0,6,17:35:10,17:35:10,401822,12.0,1
MQ_A5-Weekday-104400_SBS34_866,SBS34,d0,7,17:37:08,17:37:08,401824,12.0,1
MQ_A5-Weekday-104400_SBS34_866,SBS34,d0,8,17:39:02,17:39:02,401826,12.0,1
MQ_A5-Weekday-104400_SBS34_866,SBS34,d0,9,17:40:00,17:40:00,401827,4.0,2
MQ_A5-Weekday-104400_SBS34_866,SBS34,d0,10,17:42:46,17:42:46,405336,20.0,2
MQ_A5-Weekday-104400_SBS34_866,SBS34,d0,11,17:45:17,17:45:17,401832,20.0,2
MQ_A5-Weekday-104400_SBS34_866,SBS34,d0,12,17:46:33,17:46:33,401833,16.0,1
MQ_A5-Weekday-104400_SBS34_866,SBS34,d0,13,17:48:08,17:48:08,402052,16.0,1
MQ_A5-Weekday-104400_SBS34_866,SBS34,d0,14,17:50:00,17:50:00,903027,16.0,1
MQ_A5-Weekday-SDon-120800_SBS34_876,SBS34,d0,1,20:08:00,20:08:00,803131,1.0,1
MQ_A5-Weekday-SDon-120800_SBS34_876,SBS34,d0,2,20:09:09,20:09:09,403191,4.0,1
MQ_A5-Weekday-SDon-120800_SBS34_876,SBS34,d0,3,20:10:50,20:10:50,403192,4.0,1
MQ_A5-Weekday-SDon-120800_SBS34_876,SBS34,d0,4,20:12:25,20:12:25,401818,13.0,2
MQ_A5-Weekday-SDon-120800_SBS34_876,SBS34,d0,5,20:13:49,20:13:49,401819,24.0,2
MQ_A5-Weekday-SDon-120800_SBS34_876,SBS34,d0,6,20:15:00,20:15:00,404820,12.0,3
MQ_A5-Weekday-SDon-120800_SBS34_876,SBS34,d0,7,20:16:52,20:16:52,401821,35.0,3
MQ_A5-Weekday-SDon-120800_SBS34_876,SBS34,d0,8,20:18:43,20:18:43,401822,46.0,3
MQ_A5-Weekday-SDon-120800_SBS34_876,SBS34,d0,9,20:20:27,20:20:27,401824,36.0,3
MQ_A5-Weekday-SDon-120800_SBS34_876,SBS34,d0,10,20:22:09,20:22:09,401826,36.0,3
MQ_A5-Weekday-SDon-120800_SBS34_876,SBS34,d0,11,20:23:00,20:23:00,401827,23.0,2
MQ_A5-Weekday-SDon-120800_SBS34_876,SBS34,d0,12,20:23:34,20:23:34,404950,1.0,1
MQ_A5-Weekday-SDon-120800_SBS34_876,SBS34,d0,13,20:24:00,20:24:00,903028,1.0,1
MQ_A5-Weekday-SDon-108300_SBS34_861,SBS34,d0,1,18:03:00,18:03:00,803131,4.0,1
MQ_A5-Weekday-SDon-108300_SBS34_861,SBS34,d0,2,18:04:19,18:04:19,403191,6.0,1
MQ_A5-Weekday-SDon-108300_SBS34_861,SBS34,d0,3,18:06:14,18:06:14,403192,6.0,1
MQ_A5-Weekday-SDon-108300_SBS34_861,SBS34,d0,4,18:08:03,18:08:03,401818,6.0,1
MQ_A5-Weekday-SDon-108300_SBS34_861,SBS34,d0,5,18:09:39,18:09:39,401819,6.0,1
MQ_A5-Weekday-SDon-108300_SBS34_861,SBS34,d0,6,18:11:00,18:11:00,404820,6.0,1
MQ_A5-Weekday-SDon-108300_SBS34_861,SBS34,d0,7,18:13:06,18:13:06,401821,6.0,1
MQ_A5-Weekday-SDon-108300_SBS34_861,SBS34,d0,8,18:15:10,18:15:10,401822,6.0,1
MQ_A5-Weekday-SDon-108300_SBS34_861,SBS34,d0,9,18:17:08,18:17:08,401824,6.0,1
MQ_A5-Weekday-SDon-108300_SBS34_861,SBS34,d0,10,18:19:02,18:19:02,401826,6.0,1
MQ_A5-Weekday-SDon-108300_SBS34_861,SBS34,d0,11,18:20:00,18:20:00,401827,6.0,1
MQ_A5-Weekday-SDon-108300_SBS34_861,SBS34,d0,12,18:22:29,18:22:29,405336,6.0,1
MQ_A5-Weekday-SDon-108300_SBS34_861,SBS34,d0,13,18:24:45,18:24:45,401832,6.0,1
MQ_A5-Weekday-SDon-108300_SBS34_861,SBS34,d0,14,18:25:54,18:25:54,401833,6.0,1
MQ_A5-Weekday-SDon-108300_SBS34_861,SBS34,d0,15,18:27:19,18:27:19,402052,6.0,1
MQ_A5-Weekday-SDon-108300_SBS34_861,SBS34,d0,16,18:29:00,18:29:00,903027,6.0,1
MQ_A5-Weekday-SDon-045800_SBS34_852,SBS34,d0,1,7:38:00,7:38:00,401497,52.0,4
MQ_A5-Weekday-SDon-045800_SBS34_852,SBS34,d0,2,7:39:29,7:39:29,405026,52.0,4
MQ_A5-Weekday-SDon-045800_SBS34_852,SBS34,d0,3,7:42:51,7:42:51,401818,52.0,4
MQ_A5-Weekday-SDon-045800_SBS34_852,SBS34,d0,4,7:44:34,7:44:34,401819,52.0,4
MQ_A5-Weekday-SDon-045800_SBS34_852,SBS34,d0,5,7:46:00,7:46:00,404820,52.0,4
MQ_A5-Weekday-SDon-045800_SBS34_852,SBS34,d0,6,7:48:20,7:48:20,401821,52.0,4
MQ_A5-Weekday-SDon-045800_SBS34_852,SBS34,d0,7,7:50:38,7:50:38,401822,52.0,4
MQ_A5-Weekday-SDon-045800_SBS34_852,SBS34,d0,8,7:52:48,7:52:48,401824,52.0,4
MQ_A5-Weekday-SDon-045800_SBS34_852,SBS34,d0,9,7:54:56,7:54:56,401826,52.0,4
MQ_A5-Weekday-SDon-045800_SBS34_852,SBS34,d0,10,7:56:00,7:56:00,401827,52.0,4
MQ_A5-Weekday-SDon-045800_SBS34_852,SBS34,d0,11,7:58:46,7:58:46,405336,41.0,3
MQ_A5-Weekday-SDon-045800_SBS34_852,SBS34,d0,12,8:01:17,8:01:17,401832,13.0,2
MQ_A5-Weekday-SDon-045800_SBS34_852,SBS34,d0,13,8:02:33,8:02:33,401833,23.0,2
MQ_A5-Weekday-SDon-045800_SBS34_852,SBS34,d0,14,8:04:08,8:04:08,402052,23.0,2
MQ_A5-Weekday-SDon-045800_SBS34_852,SBS34,d0,15,8:06:00,8:06:00,903027,23.0,2
MQ_A5-Weekday-SDon-049200_SBS34_851,SBS34,d0,1,8:12:00,8:12:00,401497,1.0,1
MQ_A5-Weekday-SDon-049200_SBS34_851,SBS34,d0,2,8:13:29,8:13:29,405026,10.0,1
MQ_A5-Weekday-SDon-049200_SBS34_851,SBS34,d0,3,8:16:51,8:16:51,401818,11.0,2
MQ_A5-Weekday-SDon-049200_SBS34_851,SBS34,d0,4,8:18:34,8:18:34,401819,17.0,5
MQ_A5-Weekday-SDon-049200_SBS34_851,SBS34,d0,5,8:20:00,8:20:00,404820,66.0,6
MQ_A5-Weekday-SDon-049200_SBS34_851,SBS34,d0,6,8:22:20,8:22:20,401821,89.0,6
MQ_A5-Weekday-SDon-049200_SBS34_851,SBS34,d0,7,8:24:38,8:24:38,401822,36.0,5
MQ_A5-Weekday-SDon-049200_SBS34_851,SBS34,d0,8,8:26:48,8:26:48,401824,72.0,5
MQ_A5-Weekday-SDon-049200_SBS34_851,SBS34,d0,9,8:28:56,8:28:56,401826,57.0,4
MQ_A5-Weekday-SDon-049200_SBS34_851,SBS34,d0,10,8:30:00,8:30:00,401827,37.0,3
MQ_A5-Weekday-SDon-049200_SBS34_851,SBS34,d0,11,8:32:46,8:32:46,405336,30.0,2
MQ_A5-Weekday-SDon-049200_SBS34_851,SBS34,d0,12,8:35:17,8:35:17,401832,13.0,1
MQ_A5-Weekday-SDon-049200_SBS34_851,SBS34,d0,13,8:36:33,8:36:33,401833,5.0,1
MQ_A5-Weekday-SDon-049200_SBS34_851,SBS34,d0,14,8:38:08,8:38:08,402052,9.0,1
MQ_A5-Weekday-SDon-049200_SBS34_851,SBS34,d0,15,8:40:00,8:40:00,903027,9.0,1
MQ_A5-Weekday-SDon-074200_SBS34_867,SBS34,d0,1,12:22:00,12:22:00,803131,5.0,1
MQ_A5-Weekday-SDon-074200_SBS34_867,SBS34,d0,2,12:23:19,12:23:19,403191,5.0,1
MQ_A5-Weekday-SDon-074200_SBS34_867,SBS34,d0,3,12:25:14,12:25:14,403192,11.0,1
MQ_A5-Weekday-SDon-074200_SBS34_867,SBS34,d0,4,12:27:03,12:27:03,401818,14.0,1
MQ_A5-Weekday-SDon-074200_SBS34_867,SBS34,d0,5,12:28:39,12:28:39,401819,8.0,1
MQ_A5-Weekday-SDon-074200_SBS34_867,SBS34,d0,6,12:30:00,12:30:00,404820,15.0,2
MQ_A5-Weekday-SDon-074200_SBS34_867,SBS34,d0,7,12:32:34,12:32:34,401821,22.0,2
MQ_A5-Weekday-SDon-074200_SBS34_867,SBS34,d0,8,12:35:06,12:35:06,401822,21.0,2
MQ_A5-Weekday-SDon-074200_SBS34_867,SBS34,d0,9,12:37:29,12:37:29,401824,20.0,2
MQ_A5-Weekday-SDon-074200_SBS34_867,SBS34,d0,10,12:39:49,12:39:49,401826,11.0,1
MQ_A5-Weekday-SDon-074200_SBS34_867,SBS34,d0,11,12:41:00,12:41:00,401827,6.0,1
MQ_A5-Weekday-SDon-074200_SBS34_867,SBS34,d0,12,12:42:08,12:42:08,404950,4.0,1
MQ_A5-Weekday-SDon-074200_SBS34_867,SBS34,d0,13,12:43:00,12:43:00,903028,4.0,1
MQ_A5-Weekday-SDon-098400_SBS34_873,SBS34,d0,1,16:24:00,16:24:00,401497,10.0,2
MQ_A5-Weekday-SDon-098400_SBS34_873,SBS34,d0,2,16:28:15,16:28:15,401818,18.0,2
MQ_A5-Weekday-SDon-098400_SBS34_873,SBS34,d0,3,16:29:44,16:29:44,401819,18.0,2
MQ_A5-Weekday-SDon-098400_SBS34_873,SBS34,d0,4,16:31:00,16:31:00,404820,21.0,2
MQ_A5-Weekday-SDon-098400_SBS34_873,SBS34,d0,5,16:33:06,16:33:06,401821,21.0,3
MQ_A5-Weekday-SDon-098400_SBS34_873,SBS34,d0,6,16:35:10,16:35:10,401822,41.0,3
MQ_A5-Weekday-SDon-098400_SBS34_873,SBS34,d0,7,16:37:08,16:37:08,401824,34.0,3
MQ_A5-Weekday-SDon-098400_SBS34_873,SBS34,d0,8,16:39:02,16:39:02,401826,34.0,3
MQ_A5-Weekday-SDon-098400_SBS34_873,SBS34,d0,9,16:40:00,16:40:00,401827,34.0,3
MQ_A5-Weekday-SDon-098400_SBS34_873,SBS34,d0,10,16:42:46,16:42:46,405336,10.0,1
MQ_A5-Weekday-SDon-098400_SBS34_873,SBS34,d0,11,16:45:17,16:45:17,401832,9.0,1
MQ_A5-Weekday-SDon-098400_SBS34_873,SBS34,d0,12,16:46:33,16:46:33,401833,9.0,1
MQ_A5-Weekday-SDon-098400_SBS34_873,SBS34,d0,13,16:48:08,16:48:08,402052,3.0,1
MQ_A5-Weekday-SDon-098400_SBS34_873,SBS34,d0,14,16:50:00,16:50:00,903027,3.0,1
MQ_A5-Weekday-SDon-071400_SBS34_860,SBS34,d0,1,11:54:00,11:54:00,803131,2.0,1
MQ_A5-Weekday-SDon-071400_SBS34_860,SBS34,d0,2,11:55:19,11:55:19,403191,3.0,1
MQ_A5-Weekday-SDon-071400_SBS34_860,SBS34,d0,3,11:57:14,11:57:14,403192,6.0,1
MQ_A5-Weekday-SDon-071400_SBS34_860,SBS34,d0,4,11:59:03,11:59:03,401818,6.0,1
MQ_A5-Weekday-SDon-071400_SBS34_860,SBS34,d0,5,12:00:39,12:00:39,401819,8.0,2
MQ_A5-Weekday-SDon-071400_SBS34_860,SBS34,d0,6,12:02:00,12:02:00,404820,20.0,2
MQ_A5-Weekday-SDon-071400_SBS34_860,SBS34,d0,7,12:04:20,12:04:20,401821,31.0,2
MQ_A5-Weekday-SDon-071400_SBS34_860,SBS34,d0,8,12:06:38,12:06:38,401822,30.0,2
MQ_A5-Weekday-SDon-071400_SBS34_860,SBS34,d0,9,12:08:48,12:08:48,401824,28.0,2
MQ_A5-Weekday-SDon-071400_SBS34_860,SBS34,d0,10,12:10:56,12:10:56,401826,8.0,1
MQ_A5-Weekday-SDon-071400_SBS34_860,SBS34,d0,11,12:12:00,12:12:00,401827,8.0,1
MQ_A5-Weekday-SDon-071400_SBS34_860,SBS34,d0,12,12:13:08,12:13:08,404950,8.0,1
MQ_A5-Weekday-SDon-071400_SBS34_860,SBS34,d0,13,12:14:00,12:14:00,903028,8.0,1
MQ_A5-Weekday-SDon-040100_SBS34_857,SBS34,d0,1,6:41:00,6:41:00,401497,22.0,2
MQ_A5-Weekday-SDon-040100_SBS34_857,SBS34,d0,2,6:42:06,6:42:06,405026,22.0,2
MQ_A5-Weekday-SDon-040100_SBS34_857,SBS34,d0,3,6:44:38,6:44:38,401818,29.0,2
MQ_A5-Weekday-SDon-040100_SBS34_857,SBS34,d0,4,6:45:55,6:45:55,401819,8.0,3
MQ_A5-Weekday-SDon-040100_SBS34_857,SBS34,d0,5,6:47:00,6:47:00,404820,48.0,3
MQ_A5-Weekday-SDon-040100_SBS34_857,SBS34,d0,6,6:49:06,6:49:06,401821,48.0,4
MQ_A5-Weekday-SDon-040100_SBS34_857,SBS34,d0,7,6:51:10,6:51:10,401822,64.0,4
MQ_A5-Weekday-SDon-040100_SBS34_857,SBS34,d0,8,6:53:08,6:53:08,401824,61.0,4
MQ_A5-Weekday-SDon-040100_SBS34_857,SBS34,d0,9,6:55:02,6:55:02,401826,27.0,2
MQ_A5-Weekday-SDon-040100_SBS34_857,SBS34,d0,10,6:56:00,6:56:00,401827,20.0,2
MQ_A5-Weekday-SDon-040100_SBS34_857,SBS34,d0,11,6:58:29,6:58:29,405336,20.0,2
MQ_A5-Weekday-SDon-040100_SBS34_857,SBS34,d0,12,7:00:45,7:00:45,401832,20.0,2
MQ_A5-Weekday-SDon-040100_SBS34_857,SBS34,d0,13,7:01:54,7:01:54,401833,20.0,2
MQ_A5-Weekday-SDon-040100_SBS34_857,SBS34,d0,14,7:03:19,7:03:19,402052,5.0,1
MQ_A5-Weekday-SDon-040100_SBS34_857,SBS34,d0,15,7:05:00,7:05:00,903027,5.0,1
MQ_A5-Weekday-SDon-072100_SBS34_866,SBS34,d0,1,12:01:00,12:01:00,401497,7.0,1
MQ_A5-Weekday-SDon-072100_SBS34_866,SBS34,d0,2,12:02:29,12:02:29,405026,7.0,1
MQ_A5-Weekday-SDon-072100_SBS34_866,SBS34,d0,3,12:05:51,12:05:51,401818,10.0,3
MQ_A5-Weekday-SDon-072100_SBS34_866,SBS34,d0,4,12:07:34,12:07:34,401819,36.0,3
MQ_A5-Weekday-SDon-072100_SBS34_866,SBS34,d0,5,12:09:00,12:09:00,404820,36.0,3
MQ_A5-Weekday-SDon-072100_SBS34_866,SBS34,d0,6,12:11:20,12:11:20,401821,46.0,3
MQ_A5-Weekday-SDon-072100_SBS34_866,SBS34,d0,7,12:13:38,12:13:38,401822,17.0,3
MQ_A5-Weekday-SDon-072100_SBS34_866,SBS34,d0,8,12:15:48,12:15:48,401824,39.0,3
MQ_A5-Weekday-SDon-072100_SBS34_866,SBS34,d0,9,12:17:56,12:17:56,401826,10.0,1
MQ_A5-Weekday-SDon-072100_SBS34_866,SBS34,d0,10,12:19:00,12:19:00,401827,10.0,1
MQ_A5-Weekday-SDon-072100_SBS34_866,SBS34,d0,11,12:21:46,12:21:46,405336,11.0,1
MQ_A5-Weekday-SDon-072100_SBS34_866,SBS34,d0,12,12:24:17,12:24:17,401832,10.0,1
MQ_A5-Weekday-SDon-072100_SBS34_866,SBS34,d0,13,12:25:33,12:25:33,401833,7.0,1
MQ_A5-Weekday-SDon-072100_SBS34_866,SBS34,d0,14,12:27:08,12:27:08,402052,6.0,1
MQ_A5-Weekday-SDon-072100_SBS34_866,SBS34,d0,15,12:29:00,12:29:00,903027,6.0,1
MQ_A5-Weekday-SDon-076900_SBS34_864,SBS34,d0,1,12:49:00,12:49:00,803131,3.0,1
MQ_A5-Weekday-SDon-076900_SBS34_864,SBS34,d0,2,12:50:29,12:50:29,403191,6.0,1
MQ_A5-Weekday-SDon-076900_SBS34_864,SBS34,d0,3,12:52:38,12:52:38,403192,7.0,1
MQ_A5-Weekday-SDon-076900_SBS34_864,SBS34,d0,4,12:54:41,12:54:41,401818,8.0,1
MQ_A5-Weekday-SDon-076900_SBS34_864,SBS34,d0,5,12:56:29,12:56:29,401819,11.0,2
MQ_A5-Weekday-SDon-076900_SBS34_864,SBS34,d0,6,12:58:00,12:58:00,404820,22.0,2
MQ_A5-Weekday-SDon-076900_SBS34_864,SBS34,d0,7,13:00:34,13:00:34,401821,18.0,2
MQ_A5-Weekday-SDon-076900_SBS34_864,SBS34,d0,8,13:03:06,13:03:06,401822,27.0,2
MQ_A5-Weekday-SDon-076900_SBS34_864,SBS34,d0,9,13:05:29,13:05:29,401824,15.0,1
MQ_A5-Weekday-SDon-076900_SBS34_864,SBS34,d0,10,13:07:49,13:07:49,401826,15.0,2
MQ_A5-Weekday-SDon-076900_SBS34_864,SBS34,d0,11,13:09:00,13:09:00,401827,21.0,2
MQ_A5-Weekday-SDon-076900_SBS34_864,SBS34,d0,12,13:10:08,13:10:08,404950,16.0,1
MQ_A5-Weekday-SDon-076900_SBS34_864,SBS34,d0,13,13:11:00,13:11:00,903028,16.0,1
MQ_A5-Weekday-SDon-090900_SBS34_870,SBS34,d0,1,15:09:00,15:09:00,401497,1.0,1
MQ_A5-Weekday-SDon-090900_SBS34_870,SBS34,d0,2,15:10:17,15:10:17,405026,1.0,1
MQ_A5-Weekday-SDon-090900_SBS34_870,SBS34,d0,3,15:13:15,15:13:15,401818,1.0,1
MQ_A5-Weekday-SDon-090900_SBS34_870,SBS34,d0,4,15:14:44,15:14:44,401819,1.0,1
MQ_A5-Weekday-SDon-090900_SBS34_870,SBS34,d0,5,15:16:00,15:16:00,404820,1.0,1
MQ_A5-Weekday-SDon-090900_SBS34_870,SBS34,d0,6,15:18:20,15:18:20,401821,1.0,1
MQ_A5-Weekday-SDon-090900_SBS34_870,SBS34,d0,7,15:20:38,15:20:38,401822,1.0,1
MQ_A5-Weekday-SDon-090900_SBS34_870,SBS34,d0,8,15:22:48,15:22:48,401824,1.0,1
MQ_A5-Weekday-SDon-090900_SBS34_870,SBS34,d0,9,15:24:56,15:24:56,401826,1.0,1
MQ_A5-Weekday-SDon-090900_SBS34_870,SBS34,d0,10,15:26:00,15:26:00,401827,1.0,1
MQ_A5-Weekday-SDon-090900_SBS34_870,SBS34,d0,11,15:28:46,15:28:46,405336,1.0,1
MQ_A5-Weekday-SDon-090900_SBS34_870,SBS34,d0,12,15:31:17,15:31:17,401832,4.0,1
MQ_A5-Weekday-SDon-090900_SBS34_870,SBS34,d0,13,15:32:33,15:32:33,401833,4.0,1
MQ_A5-Weekday-SDon-090900_SBS34_870,SBS34,d0,14,15:34:08,15:34:08,402052,5.0,1
MQ_A5-Weekday-SDon-090900_SBS34_870,SBS34,d0,15,15:36:00,15:36:00,903027,5.0,1
MQ_A5-Weekday-SDon-065400_SBS34_862,SBS34,d0,1,10:54:00,10:54:00,803131,9.0,1
MQ_A5-Weekday-SDon-065400_SBS34_862,SBS34,d0,2,10:55:19,10:55:19,403191,9.0,1
MQ_A5-Weekday-SDon-065400_SBS34_862,SBS34,d0,3,10:57:14,10:57:14,403192,9.0,1
MQ_A5-Weekday-SDon-065400_SBS34_862,SBS34,d0,4,10:59:03,10:59:03,401818,9.0,1
MQ_A5-Weekday-SDon-065400_SBS34_862,SBS34,d0,5,11:00:39,11:00:39,401819,9.0,1
MQ_A5-Weekday-SDon-065400_SBS34_862,SBS34,d0,6,11:02:00,11:02:00,404820,9.0,1
MQ_A5-Weekday-SDon-065400_SBS34_862,SBS34,d0,7,11:04:20,11:04:20,401821,9.0,1
MQ_A5-Weekday-SDon-065400_SBS34_862,SBS34,d0,8,11:06:38,11:06:38,401822,9.0,1
MQ_A5-Weekday-SDon-065400_SBS34_862,SBS34,d0,9,11:08:48,11:08:48,401824,9.0,1
MQ_A5-Weekday-SDon-065400_SBS34_862,SBS34,d0,10,11:10:56,11:10:56,401826,9.0,1
MQ_A5-Weekday-SDon-065400_SBS34_862,SBS34,d0,11,11:12:00,11:12:00,401827,9.0,1
MQ_A5-Weekday-SDon-065400_SBS34_862,SBS34,d0,12,11:14:46,11:14:46,405336,9.0,1
MQ_A5-Weekday-SDon-065400_SBS34_862,SBS34,d0,13,11:17:17,11:17:17,401832,9.0,1
MQ_A5-Weekday-SDon-065400_SBS34_862,SBS34,d0,14,11:18:33,11:18:33,401833,9.0,1
MQ_A5-Weekday-SDon-065400_SBS34_862,SBS34,d0,15,11:20:08,11:20:08,402052,9.0,1
MQ_A5-Weekday-SDon-065400_SBS34_862,SBS34,d0,16,11:22:00,11:22:00,903027,9.0,1
MQ_A5-Weekday-SDon-093300_SBS34_861,SBS34,d0,1,15:33:00,15:33:00,401497,4.0,1
MQ_A5-Weekday-SDon-093300_SBS34_861,SBS34,d0,2,15:34:17,15:34:17,405026,15.0,2
MQ_A5-Weekday-SDon-093300_SBS34_861,SBS34,d0,3,15:37:15,15:37:15,401818,24.0,2
MQ_A5-Weekday-SDon-093300_SBS34_861,SBS34,d0,4,15:38:44,15:38:44,401819,24.0,2
MQ_A5-Weekday-SDon-093300_SBS34_861,SBS34,d0,5,15:40:00,15:40:00,404820,16.0,2
MQ_A5-Weekday-SDon-093300_SBS34_861,SBS34,d0,6,15:42:20,15:42:20,401821,30.0,3
MQ_A5-Weekday-SDon-093300_SBS34_861,SBS34,d0,7,15:44:38,15:44:38,401822,42.0,3
MQ_A5-Weekday-SDon-093300_SBS34_861,SBS34,d0,8,15:46:48,15:46:48,401824,42.0,3
MQ_A5-Weekday-SDon-093300_SBS34_861,SBS34,d0,9,15:48:56,15:48:56,401826,16.0,1
MQ_A5-Weekday-SDon-093300_SBS34_861,SBS34,d0,10,15:50:00,15:50:00,401827,14.0,1
MQ_A5-Weekday-SDon-093300_SBS34_861,SBS34,d0,11,15:52:46,15:52:46,405336,11.0,1
MQ_A5-Weekday-SDon-093300_SBS34_861,SBS34,d0,12,15:55:17,15:55:17,401832,11.0,1
MQ_A5-Weekday-SDon-093300_SBS34_861,SBS34,d0,13,15:56:33,15:56:33,401833,9.0,1
MQ_A5-Weekday-SDon-093300_SBS34_861,SBS34,d0,14,15:58:08,15:58:08,402052,10.0,1
MQ_A5-Weekday-SDon-093300_SBS34_861,SBS34,d0,15,16:00:00,16:00:00,903027,10.0,1
MQ_A5-Weekday-113300_SBS34_869,SBS34,d0,1,18:53:00,18:53:00,401497,4.0,3
MQ_A5-Weekday-113300_SBS34_869,SBS34,d0,2,18:56:38,18:56:38,401818,36.0,3
MQ_A5-Weekday-113300_SBS34_869,SBS34,d0,3,18:57:55,18:57:55,401819,36.0,3
MQ_A5-Weekday-113300_SBS34_869,SBS34,d0,4,18:59:00,18:59:00,404820,29.0,5
MQ_A5-Weekday-113300_SBS34_869,SBS34,d0,5,19:01:06,19:01:06,401821,73.0,5
MQ_A5-Weekday-113300_SBS34_869,SBS34,d0,6,19:03:10,19:03:10,401822,76.0,5
MQ_A5-Weekday-113300_SBS34_869,SBS34,d0,7,19:05:08,19:05:08,401824,76.0,5
MQ_A5-Weekday-113300_SBS34_869,SBS34,d0,8,19:07:02,19:07:02,401826,76.0,5
MQ_A5-Weekday-113300_SBS34_869,SBS34,d0,9,19:08:00,19:08:00,401827,32.0,2
MQ_A5-Weekday-113300_SBS34_869,SBS34,d0,10,19:10:29,19:10:29,405336,21.0,2
MQ_A5-Weekday-113300_SBS34_869,SBS34,d0,11,19:12:45,19:12:45,401832,18.0,2
MQ_A5-Weekday-113300_SBS34_869,SBS34,d0,12,19:13:54,19:13:54,401833,17.0,2
MQ_A5-Weekday-113300_SBS34_869,SBS34,d0,13,19:15:19,19:15:19,402052,2.0,1
MQ_A5-Weekday-113300_SBS34_869,SBS34,d0,14,19:17:00,19:17:00,903027,2.0,1
MQ_A5-Weekday-044300_SBS34_856,SBS34,d0,1,7:23:00,7:23:00,803131,9.0,1
MQ_A5-Weekday-044300_SBS34_856,SBS34,d0,2,7:24:19,7:24:19,403191,9.0,1
MQ_A5-Weekday-044300_SBS34_856,SBS34,d0,3,7:26:14,7:26:14,403192,9.0,1
MQ_A5-Weekday-044300_SBS34_856,SBS34,d0,4,7:28:03,7:28:03,401818,9.0,1
MQ_A5-Weekday-044300_SBS34_856,SBS34,d0,5,7:29:39,7:29:39,401819,9.0,1
MQ_A5-Weekday-044300_SBS34_856,SBS34,d0,6,7:31:00,7:31:00,404820,9.0,1
MQ_A5-Weekday-044300_SBS34_856,SBS34,d0,7,7:33:20,7:33:20,401821,9.0,1
MQ_A5-Weekday-044300_SBS34_856,SBS34,d0,8,7:35:38,7:35:38,401822,2.0,1
MQ_A5-Weekday-044300_SBS34_856,SBS34,d0,9,7:37:48,7:37:48,401824,4.0,1
MQ_A5-Weekday-044300_SBS34_856,SBS34,d0,10,7:39:56,7:39:56,401826,4.0,1
MQ_A5-Weekday-044300_SBS34_856,SBS34,d0,11,7:41:00,7:41:00,401827,4.0,1
MQ_A5-Weekday-044300_SBS34_856,SBS34,d0,12,7:42:08,7:42:08,404950,4.0,1
MQ_A5-Weekday-044300_SBS34_856,SBS34,d0,13,7:43:00,7:43:00,903028,4.0,1
MQ_A5-Weekday-SDon-111000_SBS34_874,SBS34,d0,1,18:30:00,18:30:00,803131,6.0,2
MQ_A5-Weekday-SDon-111000_SBS34_874,SBS34,d0,2,18:31:19,18:31:19,403191,18.0,2
MQ_A5-Weekday-SDon-111000_SBS34_874,SBS34,d0,3,18:33:14,18:33:14,403192,22.0,2
MQ_A5-Weekday-SDon-111000_SBS34_874,SBS34,d0,4,18:35:03,18:35:03,401818,31.0,2
MQ_A5-Weekday-SDon-111000_SBS34_874,SBS34,d0,5,18:36:39,18:36:39,401819,25.0,3
MQ_A5-Weekday-SDon-111000_SBS34_874,SBS34,d0,6,18:38:00,18:38:00,404820,33.0,3
MQ_A5-Weekday-SDon-111000_SBS34_874,SBS34,d0,7,18:40:06,18:40:06,401821,34.0,3
MQ_A5-Weekday-SDon-111000_SBS34_874,SBS34,d0,8,18:42:10,18:42:10,401822,35.0,3
MQ_A5-Weekday-SDon-111000_SBS34_874,SBS34,d0,9,18:44:08,18:44:08,401824,14.0,2
MQ_A5-Weekday-SDon-111000_SBS34_874,SBS34,d0,10,18:46:02,18:46:02,401826,22.0,3
MQ_A5-Weekday-SDon-111000_SBS34_874,SBS34,d0,11,18:47:00,18:47:00,401827,48.0,3
MQ_A5-Weekday-SDon-111000_SBS34_874,SBS34,d0,12,18:48:08,18:48:08,404950,8.0,1
MQ_A5-Weekday-SDon-111000_SBS34_874,SBS34,d0,13,18:49:00,18:49:00,903028,8.0,1
MQ_A5-Weekday-SDon-097400_SBS34_875,SBS34,d0,1,16:14:00,16:14:00,401497,15.0,1
MQ_A5-Weekday-SDon-097400_SBS34_875,SBS34,d0,2,16:18:15,16:18:15,401818,15.0,4
MQ_A5-Weekday-SDon-097400_SBS34_875,SBS34,d0,3,16:19:44,16:19:44,401819,57.0,4
MQ_A5-Weekday-SDon-097400_SBS34_875,SBS34,d0,4,16:21:00,16:21:00,404820,57.0,4
MQ_A5-Weekday-SDon-097400_SBS34_875,SBS34,d0,5,16:23:20,16:23:20,401821,57.0,4
MQ_A5-Weekday-SDon-097400_SBS34_875,SBS34,d0,6,16:25:38,16:25:38,401822,55.0,4
MQ_A5-Weekday-SDon-097400_SBS34_875,SBS34,d0,7,16:27:48,16:27:48,401824,55.0,4
MQ_A5-Weekday-SDon-097400_SBS34_875,SBS34,d0,8,16:29:56,16:29:56,401826,55.0,4
MQ_A5-Weekday-SDon-097400_SBS34_875,SBS34,d0,9,16:31:00,16:31:00,401827,26.0,2
MQ_A5-Weekday-SDon-097400_SBS34_875,SBS34,d0,10,16:33:46,16:33:46,405336,26.0,2
MQ_A5-Weekday-SDon-097400_SBS34_875,SBS34,d0,11,16:36:17,16:36:17,401832,26.0,2
MQ_A5-Weekday-SDon-097400_SBS34_875,SBS34,d0,12,16:37:33,16:37:33,401833,26.0,2
MQ_A5-Weekday-SDon-097400_SBS34_875,SBS34,d0,13,16:39:08,16:39:08,402052,26.0,2
MQ_A5-Weekday-SDon-097400_SBS34_875,SBS34,d0,14,16:41:00,16:41:00,903027,26.0,2
MQ_A5-Weekday-033000_SBS34_855,SBS34,d0,1,5:30:00,5:30:00,803131,6.0,1
MQ_A5-Weekday-033000_SBS34_855,SBS34,d0,2,5:30:59,5:30:59,403191,6.0,1
MQ_A5-Weekday-033000_SBS34_855,SBS34,d0,3,5:32:25,5:32:25,403192,4.0,1
MQ_A5-Weekday-033000_SBS34_855,SBS34,d0,4,5:33:47,5:33:47,401818,7.0,2
MQ_A5-Weekday-033000_SBS34_855,SBS34,d0,5,5:34:59,5:34:59,401819,18.0,3
MQ_A5-Weekday-033000_SBS34_855,SBS34,d0,6,5:36:00,5:36:00,404820,37.0,3
MQ_A5-Weekday-033000_SBS34_855,SBS34,d0,7,5:37:38,5:37:38,401821,41.0,3
MQ_A5-Weekday-033000_SBS34_855,SBS34,d0,8,5:39:15,5:39:15,401822,41.0,3
MQ_A5-Weekday-033000_SBS34_855,SBS34,d0,9,5:40:46,5:40:46,401824,42.0,3
MQ_A5-Weekday-033000_SBS34_855,SBS34,d0,10,5:42:15,5:42:15,401826,41.0,3
MQ_A5-Weekday-033000_SBS34_855,SBS34,d0,11,5:43:00,5:43:00,401827,33.0,3
MQ_A5-Weekday-033000_SBS34_855,SBS34,d0,12,5:43:34,5:43:34,404950,33.0,3
MQ_A5-Weekday-033000_SBS34_855,SBS34,d0,13,5:44:00,5:44:00,903028,33.0,3
MQ_A5-Weekday-043300_SBS34_858,SBS34,d0,1,7:13:00,7:13:00,803131,1.0,1
MQ_A5-Weekday-043300_SBS34_858,SBS34,d0,2,7:14:19,7:14:19,403191,1.0,1
MQ_A5-Weekday-043300_SBS34_858,SBS34,d0,3,7:16:14,7:16:14,403192,1.0,2
MQ_A5-Weekday-043300_SBS34_858,SBS34,d0,4,7:18:03,7:18:03,401818,23.0,2
MQ_A5-Weekday-043300_SBS34_858,SBS34,d0,5,7:19:39,7:19:39,401819,23.0,2
MQ_A5-Weekday-043300_SBS34_858,SBS34,d0,6,7:21:00,7:21:00,404820,23.0,2
MQ_A5-Weekday-043300_SBS34_858,SBS34,d0,7,7:23:20,7:23:20,401821,23.0,2
MQ_A5-Weekday-043300_SBS34_858,SBS34,d0,8,7:25:38,7:25:38,401822,23.0,2
MQ_A5-Weekday-043300_SBS34_858,SBS34,d0,9,7:27:48,7:27:48,401824,12.0,1
MQ_A5-Weekday-043300_SBS34_858,SBS34,d0,10,7:29:56,7:29:56,401826,8.0,1
MQ_A5-Weekday-043300_SBS34_858,SBS34,d0,11,7:31:00,7:31:00,401827,8.0,1
MQ_A5-Weekday-043300_SBS34_858,SBS34,d0,12,7:32:08,7:32:08,404950,6.0,1
MQ_A5-Weekday-043300_SBS34_858,SBS34,d0,13,7:33:00,7:33:00,903028,6.0,1
MQ_A5-Weekday-SDon-056200_SBS34_851,SBS34,d0,1,9:22:00,9:22:00,401497,14.0,1
MQ_A5-Weekday-SDon-056200_SBS34_851,SBS34,d0,2,9:23:29,9:23:29,405026,9.0,2
MQ_A5-Weekday-SDon-056200_SBS34_851,SBS34,d0,3,9:26:51,9:26:51,401818,22.0,2
MQ_A5-Weekday-SDon-056200_SBS34_851,SBS34,d0,4,9:28:34,9:28:34,401819,18.0,3
MQ_A5-Weekday-SDon-056200_SBS34_851,SBS34,d0,5,9:30:00,9:30:00,404820,33.0,4
MQ_A5-Weekday-SDon-056200_SBS34_851,SBS34,d0,6,9:32:20,9:32:20,401821,51.0,4
MQ_A5-Weekday-SDon-056200_SBS34_851,SBS34,d0,7,9:34:38,9:34:38,401822,33.0,3
MQ_A5-Weekday-SDon-056200_SBS34_851,SBS34,d0,8,9:36:48,9:36:48,401824,27.0,3
MQ_A5-Weekday-SDon-056200_SBS34_851,SBS34,d0,9,9:38:56,9:38:56,401826,48.0,3
MQ_A5-Weekday-SDon-056200_SBS34_851,SBS34,d0,10,9:40:00,9:40:00,401827,10.0,1
MQ_A5-Weekday-SDon-056200_SBS34_851,SBS34,d0,11,9:42:46,9:42:46,405336,14.0,2
MQ_A5-Weekday-SDon-056200_SBS34_851,SBS34,d0,12,9:45:17,9:45:17,401832,25.0,2
MQ_A5-Weekday-SDon-056200_SBS34_851,SBS34,d0,13,9:46:33,9:46:33,401833,13.0,1
MQ_A5-Weekday-SDon-056200_SBS34_851,SBS34,d0,14,9:48:08,9:48:08,402052,7.0,1
MQ_A5-Weekday-SDon-056200_SBS34_851,SBS34,d0,15,9:50:00,9:50:00,903027,7.0,1
MQ_A5-Weekday-117000_SBS34_873,SBS34,d0,1,19:30:00,19:30:00,803131,5.0,1
MQ_A5-Weekday-117000_SBS34_873,SBS34,d0,2,19:31:09,19:31:09,403191,15.0,2
MQ_A5-Weekday-117000_SBS34_873,SBS34,d0,3,19:32:50,19:32:50,403192,31.0,2
MQ_A5-Weekday-117000_SBS34_873,SBS34,d0,4,19:34:25,19:34:25,401818,19.0,2
MQ_A5-Weekday-117000_SBS34_873,SBS34,d0,5,19:35:49,19:35:49,401819,31.0,2
MQ_A5-Weekday-117000_SBS34_873,SBS34,d0,6,19:37:00,19:37:00,404820,32.0,3
MQ_A5-Weekday-117000_SBS34_873,SBS34,d0,7,19:38:52,19:38:52,401821,34.0,3
MQ_A5-Weekday-117000_SBS34_873,SBS34,d0,8,19:40:43,19:40:43,401822,33.0,3
MQ_A5-Weekday-117000_SBS34_873,SBS34,d0,9,19:42:27,19:42:27,401824,29.0,2
MQ_A5-Weekday-117000_SBS34_873,SBS34,d0,10,19:44:09,19:44:09,401826,12.0,1
MQ_A5-Weekday-117000_SBS34_873,SBS34,d0,11,19:45:00,19:45:00,401827,12.0,1
MQ_A5-Weekday-117000_SBS34_873,SBS34,d0,12,19:45:34,19:45:34,404950,10.0,1
MQ_A5-Weekday-117000_SBS34_873,SBS34,d0,13,19:46:00,19:46:00,903028,10.0,1
MQ_A5-Weekday-132800_SBS34_870,SBS34,d0,1,22:08:00,22:08:00,803131,1.0,1
MQ_A5-Weekday-132800_SBS34_870,SBS34,d0,2,22:09:09,22:09:09,403191,6.0,1
MQ_A5-Weekday-132800_SBS34_870,SBS34,d0,3,22:10:50,22:10:50,403192,6.0,1
MQ_A5-Weekday-132800_SBS34_870,SBS34,d0,4,22:12:25,22:12:25,401818,9.0,2
MQ_A5-Weekday-132800_SBS34_870,SBS34,d0,5,22:13:49,22:13:49,401819,19.0,2
MQ_A5-Weekday-132800_SBS34_870,SBS34,d0,6,22:15:00,22:15:00,404820,25.0,3
MQ_A5-Weekday-132800_SBS34_870,SBS34,d0,7,22:16:38,22:16:38,401821,41.0,3
MQ_A5-Weekday-132800_SBS34_870,SBS34,d0,8,22:18:15,22:18:15,401822,42.0,3
MQ_A5-Weekday-132800_SBS34_870,SBS34,d0,9,22:19:46,22:19:46,401824,42.0,3
MQ_A5-Weekday-132800_SBS34_870,SBS34,d0,10,22:21:15,22:21:15,401826,39.0,3
MQ_A5-Weekday-132800_SBS34_870,SBS34,d0,11,22:22:00,22:22:00,401827,23.0,2
MQ_A5-Weekday-132800_SBS34_870,SBS34,d0,12,22:24:12,22:24:12,405336,8.0,1
MQ_A5-Weekday-132800_SBS34_870,SBS34,d0,13,22:26:13,22:26:13,401832,7.0,1
MQ_A5-Weekday-132800_SBS34_870,SBS34,d0,14,22:27:15,22:27:15,401833,7.0,1
MQ_A5-Weekday-132800_SBS34_870,SBS34,d0,15,22:28:31,22:28:31,402052,6.0,1
MQ_A5-Weekday-132800_SBS34_870,SBS34,d0,16,22:30:00,22:30:00,903027,6.0,1
MQ_A5-Weekday-SDon-057200_SBS34_854,SBS34,d0,1,9:32:00,9:32:00,401497,3.0,1
MQ_A5-Weekday-SDon-057200_SBS34_854,SBS34,d0,2,9:33:29,9:33:29,405026,3.0,2
MQ_A5-Weekday-SDon-057200_SBS34_854,SBS34,d0,3,9:36:51,9:36:51,401818,28.0,2
MQ_A5-Weekday-SDon-057200_SBS34_854,SBS34,d0,4,9:38:34,9:38:34,401819,28.0,2
MQ_A5-Weekday-SDon-057200_SBS34_854,SBS34,d0,5,9:40:00,9:40:00,404820,28.0,3
MQ_A5-Weekday-SDon-057200_SBS34_854,SBS34,d0,6,9:42:20,9:42:20,401821,44.0,3
MQ_A5-Weekday-SDon-057200_SBS34_854,SBS34,d0,7,9:44:38,9:44:38,401822,44.0,3
MQ_A5-Weekday-SDon-057200_SBS34_854,SBS34,d0,8,9:46:48,9:46:48,401824,37.0,3
MQ_A5-Weekday-SDon-057200_SBS34_854,SBS34,d0,9,9:48:56,9:48:56,401826,37.0,3
MQ_A5-Weekday-SDon-057200_SBS34_854,SBS34,d0,10,9:50:00,9:50:00,401827,37.0,3
MQ_A5-Weekday-SDon-057200_SBS34_854,SBS34,d0,11,9:52:46,9:52:46,405336,7.0,1
MQ_A5-Weekday-SDon-057200_SBS34_854,SBS34,d0,12,9:55:17,9:55:17,401832,7.0,1
MQ_A5-Weekday-SDon-057200_SBS34_854,SBS34,d0,13,9:56:33,9:56:33,401833,5.0,2
MQ_A5-Weekday-SDon-057200_SBS34_854,SBS34,d0,14,9:58:08,9:58:08,402052,17.0,2
MQ_A5-Weekday-SDon-057200_SBS34_854,SBS34,d0,15,10:00:00,10:00:00,903027,17.0,2
MQ_A5-Weekday-126800_SBS34_872,SBS34,d0,1,21:08:00,21:08:00,803131,7.0,1
MQ_A5-Weekday-126800_SBS34_872,SBS34,d0,2,21:09:09,21:09:09,403191,7.0,1
MQ_A5-Weekday-126800_SBS34_872,SBS34,d0,3,21:10:50,21:10:50,403192,7.0,1
MQ_A5-Weekday-126800_SBS34_872,SBS34,d0,4,21:12:25,21:12:25,401818,7.0,1
MQ_A5-Weekday-126800_SBS34_872,SBS34,d0,5,21:13:49,21:13:49,401819,10.0,1
MQ_A5-Weekday-126800_SBS34_872,SBS34,d0,6,21:15:00,21:15:00,404820,10.0,2
MQ_A5-Weekday-126800_SBS34_872,SBS34,d0,7,21:16:52,21:16:52,401821,21.0,2
MQ_A5-Weekday-126800_SBS34_872,SBS34,d0,8,21:18:43,21:18:43,401822,21.0,2
MQ_A5-Weekday-126800_SBS34_872,SBS34,d0,9,21:20:27,21:20:27,401824,21.0,2
MQ_A5-Weekday-126800_SBS34_872,SBS34,d0,10,21:22:09,21:22:09,401826,21.0,2
MQ_A5-Weekday-126800_SBS34_872,SBS34,d0,11,21:23:00,21:23:00,401827,9.0,1
MQ_A5-Weekday-126800_SBS34_872,SBS34,d0,12,21:25:29,21:25:29,405336,5.0,1
MQ_A5-Weekday-126800_SBS34_872,SBS34,d0,13,21:27:45,21:27:45,401832,4.0,1
MQ_A5-Weekday-126800_SBS34_872,SBS34,d0,14,21:28:54,21:28:54,401833,4.0,1
MQ_A5-Weekday-126800_SBS34_872,SBS34,d0,15,21:30:19,21:30:19,402052,4.0,1
MQ_A5-Weekday-126800_SBS34_872,SBS34,d0,16,21:32:00,21:32:00,903027,4.0,1
MQ_A5-Weekday-SDon-104800_SBS34_875,SBS34,d0,1,17:28:00,17:28:00,803131,52.0,4
MQ_A5-Weekday-SDon-104800_SBS34_875,SBS34,d0,2,17:29:19,17:29:19,403191,52.0,4
MQ_A5-Weekday-SDon-104800_SBS34_875,SBS34,d0,3,17:31:14,17:31:14,403192,52.0,4
MQ_A5-Weekday-SDon-104800_SBS34_875,SBS34,d0,4,17:33:03,17:33:03,401818,52.0,4
MQ_A5-Weekday-SDon-104800_SBS34_875,SBS34,d0,5,17:34:39,17:34:39,401819,52.0,4
MQ_A5-Weekday-SDon-104800_SBS34_875,SBS34,d0,6,17:36:00,17:36:00,404820,52.0,4
MQ_A5-Weekday-SDon-104800_SBS34_875,SBS34,d0,7,17:38:06,17:38:06,401821,52.0,4
MQ_A5-Weekday-SDon-104800_SBS34_875,SBS34,d0,8,17:40:10,17:40:10,401822,53.0,4
MQ_A5-Weekday-SDon-104800_SBS34_875,SBS34,d0,9,17:42:08,17:42:08,401824,43.0,3
MQ_A5-Weekday-SDon-104800_SBS34_875,SBS34,d0,10,17:44:02,17:44:02,401826,43.0,3
MQ_A5-Weekday-SDon-104800_SBS34_875,SBS34,d0,11,17:45:00,17:45:00,401827,43.0,3
MQ_A5-Weekday-SDon-104800_SBS34_875,SBS34,d0,12,17:46:08,17:46:08,404950,18.0,2
MQ_A5-Weekday-SDon-104800_SBS34_875,SBS34,d0,13,17:47:00,17:47:00,903028,18.0,2
MQ_A5-Weekday-106600_SBS34_876,SBS34,d0,1,17:46:00,17:46:00,401497,14.0,1
MQ_A5-Weekday-106600_SBS34_876,SBS34,d0,2,17:50:15,17:50:15,401818,14.0,2
MQ_A5-Weekday-106600_SBS34_876,SBS34,d0,3,17:51:44,17:51:44,401819,27.0,4
MQ_A5-Weekday-106600_SBS34_876,SBS34,d0,4,17:53:00,17:53:00,404820,52.0,4
MQ_A5-Weekday-106600_SBS34_876,SBS34,d0,5,17:55:06,17:55:06,401821,52.0,4
MQ_A5-Weekday-106600_SBS34_876,SBS34,d0,6,17:57:10,17:57:10,401822,46.0,3
MQ_A5-Weekday-106600_SBS34_876,SBS34,d0,7,17:59:08,17:59:08,401824,46.0,3
MQ_A5-Weekday-106600_SBS34_876,SBS34,d0,8,18:01:02,18:01:02,401826,32.0,2
MQ_A5-Weekday-106600_SBS34_876,SBS34,d0,9,18:02:00,18:02:00,401827,11.0,1
MQ_A5-Weekday-106600_SBS34_876,SBS34,d0,10,18:04:29,18:04:29,405336,11.0,1
MQ_A5-Weekday-106600_SBS34_876,SBS34,d0,11,18:06:45,18:06:45,401832,11.0,1
MQ_A5-Weekday-106600_SBS34_876,SBS34,d0,12,18:07:54,18:07:54,401833,1.0,1
MQ_A5-Weekday-106600_SBS34_876,SBS34,d0,13,18:09:19,18:09:19,402052,1.0,1
MQ_A5-Weekday-106600_SBS34_876,SBS34,d0,14,18:11:00,18:11:00,903027,1.0,1
MQ_A5-Weekday-059400_SBS34_860,SBS34,d0,1,9:54:00,9:54:00,401497,11.0,1
MQ_A5-Weekday-059400_SBS34_860,SBS34,d0,2,9:55:29,9:55:29,405026,11.0,1
MQ_A5-Weekday-059400_SBS34_860,SBS34,d0,3,9:58:51,9:58:51,401818,11.0,2
MQ_A5-Weekday-059400_SBS34_860,SBS34,d0,4,10:00:34,10:00:34,401819,31.0,4
MQ_A5-Weekday-059400_SBS34_860,SBS34,d0,5,10:02:00,10:02:00,404820,60.0,5
MQ_A5-Weekday-059400_SBS34_860,SBS34,d0,6,10:04:20,10:04:20,401821,66.0,5
MQ_A5-Weekday-059400_SBS34_860,SBS34,d0,7,10:06:38,10:06:38,401822,60.0,4
MQ_A5-Weekday-059400_SBS34_860,SBS34,d0,8,10:08:48,10:08:48,401824,60.0,4
MQ_A5-Weekday-059400_SBS34_860,SBS34,d0,9,10:10:56,10:10:56,401826,50.0,4
MQ_A5-Weekday-059400_SBS34_860,SBS34,d0,10,10:12:00,10:12:00,401827,43.0,3
MQ_A5-Weekday-059400_SBS34_860,SBS34,d0,11,10:14:46,10:14:46,405336,33.0,3
MQ_A5-Weekday-059400_SBS34_860,SBS34,d0,12,10:17:17,10:17:17,401832,33.0,3
MQ_A5-Weekday-059400_SBS34_860,SBS34,d0,13,10:18:33,10:18:33,401833,33.0,3
MQ_A5-Weekday-059400_SBS34_860,SBS34,d0,14,10:20:08,10:20:08,402052,33.0,3
MQ_A5-Weekday-059400_SBS34_860,SBS34,d0,15,10:22:00,10:22:00,903027,33.0,3
MQ_A5-Weekday-093700_SBS34_862,SBS34,d0,1,15:37:00,15:37:00,803131,1.0,1
MQ_A5-Weekday-093700_SBS34_862,SBS34,d0,2,15:38:29,15:38:29,403191,1.0,1
MQ_A5-Weekday-093700_SBS34_862,SBS34,d0,3,15:40:38,15:40:38,403192,1.0,1
MQ_A5-Weekday-093700_SBS34_862,SBS34,d0,4,15:42:41,15:42:41,401818,1.0,1
MQ_A5-Weekday-093700_SBS34_862,SBS34,d0,5,15:44:29,15:44:29,401819,1.0,1
MQ_A5-Weekday-093700_SBS34_862,SBS34,d0,6,15:46:00,15:46:00,404820,1.0,1
MQ_A5-Weekday-093700_SBS34_862,SBS34,d0,7,15:48:20,15:48:20,401821,1.0,1
MQ_A5-Weekday-093700_SBS34_862,SBS34,d0,8,15:50:38,15:50:38,401822,1.0,1
MQ_A5-Weekday-093700_SBS34_862,SBS34,d0,9,15:52:48,15:52:48,401824,1.0,1
MQ_A5-Weekday-093700_SBS34_862,SBS34,d0,10,15:54:56,15:54:56,401826,1.0,1
MQ_A5-Weekday-093700_SBS34_862,SBS34,d0,11,15:56:00,15:56:00,401827,1.0,1
MQ_A5-Weekday-093700_SBS34_862,SBS34,d0,12,15:58:46,15:58:46,405336,1.0,1
MQ_A5-Weekday-093700_SBS34_862,SBS34,d0,13,16:01:17,16:01:17,401832,1.0,1
MQ_A5-Weekday-093700_SBS34_862,SBS34,d0,14,16:02:33,16:02:33,401833,1.0,1
MQ_A5-Weekday-093700_SBS34_862,SBS34,d0,15,16:04:08,16:04:08,402052,1.0,1
MQ_A5-Weekday-093700_SBS34_862,SBS34,d0,16,16:06:00,16:06:00,903027,1.0,1
MQ_A5-Weekday-SDon-109600_SBS34_868,SBS34,d0,1,18:16:00,18:16:00,803131,5.0,1
MQ_A5-Weekday-SDon-109600_SBS34_868,SBS34,d0,2,18:17:19,18:17:19,403191,13.0,2
MQ_A5-Weekday-SDon-109600_SBS34_868,SBS34,d0,3,18:19:14,18:19:14,403192,25.0,2
MQ_A5-Weekday-SDon-109600_SBS34_868,SBS34,d0,4,18:21:03,18:21:03,401818,28.0,2
MQ_A5-Weekday-SDon-109600_SBS34_868,SBS34,d0,5,18:22:39,18:22:39,401819,28.0,3
MQ_A5-Weekday-SDon-109600_SBS34_868,SBS34,d0,6,18:24:00,18:24:00,404820,43.0,3
MQ_A5-Weekday-SDon-109600_SBS34_868,SBS34,d0,7,18:26:06,18:26:06,401821,43.0,4
MQ_A5-Weekday-SDon-109600_SBS34_868,SBS34,d0,8,18:28:10,18:28:10,401822,56.0,4
MQ_A5-Weekday-SDon-109600_SBS34_868,SBS34,d0,9,18:30:08,18:30:08,401824,43.0,3
MQ_A5-Weekday-SDon-109600_SBS34_868,SBS34,d0,10,18:32:02,18:32:02,401826,34.0,3
MQ_A5-Weekday-SDon-109600_SBS34_868,SBS34,d0,11,18:33:00,18:33:00,401827,4.0,1
MQ_A5-Weekday-SDon-109600_SBS34_868,SBS34,d0,12,18:34:08,18:34:08,404950,6.0,1
MQ_A5-Weekday-SDon-109600_SBS34_868,SBS34,d0,13,18:35:00,18:35:00,903028,6.0,1
MQ_A5-Weekday-SDon-043800_SBS34_859,SBS34,d0,1,7:18:00,7:18:00,401497,33.0,3
MQ_A5-Weekday-SDon-043800_SBS34_859,SBS34,d0,2,7:19:29,7:19:29,405026,33.0,3
MQ_A5-Weekday-SDon-043800_SBS34_859,SBS34,d0,3,7:22:51,7:22:51,401818,33.0,3
MQ_A5-Weekday-SDon-043800_SBS34_859,SBS34,d0,4,7:24:34,7:24:34,401819,33.0,3
MQ_A5-Weekday-SDon-043800_SBS34_859,SBS34,d0,5,7:26:00,7:26:00,404820,33.0,3
MQ_A5-Weekday-SDon-043800_SBS34_859,SBS34,d0,6,7:28:20,7:28:20,401821,33.0,3
MQ_A5-Weekday-SDon-043800_SBS34_859,SBS34,d0,7,7:30:38,7:30:38,401822,33.0,3
MQ_A5-Weekday-SDon-043800_SBS34_859,SBS34,d0,8,7:32:48,7:32:48,401824,33.0,3
MQ_A5-Weekday-SDon-043800_SBS34_859,SBS34,d0,9,7:34:56,7:34:56,401826,33.0,3
MQ_A5-Weekday-SDon-043800_SBS34_859,SBS34,d0,10,7:36:00,7:36:00,401827,33.0,3
MQ_A5-Weekday-SDon-043800_SBS34_859,SBS34,d0,11,7:38:46,7:38:46,405336,33.0,3
MQ_A5-Weekday-SDon-043800_SBS34_859,SBS34,d0,12,7:41:17,7:41:17,401832,33.0,3
MQ_A5-Weekday-SDon-043800_SBS34_859,SBS34,d0,13,7:42:33,7:42:33,401833,33.0,3
MQ_A5-Weekday-SDon-043800_SBS34_859,SBS34,d0,14,7:44:08,7:44:08,402052,23.0,2
MQ_A5-Weekday-SDon-043800_SBS34_859,SBS34,d0,15,7:46:00,7:46:00,903027,23.0,2
MQ_A5-Weekday-051600_SBS34_860,SBS34,d0,1,8:36:00,8:36:00,401497,6.0,1
MQ_A5-Weekday-051600_SBS34_860,SBS34,d0,2,8:37:29,8:37:29,405026,13.0,2
MQ_A5-Weekday-051600_SBS34_860,SBS34,d0,3,8:40:51,8:40:51,401818,17.0,3
MQ_A5-Weekday-051600_SBS34_860,SBS34,d0,4,8:42:34,8:42:34,401819,47.0,5
MQ_A5-Weekday-051600_SBS34_860,SBS34,d0,5,8:44:00,8:44:00,404820,78.0,6
MQ_A5-Weekday-051600_SBS34_860,SBS34,d0,6,8:46:20,8:46:20,401821,85.0,6
MQ_A5-Weekday-051600_SBS34_860,SBS34,d0,7,8:48:38,8:48:38,401822,79.0,5
MQ_A5-Weekday-051600_SBS34_860,SBS34,d0,8,8:50:48,8:50:48,401824,75.0,5
MQ_A5-Weekday-051600_SBS34_860,SBS34,d0,9,8:52:56,8:52:56,401826,65.0,5
MQ_A5-Weekday-051600_SBS34_860,SBS34,d0,10,8:54:00,8:54:00,401827,51.0,4
MQ_A5-Weekday-051600_SBS34_860,SBS34,d0,11,8:56:46,8:56:46,405336,30.0,2
MQ_A5-Weekday-051600_SBS34_860,SBS34,d0,12,8:59:17,8:59:17,401832,30.0,2
MQ_A5-Weekday-051600_SBS34_860,SBS34,d0,13,9:00:33,9:00:33,401833,30.0,2
MQ_A5-Weekday-051600_SBS34_860,SBS34,d0,14,9:02:08,9:02:08,402052,25.0,2
MQ_A5-Weekday-051600_SBS34_860,SBS34,d0,15,9:04:00,9:04:00,903027,25.0,2
MQ_A5-Weekday-SDon-072800_SBS34_862,SBS34,d0,1,12:08:00,12:08:00,803131,5.0,1
MQ_A5-Weekday-SDon-072800_SBS34_862,SBS34,d0,2,12:09:19,12:09:19,403191,5.0,1
MQ_A5-Weekday-SDon-072800_SBS34_862,SBS34,d0,3,12:11:14,12:11:14,403192,5.0,1
MQ_A5-Weekday-SDon-072800_SBS34_862,SBS34,d0,4,12:13:03,12:13:03,401818,5.0,1
MQ_A5-Weekday-SDon-072800_SBS34_862,SBS34,d0,5,12:14:39,12:14:39,401819,5.0,1
MQ_A5-Weekday-SDon-072800_SBS34_862,SBS34,d0,6,12:16:00,12:16:00,404820,5.0,1
MQ_A5-Weekday-SDon-072800_SBS34_862,SBS34,d0,7,12:18:20,12:18:20,401821,5.0,1
MQ_A5-Weekday-SDon-072800_SBS34_862,SBS34,d0,8,12:20:38,12:20:38,401822,5.0,1
MQ_A5-Weekday-SDon-072800_SBS34_862,SBS34,d0,9,12:22:48,12:22:48,401824,5.0,1
MQ_A5-Weekday-SDon-072800_SBS34_862,SBS34,d0,10,12:24:56,12:24:56,401826,5.0,1
MQ_A5-Weekday-SDon-072800_SBS34_862,SBS34,d0,11,12:26:00,12:26:00,401827,5.0,1
MQ_A5-Weekday-SDon-072800_SBS34_862,SBS34,d0,12,12:28:46,12:28:46,405336,5.0,1
MQ_A5-Weekday-SDon-072800_SBS34_862,SBS34,d0,13,12:31:17,12:31:17,401832,5.0,1
MQ_A5-Weekday-SDon-072800_SBS34_862,SBS34,d0,14,12:32:33,12:32:33,401833,5.0,1
MQ_A5-Weekday-SDon-072800_SBS34_862,SBS34,d0,15,12:34:08,12:34:08,402052,5.0,1
MQ_A5-Weekday-SDon-072800_SBS34_862,SBS34,d0,16,12:36:00,12:36:00,903027,5.0,1
MQ_A5-Weekday-SDon-102400_SBS34_863,SBS34,d0,1,17:04:00,17:04:00,401497,17.0,2
MQ_A5-Weekday-SDon-102400_SBS34_863,SBS34,d0,2,17:08:15,17:08:15,401818,22.0,2
MQ_A5-Weekday-SDon-102400_SBS34_863,SBS34,d0,3,17:09:44,17:09:44,401819,15.0,1
MQ_A5-Weekday-SDon-102400_SBS34_863,SBS34,d0,4,17:11:00,17:11:00,404820,15.0,2
MQ_A5-Weekday-SDon-102400_SBS34_863,SBS34,d0,5,17:13:06,17:13:06,401821,23.0,4
MQ_A5-Weekday-SDon-102400_SBS34_863,SBS34,d0,6,17:15:10,17:15:10,401822,49.0,4
MQ_A5-Weekday-SDon-102400_SBS34_863,SBS34,d0,7,17:17:08,17:17:08,401824,21.0,3
MQ_A5-Weekday-SDon-102400_SBS34_863,SBS34,d0,8,17:19:02,17:19:02,401826,34.0,3
MQ_A5-Weekday-SDon-102400_SBS34_863,SBS34,d0,9,17:20:00,17:20:00,401827,9.0,1
MQ_A5-Weekday-SDon-102400_SBS34_863,SBS34,d0,10,17:22:46,17:22:46,405336,4.0,1
MQ_A5-Weekday-SDon-102400_SBS34_863,SBS34,d0,11,17:25:17,17:25:17,401832,9.0,1
MQ_A5-Weekday-SDon-102400_SBS34_863,SBS34,d0,12,17:26:33,17:26:33,401833,2.0,1
MQ_A5-Weekday-SDon-102400_SBS34_863,SBS34,d0,13,17:28:08,17:28:08,402052,3.0,1
MQ_A5-Weekday-SDon-102400_SBS34_863,SBS34,d0,14,17:30:00,17:30:00,903027,3.0,1
MQ_A5-Weekday-107800_SBS34_872,SBS34,d0,1,17:58:00,17:58:00,401497,26.0,2
MQ_A5-Weekday-107800_SBS34_872,SBS34,d0,2,18:02:15,18:02:15,401818,26.0,2
MQ_A5-Weekday-107800_SBS34_872,SBS34,d0,3,18:03:44,18:03:44,401819,26.0,3
MQ_A5-Weekday-107800_SBS34_872,SBS34,d0,4,18:05:00,18:05:00,404820,36.0,3
MQ_A5-Weekday-107800_SBS34_872,SBS34,d0,5,18:07:06,18:07:06,401821,39.0,3
MQ_A5-Weekday-107800_SBS34_872,SBS34,d0,6,18:09:10,18:09:10,401822,39.0,3
MQ_A5-Weekday-107800_SBS34_872,SBS34,d0,7,18:11:08,18:11:08,401824,40.0,3
MQ_A5-Weekday-107800_SBS34_872,SBS34,d0,8,18:13:02,18:13:02,401826,17.0,2
MQ_A5-Weekday-107800_SBS34_872,SBS34,d0,9,18:14:00,18:14:00,401827,17.0,2
MQ_A5-Weekday-107800_SBS34_872,SBS34,d0,10,18:16:29,18:16:29,405336,10.0,1
MQ_A5-Weekday-107800_SBS34_872,SBS34,d0,11,18:18:45,18:18:45,401832,8.0,1
MQ_A5-Weekday-107800_SBS34_872,SBS34,d0,12,18:19:54,18:19:54,401833,8.0,1
MQ_A5-Weekday-107800_SBS34_872,SBS34,d0,13,18:21:19,18:21:19,402052,8.0,1
MQ_A5-Weekday-107800_SBS34_872,SBS34,d0,14,18:23:00,18:23:00,903027,8.0,1
MQ_A5-Weekday-085300_SBS34_861,SBS34,d0,1,14:13:00,14:13:00,803131,3.0,1
MQ_A5-Weekday-085300_SBS34_861,SBS34,d0,2,14:14:29,14:14:29,403191,9.0,1
MQ_A5-Weekday-085300_SBS34_861,SBS34,d0,3,14:16:38,14:16:38,403192,9.0,1
MQ_A5-Weekday-085300_SBS34_861,SBS34,d0,4,14:18:41,14:18:41,401818,9.0,1
MQ_A5-Weekday-085300_SBS34_861,SBS34,d0,5,14:20:29,14:20:29,401819,9.0,1
MQ_A5-Weekday-085300_SBS34_861,SBS34,d0,6,14:22:00,14:22:00,404820,9.0,1
MQ_A5-Weekday-085300_SBS34_861,SBS34,d0,7,14:24:34,14:24:34,401821,9.0,1
MQ_A5-Weekday-085300_SBS34_861,SBS34,d0,8,14:27:06,14:27:06,401822,9.0,1
MQ_A5-Weekday-085300_SBS34_861,SBS34,d0,9,14:29:29,14:29:29,401824,9.0,1
MQ_A5-Weekday-085300_SBS34_861,SBS34,d0,10,14:31:49,14:31:49,401826,9.0,1
MQ_A5-Weekday-085300_SBS34_861,SBS34,d0,11,14:33:00,14:33:00,401827,9.0,1
MQ_A5-Weekday-085300_SBS34_861,SBS34,d0,12,14:35:46,14:35:46,405336,9.0,1
MQ_A5-Weekday-085300_SBS34_861,SBS34,d0,13,14:38:17,14:38:17,401832,9.0,1
MQ_A5-Weekday-085300_SBS34_861,SBS34,d0,14,14:39:33,14:39:33,401833,9.0,1
MQ_A5-Weekday-085300_SBS34_861,SBS34,d0,15,14:41:08,14:41:08,402052,9.0,1
MQ_A5-Weekday-085300_SBS34_861,SBS34,d0,16,14:43:00,14:43:00,903027,9.0,1
MQ_A5-Weekday-SDon-096400_SBS34_871,SBS34,d0,1,16:04:00,16:04:00,401497,6.0,1
MQ_A5-Weekday-SDon-096400_SBS34_871,SBS34,d0,2,16:08:15,16:08:15,401818,10.0,1
MQ_A5-Weekday-SDon-096400_SBS34_871,SBS34,d0,3,16:09:44,16:09:44,401819,10.0,1
MQ_A5-Weekday-SDon-096400_SBS34_871,SBS34,d0,4,16:11:00,16:11:00,404820,12.0,2
MQ_A5-Weekday-SDon-096400_SBS34_871,SBS34,d0,5,16:13:20,16:13:20,401821,25.0,3
MQ_A5-Weekday-SDon-096400_SBS34_871,SBS34,d0,6,16:15:38,16:15:38,401822,33.0,3
MQ_A5-Weekday-SDon-096400_SBS34_871,SBS34,d0,7,16:17:48,16:17:48,401824,40.0,3
MQ_A5-Weekday-SDon-096400_SBS34_871,SBS34,d0,8,16:19:56,16:19:56,401826,19.0,2
MQ_A5-Weekday-SDon-096400_SBS34_871,SBS34,d0,9,16:21:00,16:21:00,401827,19.0,2
MQ_A5-Weekday-SDon-096400_SBS34_871,SBS34,d0,10,16:23:46,16:23:46,405336,6.0,2
MQ_A5-Weekday-SDon-096400_SBS34_871,SBS34,d0,11,16:26:17,16:26:17,401832,18.0,2
MQ_A5-Weekday-SDon-096400_SBS34_871,SBS34,d0,12,16:27:33,16:27:33,401833,5.0,2
MQ_A5-Weekday-SDon-096400_SBS34_871,SBS34,d0,13,16:29:08,16:29:08,402052,21.0,2
MQ_A5-Weekday-SDon-096400_SBS34_871,SBS34,d0,14,16:31:00,16:31:00,903027,21.0,2
MQ_A5-Weekday-068600_SBS34_852,SBS34,d0,1,11:26:00,11:26:00,401497,13.0,1
MQ_A5-Weekday-068600_SBS34_852,SBS34,d0,2,11:27:29,11:27:29,405026,13.0,2
MQ_A5-Weekday-068600_SBS34_852,SBS34,d0,3,11:30:51,11:30:51,401818,18.0,2
MQ_A5-Weekday-068600_SBS34_852,SBS34,d0,4,11:32:34,11:32:34,401819,29.0,3
MQ_A5-Weekday-068600_SBS34_852,SBS34,d0,5,11:34:00,11:34:00,404820,43.0,3
MQ_A5-Weekday-068600_SBS34_852,SBS34,d0,6,11:36:20,11:36:20,401821,34.0,3
MQ_A5-Weekday-068600_SBS34_852,SBS34,d0,7,11:38:38,11:38:38,401822,43.0,3
MQ_A5-Weekday-068600_SBS34_852,SBS34,d0,8,11:40:48,11:40:48,401824,31.0,2
MQ_A5-Weekday-068600_SBS34_852,SBS34,d0,9,11:42:56,11:42:56,401826,20.0,2
MQ_A5-Weekday-068600_SBS34_852,SBS34,d0,10,11:44:00,11:44:00,401827,20.0,2
MQ_A5-Weekday-068600_SBS34_852,SBS34,d0,11,11:46:46,11:46:46,405336,9.0,1
MQ_A5-Weekday-068600_SBS34_852,SBS34,d0,12,11:49:17,11:49:17,401832,1.0,1
MQ_A5-Weekday-068600_SBS34_852,SBS34,d0,13,11:50:33,11:50:33,401833,1.0,1
MQ_A5-Weekday-068600_SBS34_852,SBS34,d0,14,11:52:08,11:52:08,402052,1.0,1
MQ_A5-Weekday-068600_SBS34_852,SBS34,d0,15,11:54:00,11:54:00,903027,1.0,1
MQ_A5-Weekday-SDon-052400_SBS34_852,SBS34,d0,1,8:44:00,8:44:00,401497,8.0,1
MQ_A5-Weekday-SDon-052400_SBS34_852,SBS34,d0,2,8:45:29,8:45:29,405026,8.0,1
MQ_A5-Weekday-SDon-052400_SBS34_852,SBS34,d0,3,8:48:51,8:48:51,401818,5.0,2
MQ_A5-Weekday-SDon-052400_SBS34_852,SBS34,d0,4,8:50:34,8:50:34,401819,25.0,2
MQ_A5-Weekday-SDon-052400_SBS34_852,SBS34,d0,5,8:52:00,8:52:00,404820,21.0,2
MQ_A5-Weekday-SDon-052400_SBS34_852,SBS34,d0,6,8:54:20,8:54:20,401821,23.0,2
MQ_A5-Weekday-SDon-052400_SBS34_852,SBS34,d0,7,8:56:38,8:56:38,401822,19.0,2
MQ_A5-Weekday-SDon-052400_SBS34_852,SBS34,d0,8,8:58:48,8:58:48,401824,19.0,2
MQ_A5-Weekday-SDon-052400_SBS34_852,SBS34,d0,9,9:00:56,9:00:56,401826,14.0,1
MQ_A5-Weekday-SDon-052400_SBS34_852,SBS34,d0,10,9:02:00,9:02:00,401827,14.0,1
MQ_A5-Weekday-SDon-052400_SBS34_852,SBS34,d0,11,9:04:46,9:04:46,405336,5.0,1
MQ_A5-Weekday-SDon-052400_SBS34_852,SBS34,d0,12,9:07:17,9:07:17,401832,2.0,1
MQ_A5-Weekday-SDon-052400_SBS34_852,SBS34,d0,13,9:08:33,9:08:33,401833,2.0,1
MQ_A5-Weekday-SDon-052400_SBS34_852,SBS34,d0,14,9:10:08,9:10:08,402052,2.0,1
MQ_A5-Weekday-SDon-052400_SBS34_852,SBS34,d0,15,9:12:00,9:12:00,903027,2.0,1
MQ_A5-Weekday-SDon-047200_SBS34_853,SBS34,d0,1,7:52:00,7:52:00,803131,9.0,1
MQ_A5-Weekday-SDon-047200_SBS34_853,SBS34,d0,2,7:53:19,7:53:19,403191,9.0,1
MQ_A5-Weekday-SDon-047200_SBS34_853,SBS34,d0,3,7:55:14,7:55:14,403192,9.0,1
MQ_A5-Weekday-SDon-047200_SBS34_853,SBS34,d0,4,7:57:03,7:57:03,401818,9.0,1
MQ_A5-Weekday-SDon-047200_SBS34_853,SBS34,d0,5,7:58:39,7:58:39,401819,9.0,1
MQ_A5-Weekday-SDon-047200_SBS34_853,SBS34,d0,6,8:00:00,8:00:00,404820,9.0,4
MQ_A5-Weekday-SDon-047200_SBS34_853,SBS34,d0,7,8:02:20,8:02:20,401821,50.0,4
MQ_A5-Weekday-SDon-047200_SBS34_853,SBS34,d0,8,8:04:38,8:04:38,401822,11.0,2
MQ_A5-Weekday-SDon-047200_SBS34_853,SBS34,d0,9,8:06:48,8:06:48,401824,18.0,2
MQ_A5-Weekday-SDon-047200_SBS34_853,SBS34,d0,10,8:08:56,8:08:56,401826,18.0,2
MQ_A5-Weekday-SDon-047200_SBS34_853,SBS34,d0,11,8:10:00,8:10:00,401827,18.0,2
MQ_A5-Weekday-SDon-047200_SBS34_853,SBS34,d0,12,8:11:08,8:11:08,404950,2.0,1
MQ_A5-Weekday-SDon-047200_SBS34_853,SBS34,d0,13,8:12:00,8:12:00,903028,2.0,1
MQ_A5-Weekday-SDon-076500_SBS34_852,SBS34,d0,1,12:45:00,12:45:00,401497,13.0,2
MQ_A5-Weekday-SDon-076500_SBS34_852,SBS34,d0,2,12:46:06,12:46:06,405026,26.0,2
MQ_A5-Weekday-SDon-076500_SBS34_852,SBS34,d0,3,12:48:38,12:48:38,401818,14.0,2
MQ_A5-Weekday-SDon-076500_SBS34_852,SBS34,d0,4,12:49:55,12:49:55,401819,22.0,3
MQ_A5-Weekday-SDon-076500_SBS34_852,SBS34,d0,5,12:51:00,12:51:00,404820,34.0,3
MQ_A5-Weekday-SDon-076500_SBS34_852,SBS34,d0,6,12:53:34,12:53:34,401821,14.0,4
MQ_A5-Weekday-SDon-076500_SBS34_852,SBS34,d0,7,12:56:06,12:56:06,401822,49.0,4
MQ_A5-Weekday-SDon-076500_SBS34_852,SBS34,d0,8,12:58:29,12:58:29,401824,41.0,3
MQ_A5-Weekday-SDon-076500_SBS34_852,SBS34,d0,9,13:00:49,13:00:49,401826,28.0,2
MQ_A5-Weekday-SDon-076500_SBS34_852,SBS34,d0,10,13:02:00,13:02:00,401827,28.0,2
MQ_A5-Weekday-SDon-076500_SBS34_852,SBS34,d0,11,13:05:02,13:05:02,405336,28.0,2
MQ_A5-Weekday-SDon-076500_SBS34_852,SBS34,d0,12,13:07:48,13:07:48,401832,6.0,1
MQ_A5-Weekday-SDon-076500_SBS34_852,SBS34,d0,13,13:09:13,13:09:13,401833,8.0,1
MQ_A5-Weekday-SDon-076500_SBS34_852,SBS34,d0,14,13:10:57,13:10:57,402052,7.0,1
MQ_A5-Weekday-SDon-076500_SBS34_852,SBS34,d0,15,13:13:00,13:13:00,903027,7.0,1
MQ_A5-Weekday-SDon-083800_SBS34_868,SBS34,d0,1,13:58:00,13:58:00,401497,10.0,1
MQ_A5-Weekday-SDon-083800_SBS34_868,SBS34,d0,2,13:59:06,13:59:06,405026,10.0,1
MQ_A5-Weekday-SDon-083800_SBS34_868,SBS34,d0,3,14:01:38,14:01:38,401818,16.0,1
MQ_A5-Weekday-SDon-083800_SBS34_868,SBS34,d0,4,14:02:55,14:02:55,401819,16.0,3
MQ_A5-Weekday-SDon-083800_SBS34_868,SBS34,d0,5,14:04:00,14:04:00,404820,45.0,3
MQ_A5-Weekday-SDon-083800_SBS34_868,SBS34,d0,6,14:06:34,14:06:34,401821,45.0,4
MQ_A5-Weekday-SDon-083800_SBS34_868,SBS34,d0,7,14:09:06,14:09:06,401822,64.0,4
MQ_A5-Weekday-SDon-083800_SBS34_868,SBS34,d0,8,14:11:29,14:11:29,401824,64.0,4
MQ_A5-Weekday-SDon-083800_SBS34_868,SBS34,d0,9,14:13:49,14:13:49,401826,60.0,4
MQ_A5-Weekday-SDon-083800_SBS34_868,SBS34,d0,10,14:15:00,14:15:00,401827,35.0,3
MQ_A5-Weekday-SDon-083800_SBS34_868,SBS34,d0,11,14:18:02,14:18:02,405336,19.0,2
MQ_A5-Weekday-SDon-083800_SBS34_868,SBS34,d0,12,14:20:48,14:20:48,401832,19.0,2
MQ_A5-Weekday-SDon-083800_SBS34_868,SBS34,d0,13,14:22:13,14:22:13,401833,19.0,2
MQ_A5-Weekday-SDon-083800_SBS34_868,SBS34,d0,14,14:23:57,14:23:57,402052,6.0,1
MQ_A5-Weekday-SDon-083800_SBS34_868,SBS34,d0,15,14:26:00,14:26:00,903027,6.0,1
MQ_A5-Weekday-SDon-058800_SBS34_862,SBS34,d0,1,9:48:00,9:48:00,803131,1.0,1
MQ_A5-Weekday-SDon-058800_SBS34_862,SBS34,d0,2,9:49:19,9:49:19,403191,1.0,1
MQ_A5-Weekday-SDon-058800_SBS34_862,SBS34,d0,3,9:51:14,9:51:14,403192,1.0,1
MQ_A5-Weekday-SDon-058800_SBS34_862,SBS34,d0,4,9:53:03,9:53:03,401818,1.0,1
MQ_A5-Weekday-SDon-058800_SBS34_862,SBS34,d0,5,9:54:39,9:54:39,401819,1.0,1
MQ_A5-Weekday-SDon-058800_SBS34_862,SBS34,d0,6,9:56:00,9:56:00,404820,4.0,1
MQ_A5-Weekday-SDon-058800_SBS34_862,SBS34,d0,7,9:58:20,9:58:20,401821,4.0,1
MQ_A5-Weekday-SDon-058800_SBS34_862,SBS34,d0,8,10:00:38,10:00:38,401822,7.0,1
MQ_A5-Weekday-SDon-058800_SBS34_862,SBS34,d0,9,10:02:48,10:02:48,401824,7.0,1
MQ_A5-Weekday-SDon-058800_SBS34_862,SBS34,d0,10,10:04:56,10:04:56,401826,7.0,1
MQ_A5-Weekday-SDon-058800_SBS34_862,SBS34,d0,11,10:06:00,10:06:00,401827,7.0,1
MQ_A5-Weekday-SDon-058800_SBS34_862,SBS34,d0,12,10:07:08,10:07:08,404950,1.0,1
MQ_A5-Weekday-SDon-058800_SBS34_862,SBS34,d0,13,10:08:00,10:08:00,903028,1.0,1
MQ_A5-Weekday-053200_SBS34_863,SBS34,d0,1,8:52:00,8:52:00,401497,11.0,2
MQ_A5-Weekday-053200_SBS34_863,SBS34,d0,2,8:53:29,8:53:29,405026,20.0,2
MQ_A5-Weekday-053200_SBS34_863,SBS34,d0,3,8:56:51,8:56:51,401818,23.0,2
MQ_A5-Weekday-053200_SBS34_863,SBS34,d0,4,8:58:34,8:58:34,401819,23.0,2
MQ_A5-Weekday-053200_SBS34_863,SBS34,d0,5,9:00:00,9:00:00,404820,23.0,2
MQ_A5-Weekday-053200_SBS34_863,SBS34,d0,6,9:02:20,9:02:20,401821,23.0,2
MQ_A5-Weekday-053200_SBS34_863,SBS34,d0,7,9:04:38,9:04:38,401822,23.0,2
MQ_A5-Weekday-053200_SBS34_863,SBS34,d0,8,9:06:48,9:06:48,401824,23.0,2
MQ_A5-Weekday-053200_SBS34_863,SBS34,d0,9,9:08:56,9:08:56,401826,23.0,2
MQ_A5-Weekday-053200_SBS34_863,SBS34,d0,10,9:10:00,9:10:00,401827,23.0,2
MQ_A5-Weekday-053200_SBS34_863,SBS34,d0,11,9:12:46,9:12:46,405336,23.0,2
MQ_A5-Weekday-053200_SBS34_863,SBS34,d0,12,9:15:17,9:15:17,401832,23.0,2
MQ_A5-Weekday-053200_SBS34_863,SBS34,d0,13,9:16:33,9:16:33,401833,23.0,2
MQ_A5-Weekday-053200_SBS34_863,SBS34,d0,14,9:18:08,9:18:08,402052,23.0,2
MQ_A5-Weekday-053200_SBS34_863,SBS34,d0,15,9:20:00,9:20:00,903027,23.0,2
MQ_A5-Weekday-SDon-088500_SBS34_860,SBS34,d0,1,14:45:00,14:45:00,401497,2.0,1
MQ_A5-Weekday-SDon-088500_SBS34_860,SBS34,d0,2,14:46:17,14:46:17,405026,2.0,1
MQ_A5-Weekday-SDon-088500_SBS34_860,SBS34,d0,3,14:49:15,14:49:15,401818,2.0,1
MQ_A5-Weekday-SDon-088500_SBS34_860,SBS34,d0,4,14:50:44,14:50:44,401819,2.0,1
MQ_A5-Weekday-SDon-088500_SBS34_860,SBS34,d0,5,14:52:00,14:52:00,404820,2.0,1
MQ_A5-Weekday-SDon-088500_SBS34_860,SBS34,d0,6,14:54:20,14:54:20,401821,2.0,1
MQ_A5-Weekday-SDon-088500_SBS34_860,SBS34,d0,7,14:56:38,14:56:38,401822,2.0,1
MQ_A5-Weekday-SDon-088500_SBS34_860,SBS34,d0,8,14:58:48,14:58:48,401824,2.0,1
MQ_A5-Weekday-SDon-088500_SBS34_860,SBS34,d0,9,15:00:56,15:00:56,401826,2.0,1
MQ_A5-Weekday-SDon-088500_SBS34_860,SBS34,d0,10,15:02:00,15:02:00,401827,2.0,1
MQ_A5-Weekday-SDon-088500_SBS34_860,SBS34,d0,11,15:04:46,15:04:46,405336,2.0,1
MQ_A5-Weekday-SDon-088500_SBS34_860,SBS34,d0,12,15:07:17,15:07:17,401832,2.0,1
MQ_A5-Weekday-SDon-088500_SBS34_860,SBS34,d0,13,15:08:33,15:08:33,401833,1.0,1
MQ_A5-Weekday-SDon-088500_SBS34_860,SBS34,d0,14,15:10:08,15:10:08,402052,1.0,1
MQ_A5-Weekday-SDon-088500_SBS34_860,SBS34,d0,15,15:12:00,15:12:00,903027,1.0,1
MQ_A5-Weekday-SDon-066000_SBS34_859,SBS34,d0,1,11:00:00,11:00:00,401497,13.0,1
MQ_A5-Weekday-SDon-066000_SBS34_859,SBS34,d0,2,11:01:29,11:01:29,405026,13.0,1
MQ_A5-Weekday-SDon-066000_SBS34_859,SBS34,d0,3,11:04:51,11:04:51,401818,10.0,1
MQ_A5-Weekday-SDon-066000_SBS34_859,SBS34,d0,4,11:06:34,11:06:34,401819,9.0,1
MQ_A5-Weekday-SDon-066000_SBS34_859,SBS34,d0,5,11:08:00,11:08:00,404820,16.0,2
MQ_A5-Weekday-SDon-066000_SBS34_859,SBS34,d0,6,11:10:20,11:10:20,401821,28.0,2
MQ_A5-Weekday-SDon-066000_SBS34_859,SBS34,d0,7,11:12:38,11:12:38,401822,10.0,1
MQ_A5-Weekday-SDon-066000_SBS34_859,SBS34,d0,8,11:14:48,11:14:48,401824,10.0,3
MQ_A5-Weekday-SDon-066000_SBS34_859,SBS34,d0,9,11:16:56,11:16:56,401826,35.0,3
MQ_A5-Weekday-SDon-066000_SBS34_859,SBS34,d0,10,11:18:00,11:18:00,401827,27.0,2
MQ_A5-Weekday-SDon-066000_SBS34_859,SBS34,d0,11,11:20:46,11:20:46,405336,18.0,2
MQ_A5-Weekday-SDon-066000_SBS34_859,SBS34,d0,12,11:23:17,11:23:17,401832,12.0,1
MQ_A5-Weekday-SDon-066000_SBS34_859,SBS34,d0,13,11:24:33,11:24:33,401833,12.0,1
MQ_A5-Weekday-SDon-066000_SBS34_859,SBS34,d0,14,11:26:08,11:26:08,402052,12.0,1
MQ_A5-Weekday-SDon-066000_SBS34_859,SBS34,d0,15,11:28:00,11:28:00,903027,12.0,1
MQ_A5-Weekday-SDon-111900_SBS34_866,SBS34,d0,1,18:39:00,18:39:00,401497,12.0,1
MQ_A5-Weekday-SDon-111900_SBS34_866,SBS34,d0,2,18:42:38,18:42:38,401818,16.0,2
MQ_A5-Weekday-SDon-111900_SBS34_866,SBS34,d0,3,18:43:55,18:43:55,401819,21.0,3
MQ_A5-Weekday-SDon-111900_SBS34_866,SBS34,d0,4,18:45:00,18:45:00,404820,42.0,3
MQ_A5-Weekday-SDon-111900_SBS34_866,SBS34,d0,5,18:47:06,18:47:06,401821,40.0,4
MQ_A5-Weekday-SDon-111900_SBS34_866,SBS34,d0,6,18:49:10,18:49:10,401822,52.0,4
MQ_A5-Weekday-SDon-111900_SBS34_866,SBS34,d0,7,18:51:08,18:51:08,401824,38.0,3
MQ_A5-Weekday-SDon-111900_SBS34_866,SBS34,d0,8,18:53:02,18:53:02,401826,32.0,2
MQ_A5-Weekday-SDon-111900_SBS34_866,SBS34,d0,9,18:54:00,18:54:00,401827,22.0,2
MQ_A5-Weekday-SDon-111900_SBS34_866,SBS34,d0,10,18:56:29,18:56:29,405336,20.0,2
MQ_A5-Weekday-SDon-111900_SBS34_866,SBS34,d0,11,18:58:45,18:58:45,401832,17.0,2
MQ_A5-Weekday-SDon-111900_SBS34_866,SBS34,d0,12,18:59:54,18:59:54,401833,13.0,1
MQ_A5-Weekday-SDon-111900_SBS34_866,SBS34,d0,13,19:01:19,19:01:19,402052,11.0,1
MQ_A5-Weekday-SDon-111900_SBS34_866,SBS34,d0,14,19:03:00,19:03:00,903027,11.0,1
MQ_A5-Weekday-SDon-074900_SBS34_868,SBS34,d0,1,12:29:00,12:29:00,401497,10.0,1
MQ_A5-Weekday-SDon-074900_SBS34_868,SBS34,d0,2,12:30:29,12:30:29,405026,16.0,2
MQ_A5-Weekday-SDon-074900_SBS34_868,SBS34,d0,3,12:33:51,12:33:51,401818,22.0,2
MQ_A5-Weekday-SDon-074900_SBS34_868,SBS34,d0,4,12:35:34,12:35:34,401819,22.0,3
MQ_A5-Weekday-SDon-074900_SBS34_868,SBS34,d0,5,12:37:00,12:37:00,404820,47.0,3
MQ_A5-Weekday-SDon-074900_SBS34_868,SBS34,d0,6,12:39:34,12:39:34,401821,47.0,4
MQ_A5-Weekday-SDon-074900_SBS34_868,SBS34,d0,7,12:42:06,12:42:06,401822,60.0,4
MQ_A5-Weekday-SDon-074900_SBS34_868,SBS34,d0,8,12:44:29,12:44:29,401824,52.0,4
MQ_A5-Weekday-SDon-074900_SBS34_868,SBS34,d0,9,12:46:49,12:46:49,401826,30.0,2
MQ_A5-Weekday-SDon-074900_SBS34_868,SBS34,d0,10,12:48:00,12:48:00,401827,30.0,2
MQ_A5-Weekday-SDon-074900_SBS34_868,SBS34,d0,11,12:51:02,12:51:02,405336,18.0,2
MQ_A5-Weekday-SDon-074900_SBS34_868,SBS34,d0,12,12:53:48,12:53:48,401832,14.0,1
MQ_A5-Weekday-SDon-074900_SBS34_868,SBS34,d0,13,12:55:13,12:55:13,401833,4.0,1
MQ_A5-Weekday-SDon-074900_SBS34_868,SBS34,d0,14,12:56:57,12:56:57,402052,8.0,1
MQ_A5-Weekday-SDon-074900_SBS34_868,SBS34,d0,15,12:59:00,12:59:00,903027,8.0,1
MQ_A5-Weekday-SDon-048800_SBS34_865,SBS34,d0,1,8:08:00,8:08:00,803131,8.0,1
MQ_A5-Weekday-SDon-048800_SBS34_865,SBS34,d0,2,8:09:19,8:09:19,403191,8.0,1
MQ_A5-Weekday-SDon-048800_SBS34_865,SBS34,d0,3,8:11:14,8:11:14,403192,8.0,1
MQ_A5-Weekday-SDon-048800_SBS34_865,SBS34,d0,4,8:13:03,8:13:03,401818,13.0,1
MQ_A5-Weekday-SDon-048800_SBS34_865,SBS34,d0,5,8:14:39,8:14:39,401819,13.0,4
MQ_A5-Weekday-SDon-048800_SBS34_865,SBS34,d0,6,8:16:00,8:16:00,404820,58.0,4
MQ_A5-Weekday-SDon-048800_SBS34_865,SBS34,d0,7,8:18:20,8:18:20,401821,58.0,4
MQ_A5-Weekday-SDon-048800_SBS34_865,SBS34,d0,8,8:20:38,8:20:38,401822,58.0,4
MQ_A5-Weekday-SDon-048800_SBS34_865,SBS34,d0,9,8:22:48,8:22:48,401824,20.0,3
MQ_A5-Weekday-SDon-048800_SBS34_865,SBS34,d0,10,8:24:56,8:24:56,401826,42.0,3
MQ_A5-Weekday-SDon-048800_SBS34_865,SBS34,d0,11,8:26:00,8:26:00,401827,23.0,2
MQ_A5-Weekday-SDon-048800_SBS34_865,SBS34,d0,12,8:27:08,8:27:08,404950,12.0,1
MQ_A5-Weekday-SDon-048800_SBS34_865,SBS34,d0,13,8:28:00,8:28:00,903028,12.0,1
MQ_A5-Weekday-SDon-105900_SBS34_870,SBS34,d0,1,17:39:00,17:39:00,803131,45.0,3
MQ_A5-Weekday-SDon-105900_SBS34_870,SBS34,d0,2,17:40:19,17:40:19,403191,45.0,3
MQ_A5-Weekday-SDon-105900_SBS34_870,SBS34,d0,3,17:42:14,17:42:14,403192,45.0,3
MQ_A5-Weekday-SDon-105900_SBS34_870,SBS34,d0,4,17:44:03,17:44:03,401818,45.0,3
MQ_A5-Weekday-SDon-105900_SBS34_870,SBS34,d0,5,17:45:39,17:45:39,401819,45.0,3
MQ_A5-Weekday-SDon-105900_SBS34_870,SBS34,d0,6,17:47:00,17:47:00,404820,45.0,3
MQ_A5-Weekday-SDon-105900_SBS34_870,SBS34,d0,7,17:49:06,17:49:06,401821,41.0,4
MQ_A5-Weekday-SDon-105900_SBS34_870,SBS34,d0,8,17:51:10,17:51:10,401822,51.0,4
MQ_A5-Weekday-SDon-105900_SBS34_870,SBS34,d0,9,17:53:08,17:53:08,401824,48.0,3
MQ_A5-Weekday-SDon-105900_SBS34_870,SBS34,d0,10,17:55:02,17:55:02,401826,48.0,3
MQ_A5-Weekday-SDon-105900_SBS34_870,SBS34,d0,11,17:56:00,17:56:00,401827,48.0,3
MQ_A5-Weekday-SDon-105900_SBS34_870,SBS34,d0,12,17:58:46,17:58:46,405336,10.0,1
MQ_A5-Weekday-SDon-105900_SBS34_870,SBS34,d0,13,18:01:17,18:01:17,401832,10.0,1
MQ_A5-Weekday-SDon-105900_SBS34_870,SBS34,d0,14,18:02:33,18:02:33,401833,8.0,1
MQ_A5-Weekday-SDon-105900_SBS34_870,SBS34,d0,15,18:04:08,18:04:08,402052,8.0,1
MQ_A5-Weekday-SDon-105900_SBS34_870,SBS34,d0,16,18:06:00,18:06:00,903027,8.0,1
MQ_A5-Weekday-113800_SBS34_867,SBS34,d0,1,18:58:00,18:58:00,803131,20.0,2
MQ_A5-Weekday-113800_SBS34_867,SBS34,d0,2,18:59:19,18:59:19,403191,20.0,2
MQ_A5-Weekday-113800_SBS34_867,SBS34,d0,3,19:01:14,19:01:14,403192,20.0,2
MQ_A5-Weekday-113800_SBS34_867,SBS34,d0,4,19:03:03,19:03:03,401818,25.0,2
MQ_A5-Weekday-113800_SBS34_867,SBS34,d0,5,19:04:39,19:04:39,401819,29.0,2
MQ_A5-Weekday-113800_SBS34_867,SBS34,d0,6,19:06:00,19:06:00,404820,31.0,2
MQ_A5-Weekday-113800_SBS34_867,SBS34,d0,7,19:07:52,19:07:52,401821,31.0,2
MQ_A5-Weekday-113800_SBS34_867,SBS34,d0,8,19:09:43,19:09:43,401822,25.0,2
MQ_A5-Weekday-113800_SBS34_867,SBS34,d0,9,19:11:27,19:11:27,401824,25.0,2
MQ_A5-Weekday-113800_SBS34_867,SBS34,d0,10,19:13:09,19:13:09,401826,25.0,2
MQ_A5-Weekday-113800_SBS34_867,SBS34,d0,11,19:14:00,19:14:00,401827,3.0,1
MQ_A5-Weekday-113800_SBS34_867,SBS34,d0,12,19:14:34,19:14:34,404950,3.0,1
MQ_A5-Weekday-113800_SBS34_867,SBS34,d0,13,19:15:00,19:15:00,903028,3.0,1
MQ_A5-Weekday-SDon-095400_SBS34_868,SBS34,d0,1,15:54:00,15:54:00,401497,8.0,1
MQ_A5-Weekday-SDon-095400_SBS34_868,SBS34,d0,2,15:55:17,15:55:17,405026,11.0,1
MQ_A5-Weekday-SDon-095400_SBS34_868,SBS34,d0,3,15:58:15,15:58:15,401818,12.0,1
MQ_A5-Weekday-SDon-095400_SBS34_868,SBS34,d0,4,15:59:44,15:59:44,401819,14.0,3
MQ_A5-Weekday-SDon-095400_SBS34_868,SBS34,d0,5,16:01:00,16:01:00,404820,33.0,3
MQ_A5-Weekday-SDon-095400_SBS34_868,SBS34,d0,6,16:03:20,16:03:20,401821,41.0,4
MQ_A5-Weekday-SDon-095400_SBS34_868,SBS34,d0,7,16:05:38,16:05:38,401822,53.0,4
MQ_A5-Weekday-SDon-095400_SBS34_868,SBS34,d0,8,16:07:48,16:07:48,401824,50.0,4
MQ_A5-Weekday-SDon-095400_SBS34_868,SBS34,d0,9,16:09:56,16:09:56,401826,41.0,3
MQ_A5-Weekday-SDon-095400_SBS34_868,SBS34,d0,10,16:11:00,16:11:00,401827,5.0,2
MQ_A5-Weekday-SDon-095400_SBS34_868,SBS34,d0,11,16:13:46,16:13:46,405336,17.0,2
MQ_A5-Weekday-SDon-095400_SBS34_868,SBS34,d0,12,16:16:17,16:16:17,401832,10.0,1
MQ_A5-Weekday-SDon-095400_SBS34_868,SBS34,d0,13,16:17:33,16:17:33,401833,10.0,1
MQ_A5-Weekday-SDon-095400_SBS34_868,SBS34,d0,14,16:19:08,16:19:08,402052,6.0,1
MQ_A5-Weekday-SDon-095400_SBS34_868,SBS34,d0,15,16:21:00,16:21:00,903027,6.0,1
MQ_A5-Weekday-110500_SBS34_863,SBS34,d0,1,18:25:00,18:25:00,401497,17.0,2
MQ_A5-Weekday-110500_SBS34_863,SBS34,d0,2,18:28:38,18:28:38,401818,27.0,3
MQ_A5-Weekday-110500_SBS34_863,SBS34,d0,3,18:29:55,18:29:55,401819,40.0,3
MQ_A5-Weekday-110500_SBS34_863,SBS34,d0,4,18:31:00,18:31:00,404820,40.0,3
MQ_A5-Weekday-110500_SBS34_863,SBS34,d0,5,18:33:06,18:33:06,401821,46.0,4
MQ_A5-Weekday-110500_SBS34_863,SBS34,d0,6,18:35:10,18:35:10,401822,51.0,4
MQ_A5-Weekday-110500_SBS34_863,SBS34,d0,7,18:37:08,18:37:08,401824,44.0,3
MQ_A5-Weekday-110500_SBS34_863,SBS34,d0,8,18:39:02,18:39:02,401826,38.0,3
MQ_A5-Weekday-110500_SBS34_863,SBS34,d0,9,18:40:00,18:40:00,401827,18.0,2
MQ_A5-Weekday-110500_SBS34_863,SBS34,d0,10,18:42:29,18:42:29,405336,21.0,2
MQ_A5-Weekday-110500_SBS34_863,SBS34,d0,11,18:44:45,18:44:45,401832,21.0,2
MQ_A5-Weekday-110500_SBS34_863,SBS34,d0,12,18:45:54,18:45:54,401833,9.0,2
MQ_A5-Weekday-110500_SBS34_863,SBS34,d0,13,18:47:19,18:47:19,402052,21.0,2
MQ_A5-Weekday-110500_SBS34_863,SBS34,d0,14,18:49:00,18:49:00,903027,21.0,2
MQ_A5-Weekday-SDon-049600_SBS34_858,SBS34,d0,1,8:16:00,8:16:00,803131,4.0,1
MQ_A5-Weekday-SDon-049600_SBS34_858,SBS34,d0,2,8:17:19,8:17:19,403191,2.0,1
MQ_A5-Weekday-SDon-049600_SBS34_858,SBS34,d0,3,8:19:14,8:19:14,403192,4.0,1
MQ_A5-Weekday-SDon-049600_SBS34_858,SBS34,d0,4,8:21:03,8:21:03,401818,6.0,5
MQ_A5-Weekday-SDon-049600_SBS34_858,SBS34,d0,5,8:22:39,8:22:39,401819,65.0,5
MQ_A5-Weekday-SDon-049600_SBS34_858,SBS34,d0,6,8:24:00,8:24:00,404820,65.0,5
MQ_A5-Weekday-SDon-049600_SBS34_858,SBS34,d0,7,8:26:20,8:26:20,401821,79.0,5
MQ_A5-Weekday-SDon-049600_SBS34_858,SBS34,d0,8,8:28:38,8:28:38,401822,78.0,5
MQ_A5-Weekday-SDon-049600_SBS34_858,SBS34,d0,9,8:30:48,8:30:48,401824,65.0,5
MQ_A5-Weekday-SDon-049600_SBS34_858,SBS34,d0,10,8:32:56,8:32:56,401826,59.0,4
MQ_A5-Weekday-SDon-049600_SBS34_858,SBS34,d0,11,8:34:00,8:34:00,401827,39.0,3
MQ_A5-Weekday-SDon-049600_SBS34_858,SBS34,d0,12,8:35:08,8:35:08,404950,39.0,3
MQ_A5-Weekday-SDon-049600_SBS34_858,SBS34,d0,13,8:36:00,8:36:00,903028,39.0,3
MQ_A5-Weekday-038100_SBS34_852,SBS34,d0,1,6:21:00,6:21:00,401497,8.0,2
MQ_A5-Weekday-038100_SBS34_852,SBS34,d0,2,6:22:06,6:22:06,405026,18.0,2
MQ_A5-Weekday-038100_SBS34_852,SBS34,d0,3,6:24:38,6:24:38,401818,19.0,3
MQ_A5-Weekday-038100_SBS34_852,SBS34,d0,4,6:25:55,6:25:55,401819,36.0,4
MQ_A5-Weekday-038100_SBS34_852,SBS34,d0,5,6:27:00,6:27:00,404820,55.0,4
MQ_A5-Weekday-038100_SBS34_852,SBS34,d0,6,6:29:06,6:29:06,401821,64.0,4
MQ_A5-Weekday-038100_SBS34_852,SBS34,d0,7,6:31:10,6:31:10,401822,64.0,4
MQ_A5-Weekday-038100_SBS34_852,SBS34,d0,8,6:33:08,6:33:08,401824,62.0,4
MQ_A5-Weekday-038100_SBS34_852,SBS34,d0,9,6:35:02,6:35:02,401826,62.0,4
MQ_A5-Weekday-038100_SBS34_852,SBS34,d0,10,6:36:00,6:36:00,401827,49.0,4
MQ_A5-Weekday-038100_SBS34_852,SBS34,d0,11,6:38:29,6:38:29,405336,49.0,4
MQ_A5-Weekday-038100_SBS34_852,SBS34,d0,12,6:40:45,6:40:45,401832,9.0,1
MQ_A5-Weekday-038100_SBS34_852,SBS34,d0,13,6:41:54,6:41:54,401833,9.0,1
MQ_A5-Weekday-038100_SBS34_852,SBS34,d0,14,6:43:19,6:43:19,402052,2.0,1
MQ_A5-Weekday-038100_SBS34_852,SBS34,d0,15,6:45:00,6:45:00,903027,2.0,1
MQ_A5-Weekday-044800_SBS34_860,SBS34,d0,1,7:28:00,7:28:00,401497,42.0,3
MQ_A5-Weekday-044800_SBS34_860,SBS34,d0,2,7:29:29,7:29:29,405026,42.0,3
MQ_A5-Weekday-044800_SBS34_860,SBS34,d0,3,7:32:51,7:32:51,401818,42.0,3
MQ_A5-Weekday-044800_SBS34_860,SBS34,d0,4,7:34:34,7:34:34,401819,42.0,3
MQ_A5-Weekday-044800_SBS34_860,SBS34,d0,5,7:36:00,7:36:00,404820,42.0,4
MQ_A5-Weekday-044800_SBS34_860,SBS34,d0,6,7:38:20,7:38:20,401821,64.0,4
MQ_A5-Weekday-044800_SBS34_860,SBS34,d0,7,7:40:38,7:40:38,401822,64.0,4
MQ_A5-Weekday-044800_SBS34_860,SBS34,d0,8,7:42:48,7:42:48,401824,64.0,4
MQ_A5-Weekday-044800_SBS34_860,SBS34,d0,9,7:44:56,7:44:56,401826,63.0,4
MQ_A5-Weekday-044800_SBS34_860,SBS34,d0,10,7:46:00,7:46:00,401827,52.0,4
MQ_A5-Weekday-044800_SBS34_860,SBS34,d0,11,7:48:46,7:48:46,405336,29.0,2
MQ_A5-Weekday-044800_SBS34_860,SBS34,d0,12,7:51:17,7:51:17,401832,29.0,2
MQ_A5-Weekday-044800_SBS34_860,SBS34,d0,13,7:52:33,7:52:33,401833,21.0,2
MQ_A5-Weekday-044800_SBS34_860,SBS34,d0,14,7:54:08,7:54:08,402052,21.0,2
MQ_A5-Weekday-044800_SBS34_860,SBS34,d0,15,7:56:00,7:56:00,903027,21.0,2
MQ_A5-Weekday-037100_SBS34_855,SBS34,d0,1,6:11:00,6:11:00,803131,1.0,1
MQ_A5-Weekday-037100_SBS34_855,SBS34,d0,2,6:11:59,6:11:59,403191,4.0,1
MQ_A5-Weekday-037100_SBS34_855,SBS34,d0,3,6:13:25,6:13:25,403192,4.0,1
MQ_A5-Weekday-037100_SBS34_855,SBS34,d0,4,6:14:47,6:14:47,401818,4.0,3
MQ_A5-Weekday-037100_SBS34_855,SBS34,d0,5,6:15:59,6:15:59,401819,44.0,3
MQ_A5-Weekday-037100_SBS34_855,SBS34,d0,6,6:17:00,6:17:00,404820,44.0,4
MQ_A5-Weekday-037100_SBS34_855,SBS34,d0,7,6:19:06,6:19:06,401821,56.0,4
MQ_A5-Weekday-037100_SBS34_855,SBS34,d0,8,6:21:10,6:21:10,401822,56.0,4
MQ_A5-Weekday-037100_SBS34_855,SBS34,d0,9,6:23:08,6:23:08,401824,57.0,4
MQ_A5-Weekday-037100_SBS34_855,SBS34,d0,10,6:25:02,6:25:02,401826,53.0,4
MQ_A5-Weekday-037100_SBS34_855,SBS34,d0,11,6:26:00,6:26:00,401827,42.0,3
MQ_A5-Weekday-037100_SBS34_855,SBS34,d0,12,6:26:34,6:26:34,404950,37.0,3
MQ_A5-Weekday-037100_SBS34_855,SBS34,d0,13,6:27:00,6:27:00,903028,37.0,3
MQ_A5-Weekday-101400_SBS34_862,SBS34,d0,1,16:54:00,16:54:00,401497,40.0,3
MQ_A5-Weekday-101400_SBS34_862,SBS34,d0,2,16:58:15,16:58:15,401818,40.0,3
MQ_A5-Weekday-101400_SBS34_862,SBS34,d0,3,16:59:44,16:59:44,401819,40.0,3
MQ_A5-Weekday-101400_SBS34_862,SBS34,d0,4,17:01:00,17:01:00,404820,40.0,3
MQ_A5-Weekday-101400_SBS34_862,SBS34,d0,5,17:03:06,17:03:06,401821,40.0,3
MQ_A5-Weekday-101400_SBS34_862,SBS34,d0,6,17:05:10,17:05:10,401822,40.0,3
MQ_A5-Weekday-101400_SBS34_862,SBS34,d0,7,17:07:08,17:07:08,401824,40.0,3
MQ_A5-Weekday-101400_SBS34_862,SBS34,d0,8,17:09:02,17:09:02,401826,40.0,3
MQ_A5-Weekday-101400_SBS34_862,SBS34,d0,9,17:10:00,17:10:00,401827,40.0,3
MQ_A5-Weekday-101400_SBS34_862,SBS34,d0,10,17:12:46,17:12:46,405336,40.0,3
MQ_A5-Weekday-101400_SBS34_862,SBS34,d0,11,17:15:17,17:15:17,401832,40.0,3
MQ_A5-Weekday-101400_SBS34_862,SBS34,d0,12,17:16:33,17:16:33,401833,40.0,3
MQ_A5-Weekday-101400_SBS34_862,SBS34,d0,13,17:18:08,17:18:08,402052,40.0,3
MQ_A5-Weekday-101400_SBS34_862,SBS34,d0,14,17:20:00,17:20:00,903027,40.0,3
MQ_A5-Weekday-SDon-078300_SBS34_853,SBS34,d0,1,13:03:00,13:03:00,803131,6.0,1
MQ_A5-Weekday-SDon-078300_SBS34_853,SBS34,d0,2,13:04:29,13:04:29,403191,6.0,1
MQ_A5-Weekday-SDon-078300_SBS34_853,SBS34,d0,3,13:06:38,13:06:38,403192,10.0,1
MQ_A5-Weekday-SDon-078300_SBS34_853,SBS34,d0,4,13:08:41,13:08:41,401818,10.0,1
MQ_A5-Weekday-SDon-078300_SBS34_853,SBS34,d0,5,13:10:29,13:10:29,401819,10.0,2
MQ_A5-Weekday-SDon-078300_SBS34_853,SBS34,d0,6,13:12:00,13:12:00,404820,19.0,2
MQ_A5-Weekday-SDon-078300_SBS34_853,SBS34,d0,7,13:14:34,13:14:34,401821,32.0,2
MQ_A5-Weekday-SDon-078300_SBS34_853,SBS34,d0,8,13:17:06,13:17:06,401822,23.0,2
MQ_A5-Weekday-SDon-078300_SBS34_853,SBS34,d0,9,13:19:29,13:19:29,401824,23.0,2
MQ_A5-Weekday-SDon-078300_SBS34_853,SBS34,d0,10,13:21:49,13:21:49,401826,23.0,2
MQ_A5-Weekday-SDon-078300_SBS34_853,SBS34,d0,11,13:23:00,13:23:00,401827,23.0,2
MQ_A5-Weekday-SDon-078300_SBS34_853,SBS34,d0,12,13:24:08,13:24:08,404950,2.0,1
MQ_A5-Weekday-SDon-078300_SBS34_853,SBS34,d0,13,13:25:00,13:25:00,903028,2.0,1
MQ_A5-Weekday-063600_SBS34_856,SBS34,d0,1,10:36:00,10:36:00,803131,3.0,1
MQ_A5-Weekday-063600_SBS34_856,SBS34,d0,2,10:37:19,10:37:19,403191,3.0,1
MQ_A5-Weekday-063600_SBS34_856,SBS34,d0,3,10:39:14,10:39:14,403192,7.0,1
MQ_A5-Weekday-063600_SBS34_856,SBS34,d0,4,10:41:03,10:41:03,401818,10.0,1
MQ_A5-Weekday-063600_SBS34_856,SBS34,d0,5,10:42:39,10:42:39,401819,9.0,1
MQ_A5-Weekday-063600_SBS34_856,SBS34,d0,6,10:44:00,10:44:00,404820,10.0,1
MQ_A5-Weekday-063600_SBS34_856,SBS34,d0,7,10:46:20,10:46:20,401821,10.0,1
MQ_A5-Weekday-063600_SBS34_856,SBS34,d0,8,10:48:38,10:48:38,401822,10.0,1
MQ_A5-Weekday-063600_SBS34_856,SBS34,d0,9,10:50:48,10:50:48,401824,7.0,1
MQ_A5-Weekday-063600_SBS34_856,SBS34,d0,10,10:52:56,10:52:56,401826,6.0,1
MQ_A5-Weekday-063600_SBS34_856,SBS34,d0,11,10:54:00,10:54:00,401827,7.0,1
MQ_A5-Weekday-063600_SBS34_856,SBS34,d0,12,10:55:08,10:55:08,404950,7.0,1
MQ_A5-Weekday-063600_SBS34_856,SBS34,d0,13,10:56:00,10:56:00,903028,7.0,1
MQ_A5-Weekday-081400_SBS34_867,SBS34,d0,1,13:34:00,13:34:00,803131,1.0,1
MQ_A5-Weekday-081400_SBS34_867,SBS34,d0,2,13:35:29,13:35:29,403191,1.0,1
MQ_A5-Weekday-081400_SBS34_867,SBS34,d0,3,13:37:38,13:37:38,403192,11.0,2
MQ_A5-Weekday-081400_SBS34_867,SBS34,d0,4,13:39:41,13:39:41,401818,17.0,2
MQ_A5-Weekday-081400_SBS34_867,SBS34,d0,5,13:41:29,13:41:29,401819,17.0,2
MQ_A5-Weekday-081400_SBS34_867,SBS34,d0,6,13:43:00,13:43:00,404820,23.0,2
MQ_A5-Weekday-081400_SBS34_867,SBS34,d0,7,13:45:34,13:45:34,401821,28.0,2
MQ_A5-Weekday-081400_SBS34_867,SBS34,d0,8,13:48:06,13:48:06,401822,25.0,2
MQ_A5-Weekday-081400_SBS34_867,SBS34,d0,9,13:50:29,13:50:29,401824,21.0,2
MQ_A5-Weekday-081400_SBS34_867,SBS34,d0,10,13:52:49,13:52:49,401826,16.0,1
MQ_A5-Weekday-081400_SBS34_867,SBS34,d0,11,13:54:00,13:54:00,401827,10.0,1
MQ_A5-Weekday-081400_SBS34_867,SBS34,d0,12,13:55:08,13:55:08,404950,8.0,1
MQ_A5-Weekday-081400_SBS34_867,SBS34,d0,13,13:56:00,13:56:00,903028,8.0,1
MQ_A5-Weekday-054700_SBS34_865,SBS34,d0,1,9:07:00,9:07:00,803131,3.0,1
MQ_A5-Weekday-054700_SBS34_865,SBS34,d0,2,9:08:19,9:08:19,403191,3.0,1
MQ_A5-Weekday-054700_SBS34_865,SBS34,d0,3,9:10:14,9:10:14,403192,3.0,1
MQ_A5-Weekday-054700_SBS34_865,SBS34,d0,4,9:12:03,9:12:03,401818,3.0,1
MQ_A5-Weekday-054700_SBS34_865,SBS34,d0,5,9:13:39,9:13:39,401819,15.0,1
MQ_A5-Weekday-054700_SBS34_865,SBS34,d0,6,9:15:00,9:15:00,404820,15.0,3
MQ_A5-Weekday-054700_SBS34_865,SBS34,d0,7,9:17:20,9:17:20,401821,43.0,3
MQ_A5-Weekday-054700_SBS34_865,SBS34,d0,8,9:19:38,9:19:38,401822,43.0,3
MQ_A5-Weekday-054700_SBS34_865,SBS34,d0,9,9:21:48,9:21:48,401824,35.0,3
MQ_A5-Weekday-054700_SBS34_865,SBS34,d0,10,9:23:56,9:23:56,401826,30.0,2
MQ_A5-Weekday-054700_SBS34_865,SBS34,d0,11,9:25:00,9:25:00,401827,30.0,2
MQ_A5-Weekday-054700_SBS34_865,SBS34,d0,12,9:26:08,9:26:08,404950,1.0,1
MQ_A5-Weekday-054700_SBS34_865,SBS34,d0,13,9:27:00,9:27:00,903028,1.0,1
MQ_A5-Weekday-118800_SBS34_875,SBS34,d0,1,19:48:00,19:48:00,803131,4.0,1
MQ_A5-Weekday-118800_SBS34_875,SBS34,d0,2,19:49:09,19:49:09,403191,7.0,1
MQ_A5-Weekday-118800_SBS34_875,SBS34,d0,3,19:50:50,19:50:50,403192,9.0,1
MQ_A5-Weekday-118800_SBS34_875,SBS34,d0,4,19:52:25,19:52:25,401818,9.0,1
MQ_A5-Weekday-118800_SBS34_875,SBS34,d0,5,19:53:49,19:53:49,401819,10.0,1
MQ_A5-Weekday-118800_SBS34_875,SBS34,d0,6,19:55:00,19:55:00,404820,10.0,1
MQ_A5-Weekday-118800_SBS34_875,SBS34,d0,7,19:56:52,19:56:52,401821,13.0,1
MQ_A5-Weekday-118800_SBS34_875,SBS34,d0,8,19:58:43,19:58:43,401822,12.0,1
MQ_A5-Weekday-118800_SBS34_875,SBS34,d0,9,20:00:27,20:00:27,401824,12.0,1
MQ_A5-Weekday-118800_SBS34_875,SBS34,d0,10,20:02:09,20:02:09,401826,6.0,1
MQ_A5-Weekday-118800_SBS34_875,SBS34,d0,11,20:03:00,20:03:00,401827,6.0,1
MQ_A5-Weekday-118800_SBS34_875,SBS34,d0,12,20:03:34,20:03:34,404950,5.0,1
MQ_A5-Weekday-118800_SBS34_875,SBS34,d0,13,20:04:00,20:04:00,903028,5.0,1
MQ_A5-Weekday-053700_SBS34_855,SBS34,d0,1,8:57:00,8:57:00,803131,6.0,1
MQ_A5-Weekday-053700_SBS34_855,SBS34,d0,2,8:58:19,8:58:19,403191,6.0,1
MQ_A5-Weekday-053700_SBS34_855,SBS34,d0,3,9:00:14,9:00:14,403192,9.0,1
MQ_A5-Weekday-053700_SBS34_855,SBS34,d0,4,9:02:03,9:02:03,401818,3.0,2
MQ_A5-Weekday-053700_SBS34_855,SBS34,d0,5,9:03:39,9:03:39,401819,19.0,2
MQ_A5-Weekday-053700_SBS34_855,SBS34,d0,6,9:05:00,9:05:00,404820,31.0,2
MQ_A5-Weekday-053700_SBS34_855,SBS34,d0,7,9:07:20,9:07:20,401821,32.0,2
MQ_A5-Weekday-053700_SBS34_855,SBS34,d0,8,9:09:38,9:09:38,401822,30.0,2
MQ_A5-Weekday-053700_SBS34_855,SBS34,d0,9,9:11:48,9:11:48,401824,30.0,2
MQ_A5-Weekday-053700_SBS34_855,SBS34,d0,10,9:13:56,9:13:56,401826,26.0,2
MQ_A5-Weekday-053700_SBS34_855,SBS34,d0,11,9:15:00,9:15:00,401827,26.0,2
MQ_A5-Weekday-053700_SBS34_855,SBS34,d0,12,9:16:08,9:16:08,404950,4.0,1
MQ_A5-Weekday-053700_SBS34_855,SBS34,d0,13,9:17:00,9:17:00,903028,4.0,1
MQ_A5-Weekday-122800_SBS34_873,SBS34,d0,1,20:28:00,20:28:00,803131,4.0,1
MQ_A5-Weekday-122800_SBS34_873,SBS34,d0,2,20:29:09,20:29:09,403191,9.0,1
MQ_A5-Weekday-122800_SBS34_873,SBS34,d0,3,20:30:50,20:30:50,403192,9.0,1
MQ_A5-Weekday-122800_SBS34_873,SBS34,d0,4,20:32:25,20:32:25,401818,5.0,2
MQ_A5-Weekday-122800_SBS34_873,SBS34,d0,5,20:33:49,20:33:49,401819,17.0,2
MQ_A5-Weekday-122800_SBS34_873,SBS34,d0,6,20:35:00,20:35:00,404820,17.0,2
MQ_A5-Weekday-122800_SBS34_873,SBS34,d0,7,20:36:52,20:36:52,401821,14.0,1
MQ_A5-Weekday-122800_SBS34_873,SBS34,d0,8,20:38:43,20:38:43,401822,14.0,1
MQ_A5-Weekday-122800_SBS34_873,SBS34,d0,9,20:40:27,20:40:27,401824,13.0,1
MQ_A5-Weekday-122800_SBS34_873,SBS34,d0,10,20:42:09,20:42:09,401826,6.0,1
MQ_A5-Weekday-122800_SBS34_873,SBS34,d0,11,20:43:00,20:43:00,401827,3.0,1
MQ_A5-Weekday-122800_SBS34_873,SBS34,d0,12,20:43:34,20:43:34,404950,3.0,1
MQ_A5-Weekday-122800_SBS34_873,SBS34,d0,13,20:44:00,20:44:00,903028,3.0,1
MQ_A5-Weekday-054200_SBS34_857,SBS34,d0,1,9:02:00,9:02:00,401497,5.0,1
MQ_A5-Weekday-054200_SBS34_857,SBS34,d0,2,9:03:29,9:03:29,405026,5.0,2
MQ_A5-Weekday-054200_SBS34_857,SBS34,d0,3,9:06:51,9:06:51,401818,21.0,2
MQ_A5-Weekday-054200_SBS34_857,SBS34,d0,4,9:08:34,9:08:34,401819,21.0,3
MQ_A5-Weekday-054200_SBS34_857,SBS34,d0,5,9:10:00,9:10:00,404820,40.0,3
MQ_A5-Weekday-054200_SBS34_857,SBS34,d0,6,9:12:20,9:12:20,401821,40.0,3
MQ_A5-Weekday-054200_SBS34_857,SBS34,d0,7,9:14:38,9:14:38,401822,39.0,3
MQ_A5-Weekday-054200_SBS34_857,SBS34,d0,8,9:16:48,9:16:48,401824,35.0,3
MQ_A5-Weekday-054200_SBS34_857,SBS34,d0,9,9:18:56,9:18:56,401826,35.0,3
MQ_A5-Weekday-054200_SBS34_857,SBS34,d0,10,9:20:00,9:20:00,401827,14.0,1
MQ_A5-Weekday-054200_SBS34_857,SBS34,d0,11,9:22:46,9:22:46,405336,6.0,1
MQ_A5-Weekday-054200_SBS34_857,SBS34,d0,12,9:25:17,9:25:17,401832,6.0,1
MQ_A5-Weekday-054200_SBS34_857,SBS34,d0,13,9:26:33,9:26:33,401833,6.0,1
MQ_A5-Weekday-054200_SBS34_857,SBS34,d0,14,9:28:08,9:28:08,402052,6.0,1
MQ_A5-Weekday-054200_SBS34_857,SBS34,d0,15,9:30:00,9:30:00,903027,6.0,1
MQ_A5-Weekday-SDon-116400_SBS34_871,SBS34,d0,1,19:24:00,19:24:00,401497,8.0,1
MQ_A5-Weekday-SDon-116400_SBS34_871,SBS34,d0,2,19:24:55,19:24:55,405026,6.0,1
MQ_A5-Weekday-SDon-116400_SBS34_871,SBS34,d0,3,19:27:02,19:27:02,401818,10.0,2
MQ_A5-Weekday-SDon-116400_SBS34_871,SBS34,d0,4,19:28:06,19:28:06,401819,17.0,2
MQ_A5-Weekday-SDon-116400_SBS34_871,SBS34,d0,5,19:29:00,19:29:00,404820,23.0,2
MQ_A5-Weekday-SDon-116400_SBS34_871,SBS34,d0,6,19:30:52,19:30:52,401821,23.0,2
MQ_A5-Weekday-SDon-116400_SBS34_871,SBS34,d0,7,19:32:43,19:32:43,401822,23.0,2
MQ_A5-Weekday-SDon-116400_SBS34_871,SBS34,d0,8,19:34:27,19:34:27,401824,19.0,2
MQ_A5-Weekday-SDon-116400_SBS34_871,SBS34,d0,9,19:36:09,19:36:09,401826,18.0,2
MQ_A5-Weekday-SDon-116400_SBS34_871,SBS34,d0,10,19:37:00,19:37:00,401827,18.0,2
MQ_A5-Weekday-SDon-116400_SBS34_871,SBS34,d0,11,19:39:29,19:39:29,405336,12.0,1
MQ_A5-Weekday-SDon-116400_SBS34_871,SBS34,d0,12,19:41:45,19:41:45,401832,11.0,1
MQ_A5-Weekday-SDon-116400_SBS34_871,SBS34,d0,13,19:42:54,19:42:54,401833,10.0,1
MQ_A5-Weekday-SDon-116400_SBS34_871,SBS34,d0,14,19:44:19,19:44:19,402052,2.0,1
MQ_A5-Weekday-SDon-116400_SBS34_871,SBS34,d0,15,19:46:00,19:46:00,903027,2.0,1
MQ_A5-Weekday-133900_SBS34_872,SBS34,d0,1,22:19:00,22:19:00,401497,7.0,1
MQ_A5-Weekday-133900_SBS34_872,SBS34,d0,2,22:20:06,22:20:06,405026,7.0,1
MQ_A5-Weekday-133900_SBS34_872,SBS34,d0,3,22:22:38,22:22:38,401818,2.0,1
MQ_A5-Weekday-133900_SBS34_872,SBS34,d0,4,22:23:55,22:23:55,401819,10.0,2
MQ_A5-Weekday-133900_SBS34_872,SBS34,d0,5,22:25:00,22:25:00,404820,20.0,2
MQ_A5-Weekday-133900_SBS34_872,SBS34,d0,6,22:26:38,22:26:38,401821,23.0,2
MQ_A5-Weekday-133900_SBS34_872,SBS34,d0,7,22:28:15,22:28:15,401822,24.0,2
MQ_A5-Weekday-133900_SBS34_872,SBS34,d0,8,22:29:46,22:29:46,401824,23.0,2
MQ_A5-Weekday-133900_SBS34_872,SBS34,d0,9,22:31:15,22:31:15,401826,23.0,2
MQ_A5-Weekday-133900_SBS34_872,SBS34,d0,10,22:32:00,22:32:00,401827,13.0,1
MQ_A5-Weekday-133900_SBS34_872,SBS34,d0,11,22:34:12,22:34:12,405336,1.0,1
MQ_A5-Weekday-133900_SBS34_872,SBS34,d0,12,22:36:13,22:36:13,401832,1.0,1
MQ_A5-Weekday-133900_SBS34_872,SBS34,d0,13,22:37:15,22:37:15,401833,8.0,1
MQ_A5-Weekday-133900_SBS34_872,SBS34,d0,14,22:38:31,22:38:31,402052,8.0,1
MQ_A5-Weekday-133900_SBS34_872,SBS34,d0,15,22:40:00,22:40:00,903027,8.0,1
MQ_A5-Weekday-077900_SBS34_855,SBS34,d0,1,12:59:00,12:59:00,401497,13.0,2
MQ_A5-Weekday-077900_SBS34_855,SBS34,d0,2,13:00:06,13:00:06,405026,20.0,2
MQ_A5-Weekday-077900_SBS34_855,SBS34,d0,3,13:02:38,13:02:38,401818,20.0,2
MQ_A5-Weekday-077900_SBS34_855,SBS34,d0,4,13:03:55,13:03:55,401819,31.0,2
MQ_A5-Weekday-077900_SBS34_855,SBS34,d0,5,13:05:00,13:05:00,404820,31.0,3
MQ_A5-Weekday-077900_SBS34_855,SBS34,d0,6,13:07:34,13:07:34,401821,35.0,3
MQ_A5-Weekday-077900_SBS34_855,SBS34,d0,7,13:10:06,13:10:06,401822,30.0,2
MQ_A5-Weekday-077900_SBS34_855,SBS34,d0,8,13:12:29,13:12:29,401824,30.0,2
MQ_A5-Weekday-077900_SBS34_855,SBS34,d0,9,13:14:49,13:14:49,401826,30.0,2
MQ_A5-Weekday-077900_SBS34_855,SBS34,d0,10,13:16:00,13:16:00,401827,10.0,1
MQ_A5-Weekday-077900_SBS34_855,SBS34,d0,11,13:19:02,13:19:02,405336,10.0,1
MQ_A5-Weekday-077900_SBS34_855,SBS34,d0,12,13:21:48,13:21:48,401832,10.0,1
MQ_A5-Weekday-077900_SBS34_855,SBS34,d0,13,13:23:13,13:23:13,401833,4.0,1
MQ_A5-Weekday-077900_SBS34_855,SBS34,d0,14,13:24:57,13:24:57,402052,4.0,1
MQ_A5-Weekday-077900_SBS34_855,SBS34,d0,15,13:27:00,13:27:00,903027,4.0,1
MQ_A5-Weekday-SDon-112400_SBS34_875,SBS34,d0,1,18:44:00,18:44:00,803131,7.0,1
MQ_A5-Weekday-SDon-112400_SBS34_875,SBS34,d0,2,18:45:19,18:45:19,403191,7.0,3
MQ_A5-Weekday-SDon-112400_SBS34_875,SBS34,d0,3,18:47:14,18:47:14,403192,34.0,3
MQ_A5-Weekday-SDon-112400_SBS34_875,SBS34,d0,4,18:49:03,18:49:03,401818,34.0,3
MQ_A5-Weekday-SDon-112400_SBS34_875,SBS34,d0,5,18:50:39,18:50:39,401819,34.0,3
MQ_A5-Weekday-SDon-112400_SBS34_875,SBS34,d0,6,18:52:00,18:52:00,404820,29.0,3
MQ_A5-Weekday-SDon-112400_SBS34_875,SBS34,d0,7,18:54:06,18:54:06,401821,34.0,4
MQ_A5-Weekday-SDon-112400_SBS34_875,SBS34,d0,8,18:56:10,18:56:10,401822,57.0,4
MQ_A5-Weekday-SDon-112400_SBS34_875,SBS34,d0,9,18:58:08,18:58:08,401824,23.0,2
MQ_A5-Weekday-SDon-112400_SBS34_875,SBS34,d0,10,19:00:02,19:00:02,401826,13.0,1
MQ_A5-Weekday-SDon-112400_SBS34_875,SBS34,d0,11,19:01:00,19:01:00,401827,13.0,1
MQ_A5-Weekday-SDon-112400_SBS34_875,SBS34,d0,12,19:01:34,19:01:34,404950,6.0,1
MQ_A5-Weekday-SDon-112400_SBS34_875,SBS34,d0,13,19:02:00,19:02:00,903028,6.0,1
MQ_A5-Weekday-SDon-114800_SBS34_876,SBS34,d0,1,19:08:00,19:08:00,401497,7.0,1
MQ_A5-Weekday-SDon-114800_SBS34_876,SBS34,d0,2,19:11:02,19:11:02,401818,10.0,2
MQ_A5-Weekday-SDon-114800_SBS34_876,SBS34,d0,3,19:12:06,19:12:06,401819,26.0,2
MQ_A5-Weekday-SDon-114800_SBS34_876,SBS34,d0,4,19:13:00,19:13:00,404820,26.0,2
MQ_A5-Weekday-SDon-114800_SBS34_876,SBS34,d0,5,19:14:52,19:14:52,401821,29.0,2
MQ_A5-Weekday-SDon-114800_SBS34_876,SBS34,d0,6,19:16:43,19:16:43,401822,31.0,2
MQ_A5-Weekday-SDon-114800_SBS34_876,SBS34,d0,7,19:18:27,19:18:27,401824,31.0,2
MQ_A5-Weekday-SDon-114800_SBS34_876,SBS34,d0,8,19:20:09,19:20:09,401826,28.0,2
MQ_A5-Weekday-SDon-114800_SBS34_876,SBS34,d0,9,19:21:00,19:21:00,401827,15.0,1
MQ_A5-Weekday-SDon-114800_SBS34_876,SBS34,d0,10,19:23:29,19:23:29,405336,8.0,1
MQ_A5-Weekday-SDon-114800_SBS34_876,SBS34,d0,11,19:25:45,19:25:45,401832,3.0,1
MQ_A5-Weekday-SDon-114800_SBS34_876,SBS34,d0,12,19:26:54,19:26:54,401833,6.0,1
MQ_A5-Weekday-SDon-114800_SBS34_876,SBS34,d0,13,19:28:19,19:28:19,402052,5.0,1
MQ_A5-Weekday-SDon-114800_SBS34_876,SBS34,d0,14,19:30:00,19:30:00,903027,5.0,1
MQ_A5-Weekday-SDon-057700_SBS34_861,SBS34,d0,1,9:37:00,9:37:00,803131,6.0,1
MQ_A5-Weekday-SDon-057700_SBS34_861,SBS34,d0,2,9:38:19,9:38:19,403191,6.0,1
MQ_A5-Weekday-SDon-057700_SBS34_861,SBS34,d0,3,9:40:14,9:40:14,403192,3.0,1
MQ_A5-Weekday-SDon-057700_SBS34_861,SBS34,d0,4,9:42:03,9:42:03,401818,3.0,1
MQ_A5-Weekday-SDon-057700_SBS34_861,SBS34,d0,5,9:43:39,9:43:39,401819,14.0,1
MQ_A5-Weekday-SDon-057700_SBS34_861,SBS34,d0,6,9:45:00,9:45:00,404820,14.0,2
MQ_A5-Weekday-SDon-057700_SBS34_861,SBS34,d0,7,9:47:20,9:47:20,401821,19.0,2
MQ_A5-Weekday-SDon-057700_SBS34_861,SBS34,d0,8,9:49:38,9:49:38,401822,19.0,2
MQ_A5-Weekday-SDon-057700_SBS34_861,SBS34,d0,9,9:51:48,9:51:48,401824,13.0,1
MQ_A5-Weekday-SDon-057700_SBS34_861,SBS34,d0,10,9:53:56,9:53:56,401826,13.0,1
MQ_A5-Weekday-SDon-057700_SBS34_861,SBS34,d0,11,9:55:00,9:55:00,401827,9.0,1
MQ_A5-Weekday-SDon-057700_SBS34_861,SBS34,d0,12,9:56:08,9:56:08,404950,5.0,1
MQ_A5-Weekday-SDon-057700_SBS34_861,SBS34,d0,13,9:57:00,9:57:00,903028,5.0,1
MQ_A5-Weekday-060600_SBS34_863,SBS34,d0,1,10:06:00,10:06:00,401497,6.0,1
MQ_A5-Weekday-060600_SBS34_863,SBS34,d0,2,10:07:29,10:07:29,405026,6.0,1
MQ_A5-Weekday-060600_SBS34_863,SBS34,d0,3,10:10:51,10:10:51,401818,6.0,1
MQ_A5-Weekday-060600_SBS34_863,SBS34,d0,4,10:12:34,10:12:34,401819,6.0,3
MQ_A5-Weekday-060600_SBS34_863,SBS34,d0,5,10:14:00,10:14:00,404820,39.0,3
MQ_A5-Weekday-060600_SBS34_863,SBS34,d0,6,10:16:20,10:16:20,401821,39.0,3
MQ_A5-Weekday-060600_SBS34_863,SBS34,d0,7,10:18:38,10:18:38,401822,39.0,3
MQ_A5-Weekday-060600_SBS34_863,SBS34,d0,8,10:20:48,10:20:48,401824,32.0,2
MQ_A5-Weekday-060600_SBS34_863,SBS34,d0,9,10:22:56,10:22:56,401826,18.0,2
MQ_A5-Weekday-060600_SBS34_863,SBS34,d0,10,10:24:00,10:24:00,401827,18.0,2
MQ_A5-Weekday-060600_SBS34_863,SBS34,d0,11,10:26:46,10:26:46,405336,13.0,1
MQ_A5-Weekday-060600_SBS34_863,SBS34,d0,12,10:29:17,10:29:17,401832,2.0,1
MQ_A5-Weekday-060600_SBS34_863,SBS34,d0,13,10:30:33,10:30:33,401833,2.0,1
MQ_A5-Weekday-060600_SBS34_863,SBS34,d0,14,10:32:08,10:32:08,402052,2.0,1
MQ_A5-Weekday-060600_SBS34_863,SBS34,d0,15,10:34:00,10:34:00,903027,2.0,1
MQ_A5-Weekday-SDon-144800_SBS34_875,SBS34,d0,1,24:08:00,24:08:00,803131,3.0,1
MQ_A5-Weekday-SDon-144800_SBS34_875,SBS34,d0,2,24:08:59,24:08:59,403191,4.0,1
MQ_A5-Weekday-SDon-144800_SBS34_875,SBS34,d0,3,24:10:25,24:10:25,403192,4.0,1
MQ_A5-Weekday-SDon-144800_SBS34_875,SBS34,d0,4,24:11:47,24:11:47,401818,4.0,1
MQ_A5-Weekday-SDon-144800_SBS34_875,SBS34,d0,5,24:12:59,24:12:59,401819,2.0,1
MQ_A5-Weekday-SDon-144800_SBS34_875,SBS34,d0,6,24:14:00,24:14:00,404820,3.0,1
MQ_A5-Weekday-SDon-144800_SBS34_875,SBS34,d0,7,24:15:38,24:15:38,401821,2.0,1
MQ_A5-Weekday-SDon-144800_SBS34_875,SBS34,d0,8,24:17:15,24:17:15,401822,3.0,1
MQ_A5-Weekday-SDon-144800_SBS34_875,SBS34,d0,9,24:18:46,24:18:46,401824,2.0,1
MQ_A5-Weekday-SDon-144800_SBS34_875,SBS34,d0,10,24:20:15,24:20:15,401826,3.0,1
MQ_A5-Weekday-SDon-144800_SBS34_875,SBS34,d0,11,24:21:00,24:21:00,401827,1.0,1
MQ_A5-Weekday-SDon-144800_SBS34_875,SBS34,d0,12,24:22:56,24:22:56,405336,1.0,1
MQ_A5-Weekday-SDon-144800_SBS34_875,SBS34,d0,13,24:24:42,24:24:42,401832,2.0,1
MQ_A5-Weekday-SDon-144800_SBS34_875,SBS34,d0,14,24:25:35,24:25:35,401833,1.0,1
MQ_A5-Weekday-SDon-144800_SBS34_875,SBS34,d0,15,24:26:42,24:26:42,402052,1.0,1
MQ_A5-Weekday-SDon-144800_SBS34_875,SBS34,d0,16,24:28:00,24:28:00,903027,1.0,1
MQ_A5-Weekday-031500_SBS34_852,SBS34,d0,1,5:15:00,5:15:00,401497,6.0,1
MQ_A5-Weekday-031500_SBS34_852,SBS34,d0,2,5:16:06,5:16:06,405026,6.0,1
MQ_A5-Weekday-031500_SBS34_852,SBS34,d0,3,5:18:38,5:18:38,401818,6.0,1
MQ_A5-Weekday-031500_SBS34_852,SBS34,d0,4,5:19:55,5:19:55,401819,6.0,1
MQ_A5-Weekday-031500_SBS34_852,SBS34,d0,5,5:21:00,5:21:00,404820,6.0,1
MQ_A5-Weekday-031500_SBS34_852,SBS34,d0,6,5:22:38,5:22:38,401821,9.0,1
MQ_A5-Weekday-031500_SBS34_852,SBS34,d0,7,5:24:15,5:24:15,401822,9.0,1
MQ_A5-Weekday-031500_SBS34_852,SBS34,d0,8,5:25:46,5:25:46,401824,8.0,1
MQ_A5-Weekday-031500_SBS34_852,SBS34,d0,9,5:27:15,5:27:15,401826,2.0,1
MQ_A5-Weekday-031500_SBS34_852,SBS34,d0,10,5:28:00,5:28:00,401827,2.0,1
MQ_A5-Weekday-031500_SBS34_852,SBS34,d0,11,5:29:56,5:29:56,405336,2.0,1
MQ_A5-Weekday-031500_SBS34_852,SBS34,d0,12,5:31:42,5:31:42,401832,2.0,1
MQ_A5-Weekday-031500_SBS34_852,SBS34,d0,13,5:32:35,5:32:35,401833,2.0,1
MQ_A5-Weekday-031500_SBS34_852,SBS34,d0,14,5:33:42,5:33:42,402052,2.0,1
MQ_A5-Weekday-031500_SBS34_852,SBS34,d0,15,5:35:00,5:35:00,903027,2.0,1
MQ_A5-Weekday-SDon-061200_SBS34_865,SBS34,d0,1,10:12:00,10:12:00,803131,1.0,1
MQ_A5-Weekday-SDon-061200_SBS34_865,SBS34,d0,2,10:13:19,10:13:19,403191,14.0,1
MQ_A5-Weekday-SDon-061200_SBS34_865,SBS34,d0,3,10:15:14,10:15:14,403192,14.0,1
MQ_A5-Weekday-SDon-061200_SBS34_865,SBS34,d0,4,10:17:03,10:17:03,401818,5.0,2
MQ_A5-Weekday-SDon-061200_SBS34_865,SBS34,d0,5,10:18:39,10:18:39,401819,25.0,2
MQ_A5-Weekday-SDon-061200_SBS34_865,SBS34,d0,6,10:20:00,10:20:00,404820,26.0,3
MQ_A5-Weekday-SDon-061200_SBS34_865,SBS34,d0,7,10:22:20,10:22:20,401821,36.0,3
MQ_A5-Weekday-SDon-061200_SBS34_865,SBS34,d0,8,10:24:38,10:24:38,401822,19.0,2
MQ_A5-Weekday-SDon-061200_SBS34_865,SBS34,d0,9,10:26:48,10:26:48,401824,17.0,2
MQ_A5-Weekday-SDon-061200_SBS34_865,SBS34,d0,10,10:28:56,10:28:56,401826,31.0,2
MQ_A5-Weekday-SDon-061200_SBS34_865,SBS34,d0,11,10:30:00,10:30:00,401827,19.0,2
MQ_A5-Weekday-SDon-061200_SBS34_865,SBS34,d0,12,10:31:08,10:31:08,404950,4.0,1
MQ_A5-Weekday-SDon-061200_SBS34_865,SBS34,d0,13,10:32:00,10:32:00,903028,4.0,1
MQ_A5-Weekday-SDon-061800_SBS34_857,SBS34,d0,1,10:18:00,10:18:00,401497,4.0,1
MQ_A5-Weekday-SDon-061800_SBS34_857,SBS34,d0,2,10:19:29,10:19:29,405026,7.0,1
MQ_A5-Weekday-SDon-061800_SBS34_857,SBS34,d0,3,10:22:51,10:22:51,401818,5.0,2
MQ_A5-Weekday-SDon-061800_SBS34_857,SBS34,d0,4,10:24:34,10:24:34,401819,18.0,2
MQ_A5-Weekday-SDon-061800_SBS34_857,SBS34,d0,5,10:26:00,10:26:00,404820,30.0,3
MQ_A5-Weekday-SDon-061800_SBS34_857,SBS34,d0,6,10:28:20,10:28:20,401821,36.0,3
MQ_A5-Weekday-SDon-061800_SBS34_857,SBS34,d0,7,10:30:38,10:30:38,401822,35.0,3
MQ_A5-Weekday-SDon-061800_SBS34_857,SBS34,d0,8,10:32:48,10:32:48,401824,34.0,3
MQ_A5-Weekday-SDon-061800_SBS34_857,SBS34,d0,9,10:34:56,10:34:56,401826,33.0,3
MQ_A5-Weekday-SDon-061800_SBS34_857,SBS34,d0,10,10:36:00,10:36:00,401827,20.0,2
MQ_A5-Weekday-SDon-061800_SBS34_857,SBS34,d0,11,10:38:46,10:38:46,405336,6.0,1
MQ_A5-Weekday-SDon-061800_SBS34_857,SBS34,d0,12,10:41:17,10:41:17,401832,7.0,1
MQ_A5-Weekday-SDon-061800_SBS34_857,SBS34,d0,13,10:42:33,10:42:33,401833,7.0,1
MQ_A5-Weekday-SDon-061800_SBS34_857,SBS34,d0,14,10:44:08,10:44:08,402052,7.0,1
MQ_A5-Weekday-SDon-061800_SBS34_857,SBS34,d0,15,10:46:00,10:46:00,903027,7.0,1
MQ_A5-Weekday-109100_SBS34_871,SBS34,d0,1,18:11:00,18:11:00,401497,9.0,2
MQ_A5-Weekday-109100_SBS34_871,SBS34,d0,2,18:14:38,18:14:38,401818,22.0,3
MQ_A5-Weekday-109100_SBS34_871,SBS34,d0,3,18:15:55,18:15:55,401819,40.0,5
MQ_A5-Weekday-109100_SBS34_871,SBS34,d0,4,18:17:00,18:17:00,404820,68.0,6
MQ_A5-Weekday-109100_SBS34_871,SBS34,d0,5,18:19:06,18:19:06,401821,83.0,6
MQ_A5-Weekday-109100_SBS34_871,SBS34,d0,6,18:21:10,18:21:10,401822,92.0,6
MQ_A5-Weekday-109100_SBS34_871,SBS34,d0,7,18:23:08,18:23:08,401824,92.0,6
MQ_A5-Weekday-109100_SBS34_871,SBS34,d0,8,18:25:02,18:25:02,401826,38.0,3
MQ_A5-Weekday-109100_SBS34_871,SBS34,d0,9,18:26:00,18:26:00,401827,29.0,2
MQ_A5-Weekday-109100_SBS34_871,SBS34,d0,10,18:28:29,18:28:29,405336,25.0,2
MQ_A5-Weekday-109100_SBS34_871,SBS34,d0,11,18:30:45,18:30:45,401832,25.0,2
MQ_A5-Weekday-109100_SBS34_871,SBS34,d0,12,18:31:54,18:31:54,401833,10.0,1
MQ_A5-Weekday-109100_SBS34_871,SBS34,d0,13,18:33:19,18:33:19,402052,10.0,1
MQ_A5-Weekday-109100_SBS34_871,SBS34,d0,14,18:35:00,18:35:00,903027,10.0,1
MQ_A5-Weekday-048000_SBS34_855,SBS34,d0,1,8:00:00,8:00:00,803131,3.0,1
MQ_A5-Weekday-048000_SBS34_855,SBS34,d0,2,8:01:19,8:01:19,403191,3.0,1
MQ_A5-Weekday-048000_SBS34_855,SBS34,d0,3,8:03:14,8:03:14,403192,1.0,2
MQ_A5-Weekday-048000_SBS34_855,SBS34,d0,4,8:05:03,8:05:03,401818,20.0,2
MQ_A5-Weekday-048000_SBS34_855,SBS34,d0,5,8:06:39,8:06:39,401819,20.0,2
MQ_A5-Weekday-048000_SBS34_855,SBS34,d0,6,8:08:00,8:08:00,404820,29.0,3
MQ_A5-Weekday-048000_SBS34_855,SBS34,d0,7,8:10:20,8:10:20,401821,37.0,3
MQ_A5-Weekday-048000_SBS34_855,SBS34,d0,8,8:12:38,8:12:38,401822,37.0,3
MQ_A5-Weekday-048000_SBS34_855,SBS34,d0,9,8:14:48,8:14:48,401824,27.0,2
MQ_A5-Weekday-048000_SBS34_855,SBS34,d0,10,8:16:56,8:16:56,401826,23.0,2
MQ_A5-Weekday-048000_SBS34_855,SBS34,d0,11,8:18:00,8:18:00,401827,23.0,2
MQ_A5-Weekday-048000_SBS34_855,SBS34,d0,12,8:19:08,8:19:08,404950,11.0,1
MQ_A5-Weekday-048000_SBS34_855,SBS34,d0,13,8:20:00,8:20:00,903028,11.0,1
MQ_A5-Weekday-122000_SBS34_874,SBS34,d0,1,20:20:00,20:20:00,401497,2.0,1
MQ_A5-Weekday-122000_SBS34_874,SBS34,d0,2,20:20:55,20:20:55,405026,2.0,1
MQ_A5-Weekday-122000_SBS34_874,SBS34,d0,3,20:23:02,20:23:02,401818,2.0,1
MQ_A5-Weekday-122000_SBS34_874,SBS34,d0,4,20:24:06,20:24:06,401819,2.0,1
MQ_A5-Weekday-122000_SBS34_874,SBS34,d0,5,20:25:00,20:25:00,404820,2.0,1
MQ_A5-Weekday-122000_SBS34_874,SBS34,d0,6,20:26:52,20:26:52,401821,2.0,1
MQ_A5-Weekday-122000_SBS34_874,SBS34,d0,7,20:28:43,20:28:43,401822,2.0,1
MQ_A5-Weekday-122000_SBS34_874,SBS34,d0,8,20:30:27,20:30:27,401824,2.0,1
MQ_A5-Weekday-122000_SBS34_874,SBS34,d0,9,20:32:09,20:32:09,401826,2.0,1
MQ_A5-Weekday-122000_SBS34_874,SBS34,d0,10,20:33:00,20:33:00,401827,2.0,1
MQ_A5-Weekday-122000_SBS34_874,SBS34,d0,11,20:35:29,20:35:29,405336,2.0,1
MQ_A5-Weekday-122000_SBS34_874,SBS34,d0,12,20:37:45,20:37:45,401832,2.0,1
MQ_A5-Weekday-122000_SBS34_874,SBS34,d0,13,20:38:54,20:38:54,401833,2.0,1
MQ_A5-Weekday-122000_SBS34_874,SBS34,d0,14,20:40:19,20:40:19,402052,2.0,1
MQ_A5-Weekday-122000_SBS34_874,SBS34,d0,15,20:42:00,20:42:00,903027,2.0,1
MQ_A5-Weekday-098700_SBS34_870,SBS34,d0,1,16:27:00,16:27:00,803131,22.0,2
MQ_A5-Weekday-098700_SBS34_870,SBS34,d0,2,16:28:29,16:28:29,403191,22.0,2
MQ_A5-Weekday-098700_SBS34_870,SBS34,d0,3,16:30:38,16:30:38,403192,22.0,2
MQ_A5-Weekday-098700_SBS34_870,SBS34,d0,4,16:32:41,16:32:41,401818,27.0,2
MQ_A5-Weekday-098700_SBS34_870,SBS34,d0,5,16:34:29,16:34:29,401819,27.0,2
MQ_A5-Weekday-098700_SBS34_870,SBS34,d0,6,16:36:00,16:36:00,404820,27.0,2
MQ_A5-Weekday-098700_SBS34_870,SBS34,d0,7,16:38:06,16:38:06,401821,27.0,2
MQ_A5-Weekday-098700_SBS34_870,SBS34,d0,8,16:40:10,16:40:10,401822,27.0,2
MQ_A5-Weekday-098700_SBS34_870,SBS34,d0,9,16:42:08,16:42:08,401824,27.0,2
MQ_A5-Weekday-098700_SBS34_870,SBS34,d0,10,16:44:02,16:44:02,401826,27.0,2
MQ_A5-Weekday-098700_SBS34_870,SBS34,d0,11,16:45:00,16:45:00,401827,27.0,2
MQ_A5-Weekday-098700_SBS34_870,SBS34,d0,12,16:46:08,16:46:08,404950,13.0,1
MQ_A5-Weekday-098700_SBS34_870,SBS34,d0,13,16:47:00,16:47:00,903028,13.0,1
MQ_A5-Weekday-SDon-103800_SBS34_857,SBS34,d0,1,17:18:00,17:18:00,803131,11.0,1
MQ_A5-Weekday-SDon-103800_SBS34_857,SBS34,d0,2,17:19:19,17:19:19,403191,11.0,1
MQ_A5-Weekday-SDon-103800_SBS34_857,SBS34,d0,3,17:21:14,17:21:14,403192,11.0,1
MQ_A5-Weekday-SDon-103800_SBS34_857,SBS34,d0,4,17:23:03,17:23:03,401818,8.0,2
MQ_A5-Weekday-SDon-103800_SBS34_857,SBS34,d0,5,17:24:39,17:24:39,401819,19.0,2
MQ_A5-Weekday-SDon-103800_SBS34_857,SBS34,d0,6,17:26:00,17:26:00,404820,19.0,2
MQ_A5-Weekday-SDon-103800_SBS34_857,SBS34,d0,7,17:28:06,17:28:06,401821,19.0,2
MQ_A5-Weekday-SDon-103800_SBS34_857,SBS34,d0,8,17:30:10,17:30:10,401822,19.0,2
MQ_A5-Weekday-SDon-103800_SBS34_857,SBS34,d0,9,17:32:08,17:32:08,401824,19.0,2
MQ_A5-Weekday-SDon-103800_SBS34_857,SBS34,d0,10,17:34:02,17:34:02,401826,9.0,1
MQ_A5-Weekday-SDon-103800_SBS34_857,SBS34,d0,11,17:35:00,17:35:00,401827,9.0,1
MQ_A5-Weekday-SDon-103800_SBS34_857,SBS34,d0,12,17:37:46,17:37:46,405336,9.0,1
MQ_A5-Weekday-SDon-103800_SBS34_857,SBS34,d0,13,17:40:17,17:40:17,401832,9.0,1
MQ_A5-Weekday-SDon-103800_SBS34_857,SBS34,d0,14,17:41:33,17:41:33,401833,9.0,1
MQ_A5-Weekday-SDon-103800_SBS34_857,SBS34,d0,15,17:43:08,17:43:08,402052,9.0,1
MQ_A5-Weekday-SDon-103800_SBS34_857,SBS34,d0,16,17:45:00,17:45:00,903027,9.0,1
MQ_A5-Weekday-SDon-034100_SBS34_851,SBS34,d0,1,5:41:00,5:41:00,401497,1.0,1
MQ_A5-Weekday-SDon-034100_SBS34_851,SBS34,d0,2,5:42:06,5:42:06,405026,14.0,1
MQ_A5-Weekday-SDon-034100_SBS34_851,SBS34,d0,3,5:44:38,5:44:38,401818,12.0,2
MQ_A5-Weekday-SDon-034100_SBS34_851,SBS34,d0,4,5:45:55,5:45:55,401819,18.0,3
MQ_A5-Weekday-SDon-034100_SBS34_851,SBS34,d0,5,5:47:00,5:47:00,404820,41.0,3
MQ_A5-Weekday-SDon-034100_SBS34_851,SBS34,d0,6,5:48:38,5:48:38,401821,41.0,4
MQ_A5-Weekday-SDon-034100_SBS34_851,SBS34,d0,7,5:50:15,5:50:15,401822,49.0,4
MQ_A5-Weekday-SDon-034100_SBS34_851,SBS34,d0,8,5:51:46,5:51:46,401824,47.0,3
MQ_A5-Weekday-SDon-034100_SBS34_851,SBS34,d0,9,5:53:15,5:53:15,401826,44.0,3
MQ_A5-Weekday-SDon-034100_SBS34_851,SBS34,d0,10,5:54:00,5:54:00,401827,19.0,2
MQ_A5-Weekday-SDon-034100_SBS34_851,SBS34,d0,11,5:55:56,5:55:56,405336,7.0,1
MQ_A5-Weekday-SDon-034100_SBS34_851,SBS34,d0,12,5:57:42,5:57:42,401832,13.0,1
MQ_A5-Weekday-SDon-034100_SBS34_851,SBS34,d0,13,5:58:35,5:58:35,401833,4.0,1
MQ_A5-Weekday-SDon-034100_SBS34_851,SBS34,d0,14,5:59:42,5:59:42,402052,4.0,1
MQ_A5-Weekday-SDon-034100_SBS34_851,SBS34,d0,15,6:01:00,6:01:00,903027,4.0,1
MQ_A5-Weekday-SDon-099400_SBS34_867,SBS34,d0,1,16:34:00,16:34:00,401497,9.0,1
MQ_A5-Weekday-SDon-099400_SBS34_867,SBS34,d0,2,16:38:15,16:38:15,401818,15.0,1
MQ_A5-Weekday-SDon-099400_SBS34_867,SBS34,d0,3,16:39:44,16:39:44,401819,15.0,2
MQ_A5-Weekday-SDon-099400_SBS34_867,SBS34,d0,4,16:41:00,16:41:00,404820,25.0,2
MQ_A5-Weekday-SDon-099400_SBS34_867,SBS34,d0,5,16:43:06,16:43:06,401821,30.0,2
MQ_A5-Weekday-SDon-099400_SBS34_867,SBS34,d0,6,16:45:10,16:45:10,401822,30.0,2
MQ_A5-Weekday-SDon-099400_SBS34_867,SBS34,d0,7,16:47:08,16:47:08,401824,18.0,2
MQ_A5-Weekday-SDon-099400_SBS34_867,SBS34,d0,8,16:49:02,16:49:02,401826,18.0,2
MQ_A5-Weekday-SDon-099400_SBS34_867,SBS34,d0,9,16:50:00,16:50:00,401827,12.0,1
MQ_A5-Weekday-SDon-099400_SBS34_867,SBS34,d0,10,16:52:46,16:52:46,405336,15.0,1
MQ_A5-Weekday-SDon-099400_SBS34_867,SBS34,d0,11,16:55:17,16:55:17,401832,15.0,1
MQ_A5-Weekday-SDon-099400_SBS34_867,SBS34,d0,12,16:56:33,16:56:33,401833,15.0,1
MQ_A5-Weekday-SDon-099400_SBS34_867,SBS34,d0,13,16:58:08,16:58:08,402052,15.0,1
MQ_A5-Weekday-SDon-099400_SBS34_867,SBS34,d0,14,17:00:00,17:00:00,903027,15.0,1
MQ_A5-Weekday-SDon-079800_SBS34_858,SBS34,d0,1,13:18:00,13:18:00,803131,1.0,2
MQ_A5-Weekday-SDon-079800_SBS34_858,SBS34,d0,2,13:19:29,13:19:29,403191,19.0,2
MQ_A5-Weekday-SDon-079800_SBS34_858,SBS34,d0,3,13:21:38,13:21:38,403192,19.0,2
MQ_A5-Weekday-SDon-079800_SBS34_858,SBS34,d0,4,13:23:41,13:23:41,401818,19.0,2
MQ_A5-Weekday-SDon-079800_SBS34_858,SBS34,d0,5,13:25:29,13:25:29,401819,19.0,2
MQ_A5-Weekday-SDon-079800_SBS34_858,SBS34,d0,6,13:27:00,13:27:00,404820,19.0,2
MQ_A5-Weekday-SDon-079800_SBS34_858,SBS34,d0,7,13:29:34,13:29:34,401821,19.0,2
MQ_A5-Weekday-SDon-079800_SBS34_858,SBS34,d0,8,13:32:06,13:32:06,401822,19.0,2
MQ_A5-Weekday-SDon-079800_SBS34_858,SBS34,d0,9,13:34:29,13:34:29,401824,19.0,2
MQ_A5-Weekday-SDon-079800_SBS34_858,SBS34,d0,10,13:36:49,13:36:49,401826,19.0,2
MQ_A5-Weekday-SDon-079800_SBS34_858,SBS34,d0,11,13:38:00,13:38:00,401827,19.0,2
MQ_A5-Weekday-SDon-079800_SBS34_858,SBS34,d0,12,13:39:08,13:39:08,404950,19.0,2
MQ_A5-Weekday-SDon-079800_SBS34_858,SBS34,d0,13,13:40:00,13:40:00,903028,19.0,2
MQ_A5-Weekday-SDon-087700_SBS34_869,SBS34,d0,1,14:37:00,14:37:00,803131,3.0,1
MQ_A5-Weekday-SDon-087700_SBS34_869,SBS34,d0,2,14:38:29,14:38:29,403191,3.0,1
MQ_A5-Weekday-SDon-087700_SBS34_869,SBS34,d0,3,14:40:38,14:40:38,403192,3.0,1
MQ_A5-Weekday-SDon-087700_SBS34_869,SBS34,d0,4,14:42:41,14:42:41,401818,3.0,1
MQ_A5-Weekday-SDon-087700_SBS34_869,SBS34,d0,5,14:44:29,14:44:29,401819,3.0,1
MQ_A5-Weekday-SDon-087700_SBS34_869,SBS34,d0,6,14:46:00,14:46:00,404820,3.0,1
MQ_A5-Weekday-SDon-087700_SBS34_869,SBS34,d0,7,14:48:20,14:48:20,401821,3.0,1
MQ_A5-Weekday-SDon-087700_SBS34_869,SBS34,d0,8,14:50:38,14:50:38,401822,3.0,1
MQ_A5-Weekday-SDon-087700_SBS34_869,SBS34,d0,9,14:52:48,14:52:48,401824,3.0,1
MQ_A5-Weekday-SDon-087700_SBS34_869,SBS34,d0,10,14:54:56,14:54:56,401826,3.0,1
MQ_A5-Weekday-SDon-087700_SBS34_869,SBS34,d0,11,14:56:00,14:56:00,401827,3.0,1
MQ_A5-Weekday-SDon-087700_SBS34_869,SBS34,d0,12,14:57:08,14:57:08,404950,3.0,1
MQ_A5-Weekday-SDon-087700_SBS34_869,SBS34,d0,13,14:58:00,14:58:00,903028,3.0,1
MQ_A5-Weekday-SDon-100800_SBS34_861,SBS34,d0,1,16:48:00,16:48:00,803131,4.0,1
MQ_A5-Weekday-SDon-100800_SBS34_861,SBS34,d0,2,16:49:19,16:49:19,403191,15.0,2
MQ_A5-Weekday-SDon-100800_SBS34_861,SBS34,d0,3,16:51:14,16:51:14,403192,24.0,3
MQ_A5-Weekday-SDon-100800_SBS34_861,SBS34,d0,4,16:53:03,16:53:03,401818,42.0,3
MQ_A5-Weekday-SDon-100800_SBS34_861,SBS34,d0,5,16:54:39,16:54:39,401819,42.0,3
MQ_A5-Weekday-SDon-100800_SBS34_861,SBS34,d0,6,16:56:00,16:56:00,404820,42.0,3
MQ_A5-Weekday-SDon-100800_SBS34_861,SBS34,d0,7,16:58:06,16:58:06,401821,42.0,3
MQ_A5-Weekday-SDon-100800_SBS34_861,SBS34,d0,8,17:00:10,17:00:10,401822,11.0,1
MQ_A5-Weekday-SDon-100800_SBS34_861,SBS34,d0,9,17:02:08,17:02:08,401824,11.0,1
MQ_A5-Weekday-SDon-100800_SBS34_861,SBS34,d0,10,17:04:02,17:04:02,401826,11.0,1
MQ_A5-Weekday-SDon-100800_SBS34_861,SBS34,d0,11,17:05:00,17:05:00,401827,11.0,1
MQ_A5-Weekday-SDon-100800_SBS34_861,SBS34,d0,12,17:06:08,17:06:08,404950,10.0,1
MQ_A5-Weekday-SDon-100800_SBS34_861,SBS34,d0,13,17:07:00,17:07:00,903028,10.0,1
MQ_A5-Weekday-134300_SBS34_873,SBS34,d0,1,22:23:00,22:23:00,803131,2.0,1
MQ_A5-Weekday-134300_SBS34_873,SBS34,d0,2,22:24:09,22:24:09,403191,2.0,1
MQ_A5-Weekday-134300_SBS34_873,SBS34,d0,3,22:25:50,22:25:50,403192,2.0,1
MQ_A5-Weekday-134300_SBS34_873,SBS34,d0,4,22:27:25,22:27:25,401818,1.0,1
MQ_A5-Weekday-134300_SBS34_873,SBS34,d0,5,22:28:49,22:28:49,401819,1.0,1
MQ_A5-Weekday-134300_SBS34_873,SBS34,d0,6,22:30:00,22:30:00,404820,11.0,1
MQ_A5-Weekday-134300_SBS34_873,SBS34,d0,7,22:31:38,22:31:38,401821,11.0,2
MQ_A5-Weekday-134300_SBS34_873,SBS34,d0,8,22:33:15,22:33:15,401822,29.0,2
MQ_A5-Weekday-134300_SBS34_873,SBS34,d0,9,22:34:46,22:34:46,401824,29.0,2
MQ_A5-Weekday-134300_SBS34_873,SBS34,d0,10,22:36:15,22:36:15,401826,29.0,2
MQ_A5-Weekday-134300_SBS34_873,SBS34,d0,11,22:37:00,22:37:00,401827,25.0,2
MQ_A5-Weekday-134300_SBS34_873,SBS34,d0,12,22:39:12,22:39:12,405336,7.0,1
MQ_A5-Weekday-134300_SBS34_873,SBS34,d0,13,22:41:13,22:41:13,401832,7.0,1
MQ_A5-Weekday-134300_SBS34_873,SBS34,d0,14,22:42:15,22:42:15,401833,7.0,1
MQ_A5-Weekday-134300_SBS34_873,SBS34,d0,15,22:43:31,22:43:31,402052,7.0,1
MQ_A5-Weekday-134300_SBS34_873,SBS34,d0,16,22:45:00,22:45:00,903027,7.0,1
MQ_A5-Weekday-094700_SBS34_869,SBS34,d0,1,15:47:00,15:47:00,803131,3.0,1
MQ_A5-Weekday-094700_SBS34_869,SBS34,d0,2,15:48:29,15:48:29,403191,10.0,2
MQ_A5-Weekday-094700_SBS34_869,SBS34,d0,3,15:50:38,15:50:38,403192,17.0,2
MQ_A5-Weekday-094700_SBS34_869,SBS34,d0,4,15:52:41,15:52:41,401818,23.0,2
MQ_A5-Weekday-094700_SBS34_869,SBS34,d0,5,15:54:29,15:54:29,401819,18.0,2
MQ_A5-Weekday-094700_SBS34_869,SBS34,d0,6,15:56:00,15:56:00,404820,25.0,2
MQ_A5-Weekday-094700_SBS34_869,SBS34,d0,7,15:58:20,15:58:20,401821,8.0,2
MQ_A5-Weekday-094700_SBS34_869,SBS34,d0,8,16:00:38,16:00:38,401822,17.0,2
MQ_A5-Weekday-094700_SBS34_869,SBS34,d0,9,16:02:48,16:02:48,401824,17.0,2
MQ_A5-Weekday-094700_SBS34_869,SBS34,d0,10,16:04:56,16:04:56,401826,17.0,2
MQ_A5-Weekday-094700_SBS34_869,SBS34,d0,11,16:06:00,16:06:00,401827,17.0,2
MQ_A5-Weekday-094700_SBS34_869,SBS34,d0,12,16:07:08,16:07:08,404950,6.0,1
MQ_A5-Weekday-094700_SBS34_869,SBS34,d0,13,16:08:00,16:08:00,903028,6.0,1
MQ_A5-Weekday-118000_SBS34_870,SBS34,d0,1,19:40:00,19:40:00,401497,9.0,1
MQ_A5-Weekday-118000_SBS34_870,SBS34,d0,2,19:40:55,19:40:55,405026,16.0,2
MQ_A5-Weekday-118000_SBS34_870,SBS34,d0,3,19:43:02,19:43:02,401818,31.0,2
MQ_A5-Weekday-118000_SBS34_870,SBS34,d0,4,19:44:06,19:44:06,401819,31.0,2
MQ_A5-Weekday-118000_SBS34_870,SBS34,d0,5,19:45:00,19:45:00,404820,22.0,3
MQ_A5-Weekday-118000_SBS34_870,SBS34,d0,6,19:46:52,19:46:52,401821,46.0,3
MQ_A5-Weekday-118000_SBS34_870,SBS34,d0,7,19:48:43,19:48:43,401822,44.0,3
MQ_A5-Weekday-118000_SBS34_870,SBS34,d0,8,19:50:27,19:50:27,401824,44.0,3
MQ_A5-Weekday-118000_SBS34_870,SBS34,d0,9,19:52:09,19:52:09,401826,25.0,2
MQ_A5-Weekday-118000_SBS34_870,SBS34,d0,10,19:53:00,19:53:00,401827,25.0,2
MQ_A5-Weekday-118000_SBS34_870,SBS34,d0,11,19:55:29,19:55:29,405336,23.0,2
MQ_A5-Weekday-118000_SBS34_870,SBS34,d0,12,19:57:45,19:57:45,401832,13.0,1
MQ_A5-Weekday-118000_SBS34_870,SBS34,d0,13,19:58:54,19:58:54,401833,14.0,2
MQ_A5-Weekday-118000_SBS34_870,SBS34,d0,14,20:00:19,20:00:19,402052,21.0,2
MQ_A5-Weekday-118000_SBS34_870,SBS34,d0,15,20:02:00,20:02:00,903027,21.0,2
MQ_A5-Weekday-126000_SBS34_870,SBS34,d0,1,21:00:00,21:00:00,401497,7.0,1
MQ_A5-Weekday-126000_SBS34_870,SBS34,d0,2,21:00:55,21:00:55,405026,7.0,1
MQ_A5-Weekday-126000_SBS34_870,SBS34,d0,3,21:03:02,21:03:02,401818,10.0,2
MQ_A5-Weekday-126000_SBS34_870,SBS34,d0,4,21:04:06,21:04:06,401819,23.0,2
MQ_A5-Weekday-126000_SBS34_870,SBS34,d0,5,21:05:00,21:05:00,404820,23.0,2
MQ_A5-Weekday-126000_SBS34_870,SBS34,d0,6,21:06:52,21:06:52,401821,31.0,3
MQ_A5-Weekday-126000_SBS34_870,SBS34,d0,7,21:08:43,21:08:43,401822,42.0,3
MQ_A5-Weekday-126000_SBS34_870,SBS34,d0,8,21:10:27,21:10:27,401824,41.0,3
MQ_A5-Weekday-126000_SBS34_870,SBS34,d0,9,21:12:09,21:12:09,401826,37.0,3
MQ_A5-Weekday-126000_SBS34_870,SBS34,d0,10,21:13:00,21:13:00,401827,16.0,1
MQ_A5-Weekday-126000_SBS34_870,SBS34,d0,11,21:15:29,21:15:29,405336,9.0,1
MQ_A5-Weekday-126000_SBS34_870,SBS34,d0,12,21:17:45,21:17:45,401832,11.0,1
MQ_A5-Weekday-126000_SBS34_870,SBS34,d0,13,21:18:54,21:18:54,401833,9.0,1
MQ_A5-Weekday-126000_SBS34_870,SBS34,d0,14,21:20:19,21:20:19,402052,9.0,1
MQ_A5-Weekday-126000_SBS34_870,SBS34,d0,15,21:22:00,21:22:00,903027,9.0,1
MQ_A5-Weekday-SDon-105400_SBS34_865,SBS34,d0,1,17:34:00,17:34:00,401497,9.0,1
MQ_A5-Weekday-SDon-105400_SBS34_865,SBS34,d0,2,17:38:15,17:38:15,401818,14.0,2
MQ_A5-Weekday-SDon-105400_SBS34_865,SBS34,d0,3,17:39:44,17:39:44,401819,20.0,2
MQ_A5-Weekday-SDon-105400_SBS34_865,SBS34,d0,4,17:41:00,17:41:00,404820,20.0,2
MQ_A5-Weekday-SDon-105400_SBS34_865,SBS34,d0,5,17:43:06,17:43:06,401821,20.0,2
MQ_A5-Weekday-SDon-105400_SBS34_865,SBS34,d0,6,17:45:10,17:45:10,401822,20.0,2
MQ_A5-Weekday-SDon-105400_SBS34_865,SBS34,d0,7,17:47:08,17:47:08,401824,20.0,2
MQ_A5-Weekday-SDon-105400_SBS34_865,SBS34,d0,8,17:49:02,17:49:02,401826,13.0,1
MQ_A5-Weekday-SDon-105400_SBS34_865,SBS34,d0,9,17:50:00,17:50:00,401827,13.0,1
MQ_A5-Weekday-SDon-105400_SBS34_865,SBS34,d0,10,17:52:46,17:52:46,405336,8.0,1
MQ_A5-Weekday-SDon-105400_SBS34_865,SBS34,d0,11,17:55:17,17:55:17,401832,8.0,1
MQ_A5-Weekday-SDon-105400_SBS34_865,SBS34,d0,12,17:56:33,17:56:33,401833,8.0,1
MQ_A5-Weekday-SDon-105400_SBS34_865,SBS34,d0,13,17:58:08,17:58:08,402052,8.0,1
MQ_A5-Weekday-SDon-105400_SBS34_865,SBS34,d0,14,18:00:00,18:00:00,903027,8.0,1
MQ_A5-Weekday-SDon-053700_SBS34_855,SBS34,d0,1,8:57:00,8:57:00,803131,2.0,1
MQ_A5-Weekday-SDon-053700_SBS34_855,SBS34,d0,2,8:58:19,8:58:19,403191,3.0,1
MQ_A5-Weekday-SDon-053700_SBS34_855,SBS34,d0,3,9:00:14,9:00:14,403192,9.0,1
MQ_A5-Weekday-SDon-053700_SBS34_855,SBS34,d0,4,9:02:03,9:02:03,401818,9.0,1
MQ_A5-Weekday-SDon-053700_SBS34_855,SBS34,d0,5,9:03:39,9:03:39,401819,5.0,1
MQ_A5-Weekday-SDon-053700_SBS34_855,SBS34,d0,6,9:05:00,9:05:00,404820,15.0,2
MQ_A5-Weekday-SDon-053700_SBS34_855,SBS34,d0,7,9:07:20,9:07:20,401821,28.0,2
MQ_A5-Weekday-SDon-053700_SBS34_855,SBS34,d0,8,9:09:38,9:09:38,401822,28.0,2
MQ_A5-Weekday-SDon-053700_SBS34_855,SBS34,d0,9,9:11:48,9:11:48,401824,26.0,2
MQ_A5-Weekday-SDon-053700_SBS34_855,SBS34,d0,10,9:13:56,9:13:56,401826,15.0,1
MQ_A5-Weekday-SDon-053700_SBS34_855,SBS34,d0,11,9:15:00,9:15:00,401827,15.0,2
MQ_A5-Weekday-SDon-053700_SBS34_855,SBS34,d0,12,9:16:08,9:16:08,404950,20.0,2
MQ_A5-Weekday-SDon-053700_SBS34_855,SBS34,d0,13,9:17:00,9:17:00,903028,20.0,2
MQ_A5-Weekday-SDon-122800_SBS34_873,SBS34,d0,1,20:28:00,20:28:00,803131,6.0,1
MQ_A5-Weekday-SDon-122800_SBS34_873,SBS34,d0,2,20:29:09,20:29:09,403191,7.0,1
MQ_A5-Weekday-SDon-122800_SBS34_873,SBS34,d0,3,20:30:50,20:30:50,403192,12.0,1
MQ_A5-Weekday-SDon-122800_SBS34_873,SBS34,d0,4,20:32:25,20:32:25,401818,10.0,1
MQ_A5-Weekday-SDon-122800_SBS34_873,SBS34,d0,5,20:33:49,20:33:49,401819,16.0,2
MQ_A5-Weekday-SDon-122800_SBS34_873,SBS34,d0,6,20:35:00,20:35:00,404820,24.0,2
MQ_A5-Weekday-SDon-122800_SBS34_873,SBS34,d0,7,20:36:52,20:36:52,401821,9.0,2
MQ_A5-Weekday-SDon-122800_SBS34_873,SBS34,d0,8,20:38:43,20:38:43,401822,20.0,2
MQ_A5-Weekday-SDon-122800_SBS34_873,SBS34,d0,9,20:40:27,20:40:27,401824,11.0,2
MQ_A5-Weekday-SDon-122800_SBS34_873,SBS34,d0,10,20:42:09,20:42:09,401826,25.0,2
MQ_A5-Weekday-SDon-122800_SBS34_873,SBS34,d0,11,20:43:00,20:43:00,401827,25.0,2
MQ_A5-Weekday-SDon-122800_SBS34_873,SBS34,d0,12,20:43:34,20:43:34,404950,8.0,1
MQ_A5-Weekday-SDon-122800_SBS34_873,SBS34,d0,13,20:44:00,20:44:00,903028,8.0,1
MQ_A5-Weekday-116400_SBS34_871,SBS34,d0,1,19:24:00,19:24:00,401497,27.0,2
MQ_A5-Weekday-116400_SBS34_871,SBS34,d0,2,19:24:55,19:24:55,405026,20.0,2
MQ_A5-Weekday-116400_SBS34_871,SBS34,d0,3,19:27:02,19:27:02,401818,21.0,2
MQ_A5-Weekday-116400_SBS34_871,SBS34,d0,4,19:28:06,19:28:06,401819,28.0,3
MQ_A5-Weekday-116400_SBS34_871,SBS34,d0,5,19:29:00,19:29:00,404820,34.0,4
MQ_A5-Weekday-116400_SBS34_871,SBS34,d0,6,19:30:52,19:30:52,401821,49.0,4
MQ_A5-Weekday-116400_SBS34_871,SBS34,d0,7,19:32:43,19:32:43,401822,48.0,3
MQ_A5-Weekday-116400_SBS34_871,SBS34,d0,8,19:34:27,19:34:27,401824,48.0,3
MQ_A5-Weekday-116400_SBS34_871,SBS34,d0,9,19:36:09,19:36:09,401826,37.0,3
MQ_A5-Weekday-116400_SBS34_871,SBS34,d0,10,19:37:00,19:37:00,401827,16.0,1
MQ_A5-Weekday-116400_SBS34_871,SBS34,d0,11,19:39:29,19:39:29,405336,12.0,1
MQ_A5-Weekday-116400_SBS34_871,SBS34,d0,12,19:41:45,19:41:45,401832,7.0,1
MQ_A5-Weekday-116400_SBS34_871,SBS34,d0,13,19:42:54,19:42:54,401833,9.0,1
MQ_A5-Weekday-116400_SBS34_871,SBS34,d0,14,19:44:19,19:44:19,402052,9.0,1
MQ_A5-Weekday-116400_SBS34_871,SBS34,d0,15,19:46:00,19:46:00,903027,9.0,1
MQ_A5-Weekday-SDon-054200_SBS34_857,SBS34,d0,1,9:02:00,9:02:00,401497,20.0,3
MQ_A5-Weekday-SDon-054200_SBS34_857,SBS34,d0,2,9:03:29,9:03:29,405026,42.0,3
MQ_A5-Weekday-SDon-054200_SBS34_857,SBS34,d0,3,9:06:51,9:06:51,401818,13.0,4
MQ_A5-Weekday-SDon-054200_SBS34_857,SBS34,d0,4,9:08:34,9:08:34,401819,55.0,4
MQ_A5-Weekday-SDon-054200_SBS34_857,SBS34,d0,5,9:10:00,9:10:00,404820,57.0,4
MQ_A5-Weekday-SDon-054200_SBS34_857,SBS34,d0,6,9:12:20,9:12:20,401821,53.0,4
MQ_A5-Weekday-SDon-054200_SBS34_857,SBS34,d0,7,9:14:38,9:14:38,401822,46.0,3
MQ_A5-Weekday-SDon-054200_SBS34_857,SBS34,d0,8,9:16:48,9:16:48,401824,38.0,3
MQ_A5-Weekday-SDon-054200_SBS34_857,SBS34,d0,9,9:18:56,9:18:56,401826,28.0,2
MQ_A5-Weekday-SDon-054200_SBS34_857,SBS34,d0,10,9:20:00,9:20:00,401827,28.0,2
MQ_A5-Weekday-SDon-054200_SBS34_857,SBS34,d0,11,9:22:46,9:22:46,405336,11.0,1
MQ_A5-Weekday-SDon-054200_SBS34_857,SBS34,d0,12,9:25:17,9:25:17,401832,11.0,1
MQ_A5-Weekday-SDon-054200_SBS34_857,SBS34,d0,13,9:26:33,9:26:33,401833,7.0,1
MQ_A5-Weekday-SDon-054200_SBS34_857,SBS34,d0,14,9:28:08,9:28:08,402052,2.0,1
MQ_A5-Weekday-SDon-054200_SBS34_857,SBS34,d0,15,9:30:00,9:30:00,903027,2.0,1
MQ_A5-Weekday-SDon-060600_SBS34_863,SBS34,d0,1,10:06:00,10:06:00,401497,5.0,1
MQ_A5-Weekday-SDon-060600_SBS34_863,SBS34,d0,2,10:07:29,10:07:29,405026,5.0,1
MQ_A5-Weekday-SDon-060600_SBS34_863,SBS34,d0,3,10:10:51,10:10:51,401818,10.0,3
MQ_A5-Weekday-SDon-060600_SBS34_863,SBS34,d0,4,10:12:34,10:12:34,401819,44.0,3
MQ_A5-Weekday-SDon-060600_SBS34_863,SBS34,d0,5,10:14:00,10:14:00,404820,44.0,4
MQ_A5-Weekday-SDon-060600_SBS34_863,SBS34,d0,6,10:16:20,10:16:20,401821,54.0,4
MQ_A5-Weekday-SDon-060600_SBS34_863,SBS34,d0,7,10:18:38,10:18:38,401822,49.0,4
MQ_A5-Weekday-SDon-060600_SBS34_863,SBS34,d0,8,10:20:48,10:20:48,401824,48.0,3
MQ_A5-Weekday-SDon-060600_SBS34_863,SBS34,d0,9,10:22:56,10:22:56,401826,23.0,2
MQ_A5-Weekday-SDon-060600_SBS34_863,SBS34,d0,10,10:24:00,10:24:00,401827,23.0,2
MQ_A5-Weekday-SDon-060600_SBS34_863,SBS34,d0,11,10:26:46,10:26:46,405336,12.0,1
MQ_A5-Weekday-SDon-060600_SBS34_863,SBS34,d0,12,10:29:17,10:29:17,401832,12.0,1
MQ_A5-Weekday-SDon-060600_SBS34_863,SBS34,d0,13,10:30:33,10:30:33,401833,6.0,1
MQ_A5-Weekday-SDon-060600_SBS34_863,SBS34,d0,14,10:32:08,10:32:08,402052,6.0,1
MQ_A5-Weekday-SDon-060600_SBS34_863,SBS34,d0,15,10:34:00,10:34:00,903027,6.0,1
MQ_A5-Weekday-144800_SBS34_875,SBS34,d0,1,24:08:00,24:08:00,803131,5.0,1
MQ_A5-Weekday-144800_SBS34_875,SBS34,d0,2,24:08:59,24:08:59,403191,5.0,1
MQ_A5-Weekday-144800_SBS34_875,SBS34,d0,3,24:10:25,24:10:25,403192,5.0,1
MQ_A5-Weekday-144800_SBS34_875,SBS34,d0,4,24:11:47,24:11:47,401818,3.0,1
MQ_A5-Weekday-144800_SBS34_875,SBS34,d0,5,24:12:59,24:12:59,401819,5.0,1
MQ_A5-Weekday-144800_SBS34_875,SBS34,d0,6,24:14:00,24:14:00,404820,3.0,1
MQ_A5-Weekday-144800_SBS34_875,SBS34,d0,7,24:15:38,24:15:38,401821,3.0,1
MQ_A5-Weekday-144800_SBS34_875,SBS34,d0,8,24:17:15,24:17:15,401822,2.0,1
MQ_A5-Weekday-144800_SBS34_875,SBS34,d0,9,24:18:46,24:18:46,401824,2.0,1
MQ_A5-Weekday-144800_SBS34_875,SBS34,d0,10,24:20:15,24:20:15,401826,2.0,1
MQ_A5-Weekday-144800_SBS34_875,SBS34,d0,11,24:21:00,24:21:00,401827,2.0,1
MQ_A5-Weekday-144800_SBS34_875,SBS34,d0,12,24:22:56,24:22:56,405336,2.0,1
MQ_A5-Weekday-144800_SBS34_875,SBS34,d0,13,24:24:42,24:24:42,401832,2.0,1
MQ_A5-Weekday-144800_SBS34_875,SBS34,d0,14,24:25:35,24:25:35,401833,2.0,1
MQ_A5-Weekday-144800_SBS34_875,SBS34,d0,15,24:26:42,24:26:42,402052,2.0,1
MQ_A5-Weekday-144800_SBS34_875,SBS34,d0,16,24:28:00,24:28:00,903027,2.0,1
MQ_A5-Weekday-112400_SBS34_875,SBS34,d0,1,18:44:00,18:44:00,803131,3.0,1
MQ_A5-Weekday-112400_SBS34_875,SBS34,d0,2,18:45:19,18:45:19,403191,14.0,1
MQ_A5-Weekday-112400_SBS34_875,SBS34,d0,3,18:47:14,18:47:14,403192,14.0,1
MQ_A5-Weekday-112400_SBS34_875,SBS34,d0,4,18:49:03,18:49:03,401818,14.0,1
MQ_A5-Weekday-112400_SBS34_875,SBS34,d0,5,18:50:39,18:50:39,401819,14.0,1
MQ_A5-Weekday-112400_SBS34_875,SBS34,d0,6,18:52:00,18:52:00,404820,14.0,1
MQ_A5-Weekday-112400_SBS34_875,SBS34,d0,7,18:54:06,18:54:06,401821,14.0,1
MQ_A5-Weekday-112400_SBS34_875,SBS34,d0,8,18:56:10,18:56:10,401822,11.0,1
MQ_A5-Weekday-112400_SBS34_875,SBS34,d0,9,18:58:08,18:58:08,401824,11.0,1
MQ_A5-Weekday-112400_SBS34_875,SBS34,d0,10,19:00:02,19:00:02,401826,11.0,1
MQ_A5-Weekday-112400_SBS34_875,SBS34,d0,11,19:01:00,19:01:00,401827,9.0,1
MQ_A5-Weekday-112400_SBS34_875,SBS34,d0,12,19:01:34,19:01:34,404950,3.0,1
MQ_A5-Weekday-112400_SBS34_875,SBS34,d0,13,19:02:00,19:02:00,903028,3.0,1
MQ_A5-Weekday-114800_SBS34_876,SBS34,d0,1,19:08:00,19:08:00,401497,2.0,1
MQ_A5-Weekday-114800_SBS34_876,SBS34,d0,2,19:11:02,19:11:02,401818,2.0,1
MQ_A5-Weekday-114800_SBS34_876,SBS34,d0,3,19:12:06,19:12:06,401819,11.0,1
MQ_A5-Weekday-114800_SBS34_876,SBS34,d0,4,19:13:00,19:13:00,404820,7.0,1
MQ_A5-Weekday-114800_SBS34_876,SBS34,d0,5,19:14:52,19:14:52,401821,9.0,1
MQ_A5-Weekday-114800_SBS34_876,SBS34,d0,6,19:16:43,19:16:43,401822,9.0,1
MQ_A5-Weekday-114800_SBS34_876,SBS34,d0,7,19:18:27,19:18:27,401824,8.0,1
MQ_A5-Weekday-114800_SBS34_876,SBS34,d0,8,19:20:09,19:20:09,401826,11.0,1
MQ_A5-Weekday-114800_SBS34_876,SBS34,d0,9,19:21:00,19:21:00,401827,8.0,1
MQ_A5-Weekday-114800_SBS34_876,SBS34,d0,10,19:23:29,19:23:29,405336,2.0,1
MQ_A5-Weekday-114800_SBS34_876,SBS34,d0,11,19:25:45,19:25:45,401832,8.0,1
MQ_A5-Weekday-114800_SBS34_876,SBS34,d0,12,19:26:54,19:26:54,401833,2.0,1
MQ_A5-Weekday-114800_SBS34_876,SBS34,d0,13,19:28:19,19:28:19,402052,2.0,1
MQ_A5-Weekday-114800_SBS34_876,SBS34,d0,14,19:30:00,19:30:00,903027,2.0,1
MQ_A5-Weekday-SDon-133900_SBS34_872,SBS34,d0,1,22:19:00,22:19:00,401497,3.0,1
MQ_A5-Weekday-SDon-133900_SBS34_872,SBS34,d0,2,22:20:06,22:20:06,405026,3.0,1
MQ_A5-Weekday-SDon-133900_SBS34_872,SBS34,d0,3,22:22:38,22:22:38,401818,7.0,1
MQ_A5-Weekday-SDon-133900_SBS34_872,SBS34,d0,4,22:23:55,22:23:55,401819,11.0,2
MQ_A5-Weekday-SDon-133900_SBS34_872,SBS34,d0,5,22:25:00,22:25:00,404820,17.0,3
MQ_A5-Weekday-SDon-133900_SBS34_872,SBS34,d0,6,22:26:38,22:26:38,401821,35.0,3
MQ_A5-Weekday-SDon-133900_SBS34_872,SBS34,d0,7,22:28:15,22:28:15,401822,28.0,2
MQ_A5-Weekday-SDon-133900_SBS34_872,SBS34,d0,8,22:29:46,22:29:46,401824,32.0,2
MQ_A5-Weekday-SDon-133900_SBS34_872,SBS34,d0,9,22:31:15,22:31:15,401826,15.0,1
MQ_A5-Weekday-SDon-133900_SBS34_872,SBS34,d0,10,22:32:00,22:32:00,401827,15.0,1
MQ_A5-Weekday-SDon-133900_SBS34_872,SBS34,d0,11,22:34:12,22:34:12,405336,12.0,1
MQ_A5-Weekday-SDon-133900_SBS34_872,SBS34,d0,12,22:36:13,22:36:13,401832,12.0,1
MQ_A5-Weekday-SDon-133900_SBS34_872,SBS34,d0,13,22:37:15,22:37:15,401833,6.0,1
MQ_A5-Weekday-SDon-133900_SBS34_872,SBS34,d0,14,22:38:31,22:38:31,402052,6.0,1
MQ_A5-Weekday-SDon-133900_SBS34_872,SBS34,d0,15,22:40:00,22:40:00,903027,6.0,1
MQ_A5-Weekday-SDon-077900_SBS34_855,SBS34,d0,1,12:59:00,12:59:00,401497,4.0,1
MQ_A5-Weekday-SDon-077900_SBS34_855,SBS34,d0,2,13:00:06,13:00:06,405026,10.0,2
MQ_A5-Weekday-SDon-077900_SBS34_855,SBS34,d0,3,13:02:38,13:02:38,401818,20.0,2
MQ_A5-Weekday-SDon-077900_SBS34_855,SBS34,d0,4,13:03:55,13:03:55,401819,20.0,2
MQ_A5-Weekday-SDon-077900_SBS34_855,SBS34,d0,5,13:05:00,13:05:00,404820,10.0,1
MQ_A5-Weekday-SDon-077900_SBS34_855,SBS34,d0,6,13:07:34,13:07:34,401821,8.0,3
MQ_A5-Weekday-SDon-077900_SBS34_855,SBS34,d0,7,13:10:06,13:10:06,401822,37.0,3
MQ_A5-Weekday-SDon-077900_SBS34_855,SBS34,d0,8,13:12:29,13:12:29,401824,36.0,3
MQ_A5-Weekday-SDon-077900_SBS34_855,SBS34,d0,9,13:14:49,13:14:49,401826,31.0,2
MQ_A5-Weekday-SDon-077900_SBS34_855,SBS34,d0,10,13:16:00,13:16:00,401827,8.0,1
MQ_A5-Weekday-SDon-077900_SBS34_855,SBS34,d0,11,13:19:02,13:19:02,405336,8.0,1
MQ_A5-Weekday-SDon-077900_SBS34_855,SBS34,d0,12,13:21:48,13:21:48,401832,3.0,1
MQ_A5-Weekday-SDon-077900_SBS34_855,SBS34,d0,13,13:23:13,13:23:13,401833,1.0,1
MQ_A5-Weekday-SDon-077900_SBS34_855,SBS34,d0,14,13:24:57,13:24:57,402052,2.0,1
MQ_A5-Weekday-SDon-077900_SBS34_855,SBS34,d0,15,13:27:00,13:27:00,903027,2.0,1
MQ_A5-Weekday-061800_SBS34_857,SBS34,d0,1,10:18:00,10:18:00,401497,7.0,1
MQ_A5-Weekday-061800_SBS34_857,SBS34,d0,2,10:19:29,10:19:29,405026,16.0,2
MQ_A5-Weekday-061800_SBS34_857,SBS34,d0,3,10:22:51,10:22:51,401818,24.0,3
MQ_A5-Weekday-061800_SBS34_857,SBS34,d0,4,10:24:34,10:24:34,401819,40.0,3
MQ_A5-Weekday-061800_SBS34_857,SBS34,d0,5,10:26:00,10:26:00,404820,43.0,3
MQ_A5-Weekday-061800_SBS34_857,SBS34,d0,6,10:28:20,10:28:20,401821,46.0,3
MQ_A5-Weekday-061800_SBS34_857,SBS34,d0,7,10:30:38,10:30:38,401822,45.0,3
MQ_A5-Weekday-061800_SBS34_857,SBS34,d0,8,10:32:48,10:32:48,401824,42.0,3
MQ_A5-Weekday-061800_SBS34_857,SBS34,d0,9,10:34:56,10:34:56,401826,37.0,3
MQ_A5-Weekday-061800_SBS34_857,SBS34,d0,10,10:36:00,10:36:00,401827,27.0,2
MQ_A5-Weekday-061800_SBS34_857,SBS34,d0,11,10:38:46,10:38:46,405336,7.0,1
MQ_A5-Weekday-061800_SBS34_857,SBS34,d0,12,10:41:17,10:41:17,401832,3.0,1
MQ_A5-Weekday-061800_SBS34_857,SBS34,d0,13,10:42:33,10:42:33,401833,2.0,1
MQ_A5-Weekday-061800_SBS34_857,SBS34,d0,14,10:44:08,10:44:08,402052,2.0,1
MQ_A5-Weekday-061800_SBS34_857,SBS34,d0,15,10:46:00,10:46:00,903027,2.0,1
MQ_A5-Weekday-SDon-109100_SBS34_871,SBS34,d0,1,18:11:00,18:11:00,401497,10.0,1
MQ_A5-Weekday-SDon-109100_SBS34_871,SBS34,d0,2,18:14:38,18:14:38,401818,16.0,3
MQ_A5-Weekday-SDon-109100_SBS34_871,SBS34,d0,3,18:15:55,18:15:55,401819,33.0,3
MQ_A5-Weekday-SDon-109100_SBS34_871,SBS34,d0,4,18:17:00,18:17:00,404820,47.0,5
MQ_A5-Weekday-SDon-109100_SBS34_871,SBS34,d0,5,18:19:06,18:19:06,401821,79.0,5
MQ_A5-Weekday-SDon-109100_SBS34_871,SBS34,d0,6,18:21:10,18:21:10,401822,79.0,5
MQ_A5-Weekday-SDon-109100_SBS34_871,SBS34,d0,7,18:23:08,18:23:08,401824,50.0,4
MQ_A5-Weekday-SDon-109100_SBS34_871,SBS34,d0,8,18:25:02,18:25:02,401826,49.0,4
MQ_A5-Weekday-SDon-109100_SBS34_871,SBS34,d0,9,18:26:00,18:26:00,401827,42.0,3
MQ_A5-Weekday-SDon-109100_SBS34_871,SBS34,d0,10,18:28:29,18:28:29,405336,23.0,3
MQ_A5-Weekday-SDon-109100_SBS34_871,SBS34,d0,11,18:30:45,18:30:45,401832,42.0,3
MQ_A5-Weekday-SDon-109100_SBS34_871,SBS34,d0,12,18:31:54,18:31:54,401833,13.0,1
MQ_A5-Weekday-SDon-109100_SBS34_871,SBS34,d0,13,18:33:19,18:33:19,402052,14.0,1
MQ_A5-Weekday-SDon-109100_SBS34_871,SBS34,d0,14,18:35:00,18:35:00,903027,14.0,1
MQ_A5-Weekday-SDon-048000_SBS34_855,SBS34,d0,1,8:00:00,8:00:00,803131,3.0,1
MQ_A5-Weekday-SDon-048000_SBS34_855,SBS34,d0,2,8:01:19,8:01:19,403191,14.0,1
MQ_A5-Weekday-SDon-048000_SBS34_855,SBS34,d0,3,8:03:14,8:03:14,403192,14.0,1
MQ_A5-Weekday-SDon-048000_SBS34_855,SBS34,d0,4,8:05:03,8:05:03,401818,14.0,1
MQ_A5-Weekday-SDon-048000_SBS34_855,SBS34,d0,5,8:06:39,8:06:39,401819,14.0,1
MQ_A5-Weekday-SDon-048000_SBS34_855,SBS34,d0,6,8:08:00,8:08:00,404820,14.0,2
MQ_A5-Weekday-SDon-048000_SBS34_855,SBS34,d0,7,8:10:20,8:10:20,401821,22.0,2
MQ_A5-Weekday-SDon-048000_SBS34_855,SBS34,d0,8,8:12:38,8:12:38,401822,22.0,2
MQ_A5-Weekday-SDon-048000_SBS34_855,SBS34,d0,9,8:14:48,8:14:48,401824,21.0,2
MQ_A5-Weekday-SDon-048000_SBS34_855,SBS34,d0,10,8:16:56,8:16:56,401826,20.0,2
MQ_A5-Weekday-SDon-048000_SBS34_855,SBS34,d0,11,8:18:00,8:18:00,401827,19.0,2
MQ_A5-Weekday-SDon-048000_SBS34_855,SBS34,d0,12,8:19:08,8:19:08,404950,11.0,1
MQ_A5-Weekday-SDon-048000_SBS34_855,SBS34,d0,13,8:20:00,8:20:00,903028,11.0,1
MQ_A5-Weekday-SDon-122000_SBS34_874,SBS34,d0,1,20:20:00,20:20:00,401497,8.0,1
MQ_A5-Weekday-SDon-122000_SBS34_874,SBS34,d0,2,20:20:55,20:20:55,405026,8.0,1
MQ_A5-Weekday-SDon-122000_SBS34_874,SBS34,d0,3,20:23:02,20:23:02,401818,7.0,1
MQ_A5-Weekday-SDon-122000_SBS34_874,SBS34,d0,4,20:24:06,20:24:06,401819,11.0,2
MQ_A5-Weekday-SDon-122000_SBS34_874,SBS34,d0,5,20:25:00,20:25:00,404820,26.0,3
MQ_A5-Weekday-SDon-122000_SBS34_874,SBS34,d0,6,20:26:52,20:26:52,401821,46.0,4
MQ_A5-Weekday-SDon-122000_SBS34_874,SBS34,d0,7,20:28:43,20:28:43,401822,49.0,4
MQ_A5-Weekday-SDon-122000_SBS34_874,SBS34,d0,8,20:30:27,20:30:27,401824,49.0,4
MQ_A5-Weekday-SDon-122000_SBS34_874,SBS34,d0,9,20:32:09,20:32:09,401826,49.0,4
MQ_A5-Weekday-SDon-122000_SBS34_874,SBS34,d0,10,20:33:00,20:33:00,401827,19.0,2
MQ_A5-Weekday-SDon-122000_SBS34_874,SBS34,d0,11,20:35:29,20:35:29,405336,11.0,1
MQ_A5-Weekday-SDon-122000_SBS34_874,SBS34,d0,12,20:37:45,20:37:45,401832,14.0,1
MQ_A5-Weekday-SDon-122000_SBS34_874,SBS34,d0,13,20:38:54,20:38:54,401833,11.0,1
MQ_A5-Weekday-SDon-122000_SBS34_874,SBS34,d0,14,20:40:19,20:40:19,402052,7.0,1
MQ_A5-Weekday-SDon-122000_SBS34_874,SBS34,d0,15,20:42:00,20:42:00,903027,7.0,1
MQ_A5-Weekday-SDon-031500_SBS34_852,SBS34,d0,1,5:15:00,5:15:00,401497,8.0,1
MQ_A5-Weekday-SDon-031500_SBS34_852,SBS34,d0,2,5:16:06,5:16:06,405026,8.0,1
MQ_A5-Weekday-SDon-031500_SBS34_852,SBS34,d0,3,5:18:38,5:18:38,401818,8.0,1
MQ_A5-Weekday-SDon-031500_SBS34_852,SBS34,d0,4,5:19:55,5:19:55,401819,14.0,2
MQ_A5-Weekday-SDon-031500_SBS34_852,SBS34,d0,5,5:21:00,5:21:00,404820,27.0,3
MQ_A5-Weekday-SDon-031500_SBS34_852,SBS34,d0,6,5:22:38,5:22:38,401821,37.0,3
MQ_A5-Weekday-SDon-031500_SBS34_852,SBS34,d0,7,5:24:15,5:24:15,401822,23.0,3
MQ_A5-Weekday-SDon-031500_SBS34_852,SBS34,d0,8,5:25:46,5:25:46,401824,33.0,3
MQ_A5-Weekday-SDon-031500_SBS34_852,SBS34,d0,9,5:27:15,5:27:15,401826,30.0,2
MQ_A5-Weekday-SDon-031500_SBS34_852,SBS34,d0,10,5:28:00,5:28:00,401827,10.0,1
MQ_A5-Weekday-SDon-031500_SBS34_852,SBS34,d0,11,5:29:56,5:29:56,405336,4.0,1
MQ_A5-Weekday-SDon-031500_SBS34_852,SBS34,d0,12,5:31:42,5:31:42,401832,7.0,1
MQ_A5-Weekday-SDon-031500_SBS34_852,SBS34,d0,13,5:32:35,5:32:35,401833,7.0,1
MQ_A5-Weekday-SDon-031500_SBS34_852,SBS34,d0,14,5:33:42,5:33:42,402052,7.0,1
MQ_A5-Weekday-SDon-031500_SBS34_852,SBS34,d0,15,5:35:00,5:35:00,903027,7.0,1
MQ_A5-Weekday-061200_SBS34_865,SBS34,d0,1,10:12:00,10:12:00,803131,1.0,1
MQ_A5-Weekday-061200_SBS34_865,SBS34,d0,2,10:13:19,10:13:19,403191,1.0,1
MQ_A5-Weekday-061200_SBS34_865,SBS34,d0,3,10:15:14,10:15:14,403192,1.0,1
MQ_A5-Weekday-061200_SBS34_865,SBS34,d0,4,10:17:03,10:17:03,401818,1.0,1
MQ_A5-Weekday-061200_SBS34_865,SBS34,d0,5,10:18:39,10:18:39,401819,1.0,1
MQ_A5-Weekday-061200_SBS34_865,SBS34,d0,6,10:20:00,10:20:00,404820,1.0,1
MQ_A5-Weekday-061200_SBS34_865,SBS34,d0,7,10:22:20,10:22:20,401821,1.0,1
MQ_A5-Weekday-061200_SBS34_865,SBS34,d0,8,10:24:38,10:24:38,401822,1.0,1
MQ_A5-Weekday-061200_SBS34_865,SBS34,d0,9,10:26:48,10:26:48,401824,1.0,1
MQ_A5-Weekday-061200_SBS34_865,SBS34,d0,10,10:28:56,10:28:56,401826,1.0,1
MQ_A5-Weekday-061200_SBS34_865,SBS34,d0,11,10:30:00,10:30:00,401827,1.0,1
MQ_A5-Weekday-061200_SBS34_865,SBS34,d0,12,10:31:08,10:31:08,404950,1.0,1
MQ_A5-Weekday-061200_SBS34_865,SBS34,d0,13,10:32:00,10:32:00,903028,1.0,1
MQ_A5-Weekday-087700_SBS34_869,SBS34,d0,1,14:37:00,14:37:00,803131,3.0,1
MQ_A5-Weekday-087700_SBS34_869,SBS34,d0,2,14:38:29,14:38:29,403191,7.0,2
MQ_A5-Weekday-087700_SBS34_869,SBS34,d0,3,14:40:38,14:40:38,403192,17.0,2
MQ_A5-Weekday-087700_SBS34_869,SBS34,d0,4,14:42:41,14:42:41,401818,15.0,4
MQ_A5-Weekday-087700_SBS34_869,SBS34,d0,5,14:44:29,14:44:29,401819,59.0,4
MQ_A5-Weekday-087700_SBS34_869,SBS34,d0,6,14:46:00,14:46:00,404820,59.0,4
MQ_A5-Weekday-087700_SBS34_869,SBS34,d0,7,14:48:20,14:48:20,401821,59.0,4
MQ_A5-Weekday-087700_SBS34_869,SBS34,d0,8,14:50:38,14:50:38,401822,18.0,2
MQ_A5-Weekday-087700_SBS34_869,SBS34,d0,9,14:52:48,14:52:48,401824,18.0,2
MQ_A5-Weekday-087700_SBS34_869,SBS34,d0,10,14:54:56,14:54:56,401826,12.0,1
MQ_A5-Weekday-087700_SBS34_869,SBS34,d0,11,14:56:00,14:56:00,401827,12.0,1
MQ_A5-Weekday-087700_SBS34_869,SBS34,d0,12,14:57:08,14:57:08,404950,5.0,1
MQ_A5-Weekday-087700_SBS34_869,SBS34,d0,13,14:58:00,14:58:00,903028,5.0,1
MQ_A5-Weekday-100800_SBS34_861,SBS34,d0,1,16:48:00,16:48:00,803131,3.0,3
MQ_A5-Weekday-100800_SBS34_861,SBS34,d0,2,16:49:19,16:49:19,403191,42.0,3
MQ_A5-Weekday-100800_SBS34_861,SBS34,d0,3,16:51:14,16:51:14,403192,42.0,3
MQ_A5-Weekday-100800_SBS34_861,SBS34,d0,4,16:53:03,16:53:03,401818,42.0,4
MQ_A5-Weekday-100800_SBS34_861,SBS34,d0,5,16:54:39,16:54:39,401819,49.0,4
MQ_A5-Weekday-100800_SBS34_861,SBS34,d0,6,16:56:00,16:56:00,404820,25.0,4
MQ_A5-Weekday-100800_SBS34_861,SBS34,d0,7,16:58:06,16:58:06,401821,61.0,4
MQ_A5-Weekday-100800_SBS34_861,SBS34,d0,8,17:00:10,17:00:10,401822,61.0,4
MQ_A5-Weekday-100800_SBS34_861,SBS34,d0,9,17:02:08,17:02:08,401824,57.0,4
MQ_A5-Weekday-100800_SBS34_861,SBS34,d0,10,17:04:02,17:04:02,401826,57.0,4
MQ_A5-Weekday-100800_SBS34_861,SBS34,d0,11,17:05:00,17:05:00,401827,57.0,4
MQ_A5-Weekday-100800_SBS34_861,SBS34,d0,12,17:06:08,17:06:08,404950,6.0,1
MQ_A5-Weekday-100800_SBS34_861,SBS34,d0,13,17:07:00,17:07:00,903028,6.0,1
MQ_A5-Weekday-SDon-118000_SBS34_870,SBS34,d0,1,19:40:00,19:40:00,401497,12.0,1
MQ_A5-Weekday-SDon-118000_SBS34_870,SBS34,d0,2,19:40:55,19:40:55,405026,12.0,1
MQ_A5-Weekday-SDon-118000_SBS34_870,SBS34,d0,3,19:43:02,19:43:02,401818,15.0,2
MQ_A5-Weekday-SDon-118000_SBS34_870,SBS34,d0,4,19:44:06,19:44:06,401819,24.0,2
MQ_A5-Weekday-SDon-118000_SBS34_870,SBS34,d0,5,19:45:00,19:45:00,404820,24.0,2
MQ_A5-Weekday-SDon-118000_SBS34_870,SBS34,d0,6,19:46:52,19:46:52,401821,25.0,2
MQ_A5-Weekday-SDon-118000_SBS34_870,SBS34,d0,7,19:48:43,19:48:43,401822,25.0,2
MQ_A5-Weekday-SDon-118000_SBS34_870,SBS34,d0,8,19:50:27,19:50:27,401824,12.0,1
MQ_A5-Weekday-SDon-118000_SBS34_870,SBS34,d0,9,19:52:09,19:52:09,401826,13.0,1
MQ_A5-Weekday-SDon-118000_SBS34_870,SBS34,d0,10,19:53:00,19:53:00,401827,13.0,1
MQ_A5-Weekday-SDon-118000_SBS34_870,SBS34,d0,11,19:55:29,19:55:29,405336,13.0,1
MQ_A5-Weekday-SDon-118000_SBS34_870,SBS34,d0,12,19:57:45,19:57:45,401832,8.0,1
MQ_A5-Weekday-SDon-118000_SBS34_870,SBS34,d0,13,19:58:54,19:58:54,401833,4.0,1
MQ_A5-Weekday-SDon-118000_SBS34_870,SBS34,d0,14,20:00:19,20:00:19,402052,13.0,1
MQ_A5-Weekday-SDon-118000_SBS34_870,SBS34,d0,15,20:02:00,20:02:00,903027,13.0,1
MQ_A5-Weekday-SDon-126000_SBS34_870,SBS34,d0,1,21:00:00,21:00:00,401497,5.0,1
MQ_A5-Weekday-SDon-126000_SBS34_870,SBS34,d0,2,21:00:55,21:00:55,405026,5.0,1
MQ_A5-Weekday-SDon-126000_SBS34_870,SBS34,d0,3,21:03:02,21:03:02,401818,13.0,2
MQ_A5-Weekday-SDon-126000_SBS34_870,SBS34,d0,4,21:04:06,21:04:06,401819,25.0,2
MQ_A5-Weekday-SDon-126000_SBS34_870,SBS34,d0,5,21:05:00,21:05:00,404820,25.0,2
MQ_A5-Weekday-SDon-126000_SBS34_870,SBS34,d0,6,21:06:52,21:06:52,401821,25.0,2
MQ_A5-Weekday-SDon-126000_SBS34_870,SBS34,d0,7,21:08:43,21:08:43,401822,22.0,2
MQ_A5-Weekday-SDon-126000_SBS34_870,SBS34,d0,8,21:10:27,21:10:27,401824,26.0,2
MQ_A5-Weekday-SDon-126000_SBS34_870,SBS34,d0,9,21:12:09,21:12:09,401826,16.0,1
MQ_A5-Weekday-SDon-126000_SBS34_870,SBS34,d0,10,21:13:00,21:13:00,401827,12.0,1
MQ_A5-Weekday-SDon-126000_SBS34_870,SBS34,d0,11,21:15:29,21:15:29,405336,13.0,1
MQ_A5-Weekday-SDon-126000_SBS34_870,SBS34,d0,12,21:17:45,21:17:45,401832,9.0,1
MQ_A5-Weekday-SDon-126000_SBS34_870,SBS34,d0,13,21:18:54,21:18:54,401833,5.0,1
MQ_A5-Weekday-SDon-126000_SBS34_870,SBS34,d0,14,21:20:19,21:20:19,402052,5.0,1
MQ_A5-Weekday-SDon-126000_SBS34_870,SBS34,d0,15,21:22:00,21:22:00,903027,5.0,1
MQ_A5-Weekday-SDon-134300_SBS34_873,SBS34,d0,1,22:23:00,22:23:00,803131,6.0,1
MQ_A5-Weekday-SDon-134300_SBS34_873,SBS34,d0,2,22:24:09,22:24:09,403191,6.0,1
MQ_A5-Weekday-SDon-134300_SBS34_873,SBS34,d0,3,22:25:50,22:25:50,403192,6.0,1
MQ_A5-Weekday-SDon-134300_SBS34_873,SBS34,d0,4,22:27:25,22:27:25,401818,6.0,1
MQ_A5-Weekday-SDon-134300_SBS34_873,SBS34,d0,5,22:28:49,22:28:49,401819,6.0,1
MQ_A5-Weekday-SDon-134300_SBS34_873,SBS34,d0,6,22:30:00,22:30:00,404820,6.0,1
MQ_A5-Weekday-SDon-134300_SBS34_873,SBS34,d0,7,22:31:38,22:31:38,401821,6.0,1
MQ_A5-Weekday-SDon-134300_SBS34_873,SBS34,d0,8,22:33:15,22:33:15,401822,6.0,1
MQ_A5-Weekday-SDon-134300_SBS34_873,SBS34,d0,9,22:34:46,22:34:46,401824,6.0,1
MQ_A5-Weekday-SDon-134300_SBS34_873,SBS34,d0,10,22:36:15,22:36:15,401826,6.0,1
MQ_A5-Weekday-SDon-134300_SBS34_873,SBS34,d0,11,22:37:00,22:37:00,401827,6.0,1
MQ_A5-Weekday-SDon-134300_SBS34_873,SBS34,d0,12,22:39:12,22:39:12,405336,6.0,1
MQ_A5-Weekday-SDon-134300_SBS34_873,SBS34,d0,13,22:41:13,22:41:13,401832,6.0,1
MQ_A5-Weekday-SDon-134300_SBS34_873,SBS34,d0,14,22:42:15,22:42:15,401833,6.0,1
MQ_A5-Weekday-SDon-134300_SBS34_873,SBS34,d0,15,22:43:31,22:43:31,402052,6.0,1
MQ_A5-Weekday-SDon-134300_SBS34_873,SBS34,d0,16,22:45:00,22:45:00,903027,6.0,1
MQ_A5-Weekday-SDon-094700_SBS34_869,SBS34,d0,1,15:47:00,15:47:00,803131,6.0,1
MQ_A5-Weekday-SDon-094700_SBS34_869,SBS34,d0,2,15:48:29,15:48:29,403191,8.0,2
MQ_A5-Weekday-SDon-094700_SBS34_869,SBS34,d0,3,15:50:38,15:50:38,403192,19.0,2
MQ_A5-Weekday-SDon-094700_SBS34_869,SBS34,d0,4,15:52:41,15:52:41,401818,11.0,1
MQ_A5-Weekday-SDon-094700_SBS34_869,SBS34,d0,5,15:54:29,15:54:29,401819,15.0,2
MQ_A5-Weekday-SDon-094700_SBS34_869,SBS34,d0,6,15:56:00,15:56:00,404820,29.0,2
MQ_A5-Weekday-SDon-094700_SBS34_869,SBS34,d0,7,15:58:20,15:58:20,401821,29.0,2
MQ_A5-Weekday-SDon-094700_SBS34_869,SBS34,d0,8,16:00:38,16:00:38,401822,32.0,3
MQ_A5-Weekday-SDon-094700_SBS34_869,SBS34,d0,9,16:02:48,16:02:48,401824,34.0,3
MQ_A5-Weekday-SDon-094700_SBS34_869,SBS34,d0,10,16:04:56,16:04:56,401826,27.0,2
MQ_A5-Weekday-SDon-094700_SBS34_869,SBS34,d0,11,16:06:00,16:06:00,401827,15.0,1
MQ_A5-Weekday-SDon-094700_SBS34_869,SBS34,d0,12,16:07:08,16:07:08,404950,15.0,1
MQ_A5-Weekday-SDon-094700_SBS34_869,SBS34,d0,13,16:08:00,16:08:00,903028,15.0,1
MQ_A5-Weekday-SDon-098700_SBS34_870,SBS34,d0,1,16:27:00,16:27:00,803131,2.0,1
MQ_A5-Weekday-SDon-098700_SBS34_870,SBS34,d0,2,16:28:29,16:28:29,403191,13.0,1
MQ_A5-Weekday-SDon-098700_SBS34_870,SBS34,d0,3,16:30:38,16:30:38,403192,13.0,2
MQ_A5-Weekday-SDon-098700_SBS34_870,SBS34,d0,4,16:32:41,16:32:41,401818,26.0,2
MQ_A5-Weekday-SDon-098700_SBS34_870,SBS34,d0,5,16:34:29,16:34:29,401819,26.0,2
MQ_A5-Weekday-SDon-098700_SBS34_870,SBS34,d0,6,16:36:00,16:36:00,404820,16.0,2
MQ_A5-Weekday-SDon-098700_SBS34_870,SBS34,d0,7,16:38:06,16:38:06,401821,17.0,2
MQ_A5-Weekday-SDon-098700_SBS34_870,SBS34,d0,8,16:40:10,16:40:10,401822,17.0,2
MQ_A5-Weekday-SDon-098700_SBS34_870,SBS34,d0,9,16:42:08,16:42:08,401824,20.0,2
MQ_A5-Weekday-SDon-098700_SBS34_870,SBS34,d0,10,16:44:02,16:44:02,401826,20.0,2
MQ_A5-Weekday-SDon-098700_SBS34_870,SBS34,d0,11,16:45:00,16:45:00,401827,20.0,2
MQ_A5-Weekday-SDon-098700_SBS34_870,SBS34,d0,12,16:46:08,16:46:08,404950,4.0,1
MQ_A5-Weekday-SDon-098700_SBS34_870,SBS34,d0,13,16:47:00,16:47:00,903028,4.0,1
MQ_A5-Weekday-099400_SBS34_867,SBS34,d0,1,16:34:00,16:34:00,401497,34.0,3
MQ_A5-Weekday-099400_SBS34_867,SBS34,d0,2,16:38:15,16:38:15,401818,34.0,3
MQ_A5-Weekday-099400_SBS34_867,SBS34,d0,3,16:39:44,16:39:44,401819,34.0,3
MQ_A5-Weekday-099400_SBS34_867,SBS34,d0,4,16:41:00,16:41:00,404820,34.0,3
MQ_A5-Weekday-099400_SBS34_867,SBS34,d0,5,16:43:06,16:43:06,401821,34.0,3
MQ_A5-Weekday-099400_SBS34_867,SBS34,d0,6,16:45:10,16:45:10,401822,34.0,3
MQ_A5-Weekday-099400_SBS34_867,SBS34,d0,7,16:47:08,16:47:08,401824,34.0,3
MQ_A5-Weekday-099400_SBS34_867,SBS34,d0,8,16:49:02,16:49:02,401826,34.0,3
MQ_A5-Weekday-099400_SBS34_867,SBS34,d0,9,16:50:00,16:50:00,401827,34.0,3
MQ_A5-Weekday-099400_SBS34_867,SBS34,d0,10,16:52:46,16:52:46,405336,3.0,1
MQ_A5-Weekday-099400_SBS34_867,SBS34,d0,11,16:55:17,16:55:17,401832,3.0,1
MQ_A5-Weekday-099400_SBS34_867,SBS34,d0,12,16:56:33,16:56:33,401833,3.0,1
MQ_A5-Weekday-099400_SBS34_867,SBS34,d0,13,16:58:08,16:58:08,402052,2.0,1
MQ_A5-Weekday-099400_SBS34_867,SBS34,d0,14,17:00:00,17:00:00,903027,2.0,1
MQ_A5-Weekday-079800_SBS34_858,SBS34,d0,1,13:18:00,13:18:00,803131,3.0,1
MQ_A5-Weekday-079800_SBS34_858,SBS34,d0,2,13:19:29,13:19:29,403191,13.0,1
MQ_A5-Weekday-079800_SBS34_858,SBS34,d0,3,13:21:38,13:21:38,403192,13.0,1
MQ_A5-Weekday-079800_SBS34_858,SBS34,d0,4,13:23:41,13:23:41,401818,1.0,3
MQ_A5-Weekday-079800_SBS34_858,SBS34,d0,5,13:25:29,13:25:29,401819,33.0,3
MQ_A5-Weekday-079800_SBS34_858,SBS34,d0,6,13:27:00,13:27:00,404820,40.0,4
MQ_A5-Weekday-079800_SBS34_858,SBS34,d0,7,13:29:34,13:29:34,401821,51.0,4
MQ_A5-Weekday-079800_SBS34_858,SBS34,d0,8,13:32:06,13:32:06,401822,2.0,3
MQ_A5-Weekday-079800_SBS34_858,SBS34,d0,9,13:34:29,13:34:29,401824,46.0,3
MQ_A5-Weekday-079800_SBS34_858,SBS34,d0,10,13:36:49,13:36:49,401826,46.0,3
MQ_A5-Weekday-079800_SBS34_858,SBS34,d0,11,13:38:00,13:38:00,401827,1.0,1
MQ_A5-Weekday-079800_SBS34_858,SBS34,d0,12,13:39:08,13:39:08,404950,7.0,1
MQ_A5-Weekday-079800_SBS34_858,SBS34,d0,13,13:40:00,13:40:00,903028,7.0,1
MQ_A5-Weekday-103800_SBS34_857,SBS34,d0,1,17:18:00,17:18:00,803131,48.0,3
MQ_A5-Weekday-103800_SBS34_857,SBS34,d0,2,17:19:19,17:19:19,403191,48.0,3
MQ_A5-Weekday-103800_SBS34_857,SBS34,d0,3,17:21:14,17:21:14,403192,48.0,3
MQ_A5-Weekday-103800_SBS34_857,SBS34,d0,4,17:23:03,17:23:03,401818,48.0,3
MQ_A5-Weekday-103800_SBS34_857,SBS34,d0,5,17:24:39,17:24:39,401819,48.0,3
MQ_A5-Weekday-103800_SBS34_857,SBS34,d0,6,17:26:00,17:26:00,404820,48.0,3
MQ_A5-Weekday-103800_SBS34_857,SBS34,d0,7,17:28:06,17:28:06,401821,48.0,3
MQ_A5-Weekday-103800_SBS34_857,SBS34,d0,8,17:30:10,17:30:10,401822,48.0,3
MQ_A5-Weekday-103800_SBS34_857,SBS34,d0,9,17:32:08,17:32:08,401824,48.0,3
MQ_A5-Weekday-103800_SBS34_857,SBS34,d0,10,17:34:02,17:34:02,401826,48.0,3
MQ_A5-Weekday-103800_SBS34_857,SBS34,d0,11,17:35:00,17:35:00,401827,48.0,3
MQ_A5-Weekday-103800_SBS34_857,SBS34,d0,12,17:37:46,17:37:46,405336,48.0,3
MQ_A5-Weekday-103800_SBS34_857,SBS34,d0,13,17:40:17,17:40:17,401832,48.0,3
MQ_A5-Weekday-103800_SBS34_857,SBS34,d0,14,17:41:33,17:41:33,401833,48.0,3
MQ_A5-Weekday-103800_SBS34_857,SBS34,d0,15,17:43:08,17:43:08,402052,48.0,3
MQ_A5-Weekday-103800_SBS34_857,SBS34,d0,16,17:45:00,17:45:00,903027,48.0,3
MQ_A5-Weekday-034100_SBS34_851,SBS34,d0,1,5:41:00,5:41:00,401497,15.0,1
MQ_A5-Weekday-034100_SBS34_851,SBS34,d0,2,5:42:06,5:42:06,405026,16.0,1
MQ_A5-Weekday-034100_SBS34_851,SBS34,d0,3,5:44:38,5:44:38,401818,15.0,2
MQ_A5-Weekday-034100_SBS34_851,SBS34,d0,4,5:45:55,5:45:55,401819,27.0,4
MQ_A5-Weekday-034100_SBS34_851,SBS34,d0,5,5:47:00,5:47:00,404820,52.0,4
MQ_A5-Weekday-034100_SBS34_851,SBS34,d0,6,5:48:38,5:48:38,401821,52.0,4
MQ_A5-Weekday-034100_SBS34_851,SBS34,d0,7,5:50:15,5:50:15,401822,63.0,4
MQ_A5-Weekday-034100_SBS34_851,SBS34,d0,8,5:51:46,5:51:46,401824,57.0,4
MQ_A5-Weekday-034100_SBS34_851,SBS34,d0,9,5:53:15,5:53:15,401826,55.0,4
MQ_A5-Weekday-034100_SBS34_851,SBS34,d0,10,5:54:00,5:54:00,401827,17.0,2
MQ_A5-Weekday-034100_SBS34_851,SBS34,d0,11,5:55:56,5:55:56,405336,8.0,1
MQ_A5-Weekday-034100_SBS34_851,SBS34,d0,12,5:57:42,5:57:42,401832,7.0,1
MQ_A5-Weekday-034100_SBS34_851,SBS34,d0,13,5:58:35,5:58:35,401833,4.0,1
MQ_A5-Weekday-034100_SBS34_851,SBS34,d0,14,5:59:42,5:59:42,402052,4.0,1
MQ_A5-Weekday-034100_SBS34_851,SBS34,d0,15,6:01:00,6:01:00,903027,4.0,1
MQ_A5-Weekday-SDon-092100_SBS34_872,SBS34,d0,1,15:21:00,15:21:00,401497,20.0,2
MQ_A5-Weekday-SDon-092100_SBS34_872,SBS34,d0,2,15:22:17,15:22:17,405026,20.0,2
MQ_A5-Weekday-SDon-092100_SBS34_872,SBS34,d0,3,15:25:15,15:25:15,401818,20.0,2
MQ_A5-Weekday-SDon-092100_SBS34_872,SBS34,d0,4,15:26:44,15:26:44,401819,20.0,3
MQ_A5-Weekday-SDon-092100_SBS34_872,SBS34,d0,5,15:28:00,15:28:00,404820,42.0,3
MQ_A5-Weekday-SDon-092100_SBS34_872,SBS34,d0,6,15:30:20,15:30:20,401821,42.0,5
MQ_A5-Weekday-SDon-092100_SBS34_872,SBS34,d0,7,15:32:38,15:32:38,401822,65.0,5
MQ_A5-Weekday-SDon-092100_SBS34_872,SBS34,d0,8,15:34:48,15:34:48,401824,60.0,4
MQ_A5-Weekday-SDon-092100_SBS34_872,SBS34,d0,9,15:36:56,15:36:56,401826,50.0,4
MQ_A5-Weekday-SDon-092100_SBS34_872,SBS34,d0,10,15:38:00,15:38:00,401827,37.0,3
MQ_A5-Weekday-SDon-092100_SBS34_872,SBS34,d0,11,15:40:46,15:40:46,405336,37.0,3
MQ_A5-Weekday-SDon-092100_SBS34_872,SBS34,d0,12,15:43:17,15:43:17,401832,37.0,3
MQ_A5-Weekday-SDon-092100_SBS34_872,SBS34,d0,13,15:44:33,15:44:33,401833,37.0,3
MQ_A5-Weekday-SDon-092100_SBS34_872,SBS34,d0,14,15:46:08,15:46:08,402052,19.0,2
MQ_A5-Weekday-SDon-092100_SBS34_872,SBS34,d0,15,15:48:00,15:48:00,903027,19.0,2
MQ_A5-Weekday-SDon-058200_SBS34_859,SBS34,d0,1,9:42:00,9:42:00,401497,7.0,1
MQ_A5-Weekday-SDon-058200_SBS34_859,SBS34,d0,2,9:43:29,9:43:29,405026,15.0,1
MQ_A5-Weekday-SDon-058200_SBS34_859,SBS34,d0,3,9:46:51,9:46:51,401818,14.0,2
MQ_A5-Weekday-SDon-058200_SBS34_859,SBS34,d0,4,9:48:34,9:48:34,401819,21.0,3
MQ_A5-Weekday-SDon-058200_SBS34_859,SBS34,d0,5,9:50:00,9:50:00,404820,37.0,4
MQ_A5-Weekday-SDon-058200_SBS34_859,SBS34,d0,6,9:52:20,9:52:20,401821,50.0,4
MQ_A5-Weekday-SDon-058200_SBS34_859,SBS34,d0,7,9:54:38,9:54:38,401822,53.0,4
MQ_A5-Weekday-SDon-058200_SBS34_859,SBS34,d0,8,9:56:48,9:56:48,401824,46.0,3
MQ_A5-Weekday-SDon-058200_SBS34_859,SBS34,d0,9,9:58:56,9:58:56,401826,16.0,1
MQ_A5-Weekday-SDon-058200_SBS34_859,SBS34,d0,10,10:00:00,10:00:00,401827,9.0,2
MQ_A5-Weekday-SDon-058200_SBS34_859,SBS34,d0,11,10:02:46,10:02:46,405336,29.0,2
MQ_A5-Weekday-SDon-058200_SBS34_859,SBS34,d0,12,10:05:17,10:05:17,401832,2.0,1
MQ_A5-Weekday-SDon-058200_SBS34_859,SBS34,d0,13,10:06:33,10:06:33,401833,4.0,1
MQ_A5-Weekday-SDon-058200_SBS34_859,SBS34,d0,14,10:08:08,10:08:08,402052,4.0,1
MQ_A5-Weekday-SDon-058200_SBS34_859,SBS34,d0,15,10:10:00,10:10:00,903027,4.0,1
MQ_A5-Weekday-SDon-044800_SBS34_860,SBS34,d0,1,7:28:00,7:28:00,401497,4.0,1
MQ_A5-Weekday-SDon-044800_SBS34_860,SBS34,d0,2,7:29:29,7:29:29,405026,4.0,1
MQ_A5-Weekday-SDon-044800_SBS34_860,SBS34,d0,3,7:32:51,7:32:51,401818,4.0,1
MQ_A5-Weekday-SDon-044800_SBS34_860,SBS34,d0,4,7:34:34,7:34:34,401819,4.0,1
MQ_A5-Weekday-SDon-044800_SBS34_860,SBS34,d0,5,7:36:00,7:36:00,404820,4.0,1
MQ_A5-Weekday-SDon-044800_SBS34_860,SBS34,d0,6,7:38:20,7:38:20,401821,4.0,1
MQ_A5-Weekday-SDon-044800_SBS34_860,SBS34,d0,7,7:40:38,7:40:38,401822,4.0,1
MQ_A5-Weekday-SDon-044800_SBS34_860,SBS34,d0,8,7:42:48,7:42:48,401824,4.0,1
MQ_A5-Weekday-SDon-044800_SBS34_860,SBS34,d0,9,7:44:56,7:44:56,401826,4.0,1
MQ_A5-Weekday-SDon-044800_SBS34_860,SBS34,d0,10,7:46:00,7:46:00,401827,4.0,1
MQ_A5-Weekday-SDon-044800_SBS34_860,SBS34,d0,11,7:48:46,7:48:46,405336,4.0,1
MQ_A5-Weekday-SDon-044800_SBS34_860,SBS34,d0,12,7:51:17,7:51:17,401832,4.0,1
MQ_A5-Weekday-SDon-044800_SBS34_860,SBS34,d0,13,7:52:33,7:52:33,401833,4.0,1
MQ_A5-Weekday-SDon-044800_SBS34_860,SBS34,d0,14,7:54:08,7:54:08,402052,4.0,1
MQ_A5-Weekday-SDon-044800_SBS34_860,SBS34,d0,15,7:56:00,7:56:00,903027,4.0,1
MQ_A5-Weekday-SDon-037100_SBS34_855,SBS34,d0,1,6:11:00,6:11:00,803131,4.0,1
MQ_A5-Weekday-SDon-037100_SBS34_855,SBS34,d0,2,6:11:59,6:11:59,403191,4.0,1
MQ_A5-Weekday-SDon-037100_SBS34_855,SBS34,d0,3,6:13:25,6:13:25,403192,4.0,1
MQ_A5-Weekday-SDon-037100_SBS34_855,SBS34,d0,4,6:14:47,6:14:47,401818,10.0,1
MQ_A5-Weekday-SDon-037100_SBS34_855,SBS34,d0,5,6:15:59,6:15:59,401819,3.0,6
MQ_A5-Weekday-SDon-037100_SBS34_855,SBS34,d0,6,6:17:00,6:17:00,404820,86.0,6
MQ_A5-Weekday-SDon-037100_SBS34_855,SBS34,d0,7,6:19:06,6:19:06,401821,86.0,6
MQ_A5-Weekday-SDon-037100_SBS34_855,SBS34,d0,8,6:21:10,6:21:10,401822,88.0,6
MQ_A5-Weekday-SDon-037100_SBS34_855,SBS34,d0,9,6:23:08,6:23:08,401824,88.0,6
MQ_A5-Weekday-SDon-037100_SBS34_855,SBS34,d0,10,6:25:02,6:25:02,401826,87.0,6
MQ_A5-Weekday-SDon-037100_SBS34_855,SBS34,d0,11,6:26:00,6:26:00,401827,72.0,5
MQ_A5-Weekday-SDon-037100_SBS34_855,SBS34,d0,12,6:26:34,6:26:34,404950,22.0,2
MQ_A5-Weekday-SDon-037100_SBS34_855,SBS34,d0,13,6:27:00,6:27:00,903028,22.0,2
MQ_A5-Weekday-049600_SBS34_858,SBS34,d0,1,8:16:00,8:16:00,803131,6.0,1
MQ_A5-Weekday-049600_SBS34_858,SBS34,d0,2,8:17:19,8:17:19,403191,6.0,1
MQ_A5-Weekday-049600_SBS34_858,SBS34,d0,3,8:19:14,8:19:14,403192,6.0,1
MQ_A5-Weekday-049600_SBS34_858,SBS34,d0,4,8:21:03,8:21:03,401818,6.0,1
MQ_A5-Weekday-049600_SBS34_858,SBS34,d0,5,8:22:39,8:22:39,401819,6.0,1
MQ_A5-Weekday-049600_SBS34_858,SBS34,d0,6,8:24:00,8:24:00,404820,6.0,1
MQ_A5-Weekday-049600_SBS34_858,SBS34,d0,7,8:26:20,8:26:20,401821,6.0,1
MQ_A5-Weekday-049600_SBS34_858,SBS34,d0,8,8:28:38,8:28:38,401822,6.0,1
MQ_A5-Weekday-049600_SBS34_858,SBS34,d0,9,8:30:48,8:30:48,401824,6.0,1
MQ_A5-Weekday-049600_SBS34_858,SBS34,d0,10,8:32:56,8:32:56,401826,6.0,1
MQ_A5-Weekday-049600_SBS34_858,SBS34,d0,11,8:34:00,8:34:00,401827,6.0,1
MQ_A5-Weekday-049600_SBS34_858,SBS34,d0,12,8:35:08,8:35:08,404950,6.0,1
MQ_A5-Weekday-049600_SBS34_858,SBS34,d0,13,8:36:00,8:36:00,903028,6.0,1
MQ_A5-Weekday-SDon-038100_SBS34_852,SBS34,d0,1,6:21:00,6:21:00,401497,6.0,2
MQ_A5-Weekday-SDon-038100_SBS34_852,SBS34,d0,2,6:22:06,6:22:06,405026,19.0,2
MQ_A5-Weekday-SDon-038100_SBS34_852,SBS34,d0,3,6:24:38,6:24:38,401818,19.0,3
MQ_A5-Weekday-SDon-038100_SBS34_852,SBS34,d0,4,6:25:55,6:25:55,401819,45.0,7
MQ_A5-Weekday-SDon-038100_SBS34_852,SBS34,d0,5,6:27:00,6:27:00,404820,108.0,7
MQ_A5-Weekday-SDon-038100_SBS34_852,SBS34,d0,6,6:29:06,6:29:06,401821,108.0,7
MQ_A5-Weekday-SDon-038100_SBS34_852,SBS34,d0,7,6:31:10,6:31:10,401822,108.0,7
MQ_A5-Weekday-SDon-038100_SBS34_852,SBS34,d0,8,6:33:08,6:33:08,401824,108.0,7
MQ_A5-Weekday-SDon-038100_SBS34_852,SBS34,d0,9,6:35:02,6:35:02,401826,108.0,7
MQ_A5-Weekday-SDon-038100_SBS34_852,SBS34,d0,10,6:36:00,6:36:00,401827,108.0,7
MQ_A5-Weekday-SDon-038100_SBS34_852,SBS34,d0,11,6:38:29,6:38:29,405336,108.0,7
MQ_A5-Weekday-SDon-038100_SBS34_852,SBS34,d0,12,6:40:45,6:40:45,401832,108.0,7
MQ_A5-Weekday-SDon-038100_SBS34_852,SBS34,d0,13,6:41:54,6:41:54,401833,5.0,1
MQ_A5-Weekday-SDon-038100_SBS34_852,SBS34,d0,14,6:43:19,6:43:19,402052,5.0,1
MQ_A5-Weekday-SDon-038100_SBS34_852,SBS34,d0,15,6:45:00,6:45:00,903027,5.0,1
MQ_A5-Weekday-050000_SBS34_854,SBS34,d0,1,8:20:00,8:20:00,401497,18.0,4
MQ_A5-Weekday-050000_SBS34_854,SBS34,d0,2,8:21:29,8:21:29,405026,50.0,4
MQ_A5-Weekday-050000_SBS34_854,SBS34,d0,3,8:24:51,8:24:51,401818,50.0,4
MQ_A5-Weekday-050000_SBS34_854,SBS34,d0,4,8:26:34,8:26:34,401819,50.0,4
MQ_A5-Weekday-050000_SBS34_854,SBS34,d0,5,8:28:00,8:28:00,404820,50.0,4
MQ_A5-Weekday-050000_SBS34_854,SBS34,d0,6,8:30:20,8:30:20,401821,51.0,4
MQ_A5-Weekday-050000_SBS34_854,SBS34,d0,7,8:32:38,8:32:38,401822,51.0,4
MQ_A5-Weekday-050000_SBS34_854,SBS34,d0,8,8:34:48,8:34:48,401824,51.0,4
MQ_A5-Weekday-050000_SBS34_854,SBS34,d0,9,8:36:56,8:36:56,401826,37.0,3
MQ_A5-Weekday-050000_SBS34_854,SBS34,d0,10,8:38:00,8:38:00,401827,37.0,3
MQ_A5-Weekday-050000_SBS34_854,SBS34,d0,11,8:40:46,8:40:46,405336,11.0,1
MQ_A5-Weekday-050000_SBS34_854,SBS34,d0,12,8:43:17,8:43:17,401832,11.0,1
MQ_A5-Weekday-050000_SBS34_854,SBS34,d0,13,8:44:33,8:44:33,401833,1.0,1
MQ_A5-Weekday-050000_SBS34_854,SBS34,d0,14,8:46:08,8:46:08,402052,1.0,1
MQ_A5-Weekday-050000_SBS34_854,SBS34,d0,15,8:48:00,8:48:00,903027,1.0,1
MQ_A5-Weekday-SDon-110500_SBS34_863,SBS34,d0,1,18:25:00,18:25:00,401497,7.0,1
MQ_A5-Weekday-SDon-110500_SBS34_863,SBS34,d0,2,18:28:38,18:28:38,401818,13.0,3
MQ_A5-Weekday-SDon-110500_SBS34_863,SBS34,d0,3,18:29:55,18:29:55,401819,35.0,3
MQ_A5-Weekday-SDon-110500_SBS34_863,SBS34,d0,4,18:31:00,18:31:00,404820,35.0,4
MQ_A5-Weekday-SDon-110500_SBS34_863,SBS34,d0,5,18:33:06,18:33:06,401821,53.0,4
MQ_A5-Weekday-SDon-110500_SBS34_863,SBS34,d0,6,18:35:10,18:35:10,401822,53.0,4
MQ_A5-Weekday-SDon-110500_SBS34_863,SBS34,d0,7,18:37:08,18:37:08,401824,52.0,4
MQ_A5-Weekday-SDon-110500_SBS34_863,SBS34,d0,8,18:39:02,18:39:02,401826,31.0,2
MQ_A5-Weekday-SDon-110500_SBS34_863,SBS34,d0,9,18:40:00,18:40:00,401827,31.0,2
MQ_A5-Weekday-SDon-110500_SBS34_863,SBS34,d0,10,18:42:29,18:42:29,405336,24.0,2
MQ_A5-Weekday-SDon-110500_SBS34_863,SBS34,d0,11,18:44:45,18:44:45,401832,6.0,2
MQ_A5-Weekday-SDon-110500_SBS34_863,SBS34,d0,12,18:45:54,18:45:54,401833,18.0,2
MQ_A5-Weekday-SDon-110500_SBS34_863,SBS34,d0,13,18:47:19,18:47:19,402052,12.0,1
MQ_A5-Weekday-SDon-110500_SBS34_863,SBS34,d0,14,18:49:00,18:49:00,903027,12.0,1
MQ_A5-Weekday-095400_SBS34_868,SBS34,d0,1,15:54:00,15:54:00,401497,6.0,1
MQ_A5-Weekday-095400_SBS34_868,SBS34,d0,2,15:55:17,15:55:17,405026,8.0,1
MQ_A5-Weekday-095400_SBS34_868,SBS34,d0,3,15:58:15,15:58:15,401818,13.0,2
MQ_A5-Weekday-095400_SBS34_868,SBS34,d0,4,15:59:44,15:59:44,401819,26.0,3
MQ_A5-Weekday-095400_SBS34_868,SBS34,d0,5,16:01:00,16:01:00,404820,45.0,3
MQ_A5-Weekday-095400_SBS34_868,SBS34,d0,6,16:03:20,16:03:20,401821,45.0,3
MQ_A5-Weekday-095400_SBS34_868,SBS34,d0,7,16:05:38,16:05:38,401822,20.0,2
MQ_A5-Weekday-095400_SBS34_868,SBS34,d0,8,16:07:48,16:07:48,401824,28.0,2
MQ_A5-Weekday-095400_SBS34_868,SBS34,d0,9,16:09:56,16:09:56,401826,28.0,2
MQ_A5-Weekday-095400_SBS34_868,SBS34,d0,10,16:11:00,16:11:00,401827,23.0,2
MQ_A5-Weekday-095400_SBS34_868,SBS34,d0,11,16:13:46,16:13:46,405336,7.0,2
MQ_A5-Weekday-095400_SBS34_868,SBS34,d0,12,16:16:17,16:16:17,401832,17.0,2
MQ_A5-Weekday-095400_SBS34_868,SBS34,d0,13,16:17:33,16:17:33,401833,8.0,1
MQ_A5-Weekday-095400_SBS34_868,SBS34,d0,14,16:19:08,16:19:08,402052,10.0,1
MQ_A5-Weekday-095400_SBS34_868,SBS34,d0,15,16:21:00,16:21:00,903027,10.0,1
MQ_A5-Weekday-SDon-075500_SBS34_851,SBS34,d0,1,12:35:00,12:35:00,803131,6.0,1
MQ_A5-Weekday-SDon-075500_SBS34_851,SBS34,d0,2,12:36:29,12:36:29,403191,6.0,1
MQ_A5-Weekday-SDon-075500_SBS34_851,SBS34,d0,3,12:38:38,12:38:38,403192,15.0,1
MQ_A5-Weekday-SDon-075500_SBS34_851,SBS34,d0,4,12:40:41,12:40:41,401818,15.0,1
MQ_A5-Weekday-SDon-075500_SBS34_851,SBS34,d0,5,12:42:29,12:42:29,401819,8.0,2
MQ_A5-Weekday-SDon-075500_SBS34_851,SBS34,d0,6,12:44:00,12:44:00,404820,25.0,2
MQ_A5-Weekday-SDon-075500_SBS34_851,SBS34,d0,7,12:46:34,12:46:34,401821,9.0,2
MQ_A5-Weekday-SDon-075500_SBS34_851,SBS34,d0,8,12:49:06,12:49:06,401822,25.0,2
MQ_A5-Weekday-SDon-075500_SBS34_851,SBS34,d0,9,12:51:29,12:51:29,401824,8.0,1
MQ_A5-Weekday-SDon-075500_SBS34_851,SBS34,d0,10,12:53:49,12:53:49,401826,15.0,1
MQ_A5-Weekday-SDon-075500_SBS34_851,SBS34,d0,11,12:55:00,12:55:00,401827,2.0,1
MQ_A5-Weekday-SDon-075500_SBS34_851,SBS34,d0,12,12:56:08,12:56:08,404950,2.0,1
MQ_A5-Weekday-SDon-075500_SBS34_851,SBS34,d0,13,12:57:00,12:57:00,903028,2.0,1
MQ_A5-Weekday-SDon-091300_SBS34_864,SBS34,d0,1,15:13:00,15:13:00,803131,1.0,1
MQ_A5-Weekday-SDon-091300_SBS34_864,SBS34,d0,2,15:14:29,15:14:29,403191,14.0,1
MQ_A5-Weekday-SDon-091300_SBS34_864,SBS34,d0,3,15:16:38,15:16:38,403192,14.0,1
MQ_A5-Weekday-SDon-091300_SBS34_864,SBS34,d0,4,15:18:41,15:18:41,401818,14.0,1
MQ_A5-Weekday-SDon-091300_SBS34_864,SBS34,d0,5,15:20:29,15:20:29,401819,14.0,5
MQ_A5-Weekday-SDon-091300_SBS34_864,SBS34,d0,6,15:22:00,15:22:00,404820,73.0,5
MQ_A5-Weekday-SDon-091300_SBS34_864,SBS34,d0,7,15:24:20,15:24:20,401821,73.0,5
MQ_A5-Weekday-SDon-091300_SBS34_864,SBS34,d0,8,15:26:38,15:26:38,401822,73.0,5
MQ_A5-Weekday-SDon-091300_SBS34_864,SBS34,d0,9,15:28:48,15:28:48,401824,61.0,4
MQ_A5-Weekday-SDon-091300_SBS34_864,SBS34,d0,10,15:30:56,15:30:56,401826,55.0,4
MQ_A5-Weekday-SDon-091300_SBS34_864,SBS34,d0,11,15:32:00,15:32:00,401827,25.0,2
MQ_A5-Weekday-SDon-091300_SBS34_864,SBS34,d0,12,15:34:46,15:34:46,405336,8.0,1
MQ_A5-Weekday-SDon-091300_SBS34_864,SBS34,d0,13,15:37:17,15:37:17,401832,10.0,1
MQ_A5-Weekday-SDon-091300_SBS34_864,SBS34,d0,14,15:38:33,15:38:33,401833,10.0,1
MQ_A5-Weekday-SDon-091300_SBS34_864,SBS34,d0,15,15:40:08,15:40:08,402052,10.0,1
MQ_A5-Weekday-SDon-091300_SBS34_864,SBS34,d0,16,15:42:00,15:42:00,903027,10.0,1
MQ_A5-Weekday-SDon-101400_SBS34_862,SBS34,d0,1,16:54:00,16:54:00,401497,1.0,2
MQ_A5-Weekday-SDon-101400_SBS34_862,SBS34,d0,2,16:58:15,16:58:15,401818,26.0,2
MQ_A5-Weekday-SDon-101400_SBS34_862,SBS34,d0,3,16:59:44,16:59:44,401819,26.0,2
MQ_A5-Weekday-SDon-101400_SBS34_862,SBS34,d0,4,17:01:00,17:01:00,404820,26.0,2
MQ_A5-Weekday-SDon-101400_SBS34_862,SBS34,d0,5,17:03:06,17:03:06,401821,32.0,2
MQ_A5-Weekday-SDon-101400_SBS34_862,SBS34,d0,6,17:05:10,17:05:10,401822,32.0,2
MQ_A5-Weekday-SDon-101400_SBS34_862,SBS34,d0,7,17:07:08,17:07:08,401824,32.0,2
MQ_A5-Weekday-SDon-101400_SBS34_862,SBS34,d0,8,17:09:02,17:09:02,401826,32.0,2
MQ_A5-Weekday-SDon-101400_SBS34_862,SBS34,d0,9,17:10:00,17:10:00,401827,7.0,1
MQ_A5-Weekday-SDon-101400_SBS34_862,SBS34,d0,10,17:12:46,17:12:46,405336,12.0,1
MQ_A5-Weekday-SDon-101400_SBS34_862,SBS34,d0,11,17:15:17,17:15:17,401832,12.0,1
MQ_A5-Weekday-SDon-101400_SBS34_862,SBS34,d0,12,17:16:33,17:16:33,401833,11.0,1
MQ_A5-Weekday-SDon-101400_SBS34_862,SBS34,d0,13,17:18:08,17:18:08,402052,11.0,1
MQ_A5-Weekday-SDon-101400_SBS34_862,SBS34,d0,14,17:20:00,17:20:00,903027,11.0,1
MQ_A5-Weekday-SDon-063600_SBS34_856,SBS34,d0,1,10:36:00,10:36:00,803131,6.0,1
MQ_A5-Weekday-SDon-063600_SBS34_856,SBS34,d0,2,10:37:19,10:37:19,403191,6.0,1
MQ_A5-Weekday-SDon-063600_SBS34_856,SBS34,d0,3,10:39:14,10:39:14,403192,8.0,2
MQ_A5-Weekday-SDon-063600_SBS34_856,SBS34,d0,4,10:41:03,10:41:03,401818,17.0,2
MQ_A5-Weekday-SDon-063600_SBS34_856,SBS34,d0,5,10:42:39,10:42:39,401819,31.0,2
MQ_A5-Weekday-SDon-063600_SBS34_856,SBS34,d0,6,10:44:00,10:44:00,404820,31.0,2
MQ_A5-Weekday-SDon-063600_SBS34_856,SBS34,d0,7,10:46:20,10:46:20,401821,20.0,2
MQ_A5-Weekday-SDon-063600_SBS34_856,SBS34,d0,8,10:48:38,10:48:38,401822,27.0,2
MQ_A5-Weekday-SDon-063600_SBS34_856,SBS34,d0,9,10:50:48,10:50:48,401824,24.0,2
MQ_A5-Weekday-SDon-063600_SBS34_856,SBS34,d0,10,10:52:56,10:52:56,401826,14.0,1
MQ_A5-Weekday-SDon-063600_SBS34_856,SBS34,d0,11,10:54:00,10:54:00,401827,14.0,1
MQ_A5-Weekday-SDon-063600_SBS34_856,SBS34,d0,12,10:55:08,10:55:08,404950,7.0,1
MQ_A5-Weekday-SDon-063600_SBS34_856,SBS34,d0,13,10:56:00,10:56:00,903028,7.0,1
MQ_A5-Weekday-078300_SBS34_853,SBS34,d0,1,13:03:00,13:03:00,803131,2.0,1
MQ_A5-Weekday-078300_SBS34_853,SBS34,d0,2,13:04:29,13:04:29,403191,2.0,1
MQ_A5-Weekday-078300_SBS34_853,SBS34,d0,3,13:06:38,13:06:38,403192,11.0,2
MQ_A5-Weekday-078300_SBS34_853,SBS34,d0,4,13:08:41,13:08:41,401818,17.0,2
MQ_A5-Weekday-078300_SBS34_853,SBS34,d0,5,13:10:29,13:10:29,401819,20.0,2
MQ_A5-Weekday-078300_SBS34_853,SBS34,d0,6,13:12:00,13:12:00,404820,25.0,2
MQ_A5-Weekday-078300_SBS34_853,SBS34,d0,7,13:14:34,13:14:34,401821,25.0,2
MQ_A5-Weekday-078300_SBS34_853,SBS34,d0,8,13:17:06,13:17:06,401822,32.0,2
MQ_A5-Weekday-078300_SBS34_853,SBS34,d0,9,13:19:29,13:19:29,401824,29.0,2
MQ_A5-Weekday-078300_SBS34_853,SBS34,d0,10,13:21:49,13:21:49,401826,29.0,2
MQ_A5-Weekday-078300_SBS34_853,SBS34,d0,11,13:23:00,13:23:00,401827,13.0,1
MQ_A5-Weekday-078300_SBS34_853,SBS34,d0,12,13:24:08,13:24:08,404950,2.0,1
MQ_A5-Weekday-078300_SBS34_853,SBS34,d0,13,13:25:00,13:25:00,903028,2.0,1
MQ_A5-Weekday-SDon-067900_SBS34_851,SBS34,d0,1,11:19:00,11:19:00,803131,6.0,1
MQ_A5-Weekday-SDon-067900_SBS34_851,SBS34,d0,2,11:20:19,11:20:19,403191,6.0,1
MQ_A5-Weekday-SDon-067900_SBS34_851,SBS34,d0,3,11:22:14,11:22:14,403192,6.0,1
MQ_A5-Weekday-SDon-067900_SBS34_851,SBS34,d0,4,11:24:03,11:24:03,401818,9.0,1
MQ_A5-Weekday-SDon-067900_SBS34_851,SBS34,d0,5,11:25:39,11:25:39,401819,14.0,3
MQ_A5-Weekday-SDon-067900_SBS34_851,SBS34,d0,6,11:27:00,11:27:00,404820,34.0,3
MQ_A5-Weekday-SDon-067900_SBS34_851,SBS34,d0,7,11:29:20,11:29:20,401821,36.0,3
MQ_A5-Weekday-SDon-067900_SBS34_851,SBS34,d0,8,11:31:38,11:31:38,401822,36.0,3
MQ_A5-Weekday-SDon-067900_SBS34_851,SBS34,d0,9,11:33:48,11:33:48,401824,31.0,2
MQ_A5-Weekday-SDon-067900_SBS34_851,SBS34,d0,10,11:35:56,11:35:56,401826,31.0,2
MQ_A5-Weekday-SDon-067900_SBS34_851,SBS34,d0,11,11:37:00,11:37:00,401827,31.0,2
MQ_A5-Weekday-SDon-067900_SBS34_851,SBS34,d0,12,11:38:08,11:38:08,404950,3.0,1
MQ_A5-Weekday-SDon-067900_SBS34_851,SBS34,d0,13,11:39:00,11:39:00,903028,3.0,1
MQ_A5-Weekday-SDon-118800_SBS34_875,SBS34,d0,1,19:48:00,19:48:00,803131,3.0,1
MQ_A5-Weekday-SDon-118800_SBS34_875,SBS34,d0,2,19:49:09,19:49:09,403191,3.0,1
MQ_A5-Weekday-SDon-118800_SBS34_875,SBS34,d0,3,19:50:50,19:50:50,403192,11.0,1
MQ_A5-Weekday-SDon-118800_SBS34_875,SBS34,d0,4,19:52:25,19:52:25,401818,11.0,1
MQ_A5-Weekday-SDon-118800_SBS34_875,SBS34,d0,5,19:53:49,19:53:49,401819,8.0,2
MQ_A5-Weekday-SDon-118800_SBS34_875,SBS34,d0,6,19:55:00,19:55:00,404820,25.0,2
MQ_A5-Weekday-SDon-118800_SBS34_875,SBS34,d0,7,19:56:52,19:56:52,401821,25.0,3
MQ_A5-Weekday-SDon-118800_SBS34_875,SBS34,d0,8,19:58:43,19:58:43,401822,37.0,3
MQ_A5-Weekday-SDon-118800_SBS34_875,SBS34,d0,9,20:00:27,20:00:27,401824,24.0,2
MQ_A5-Weekday-SDon-118800_SBS34_875,SBS34,d0,10,20:02:09,20:02:09,401826,24.0,2
MQ_A5-Weekday-SDon-118800_SBS34_875,SBS34,d0,11,20:03:00,20:03:00,401827,10.0,1
MQ_A5-Weekday-SDon-118800_SBS34_875,SBS34,d0,12,20:03:34,20:03:34,404950,1.0,1
MQ_A5-Weekday-SDon-118800_SBS34_875,SBS34,d0,13,20:04:00,20:04:00,903028,1.0,1
MQ_A5-Weekday-SDon-054700_SBS34_865,SBS34,d0,1,9:07:00,9:07:00,803131,9.0,1
MQ_A5-Weekday-SDon-054700_SBS34_865,SBS34,d0,2,9:08:19,9:08:19,403191,9.0,1
MQ_A5-Weekday-SDon-054700_SBS34_865,SBS34,d0,3,9:10:14,9:10:14,403192,9.0,2
MQ_A5-Weekday-SDon-054700_SBS34_865,SBS34,d0,4,9:12:03,9:12:03,401818,23.0,2
MQ_A5-Weekday-SDon-054700_SBS34_865,SBS34,d0,5,9:13:39,9:13:39,401819,23.0,2
MQ_A5-Weekday-SDon-054700_SBS34_865,SBS34,d0,6,9:15:00,9:15:00,404820,26.0,2
MQ_A5-Weekday-SDon-054700_SBS34_865,SBS34,d0,7,9:17:20,9:17:20,401821,26.0,3
MQ_A5-Weekday-SDon-054700_SBS34_865,SBS34,d0,8,9:19:38,9:19:38,401822,33.0,3
MQ_A5-Weekday-SDon-054700_SBS34_865,SBS34,d0,9,9:21:48,9:21:48,401824,33.0,3
MQ_A5-Weekday-SDon-054700_SBS34_865,SBS34,d0,10,9:23:56,9:23:56,401826,21.0,2
MQ_A5-Weekday-SDon-054700_SBS34_865,SBS34,d0,11,9:25:00,9:25:00,401827,14.0,1
MQ_A5-Weekday-SDon-054700_SBS34_865,SBS34,d0,12,9:26:08,9:26:08,404950,14.0,1
MQ_A5-Weekday-SDon-054700_SBS34_865,SBS34,d0,13,9:27:00,9:27:00,903028,14.0,1
MQ_A5-Weekday-SDon-081400_SBS34_867,SBS34,d0,1,13:34:00,13:34:00,803131,1.0,3
MQ_A5-Weekday-SDon-081400_SBS34_867,SBS34,d0,2,13:35:29,13:35:29,403191,36.0,3
MQ_A5-Weekday-SDon-081400_SBS34_867,SBS34,d0,3,13:37:38,13:37:38,403192,36.0,3
MQ_A5-Weekday-SDon-081400_SBS34_867,SBS34,d0,4,13:39:41,13:39:41,401818,36.0,3
MQ_A5-Weekday-SDon-081400_SBS34_867,SBS34,d0,5,13:41:29,13:41:29,401819,36.0,3
MQ_A5-Weekday-SDon-081400_SBS34_867,SBS34,d0,6,13:43:00,13:43:00,404820,36.0,3
MQ_A5-Weekday-SDon-081400_SBS34_867,SBS34,d0,7,13:45:34,13:45:34,401821,36.0,3
MQ_A5-Weekday-SDon-081400_SBS34_867,SBS34,d0,8,13:48:06,13:48:06,401822,36.0,3
MQ_A5-Weekday-SDon-081400_SBS34_867,SBS34,d0,9,13:50:29,13:50:29,401824,36.0,3
MQ_A5-Weekday-SDon-081400_SBS34_867,SBS34,d0,10,13:52:49,13:52:49,401826,30.0,2
MQ_A5-Weekday-SDon-081400_SBS34_867,SBS34,d0,11,13:54:00,13:54:00,401827,16.0,1
MQ_A5-Weekday-SDon-081400_SBS34_867,SBS34,d0,12,13:55:08,13:55:08,404950,16.0,1
MQ_A5-Weekday-SDon-081400_SBS34_867,SBS34,d0,13,13:56:00,13:56:00,903028,16.0,1
MQ_A5-Weekday-058800_SBS34_862,SBS34,d0,1,9:48:00,9:48:00,803131,3.0,1
MQ_A5-Weekday-058800_SBS34_862,SBS34,d0,2,9:49:19,9:49:19,403191,3.0,1
MQ_A5-Weekday-058800_SBS34_862,SBS34,d0,3,9:51:14,9:51:14,403192,3.0,1
MQ_A5-Weekday-058800_SBS34_862,SBS34,d0,4,9:53:03,9:53:03,401818,3.0,1
MQ_A5-Weekday-058800_SBS34_862,SBS34,d0,5,9:54:39,9:54:39,401819,3.0,1
MQ_A5-Weekday-058800_SBS34_862,SBS34,d0,6,9:56:00,9:56:00,404820,3.0,1
MQ_A5-Weekday-058800_SBS34_862,SBS34,d0,7,9:58:20,9:58:20,401821,3.0,1
MQ_A5-Weekday-058800_SBS34_862,SBS34,d0,8,10:00:38,10:00:38,401822,3.0,1
MQ_A5-Weekday-058800_SBS34_862,SBS34,d0,9,10:02:48,10:02:48,401824,1.0,1
MQ_A5-Weekday-058800_SBS34_862,SBS34,d0,10,10:04:56,10:04:56,401826,1.0,1
MQ_A5-Weekday-058800_SBS34_862,SBS34,d0,11,10:06:00,10:06:00,401827,1.0,1
MQ_A5-Weekday-058800_SBS34_862,SBS34,d0,12,10:07:08,10:07:08,404950,1.0,1
MQ_A5-Weekday-058800_SBS34_862,SBS34,d0,13,10:08:00,10:08:00,903028,1.0,1
MQ_A5-Weekday-076500_SBS34_852,SBS34,d0,1,12:45:00,12:45:00,401497,7.0,2
MQ_A5-Weekday-076500_SBS34_852,SBS34,d0,2,12:46:06,12:46:06,405026,17.0,2
MQ_A5-Weekday-076500_SBS34_852,SBS34,d0,3,12:48:38,12:48:38,401818,25.0,3
MQ_A5-Weekday-076500_SBS34_852,SBS34,d0,4,12:49:55,12:49:55,401819,38.0,4
MQ_A5-Weekday-076500_SBS34_852,SBS34,d0,5,12:51:00,12:51:00,404820,56.0,4
MQ_A5-Weekday-076500_SBS34_852,SBS34,d0,6,12:53:34,12:53:34,401821,46.0,4
MQ_A5-Weekday-076500_SBS34_852,SBS34,d0,7,12:56:06,12:56:06,401822,56.0,4
MQ_A5-Weekday-076500_SBS34_852,SBS34,d0,8,12:58:29,12:58:29,401824,47.0,3
MQ_A5-Weekday-076500_SBS34_852,SBS34,d0,9,13:00:49,13:00:49,401826,38.0,3
MQ_A5-Weekday-076500_SBS34_852,SBS34,d0,10,13:02:00,13:02:00,401827,20.0,2
MQ_A5-Weekday-076500_SBS34_852,SBS34,d0,11,13:05:02,13:05:02,405336,9.0,1
MQ_A5-Weekday-076500_SBS34_852,SBS34,d0,12,13:07:48,13:07:48,401832,9.0,1
MQ_A5-Weekday-076500_SBS34_852,SBS34,d0,13,13:09:13,13:09:13,401833,7.0,1
MQ_A5-Weekday-076500_SBS34_852,SBS34,d0,14,13:10:57,13:10:57,402052,7.0,1
MQ_A5-Weekday-076500_SBS34_852,SBS34,d0,15,13:13:00,13:13:00,903027,7.0,1
MQ_A5-Weekday-SDon-053200_SBS34_863,SBS34,d0,1,8:52:00,8:52:00,401497,56.0,4
MQ_A5-Weekday-SDon-053200_SBS34_863,SBS34,d0,2,8:53:29,8:53:29,405026,56.0,4
MQ_A5-Weekday-SDon-053200_SBS34_863,SBS34,d0,3,8:56:51,8:56:51,401818,56.0,4
MQ_A5-Weekday-SDon-053200_SBS34_863,SBS34,d0,4,8:58:34,8:58:34,401819,56.0,4
MQ_A5-Weekday-SDon-053200_SBS34_863,SBS34,d0,5,9:00:00,9:00:00,404820,56.0,4
MQ_A5-Weekday-SDon-053200_SBS34_863,SBS34,d0,6,9:02:20,9:02:20,401821,56.0,4
MQ_A5-Weekday-SDon-053200_SBS34_863,SBS34,d0,7,9:04:38,9:04:38,401822,56.0,4
MQ_A5-Weekday-SDon-053200_SBS34_863,SBS34,d0,8,9:06:48,9:06:48,401824,56.0,4
MQ_A5-Weekday-SDon-053200_SBS34_863,SBS34,d0,9,9:08:56,9:08:56,401826,56.0,4
MQ_A5-Weekday-SDon-053200_SBS34_863,SBS34,d0,10,9:10:00,9:10:00,401827,56.0,4
MQ_A5-Weekday-SDon-053200_SBS34_863,SBS34,d0,11,9:12:46,9:12:46,405336,56.0,4
MQ_A5-Weekday-SDon-053200_SBS34_863,SBS34,d0,12,9:15:17,9:15:17,401832,56.0,4
MQ_A5-Weekday-SDon-053200_SBS34_863,SBS34,d0,13,9:16:33,9:16:33,401833,56.0,4
MQ_A5-Weekday-SDon-053200_SBS34_863,SBS34,d0,14,9:18:08,9:18:08,402052,56.0,4
MQ_A5-Weekday-SDon-053200_SBS34_863,SBS34,d0,15,9:20:00,9:20:00,903027,56.0,4
MQ_A5-Weekday-111900_SBS34_866,SBS34,d0,1,18:39:00,18:39:00,401497,2.0,1
MQ_A5-Weekday-111900_SBS34_866,SBS34,d0,2,18:42:38,18:42:38,401818,7.0,2
MQ_A5-Weekday-111900_SBS34_866,SBS34,d0,3,18:43:55,18:43:55,401819,24.0,2
MQ_A5-Weekday-111900_SBS34_866,SBS34,d0,4,18:45:00,18:45:00,404820,24.0,2
MQ_A5-Weekday-111900_SBS34_866,SBS34,d0,5,18:47:06,18:47:06,401821,24.0,2
MQ_A5-Weekday-111900_SBS34_866,SBS34,d0,6,18:49:10,18:49:10,401822,26.0,2
MQ_A5-Weekday-111900_SBS34_866,SBS34,d0,7,18:51:08,18:51:08,401824,26.0,2
MQ_A5-Weekday-111900_SBS34_866,SBS34,d0,8,18:53:02,18:53:02,401826,25.0,2
MQ_A5-Weekday-111900_SBS34_866,SBS34,d0,9,18:54:00,18:54:00,401827,25.0,2
MQ_A5-Weekday-111900_SBS34_866,SBS34,d0,10,18:56:29,18:56:29,405336,26.0,2
MQ_A5-Weekday-111900_SBS34_866,SBS34,d0,11,18:58:45,18:58:45,401832,11.0,1
MQ_A5-Weekday-111900_SBS34_866,SBS34,d0,12,18:59:54,18:59:54,401833,5.0,2
MQ_A5-Weekday-111900_SBS34_866,SBS34,d0,13,19:01:19,19:01:19,402052,18.0,2
MQ_A5-Weekday-111900_SBS34_866,SBS34,d0,14,19:03:00,19:03:00,903027,18.0,2
MQ_A5-Weekday-088500_SBS34_860,SBS34,d0,1,14:45:00,14:45:00,401497,4.0,1
MQ_A5-Weekday-088500_SBS34_860,SBS34,d0,2,14:46:17,14:46:17,405026,4.0,1
MQ_A5-Weekday-088500_SBS34_860,SBS34,d0,3,14:49:15,14:49:15,401818,10.0,3
MQ_A5-Weekday-088500_SBS34_860,SBS34,d0,4,14:50:44,14:50:44,401819,37.0,3
MQ_A5-Weekday-088500_SBS34_860,SBS34,d0,5,14:52:00,14:52:00,404820,37.0,3
MQ_A5-Weekday-088500_SBS34_860,SBS34,d0,6,14:54:20,14:54:20,401821,46.0,3
MQ_A5-Weekday-088500_SBS34_860,SBS34,d0,7,14:56:38,14:56:38,401822,46.0,3
MQ_A5-Weekday-088500_SBS34_860,SBS34,d0,8,14:58:48,14:58:48,401824,44.0,3
MQ_A5-Weekday-088500_SBS34_860,SBS34,d0,9,15:00:56,15:00:56,401826,44.0,3
MQ_A5-Weekday-088500_SBS34_860,SBS34,d0,10,15:02:00,15:02:00,401827,1.0,1
MQ_A5-Weekday-088500_SBS34_860,SBS34,d0,11,15:04:46,15:04:46,405336,1.0,1
MQ_A5-Weekday-088500_SBS34_860,SBS34,d0,12,15:07:17,15:07:17,401832,1.0,1
MQ_A5-Weekday-088500_SBS34_860,SBS34,d0,13,15:08:33,15:08:33,401833,1.0,1
MQ_A5-Weekday-088500_SBS34_860,SBS34,d0,14,15:10:08,15:10:08,402052,1.0,1
MQ_A5-Weekday-088500_SBS34_860,SBS34,d0,15,15:12:00,15:12:00,903027,1.0,1
MQ_A5-Weekday-066000_SBS34_859,SBS34,d0,1,11:00:00,11:00:00,401497,4.0,1
MQ_A5-Weekday-066000_SBS34_859,SBS34,d0,2,11:01:29,11:01:29,405026,4.0,1
MQ_A5-Weekday-066000_SBS34_859,SBS34,d0,3,11:04:51,11:04:51,401818,4.0,1
MQ_A5-Weekday-066000_SBS34_859,SBS34,d0,4,11:06:34,11:06:34,401819,4.0,1
MQ_A5-Weekday-066000_SBS34_859,SBS34,d0,5,11:08:00,11:08:00,404820,4.0,1
MQ_A5-Weekday-066000_SBS34_859,SBS34,d0,6,11:10:20,11:10:20,401821,4.0,1
MQ_A5-Weekday-066000_SBS34_859,SBS34,d0,7,11:12:38,11:12:38,401822,4.0,1
MQ_A5-Weekday-066000_SBS34_859,SBS34,d0,8,11:14:48,11:14:48,401824,2.0,1
MQ_A5-Weekday-066000_SBS34_859,SBS34,d0,9,11:16:56,11:16:56,401826,2.0,1
MQ_A5-Weekday-066000_SBS34_859,SBS34,d0,10,11:18:00,11:18:00,401827,2.0,1
MQ_A5-Weekday-066000_SBS34_859,SBS34,d0,11,11:20:46,11:20:46,405336,2.0,1
MQ_A5-Weekday-066000_SBS34_859,SBS34,d0,12,11:23:17,11:23:17,401832,2.0,1
MQ_A5-Weekday-066000_SBS34_859,SBS34,d0,13,11:24:33,11:24:33,401833,2.0,1
MQ_A5-Weekday-066000_SBS34_859,SBS34,d0,14,11:26:08,11:26:08,402052,2.0,1
MQ_A5-Weekday-066000_SBS34_859,SBS34,d0,15,11:28:00,11:28:00,903027,2.0,1
MQ_A5-Weekday-045300_SBS34_861,SBS34,d0,1,7:33:00,7:33:00,803131,11.0,1
MQ_A5-Weekday-045300_SBS34_861,SBS34,d0,2,7:34:19,7:34:19,403191,11.0,1
MQ_A5-Weekday-045300_SBS34_861,SBS34,d0,3,7:36:14,7:36:14,403192,11.0,1
MQ_A5-Weekday-045300_SBS34_861,SBS34,d0,4,7:38:03,7:38:03,401818,11.0,1
MQ_A5-Weekday-045300_SBS34_861,SBS34,d0,5,7:39:39,7:39:39,401819,11.0,1
MQ_A5-Weekday-045300_SBS34_861,SBS34,d0,6,7:41:00,7:41:00,404820,11.0,1
MQ_A5-Weekday-045300_SBS34_861,SBS34,d0,7,7:43:20,7:43:20,401821,15.0,1
MQ_A5-Weekday-045300_SBS34_861,SBS34,d0,8,7:45:38,7:45:38,401822,15.0,1
MQ_A5-Weekday-045300_SBS34_861,SBS34,d0,9,7:47:48,7:47:48,401824,15.0,1
MQ_A5-Weekday-045300_SBS34_861,SBS34,d0,10,7:49:56,7:49:56,401826,15.0,1
MQ_A5-Weekday-045300_SBS34_861,SBS34,d0,11,7:51:00,7:51:00,401827,15.0,1
MQ_A5-Weekday-045300_SBS34_861,SBS34,d0,12,7:52:08,7:52:08,404950,15.0,1
MQ_A5-Weekday-045300_SBS34_861,SBS34,d0,13,7:53:00,7:53:00,903028,15.0,1
MQ_A5-Weekday-105900_SBS34_870,SBS34,d0,1,17:39:00,17:39:00,803131,3.0,1
MQ_A5-Weekday-105900_SBS34_870,SBS34,d0,2,17:40:19,17:40:19,403191,7.0,1
MQ_A5-Weekday-105900_SBS34_870,SBS34,d0,3,17:42:14,17:42:14,403192,13.0,3
MQ_A5-Weekday-105900_SBS34_870,SBS34,d0,4,17:44:03,17:44:03,401818,33.0,4
MQ_A5-Weekday-105900_SBS34_870,SBS34,d0,5,17:45:39,17:45:39,401819,62.0,4
MQ_A5-Weekday-105900_SBS34_870,SBS34,d0,6,17:47:00,17:47:00,404820,62.0,5
MQ_A5-Weekday-105900_SBS34_870,SBS34,d0,7,17:49:06,17:49:06,401821,73.0,5
MQ_A5-Weekday-105900_SBS34_870,SBS34,d0,8,17:51:10,17:51:10,401822,73.0,5
MQ_A5-Weekday-105900_SBS34_870,SBS34,d0,9,17:53:08,17:53:08,401824,30.0,2
MQ_A5-Weekday-105900_SBS34_870,SBS34,d0,10,17:55:02,17:55:02,401826,30.0,2
MQ_A5-Weekday-105900_SBS34_870,SBS34,d0,11,17:56:00,17:56:00,401827,5.0,1
MQ_A5-Weekday-105900_SBS34_870,SBS34,d0,12,17:58:46,17:58:46,405336,4.0,1
MQ_A5-Weekday-105900_SBS34_870,SBS34,d0,13,18:01:17,18:01:17,401832,5.0,1
MQ_A5-Weekday-105900_SBS34_870,SBS34,d0,14,18:02:33,18:02:33,401833,7.0,1
MQ_A5-Weekday-105900_SBS34_870,SBS34,d0,15,18:04:08,18:04:08,402052,7.0,1
MQ_A5-Weekday-105900_SBS34_870,SBS34,d0,16,18:06:00,18:06:00,903027,7.0,1
MQ_A5-Weekday-SDon-113800_SBS34_867,SBS34,d0,1,18:58:00,18:58:00,803131,5.0,1
MQ_A5-Weekday-SDon-113800_SBS34_867,SBS34,d0,2,18:59:19,18:59:19,403191,14.0,1
MQ_A5-Weekday-SDon-113800_SBS34_867,SBS34,d0,3,19:01:14,19:01:14,403192,15.0,2
MQ_A5-Weekday-SDon-113800_SBS34_867,SBS34,d0,4,19:03:03,19:03:03,401818,26.0,2
MQ_A5-Weekday-SDon-113800_SBS34_867,SBS34,d0,5,19:04:39,19:04:39,401819,23.0,3
MQ_A5-Weekday-SDon-113800_SBS34_867,SBS34,d0,6,19:06:00,19:06:00,404820,37.0,3
MQ_A5-Weekday-SDon-113800_SBS34_867,SBS34,d0,7,19:07:52,19:07:52,401821,48.0,3
MQ_A5-Weekday-SDon-113800_SBS34_867,SBS34,d0,8,19:09:43,19:09:43,401822,42.0,4
MQ_A5-Weekday-SDon-113800_SBS34_867,SBS34,d0,9,19:11:27,19:11:27,401824,49.0,4
MQ_A5-Weekday-SDon-113800_SBS34_867,SBS34,d0,10,19:13:09,19:13:09,401826,28.0,2
MQ_A5-Weekday-SDon-113800_SBS34_867,SBS34,d0,11,19:14:00,19:14:00,401827,27.0,2
MQ_A5-Weekday-SDon-113800_SBS34_867,SBS34,d0,12,19:14:34,19:14:34,404950,21.0,2
MQ_A5-Weekday-SDon-113800_SBS34_867,SBS34,d0,13,19:15:00,19:15:00,903028,21.0,2
MQ_A5-Weekday-SDon-097700_SBS34_865,SBS34,d0,1,16:17:00,16:17:00,803131,5.0,1
MQ_A5-Weekday-SDon-097700_SBS34_865,SBS34,d0,2,16:18:29,16:18:29,403191,5.0,1
MQ_A5-Weekday-SDon-097700_SBS34_865,SBS34,d0,3,16:20:38,16:20:38,403192,5.0,1
MQ_A5-Weekday-SDon-097700_SBS34_865,SBS34,d0,4,16:22:41,16:22:41,401818,5.0,1
MQ_A5-Weekday-SDon-097700_SBS34_865,SBS34,d0,5,16:24:29,16:24:29,401819,5.0,1
MQ_A5-Weekday-SDon-097700_SBS34_865,SBS34,d0,6,16:26:00,16:26:00,404820,5.0,1
MQ_A5-Weekday-SDon-097700_SBS34_865,SBS34,d0,7,16:28:20,16:28:20,401821,5.0,1
MQ_A5-Weekday-SDon-097700_SBS34_865,SBS34,d0,8,16:30:38,16:30:38,401822,5.0,1
MQ_A5-Weekday-SDon-097700_SBS34_865,SBS34,d0,9,16:32:48,16:32:48,401824,5.0,1
MQ_A5-Weekday-SDon-097700_SBS34_865,SBS34,d0,10,16:34:56,16:34:56,401826,5.0,1
MQ_A5-Weekday-SDon-097700_SBS34_865,SBS34,d0,11,16:36:00,16:36:00,401827,5.0,1
MQ_A5-Weekday-SDon-097700_SBS34_865,SBS34,d0,12,16:38:46,16:38:46,405336,5.0,1
MQ_A5-Weekday-SDon-097700_SBS34_865,SBS34,d0,13,16:41:17,16:41:17,401832,5.0,1
MQ_A5-Weekday-SDon-097700_SBS34_865,SBS34,d0,14,16:42:33,16:42:33,401833,5.0,1
MQ_A5-Weekday-SDon-097700_SBS34_865,SBS34,d0,15,16:44:08,16:44:08,402052,5.0,1
MQ_A5-Weekday-SDon-097700_SBS34_865,SBS34,d0,16,16:46:00,16:46:00,903027,5.0,1
MQ_A5-Weekday-057200_SBS34_854,SBS34,d0,1,9:32:00,9:32:00,401497,8.0,2
MQ_A5-Weekday-057200_SBS34_854,SBS34,d0,2,9:33:29,9:33:29,405026,24.0,2
MQ_A5-Weekday-057200_SBS34_854,SBS34,d0,3,9:36:51,9:36:51,401818,31.0,2
MQ_A5-Weekday-057200_SBS34_854,SBS34,d0,4,9:38:34,9:38:34,401819,31.0,4
MQ_A5-Weekday-057200_SBS34_854,SBS34,d0,5,9:40:00,9:40:00,404820,54.0,4
MQ_A5-Weekday-057200_SBS34_854,SBS34,d0,6,9:42:20,9:42:20,401821,54.0,4
MQ_A5-Weekday-057200_SBS34_854,SBS34,d0,7,9:44:38,9:44:38,401822,36.0,3
MQ_A5-Weekday-057200_SBS34_854,SBS34,d0,8,9:46:48,9:46:48,401824,28.0,2
MQ_A5-Weekday-057200_SBS34_854,SBS34,d0,9,9:48:56,9:48:56,401826,21.0,2
MQ_A5-Weekday-057200_SBS34_854,SBS34,d0,10,9:50:00,9:50:00,401827,21.0,2
MQ_A5-Weekday-057200_SBS34_854,SBS34,d0,11,9:52:46,9:52:46,405336,8.0,1
MQ_A5-Weekday-057200_SBS34_854,SBS34,d0,12,9:55:17,9:55:17,401832,6.0,1
MQ_A5-Weekday-057200_SBS34_854,SBS34,d0,13,9:56:33,9:56:33,401833,6.0,1
MQ_A5-Weekday-057200_SBS34_854,SBS34,d0,14,9:58:08,9:58:08,402052,6.0,1
MQ_A5-Weekday-057200_SBS34_854,SBS34,d0,15,10:00:00,10:00:00,903027,6.0,1
MQ_A5-Weekday-SDon-132800_SBS34_870,SBS34,d0,1,22:08:00,22:08:00,803131,3.0,1
MQ_A5-Weekday-SDon-132800_SBS34_870,SBS34,d0,2,22:09:09,22:09:09,403191,3.0,1
MQ_A5-Weekday-SDon-132800_SBS34_870,SBS34,d0,3,22:10:50,22:10:50,403192,3.0,1
MQ_A5-Weekday-SDon-132800_SBS34_870,SBS34,d0,4,22:12:25,22:12:25,401818,6.0,1
MQ_A5-Weekday-SDon-132800_SBS34_870,SBS34,d0,5,22:13:49,22:13:49,401819,2.0,2
MQ_A5-Weekday-SDon-132800_SBS34_870,SBS34,d0,6,22:15:00,22:15:00,404820,24.0,3
MQ_A5-Weekday-SDon-132800_SBS34_870,SBS34,d0,7,22:16:38,22:16:38,401821,48.0,3
MQ_A5-Weekday-SDon-132800_SBS34_870,SBS34,d0,8,22:18:15,22:18:15,401822,48.0,3
MQ_A5-Weekday-SDon-132800_SBS34_870,SBS34,d0,9,22:19:46,22:19:46,401824,17.0,3
MQ_A5-Weekday-SDon-132800_SBS34_870,SBS34,d0,10,22:21:15,22:21:15,401826,36.0,3
MQ_A5-Weekday-SDon-132800_SBS34_870,SBS34,d0,11,22:22:00,22:22:00,401827,12.0,1
MQ_A5-Weekday-SDon-132800_SBS34_870,SBS34,d0,12,22:24:12,22:24:12,405336,7.0,1
MQ_A5-Weekday-SDon-132800_SBS34_870,SBS34,d0,13,22:26:13,22:26:13,401832,9.0,1
MQ_A5-Weekday-SDon-132800_SBS34_870,SBS34,d0,14,22:27:15,22:27:15,401833,4.0,1
MQ_A5-Weekday-SDon-132800_SBS34_870,SBS34,d0,15,22:28:31,22:28:31,402052,7.0,1
MQ_A5-Weekday-SDon-132800_SBS34_870,SBS34,d0,16,22:30:00,22:30:00,903027,7.0,1
MQ_A5-Weekday-SDon-117000_SBS34_873,SBS34,d0,1,19:30:00,19:30:00,803131,5.0,1
MQ_A5-Weekday-SDon-117000_SBS34_873,SBS34,d0,2,19:31:09,19:31:09,403191,10.0,1
MQ_A5-Weekday-SDon-117000_SBS34_873,SBS34,d0,3,19:32:50,19:32:50,403192,16.0,2
MQ_A5-Weekday-SDon-117000_SBS34_873,SBS34,d0,4,19:34:25,19:34:25,401818,18.0,2
MQ_A5-Weekday-SDon-117000_SBS34_873,SBS34,d0,5,19:35:49,19:35:49,401819,12.0,2
MQ_A5-Weekday-SDon-117000_SBS34_873,SBS34,d0,6,19:37:00,19:37:00,404820,31.0,3
MQ_A5-Weekday-SDon-117000_SBS34_873,SBS34,d0,7,19:38:52,19:38:52,401821,33.0,3
MQ_A5-Weekday-SDon-117000_SBS34_873,SBS34,d0,8,19:40:43,19:40:43,401822,44.0,3
MQ_A5-Weekday-SDon-117000_SBS34_873,SBS34,d0,9,19:42:27,19:42:27,401824,14.0,3
MQ_A5-Weekday-SDon-117000_SBS34_873,SBS34,d0,10,19:44:09,19:44:09,401826,35.0,3
MQ_A5-Weekday-SDon-117000_SBS34_873,SBS34,d0,11,19:45:00,19:45:00,401827,33.0,3
MQ_A5-Weekday-SDon-117000_SBS34_873,SBS34,d0,12,19:45:34,19:45:34,404950,13.0,1
MQ_A5-Weekday-SDon-117000_SBS34_873,SBS34,d0,13,19:46:00,19:46:00,903028,13.0,1
MQ_A5-Weekday-SDon-115400_SBS34_872,SBS34,d0,1,19:14:00,19:14:00,803131,16.0,1
MQ_A5-Weekday-SDon-115400_SBS34_872,SBS34,d0,2,19:15:09,19:15:09,403191,16.0,2
MQ_A5-Weekday-SDon-115400_SBS34_872,SBS34,d0,3,19:16:50,19:16:50,403192,20.0,2
MQ_A5-Weekday-SDon-115400_SBS34_872,SBS34,d0,4,19:18:25,19:18:25,401818,14.0,2
MQ_A5-Weekday-SDon-115400_SBS34_872,SBS34,d0,5,19:19:49,19:19:49,401819,23.0,2
MQ_A5-Weekday-SDon-115400_SBS34_872,SBS34,d0,6,19:21:00,19:21:00,404820,32.0,3
MQ_A5-Weekday-SDon-115400_SBS34_872,SBS34,d0,7,19:22:52,19:22:52,401821,48.0,4
MQ_A5-Weekday-SDon-115400_SBS34_872,SBS34,d0,8,19:24:43,19:24:43,401822,50.0,4
MQ_A5-Weekday-SDon-115400_SBS34_872,SBS34,d0,9,19:26:27,19:26:27,401824,50.0,4
MQ_A5-Weekday-SDon-115400_SBS34_872,SBS34,d0,10,19:28:09,19:28:09,401826,34.0,3
MQ_A5-Weekday-SDon-115400_SBS34_872,SBS34,d0,11,19:29:00,19:29:00,401827,22.0,2
MQ_A5-Weekday-SDon-115400_SBS34_872,SBS34,d0,12,19:31:29,19:31:29,405336,10.0,1
MQ_A5-Weekday-SDon-115400_SBS34_872,SBS34,d0,13,19:33:45,19:33:45,401832,10.0,1
MQ_A5-Weekday-SDon-115400_SBS34_872,SBS34,d0,14,19:34:54,19:34:54,401833,8.0,1
MQ_A5-Weekday-SDon-115400_SBS34_872,SBS34,d0,15,19:36:19,19:36:19,402052,5.0,1
MQ_A5-Weekday-SDon-115400_SBS34_872,SBS34,d0,16,19:38:00,19:38:00,903027,5.0,1
MQ_A5-Weekday-SDon-059400_SBS34_860,SBS34,d0,1,9:54:00,9:54:00,401497,9.0,1
MQ_A5-Weekday-SDon-059400_SBS34_860,SBS34,d0,2,9:55:29,9:55:29,405026,10.0,1
MQ_A5-Weekday-SDon-059400_SBS34_860,SBS34,d0,3,9:58:51,9:58:51,401818,10.0,1
MQ_A5-Weekday-SDon-059400_SBS34_860,SBS34,d0,4,10:00:34,10:00:34,401819,10.0,1
MQ_A5-Weekday-SDon-059400_SBS34_860,SBS34,d0,5,10:02:00,10:02:00,404820,15.0,2
MQ_A5-Weekday-SDon-059400_SBS34_860,SBS34,d0,6,10:04:20,10:04:20,401821,21.0,2
MQ_A5-Weekday-SDon-059400_SBS34_860,SBS34,d0,7,10:06:38,10:06:38,401822,21.0,2
MQ_A5-Weekday-SDon-059400_SBS34_860,SBS34,d0,8,10:08:48,10:08:48,401824,20.0,2
MQ_A5-Weekday-SDon-059400_SBS34_860,SBS34,d0,9,10:10:56,10:10:56,401826,21.0,2
MQ_A5-Weekday-SDon-059400_SBS34_860,SBS34,d0,10,10:12:00,10:12:00,401827,16.0,1
MQ_A5-Weekday-SDon-059400_SBS34_860,SBS34,d0,11,10:14:46,10:14:46,405336,6.0,1
MQ_A5-Weekday-SDon-059400_SBS34_860,SBS34,d0,12,10:17:17,10:17:17,401832,5.0,1
MQ_A5-Weekday-SDon-059400_SBS34_860,SBS34,d0,13,10:18:33,10:18:33,401833,3.0,1
MQ_A5-Weekday-SDon-059400_SBS34_860,SBS34,d0,14,10:20:08,10:20:08,402052,3.0,1
MQ_A5-Weekday-SDon-059400_SBS34_860,SBS34,d0,15,10:22:00,10:22:00,903027,3.0,1
MQ_A5-Weekday-SDon-126800_SBS34_872,SBS34,d0,1,21:08:00,21:08:00,803131,2.0,1
MQ_A5-Weekday-SDon-126800_SBS34_872,SBS34,d0,2,21:09:09,21:09:09,403191,6.0,1
MQ_A5-Weekday-SDon-126800_SBS34_872,SBS34,d0,3,21:10:50,21:10:50,403192,6.0,1
MQ_A5-Weekday-SDon-126800_SBS34_872,SBS34,d0,4,21:12:25,21:12:25,401818,5.0,1
MQ_A5-Weekday-SDon-126800_SBS34_872,SBS34,d0,5,21:13:49,21:13:49,401819,13.0,2
MQ_A5-Weekday-SDon-126800_SBS34_872,SBS34,d0,6,21:15:00,21:15:00,404820,22.0,2
MQ_A5-Weekday-SDon-126800_SBS34_872,SBS34,d0,7,21:16:52,21:16:52,401821,29.0,2
MQ_A5-Weekday-SDon-126800_SBS34_872,SBS34,d0,8,21:18:43,21:18:43,401822,32.0,2
MQ_A5-Weekday-SDon-126800_SBS34_872,SBS34,d0,9,21:20:27,21:20:27,401824,20.0,2
MQ_A5-Weekday-SDon-126800_SBS34_872,SBS34,d0,10,21:22:09,21:22:09,401826,28.0,2
MQ_A5-Weekday-SDon-126800_SBS34_872,SBS34,d0,11,21:23:00,21:23:00,401827,17.0,2
MQ_A5-Weekday-SDon-126800_SBS34_872,SBS34,d0,12,21:25:29,21:25:29,405336,13.0,1
MQ_A5-Weekday-SDon-126800_SBS34_872,SBS34,d0,13,21:27:45,21:27:45,401832,12.0,1
MQ_A5-Weekday-SDon-126800_SBS34_872,SBS34,d0,14,21:28:54,21:28:54,401833,9.0,1
MQ_A5-Weekday-SDon-126800_SBS34_872,SBS34,d0,15,21:30:19,21:30:19,402052,9.0,1
MQ_A5-Weekday-SDon-126800_SBS34_872,SBS34,d0,16,21:32:00,21:32:00,903027,9.0,1
MQ_A5-Weekday-SDon-082400_SBS34_856,SBS34,d0,1,13:44:00,13:44:00,401497,14.0,1
MQ_A5-Weekday-SDon-082400_SBS34_856,SBS34,d0,2,13:45:06,13:45:06,405026,14.0,1
MQ_A5-Weekday-SDon-082400_SBS34_856,SBS34,d0,3,13:47:38,13:47:38,401818,14.0,2
MQ_A5-Weekday-SDon-082400_SBS34_856,SBS34,d0,4,13:48:55,13:48:55,401819,18.0,3
MQ_A5-Weekday-SDon-082400_SBS34_856,SBS34,d0,5,13:50:00,13:50:00,404820,40.0,3
MQ_A5-Weekday-SDon-082400_SBS34_856,SBS34,d0,6,13:52:34,13:52:34,401821,40.0,3
MQ_A5-Weekday-SDon-082400_SBS34_856,SBS34,d0,7,13:55:06,13:55:06,401822,39.0,3
MQ_A5-Weekday-SDon-082400_SBS34_856,SBS34,d0,8,13:57:29,13:57:29,401824,39.0,3
MQ_A5-Weekday-SDon-082400_SBS34_856,SBS34,d0,9,13:59:49,13:59:49,401826,22.0,2
MQ_A5-Weekday-SDon-082400_SBS34_856,SBS34,d0,10,14:01:00,14:01:00,401827,22.0,2
MQ_A5-Weekday-SDon-082400_SBS34_856,SBS34,d0,11,14:04:02,14:04:02,405336,8.0,1
MQ_A5-Weekday-SDon-082400_SBS34_856,SBS34,d0,12,14:06:48,14:06:48,401832,7.0,1
MQ_A5-Weekday-SDon-082400_SBS34_856,SBS34,d0,13,14:08:13,14:08:13,401833,5.0,1
MQ_A5-Weekday-SDon-082400_SBS34_856,SBS34,d0,14,14:09:57,14:09:57,402052,7.0,1
MQ_A5-Weekday-SDon-082400_SBS34_856,SBS34,d0,15,14:12:00,14:12:00,903027,7.0,1
MQ_A5-Weekday-SDon-106600_SBS34_876,SBS34,d0,1,17:46:00,17:46:00,401497,20.0,2
MQ_A5-Weekday-SDon-106600_SBS34_876,SBS34,d0,2,17:50:15,17:50:15,401818,25.0,2
MQ_A5-Weekday-SDon-106600_SBS34_876,SBS34,d0,3,17:51:44,17:51:44,401819,25.0,5
MQ_A5-Weekday-SDon-106600_SBS34_876,SBS34,d0,4,17:53:00,17:53:00,404820,77.0,5
MQ_A5-Weekday-SDon-106600_SBS34_876,SBS34,d0,5,17:55:06,17:55:06,401821,77.0,5
MQ_A5-Weekday-SDon-106600_SBS34_876,SBS34,d0,6,17:57:10,17:57:10,401822,77.0,5
MQ_A5-Weekday-SDon-106600_SBS34_876,SBS34,d0,7,17:59:08,17:59:08,401824,59.0,4
MQ_A5-Weekday-SDon-106600_SBS34_876,SBS34,d0,8,18:01:02,18:01:02,401826,59.0,4
MQ_A5-Weekday-SDon-106600_SBS34_876,SBS34,d0,9,18:02:00,18:02:00,401827,40.0,3
MQ_A5-Weekday-SDon-106600_SBS34_876,SBS34,d0,10,18:04:29,18:04:29,405336,22.0,2
MQ_A5-Weekday-SDon-106600_SBS34_876,SBS34,d0,11,18:06:45,18:06:45,401832,8.0,1
MQ_A5-Weekday-SDon-106600_SBS34_876,SBS34,d0,12,18:07:54,18:07:54,401833,14.0,1
MQ_A5-Weekday-SDon-106600_SBS34_876,SBS34,d0,13,18:09:19,18:09:19,402052,14.0,1
MQ_A5-Weekday-SDon-106600_SBS34_876,SBS34,d0,14,18:11:00,18:11:00,903027,14.0,1
MQ_A5-Weekday-104800_SBS34_875,SBS34,d0,1,17:28:00,17:28:00,803131,2.0,1
MQ_A5-Weekday-104800_SBS34_875,SBS34,d0,2,17:29:19,17:29:19,403191,6.0,1
MQ_A5-Weekday-104800_SBS34_875,SBS34,d0,3,17:31:14,17:31:14,403192,6.0,1
MQ_A5-Weekday-104800_SBS34_875,SBS34,d0,4,17:33:03,17:33:03,401818,6.0,1
MQ_A5-Weekday-104800_SBS34_875,SBS34,d0,5,17:34:39,17:34:39,401819,6.0,1
MQ_A5-Weekday-104800_SBS34_875,SBS34,d0,6,17:36:00,17:36:00,404820,11.0,1
MQ_A5-Weekday-104800_SBS34_875,SBS34,d0,7,17:38:06,17:38:06,401821,11.0,1
MQ_A5-Weekday-104800_SBS34_875,SBS34,d0,8,17:40:10,17:40:10,401822,11.0,1
MQ_A5-Weekday-104800_SBS34_875,SBS34,d0,9,17:42:08,17:42:08,401824,11.0,1
MQ_A5-Weekday-104800_SBS34_875,SBS34,d0,10,17:44:02,17:44:02,401826,11.0,1
MQ_A5-Weekday-104800_SBS34_875,SBS34,d0,11,17:45:00,17:45:00,401827,9.0,1
MQ_A5-Weekday-104800_SBS34_875,SBS34,d0,12,17:46:08,17:46:08,404950,9.0,1
MQ_A5-Weekday-104800_SBS34_875,SBS34,d0,13,17:47:00,17:47:00,903028,9.0,1
MQ_A5-Weekday-102400_SBS34_863,SBS34,d0,1,17:04:00,17:04:00,401497,10.0,2
MQ_A5-Weekday-102400_SBS34_863,SBS34,d0,2,17:08:15,17:08:15,401818,24.0,3
MQ_A5-Weekday-102400_SBS34_863,SBS34,d0,3,17:09:44,17:09:44,401819,44.0,3
MQ_A5-Weekday-102400_SBS34_863,SBS34,d0,4,17:11:00,17:11:00,404820,44.0,3
MQ_A5-Weekday-102400_SBS34_863,SBS34,d0,5,17:13:06,17:13:06,401821,44.0,3
MQ_A5-Weekday-102400_SBS34_863,SBS34,d0,6,17:15:10,17:15:10,401822,44.0,3
MQ_A5-Weekday-102400_SBS34_863,SBS34,d0,7,17:17:08,17:17:08,401824,34.0,3
MQ_A5-Weekday-102400_SBS34_863,SBS34,d0,8,17:19:02,17:19:02,401826,27.0,2
MQ_A5-Weekday-102400_SBS34_863,SBS34,d0,9,17:20:00,17:20:00,401827,18.0,2
MQ_A5-Weekday-102400_SBS34_863,SBS34,d0,10,17:22:46,17:22:46,405336,18.0,2
MQ_A5-Weekday-102400_SBS34_863,SBS34,d0,11,17:25:17,17:25:17,401832,17.0,2
MQ_A5-Weekday-102400_SBS34_863,SBS34,d0,12,17:26:33,17:26:33,401833,13.0,1
MQ_A5-Weekday-102400_SBS34_863,SBS34,d0,13,17:28:08,17:28:08,402052,7.0,1
MQ_A5-Weekday-102400_SBS34_863,SBS34,d0,14,17:30:00,17:30:00,903027,7.0,1
MQ_A5-Weekday-SDon-107800_SBS34_872,SBS34,d0,1,17:58:00,17:58:00,401497,7.0,2
MQ_A5-Weekday-SDon-107800_SBS34_872,SBS34,d0,2,18:02:15,18:02:15,401818,26.0,5
MQ_A5-Weekday-SDon-107800_SBS34_872,SBS34,d0,3,18:03:44,18:03:44,401819,68.0,5
MQ_A5-Weekday-SDon-107800_SBS34_872,SBS34,d0,4,18:05:00,18:05:00,404820,68.0,5
MQ_A5-Weekday-SDon-107800_SBS34_872,SBS34,d0,5,18:07:06,18:07:06,401821,68.0,6
MQ_A5-Weekday-SDon-107800_SBS34_872,SBS34,d0,6,18:09:10,18:09:10,401822,93.0,6
MQ_A5-Weekday-SDon-107800_SBS34_872,SBS34,d0,7,18:11:08,18:11:08,401824,86.0,6
MQ_A5-Weekday-SDon-107800_SBS34_872,SBS34,d0,8,18:13:02,18:13:02,401826,59.0,4
MQ_A5-Weekday-SDon-107800_SBS34_872,SBS34,d0,9,18:14:00,18:14:00,401827,29.0,2
MQ_A5-Weekday-SDon-107800_SBS34_872,SBS34,d0,10,18:16:29,18:16:29,405336,20.0,2
MQ_A5-Weekday-SDon-107800_SBS34_872,SBS34,d0,11,18:18:45,18:18:45,401832,20.0,2
MQ_A5-Weekday-SDon-107800_SBS34_872,SBS34,d0,12,18:19:54,18:19:54,401833,13.0,1
MQ_A5-Weekday-SDon-107800_SBS34_872,SBS34,d0,13,18:21:19,18:21:19,402052,1.0,1
MQ_A5-Weekday-SDon-107800_SBS34_872,SBS34,d0,14,18:23:00,18:23:00,903027,1.0,1
MQ_A5-Weekday-SDon-093700_SBS34_862,SBS34,d0,1,15:37:00,15:37:00,803131,17.0,2
MQ_A5-Weekday-SDon-093700_SBS34_862,SBS34,d0,2,15:38:29,15:38:29,403191,17.0,2
MQ_A5-Weekday-SDon-093700_SBS34_862,SBS34,d0,3,15:40:38,15:40:38,403192,17.0,2
MQ_A5-Weekday-SDon-093700_SBS34_862,SBS34,d0,4,15:42:41,15:42:41,401818,17.0,2
MQ_A5-Weekday-SDon-093700_SBS34_862,SBS34,d0,5,15:44:29,15:44:29,401819,17.0,2
MQ_A5-Weekday-SDon-093700_SBS34_862,SBS34,d0,6,15:46:00,15:46:00,404820,17.0,2
MQ_A5-Weekday-SDon-093700_SBS34_862,SBS34,d0,7,15:48:20,15:48:20,401821,17.0,2
MQ_A5-Weekday-SDon-093700_SBS34_862,SBS34,d0,8,15:50:38,15:50:38,401822,17.0,2
MQ_A5-Weekday-SDon-093700_SBS34_862,SBS34,d0,9,15:52:48,15:52:48,401824,17.0,2
MQ_A5-Weekday-SDon-093700_SBS34_862,SBS34,d0,10,15:54:56,15:54:56,401826,17.0,2
MQ_A5-Weekday-SDon-093700_SBS34_862,SBS34,d0,11,15:56:00,15:56:00,401827,17.0,2
MQ_A5-Weekday-SDon-093700_SBS34_862,SBS34,d0,12,15:58:46,15:58:46,405336,17.0,2
MQ_A5-Weekday-SDon-093700_SBS34_862,SBS34,d0,13,16:01:17,16:01:17,401832,17.0,2
MQ_A5-Weekday-SDon-093700_SBS34_862,SBS34,d0,14,16:02:33,16:02:33,401833,17.0,2
MQ_A5-Weekday-SDon-093700_SBS34_862,SBS34,d0,15,16:04:08,16:04:08,402052,9.0,1
MQ_A5-Weekday-SDon-093700_SBS34_862,SBS34,d0,16,16:06:00,16:06:00,903027,9.0,1
MQ_A5-Weekday-SDon-050800_SBS34_859,SBS34,d0,1,8:28:00,8:28:00,401497,20.0,3
MQ_A5-Weekday-SDon-050800_SBS34_859,SBS34,d0,2,8:29:29,8:29:29,405026,35.0,3
MQ_A5-Weekday-SDon-050800_SBS34_859,SBS34,d0,3,8:32:51,8:32:51,401818,22.0,3
MQ_A5-Weekday-SDon-050800_SBS34_859,SBS34,d0,4,8:34:34,8:34:34,401819,36.0,3
MQ_A5-Weekday-SDon-050800_SBS34_859,SBS34,d0,5,8:36:00,8:36:00,404820,48.0,6
MQ_A5-Weekday-SDon-050800_SBS34_859,SBS34,d0,6,8:38:20,8:38:20,401821,86.0,6
MQ_A5-Weekday-SDon-050800_SBS34_859,SBS34,d0,7,8:40:38,8:40:38,401822,80.0,5
MQ_A5-Weekday-SDon-050800_SBS34_859,SBS34,d0,8,8:42:48,8:42:48,401824,74.0,5
MQ_A5-Weekday-SDon-050800_SBS34_859,SBS34,d0,9,8:44:56,8:44:56,401826,74.0,5
MQ_A5-Weekday-SDon-050800_SBS34_859,SBS34,d0,10,8:46:00,8:46:00,401827,55.0,4
MQ_A5-Weekday-SDon-050800_SBS34_859,SBS34,d0,11,8:48:46,8:48:46,405336,24.0,2
MQ_A5-Weekday-SDon-050800_SBS34_859,SBS34,d0,12,8:51:17,8:51:17,401832,24.0,2
MQ_A5-Weekday-SDon-050800_SBS34_859,SBS34,d0,13,8:52:33,8:52:33,401833,3.0,1
MQ_A5-Weekday-SDon-050800_SBS34_859,SBS34,d0,14,8:54:08,8:54:08,402052,3.0,1
MQ_A5-Weekday-SDon-050800_SBS34_859,SBS34,d0,15,8:56:00,8:56:00,903027,3.0,1
MQ_A5-Weekday-109600_SBS34_868,SBS34,d0,1,18:16:00,18:16:00,803131,4.0,1
MQ_A5-Weekday-109600_SBS34_868,SBS34,d0,2,18:17:19,18:17:19,403191,16.0,2
MQ_A5-Weekday-109600_SBS34_868,SBS34,d0,3,18:19:14,18:19:14,403192,20.0,3
MQ_A5-Weekday-109600_SBS34_868,SBS34,d0,4,18:21:03,18:21:03,401818,42.0,3
MQ_A5-Weekday-109600_SBS34_868,SBS34,d0,5,18:22:39,18:22:39,401819,36.0,5
MQ_A5-Weekday-109600_SBS34_868,SBS34,d0,6,18:24:00,18:24:00,404820,73.0,6
MQ_A5-Weekday-109600_SBS34_868,SBS34,d0,7,18:26:06,18:26:06,401821,81.0,6
MQ_A5-Weekday-109600_SBS34_868,SBS34,d0,8,18:28:10,18:28:10,401822,60.0,5
MQ_A5-Weekday-109600_SBS34_868,SBS34,d0,9,18:30:08,18:30:08,401824,75.0,5
MQ_A5-Weekday-109600_SBS34_868,SBS34,d0,10,18:32:02,18:32:02,401826,48.0,3
MQ_A5-Weekday-109600_SBS34_868,SBS34,d0,11,18:33:00,18:33:00,401827,36.0,3
MQ_A5-Weekday-109600_SBS34_868,SBS34,d0,12,18:34:08,18:34:08,404950,5.0,1
MQ_A5-Weekday-109600_SBS34_868,SBS34,d0,13,18:35:00,18:35:00,903028,5.0,1
MQ_A5-Weekday-SDon-051600_SBS34_860,SBS34,d0,1,8:36:00,8:36:00,401497,6.0,1
MQ_A5-Weekday-SDon-051600_SBS34_860,SBS34,d0,2,8:37:29,8:37:29,405026,9.0,3
MQ_A5-Weekday-SDon-051600_SBS34_860,SBS34,d0,3,8:40:51,8:40:51,401818,39.0,3
MQ_A5-Weekday-SDon-051600_SBS34_860,SBS34,d0,4,8:42:34,8:42:34,401819,39.0,3
MQ_A5-Weekday-SDon-051600_SBS34_860,SBS34,d0,5,8:44:00,8:44:00,404820,39.0,3
MQ_A5-Weekday-SDon-051600_SBS34_860,SBS34,d0,6,8:46:20,8:46:20,401821,41.0,3
MQ_A5-Weekday-SDon-051600_SBS34_860,SBS34,d0,7,8:48:38,8:48:38,401822,38.0,3
MQ_A5-Weekday-SDon-051600_SBS34_860,SBS34,d0,8,8:50:48,8:50:48,401824,30.0,2
MQ_A5-Weekday-SDon-051600_SBS34_860,SBS34,d0,9,8:52:56,8:52:56,401826,26.0,2
MQ_A5-Weekday-SDon-051600_SBS34_860,SBS34,d0,10,8:54:00,8:54:00,401827,12.0,1
MQ_A5-Weekday-SDon-051600_SBS34_860,SBS34,d0,11,8:56:46,8:56:46,405336,5.0,1
MQ_A5-Weekday-SDon-051600_SBS34_860,SBS34,d0,12,8:59:17,8:59:17,401832,5.0,1
MQ_A5-Weekday-SDon-051600_SBS34_860,SBS34,d0,13,9:00:33,9:00:33,401833,3.0,1
MQ_A5-Weekday-SDon-051600_SBS34_860,SBS34,d0,14,9:02:08,9:02:08,402052,3.0,1
MQ_A5-Weekday-SDon-051600_SBS34_860,SBS34,d0,15,9:04:00,9:04:00,903027,3.0,1
MQ_A5-Weekday-072800_SBS34_862,SBS34,d0,1,12:08:00,12:08:00,803131,4.0,1
MQ_A5-Weekday-072800_SBS34_862,SBS34,d0,2,12:09:19,12:09:19,403191,4.0,1
MQ_A5-Weekday-072800_SBS34_862,SBS34,d0,3,12:11:14,12:11:14,403192,4.0,1
MQ_A5-Weekday-072800_SBS34_862,SBS34,d0,4,12:13:03,12:13:03,401818,4.0,1
MQ_A5-Weekday-072800_SBS34_862,SBS34,d0,5,12:14:39,12:14:39,401819,4.0,1
MQ_A5-Weekday-072800_SBS34_862,SBS34,d0,6,12:16:00,12:16:00,404820,4.0,1
MQ_A5-Weekday-072800_SBS34_862,SBS34,d0,7,12:18:20,12:18:20,401821,4.0,1
MQ_A5-Weekday-072800_SBS34_862,SBS34,d0,8,12:20:38,12:20:38,401822,4.0,1
MQ_A5-Weekday-072800_SBS34_862,SBS34,d0,9,12:22:48,12:22:48,401824,4.0,1
MQ_A5-Weekday-072800_SBS34_862,SBS34,d0,10,12:24:56,12:24:56,401826,4.0,1
MQ_A5-Weekday-072800_SBS34_862,SBS34,d0,11,12:26:00,12:26:00,401827,4.0,1
MQ_A5-Weekday-072800_SBS34_862,SBS34,d0,12,12:28:46,12:28:46,405336,4.0,1
MQ_A5-Weekday-072800_SBS34_862,SBS34,d0,13,12:31:17,12:31:17,401832,4.0,1
MQ_A5-Weekday-072800_SBS34_862,SBS34,d0,14,12:32:33,12:32:33,401833,4.0,1
MQ_A5-Weekday-072800_SBS34_862,SBS34,d0,15,12:34:08,12:34:08,402052,4.0,1
MQ_A5-Weekday-072800_SBS34_862,SBS34,d0,16,12:36:00,12:36:00,903027,4.0,1
MQ_A5-Weekday-SDon-068600_SBS34_852,SBS34,d0,1,11:26:00,11:26:00,401497,10.0,1
MQ_A5-Weekday-SDon-068600_SBS34_852,SBS34,d0,2,11:27:29,11:27:29,405026,5.0,1
MQ_A5-Weekday-SDon-068600_SBS34_852,SBS34,d0,3,11:30:51,11:30:51,401818,7.0,1
MQ_A5-Weekday-SDon-068600_SBS34_852,SBS34,d0,4,11:32:34,11:32:34,401819,7.0,2
MQ_A5-Weekday-SDon-068600_SBS34_852,SBS34,d0,5,11:34:00,11:34:00,404820,17.0,2
MQ_A5-Weekday-SDon-068600_SBS34_852,SBS34,d0,6,11:36:20,11:36:20,401821,21.0,2
MQ_A5-Weekday-SDon-068600_SBS34_852,SBS34,d0,7,11:38:38,11:38:38,401822,9.0,1
MQ_A5-Weekday-SDon-068600_SBS34_852,SBS34,d0,8,11:40:48,11:40:48,401824,15.0,1
MQ_A5-Weekday-SDon-068600_SBS34_852,SBS34,d0,9,11:42:56,11:42:56,401826,12.0,1
MQ_A5-Weekday-SDon-068600_SBS34_852,SBS34,d0,10,11:44:00,11:44:00,401827,8.0,1
MQ_A5-Weekday-SDon-068600_SBS34_852,SBS34,d0,11,11:46:46,11:46:46,405336,7.0,1
MQ_A5-Weekday-SDon-068600_SBS34_852,SBS34,d0,12,11:49:17,11:49:17,401832,3.0,1
MQ_A5-Weekday-SDon-068600_SBS34_852,SBS34,d0,13,11:50:33,11:50:33,401833,1.0,1
MQ_A5-Weekday-SDon-068600_SBS34_852,SBS34,d0,14,11:52:08,11:52:08,402052,3.0,1
MQ_A5-Weekday-SDon-068600_SBS34_852,SBS34,d0,15,11:54:00,11:54:00,903027,3.0,1
MQ_A5-Weekday-047200_SBS34_853,SBS34,d0,1,7:52:00,7:52:00,803131,11.0,1
MQ_A5-Weekday-047200_SBS34_853,SBS34,d0,2,7:53:19,7:53:19,403191,11.0,1
MQ_A5-Weekday-047200_SBS34_853,SBS34,d0,3,7:55:14,7:55:14,403192,11.0,1
MQ_A5-Weekday-047200_SBS34_853,SBS34,d0,4,7:57:03,7:57:03,401818,11.0,4
MQ_A5-Weekday-047200_SBS34_853,SBS34,d0,5,7:58:39,7:58:39,401819,49.0,4
MQ_A5-Weekday-047200_SBS34_853,SBS34,d0,6,8:00:00,8:00:00,404820,49.0,4
MQ_A5-Weekday-047200_SBS34_853,SBS34,d0,7,8:02:20,8:02:20,401821,49.0,4
MQ_A5-Weekday-047200_SBS34_853,SBS34,d0,8,8:04:38,8:04:38,401822,49.0,4
MQ_A5-Weekday-047200_SBS34_853,SBS34,d0,9,8:06:48,8:06:48,401824,43.0,3
MQ_A5-Weekday-047200_SBS34_853,SBS34,d0,10,8:08:56,8:08:56,401826,43.0,3
MQ_A5-Weekday-047200_SBS34_853,SBS34,d0,11,8:10:00,8:10:00,401827,43.0,3
MQ_A5-Weekday-047200_SBS34_853,SBS34,d0,12,8:11:08,8:11:08,404950,4.0,1
MQ_A5-Weekday-047200_SBS34_853,SBS34,d0,13,8:12:00,8:12:00,903028,4.0,1
MQ_A5-Weekday-SDon-085300_SBS34_861,SBS34,d0,1,14:13:00,14:13:00,803131,2.0,1
MQ_A5-Weekday-SDon-085300_SBS34_861,SBS34,d0,2,14:14:29,14:14:29,403191,2.0,1
MQ_A5-Weekday-SDon-085300_SBS34_861,SBS34,d0,3,14:16:38,14:16:38,403192,2.0,1
MQ_A5-Weekday-SDon-085300_SBS34_861,SBS34,d0,4,14:18:41,14:18:41,401818,2.0,1
MQ_A5-Weekday-SDon-085300_SBS34_861,SBS34,d0,5,14:20:29,14:20:29,401819,2.0,1
MQ_A5-Weekday-SDon-085300_SBS34_861,SBS34,d0,6,14:22:00,14:22:00,404820,2.0,1
MQ_A5-Weekday-SDon-085300_SBS34_861,SBS34,d0,7,14:24:34,14:24:34,401821,2.0,1
MQ_A5-Weekday-SDon-085300_SBS34_861,SBS34,d0,8,14:27:06,14:27:06,401822,2.0,1
MQ_A5-Weekday-SDon-085300_SBS34_861,SBS34,d0,9,14:29:29,14:29:29,401824,2.0,1
MQ_A5-Weekday-SDon-085300_SBS34_861,SBS34,d0,10,14:31:49,14:31:49,401826,2.0,1
MQ_A5-Weekday-SDon-085300_SBS34_861,SBS34,d0,11,14:33:00,14:33:00,401827,2.0,1
MQ_A5-Weekday-SDon-085300_SBS34_861,SBS34,d0,12,14:35:46,14:35:46,405336,2.0,1
MQ_A5-Weekday-SDon-085300_SBS34_861,SBS34,d0,13,14:38:17,14:38:17,401832,2.0,1
MQ_A5-Weekday-SDon-085300_SBS34_861,SBS34,d0,14,14:39:33,14:39:33,401833,2.0,1
MQ_A5-Weekday-SDon-085300_SBS34_861,SBS34,d0,15,14:41:08,14:41:08,402052,2.0,1
MQ_A5-Weekday-SDon-085300_SBS34_861,SBS34,d0,16,14:43:00,14:43:00,903027,2.0,1
MQ_A5-Weekday-096400_SBS34_871,SBS34,d0,1,16:04:00,16:04:00,401497,18.0,2
MQ_A5-Weekday-096400_SBS34_871,SBS34,d0,2,16:08:15,16:08:15,401818,18.0,2
MQ_A5-Weekday-096400_SBS34_871,SBS34,d0,3,16:09:44,16:09:44,401819,18.0,2
MQ_A5-Weekday-096400_SBS34_871,SBS34,d0,4,16:11:00,16:11:00,404820,11.0,2
MQ_A5-Weekday-096400_SBS34_871,SBS34,d0,5,16:13:20,16:13:20,401821,18.0,3
MQ_A5-Weekday-096400_SBS34_871,SBS34,d0,6,16:15:38,16:15:38,401822,37.0,3
MQ_A5-Weekday-096400_SBS34_871,SBS34,d0,7,16:17:48,16:17:48,401824,33.0,3
MQ_A5-Weekday-096400_SBS34_871,SBS34,d0,8,16:19:56,16:19:56,401826,33.0,3
MQ_A5-Weekday-096400_SBS34_871,SBS34,d0,9,16:21:00,16:21:00,401827,5.0,1
MQ_A5-Weekday-096400_SBS34_871,SBS34,d0,10,16:23:46,16:23:46,405336,5.0,1
MQ_A5-Weekday-096400_SBS34_871,SBS34,d0,11,16:26:17,16:26:17,401832,5.0,1
MQ_A5-Weekday-096400_SBS34_871,SBS34,d0,12,16:27:33,16:27:33,401833,5.0,1
MQ_A5-Weekday-096400_SBS34_871,SBS34,d0,13,16:29:08,16:29:08,402052,2.0,1
MQ_A5-Weekday-096400_SBS34_871,SBS34,d0,14,16:31:00,16:31:00,903027,2.0,1
MQ_A5-Weekday-074200_SBS34_867,SBS34,d0,1,12:22:00,12:22:00,803131,7.0,1
MQ_A5-Weekday-074200_SBS34_867,SBS34,d0,2,12:23:19,12:23:19,403191,7.0,1
MQ_A5-Weekday-074200_SBS34_867,SBS34,d0,3,12:25:14,12:25:14,403192,11.0,1
MQ_A5-Weekday-074200_SBS34_867,SBS34,d0,4,12:27:03,12:27:03,401818,10.0,1
MQ_A5-Weekday-074200_SBS34_867,SBS34,d0,5,12:28:39,12:28:39,401819,10.0,1
MQ_A5-Weekday-074200_SBS34_867,SBS34,d0,6,12:30:00,12:30:00,404820,13.0,1
MQ_A5-Weekday-074200_SBS34_867,SBS34,d0,7,12:32:34,12:32:34,401821,13.0,1
MQ_A5-Weekday-074200_SBS34_867,SBS34,d0,8,12:35:06,12:35:06,401822,13.0,1
MQ_A5-Weekday-074200_SBS34_867,SBS34,d0,9,12:37:29,12:37:29,401824,13.0,1
MQ_A5-Weekday-074200_SBS34_867,SBS34,d0,10,12:39:49,12:39:49,401826,5.0,1
MQ_A5-Weekday-074200_SBS34_867,SBS34,d0,11,12:41:00,12:41:00,401827,2.0,1
MQ_A5-Weekday-074200_SBS34_867,SBS34,d0,12,12:42:08,12:42:08,404950,3.0,1
MQ_A5-Weekday-074200_SBS34_867,SBS34,d0,13,12:43:00,12:43:00,903028,3.0,1
MQ_A5-Weekday-098400_SBS34_873,SBS34,d0,1,16:24:00,16:24:00,401497,23.0,2
MQ_A5-Weekday-098400_SBS34_873,SBS34,d0,2,16:28:15,16:28:15,401818,23.0,3
MQ_A5-Weekday-098400_SBS34_873,SBS34,d0,3,16:29:44,16:29:44,401819,34.0,3
MQ_A5-Weekday-098400_SBS34_873,SBS34,d0,4,16:31:00,16:31:00,404820,7.0,4
MQ_A5-Weekday-098400_SBS34_873,SBS34,d0,5,16:33:06,16:33:06,401821,50.0,4
MQ_A5-Weekday-098400_SBS34_873,SBS34,d0,6,16:35:10,16:35:10,401822,50.0,4
MQ_A5-Weekday-098400_SBS34_873,SBS34,d0,7,16:37:08,16:37:08,401824,50.0,4
MQ_A5-Weekday-098400_SBS34_873,SBS34,d0,8,16:39:02,16:39:02,401826,50.0,4
MQ_A5-Weekday-098400_SBS34_873,SBS34,d0,9,16:40:00,16:40:00,401827,50.0,4
MQ_A5-Weekday-098400_SBS34_873,SBS34,d0,10,16:42:46,16:42:46,405336,50.0,4
MQ_A5-Weekday-098400_SBS34_873,SBS34,d0,11,16:45:17,16:45:17,401832,50.0,4
MQ_A5-Weekday-098400_SBS34_873,SBS34,d0,12,16:46:33,16:46:33,401833,50.0,4
MQ_A5-Weekday-098400_SBS34_873,SBS34,d0,13,16:48:08,16:48:08,402052,8.0,1
MQ_A5-Weekday-098400_SBS34_873,SBS34,d0,14,16:50:00,16:50:00,903027,8.0,1
MQ_A5-Weekday-071400_SBS34_860,SBS34,d0,1,11:54:00,11:54:00,803131,4.0,1
MQ_A5-Weekday-071400_SBS34_860,SBS34,d0,2,11:55:19,11:55:19,403191,4.0,1
MQ_A5-Weekday-071400_SBS34_860,SBS34,d0,3,11:57:14,11:57:14,403192,7.0,2
MQ_A5-Weekday-071400_SBS34_860,SBS34,d0,4,11:59:03,11:59:03,401818,25.0,2
MQ_A5-Weekday-071400_SBS34_860,SBS34,d0,5,12:00:39,12:00:39,401819,25.0,2
MQ_A5-Weekday-071400_SBS34_860,SBS34,d0,6,12:02:00,12:02:00,404820,25.0,2
MQ_A5-Weekday-071400_SBS34_860,SBS34,d0,7,12:04:20,12:04:20,401821,25.0,2
MQ_A5-Weekday-071400_SBS34_860,SBS34,d0,8,12:06:38,12:06:38,401822,25.0,2
MQ_A5-Weekday-071400_SBS34_860,SBS34,d0,9,12:08:48,12:08:48,401824,25.0,2
MQ_A5-Weekday-071400_SBS34_860,SBS34,d0,10,12:10:56,12:10:56,401826,25.0,2
MQ_A5-Weekday-071400_SBS34_860,SBS34,d0,11,12:12:00,12:12:00,401827,25.0,2
MQ_A5-Weekday-071400_SBS34_860,SBS34,d0,12,12:13:08,12:13:08,404950,25.0,2
MQ_A5-Weekday-071400_SBS34_860,SBS34,d0,13,12:14:00,12:14:00,903028,25.0,2
MQ_A5-Weekday-108300_SBS34_861,SBS34,d0,1,18:03:00,18:03:00,803131,12.0,1
MQ_A5-Weekday-108300_SBS34_861,SBS34,d0,2,18:04:19,18:04:19,403191,12.0,1
MQ_A5-Weekday-108300_SBS34_861,SBS34,d0,3,18:06:14,18:06:14,403192,12.0,1
MQ_A5-Weekday-108300_SBS34_861,SBS34,d0,4,18:08:03,18:08:03,401818,12.0,1
MQ_A5-Weekday-108300_SBS34_861,SBS34,d0,5,18:09:39,18:09:39,401819,12.0,1
MQ_A5-Weekday-108300_SBS34_861,SBS34,d0,6,18:11:00,18:11:00,404820,12.0,1
MQ_A5-Weekday-108300_SBS34_861,SBS34,d0,7,18:13:06,18:13:06,401821,12.0,1
MQ_A5-Weekday-108300_SBS34_861,SBS34,d0,8,18:15:10,18:15:10,401822,12.0,1
MQ_A5-Weekday-108300_SBS34_861,SBS34,d0,9,18:17:08,18:17:08,401824,12.0,1
MQ_A5-Weekday-108300_SBS34_861,SBS34,d0,10,18:19:02,18:19:02,401826,12.0,1
MQ_A5-Weekday-108300_SBS34_861,SBS34,d0,11,18:20:00,18:20:00,401827,12.0,1
MQ_A5-Weekday-108300_SBS34_861,SBS34,d0,12,18:22:29,18:22:29,405336,12.0,1
MQ_A5-Weekday-108300_SBS34_861,SBS34,d0,13,18:24:45,18:24:45,401832,12.0,1
MQ_A5-Weekday-108300_SBS34_861,SBS34,d0,14,18:25:54,18:25:54,401833,12.0,1
MQ_A5-Weekday-108300_SBS34_861,SBS34,d0,15,18:27:19,18:27:19,402052,12.0,1
MQ_A5-Weekday-108300_SBS34_861,SBS34,d0,16,18:29:00,18:29:00,903027,12.0,1
MQ_A5-Weekday-049200_SBS34_851,SBS34,d0,1,8:12:00,8:12:00,401497,4.0,2
MQ_A5-Weekday-049200_SBS34_851,SBS34,d0,2,8:13:29,8:13:29,405026,24.0,4
MQ_A5-Weekday-049200_SBS34_851,SBS34,d0,3,8:16:51,8:16:51,401818,63.0,4
MQ_A5-Weekday-049200_SBS34_851,SBS34,d0,4,8:18:34,8:18:34,401819,63.0,7
MQ_A5-Weekday-049200_SBS34_851,SBS34,d0,5,8:20:00,8:20:00,404820,103.0,7
MQ_A5-Weekday-049200_SBS34_851,SBS34,d0,6,8:22:20,8:22:20,401821,103.0,7
MQ_A5-Weekday-049200_SBS34_851,SBS34,d0,7,8:24:38,8:24:38,401822,99.0,7
MQ_A5-Weekday-049200_SBS34_851,SBS34,d0,8,8:26:48,8:26:48,401824,89.0,6
MQ_A5-Weekday-049200_SBS34_851,SBS34,d0,9,8:28:56,8:28:56,401826,79.0,5
MQ_A5-Weekday-049200_SBS34_851,SBS34,d0,10,8:30:00,8:30:00,401827,55.0,4
MQ_A5-Weekday-049200_SBS34_851,SBS34,d0,11,8:32:46,8:32:46,405336,16.0,1
MQ_A5-Weekday-049200_SBS34_851,SBS34,d0,12,8:35:17,8:35:17,401832,16.0,1
MQ_A5-Weekday-049200_SBS34_851,SBS34,d0,13,8:36:33,8:36:33,401833,5.0,1
MQ_A5-Weekday-049200_SBS34_851,SBS34,d0,14,8:38:08,8:38:08,402052,5.0,1
MQ_A5-Weekday-049200_SBS34_851,SBS34,d0,15,8:40:00,8:40:00,903027,5.0,1
MQ_A5-Weekday-090900_SBS34_870,SBS34,d0,1,15:09:00,15:09:00,401497,7.0,1
MQ_A5-Weekday-090900_SBS34_870,SBS34,d0,2,15:10:17,15:10:17,405026,7.0,1
MQ_A5-Weekday-090900_SBS34_870,SBS34,d0,3,15:13:15,15:13:15,401818,7.0,1
MQ_A5-Weekday-090900_SBS34_870,SBS34,d0,4,15:14:44,15:14:44,401819,7.0,1
MQ_A5-Weekday-090900_SBS34_870,SBS34,d0,5,15:16:00,15:16:00,404820,7.0,1
MQ_A5-Weekday-090900_SBS34_870,SBS34,d0,6,15:18:20,15:18:20,401821,7.0,1
MQ_A5-Weekday-090900_SBS34_870,SBS34,d0,7,15:20:38,15:20:38,401822,7.0,1
MQ_A5-Weekday-090900_SBS34_870,SBS34,d0,8,15:22:48,15:22:48,401824,4.0,1
MQ_A5-Weekday-090900_SBS34_870,SBS34,d0,9,15:24:56,15:24:56,401826,13.0,1
MQ_A5-Weekday-090900_SBS34_870,SBS34,d0,10,15:26:00,15:26:00,401827,13.0,1
MQ_A5-Weekday-090900_SBS34_870,SBS34,d0,11,15:28:46,15:28:46,405336,6.0,1
MQ_A5-Weekday-090900_SBS34_870,SBS34,d0,12,15:31:17,15:31:17,401832,6.0,1
MQ_A5-Weekday-090900_SBS34_870,SBS34,d0,13,15:32:33,15:32:33,401833,1.0,1
MQ_A5-Weekday-090900_SBS34_870,SBS34,d0,14,15:34:08,15:34:08,402052,4.0,1
MQ_A5-Weekday-090900_SBS34_870,SBS34,d0,15,15:36:00,15:36:00,903027,4.0,1
MQ_A5-Weekday-072100_SBS34_866,SBS34,d0,1,12:01:00,12:01:00,401497,30.0,2
MQ_A5-Weekday-072100_SBS34_866,SBS34,d0,2,12:02:29,12:02:29,405026,30.0,2
MQ_A5-Weekday-072100_SBS34_866,SBS34,d0,3,12:05:51,12:05:51,401818,30.0,2
MQ_A5-Weekday-072100_SBS34_866,SBS34,d0,4,12:07:34,12:07:34,401819,30.0,3
MQ_A5-Weekday-072100_SBS34_866,SBS34,d0,5,12:09:00,12:09:00,404820,36.0,3
MQ_A5-Weekday-072100_SBS34_866,SBS34,d0,6,12:11:20,12:11:20,401821,38.0,3
MQ_A5-Weekday-072100_SBS34_866,SBS34,d0,7,12:13:38,12:13:38,401822,30.0,2
MQ_A5-Weekday-072100_SBS34_866,SBS34,d0,8,12:15:48,12:15:48,401824,26.0,2
MQ_A5-Weekday-072100_SBS34_866,SBS34,d0,9,12:17:56,12:17:56,401826,26.0,2
MQ_A5-Weekday-072100_SBS34_866,SBS34,d0,10,12:19:00,12:19:00,401827,26.0,2
MQ_A5-Weekday-072100_SBS34_866,SBS34,d0,11,12:21:46,12:21:46,405336,12.0,1
MQ_A5-Weekday-072100_SBS34_866,SBS34,d0,12,12:24:17,12:24:17,401832,12.0,1
MQ_A5-Weekday-072100_SBS34_866,SBS34,d0,13,12:25:33,12:25:33,401833,12.0,1
MQ_A5-Weekday-072100_SBS34_866,SBS34,d0,14,12:27:08,12:27:08,402052,12.0,1
MQ_A5-Weekday-072100_SBS34_866,SBS34,d0,15,12:29:00,12:29:00,903027,12.0,1
MQ_A5-Weekday-076900_SBS34_864,SBS34,d0,1,12:49:00,12:49:00,803131,2.0,1
MQ_A5-Weekday-076900_SBS34_864,SBS34,d0,2,12:50:29,12:50:29,403191,2.0,1
MQ_A5-Weekday-076900_SBS34_864,SBS34,d0,3,12:52:38,12:52:38,403192,4.0,2
MQ_A5-Weekday-076900_SBS34_864,SBS34,d0,4,12:54:41,12:54:41,401818,17.0,2
MQ_A5-Weekday-076900_SBS34_864,SBS34,d0,5,12:56:29,12:56:29,401819,17.0,3
MQ_A5-Weekday-076900_SBS34_864,SBS34,d0,6,12:58:00,12:58:00,404820,39.0,3
MQ_A5-Weekday-076900_SBS34_864,SBS34,d0,7,13:00:34,13:00:34,401821,39.0,3
MQ_A5-Weekday-076900_SBS34_864,SBS34,d0,8,13:03:06,13:03:06,401822,42.0,3
MQ_A5-Weekday-076900_SBS34_864,SBS34,d0,9,13:05:29,13:05:29,401824,43.0,3
MQ_A5-Weekday-076900_SBS34_864,SBS34,d0,10,13:07:49,13:07:49,401826,43.0,3
MQ_A5-Weekday-076900_SBS34_864,SBS34,d0,11,13:09:00,13:09:00,401827,25.0,2
MQ_A5-Weekday-076900_SBS34_864,SBS34,d0,12,13:10:08,13:10:08,404950,25.0,2
MQ_A5-Weekday-076900_SBS34_864,SBS34,d0,13,13:11:00,13:11:00,903028,25.0,2
MQ_A5-Weekday-065400_SBS34_862,SBS34,d0,1,10:54:00,10:54:00,803131,4.0,1
MQ_A5-Weekday-065400_SBS34_862,SBS34,d0,2,10:55:19,10:55:19,403191,4.0,1
MQ_A5-Weekday-065400_SBS34_862,SBS34,d0,3,10:57:14,10:57:14,403192,4.0,1
MQ_A5-Weekday-065400_SBS34_862,SBS34,d0,4,10:59:03,10:59:03,401818,4.0,1
MQ_A5-Weekday-065400_SBS34_862,SBS34,d0,5,11:00:39,11:00:39,401819,4.0,1
MQ_A5-Weekday-065400_SBS34_862,SBS34,d0,6,11:02:00,11:02:00,404820,4.0,1
MQ_A5-Weekday-065400_SBS34_862,SBS34,d0,7,11:04:20,11:04:20,401821,4.0,1
MQ_A5-Weekday-065400_SBS34_862,SBS34,d0,8,11:06:38,11:06:38,401822,4.0,1
MQ_A5-Weekday-065400_SBS34_862,SBS34,d0,9,11:08:48,11:08:48,401824,4.0,1
MQ_A5-Weekday-065400_SBS34_862,SBS34,d0,10,11:10:56,11:10:56,401826,4.0,1
MQ_A5-Weekday-065400_SBS34_862,SBS34,d0,11,11:12:00,11:12:00,401827,4.0,1
MQ_A5-Weekday-065400_SBS34_862,SBS34,d0,12,11:14:46,11:14:46,405336,4.0,1
MQ_A5-Weekday-065400_SBS34_862,SBS34,d0,13,11:17:17,11:17:17,401832,4.0,1
MQ_A5-Weekday-065400_SBS34_862,SBS34,d0,14,11:18:33,11:18:33,401833,4.0,1
MQ_A5-Weekday-065400_SBS34_862,SBS34,d0,15,11:20:08,11:20:08,402052,2.0,1
MQ_A5-Weekday-065400_SBS34_862,SBS34,d0,16,11:22:00,11:22:00,903027,2.0,1
MQ_A5-Weekday-040100_SBS34_857,SBS34,d0,1,6:41:00,6:41:00,401497,8.0,1
MQ_A5-Weekday-040100_SBS34_857,SBS34,d0,2,6:42:06,6:42:06,405026,8.0,3
MQ_A5-Weekday-040100_SBS34_857,SBS34,d0,3,6:44:38,6:44:38,401818,40.0,3
MQ_A5-Weekday-040100_SBS34_857,SBS34,d0,4,6:45:55,6:45:55,401819,40.0,3
MQ_A5-Weekday-040100_SBS34_857,SBS34,d0,5,6:47:00,6:47:00,404820,40.0,3
MQ_A5-Weekday-040100_SBS34_857,SBS34,d0,6,6:49:06,6:49:06,401821,17.0,4
MQ_A5-Weekday-040100_SBS34_857,SBS34,d0,7,6:51:10,6:51:10,401822,52.0,4
MQ_A5-Weekday-040100_SBS34_857,SBS34,d0,8,6:53:08,6:53:08,401824,45.0,3
MQ_A5-Weekday-040100_SBS34_857,SBS34,d0,9,6:55:02,6:55:02,401826,29.0,2
MQ_A5-Weekday-040100_SBS34_857,SBS34,d0,10,6:56:00,6:56:00,401827,29.0,2
MQ_A5-Weekday-040100_SBS34_857,SBS34,d0,11,6:58:29,6:58:29,405336,12.0,1
MQ_A5-Weekday-040100_SBS34_857,SBS34,d0,12,7:00:45,7:00:45,401832,12.0,1
MQ_A5-Weekday-040100_SBS34_857,SBS34,d0,13,7:01:54,7:01:54,401833,12.0,1
MQ_A5-Weekday-040100_SBS34_857,SBS34,d0,14,7:03:19,7:03:19,402052,12.0,1
MQ_A5-Weekday-040100_SBS34_857,SBS34,d0,15,7:05:00,7:05:00,903027,12.0,1
MQ_A5-Weekday-111000_SBS34_874,SBS34,d0,1,18:30:00,18:30:00,803131,7.0,1
MQ_A5-Weekday-111000_SBS34_874,SBS34,d0,2,18:31:19,18:31:19,403191,12.0,2
MQ_A5-Weekday-111000_SBS34_874,SBS34,d0,3,18:33:14,18:33:14,403192,21.0,2
MQ_A5-Weekday-111000_SBS34_874,SBS34,d0,4,18:35:03,18:35:03,401818,32.0,3
MQ_A5-Weekday-111000_SBS34_874,SBS34,d0,5,18:36:39,18:36:39,401819,43.0,3
MQ_A5-Weekday-111000_SBS34_874,SBS34,d0,6,18:38:00,18:38:00,404820,43.0,4
MQ_A5-Weekday-111000_SBS34_874,SBS34,d0,7,18:40:06,18:40:06,401821,59.0,4
MQ_A5-Weekday-111000_SBS34_874,SBS34,d0,8,18:42:10,18:42:10,401822,59.0,4
MQ_A5-Weekday-111000_SBS34_874,SBS34,d0,9,18:44:08,18:44:08,401824,57.0,4
MQ_A5-Weekday-111000_SBS34_874,SBS34,d0,10,18:46:02,18:46:02,401826,57.0,4
MQ_A5-Weekday-111000_SBS34_874,SBS34,d0,11,18:47:00,18:47:00,401827,29.0,2
MQ_A5-Weekday-111000_SBS34_874,SBS34,d0,12,18:48:08,18:48:08,404950,9.0,1
MQ_A5-Weekday-111000_SBS34_874,SBS34,d0,13,18:49:00,18:49:00,903028,9.0,1
MQ_A5-Weekday-093300_SBS34_861,SBS34,d0,1,15:33:00,15:33:00,401497,12.0,1
MQ_A5-Weekday-093300_SBS34_861,SBS34,d0,2,15:34:17,15:34:17,405026,12.0,1
MQ_A5-Weekday-093300_SBS34_861,SBS34,d0,3,15:37:15,15:37:15,401818,12.0,1
MQ_A5-Weekday-093300_SBS34_861,SBS34,d0,4,15:38:44,15:38:44,401819,10.0,2
MQ_A5-Weekday-093300_SBS34_861,SBS34,d0,5,15:40:00,15:40:00,404820,21.0,2
MQ_A5-Weekday-093300_SBS34_861,SBS34,d0,6,15:42:20,15:42:20,401821,21.0,2
MQ_A5-Weekday-093300_SBS34_861,SBS34,d0,7,15:44:38,15:44:38,401822,21.0,2
MQ_A5-Weekday-093300_SBS34_861,SBS34,d0,8,15:46:48,15:46:48,401824,21.0,2
MQ_A5-Weekday-093300_SBS34_861,SBS34,d0,9,15:48:56,15:48:56,401826,21.0,2
MQ_A5-Weekday-093300_SBS34_861,SBS34,d0,10,15:50:00,15:50:00,401827,15.0,1
MQ_A5-Weekday-093300_SBS34_861,SBS34,d0,11,15:52:46,15:52:46,405336,15.0,1
MQ_A5-Weekday-093300_SBS34_861,SBS34,d0,12,15:55:17,15:55:17,401832,9.0,1
MQ_A5-Weekday-093300_SBS34_861,SBS34,d0,13,15:56:33,15:56:33,401833,9.0,1
MQ_A5-Weekday-093300_SBS34_861,SBS34,d0,14,15:58:08,15:58:08,402052,5.0,1
MQ_A5-Weekday-093300_SBS34_861,SBS34,d0,15,16:00:00,16:00:00,903027,5.0,1
MQ_A5-Weekday-SDon-113300_SBS34_869,SBS34,d0,1,18:53:00,18:53:00,401497,5.0,1
MQ_A5-Weekday-SDon-113300_SBS34_869,SBS34,d0,2,18:56:38,18:56:38,401818,9.0,1
MQ_A5-Weekday-SDon-113300_SBS34_869,SBS34,d0,3,18:57:55,18:57:55,401819,14.0,3
MQ_A5-Weekday-SDon-113300_SBS34_869,SBS34,d0,4,18:59:00,18:59:00,404820,33.0,3
MQ_A5-Weekday-SDon-113300_SBS34_869,SBS34,d0,5,19:01:06,19:01:06,401821,46.0,3
MQ_A5-Weekday-SDon-113300_SBS34_869,SBS34,d0,6,19:03:10,19:03:10,401822,46.0,3
MQ_A5-Weekday-SDon-113300_SBS34_869,SBS34,d0,7,19:05:08,19:05:08,401824,46.0,3
MQ_A5-Weekday-SDon-113300_SBS34_869,SBS34,d0,8,19:07:02,19:07:02,401826,40.0,3
MQ_A5-Weekday-SDon-113300_SBS34_869,SBS34,d0,9,19:08:00,19:08:00,401827,21.0,2
MQ_A5-Weekday-SDon-113300_SBS34_869,SBS34,d0,10,19:10:29,19:10:29,405336,8.0,1
MQ_A5-Weekday-SDon-113300_SBS34_869,SBS34,d0,11,19:12:45,19:12:45,401832,6.0,1
MQ_A5-Weekday-SDon-113300_SBS34_869,SBS34,d0,12,19:13:54,19:13:54,401833,8.0,1
MQ_A5-Weekday-SDon-113300_SBS34_869,SBS34,d0,13,19:15:19,19:15:19,402052,8.0,1
MQ_A5-Weekday-SDon-113300_SBS34_869,SBS34,d0,14,19:17:00,19:17:00,903027,8.0,1
MQ_A5-Weekday-056200_SBS34_851,SBS34,d0,1,9:22:00,9:22:00,401497,2.0,4
MQ_A5-Weekday-056200_SBS34_851,SBS34,d0,2,9:23:29,9:23:29,405026,53.0,4
MQ_A5-Weekday-056200_SBS34_851,SBS34,d0,3,9:26:51,9:26:51,401818,53.0,4
MQ_A5-Weekday-056200_SBS34_851,SBS34,d0,4,9:28:34,9:28:34,401819,53.0,4
MQ_A5-Weekday-056200_SBS34_851,SBS34,d0,5,9:30:00,9:30:00,404820,53.0,4
MQ_A5-Weekday-056200_SBS34_851,SBS34,d0,6,9:32:20,9:32:20,401821,53.0,4
MQ_A5-Weekday-056200_SBS34_851,SBS34,d0,7,9:34:38,9:34:38,401822,53.0,4
MQ_A5-Weekday-056200_SBS34_851,SBS34,d0,8,9:36:48,9:36:48,401824,53.0,4
MQ_A5-Weekday-056200_SBS34_851,SBS34,d0,9,9:38:56,9:38:56,401826,53.0,4
MQ_A5-Weekday-056200_SBS34_851,SBS34,d0,10,9:40:00,9:40:00,401827,25.0,2
MQ_A5-Weekday-056200_SBS34_851,SBS34,d0,11,9:42:46,9:42:46,405336,6.0,1
MQ_A5-Weekday-056200_SBS34_851,SBS34,d0,12,9:45:17,9:45:17,401832,6.0,1
MQ_A5-Weekday-056200_SBS34_851,SBS34,d0,13,9:46:33,9:46:33,401833,6.0,1
MQ_A5-Weekday-056200_SBS34_851,SBS34,d0,14,9:48:08,9:48:08,402052,6.0,1
MQ_A5-Weekday-056200_SBS34_851,SBS34,d0,15,9:50:00,9:50:00,903027,6.0,1
MQ_A5-Weekday-SDon-033000_SBS34_855,SBS34,d0,1,5:30:00,5:30:00,803131,2.0,1
MQ_A5-Weekday-SDon-033000_SBS34_855,SBS34,d0,2,5:30:59,5:30:59,403191,2.0,1
MQ_A5-Weekday-SDon-033000_SBS34_855,SBS34,d0,3,5:32:25,5:32:25,403192,3.0,1
MQ_A5-Weekday-SDon-033000_SBS34_855,SBS34,d0,4,5:33:47,5:33:47,401818,7.0,1
MQ_A5-Weekday-SDon-033000_SBS34_855,SBS34,d0,5,5:34:59,5:34:59,401819,12.0,2
MQ_A5-Weekday-SDon-033000_SBS34_855,SBS34,d0,6,5:36:00,5:36:00,404820,27.0,2
MQ_A5-Weekday-SDon-033000_SBS34_855,SBS34,d0,7,5:37:38,5:37:38,401821,32.0,3
MQ_A5-Weekday-SDon-033000_SBS34_855,SBS34,d0,8,5:39:15,5:39:15,401822,33.0,3
MQ_A5-Weekday-SDon-033000_SBS34_855,SBS34,d0,9,5:40:46,5:40:46,401824,32.0,2
MQ_A5-Weekday-SDon-033000_SBS34_855,SBS34,d0,10,5:42:15,5:42:15,401826,31.0,2
MQ_A5-Weekday-SDon-033000_SBS34_855,SBS34,d0,11,5:43:00,5:43:00,401827,27.0,2
MQ_A5-Weekday-SDon-033000_SBS34_855,SBS34,d0,12,5:43:34,5:43:34,404950,27.0,2
MQ_A5-Weekday-SDon-033000_SBS34_855,SBS34,d0,13,5:44:00,5:44:00,903028,27.0,2
MQ_A5-Weekday-SDon-036100_SBS34_854,SBS34,d0,1,6:01:00,6:01:00,401497,24.0,2
MQ_A5-Weekday-SDon-036100_SBS34_854,SBS34,d0,2,6:02:06,6:02:06,405026,24.0,2
MQ_A5-Weekday-SDon-036100_SBS34_854,SBS34,d0,3,6:04:38,6:04:38,401818,25.0,3
MQ_A5-Weekday-SDon-036100_SBS34_854,SBS34,d0,4,6:05:55,6:05:55,401819,40.0,5
MQ_A5-Weekday-SDon-036100_SBS34_854,SBS34,d0,5,6:07:00,6:07:00,404820,72.0,5
MQ_A5-Weekday-SDon-036100_SBS34_854,SBS34,d0,6,6:09:06,6:09:06,401821,72.0,6
MQ_A5-Weekday-SDon-036100_SBS34_854,SBS34,d0,7,6:11:10,6:11:10,401822,82.0,6
MQ_A5-Weekday-SDon-036100_SBS34_854,SBS34,d0,8,6:13:08,6:13:08,401824,82.0,6
MQ_A5-Weekday-SDon-036100_SBS34_854,SBS34,d0,9,6:15:02,6:15:02,401826,78.0,5
MQ_A5-Weekday-SDon-036100_SBS34_854,SBS34,d0,10,6:16:00,6:16:00,401827,46.0,3
MQ_A5-Weekday-SDon-036100_SBS34_854,SBS34,d0,11,6:18:29,6:18:29,405336,12.0,1
MQ_A5-Weekday-SDon-036100_SBS34_854,SBS34,d0,12,6:20:45,6:20:45,401832,12.0,1
MQ_A5-Weekday-SDon-036100_SBS34_854,SBS34,d0,13,6:21:54,6:21:54,401833,10.0,1
MQ_A5-Weekday-SDon-036100_SBS34_854,SBS34,d0,14,6:23:19,6:23:19,402052,10.0,1
MQ_A5-Weekday-SDon-036100_SBS34_854,SBS34,d0,15,6:25:00,6:25:00,903027,10.0,1
MQ_A5-Weekday-063000_SBS34_864,SBS34,d0,1,10:30:00,10:30:00,401497,4.0,1
MQ_A5-Weekday-063000_SBS34_864,SBS34,d0,2,10:31:29,10:31:29,405026,4.0,1
MQ_A5-Weekday-063000_SBS34_864,SBS34,d0,3,10:34:51,10:34:51,401818,7.0,1
MQ_A5-Weekday-063000_SBS34_864,SBS34,d0,4,10:36:34,10:36:34,401819,7.0,2
MQ_A5-Weekday-063000_SBS34_864,SBS34,d0,5,10:38:00,10:38:00,404820,20.0,2
MQ_A5-Weekday-063000_SBS34_864,SBS34,d0,6,10:40:20,10:40:20,401821,30.0,2
MQ_A5-Weekday-063000_SBS34_864,SBS34,d0,7,10:42:38,10:42:38,401822,13.0,2
MQ_A5-Weekday-063000_SBS34_864,SBS34,d0,8,10:44:48,10:44:48,401824,29.0,2
MQ_A5-Weekday-063000_SBS34_864,SBS34,d0,9,10:46:56,10:46:56,401826,29.0,2
MQ_A5-Weekday-063000_SBS34_864,SBS34,d0,10,10:48:00,10:48:00,401827,17.0,2
MQ_A5-Weekday-063000_SBS34_864,SBS34,d0,11,10:50:46,10:50:46,405336,11.0,1
MQ_A5-Weekday-063000_SBS34_864,SBS34,d0,12,10:53:17,10:53:17,401832,11.0,1
MQ_A5-Weekday-063000_SBS34_864,SBS34,d0,13,10:54:33,10:54:33,401833,12.0,1
MQ_A5-Weekday-063000_SBS34_864,SBS34,d0,14,10:56:08,10:56:08,402052,10.0,1
MQ_A5-Weekday-063000_SBS34_864,SBS34,d0,15,10:58:00,10:58:00,903027,10.0,1
MQ_A5-Weekday-102800_SBS34_868,SBS34,d0,1,17:08:00,17:08:00,803131,10.0,2
MQ_A5-Weekday-102800_SBS34_868,SBS34,d0,2,17:09:19,17:09:19,403191,17.0,4
MQ_A5-Weekday-102800_SBS34_868,SBS34,d0,3,17:11:14,17:11:14,403192,54.0,4
MQ_A5-Weekday-102800_SBS34_868,SBS34,d0,4,17:13:03,17:13:03,401818,54.0,4
MQ_A5-Weekday-102800_SBS34_868,SBS34,d0,5,17:14:39,17:14:39,401819,53.0,4
MQ_A5-Weekday-102800_SBS34_868,SBS34,d0,6,17:16:00,17:16:00,404820,64.0,4
MQ_A5-Weekday-102800_SBS34_868,SBS34,d0,7,17:18:06,17:18:06,401821,64.0,5
MQ_A5-Weekday-102800_SBS34_868,SBS34,d0,8,17:20:10,17:20:10,401822,65.0,5
MQ_A5-Weekday-102800_SBS34_868,SBS34,d0,9,17:22:08,17:22:08,401824,65.0,5
MQ_A5-Weekday-102800_SBS34_868,SBS34,d0,10,17:24:02,17:24:02,401826,65.0,5
MQ_A5-Weekday-102800_SBS34_868,SBS34,d0,11,17:25:00,17:25:00,401827,3.0,1
MQ_A5-Weekday-102800_SBS34_868,SBS34,d0,12,17:26:08,17:26:08,404950,6.0,1
MQ_A5-Weekday-102800_SBS34_868,SBS34,d0,13,17:27:00,17:27:00,903028,6.0,1
MQ_A5-Weekday-041000_SBS34_853,SBS34,d0,1,6:50:00,6:50:00,803131,27.0,2
MQ_A5-Weekday-041000_SBS34_853,SBS34,d0,2,6:50:59,6:50:59,403191,27.0,2
MQ_A5-Weekday-041000_SBS34_853,SBS34,d0,3,6:52:25,6:52:25,403192,27.0,2
MQ_A5-Weekday-041000_SBS34_853,SBS34,d0,4,6:53:47,6:53:47,401818,27.0,2
MQ_A5-Weekday-041000_SBS34_853,SBS34,d0,5,6:54:59,6:54:59,401819,27.0,2
MQ_A5-Weekday-041000_SBS34_853,SBS34,d0,6,6:56:00,6:56:00,404820,27.0,5
MQ_A5-Weekday-041000_SBS34_853,SBS34,d0,7,6:58:06,6:58:06,401821,69.0,5
MQ_A5-Weekday-041000_SBS34_853,SBS34,d0,8,7:00:10,7:00:10,401822,71.0,5
MQ_A5-Weekday-041000_SBS34_853,SBS34,d0,9,7:02:08,7:02:08,401824,65.0,5
MQ_A5-Weekday-041000_SBS34_853,SBS34,d0,10,7:04:02,7:04:02,401826,65.0,5
MQ_A5-Weekday-041000_SBS34_853,SBS34,d0,11,7:05:00,7:05:00,401827,65.0,5
MQ_A5-Weekday-041000_SBS34_853,SBS34,d0,12,7:06:08,7:06:08,404950,65.0,5
MQ_A5-Weekday-041000_SBS34_853,SBS34,d0,13,7:07:00,7:07:00,903028,65.0,5
MQ_A5-Weekday-136300_SBS34_876,SBS34,d0,1,22:43:00,22:43:00,803131,12.0,1
MQ_A5-Weekday-136300_SBS34_876,SBS34,d0,2,22:44:09,22:44:09,403191,12.0,1
MQ_A5-Weekday-136300_SBS34_876,SBS34,d0,3,22:45:50,22:45:50,403192,12.0,1
MQ_A5-Weekday-136300_SBS34_876,SBS34,d0,4,22:47:25,22:47:25,401818,12.0,1
MQ_A5-Weekday-136300_SBS34_876,SBS34,d0,5,22:48:49,22:48:49,401819,12.0,1
MQ_A5-Weekday-136300_SBS34_876,SBS34,d0,6,22:50:00,22:50:00,404820,12.0,1
MQ_A5-Weekday-136300_SBS34_876,SBS34,d0,7,22:51:38,22:51:38,401821,12.0,1
MQ_A5-Weekday-136300_SBS34_876,SBS34,d0,8,22:53:15,22:53:15,401822,14.0,1
MQ_A5-Weekday-136300_SBS34_876,SBS34,d0,9,22:54:46,22:54:46,401824,13.0,1
MQ_A5-Weekday-136300_SBS34_876,SBS34,d0,10,22:56:15,22:56:15,401826,13.0,1
MQ_A5-Weekday-136300_SBS34_876,SBS34,d0,11,22:57:00,22:57:00,401827,6.0,1
MQ_A5-Weekday-136300_SBS34_876,SBS34,d0,12,22:59:12,22:59:12,405336,1.0,1
MQ_A5-Weekday-136300_SBS34_876,SBS34,d0,13,23:01:13,23:01:13,401832,1.0,1
MQ_A5-Weekday-136300_SBS34_876,SBS34,d0,14,23:02:15,23:02:15,401833,1.0,1
MQ_A5-Weekday-136300_SBS34_876,SBS34,d0,15,23:03:31,23:03:31,402052,1.0,1
MQ_A5-Weekday-136300_SBS34_876,SBS34,d0,16,23:05:00,23:05:00,903027,1.0,1
MQ_A5-Weekday-SDon-136900_SBS34_874,SBS34,d0,1,22:49:00,22:49:00,401497,5.0,1
MQ_A5-Weekday-SDon-136900_SBS34_874,SBS34,d0,2,22:50:06,22:50:06,405026,5.0,1
MQ_A5-Weekday-SDon-136900_SBS34_874,SBS34,d0,3,22:52:38,22:52:38,401818,6.0,1
MQ_A5-Weekday-SDon-136900_SBS34_874,SBS34,d0,4,22:53:55,22:53:55,401819,5.0,2
MQ_A5-Weekday-SDon-136900_SBS34_874,SBS34,d0,5,22:55:00,22:55:00,404820,18.0,2
MQ_A5-Weekday-SDon-136900_SBS34_874,SBS34,d0,6,22:56:38,22:56:38,401821,28.0,2
MQ_A5-Weekday-SDon-136900_SBS34_874,SBS34,d0,7,22:58:15,22:58:15,401822,29.0,2
MQ_A5-Weekday-SDon-136900_SBS34_874,SBS34,d0,8,22:59:46,22:59:46,401824,26.0,2
MQ_A5-Weekday-SDon-136900_SBS34_874,SBS34,d0,9,23:01:15,23:01:15,401826,10.0,2
MQ_A5-Weekday-SDon-136900_SBS34_874,SBS34,d0,10,23:02:00,23:02:00,401827,19.0,2
MQ_A5-Weekday-SDon-136900_SBS34_874,SBS34,d0,11,23:04:12,23:04:12,405336,6.0,1
MQ_A5-Weekday-SDon-136900_SBS34_874,SBS34,d0,12,23:06:13,23:06:13,401832,6.0,1
MQ_A5-Weekday-SDon-136900_SBS34_874,SBS34,d0,13,23:07:15,23:07:15,401833,5.0,1
MQ_A5-Weekday-SDon-136900_SBS34_874,SBS34,d0,14,23:08:31,23:08:31,402052,5.0,1
MQ_A5-Weekday-SDon-136900_SBS34_874,SBS34,d0,15,23:10:00,23:10:00,903027,5.0,1
MQ_A5-Weekday-SDon-069300_SBS34_858,SBS34,d0,1,11:33:00,11:33:00,803131,4.0,1
MQ_A5-Weekday-SDon-069300_SBS34_858,SBS34,d0,2,11:34:19,11:34:19,403191,5.0,1
MQ_A5-Weekday-SDon-069300_SBS34_858,SBS34,d0,3,11:36:14,11:36:14,403192,10.0,1
MQ_A5-Weekday-SDon-069300_SBS34_858,SBS34,d0,4,11:38:03,11:38:03,401818,13.0,2
MQ_A5-Weekday-SDon-069300_SBS34_858,SBS34,d0,5,11:39:39,11:39:39,401819,26.0,2
MQ_A5-Weekday-SDon-069300_SBS34_858,SBS34,d0,6,11:41:00,11:41:00,404820,26.0,3
MQ_A5-Weekday-SDon-069300_SBS34_858,SBS34,d0,7,11:43:20,11:43:20,401821,34.0,3
MQ_A5-Weekday-SDon-069300_SBS34_858,SBS34,d0,8,11:45:38,11:45:38,401822,31.0,2
MQ_A5-Weekday-SDon-069300_SBS34_858,SBS34,d0,9,11:47:48,11:47:48,401824,27.0,2
MQ_A5-Weekday-SDon-069300_SBS34_858,SBS34,d0,10,11:49:56,11:49:56,401826,18.0,2
MQ_A5-Weekday-SDon-069300_SBS34_858,SBS34,d0,11,11:51:00,11:51:00,401827,22.0,2
MQ_A5-Weekday-SDon-069300_SBS34_858,SBS34,d0,12,11:52:08,11:52:08,404950,5.0,1
MQ_A5-Weekday-SDon-069300_SBS34_858,SBS34,d0,13,11:53:00,11:53:00,903028,5.0,1
MQ_A5-Weekday-SDon-120000_SBS34_869,SBS34,d0,1,20:00:00,20:00:00,401497,4.0,1
MQ_A5-Weekday-SDon-120000_SBS34_869,SBS34,d0,2,20:00:55,20:00:55,405026,10.0,2
MQ_A5-Weekday-SDon-120000_SBS34_869,SBS34,d0,3,20:03:02,20:03:02,401818,22.0,2
MQ_A5-Weekday-SDon-120000_SBS34_869,SBS34,d0,4,20:04:06,20:04:06,401819,22.0,2
MQ_A5-Weekday-SDon-120000_SBS34_869,SBS34,d0,5,20:05:00,20:05:00,404820,22.0,2
MQ_A5-Weekday-SDon-120000_SBS34_869,SBS34,d0,6,20:06:52,20:06:52,401821,30.0,2
MQ_A5-Weekday-SDon-120000_SBS34_869,SBS34,d0,7,20:08:43,20:08:43,401822,30.0,3
MQ_A5-Weekday-SDon-120000_SBS34_869,SBS34,d0,8,20:10:27,20:10:27,401824,35.0,3
MQ_A5-Weekday-SDon-120000_SBS34_869,SBS34,d0,9,20:12:09,20:12:09,401826,9.0,1
MQ_A5-Weekday-SDon-120000_SBS34_869,SBS34,d0,10,20:13:00,20:13:00,401827,16.0,1
MQ_A5-Weekday-SDon-120000_SBS34_869,SBS34,d0,11,20:15:29,20:15:29,405336,10.0,1
MQ_A5-Weekday-SDon-120000_SBS34_869,SBS34,d0,12,20:17:45,20:17:45,401832,10.0,1
MQ_A5-Weekday-SDon-120000_SBS34_869,SBS34,d0,13,20:18:54,20:18:54,401833,6.0,1
MQ_A5-Weekday-SDon-120000_SBS34_869,SBS34,d0,14,20:20:19,20:20:19,402052,1.0,1
MQ_A5-Weekday-SDon-120000_SBS34_869,SBS34,d0,15,20:22:00,20:22:00,903027,1.0,1
MQ_A5-Weekday-SDon-099800_SBS34_859,SBS34,d0,1,16:38:00,16:38:00,803131,7.0,1
MQ_A5-Weekday-SDon-099800_SBS34_859,SBS34,d0,2,16:39:19,16:39:19,403191,7.0,1
MQ_A5-Weekday-SDon-099800_SBS34_859,SBS34,d0,3,16:41:14,16:41:14,403192,7.0,1
MQ_A5-Weekday-SDon-099800_SBS34_859,SBS34,d0,4,16:43:03,16:43:03,401818,7.0,1
MQ_A5-Weekday-SDon-099800_SBS34_859,SBS34,d0,5,16:44:39,16:44:39,401819,7.0,1
MQ_A5-Weekday-SDon-099800_SBS34_859,SBS34,d0,6,16:46:00,16:46:00,404820,7.0,1
MQ_A5-Weekday-SDon-099800_SBS34_859,SBS34,d0,7,16:48:06,16:48:06,401821,7.0,1
MQ_A5-Weekday-SDon-099800_SBS34_859,SBS34,d0,8,16:50:10,16:50:10,401822,7.0,1
MQ_A5-Weekday-SDon-099800_SBS34_859,SBS34,d0,9,16:52:08,16:52:08,401824,7.0,1
MQ_A5-Weekday-SDon-099800_SBS34_859,SBS34,d0,10,16:54:02,16:54:02,401826,7.0,1
MQ_A5-Weekday-SDon-099800_SBS34_859,SBS34,d0,11,16:55:00,16:55:00,401827,7.0,1
MQ_A5-Weekday-SDon-099800_SBS34_859,SBS34,d0,12,16:57:46,16:57:46,405336,7.0,1
MQ_A5-Weekday-SDon-099800_SBS34_859,SBS34,d0,13,17:00:17,17:00:17,401832,2.0,1
MQ_A5-Weekday-SDon-099800_SBS34_859,SBS34,d0,14,17:01:33,17:01:33,401833,2.0,1
MQ_A5-Weekday-SDon-099800_SBS34_859,SBS34,d0,15,17:03:08,17:03:08,402052,2.0,1
MQ_A5-Weekday-SDon-099800_SBS34_859,SBS34,d0,16,17:05:00,17:05:00,903027,2.0,1
MQ_A5-Weekday-051200_SBS34_861,SBS34,d0,1,8:32:00,8:32:00,803131,11.0,1
MQ_A5-Weekday-051200_SBS34_861,SBS34,d0,2,8:33:19,8:33:19,403191,14.0,1
MQ_A5-Weekday-051200_SBS34_861,SBS34,d0,3,8:35:14,8:35:14,403192,14.0,2
MQ_A5-Weekday-051200_SBS34_861,SBS34,d0,4,8:37:03,8:37:03,401818,22.0,2
MQ_A5-Weekday-051200_SBS34_861,SBS34,d0,5,8:38:39,8:38:39,401819,22.0,2
MQ_A5-Weekday-051200_SBS34_861,SBS34,d0,6,8:40:00,8:40:00,404820,22.0,2
MQ_A5-Weekday-051200_SBS34_861,SBS34,d0,7,8:42:20,8:42:20,401821,21.0,2
MQ_A5-Weekday-051200_SBS34_861,SBS34,d0,8,8:44:38,8:44:38,401822,26.0,2
MQ_A5-Weekday-051200_SBS34_861,SBS34,d0,9,8:46:48,8:46:48,401824,20.0,2
MQ_A5-Weekday-051200_SBS34_861,SBS34,d0,10,8:48:56,8:48:56,401826,11.0,1
MQ_A5-Weekday-051200_SBS34_861,SBS34,d0,11,8:50:00,8:50:00,401827,11.0,1
MQ_A5-Weekday-051200_SBS34_861,SBS34,d0,12,8:51:08,8:51:08,404950,3.0,1
MQ_A5-Weekday-051200_SBS34_861,SBS34,d0,13,8:52:00,8:52:00,903028,3.0,1
MQ_A5-Weekday-SDon-138800_SBS34_875,SBS34,d0,1,23:08:00,23:08:00,803131,5.0,1
MQ_A5-Weekday-SDon-138800_SBS34_875,SBS34,d0,2,23:09:09,23:09:09,403191,5.0,1
MQ_A5-Weekday-SDon-138800_SBS34_875,SBS34,d0,3,23:10:50,23:10:50,403192,5.0,1
MQ_A5-Weekday-SDon-138800_SBS34_875,SBS34,d0,4,23:12:25,23:12:25,401818,5.0,1
MQ_A5-Weekday-SDon-138800_SBS34_875,SBS34,d0,5,23:13:49,23:13:49,401819,6.0,1
MQ_A5-Weekday-SDon-138800_SBS34_875,SBS34,d0,6,23:15:00,23:15:00,404820,14.0,2
MQ_A5-Weekday-SDon-138800_SBS34_875,SBS34,d0,7,23:16:38,23:16:38,401821,18.0,2
MQ_A5-Weekday-SDon-138800_SBS34_875,SBS34,d0,8,23:18:15,23:18:15,401822,20.0,2
MQ_A5-Weekday-SDon-138800_SBS34_875,SBS34,d0,9,23:19:46,23:19:46,401824,19.0,2
MQ_A5-Weekday-SDon-138800_SBS34_875,SBS34,d0,10,23:21:15,23:21:15,401826,3.0,1
MQ_A5-Weekday-SDon-138800_SBS34_875,SBS34,d0,11,23:22:00,23:22:00,401827,11.0,1
MQ_A5-Weekday-SDon-138800_SBS34_875,SBS34,d0,12,23:24:12,23:24:12,405336,9.0,1
MQ_A5-Weekday-SDon-138800_SBS34_875,SBS34,d0,13,23:26:13,23:26:13,401832,3.0,1
MQ_A5-Weekday-SDon-138800_SBS34_875,SBS34,d0,14,23:27:15,23:27:15,401833,9.0,1
MQ_A5-Weekday-SDon-138800_SBS34_875,SBS34,d0,15,23:28:31,23:28:31,402052,3.0,1
MQ_A5-Weekday-SDon-138800_SBS34_875,SBS34,d0,16,23:30:00,23:30:00,903027,3.0,1
MQ_A5-Weekday-SDon-128800_SBS34_873,SBS34,d0,1,21:28:00,21:28:00,803131,9.0,1
MQ_A5-Weekday-SDon-128800_SBS34_873,SBS34,d0,2,21:29:09,21:29:09,403191,2.0,1
MQ_A5-Weekday-SDon-128800_SBS34_873,SBS34,d0,3,21:30:50,21:30:50,403192,5.0,1
MQ_A5-Weekday-SDon-128800_SBS34_873,SBS34,d0,4,21:32:25,21:32:25,401818,4.0,2
MQ_A5-Weekday-SDon-128800_SBS34_873,SBS34,d0,5,21:33:49,21:33:49,401819,21.0,2
MQ_A5-Weekday-SDon-128800_SBS34_873,SBS34,d0,6,21:35:00,21:35:00,404820,21.0,2
MQ_A5-Weekday-SDon-128800_SBS34_873,SBS34,d0,7,21:36:38,21:36:38,401821,26.0,2
MQ_A5-Weekday-SDon-128800_SBS34_873,SBS34,d0,8,21:38:15,21:38:15,401822,27.0,2
MQ_A5-Weekday-SDon-128800_SBS34_873,SBS34,d0,9,21:39:46,21:39:46,401824,25.0,2
MQ_A5-Weekday-SDon-128800_SBS34_873,SBS34,d0,10,21:41:15,21:41:15,401826,17.0,2
MQ_A5-Weekday-SDon-128800_SBS34_873,SBS34,d0,11,21:42:00,21:42:00,401827,7.0,1
MQ_A5-Weekday-SDon-128800_SBS34_873,SBS34,d0,12,21:42:34,21:42:34,404950,8.0,1
MQ_A5-Weekday-SDon-128800_SBS34_873,SBS34,d0,13,21:43:00,21:43:00,903028,8.0,1
MQ_A5-Weekday-SDon-140400_SBS34_873,SBS34,d0,1,23:24:00,23:24:00,401497,6.0,1
MQ_A5-Weekday-SDon-140400_SBS34_873,SBS34,d0,2,23:25:06,23:25:06,405026,6.0,1
MQ_A5-Weekday-SDon-140400_SBS34_873,SBS34,d0,3,23:27:38,23:27:38,401818,4.0,1
MQ_A5-Weekday-SDon-140400_SBS34_873,SBS34,d0,4,23:28:55,23:28:55,401819,7.0,1
MQ_A5-Weekday-SDon-140400_SBS34_873,SBS34,d0,5,23:30:00,23:30:00,404820,8.0,1
MQ_A5-Weekday-SDon-140400_SBS34_873,SBS34,d0,6,23:31:38,23:31:38,401821,11.0,1
MQ_A5-Weekday-SDon-140400_SBS34_873,SBS34,d0,7,23:33:15,23:33:15,401822,8.0,1
MQ_A5-Weekday-SDon-140400_SBS34_873,SBS34,d0,8,23:34:46,23:34:46,401824,10.0,1
MQ_A5-Weekday-SDon-140400_SBS34_873,SBS34,d0,9,23:36:15,23:36:15,401826,8.0,1
MQ_A5-Weekday-SDon-140400_SBS34_873,SBS34,d0,10,23:37:00,23:37:00,401827,6.0,1
MQ_A5-Weekday-SDon-140400_SBS34_873,SBS34,d0,11,23:38:56,23:38:56,405336,4.0,1
MQ_A5-Weekday-SDon-140400_SBS34_873,SBS34,d0,12,23:40:42,23:40:42,401832,1.0,1
MQ_A5-Weekday-SDon-140400_SBS34_873,SBS34,d0,13,23:41:35,23:41:35,401833,4.0,1
MQ_A5-Weekday-SDon-140400_SBS34_873,SBS34,d0,14,23:42:42,23:42:42,402052,4.0,1
MQ_A5-Weekday-SDon-140400_SBS34_873,SBS34,d0,15,23:44:00,23:44:00,903027,4.0,1
MQ_A5-Weekday-SDon-148100_SBS34_876,SBS34,d0,1,24:41:00,24:41:00,803131,3.0,1
MQ_A5-Weekday-SDon-148100_SBS34_876,SBS34,d0,2,24:41:59,24:41:59,403191,5.0,1
MQ_A5-Weekday-SDon-148100_SBS34_876,SBS34,d0,3,24:43:25,24:43:25,403192,3.0,1
MQ_A5-Weekday-SDon-148100_SBS34_876,SBS34,d0,4,24:44:47,24:44:47,401818,5.0,1
MQ_A5-Weekday-SDon-148100_SBS34_876,SBS34,d0,5,24:45:59,24:45:59,401819,8.0,1
MQ_A5-Weekday-SDon-148100_SBS34_876,SBS34,d0,6,24:47:00,24:47:00,404820,11.0,1
MQ_A5-Weekday-SDon-148100_SBS34_876,SBS34,d0,7,24:48:38,24:48:38,401821,11.0,1
MQ_A5-Weekday-SDon-148100_SBS34_876,SBS34,d0,8,24:50:15,24:50:15,401822,11.0,1
MQ_A5-Weekday-SDon-148100_SBS34_876,SBS34,d0,9,24:51:46,24:51:46,401824,2.0,1
MQ_A5-Weekday-SDon-148100_SBS34_876,SBS34,d0,10,24:53:15,24:53:15,401826,10.0,1
MQ_A5-Weekday-SDon-148100_SBS34_876,SBS34,d0,11,24:54:00,24:54:00,401827,6.0,1
MQ_A5-Weekday-SDon-148100_SBS34_876,SBS34,d0,12,24:55:56,24:55:56,405336,6.0,1
MQ_A5-Weekday-SDon-148100_SBS34_876,SBS34,d0,13,24:57:42,24:57:42,401832,1.0,1
MQ_A5-Weekday-SDon-148100_SBS34_876,SBS34,d0,14,24:58:35,24:58:35,401833,3.0,1
MQ_A5-Weekday-SDon-148100_SBS34_876,SBS34,d0,15,24:59:42,24:59:42,402052,3.0,1
MQ_A5-Weekday-SDon-148100_SBS34_876,SBS34,d0,16,25:01:00,25:01:00,903027,3.0,1
MQ_A5-Weekday-SDon-055700_SBS34_858,SBS34,d0,1,9:17:00,9:17:00,803131,38.0,3
MQ_A5-Weekday-SDon-055700_SBS34_858,SBS34,d0,2,9:18:19,9:18:19,403191,39.0,3
MQ_A5-Weekday-SDon-055700_SBS34_858,SBS34,d0,3,9:20:14,9:20:14,403192,39.0,3
MQ_A5-Weekday-SDon-055700_SBS34_858,SBS34,d0,4,9:22:03,9:22:03,401818,45.0,3
MQ_A5-Weekday-SDon-055700_SBS34_858,SBS34,d0,5,9:23:39,9:23:39,401819,47.0,5
MQ_A5-Weekday-SDon-055700_SBS34_858,SBS34,d0,6,9:25:00,9:25:00,404820,76.0,6
MQ_A5-Weekday-SDon-055700_SBS34_858,SBS34,d0,7,9:27:20,9:27:20,401821,95.0,6
MQ_A5-Weekday-SDon-055700_SBS34_858,SBS34,d0,8,9:29:38,9:29:38,401822,83.0,6
MQ_A5-Weekday-SDon-055700_SBS34_858,SBS34,d0,9,9:31:48,9:31:48,401824,77.0,5
MQ_A5-Weekday-SDon-055700_SBS34_858,SBS34,d0,10,9:33:56,9:33:56,401826,69.0,5
MQ_A5-Weekday-SDon-055700_SBS34_858,SBS34,d0,11,9:35:00,9:35:00,401827,48.0,3
MQ_A5-Weekday-SDon-055700_SBS34_858,SBS34,d0,12,9:36:08,9:36:08,404950,39.0,3
MQ_A5-Weekday-SDon-055700_SBS34_858,SBS34,d0,13,9:37:00,9:37:00,903028,39.0,3
MQ_A5-Weekday-080900_SBS34_860,SBS34,d0,1,13:29:00,13:29:00,401497,14.0,1
MQ_A5-Weekday-080900_SBS34_860,SBS34,d0,2,13:30:06,13:30:06,405026,14.0,2
MQ_A5-Weekday-080900_SBS34_860,SBS34,d0,3,13:32:38,13:32:38,401818,17.0,2
MQ_A5-Weekday-080900_SBS34_860,SBS34,d0,4,13:33:55,13:33:55,401819,26.0,2
MQ_A5-Weekday-080900_SBS34_860,SBS34,d0,5,13:35:00,13:35:00,404820,28.0,2
MQ_A5-Weekday-080900_SBS34_860,SBS34,d0,6,13:37:34,13:37:34,401821,32.0,2
MQ_A5-Weekday-080900_SBS34_860,SBS34,d0,7,13:40:06,13:40:06,401822,32.0,2
MQ_A5-Weekday-080900_SBS34_860,SBS34,d0,8,13:42:29,13:42:29,401824,12.0,2
MQ_A5-Weekday-080900_SBS34_860,SBS34,d0,9,13:44:49,13:44:49,401826,27.0,2
MQ_A5-Weekday-080900_SBS34_860,SBS34,d0,10,13:46:00,13:46:00,401827,15.0,1
MQ_A5-Weekday-080900_SBS34_860,SBS34,d0,11,13:49:02,13:49:02,405336,5.0,1
MQ_A5-Weekday-080900_SBS34_860,SBS34,d0,12,13:51:48,13:51:48,401832,4.0,1
MQ_A5-Weekday-080900_SBS34_860,SBS34,d0,13,13:53:13,13:53:13,401833,5.0,1
MQ_A5-Weekday-080900_SBS34_860,SBS34,d0,14,13:54:57,13:54:57,402052,1.0,1
MQ_A5-Weekday-080900_SBS34_860,SBS34,d0,15,13:57:00,13:57:00,903027,1.0,1
MQ_A5-Weekday-SDon-104400_SBS34_866,SBS34,d0,1,17:24:00,17:24:00,401497,3.0,1
MQ_A5-Weekday-SDon-104400_SBS34_866,SBS34,d0,2,17:28:15,17:28:15,401818,15.0,3
MQ_A5-Weekday-SDon-104400_SBS34_866,SBS34,d0,3,17:29:44,17:29:44,401819,42.0,3
MQ_A5-Weekday-SDon-104400_SBS34_866,SBS34,d0,4,17:31:00,17:31:00,404820,42.0,3
MQ_A5-Weekday-SDon-104400_SBS34_866,SBS34,d0,5,17:33:06,17:33:06,401821,42.0,3
MQ_A5-Weekday-SDon-104400_SBS34_866,SBS34,d0,6,17:35:10,17:35:10,401822,44.0,3
MQ_A5-Weekday-SDon-104400_SBS34_866,SBS34,d0,7,17:37:08,17:37:08,401824,42.0,4
MQ_A5-Weekday-SDon-104400_SBS34_866,SBS34,d0,8,17:39:02,17:39:02,401826,55.0,4
MQ_A5-Weekday-SDon-104400_SBS34_866,SBS34,d0,9,17:40:00,17:40:00,401827,44.0,3
MQ_A5-Weekday-SDon-104400_SBS34_866,SBS34,d0,10,17:42:46,17:42:46,405336,32.0,2
MQ_A5-Weekday-SDon-104400_SBS34_866,SBS34,d0,11,17:45:17,17:45:17,401832,32.0,2
MQ_A5-Weekday-SDon-104400_SBS34_866,SBS34,d0,12,17:46:33,17:46:33,401833,32.0,2
MQ_A5-Weekday-SDon-104400_SBS34_866,SBS34,d0,13,17:48:08,17:48:08,402052,19.0,2
MQ_A5-Weekday-SDon-104400_SBS34_866,SBS34,d0,14,17:50:00,17:50:00,903027,19.0,2
MQ_A5-Weekday-120800_SBS34_876,SBS34,d0,1,20:08:00,20:08:00,803131,9.0,1
MQ_A5-Weekday-120800_SBS34_876,SBS34,d0,2,20:09:09,20:09:09,403191,9.0,2
MQ_A5-Weekday-120800_SBS34_876,SBS34,d0,3,20:10:50,20:10:50,403192,20.0,2
MQ_A5-Weekday-120800_SBS34_876,SBS34,d0,4,20:12:25,20:12:25,401818,20.0,2
MQ_A5-Weekday-120800_SBS34_876,SBS34,d0,5,20:13:49,20:13:49,401819,31.0,3
MQ_A5-Weekday-120800_SBS34_876,SBS34,d0,6,20:15:00,20:15:00,404820,36.0,3
MQ_A5-Weekday-120800_SBS34_876,SBS34,d0,7,20:16:52,20:16:52,401821,38.0,3
MQ_A5-Weekday-120800_SBS34_876,SBS34,d0,8,20:18:43,20:18:43,401822,42.0,3
MQ_A5-Weekday-120800_SBS34_876,SBS34,d0,9,20:20:27,20:20:27,401824,42.0,3
MQ_A5-Weekday-120800_SBS34_876,SBS34,d0,10,20:22:09,20:22:09,401826,25.0,2
MQ_A5-Weekday-120800_SBS34_876,SBS34,d0,11,20:23:00,20:23:00,401827,25.0,2
MQ_A5-Weekday-120800_SBS34_876,SBS34,d0,12,20:23:34,20:23:34,404950,5.0,1
MQ_A5-Weekday-120800_SBS34_876,SBS34,d0,13,20:24:00,20:24:00,903028,5.0,1
MQ_A5-Weekday-SDon-129900_SBS34_874,SBS34,d0,1,21:39:00,21:39:00,401497,7.0,1
MQ_A5-Weekday-SDon-129900_SBS34_874,SBS34,d0,2,21:40:06,21:40:06,405026,7.0,1
MQ_A5-Weekday-SDon-129900_SBS34_874,SBS34,d0,3,21:42:38,21:42:38,401818,9.0,1
MQ_A5-Weekday-SDon-129900_SBS34_874,SBS34,d0,4,21:43:55,21:43:55,401819,9.0,2
MQ_A5-Weekday-SDon-129900_SBS34_874,SBS34,d0,5,21:45:00,21:45:00,404820,32.0,3
MQ_A5-Weekday-SDon-129900_SBS34_874,SBS34,d0,6,21:46:38,21:46:38,401821,39.0,3
MQ_A5-Weekday-SDon-129900_SBS34_874,SBS34,d0,7,21:48:15,21:48:15,401822,44.0,3
MQ_A5-Weekday-SDon-129900_SBS34_874,SBS34,d0,8,21:49:46,21:49:46,401824,41.0,3
MQ_A5-Weekday-SDon-129900_SBS34_874,SBS34,d0,9,21:51:15,21:51:15,401826,29.0,2
MQ_A5-Weekday-SDon-129900_SBS34_874,SBS34,d0,10,21:52:00,21:52:00,401827,29.0,2
MQ_A5-Weekday-SDon-129900_SBS34_874,SBS34,d0,11,21:54:12,21:54:12,405336,8.0,1
MQ_A5-Weekday-SDon-129900_SBS34_874,SBS34,d0,12,21:56:13,21:56:13,401832,11.0,1
MQ_A5-Weekday-SDon-129900_SBS34_874,SBS34,d0,13,21:57:15,21:57:15,401833,11.0,1
MQ_A5-Weekday-SDon-129900_SBS34_874,SBS34,d0,14,21:58:31,21:58:31,402052,3.0,1
MQ_A5-Weekday-SDon-129900_SBS34_874,SBS34,d0,15,22:00:00,22:00:00,903027,3.0,1
MQ_A5-Weekday-085000_SBS34_859,SBS34,d0,1,14:10:00,14:10:00,401497,12.0,1
MQ_A5-Weekday-085000_SBS34_859,SBS34,d0,2,14:11:06,14:11:06,405026,12.0,1
MQ_A5-Weekday-085000_SBS34_859,SBS34,d0,3,14:13:38,14:13:38,401818,10.0,2
MQ_A5-Weekday-085000_SBS34_859,SBS34,d0,4,14:14:55,14:14:55,401819,21.0,2
MQ_A5-Weekday-085000_SBS34_859,SBS34,d0,5,14:16:00,14:16:00,404820,21.0,4
MQ_A5-Weekday-085000_SBS34_859,SBS34,d0,6,14:18:34,14:18:34,401821,53.0,4
MQ_A5-Weekday-085000_SBS34_859,SBS34,d0,7,14:21:06,14:21:06,401822,53.0,4
MQ_A5-Weekday-085000_SBS34_859,SBS34,d0,8,14:23:29,14:23:29,401824,27.0,2
MQ_A5-Weekday-085000_SBS34_859,SBS34,d0,9,14:25:49,14:25:49,401826,28.0,4
MQ_A5-Weekday-085000_SBS34_859,SBS34,d0,10,14:27:00,14:27:00,401827,53.0,4
MQ_A5-Weekday-085000_SBS34_859,SBS34,d0,11,14:30:02,14:30:02,405336,10.0,1
MQ_A5-Weekday-085000_SBS34_859,SBS34,d0,12,14:32:48,14:32:48,401832,11.0,1
MQ_A5-Weekday-085000_SBS34_859,SBS34,d0,13,14:34:13,14:34:13,401833,11.0,1
MQ_A5-Weekday-085000_SBS34_859,SBS34,d0,14,14:35:57,14:35:57,402052,9.0,1
MQ_A5-Weekday-085000_SBS34_859,SBS34,d0,15,14:38:00,14:38:00,903027,9.0,1
MQ_A5-Weekday-SDon-088900_SBS34_871,SBS34,d0,1,14:49:00,14:49:00,803131,2.0,1
MQ_A5-Weekday-SDon-088900_SBS34_871,SBS34,d0,2,14:50:29,14:50:29,403191,2.0,1
MQ_A5-Weekday-SDon-088900_SBS34_871,SBS34,d0,3,14:52:38,14:52:38,403192,2.0,1
MQ_A5-Weekday-SDon-088900_SBS34_871,SBS34,d0,4,14:54:41,14:54:41,401818,2.0,1
MQ_A5-Weekday-SDon-088900_SBS34_871,SBS34,d0,5,14:56:29,14:56:29,401819,2.0,1
MQ_A5-Weekday-SDon-088900_SBS34_871,SBS34,d0,6,14:58:00,14:58:00,404820,2.0,1
MQ_A5-Weekday-SDon-088900_SBS34_871,SBS34,d0,7,15:00:20,15:00:20,401821,2.0,1
MQ_A5-Weekday-SDon-088900_SBS34_871,SBS34,d0,8,15:02:38,15:02:38,401822,2.0,1
MQ_A5-Weekday-SDon-088900_SBS34_871,SBS34,d0,9,15:04:48,15:04:48,401824,2.0,1
MQ_A5-Weekday-SDon-088900_SBS34_871,SBS34,d0,10,15:06:56,15:06:56,401826,2.0,1
MQ_A5-Weekday-SDon-088900_SBS34_871,SBS34,d0,11,15:08:00,15:08:00,401827,2.0,1
MQ_A5-Weekday-SDon-088900_SBS34_871,SBS34,d0,12,15:10:46,15:10:46,405336,2.0,1
MQ_A5-Weekday-SDon-088900_SBS34_871,SBS34,d0,13,15:13:17,15:13:17,401832,2.0,1
MQ_A5-Weekday-SDon-088900_SBS34_871,SBS34,d0,14,15:14:33,15:14:33,401833,2.0,1
MQ_A5-Weekday-SDon-088900_SBS34_871,SBS34,d0,15,15:16:08,15:16:08,402052,2.0,1
MQ_A5-Weekday-SDon-088900_SBS34_871,SBS34,d0,16,15:18:00,15:18:00,903027,2.0,1
MQ_A5-Weekday-035100_SBS34_853,SBS34,d0,1,5:51:00,5:51:00,803131,9.0,1
MQ_A5-Weekday-035100_SBS34_853,SBS34,d0,2,5:51:59,5:51:59,403191,9.0,1
MQ_A5-Weekday-035100_SBS34_853,SBS34,d0,3,5:53:25,5:53:25,403192,9.0,1
MQ_A5-Weekday-035100_SBS34_853,SBS34,d0,4,5:54:47,5:54:47,401818,9.0,1
MQ_A5-Weekday-035100_SBS34_853,SBS34,d0,5,5:55:59,5:55:59,401819,9.0,1
MQ_A5-Weekday-035100_SBS34_853,SBS34,d0,6,5:57:00,5:57:00,404820,9.0,1
MQ_A5-Weekday-035100_SBS34_853,SBS34,d0,7,5:58:38,5:58:38,401821,9.0,1
MQ_A5-Weekday-035100_SBS34_853,SBS34,d0,8,6:00:15,6:00:15,401822,9.0,1
MQ_A5-Weekday-035100_SBS34_853,SBS34,d0,9,6:01:46,6:01:46,401824,9.0,1
MQ_A5-Weekday-035100_SBS34_853,SBS34,d0,10,6:03:15,6:03:15,401826,9.0,1
MQ_A5-Weekday-035100_SBS34_853,SBS34,d0,11,6:04:00,6:04:00,401827,9.0,1
MQ_A5-Weekday-035100_SBS34_853,SBS34,d0,12,6:04:34,6:04:34,404950,9.0,1
MQ_A5-Weekday-035100_SBS34_853,SBS34,d0,13,6:05:00,6:05:00,903028,9.0,1
MQ_A5-Weekday-052000_SBS34_862,SBS34,d0,1,8:40:00,8:40:00,803131,30.0,2
MQ_A5-Weekday-052000_SBS34_862,SBS34,d0,2,8:41:19,8:41:19,403191,30.0,2
MQ_A5-Weekday-052000_SBS34_862,SBS34,d0,3,8:43:14,8:43:14,403192,30.0,2
MQ_A5-Weekday-052000_SBS34_862,SBS34,d0,4,8:45:03,8:45:03,401818,30.0,2
MQ_A5-Weekday-052000_SBS34_862,SBS34,d0,5,8:46:39,8:46:39,401819,30.0,2
MQ_A5-Weekday-052000_SBS34_862,SBS34,d0,6,8:48:00,8:48:00,404820,30.0,2
MQ_A5-Weekday-052000_SBS34_862,SBS34,d0,7,8:50:20,8:50:20,401821,30.0,2
MQ_A5-Weekday-052000_SBS34_862,SBS34,d0,8,8:52:38,8:52:38,401822,30.0,2
MQ_A5-Weekday-052000_SBS34_862,SBS34,d0,9,8:54:48,8:54:48,401824,30.0,2
MQ_A5-Weekday-052000_SBS34_862,SBS34,d0,10,8:56:56,8:56:56,401826,30.0,2
MQ_A5-Weekday-052000_SBS34_862,SBS34,d0,11,8:58:00,8:58:00,401827,30.0,2
MQ_A5-Weekday-052000_SBS34_862,SBS34,d0,12,8:59:08,8:59:08,404950,30.0,2
MQ_A5-Weekday-052000_SBS34_862,SBS34,d0,13,9:00:00,9:00:00,903028,30.0,2
MQ_A5-Weekday-055200_SBS34_864,SBS34,d0,1,9:12:00,9:12:00,401497,10.0,1
MQ_A5-Weekday-055200_SBS34_864,SBS34,d0,2,9:13:29,9:13:29,405026,10.0,1
MQ_A5-Weekday-055200_SBS34_864,SBS34,d0,3,9:16:51,9:16:51,401818,11.0,2
MQ_A5-Weekday-055200_SBS34_864,SBS34,d0,4,9:18:34,9:18:34,401819,20.0,2
MQ_A5-Weekday-055200_SBS34_864,SBS34,d0,5,9:20:00,9:20:00,404820,20.0,2
MQ_A5-Weekday-055200_SBS34_864,SBS34,d0,6,9:22:20,9:22:20,401821,23.0,2
MQ_A5-Weekday-055200_SBS34_864,SBS34,d0,7,9:24:38,9:24:38,401822,23.0,2
MQ_A5-Weekday-055200_SBS34_864,SBS34,d0,8,9:26:48,9:26:48,401824,18.0,2
MQ_A5-Weekday-055200_SBS34_864,SBS34,d0,9,9:28:56,9:28:56,401826,18.0,2
MQ_A5-Weekday-055200_SBS34_864,SBS34,d0,10,9:30:00,9:30:00,401827,18.0,2
MQ_A5-Weekday-055200_SBS34_864,SBS34,d0,11,9:32:46,9:32:46,405336,8.0,1
MQ_A5-Weekday-055200_SBS34_864,SBS34,d0,12,9:35:17,9:35:17,401832,8.0,1
MQ_A5-Weekday-055200_SBS34_864,SBS34,d0,13,9:36:33,9:36:33,401833,8.0,1
MQ_A5-Weekday-055200_SBS34_864,SBS34,d0,14,9:38:08,9:38:08,402052,8.0,1
MQ_A5-Weekday-055200_SBS34_864,SBS34,d0,15,9:40:00,9:40:00,903027,8.0,1
MQ_A5-Weekday-SDon-064800_SBS34_861,SBS34,d0,1,10:48:00,10:48:00,803131,8.0,1
MQ_A5-Weekday-SDon-064800_SBS34_861,SBS34,d0,2,10:49:19,10:49:19,403191,6.0,1
MQ_A5-Weekday-SDon-064800_SBS34_861,SBS34,d0,3,10:51:14,10:51:14,403192,8.0,1
MQ_A5-Weekday-SDon-064800_SBS34_861,SBS34,d0,4,10:53:03,10:53:03,401818,12.0,1
MQ_A5-Weekday-SDon-064800_SBS34_861,SBS34,d0,5,10:54:39,10:54:39,401819,8.0,2
MQ_A5-Weekday-SDon-064800_SBS34_861,SBS34,d0,6,10:56:00,10:56:00,404820,30.0,3
MQ_A5-Weekday-SDon-064800_SBS34_861,SBS34,d0,7,10:58:20,10:58:20,401821,36.0,3
MQ_A5-Weekday-SDon-064800_SBS34_861,SBS34,d0,8,11:00:38,11:00:38,401822,31.0,2
MQ_A5-Weekday-SDon-064800_SBS34_861,SBS34,d0,9,11:02:48,11:02:48,401824,26.0,2
MQ_A5-Weekday-SDon-064800_SBS34_861,SBS34,d0,10,11:04:56,11:04:56,401826,20.0,2
MQ_A5-Weekday-SDon-064800_SBS34_861,SBS34,d0,11,11:06:00,11:06:00,401827,13.0,1
MQ_A5-Weekday-SDon-064800_SBS34_861,SBS34,d0,12,11:07:08,11:07:08,404950,9.0,1
MQ_A5-Weekday-SDon-064800_SBS34_861,SBS34,d0,13,11:08:00,11:08:00,903028,9.0,1
MQ_A5-Weekday-SDon-039100_SBS34_856,SBS34,d0,1,6:31:00,6:31:00,803131,2.0,1
MQ_A5-Weekday-SDon-039100_SBS34_856,SBS34,d0,2,6:31:59,6:31:59,403191,2.0,1
MQ_A5-Weekday-SDon-039100_SBS34_856,SBS34,d0,3,6:33:25,6:33:25,403192,1.0,1
MQ_A5-Weekday-SDon-039100_SBS34_856,SBS34,d0,4,6:34:47,6:34:47,401818,9.0,2
MQ_A5-Weekday-SDon-039100_SBS34_856,SBS34,d0,5,6:35:59,6:35:59,401819,32.0,6
MQ_A5-Weekday-SDon-039100_SBS34_856,SBS34,d0,6,6:37:00,6:37:00,404820,91.0,6
MQ_A5-Weekday-SDon-039100_SBS34_856,SBS34,d0,7,6:39:06,6:39:06,401821,16.0,1
MQ_A5-Weekday-SDon-039100_SBS34_856,SBS34,d0,8,6:41:10,6:41:10,401822,15.0,5
MQ_A5-Weekday-SDon-039100_SBS34_856,SBS34,d0,9,6:43:08,6:43:08,401824,76.0,5
MQ_A5-Weekday-SDon-039100_SBS34_856,SBS34,d0,10,6:45:02,6:45:02,401826,13.0,4
MQ_A5-Weekday-SDon-039100_SBS34_856,SBS34,d0,11,6:46:00,6:46:00,401827,59.0,4
MQ_A5-Weekday-SDon-039100_SBS34_856,SBS34,d0,12,6:46:34,6:46:34,404950,4.0,1
MQ_A5-Weekday-SDon-039100_SBS34_856,SBS34,d0,13,6:47:00,6:47:00,903028,4.0,1
MQ_A5-Weekday-141800_SBS34_876,SBS34,d0,1,23:38:00,23:38:00,803131,2.0,1
MQ_A5-Weekday-141800_SBS34_876,SBS34,d0,2,23:39:09,23:39:09,403191,6.0,1
MQ_A5-Weekday-141800_SBS34_876,SBS34,d0,3,23:40:50,23:40:50,403192,6.0,1
MQ_A5-Weekday-141800_SBS34_876,SBS34,d0,4,23:42:25,23:42:25,401818,8.0,1
MQ_A5-Weekday-141800_SBS34_876,SBS34,d0,5,23:43:49,23:43:49,401819,13.0,1
MQ_A5-Weekday-141800_SBS34_876,SBS34,d0,6,23:45:00,23:45:00,404820,13.0,1
MQ_A5-Weekday-141800_SBS34_876,SBS34,d0,7,23:46:38,23:46:38,401821,15.0,1
MQ_A5-Weekday-141800_SBS34_876,SBS34,d0,8,23:48:15,23:48:15,401822,15.0,1
MQ_A5-Weekday-141800_SBS34_876,SBS34,d0,9,23:49:46,23:49:46,401824,15.0,1
MQ_A5-Weekday-141800_SBS34_876,SBS34,d0,10,23:51:15,23:51:15,401826,11.0,1
MQ_A5-Weekday-141800_SBS34_876,SBS34,d0,11,23:52:00,23:52:00,401827,7.0,1
MQ_A5-Weekday-141800_SBS34_876,SBS34,d0,12,23:54:12,23:54:12,405336,7.0,1
MQ_A5-Weekday-141800_SBS34_876,SBS34,d0,13,23:56:13,23:56:13,401832,7.0,1
MQ_A5-Weekday-141800_SBS34_876,SBS34,d0,14,23:57:15,23:57:15,401833,7.0,1
MQ_A5-Weekday-141800_SBS34_876,SBS34,d0,15,23:58:31,23:58:31,402052,7.0,1
MQ_A5-Weekday-141800_SBS34_876,SBS34,d0,16,24:00:00,24:00:00,903027,7.0,1
MQ_A5-Weekday-092500_SBS34_859,SBS34,d0,1,15:25:00,15:25:00,803131,16.0,1
MQ_A5-Weekday-092500_SBS34_859,SBS34,d0,2,15:26:29,15:26:29,403191,16.0,1
MQ_A5-Weekday-092500_SBS34_859,SBS34,d0,3,15:28:38,15:28:38,403192,10.0,3
MQ_A5-Weekday-092500_SBS34_859,SBS34,d0,4,15:30:41,15:30:41,401818,38.0,3
MQ_A5-Weekday-092500_SBS34_859,SBS34,d0,5,15:32:29,15:32:29,401819,47.0,3
MQ_A5-Weekday-092500_SBS34_859,SBS34,d0,6,15:34:00,15:34:00,404820,15.0,2
MQ_A5-Weekday-092500_SBS34_859,SBS34,d0,7,15:36:20,15:36:20,401821,21.0,2
MQ_A5-Weekday-092500_SBS34_859,SBS34,d0,8,15:38:38,15:38:38,401822,21.0,4
MQ_A5-Weekday-092500_SBS34_859,SBS34,d0,9,15:40:48,15:40:48,401824,56.0,4
MQ_A5-Weekday-092500_SBS34_859,SBS34,d0,10,15:42:56,15:42:56,401826,45.0,3
MQ_A5-Weekday-092500_SBS34_859,SBS34,d0,11,15:44:00,15:44:00,401827,13.0,1
MQ_A5-Weekday-092500_SBS34_859,SBS34,d0,12,15:45:08,15:45:08,404950,8.0,1
MQ_A5-Weekday-092500_SBS34_859,SBS34,d0,13,15:46:00,15:46:00,903028,8.0,1
MQ_A5-Weekday-SDon-082800_SBS34_865,SBS34,d0,1,13:48:00,13:48:00,803131,4.0,1
MQ_A5-Weekday-SDon-082800_SBS34_865,SBS34,d0,2,13:49:29,13:49:29,403191,4.0,1
MQ_A5-Weekday-SDon-082800_SBS34_865,SBS34,d0,3,13:51:38,13:51:38,403192,4.0,1
MQ_A5-Weekday-SDon-082800_SBS34_865,SBS34,d0,4,13:53:41,13:53:41,401818,4.0,1
MQ_A5-Weekday-SDon-082800_SBS34_865,SBS34,d0,5,13:55:29,13:55:29,401819,3.0,2
MQ_A5-Weekday-SDon-082800_SBS34_865,SBS34,d0,6,13:57:00,13:57:00,404820,18.0,2
MQ_A5-Weekday-SDon-082800_SBS34_865,SBS34,d0,7,13:59:34,13:59:34,401821,18.0,3
MQ_A5-Weekday-SDon-082800_SBS34_865,SBS34,d0,8,14:02:06,14:02:06,401822,41.0,3
MQ_A5-Weekday-SDon-082800_SBS34_865,SBS34,d0,9,14:04:29,14:04:29,401824,41.0,3
MQ_A5-Weekday-SDon-082800_SBS34_865,SBS34,d0,10,14:06:49,14:06:49,401826,27.0,2
MQ_A5-Weekday-SDon-082800_SBS34_865,SBS34,d0,11,14:08:00,14:08:00,401827,10.0,1
MQ_A5-Weekday-SDon-082800_SBS34_865,SBS34,d0,12,14:09:08,14:09:08,404950,10.0,1
MQ_A5-Weekday-SDon-082800_SBS34_865,SBS34,d0,13,14:10:00,14:10:00,903028,10.0,1
MQ_A5-Weekday-128000_SBS34_869,SBS34,d0,1,21:20:00,21:20:00,401497,8.0,1
MQ_A5-Weekday-128000_SBS34_869,SBS34,d0,2,21:20:55,21:20:55,405026,13.0,1
MQ_A5-Weekday-128000_SBS34_869,SBS34,d0,3,21:23:02,21:23:02,401818,13.0,2
MQ_A5-Weekday-128000_SBS34_869,SBS34,d0,4,21:24:06,21:24:06,401819,29.0,3
MQ_A5-Weekday-128000_SBS34_869,SBS34,d0,5,21:25:00,21:25:00,404820,38.0,4
MQ_A5-Weekday-128000_SBS34_869,SBS34,d0,6,21:26:52,21:26:52,401821,54.0,4
MQ_A5-Weekday-128000_SBS34_869,SBS34,d0,7,21:28:43,21:28:43,401822,56.0,4
MQ_A5-Weekday-128000_SBS34_869,SBS34,d0,8,21:30:27,21:30:27,401824,56.0,4
MQ_A5-Weekday-128000_SBS34_869,SBS34,d0,9,21:32:09,21:32:09,401826,34.0,3
MQ_A5-Weekday-128000_SBS34_869,SBS34,d0,10,21:33:00,21:33:00,401827,15.0,1
MQ_A5-Weekday-128000_SBS34_869,SBS34,d0,11,21:35:12,21:35:12,405336,7.0,1
MQ_A5-Weekday-128000_SBS34_869,SBS34,d0,12,21:37:13,21:37:13,401832,5.0,1
MQ_A5-Weekday-128000_SBS34_869,SBS34,d0,13,21:38:15,21:38:15,401833,6.0,1
MQ_A5-Weekday-128000_SBS34_869,SBS34,d0,14,21:39:31,21:39:31,402052,4.0,1
MQ_A5-Weekday-128000_SBS34_869,SBS34,d0,15,21:41:00,21:41:00,903027,4.0,1
MQ_A5-Weekday-SDon-047600_SBS34_857,SBS34,d0,1,7:56:00,7:56:00,401497,72.0,5
MQ_A5-Weekday-SDon-047600_SBS34_857,SBS34,d0,2,7:57:29,7:57:29,405026,72.0,5
MQ_A5-Weekday-SDon-047600_SBS34_857,SBS34,d0,3,8:00:51,8:00:51,401818,72.0,5
MQ_A5-Weekday-SDon-047600_SBS34_857,SBS34,d0,4,8:02:34,8:02:34,401819,72.0,5
MQ_A5-Weekday-SDon-047600_SBS34_857,SBS34,d0,5,8:04:00,8:04:00,404820,72.0,5
MQ_A5-Weekday-SDon-047600_SBS34_857,SBS34,d0,6,8:06:20,8:06:20,401821,72.0,5
MQ_A5-Weekday-SDon-047600_SBS34_857,SBS34,d0,7,8:08:38,8:08:38,401822,72.0,5
MQ_A5-Weekday-SDon-047600_SBS34_857,SBS34,d0,8,8:10:48,8:10:48,401824,62.0,4
MQ_A5-Weekday-SDon-047600_SBS34_857,SBS34,d0,9,8:12:56,8:12:56,401826,57.0,4
MQ_A5-Weekday-SDon-047600_SBS34_857,SBS34,d0,10,8:14:00,8:14:00,401827,57.0,4
MQ_A5-Weekday-SDon-047600_SBS34_857,SBS34,d0,11,8:16:46,8:16:46,405336,33.0,3
MQ_A5-Weekday-SDon-047600_SBS34_857,SBS34,d0,12,8:19:17,8:19:17,401832,33.0,3
MQ_A5-Weekday-SDon-047600_SBS34_857,SBS34,d0,13,8:20:33,8:20:33,401833,14.0,2
MQ_A5-Weekday-SDon-047600_SBS34_857,SBS34,d0,14,8:22:08,8:22:08,402052,30.0,2
MQ_A5-Weekday-SDon-047600_SBS34_857,SBS34,d0,15,8:24:00,8:24:00,903027,30.0,2
MQ_A5-Weekday-070700_SBS34_855,SBS34,d0,1,11:47:00,11:47:00,401497,6.0,1
MQ_A5-Weekday-070700_SBS34_855,SBS34,d0,2,11:48:29,11:48:29,405026,6.0,1
MQ_A5-Weekday-070700_SBS34_855,SBS34,d0,3,11:51:51,11:51:51,401818,6.0,1
MQ_A5-Weekday-070700_SBS34_855,SBS34,d0,4,11:53:34,11:53:34,401819,6.0,1
MQ_A5-Weekday-070700_SBS34_855,SBS34,d0,5,11:55:00,11:55:00,404820,16.0,2
MQ_A5-Weekday-070700_SBS34_855,SBS34,d0,6,11:57:20,11:57:20,401821,30.0,2
MQ_A5-Weekday-070700_SBS34_855,SBS34,d0,7,11:59:38,11:59:38,401822,30.0,2
MQ_A5-Weekday-070700_SBS34_855,SBS34,d0,8,12:01:48,12:01:48,401824,30.0,2
MQ_A5-Weekday-070700_SBS34_855,SBS34,d0,9,12:03:56,12:03:56,401826,27.0,2
MQ_A5-Weekday-070700_SBS34_855,SBS34,d0,10,12:05:00,12:05:00,401827,20.0,2
MQ_A5-Weekday-070700_SBS34_855,SBS34,d0,11,12:07:46,12:07:46,405336,16.0,1
MQ_A5-Weekday-070700_SBS34_855,SBS34,d0,12,12:10:17,12:10:17,401832,16.0,1
MQ_A5-Weekday-070700_SBS34_855,SBS34,d0,13,12:11:33,12:11:33,401833,16.0,1
MQ_A5-Weekday-070700_SBS34_855,SBS34,d0,14,12:13:08,12:13:08,402052,9.0,1
MQ_A5-Weekday-070700_SBS34_855,SBS34,d0,15,12:15:00,12:15:00,903027,9.0,1
MQ_A5-Weekday-086200_SBS34_863,SBS34,d0,1,14:22:00,14:22:00,401497,3.0,1
MQ_A5-Weekday-086200_SBS34_863,SBS34,d0,2,14:23:06,14:23:06,405026,3.0,2
MQ_A5-Weekday-086200_SBS34_863,SBS34,d0,3,14:25:38,14:25:38,401818,18.0,2
MQ_A5-Weekday-086200_SBS34_863,SBS34,d0,4,14:26:55,14:26:55,401819,18.0,2
MQ_A5-Weekday-086200_SBS34_863,SBS34,d0,5,14:28:00,14:28:00,404820,18.0,2
MQ_A5-Weekday-086200_SBS34_863,SBS34,d0,6,14:30:34,14:30:34,401821,18.0,2
MQ_A5-Weekday-086200_SBS34_863,SBS34,d0,7,14:33:06,14:33:06,401822,14.0,3
MQ_A5-Weekday-086200_SBS34_863,SBS34,d0,8,14:35:29,14:35:29,401824,45.0,3
MQ_A5-Weekday-086200_SBS34_863,SBS34,d0,9,14:37:49,14:37:49,401826,45.0,3
MQ_A5-Weekday-086200_SBS34_863,SBS34,d0,10,14:39:00,14:39:00,401827,45.0,3
MQ_A5-Weekday-086200_SBS34_863,SBS34,d0,11,14:41:46,14:41:46,405336,4.0,1
MQ_A5-Weekday-086200_SBS34_863,SBS34,d0,12,14:44:17,14:44:17,401832,16.0,1
MQ_A5-Weekday-086200_SBS34_863,SBS34,d0,13,14:45:33,14:45:33,401833,16.0,1
MQ_A5-Weekday-086200_SBS34_863,SBS34,d0,14,14:47:08,14:47:08,402052,3.0,1
MQ_A5-Weekday-086200_SBS34_863,SBS34,d0,15,14:49:00,14:49:00,903027,3.0,1
MQ_A5-Weekday-SDon-048400_SBS34_864,SBS34,d0,1,8:04:00,8:04:00,401497,8.0,1
MQ_A5-Weekday-SDon-048400_SBS34_864,SBS34,d0,2,8:05:29,8:05:29,405026,8.0,2
MQ_A5-Weekday-SDon-048400_SBS34_864,SBS34,d0,3,8:08:51,8:08:51,401818,25.0,2
MQ_A5-Weekday-SDon-048400_SBS34_864,SBS34,d0,4,8:10:34,8:10:34,401819,25.0,5
MQ_A5-Weekday-SDon-048400_SBS34_864,SBS34,d0,5,8:12:00,8:12:00,404820,67.0,5
MQ_A5-Weekday-SDon-048400_SBS34_864,SBS34,d0,6,8:14:20,8:14:20,401821,64.0,4
MQ_A5-Weekday-SDon-048400_SBS34_864,SBS34,d0,7,8:16:38,8:16:38,401822,41.0,4
MQ_A5-Weekday-SDon-048400_SBS34_864,SBS34,d0,8,8:18:48,8:18:48,401824,57.0,4
MQ_A5-Weekday-SDon-048400_SBS34_864,SBS34,d0,9,8:20:56,8:20:56,401826,57.0,4
MQ_A5-Weekday-SDon-048400_SBS34_864,SBS34,d0,10,8:22:00,8:22:00,401827,57.0,4
MQ_A5-Weekday-SDon-048400_SBS34_864,SBS34,d0,11,8:24:46,8:24:46,405336,57.0,4
MQ_A5-Weekday-SDon-048400_SBS34_864,SBS34,d0,12,8:27:17,8:27:17,401832,57.0,4
MQ_A5-Weekday-SDon-048400_SBS34_864,SBS34,d0,13,8:28:33,8:28:33,401833,10.0,1
MQ_A5-Weekday-SDon-048400_SBS34_864,SBS34,d0,14,8:30:08,8:30:08,402052,8.0,1
MQ_A5-Weekday-SDon-048400_SBS34_864,SBS34,d0,15,8:32:00,8:32:00,903027,8.0,1
MQ_A5-Weekday-103400_SBS34_874,SBS34,d0,1,17:14:00,17:14:00,401497,7.0,1
MQ_A5-Weekday-103400_SBS34_874,SBS34,d0,2,17:18:15,17:18:15,401818,15.0,2
MQ_A5-Weekday-103400_SBS34_874,SBS34,d0,3,17:19:44,17:19:44,401819,25.0,2
MQ_A5-Weekday-103400_SBS34_874,SBS34,d0,4,17:21:00,17:21:00,404820,25.0,2
MQ_A5-Weekday-103400_SBS34_874,SBS34,d0,5,17:23:06,17:23:06,401821,25.0,2
MQ_A5-Weekday-103400_SBS34_874,SBS34,d0,6,17:25:10,17:25:10,401822,25.0,2
MQ_A5-Weekday-103400_SBS34_874,SBS34,d0,7,17:27:08,17:27:08,401824,11.0,3
MQ_A5-Weekday-103400_SBS34_874,SBS34,d0,8,17:29:02,17:29:02,401826,35.0,3
MQ_A5-Weekday-103400_SBS34_874,SBS34,d0,9,17:30:00,17:30:00,401827,35.0,3
MQ_A5-Weekday-103400_SBS34_874,SBS34,d0,10,17:32:46,17:32:46,405336,35.0,3
MQ_A5-Weekday-103400_SBS34_874,SBS34,d0,11,17:35:17,17:35:17,401832,16.0,1
MQ_A5-Weekday-103400_SBS34_874,SBS34,d0,12,17:36:33,17:36:33,401833,16.0,1
MQ_A5-Weekday-103400_SBS34_874,SBS34,d0,13,17:38:08,17:38:08,402052,10.0,1
MQ_A5-Weekday-103400_SBS34_874,SBS34,d0,14,17:40:00,17:40:00,903027,10.0,1
MQ_A5-Weekday-SDon-056700_SBS34_856,SBS34,d0,1,9:27:00,9:27:00,803131,1.0,1
MQ_A5-Weekday-SDon-056700_SBS34_856,SBS34,d0,2,9:28:19,9:28:19,403191,4.0,1
MQ_A5-Weekday-SDon-056700_SBS34_856,SBS34,d0,3,9:30:14,9:30:14,403192,8.0,1
MQ_A5-Weekday-SDon-056700_SBS34_856,SBS34,d0,4,9:32:03,9:32:03,401818,16.0,1
MQ_A5-Weekday-SDon-056700_SBS34_856,SBS34,d0,5,9:33:39,9:33:39,401819,16.0,2
MQ_A5-Weekday-SDon-056700_SBS34_856,SBS34,d0,6,9:35:00,9:35:00,404820,28.0,4
MQ_A5-Weekday-SDon-056700_SBS34_856,SBS34,d0,7,9:37:20,9:37:20,401821,62.0,4
MQ_A5-Weekday-SDon-056700_SBS34_856,SBS34,d0,8,9:39:38,9:39:38,401822,62.0,4
MQ_A5-Weekday-SDon-056700_SBS34_856,SBS34,d0,9,9:41:48,9:41:48,401824,28.0,2
MQ_A5-Weekday-SDon-056700_SBS34_856,SBS34,d0,10,9:43:56,9:43:56,401826,32.0,2
MQ_A5-Weekday-SDon-056700_SBS34_856,SBS34,d0,11,9:45:00,9:45:00,401827,9.0,1
MQ_A5-Weekday-SDon-056700_SBS34_856,SBS34,d0,12,9:46:08,9:46:08,404950,8.0,1
MQ_A5-Weekday-SDon-056700_SBS34_856,SBS34,d0,13,9:47:00,9:47:00,903028,8.0,1
MQ_A5-Weekday-SDon-100400_SBS34_872,SBS34,d0,1,16:44:00,16:44:00,401497,7.0,2
MQ_A5-Weekday-SDon-100400_SBS34_872,SBS34,d0,2,16:48:15,16:48:15,401818,18.0,2
MQ_A5-Weekday-SDon-100400_SBS34_872,SBS34,d0,3,16:49:44,16:49:44,401819,18.0,2
MQ_A5-Weekday-SDon-100400_SBS34_872,SBS34,d0,4,16:51:00,16:51:00,404820,18.0,3
MQ_A5-Weekday-SDon-100400_SBS34_872,SBS34,d0,5,16:53:06,16:53:06,401821,36.0,3
MQ_A5-Weekday-SDon-100400_SBS34_872,SBS34,d0,6,16:55:10,16:55:10,401822,36.0,3
MQ_A5-Weekday-SDon-100400_SBS34_872,SBS34,d0,7,16:57:08,16:57:08,401824,36.0,3
MQ_A5-Weekday-SDon-100400_SBS34_872,SBS34,d0,8,16:59:02,16:59:02,401826,21.0,2
MQ_A5-Weekday-SDon-100400_SBS34_872,SBS34,d0,9,17:00:00,17:00:00,401827,14.0,1
MQ_A5-Weekday-SDon-100400_SBS34_872,SBS34,d0,10,17:02:46,17:02:46,405336,7.0,1
MQ_A5-Weekday-SDon-100400_SBS34_872,SBS34,d0,11,17:05:17,17:05:17,401832,9.0,1
MQ_A5-Weekday-SDon-100400_SBS34_872,SBS34,d0,12,17:06:33,17:06:33,401833,9.0,1
MQ_A5-Weekday-SDon-100400_SBS34_872,SBS34,d0,13,17:08:08,17:08:08,402052,6.0,1
MQ_A5-Weekday-SDon-100400_SBS34_872,SBS34,d0,14,17:10:00,17:10:00,903027,6.0,1
MQ_A5-Weekday-042200_SBS34_855,SBS34,d0,1,7:02:00,7:02:00,803131,3.0,1
MQ_A5-Weekday-042200_SBS34_855,SBS34,d0,2,7:03:19,7:03:19,403191,3.0,1
MQ_A5-Weekday-042200_SBS34_855,SBS34,d0,3,7:05:14,7:05:14,403192,6.0,2
MQ_A5-Weekday-042200_SBS34_855,SBS34,d0,4,7:07:03,7:07:03,401818,21.0,2
MQ_A5-Weekday-042200_SBS34_855,SBS34,d0,5,7:08:39,7:08:39,401819,21.0,3
MQ_A5-Weekday-042200_SBS34_855,SBS34,d0,6,7:10:00,7:10:00,404820,41.0,3
MQ_A5-Weekday-042200_SBS34_855,SBS34,d0,7,7:12:20,7:12:20,401821,41.0,3
MQ_A5-Weekday-042200_SBS34_855,SBS34,d0,8,7:14:38,7:14:38,401822,41.0,3
MQ_A5-Weekday-042200_SBS34_855,SBS34,d0,9,7:16:48,7:16:48,401824,35.0,3
MQ_A5-Weekday-042200_SBS34_855,SBS34,d0,10,7:18:56,7:18:56,401826,9.0,2
MQ_A5-Weekday-042200_SBS34_855,SBS34,d0,11,7:20:00,7:20:00,401827,21.0,2
MQ_A5-Weekday-042200_SBS34_855,SBS34,d0,12,7:21:08,7:21:08,404950,9.0,1
MQ_A5-Weekday-042200_SBS34_855,SBS34,d0,13,7:22:00,7:22:00,903028,9.0,1
MQ_A5-Weekday-041800_SBS34_851,SBS34,d0,1,6:58:00,6:58:00,401497,2.0,2
MQ_A5-Weekday-041800_SBS34_851,SBS34,d0,2,6:59:06,6:59:06,405026,21.0,2
MQ_A5-Weekday-041800_SBS34_851,SBS34,d0,3,7:01:38,7:01:38,401818,11.0,1
MQ_A5-Weekday-041800_SBS34_851,SBS34,d0,4,7:02:55,7:02:55,401819,11.0,3
MQ_A5-Weekday-041800_SBS34_851,SBS34,d0,5,7:04:00,7:04:00,404820,42.0,3
MQ_A5-Weekday-041800_SBS34_851,SBS34,d0,6,7:06:20,7:06:20,401821,42.0,3
MQ_A5-Weekday-041800_SBS34_851,SBS34,d0,7,7:08:38,7:08:38,401822,42.0,3
MQ_A5-Weekday-041800_SBS34_851,SBS34,d0,8,7:10:48,7:10:48,401824,38.0,3
MQ_A5-Weekday-041800_SBS34_851,SBS34,d0,9,7:12:56,7:12:56,401826,41.0,3
MQ_A5-Weekday-041800_SBS34_851,SBS34,d0,10,7:14:00,7:14:00,401827,35.0,3
MQ_A5-Weekday-041800_SBS34_851,SBS34,d0,11,7:16:46,7:16:46,405336,35.0,3
MQ_A5-Weekday-041800_SBS34_851,SBS34,d0,12,7:19:17,7:19:17,401832,15.0,1
MQ_A5-Weekday-041800_SBS34_851,SBS34,d0,13,7:20:33,7:20:33,401833,3.0,1
MQ_A5-Weekday-041800_SBS34_851,SBS34,d0,14,7:22:08,7:22:08,402052,3.0,1
MQ_A5-Weekday-041800_SBS34_851,SBS34,d0,15,7:24:00,7:24:00,903027,3.0,1
MQ_A5-Weekday-SDon-079300_SBS34_866,SBS34,d0,1,13:13:00,13:13:00,401497,6.0,2
MQ_A5-Weekday-SDon-079300_SBS34_866,SBS34,d0,2,13:14:06,13:14:06,405026,19.0,2
MQ_A5-Weekday-SDon-079300_SBS34_866,SBS34,d0,3,13:16:38,13:16:38,401818,19.0,3
MQ_A5-Weekday-SDon-079300_SBS34_866,SBS34,d0,4,13:17:55,13:17:55,401819,37.0,3
MQ_A5-Weekday-SDon-079300_SBS34_866,SBS34,d0,5,13:19:00,13:19:00,404820,46.0,3
MQ_A5-Weekday-SDon-079300_SBS34_866,SBS34,d0,6,13:21:34,13:21:34,401821,46.0,4
MQ_A5-Weekday-SDon-079300_SBS34_866,SBS34,d0,7,13:24:06,13:24:06,401822,54.0,4
MQ_A5-Weekday-SDon-079300_SBS34_866,SBS34,d0,8,13:26:29,13:26:29,401824,54.0,4
MQ_A5-Weekday-SDon-079300_SBS34_866,SBS34,d0,9,13:28:49,13:28:49,401826,35.0,3
MQ_A5-Weekday-SDon-079300_SBS34_866,SBS34,d0,10,13:30:00,13:30:00,401827,35.0,3
MQ_A5-Weekday-SDon-079300_SBS34_866,SBS34,d0,11,13:33:02,13:33:02,405336,35.0,3
MQ_A5-Weekday-SDon-079300_SBS34_866,SBS34,d0,12,13:35:48,13:35:48,401832,35.0,3
MQ_A5-Weekday-SDon-079300_SBS34_866,SBS34,d0,13,13:37:13,13:37:13,401833,35.0,3
MQ_A5-Weekday-SDon-079300_SBS34_866,SBS34,d0,14,13:38:57,13:38:57,402052,35.0,3
MQ_A5-Weekday-SDon-079300_SBS34_866,SBS34,d0,15,13:41:00,13:41:00,903027,35.0,3
MQ_A5-Weekday-SDon-050400_SBS34_856,SBS34,d0,1,8:24:00,8:24:00,803131,5.0,1
MQ_A5-Weekday-SDon-050400_SBS34_856,SBS34,d0,2,8:25:19,8:25:19,403191,5.0,1
MQ_A5-Weekday-SDon-050400_SBS34_856,SBS34,d0,3,8:27:14,8:27:14,403192,4.0,1
MQ_A5-Weekday-SDon-050400_SBS34_856,SBS34,d0,4,8:29:03,8:29:03,401818,15.0,5
MQ_A5-Weekday-SDon-050400_SBS34_856,SBS34,d0,5,8:30:39,8:30:39,401819,73.0,5
MQ_A5-Weekday-SDon-050400_SBS34_856,SBS34,d0,6,8:32:00,8:32:00,404820,73.0,5
MQ_A5-Weekday-SDon-050400_SBS34_856,SBS34,d0,7,8:34:20,8:34:20,401821,39.0,3
MQ_A5-Weekday-SDon-050400_SBS34_856,SBS34,d0,8,8:36:38,8:36:38,401822,9.0,3
MQ_A5-Weekday-SDon-050400_SBS34_856,SBS34,d0,9,8:38:48,8:38:48,401824,47.0,3
MQ_A5-Weekday-SDon-050400_SBS34_856,SBS34,d0,10,8:40:56,8:40:56,401826,47.0,3
MQ_A5-Weekday-SDon-050400_SBS34_856,SBS34,d0,11,8:42:00,8:42:00,401827,24.0,2
MQ_A5-Weekday-SDon-050400_SBS34_856,SBS34,d0,12,8:43:08,8:43:08,404950,3.0,1
MQ_A5-Weekday-SDon-050400_SBS34_856,SBS34,d0,13,8:44:00,8:44:00,903028,3.0,1
MQ_A5-Weekday-124000_SBS34_871,SBS34,d0,1,20:40:00,20:40:00,401497,2.0,1
MQ_A5-Weekday-124000_SBS34_871,SBS34,d0,2,20:40:55,20:40:55,405026,1.0,1
MQ_A5-Weekday-124000_SBS34_871,SBS34,d0,3,20:43:02,20:43:02,401818,9.0,2
MQ_A5-Weekday-124000_SBS34_871,SBS34,d0,4,20:44:06,20:44:06,401819,17.0,2
MQ_A5-Weekday-124000_SBS34_871,SBS34,d0,5,20:45:00,20:45:00,404820,21.0,3
MQ_A5-Weekday-124000_SBS34_871,SBS34,d0,6,20:46:52,20:46:52,401821,37.0,3
MQ_A5-Weekday-124000_SBS34_871,SBS34,d0,7,20:48:43,20:48:43,401822,41.0,3
MQ_A5-Weekday-124000_SBS34_871,SBS34,d0,8,20:50:27,20:50:27,401824,39.0,3
MQ_A5-Weekday-124000_SBS34_871,SBS34,d0,9,20:52:09,20:52:09,401826,35.0,3
MQ_A5-Weekday-124000_SBS34_871,SBS34,d0,10,20:53:00,20:53:00,401827,17.0,2
MQ_A5-Weekday-124000_SBS34_871,SBS34,d0,11,20:55:29,20:55:29,405336,17.0,2
MQ_A5-Weekday-124000_SBS34_871,SBS34,d0,12,20:57:45,20:57:45,401832,10.0,1
MQ_A5-Weekday-124000_SBS34_871,SBS34,d0,13,20:58:54,20:58:54,401833,14.0,1
MQ_A5-Weekday-124000_SBS34_871,SBS34,d0,14,21:00:19,21:00:19,402052,12.0,1
MQ_A5-Weekday-124000_SBS34_871,SBS34,d0,15,21:02:00,21:02:00,903027,12.0,1
MQ_A5-Weekday-066600_SBS34_867,SBS34,d0,1,11:06:00,11:06:00,803131,2.0,1
MQ_A5-Weekday-066600_SBS34_867,SBS34,d0,2,11:07:19,11:07:19,403191,4.0,1
MQ_A5-Weekday-066600_SBS34_867,SBS34,d0,3,11:09:14,11:09:14,403192,3.0,1
MQ_A5-Weekday-066600_SBS34_867,SBS34,d0,4,11:11:03,11:11:03,401818,9.0,2
MQ_A5-Weekday-066600_SBS34_867,SBS34,d0,5,11:12:39,11:12:39,401819,18.0,2
MQ_A5-Weekday-066600_SBS34_867,SBS34,d0,6,11:14:00,11:14:00,404820,27.0,3
MQ_A5-Weekday-066600_SBS34_867,SBS34,d0,7,11:16:20,11:16:20,401821,38.0,3
MQ_A5-Weekday-066600_SBS34_867,SBS34,d0,8,11:18:38,11:18:38,401822,37.0,3
MQ_A5-Weekday-066600_SBS34_867,SBS34,d0,9,11:20:48,11:20:48,401824,36.0,3
MQ_A5-Weekday-066600_SBS34_867,SBS34,d0,10,11:22:56,11:22:56,401826,36.0,3
MQ_A5-Weekday-066600_SBS34_867,SBS34,d0,11,11:24:00,11:24:00,401827,27.0,2
MQ_A5-Weekday-066600_SBS34_867,SBS34,d0,12,11:25:08,11:25:08,404950,17.0,2
MQ_A5-Weekday-066600_SBS34_867,SBS34,d0,13,11:26:00,11:26:00,903028,17.0,2
MQ_A5-Weekday-064200_SBS34_866,SBS34,d0,1,10:42:00,10:42:00,401497,14.0,2
MQ_A5-Weekday-064200_SBS34_866,SBS34,d0,2,10:43:29,10:43:29,405026,18.0,2
MQ_A5-Weekday-064200_SBS34_866,SBS34,d0,3,10:46:51,10:46:51,401818,18.0,2
MQ_A5-Weekday-064200_SBS34_866,SBS34,d0,4,10:48:34,10:48:34,401819,24.0,2
MQ_A5-Weekday-064200_SBS34_866,SBS34,d0,5,10:50:00,10:50:00,404820,31.0,3
MQ_A5-Weekday-064200_SBS34_866,SBS34,d0,6,10:52:20,10:52:20,401821,38.0,3
MQ_A5-Weekday-064200_SBS34_866,SBS34,d0,7,10:54:38,10:54:38,401822,36.0,3
MQ_A5-Weekday-064200_SBS34_866,SBS34,d0,8,10:56:48,10:56:48,401824,30.0,2
MQ_A5-Weekday-064200_SBS34_866,SBS34,d0,9,10:58:56,10:58:56,401826,30.0,2
MQ_A5-Weekday-064200_SBS34_866,SBS34,d0,10,11:00:00,11:00:00,401827,26.0,2
MQ_A5-Weekday-064200_SBS34_866,SBS34,d0,11,11:02:46,11:02:46,405336,15.0,1
MQ_A5-Weekday-064200_SBS34_866,SBS34,d0,12,11:05:17,11:05:17,401832,3.0,1
MQ_A5-Weekday-064200_SBS34_866,SBS34,d0,13,11:06:33,11:06:33,401833,5.0,1
MQ_A5-Weekday-064200_SBS34_866,SBS34,d0,14,11:08:08,11:08:08,402052,5.0,1
MQ_A5-Weekday-064200_SBS34_866,SBS34,d0,15,11:10:00,11:10:00,903027,5.0,1
MQ_A5-Weekday-SDon-094400_SBS34_863,SBS34,d0,1,15:44:00,15:44:00,401497,15.0,1
MQ_A5-Weekday-SDon-094400_SBS34_863,SBS34,d0,2,15:45:17,15:45:17,405026,15.0,1
MQ_A5-Weekday-SDon-094400_SBS34_863,SBS34,d0,3,15:48:15,15:48:15,401818,15.0,2
MQ_A5-Weekday-SDon-094400_SBS34_863,SBS34,d0,4,15:49:44,15:49:44,401819,27.0,3
MQ_A5-Weekday-SDon-094400_SBS34_863,SBS34,d0,5,15:51:00,15:51:00,404820,43.0,3
MQ_A5-Weekday-SDon-094400_SBS34_863,SBS34,d0,6,15:53:20,15:53:20,401821,48.0,3
MQ_A5-Weekday-SDon-094400_SBS34_863,SBS34,d0,7,15:55:38,15:55:38,401822,48.0,3
MQ_A5-Weekday-SDon-094400_SBS34_863,SBS34,d0,8,15:57:48,15:57:48,401824,32.0,2
MQ_A5-Weekday-SDon-094400_SBS34_863,SBS34,d0,9,15:59:56,15:59:56,401826,17.0,2
MQ_A5-Weekday-SDon-094400_SBS34_863,SBS34,d0,10,16:01:00,16:01:00,401827,16.0,1
MQ_A5-Weekday-SDon-094400_SBS34_863,SBS34,d0,11,16:03:46,16:03:46,405336,13.0,1
MQ_A5-Weekday-SDon-094400_SBS34_863,SBS34,d0,12,16:06:17,16:06:17,401832,1.0,1
MQ_A5-Weekday-SDon-094400_SBS34_863,SBS34,d0,13,16:07:33,16:07:33,401833,15.0,1
MQ_A5-Weekday-SDon-094400_SBS34_863,SBS34,d0,14,16:09:08,16:09:08,402052,15.0,1
MQ_A5-Weekday-SDon-094400_SBS34_863,SBS34,d0,15,16:11:00,16:11:00,903027,15.0,1
MQ_A5-Weekday-SDon-089700_SBS34_873,SBS34,d0,1,14:57:00,14:57:00,401497,38.0,3
MQ_A5-Weekday-SDon-089700_SBS34_873,SBS34,d0,2,14:58:17,14:58:17,405026,38.0,3
MQ_A5-Weekday-SDon-089700_SBS34_873,SBS34,d0,3,15:01:15,15:01:15,401818,38.0,3
MQ_A5-Weekday-SDon-089700_SBS34_873,SBS34,d0,4,15:02:44,15:02:44,401819,38.0,3
MQ_A5-Weekday-SDon-089700_SBS34_873,SBS34,d0,5,15:04:00,15:04:00,404820,38.0,3
MQ_A5-Weekday-SDon-089700_SBS34_873,SBS34,d0,6,15:06:20,15:06:20,401821,38.0,3
MQ_A5-Weekday-SDon-089700_SBS34_873,SBS34,d0,7,15:08:38,15:08:38,401822,38.0,3
MQ_A5-Weekday-SDon-089700_SBS34_873,SBS34,d0,8,15:10:48,15:10:48,401824,38.0,3
MQ_A5-Weekday-SDon-089700_SBS34_873,SBS34,d0,9,15:12:56,15:12:56,401826,26.0,2
MQ_A5-Weekday-SDon-089700_SBS34_873,SBS34,d0,10,15:14:00,15:14:00,401827,26.0,2
MQ_A5-Weekday-SDon-089700_SBS34_873,SBS34,d0,11,15:16:46,15:16:46,405336,9.0,1
MQ_A5-Weekday-SDon-089700_SBS34_873,SBS34,d0,12,15:19:17,15:19:17,401832,14.0,1
MQ_A5-Weekday-SDon-089700_SBS34_873,SBS34,d0,13,15:20:33,15:20:33,401833,14.0,1
MQ_A5-Weekday-SDon-089700_SBS34_873,SBS34,d0,14,15:22:08,15:22:08,402052,14.0,1
MQ_A5-Weekday-SDon-089700_SBS34_873,SBS34,d0,15,15:24:00,15:24:00,903027,14.0,1
MQ_A5-Weekday-095700_SBS34_860,SBS34,d0,1,15:57:00,15:57:00,803131,17.0,2
MQ_A5-Weekday-095700_SBS34_860,SBS34,d0,2,15:58:29,15:58:29,403191,17.0,2
MQ_A5-Weekday-095700_SBS34_860,SBS34,d0,3,16:00:38,16:00:38,403192,17.0,2
MQ_A5-Weekday-095700_SBS34_860,SBS34,d0,4,16:02:41,16:02:41,401818,17.0,2
MQ_A5-Weekday-095700_SBS34_860,SBS34,d0,5,16:04:29,16:04:29,401819,17.0,2
MQ_A5-Weekday-095700_SBS34_860,SBS34,d0,6,16:06:00,16:06:00,404820,17.0,2
MQ_A5-Weekday-095700_SBS34_860,SBS34,d0,7,16:08:20,16:08:20,401821,17.0,2
MQ_A5-Weekday-095700_SBS34_860,SBS34,d0,8,16:10:38,16:10:38,401822,17.0,2
MQ_A5-Weekday-095700_SBS34_860,SBS34,d0,9,16:12:48,16:12:48,401824,17.0,2
MQ_A5-Weekday-095700_SBS34_860,SBS34,d0,10,16:14:56,16:14:56,401826,17.0,2
MQ_A5-Weekday-095700_SBS34_860,SBS34,d0,11,16:16:00,16:16:00,401827,17.0,2
MQ_A5-Weekday-095700_SBS34_860,SBS34,d0,12,16:18:46,16:18:46,405336,17.0,2
MQ_A5-Weekday-095700_SBS34_860,SBS34,d0,13,16:21:17,16:21:17,401832,17.0,2
MQ_A5-Weekday-095700_SBS34_860,SBS34,d0,14,16:22:33,16:22:33,401833,17.0,2
MQ_A5-Weekday-095700_SBS34_860,SBS34,d0,15,16:24:08,16:24:08,402052,13.0,1
MQ_A5-Weekday-095700_SBS34_860,SBS34,d0,16,16:26:00,16:26:00,903027,13.0,1
MQ_A5-Weekday-SDon-144300_SBS34_874,SBS34,d0,1,24:03:00,24:03:00,401497,4.0,1
MQ_A5-Weekday-SDon-144300_SBS34_874,SBS34,d0,2,24:04:06,24:04:06,405026,4.0,1
MQ_A5-Weekday-SDon-144300_SBS34_874,SBS34,d0,3,24:06:38,24:06:38,401818,8.0,1
MQ_A5-Weekday-SDon-144300_SBS34_874,SBS34,d0,4,24:07:55,24:07:55,401819,13.0,2
MQ_A5-Weekday-SDon-144300_SBS34_874,SBS34,d0,5,24:09:00,24:09:00,404820,18.0,2
MQ_A5-Weekday-SDon-144300_SBS34_874,SBS34,d0,6,24:10:38,24:10:38,401821,18.0,2
MQ_A5-Weekday-SDon-144300_SBS34_874,SBS34,d0,7,24:12:15,24:12:15,401822,20.0,2
MQ_A5-Weekday-SDon-144300_SBS34_874,SBS34,d0,8,24:13:46,24:13:46,401824,17.0,2
MQ_A5-Weekday-SDon-144300_SBS34_874,SBS34,d0,9,24:15:15,24:15:15,401826,7.0,1
MQ_A5-Weekday-SDon-144300_SBS34_874,SBS34,d0,10,24:16:00,24:16:00,401827,9.0,1
MQ_A5-Weekday-SDon-144300_SBS34_874,SBS34,d0,11,24:17:56,24:17:56,405336,6.0,1
MQ_A5-Weekday-SDon-144300_SBS34_874,SBS34,d0,12,24:19:42,24:19:42,401832,6.0,1
MQ_A5-Weekday-SDon-144300_SBS34_874,SBS34,d0,13,24:20:35,24:20:35,401833,4.0,1
MQ_A5-Weekday-SDon-144300_SBS34_874,SBS34,d0,14,24:21:42,24:21:42,402052,2.0,1
MQ_A5-Weekday-SDon-144300_SBS34_874,SBS34,d0,15,24:23:00,24:23:00,903027,2.0,1
MQ_A5-Weekday-124800_SBS34_875,SBS34,d0,1,20:48:00,20:48:00,803131,6.0,1
MQ_A5-Weekday-124800_SBS34_875,SBS34,d0,2,20:49:09,20:49:09,403191,6.0,1
MQ_A5-Weekday-124800_SBS34_875,SBS34,d0,3,20:50:50,20:50:50,403192,6.0,1
MQ_A5-Weekday-124800_SBS34_875,SBS34,d0,4,20:52:25,20:52:25,401818,10.0,1
MQ_A5-Weekday-124800_SBS34_875,SBS34,d0,5,20:53:49,20:53:49,401819,10.0,1
MQ_A5-Weekday-124800_SBS34_875,SBS34,d0,6,20:55:00,20:55:00,404820,10.0,1
MQ_A5-Weekday-124800_SBS34_875,SBS34,d0,7,20:56:52,20:56:52,401821,11.0,1
MQ_A5-Weekday-124800_SBS34_875,SBS34,d0,8,20:58:43,20:58:43,401822,11.0,1
MQ_A5-Weekday-124800_SBS34_875,SBS34,d0,9,21:00:27,21:00:27,401824,11.0,1
MQ_A5-Weekday-124800_SBS34_875,SBS34,d0,10,21:02:09,21:02:09,401826,11.0,1
MQ_A5-Weekday-124800_SBS34_875,SBS34,d0,11,21:03:00,21:03:00,401827,11.0,1
MQ_A5-Weekday-124800_SBS34_875,SBS34,d0,12,21:03:34,21:03:34,404950,11.0,1
MQ_A5-Weekday-124800_SBS34_875,SBS34,d0,13,21:04:00,21:04:00,903028,11.0,1
MQ_A5-Weekday-SDon-107100_SBS34_867,SBS34,d0,1,17:51:00,17:51:00,803131,2.0,1
MQ_A5-Weekday-SDon-107100_SBS34_867,SBS34,d0,2,17:52:19,17:52:19,403191,10.0,2
MQ_A5-Weekday-SDon-107100_SBS34_867,SBS34,d0,3,17:54:14,17:54:14,403192,30.0,3
MQ_A5-Weekday-SDon-107100_SBS34_867,SBS34,d0,4,17:56:03,17:56:03,401818,35.0,3
MQ_A5-Weekday-SDon-107100_SBS34_867,SBS34,d0,5,17:57:39,17:57:39,401819,35.0,3
MQ_A5-Weekday-SDon-107100_SBS34_867,SBS34,d0,6,17:59:00,17:59:00,404820,35.0,3
MQ_A5-Weekday-SDon-107100_SBS34_867,SBS34,d0,7,18:01:06,18:01:06,401821,47.0,3
MQ_A5-Weekday-SDon-107100_SBS34_867,SBS34,d0,8,18:03:10,18:03:10,401822,47.0,3
MQ_A5-Weekday-SDon-107100_SBS34_867,SBS34,d0,9,18:05:08,18:05:08,401824,23.0,3
MQ_A5-Weekday-SDon-107100_SBS34_867,SBS34,d0,10,18:07:02,18:07:02,401826,37.0,3
MQ_A5-Weekday-SDon-107100_SBS34_867,SBS34,d0,11,18:08:00,18:08:00,401827,37.0,3
MQ_A5-Weekday-SDon-107100_SBS34_867,SBS34,d0,12,18:09:08,18:09:08,404950,5.0,1
MQ_A5-Weekday-SDon-107100_SBS34_867,SBS34,d0,13,18:10:00,18:10:00,903028,5.0,1
MQ_A5-Weekday-073500_SBS34_854,SBS34,d0,1,12:15:00,12:15:00,401497,36.0,3
MQ_A5-Weekday-073500_SBS34_854,SBS34,d0,2,12:16:29,12:16:29,405026,36.0,3
MQ_A5-Weekday-073500_SBS34_854,SBS34,d0,3,12:19:51,12:19:51,401818,36.0,3
MQ_A5-Weekday-073500_SBS34_854,SBS34,d0,4,12:21:34,12:21:34,401819,36.0,3
MQ_A5-Weekday-073500_SBS34_854,SBS34,d0,5,12:23:00,12:23:00,404820,36.0,3
MQ_A5-Weekday-073500_SBS34_854,SBS34,d0,6,12:25:20,12:25:20,401821,36.0,3
MQ_A5-Weekday-073500_SBS34_854,SBS34,d0,7,12:27:38,12:27:38,401822,36.0,3
MQ_A5-Weekday-073500_SBS34_854,SBS34,d0,8,12:29:48,12:29:48,401824,36.0,3
MQ_A5-Weekday-073500_SBS34_854,SBS34,d0,9,12:31:56,12:31:56,401826,36.0,3
MQ_A5-Weekday-073500_SBS34_854,SBS34,d0,10,12:33:00,12:33:00,401827,36.0,3
MQ_A5-Weekday-073500_SBS34_854,SBS34,d0,11,12:36:02,12:36:02,405336,36.0,3
MQ_A5-Weekday-073500_SBS34_854,SBS34,d0,12,12:38:48,12:38:48,401832,12.0,1
MQ_A5-Weekday-073500_SBS34_854,SBS34,d0,13,12:40:13,12:40:13,401833,11.0,1
MQ_A5-Weekday-073500_SBS34_854,SBS34,d0,14,12:41:57,12:41:57,402052,11.0,1
MQ_A5-Weekday-073500_SBS34_854,SBS34,d0,15,12:44:00,12:44:00,903027,11.0,1
MQ_A5-Weekday-SDon-052800_SBS34_853,SBS34,d0,1,8:48:00,8:48:00,803131,2.0,1
MQ_A5-Weekday-SDon-052800_SBS34_853,SBS34,d0,2,8:49:19,8:49:19,403191,3.0,1
MQ_A5-Weekday-SDon-052800_SBS34_853,SBS34,d0,3,8:51:14,8:51:14,403192,9.0,1
MQ_A5-Weekday-SDon-052800_SBS34_853,SBS34,d0,4,8:53:03,8:53:03,401818,10.0,3
MQ_A5-Weekday-SDon-052800_SBS34_853,SBS34,d0,5,8:54:39,8:54:39,401819,47.0,3
MQ_A5-Weekday-SDon-052800_SBS34_853,SBS34,d0,6,8:56:00,8:56:00,404820,47.0,3
MQ_A5-Weekday-SDon-052800_SBS34_853,SBS34,d0,7,8:58:20,8:58:20,401821,15.0,4
MQ_A5-Weekday-SDon-052800_SBS34_853,SBS34,d0,8,9:00:38,9:00:38,401822,49.0,4
MQ_A5-Weekday-SDon-052800_SBS34_853,SBS34,d0,9,9:02:48,9:02:48,401824,36.0,3
MQ_A5-Weekday-SDon-052800_SBS34_853,SBS34,d0,10,9:04:56,9:04:56,401826,19.0,2
MQ_A5-Weekday-SDon-052800_SBS34_853,SBS34,d0,11,9:06:00,9:06:00,401827,10.0,2
MQ_A5-Weekday-SDon-052800_SBS34_853,SBS34,d0,12,9:07:08,9:07:08,404950,19.0,2
MQ_A5-Weekday-SDon-052800_SBS34_853,SBS34,d0,13,9:08:00,9:08:00,903028,19.0,2
MQ_A5-Weekday-131900_SBS34_871,SBS34,d0,1,21:59:00,21:59:00,401497,9.0,1
MQ_A5-Weekday-131900_SBS34_871,SBS34,d0,2,22:00:06,22:00:06,405026,2.0,1
MQ_A5-Weekday-131900_SBS34_871,SBS34,d0,3,22:02:38,22:02:38,401818,10.0,2
MQ_A5-Weekday-131900_SBS34_871,SBS34,d0,4,22:03:55,22:03:55,401819,30.0,3
MQ_A5-Weekday-131900_SBS34_871,SBS34,d0,5,22:05:00,22:05:00,404820,37.0,4
MQ_A5-Weekday-131900_SBS34_871,SBS34,d0,6,22:06:38,22:06:38,401821,60.0,4
MQ_A5-Weekday-131900_SBS34_871,SBS34,d0,7,22:08:15,22:08:15,401822,64.0,4
MQ_A5-Weekday-131900_SBS34_871,SBS34,d0,8,22:09:46,22:09:46,401824,57.0,4
MQ_A5-Weekday-131900_SBS34_871,SBS34,d0,9,22:11:15,22:11:15,401826,47.0,3
MQ_A5-Weekday-131900_SBS34_871,SBS34,d0,10,22:12:00,22:12:00,401827,11.0,1
MQ_A5-Weekday-131900_SBS34_871,SBS34,d0,11,22:14:12,22:14:12,405336,3.0,1
MQ_A5-Weekday-131900_SBS34_871,SBS34,d0,12,22:16:13,22:16:13,401832,5.0,1
MQ_A5-Weekday-131900_SBS34_871,SBS34,d0,13,22:17:15,22:17:15,401833,1.0,1
MQ_A5-Weekday-131900_SBS34_871,SBS34,d0,14,22:18:31,22:18:31,402052,3.0,1
MQ_A5-Weekday-131900_SBS34_871,SBS34,d0,15,22:20:00,22:20:00,903027,3.0,1
MQ_A5-Weekday-084100_SBS34_864,SBS34,d0,1,14:01:00,14:01:00,803131,2.0,1
MQ_A5-Weekday-084100_SBS34_864,SBS34,d0,2,14:02:29,14:02:29,403191,5.0,1
MQ_A5-Weekday-084100_SBS34_864,SBS34,d0,3,14:04:38,14:04:38,403192,12.0,2
MQ_A5-Weekday-084100_SBS34_864,SBS34,d0,4,14:06:41,14:06:41,401818,26.0,2
MQ_A5-Weekday-084100_SBS34_864,SBS34,d0,5,14:08:29,14:08:29,401819,26.0,2
MQ_A5-Weekday-084100_SBS34_864,SBS34,d0,6,14:10:00,14:10:00,404820,26.0,2
MQ_A5-Weekday-084100_SBS34_864,SBS34,d0,7,14:12:34,14:12:34,401821,22.0,2
MQ_A5-Weekday-084100_SBS34_864,SBS34,d0,8,14:15:06,14:15:06,401822,22.0,2
MQ_A5-Weekday-084100_SBS34_864,SBS34,d0,9,14:17:29,14:17:29,401824,22.0,2
MQ_A5-Weekday-084100_SBS34_864,SBS34,d0,10,14:19:49,14:19:49,401826,22.0,2
MQ_A5-Weekday-084100_SBS34_864,SBS34,d0,11,14:21:00,14:21:00,401827,22.0,2
MQ_A5-Weekday-084100_SBS34_864,SBS34,d0,12,14:22:08,14:22:08,404950,22.0,2
MQ_A5-Weekday-084100_SBS34_864,SBS34,d0,13,14:23:00,14:23:00,903028,22.0,2
MQ_A5-Weekday-130800_SBS34_876,SBS34,d0,1,21:48:00,21:48:00,803131,4.0,1
MQ_A5-Weekday-130800_SBS34_876,SBS34,d0,2,21:49:09,21:49:09,403191,4.0,1
MQ_A5-Weekday-130800_SBS34_876,SBS34,d0,3,21:50:50,21:50:50,403192,4.0,1
MQ_A5-Weekday-130800_SBS34_876,SBS34,d0,4,21:52:25,21:52:25,401818,4.0,1
MQ_A5-Weekday-130800_SBS34_876,SBS34,d0,5,21:53:49,21:53:49,401819,12.0,1
MQ_A5-Weekday-130800_SBS34_876,SBS34,d0,6,21:55:00,21:55:00,404820,12.0,2
MQ_A5-Weekday-130800_SBS34_876,SBS34,d0,7,21:56:38,21:56:38,401821,17.0,2
MQ_A5-Weekday-130800_SBS34_876,SBS34,d0,8,21:58:15,21:58:15,401822,17.0,2
MQ_A5-Weekday-130800_SBS34_876,SBS34,d0,9,21:59:46,21:59:46,401824,15.0,1
MQ_A5-Weekday-130800_SBS34_876,SBS34,d0,10,22:01:15,22:01:15,401826,15.0,1
MQ_A5-Weekday-130800_SBS34_876,SBS34,d0,11,22:02:00,22:02:00,401827,15.0,1
MQ_A5-Weekday-130800_SBS34_876,SBS34,d0,12,22:02:34,22:02:34,404950,10.0,1
MQ_A5-Weekday-130800_SBS34_876,SBS34,d0,13,22:03:00,22:03:00,903028,10.0,1
MQ_A5-Weekday-070000_SBS34_853,SBS34,d0,1,11:40:00,11:40:00,803131,9.0,1
MQ_A5-Weekday-070000_SBS34_853,SBS34,d0,2,11:41:19,11:41:19,403191,9.0,1
MQ_A5-Weekday-070000_SBS34_853,SBS34,d0,3,11:43:14,11:43:14,403192,3.0,1
MQ_A5-Weekday-070000_SBS34_853,SBS34,d0,4,11:45:03,11:45:03,401818,3.0,1
MQ_A5-Weekday-070000_SBS34_853,SBS34,d0,5,11:46:39,11:46:39,401819,5.0,1
MQ_A5-Weekday-070000_SBS34_853,SBS34,d0,6,11:48:00,11:48:00,404820,8.0,1
MQ_A5-Weekday-070000_SBS34_853,SBS34,d0,7,11:50:20,11:50:20,401821,12.0,1
MQ_A5-Weekday-070000_SBS34_853,SBS34,d0,8,11:52:38,11:52:38,401822,8.0,1
MQ_A5-Weekday-070000_SBS34_853,SBS34,d0,9,11:54:48,11:54:48,401824,8.0,1
MQ_A5-Weekday-070000_SBS34_853,SBS34,d0,10,11:56:56,11:56:56,401826,4.0,1
MQ_A5-Weekday-070000_SBS34_853,SBS34,d0,11,11:58:00,11:58:00,401827,3.0,1
MQ_A5-Weekday-070000_SBS34_853,SBS34,d0,12,11:59:08,11:59:08,404950,3.0,1
MQ_A5-Weekday-070000_SBS34_853,SBS34,d0,13,12:00:00,12:00:00,903028,3.0,1
MQ_A5-Weekday-060000_SBS34_855,SBS34,d0,1,10:00:00,10:00:00,803131,1.0,1
MQ_A5-Weekday-060000_SBS34_855,SBS34,d0,2,10:01:19,10:01:19,403191,3.0,1
MQ_A5-Weekday-060000_SBS34_855,SBS34,d0,3,10:03:14,10:03:14,403192,3.0,1
MQ_A5-Weekday-060000_SBS34_855,SBS34,d0,4,10:05:03,10:05:03,401818,3.0,1
MQ_A5-Weekday-060000_SBS34_855,SBS34,d0,5,10:06:39,10:06:39,401819,8.0,1
MQ_A5-Weekday-060000_SBS34_855,SBS34,d0,6,10:08:00,10:08:00,404820,7.0,2
MQ_A5-Weekday-060000_SBS34_855,SBS34,d0,7,10:10:20,10:10:20,401821,17.0,2
MQ_A5-Weekday-060000_SBS34_855,SBS34,d0,8,10:12:38,10:12:38,401822,17.0,2
MQ_A5-Weekday-060000_SBS34_855,SBS34,d0,9,10:14:48,10:14:48,401824,11.0,1
MQ_A5-Weekday-060000_SBS34_855,SBS34,d0,10,10:16:56,10:16:56,401826,11.0,1
MQ_A5-Weekday-060000_SBS34_855,SBS34,d0,11,10:18:00,10:18:00,401827,14.0,1
MQ_A5-Weekday-060000_SBS34_855,SBS34,d0,12,10:19:08,10:19:08,404950,4.0,1
MQ_A5-Weekday-060000_SBS34_855,SBS34,d0,13,10:20:00,10:20:00,903028,4.0,1
MQ_A5-Weekday-087300_SBS34_866,SBS34,d0,1,14:33:00,14:33:00,401497,4.0,1
MQ_A5-Weekday-087300_SBS34_866,SBS34,d0,2,14:34:17,14:34:17,405026,4.0,1
MQ_A5-Weekday-087300_SBS34_866,SBS34,d0,3,14:37:15,14:37:15,401818,8.0,1
MQ_A5-Weekday-087300_SBS34_866,SBS34,d0,4,14:38:44,14:38:44,401819,8.0,3
MQ_A5-Weekday-087300_SBS34_866,SBS34,d0,5,14:40:00,14:40:00,404820,45.0,4
MQ_A5-Weekday-087300_SBS34_866,SBS34,d0,6,14:42:20,14:42:20,401821,60.0,4
MQ_A5-Weekday-087300_SBS34_866,SBS34,d0,7,14:44:38,14:44:38,401822,61.0,4
MQ_A5-Weekday-087300_SBS34_866,SBS34,d0,8,14:46:48,14:46:48,401824,61.0,4
MQ_A5-Weekday-087300_SBS34_866,SBS34,d0,9,14:48:56,14:48:56,401826,56.0,4
MQ_A5-Weekday-087300_SBS34_866,SBS34,d0,10,14:50:00,14:50:00,401827,36.0,3
MQ_A5-Weekday-087300_SBS34_866,SBS34,d0,11,14:52:46,14:52:46,405336,23.0,2
MQ_A5-Weekday-087300_SBS34_866,SBS34,d0,12,14:55:17,14:55:17,401832,23.0,2
MQ_A5-Weekday-087300_SBS34_866,SBS34,d0,13,14:56:33,14:56:33,401833,23.0,2
MQ_A5-Weekday-087300_SBS34_866,SBS34,d0,14,14:58:08,14:58:08,402052,6.0,1
MQ_A5-Weekday-087300_SBS34_866,SBS34,d0,15,15:00:00,15:00:00,903027,6.0,1
MQ_A5-Weekday-SDon-062400_SBS34_858,SBS34,d0,1,10:24:00,10:24:00,803131,7.0,1
MQ_A5-Weekday-SDon-062400_SBS34_858,SBS34,d0,2,10:25:19,10:25:19,403191,7.0,1
MQ_A5-Weekday-SDon-062400_SBS34_858,SBS34,d0,3,10:27:14,10:27:14,403192,7.0,1
MQ_A5-Weekday-SDon-062400_SBS34_858,SBS34,d0,4,10:29:03,10:29:03,401818,4.0,1
MQ_A5-Weekday-SDon-062400_SBS34_858,SBS34,d0,5,10:30:39,10:30:39,401819,9.0,2
MQ_A5-Weekday-SDon-062400_SBS34_858,SBS34,d0,6,10:32:00,10:32:00,404820,18.0,2
MQ_A5-Weekday-SDon-062400_SBS34_858,SBS34,d0,7,10:34:20,10:34:20,401821,11.0,2
MQ_A5-Weekday-SDon-062400_SBS34_858,SBS34,d0,8,10:36:38,10:36:38,401822,31.0,2
MQ_A5-Weekday-SDon-062400_SBS34_858,SBS34,d0,9,10:38:48,10:38:48,401824,25.0,2
MQ_A5-Weekday-SDon-062400_SBS34_858,SBS34,d0,10,10:40:56,10:40:56,401826,22.0,2
MQ_A5-Weekday-SDon-062400_SBS34_858,SBS34,d0,11,10:42:00,10:42:00,401827,8.0,1
MQ_A5-Weekday-SDon-062400_SBS34_858,SBS34,d0,12,10:43:08,10:43:08,404950,1.0,1
MQ_A5-Weekday-SDon-062400_SBS34_858,SBS34,d0,13,10:44:00,10:44:00,903028,1.0,1
MQ_A5-Weekday-SDon-101800_SBS34_869,SBS34,d0,1,16:58:00,16:58:00,803131,1.0,5
MQ_A5-Weekday-SDon-101800_SBS34_869,SBS34,d0,2,16:59:19,16:59:19,403191,75.0,5
MQ_A5-Weekday-SDon-101800_SBS34_869,SBS34,d0,3,17:01:14,17:01:14,403192,75.0,5
MQ_A5-Weekday-SDon-101800_SBS34_869,SBS34,d0,4,17:03:03,17:03:03,401818,75.0,5
MQ_A5-Weekday-SDon-101800_SBS34_869,SBS34,d0,5,17:04:39,17:04:39,401819,75.0,5
MQ_A5-Weekday-SDon-101800_SBS34_869,SBS34,d0,6,17:06:00,17:06:00,404820,75.0,5
MQ_A5-Weekday-SDon-101800_SBS34_869,SBS34,d0,7,17:08:06,17:08:06,401821,75.0,5
MQ_A5-Weekday-SDon-101800_SBS34_869,SBS34,d0,8,17:10:10,17:10:10,401822,75.0,5
MQ_A5-Weekday-SDon-101800_SBS34_869,SBS34,d0,9,17:12:08,17:12:08,401824,64.0,4
MQ_A5-Weekday-SDon-101800_SBS34_869,SBS34,d0,10,17:14:02,17:14:02,401826,38.0,3
MQ_A5-Weekday-SDon-101800_SBS34_869,SBS34,d0,11,17:15:00,17:15:00,401827,38.0,3
MQ_A5-Weekday-SDon-101800_SBS34_869,SBS34,d0,12,17:17:46,17:17:46,405336,17.0,2
MQ_A5-Weekday-SDon-101800_SBS34_869,SBS34,d0,13,17:20:17,17:20:17,401832,17.0,2
MQ_A5-Weekday-SDon-101800_SBS34_869,SBS34,d0,14,17:21:33,17:21:33,401833,17.0,2
MQ_A5-Weekday-SDon-101800_SBS34_869,SBS34,d0,15,17:23:08,17:23:08,402052,17.0,2
MQ_A5-Weekday-SDon-101800_SBS34_869,SBS34,d0,16,17:25:00,17:25:00,903027,17.0,2
